qld_time,utc_time,ms,bids_usd,asks_usd,imbalance,total
2026-07-09 06:48,2026-07-08T20:48:00.000Z,1783543680000,180469727.2879,159357309.0255,0.0621,339827036
2026-07-09 06:49,2026-07-08T20:49:00.000Z,1783543740000,181253349.812,158997333.4247,0.0654,340250683
2026-07-09 06:50,2026-07-08T20:50:00.000Z,1783543800000,181362880.4387,159395657.947,0.0645,340758538
2026-07-09 06:51,2026-07-08T20:51:00.000Z,1783543860000,180417195.198,159831637.481,0.0605,340248833
2026-07-09 06:52,2026-07-08T20:52:00.000Z,1783543920000,170320743.0349,167123678.0182,0.0095,337444421
2026-07-09 06:53,2026-07-08T20:53:00.000Z,1783543980000,184232386.5914,157338482.8399,0.0787,341570869
2026-07-09 06:54,2026-07-08T20:54:00.000Z,1783544040000,190086609.3861,154337897.767,0.1038,344424507
2026-07-09 06:55,2026-07-08T20:55:00.000Z,1783544100000,184742597.6771,154498357.8226,0.0892,339240955
2026-07-09 06:56,2026-07-08T20:56:00.000Z,1783544160000,188704085.9714,150911002.0157,0.1113,339615088
2026-07-09 06:57,2026-07-08T20:57:00.000Z,1783544220000,184103581.9104,155788676.309,0.0833,339892258
2026-07-09 06:58,2026-07-08T20:58:00.000Z,1783544280000,183700581.5281,158670254.165,0.0731,342370836
2026-07-09 06:59,2026-07-08T20:59:00.000Z,1783544340000,181962732.2621,157727108.01,0.0713,339689840
2026-07-09 07:00,2026-07-08T21:00:00.000Z,1783544400000,178100780.8182,154392467.3358,0.0713,332493248
2026-07-09 07:01,2026-07-08T21:01:00.000Z,1783544460000,183460726.5122,152908781.0412,0.0908,336369508
2026-07-09 07:02,2026-07-08T21:02:00.000Z,1783544520000,185402010.7184,152766608.2323,0.0965,338168619
2026-07-09 07:03,2026-07-08T21:03:00.000Z,1783544580000,177784017.0998,149220644.771,0.0873,327004662
2026-07-09 07:04,2026-07-08T21:04:00.000Z,1783544640000,178994523.4061,160283555.8562,0.0551,339278079
2026-07-09 07:05,2026-07-08T21:05:00.000Z,1783544700000,182295060.4601,158660538.8295,0.0693,340955599
2026-07-09 07:06,2026-07-08T21:06:00.000Z,1783544760000,181130448.1777,160272743.2307,0.0611,341403191
2026-07-09 07:07,2026-07-08T21:07:00.000Z,1783544820000,185263793.8288,158082017.812,0.0792,343345812
2026-07-09 07:08,2026-07-08T21:08:00.000Z,1783544880000,185495926.8891,155062587.409,0.0894,340558514
2026-07-09 07:09,2026-07-08T21:09:00.000Z,1783544940000,189574128.6152,155875327.1893,0.0976,345449456
2026-07-09 07:10,2026-07-08T21:10:00.000Z,1783545000000,178440858.2149,152091293.7023,0.0797,330532152
2026-07-09 07:11,2026-07-08T21:11:00.000Z,1783545060000,185675844.8914,144834298.2553,0.1236,330510143
2026-07-09 07:12,2026-07-08T21:12:00.000Z,1783545120000,180265014.703,149281565.4385,0.0940,329546580
2026-07-09 07:13,2026-07-08T21:13:00.000Z,1783545180000,186482782.5181,136720226.1891,0.1540,323203009
2026-07-09 07:14,2026-07-08T21:14:00.000Z,1783545240000,183555803.8637,141593150.7267,0.1291,325148955
2026-07-09 07:15,2026-07-08T21:15:00.000Z,1783545300000,179782902.2873,144001541.4699,0.1105,323784444
2026-07-09 07:16,2026-07-08T21:16:00.000Z,1783545360000,177771288.4178,144470469.7821,0.1033,322241758
2026-07-09 07:17,2026-07-08T21:17:00.000Z,1783545420000,179366204.2764,144173192.095,0.1088,323539396
2026-07-09 07:18,2026-07-08T21:18:00.000Z,1783545480000,174839526.3627,151381595.4254,0.0719,326221122
2026-07-09 07:19,2026-07-08T21:19:00.000Z,1783545540000,175627710.2876,147859853.2999,0.0858,323487564
2026-07-09 07:20,2026-07-08T21:20:00.000Z,1783545600000,177009822.1124,146989507.5968,0.0927,323999330
2026-07-09 07:21,2026-07-08T21:21:00.000Z,1783545660000,176267539.4936,147128170.5813,0.0901,323395710
2026-07-09 07:22,2026-07-08T21:22:00.000Z,1783545720000,176596508.6812,154945431.19,0.0653,331541940
2026-07-09 07:23,2026-07-08T21:23:00.000Z,1783545780000,176910431.5792,157764197.259,0.0572,334674629
2026-07-09 07:24,2026-07-08T21:24:00.000Z,1783545840000,176140229.1438,156481078.0707,0.0591,332621307
2026-07-09 07:25,2026-07-08T21:25:00.000Z,1783545900000,176883808.5717,156179858.654,0.0622,333063667
2026-07-09 07:26,2026-07-08T21:26:00.000Z,1783545960000,175784792.7201,153123867.9853,0.0689,328908661
2026-07-09 07:27,2026-07-08T21:27:00.000Z,1783546020000,172388696.2062,147735598.4503,0.0770,320124295
2026-07-09 07:28,2026-07-08T21:28:00.000Z,1783546080000,173123820.3386,149093423.6988,0.0746,322217244
2026-07-09 07:29,2026-07-08T21:29:00.000Z,1783546140000,173140863.6277,146705005.2128,0.0827,319845869
2026-07-09 07:30,2026-07-08T21:30:00.000Z,1783546200000,168507524.6804,148799928.6276,0.0621,317307453
2026-07-09 07:31,2026-07-08T21:31:00.000Z,1783546260000,166953830.1085,149417839.8089,0.0554,316371670
2026-07-09 07:32,2026-07-08T21:32:00.000Z,1783546320000,164594893.9975,148366676.7437,0.0519,312961571
2026-07-09 07:33,2026-07-08T21:33:00.000Z,1783546380000,163247400.0449,145703395.6818,0.0568,308950796
2026-07-09 07:34,2026-07-08T21:34:00.000Z,1783546440000,171593647.1064,147080053.3172,0.0769,318673700
2026-07-09 07:35,2026-07-08T21:35:00.000Z,1783546500000,172285789.1633,147802532.9323,0.0765,320088322
2026-07-09 07:36,2026-07-08T21:36:00.000Z,1783546560000,177547279.2968,136186430.3577,0.1318,313733710
2026-07-09 07:37,2026-07-08T21:37:00.000Z,1783546620000,174701220.8458,147697906.0194,0.0838,322399127
2026-07-09 07:38,2026-07-08T21:38:00.000Z,1783546680000,165987173.9716,154139186.5481,0.0370,320126361
2026-07-09 07:39,2026-07-08T21:39:00.000Z,1783546740000,169784607.142,152028477.18,0.0552,321813084
2026-07-09 07:40,2026-07-08T21:40:00.000Z,1783546800000,168336337.6362,150377033.2807,0.0563,318713371
2026-07-09 07:41,2026-07-08T21:41:00.000Z,1783546860000,168586111.4237,152659334.7936,0.0496,321245446
2026-07-09 07:42,2026-07-08T21:42:00.000Z,1783546920000,170810205.6398,151805486.7861,0.0589,322615692
2026-07-09 07:43,2026-07-08T21:43:00.000Z,1783546980000,167915553.2101,150552074.2655,0.0545,318467627
2026-07-09 07:44,2026-07-08T21:44:00.000Z,1783547040000,172819623.3371,148299599.1888,0.0764,321119223
2026-07-09 07:45,2026-07-08T21:45:00.000Z,1783547100000,179275626.8003,145272357.7427,0.1048,324547985
2026-07-09 07:46,2026-07-08T21:46:00.000Z,1783547160000,164528267.0706,150611015.7769,0.0442,315139283
2026-07-09 07:47,2026-07-08T21:47:00.000Z,1783547220000,164624138.5307,151238197.5411,0.0424,315862336
2026-07-09 07:48,2026-07-08T21:48:00.000Z,1783547280000,163204167.4596,156459549.3868,0.0211,319663717
2026-07-09 07:49,2026-07-08T21:49:00.000Z,1783547340000,165088142.0573,156587762.9338,0.0264,321675905
2026-07-09 07:50,2026-07-08T21:50:00.000Z,1783547400000,165887743.0286,151568284.4181,0.0451,317456027
2026-07-09 07:51,2026-07-08T21:51:00.000Z,1783547460000,167342025.6145,149156300.352,0.0575,316498326
2026-07-09 07:52,2026-07-08T21:52:00.000Z,1783547520000,166920354.3905,150636244.3343,0.0513,317556599
2026-07-09 07:53,2026-07-08T21:53:00.000Z,1783547580000,167255209.05,151606004.4681,0.0491,318861214
2026-07-09 07:54,2026-07-08T21:54:00.000Z,1783547640000,163219451.0288,148744228.6098,0.0464,311963680
2026-07-09 07:55,2026-07-08T21:55:00.000Z,1783547700000,155895028.5029,157308817.0233,-0.0045,313203846
2026-07-09 07:56,2026-07-08T21:56:00.000Z,1783547760000,153679548.6225,154906078.7164,-0.0040,308585627
2026-07-09 07:57,2026-07-08T21:57:00.000Z,1783547820000,160909599.5844,156501005.9104,0.0139,317410605
2026-07-09 07:58,2026-07-08T21:58:00.000Z,1783547880000,160028243.4325,157011518.1025,0.0095,317039762
2026-07-09 07:59,2026-07-08T21:59:00.000Z,1783547940000,180802993.3051,153644903.94,0.0812,334447897
2026-07-09 08:00,2026-07-08T22:00:00.000Z,1783548000000,171196333.3727,149203474.624,0.0686,320399808
2026-07-09 08:01,2026-07-08T22:01:00.000Z,1783548060000,164680885.709,163261286.2609,0.0043,327942172
2026-07-09 08:02,2026-07-08T22:02:00.000Z,1783548120000,167027244.5322,162180900.3597,0.0147,329208145
2026-07-09 08:03,2026-07-08T22:03:00.000Z,1783548180000,157731575.3451,165896989.0975,-0.0252,323628564
2026-07-09 08:04,2026-07-08T22:04:00.000Z,1783548240000,159342125.1043,166926307.2781,-0.0232,326268432
2026-07-09 08:05,2026-07-08T22:05:00.000Z,1783548300000,164713678.8152,161299498.911,0.0105,326013178
2026-07-09 08:06,2026-07-08T22:06:00.000Z,1783548360000,166494310.6166,159820856.5277,0.0205,326315167
2026-07-09 08:07,2026-07-08T22:07:00.000Z,1783548420000,159227406.3536,170851209.377,-0.0352,330078616
2026-07-09 08:08,2026-07-08T22:08:00.000Z,1783548480000,170784156.4207,159679393.1769,0.0336,330463550
2026-07-09 08:09,2026-07-08T22:09:00.000Z,1783548540000,175444067.3618,151780080.7904,0.0723,327224148
2026-07-09 08:10,2026-07-08T22:10:00.000Z,1783548600000,173370264.0096,155629681.235,0.0539,328999945
2026-07-09 08:11,2026-07-08T22:11:00.000Z,1783548660000,173259090.7211,153141569.9273,0.0616,326400661
2026-07-09 08:12,2026-07-08T22:12:00.000Z,1783548720000,166209587.3457,156976489.5099,0.0286,323186077
2026-07-09 08:13,2026-07-08T22:13:00.000Z,1783548780000,171785933.071,155889096.9818,0.0485,327675030
2026-07-09 08:14,2026-07-08T22:14:00.000Z,1783548840000,178054758.4294,152396590.4076,0.0776,330451349
2026-07-09 08:15,2026-07-08T22:15:00.000Z,1783548900000,179774129.6674,153831797.4814,0.0778,333605927
2026-07-09 08:16,2026-07-08T22:16:00.000Z,1783548960000,171497698.0167,157222290.5197,0.0434,328719989
2026-07-09 08:17,2026-07-08T22:17:00.000Z,1783549020000,167639825.2954,157444868.6473,0.0314,325084694
2026-07-09 08:18,2026-07-08T22:18:00.000Z,1783549080000,170788122.0788,156043574.3088,0.0451,326831696
2026-07-09 08:19,2026-07-08T22:19:00.000Z,1783549140000,182602591.4875,149647981.2991,0.0992,332250573
2026-07-09 08:20,2026-07-08T22:20:00.000Z,1783549200000,176042631.0525,157315084.543,0.0562,333357716
2026-07-09 08:21,2026-07-08T22:21:00.000Z,1783549260000,180425075.4012,152036859.829,0.0854,332461935
2026-07-09 08:22,2026-07-08T22:22:00.000Z,1783549320000,175992637.4743,151624622.5992,0.0744,327617260
2026-07-09 08:23,2026-07-08T22:23:00.000Z,1783549380000,174917789.5388,157069793.9084,0.0538,331987583
2026-07-09 08:24,2026-07-08T22:24:00.000Z,1783549440000,173097086.364,157837877.7219,0.0461,330934964
2026-07-09 08:25,2026-07-08T22:25:00.000Z,1783549500000,164345613.2609,163745164.7206,0.0018,328090778
2026-07-09 08:26,2026-07-08T22:26:00.000Z,1783549560000,167380583.5426,161343542.2816,0.0184,328724126
2026-07-09 08:27,2026-07-08T22:27:00.000Z,1783549620000,172599615.8765,158101054.4586,0.0438,330700670
2026-07-09 08:28,2026-07-08T22:28:00.000Z,1783549680000,168961369.8678,159259789.3801,0.0296,328221159
2026-07-09 08:29,2026-07-08T22:29:00.000Z,1783549740000,168939053.129,160137145.5319,0.0267,329076199
2026-07-09 08:30,2026-07-08T22:30:00.000Z,1783549800000,161546807.2615,157728884.9551,0.0120,319275692
2026-07-09 08:31,2026-07-08T22:31:00.000Z,1783549860000,172508814.0008,155446286.5864,0.0520,327955101
2026-07-09 08:32,2026-07-08T22:32:00.000Z,1783549920000,168574658.2151,159471246.1223,0.0278,328045904
2026-07-09 08:33,2026-07-08T22:33:00.000Z,1783549980000,172026805.4401,157290566.8544,0.0447,329317372
2026-07-09 08:34,2026-07-08T22:34:00.000Z,1783550040000,167954550.2987,158448263.8666,0.0291,326402814
2026-07-09 08:35,2026-07-08T22:35:00.000Z,1783550100000,164853920.6894,162350136.2307,0.0077,327204057
2026-07-09 08:36,2026-07-08T22:36:00.000Z,1783550160000,170567963.5655,156363450.8292,0.0434,326931414
2026-07-09 08:37,2026-07-08T22:37:00.000Z,1783550220000,170017366.9746,158097914.6954,0.0363,328115282
2026-07-09 08:38,2026-07-08T22:38:00.000Z,1783550280000,172135755.0737,155290110.2274,0.0514,327425865
2026-07-09 08:39,2026-07-08T22:39:00.000Z,1783550340000,170477954.2692,157339074.649,0.0401,327817029
2026-07-09 08:40,2026-07-08T22:40:00.000Z,1783550400000,170490037.3494,156221323.4204,0.0437,326711361
2026-07-09 08:41,2026-07-08T22:41:00.000Z,1783550460000,164857550.7379,162894520.2168,0.0060,327752071
2026-07-09 08:42,2026-07-08T22:42:00.000Z,1783550520000,166000182.4093,161205700.0706,0.0147,327205882
2026-07-09 08:43,2026-07-08T22:43:00.000Z,1783550580000,165831804.4349,160298003.7435,0.0170,326129808
2026-07-09 08:44,2026-07-08T22:44:00.000Z,1783550640000,166590320.9287,159948085.2917,0.0203,326538406
2026-07-09 08:45,2026-07-08T22:45:00.000Z,1783550700000,165818590.4395,159458106.966,0.0196,325276697
2026-07-09 08:46,2026-07-08T22:46:00.000Z,1783550760000,165394208.2585,159614850.7203,0.0178,325009059
2026-07-09 08:47,2026-07-08T22:47:00.000Z,1783550820000,166189932.8026,157912155.1231,0.0255,324102088
2026-07-09 08:48,2026-07-08T22:48:00.000Z,1783550880000,167831600.348,158161735.8213,0.0297,325993336
2026-07-09 08:49,2026-07-08T22:49:00.000Z,1783550940000,167724707.9212,157554676.6698,0.0313,325279385
2026-07-09 08:50,2026-07-08T22:50:00.000Z,1783551000000,167038396.269,158420220.3531,0.0265,325458617
2026-07-09 08:51,2026-07-08T22:51:00.000Z,1783551060000,172853913.953,154863866.328,0.0549,327717780
2026-07-09 08:52,2026-07-08T22:52:00.000Z,1783551120000,169733906.8545,157363414.5728,0.0378,327097321
2026-07-09 08:53,2026-07-08T22:53:00.000Z,1783551180000,167238933.6292,160179970.2152,0.0216,327418904
2026-07-09 08:54,2026-07-08T22:54:00.000Z,1783551240000,172850442.7087,158106085.3958,0.0446,330956528
2026-07-09 08:55,2026-07-08T22:55:00.000Z,1783551300000,165665536.5991,149246287.8708,0.0521,314911824
2026-07-09 08:56,2026-07-08T22:56:00.000Z,1783551360000,168607773.2033,154555471.3164,0.0435,323163245
2026-07-09 08:57,2026-07-08T22:57:00.000Z,1783551420000,164652415.2867,157447637.4551,0.0224,322100053
2026-07-09 08:58,2026-07-08T22:58:00.000Z,1783551480000,164955566.0841,161064581.2623,0.0119,326020147
2026-07-09 08:59,2026-07-08T22:59:00.000Z,1783551540000,160999113.8235,162189494.2876,-0.0037,323188608
2026-07-09 09:00,2026-07-08T23:00:00.000Z,1783551600000,154613698.2787,161931442.2859,-0.0231,316545141
2026-07-09 09:01,2026-07-08T23:01:00.000Z,1783551660000,165638745.6066,157921159.7639,0.0239,323559905
2026-07-09 09:02,2026-07-08T23:02:00.000Z,1783551720000,164030928.7572,159845106.1082,0.0129,323876035
2026-07-09 09:03,2026-07-08T23:03:00.000Z,1783551780000,161117640.8478,151001960.8673,0.0324,312119602
2026-07-09 09:04,2026-07-08T23:04:00.000Z,1783551840000,165068914.1462,159237814.419,0.0180,324306729
2026-07-09 09:05,2026-07-08T23:05:00.000Z,1783551900000,166663520.7272,160010517.6932,0.0204,326674038
2026-07-09 09:06,2026-07-08T23:06:00.000Z,1783551960000,165176760.2042,162628840.7971,0.0078,327805601
2026-07-09 09:07,2026-07-08T23:07:00.000Z,1783552020000,159639884.6465,165749880.4654,-0.0188,325389765
2026-07-09 09:08,2026-07-08T23:08:00.000Z,1783552080000,160781836.18,163377709.8984,-0.0080,324159546
2026-07-09 09:09,2026-07-08T23:09:00.000Z,1783552140000,158418404.2331,154347328.4941,0.0130,312765733
2026-07-09 09:10,2026-07-08T23:10:00.000Z,1783552200000,163657811.1702,161422824.9935,0.0069,325080636
2026-07-09 09:11,2026-07-08T23:11:00.000Z,1783552260000,162918778.3901,160864842.7519,0.0063,323783621
2026-07-09 09:12,2026-07-08T23:12:00.000Z,1783552320000,156307771.3077,168343865.7626,-0.0371,324651637
2026-07-09 09:13,2026-07-08T23:13:00.000Z,1783552380000,167133498.5684,165109844.9729,0.0061,332243344
2026-07-09 09:14,2026-07-08T23:14:00.000Z,1783552440000,168997957.6803,165956095.5243,0.0091,334954053
2026-07-09 09:15,2026-07-08T23:15:00.000Z,1783552500000,171623107.2171,164758830.4783,0.0204,336381938
2026-07-09 09:16,2026-07-08T23:16:00.000Z,1783552560000,173140784.0132,162733308.6281,0.0310,335874093
2026-07-09 09:17,2026-07-08T23:17:00.000Z,1783552620000,173288223.8062,163008275.9414,0.0306,336296500
2026-07-09 09:18,2026-07-08T23:18:00.000Z,1783552680000,177281809.0749,157318620.725,0.0597,334600430
2026-07-09 09:19,2026-07-08T23:19:00.000Z,1783552740000,174386372.252,159132229.6085,0.0457,333518602
2026-07-09 09:20,2026-07-08T23:20:00.000Z,1783552800000,175303519.5159,155794692.6214,0.0589,331098212
2026-07-09 09:21,2026-07-08T23:21:00.000Z,1783552860000,173497079.204,156140416.8025,0.0527,329637496
2026-07-09 09:22,2026-07-08T23:22:00.000Z,1783552920000,170656364.1873,157079917.0324,0.0414,327736281
2026-07-09 09:23,2026-07-08T23:23:00.000Z,1783552980000,167622192.3443,155913354.7966,0.0362,323535547
2026-07-09 09:24,2026-07-08T23:24:00.000Z,1783553040000,157942110.2114,154343118.4399,0.0115,312285229
2026-07-09 09:25,2026-07-08T23:25:00.000Z,1783553100000,174230001.467,159837281.761,0.0431,334067283
2026-07-09 09:26,2026-07-08T23:26:00.000Z,1783553160000,173416766.7587,158483024.6733,0.0450,331899791
2026-07-09 09:27,2026-07-08T23:27:00.000Z,1783553220000,171235568.5297,159461554.1665,0.0356,330697123
2026-07-09 09:28,2026-07-08T23:28:00.000Z,1783553280000,173692158.8069,158923197.7243,0.0444,332615357
2026-07-09 09:29,2026-07-08T23:29:00.000Z,1783553340000,174338451.6885,157183053.0035,0.0517,331521505
2026-07-09 09:30,2026-07-08T23:30:00.000Z,1783553400000,169447808.0189,163463422.4341,0.0180,332911230
2026-07-09 09:31,2026-07-08T23:31:00.000Z,1783553460000,175540536.9512,156013344.3326,0.0589,331553881
2026-07-09 09:32,2026-07-08T23:32:00.000Z,1783553520000,177568189.2863,159183911.4458,0.0546,336752101
2026-07-09 09:33,2026-07-08T23:33:00.000Z,1783553580000,162042570.1795,170943045.9753,-0.0267,332985616
2026-07-09 09:34,2026-07-08T23:34:00.000Z,1783553640000,155683310.5259,165368361.6149,-0.0302,321051672
2026-07-09 09:35,2026-07-08T23:35:00.000Z,1783553700000,166556824.3598,162498744.6807,0.0123,329055569
2026-07-09 09:36,2026-07-08T23:36:00.000Z,1783553760000,165680050.1441,165290961.5475,0.0012,330971012
2026-07-09 09:37,2026-07-08T23:37:00.000Z,1783553820000,167078891.8767,164965859.8706,0.0064,332044752
2026-07-09 09:38,2026-07-08T23:38:00.000Z,1783553880000,166531934.8674,166114161.6404,0.0013,332646097
2026-07-09 09:39,2026-07-08T23:39:00.000Z,1783553940000,167616719.2123,162071413.5574,0.0168,329688133
2026-07-09 09:40,2026-07-08T23:40:00.000Z,1783554000000,173211981.1966,160665414.758,0.0376,333877396
2026-07-09 09:41,2026-07-08T23:41:00.000Z,1783554060000,172066112.4366,162504105.5187,0.0286,334570218
2026-07-09 09:42,2026-07-08T23:42:00.000Z,1783554120000,168452340.8893,164228408.0549,0.0127,332680749
2026-07-09 09:43,2026-07-08T23:43:00.000Z,1783554180000,171672070.2509,161468005.3703,0.0306,333140076
2026-07-09 09:44,2026-07-08T23:44:00.000Z,1783554240000,166545112.4993,165516515.8682,0.0031,332061628
2026-07-09 09:45,2026-07-08T23:45:00.000Z,1783554300000,164035633.603,168862560.1398,-0.0145,332898194
2026-07-09 09:46,2026-07-08T23:46:00.000Z,1783554360000,157035301.58,165071970.0441,-0.0250,322107272
2026-07-09 09:47,2026-07-08T23:47:00.000Z,1783554420000,170605308.1964,158354077.612,0.0372,328959386
2026-07-09 09:48,2026-07-08T23:48:00.000Z,1783554480000,165712303.2847,161679775.5058,0.0123,327392079
2026-07-09 09:49,2026-07-08T23:49:00.000Z,1783554540000,161904383.4948,160781794.0208,0.0035,322686178
2026-07-09 09:50,2026-07-08T23:50:00.000Z,1783554600000,167824653.9305,161691230.5645,0.0186,329515884
2026-07-09 09:51,2026-07-08T23:51:00.000Z,1783554660000,167229543.5542,161738014.1736,0.0167,328967558
2026-07-09 09:52,2026-07-08T23:52:00.000Z,1783554720000,164026879.3998,172311588.9324,-0.0246,336338468
2026-07-09 09:53,2026-07-08T23:53:00.000Z,1783554780000,166454497.605,168904353.272,-0.0073,335358851
2026-07-09 09:54,2026-07-08T23:54:00.000Z,1783554840000,164127884.1671,171619585.3556,-0.0223,335747470
2026-07-09 09:55,2026-07-08T23:55:00.000Z,1783554900000,165450538.9119,171145292.3219,-0.0169,336595831
2026-07-09 09:56,2026-07-08T23:56:00.000Z,1783554960000,164250191.9652,171301324.0151,-0.0210,335551516
2026-07-09 09:57,2026-07-08T23:57:00.000Z,1783555020000,157354447.5939,171857072.1229,-0.0441,329211520
2026-07-09 09:58,2026-07-08T23:58:00.000Z,1783555080000,158156943.9178,171538680.0889,-0.0406,329695624
2026-07-09 09:59,2026-07-08T23:59:00.000Z,1783555140000,165993531.4615,167779025.9931,-0.0053,333772557
2026-07-09 10:00,2026-07-09T00:00:00.000Z,1783555200000,159692729.8,159526707.4779,0.0005,319219437
2026-07-09 10:01,2026-07-09T00:01:00.000Z,1783555260000,169432491.4729,164684698.45,0.0142,334117190
2026-07-09 10:02,2026-07-09T00:02:00.000Z,1783555320000,177583907.8696,160133147.0789,0.0517,337717055
2026-07-09 10:03,2026-07-09T00:03:00.000Z,1783555380000,173514897.943,162105771.4614,0.0340,335620669
2026-07-09 10:04,2026-07-09T00:04:00.000Z,1783555440000,172219628.9207,166893427.2072,0.0157,339113056
2026-07-09 10:05,2026-07-09T00:05:00.000Z,1783555500000,172022344.4124,164921244.9571,0.0211,336943589
2026-07-09 10:06,2026-07-09T00:06:00.000Z,1783555560000,171909335.417,167410613.4732,0.0133,339319949
2026-07-09 10:07,2026-07-09T00:07:00.000Z,1783555620000,171829109.1337,162919045.4255,0.0266,334748155
2026-07-09 10:08,2026-07-09T00:08:00.000Z,1783555680000,172011961.7099,165407895.4044,0.0196,337419857
2026-07-09 10:09,2026-07-09T00:09:00.000Z,1783555740000,171459365.5508,164359529.1834,0.0211,335818895
2026-07-09 10:10,2026-07-09T00:10:00.000Z,1783555800000,175185351.4506,157939079.2821,0.0518,333124431
2026-07-09 10:11,2026-07-09T00:11:00.000Z,1783555860000,172074424.7873,158815192.3732,0.0401,330889617
2026-07-09 10:12,2026-07-09T00:12:00.000Z,1783555920000,164960312.2832,169290568.0216,-0.0130,334250880
2026-07-09 10:13,2026-07-09T00:13:00.000Z,1783555980000,162270183.7763,171244815.9887,-0.0269,333515000
2026-07-09 10:14,2026-07-09T00:14:00.000Z,1783556040000,163137959.5532,170748102.3488,-0.0228,333886062
2026-07-09 10:15,2026-07-09T00:15:00.000Z,1783556100000,167130464.3919,169211610.6862,-0.0062,336342075
2026-07-09 10:16,2026-07-09T00:16:00.000Z,1783556160000,167447989.6517,168856544.7159,-0.0042,336304534
2026-07-09 10:17,2026-07-09T00:17:00.000Z,1783556220000,173199202.9055,158404136.5848,0.0446,331603339
2026-07-09 10:18,2026-07-09T00:18:00.000Z,1783556280000,172310252.5973,160851167.2308,0.0344,333161420
2026-07-09 10:19,2026-07-09T00:19:00.000Z,1783556340000,172553602.0472,157059652.8954,0.0470,329613255
2026-07-09 10:20,2026-07-09T00:20:00.000Z,1783556400000,174390313.3622,156757680.5386,0.0532,331147994
2026-07-09 10:21,2026-07-09T00:21:00.000Z,1783556460000,161815382.8356,148023711.9076,0.0445,309839095
2026-07-09 10:22,2026-07-09T00:22:00.000Z,1783556520000,174332368.0943,156547671.9965,0.0537,330880040
2026-07-09 10:23,2026-07-09T00:23:00.000Z,1783556580000,175874616.8325,156877430.3388,0.0571,332752047
2026-07-09 10:24,2026-07-09T00:24:00.000Z,1783556640000,166411302.3051,145220100.7612,0.0680,311631403
2026-07-09 10:25,2026-07-09T00:25:00.000Z,1783556700000,176576655.2926,157605903.6717,0.0568,334182559
2026-07-09 10:26,2026-07-09T00:26:00.000Z,1783556760000,179443957.5139,155534976.737,0.0714,334978934
2026-07-09 10:27,2026-07-09T00:27:00.000Z,1783556820000,168845752.6694,153849642.558,0.0465,322695395
2026-07-09 10:28,2026-07-09T00:28:00.000Z,1783556880000,171964819.668,160317333.8447,0.0351,332282154
2026-07-09 10:29,2026-07-09T00:29:00.000Z,1783556940000,168757787.077,165724833.8783,0.0091,334482621
2026-07-09 10:30,2026-07-09T00:30:00.000Z,1783557000000,164802751.152,166833184.1434,-0.0061,331635935
2026-07-09 10:31,2026-07-09T00:31:00.000Z,1783557060000,169499424.3933,166455344.3639,0.0091,335954769
2026-07-09 10:32,2026-07-09T00:32:00.000Z,1783557120000,175599078.285,159268223.5378,0.0488,334867302
2026-07-09 10:33,2026-07-09T00:33:00.000Z,1783557180000,167761005.332,167938243.0884,-0.0005,335699248
2026-07-09 10:34,2026-07-09T00:34:00.000Z,1783557240000,174426987.3807,157754006.6801,0.0502,332180994
2026-07-09 10:35,2026-07-09T00:35:00.000Z,1783557300000,171993571.3269,161206518.1609,0.0324,333200089
2026-07-09 10:36,2026-07-09T00:36:00.000Z,1783557360000,177493292.6798,155111663.2558,0.0673,332604956
2026-07-09 10:37,2026-07-09T00:37:00.000Z,1783557420000,167897784.1501,171278570.824,-0.0100,339176355
2026-07-09 10:38,2026-07-09T00:38:00.000Z,1783557480000,174160428.844,166067795.4809,0.0238,340228224
2026-07-09 10:39,2026-07-09T00:39:00.000Z,1783557540000,169653255.228,167873329.8452,0.0053,337526585
2026-07-09 10:40,2026-07-09T00:40:00.000Z,1783557600000,182225036.8151,158037652.8201,0.0711,340262690
2026-07-09 10:41,2026-07-09T00:41:00.000Z,1783557660000,179393050.7427,162310937.4246,0.0500,341703988
2026-07-09 10:42,2026-07-09T00:42:00.000Z,1783557720000,178998176.0636,163030325.4018,0.0467,342028501
2026-07-09 10:43,2026-07-09T00:43:00.000Z,1783557780000,176112847.7829,165160610.5438,0.0321,341273458
2026-07-09 10:44,2026-07-09T00:44:00.000Z,1783557840000,174535132.5873,166564095.3101,0.0234,341099228
2026-07-09 10:45,2026-07-09T00:45:00.000Z,1783557900000,176028819.3,168197147.5754,0.0228,344225967
2026-07-09 10:46,2026-07-09T00:46:00.000Z,1783557960000,172759241.8118,168644682.292,0.0121,341403924
2026-07-09 10:47,2026-07-09T00:47:00.000Z,1783558020000,170301052.6221,170989968.3174,-0.0020,341291021
2026-07-09 10:48,2026-07-09T00:48:00.000Z,1783558080000,161753866.5299,160710529.7498,0.0032,322464396
2026-07-09 10:49,2026-07-09T00:49:00.000Z,1783558140000,167336772.7014,170153082.2267,-0.0083,337489855
2026-07-09 10:50,2026-07-09T00:50:00.000Z,1783558200000,171618515.1649,164103008.3312,0.0224,335721523
2026-07-09 10:51,2026-07-09T00:51:00.000Z,1783558260000,172592886.49,161349370.2986,0.0337,333942257
2026-07-09 10:52,2026-07-09T00:52:00.000Z,1783558320000,179622248.2131,160287916.3999,0.0569,339910165
2026-07-09 10:53,2026-07-09T00:53:00.000Z,1783558380000,176391373.4322,162820803.5709,0.0400,339212177
2026-07-09 10:54,2026-07-09T00:54:00.000Z,1783558440000,178019292.0289,159719615.028,0.0542,337738907
2026-07-09 10:55,2026-07-09T00:55:00.000Z,1783558500000,176300417.5465,160449498.3318,0.0471,336749916
2026-07-09 10:56,2026-07-09T00:56:00.000Z,1783558560000,175907473.9668,159571173.3452,0.0487,335478647
2026-07-09 10:57,2026-07-09T00:57:00.000Z,1783558620000,171921314.5413,163733774.3376,0.0244,335655089
2026-07-09 10:58,2026-07-09T00:58:00.000Z,1783558680000,172698164.9749,162546705.8651,0.0303,335244871
2026-07-09 10:59,2026-07-09T00:59:00.000Z,1783558740000,168616775.2027,164938163.6617,0.0110,333554939
2026-07-09 11:00,2026-07-09T01:00:00.000Z,1783558800000,168857833.2775,161316469.4222,0.0228,330174303
2026-07-09 11:01,2026-07-09T01:01:00.000Z,1783558860000,162071498.6893,163399762.1334,-0.0041,325471261
2026-07-09 11:02,2026-07-09T01:02:00.000Z,1783558920000,157014715.7991,159238565.152,-0.0070,316253281
2026-07-09 11:03,2026-07-09T01:03:00.000Z,1783558980000,172985678.8408,153951737.6833,0.0582,326937417
2026-07-09 11:04,2026-07-09T01:04:00.000Z,1783559040000,163626969.4149,156985360.2664,0.0207,320612330
2026-07-09 11:05,2026-07-09T01:05:00.000Z,1783559100000,163923757.6802,160904021.7718,0.0093,324827779
2026-07-09 11:06,2026-07-09T01:06:00.000Z,1783559160000,165887317.1366,161449462.3526,0.0136,327336779
2026-07-09 11:07,2026-07-09T01:07:00.000Z,1783559220000,164439700.4302,162580434.265,0.0057,327020135
2026-07-09 11:08,2026-07-09T01:08:00.000Z,1783559280000,158225970.3471,164372307.6559,-0.0191,322598278
2026-07-09 11:09,2026-07-09T01:09:00.000Z,1783559340000,153799055.1882,166516256.7315,-0.0397,320315312
2026-07-09 11:10,2026-07-09T01:10:00.000Z,1783559400000,119464375.5278,152299852.4628,-0.1208,271764228
2026-07-09 11:11,2026-07-09T01:11:00.000Z,1783559460000,148035835.6059,142709873.5011,0.0183,290745709
2026-07-09 11:12,2026-07-09T01:12:00.000Z,1783559520000,146369952.2863,148790885.3078,-0.0082,295160838
2026-07-09 11:13,2026-07-09T01:13:00.000Z,1783559580000,153572062.5499,151835297.9428,0.0057,305407360
2026-07-09 11:14,2026-07-09T01:14:00.000Z,1783559640000,155869072.6568,155978023.9286,-0.0003,311847097
2026-07-09 11:15,2026-07-09T01:15:00.000Z,1783559700000,152530563.3676,159169011.3564,-0.0213,311699575
2026-07-09 11:16,2026-07-09T01:16:00.000Z,1783559760000,151293716.3216,163202762.8008,-0.0379,314496479
2026-07-09 11:17,2026-07-09T01:17:00.000Z,1783559820000,159094014.3379,156758249.7561,0.0074,315852264
2026-07-09 11:18,2026-07-09T01:18:00.000Z,1783559880000,147289162.7375,168458258.4473,-0.0670,315747421
2026-07-09 11:19,2026-07-09T01:19:00.000Z,1783559940000,139349668.6269,174166399.8954,-0.1111,313516069
2026-07-09 11:20,2026-07-09T01:20:00.000Z,1783560000000,141748369.2437,173825667.0275,-0.1016,315574036
2026-07-09 11:21,2026-07-09T01:21:00.000Z,1783560060000,147088602.1925,158032077.7596,-0.0359,305120680
2026-07-09 11:22,2026-07-09T01:22:00.000Z,1783560120000,147871664.3468,156803718.6876,-0.0293,304675383
2026-07-09 11:23,2026-07-09T01:23:00.000Z,1783560180000,145853593.7081,160941894.9246,-0.0492,306795489
2026-07-09 11:24,2026-07-09T01:24:00.000Z,1783560240000,147922357.6541,157084547.2244,-0.0300,305006905
2026-07-09 11:25,2026-07-09T01:25:00.000Z,1783560300000,153431658.0734,151887938.3763,0.0051,305319596
2026-07-09 11:26,2026-07-09T01:26:00.000Z,1783560360000,156651452.3605,149607139.3164,0.0230,306258592
2026-07-09 11:27,2026-07-09T01:27:00.000Z,1783560420000,156628289.6696,154520884.327,0.0068,311149174
2026-07-09 11:28,2026-07-09T01:28:00.000Z,1783560480000,143111695.9358,164973338.3816,-0.0710,308085034
2026-07-09 11:29,2026-07-09T01:29:00.000Z,1783560540000,146317256.89,164351422.1868,-0.0580,310668679
2026-07-09 11:30,2026-07-09T01:30:00.000Z,1783560600000,146391455.1907,160812444.9365,-0.0469,307203900
2026-07-09 11:31,2026-07-09T01:31:00.000Z,1783560660000,165486686.1278,147100173.5394,0.0588,312586860
2026-07-09 11:32,2026-07-09T01:32:00.000Z,1783560720000,154275425.2956,155152152.675,-0.0028,309427578
2026-07-09 11:33,2026-07-09T01:33:00.000Z,1783560780000,154487791.555,155323817.5351,-0.0027,309811609
2026-07-09 11:34,2026-07-09T01:34:00.000Z,1783560840000,162090324.9814,148825228.0867,0.0427,310915553
2026-07-09 11:35,2026-07-09T01:35:00.000Z,1783560900000,168872077.13,146408344.9302,0.0713,315280422
2026-07-09 11:36,2026-07-09T01:36:00.000Z,1783560960000,163659775.5584,152176932.2104,0.0364,315836708
2026-07-09 11:37,2026-07-09T01:37:00.000Z,1783561020000,160761784.3348,153512728.5548,0.0231,314274513
2026-07-09 11:38,2026-07-09T01:38:00.000Z,1783561080000,168080838.788,144646618.5556,0.0749,312727457
2026-07-09 11:39,2026-07-09T01:39:00.000Z,1783561140000,166248587.4341,150259035.4475,0.0505,316507623
2026-07-09 11:40,2026-07-09T01:40:00.000Z,1783561200000,169799176.3133,145472847.4491,0.0772,315272024
2026-07-09 11:41,2026-07-09T01:41:00.000Z,1783561260000,182190195.4957,137605826.934,0.1394,319796022
2026-07-09 11:42,2026-07-09T01:42:00.000Z,1783561320000,182445932.6429,142496123.4072,0.1229,324942056
2026-07-09 11:43,2026-07-09T01:43:00.000Z,1783561380000,175460527.4726,150711460.821,0.0759,326171988
2026-07-09 11:44,2026-07-09T01:44:00.000Z,1783561440000,176409815.012,148122572.0762,0.0872,324532387
2026-07-09 11:45,2026-07-09T01:45:00.000Z,1783561500000,172155251.0193,150134780.7925,0.0683,322290032
2026-07-09 11:46,2026-07-09T01:46:00.000Z,1783561560000,176929583.0095,133841349.7401,0.1386,310770933
2026-07-09 11:47,2026-07-09T01:47:00.000Z,1783561620000,179046498.887,144312623.8386,0.1074,323359123
2026-07-09 11:48,2026-07-09T01:48:00.000Z,1783561680000,185309901.8497,144030544.5797,0.1253,329340446
2026-07-09 11:49,2026-07-09T01:49:00.000Z,1783561740000,184424526.729,143642095.9817,0.1243,328066623
2026-07-09 11:50,2026-07-09T01:50:00.000Z,1783561800000,176447798.6142,150315852.6603,0.0800,326763651
2026-07-09 11:51,2026-07-09T01:51:00.000Z,1783561860000,175244292.0591,138965733.7916,0.1155,314210026
2026-07-09 11:52,2026-07-09T01:52:00.000Z,1783561920000,175956578.9954,146544560.4728,0.0912,322501139
2026-07-09 11:53,2026-07-09T01:53:00.000Z,1783561980000,175057660.9373,137097192.4189,0.1216,312154853
2026-07-09 11:54,2026-07-09T01:54:00.000Z,1783562040000,181985591.6787,145293601.5758,0.1121,327279193
2026-07-09 11:55,2026-07-09T01:55:00.000Z,1783562100000,181486582.2933,142401767.9575,0.1207,323888350
2026-07-09 11:56,2026-07-09T01:56:00.000Z,1783562160000,183118166.2695,146230327.3589,0.1120,329348494
2026-07-09 11:57,2026-07-09T01:57:00.000Z,1783562220000,181782567.7415,144731552.1925,0.1135,326514120
2026-07-09 11:58,2026-07-09T01:58:00.000Z,1783562280000,184815328.667,145983769.1639,0.1174,330799098
2026-07-09 11:59,2026-07-09T01:59:00.000Z,1783562340000,187375140.5148,141151176.8591,0.1407,328526317
2026-07-09 12:00,2026-07-09T02:00:00.000Z,1783562400000,179799446.7769,140810640.8492,0.1216,320610088
2026-07-09 12:01,2026-07-09T02:01:00.000Z,1783562460000,177491585.4387,138603130.7788,0.1230,316094716
2026-07-09 12:02,2026-07-09T02:02:00.000Z,1783562520000,181374849.7513,145708595.3825,0.1090,327083445
2026-07-09 12:03,2026-07-09T02:03:00.000Z,1783562580000,184493217.5892,151217970.3622,0.0991,335711188
2026-07-09 12:04,2026-07-09T02:04:00.000Z,1783562640000,181939719.9773,148578501.5383,0.1009,330518222
2026-07-09 12:05,2026-07-09T02:05:00.000Z,1783562700000,181973008.3567,150256310.5944,0.0955,332229319
2026-07-09 12:06,2026-07-09T02:06:00.000Z,1783562760000,179745518.1333,155808550.9351,0.0713,335554069
2026-07-09 12:07,2026-07-09T02:07:00.000Z,1783562820000,186088570.4371,152901391.2588,0.0979,338989962
2026-07-09 12:08,2026-07-09T02:08:00.000Z,1783562880000,172826263.5613,162771891.1835,0.0300,335598155
2026-07-09 12:09,2026-07-09T02:09:00.000Z,1783562940000,175319566.6092,162004550.0082,0.0395,337324117
2026-07-09 12:10,2026-07-09T02:10:00.000Z,1783563000000,176328291.1044,160503341.4728,0.0470,336831633
2026-07-09 12:11,2026-07-09T02:11:00.000Z,1783563060000,169352179.4039,161781424.0101,0.0229,331133603
2026-07-09 12:12,2026-07-09T02:12:00.000Z,1783563120000,180480270.5962,158577029.8633,0.0646,339057300
2026-07-09 12:13,2026-07-09T02:13:00.000Z,1783563180000,180803578.8373,155465222.29,0.0754,336268801
2026-07-09 12:14,2026-07-09T02:14:00.000Z,1783563240000,178958975.8941,158890792.7652,0.0594,337849769
2026-07-09 12:15,2026-07-09T02:15:00.000Z,1783563300000,176083889.2792,155017320.6521,0.0636,331101210
2026-07-09 12:16,2026-07-09T02:16:00.000Z,1783563360000,176535457.42,155953656.1625,0.0619,332489114
2026-07-09 12:17,2026-07-09T02:17:00.000Z,1783563420000,184852012.4501,145285604.2252,0.1198,330137617
2026-07-09 12:18,2026-07-09T02:18:00.000Z,1783563480000,189193135.108,140409771.5315,0.1480,329602907
2026-07-09 12:19,2026-07-09T02:19:00.000Z,1783563540000,181729276.2478,148236789.5541,0.1015,329966066
2026-07-09 12:20,2026-07-09T02:20:00.000Z,1783563600000,175087611.7096,153917396.3628,0.0643,329005008
2026-07-09 12:21,2026-07-09T02:21:00.000Z,1783563660000,174713644.8254,154737868.4276,0.0606,329451513
2026-07-09 12:22,2026-07-09T02:22:00.000Z,1783563720000,177263785.9396,151232410.3908,0.0792,328496196
2026-07-09 12:23,2026-07-09T02:23:00.000Z,1783563780000,182753985.1304,146721070.9646,0.1094,329475056
2026-07-09 12:24,2026-07-09T02:24:00.000Z,1783563840000,180301814.7565,152759809.5729,0.0827,333061624
2026-07-09 12:25,2026-07-09T02:25:00.000Z,1783563900000,178939132.9824,147640167.0581,0.0958,326579300
2026-07-09 12:26,2026-07-09T02:26:00.000Z,1783563960000,180879496.6538,151745978.5389,0.0876,332625475
2026-07-09 12:27,2026-07-09T02:27:00.000Z,1783564020000,181465342.9406,147815867.978,0.1022,329281211
2026-07-09 12:28,2026-07-09T02:28:00.000Z,1783564080000,185110072.141,140075762.5904,0.1385,325185835
2026-07-09 12:29,2026-07-09T02:29:00.000Z,1783564140000,187188888.9128,146727447.0192,0.1212,333916336
2026-07-09 12:30,2026-07-09T02:30:00.000Z,1783564200000,183750790.953,152424087.4213,0.0932,336174878
2026-07-09 12:31,2026-07-09T02:31:00.000Z,1783564260000,184775887.4649,146736404.3005,0.1147,331512292
2026-07-09 12:32,2026-07-09T02:32:00.000Z,1783564320000,184691786.0825,146887163.5077,0.1140,331578950
2026-07-09 12:33,2026-07-09T02:33:00.000Z,1783564380000,194403838.0615,135443986.4389,0.1787,329847825
2026-07-09 12:34,2026-07-09T02:34:00.000Z,1783564440000,205862030.6433,144185886.9005,0.1762,350047918
2026-07-09 12:35,2026-07-09T02:35:00.000Z,1783564500000,203589017.2064,142213326.0728,0.1775,345802343
2026-07-09 12:36,2026-07-09T02:36:00.000Z,1783564560000,200827062.9927,144346391.357,0.1636,345173454
2026-07-09 12:37,2026-07-09T02:37:00.000Z,1783564620000,197901951.6196,146732355.5726,0.1485,344634307
2026-07-09 12:38,2026-07-09T02:38:00.000Z,1783564680000,194520393.8917,146242756.7633,0.1417,340763151
2026-07-09 12:39,2026-07-09T02:39:00.000Z,1783564740000,192433618.4078,148042359.871,0.1304,340475978
2026-07-09 12:40,2026-07-09T02:40:00.000Z,1783564800000,190254457.4352,150098539.0616,0.1180,340352996
2026-07-09 12:41,2026-07-09T02:41:00.000Z,1783564860000,192140293.581,149934119.2445,0.1234,342074413
2026-07-09 12:42,2026-07-09T02:42:00.000Z,1783564920000,200714398.9177,143005114.3778,0.1679,343719513
2026-07-09 12:43,2026-07-09T02:43:00.000Z,1783564980000,203970560.1741,140162923.1566,0.1854,344133483
2026-07-09 12:44,2026-07-09T02:44:00.000Z,1783565040000,201569711.5547,139164931.1814,0.1831,340734643
2026-07-09 12:45,2026-07-09T02:45:00.000Z,1783565100000,197481344.6265,135662707.8543,0.1856,333144052
2026-07-09 12:46,2026-07-09T02:46:00.000Z,1783565160000,191739035.2785,144288115.322,0.1412,336027151
2026-07-09 12:47,2026-07-09T02:47:00.000Z,1783565220000,192638117.3849,145550321.0148,0.1392,338188438
2026-07-09 12:48,2026-07-09T02:48:00.000Z,1783565280000,197251994.0397,139175510.0406,0.1726,336427504
2026-07-09 12:49,2026-07-09T02:49:00.000Z,1783565340000,199822595.4498,137380345.6742,0.1852,337202941
2026-07-09 12:50,2026-07-09T02:50:00.000Z,1783565400000,188339984.9881,136103456.8192,0.1610,324443442
2026-07-09 12:51,2026-07-09T02:51:00.000Z,1783565460000,207925639.3254,135072948.6879,0.2124,342998588
2026-07-09 12:52,2026-07-09T02:52:00.000Z,1783565520000,206629313.6309,131798464.8043,0.2211,338427778
2026-07-09 12:53,2026-07-09T02:53:00.000Z,1783565580000,200677433.3986,137626329.6384,0.1864,338303763
2026-07-09 12:54,2026-07-09T02:54:00.000Z,1783565640000,197869548.9544,143007148.0773,0.1609,340876697
2026-07-09 12:55,2026-07-09T02:55:00.000Z,1783565700000,185591514.38,154329765.4768,0.0920,339921280
2026-07-09 12:56,2026-07-09T02:56:00.000Z,1783565760000,192470229.1737,149067136.6046,0.1271,341537366
2026-07-09 12:57,2026-07-09T02:57:00.000Z,1783565820000,196874917.3219,145265095.9973,0.1508,342140013
2026-07-09 12:58,2026-07-09T02:58:00.000Z,1783565880000,195477974.2258,147321326.8266,0.1405,342799301
2026-07-09 12:59,2026-07-09T02:59:00.000Z,1783565940000,193205894.7527,147976495.7978,0.1326,341182391
2026-07-09 13:00,2026-07-09T03:00:00.000Z,1783566000000,190649429.719,140274649.7435,0.1522,330924079
2026-07-09 13:01,2026-07-09T03:01:00.000Z,1783566060000,202770092.1383,139904429.2166,0.1835,342674521
2026-07-09 13:02,2026-07-09T03:02:00.000Z,1783566120000,202627864.4352,143017509.1444,0.1725,345645374
2026-07-09 13:03,2026-07-09T03:03:00.000Z,1783566180000,199743673.4034,148978880.527,0.1456,348722554
2026-07-09 13:04,2026-07-09T03:04:00.000Z,1783566240000,199125784.4953,146488425.302,0.1523,345614210
2026-07-09 13:05,2026-07-09T03:05:00.000Z,1783566300000,208632285.4864,139450690.6533,0.1988,348082976
2026-07-09 13:06,2026-07-09T03:06:00.000Z,1783566360000,197814398.2196,143264080.0042,0.1599,341078478
2026-07-09 13:07,2026-07-09T03:07:00.000Z,1783566420000,191300825.8181,144859860.5673,0.1382,336160686
2026-07-09 13:08,2026-07-09T03:08:00.000Z,1783566480000,199587536.6936,134181412.7456,0.1960,333768949
2026-07-09 13:09,2026-07-09T03:09:00.000Z,1783566540000,196070381.0957,141302778.368,0.1623,337373159
2026-07-09 13:10,2026-07-09T03:10:00.000Z,1783566600000,193646778.8665,142285086.3257,0.1529,335931865
2026-07-09 13:11,2026-07-09T03:11:00.000Z,1783566660000,207262268.1703,139812130.9868,0.1943,347074399
2026-07-09 13:12,2026-07-09T03:12:00.000Z,1783566720000,204539240.0277,143323085.0909,0.1760,347862325
2026-07-09 13:13,2026-07-09T03:13:00.000Z,1783566780000,197030151.8235,146859708.9681,0.1459,343889861
2026-07-09 13:14,2026-07-09T03:14:00.000Z,1783566840000,194072030.6752,151277831.8351,0.1239,345349863
2026-07-09 13:15,2026-07-09T03:15:00.000Z,1783566900000,196404789.7046,153385874.1362,0.1230,349790664
2026-07-09 13:16,2026-07-09T03:16:00.000Z,1783566960000,190999423.5274,154383707.6892,0.1060,345383131
2026-07-09 13:17,2026-07-09T03:17:00.000Z,1783567020000,189557144.8097,153713717.1072,0.1044,343270862
2026-07-09 13:18,2026-07-09T03:18:00.000Z,1783567080000,194110361.7204,147670412.785,0.1359,341780775
2026-07-09 13:19,2026-07-09T03:19:00.000Z,1783567140000,204276735.0794,146404092.8148,0.1650,350680828
2026-07-09 13:20,2026-07-09T03:20:00.000Z,1783567200000,203041710.9763,144559372.8033,0.1682,347601084
2026-07-09 13:21,2026-07-09T03:21:00.000Z,1783567260000,199695129.1137,149804552.0876,0.1427,349499681
2026-07-09 13:22,2026-07-09T03:22:00.000Z,1783567320000,198746226.3543,151099929.1238,0.1362,349846155
2026-07-09 13:23,2026-07-09T03:23:00.000Z,1783567380000,195494753.5351,159179529.7725,0.1024,354674283
2026-07-09 13:24,2026-07-09T03:24:00.000Z,1783567440000,196248848.2534,153323052.6972,0.1228,349571901
2026-07-09 13:25,2026-07-09T03:25:00.000Z,1783567500000,193785227.5652,154141627.4615,0.1139,347926855
2026-07-09 13:26,2026-07-09T03:26:00.000Z,1783567560000,194061005.1165,155899948.3993,0.1090,349960954
2026-07-09 13:27,2026-07-09T03:27:00.000Z,1783567620000,195382005.2467,155399222.8832,0.1140,350781228
2026-07-09 13:28,2026-07-09T03:28:00.000Z,1783567680000,201882345.5061,149699957.7985,0.1484,351582303
2026-07-09 13:29,2026-07-09T03:29:00.000Z,1783567740000,204258259.5982,148977820.2737,0.1565,353236080
2026-07-09 13:30,2026-07-09T03:30:00.000Z,1783567800000,194503550.0238,153061311.0355,0.1192,347564861
2026-07-09 13:31,2026-07-09T03:31:00.000Z,1783567860000,192200820.8992,152475914.6207,0.1153,344676736
2026-07-09 13:32,2026-07-09T03:32:00.000Z,1783567920000,186388727.1714,157923128.4521,0.0827,344311856
2026-07-09 13:33,2026-07-09T03:33:00.000Z,1783567980000,183346875.5553,160397769.5246,0.0668,343744645
2026-07-09 13:34,2026-07-09T03:34:00.000Z,1783568040000,187466534.2545,158612640.1619,0.0834,346079174
2026-07-09 13:35,2026-07-09T03:35:00.000Z,1783568100000,187903949.4646,147090431.4156,0.1218,334994381
2026-07-09 13:36,2026-07-09T03:36:00.000Z,1783568160000,177949080.7522,156693497.9963,0.0635,334642579
2026-07-09 13:37,2026-07-09T03:37:00.000Z,1783568220000,179288401.7699,153939635.1746,0.0761,333228037
2026-07-09 13:38,2026-07-09T03:38:00.000Z,1783568280000,183897714.1474,148805782.7238,0.1055,332703497
2026-07-09 13:39,2026-07-09T03:39:00.000Z,1783568340000,182713507.4898,148902837.1117,0.1020,331616345
2026-07-09 13:40,2026-07-09T03:40:00.000Z,1783568400000,184963974.7553,149357378.2379,0.1065,334321353
2026-07-09 13:41,2026-07-09T03:41:00.000Z,1783568460000,196766501.52,146143122.2741,0.1476,342909624
2026-07-09 13:42,2026-07-09T03:42:00.000Z,1783568520000,188312800.9973,150248438.0041,0.1124,338561239
2026-07-09 13:43,2026-07-09T03:43:00.000Z,1783568580000,186817395.1705,152114073.694,0.1024,338931469
2026-07-09 13:44,2026-07-09T03:44:00.000Z,1783568640000,185962655.8061,152392173.0415,0.0992,338354829
2026-07-09 13:45,2026-07-09T03:45:00.000Z,1783568700000,177550320.9393,157691041.8735,0.0592,335241363
2026-07-09 13:46,2026-07-09T03:46:00.000Z,1783568760000,183829372.4641,151271559.6808,0.0972,335100932
2026-07-09 13:47,2026-07-09T03:47:00.000Z,1783568820000,183132068.1473,151993011.7385,0.0929,335125080
2026-07-09 13:48,2026-07-09T03:48:00.000Z,1783568880000,184713128.1379,151458674.1733,0.0989,336171802
2026-07-09 13:49,2026-07-09T03:49:00.000Z,1783568940000,183196387.3316,149631613.5953,0.1008,332828001
2026-07-09 13:50,2026-07-09T03:50:00.000Z,1783569000000,186457464.1682,150476600.3454,0.1068,336934065
2026-07-09 13:51,2026-07-09T03:51:00.000Z,1783569060000,185517702.0943,149065180.7498,0.1089,334582883
2026-07-09 13:52,2026-07-09T03:52:00.000Z,1783569120000,183400408.1607,152424276.8784,0.0922,335824685
2026-07-09 13:53,2026-07-09T03:53:00.000Z,1783569180000,185420232.8042,149891228.1971,0.1060,335311461
2026-07-09 13:54,2026-07-09T03:54:00.000Z,1783569240000,179673516.5499,154999107.0056,0.0737,334672624
2026-07-09 13:55,2026-07-09T03:55:00.000Z,1783569300000,180655676.8047,154116088.4713,0.0793,334771765
2026-07-09 13:56,2026-07-09T03:56:00.000Z,1783569360000,178847998.915,153944672.8163,0.0748,332792672
2026-07-09 13:57,2026-07-09T03:57:00.000Z,1783569420000,176638267.4068,151504278.2107,0.0766,328142546
2026-07-09 13:58,2026-07-09T03:58:00.000Z,1783569480000,182023324.4099,153114781.9151,0.0863,335138106
2026-07-09 13:59,2026-07-09T03:59:00.000Z,1783569540000,181019133.5103,150414975.3279,0.0923,331434109
2026-07-09 14:00,2026-07-09T04:00:00.000Z,1783569600000,175998628.0174,147452646.603,0.0883,323451275
2026-07-09 14:01,2026-07-09T04:01:00.000Z,1783569660000,183554055.5517,147890186.8686,0.1076,331444242
2026-07-09 14:02,2026-07-09T04:02:00.000Z,1783569720000,182511762.4104,150885832.0379,0.0949,333397594
2026-07-09 14:03,2026-07-09T04:03:00.000Z,1783569780000,180643785.7093,153587935.1202,0.0809,334231721
2026-07-09 14:04,2026-07-09T04:04:00.000Z,1783569840000,174613990.8087,143742993.2436,0.0970,318356984
2026-07-09 14:05,2026-07-09T04:05:00.000Z,1783569900000,182114289.2793,156297062.4469,0.0763,338411352
2026-07-09 14:06,2026-07-09T04:06:00.000Z,1783569960000,177129332.7036,154056800.7061,0.0697,331186133
2026-07-09 14:07,2026-07-09T04:07:00.000Z,1783570020000,179660398.9158,155684227.4542,0.0715,335344626
2026-07-09 14:08,2026-07-09T04:08:00.000Z,1783570080000,180126708.2425,155412632.1765,0.0737,335539340
2026-07-09 14:09,2026-07-09T04:09:00.000Z,1783570140000,177514909.8421,153680859.4793,0.0720,331195769
2026-07-09 14:10,2026-07-09T04:10:00.000Z,1783570200000,180010592.032,157019548.5248,0.0682,337030141
2026-07-09 14:11,2026-07-09T04:11:00.000Z,1783570260000,182484506.6449,147643307.6382,0.1055,330127814
2026-07-09 14:12,2026-07-09T04:12:00.000Z,1783570320000,183455599.5965,151181855.4276,0.0964,334637455
2026-07-09 14:13,2026-07-09T04:13:00.000Z,1783570380000,179898563.3442,155367007.3979,0.0732,335265571
2026-07-09 14:14,2026-07-09T04:14:00.000Z,1783570440000,178962546.991,156409698.7585,0.0672,335372246
2026-07-09 14:15,2026-07-09T04:15:00.000Z,1783570500000,187137892.0054,148882630.1677,0.1138,336020522
2026-07-09 14:16,2026-07-09T04:16:00.000Z,1783570560000,181518685.8683,151617378.9772,0.0898,333136065
2026-07-09 14:17,2026-07-09T04:17:00.000Z,1783570620000,190423225.5285,161863215.3013,0.0811,352286441
2026-07-09 14:18,2026-07-09T04:18:00.000Z,1783570680000,194746788.5604,151201743.0477,0.1259,345948532
2026-07-09 14:19,2026-07-09T04:19:00.000Z,1783570740000,202463507.1955,151529661.902,0.1439,353993169
2026-07-09 14:20,2026-07-09T04:20:00.000Z,1783570800000,202001590.8876,151726227.3817,0.1421,353727818
2026-07-09 14:21,2026-07-09T04:21:00.000Z,1783570860000,199806096.5808,152839598.4984,0.1332,352645695
2026-07-09 14:22,2026-07-09T04:22:00.000Z,1783570920000,201398186.4526,152920288.894,0.1368,354318475
2026-07-09 14:23,2026-07-09T04:23:00.000Z,1783570980000,194085275.6648,145308126.4154,0.1437,339393402
2026-07-09 14:24,2026-07-09T04:24:00.000Z,1783571040000,194151812.8323,143580969.328,0.1497,337732782
2026-07-09 14:25,2026-07-09T04:25:00.000Z,1783571100000,194253522.3118,144056394.4252,0.1484,338309917
2026-07-09 14:26,2026-07-09T04:26:00.000Z,1783571160000,191755899.6098,144647311.3141,0.1400,336403211
2026-07-09 14:27,2026-07-09T04:27:00.000Z,1783571220000,196889399.7005,154857052.384,0.1195,351746452
2026-07-09 14:28,2026-07-09T04:28:00.000Z,1783571280000,195557081.4724,161747789.1709,0.0946,357304871
2026-07-09 14:29,2026-07-09T04:29:00.000Z,1783571340000,194960955.7577,162191072.6911,0.0918,357152028
2026-07-09 14:30,2026-07-09T04:30:00.000Z,1783571400000,193779689.0892,162364682.3758,0.0882,356144371
2026-07-09 14:31,2026-07-09T04:31:00.000Z,1783571460000,191842320.5143,174164536.1164,0.0483,366006857
2026-07-09 14:32,2026-07-09T04:32:00.000Z,1783571520000,181850565.9079,164564140.595,0.0499,346414707
2026-07-09 14:33,2026-07-09T04:33:00.000Z,1783571580000,181175476.8705,169605036.9396,0.0330,350780514
2026-07-09 14:34,2026-07-09T04:34:00.000Z,1783571640000,185031008.7063,159345640.5105,0.0746,344376649
2026-07-09 14:35,2026-07-09T04:35:00.000Z,1783571700000,190378732.6351,164748017.6665,0.0722,355126750
2026-07-09 14:36,2026-07-09T04:36:00.000Z,1783571760000,186190041.5669,161863354.0414,0.0699,348053396
2026-07-09 14:37,2026-07-09T04:37:00.000Z,1783571820000,185988879.2196,170892340.338,0.0423,356881220
2026-07-09 14:38,2026-07-09T04:38:00.000Z,1783571880000,188087628.9847,169265472.8789,0.0527,357353102
2026-07-09 14:39,2026-07-09T04:39:00.000Z,1783571940000,186300943.9758,170435132.1672,0.0445,356736076
2026-07-09 14:40,2026-07-09T04:40:00.000Z,1783572000000,180773762.6109,162053771.652,0.0546,342827534
2026-07-09 14:41,2026-07-09T04:41:00.000Z,1783572060000,189721917.6777,166150298.5,0.0662,355872216
2026-07-09 14:42,2026-07-09T04:42:00.000Z,1783572120000,183432225.3464,173186647.6735,0.0287,356618873
2026-07-09 14:43,2026-07-09T04:43:00.000Z,1783572180000,183542669.131,162963959.5245,0.0594,346506629
2026-07-09 14:44,2026-07-09T04:44:00.000Z,1783572240000,188036629.2654,171004744.7329,0.0474,359041374
2026-07-09 14:45,2026-07-09T04:45:00.000Z,1783572300000,181831263.9732,169606125.9129,0.0348,351437390
2026-07-09 14:46,2026-07-09T04:46:00.000Z,1783572360000,195366315.4192,165820648.874,0.0818,361186964
2026-07-09 14:47,2026-07-09T04:47:00.000Z,1783572420000,188522468.4936,174158656.8456,0.0396,362681125
2026-07-09 14:48,2026-07-09T04:48:00.000Z,1783572480000,189388918.6979,172122430.038,0.0478,361511349
2026-07-09 14:49,2026-07-09T04:49:00.000Z,1783572540000,196717833.8398,166132685.2913,0.0843,362850519
2026-07-09 14:50,2026-07-09T04:50:00.000Z,1783572600000,192345031.482,169972065.4823,0.0617,362317097
2026-07-09 14:51,2026-07-09T04:51:00.000Z,1783572660000,187060590.5156,170843456.3773,0.0453,357904047
2026-07-09 14:52,2026-07-09T04:52:00.000Z,1783572720000,181931264.0075,176221594.7813,0.0159,358152859
2026-07-09 14:53,2026-07-09T04:53:00.000Z,1783572780000,184119419.5961,174630222.1696,0.0265,358749642
2026-07-09 14:54,2026-07-09T04:54:00.000Z,1783572840000,184172166.4061,175284021.1026,0.0247,359456188
2026-07-09 14:55,2026-07-09T04:55:00.000Z,1783572900000,193103600.9434,172276465.7595,0.0570,365380067
2026-07-09 14:56,2026-07-09T04:56:00.000Z,1783572960000,193232202.99,172231186.2527,0.0575,365463389
2026-07-09 14:57,2026-07-09T04:57:00.000Z,1783573020000,186583346.5231,173724231.4681,0.0357,360307578
2026-07-09 14:58,2026-07-09T04:58:00.000Z,1783573080000,177592386.024,179047367.6774,-0.0041,356639754
2026-07-09 14:59,2026-07-09T04:59:00.000Z,1783573140000,185372274.9359,173502541.6155,0.0331,358874817
2026-07-09 15:00,2026-07-09T05:00:00.000Z,1783573200000,182009910.9326,169548811.2756,0.0354,351558722
2026-07-09 15:01,2026-07-09T05:01:00.000Z,1783573260000,191586145.2953,170821064.6075,0.0573,362407210
2026-07-09 15:02,2026-07-09T05:02:00.000Z,1783573320000,195995904.5434,166990379.3826,0.0799,362986284
2026-07-09 15:03,2026-07-09T05:03:00.000Z,1783573380000,194721820.031,165186352.6718,0.0821,359908173
2026-07-09 15:04,2026-07-09T05:04:00.000Z,1783573440000,180665583.8312,165999858.9436,0.0423,346665443
2026-07-09 15:05,2026-07-09T05:05:00.000Z,1783573500000,183265169.5081,174893925.3743,0.0234,358159095
2026-07-09 15:06,2026-07-09T05:06:00.000Z,1783573560000,191774457.0508,168034626.119,0.0660,359809083
2026-07-09 15:07,2026-07-09T05:07:00.000Z,1783573620000,189899544.5247,167843379.1986,0.0617,357742924
2026-07-09 15:08,2026-07-09T05:08:00.000Z,1783573680000,195006810.3973,166893891.2771,0.0777,361900702
2026-07-09 15:09,2026-07-09T05:09:00.000Z,1783573740000,190693907.3117,168339697.8131,0.0623,359033605
2026-07-09 15:10,2026-07-09T05:10:00.000Z,1783573800000,179987105.6378,173561623.9512,0.0182,353548730
2026-07-09 15:11,2026-07-09T05:11:00.000Z,1783573860000,185004906.9318,176043602.5075,0.0248,361048509
2026-07-09 15:12,2026-07-09T05:12:00.000Z,1783573920000,168471257.995,181159534.7909,-0.0363,349630793
2026-07-09 15:13,2026-07-09T05:13:00.000Z,1783573980000,182463687.1721,170273432.3407,0.0346,352737120
2026-07-09 15:14,2026-07-09T05:14:00.000Z,1783574040000,171218863.8887,163381953.5818,0.0234,334600817
2026-07-09 15:15,2026-07-09T05:15:00.000Z,1783574100000,177285820.4083,161078409.3189,0.0479,338364230
2026-07-09 15:16,2026-07-09T05:16:00.000Z,1783574160000,176923265.4954,162993447.4497,0.0410,339916713
2026-07-09 15:17,2026-07-09T05:17:00.000Z,1783574220000,182984329.6447,160580545.2876,0.0652,343564875
2026-07-09 15:18,2026-07-09T05:18:00.000Z,1783574280000,169784619.8338,166608330.9948,0.0094,336392951
2026-07-09 15:19,2026-07-09T05:19:00.000Z,1783574340000,179986368.4987,161289515.685,0.0548,341275884
2026-07-09 15:20,2026-07-09T05:20:00.000Z,1783574400000,184363627.6359,165573386.8271,0.0537,349937014
2026-07-09 15:21,2026-07-09T05:21:00.000Z,1783574460000,189070094.6234,158934329.7077,0.0866,348004424
2026-07-09 15:22,2026-07-09T05:22:00.000Z,1783574520000,194235729.4409,153767833.8986,0.1163,348003563
2026-07-09 15:23,2026-07-09T05:23:00.000Z,1783574580000,186271035.4401,159890384.3384,0.0762,346161420
2026-07-09 15:24,2026-07-09T05:24:00.000Z,1783574640000,195312304.1341,165520230.7568,0.0826,360832535
2026-07-09 15:25,2026-07-09T05:25:00.000Z,1783574700000,196185691.2409,165743995.2751,0.0841,361929687
2026-07-09 15:26,2026-07-09T05:26:00.000Z,1783574760000,200445019.1585,161085628.7254,0.1089,361530648
2026-07-09 15:27,2026-07-09T05:27:00.000Z,1783574820000,197708971.8916,165862183.7798,0.0876,363571156
2026-07-09 15:28,2026-07-09T05:28:00.000Z,1783574880000,191240646.5613,156665448.601,0.0994,347906095
2026-07-09 15:29,2026-07-09T05:29:00.000Z,1783574940000,194933976.6306,168650010.938,0.0723,363583988
2026-07-09 15:30,2026-07-09T05:30:00.000Z,1783575000000,195994917.2226,169464688.5445,0.0726,365459606
2026-07-09 15:31,2026-07-09T05:31:00.000Z,1783575060000,201510596.4137,161088757.2119,0.1115,362599354
2026-07-09 15:32,2026-07-09T05:32:00.000Z,1783575120000,197495531.104,163764174.6847,0.0934,361259706
2026-07-09 15:33,2026-07-09T05:33:00.000Z,1783575180000,199091102.4117,162643358.6806,0.1008,361734461
2026-07-09 15:34,2026-07-09T05:34:00.000Z,1783575240000,193527302.5032,166585576.3694,0.0748,360112879
2026-07-09 15:35,2026-07-09T05:35:00.000Z,1783575300000,184604600.4886,165384033.737,0.0549,349988634
2026-07-09 15:36,2026-07-09T05:36:00.000Z,1783575360000,191663657.3664,170426316.8368,0.0587,362089974
2026-07-09 15:37,2026-07-09T05:37:00.000Z,1783575420000,191686119.9026,171317297.638,0.0561,363003418
2026-07-09 15:38,2026-07-09T05:38:00.000Z,1783575480000,191686119.9026,171317297.638,0.0561,363003418
2026-07-09 15:39,2026-07-09T05:39:00.000Z,1783575540000,196819357.951,172273174.2644,0.0665,369092532
2026-07-09 15:40,2026-07-09T05:40:00.000Z,1783575600000,198513870.6715,171859309.1759,0.0720,370373180
2026-07-09 15:41,2026-07-09T05:41:00.000Z,1783575660000,189710315.5223,178419044.0218,0.0307,368129360
2026-07-09 15:42,2026-07-09T05:42:00.000Z,1783575720000,192385608.451,174063395.5157,0.0500,366449004
2026-07-09 15:43,2026-07-09T05:43:00.000Z,1783575780000,195541443.2941,168815342.2945,0.0734,364356786
2026-07-09 15:44,2026-07-09T05:44:00.000Z,1783575840000,193473316.1435,172758676.903,0.0566,366231993
2026-07-09 15:45,2026-07-09T05:45:00.000Z,1783575900000,191439015.4662,172708622.2887,0.0514,364147638
2026-07-09 15:46,2026-07-09T05:46:00.000Z,1783575960000,192021478.1956,172672850.4757,0.0531,364694329
2026-07-09 15:47,2026-07-09T05:47:00.000Z,1783576020000,189200946.3196,174943791.5562,0.0392,364144738
2026-07-09 15:48,2026-07-09T05:48:00.000Z,1783576080000,170434688.5352,173015761.6034,-0.0075,343450450
2026-07-09 15:49,2026-07-09T05:49:00.000Z,1783576140000,180965093.6494,179379118.1834,0.0044,360344212
2026-07-09 15:50,2026-07-09T05:50:00.000Z,1783576200000,170785170.6477,184796984.0275,-0.0394,355582155
2026-07-09 15:51,2026-07-09T05:51:00.000Z,1783576260000,174690721.6321,177070001.3938,-0.0068,351760723
2026-07-09 15:52,2026-07-09T05:52:00.000Z,1783576320000,172717131.1829,189301814.8223,-0.0458,362018946
2026-07-09 15:53,2026-07-09T05:53:00.000Z,1783576380000,172725814.0997,188295169.6853,-0.0431,361020984
2026-07-09 15:54,2026-07-09T05:54:00.000Z,1783576440000,171222619.7012,190550654.5048,-0.0534,361773274
2026-07-09 15:55,2026-07-09T05:55:00.000Z,1783576500000,171876188.1023,189685932.192,-0.0493,361562120
2026-07-09 15:56,2026-07-09T05:56:00.000Z,1783576560000,171329355.382,190587780.7513,-0.0532,361917136
2026-07-09 15:57,2026-07-09T05:57:00.000Z,1783576620000,171076965.2281,188415935.5614,-0.0482,359492901
2026-07-09 15:58,2026-07-09T05:58:00.000Z,1783576680000,174724698.5433,189781890.1427,-0.0413,364506589
2026-07-09 15:59,2026-07-09T05:59:00.000Z,1783576740000,165686488.265,183474576.4015,-0.0509,349161065
2026-07-09 16:00,2026-07-09T06:00:00.000Z,1783576800000,158753407.278,178212489.9393,-0.0577,336965897
2026-07-09 16:01,2026-07-09T06:01:00.000Z,1783576860000,163054962.8733,191897524.5391,-0.0813,354952487
2026-07-09 16:02,2026-07-09T06:02:00.000Z,1783576920000,170684775.0383,180766612.2728,-0.0287,351451387
2026-07-09 16:03,2026-07-09T06:03:00.000Z,1783576980000,172073250.7267,179646192.0867,-0.0215,351719443
2026-07-09 16:04,2026-07-09T06:04:00.000Z,1783577040000,179514487.1597,180797794.6575,-0.0036,360312282
2026-07-09 16:05,2026-07-09T06:05:00.000Z,1783577100000,185271248.072,174798730.8566,0.0291,360069979
2026-07-09 16:06,2026-07-09T06:06:00.000Z,1783577160000,181946178.4352,178600224.8513,0.0093,360546403
2026-07-09 16:07,2026-07-09T06:07:00.000Z,1783577220000,177008654.9274,168669659.9121,0.0241,345678315
2026-07-09 16:08,2026-07-09T06:08:00.000Z,1783577280000,182124141.9974,166257466.8651,0.0455,348381609
2026-07-09 16:09,2026-07-09T06:09:00.000Z,1783577340000,185402068.6077,173725630.0817,0.0325,359127699
2026-07-09 16:10,2026-07-09T06:10:00.000Z,1783577400000,187888784.8872,171211486.2205,0.0464,359100271
2026-07-09 16:11,2026-07-09T06:11:00.000Z,1783577460000,186443087.4829,174196222.9505,0.0340,360639310
2026-07-09 16:12,2026-07-09T06:12:00.000Z,1783577520000,180275369.4245,162008064.0626,0.0534,342283433
2026-07-09 16:13,2026-07-09T06:13:00.000Z,1783577580000,181003618.7895,176371957.2898,0.0130,357375576
2026-07-09 16:14,2026-07-09T06:14:00.000Z,1783577640000,179892142.4377,179423191.9035,0.0013,359315334
2026-07-09 16:15,2026-07-09T06:15:00.000Z,1783577700000,177309145.6263,178612492.1005,-0.0037,355921638
2026-07-09 16:16,2026-07-09T06:16:00.000Z,1783577760000,178622171.1077,178754352.8553,-0.0004,357376524
2026-07-09 16:17,2026-07-09T06:17:00.000Z,1783577820000,174450684.4012,182276896.3399,-0.0219,356727581
2026-07-09 16:18,2026-07-09T06:18:00.000Z,1783577880000,173610903.6917,180263610.8598,-0.0188,353874515
2026-07-09 16:19,2026-07-09T06:19:00.000Z,1783577940000,178367423.4127,176908216.4863,0.0041,355275640
2026-07-09 16:20,2026-07-09T06:20:00.000Z,1783578000000,179104327.2906,177053554.7253,0.0058,356157882
2026-07-09 16:21,2026-07-09T06:21:00.000Z,1783578060000,180051062.1258,175313010.0323,0.0133,355364072
2026-07-09 16:22,2026-07-09T06:22:00.000Z,1783578120000,168315577.2579,175801010.1272,-0.0218,344116587
2026-07-09 16:23,2026-07-09T06:23:00.000Z,1783578180000,170312770.2268,182064651.8826,-0.0334,352377422
2026-07-09 16:24,2026-07-09T06:24:00.000Z,1783578240000,172508324.2334,182022532.1799,-0.0268,354530856
2026-07-09 16:25,2026-07-09T06:25:00.000Z,1783578300000,174615289.1267,178909825.5754,-0.0121,353525115
2026-07-09 16:26,2026-07-09T06:26:00.000Z,1783578360000,168802489.7763,182988909.1735,-0.0403,351791399
2026-07-09 16:27,2026-07-09T06:27:00.000Z,1783578420000,170213208.4292,180741439.0244,-0.0300,350954647
2026-07-09 16:28,2026-07-09T06:28:00.000Z,1783578480000,168882428.194,172556892.0644,-0.0108,341439320
2026-07-09 16:29,2026-07-09T06:29:00.000Z,1783578540000,177494248.3646,166622110.4751,0.0316,344116359
2026-07-09 16:30,2026-07-09T06:30:00.000Z,1783578600000,178862752.8994,168803276.9748,0.0289,347666030
2026-07-09 16:31,2026-07-09T06:31:00.000Z,1783578660000,175278814.8176,172810457.047,0.0071,348089272
2026-07-09 16:32,2026-07-09T06:32:00.000Z,1783578720000,176996190.0888,177347913.5308,-0.0010,354344104
2026-07-09 16:33,2026-07-09T06:33:00.000Z,1783578780000,179448291.8521,174018681.6004,0.0154,353466973
2026-07-09 16:34,2026-07-09T06:34:00.000Z,1783578840000,176621776.1557,175537140.8748,0.0031,352158917
2026-07-09 16:35,2026-07-09T06:35:00.000Z,1783578900000,169761018.5293,171528454.2446,-0.0052,341289473
2026-07-09 16:36,2026-07-09T06:36:00.000Z,1783578960000,175188016.8433,182864702.7311,-0.0214,358052720
2026-07-09 16:37,2026-07-09T06:37:00.000Z,1783579020000,175159924.0483,184034034.4769,-0.0247,359193959
2026-07-09 16:38,2026-07-09T06:38:00.000Z,1783579080000,166703172.2071,178089415.1013,-0.0330,344792587
2026-07-09 16:39,2026-07-09T06:39:00.000Z,1783579140000,167624430.7536,181893069.805,-0.0408,349517501
2026-07-09 16:40,2026-07-09T06:40:00.000Z,1783579200000,168147571.368,174634350.831,-0.0189,342781922
2026-07-09 16:41,2026-07-09T06:41:00.000Z,1783579260000,170020160.6376,172763148.4809,-0.0080,342783309
2026-07-09 16:42,2026-07-09T06:42:00.000Z,1783579320000,170088033.4667,172120484.9637,-0.0059,342208518
2026-07-09 16:43,2026-07-09T06:43:00.000Z,1783579380000,167717694.4638,175649250.1294,-0.0231,343366945
2026-07-09 16:44,2026-07-09T06:44:00.000Z,1783579440000,165041183.0205,181028337.0211,-0.0462,346069520
2026-07-09 16:45,2026-07-09T06:45:00.000Z,1783579500000,157409905.5543,175709442.1344,-0.0549,333119348
2026-07-09 16:46,2026-07-09T06:46:00.000Z,1783579560000,164729374.7307,170833913.3621,-0.0182,335563288
2026-07-09 16:47,2026-07-09T06:47:00.000Z,1783579620000,166848780.6402,180491793.1613,-0.0393,347340574
2026-07-09 16:48,2026-07-09T06:48:00.000Z,1783579680000,170307045.6176,179317018.4135,-0.0258,349624064
2026-07-09 16:49,2026-07-09T06:49:00.000Z,1783579740000,172841915.1327,176977733.4895,-0.0118,349819649
2026-07-09 16:50,2026-07-09T06:50:00.000Z,1783579800000,167081877.7551,166565864.993,0.0015,333647743
2026-07-09 16:51,2026-07-09T06:51:00.000Z,1783579860000,171517538.5341,174945765.5114,-0.0099,346463304
2026-07-09 16:52,2026-07-09T06:52:00.000Z,1783579920000,172768423.1607,172853421.3105,-0.0002,345621844
2026-07-09 16:53,2026-07-09T06:53:00.000Z,1783579980000,171470353.3166,174695626.6107,-0.0093,346165980
2026-07-09 16:54,2026-07-09T06:54:00.000Z,1783580040000,164501867.2355,165192476.1709,-0.0021,329694343
2026-07-09 16:55,2026-07-09T06:55:00.000Z,1783580100000,168106466.1524,171712299.22,-0.0106,339818765
2026-07-09 16:56,2026-07-09T06:56:00.000Z,1783580160000,169884650.5834,174147700.3764,-0.0124,344032351
2026-07-09 16:57,2026-07-09T06:57:00.000Z,1783580220000,169273434.1035,175118089.4457,-0.0170,344391524
2026-07-09 16:58,2026-07-09T06:58:00.000Z,1783580280000,170234957.5587,176238551.0855,-0.0173,346473509
2026-07-09 16:59,2026-07-09T06:59:00.000Z,1783580340000,168700771.2975,177207120.8283,-0.0246,345907892
2026-07-09 17:00,2026-07-09T07:00:00.000Z,1783580400000,153847264.3356,169541305.312,-0.0485,323388570
2026-07-09 17:01,2026-07-09T07:01:00.000Z,1783580460000,158732925.6333,178625952.0643,-0.0590,337358878
2026-07-09 17:02,2026-07-09T07:02:00.000Z,1783580520000,149123556.0222,177746737.8836,-0.0876,326870294
2026-07-09 17:03,2026-07-09T07:03:00.000Z,1783580580000,170963314.1771,162076849.0027,0.0267,333040163
2026-07-09 17:04,2026-07-09T07:04:00.000Z,1783580640000,175733638.1814,160047149.4446,0.0467,335780788
2026-07-09 17:05,2026-07-09T07:05:00.000Z,1783580700000,176173353.1535,162038527.4434,0.0418,338211881
2026-07-09 17:06,2026-07-09T07:06:00.000Z,1783580760000,178381828.0514,159302415.4652,0.0565,337684244
2026-07-09 17:07,2026-07-09T07:07:00.000Z,1783580820000,180226984.8988,157013517.6774,0.0688,337240503
2026-07-09 17:08,2026-07-09T07:08:00.000Z,1783580880000,177048083.4359,160754852.1959,0.0482,337802936
2026-07-09 17:09,2026-07-09T07:09:00.000Z,1783580940000,184903319.5033,162721038.0728,0.0638,347624358
2026-07-09 17:10,2026-07-09T07:10:00.000Z,1783581000000,186019155.7982,158204873.1395,0.0808,344224029
2026-07-09 17:11,2026-07-09T07:11:00.000Z,1783581060000,181760799.263,158719884.1414,0.0677,340480683
2026-07-09 17:12,2026-07-09T07:12:00.000Z,1783581120000,182909429.668,159428319.8876,0.0686,342337750
2026-07-09 17:13,2026-07-09T07:13:00.000Z,1783581180000,182369133.7472,158678651.6968,0.0695,341047785
2026-07-09 17:14,2026-07-09T07:14:00.000Z,1783581240000,181630504.2054,165739975.9665,0.0457,347370480
2026-07-09 17:15,2026-07-09T07:15:00.000Z,1783581300000,179183392.3887,165303010.7165,0.0403,344486403
2026-07-09 17:16,2026-07-09T07:16:00.000Z,1783581360000,184059921.9888,158936492.8638,0.0732,342996415
2026-07-09 17:17,2026-07-09T07:17:00.000Z,1783581420000,176914114.0938,160966697.2892,0.0472,337880811
2026-07-09 17:18,2026-07-09T07:18:00.000Z,1783581480000,168516982.311,159294323.1508,0.0281,327811305
2026-07-09 17:19,2026-07-09T07:19:00.000Z,1783581540000,174049079.0888,166543360.2918,0.0220,340592439
2026-07-09 17:20,2026-07-09T07:20:00.000Z,1783581600000,165578717.2502,173283074.2732,-0.0227,338861792
2026-07-09 17:21,2026-07-09T07:21:00.000Z,1783581660000,171307870.4432,169559565.8966,0.0051,340867436
2026-07-09 17:22,2026-07-09T07:22:00.000Z,1783581720000,183158806.1304,159527822.3732,0.0690,342686629
2026-07-09 17:23,2026-07-09T07:23:00.000Z,1783581780000,178174839.5864,161290036.1676,0.0497,339464876
2026-07-09 17:24,2026-07-09T07:24:00.000Z,1783581840000,183008621.794,156048670.6415,0.0795,339057292
2026-07-09 17:25,2026-07-09T07:25:00.000Z,1783581900000,181925171.9186,155396292.5657,0.0786,337321464
2026-07-09 17:26,2026-07-09T07:26:00.000Z,1783581960000,179247095.261,156676377.9059,0.0672,335923473
2026-07-09 17:27,2026-07-09T07:27:00.000Z,1783582020000,179942231.8719,150069322.2657,0.0905,330011554
2026-07-09 17:28,2026-07-09T07:28:00.000Z,1783582080000,181611953.4319,160457026.5795,0.0618,342068980
2026-07-09 17:29,2026-07-09T07:29:00.000Z,1783582140000,177847828.7013,168084374.4369,0.0282,345932203
2026-07-09 17:30,2026-07-09T07:30:00.000Z,1783582200000,176251427.4661,168935815.0235,0.0212,345187242
2026-07-09 17:31,2026-07-09T07:31:00.000Z,1783582260000,179188363.3272,172020669.7419,0.0204,351209033
2026-07-09 17:32,2026-07-09T07:32:00.000Z,1783582320000,180173351.7917,173039001.277,0.0202,353212353
2026-07-09 17:33,2026-07-09T07:33:00.000Z,1783582380000,183805535.6685,175248349.0292,0.0238,359053885
2026-07-09 17:34,2026-07-09T07:34:00.000Z,1783582440000,184120501.8594,176258079.2305,0.0218,360378581
2026-07-09 17:35,2026-07-09T07:35:00.000Z,1783582500000,185123099.9708,176697764.4541,0.0233,361820864
2026-07-09 17:36,2026-07-09T07:36:00.000Z,1783582560000,182697256.2575,166724248.851,0.0457,349421505
2026-07-09 17:37,2026-07-09T07:37:00.000Z,1783582620000,184149930.5304,168643780.4033,0.0440,352793711
2026-07-09 17:38,2026-07-09T07:38:00.000Z,1783582680000,188842371.4171,174888928.8714,0.0384,363731300
2026-07-09 17:39,2026-07-09T07:39:00.000Z,1783582740000,187415673.2826,174320165.8814,0.0362,361735839
2026-07-09 17:40,2026-07-09T07:40:00.000Z,1783582800000,177739430.3756,171151106.5325,0.0189,348890537
2026-07-09 17:41,2026-07-09T07:41:00.000Z,1783582860000,183149734.3809,178557508.9237,0.0127,361707243
2026-07-09 17:42,2026-07-09T07:42:00.000Z,1783582920000,175705235.1851,171616501.7094,0.0118,347321737
2026-07-09 17:43,2026-07-09T07:43:00.000Z,1783582980000,175766256.4017,176731732.2245,-0.0027,352497989
2026-07-09 17:44,2026-07-09T07:44:00.000Z,1783583040000,169080948.7165,175277949.4784,-0.0180,344358898
2026-07-09 17:45,2026-07-09T07:45:00.000Z,1783583100000,168687903.0868,184121198.8465,-0.0437,352809102
2026-07-09 17:46,2026-07-09T07:46:00.000Z,1783583160000,169071757.0964,180255226.588,-0.0320,349326984
2026-07-09 17:47,2026-07-09T07:47:00.000Z,1783583220000,165284531.7389,180655384.9027,-0.0444,345939917
2026-07-09 17:48,2026-07-09T07:48:00.000Z,1783583280000,165772794.4633,164041876.7226,0.0052,329814671
2026-07-09 17:49,2026-07-09T07:49:00.000Z,1783583340000,177443094.271,167802040.753,0.0279,345245135
2026-07-09 17:50,2026-07-09T07:50:00.000Z,1783583400000,176285799.7207,170297280.4241,0.0173,346583080
2026-07-09 17:51,2026-07-09T07:51:00.000Z,1783583460000,181055849.4348,168003606.7764,0.0374,349059456
2026-07-09 17:52,2026-07-09T07:52:00.000Z,1783583520000,180822080.6206,170171124.3148,0.0303,350993205
2026-07-09 17:53,2026-07-09T07:53:00.000Z,1783583580000,183866507.9677,167834467.6383,0.0456,351700976
2026-07-09 17:54,2026-07-09T07:54:00.000Z,1783583640000,180668248.0556,171142756.8687,0.0271,351811005
2026-07-09 17:55,2026-07-09T07:55:00.000Z,1783583700000,186257503.4307,168748989.7175,0.0493,355006493
2026-07-09 17:56,2026-07-09T07:56:00.000Z,1783583760000,181232540.2537,158659164.9455,0.0664,339891705
2026-07-09 17:57,2026-07-09T07:57:00.000Z,1783583820000,187726123.7603,160938508.3753,0.0768,348664632
2026-07-09 17:58,2026-07-09T07:58:00.000Z,1783583880000,189184070.3896,162385379.6941,0.0762,351569450
2026-07-09 17:59,2026-07-09T07:59:00.000Z,1783583940000,175031923.3805,160308272.5584,0.0439,335340196
2026-07-09 18:00,2026-07-09T08:00:00.000Z,1783584000000,168851482.3227,162732106.0864,0.0185,331583588
2026-07-09 18:01,2026-07-09T08:01:00.000Z,1783584060000,179934574.3993,165671688.6621,0.0413,345606263
2026-07-09 18:02,2026-07-09T08:02:00.000Z,1783584120000,180397465.4913,174344717.7347,0.0171,354742183
2026-07-09 18:03,2026-07-09T08:03:00.000Z,1783584180000,177974395.7409,173521655.8417,0.0127,351496052
2026-07-09 18:04,2026-07-09T08:04:00.000Z,1783584240000,177179467.7188,178928356.7899,-0.0049,356107825
2026-07-09 18:05,2026-07-09T08:05:00.000Z,1783584300000,177400126.1415,176967323.6218,0.0012,354367450
2026-07-09 18:06,2026-07-09T08:06:00.000Z,1783584360000,179684956.6209,176659362.0523,0.0085,356344319
2026-07-09 18:07,2026-07-09T08:07:00.000Z,1783584420000,176118361.1411,179524127.2335,-0.0096,355642488
2026-07-09 18:08,2026-07-09T08:08:00.000Z,1783584480000,177123097.6622,174255580.3077,0.0082,351378678
2026-07-09 18:09,2026-07-09T08:09:00.000Z,1783584540000,172364553.175,174565015.4501,-0.0063,346929569
2026-07-09 18:10,2026-07-09T08:10:00.000Z,1783584600000,177501614.235,169522360.7399,0.0230,347023975
2026-07-09 18:11,2026-07-09T08:11:00.000Z,1783584660000,176271685.301,170445786.5471,0.0168,346717472
2026-07-09 18:12,2026-07-09T08:12:00.000Z,1783584720000,166342843.942,167884994.3026,-0.0046,334227838
2026-07-09 18:13,2026-07-09T08:13:00.000Z,1783584780000,165253731.1876,171651534.6993,-0.0190,336905266
2026-07-09 18:14,2026-07-09T08:14:00.000Z,1783584840000,172873877.0748,174712338.6049,-0.0053,347586216
2026-07-09 18:15,2026-07-09T08:15:00.000Z,1783584900000,172790297.5751,175088583.8314,-0.0066,347878881
2026-07-09 18:16,2026-07-09T08:16:00.000Z,1783584960000,172281265.331,175440557.1115,-0.0091,347721822
2026-07-09 18:17,2026-07-09T08:17:00.000Z,1783585020000,170337742.4333,179995857.7346,-0.0276,350333600
2026-07-09 18:18,2026-07-09T08:18:00.000Z,1783585080000,173707312.0328,178707699.6984,-0.0142,352415012
2026-07-09 18:19,2026-07-09T08:19:00.000Z,1783585140000,178273160.5605,174873612.5725,0.0096,353146773
2026-07-09 18:20,2026-07-09T08:20:00.000Z,1783585200000,175752809.6777,180110485.4856,-0.0122,355863295
2026-07-09 18:21,2026-07-09T08:21:00.000Z,1783585260000,167782562.6497,180588559.1652,-0.0368,348371122
2026-07-09 18:22,2026-07-09T08:22:00.000Z,1783585320000,169388934.7901,180947433.6967,-0.0330,350336368
2026-07-09 18:23,2026-07-09T08:23:00.000Z,1783585380000,167436185.7115,185876405.0128,-0.0522,353312591
2026-07-09 18:24,2026-07-09T08:24:00.000Z,1783585440000,174705242.2809,182882106.0091,-0.0229,357587348
2026-07-09 18:25,2026-07-09T08:25:00.000Z,1783585500000,175604085.8971,182435642.0839,-0.0191,358039728
2026-07-09 18:26,2026-07-09T08:26:00.000Z,1783585560000,181315432.8848,180913758.1999,0.0011,362229191
2026-07-09 18:27,2026-07-09T08:27:00.000Z,1783585620000,175496135.8044,182930309.852,-0.0207,358426446
2026-07-09 18:28,2026-07-09T08:28:00.000Z,1783585680000,171808130.6945,183873173.9283,-0.0339,355681305
2026-07-09 18:29,2026-07-09T08:29:00.000Z,1783585740000,171944343.0033,184149704.6286,-0.0343,356094048
2026-07-09 18:30,2026-07-09T08:30:00.000Z,1783585800000,172219509.9843,186898738.1801,-0.0409,359118248
2026-07-09 18:31,2026-07-09T08:31:00.000Z,1783585860000,173499505.6444,182525751.3569,-0.0254,356025257
2026-07-09 18:32,2026-07-09T08:32:00.000Z,1783585920000,168952424.4822,186306825.989,-0.0488,355259250
2026-07-09 18:33,2026-07-09T08:33:00.000Z,1783585980000,165786672.8555,177480574.9852,-0.0341,343267248
2026-07-09 18:34,2026-07-09T08:34:00.000Z,1783586040000,169767444.13,174476016.4092,-0.0137,344243461
2026-07-09 18:35,2026-07-09T08:35:00.000Z,1783586100000,165796636.5661,168635305.0841,-0.0085,334431942
2026-07-09 18:36,2026-07-09T08:36:00.000Z,1783586160000,165945281.0203,178923614.1864,-0.0376,344868895
2026-07-09 18:37,2026-07-09T08:37:00.000Z,1783586220000,171684174.0034,173491610.2964,-0.0052,345175784
2026-07-09 18:38,2026-07-09T08:38:00.000Z,1783586280000,170176283.577,177904169.0489,-0.0222,348080453
2026-07-09 18:39,2026-07-09T08:39:00.000Z,1783586340000,170692866.2881,176307295.904,-0.0162,347000162
2026-07-09 18:40,2026-07-09T08:40:00.000Z,1783586400000,168582020.2203,177930516.77,-0.0270,346512537
2026-07-09 18:41,2026-07-09T08:41:00.000Z,1783586460000,172145393.8793,174944405.3107,-0.0081,347089799
2026-07-09 18:42,2026-07-09T08:42:00.000Z,1783586520000,169828369.7455,176575359.462,-0.0195,346403729
2026-07-09 18:43,2026-07-09T08:43:00.000Z,1783586580000,171225238.1512,175664718.515,-0.0128,346889957
2026-07-09 18:44,2026-07-09T08:44:00.000Z,1783586640000,174796548.3466,174440498.9486,0.0010,349237047
2026-07-09 18:45,2026-07-09T08:45:00.000Z,1783586700000,164681943.7703,174151114.4308,-0.0279,338833058
2026-07-09 18:46,2026-07-09T08:46:00.000Z,1783586760000,176811339.7603,173763586.9855,0.0087,350574927
2026-07-09 18:47,2026-07-09T08:47:00.000Z,1783586820000,177202673.5116,170366564.4482,0.0197,347569238
2026-07-09 18:48,2026-07-09T08:48:00.000Z,1783586880000,175726713.578,170833564.8851,0.0141,346560278
2026-07-09 18:49,2026-07-09T08:49:00.000Z,1783586940000,179719298.8248,166606927.1239,0.0379,346326226
2026-07-09 18:50,2026-07-09T08:50:00.000Z,1783587000000,178469022.8954,167973498.1223,0.0303,346442521
2026-07-09 18:51,2026-07-09T08:51:00.000Z,1783587060000,183237595.0136,168008262.4157,0.0434,351245857
2026-07-09 18:52,2026-07-09T08:52:00.000Z,1783587120000,181724120.419,167760035.2279,0.0400,349484156
2026-07-09 18:53,2026-07-09T08:53:00.000Z,1783587180000,160225309.611,168554903.694,-0.0253,328780213
2026-07-09 18:54,2026-07-09T08:54:00.000Z,1783587240000,154761806.1675,173714058.1526,-0.0577,328475864
2026-07-09 18:55,2026-07-09T08:55:00.000Z,1783587300000,146063734.1658,169219524.9286,-0.0734,315283259
2026-07-09 18:56,2026-07-09T08:56:00.000Z,1783587360000,155104072.4193,174621253.1966,-0.0592,329725326
2026-07-09 18:57,2026-07-09T08:57:00.000Z,1783587420000,163261474.6957,173068258.6674,-0.0292,336329733
2026-07-09 18:58,2026-07-09T08:58:00.000Z,1783587480000,164071953.396,171603895.835,-0.0224,335675849
2026-07-09 18:59,2026-07-09T08:59:00.000Z,1783587540000,162202053.7966,173328827.5718,-0.0332,335530881
2026-07-09 19:00,2026-07-09T09:00:00.000Z,1783587600000,154758187.5636,164935970.214,-0.0318,319694158
2026-07-09 19:01,2026-07-09T09:01:00.000Z,1783587660000,161663774.5681,158755439.2292,0.0091,320419214
2026-07-09 19:02,2026-07-09T09:02:00.000Z,1783587720000,160537604.9884,173265606.9978,-0.0381,333803212
2026-07-09 19:03,2026-07-09T09:03:00.000Z,1783587780000,160242205.0288,176858377.8348,-0.0493,337100583
2026-07-09 19:04,2026-07-09T09:04:00.000Z,1783587840000,165975245.8802,168916825.006,-0.0088,334892071
2026-07-09 19:05,2026-07-09T09:05:00.000Z,1783587900000,167367060.9802,169184720.5865,-0.0054,336551782
2026-07-09 19:06,2026-07-09T09:06:00.000Z,1783587960000,164436333.9121,168231082.7223,-0.0114,332667417
2026-07-09 19:07,2026-07-09T09:07:00.000Z,1783588020000,162186020.4892,169152843.9733,-0.0210,331338864
2026-07-09 19:08,2026-07-09T09:08:00.000Z,1783588080000,169118391.8677,165549260.096,0.0107,334667652
2026-07-09 19:09,2026-07-09T09:09:00.000Z,1783588140000,169042423.4647,166133882.5454,0.0087,335176306
2026-07-09 19:10,2026-07-09T09:10:00.000Z,1783588200000,168169319.6677,168009437.0348,0.0005,336178757
2026-07-09 19:11,2026-07-09T09:11:00.000Z,1783588260000,167734773.5655,166951162.4459,0.0023,334685936
2026-07-09 19:12,2026-07-09T09:12:00.000Z,1783588320000,172203266.0465,177140038.0411,-0.0141,349343304
2026-07-09 19:13,2026-07-09T09:13:00.000Z,1783588380000,172339160.7836,178590468.3,-0.0178,350929629
2026-07-09 19:14,2026-07-09T09:14:00.000Z,1783588440000,168867619.8587,170082867.2548,-0.0036,338950487
2026-07-09 19:15,2026-07-09T09:15:00.000Z,1783588500000,173977563.5437,176945434.883,-0.0085,350922998
2026-07-09 19:16,2026-07-09T09:16:00.000Z,1783588560000,176186727.7492,174600720.7016,0.0045,350787448
2026-07-09 19:17,2026-07-09T09:17:00.000Z,1783588620000,177501389.9123,175516444.1026,0.0056,353017834
2026-07-09 19:18,2026-07-09T09:18:00.000Z,1783588680000,175324880.4019,173495568.4493,0.0052,348820449
2026-07-09 19:19,2026-07-09T09:19:00.000Z,1783588740000,170194840.6174,184104810.1438,-0.0393,354299651
2026-07-09 19:20,2026-07-09T09:20:00.000Z,1783588800000,173048461.7628,168327147.7234,0.0138,341375609
2026-07-09 19:21,2026-07-09T09:21:00.000Z,1783588860000,176542016.0087,179293447.976,-0.0077,355835464
2026-07-09 19:22,2026-07-09T09:22:00.000Z,1783588920000,177536180.022,178577367.6309,-0.0029,356113548
2026-07-09 19:23,2026-07-09T09:23:00.000Z,1783588980000,176661630.3614,174630789.6839,0.0058,351292420
2026-07-09 19:24,2026-07-09T09:24:00.000Z,1783589040000,173591362.273,173814843.5933,-0.0006,347406206
2026-07-09 19:25,2026-07-09T09:25:00.000Z,1783589100000,178174522.9698,175061471.5991,0.0088,353235995
2026-07-09 19:26,2026-07-09T09:26:00.000Z,1783589160000,178449876.2936,176186774.7915,0.0064,354636651
2026-07-09 19:27,2026-07-09T09:27:00.000Z,1783589220000,175950202.4671,180857613.9224,-0.0138,356807816
2026-07-09 19:28,2026-07-09T09:28:00.000Z,1783589280000,171150989.8617,175632504.061,-0.0129,346783494
2026-07-09 19:29,2026-07-09T09:29:00.000Z,1783589340000,170546897.8612,177901227.3952,-0.0211,348448125
2026-07-09 19:30,2026-07-09T09:30:00.000Z,1783589400000,171495362.7897,179977971.033,-0.0241,351473334
2026-07-09 19:31,2026-07-09T09:31:00.000Z,1783589460000,170115097.0301,174322390.9726,-0.0122,344437488
2026-07-09 19:32,2026-07-09T09:32:00.000Z,1783589520000,174070976.9219,184763555.8399,-0.0298,358834533
2026-07-09 19:33,2026-07-09T09:33:00.000Z,1783589580000,173868990.6667,184824425.2605,-0.0305,358693416
2026-07-09 19:34,2026-07-09T09:34:00.000Z,1783589640000,170309405.3109,188463742.6269,-0.0506,358773148
2026-07-09 19:35,2026-07-09T09:35:00.000Z,1783589700000,173555278.2405,183934171.7137,-0.0290,357489450
2026-07-09 19:36,2026-07-09T09:36:00.000Z,1783589760000,171157597.5871,189041070.0922,-0.0496,360198668
2026-07-09 19:37,2026-07-09T09:37:00.000Z,1783589820000,172255873.9359,187656785.1897,-0.0428,359912659
2026-07-09 19:38,2026-07-09T09:38:00.000Z,1783589880000,173691148.9094,172351539.7568,0.0039,346042689
2026-07-09 19:39,2026-07-09T09:39:00.000Z,1783589940000,175176663.6043,182276480.7149,-0.0199,357453144
2026-07-09 19:40,2026-07-09T09:40:00.000Z,1783590000000,164843976.3304,180440731.9852,-0.0452,345284708
2026-07-09 19:41,2026-07-09T09:41:00.000Z,1783590060000,174096734.0435,183660158.0179,-0.0267,357756892
2026-07-09 19:42,2026-07-09T09:42:00.000Z,1783590120000,180335752.4382,177672702.5821,0.0074,358008455
2026-07-09 19:43,2026-07-09T09:43:00.000Z,1783590180000,182543852.4543,175630714.6348,0.0193,358174567
2026-07-09 19:44,2026-07-09T09:44:00.000Z,1783590240000,183592983.2482,175662586.9488,0.0221,359255570
2026-07-09 19:45,2026-07-09T09:45:00.000Z,1783590300000,180307140.579,179751844.3461,0.0015,360058985
2026-07-09 19:46,2026-07-09T09:46:00.000Z,1783590360000,181695172.2955,178765548.1727,0.0081,360460720
2026-07-09 19:47,2026-07-09T09:47:00.000Z,1783590420000,178978084.2782,181980068.5061,-0.0083,360958153
2026-07-09 19:48,2026-07-09T09:48:00.000Z,1783590480000,173140780.6735,188974043.5347,-0.0437,362114824
2026-07-09 19:49,2026-07-09T09:49:00.000Z,1783590540000,169715088.2582,188043344.3646,-0.0512,357758433
2026-07-09 19:50,2026-07-09T09:50:00.000Z,1783590600000,171742032.6272,187486400.83,-0.0438,359228433
2026-07-09 19:51,2026-07-09T09:51:00.000Z,1783590660000,171033834.8517,189692893.497,-0.0517,360726728
2026-07-09 19:52,2026-07-09T09:52:00.000Z,1783590720000,170250545.3247,191760420.2814,-0.0594,362010966
2026-07-09 19:53,2026-07-09T09:53:00.000Z,1783590780000,170670895.7399,191997730.3263,-0.0588,362668626
2026-07-09 19:54,2026-07-09T09:54:00.000Z,1783590840000,168794894.0324,192186664.5783,-0.0648,360981559
2026-07-09 19:55,2026-07-09T09:55:00.000Z,1783590900000,161146055.0926,188085976.1107,-0.0771,349232031
2026-07-09 19:56,2026-07-09T09:56:00.000Z,1783590960000,156673269.815,192367762.4822,-0.1023,349041032
2026-07-09 19:57,2026-07-09T09:57:00.000Z,1783591020000,160131138.7385,189620886.7786,-0.0843,349752026
2026-07-09 19:58,2026-07-09T09:58:00.000Z,1783591080000,159319213.0252,188352196.5306,-0.0835,347671410
2026-07-09 19:59,2026-07-09T09:59:00.000Z,1783591140000,164408583.487,178480892.1675,-0.0410,342889476
2026-07-09 20:00,2026-07-09T10:00:00.000Z,1783591200000,166399010.8179,183159141.4559,-0.0479,349558152
2026-07-09 20:01,2026-07-09T10:01:00.000Z,1783591260000,164355117.2885,187467492.7336,-0.0657,351822610
2026-07-09 20:02,2026-07-09T10:02:00.000Z,1783591320000,165046370.0334,188240989.0478,-0.0657,353287359
2026-07-09 20:03,2026-07-09T10:03:00.000Z,1783591380000,168318032.4482,184555202.8382,-0.0460,352873235
2026-07-09 20:04,2026-07-09T10:04:00.000Z,1783591440000,167101749.1111,185520629.7866,-0.0522,352622379
2026-07-09 20:05,2026-07-09T10:05:00.000Z,1783591500000,164002806.5558,188417580.8929,-0.0693,352420387
2026-07-09 20:06,2026-07-09T10:06:00.000Z,1783591560000,164181093.8598,186206386.5745,-0.0629,350387480
2026-07-09 20:07,2026-07-09T10:07:00.000Z,1783591620000,161996948.4685,188870064.1047,-0.0766,350867013
2026-07-09 20:08,2026-07-09T10:08:00.000Z,1783591680000,154096178.0741,189238526.9697,-0.1024,343334705
2026-07-09 20:09,2026-07-09T10:09:00.000Z,1783591740000,155313388.8537,188312845.1659,-0.0960,343626234
2026-07-09 20:10,2026-07-09T10:10:00.000Z,1783591800000,155946413.9686,186941969.0489,-0.0904,342888383
2026-07-09 20:11,2026-07-09T10:11:00.000Z,1783591860000,158395395.4907,188674708.8309,-0.0872,347070104
2026-07-09 20:12,2026-07-09T10:12:00.000Z,1783591920000,152733472.7294,178281286.4265,-0.0772,331014759
2026-07-09 20:13,2026-07-09T10:13:00.000Z,1783591980000,159559683.7852,182907505.7863,-0.0682,342467190
2026-07-09 20:14,2026-07-09T10:14:00.000Z,1783592040000,173198560.6645,182247029.2101,-0.0255,355445590
2026-07-09 20:15,2026-07-09T10:15:00.000Z,1783592100000,162221957.259,175673152.101,-0.0398,337895109
2026-07-09 20:16,2026-07-09T10:16:00.000Z,1783592160000,170631536.5858,181363356.8382,-0.0305,351994893
2026-07-09 20:17,2026-07-09T10:17:00.000Z,1783592220000,168961110.957,183215358.6728,-0.0405,352176470
2026-07-09 20:18,2026-07-09T10:18:00.000Z,1783592280000,155892420.5432,180807934.7597,-0.0740,336700355
2026-07-09 20:19,2026-07-09T10:19:00.000Z,1783592340000,167601485.0571,183315547.4882,-0.0448,350917033
2026-07-09 20:20,2026-07-09T10:20:00.000Z,1783592400000,170462144.5746,182230689.0217,-0.0334,352692834
2026-07-09 20:21,2026-07-09T10:21:00.000Z,1783592460000,176011121.6183,176934442.2481,-0.0026,352945564
2026-07-09 20:22,2026-07-09T10:22:00.000Z,1783592520000,173063743.7302,175674157.8184,-0.0075,348737902
2026-07-09 20:23,2026-07-09T10:23:00.000Z,1783592580000,171426624.1123,179753010.805,-0.0237,351179635
2026-07-09 20:24,2026-07-09T10:24:00.000Z,1783592640000,163642582.5477,171746191.4816,-0.0242,335388774
2026-07-09 20:25,2026-07-09T10:25:00.000Z,1783592700000,171830243.4741,179092272.8212,-0.0207,350922516
2026-07-09 20:26,2026-07-09T10:26:00.000Z,1783592760000,172846609.7967,180318749.9525,-0.0212,353165360
2026-07-09 20:27,2026-07-09T10:27:00.000Z,1783592820000,172286932.5262,178379222.4928,-0.0174,350666155
2026-07-09 20:28,2026-07-09T10:28:00.000Z,1783592880000,170914912.2973,180677226.4606,-0.0278,351592139
2026-07-09 20:29,2026-07-09T10:29:00.000Z,1783592940000,169616980.6049,182479072.7447,-0.0365,352096053
2026-07-09 20:30,2026-07-09T10:30:00.000Z,1783593000000,170468349.2197,182384149.4817,-0.0338,352852499
2026-07-09 20:31,2026-07-09T10:31:00.000Z,1783593060000,169713738.107,182562692.3508,-0.0365,352276430
2026-07-09 20:32,2026-07-09T10:32:00.000Z,1783593120000,169976283.1587,182854702.9505,-0.0365,352830986
2026-07-09 20:33,2026-07-09T10:33:00.000Z,1783593180000,169381468.7979,183477321.4847,-0.0399,352858790
2026-07-09 20:34,2026-07-09T10:34:00.000Z,1783593240000,162420196.1002,176517402.5234,-0.0416,338937599
2026-07-09 20:35,2026-07-09T10:35:00.000Z,1783593300000,169642054.3198,181340248.3969,-0.0333,350982303
2026-07-09 20:36,2026-07-09T10:36:00.000Z,1783593360000,161762795.2707,184305773.6193,-0.0651,346068569
2026-07-09 20:37,2026-07-09T10:37:00.000Z,1783593420000,155810938.8409,178738600.8004,-0.0685,334549540
2026-07-09 20:38,2026-07-09T10:38:00.000Z,1783593480000,168857892.6696,181559995.7248,-0.0362,350417888
2026-07-09 20:39,2026-07-09T10:39:00.000Z,1783593540000,168864252.2852,182624628.6097,-0.0391,351488881
2026-07-09 20:40,2026-07-09T10:40:00.000Z,1783593600000,167622879.9541,183891606.5649,-0.0463,351514487
2026-07-09 20:41,2026-07-09T10:41:00.000Z,1783593660000,171940746.1722,182207161.2324,-0.0290,354147907
2026-07-09 20:42,2026-07-09T10:42:00.000Z,1783593720000,168011120.1043,183437274.7579,-0.0439,351448395
2026-07-09 20:43,2026-07-09T10:43:00.000Z,1783593780000,165181966.957,171227691.5899,-0.0180,336409659
2026-07-09 20:44,2026-07-09T10:44:00.000Z,1783593840000,164737281.3141,172022140.6867,-0.0216,336759422
2026-07-09 20:45,2026-07-09T10:45:00.000Z,1783593900000,167720229.2147,183108284.6626,-0.0439,350828514
2026-07-09 20:46,2026-07-09T10:46:00.000Z,1783593960000,170050193.3778,179136636.984,-0.0260,349186830
2026-07-09 20:47,2026-07-09T10:47:00.000Z,1783594020000,166883344.8607,169636392.2263,-0.0082,336519737
2026-07-09 20:48,2026-07-09T10:48:00.000Z,1783594080000,169362088.595,178660091.2952,-0.0267,348022180
2026-07-09 20:49,2026-07-09T10:49:00.000Z,1783594140000,171359723.961,176942441.6718,-0.0160,348302166
2026-07-09 20:50,2026-07-09T10:50:00.000Z,1783594200000,171475272.7053,175257425.6191,-0.0109,346732698
2026-07-09 20:51,2026-07-09T10:51:00.000Z,1783594260000,161856243.2276,170812028.749,-0.0269,332668272
2026-07-09 20:52,2026-07-09T10:52:00.000Z,1783594320000,172612436.2064,176008709.8419,-0.0097,348621146
2026-07-09 20:53,2026-07-09T10:53:00.000Z,1783594380000,180736426.45,153642684.357,0.0810,334379111
2026-07-09 20:54,2026-07-09T10:54:00.000Z,1783594440000,173068085.286,162908034.7852,0.0302,335976120
2026-07-09 20:55,2026-07-09T10:55:00.000Z,1783594500000,166374221.0053,159849464.9435,0.0200,326223686
2026-07-09 20:56,2026-07-09T10:56:00.000Z,1783594560000,175582887.6759,164790932.4757,0.0317,340373820
2026-07-09 20:57,2026-07-09T10:57:00.000Z,1783594620000,173350385.3449,164623071.0524,0.0258,337973456
2026-07-09 20:58,2026-07-09T10:58:00.000Z,1783594680000,167859737.4201,172605035.0794,-0.0139,340464772
2026-07-09 20:59,2026-07-09T10:59:00.000Z,1783594740000,169580247.8041,173295074.202,-0.0108,342875322
2026-07-09 21:00,2026-07-09T11:00:00.000Z,1783594800000,161591191.7997,169289509.1133,-0.0233,330880701
2026-07-09 21:01,2026-07-09T11:01:00.000Z,1783594860000,162926233.5019,173692481.3931,-0.0320,336618715
2026-07-09 21:02,2026-07-09T11:02:00.000Z,1783594920000,160004473.2443,180009493.0971,-0.0588,340013966
2026-07-09 21:03,2026-07-09T11:03:00.000Z,1783594980000,155405925.107,172434083.3128,-0.0519,327840008
2026-07-09 21:04,2026-07-09T11:04:00.000Z,1783595040000,159937493.603,177107535.5988,-0.0509,337045029
2026-07-09 21:05,2026-07-09T11:05:00.000Z,1783595100000,163385212.391,172301339.8075,-0.0266,335686552
2026-07-09 21:06,2026-07-09T11:06:00.000Z,1783595160000,159105621.1808,181079490.9469,-0.0646,340185112
2026-07-09 21:07,2026-07-09T11:07:00.000Z,1783595220000,165567357.7595,172932773.1373,-0.0218,338500131
2026-07-09 21:08,2026-07-09T11:08:00.000Z,1783595280000,160870675.195,181434038.9701,-0.0601,342304714
2026-07-09 21:09,2026-07-09T11:09:00.000Z,1783595340000,166554581.4625,172666366.5402,-0.0180,339220948
2026-07-09 21:10,2026-07-09T11:10:00.000Z,1783595400000,166065249.6211,173968887.3224,-0.0232,340034137
2026-07-09 21:11,2026-07-09T11:11:00.000Z,1783595460000,166127330.2307,173345997.0312,-0.0213,339473327
2026-07-09 21:12,2026-07-09T11:12:00.000Z,1783595520000,156587496.744,184888241.2347,-0.0829,341475738
2026-07-09 21:13,2026-07-09T11:13:00.000Z,1783595580000,153126998.6589,184276581.7852,-0.0923,337403580
2026-07-09 21:14,2026-07-09T11:14:00.000Z,1783595640000,155170192.1809,184173379.8086,-0.0855,339343572
2026-07-09 21:15,2026-07-09T11:15:00.000Z,1783595700000,154548594.1275,183181031.6974,-0.0848,337729626
2026-07-09 21:16,2026-07-09T11:16:00.000Z,1783595760000,160758814.5197,162482407.9642,-0.0053,323241222
2026-07-09 21:17,2026-07-09T11:17:00.000Z,1783595820000,175688922.4424,160119770.2781,0.0464,335808693
2026-07-09 21:18,2026-07-09T11:18:00.000Z,1783595880000,174484935.6384,162270752.899,0.0363,336755689
2026-07-09 21:19,2026-07-09T11:19:00.000Z,1783595940000,169418628.933,165871934.6625,0.0106,335290564
2026-07-09 21:20,2026-07-09T11:20:00.000Z,1783596000000,181796107.5424,159713806.1833,0.0647,341509914
2026-07-09 21:21,2026-07-09T11:21:00.000Z,1783596060000,165119302.2294,161961248.564,0.0097,327080551
2026-07-09 21:22,2026-07-09T11:22:00.000Z,1783596120000,168811482.3032,158814958.6757,0.0305,327626441
2026-07-09 21:23,2026-07-09T11:23:00.000Z,1783596180000,178807178.7127,163821199.8989,0.0437,342628379
2026-07-09 21:24,2026-07-09T11:24:00.000Z,1783596240000,178458048.1919,163605172.5781,0.0434,342063221
2026-07-09 21:25,2026-07-09T11:25:00.000Z,1783596300000,181599960.3118,151693807.7629,0.0897,333293768
2026-07-09 21:26,2026-07-09T11:26:00.000Z,1783596360000,179546815.5875,174403692.4831,0.0145,353950508
2026-07-09 21:27,2026-07-09T11:27:00.000Z,1783596420000,185132943.093,168298161.1397,0.0476,353431104
2026-07-09 21:28,2026-07-09T11:28:00.000Z,1783596480000,186165958.5716,169031759.5815,0.0482,355197718
2026-07-09 21:29,2026-07-09T11:29:00.000Z,1783596540000,185544808.9787,171010849.5669,0.0408,356555659
2026-07-09 21:30,2026-07-09T11:30:00.000Z,1783596600000,177915721.4523,163121810.3302,0.0434,341037532
2026-07-09 21:31,2026-07-09T11:31:00.000Z,1783596660000,181370438.6148,161012714.2214,0.0595,342383153
2026-07-09 21:32,2026-07-09T11:32:00.000Z,1783596720000,180999153.3333,172604245.07,0.0237,353603398
2026-07-09 21:33,2026-07-09T11:33:00.000Z,1783596780000,189589378.1837,166091543.6611,0.0661,355680922
2026-07-09 21:34,2026-07-09T11:34:00.000Z,1783596840000,185831469.0442,164954690.0421,0.0595,350786159
2026-07-09 21:35,2026-07-09T11:35:00.000Z,1783596900000,182679359.8671,167090793.7332,0.0446,349770154
2026-07-09 21:36,2026-07-09T11:36:00.000Z,1783596960000,182572832.8243,164732750.7149,0.0514,347305584
2026-07-09 21:37,2026-07-09T11:37:00.000Z,1783597020000,183375249.5875,163625057.7999,0.0569,347000307
2026-07-09 21:38,2026-07-09T11:38:00.000Z,1783597080000,177141688.7035,159661688.2543,0.0519,336803377
2026-07-09 21:39,2026-07-09T11:39:00.000Z,1783597140000,173674725.1888,173947648.8439,-0.0008,347622374
2026-07-09 21:40,2026-07-09T11:40:00.000Z,1783597200000,177307571.9249,170617542.9598,0.0192,347925115
2026-07-09 21:41,2026-07-09T11:41:00.000Z,1783597260000,178646948.1716,153006265.993,0.0773,331653214
2026-07-09 21:42,2026-07-09T11:42:00.000Z,1783597320000,182586379.3331,160144427.2543,0.0655,342730807
2026-07-09 21:43,2026-07-09T11:43:00.000Z,1783597380000,181762828.2823,161925310.8603,0.0577,343688139
2026-07-09 21:44,2026-07-09T11:44:00.000Z,1783597440000,181855549.7392,163245142.3953,0.0539,345100692
2026-07-09 21:45,2026-07-09T11:45:00.000Z,1783597500000,178006560.1491,157535516.8038,0.0610,335542077
2026-07-09 21:46,2026-07-09T11:46:00.000Z,1783597560000,187184232.1108,160739860.4547,0.0760,347924093
2026-07-09 21:47,2026-07-09T11:47:00.000Z,1783597620000,182515790.6179,166697160.4241,0.0453,349212951
2026-07-09 21:48,2026-07-09T11:48:00.000Z,1783597680000,178838382.3357,172285271.4362,0.0187,351123654
2026-07-09 21:49,2026-07-09T11:49:00.000Z,1783597740000,173941602.9525,176024770.8177,-0.0060,349966374
2026-07-09 21:50,2026-07-09T11:50:00.000Z,1783597800000,183301574.7815,171318351.9333,0.0338,354619927
2026-07-09 21:51,2026-07-09T11:51:00.000Z,1783597860000,179955772.4254,175489939.507,0.0126,355445712
2026-07-09 21:52,2026-07-09T11:52:00.000Z,1783597920000,167605003.5887,170572147.4904,-0.0088,338177151
2026-07-09 21:53,2026-07-09T11:53:00.000Z,1783597980000,172824463.8194,175351789.1194,-0.0073,348176253
2026-07-09 21:54,2026-07-09T11:54:00.000Z,1783598040000,168817213.405,168133458.107,0.0020,336950672
2026-07-09 21:55,2026-07-09T11:55:00.000Z,1783598100000,182299439.3375,172559109.6429,0.0274,354858549
2026-07-09 21:56,2026-07-09T11:56:00.000Z,1783598160000,177216699.3318,176380779.5278,0.0024,353597479
2026-07-09 21:57,2026-07-09T11:57:00.000Z,1783598220000,172087234.1862,176376316.9113,-0.0123,348463551
2026-07-09 21:58,2026-07-09T11:58:00.000Z,1783598280000,173273026.1084,176883754.6514,-0.0103,350156781
2026-07-09 21:59,2026-07-09T11:59:00.000Z,1783598340000,176104656.9153,167666104.5388,0.0245,343770761
2026-07-09 22:00,2026-07-09T12:00:00.000Z,1783598400000,176883701.369,168335976.4167,0.0248,345219678
2026-07-09 22:01,2026-07-09T12:01:00.000Z,1783598460000,178839849.9181,168223329.0347,0.0306,347063179
2026-07-09 22:02,2026-07-09T12:02:00.000Z,1783598520000,182028978.5278,168622581.7217,0.0382,350651560
2026-07-09 22:03,2026-07-09T12:03:00.000Z,1783598580000,181188177.3868,169280783.1575,0.0340,350468961
2026-07-09 22:04,2026-07-09T12:04:00.000Z,1783598640000,185455124.6183,161573078.0058,0.0688,347028203
2026-07-09 22:05,2026-07-09T12:05:00.000Z,1783598700000,188632769.1946,155118626.7313,0.0975,343751396
2026-07-09 22:06,2026-07-09T12:06:00.000Z,1783598760000,200085398.9974,151872267.3088,0.1370,351957666
2026-07-09 22:07,2026-07-09T12:07:00.000Z,1783598820000,189734757.971,160586144.2801,0.0832,350320902
2026-07-09 22:08,2026-07-09T12:08:00.000Z,1783598880000,182696134.7259,170036247.6939,0.0359,352732382
2026-07-09 22:09,2026-07-09T12:09:00.000Z,1783598940000,168435631.8731,175729053.6436,-0.0212,344164686
2026-07-09 22:10,2026-07-09T12:10:00.000Z,1783599000000,180118630.1058,173869281.7169,0.0177,353987912
2026-07-09 22:11,2026-07-09T12:11:00.000Z,1783599060000,181781249.5924,171644985.4372,0.0287,353426235
2026-07-09 22:12,2026-07-09T12:12:00.000Z,1783599120000,182257785.0934,170659654.1688,0.0329,352917439
2026-07-09 22:13,2026-07-09T12:13:00.000Z,1783599180000,187918200.742,162936094.824,0.0712,350854296
2026-07-09 22:14,2026-07-09T12:14:00.000Z,1783599240000,196830640.1429,161837065.6308,0.0976,358667706
2026-07-09 22:15,2026-07-09T12:15:00.000Z,1783599300000,196276016.5294,157055246.8927,0.1110,353331263
2026-07-09 22:16,2026-07-09T12:16:00.000Z,1783599360000,193401072.5654,164897721.8357,0.0796,358298794
2026-07-09 22:17,2026-07-09T12:17:00.000Z,1783599420000,200264432.3039,155231233.7947,0.1267,355495666
2026-07-09 22:18,2026-07-09T12:18:00.000Z,1783599480000,190020736.8929,163351138.2431,0.0755,353371875
2026-07-09 22:19,2026-07-09T12:19:00.000Z,1783599540000,182173647.249,171951171.386,0.0289,354124819
2026-07-09 22:20,2026-07-09T12:20:00.000Z,1783599600000,179136334.0054,160929070.1274,0.0535,340065404
2026-07-09 22:21,2026-07-09T12:21:00.000Z,1783599660000,185859211.661,168221566.0107,0.0498,354080778
2026-07-09 22:22,2026-07-09T12:22:00.000Z,1783599720000,185709006.1595,168180266.2609,0.0495,353889272
2026-07-09 22:23,2026-07-09T12:23:00.000Z,1783599780000,187437020.9513,165978858.9613,0.0607,353415880
2026-07-09 22:24,2026-07-09T12:24:00.000Z,1783599840000,182151789.2955,171591604.4083,0.0299,353743394
2026-07-09 22:25,2026-07-09T12:25:00.000Z,1783599900000,182581385.0921,171648139.6542,0.0309,354229525
2026-07-09 22:26,2026-07-09T12:26:00.000Z,1783599960000,189170886.7893,165705259.3138,0.0661,354876146
2026-07-09 22:27,2026-07-09T12:27:00.000Z,1783600020000,185099451.466,168577751.8026,0.0467,353677203
2026-07-09 22:28,2026-07-09T12:28:00.000Z,1783600080000,187854540.3641,146300224.5398,0.1244,334154765
2026-07-09 22:29,2026-07-09T12:29:00.000Z,1783600140000,184845318.85,167693440.5098,0.0487,352538759
2026-07-09 22:30,2026-07-09T12:30:00.000Z,1783600200000,182906612.5759,160115854.2906,0.0664,343022467
2026-07-09 22:31,2026-07-09T12:31:00.000Z,1783600260000,190628522.7514,162349990.0651,0.0801,352978513
2026-07-09 22:32,2026-07-09T12:32:00.000Z,1783600320000,187135140.5331,171652679.3082,0.0432,358787820
2026-07-09 22:33,2026-07-09T12:33:00.000Z,1783600380000,198319191.562,160961664.9773,0.1040,359280857
2026-07-09 22:34,2026-07-09T12:34:00.000Z,1783600440000,181010376.2383,177441737.6208,0.0100,358452114
2026-07-09 22:35,2026-07-09T12:35:00.000Z,1783600500000,183344881.0175,173561371.5997,0.0274,356906253
2026-07-09 22:36,2026-07-09T12:36:00.000Z,1783600560000,179697660.3574,181246567.0171,-0.0043,360944227
2026-07-09 22:37,2026-07-09T12:37:00.000Z,1783600620000,180336671.9184,180505386.2288,-0.0005,360842058
2026-07-09 22:38,2026-07-09T12:38:00.000Z,1783600680000,172857385.6831,187176299.3141,-0.0398,360033685
2026-07-09 22:39,2026-07-09T12:39:00.000Z,1783600740000,175297452.0663,176399647.3453,-0.0031,351697099
2026-07-09 22:40,2026-07-09T12:40:00.000Z,1783600800000,171027421.971,182416622.0246,-0.0322,353444044
2026-07-09 22:41,2026-07-09T12:41:00.000Z,1783600860000,168594191.617,165615764.9748,0.0089,334209957
2026-07-09 22:42,2026-07-09T12:42:00.000Z,1783600920000,175593958.709,158181738.8221,0.0522,333775698
2026-07-09 22:43,2026-07-09T12:43:00.000Z,1783600980000,191812185.3972,154970675.0706,0.1062,346782860
2026-07-09 22:44,2026-07-09T12:44:00.000Z,1783601040000,194000429.28,152464296.2695,0.1199,346464726
2026-07-09 22:45,2026-07-09T12:45:00.000Z,1783601100000,192149009.3886,158950958.7526,0.0946,351099968
2026-07-09 22:46,2026-07-09T12:46:00.000Z,1783601160000,196886424.9492,151423950.5019,0.1305,348310375
2026-07-09 22:47,2026-07-09T12:47:00.000Z,1783601220000,189683993.1845,145420211.1477,0.1321,335104204
2026-07-09 22:48,2026-07-09T12:48:00.000Z,1783601280000,186180600.9588,167647006.0982,0.0524,353827607
2026-07-09 22:49,2026-07-09T12:49:00.000Z,1783601340000,181259191.1256,155344084.0584,0.0770,336603275
2026-07-09 22:50,2026-07-09T12:50:00.000Z,1783601400000,179490213.9293,163567276.198,0.0464,343057490
2026-07-09 22:51,2026-07-09T12:51:00.000Z,1783601460000,188162524.4638,167407935.8844,0.0584,355570460
2026-07-09 22:52,2026-07-09T12:52:00.000Z,1783601520000,189575278.0484,167793952.0689,0.0609,357369230
2026-07-09 22:53,2026-07-09T12:53:00.000Z,1783601580000,191791468.3119,165541564.5453,0.0735,357333033
2026-07-09 22:54,2026-07-09T12:54:00.000Z,1783601640000,185308106.1856,165653647.824,0.0560,350961754
2026-07-09 22:55,2026-07-09T12:55:00.000Z,1783601700000,187930036.7891,165026141.9472,0.0649,352956179
2026-07-09 22:56,2026-07-09T12:56:00.000Z,1783601760000,181150957.3738,157176693.0317,0.0709,338327650
2026-07-09 22:57,2026-07-09T12:57:00.000Z,1783601820000,189376079.3764,164556197.1703,0.0701,353932277
2026-07-09 22:58,2026-07-09T12:58:00.000Z,1783601880000,182416140.0303,179431722.9919,0.0082,361847863
2026-07-09 22:59,2026-07-09T12:59:00.000Z,1783601940000,189708365.5818,167318061.781,0.0627,357026427
2026-07-09 23:00,2026-07-09T13:00:00.000Z,1783602000000,183694650.44,161304184.0213,0.0649,344998834
2026-07-09 23:01,2026-07-09T13:01:00.000Z,1783602060000,175298984.7533,174535532.4402,0.0022,349834517
2026-07-09 23:02,2026-07-09T13:02:00.000Z,1783602120000,178673211.5185,185049598.0629,-0.0175,363722810
2026-07-09 23:03,2026-07-09T13:03:00.000Z,1783602180000,175732429.9343,185007922.1817,-0.0257,360740352
2026-07-09 23:04,2026-07-09T13:04:00.000Z,1783602240000,172540788.8583,182055858.4092,-0.0268,354596647
2026-07-09 23:05,2026-07-09T13:05:00.000Z,1783602300000,170549632.0794,188014379.6284,-0.0487,358564012
2026-07-09 23:06,2026-07-09T13:06:00.000Z,1783602360000,172957079.0534,176004073.6023,-0.0087,348961153
2026-07-09 23:07,2026-07-09T13:07:00.000Z,1783602420000,165609699.4977,178513067.3688,-0.0375,344122767
2026-07-09 23:08,2026-07-09T13:08:00.000Z,1783602480000,173127064.7564,177155413.7675,-0.0115,350282479
2026-07-09 23:09,2026-07-09T13:09:00.000Z,1783602540000,171193659.7293,186198955.8009,-0.0420,357392616
2026-07-09 23:10,2026-07-09T13:10:00.000Z,1783602600000,165389555.5697,189011565.9013,-0.0667,354401121
2026-07-09 23:11,2026-07-09T13:11:00.000Z,1783602660000,166091700.3117,185718377.0414,-0.0558,351810077
2026-07-09 23:12,2026-07-09T13:12:00.000Z,1783602720000,170676164.2087,186259388.311,-0.0437,356935553
2026-07-09 23:13,2026-07-09T13:13:00.000Z,1783602780000,164849891.9199,185312718.7882,-0.0584,350162611
2026-07-09 23:14,2026-07-09T13:14:00.000Z,1783602840000,166628516.0797,181626682.7097,-0.0431,348255199
2026-07-09 23:15,2026-07-09T13:15:00.000Z,1783602900000,166918936.9865,181667157.465,-0.0423,348586094
2026-07-09 23:16,2026-07-09T13:16:00.000Z,1783602960000,170613768.4147,179644472.302,-0.0258,350258241
2026-07-09 23:17,2026-07-09T13:17:00.000Z,1783603020000,174357142.128,169580944.1549,0.0139,343938086
2026-07-09 23:18,2026-07-09T13:18:00.000Z,1783603080000,167289370.3497,180849538.6848,-0.0390,348138909
2026-07-09 23:19,2026-07-09T13:19:00.000Z,1783603140000,169322394.979,182381584.0061,-0.0371,351703979
2026-07-09 23:20,2026-07-09T13:20:00.000Z,1783603200000,168823227.8275,182149374.3864,-0.0380,350972602
2026-07-09 23:21,2026-07-09T13:21:00.000Z,1783603260000,174501286.5234,170949804.6519,0.0103,345451091
2026-07-09 23:22,2026-07-09T13:22:00.000Z,1783603320000,163378999.1442,169998642.8307,-0.0199,333377642
2026-07-09 23:23,2026-07-09T13:23:00.000Z,1783603380000,170137069.3294,178131582.5487,-0.0230,348268652
2026-07-09 23:24,2026-07-09T13:24:00.000Z,1783603440000,176632997.3765,167466483.1814,0.0266,344099481
2026-07-09 23:25,2026-07-09T13:25:00.000Z,1783603500000,172564250.5563,170110058.6565,0.0072,342674309
2026-07-09 23:26,2026-07-09T13:26:00.000Z,1783603560000,170282451.5025,172795543.5122,-0.0073,343077995
2026-07-09 23:27,2026-07-09T13:27:00.000Z,1783603620000,168407022.8122,173037523.4589,-0.0136,341444546
2026-07-09 23:28,2026-07-09T13:28:00.000Z,1783603680000,183977244.2646,169911508.6395,0.0397,353888753
2026-07-09 23:29,2026-07-09T13:29:00.000Z,1783603740000,187779505.9281,169310483.365,0.0517,357089989
2026-07-09 23:30,2026-07-09T13:30:00.000Z,1783603800000,185960206.0085,175513347.1056,0.0289,361473553
2026-07-09 23:31,2026-07-09T13:31:00.000Z,1783603860000,194812062.5524,164189227.342,0.0853,359001290
2026-07-09 23:32,2026-07-09T13:32:00.000Z,1783603920000,208664700.8241,159827285.5549,0.1325,368491986
2026-07-09 23:33,2026-07-09T13:33:00.000Z,1783603980000,193656940.644,168462451.2311,0.0696,362119392
2026-07-09 23:34,2026-07-09T13:34:00.000Z,1783604040000,192040409.767,175130664.0204,0.0461,367171074
2026-07-09 23:35,2026-07-09T13:35:00.000Z,1783604100000,195350976.8419,173330353.3279,0.0597,368681330
2026-07-09 23:36,2026-07-09T13:36:00.000Z,1783604160000,203240567.488,165278119.9552,0.1030,368518687
2026-07-09 23:37,2026-07-09T13:37:00.000Z,1783604220000,197080048.4793,171343653.3348,0.0699,368423702
2026-07-09 23:38,2026-07-09T13:38:00.000Z,1783604280000,187973587.2899,171804890.4972,0.0449,359778478
2026-07-09 23:39,2026-07-09T13:39:00.000Z,1783604340000,200079049.9026,165908112.0157,0.0934,365987162
2026-07-09 23:40,2026-07-09T13:40:00.000Z,1783604400000,201620188.4174,164979636.7315,0.0999,366599825
2026-07-09 23:41,2026-07-09T13:41:00.000Z,1783604460000,198320757.885,163693114.5202,0.0957,362013872
2026-07-09 23:42,2026-07-09T13:42:00.000Z,1783604520000,185967698.285,176858975.899,0.0251,362826674
2026-07-09 23:43,2026-07-09T13:43:00.000Z,1783604580000,184344246.2428,175623202.4444,0.0242,359967449
2026-07-09 23:44,2026-07-09T13:44:00.000Z,1783604640000,184846840.2857,179926695.0726,0.0135,364773535
2026-07-09 23:45,2026-07-09T13:45:00.000Z,1783604700000,169159431.4852,190508312.5813,-0.0594,359667744
2026-07-09 23:46,2026-07-09T13:46:00.000Z,1783604760000,170051865.7072,188966959.6472,-0.0527,359018825
2026-07-09 23:47,2026-07-09T13:47:00.000Z,1783604820000,179587880.5257,179387568.644,0.0006,358975449
2026-07-09 23:48,2026-07-09T13:48:00.000Z,1783604880000,188024728.854,177090411.7641,0.0299,365115141
2026-07-09 23:49,2026-07-09T13:49:00.000Z,1783604940000,191538139.2009,168903317.3737,0.0628,360441457
2026-07-09 23:50,2026-07-09T13:50:00.000Z,1783605000000,189097436.8764,181221014.0531,0.0213,370318451
2026-07-09 23:51,2026-07-09T13:51:00.000Z,1783605060000,192113576.9968,185460698.5791,0.0176,377574276
2026-07-09 23:52,2026-07-09T13:52:00.000Z,1783605120000,182565473.135,183434744.6301,-0.0024,366000218
2026-07-09 23:53,2026-07-09T13:53:00.000Z,1783605180000,169976680.6878,199013501.7598,-0.0787,368990182
2026-07-09 23:54,2026-07-09T13:54:00.000Z,1783605240000,178517082.7653,176219548.0327,0.0065,354736631
2026-07-09 23:55,2026-07-09T13:55:00.000Z,1783605300000,177599953.4197,181852434.9855,-0.0118,359452388
2026-07-09 23:56,2026-07-09T13:56:00.000Z,1783605360000,175574371.7495,178132884.2814,-0.0072,353707256
2026-07-09 23:57,2026-07-09T13:57:00.000Z,1783605420000,181386147.6401,158432340.5709,0.0675,339818488
2026-07-09 23:58,2026-07-09T13:58:00.000Z,1783605480000,185806031.9913,169666727.0229,0.0454,355472759
2026-07-09 23:59,2026-07-09T13:59:00.000Z,1783605540000,179831971.4019,179347701.2012,0.0013,359179673
2026-07-10 00:00,2026-07-09T14:00:00.000Z,1783605600000,177173233.3069,173757194.8241,0.0097,350930428
2026-07-10 00:01,2026-07-09T14:01:00.000Z,1783605660000,180878480.4687,181178774.6347,-0.0008,362057255
2026-07-10 00:02,2026-07-09T14:02:00.000Z,1783605720000,185816932.7279,182711392.5177,0.0084,368528325
2026-07-10 00:03,2026-07-09T14:03:00.000Z,1783605780000,192763732.218,181530621.7257,0.0300,374294354
2026-07-10 00:04,2026-07-09T14:04:00.000Z,1783605840000,180175405.386,188900186.5396,-0.0236,369075592
2026-07-10 00:05,2026-07-09T14:05:00.000Z,1783605900000,191596348.2364,178332919.1795,0.0359,369929267
2026-07-10 00:06,2026-07-09T14:06:00.000Z,1783605960000,188935960.7981,174286913.2543,0.0403,363222874
2026-07-10 00:07,2026-07-09T14:07:00.000Z,1783606020000,200113689.5474,166810193.4537,0.0908,366923883
2026-07-10 00:08,2026-07-09T14:08:00.000Z,1783606080000,210676259.2373,165612150.1251,0.1198,376288409
2026-07-10 00:09,2026-07-09T14:09:00.000Z,1783606140000,207987708.5592,173496324.1765,0.0904,381484033
2026-07-10 00:10,2026-07-09T14:10:00.000Z,1783606200000,212640336.3615,170505814.8885,0.1100,383146151
2026-07-10 00:11,2026-07-09T14:11:00.000Z,1783606260000,208501335.4929,163334121.1542,0.1215,371835457
2026-07-10 00:12,2026-07-09T14:12:00.000Z,1783606320000,206559983.4665,171023380.5535,0.0941,377583364
2026-07-10 00:13,2026-07-09T14:13:00.000Z,1783606380000,202287257.4646,159857308.6215,0.1172,362144566
2026-07-10 00:14,2026-07-09T14:14:00.000Z,1783606440000,201547234.9812,176938301.7207,0.0650,378485537
2026-07-10 00:15,2026-07-09T14:15:00.000Z,1783606500000,204415488.5009,170670217.5969,0.0900,375085706
2026-07-10 00:16,2026-07-09T14:16:00.000Z,1783606560000,211160401.7585,154481487.0935,0.1550,365641889
2026-07-10 00:17,2026-07-09T14:17:00.000Z,1783606620000,200662220.7323,172143840.6817,0.0765,372806061
2026-07-10 00:18,2026-07-09T14:18:00.000Z,1783606680000,204425995.3122,170391155.9297,0.0908,374817151
2026-07-10 00:19,2026-07-09T14:19:00.000Z,1783606740000,205444206.0466,169437890.2529,0.0960,374882096
2026-07-10 00:20,2026-07-09T14:20:00.000Z,1783606800000,207188393.1093,168561097.95,0.1028,375749491
2026-07-10 00:21,2026-07-09T14:21:00.000Z,1783606860000,217631355.501,155387143.4916,0.1669,373018499
2026-07-10 00:22,2026-07-09T14:22:00.000Z,1783606920000,204365313.8857,157740928.3923,0.1288,362106242
2026-07-10 00:23,2026-07-09T14:23:00.000Z,1783606980000,198821996.4861,164942625.1562,0.0931,363764622
2026-07-10 00:24,2026-07-09T14:24:00.000Z,1783607040000,194490657.2345,175623090.8855,0.0510,370113748
2026-07-10 00:25,2026-07-09T14:25:00.000Z,1783607100000,194489686.4976,171391461.6445,0.0631,365881148
2026-07-10 00:26,2026-07-09T14:26:00.000Z,1783607160000,198980292.8508,172147087.9283,0.0723,371127381
2026-07-10 00:27,2026-07-09T14:27:00.000Z,1783607220000,197790037.9968,172791100.8302,0.0675,370581139
2026-07-10 00:28,2026-07-09T14:28:00.000Z,1783607280000,189231885.9668,179582652.9954,0.0262,368814539
2026-07-10 00:29,2026-07-09T14:29:00.000Z,1783607340000,188001806.9017,176074207.4111,0.0328,364076014
2026-07-10 00:30,2026-07-09T14:30:00.000Z,1783607400000,189873145.7172,172779562.2023,0.0471,362652708
2026-07-10 00:31,2026-07-09T14:31:00.000Z,1783607460000,196619966.2773,165180312.8896,0.0869,361800279
2026-07-10 00:32,2026-07-09T14:32:00.000Z,1783607520000,195621880.6377,165384200.4529,0.0838,361006081
2026-07-10 00:33,2026-07-09T14:33:00.000Z,1783607580000,195386977.5552,165406367.1712,0.0831,360793345
2026-07-10 00:34,2026-07-09T14:34:00.000Z,1783607640000,197756521.7186,166991875.6311,0.0843,364748397
2026-07-10 00:35,2026-07-09T14:35:00.000Z,1783607700000,196957509.484,168807912.2879,0.0770,365765422
2026-07-10 00:36,2026-07-09T14:36:00.000Z,1783607760000,194561927.4381,169786468.5882,0.0680,364348396
2026-07-10 00:37,2026-07-09T14:37:00.000Z,1783607820000,199758243.921,165327945.4533,0.0943,365086189
2026-07-10 00:38,2026-07-09T14:38:00.000Z,1783607880000,194958347.6237,171323824.1067,0.0645,366282172
2026-07-10 00:39,2026-07-09T14:39:00.000Z,1783607940000,187549263.9833,176118790.9679,0.0314,363668055
2026-07-10 00:40,2026-07-09T14:40:00.000Z,1783608000000,182939496.7634,180719370.6458,0.0061,363658867
2026-07-10 00:41,2026-07-09T14:41:00.000Z,1783608060000,189627511.3401,175510284.5112,0.0387,365137796
2026-07-10 00:42,2026-07-09T14:42:00.000Z,1783608120000,190251997.2442,166754270.2575,0.0658,357006268
2026-07-10 00:43,2026-07-09T14:43:00.000Z,1783608180000,187795778.2773,179977212.1281,0.0213,367772990
2026-07-10 00:44,2026-07-09T14:44:00.000Z,1783608240000,197316872.4071,172586222.0246,0.0669,369903094
2026-07-10 00:45,2026-07-09T14:45:00.000Z,1783608300000,199566016.723,167874264.741,0.0863,367440281
2026-07-10 00:46,2026-07-09T14:46:00.000Z,1783608360000,188567061.1045,163214766.0048,0.0721,351781827
2026-07-10 00:47,2026-07-09T14:47:00.000Z,1783608420000,185296305.2791,179554329.9553,0.0157,364850635
2026-07-10 00:48,2026-07-09T14:48:00.000Z,1783608480000,196353988.564,169311320.0314,0.0740,365665309
2026-07-10 00:49,2026-07-09T14:49:00.000Z,1783608540000,185368028.3406,161363406.6889,0.0692,346731435
2026-07-10 00:50,2026-07-09T14:50:00.000Z,1783608600000,190148833.0828,169046923.758,0.0587,359195757
2026-07-10 00:51,2026-07-09T14:51:00.000Z,1783608660000,188138297.3609,167858544.9671,0.0570,355996842
2026-07-10 00:52,2026-07-09T14:52:00.000Z,1783608720000,199414366.9505,157209297.0279,0.1183,356623664
2026-07-10 00:53,2026-07-09T14:53:00.000Z,1783608780000,198532400.8623,158771810.4666,0.1113,357304211
2026-07-10 00:54,2026-07-09T14:54:00.000Z,1783608840000,189674883.4208,161696108.7219,0.0796,351370992
2026-07-10 00:55,2026-07-09T14:55:00.000Z,1783608900000,183003179.41,170361744.6649,0.0358,353364924
2026-07-10 00:56,2026-07-09T14:56:00.000Z,1783608960000,185143789.0003,168224410.0543,0.0479,353368199
2026-07-10 00:57,2026-07-09T14:57:00.000Z,1783609020000,185953873.0294,167065972.4637,0.0535,353019845
2026-07-10 00:58,2026-07-09T14:58:00.000Z,1783609080000,181467165.7447,173593964.1738,0.0222,355061130
2026-07-10 00:59,2026-07-09T14:59:00.000Z,1783609140000,180859529.8359,171629577.4218,0.0262,352489107
2026-07-10 01:00,2026-07-09T15:00:00.000Z,1783609200000,170682044.6316,169264329.3223,0.0042,339946374
2026-07-10 01:01,2026-07-09T15:01:00.000Z,1783609260000,177883294.2144,174843038.3349,0.0086,352726333
2026-07-10 01:02,2026-07-09T15:02:00.000Z,1783609320000,185085872.0011,168273344.0429,0.0476,353359216
2026-07-10 01:03,2026-07-09T15:03:00.000Z,1783609380000,197131373.0094,156416421.7475,0.1152,353547795
2026-07-10 01:04,2026-07-09T15:04:00.000Z,1783609440000,189498273.9531,171226406.664,0.0507,360724681
2026-07-10 01:05,2026-07-09T15:05:00.000Z,1783609500000,187646279.3525,170643569.6671,0.0475,358289849
2026-07-10 01:06,2026-07-09T15:06:00.000Z,1783609560000,190154931.8694,167159783.6932,0.0644,357314716
2026-07-10 01:07,2026-07-09T15:07:00.000Z,1783609620000,173850336.4392,180800880.9101,-0.0196,354651217
2026-07-10 01:08,2026-07-09T15:08:00.000Z,1783609680000,165140265.6908,189307908.7107,-0.0682,354448174
2026-07-10 01:09,2026-07-09T15:09:00.000Z,1783609740000,168056818.6997,193760998.3557,-0.0710,361817817
2026-07-10 01:10,2026-07-09T15:10:00.000Z,1783609800000,172266073.2238,186329526.9534,-0.0392,358595600
2026-07-10 01:11,2026-07-09T15:11:00.000Z,1783609860000,172647892.8746,184454675.0444,-0.0331,357102568
2026-07-10 01:12,2026-07-09T15:12:00.000Z,1783609920000,178246529.4496,182560700.8834,-0.0120,360807230
2026-07-10 01:13,2026-07-09T15:13:00.000Z,1783609980000,182906471.9982,176949644.4008,0.0166,359856116
2026-07-10 01:14,2026-07-09T15:14:00.000Z,1783610040000,183443031.6929,178247754.9753,0.0144,361690787
2026-07-10 01:15,2026-07-09T15:15:00.000Z,1783610100000,181313388.0266,181333142.4736,-0.0001,362646531
2026-07-10 01:16,2026-07-09T15:16:00.000Z,1783610160000,177936563.4676,188536954.9258,-0.0289,366473518
2026-07-10 01:17,2026-07-09T15:17:00.000Z,1783610220000,190692688.7779,178000262.788,0.0344,368692952
2026-07-10 01:18,2026-07-09T15:18:00.000Z,1783610280000,190005318.5649,167646649.1752,0.0625,357651968
2026-07-10 01:19,2026-07-09T15:19:00.000Z,1783610340000,195598110.3727,179041375.2251,0.0442,374639486
2026-07-10 01:20,2026-07-09T15:20:00.000Z,1783610400000,185770857.3239,178212797.2404,0.0208,363983655
2026-07-10 01:21,2026-07-09T15:21:00.000Z,1783610460000,190021856.6645,179693235.2704,0.0279,369715092
2026-07-10 01:22,2026-07-09T15:22:00.000Z,1783610520000,193537181.5326,177964829.7349,0.0419,371502011
2026-07-10 01:23,2026-07-09T15:23:00.000Z,1783610580000,168851621.7366,187755404.477,-0.0530,356607026
2026-07-10 01:24,2026-07-09T15:24:00.000Z,1783610640000,186560527.2644,174477031.7328,0.0335,361037559
2026-07-10 01:25,2026-07-09T15:25:00.000Z,1783610700000,185905836.2484,175956568.5472,0.0275,361862405
2026-07-10 01:26,2026-07-09T15:26:00.000Z,1783610760000,181331433.7252,178109009.6605,0.0090,359440443
2026-07-10 01:27,2026-07-09T15:27:00.000Z,1783610820000,177000793.116,176474316.4262,0.0015,353475110
2026-07-10 01:28,2026-07-09T15:28:00.000Z,1783610880000,182098507.6863,183626034.2295,-0.0042,365724542
2026-07-10 01:29,2026-07-09T15:29:00.000Z,1783610940000,209124147.5622,161831498.6214,0.1275,370955646
2026-07-10 01:30,2026-07-09T15:30:00.000Z,1783611000000,202602277.6741,168489775.9582,0.0919,371092054
2026-07-10 01:31,2026-07-09T15:31:00.000Z,1783611060000,200291826.2503,169869117.7271,0.0822,370160944
2026-07-10 01:32,2026-07-09T15:32:00.000Z,1783611120000,182022601.3254,186401001.4893,-0.0119,368423603
2026-07-10 01:33,2026-07-09T15:33:00.000Z,1783611180000,200267590.231,179847243.0859,0.0537,380114833
2026-07-10 01:34,2026-07-09T15:34:00.000Z,1783611240000,196272559.8659,182215279.9279,0.0371,378487840
2026-07-10 01:35,2026-07-09T15:35:00.000Z,1783611300000,204792951.636,169616234.17,0.0940,374409186
2026-07-10 01:36,2026-07-09T15:36:00.000Z,1783611360000,200723168.3043,164730763.3131,0.0985,365453932
2026-07-10 01:37,2026-07-09T15:37:00.000Z,1783611420000,203923408.4347,163529844.7667,0.1099,367453253
2026-07-10 01:38,2026-07-09T15:38:00.000Z,1783611480000,205834739.6506,167267436.1634,0.1034,373102176
2026-07-10 01:39,2026-07-09T15:39:00.000Z,1783611540000,202810928.9783,169255455.4096,0.0902,372066384
2026-07-10 01:40,2026-07-09T15:40:00.000Z,1783611600000,195823980.0011,173639785.5907,0.0600,369463766
2026-07-10 01:41,2026-07-09T15:41:00.000Z,1783611660000,198835559.2081,176388574.477,0.0598,375224134
2026-07-10 01:42,2026-07-09T15:42:00.000Z,1783611720000,194436251.1198,178566342.4966,0.0425,373002594
2026-07-10 01:43,2026-07-09T15:43:00.000Z,1783611780000,191597654.7171,176906320.9888,0.0399,368503976
2026-07-10 01:44,2026-07-09T15:44:00.000Z,1783611840000,203621534.9128,171189451.7629,0.0865,374810987
2026-07-10 01:45,2026-07-09T15:45:00.000Z,1783611900000,202139648.5801,173675762.2994,0.0757,375815411
2026-07-10 01:46,2026-07-09T15:46:00.000Z,1783611960000,200924710.57,174320644.7371,0.0709,375245355
2026-07-10 01:47,2026-07-09T15:47:00.000Z,1783612020000,203833629.979,171604781.0986,0.0858,375438411
2026-07-10 01:48,2026-07-09T15:48:00.000Z,1783612080000,202761900.8491,176391301.3656,0.0696,379153202
2026-07-10 01:49,2026-07-09T15:49:00.000Z,1783612140000,198833576.0355,184914822.3295,0.0363,383748398
2026-07-10 01:50,2026-07-09T15:50:00.000Z,1783612200000,200163678.1384,183289300.7288,0.0440,383452979
2026-07-10 01:51,2026-07-09T15:51:00.000Z,1783612260000,205292110.7899,175566924.4253,0.0780,380859035
2026-07-10 01:52,2026-07-09T15:52:00.000Z,1783612320000,204668809.4617,177950642.5232,0.0698,382619452
2026-07-10 01:53,2026-07-09T15:53:00.000Z,1783612380000,207839123.9266,177680624.9266,0.0782,385519749
2026-07-10 01:54,2026-07-09T15:54:00.000Z,1783612440000,210386318.1145,173228431.6492,0.0969,383614750
2026-07-10 01:55,2026-07-09T15:55:00.000Z,1783612500000,207470574.704,169262559.6389,0.1014,376733134
2026-07-10 01:56,2026-07-09T15:56:00.000Z,1783612560000,205970218.6727,162029311.1657,0.1194,367999530
2026-07-10 01:57,2026-07-09T15:57:00.000Z,1783612620000,200439196.1627,161557495.2317,0.1074,361996691
2026-07-10 01:58,2026-07-09T15:58:00.000Z,1783612680000,198015450.1094,164094237.2725,0.0937,362109687
2026-07-10 01:59,2026-07-09T15:59:00.000Z,1783612740000,195106832.3907,168441095.0443,0.0733,363547927
2026-07-10 02:00,2026-07-09T16:00:00.000Z,1783612800000,185605465.0936,156305925.2354,0.0857,341911390
2026-07-10 02:01,2026-07-09T16:01:00.000Z,1783612860000,189120162.4786,168965860.3282,0.0563,358086023
2026-07-10 02:02,2026-07-09T16:02:00.000Z,1783612920000,194178071.9385,173709944.1624,0.0556,367888016
2026-07-10 02:03,2026-07-09T16:03:00.000Z,1783612980000,193859765.1875,172502436.6197,0.0583,366362202
2026-07-10 02:04,2026-07-09T16:04:00.000Z,1783613040000,188735518.6472,179334083.3587,0.0255,368069602
2026-07-10 02:05,2026-07-09T16:05:00.000Z,1783613100000,186510463.0166,176400540.8072,0.0279,362911004
2026-07-10 02:06,2026-07-09T16:06:00.000Z,1783613160000,187814299.4786,184547018.8796,0.0088,372361318
2026-07-10 02:07,2026-07-09T16:07:00.000Z,1783613220000,204845050.7681,169215708.2974,0.0953,374060759
2026-07-10 02:08,2026-07-09T16:08:00.000Z,1783613280000,199880004.7982,172549405.0955,0.0734,372429410
2026-07-10 02:09,2026-07-09T16:09:00.000Z,1783613340000,193873225.3335,160574595.6769,0.0939,354447821
2026-07-10 02:10,2026-07-09T16:10:00.000Z,1783613400000,203847346.6926,162699715.284,0.1123,366547062
2026-07-10 02:11,2026-07-09T16:11:00.000Z,1783613460000,200752258.0004,163654268.956,0.1018,364406527
2026-07-10 02:12,2026-07-09T16:12:00.000Z,1783613520000,200359070.8686,162171062.3833,0.1053,362530133
2026-07-10 02:13,2026-07-09T16:13:00.000Z,1783613580000,193548900.3509,158923656.9459,0.0982,352472557
2026-07-10 02:14,2026-07-09T16:14:00.000Z,1783613640000,197393820.5011,169160205.7145,0.0770,366554026
2026-07-10 02:15,2026-07-09T16:15:00.000Z,1783613700000,199309631.4311,167274211.9327,0.0874,366583843
2026-07-10 02:16,2026-07-09T16:16:00.000Z,1783613760000,195067895.3715,166737759.8057,0.0783,361805655
2026-07-10 02:17,2026-07-09T16:17:00.000Z,1783613820000,198066900.3027,157154925.2105,0.1152,355221826
2026-07-10 02:18,2026-07-09T16:18:00.000Z,1783613880000,200735228.3553,163578942.8407,0.1020,364314171
2026-07-10 02:19,2026-07-09T16:19:00.000Z,1783613940000,200979407.606,164976434.737,0.0984,365955842
2026-07-10 02:20,2026-07-09T16:20:00.000Z,1783614000000,202387020.0731,164911676.7689,0.1020,367298697
2026-07-10 02:21,2026-07-09T16:21:00.000Z,1783614060000,195947400.9926,163071983.2976,0.0916,359019384
2026-07-10 02:22,2026-07-09T16:22:00.000Z,1783614120000,191395874.0898,169945769.8331,0.0594,361341644
2026-07-10 02:23,2026-07-09T16:23:00.000Z,1783614180000,207570607.5776,159046853.2001,0.1324,366617461
2026-07-10 02:24,2026-07-09T16:24:00.000Z,1783614240000,199895830.4912,163345119.7505,0.1006,363240950
2026-07-10 02:25,2026-07-09T16:25:00.000Z,1783614300000,196246669.2733,163229366.857,0.0918,359476036
2026-07-10 02:26,2026-07-09T16:26:00.000Z,1783614360000,204682120.4166,149767114.5546,0.1549,354449235
2026-07-10 02:27,2026-07-09T16:27:00.000Z,1783614420000,206012202.5969,149447975.9179,0.1591,355460179
2026-07-10 02:28,2026-07-09T16:28:00.000Z,1783614480000,195420054.2791,168815312.4925,0.0730,364235367
2026-07-10 02:29,2026-07-09T16:29:00.000Z,1783614540000,199341228.5974,166095605.1193,0.0910,365436834
2026-07-10 02:30,2026-07-09T16:30:00.000Z,1783614600000,193133409.7669,174092802.8441,0.0518,367226213
2026-07-10 02:31,2026-07-09T16:31:00.000Z,1783614660000,191978512.9993,173250752.6045,0.0513,365229266
2026-07-10 02:32,2026-07-09T16:32:00.000Z,1783614720000,189559418.0929,172524181.9248,0.0470,362083600
2026-07-10 02:33,2026-07-09T16:33:00.000Z,1783614780000,195448787.1858,167650744.9938,0.0766,363099532
2026-07-10 02:34,2026-07-09T16:34:00.000Z,1783614840000,194398759.103,169805588.9181,0.0675,364204348
2026-07-10 02:35,2026-07-09T16:35:00.000Z,1783614900000,194894600.3359,165532024.8204,0.0815,360426625
2026-07-10 02:36,2026-07-09T16:36:00.000Z,1783614960000,196660308.4213,162916555.9936,0.0938,359576864
2026-07-10 02:37,2026-07-09T16:37:00.000Z,1783615020000,183991730.3363,177201880.2429,0.0188,361193611
2026-07-10 02:38,2026-07-09T16:38:00.000Z,1783615080000,183070761.9557,180467640.5429,0.0072,363538402
2026-07-10 02:39,2026-07-09T16:39:00.000Z,1783615140000,186597634.753,175545457.6284,0.0305,362143092
2026-07-10 02:40,2026-07-09T16:40:00.000Z,1783615200000,186631241.8291,173448632.1124,0.0366,360079874
2026-07-10 02:41,2026-07-09T16:41:00.000Z,1783615260000,189342378.462,171764595.4872,0.0487,361106974
2026-07-10 02:42,2026-07-09T16:42:00.000Z,1783615320000,188563008.0937,174937403.5236,0.0375,363500412
2026-07-10 02:43,2026-07-09T16:43:00.000Z,1783615380000,187836571.0852,174246667.5573,0.0375,362083239
2026-07-10 02:44,2026-07-09T16:44:00.000Z,1783615440000,184996524.5102,168613671.0159,0.0463,353610196
2026-07-10 02:45,2026-07-09T16:45:00.000Z,1783615500000,196459934.4744,169758607.7179,0.0729,366218542
2026-07-10 02:46,2026-07-09T16:46:00.000Z,1783615560000,192566689.1411,171211167.2121,0.0587,363777856
2026-07-10 02:47,2026-07-09T16:47:00.000Z,1783615620000,196448887.3958,169885711.6282,0.0725,366334599
2026-07-10 02:48,2026-07-09T16:48:00.000Z,1783615680000,202184099.1655,156237220.8337,0.1282,358421320
2026-07-10 02:49,2026-07-09T16:49:00.000Z,1783615740000,194233247.2294,158927267.0496,0.1000,353160514
2026-07-10 02:50,2026-07-09T16:50:00.000Z,1783615800000,196950268.4982,163732092.3955,0.0921,360682361
2026-07-10 02:51,2026-07-09T16:51:00.000Z,1783615860000,196290330.7715,163946387.2626,0.0898,360236718
2026-07-10 02:52,2026-07-09T16:52:00.000Z,1783615920000,193301438.1496,164129744.1919,0.0816,357431182
2026-07-10 02:53,2026-07-09T16:53:00.000Z,1783615980000,194316521.0933,164098204.606,0.0843,358414726
2026-07-10 02:54,2026-07-09T16:54:00.000Z,1783616040000,185442547.1204,180590364.1406,0.0133,366032911
2026-07-10 02:55,2026-07-09T16:55:00.000Z,1783616100000,188514193.5145,178040461.4529,0.0286,366554655
2026-07-10 02:56,2026-07-09T16:56:00.000Z,1783616160000,195191904.9359,171183770.5053,0.0655,366375675
2026-07-10 02:57,2026-07-09T16:57:00.000Z,1783616220000,188844313.9554,175513606.4987,0.0366,364357920
2026-07-10 02:58,2026-07-09T16:58:00.000Z,1783616280000,187093206.5066,175696868.7174,0.0314,362790075
2026-07-10 02:59,2026-07-09T16:59:00.000Z,1783616340000,188153094.7417,173651168.3106,0.0401,361804263
2026-07-10 03:00,2026-07-09T17:00:00.000Z,1783616400000,184801905.6055,169894065.5783,0.0420,354695971
2026-07-10 03:01,2026-07-09T17:01:00.000Z,1783616460000,183861856.0021,175738878.2618,0.0226,359600734
2026-07-10 03:02,2026-07-09T17:02:00.000Z,1783616520000,178447499.5024,173118042.448,0.0152,351565542
2026-07-10 03:03,2026-07-09T17:03:00.000Z,1783616580000,181920168.7483,173798158.0808,0.0228,355718327
2026-07-10 03:04,2026-07-09T17:04:00.000Z,1783616640000,186820627.9246,169414531.4901,0.0489,356235159
2026-07-10 03:05,2026-07-09T17:05:00.000Z,1783616700000,186305018.8314,169301877.5303,0.0478,355606896
2026-07-10 03:06,2026-07-09T17:06:00.000Z,1783616760000,185914614.3913,167251588.8454,0.0528,353166203
2026-07-10 03:07,2026-07-09T17:07:00.000Z,1783616820000,180897745.055,173787592.7653,0.0200,354685338
2026-07-10 03:08,2026-07-09T17:08:00.000Z,1783616880000,177430259.3134,178849105.9257,-0.0040,356279365
2026-07-10 03:09,2026-07-09T17:09:00.000Z,1783616940000,187469642.4841,167024672.6781,0.0577,354494315
2026-07-10 03:10,2026-07-09T17:10:00.000Z,1783617000000,188816256.1102,166963944.432,0.0614,355780201
2026-07-10 03:11,2026-07-09T17:11:00.000Z,1783617060000,182329840.5763,176091264.3761,0.0174,358421105
2026-07-10 03:12,2026-07-09T17:12:00.000Z,1783617120000,190411840.9003,166237959.2469,0.0678,356649800
2026-07-10 03:13,2026-07-09T17:13:00.000Z,1783617180000,189681197.7834,167984063.4854,0.0607,357665261
2026-07-10 03:14,2026-07-09T17:14:00.000Z,1783617240000,191854035.1465,162162533.9833,0.0839,354016569
2026-07-10 03:15,2026-07-09T17:15:00.000Z,1783617300000,185375140.3432,167278099.0603,0.0513,352653239
2026-07-10 03:16,2026-07-09T17:16:00.000Z,1783617360000,185692780.4202,167470158.7965,0.0516,353162939
2026-07-10 03:17,2026-07-09T17:17:00.000Z,1783617420000,179890970.661,164687115.7417,0.0441,344578086
2026-07-10 03:18,2026-07-09T17:18:00.000Z,1783617480000,180076092.6512,175652881.7469,0.0124,355728974
2026-07-10 03:19,2026-07-09T17:19:00.000Z,1783617540000,174230577.314,177608617.6258,-0.0096,351839195
2026-07-10 03:20,2026-07-09T17:20:00.000Z,1783617600000,177608970.5673,182190487.1561,-0.0127,359799458
2026-07-10 03:21,2026-07-09T17:21:00.000Z,1783617660000,176591809.4471,178539276.2331,-0.0055,355131086
2026-07-10 03:22,2026-07-09T17:22:00.000Z,1783617720000,180271429.9217,180753551.3402,-0.0013,361024981
2026-07-10 03:23,2026-07-09T17:23:00.000Z,1783617780000,181518653.6791,178622113.0104,0.0080,360140767
2026-07-10 03:24,2026-07-09T17:24:00.000Z,1783617840000,184783687.8893,172374741.6874,0.0347,357158430
2026-07-10 03:25,2026-07-09T17:25:00.000Z,1783617900000,188399668.6625,169552856.131,0.0527,357952525
2026-07-10 03:26,2026-07-09T17:26:00.000Z,1783617960000,188650511.8313,170368915.1565,0.0509,359019427
2026-07-10 03:27,2026-07-09T17:27:00.000Z,1783618020000,188756838.4632,169237177.6817,0.0545,357994016
2026-07-10 03:28,2026-07-09T17:28:00.000Z,1783618080000,188055634.5012,172029936.1037,0.0445,360085571
2026-07-10 03:29,2026-07-09T17:29:00.000Z,1783618140000,187151538.7793,172013707.3445,0.0421,359165246
2026-07-10 03:30,2026-07-09T17:30:00.000Z,1783618200000,181036417.7948,174635964.0073,0.0180,355672382
2026-07-10 03:31,2026-07-09T17:31:00.000Z,1783618260000,182250930.8009,173754154.3231,0.0239,356005085
2026-07-10 03:32,2026-07-09T17:32:00.000Z,1783618320000,186555418.6441,171502602.9949,0.0420,358058022
2026-07-10 03:33,2026-07-09T17:33:00.000Z,1783618380000,189878257.9026,169048885.1136,0.0580,358927143
2026-07-10 03:34,2026-07-09T17:34:00.000Z,1783618440000,187612314.938,172250410.3497,0.0427,359862725
2026-07-10 03:35,2026-07-09T17:35:00.000Z,1783618500000,190863677.6493,170131572.697,0.0574,360995250
2026-07-10 03:36,2026-07-09T17:36:00.000Z,1783618560000,189001668.1207,177829159.244,0.0305,366830827
2026-07-10 03:37,2026-07-09T17:37:00.000Z,1783618620000,188148932.1438,179311929.2505,0.0240,367460861
2026-07-10 03:38,2026-07-09T17:38:00.000Z,1783618680000,167423989.1727,189277243.8713,-0.0613,356701233
2026-07-10 03:39,2026-07-09T17:39:00.000Z,1783618740000,168118743.1735,219357096.2824,-0.1322,387475839
2026-07-10 03:40,2026-07-09T17:40:00.000Z,1783618800000,164537082.4975,198743132.538,-0.0942,363280215
2026-07-10 03:41,2026-07-09T17:41:00.000Z,1783618860000,173886973.3137,190114139.0944,-0.0446,364001112
2026-07-10 03:42,2026-07-09T17:42:00.000Z,1783618920000,178150086.0759,193318844.0405,-0.0408,371468930
2026-07-10 03:43,2026-07-09T17:43:00.000Z,1783618980000,178194614.5604,190524071.648,-0.0334,368718686
2026-07-10 03:44,2026-07-09T17:44:00.000Z,1783619040000,196107287.555,191285332.4397,0.0124,387392620
2026-07-10 03:45,2026-07-09T17:45:00.000Z,1783619100000,189127793.1919,196321924.2021,-0.0187,385449717
2026-07-10 03:46,2026-07-09T17:46:00.000Z,1783619160000,190375811.3078,197538078.2892,-0.0185,387913890
2026-07-10 03:47,2026-07-09T17:47:00.000Z,1783619220000,190362323.4408,195528467.5285,-0.0134,385890791
2026-07-10 03:48,2026-07-09T17:48:00.000Z,1783619280000,185788023.9644,201846385.6857,-0.0414,387634410
2026-07-10 03:49,2026-07-09T17:49:00.000Z,1783619340000,194963896.9451,193729394.1869,0.0032,388693291
2026-07-10 03:50,2026-07-09T17:50:00.000Z,1783619400000,192649081.067,188303907.6816,0.0114,380952989
2026-07-10 03:51,2026-07-09T17:51:00.000Z,1783619460000,193484891.1462,192617440.5079,0.0022,386102332
2026-07-10 03:52,2026-07-09T17:52:00.000Z,1783619520000,186251546.5211,184755669.9069,0.0040,371007216
2026-07-10 03:53,2026-07-09T17:53:00.000Z,1783619580000,192495797.5781,190103884.6913,0.0063,382599682
2026-07-10 03:54,2026-07-09T17:54:00.000Z,1783619640000,191172449.2133,196876058.2988,-0.0147,388048508
2026-07-10 03:55,2026-07-09T17:55:00.000Z,1783619700000,184083656.4762,183716786.1693,0.0010,367800443
2026-07-10 03:56,2026-07-09T17:56:00.000Z,1783619760000,190318617.882,182684359.292,0.0205,373002977
2026-07-10 03:57,2026-07-09T17:57:00.000Z,1783619820000,185476660.3918,182459458.2608,0.0082,367936119
2026-07-10 03:58,2026-07-09T17:58:00.000Z,1783619880000,188683714.5274,183426102.1713,0.0141,372109817
2026-07-10 03:59,2026-07-09T17:59:00.000Z,1783619940000,185635353.3684,180469697.4234,0.0141,366105051
2026-07-10 04:00,2026-07-09T18:00:00.000Z,1783620000000,177366302.9197,177800807.4791,-0.0012,355167110
2026-07-10 04:01,2026-07-09T18:01:00.000Z,1783620060000,178811078.7194,188349251.3845,-0.0260,367160330
2026-07-10 04:02,2026-07-09T18:02:00.000Z,1783620120000,181647372.8463,190811734.852,-0.0246,372459108
2026-07-10 04:03,2026-07-09T18:03:00.000Z,1783620180000,166351470.2206,190676787.7503,-0.0681,357028258
2026-07-10 04:04,2026-07-09T18:04:00.000Z,1783620240000,174356499.8533,181713834.4303,-0.0207,356070334
2026-07-10 04:05,2026-07-09T18:05:00.000Z,1783620300000,177274307.5661,177347622.1039,-0.0002,354621930
2026-07-10 04:06,2026-07-09T18:06:00.000Z,1783620360000,174400431.6481,179576095.0755,-0.0146,353976527
2026-07-10 04:07,2026-07-09T18:07:00.000Z,1783620420000,171462601.9444,201199410.13,-0.0798,372662012
2026-07-10 04:08,2026-07-09T18:08:00.000Z,1783620480000,147494916.9673,178407572.9998,-0.0949,325902490
2026-07-10 04:09,2026-07-09T18:09:00.000Z,1783620540000,165407208.8124,181042059.2077,-0.0451,346449268
2026-07-10 04:10,2026-07-09T18:10:00.000Z,1783620600000,172250226.0843,183509988.5337,-0.0316,355760215
2026-07-10 04:11,2026-07-09T18:11:00.000Z,1783620660000,166696568.7698,187360155.7436,-0.0584,354056725
2026-07-10 04:12,2026-07-09T18:12:00.000Z,1783620720000,147850158.5718,207440533.5633,-0.1677,355290692
2026-07-10 04:13,2026-07-09T18:13:00.000Z,1783620780000,165926380.767,187334183.4183,-0.0606,353260564
2026-07-10 04:14,2026-07-09T18:14:00.000Z,1783620840000,160998458.8439,196283082.3624,-0.0988,357281541
2026-07-10 04:15,2026-07-09T18:15:00.000Z,1783620900000,153634445.6586,197217939.5798,-0.1242,350852385
2026-07-10 04:16,2026-07-09T18:16:00.000Z,1783620960000,153993736.6489,204953872.1652,-0.1420,358947609
2026-07-10 04:17,2026-07-09T18:17:00.000Z,1783621020000,162314324.908,197391837.6729,-0.0975,359706163
2026-07-10 04:18,2026-07-09T18:18:00.000Z,1783621080000,160655903.0814,202541390.2925,-0.1153,363197293
2026-07-10 04:19,2026-07-09T18:19:00.000Z,1783621140000,181162053.351,183727835.9961,-0.0070,364889889
2026-07-10 04:20,2026-07-09T18:20:00.000Z,1783621200000,161786458.1001,202291606.4996,-0.1113,364078065
2026-07-10 04:21,2026-07-09T18:21:00.000Z,1783621260000,178128823.4311,194178817.2939,-0.0431,372307641
2026-07-10 04:22,2026-07-09T18:22:00.000Z,1783621320000,187161521.5791,182901730.4217,0.0115,370063252
2026-07-10 04:23,2026-07-09T18:23:00.000Z,1783621380000,187871013.5339,183129003.273,0.0128,371000017
2026-07-10 04:24,2026-07-09T18:24:00.000Z,1783621440000,183467992.17,183417823.9896,0.0001,366885816
2026-07-10 04:25,2026-07-09T18:25:00.000Z,1783621500000,184376419.5971,184273535.624,0.0003,368649955
2026-07-10 04:26,2026-07-09T18:26:00.000Z,1783621560000,179740644.0555,184086416.114,-0.0119,363827060
2026-07-10 04:27,2026-07-09T18:27:00.000Z,1783621620000,174943754.1937,178081555.1896,-0.0089,353025309
2026-07-10 04:28,2026-07-09T18:28:00.000Z,1783621680000,172346883.3748,190684875.3655,-0.0505,363031759
2026-07-10 04:29,2026-07-09T18:29:00.000Z,1783621740000,172555698.2718,188950915.6291,-0.0454,361506614
2026-07-10 04:30,2026-07-09T18:30:00.000Z,1783621800000,165221705.0064,191064027.8365,-0.0725,356285733
2026-07-10 04:31,2026-07-09T18:31:00.000Z,1783621860000,172667737.3745,182174503.2883,-0.0268,354842241
2026-07-10 04:32,2026-07-09T18:32:00.000Z,1783621920000,173387324.399,177289020.6921,-0.0111,350676345
2026-07-10 04:33,2026-07-09T18:33:00.000Z,1783621980000,175666574.5841,179874654.7922,-0.0118,355541229
2026-07-10 04:34,2026-07-09T18:34:00.000Z,1783622040000,172115255.687,182560070.301,-0.0294,354675326
2026-07-10 04:35,2026-07-09T18:35:00.000Z,1783622100000,172291827.5135,184062032.9408,-0.0330,356353860
2026-07-10 04:36,2026-07-09T18:36:00.000Z,1783622160000,170187755.3616,183302416.6419,-0.0371,353490172
2026-07-10 04:37,2026-07-09T18:37:00.000Z,1783622220000,177929292.8076,178914122.8315,-0.0028,356843416
2026-07-10 04:38,2026-07-09T18:38:00.000Z,1783622280000,175541893.9951,177961723.3298,-0.0068,353503617
2026-07-10 04:39,2026-07-09T18:39:00.000Z,1783622340000,170418649.8679,187395310.5535,-0.0474,357813960
2026-07-10 04:40,2026-07-09T18:40:00.000Z,1783622400000,175161975.0279,183286418.3127,-0.0227,358448393
2026-07-10 04:41,2026-07-09T18:41:00.000Z,1783622460000,173266607.759,183914527.2107,-0.0298,357181135
2026-07-10 04:42,2026-07-09T18:42:00.000Z,1783622520000,169863933.0859,187976936.8817,-0.0506,357840870
2026-07-10 04:43,2026-07-09T18:43:00.000Z,1783622580000,163597228.933,182609205.7999,-0.0549,346206435
2026-07-10 04:44,2026-07-09T18:44:00.000Z,1783622640000,170192827.1324,172540016.1184,-0.0068,342732843
2026-07-10 04:45,2026-07-09T18:45:00.000Z,1783622700000,169040016.037,183961522.3018,-0.0423,353001538
2026-07-10 04:46,2026-07-09T18:46:00.000Z,1783622760000,169482232.9063,184994726.8029,-0.0438,354476960
2026-07-10 04:47,2026-07-09T18:47:00.000Z,1783622820000,167326616.694,187695121.1645,-0.0574,355021738
2026-07-10 04:48,2026-07-09T18:48:00.000Z,1783622880000,164280534.4918,182295393.44,-0.0520,346575928
2026-07-10 04:49,2026-07-09T18:49:00.000Z,1783622940000,164234035.2837,183009206.6164,-0.0541,347243242
2026-07-10 04:50,2026-07-09T18:50:00.000Z,1783623000000,172770527.4322,182669004.2737,-0.0278,355439532
2026-07-10 04:51,2026-07-09T18:51:00.000Z,1783623060000,174952176.0085,183003258.9659,-0.0225,357955435
2026-07-10 04:52,2026-07-09T18:52:00.000Z,1783623120000,173444614.7649,186964041.8455,-0.0375,360408657
2026-07-10 04:53,2026-07-09T18:53:00.000Z,1783623180000,176648425.0707,185560272.9071,-0.0246,362208698
2026-07-10 04:54,2026-07-09T18:54:00.000Z,1783623240000,184867059.4827,182076332.1635,0.0076,366943392
2026-07-10 04:55,2026-07-09T18:55:00.000Z,1783623300000,180963701.8383,187219128.263,-0.0170,368182830
2026-07-10 04:56,2026-07-09T18:56:00.000Z,1783623360000,185794030.1073,183971986.9967,0.0049,369766017
2026-07-10 04:57,2026-07-09T18:57:00.000Z,1783623420000,179134043.7644,189151505.4735,-0.0272,368285549
2026-07-10 04:58,2026-07-09T18:58:00.000Z,1783623480000,185429076.9423,192818631.3292,-0.0195,378247708
2026-07-10 04:59,2026-07-09T18:59:00.000Z,1783623540000,185321655.8921,190573996.9949,-0.0140,375895653
2026-07-10 05:00,2026-07-09T19:00:00.000Z,1783623600000,181073843.4675,187108590.0557,-0.0164,368182434
2026-07-10 05:01,2026-07-09T19:01:00.000Z,1783623660000,193176943.5489,181334621.3769,0.0316,374511565
2026-07-10 05:02,2026-07-09T19:02:00.000Z,1783623720000,192682251.0965,185904176.857,0.0179,378586428
2026-07-10 05:03,2026-07-09T19:03:00.000Z,1783623780000,186040048.6212,189483020.1441,-0.0092,375523069
2026-07-10 05:04,2026-07-09T19:04:00.000Z,1783623840000,190755582.9695,182817621.6071,0.0212,373573205
2026-07-10 05:05,2026-07-09T19:05:00.000Z,1783623900000,179580376.9674,188072985.3049,-0.0231,367653362
2026-07-10 05:06,2026-07-09T19:06:00.000Z,1783623960000,180426231.8685,185045353.6148,-0.0126,365471585
2026-07-10 05:07,2026-07-09T19:07:00.000Z,1783624020000,180036677.7807,187960008.9137,-0.0215,367996687
2026-07-10 05:08,2026-07-09T19:08:00.000Z,1783624080000,188114335.7527,179862671.1918,0.0224,367977007
2026-07-10 05:09,2026-07-09T19:09:00.000Z,1783624140000,190296847.8683,176497824.6489,0.0376,366794673
2026-07-10 05:10,2026-07-09T19:10:00.000Z,1783624200000,185028897.3373,187079457.0448,-0.0055,372108354
2026-07-10 05:11,2026-07-09T19:11:00.000Z,1783624260000,191121856.2394,179039743.2738,0.0326,370161600
2026-07-10 05:12,2026-07-09T19:12:00.000Z,1783624320000,187023536.4336,183009740.6939,0.0108,370033277
2026-07-10 05:13,2026-07-09T19:13:00.000Z,1783624380000,186562844.338,183206670.8869,0.0091,369769515
2026-07-10 05:14,2026-07-09T19:14:00.000Z,1783624440000,191753577.4299,174943283.3867,0.0458,366696861
2026-07-10 05:15,2026-07-09T19:15:00.000Z,1783624500000,185442356.0185,181669705.4691,0.0103,367112061
2026-07-10 05:16,2026-07-09T19:16:00.000Z,1783624560000,179364442.2056,182717841.9228,-0.0093,362082284
2026-07-10 05:17,2026-07-09T19:17:00.000Z,1783624620000,177280651.4647,185442392.5996,-0.0225,362723044
2026-07-10 05:18,2026-07-09T19:18:00.000Z,1783624680000,177383318.6536,182542970.7725,-0.0143,359926289
2026-07-10 05:19,2026-07-09T19:19:00.000Z,1783624740000,180373367.0274,180589405.4521,-0.0006,360962772
2026-07-10 05:20,2026-07-09T19:20:00.000Z,1783624800000,176810594.8557,179490831.4222,-0.0075,356301426
2026-07-10 05:21,2026-07-09T19:21:00.000Z,1783624860000,178659482.3833,178683922.59,-0.0001,357343405
2026-07-10 05:22,2026-07-09T19:22:00.000Z,1783624920000,172439835.6449,180457682.097,-0.0227,352897518
2026-07-10 05:23,2026-07-09T19:23:00.000Z,1783624980000,182363007.5143,179520729.2552,0.0079,361883737
2026-07-10 05:24,2026-07-09T19:24:00.000Z,1783625040000,177835506.3149,184148359.2003,-0.0174,361983866
2026-07-10 05:25,2026-07-09T19:25:00.000Z,1783625100000,177856643.0058,184967119.6331,-0.0196,362823763
2026-07-10 05:26,2026-07-09T19:26:00.000Z,1783625160000,180430706.4928,180120414.7778,0.0009,360551121
2026-07-10 05:27,2026-07-09T19:27:00.000Z,1783625220000,175665809.2035,183364027.0527,-0.0214,359029836
2026-07-10 05:28,2026-07-09T19:28:00.000Z,1783625280000,170866888.4269,181525512.0878,-0.0302,352392401
2026-07-10 05:29,2026-07-09T19:29:00.000Z,1783625340000,174711339.1781,185268459.0763,-0.0293,359979798
2026-07-10 05:30,2026-07-09T19:30:00.000Z,1783625400000,173119928.1822,188112475.3318,-0.0415,361232404
2026-07-10 05:31,2026-07-09T19:31:00.000Z,1783625460000,176283364.0271,185101153.3621,-0.0244,361384517
2026-07-10 05:32,2026-07-09T19:32:00.000Z,1783625520000,172358988.8251,189099366.8482,-0.0463,361458356
2026-07-10 05:33,2026-07-09T19:33:00.000Z,1783625580000,169944206.7018,191148520.9151,-0.0587,361092728
2026-07-10 05:34,2026-07-09T19:34:00.000Z,1783625640000,173797606.5519,188153692.6186,-0.0397,361951299
2026-07-10 05:35,2026-07-09T19:35:00.000Z,1783625700000,178665090.5402,182560691.5605,-0.0108,361225782
2026-07-10 05:36,2026-07-09T19:36:00.000Z,1783625760000,172588180.5762,189466056.9056,-0.0466,362054237
2026-07-10 05:37,2026-07-09T19:37:00.000Z,1783625820000,170135876.4992,192549939.4472,-0.0618,362685816
2026-07-10 05:38,2026-07-09T19:38:00.000Z,1783625880000,174240290.4052,187410031.6568,-0.0364,361650322
2026-07-10 05:39,2026-07-09T19:39:00.000Z,1783625940000,170111507.7296,190259036.6942,-0.0559,360370544
2026-07-10 05:40,2026-07-09T19:40:00.000Z,1783626000000,164117467.3803,189719000.0399,-0.0724,353836467
2026-07-10 05:41,2026-07-09T19:41:00.000Z,1783626060000,160438825.595,184493516.823,-0.0697,344932342
2026-07-10 05:42,2026-07-09T19:42:00.000Z,1783626120000,167907557.0342,191757888.3464,-0.0663,359665445
2026-07-10 05:43,2026-07-09T19:43:00.000Z,1783626180000,162731050.4422,186885672.9654,-0.0691,349616723
2026-07-10 05:44,2026-07-09T19:44:00.000Z,1783626240000,166513390.8397,193184286.3227,-0.0741,359697677
2026-07-10 05:45,2026-07-09T19:45:00.000Z,1783626300000,169680980.5682,193416419.4236,-0.0654,363097400
2026-07-10 05:46,2026-07-09T19:46:00.000Z,1783626360000,174024343.7579,188041539.7405,-0.0387,362065883
2026-07-10 05:47,2026-07-09T19:47:00.000Z,1783626420000,171722769.1347,183719958.1009,-0.0338,355442727
2026-07-10 05:48,2026-07-09T19:48:00.000Z,1783626480000,176038728.3774,185464733.3205,-0.0261,361503462
2026-07-10 05:49,2026-07-09T19:49:00.000Z,1783626540000,183140519.0206,177890582.11,0.0145,361031101
2026-07-10 05:50,2026-07-09T19:50:00.000Z,1783626600000,178600130.4781,179067341.5659,-0.0013,357667472
2026-07-10 05:51,2026-07-09T19:51:00.000Z,1783626660000,176073497.1098,181508748.4872,-0.0152,357582246
2026-07-10 05:52,2026-07-09T19:52:00.000Z,1783626720000,182019053.2244,181016633.2503,0.0028,363035686
2026-07-10 05:53,2026-07-09T19:53:00.000Z,1783626780000,176000195.2077,184564170.4794,-0.0238,360564366
2026-07-10 05:54,2026-07-09T19:54:00.000Z,1783626840000,182973507.3126,181346667.9683,0.0045,364320175
2026-07-10 05:55,2026-07-09T19:55:00.000Z,1783626900000,179572023.1508,181704342.3689,-0.0059,361276366
2026-07-10 05:56,2026-07-09T19:56:00.000Z,1783626960000,172995662.6485,186710373.8107,-0.0381,359706036
2026-07-10 05:57,2026-07-09T19:57:00.000Z,1783627020000,174036984.481,179985796.0808,-0.0168,354022781
2026-07-10 05:58,2026-07-09T19:58:00.000Z,1783627080000,172173400.0875,182552539.7459,-0.0293,354725940
2026-07-10 05:59,2026-07-09T19:59:00.000Z,1783627140000,181856387.6916,181893136.1434,-0.0001,363749524
2026-07-10 06:00,2026-07-09T20:00:00.000Z,1783627200000,174963722.5199,179362099.3347,-0.0124,354325822
2026-07-10 06:01,2026-07-09T20:01:00.000Z,1783627260000,177942899.5186,182360929.7712,-0.0123,360303829
2026-07-10 06:02,2026-07-09T20:02:00.000Z,1783627320000,177397200.1152,183258722.0229,-0.0163,360655922
2026-07-10 06:03,2026-07-09T20:03:00.000Z,1783627380000,186662233.8409,176103599.9425,0.0291,362765834
2026-07-10 06:04,2026-07-09T20:04:00.000Z,1783627440000,188449645.589,175141363.7902,0.0366,363591009
2026-07-10 06:05,2026-07-09T20:05:00.000Z,1783627500000,190980957.1831,175544118.539,0.0421,366525076
2026-07-10 06:06,2026-07-09T20:06:00.000Z,1783627560000,189080613.5659,175874991.5015,0.0362,364955605
2026-07-10 06:07,2026-07-09T20:07:00.000Z,1783627620000,190506461.8708,179689040.9079,0.0292,370195503
2026-07-10 06:08,2026-07-09T20:08:00.000Z,1783627680000,187855440.3103,186502580.2769,0.0036,374358021
2026-07-10 06:09,2026-07-09T20:09:00.000Z,1783627740000,188267598.5299,187839310.4862,0.0011,376106909
2026-07-10 06:10,2026-07-09T20:10:00.000Z,1783627800000,190008081.5251,185962218.8278,0.0108,375970300
2026-07-10 06:11,2026-07-09T20:11:00.000Z,1783627860000,190839012.5997,184325593.9552,0.0174,375164607
2026-07-10 06:12,2026-07-09T20:12:00.000Z,1783627920000,186282974.2718,188778374.051,-0.0067,375061348
2026-07-10 06:13,2026-07-09T20:13:00.000Z,1783627980000,184629665.1175,178769267.6059,0.0161,363398933
2026-07-10 06:14,2026-07-09T20:14:00.000Z,1783628040000,184370954.4162,178504820.6151,0.0162,362875775
2026-07-10 06:15,2026-07-09T20:15:00.000Z,1783628100000,184368304.2092,177483228.8204,0.0190,361851533
2026-07-10 06:16,2026-07-09T20:16:00.000Z,1783628160000,181139666.1641,178752326.4727,0.0066,359891993
2026-07-10 06:17,2026-07-09T20:17:00.000Z,1783628220000,182851284.7608,175517717.7646,0.0205,358369003
2026-07-10 06:18,2026-07-09T20:18:00.000Z,1783628280000,182084104.5434,184119549.8263,-0.0056,366203654
2026-07-10 06:19,2026-07-09T20:19:00.000Z,1783628340000,180739297.1873,185083241.3767,-0.0119,365822539
2026-07-10 06:20,2026-07-09T20:20:00.000Z,1783628400000,178701374.3922,181864919.7094,-0.0088,360566294
2026-07-10 06:21,2026-07-09T20:21:00.000Z,1783628460000,178909336.2975,187019487.39,-0.0222,365928824
2026-07-10 06:22,2026-07-09T20:22:00.000Z,1783628520000,179991678.4921,189187254.4001,-0.0249,369178933
2026-07-10 06:23,2026-07-09T20:23:00.000Z,1783628580000,179455817.4352,191053203.599,-0.0313,370509021
2026-07-10 06:24,2026-07-09T20:24:00.000Z,1783628640000,179581995.2962,186185298.5998,-0.0181,365767294
2026-07-10 06:25,2026-07-09T20:25:00.000Z,1783628700000,175822230.4406,187147157.1244,-0.0312,362969388
2026-07-10 06:26,2026-07-09T20:26:00.000Z,1783628760000,176949865.2613,190886958.3074,-0.0379,367836824
2026-07-10 06:27,2026-07-09T20:27:00.000Z,1783628820000,169086857.3622,191049218.5751,-0.0610,360136076
2026-07-10 06:28,2026-07-09T20:28:00.000Z,1783628880000,174873604.2774,184538968.3868,-0.0269,359412573
2026-07-10 06:29,2026-07-09T20:29:00.000Z,1783628940000,174199159.4308,180065999.825,-0.0166,354265159
2026-07-10 06:30,2026-07-09T20:30:00.000Z,1783629000000,175148998.9237,183783192.1758,-0.0241,358932191
2026-07-10 06:31,2026-07-09T20:31:00.000Z,1783629060000,172737876.5025,187864684.1479,-0.0419,360602561
2026-07-10 06:32,2026-07-09T20:32:00.000Z,1783629120000,176787821.725,181069730.5936,-0.0120,357857552
2026-07-10 06:33,2026-07-09T20:33:00.000Z,1783629180000,160398833.5576,184497911.4387,-0.0699,344896745
2026-07-10 06:34,2026-07-09T20:34:00.000Z,1783629240000,158952495.6569,181209618.622,-0.0654,340162114
2026-07-10 06:35,2026-07-09T20:35:00.000Z,1783629300000,160916525.7935,185612556.0686,-0.0713,346529082
2026-07-10 06:36,2026-07-09T20:36:00.000Z,1783629360000,165006602.095,191818797.4602,-0.0751,356825400
2026-07-10 06:37,2026-07-09T20:37:00.000Z,1783629420000,167456010.1451,184326992.0422,-0.0480,351783002
2026-07-10 06:38,2026-07-09T20:38:00.000Z,1783629480000,169789756.7013,186614063.9503,-0.0472,356403821
2026-07-10 06:39,2026-07-09T20:39:00.000Z,1783629540000,168547146.7433,184600549.5738,-0.0455,353147696
2026-07-10 06:40,2026-07-09T20:40:00.000Z,1783629600000,174534052.1427,182580365.3068,-0.0225,357114417
2026-07-10 06:41,2026-07-09T20:41:00.000Z,1783629660000,169504513.9247,186722179.2115,-0.0483,356226693
2026-07-10 06:42,2026-07-09T20:42:00.000Z,1783629720000,169018657.8799,186897861.6938,-0.0502,355916520
2026-07-10 06:43,2026-07-09T20:43:00.000Z,1783629780000,163975421.5754,184385768.5729,-0.0586,348361190
2026-07-10 06:44,2026-07-09T20:44:00.000Z,1783629840000,167674064.1449,187968008.4792,-0.0571,355642073
2026-07-10 06:45,2026-07-09T20:45:00.000Z,1783629900000,167376885.1443,186803079.4269,-0.0548,354179965
2026-07-10 06:46,2026-07-09T20:46:00.000Z,1783629960000,168189626.0377,186395827.0745,-0.0513,354585453
2026-07-10 06:47,2026-07-09T20:47:00.000Z,1783630020000,166884961.3732,188406572.4154,-0.0606,355291534
2026-07-10 06:48,2026-07-09T20:48:00.000Z,1783630080000,169103420.4064,185615789.1186,-0.0466,354719210
2026-07-10 06:49,2026-07-09T20:49:00.000Z,1783630140000,167894099.5029,187184390.3922,-0.0543,355078490
2026-07-10 06:50,2026-07-09T20:50:00.000Z,1783630200000,175316886.5586,183028471.0269,-0.0215,358345358
2026-07-10 06:51,2026-07-09T20:51:00.000Z,1783630260000,174207199.6216,183221459.4613,-0.0252,357428659
2026-07-10 06:52,2026-07-09T20:52:00.000Z,1783630320000,172638941.2215,183700401.2624,-0.0310,356339342
2026-07-10 06:53,2026-07-09T20:53:00.000Z,1783630380000,175683943.4922,183259010.4225,-0.0211,358942954
2026-07-10 06:54,2026-07-09T20:54:00.000Z,1783630440000,176954562.7773,179828727.2603,-0.0081,356783290
2026-07-10 06:55,2026-07-09T20:55:00.000Z,1783630500000,177289830.8731,180381172.0496,-0.0086,357671003
2026-07-10 06:56,2026-07-09T20:56:00.000Z,1783630560000,177652923.7947,180292923.3487,-0.0074,357945847
2026-07-10 06:57,2026-07-09T20:57:00.000Z,1783630620000,172321170.811,171450592.2541,0.0025,343771763
2026-07-10 06:58,2026-07-09T20:58:00.000Z,1783630680000,174912592.3526,183663938.7113,-0.0244,358576531
2026-07-10 06:59,2026-07-09T20:59:00.000Z,1783630740000,171790138.3482,186773980.5671,-0.0418,358564119
2026-07-10 07:00,2026-07-09T21:00:00.000Z,1783630800000,170171542.9872,182366757.4528,-0.0346,352538300
2026-07-10 07:01,2026-07-09T21:01:00.000Z,1783630860000,166251921.9315,187384947.998,-0.0598,353636870
2026-07-10 07:02,2026-07-09T21:02:00.000Z,1783630920000,161517568.7445,193282425.6211,-0.0895,354799994
2026-07-10 07:03,2026-07-09T21:03:00.000Z,1783630980000,168151225.6986,187821189.6489,-0.0553,355972415
2026-07-10 07:04,2026-07-09T21:04:00.000Z,1783631040000,164951189.162,184951240.2593,-0.0572,349902429
2026-07-10 07:05,2026-07-09T21:05:00.000Z,1783631100000,163587217.7607,191053029.962,-0.0774,354640248
2026-07-10 07:06,2026-07-09T21:06:00.000Z,1783631160000,161597077.438,188649054.1614,-0.0772,350246132
2026-07-10 07:07,2026-07-09T21:07:00.000Z,1783631220000,171337236.2004,183991305.2856,-0.0356,355328541
2026-07-10 07:08,2026-07-09T21:08:00.000Z,1783631280000,170498863.0395,185177870.4505,-0.0413,355676733
2026-07-10 07:09,2026-07-09T21:09:00.000Z,1783631340000,172161674.37,179467990.0959,-0.0208,351629664
2026-07-10 07:10,2026-07-09T21:10:00.000Z,1783631400000,167123806.711,182429796.5034,-0.0438,349553603
2026-07-10 07:11,2026-07-09T21:11:00.000Z,1783631460000,165924673.262,182098153.9552,-0.0465,348022827
2026-07-10 07:12,2026-07-09T21:12:00.000Z,1783631520000,172587169.4625,178608705.804,-0.0171,351195875
2026-07-10 07:13,2026-07-09T21:13:00.000Z,1783631580000,172773677.2416,177390978.789,-0.0132,350164656
2026-07-10 07:14,2026-07-09T21:14:00.000Z,1783631640000,166872978.9265,181645812.9307,-0.0424,348518792
2026-07-10 07:15,2026-07-09T21:15:00.000Z,1783631700000,170859165.5964,178540119.5646,-0.0220,349399285
2026-07-10 07:16,2026-07-09T21:16:00.000Z,1783631760000,167042943.81,173517027.119,-0.0190,340559971
2026-07-10 07:17,2026-07-09T21:17:00.000Z,1783631820000,169077539.4826,179797881.428,-0.0307,348875421
2026-07-10 07:18,2026-07-09T21:18:00.000Z,1783631880000,169736925.5982,182182833.3827,-0.0354,351919759
2026-07-10 07:19,2026-07-09T21:19:00.000Z,1783631940000,167117808.2314,183173471.9223,-0.0458,350291280
2026-07-10 07:20,2026-07-09T21:20:00.000Z,1783632000000,170895249.2735,182941684.9102,-0.0340,353836934
2026-07-10 07:21,2026-07-09T21:21:00.000Z,1783632060000,169826009.2033,179477083.5385,-0.0276,349303093
2026-07-10 07:22,2026-07-09T21:22:00.000Z,1783632120000,169253168.2218,181286662.9104,-0.0343,350539831
2026-07-10 07:23,2026-07-09T21:23:00.000Z,1783632180000,168933779.4076,180427848.868,-0.0329,349361628
2026-07-10 07:24,2026-07-09T21:24:00.000Z,1783632240000,177020591.0936,174376639.2522,0.0075,351397230
2026-07-10 07:25,2026-07-09T21:25:00.000Z,1783632300000,175971817.7718,174115762.0916,0.0053,350087580
2026-07-10 07:26,2026-07-09T21:26:00.000Z,1783632360000,175560578.3607,174830401.5645,0.0021,350390980
2026-07-10 07:27,2026-07-09T21:27:00.000Z,1783632420000,176032545.9668,172992654.7006,0.0087,349025201
2026-07-10 07:28,2026-07-09T21:28:00.000Z,1783632480000,175190904.7281,173273340.1831,0.0055,348464245
2026-07-10 07:29,2026-07-09T21:29:00.000Z,1783632540000,178345747.9611,171811137.3255,0.0187,350156885
2026-07-10 07:30,2026-07-09T21:30:00.000Z,1783632600000,176287466.7207,173913422.5251,0.0068,350200889
2026-07-10 07:31,2026-07-09T21:31:00.000Z,1783632660000,174972675.6864,174231141.4143,0.0021,349203817
2026-07-10 07:32,2026-07-09T21:32:00.000Z,1783632720000,175384159.8584,174422875.8367,0.0027,349807036
2026-07-10 07:33,2026-07-09T21:33:00.000Z,1783632780000,173562020.8712,176396183.1262,-0.0081,349958204
2026-07-10 07:34,2026-07-09T21:34:00.000Z,1783632840000,168651858.3517,172609965.0107,-0.0116,341261823
2026-07-10 07:35,2026-07-09T21:35:00.000Z,1783632900000,173580495.2377,174403208.4978,-0.0024,347983704
2026-07-10 07:36,2026-07-09T21:36:00.000Z,1783632960000,173459131.3062,174334163.0003,-0.0025,347793294
2026-07-10 07:37,2026-07-09T21:37:00.000Z,1783633020000,170714571.1683,177376471.4458,-0.0191,348091043
2026-07-10 07:38,2026-07-09T21:38:00.000Z,1783633080000,175446056.6323,174651129.4398,0.0023,350097186
2026-07-10 07:39,2026-07-09T21:39:00.000Z,1783633140000,174456427.1252,173466423.5755,0.0028,347922851
2026-07-10 07:40,2026-07-09T21:40:00.000Z,1783633200000,171040550.1087,178621454.5183,-0.0217,349662005
2026-07-10 07:41,2026-07-09T21:41:00.000Z,1783633260000,175098814.5414,173659988.3207,0.0041,348758803
2026-07-10 07:42,2026-07-09T21:42:00.000Z,1783633320000,174355638.2472,171931682.843,0.0070,346287321
2026-07-10 07:43,2026-07-09T21:43:00.000Z,1783633380000,179889034.2537,167281139.3263,0.0363,347170174
2026-07-10 07:44,2026-07-09T21:44:00.000Z,1783633440000,175453796.5601,167526801.5157,0.0231,342980598
2026-07-10 07:45,2026-07-09T21:45:00.000Z,1783633500000,171757502.6552,171361018.869,0.0012,343118522
2026-07-10 07:46,2026-07-09T21:46:00.000Z,1783633560000,172669883.4267,163220233.6715,0.0281,335890117
2026-07-10 07:47,2026-07-09T21:47:00.000Z,1783633620000,171501761.1583,174835874.0209,-0.0096,346337635
2026-07-10 07:48,2026-07-09T21:48:00.000Z,1783633680000,172062037.906,176579333.2655,-0.0130,348641371
2026-07-10 07:49,2026-07-09T21:49:00.000Z,1783633740000,169053839.8926,175407459.2661,-0.0184,344461299
2026-07-10 07:50,2026-07-09T21:50:00.000Z,1783633800000,171494486.8939,177751638.647,-0.0179,349246126
2026-07-10 07:51,2026-07-09T21:51:00.000Z,1783633860000,170191926.3929,178792003.9847,-0.0246,348983930
2026-07-10 07:52,2026-07-09T21:52:00.000Z,1783633920000,178948375.1104,170452328.713,0.0243,349400704
2026-07-10 07:53,2026-07-09T21:53:00.000Z,1783633980000,173527654.5444,176608088.2574,-0.0088,350135743
2026-07-10 07:54,2026-07-09T21:54:00.000Z,1783634040000,171076458.1748,181096352.8951,-0.0285,352172811
2026-07-10 07:55,2026-07-09T21:55:00.000Z,1783634100000,171196277.0687,176030197.047,-0.0139,347226474
2026-07-10 07:56,2026-07-09T21:56:00.000Z,1783634160000,173279217.8496,182148643.5648,-0.0250,355427861
2026-07-10 07:57,2026-07-09T21:57:00.000Z,1783634220000,176848432.144,178523843.805,-0.0047,355372276
2026-07-10 07:58,2026-07-09T21:58:00.000Z,1783634280000,176495455.9585,178760369.66,-0.0064,355255826
2026-07-10 07:59,2026-07-09T21:59:00.000Z,1783634340000,171063873.7783,179714997.0212,-0.0247,350778871
2026-07-10 08:00,2026-07-09T22:00:00.000Z,1783634400000,172447247.0916,177181845.0276,-0.0135,349629092
2026-07-10 08:01,2026-07-09T22:01:00.000Z,1783634460000,171250643.2621,183737985.5507,-0.0352,354988629
2026-07-10 08:02,2026-07-09T22:02:00.000Z,1783634520000,179713535.9464,180223248.7455,-0.0014,359936785
2026-07-10 08:03,2026-07-09T22:03:00.000Z,1783634580000,179932133.205,176444321.7407,0.0098,356376455
2026-07-10 08:04,2026-07-09T22:04:00.000Z,1783634640000,169015680.8963,179206771.8133,-0.0293,348222453
2026-07-10 08:05,2026-07-09T22:05:00.000Z,1783634700000,179029944.6524,179964622.9196,-0.0026,358994568
2026-07-10 08:06,2026-07-09T22:06:00.000Z,1783634760000,178003615.895,169298554.3794,0.0251,347302170
2026-07-10 08:07,2026-07-09T22:07:00.000Z,1783634820000,175275802.2624,177913732.6881,-0.0075,353189535
2026-07-10 08:08,2026-07-09T22:08:00.000Z,1783634880000,169843191.4251,186033182.3918,-0.0455,355876374
2026-07-10 08:09,2026-07-09T22:09:00.000Z,1783634940000,176633179.7261,182017836.9797,-0.0150,358651017
2026-07-10 08:10,2026-07-09T22:10:00.000Z,1783635000000,181823954.0792,177383542.8234,0.0124,359207497
2026-07-10 08:11,2026-07-09T22:11:00.000Z,1783635060000,181429617.2024,174886072.2783,0.0184,356315689
2026-07-10 08:12,2026-07-09T22:12:00.000Z,1783635120000,181602900.9166,174868700.1501,0.0189,356471601
2026-07-10 08:13,2026-07-09T22:13:00.000Z,1783635180000,180113139.9119,179799730.6644,0.0009,359912871
2026-07-10 08:14,2026-07-09T22:14:00.000Z,1783635240000,182183938.7076,179135217.5612,0.0084,361319156
2026-07-10 08:15,2026-07-09T22:15:00.000Z,1783635300000,180367141.3855,176894490.8666,0.0097,357261632
2026-07-10 08:16,2026-07-09T22:16:00.000Z,1783635360000,180955005.3035,174210163.2785,0.0190,355165169
2026-07-10 08:17,2026-07-09T22:17:00.000Z,1783635420000,179207838.4554,179621367.8443,-0.0012,358829206
2026-07-10 08:18,2026-07-09T22:18:00.000Z,1783635480000,175608612.9718,183103146.8827,-0.0209,358711760
2026-07-10 08:19,2026-07-09T22:19:00.000Z,1783635540000,169351116.8823,189701134.2812,-0.0567,359052251
2026-07-10 08:20,2026-07-09T22:20:00.000Z,1783635600000,177118466.4502,184258107.6912,-0.0198,361376574
2026-07-10 08:21,2026-07-09T22:21:00.000Z,1783635660000,178423662.4326,183366949.7926,-0.0137,361790612
2026-07-10 08:22,2026-07-09T22:22:00.000Z,1783635720000,171868518.5922,184262968.1601,-0.0348,356131487
2026-07-10 08:23,2026-07-09T22:23:00.000Z,1783635780000,177579129.6314,184907402.7964,-0.0202,362486532
2026-07-10 08:24,2026-07-09T22:24:00.000Z,1783635840000,174413272.0973,183447437.1912,-0.0252,357860709
2026-07-10 08:25,2026-07-09T22:25:00.000Z,1783635900000,175500058.9649,185482747.6585,-0.0277,360982807
2026-07-10 08:26,2026-07-09T22:26:00.000Z,1783635960000,176897778.879,182829394.2933,-0.0165,359727173
2026-07-10 08:27,2026-07-09T22:27:00.000Z,1783636020000,180550728.3798,183465226.8512,-0.0080,364015955
2026-07-10 08:28,2026-07-09T22:28:00.000Z,1783636080000,178690765.8292,182963138.2381,-0.0118,361653904
2026-07-10 08:29,2026-07-09T22:29:00.000Z,1783636140000,182118670.8667,182864307.357,-0.0020,364982978
2026-07-10 08:30,2026-07-09T22:30:00.000Z,1783636200000,179126519.9021,182613626.362,-0.0096,361740146
2026-07-10 08:31,2026-07-09T22:31:00.000Z,1783636260000,175398626.279,185038565.9538,-0.0267,360437192
2026-07-10 08:32,2026-07-09T22:32:00.000Z,1783636320000,179460021.4226,182488766.2111,-0.0084,361948788
2026-07-10 08:33,2026-07-09T22:33:00.000Z,1783636380000,176556880.83,182962580.9898,-0.0178,359519462
2026-07-10 08:34,2026-07-09T22:34:00.000Z,1783636440000,181203668.0773,180072796.6693,0.0031,361276465
2026-07-10 08:35,2026-07-09T22:35:00.000Z,1783636500000,192733914.6374,172877925.2531,0.0543,365611840
2026-07-10 08:36,2026-07-09T22:36:00.000Z,1783636560000,188015828.7109,175205512.4186,0.0353,363221341
2026-07-10 08:37,2026-07-09T22:37:00.000Z,1783636620000,183825861.273,180303834.5727,0.0097,364129696
2026-07-10 08:38,2026-07-09T22:38:00.000Z,1783636680000,183402220.1375,180336515.9534,0.0084,363738736
2026-07-10 08:39,2026-07-09T22:39:00.000Z,1783636740000,180974987.6476,184247044.9918,-0.0090,365222033
2026-07-10 08:40,2026-07-09T22:40:00.000Z,1783636800000,182273164.4088,184035558.927,-0.0048,366308723
2026-07-10 08:41,2026-07-09T22:41:00.000Z,1783636860000,179700702.8578,183885440.5714,-0.0115,363586143
2026-07-10 08:42,2026-07-09T22:42:00.000Z,1783636920000,182492303.3139,186241017.1632,-0.0102,368733320
2026-07-10 08:43,2026-07-09T22:43:00.000Z,1783636980000,175488483.4796,190921170.8868,-0.0421,366409654
2026-07-10 08:44,2026-07-09T22:44:00.000Z,1783637040000,166742629.0412,184619226.223,-0.0509,351361855
2026-07-10 08:45,2026-07-09T22:45:00.000Z,1783637100000,169572880.864,182177990.1033,-0.0358,351750871
2026-07-10 08:46,2026-07-09T22:46:00.000Z,1783637160000,169076921.3483,186343369.7398,-0.0486,355420291
2026-07-10 08:47,2026-07-09T22:47:00.000Z,1783637220000,176274587.2845,186113238.6455,-0.0271,362387826
2026-07-10 08:48,2026-07-09T22:48:00.000Z,1783637280000,177991065.7853,183027413.5377,-0.0140,361018479
2026-07-10 08:49,2026-07-09T22:49:00.000Z,1783637340000,173616424.391,182174370.8403,-0.0241,355790795
2026-07-10 08:50,2026-07-09T22:50:00.000Z,1783637400000,178866866.8044,182744531.9121,-0.0107,361611399
2026-07-10 08:51,2026-07-09T22:51:00.000Z,1783637460000,186381695.5496,177781161.8925,0.0236,364162857
2026-07-10 08:52,2026-07-09T22:52:00.000Z,1783637520000,183835467.8965,178421133.0699,0.0149,362256601
2026-07-10 08:53,2026-07-09T22:53:00.000Z,1783637580000,179427596.1148,176983279.891,0.0069,356410876
2026-07-10 08:54,2026-07-09T22:54:00.000Z,1783637640000,182876623.3518,179851264.6067,0.0083,362727888
2026-07-10 08:55,2026-07-09T22:55:00.000Z,1783637700000,177555670.4464,179061536.5565,-0.0042,356617207
2026-07-10 08:56,2026-07-09T22:56:00.000Z,1783637760000,180558891.4486,174817350.2604,0.0162,355376242
2026-07-10 08:57,2026-07-09T22:57:00.000Z,1783637820000,177543884.652,172708694.7523,0.0138,350252579
2026-07-10 08:58,2026-07-09T22:58:00.000Z,1783637880000,178653696.175,175479423.7394,0.0090,354133120
2026-07-10 08:59,2026-07-09T22:59:00.000Z,1783637940000,179420549.8276,173796623.1251,0.0159,353217173
2026-07-10 09:00,2026-07-09T23:00:00.000Z,1783638000000,176138508.5122,167429862.585,0.0253,343568371
2026-07-10 09:01,2026-07-09T23:01:00.000Z,1783638060000,181215650.0124,172019146.0088,0.0260,353234796
2026-07-10 09:02,2026-07-09T23:02:00.000Z,1783638120000,187934324.0223,173702154.0735,0.0394,361636478
2026-07-10 09:03,2026-07-09T23:03:00.000Z,1783638180000,182786025.7207,178301692.4362,0.0124,361087718
2026-07-10 09:04,2026-07-09T23:04:00.000Z,1783638240000,179442950.818,182103381.3199,-0.0074,361546332
2026-07-10 09:05,2026-07-09T23:05:00.000Z,1783638300000,177898423.2212,185988816.5569,-0.0222,363887240
2026-07-10 09:06,2026-07-09T23:06:00.000Z,1783638360000,175935194.5831,186718714.8576,-0.0297,362653909
2026-07-10 09:07,2026-07-09T23:07:00.000Z,1783638420000,180553746.0517,176696691.9331,0.0108,357250438
2026-07-10 09:08,2026-07-09T23:08:00.000Z,1783638480000,183467308.6615,177347173.5571,0.0170,360814482
2026-07-10 09:09,2026-07-09T23:09:00.000Z,1783638540000,186494950.2726,176435685.133,0.0277,362930635
2026-07-10 09:10,2026-07-09T23:10:00.000Z,1783638600000,184781332.1547,176631849.7769,0.0225,361413182
2026-07-10 09:11,2026-07-09T23:11:00.000Z,1783638660000,181152536.6903,167238370.103,0.0399,348390907
2026-07-10 09:12,2026-07-09T23:12:00.000Z,1783638720000,185535315.9808,171067810.5605,0.0406,356603127
2026-07-10 09:13,2026-07-09T23:13:00.000Z,1783638780000,183345243.7364,171962296.1911,0.0320,355307540
2026-07-10 09:14,2026-07-09T23:14:00.000Z,1783638840000,184952049.9145,172564150.637,0.0346,357516201
2026-07-10 09:15,2026-07-09T23:15:00.000Z,1783638900000,187696884.1016,170957086.3616,0.0467,358653970
2026-07-10 09:16,2026-07-09T23:16:00.000Z,1783638960000,192714795.5088,164227012.8979,0.0798,356941808
2026-07-10 09:17,2026-07-09T23:17:00.000Z,1783639020000,198651356.9047,160003237.1625,0.1078,358654594
2026-07-10 09:18,2026-07-09T23:18:00.000Z,1783639080000,200034575.9023,160013690.3403,0.1112,360048266
2026-07-10 09:19,2026-07-09T23:19:00.000Z,1783639140000,197972358.0801,157136693.3652,0.1150,355109051
2026-07-10 09:20,2026-07-09T23:20:00.000Z,1783639200000,196489700.898,158197752.0705,0.1080,354687453
2026-07-10 09:21,2026-07-09T23:21:00.000Z,1783639260000,203438728.4025,158011029.9768,0.1257,361449758
2026-07-10 09:22,2026-07-09T23:22:00.000Z,1783639320000,195906738.0445,159702019.2031,0.1018,355608757
2026-07-10 09:23,2026-07-09T23:23:00.000Z,1783639380000,195400769.6901,165932835.7621,0.0816,361333605
2026-07-10 09:24,2026-07-09T23:24:00.000Z,1783639440000,174890626.4071,189058363.346,-0.0389,363948990
2026-07-10 09:25,2026-07-09T23:25:00.000Z,1783639500000,175706126.1847,185146993.6259,-0.0262,360853120
2026-07-10 09:26,2026-07-09T23:26:00.000Z,1783639560000,177518646.5101,182713566.3327,-0.0144,360232213
2026-07-10 09:27,2026-07-09T23:27:00.000Z,1783639620000,181585321.0508,175881833.6056,0.0160,357467155
2026-07-10 09:28,2026-07-09T23:28:00.000Z,1783639680000,182915276.2138,175509204.8563,0.0207,358424481
2026-07-10 09:29,2026-07-09T23:29:00.000Z,1783639740000,180533632.3501,169232758.1495,0.0323,349766390
2026-07-10 09:30,2026-07-09T23:30:00.000Z,1783639800000,183267520.5884,173051819.784,0.0287,356319340
2026-07-10 09:31,2026-07-09T23:31:00.000Z,1783639860000,194916829.2612,164812534.6069,0.0837,359729364
2026-07-10 09:32,2026-07-09T23:32:00.000Z,1783639920000,198841352.2838,165472316.0846,0.0916,364313668
2026-07-10 09:33,2026-07-09T23:33:00.000Z,1783639980000,185702695.2135,170129361.7739,0.0438,355832057
2026-07-10 09:34,2026-07-09T23:34:00.000Z,1783640040000,184154893.1126,170593537.6927,0.0382,354748431
2026-07-10 09:35,2026-07-09T23:35:00.000Z,1783640100000,184233002.1365,170791386.7346,0.0379,355024389
2026-07-10 09:36,2026-07-09T23:36:00.000Z,1783640160000,181701608.3907,167461814.6902,0.0408,349163423
2026-07-10 09:37,2026-07-09T23:37:00.000Z,1783640220000,179552461.1047,172869158.2531,0.0190,352421619
2026-07-10 09:38,2026-07-09T23:38:00.000Z,1783640280000,174552122.0021,179592132.8194,-0.0142,354144255
2026-07-10 09:39,2026-07-09T23:39:00.000Z,1783640340000,181377514.3793,172587727.3197,0.0248,353965242
2026-07-10 09:40,2026-07-09T23:40:00.000Z,1783640400000,178323176.8186,178644473.4292,-0.0009,356967650
2026-07-10 09:41,2026-07-09T23:41:00.000Z,1783640460000,172840813.8494,180758518.7119,-0.0224,353599333
2026-07-10 09:42,2026-07-09T23:42:00.000Z,1783640520000,175428702.5255,175699797.568,-0.0008,351128500
2026-07-10 09:43,2026-07-09T23:43:00.000Z,1783640580000,174065179.2314,175786406.3423,-0.0049,349851586
2026-07-10 09:44,2026-07-09T23:44:00.000Z,1783640640000,177257580.1382,177820542.274,-0.0016,355078122
2026-07-10 09:45,2026-07-09T23:45:00.000Z,1783640700000,176010383.3728,178609818.8011,-0.0073,354620202
2026-07-10 09:46,2026-07-09T23:46:00.000Z,1783640760000,180425496.8629,176306454.1099,0.0115,356731951
2026-07-10 09:47,2026-07-09T23:47:00.000Z,1783640820000,179079958.3051,177267506.288,0.0051,356347465
2026-07-10 09:48,2026-07-09T23:48:00.000Z,1783640880000,184983595.6821,170598737.952,0.0405,355582334
2026-07-10 09:49,2026-07-09T23:49:00.000Z,1783640940000,177497071.8279,176397622.3612,0.0031,353894694
2026-07-10 09:50,2026-07-09T23:50:00.000Z,1783641000000,179755521.3122,176239117.1176,0.0099,355994638
2026-07-10 09:51,2026-07-09T23:51:00.000Z,1783641060000,178584476.4541,176712113.8819,0.0053,355296590
2026-07-10 09:52,2026-07-09T23:52:00.000Z,1783641120000,178681096.6059,172477753.6579,0.0177,351158850
2026-07-10 09:53,2026-07-09T23:53:00.000Z,1783641180000,175916852.1045,178302226.1561,-0.0067,354219078
2026-07-10 09:54,2026-07-09T23:54:00.000Z,1783641240000,175466425.8147,178178458.5107,-0.0077,353644884
2026-07-10 09:55,2026-07-09T23:55:00.000Z,1783641300000,174173970.2818,182810564.5825,-0.0242,356984535
2026-07-10 09:56,2026-07-09T23:56:00.000Z,1783641360000,176734528.6438,177845931.736,-0.0031,354580460
2026-07-10 09:57,2026-07-09T23:57:00.000Z,1783641420000,177115446.7767,176520622.9535,0.0017,353636070
2026-07-10 09:58,2026-07-09T23:58:00.000Z,1783641480000,184525437.2583,169310295.5337,0.0430,353835733
2026-07-10 09:59,2026-07-09T23:59:00.000Z,1783641540000,185413803.1963,167502021.0298,0.0508,352915824
2026-07-10 10:00,2026-07-10T00:00:00.000Z,1783641600000,178346801.7095,158731662.1586,0.0582,337078464
2026-07-10 10:01,2026-07-10T00:01:00.000Z,1783641660000,193191159.0576,162998121.4587,0.0848,356189281
2026-07-10 10:02,2026-07-10T00:02:00.000Z,1783641720000,196984982.2978,163668555.7051,0.0924,360653538
2026-07-10 10:03,2026-07-10T00:03:00.000Z,1783641780000,198666792.2154,165401912.202,0.0914,364068704
2026-07-10 10:04,2026-07-10T00:04:00.000Z,1783641840000,184523372.8363,164953746.1445,0.0560,349477119
2026-07-10 10:05,2026-07-10T00:05:00.000Z,1783641900000,192373969.2305,161156725.174,0.0883,353530694
2026-07-10 10:06,2026-07-10T00:06:00.000Z,1783641960000,196811304.8447,169278414.1937,0.0752,366089719
2026-07-10 10:07,2026-07-10T00:07:00.000Z,1783642020000,191398964.1807,178269189.1847,0.0355,369668153
2026-07-10 10:08,2026-07-10T00:08:00.000Z,1783642080000,196940570.4076,155196763.3346,0.1185,352137334
2026-07-10 10:09,2026-07-10T00:09:00.000Z,1783642140000,195572958.1857,157964110.0716,0.1064,353537068
2026-07-10 10:10,2026-07-10T00:10:00.000Z,1783642200000,191384425.523,169370594.9371,0.0610,360755020
2026-07-10 10:11,2026-07-10T00:11:00.000Z,1783642260000,201684216.1666,162499921.4487,0.1076,364184138
2026-07-10 10:12,2026-07-10T00:12:00.000Z,1783642320000,196015204.6762,165061166.7782,0.0857,361076371
2026-07-10 10:13,2026-07-10T00:13:00.000Z,1783642380000,186492319.5094,179146416.381,0.0201,365638736
2026-07-10 10:14,2026-07-10T00:14:00.000Z,1783642440000,193146190.188,169837789.2281,0.0642,362983979
2026-07-10 10:15,2026-07-10T00:15:00.000Z,1783642500000,183252092.5085,182054722.144,0.0033,365306815
2026-07-10 10:16,2026-07-10T00:16:00.000Z,1783642560000,181047158.1796,181486115.6258,-0.0012,362533274
2026-07-10 10:17,2026-07-10T00:17:00.000Z,1783642620000,199446005.2067,173195251.3901,0.0704,372641257
2026-07-10 10:18,2026-07-10T00:18:00.000Z,1783642680000,194446390.5514,174323868.3487,0.0546,368770259
2026-07-10 10:19,2026-07-10T00:19:00.000Z,1783642740000,195477220.7719,175258800.6239,0.0545,370736021
2026-07-10 10:20,2026-07-10T00:20:00.000Z,1783642800000,190654495.8363,178184140.6927,0.0338,368838637
2026-07-10 10:21,2026-07-10T00:21:00.000Z,1783642860000,189657120.0583,177477677.9723,0.0332,367134798
2026-07-10 10:22,2026-07-10T00:22:00.000Z,1783642920000,180084236.3663,185758299.1491,-0.0155,365842536
2026-07-10 10:23,2026-07-10T00:23:00.000Z,1783642980000,192986388.4665,163312080.0914,0.0833,356298469
2026-07-10 10:24,2026-07-10T00:24:00.000Z,1783643040000,204120672.3567,160107275.7668,0.1208,364227948
2026-07-10 10:25,2026-07-10T00:25:00.000Z,1783643100000,201116586.757,155834408.9178,0.1269,356950996
2026-07-10 10:26,2026-07-10T00:26:00.000Z,1783643160000,195520282.3181,163168234.8219,0.0902,358688517
2026-07-10 10:27,2026-07-10T00:27:00.000Z,1783643220000,193622663.988,173594058.8411,0.0545,367216723
2026-07-10 10:28,2026-07-10T00:28:00.000Z,1783643280000,201033638.0899,160880550.9691,0.1109,361914189
2026-07-10 10:29,2026-07-10T00:29:00.000Z,1783643340000,197193911.3458,164387265.0445,0.0907,361581176
2026-07-10 10:30,2026-07-10T00:30:00.000Z,1783643400000,191315101.2512,171483841.0411,0.0547,362798942
2026-07-10 10:31,2026-07-10T00:31:00.000Z,1783643460000,193627478.0778,166567148.9938,0.0751,360194627
2026-07-10 10:32,2026-07-10T00:32:00.000Z,1783643520000,195075375.4455,168795378.6122,0.0722,363870754
2026-07-10 10:33,2026-07-10T00:33:00.000Z,1783643580000,186142100.6153,159535474.2958,0.0770,345677575
2026-07-10 10:34,2026-07-10T00:34:00.000Z,1783643640000,208877046.7232,152739404.6696,0.1552,361616451
2026-07-10 10:35,2026-07-10T00:35:00.000Z,1783643700000,203507695.6663,159578911.5496,0.1210,363086607
2026-07-10 10:36,2026-07-10T00:36:00.000Z,1783643760000,199287990.668,164470076.3357,0.0957,363758067
2026-07-10 10:37,2026-07-10T00:37:00.000Z,1783643820000,193634403.1255,167754016.5195,0.0716,361388420
2026-07-10 10:38,2026-07-10T00:38:00.000Z,1783643880000,194759666.8829,168595388.2468,0.0720,363355055
2026-07-10 10:39,2026-07-10T00:39:00.000Z,1783643940000,189185595.1499,172643201.9787,0.0457,361828797
2026-07-10 10:40,2026-07-10T00:40:00.000Z,1783644000000,189236024.3997,174582002.8894,0.0403,363818027
2026-07-10 10:41,2026-07-10T00:41:00.000Z,1783644060000,189191596.4058,174866606.7157,0.0393,364058203
2026-07-10 10:42,2026-07-10T00:42:00.000Z,1783644120000,190833470.944,175394496.1953,0.0422,366227967
2026-07-10 10:43,2026-07-10T00:43:00.000Z,1783644180000,193719410.0307,163898125.684,0.0834,357617536
2026-07-10 10:44,2026-07-10T00:44:00.000Z,1783644240000,199058387.78,168561718.8361,0.0830,367620107
2026-07-10 10:45,2026-07-10T00:45:00.000Z,1783644300000,197498500.4042,162744592.8112,0.0965,360243093
2026-07-10 10:46,2026-07-10T00:46:00.000Z,1783644360000,202959761.893,166654707.751,0.0982,369614470
2026-07-10 10:47,2026-07-10T00:47:00.000Z,1783644420000,200367976.7612,173092111.3739,0.0730,373460088
2026-07-10 10:48,2026-07-10T00:48:00.000Z,1783644480000,203861178.3372,169866321.2345,0.0910,373727500
2026-07-10 10:49,2026-07-10T00:49:00.000Z,1783644540000,208305514.3428,166347711.3476,0.1120,374653226
2026-07-10 10:50,2026-07-10T00:50:00.000Z,1783644600000,203116642.6922,170672128.097,0.0868,373788771
2026-07-10 10:51,2026-07-10T00:51:00.000Z,1783644660000,198206587.3791,177299868.9213,0.0557,375506456
2026-07-10 10:52,2026-07-10T00:52:00.000Z,1783644720000,198889851.4681,165184458.5889,0.0926,364074310
2026-07-10 10:53,2026-07-10T00:53:00.000Z,1783644780000,202966272.542,162063290.628,0.1121,365029563
2026-07-10 10:54,2026-07-10T00:54:00.000Z,1783644840000,203965340.8081,161732785.2324,0.1155,365698126
2026-07-10 10:55,2026-07-10T00:55:00.000Z,1783644900000,199142187.9487,165260838.7308,0.0930,364403027
2026-07-10 10:56,2026-07-10T00:56:00.000Z,1783644960000,194067523.4658,167523572.7599,0.0734,361591096
2026-07-10 10:57,2026-07-10T00:57:00.000Z,1783645020000,192109572.7295,170558769.6631,0.0594,362668342
2026-07-10 10:58,2026-07-10T00:58:00.000Z,1783645080000,189198445.807,174070593.7156,0.0416,363269040
2026-07-10 10:59,2026-07-10T00:59:00.000Z,1783645140000,188119121.6183,178012866.2053,0.0276,366131988
2026-07-10 11:00,2026-07-10T01:00:00.000Z,1783645200000,183478172.0661,177822467.3362,0.0157,361300639
2026-07-10 11:01,2026-07-10T01:01:00.000Z,1783645260000,184648429.7315,166227532.4746,0.0525,350875962
2026-07-10 11:02,2026-07-10T01:02:00.000Z,1783645320000,201295116.6483,163495166.4402,0.1036,364790283
2026-07-10 11:03,2026-07-10T01:03:00.000Z,1783645380000,204569910.4314,162960544.5354,0.1132,367530455
2026-07-10 11:04,2026-07-10T01:04:00.000Z,1783645440000,208538865.2389,156632779.0362,0.1421,365171644
2026-07-10 11:05,2026-07-10T01:05:00.000Z,1783645500000,208137651.0599,156209354.129,0.1425,364347005
2026-07-10 11:06,2026-07-10T01:06:00.000Z,1783645560000,203533573.8642,160433652.6453,0.1184,363967227
2026-07-10 11:07,2026-07-10T01:07:00.000Z,1783645620000,194908288.1937,160755152.983,0.0960,355663441
2026-07-10 11:08,2026-07-10T01:08:00.000Z,1783645680000,198318796.437,167439293.4288,0.0844,365758090
2026-07-10 11:09,2026-07-10T01:09:00.000Z,1783645740000,199471901.4093,165334251.8033,0.0936,364806153
2026-07-10 11:10,2026-07-10T01:10:00.000Z,1783645800000,186855637.848,158075973.3616,0.0834,344931611
2026-07-10 11:11,2026-07-10T01:11:00.000Z,1783645860000,192753228.5303,162197765.3808,0.0861,354950994
2026-07-10 11:12,2026-07-10T01:12:00.000Z,1783645920000,180137887.5645,165458580.0125,0.0425,345596468
2026-07-10 11:13,2026-07-10T01:13:00.000Z,1783645980000,181003401.5757,172606876.5483,0.0237,353610278
2026-07-10 11:14,2026-07-10T01:14:00.000Z,1783646040000,183394281.9433,167180846.2574,0.0462,350575128
2026-07-10 11:15,2026-07-10T01:15:00.000Z,1783646100000,182030675.8439,173995468.9665,0.0226,356026145
2026-07-10 11:16,2026-07-10T01:16:00.000Z,1783646160000,172725338.6826,173802488.7714,-0.0031,346527827
2026-07-10 11:17,2026-07-10T01:17:00.000Z,1783646220000,178451984.1099,174452493.4432,0.0113,352904478
2026-07-10 11:18,2026-07-10T01:18:00.000Z,1783646280000,174948290.5839,181401209.3594,-0.0181,356349500
2026-07-10 11:19,2026-07-10T01:19:00.000Z,1783646340000,170150555.635,189961924.1949,-0.0550,360112480
2026-07-10 11:20,2026-07-10T01:20:00.000Z,1783646400000,166606364.682,191333378.7312,-0.0691,357939743
2026-07-10 11:21,2026-07-10T01:21:00.000Z,1783646460000,161380475.4526,185539731.8998,-0.0696,346920207
2026-07-10 11:22,2026-07-10T01:22:00.000Z,1783646520000,180647529.968,172821229.174,0.0221,353468759
2026-07-10 11:23,2026-07-10T01:23:00.000Z,1783646580000,172846175.5047,184636557.8966,-0.0330,357482733
2026-07-10 11:24,2026-07-10T01:24:00.000Z,1783646640000,173451389.4819,181921896.1822,-0.0238,355373286
2026-07-10 11:25,2026-07-10T01:25:00.000Z,1783646700000,168733712.3978,179847114.2391,-0.0319,348580827
2026-07-10 11:26,2026-07-10T01:26:00.000Z,1783646760000,174673683.3177,182997504.863,-0.0233,357671188
2026-07-10 11:27,2026-07-10T01:27:00.000Z,1783646820000,174864857.7798,179885550.0698,-0.0142,354750408
2026-07-10 11:28,2026-07-10T01:28:00.000Z,1783646880000,166264973.3687,184062337.748,-0.0508,350327311
2026-07-10 11:29,2026-07-10T01:29:00.000Z,1783646940000,165067248.537,188611915.0973,-0.0666,353679164
2026-07-10 11:30,2026-07-10T01:30:00.000Z,1783647000000,164829583.3223,184603945.0175,-0.0566,349433528
2026-07-10 11:31,2026-07-10T01:31:00.000Z,1783647060000,169866099.2289,180954806.007,-0.0316,350820905
2026-07-10 11:32,2026-07-10T01:32:00.000Z,1783647120000,168756417.7584,180740934.1643,-0.0343,349497352
2026-07-10 11:33,2026-07-10T01:33:00.000Z,1783647180000,174102302.6315,177153397.7932,-0.0087,351255700
2026-07-10 11:34,2026-07-10T01:34:00.000Z,1783647240000,172190049.9768,180451922.9615,-0.0234,352641973
2026-07-10 11:35,2026-07-10T01:35:00.000Z,1783647300000,175873035.7027,179503830.7286,-0.0102,355376866
2026-07-10 11:36,2026-07-10T01:36:00.000Z,1783647360000,171887716.0158,184201680.9512,-0.0346,356089397
2026-07-10 11:37,2026-07-10T01:37:00.000Z,1783647420000,168730620.7473,188557628.3281,-0.0555,357288249
2026-07-10 11:38,2026-07-10T01:38:00.000Z,1783647480000,158278007.457,201464717.3871,-0.1200,359742725
2026-07-10 11:39,2026-07-10T01:39:00.000Z,1783647540000,174848985.1301,188136576.2002,-0.0366,362985561
2026-07-10 11:40,2026-07-10T01:40:00.000Z,1783647600000,179803400.9695,184377620.716,-0.0126,364181022
2026-07-10 11:41,2026-07-10T01:41:00.000Z,1783647660000,182534336.9588,183942976.1736,-0.0038,366477313
2026-07-10 11:42,2026-07-10T01:42:00.000Z,1783647720000,181980888.0933,185082832.8445,-0.0085,367063721
2026-07-10 11:43,2026-07-10T01:43:00.000Z,1783647780000,181821099.8207,182585781.606,-0.0021,364406881
2026-07-10 11:44,2026-07-10T01:44:00.000Z,1783647840000,180640426.3954,186510815.7549,-0.0160,367151242
2026-07-10 11:45,2026-07-10T01:45:00.000Z,1783647900000,176884090.6563,181487765.525,-0.0128,358371856
2026-07-10 11:46,2026-07-10T01:46:00.000Z,1783647960000,173712579.5371,184825881.0529,-0.0310,358538461
2026-07-10 11:47,2026-07-10T01:47:00.000Z,1783648020000,164098717.3013,192924936.552,-0.0807,357023654
2026-07-10 11:48,2026-07-10T01:48:00.000Z,1783648080000,155537062.1878,192698462.6815,-0.1067,348235525
2026-07-10 11:49,2026-07-10T01:49:00.000Z,1783648140000,114819399.5665,159655167.1095,-0.1634,274474567
2026-07-10 11:50,2026-07-10T01:50:00.000Z,1783648200000,150616056.0236,159933771.1649,-0.0300,310549827
2026-07-10 11:51,2026-07-10T01:51:00.000Z,1783648260000,132632912.2829,178743769.7133,-0.1481,311376682
2026-07-10 11:52,2026-07-10T01:52:00.000Z,1783648320000,134186263.4193,183808131.9293,-0.1560,317994395
2026-07-10 11:53,2026-07-10T01:53:00.000Z,1783648380000,140140644.7571,176064646.7659,-0.1136,316205292
2026-07-10 11:54,2026-07-10T01:54:00.000Z,1783648440000,147204351.137,178139693.7041,-0.0951,325344045
2026-07-10 11:55,2026-07-10T01:55:00.000Z,1783648500000,164438452.0106,166311887.2678,-0.0057,330750339
2026-07-10 11:56,2026-07-10T01:56:00.000Z,1783648560000,156995341.2601,165327008.4028,-0.0258,322322350
2026-07-10 11:57,2026-07-10T01:57:00.000Z,1783648620000,163722032.1818,159341281.3433,0.0136,323063314
2026-07-10 11:58,2026-07-10T01:58:00.000Z,1783648680000,156928791.775,172781792.8337,-0.0481,329710585
2026-07-10 11:59,2026-07-10T01:59:00.000Z,1783648740000,159504059.9505,164995830.7921,-0.0169,324499891
2026-07-10 12:00,2026-07-10T02:00:00.000Z,1783648800000,152279357.1415,170371589.3784,-0.0561,322650947
2026-07-10 12:01,2026-07-10T02:01:00.000Z,1783648860000,150481982.0038,161628484.5123,-0.0357,312110467
2026-07-10 12:02,2026-07-10T02:02:00.000Z,1783648920000,162055384.1625,164706181.9278,-0.0081,326761566
2026-07-10 12:03,2026-07-10T02:03:00.000Z,1783648980000,154827141.7719,183393604.8286,-0.0845,338220747
2026-07-10 12:04,2026-07-10T02:04:00.000Z,1783649040000,168476373.4272,176448801.5596,-0.0231,344925175
2026-07-10 12:05,2026-07-10T02:05:00.000Z,1783649100000,156686855.6647,182618807.702,-0.0764,339305663
2026-07-10 12:06,2026-07-10T02:06:00.000Z,1783649160000,171704186.0272,174153330.412,-0.0071,345857516
2026-07-10 12:07,2026-07-10T02:07:00.000Z,1783649220000,170051580.8511,174176061.7603,-0.0120,344227643
2026-07-10 12:08,2026-07-10T02:08:00.000Z,1783649280000,165307479.1403,172954642.9741,-0.0226,338262122
2026-07-10 12:09,2026-07-10T02:09:00.000Z,1783649340000,161178389.6248,179866253.7193,-0.0548,341044643
2026-07-10 12:10,2026-07-10T02:10:00.000Z,1783649400000,163131894.9096,182625843.465,-0.0564,345757738
2026-07-10 12:11,2026-07-10T02:11:00.000Z,1783649460000,166228178.0127,165409415.9451,0.0025,331637594
2026-07-10 12:12,2026-07-10T02:12:00.000Z,1783649520000,155285674.6733,186220617.8205,-0.0906,341506292
2026-07-10 12:13,2026-07-10T02:13:00.000Z,1783649580000,153118080.6585,185585217.6464,-0.0959,338703298
2026-07-10 12:14,2026-07-10T02:14:00.000Z,1783649640000,159948290.7771,178725623.1489,-0.0554,338673914
2026-07-10 12:15,2026-07-10T02:15:00.000Z,1783649700000,158253836.5938,176007973.1076,-0.0531,334261810
2026-07-10 12:16,2026-07-10T02:16:00.000Z,1783649760000,164862266.3593,171132748.3911,-0.0187,335995015
2026-07-10 12:17,2026-07-10T02:17:00.000Z,1783649820000,167751500.5162,169563808.0221,-0.0054,337315309
2026-07-10 12:18,2026-07-10T02:18:00.000Z,1783649880000,167417390.3576,170126574.4592,-0.0080,337543965
2026-07-10 12:19,2026-07-10T02:19:00.000Z,1783649940000,154457392.1669,183983635.7071,-0.0872,338441028
2026-07-10 12:20,2026-07-10T02:20:00.000Z,1783650000000,150234552.0405,189072381.2027,-0.1145,339306933
2026-07-10 12:21,2026-07-10T02:21:00.000Z,1783650060000,163511723.7179,174982758.8216,-0.0339,338494483
2026-07-10 12:22,2026-07-10T02:22:00.000Z,1783650120000,163654227.6577,176179612.382,-0.0369,339833840
2026-07-10 12:23,2026-07-10T02:23:00.000Z,1783650180000,161524184.8291,168241121.0028,-0.0204,329765306
2026-07-10 12:24,2026-07-10T02:24:00.000Z,1783650240000,166045561.4372,166169479.5635,-0.0004,332215041
2026-07-10 12:25,2026-07-10T02:25:00.000Z,1783650300000,166085920.8309,165624912.6687,0.0014,331710833
2026-07-10 12:26,2026-07-10T02:26:00.000Z,1783650360000,162186551.3385,169881129.2962,-0.0232,332067681
2026-07-10 12:27,2026-07-10T02:27:00.000Z,1783650420000,160186665.6566,172893379.9355,-0.0381,333080046
2026-07-10 12:28,2026-07-10T02:28:00.000Z,1783650480000,160774709.055,172562309.4832,-0.0354,333337019
2026-07-10 12:29,2026-07-10T02:29:00.000Z,1783650540000,159568264.2395,172469922.2733,-0.0389,332038187
2026-07-10 12:30,2026-07-10T02:30:00.000Z,1783650600000,163412179.166,172490933.8527,-0.0270,335903113
2026-07-10 12:31,2026-07-10T02:31:00.000Z,1783650660000,159807072.8605,169494932.0932,-0.0294,329302005
2026-07-10 12:32,2026-07-10T02:32:00.000Z,1783650720000,159153938.404,174617761.658,-0.0463,333771700
2026-07-10 12:33,2026-07-10T02:33:00.000Z,1783650780000,163716823.0122,172164438.6569,-0.0252,335881262
2026-07-10 12:34,2026-07-10T02:34:00.000Z,1783650840000,165982269.6765,168684757.8467,-0.0081,334667028
2026-07-10 12:35,2026-07-10T02:35:00.000Z,1783650900000,158524052.7423,174048886.3903,-0.0467,332572939
2026-07-10 12:36,2026-07-10T02:36:00.000Z,1783650960000,157177519.3262,180391342.4238,-0.0688,337568862
2026-07-10 12:37,2026-07-10T02:37:00.000Z,1783651020000,158431861.675,179753976.0026,-0.0630,338185838
2026-07-10 12:38,2026-07-10T02:38:00.000Z,1783651080000,146368289.0239,176239085.1108,-0.0926,322607374
2026-07-10 12:39,2026-07-10T02:39:00.000Z,1783651140000,160061218.672,180122747.5134,-0.0590,340183966
2026-07-10 12:40,2026-07-10T02:40:00.000Z,1783651200000,153180620.3273,182814048.4088,-0.0882,335994669
2026-07-10 12:41,2026-07-10T02:41:00.000Z,1783651260000,163198213.928,175987359.4724,-0.0377,339185573
2026-07-10 12:42,2026-07-10T02:42:00.000Z,1783651320000,165377824.6993,172027362.2677,-0.0197,337405187
2026-07-10 12:43,2026-07-10T02:43:00.000Z,1783651380000,162781321.7543,174555161.9275,-0.0349,337336484
2026-07-10 12:44,2026-07-10T02:44:00.000Z,1783651440000,160485281.152,172083746.5756,-0.0349,332569028
2026-07-10 12:45,2026-07-10T02:45:00.000Z,1783651500000,162031305.0862,176530795.9422,-0.0428,338562101
2026-07-10 12:46,2026-07-10T02:46:00.000Z,1783651560000,163476470.4751,177165765.2514,-0.0402,340642236
2026-07-10 12:47,2026-07-10T02:47:00.000Z,1783651620000,170422778.7524,173679501.386,-0.0095,344102280
2026-07-10 12:48,2026-07-10T02:48:00.000Z,1783651680000,151751832.9354,190334897.4828,-0.1128,342086730
2026-07-10 12:49,2026-07-10T02:49:00.000Z,1783651740000,155206760.825,180404681.4595,-0.0751,335611442
2026-07-10 12:50,2026-07-10T02:50:00.000Z,1783651800000,159991757.2435,181064893.7757,-0.0618,341056651
2026-07-10 12:51,2026-07-10T02:51:00.000Z,1783651860000,155178509.3016,180696408.1135,-0.0760,335874917
2026-07-10 12:52,2026-07-10T02:52:00.000Z,1783651920000,151687471.9093,184071707.636,-0.0965,335759180
2026-07-10 12:53,2026-07-10T02:53:00.000Z,1783651980000,159765674.095,185469343.9777,-0.0745,345235018
2026-07-10 12:54,2026-07-10T02:54:00.000Z,1783652040000,158577760.2557,185587775.8493,-0.0785,344165536
2026-07-10 12:55,2026-07-10T02:55:00.000Z,1783652100000,147051062.8566,170522608.9429,-0.0739,317573672
2026-07-10 12:56,2026-07-10T02:56:00.000Z,1783652160000,163136881.0411,172496914.2132,-0.0279,335633795
2026-07-10 12:57,2026-07-10T02:57:00.000Z,1783652220000,160812972.3869,182441111.7276,-0.0630,343254084
2026-07-10 12:58,2026-07-10T02:58:00.000Z,1783652280000,156731802.3348,186218381.4949,-0.0860,342950184
2026-07-10 12:59,2026-07-10T02:59:00.000Z,1783652340000,166194666.9388,182261467.0579,-0.0461,348456134
2026-07-10 13:00,2026-07-10T03:00:00.000Z,1783652400000,159687937.121,176442836.1011,-0.0498,336130773
2026-07-10 13:01,2026-07-10T03:01:00.000Z,1783652460000,166828254.6135,179671695.7646,-0.0371,346499950
2026-07-10 13:02,2026-07-10T03:02:00.000Z,1783652520000,161678639.0403,186250602.7788,-0.0706,347929242
2026-07-10 13:03,2026-07-10T03:03:00.000Z,1783652580000,166017456.1634,181227691.3719,-0.0438,347245148
2026-07-10 13:04,2026-07-10T03:04:00.000Z,1783652640000,166743760.7498,181087218.9395,-0.0412,347830980
2026-07-10 13:05,2026-07-10T03:05:00.000Z,1783652700000,172526110.2931,176127321.6068,-0.0103,348653432
2026-07-10 13:06,2026-07-10T03:06:00.000Z,1783652760000,175396235.6551,172162565.5803,0.0093,347558801
2026-07-10 13:07,2026-07-10T03:07:00.000Z,1783652820000,173859050.4269,174625612.1704,-0.0022,348484663
2026-07-10 13:08,2026-07-10T03:08:00.000Z,1783652880000,169730849.3062,179820342.0744,-0.0289,349551191
2026-07-10 13:09,2026-07-10T03:09:00.000Z,1783652940000,167844510.9173,182729260.5287,-0.0425,350573771
2026-07-10 13:10,2026-07-10T03:10:00.000Z,1783653000000,169171497.7588,182264113.2737,-0.0373,351435611
2026-07-10 13:11,2026-07-10T03:11:00.000Z,1783653060000,174650279.8379,176804952.8533,-0.0061,351455233
2026-07-10 13:12,2026-07-10T03:12:00.000Z,1783653120000,162636491.8067,187551912.1489,-0.0711,350188404
2026-07-10 13:13,2026-07-10T03:13:00.000Z,1783653180000,162209816.2839,186120508.8423,-0.0686,348330325
2026-07-10 13:14,2026-07-10T03:14:00.000Z,1783653240000,160623839.7502,183814430.5651,-0.0673,344438270
2026-07-10 13:15,2026-07-10T03:15:00.000Z,1783653300000,164507285.1676,185866967.3066,-0.0610,350374252
2026-07-10 13:16,2026-07-10T03:16:00.000Z,1783653360000,159882578.7409,177496185.5498,-0.0522,337378764
2026-07-10 13:17,2026-07-10T03:17:00.000Z,1783653420000,166009967.0293,185860835.5223,-0.0564,351870803
2026-07-10 13:18,2026-07-10T03:18:00.000Z,1783653480000,168633031.2599,183485473.3051,-0.0422,352118505
2026-07-10 13:19,2026-07-10T03:19:00.000Z,1783653540000,173105088.8137,180914326.6117,-0.0221,354019415
2026-07-10 13:20,2026-07-10T03:20:00.000Z,1783653600000,172925440.0713,181554623.5663,-0.0243,354480064
2026-07-10 13:21,2026-07-10T03:21:00.000Z,1783653660000,169468282.1269,181408945.428,-0.0340,350877228
2026-07-10 13:22,2026-07-10T03:22:00.000Z,1783653720000,173865917.9669,180873509.1145,-0.0198,354739427
2026-07-10 13:23,2026-07-10T03:23:00.000Z,1783653780000,171744213.627,179709414.098,-0.0227,351453628
2026-07-10 13:24,2026-07-10T03:24:00.000Z,1783653840000,173626036.9705,180744279.2281,-0.0201,354370316
2026-07-10 13:25,2026-07-10T03:25:00.000Z,1783653900000,172664879.223,182925140.6332,-0.0289,355590020
2026-07-10 13:26,2026-07-10T03:26:00.000Z,1783653960000,169148339.4073,183768955.3832,-0.0414,352917295
2026-07-10 13:27,2026-07-10T03:27:00.000Z,1783654020000,173066906.335,183415302.7149,-0.0290,356482209
2026-07-10 13:28,2026-07-10T03:28:00.000Z,1783654080000,172059711.4797,181992520.7599,-0.0281,354052232
2026-07-10 13:29,2026-07-10T03:29:00.000Z,1783654140000,169720182.2209,183677222.5276,-0.0395,353397405
2026-07-10 13:30,2026-07-10T03:30:00.000Z,1783654200000,174010364.0449,180731869.381,-0.0189,354742233
2026-07-10 13:31,2026-07-10T03:31:00.000Z,1783654260000,173138167.7664,172035747.9915,0.0032,345173916
2026-07-10 13:32,2026-07-10T03:32:00.000Z,1783654320000,169965517.8003,175945246.8784,-0.0173,345910765
2026-07-10 13:33,2026-07-10T03:33:00.000Z,1783654380000,164374667.6254,175346514.6502,-0.0323,339721182
2026-07-10 13:34,2026-07-10T03:34:00.000Z,1783654440000,170774615.9842,181382574.1144,-0.0301,352157190
2026-07-10 13:35,2026-07-10T03:35:00.000Z,1783654500000,163182786.9677,175710349.5896,-0.0370,338893137
2026-07-10 13:36,2026-07-10T03:36:00.000Z,1783654560000,162520999.2137,190332726.4435,-0.0788,352853726
2026-07-10 13:37,2026-07-10T03:37:00.000Z,1783654620000,164276601.0189,188823288.2491,-0.0695,353099889
2026-07-10 13:38,2026-07-10T03:38:00.000Z,1783654680000,163262521.6918,187772320.8213,-0.0698,351034843
2026-07-10 13:39,2026-07-10T03:39:00.000Z,1783654740000,167191831.6708,185055317.7676,-0.0507,352247149
2026-07-10 13:40,2026-07-10T03:40:00.000Z,1783654800000,167637170.7681,185627223.6698,-0.0509,353264394
2026-07-10 13:41,2026-07-10T03:41:00.000Z,1783654860000,151099388.0964,196101805.0704,-0.1296,347201193
2026-07-10 13:42,2026-07-10T03:42:00.000Z,1783654920000,154569922.7165,182790523.7293,-0.0837,337360446
2026-07-10 13:43,2026-07-10T03:43:00.000Z,1783654980000,163265643.3895,192608574.3902,-0.0825,355874218
2026-07-10 13:44,2026-07-10T03:44:00.000Z,1783655040000,164118269.5658,197407371.743,-0.0921,361525641
2026-07-10 13:45,2026-07-10T03:45:00.000Z,1783655100000,160789657.1595,195620248.1937,-0.0977,356409905
2026-07-10 13:46,2026-07-10T03:46:00.000Z,1783655160000,160387644.9337,197625409.4056,-0.1040,358013054
2026-07-10 13:47,2026-07-10T03:47:00.000Z,1783655220000,171136669.1963,190834854.4156,-0.0544,361971524
2026-07-10 13:48,2026-07-10T03:48:00.000Z,1783655280000,168335862.3378,195855232.6595,-0.0756,364191095
2026-07-10 13:49,2026-07-10T03:49:00.000Z,1783655340000,159804420.0716,205461153.6377,-0.1250,365265574
2026-07-10 13:50,2026-07-10T03:50:00.000Z,1783655400000,162537366.0782,195221280.068,-0.0914,357758646
2026-07-10 13:51,2026-07-10T03:51:00.000Z,1783655460000,157313830.5423,184646455.7802,-0.0799,341960286
2026-07-10 13:52,2026-07-10T03:52:00.000Z,1783655520000,165597506.6936,185216312.1589,-0.0559,350813819
2026-07-10 13:53,2026-07-10T03:53:00.000Z,1783655580000,158885325.1698,176339357.3583,-0.0521,335224683
2026-07-10 13:54,2026-07-10T03:54:00.000Z,1783655640000,166599287.2674,180450219.0148,-0.0399,347049506
2026-07-10 13:55,2026-07-10T03:55:00.000Z,1783655700000,170066655.0524,179319429.3388,-0.0265,349386084
2026-07-10 13:56,2026-07-10T03:56:00.000Z,1783655760000,165962795.6214,182272261.3304,-0.0468,348235057
2026-07-10 13:57,2026-07-10T03:57:00.000Z,1783655820000,168672661.046,181144388.6028,-0.0357,349817050
2026-07-10 13:58,2026-07-10T03:58:00.000Z,1783655880000,167392478.5206,179235309.3277,-0.0342,346627788
2026-07-10 13:59,2026-07-10T03:59:00.000Z,1783655940000,161189979.5792,180296279.6487,-0.0560,341486259
2026-07-10 14:00,2026-07-10T04:00:00.000Z,1783656000000,160508845.6356,182239159.8665,-0.0634,342748006
2026-07-10 14:01,2026-07-10T04:01:00.000Z,1783656060000,160904189.7441,184529198.9642,-0.0684,345433389
2026-07-10 14:02,2026-07-10T04:02:00.000Z,1783656120000,157102735.8122,182982096.2853,-0.0761,340084832
2026-07-10 14:03,2026-07-10T04:03:00.000Z,1783656180000,150890947.5087,184098286.5911,-0.0991,334989234
2026-07-10 14:04,2026-07-10T04:04:00.000Z,1783656240000,150068041.8556,186830606.5492,-0.1091,336898648
2026-07-10 14:05,2026-07-10T04:05:00.000Z,1783656300000,160376806.6932,189116261.2731,-0.0822,349493068
2026-07-10 14:06,2026-07-10T04:06:00.000Z,1783656360000,159598779.0023,191410995.2932,-0.0906,351009774
2026-07-10 14:07,2026-07-10T04:07:00.000Z,1783656420000,154942137.7967,184055801.6522,-0.0859,338997939
2026-07-10 14:08,2026-07-10T04:08:00.000Z,1783656480000,162875218.606,189260952.8621,-0.0749,352136171
2026-07-10 14:09,2026-07-10T04:09:00.000Z,1783656540000,161407044.351,191265011.9217,-0.0847,352672056
2026-07-10 14:10,2026-07-10T04:10:00.000Z,1783656600000,163165289.9528,191773174.1103,-0.0806,354938464
2026-07-10 14:11,2026-07-10T04:11:00.000Z,1783656660000,164319784.7609,190728196.0519,-0.0744,355047981
2026-07-10 14:12,2026-07-10T04:12:00.000Z,1783656720000,154791135.0428,185503989.6982,-0.0903,340295125
2026-07-10 14:13,2026-07-10T04:13:00.000Z,1783656780000,156330093.0041,185180038.0387,-0.0845,341510131
2026-07-10 14:14,2026-07-10T04:14:00.000Z,1783656840000,160767075.2613,192391358.2529,-0.0895,353158434
2026-07-10 14:15,2026-07-10T04:15:00.000Z,1783656900000,156911423.0065,188998055.9942,-0.0928,345909479
2026-07-10 14:16,2026-07-10T04:16:00.000Z,1783656960000,167202790.7355,188066925.2965,-0.0587,355269716
2026-07-10 14:17,2026-07-10T04:17:00.000Z,1783657020000,164604238.7676,190026894.6124,-0.0717,354631133
2026-07-10 14:18,2026-07-10T04:18:00.000Z,1783657080000,160531648.3083,190646356.0298,-0.0858,351178004
2026-07-10 14:19,2026-07-10T04:19:00.000Z,1783657140000,160756284.0679,187056803.2587,-0.0756,347813087
2026-07-10 14:20,2026-07-10T04:20:00.000Z,1783657200000,162983266.9479,186126276.1392,-0.0663,349109543
2026-07-10 14:21,2026-07-10T04:21:00.000Z,1783657260000,165060833.6473,185584631.3604,-0.0585,350645465
2026-07-10 14:22,2026-07-10T04:22:00.000Z,1783657320000,166890702.0206,180503911.6707,-0.0392,347394614
2026-07-10 14:23,2026-07-10T04:23:00.000Z,1783657380000,166334437.4502,182464910.223,-0.0462,348799348
2026-07-10 14:24,2026-07-10T04:24:00.000Z,1783657440000,166041531.5774,182499447.0559,-0.0472,348540979
2026-07-10 14:25,2026-07-10T04:25:00.000Z,1783657500000,171012194.8536,180722655.2151,-0.0276,351734850
2026-07-10 14:26,2026-07-10T04:26:00.000Z,1783657560000,169886554.1437,188055592.5462,-0.0508,357942147
2026-07-10 14:27,2026-07-10T04:27:00.000Z,1783657620000,167683388.4707,189343193.8484,-0.0607,357026582
2026-07-10 14:28,2026-07-10T04:28:00.000Z,1783657680000,168067797.5628,189296998.1301,-0.0594,357364796
2026-07-10 14:29,2026-07-10T04:29:00.000Z,1783657740000,167964941.5725,182240496.1787,-0.0408,350205438
2026-07-10 14:30,2026-07-10T04:30:00.000Z,1783657800000,166582950.5391,174410029.2507,-0.0230,340992980
2026-07-10 14:31,2026-07-10T04:31:00.000Z,1783657860000,169957995.6134,177401427.6318,-0.0214,347359423
2026-07-10 14:32,2026-07-10T04:32:00.000Z,1783657920000,173097473.3527,180866795.107,-0.0219,353964268
2026-07-10 14:33,2026-07-10T04:33:00.000Z,1783657980000,169340407.6845,184956788.98,-0.0441,354297197
2026-07-10 14:34,2026-07-10T04:34:00.000Z,1783658040000,166017858.8504,190555745.1891,-0.0688,356573604
2026-07-10 14:35,2026-07-10T04:35:00.000Z,1783658100000,158012026.4543,195105871.8792,-0.1050,353117898
2026-07-10 14:36,2026-07-10T04:36:00.000Z,1783658160000,158986956.8752,195462691.3788,-0.1029,354449648
2026-07-10 14:37,2026-07-10T04:37:00.000Z,1783658220000,157784842.0181,196741931.6411,-0.1099,354526774
2026-07-10 14:38,2026-07-10T04:38:00.000Z,1783658280000,151529344.7008,190508378.4408,-0.1140,342037723
2026-07-10 14:39,2026-07-10T04:39:00.000Z,1783658340000,168698179.5863,183018490.6241,-0.0407,351716670
2026-07-10 14:40,2026-07-10T04:40:00.000Z,1783658400000,159657933.4233,181344267.9607,-0.0636,341002201
2026-07-10 14:41,2026-07-10T04:41:00.000Z,1783658460000,164990100.9298,187858056.8751,-0.0648,352848158
2026-07-10 14:42,2026-07-10T04:42:00.000Z,1783658520000,167778636.0054,184496952.3477,-0.0475,352275588
2026-07-10 14:43,2026-07-10T04:43:00.000Z,1783658580000,169367426.4575,189393392.2994,-0.0558,358760819
2026-07-10 14:44,2026-07-10T04:44:00.000Z,1783658640000,168709384.0164,190182346.0616,-0.0598,358891730
2026-07-10 14:45,2026-07-10T04:45:00.000Z,1783658700000,168627858.0385,190777970.7544,-0.0616,359405829
2026-07-10 14:46,2026-07-10T04:46:00.000Z,1783658760000,168775073.9195,191164584.3471,-0.0622,359939658
2026-07-10 14:47,2026-07-10T04:47:00.000Z,1783658820000,172072551.7997,190389318.4635,-0.0505,362461870
2026-07-10 14:48,2026-07-10T04:48:00.000Z,1783658880000,159888345.2227,199448120.2401,-0.1101,359336465
2026-07-10 14:49,2026-07-10T04:49:00.000Z,1783658940000,168117416.2226,190763436.6183,-0.0631,358880853
2026-07-10 14:50,2026-07-10T04:50:00.000Z,1783659000000,162280219.5786,192847482.7412,-0.0861,355127702
2026-07-10 14:51,2026-07-10T04:51:00.000Z,1783659060000,162393014.0381,197562249.5525,-0.0977,359955264
2026-07-10 14:52,2026-07-10T04:52:00.000Z,1783659120000,171015409.418,188416649.7893,-0.0484,359432059
2026-07-10 14:53,2026-07-10T04:53:00.000Z,1783659180000,165627434.18,191563775.6031,-0.0726,357191210
2026-07-10 14:54,2026-07-10T04:54:00.000Z,1783659240000,169005230.6424,187666006.97,-0.0523,356671238
2026-07-10 14:55,2026-07-10T04:55:00.000Z,1783659300000,169640077.1266,188614688.204,-0.0530,358254765
2026-07-10 14:56,2026-07-10T04:56:00.000Z,1783659360000,169200474.4449,181101779.5905,-0.0340,350302254
2026-07-10 14:57,2026-07-10T04:57:00.000Z,1783659420000,173393845.7228,179487296.0745,-0.0173,352881142
2026-07-10 14:58,2026-07-10T04:58:00.000Z,1783659480000,174943963.9329,179068411.1477,-0.0117,354012375
2026-07-10 14:59,2026-07-10T04:59:00.000Z,1783659540000,170213452.0662,177057195.2413,-0.0197,347270647
2026-07-10 15:00,2026-07-10T05:00:00.000Z,1783659600000,167558716.1877,180448747.2977,-0.0370,348007463
2026-07-10 15:01,2026-07-10T05:01:00.000Z,1783659660000,172738340.9028,166415451.6844,0.0186,339153793
2026-07-10 15:02,2026-07-10T05:02:00.000Z,1783659720000,177366677.3754,172842779.5298,0.0129,350209457
2026-07-10 15:03,2026-07-10T05:03:00.000Z,1783659780000,174239283.2844,180356184.3174,-0.0173,354595468
2026-07-10 15:04,2026-07-10T05:04:00.000Z,1783659840000,179634056.7635,169383500.7714,0.0294,349017558
2026-07-10 15:05,2026-07-10T05:05:00.000Z,1783659900000,174596183.1661,184999911.4171,-0.0289,359596095
2026-07-10 15:06,2026-07-10T05:06:00.000Z,1783659960000,170773517.74,187376184.7916,-0.0464,358149703
2026-07-10 15:07,2026-07-10T05:07:00.000Z,1783660020000,166111907.5307,189559312.174,-0.0659,355671220
2026-07-10 15:08,2026-07-10T05:08:00.000Z,1783660080000,166086556.907,187992522.1475,-0.0619,354079079
2026-07-10 15:09,2026-07-10T05:09:00.000Z,1783660140000,175414253.7205,181229135.455,-0.0163,356643389
2026-07-10 15:10,2026-07-10T05:10:00.000Z,1783660200000,177322749.8482,178159003.1948,-0.0024,355481753
2026-07-10 15:11,2026-07-10T05:11:00.000Z,1783660260000,176297943.1701,177539774.9655,-0.0035,353837718
2026-07-10 15:12,2026-07-10T05:12:00.000Z,1783660320000,175540544.8581,178747392.887,-0.0091,354287938
2026-07-10 15:13,2026-07-10T05:13:00.000Z,1783660380000,175822318.3834,179010573.0438,-0.0090,354832891
2026-07-10 15:14,2026-07-10T05:14:00.000Z,1783660440000,179931497.8676,181163396.021,-0.0034,361094894
2026-07-10 15:15,2026-07-10T05:15:00.000Z,1783660500000,179744715.3156,183344996.2977,-0.0099,363089712
2026-07-10 15:16,2026-07-10T05:16:00.000Z,1783660560000,173950281.1688,178952481.1381,-0.0142,352902762
2026-07-10 15:17,2026-07-10T05:17:00.000Z,1783660620000,175739667.8699,184561098.9291,-0.0245,360300767
2026-07-10 15:18,2026-07-10T05:18:00.000Z,1783660680000,174803006.4538,185819381.1988,-0.0305,360622388
2026-07-10 15:19,2026-07-10T05:19:00.000Z,1783660740000,173731079.271,189408611.7157,-0.0432,363139691
2026-07-10 15:20,2026-07-10T05:20:00.000Z,1783660800000,170532626.9858,189171680.858,-0.0518,359704308
2026-07-10 15:21,2026-07-10T05:21:00.000Z,1783660860000,165793246.8703,179715336.449,-0.0403,345508583
2026-07-10 15:22,2026-07-10T05:22:00.000Z,1783660920000,173755204.4248,181936763.4947,-0.0230,355691968
2026-07-10 15:23,2026-07-10T05:23:00.000Z,1783660980000,171644185.7492,189258883.2275,-0.0488,360903069
2026-07-10 15:24,2026-07-10T05:24:00.000Z,1783661040000,174019798.3942,186653179.0639,-0.0350,360672977
2026-07-10 15:25,2026-07-10T05:25:00.000Z,1783661100000,171400100.6837,187375595.3119,-0.0445,358775696
2026-07-10 15:26,2026-07-10T05:26:00.000Z,1783661160000,171678504.4901,191177369.9015,-0.0537,362855874
2026-07-10 15:27,2026-07-10T05:27:00.000Z,1783661220000,171342928.6203,182421531.9455,-0.0313,353764461
2026-07-10 15:28,2026-07-10T05:28:00.000Z,1783661280000,168759229.2747,179232804.2512,-0.0301,347992034
2026-07-10 15:29,2026-07-10T05:29:00.000Z,1783661340000,172929650.7499,186794085.1831,-0.0385,359723736
2026-07-10 15:30,2026-07-10T05:30:00.000Z,1783661400000,174665734.8685,185562671.7811,-0.0303,360228407
2026-07-10 15:31,2026-07-10T05:31:00.000Z,1783661460000,175575475.1207,184604420.7008,-0.0251,360179896
2026-07-10 15:32,2026-07-10T05:32:00.000Z,1783661520000,174331407.3987,179474460.1874,-0.0145,353805868
2026-07-10 15:33,2026-07-10T05:33:00.000Z,1783661580000,163138524.8509,190959779.6082,-0.0786,354098304
2026-07-10 15:34,2026-07-10T05:34:00.000Z,1783661640000,161329950.3042,192806650.4082,-0.0889,354136601
2026-07-10 15:35,2026-07-10T05:35:00.000Z,1783661700000,162638685.3625,183009300.9202,-0.0589,345647986
2026-07-10 15:36,2026-07-10T05:36:00.000Z,1783661760000,166211905.2288,188006267.3588,-0.0615,354218173
2026-07-10 15:37,2026-07-10T05:37:00.000Z,1783661820000,165713608.8986,188149819.9713,-0.0634,353863429
2026-07-10 15:38,2026-07-10T05:38:00.000Z,1783661880000,165713608.8986,188149819.9713,-0.0634,353863429
2026-07-10 15:39,2026-07-10T05:39:00.000Z,1783661940000,164251409.1918,190154232.2549,-0.0731,354405641
2026-07-10 15:40,2026-07-10T05:40:00.000Z,1783662000000,178907925.0403,189223980.3414,-0.0280,368131905
2026-07-10 15:41,2026-07-10T05:41:00.000Z,1783662060000,172904567.5636,191829301.3922,-0.0519,364733869
2026-07-10 15:42,2026-07-10T05:42:00.000Z,1783662120000,175065019.3467,192049008.4776,-0.0463,367114028
2026-07-10 15:43,2026-07-10T05:43:00.000Z,1783662180000,171381421.2418,205575684.1347,-0.0907,376957105
2026-07-10 15:44,2026-07-10T05:44:00.000Z,1783662240000,171629741.9607,203384546.7682,-0.0847,375014289
2026-07-10 15:45,2026-07-10T05:45:00.000Z,1783662300000,167067990.4553,205524142.2745,-0.1032,372592133
2026-07-10 15:46,2026-07-10T05:46:00.000Z,1783662360000,169698663.8637,199658165.6571,-0.0811,369356830
2026-07-10 15:47,2026-07-10T05:47:00.000Z,1783662420000,170140398.3057,193313841.7154,-0.0638,363454240
2026-07-10 15:48,2026-07-10T05:48:00.000Z,1783662480000,169865240.2998,192675413.3193,-0.0629,362540654
2026-07-10 15:49,2026-07-10T05:49:00.000Z,1783662540000,160508360.5079,193249393.2446,-0.0926,353757754
2026-07-10 15:50,2026-07-10T05:50:00.000Z,1783662600000,160229267.9439,185846529.8393,-0.0740,346075798
2026-07-10 15:51,2026-07-10T05:51:00.000Z,1783662660000,170858376.4931,191448557.1101,-0.0568,362306934
2026-07-10 15:52,2026-07-10T05:52:00.000Z,1783662720000,165320289.0651,194346608.3061,-0.0807,359666897
2026-07-10 15:53,2026-07-10T05:53:00.000Z,1783662780000,160490617.3228,184963895.0787,-0.0708,345454512
2026-07-10 15:54,2026-07-10T05:54:00.000Z,1783662840000,168105640.7025,193480287.1438,-0.0702,361585928
2026-07-10 15:55,2026-07-10T05:55:00.000Z,1783662900000,162142225.0184,185575739.4782,-0.0674,347717964
2026-07-10 15:56,2026-07-10T05:56:00.000Z,1783662960000,170470891.1357,190688542.5962,-0.0560,361159434
2026-07-10 15:57,2026-07-10T05:57:00.000Z,1783663020000,169270466.29,191646356.7185,-0.0620,360916823
2026-07-10 15:58,2026-07-10T05:58:00.000Z,1783663080000,168441467.119,187798321.6828,-0.0543,356239789
2026-07-10 15:59,2026-07-10T05:59:00.000Z,1783663140000,170004102.5656,184290175.6231,-0.0403,354294278
2026-07-10 16:00,2026-07-10T06:00:00.000Z,1783663200000,166558982.9362,185344349.2987,-0.0534,351903332
2026-07-10 16:01,2026-07-10T06:01:00.000Z,1783663260000,173566655.1826,182558058.3629,-0.0252,356124714
2026-07-10 16:02,2026-07-10T06:02:00.000Z,1783663320000,167524866.9617,190144497.155,-0.0632,357669364
2026-07-10 16:03,2026-07-10T06:03:00.000Z,1783663380000,160163258.7481,183320653.9318,-0.0674,343483913
2026-07-10 16:04,2026-07-10T06:04:00.000Z,1783663440000,178182626.0757,182562968.0162,-0.0121,360745594
2026-07-10 16:05,2026-07-10T06:05:00.000Z,1783663500000,175313534.7835,184516029.4463,-0.0256,359829564
2026-07-10 16:06,2026-07-10T06:06:00.000Z,1783663560000,176556103.2433,172548431.5299,0.0115,349104535
2026-07-10 16:07,2026-07-10T06:07:00.000Z,1783663620000,168107572.6797,174318836.2336,-0.0181,342426409
2026-07-10 16:08,2026-07-10T06:08:00.000Z,1783663680000,167139861.5071,177756796.9054,-0.0308,344896658
2026-07-10 16:09,2026-07-10T06:09:00.000Z,1783663740000,167334851.0688,190785836.8159,-0.0655,358120688
2026-07-10 16:10,2026-07-10T06:10:00.000Z,1783663800000,170862415.3728,188116018.9631,-0.0481,358978434
2026-07-10 16:11,2026-07-10T06:11:00.000Z,1783663860000,170895199.3023,186862401.2049,-0.0446,357757601
2026-07-10 16:12,2026-07-10T06:12:00.000Z,1783663920000,161889738.2253,183496204.1629,-0.0626,345385942
2026-07-10 16:13,2026-07-10T06:13:00.000Z,1783663980000,171912503.874,189060380.7949,-0.0475,360972885
2026-07-10 16:14,2026-07-10T06:14:00.000Z,1783664040000,169014154.0206,190774182.9316,-0.0605,359788337
2026-07-10 16:15,2026-07-10T06:15:00.000Z,1783664100000,172070707.4465,188978689.5017,-0.0468,361049397
2026-07-10 16:16,2026-07-10T06:16:00.000Z,1783664160000,173130763.7699,187912878.742,-0.0409,361043643
2026-07-10 16:17,2026-07-10T06:17:00.000Z,1783664220000,172507349.4271,185577814.0578,-0.0365,358085163
2026-07-10 16:18,2026-07-10T06:18:00.000Z,1783664280000,176591978.0657,178776254.1447,-0.0061,355368232
2026-07-10 16:19,2026-07-10T06:19:00.000Z,1783664340000,181041813.5298,170955789.2248,0.0287,351997603
2026-07-10 16:20,2026-07-10T06:20:00.000Z,1783664400000,178355571.0476,165890392.6778,0.0362,344245964
2026-07-10 16:21,2026-07-10T06:21:00.000Z,1783664460000,171806411.8149,166606080.5401,0.0154,338412492
2026-07-10 16:22,2026-07-10T06:22:00.000Z,1783664520000,175599308.1096,174626121.4407,0.0028,350225430
2026-07-10 16:23,2026-07-10T06:23:00.000Z,1783664580000,178583516.6035,173032325.4385,0.0158,351615842
2026-07-10 16:24,2026-07-10T06:24:00.000Z,1783664640000,172556472.8695,167354395.5036,0.0153,339910868
2026-07-10 16:25,2026-07-10T06:25:00.000Z,1783664700000,170155693.8037,158137531.504,0.0366,328293225
2026-07-10 16:26,2026-07-10T06:26:00.000Z,1783664760000,191809893.0858,161703958.5855,0.0852,353513852
2026-07-10 16:27,2026-07-10T06:27:00.000Z,1783664820000,189296108.6348,171997530.1069,0.0479,361293639
2026-07-10 16:28,2026-07-10T06:28:00.000Z,1783664880000,189106273.8136,176785738.3905,0.0337,365892012
2026-07-10 16:29,2026-07-10T06:29:00.000Z,1783664940000,190671485.7272,179599661.3738,0.0299,370271147
2026-07-10 16:30,2026-07-10T06:30:00.000Z,1783665000000,186392584.0546,196294709.7258,-0.0259,382687294
2026-07-10 16:31,2026-07-10T06:31:00.000Z,1783665060000,179924110.6329,211236419.2472,-0.0800,391160530
2026-07-10 16:32,2026-07-10T06:32:00.000Z,1783665120000,200342853.18,213132063.1831,-0.0309,413474916
2026-07-10 16:33,2026-07-10T06:33:00.000Z,1783665180000,179376922.1966,209703269.9894,-0.0779,389080192
2026-07-10 16:34,2026-07-10T06:34:00.000Z,1783665240000,183343308.1461,203046045.7822,-0.0510,386389354
2026-07-10 16:35,2026-07-10T06:35:00.000Z,1783665300000,183290439.0311,216278802.4114,-0.0826,399569241
2026-07-10 16:36,2026-07-10T06:36:00.000Z,1783665360000,214827495.8716,215254176.6396,-0.0010,430081673
2026-07-10 16:37,2026-07-10T06:37:00.000Z,1783665420000,204388219.3629,203660828.9685,0.0018,408049048
2026-07-10 16:38,2026-07-10T06:38:00.000Z,1783665480000,204220600.9002,200104804.7041,0.0102,404325406
2026-07-10 16:39,2026-07-10T06:39:00.000Z,1783665540000,213572161.2047,209454881.7213,0.0097,423027043
2026-07-10 16:40,2026-07-10T06:40:00.000Z,1783665600000,212183405.5861,209540057.2311,0.0063,421723463
2026-07-10 16:41,2026-07-10T06:41:00.000Z,1783665660000,213321722.7811,210387471.5937,0.0069,423709194
2026-07-10 16:42,2026-07-10T06:42:00.000Z,1783665720000,212534353.2007,209274497.8925,0.0077,421808851
2026-07-10 16:43,2026-07-10T06:43:00.000Z,1783665780000,213118022.8276,210894412.1711,0.0052,424012435
2026-07-10 16:44,2026-07-10T06:44:00.000Z,1783665840000,212280192.2184,206407187.3669,0.0140,418687380
2026-07-10 16:45,2026-07-10T06:45:00.000Z,1783665900000,211739372.851,205101953.9388,0.0159,416841327
2026-07-10 16:46,2026-07-10T06:46:00.000Z,1783665960000,207243039.9868,208804458.3528,-0.0038,416047498
2026-07-10 16:47,2026-07-10T06:47:00.000Z,1783666020000,209806089.9934,206692026.7138,0.0075,416498117
2026-07-10 16:48,2026-07-10T06:48:00.000Z,1783666080000,209886436.7484,200848198.4915,0.0220,410734635
2026-07-10 16:49,2026-07-10T06:49:00.000Z,1783666140000,209386610.6037,205712410.1515,0.0089,415099021
2026-07-10 16:50,2026-07-10T06:50:00.000Z,1783666200000,210578455.8926,204958871.4005,0.0135,415537327
2026-07-10 16:51,2026-07-10T06:51:00.000Z,1783666260000,208169566.0218,205739544.4146,0.0059,413909110
2026-07-10 16:52,2026-07-10T06:52:00.000Z,1783666320000,180960831.1557,205620103.6325,-0.0638,386580935
2026-07-10 16:53,2026-07-10T06:53:00.000Z,1783666380000,178385892.0587,166958965.177,0.0331,345344857
2026-07-10 16:54,2026-07-10T06:54:00.000Z,1783666440000,186830166.0033,165683181.7823,0.0600,352513348
2026-07-10 16:55,2026-07-10T06:55:00.000Z,1783666500000,186368214.7778,168092501.6516,0.0516,354460716
2026-07-10 16:56,2026-07-10T06:56:00.000Z,1783666560000,200843475.0556,164249688.7519,0.1002,365093164
2026-07-10 16:57,2026-07-10T06:57:00.000Z,1783666620000,190157765.4967,172928641.9451,0.0475,363086407
2026-07-10 16:58,2026-07-10T06:58:00.000Z,1783666680000,209074857.7464,169518884.5944,0.1045,378593742
2026-07-10 16:59,2026-07-10T06:59:00.000Z,1783666740000,207767039.0203,174997425.2581,0.0856,382764464
2026-07-10 17:00,2026-07-10T07:00:00.000Z,1783666800000,181634348.1964,170973514.9683,0.0302,352607863
2026-07-10 17:01,2026-07-10T07:01:00.000Z,1783666860000,181634348.1964,170973514.9683,0.0302,352607863
2026-07-10 17:02,2026-07-10T07:02:00.000Z,1783666920000,188631430.9125,170897346.4772,0.0493,359528777
2026-07-10 17:03,2026-07-10T07:03:00.000Z,1783666980000,185286955.0977,174419545.1796,0.0302,359706500
2026-07-10 17:04,2026-07-10T07:04:00.000Z,1783667040000,185797637.3501,171440826.3,0.0402,357238464
2026-07-10 17:05,2026-07-10T07:05:00.000Z,1783667100000,180894893.9809,181748513.9103,-0.0024,362643408
2026-07-10 17:06,2026-07-10T07:06:00.000Z,1783667160000,181977600.6672,181915908.2195,0.0002,363893509
2026-07-10 17:07,2026-07-10T07:07:00.000Z,1783667220000,181090913.9809,179015011.7825,0.0058,360105926
2026-07-10 17:08,2026-07-10T07:08:00.000Z,1783667280000,174587136.4736,170817934.9805,0.0109,345405071
2026-07-10 17:09,2026-07-10T07:09:00.000Z,1783667340000,184228300.4025,173099577.0985,0.0311,357327878
2026-07-10 17:10,2026-07-10T07:10:00.000Z,1783667400000,178968727.1054,181505772.7554,-0.0070,360474500
2026-07-10 17:11,2026-07-10T07:11:00.000Z,1783667460000,173868874.1887,180535652.2518,-0.0188,354404526
2026-07-10 17:12,2026-07-10T07:12:00.000Z,1783667520000,172067123.4057,175806853.8916,-0.0108,347873977
2026-07-10 17:13,2026-07-10T07:13:00.000Z,1783667580000,175383473.8609,179203527.9057,-0.0108,354587002
2026-07-10 17:14,2026-07-10T07:14:00.000Z,1783667640000,174832865.5884,181623703.8544,-0.0191,356456569
2026-07-10 17:15,2026-07-10T07:15:00.000Z,1783667700000,171841363.3749,184142924.7784,-0.0346,355984288
2026-07-10 17:16,2026-07-10T07:16:00.000Z,1783667760000,174431865.985,164387981.7672,0.0296,338819848
2026-07-10 17:17,2026-07-10T07:17:00.000Z,1783667820000,178898070.5714,173826936.5349,0.0144,352725007
2026-07-10 17:18,2026-07-10T07:18:00.000Z,1783667880000,172407270.0451,181737849.4547,-0.0263,354145119
2026-07-10 17:19,2026-07-10T07:19:00.000Z,1783667940000,161459149.349,178139744.9671,-0.0491,339598894
2026-07-10 17:20,2026-07-10T07:20:00.000Z,1783668000000,170897990.6156,182452267.1554,-0.0327,353350258
2026-07-10 17:21,2026-07-10T07:21:00.000Z,1783668060000,164485406.0527,176115277.2106,-0.0341,340600683
2026-07-10 17:22,2026-07-10T07:22:00.000Z,1783668120000,172819456.9923,182354075.7484,-0.0268,355173533
2026-07-10 17:23,2026-07-10T07:23:00.000Z,1783668180000,171024413.6235,183358326.2247,-0.0348,354382740
2026-07-10 17:24,2026-07-10T07:24:00.000Z,1783668240000,169399077.5516,189226873.2286,-0.0553,358625951
2026-07-10 17:25,2026-07-10T07:25:00.000Z,1783668300000,165598193.8272,192773940.2182,-0.0758,358372134
2026-07-10 17:26,2026-07-10T07:26:00.000Z,1783668360000,172085992.0023,181605825.828,-0.0269,353691818
2026-07-10 17:27,2026-07-10T07:27:00.000Z,1783668420000,171056486.3871,182582780.3246,-0.0326,353639267
2026-07-10 17:28,2026-07-10T07:28:00.000Z,1783668480000,172952460.0741,182046799.2902,-0.0256,354999259
2026-07-10 17:29,2026-07-10T07:29:00.000Z,1783668540000,173829039.0854,182216190.1759,-0.0236,356045229
2026-07-10 17:30,2026-07-10T07:30:00.000Z,1783668600000,166002760.4313,176270203.0774,-0.0300,342272964
2026-07-10 17:31,2026-07-10T07:31:00.000Z,1783668660000,169128533.2953,174279620.3125,-0.0150,343408154
2026-07-10 17:32,2026-07-10T07:32:00.000Z,1783668720000,175128441.6362,175485772.8836,-0.0010,350614215
2026-07-10 17:33,2026-07-10T07:33:00.000Z,1783668780000,174638136.1313,176489579.5272,-0.0053,351127716
2026-07-10 17:34,2026-07-10T07:34:00.000Z,1783668840000,181281091.7022,171746228.0608,0.0270,353027320
2026-07-10 17:35,2026-07-10T07:35:00.000Z,1783668900000,177776375.4229,175480945.9372,0.0065,353257321
2026-07-10 17:36,2026-07-10T07:36:00.000Z,1783668960000,179482256.1533,172081400.0472,0.0211,351563656
2026-07-10 17:37,2026-07-10T07:37:00.000Z,1783669020000,183116018.8429,170649711.1551,0.0352,353765730
2026-07-10 17:38,2026-07-10T07:38:00.000Z,1783669080000,182422539.3559,171327106.7573,0.0314,353749646
2026-07-10 17:39,2026-07-10T07:39:00.000Z,1783669140000,180849753.5333,172726788.9201,0.0230,353576542
2026-07-10 17:40,2026-07-10T07:40:00.000Z,1783669200000,170311026.4305,169070771.132,0.0037,339381798
2026-07-10 17:41,2026-07-10T07:41:00.000Z,1783669260000,178482173.16,174173126.2757,0.0122,352655299
2026-07-10 17:42,2026-07-10T07:42:00.000Z,1783669320000,183719779.493,175293342.3781,0.0235,359013122
2026-07-10 17:43,2026-07-10T07:43:00.000Z,1783669380000,182854576.7985,176319766.1256,0.0182,359174343
2026-07-10 17:44,2026-07-10T07:44:00.000Z,1783669440000,176001645.7943,168610363.487,0.0214,344612009
2026-07-10 17:45,2026-07-10T07:45:00.000Z,1783669500000,182566889.9433,175377729.5749,0.0201,357944620
2026-07-10 17:46,2026-07-10T07:46:00.000Z,1783669560000,181250414.312,171537071.1505,0.0275,352787485
2026-07-10 17:47,2026-07-10T07:47:00.000Z,1783669620000,185378207.8939,174606831.3567,0.0299,359985039
2026-07-10 17:48,2026-07-10T07:48:00.000Z,1783669680000,181130996.0429,172468824.2861,0.0245,353599820
2026-07-10 17:49,2026-07-10T07:49:00.000Z,1783669740000,184494334.1735,176547870.9656,0.0220,361042205
2026-07-10 17:50,2026-07-10T07:50:00.000Z,1783669800000,183854646.393,176470458.8795,0.0205,360325105
2026-07-10 17:51,2026-07-10T07:51:00.000Z,1783669860000,181963784.5671,178933458.8422,0.0084,360897243
2026-07-10 17:52,2026-07-10T07:52:00.000Z,1783669920000,182841400.0294,176208608.0942,0.0185,359050008
2026-07-10 17:53,2026-07-10T07:53:00.000Z,1783669980000,183035974.837,178230389.1893,0.0133,361266364
2026-07-10 17:54,2026-07-10T07:54:00.000Z,1783670040000,182596428.0637,177114614.0682,0.0152,359711042
2026-07-10 17:55,2026-07-10T07:55:00.000Z,1783670100000,182331781.2808,175987678.779,0.0177,358319460
2026-07-10 17:56,2026-07-10T07:56:00.000Z,1783670160000,181184153.8704,176994494.6085,0.0117,358178648
2026-07-10 17:57,2026-07-10T07:57:00.000Z,1783670220000,181279068.7663,176393396.5743,0.0137,357672465
2026-07-10 17:58,2026-07-10T07:58:00.000Z,1783670280000,181262536.956,177721706.4327,0.0099,358984243
2026-07-10 17:59,2026-07-10T07:59:00.000Z,1783670340000,180098889.4726,179562121.3057,0.0015,359661011
2026-07-10 18:00,2026-07-10T08:00:00.000Z,1783670400000,169727436.8322,172987395.2477,-0.0095,342714832
2026-07-10 18:01,2026-07-10T08:01:00.000Z,1783670460000,169727436.8322,172987395.2477,-0.0095,342714832
2026-07-10 18:02,2026-07-10T08:02:00.000Z,1783670520000,179721180.0757,173561472.1627,0.0174,353282652
2026-07-10 18:03,2026-07-10T08:03:00.000Z,1783670580000,177722195.4197,177210040.8729,0.0014,354932236
2026-07-10 18:04,2026-07-10T08:04:00.000Z,1783670640000,175090334.9704,180412381.9035,-0.0150,355502717
2026-07-10 18:05,2026-07-10T08:05:00.000Z,1783670700000,176274350.6173,175445891.1936,0.0024,351720242
2026-07-10 18:06,2026-07-10T08:06:00.000Z,1783670760000,174069344.3005,178629630.7866,-0.0129,352698975
2026-07-10 18:07,2026-07-10T08:07:00.000Z,1783670820000,171571010.2229,181951999.8219,-0.0294,353523010
2026-07-10 18:08,2026-07-10T08:08:00.000Z,1783670880000,166763959.8345,184884202.8121,-0.0515,351648163
2026-07-10 18:09,2026-07-10T08:09:00.000Z,1783670940000,167164056.1392,188360340.9647,-0.0596,355524397
2026-07-10 18:10,2026-07-10T08:10:00.000Z,1783671000000,168492935.4113,188877481.7153,-0.0570,357370417
2026-07-10 18:11,2026-07-10T08:11:00.000Z,1783671060000,167414103.4281,190863552.2384,-0.0655,358277656
2026-07-10 18:12,2026-07-10T08:12:00.000Z,1783671120000,171592993.7142,185823868.0663,-0.0398,357416862
2026-07-10 18:13,2026-07-10T08:13:00.000Z,1783671180000,170163014.9391,188782270.8163,-0.0519,358945286
2026-07-10 18:14,2026-07-10T08:14:00.000Z,1783671240000,170267412.8265,187598308.2861,-0.0484,357865721
2026-07-10 18:15,2026-07-10T08:15:00.000Z,1783671300000,167468170.0301,192088426.3682,-0.0685,359556596
2026-07-10 18:16,2026-07-10T08:16:00.000Z,1783671360000,163858184.4848,196788844.3443,-0.0913,360647029
2026-07-10 18:17,2026-07-10T08:17:00.000Z,1783671420000,161934147.6246,168887547.8445,-0.0210,330821695
2026-07-10 18:18,2026-07-10T08:18:00.000Z,1783671480000,160941210.3841,188878510.9711,-0.0799,349819721
2026-07-10 18:19,2026-07-10T08:19:00.000Z,1783671540000,177156453.2188,178858247.2135,-0.0048,356014700
2026-07-10 18:20,2026-07-10T08:20:00.000Z,1783671600000,164257320.5069,189948263.0378,-0.0725,354205584
2026-07-10 18:21,2026-07-10T08:21:00.000Z,1783671660000,167996440.6974,189303647.6758,-0.0596,357300088
2026-07-10 18:22,2026-07-10T08:22:00.000Z,1783671720000,160381245.8107,182306225.0685,-0.0640,342687471
2026-07-10 18:23,2026-07-10T08:23:00.000Z,1783671780000,171109044.8689,185908587.7831,-0.0415,357017633
2026-07-10 18:24,2026-07-10T08:24:00.000Z,1783671840000,165969446.1224,189517527.2534,-0.0662,355486973
2026-07-10 18:25,2026-07-10T08:25:00.000Z,1783671900000,169557075.0481,184759816.3778,-0.0429,354316891
2026-07-10 18:26,2026-07-10T08:26:00.000Z,1783671960000,175263215.3706,182811959.1171,-0.0211,358075174
2026-07-10 18:27,2026-07-10T08:27:00.000Z,1783672020000,164885667.8607,188237199.6236,-0.0661,353122867
2026-07-10 18:28,2026-07-10T08:28:00.000Z,1783672080000,159613606.6441,180045295.8553,-0.0602,339658902
2026-07-10 18:29,2026-07-10T08:29:00.000Z,1783672140000,161985363.1424,192697661.2519,-0.0866,354683024
2026-07-10 18:30,2026-07-10T08:30:00.000Z,1783672200000,153917917.782,185597154.38,-0.0933,339515072
2026-07-10 18:31,2026-07-10T08:31:00.000Z,1783672260000,153917917.782,185597154.38,-0.0933,339515072
2026-07-10 18:32,2026-07-10T08:32:00.000Z,1783672320000,155747831.8006,194470226.369,-0.1106,350218058
2026-07-10 18:33,2026-07-10T08:33:00.000Z,1783672380000,163795215.3844,192392815.5252,-0.0803,356188031
2026-07-10 18:34,2026-07-10T08:34:00.000Z,1783672440000,169025702.8196,188521648.9318,-0.0545,357547352
2026-07-10 18:35,2026-07-10T08:35:00.000Z,1783672500000,146609932.6084,186697008.829,-0.1203,333306941
2026-07-10 18:36,2026-07-10T08:36:00.000Z,1783672560000,157135006.0431,173667167.4721,-0.0500,330802174
2026-07-10 18:37,2026-07-10T08:37:00.000Z,1783672620000,165595677.934,169427830.1985,-0.0114,335023508
2026-07-10 18:38,2026-07-10T08:38:00.000Z,1783672680000,157909215.0682,164919672.7292,-0.0217,322828888
2026-07-10 18:39,2026-07-10T08:39:00.000Z,1783672740000,157852120.5267,178631498.7126,-0.0618,336483619
2026-07-10 18:40,2026-07-10T08:40:00.000Z,1783672800000,157521221.1655,176689001.6102,-0.0574,334210223
2026-07-10 18:41,2026-07-10T08:41:00.000Z,1783672860000,157770480.4456,181681403.6066,-0.0704,339451884
2026-07-10 18:42,2026-07-10T08:42:00.000Z,1783672920000,155513996.9762,183458778.905,-0.0824,338972776
2026-07-10 18:43,2026-07-10T08:43:00.000Z,1783672980000,157506857.4452,179130862.5426,-0.0642,336637720
2026-07-10 18:44,2026-07-10T08:44:00.000Z,1783673040000,164428103.1996,190989682.2405,-0.0747,355417785
2026-07-10 18:45,2026-07-10T08:45:00.000Z,1783673100000,162790505.0025,191052585.0589,-0.0799,353843090
2026-07-10 18:46,2026-07-10T08:46:00.000Z,1783673160000,165153819.303,186302188.7138,-0.0602,351456008
2026-07-10 18:47,2026-07-10T08:47:00.000Z,1783673220000,159537578.4,182548294.0006,-0.0673,342085872
2026-07-10 18:48,2026-07-10T08:48:00.000Z,1783673280000,164643847.4613,184020035.0249,-0.0556,348663882
2026-07-10 18:49,2026-07-10T08:49:00.000Z,1783673340000,161116650.0182,186388295.2117,-0.0727,347504945
2026-07-10 18:50,2026-07-10T08:50:00.000Z,1783673400000,156103522.507,189663516.1855,-0.0971,345767039
2026-07-10 18:51,2026-07-10T08:51:00.000Z,1783673460000,161212537.678,187448096.3812,-0.0752,348660634
2026-07-10 18:52,2026-07-10T08:52:00.000Z,1783673520000,160562631.4554,188514662.2542,-0.0801,349077294
2026-07-10 18:53,2026-07-10T08:53:00.000Z,1783673580000,151975518.18,176842369.4563,-0.0756,328817888
2026-07-10 18:54,2026-07-10T08:54:00.000Z,1783673640000,156831482.8208,170533725.5921,-0.0419,327365208
2026-07-10 18:55,2026-07-10T08:55:00.000Z,1783673700000,156404449.4608,186432296.5929,-0.0876,342836746
2026-07-10 18:56,2026-07-10T08:56:00.000Z,1783673760000,146800534.9908,179092915.7359,-0.0991,325893451
2026-07-10 18:57,2026-07-10T08:57:00.000Z,1783673820000,151146609.1261,190974481.6093,-0.1164,342121091
2026-07-10 18:58,2026-07-10T08:58:00.000Z,1783673880000,158678385.3671,185082809.1419,-0.0768,343761195
2026-07-10 18:59,2026-07-10T08:59:00.000Z,1783673940000,156817460.0949,182625936.5661,-0.0760,339443397
2026-07-10 19:00,2026-07-10T09:00:00.000Z,1783674000000,158325545.6383,179973242.1343,-0.0640,338298788
2026-07-10 19:01,2026-07-10T09:01:00.000Z,1783674060000,158325545.6383,179973242.1343,-0.0640,338298788
2026-07-10 19:02,2026-07-10T09:02:00.000Z,1783674120000,166831198.301,163585689.3903,0.0098,330416888
2026-07-10 19:03,2026-07-10T09:03:00.000Z,1783674180000,152568604.0177,178678204.5211,-0.0788,331246809
2026-07-10 19:04,2026-07-10T09:04:00.000Z,1783674240000,157490459.5972,188362886.8531,-0.0893,345853346
2026-07-10 19:05,2026-07-10T09:05:00.000Z,1783674300000,156801338.3292,188125050.3114,-0.0908,344926389
2026-07-10 19:06,2026-07-10T09:06:00.000Z,1783674360000,160331086.7333,185321763.7961,-0.0723,345652851
2026-07-10 19:07,2026-07-10T09:07:00.000Z,1783674420000,158752955.6319,186615511.4349,-0.0807,345368467
2026-07-10 19:08,2026-07-10T09:08:00.000Z,1783674480000,159169596.5772,186348394.8642,-0.0787,345517991
2026-07-10 19:09,2026-07-10T09:09:00.000Z,1783674540000,148367626.3635,178908967.0468,-0.0933,327276593
2026-07-10 19:10,2026-07-10T09:10:00.000Z,1783674600000,148862047.6417,182572274.9015,-0.1017,331434323
2026-07-10 19:11,2026-07-10T09:11:00.000Z,1783674660000,153998291.0788,185036850.8045,-0.0915,339035142
2026-07-10 19:12,2026-07-10T09:12:00.000Z,1783674720000,162345659.8342,182971051.36,-0.0597,345316711
2026-07-10 19:13,2026-07-10T09:13:00.000Z,1783674780000,167194095.6883,174997610.034,-0.0228,342191706
2026-07-10 19:14,2026-07-10T09:14:00.000Z,1783674840000,164959617.8281,178892235.6646,-0.0405,343851853
2026-07-10 19:15,2026-07-10T09:15:00.000Z,1783674900000,156787803.1192,173888865.3706,-0.0517,330676668
2026-07-10 19:16,2026-07-10T09:16:00.000Z,1783674960000,155916083.0975,173636616.9713,-0.0538,329552700
2026-07-10 19:17,2026-07-10T09:17:00.000Z,1783675020000,161245047.0183,185587448.0271,-0.0702,346832495
2026-07-10 19:18,2026-07-10T09:18:00.000Z,1783675080000,150665162.8755,184730601.917,-0.1016,335395765
2026-07-10 19:19,2026-07-10T09:19:00.000Z,1783675140000,156275119.8826,193202257.3848,-0.1057,349477377
2026-07-10 19:20,2026-07-10T09:20:00.000Z,1783675200000,151757918.3854,187437653.4118,-0.1052,339195572
2026-07-10 19:21,2026-07-10T09:21:00.000Z,1783675260000,156957657.513,192437634.5509,-0.1015,349395292
2026-07-10 19:22,2026-07-10T09:22:00.000Z,1783675320000,159016385.2533,190184677.5574,-0.0893,349201063
2026-07-10 19:23,2026-07-10T09:23:00.000Z,1783675380000,160599137.2776,188530516.299,-0.0800,349129654
2026-07-10 19:24,2026-07-10T09:24:00.000Z,1783675440000,160454401.9759,189092037.7309,-0.0819,349546440
2026-07-10 19:25,2026-07-10T09:25:00.000Z,1783675500000,159518654.7337,189289488.3272,-0.0854,348808143
2026-07-10 19:26,2026-07-10T09:26:00.000Z,1783675560000,162350917.1269,190519848.4998,-0.0798,352870766
2026-07-10 19:27,2026-07-10T09:27:00.000Z,1783675620000,160285112.6111,191197509.9209,-0.0879,351482623
2026-07-10 19:28,2026-07-10T09:28:00.000Z,1783675680000,144583276.1663,185106169.6617,-0.1229,329689446
2026-07-10 19:29,2026-07-10T09:29:00.000Z,1783675740000,150295190.3594,191121365.0714,-0.1196,341416555
2026-07-10 19:30,2026-07-10T09:30:00.000Z,1783675800000,151001543.886,190568767.2768,-0.1158,341570311
2026-07-10 19:31,2026-07-10T09:31:00.000Z,1783675860000,159454316.3694,185475788.5815,-0.0754,344930105
2026-07-10 19:32,2026-07-10T09:32:00.000Z,1783675920000,164907925.971,185619593.8439,-0.0591,350527520
2026-07-10 19:33,2026-07-10T09:33:00.000Z,1783675980000,164867518.2116,183364703.5691,-0.0531,348232222
2026-07-10 19:34,2026-07-10T09:34:00.000Z,1783676040000,165318810.443,187402797.4379,-0.0626,352721608
2026-07-10 19:35,2026-07-10T09:35:00.000Z,1783676100000,162018084.0107,190214112.3054,-0.0800,352232196
2026-07-10 19:36,2026-07-10T09:36:00.000Z,1783676160000,159785875.2781,189631710.9617,-0.0854,349417586
2026-07-10 19:37,2026-07-10T09:37:00.000Z,1783676220000,159605138.7486,189771000.4345,-0.0863,349376139
2026-07-10 19:38,2026-07-10T09:38:00.000Z,1783676280000,153813373.4741,194370943.8584,-0.1165,348184317
2026-07-10 19:39,2026-07-10T09:39:00.000Z,1783676340000,158114524.395,194111771.9751,-0.1022,352226296
2026-07-10 19:40,2026-07-10T09:40:00.000Z,1783676400000,162118390.0558,190834062.3548,-0.0814,352952452
2026-07-10 19:41,2026-07-10T09:41:00.000Z,1783676460000,158378922.9724,181032282.3395,-0.0667,339411205
2026-07-10 19:42,2026-07-10T09:42:00.000Z,1783676520000,164570231.3476,183814460.2932,-0.0552,348384692
2026-07-10 19:43,2026-07-10T09:43:00.000Z,1783676580000,165942532.7835,185926023.88,-0.0568,351868557
2026-07-10 19:44,2026-07-10T09:44:00.000Z,1783676640000,165160975.2936,186494659.9848,-0.0607,351655635
2026-07-10 19:45,2026-07-10T09:45:00.000Z,1783676700000,156733389.2395,189453596.2149,-0.0945,346186985
2026-07-10 19:46,2026-07-10T09:46:00.000Z,1783676760000,155461915.8706,197731257.9428,-0.1197,353193174
2026-07-10 19:47,2026-07-10T09:47:00.000Z,1783676820000,155078384.211,198612214.9485,-0.1231,353690599
2026-07-10 19:48,2026-07-10T09:48:00.000Z,1783676880000,154822858.7875,189524818.0344,-0.1008,344347677
2026-07-10 19:49,2026-07-10T09:49:00.000Z,1783676940000,162294183.5247,178524793.9309,-0.0476,340818977
2026-07-10 19:50,2026-07-10T09:50:00.000Z,1783677000000,157573952.3656,182897591.6429,-0.0744,340471544
2026-07-10 19:51,2026-07-10T09:51:00.000Z,1783677060000,163773976.4321,178752912.5399,-0.0437,342526889
2026-07-10 19:52,2026-07-10T09:52:00.000Z,1783677120000,163155261.2737,180426912.7871,-0.0503,343582174
2026-07-10 19:53,2026-07-10T09:53:00.000Z,1783677180000,162187233.9085,181072509.1776,-0.0550,343259743
2026-07-10 19:54,2026-07-10T09:54:00.000Z,1783677240000,153252670.9097,183581268.3741,-0.0900,336833939
2026-07-10 19:55,2026-07-10T09:55:00.000Z,1783677300000,156079718.0666,187677283.1421,-0.0919,343757001
2026-07-10 19:56,2026-07-10T09:56:00.000Z,1783677360000,155037324.8761,181506125.3913,-0.0786,336543450
2026-07-10 19:57,2026-07-10T09:57:00.000Z,1783677420000,160382431.5239,184054140.7607,-0.0687,344436572
2026-07-10 19:58,2026-07-10T09:58:00.000Z,1783677480000,158244001.2525,185659332.528,-0.0797,343903334
2026-07-10 19:59,2026-07-10T09:59:00.000Z,1783677540000,160107111.5508,185012815.0818,-0.0722,345119927
2026-07-10 20:00,2026-07-10T10:00:00.000Z,1783677600000,155891425.6057,181950196.3735,-0.0771,337841622
2026-07-10 20:01,2026-07-10T10:01:00.000Z,1783677660000,155891425.6057,181950196.3735,-0.0771,337841622
2026-07-10 20:02,2026-07-10T10:02:00.000Z,1783677720000,158302581.9001,184946126.8843,-0.0776,343248709
2026-07-10 20:03,2026-07-10T10:03:00.000Z,1783677780000,168214360.5587,176215489.878,-0.0232,344429850
2026-07-10 20:04,2026-07-10T10:04:00.000Z,1783677840000,168020580.6511,170695027.8489,-0.0079,338715609
2026-07-10 20:05,2026-07-10T10:05:00.000Z,1783677900000,167227178.0163,181591522.2207,-0.0412,348818700
2026-07-10 20:06,2026-07-10T10:06:00.000Z,1783677960000,158344723.7318,189183023.1604,-0.0887,347527747
2026-07-10 20:07,2026-07-10T10:07:00.000Z,1783678020000,159926615.1099,187408619.0497,-0.0791,347335234
2026-07-10 20:08,2026-07-10T10:08:00.000Z,1783678080000,161014583.0917,187452374.6701,-0.0759,348466958
2026-07-10 20:09,2026-07-10T10:09:00.000Z,1783678140000,158202543.1208,176917077.3365,-0.0558,335119620
2026-07-10 20:10,2026-07-10T10:10:00.000Z,1783678200000,160762573.4535,186650300.193,-0.0745,347412874
2026-07-10 20:11,2026-07-10T10:11:00.000Z,1783678260000,162445068.2815,188236110.2947,-0.0735,350681179
2026-07-10 20:12,2026-07-10T10:12:00.000Z,1783678320000,159483265.2795,178120759.6214,-0.0552,337604025
2026-07-10 20:13,2026-07-10T10:13:00.000Z,1783678380000,166875704.9291,183263438.6363,-0.0468,350139144
2026-07-10 20:14,2026-07-10T10:14:00.000Z,1783678440000,165970870.0227,180931125.5777,-0.0431,346901996
2026-07-10 20:15,2026-07-10T10:15:00.000Z,1783678500000,165446400.6224,181064790.2427,-0.0451,346511191
2026-07-10 20:16,2026-07-10T10:16:00.000Z,1783678560000,164092198.1187,182340846.1314,-0.0527,346433044
2026-07-10 20:17,2026-07-10T10:17:00.000Z,1783678620000,153781744.4006,177146282.3917,-0.0706,330928027
2026-07-10 20:18,2026-07-10T10:18:00.000Z,1783678680000,163120673.9739,186335050.3078,-0.0664,349455724
2026-07-10 20:19,2026-07-10T10:19:00.000Z,1783678740000,155059446.0457,191469065.4781,-0.1051,346528512
2026-07-10 20:20,2026-07-10T10:20:00.000Z,1783678800000,155460462.7181,190924323.9629,-0.1024,346384787
2026-07-10 20:21,2026-07-10T10:21:00.000Z,1783678860000,150408288.13,186128806.2748,-0.1061,336537094
2026-07-10 20:22,2026-07-10T10:22:00.000Z,1783678920000,146475315.481,211493386.9126,-0.1816,357968702
2026-07-10 20:23,2026-07-10T10:23:00.000Z,1783678980000,166885304.6364,188822065.2091,-0.0617,355707370
2026-07-10 20:24,2026-07-10T10:24:00.000Z,1783679040000,152266564.6453,214278863.9688,-0.1692,366545429
2026-07-10 20:25,2026-07-10T10:25:00.000Z,1783679100000,144340518.7843,214686831.3919,-0.1959,359027350
2026-07-10 20:26,2026-07-10T10:26:00.000Z,1783679160000,151519887.1475,204916034.4129,-0.1498,356435922
2026-07-10 20:27,2026-07-10T10:27:00.000Z,1783679220000,158767320.0977,197927041.8188,-0.1098,356694362
2026-07-10 20:28,2026-07-10T10:28:00.000Z,1783679280000,153487807.5177,206519336.6366,-0.1473,360007144
2026-07-10 20:29,2026-07-10T10:29:00.000Z,1783679340000,144361942.2615,200126853.2067,-0.1619,344488795
2026-07-10 20:30,2026-07-10T10:30:00.000Z,1783679400000,147820143.2629,195321573.0385,-0.1384,343141716
2026-07-10 20:31,2026-07-10T10:31:00.000Z,1783679460000,147296160.3343,182534862.3677,-0.1068,329831023
2026-07-10 20:32,2026-07-10T10:32:00.000Z,1783679520000,154038220.7451,189097637.6486,-0.1022,343135858
2026-07-10 20:33,2026-07-10T10:33:00.000Z,1783679580000,153833539.8089,199617925.4924,-0.1295,353451465
2026-07-10 20:34,2026-07-10T10:34:00.000Z,1783679640000,153691768.814,199771363.9518,-0.1304,353463133
2026-07-10 20:35,2026-07-10T10:35:00.000Z,1783679700000,159629429.1159,188499728.4974,-0.0829,348129158
2026-07-10 20:36,2026-07-10T10:36:00.000Z,1783679760000,161351221.3856,187093631.6461,-0.0739,348444853
2026-07-10 20:37,2026-07-10T10:37:00.000Z,1783679820000,164093642.6553,182660672.5468,-0.0535,346754315
2026-07-10 20:38,2026-07-10T10:38:00.000Z,1783679880000,167760700.2924,182982577.4838,-0.0434,350743278
2026-07-10 20:39,2026-07-10T10:39:00.000Z,1783679940000,159795710.4384,187821218.691,-0.0806,347616929
2026-07-10 20:40,2026-07-10T10:40:00.000Z,1783680000000,156595453.8529,195484846.0958,-0.1105,352080300
2026-07-10 20:41,2026-07-10T10:41:00.000Z,1783680060000,161630012.3779,187708459.2584,-0.0747,349338472
2026-07-10 20:42,2026-07-10T10:42:00.000Z,1783680120000,161790851.2867,188510711.5638,-0.0763,350301563
2026-07-10 20:43,2026-07-10T10:43:00.000Z,1783680180000,157665370.6403,194860933.4234,-0.1055,352526304
2026-07-10 20:44,2026-07-10T10:44:00.000Z,1783680240000,153064694.9308,191486320.0121,-0.1115,344551015
2026-07-10 20:45,2026-07-10T10:45:00.000Z,1783680300000,147672518.4995,193961478.3452,-0.1355,341633997
2026-07-10 20:46,2026-07-10T10:46:00.000Z,1783680360000,158650916.0631,185165783.2077,-0.0771,343816699
2026-07-10 20:47,2026-07-10T10:47:00.000Z,1783680420000,157843888.902,195463058.8154,-0.1065,353306948
2026-07-10 20:48,2026-07-10T10:48:00.000Z,1783680480000,158006592.5812,194519719.7716,-0.1036,352526312
2026-07-10 20:49,2026-07-10T10:49:00.000Z,1783680540000,157256816.2138,194616405.4716,-0.1062,351873222
2026-07-10 20:50,2026-07-10T10:50:00.000Z,1783680600000,156788747.4868,194696369.1659,-0.1078,351485117
2026-07-10 20:51,2026-07-10T10:51:00.000Z,1783680660000,158578273.8558,193383504.1871,-0.0989,351961778
2026-07-10 20:52,2026-07-10T10:52:00.000Z,1783680720000,158487665.6551,193990044.2418,-0.1007,352477710
2026-07-10 20:53,2026-07-10T10:53:00.000Z,1783680780000,151960642.6409,184122341.6086,-0.0957,336082984
2026-07-10 20:54,2026-07-10T10:54:00.000Z,1783680840000,158652972.0036,191578592.5855,-0.0940,350231565
2026-07-10 20:55,2026-07-10T10:55:00.000Z,1783680900000,157294455.067,187468747.1119,-0.0875,344763202
2026-07-10 20:56,2026-07-10T10:56:00.000Z,1783680960000,157762341.2592,192190209.4103,-0.0984,349952551
2026-07-10 20:57,2026-07-10T10:57:00.000Z,1783681020000,156674070.0976,196862917.8491,-0.1137,353536988
2026-07-10 20:58,2026-07-10T10:58:00.000Z,1783681080000,155822669.7861,197832820.1659,-0.1188,353655490
2026-07-10 20:59,2026-07-10T10:59:00.000Z,1783681140000,159016509.3824,192403522.5701,-0.0950,351420032
2026-07-10 21:00,2026-07-10T11:00:00.000Z,1783681200000,159137069.398,186011905.6782,-0.0779,345148975
2026-07-10 21:01,2026-07-10T11:01:00.000Z,1783681260000,159137069.398,186011905.6782,-0.0779,345148975
2026-07-10 21:02,2026-07-10T11:02:00.000Z,1783681320000,150232686.6974,188794634.0201,-0.1137,339027321
2026-07-10 21:03,2026-07-10T11:03:00.000Z,1783681380000,155760469.1475,197173649.6231,-0.1173,352934119
2026-07-10 21:04,2026-07-10T11:04:00.000Z,1783681440000,156681714.071,196701210.3723,-0.1132,353382924
2026-07-10 21:05,2026-07-10T11:05:00.000Z,1783681500000,150918042.6671,189029516.3096,-0.1121,339947559
2026-07-10 21:06,2026-07-10T11:06:00.000Z,1783681560000,154020492.1071,199250158.6149,-0.1280,353270651
2026-07-10 21:07,2026-07-10T11:07:00.000Z,1783681620000,159089590.7244,193444778.4894,-0.0975,352534369
2026-07-10 21:08,2026-07-10T11:08:00.000Z,1783681680000,157751914.6094,195635479.8851,-0.1072,353387394
2026-07-10 21:09,2026-07-10T11:09:00.000Z,1783681740000,151849036.6946,200414770.1027,-0.1379,352263807
2026-07-10 21:10,2026-07-10T11:10:00.000Z,1783681800000,162187304.9611,188863348.3401,-0.0760,351050653
2026-07-10 21:11,2026-07-10T11:11:00.000Z,1783681860000,157574574.5646,194904383.6059,-0.1059,352478958
2026-07-10 21:12,2026-07-10T11:12:00.000Z,1783681920000,153894501.648,197708380.7441,-0.1246,351602882
2026-07-10 21:13,2026-07-10T11:13:00.000Z,1783681980000,155262800.1498,200459512.7817,-0.1271,355722313
2026-07-10 21:14,2026-07-10T11:14:00.000Z,1783682040000,149882584.5392,196929661.953,-0.1357,346812246
2026-07-10 21:15,2026-07-10T11:15:00.000Z,1783682100000,154282850.7952,206091644.9945,-0.1438,360374496
2026-07-10 21:16,2026-07-10T11:16:00.000Z,1783682160000,152033640.1858,210234098.5639,-0.1607,362267739
2026-07-10 21:17,2026-07-10T11:17:00.000Z,1783682220000,155638490.8065,206369432.287,-0.1401,362007923
2026-07-10 21:18,2026-07-10T11:18:00.000Z,1783682280000,159805148.2295,192306532.9047,-0.0923,352111681
2026-07-10 21:19,2026-07-10T11:19:00.000Z,1783682340000,164785226.391,189117098.5002,-0.0688,353902325
2026-07-10 21:20,2026-07-10T11:20:00.000Z,1783682400000,165369972.5328,188787057.6645,-0.0661,354157030
2026-07-10 21:21,2026-07-10T11:21:00.000Z,1783682460000,172669073.203,184353034.6335,-0.0327,357022108
2026-07-10 21:22,2026-07-10T11:22:00.000Z,1783682520000,162902748.5515,190092563.0186,-0.0770,352995312
2026-07-10 21:23,2026-07-10T11:23:00.000Z,1783682580000,161862013.2115,191684060.4302,-0.0844,353546074
2026-07-10 21:24,2026-07-10T11:24:00.000Z,1783682640000,159782409.3302,198229908.2421,-0.1074,358012318
2026-07-10 21:25,2026-07-10T11:25:00.000Z,1783682700000,159251576.8414,198536869.0164,-0.1098,357788446
2026-07-10 21:26,2026-07-10T11:26:00.000Z,1783682760000,155507884.6412,185958808.4114,-0.0892,341466693
2026-07-10 21:27,2026-07-10T11:27:00.000Z,1783682820000,169432046.7174,190465780.7193,-0.0584,359897827
2026-07-10 21:28,2026-07-10T11:28:00.000Z,1783682880000,156112898.5458,190098248.5719,-0.0982,346211147
2026-07-10 21:29,2026-07-10T11:29:00.000Z,1783682940000,159195297.3301,197344175.5001,-0.1070,356539473
2026-07-10 21:30,2026-07-10T11:30:00.000Z,1783683000000,162669214.2463,192322520.246,-0.0835,354991734
2026-07-10 21:31,2026-07-10T11:31:00.000Z,1783683060000,169086888.5798,189112683.5672,-0.0559,358199572
2026-07-10 21:32,2026-07-10T11:32:00.000Z,1783683120000,167221029.7428,185755381.7877,-0.0525,352976412
2026-07-10 21:33,2026-07-10T11:33:00.000Z,1783683180000,166790649.6259,187249553.4428,-0.0578,354040203
2026-07-10 21:34,2026-07-10T11:34:00.000Z,1783683240000,170689169.5861,188882515.1322,-0.0506,359571685
2026-07-10 21:35,2026-07-10T11:35:00.000Z,1783683300000,169092313.1168,189120127.318,-0.0559,358212440
2026-07-10 21:36,2026-07-10T11:36:00.000Z,1783683360000,169968765.9822,190275237.7886,-0.0564,360244004
2026-07-10 21:37,2026-07-10T11:37:00.000Z,1783683420000,168248093.8775,190164870.7753,-0.0611,358412965
2026-07-10 21:38,2026-07-10T11:38:00.000Z,1783683480000,162195045.8504,183747225.7829,-0.0623,345942272
2026-07-10 21:39,2026-07-10T11:39:00.000Z,1783683540000,170530736.054,187931362.7545,-0.0485,358462099
2026-07-10 21:40,2026-07-10T11:40:00.000Z,1783683600000,168015304.0931,193028587.0842,-0.0693,361043891
2026-07-10 21:41,2026-07-10T11:41:00.000Z,1783683660000,166583844.1432,164949410.1146,0.0049,331533254
2026-07-10 21:42,2026-07-10T11:42:00.000Z,1783683720000,169256787.0004,193262873.961,-0.0662,362519661
2026-07-10 21:43,2026-07-10T11:43:00.000Z,1783683780000,156862705.6764,200355137.428,-0.1218,357217843
2026-07-10 21:44,2026-07-10T11:44:00.000Z,1783683840000,159421749.8926,198106397.4116,-0.1082,357528147
2026-07-10 21:45,2026-07-10T11:45:00.000Z,1783683900000,159189809.2799,198375999.9672,-0.1096,357565809
2026-07-10 21:46,2026-07-10T11:46:00.000Z,1783683960000,154414718.8665,206229112.1428,-0.1437,360643831
2026-07-10 21:47,2026-07-10T11:47:00.000Z,1783684020000,154373613.6785,207731108.8421,-0.1474,362104723
2026-07-10 21:48,2026-07-10T11:48:00.000Z,1783684080000,149940264.2862,205160090.9711,-0.1555,355100355
2026-07-10 21:49,2026-07-10T11:49:00.000Z,1783684140000,159893001.3773,201776562.5583,-0.1158,361669564
2026-07-10 21:50,2026-07-10T11:50:00.000Z,1783684200000,158667155.8659,211677439.4277,-0.1431,370344595
2026-07-10 21:51,2026-07-10T11:51:00.000Z,1783684260000,157946068.4791,219176504.8155,-0.1624,377122573
2026-07-10 21:52,2026-07-10T11:52:00.000Z,1783684320000,168585885.7942,204708607.6641,-0.0968,373294493
2026-07-10 21:53,2026-07-10T11:53:00.000Z,1783684380000,155558444.4182,221247900.0501,-0.1743,376806344
2026-07-10 21:54,2026-07-10T11:54:00.000Z,1783684440000,157775110.3082,219266483.3722,-0.1631,377041594
2026-07-10 21:55,2026-07-10T11:55:00.000Z,1783684500000,164336979.7163,209907199.0938,-0.1218,374244179
2026-07-10 21:56,2026-07-10T11:56:00.000Z,1783684560000,162912477.4605,213187668.3845,-0.1337,376100146
2026-07-10 21:57,2026-07-10T11:57:00.000Z,1783684620000,167894122.2455,203942424.364,-0.0969,371836547
2026-07-10 21:58,2026-07-10T11:58:00.000Z,1783684680000,162379010.5639,202845915.0031,-0.1108,365224926
2026-07-10 21:59,2026-07-10T11:59:00.000Z,1783684740000,162911559.9612,211060654.2466,-0.1288,373972214
2026-07-10 22:00,2026-07-10T12:00:00.000Z,1783684800000,147893550.2147,204678127.9776,-0.1611,352571678
2026-07-10 22:01,2026-07-10T12:01:00.000Z,1783684860000,147893550.2147,204678127.9776,-0.1611,352571678
2026-07-10 22:02,2026-07-10T12:02:00.000Z,1783684920000,147893550.2147,204678127.9776,-0.1611,352571678
2026-07-10 22:03,2026-07-10T12:03:00.000Z,1783684980000,165679859.6817,189654104.8477,-0.0675,355333965
2026-07-10 22:04,2026-07-10T12:04:00.000Z,1783685040000,154646131.873,186493528.2362,-0.0934,341139660
2026-07-10 22:05,2026-07-10T12:05:00.000Z,1783685100000,157924970.0852,207654893.4002,-0.1360,365579863
2026-07-10 22:06,2026-07-10T12:06:00.000Z,1783685160000,159252776.8888,201162157.9527,-0.1163,360414935
2026-07-10 22:07,2026-07-10T12:07:00.000Z,1783685220000,160735534.452,201664820.4454,-0.1129,362400355
2026-07-10 22:08,2026-07-10T12:08:00.000Z,1783685280000,161102130.1569,203684575.832,-0.1167,364786706
2026-07-10 22:09,2026-07-10T12:09:00.000Z,1783685340000,163462352.8882,197450739.9908,-0.0942,360913093
2026-07-10 22:10,2026-07-10T12:10:00.000Z,1783685400000,150329137.0181,216801298.6163,-0.1811,367130436
2026-07-10 22:11,2026-07-10T12:11:00.000Z,1783685460000,150329137.0181,216801298.6163,-0.1811,367130436
2026-07-10 22:12,2026-07-10T12:12:00.000Z,1783685520000,152916187.6512,220058196.8175,-0.1800,372974384
2026-07-10 22:13,2026-07-10T12:13:00.000Z,1783685580000,149146936.9424,222283261.229,-0.1969,371430198
2026-07-10 22:14,2026-07-10T12:14:00.000Z,1783685640000,132624526.8431,224429050.9975,-0.2571,357053578
2026-07-10 22:15,2026-07-10T12:15:00.000Z,1783685700000,140180078.494,210648798.1381,-0.2009,350828877
2026-07-10 22:16,2026-07-10T12:16:00.000Z,1783685760000,140180078.494,210648798.1381,-0.2009,350828877
2026-07-10 22:17,2026-07-10T12:17:00.000Z,1783685820000,143375442.4843,203641257.4538,-0.1737,347016700
2026-07-10 22:18,2026-07-10T12:18:00.000Z,1783685880000,147557094.6911,202572069.4766,-0.1571,350129164
2026-07-10 22:19,2026-07-10T12:19:00.000Z,1783685940000,142256406.7588,214320470.4514,-0.2021,356576877
2026-07-10 22:20,2026-07-10T12:20:00.000Z,1783686000000,146795438.1671,205742668.0492,-0.1672,352538106
2026-07-10 22:21,2026-07-10T12:21:00.000Z,1783686060000,146795438.1671,205742668.0492,-0.1672,352538106
2026-07-10 22:22,2026-07-10T12:22:00.000Z,1783686120000,147178718.3252,208977538.4951,-0.1735,356156257
2026-07-10 22:23,2026-07-10T12:23:00.000Z,1783686180000,148487835.6998,209092082.2701,-0.1695,357579918
2026-07-10 22:24,2026-07-10T12:24:00.000Z,1783686240000,146892427.9775,207445736.8889,-0.1709,354338165
2026-07-10 22:25,2026-07-10T12:25:00.000Z,1783686300000,145660023.3162,210456779.5939,-0.1820,356116803
2026-07-10 22:26,2026-07-10T12:26:00.000Z,1783686360000,145501589.2755,207897462.6884,-0.1766,353399052
2026-07-10 22:27,2026-07-10T12:27:00.000Z,1783686420000,140303890.9717,217350322.9889,-0.2154,357654214
2026-07-10 22:28,2026-07-10T12:28:00.000Z,1783686480000,136758757.0763,203959635.518,-0.1972,340718393
2026-07-10 22:29,2026-07-10T12:29:00.000Z,1783686540000,137249346.0627,204415981.8465,-0.1966,341665328
2026-07-10 22:30,2026-07-10T12:30:00.000Z,1783686600000,143952924.3809,206319822.5979,-0.1781,350272747
2026-07-10 22:31,2026-07-10T12:31:00.000Z,1783686660000,143952924.3809,206319822.5979,-0.1781,350272747
2026-07-10 22:32,2026-07-10T12:32:00.000Z,1783686720000,144000125.0457,198304451.9683,-0.1586,342304577
2026-07-10 22:33,2026-07-10T12:33:00.000Z,1783686780000,149605900.4656,189748865.2337,-0.1183,339354766
2026-07-10 22:34,2026-07-10T12:34:00.000Z,1783686840000,152208454.2625,189338979.3427,-0.1087,341547434
2026-07-10 22:35,2026-07-10T12:35:00.000Z,1783686900000,150950592.8398,189176104.785,-0.1124,340126698
2026-07-10 22:36,2026-07-10T12:36:00.000Z,1783686960000,147094491.6861,187701588.5463,-0.1213,334796080
2026-07-10 22:37,2026-07-10T12:37:00.000Z,1783687020000,145512263.9901,198223809.2934,-0.1533,343736073
2026-07-10 22:38,2026-07-10T12:38:00.000Z,1783687080000,147315619.1459,195169575.3669,-0.1397,342485195
2026-07-10 22:39,2026-07-10T12:39:00.000Z,1783687140000,150684967.7721,192796054.8042,-0.1226,343481023
2026-07-10 22:40,2026-07-10T12:40:00.000Z,1783687200000,150154518.9248,189243820.6691,-0.1152,339398340
2026-07-10 22:41,2026-07-10T12:41:00.000Z,1783687260000,144935970.3934,177890762.4869,-0.1021,322826733
2026-07-10 22:42,2026-07-10T12:42:00.000Z,1783687320000,156884091.9086,186538459.4088,-0.0863,343422551
2026-07-10 22:43,2026-07-10T12:43:00.000Z,1783687380000,157500883.285,190183959.0134,-0.0940,347684842
2026-07-10 22:44,2026-07-10T12:44:00.000Z,1783687440000,159316239.1738,192850774.0346,-0.0952,352167013
2026-07-10 22:45,2026-07-10T12:45:00.000Z,1783687500000,164591477.9278,175327143.2156,-0.0316,339918621
2026-07-10 22:46,2026-07-10T12:46:00.000Z,1783687560000,164591477.9278,175327143.2156,-0.0316,339918621
2026-07-10 22:47,2026-07-10T12:47:00.000Z,1783687620000,165836552.2682,177482641.5398,-0.0339,343319194
2026-07-10 22:48,2026-07-10T12:48:00.000Z,1783687680000,166129250.8404,195766435.5175,-0.0819,361895686
2026-07-10 22:49,2026-07-10T12:49:00.000Z,1783687740000,160522463.1321,198383968.4841,-0.1055,358906432
2026-07-10 22:50,2026-07-10T12:50:00.000Z,1783687800000,164225071.1734,195379872.7166,-0.0866,359604944
2026-07-10 22:51,2026-07-10T12:51:00.000Z,1783687860000,164840618.5627,195511391.7561,-0.0851,360352010
2026-07-10 22:52,2026-07-10T12:52:00.000Z,1783687920000,163211993.4499,193569077.1681,-0.0851,356781071
2026-07-10 22:53,2026-07-10T12:53:00.000Z,1783687980000,165266004.5786,171314767.7553,-0.0180,336580772
2026-07-10 22:54,2026-07-10T12:54:00.000Z,1783688040000,162013266.1917,171682884.4935,-0.0290,333696151
2026-07-10 22:55,2026-07-10T12:55:00.000Z,1783688100000,161192140.9309,172530938.7189,-0.0340,333723080
2026-07-10 22:56,2026-07-10T12:56:00.000Z,1783688160000,159491354.7546,175745779.7265,-0.0485,335237134
2026-07-10 22:57,2026-07-10T12:57:00.000Z,1783688220000,159617496.5528,175953424.4304,-0.0487,335570921
2026-07-10 22:58,2026-07-10T12:58:00.000Z,1783688280000,161263386.9719,173404016.7564,-0.0363,334667404
2026-07-10 22:59,2026-07-10T12:59:00.000Z,1783688340000,158299852.0098,174902403.9298,-0.0498,333202256
2026-07-10 23:00,2026-07-10T13:00:00.000Z,1783688400000,156778024.3278,171335128.9573,-0.0444,328113153
2026-07-10 23:01,2026-07-10T13:01:00.000Z,1783688460000,156778024.3278,171335128.9573,-0.0444,328113153
2026-07-10 23:02,2026-07-10T13:02:00.000Z,1783688520000,156775890.5683,197823826.9577,-0.1158,354599718
2026-07-10 23:03,2026-07-10T13:03:00.000Z,1783688580000,154431872.5197,198459943.5266,-0.1248,352891816
2026-07-10 23:04,2026-07-10T13:04:00.000Z,1783688640000,154834458.0553,164662389.0548,-0.0308,319496847
2026-07-10 23:05,2026-07-10T13:05:00.000Z,1783688700000,157508732.4582,193743252.207,-0.1032,351251985
2026-07-10 23:06,2026-07-10T13:06:00.000Z,1783688760000,148317928.8497,186769416.3777,-0.1148,335087345
2026-07-10 23:07,2026-07-10T13:07:00.000Z,1783688820000,148806019.1157,187734292.5479,-0.1157,336540312
2026-07-10 23:08,2026-07-10T13:08:00.000Z,1783688880000,157324321.8547,191901841.178,-0.0990,349226163
2026-07-10 23:09,2026-07-10T13:09:00.000Z,1783688940000,162482105.6805,188482493.7495,-0.0741,350964599
2026-07-10 23:10,2026-07-10T13:10:00.000Z,1783689000000,161794345.163,189093884.6191,-0.0778,350888230
2026-07-10 23:11,2026-07-10T13:11:00.000Z,1783689060000,162976749.8509,189248032.8517,-0.0746,352224783
2026-07-10 23:12,2026-07-10T13:12:00.000Z,1783689120000,167409330.5238,169188195.883,-0.0053,336597526
2026-07-10 23:13,2026-07-10T13:13:00.000Z,1783689180000,162551269.493,172364668.8082,-0.0293,334915938
2026-07-10 23:14,2026-07-10T13:14:00.000Z,1783689240000,155734460.0981,162051897.5875,-0.0199,317786358
2026-07-10 23:15,2026-07-10T13:15:00.000Z,1783689300000,162051234.5683,170328045.5131,-0.0249,332379280
2026-07-10 23:16,2026-07-10T13:16:00.000Z,1783689360000,157868799.8596,193132236.5881,-0.1005,351001036
2026-07-10 23:17,2026-07-10T13:17:00.000Z,1783689420000,160538664.6269,166937860.6313,-0.0195,327476525
2026-07-10 23:18,2026-07-10T13:18:00.000Z,1783689480000,154625226.6041,195500109.7349,-0.1167,350125336
2026-07-10 23:19,2026-07-10T13:19:00.000Z,1783689540000,157523484.9207,192572925.5857,-0.1001,350096411
2026-07-10 23:20,2026-07-10T13:20:00.000Z,1783689600000,161261727.542,189979011.6426,-0.0818,351240739
2026-07-10 23:21,2026-07-10T13:21:00.000Z,1783689660000,160334928.4312,190885721.6869,-0.0870,351220650
2026-07-10 23:22,2026-07-10T13:22:00.000Z,1783689720000,167267548.8181,170286607.5532,-0.0089,337554156
2026-07-10 23:23,2026-07-10T13:23:00.000Z,1783689780000,156758599.8634,197222379.945,-0.1143,353980980
2026-07-10 23:24,2026-07-10T13:24:00.000Z,1783689840000,140865292.1857,191551043.0297,-0.1525,332416335
2026-07-10 23:25,2026-07-10T13:25:00.000Z,1783689900000,140372347.6652,195335494.6697,-0.1637,335707842
2026-07-10 23:26,2026-07-10T13:26:00.000Z,1783689960000,162405164.4213,190205458.4223,-0.0788,352610623
2026-07-10 23:27,2026-07-10T13:27:00.000Z,1783690020000,166898687.2294,187877900.6139,-0.0591,354776588
2026-07-10 23:28,2026-07-10T13:28:00.000Z,1783690080000,160436682.9895,181476902.5333,-0.0615,341913586
2026-07-10 23:29,2026-07-10T13:29:00.000Z,1783690140000,162702810.5713,189476603.3099,-0.0760,352179414
2026-07-10 23:30,2026-07-10T13:30:00.000Z,1783690200000,163090074.5538,188923449.4287,-0.0734,352013524
2026-07-10 23:31,2026-07-10T13:31:00.000Z,1783690260000,154854195.2604,195187918.1192,-0.1152,350042113
2026-07-10 23:32,2026-07-10T13:32:00.000Z,1783690320000,139906125.6262,197535453.4261,-0.1708,337441579
2026-07-10 23:33,2026-07-10T13:33:00.000Z,1783690380000,147724213.2493,204938446.6991,-0.1622,352662660
2026-07-10 23:34,2026-07-10T13:34:00.000Z,1783690440000,150431753.1603,198649353.5144,-0.1381,349081107
2026-07-10 23:35,2026-07-10T13:35:00.000Z,1783690500000,155897826.7963,189834017.5985,-0.0982,345731844
2026-07-10 23:36,2026-07-10T13:36:00.000Z,1783690560000,154768168.7026,190873580.1544,-0.1045,345641749
2026-07-10 23:37,2026-07-10T13:37:00.000Z,1783690620000,150963991.5039,196918853.7125,-0.1321,347882845
2026-07-10 23:38,2026-07-10T13:38:00.000Z,1783690680000,148258886.8693,199318986.6257,-0.1469,347577873
2026-07-10 23:39,2026-07-10T13:39:00.000Z,1783690740000,146038086.5602,209927833.1842,-0.1795,355965920
2026-07-10 23:40,2026-07-10T13:40:00.000Z,1783690800000,143708438.063,193692834.5701,-0.1481,337401273
2026-07-10 23:41,2026-07-10T13:41:00.000Z,1783690860000,161527333.177,183132825.3122,-0.0627,344660158
2026-07-10 23:42,2026-07-10T13:42:00.000Z,1783690920000,144919378.3944,207087398.9601,-0.1766,352006777
2026-07-10 23:43,2026-07-10T13:43:00.000Z,1783690980000,141993087.3945,219183286.6522,-0.2137,361176374
2026-07-10 23:44,2026-07-10T13:44:00.000Z,1783691040000,134795517.5494,213697377.8907,-0.2264,348492895
2026-07-10 23:45,2026-07-10T13:45:00.000Z,1783691100000,151106415.596,201649665.5921,-0.1433,352756081
2026-07-10 23:46,2026-07-10T13:46:00.000Z,1783691160000,144342622.4346,209573597.216,-0.1843,353916220
2026-07-10 23:47,2026-07-10T13:47:00.000Z,1783691220000,141200013.1459,222819853.3965,-0.2242,364019867
2026-07-10 23:48,2026-07-10T13:48:00.000Z,1783691280000,149008628.7571,214176273.9295,-0.1794,363184903
2026-07-10 23:49,2026-07-10T13:49:00.000Z,1783691340000,151053463.0164,215202210.5978,-0.1751,366255674
2026-07-10 23:50,2026-07-10T13:50:00.000Z,1783691400000,144749211.6632,215880007.8235,-0.1972,360629219
2026-07-10 23:51,2026-07-10T13:51:00.000Z,1783691460000,145723149.8592,216101251.6223,-0.1945,361824401
2026-07-10 23:52,2026-07-10T13:52:00.000Z,1783691520000,140839230.8727,232305026.2928,-0.2451,373144257
2026-07-10 23:53,2026-07-10T13:53:00.000Z,1783691580000,139589132.1383,228711502.3227,-0.2420,368300634
2026-07-10 23:54,2026-07-10T13:54:00.000Z,1783691640000,146004620.5768,214413706.6173,-0.1898,360418327
2026-07-10 23:55,2026-07-10T13:55:00.000Z,1783691700000,150671227.3572,214064880.6076,-0.1738,364736108
2026-07-10 23:56,2026-07-10T13:56:00.000Z,1783691760000,151957416.0638,221133531.6744,-0.1854,373090948
2026-07-10 23:57,2026-07-10T13:57:00.000Z,1783691820000,148029569.9753,211220986.7336,-0.1759,359250557
2026-07-10 23:58,2026-07-10T13:58:00.000Z,1783691880000,149940986.7917,194706209.8128,-0.1299,344647197
2026-07-10 23:59,2026-07-10T13:59:00.000Z,1783691940000,152050178.5668,205560693.5741,-0.1496,357610872
2026-07-11 00:00,2026-07-10T14:00:00.000Z,1783692000000,147885506.6932,201088544.1767,-0.1525,348974051
2026-07-11 00:01,2026-07-10T14:01:00.000Z,1783692060000,144323295.3054,202410688.4634,-0.1675,346733984
2026-07-11 00:02,2026-07-10T14:02:00.000Z,1783692120000,150952655.7799,211883730.055,-0.1679,362836386
2026-07-11 00:03,2026-07-10T14:03:00.000Z,1783692180000,156571503.6726,202852192.7231,-0.1288,359423696
2026-07-11 00:04,2026-07-10T14:04:00.000Z,1783692240000,151565884.4453,177580247.1608,-0.0790,329146132
2026-07-11 00:05,2026-07-10T14:05:00.000Z,1783692300000,155926282.9186,174776930.5636,-0.0570,330703213
2026-07-11 00:06,2026-07-10T14:06:00.000Z,1783692360000,153415068.1667,187716810.5812,-0.1006,341131879
2026-07-11 00:07,2026-07-10T14:07:00.000Z,1783692420000,151660765.4655,184418862.638,-0.0975,336079628
2026-07-11 00:08,2026-07-10T14:08:00.000Z,1783692480000,158408858.6014,156365492.6377,0.0065,314774351
2026-07-11 00:09,2026-07-10T14:09:00.000Z,1783692540000,147558185.6346,174198199.8947,-0.0828,321756386
2026-07-11 00:10,2026-07-10T14:10:00.000Z,1783692600000,152144144.7637,173741430.6314,-0.0663,325885575
2026-07-11 00:11,2026-07-10T14:11:00.000Z,1783692660000,161085348.8357,169776608.1823,-0.0263,330861957
2026-07-11 00:12,2026-07-10T14:12:00.000Z,1783692720000,167944357.6722,165485508.4099,0.0074,333429866
2026-07-11 00:13,2026-07-10T14:13:00.000Z,1783692780000,160963155.7143,173079454.0909,-0.0363,334042610
2026-07-11 00:14,2026-07-10T14:14:00.000Z,1783692840000,168823429.457,166427741.0726,0.0071,335251171
2026-07-11 00:15,2026-07-10T14:15:00.000Z,1783692900000,170207028.0673,149874379.2993,0.0635,320081407
2026-07-11 00:16,2026-07-10T14:16:00.000Z,1783692960000,167299709.4889,152274405.3402,0.0470,319574115
2026-07-11 00:17,2026-07-10T14:17:00.000Z,1783693020000,163377957.2405,157792612.792,0.0174,321170570
2026-07-11 00:18,2026-07-10T14:18:00.000Z,1783693080000,160838815.4001,158411710.8926,0.0076,319250526
2026-07-11 00:19,2026-07-10T14:19:00.000Z,1783693140000,159286054.8022,137063453.4674,0.0750,296349508
2026-07-11 00:20,2026-07-10T14:20:00.000Z,1783693200000,169692696.116,167683740.2799,0.0060,337376436
2026-07-11 00:21,2026-07-10T14:21:00.000Z,1783693260000,166038059.2893,158128820.1252,0.0244,324166879
2026-07-11 00:22,2026-07-10T14:22:00.000Z,1783693320000,163172258.1293,123427822.5236,0.1387,286600081
2026-07-11 00:23,2026-07-10T14:23:00.000Z,1783693380000,156625349.3301,145626092.3046,0.0364,302251442
2026-07-11 00:24,2026-07-10T14:24:00.000Z,1783693440000,153283087.6796,150642862.8073,0.0087,303925950
2026-07-11 00:25,2026-07-10T14:25:00.000Z,1783693500000,148562936.9921,144430930.975,0.0141,292993868
2026-07-11 00:26,2026-07-10T14:26:00.000Z,1783693560000,156475912.3718,153689251.8454,0.0090,310165164
2026-07-11 00:27,2026-07-10T14:27:00.000Z,1783693620000,152465077.9462,142307792.836,0.0345,294772871
2026-07-11 00:28,2026-07-10T14:28:00.000Z,1783693680000,157484910.7984,153615164.5294,0.0124,311100075
2026-07-11 00:29,2026-07-10T14:29:00.000Z,1783693740000,154171497.5277,155024894.8888,-0.0028,309196392
2026-07-11 00:30,2026-07-10T14:30:00.000Z,1783693800000,157797712.9783,147345217.6561,0.0343,305142931
2026-07-11 00:31,2026-07-10T14:31:00.000Z,1783693860000,161484449.056,147038638.397,0.0468,308523087
2026-07-11 00:32,2026-07-10T14:32:00.000Z,1783693920000,143130823.2872,146348203.4506,-0.0111,289479027
2026-07-11 00:33,2026-07-10T14:33:00.000Z,1783693980000,159559656.4536,91348391.5265,0.2719,250908048
2026-07-11 00:34,2026-07-10T14:34:00.000Z,1783694040000,137225040.1488,127273466.5728,0.0376,264498507
2026-07-11 00:35,2026-07-10T14:35:00.000Z,1783694100000,142196506.4427,133973604.8166,0.0298,276170111
2026-07-11 00:36,2026-07-10T14:36:00.000Z,1783694160000,159516414.3331,125340812.9039,0.1200,284857227
2026-07-11 00:37,2026-07-10T14:37:00.000Z,1783694220000,145990975.3437,135302364.8724,0.0380,281293340
2026-07-11 00:38,2026-07-10T14:38:00.000Z,1783694280000,155637760.9647,144299512.3795,0.0378,299937273
2026-07-11 00:39,2026-07-10T14:39:00.000Z,1783694340000,147469162.5959,147345659.08,0.0004,294814822
2026-07-11 00:40,2026-07-10T14:40:00.000Z,1783694400000,152656239.4149,155991215.3218,-0.0108,308647455
2026-07-11 00:41,2026-07-10T14:41:00.000Z,1783694460000,150186384.7676,158402317.8111,-0.0266,308588703
2026-07-11 00:42,2026-07-10T14:42:00.000Z,1783694520000,166024103.1731,144290078.8751,0.0700,310314182
2026-07-11 00:43,2026-07-10T14:43:00.000Z,1783694580000,157207521.594,153081725.4383,0.0133,310289247
2026-07-11 00:44,2026-07-10T14:44:00.000Z,1783694640000,142509455.9924,140100365.4687,0.0085,282609821
2026-07-11 00:45,2026-07-10T14:45:00.000Z,1783694700000,148913409.5854,145328563.1558,0.0122,294241973
2026-07-11 00:46,2026-07-10T14:46:00.000Z,1783694760000,150962626.6363,144747286.8158,0.0210,295709913
2026-07-11 00:47,2026-07-10T14:47:00.000Z,1783694820000,146085202.9843,138404930.483,0.0270,284490133
2026-07-11 00:48,2026-07-10T14:48:00.000Z,1783694880000,157116896.3516,142460543.5441,0.0489,299577440
2026-07-11 00:49,2026-07-10T14:49:00.000Z,1783694940000,160365859.8074,134466360.4719,0.0878,294832220
2026-07-11 00:50,2026-07-10T14:50:00.000Z,1783695000000,140013155.0688,142370266.1569,-0.0083,282383421
2026-07-11 00:51,2026-07-10T14:51:00.000Z,1783695060000,157145079.2546,130867181.4032,0.0912,288012261
2026-07-11 00:52,2026-07-10T14:52:00.000Z,1783695120000,158137657.1019,139506674.7825,0.0626,297644332
2026-07-11 00:53,2026-07-10T14:53:00.000Z,1783695180000,156311040.593,141836854.9746,0.0485,298147896
2026-07-11 00:54,2026-07-10T14:54:00.000Z,1783695240000,162506356.3934,142466645.5497,0.0657,304973002
2026-07-11 00:55,2026-07-10T14:55:00.000Z,1783695300000,163931581.1643,150635532.9019,0.0423,314567114
2026-07-11 00:56,2026-07-10T14:56:00.000Z,1783695360000,169774478.3693,142019256.1954,0.0890,311793735
2026-07-11 00:57,2026-07-10T14:57:00.000Z,1783695420000,167610398.4237,142614000.5111,0.0806,310224399
2026-07-11 00:58,2026-07-10T14:58:00.000Z,1783695480000,166311095.6432,151740450.4928,0.0458,318051546
2026-07-11 00:59,2026-07-10T14:59:00.000Z,1783695540000,167724468.957,143273726.6804,0.0786,310998196
2026-07-11 01:00,2026-07-10T15:00:00.000Z,1783695600000,159691145.6101,143491394.5169,0.0534,303182540
2026-07-11 01:01,2026-07-10T15:01:00.000Z,1783695660000,159691145.6101,143491394.5169,0.0534,303182540
2026-07-11 01:02,2026-07-10T15:02:00.000Z,1783695720000,163313311.8983,151839314.7869,0.0364,315152627
2026-07-11 01:03,2026-07-10T15:03:00.000Z,1783695780000,152811443.0988,155921889.5896,-0.0101,308733333
2026-07-11 01:04,2026-07-10T15:04:00.000Z,1783695840000,148017778.568,160377315.3751,-0.0401,308395094
2026-07-11 01:05,2026-07-10T15:05:00.000Z,1783695900000,156470308.3769,151636745.7548,0.0157,308107054
2026-07-11 01:06,2026-07-10T15:06:00.000Z,1783695960000,153033152.2804,142904915.6429,0.0342,295938068
2026-07-11 01:07,2026-07-10T15:07:00.000Z,1783696020000,154177624.6329,156000855.7461,-0.0059,310178480
2026-07-11 01:08,2026-07-10T15:08:00.000Z,1783696080000,147188054.9768,161064903.1991,-0.0450,308252958
2026-07-11 01:09,2026-07-10T15:09:00.000Z,1783696140000,148047306.1795,164674937.5157,-0.0532,312722244
2026-07-11 01:10,2026-07-10T15:10:00.000Z,1783696200000,154717470.5967,153683439.5096,0.0034,308400910
2026-07-11 01:11,2026-07-10T15:11:00.000Z,1783696260000,153578674.4247,157667066.2114,-0.0131,311245741
2026-07-11 01:12,2026-07-10T15:12:00.000Z,1783696320000,153478948.3823,145709873.9267,0.0260,299188822
2026-07-11 01:13,2026-07-10T15:13:00.000Z,1783696380000,160587971.6063,151614435.8032,0.0287,312202407
2026-07-11 01:14,2026-07-10T15:14:00.000Z,1783696440000,150506440.5005,139504512.303,0.0379,290010953
2026-07-11 01:15,2026-07-10T15:15:00.000Z,1783696500000,159636073.8139,151727034.6,0.0254,311363108
2026-07-11 01:16,2026-07-10T15:16:00.000Z,1783696560000,146380536.1225,162871125.5894,-0.0533,309251662
2026-07-11 01:17,2026-07-10T15:17:00.000Z,1783696620000,146323264.4131,155537031.9018,-0.0305,301860296
2026-07-11 01:18,2026-07-10T15:18:00.000Z,1783696680000,151465964.9494,142001182.5811,0.0323,293467148
2026-07-11 01:19,2026-07-10T15:19:00.000Z,1783696740000,152954491.2608,150616847.6728,0.0077,303571339
2026-07-11 01:20,2026-07-10T15:20:00.000Z,1783696800000,147291568.8617,144832089.6226,0.0084,292123658
2026-07-11 01:21,2026-07-10T15:21:00.000Z,1783696860000,148370045.6034,159802636.5912,-0.0371,308172682
2026-07-11 01:22,2026-07-10T15:22:00.000Z,1783696920000,145290598.2507,165520284.2801,-0.0651,310810883
2026-07-11 01:23,2026-07-10T15:23:00.000Z,1783696980000,153902352.4779,154156918.5022,-0.0008,308059271
2026-07-11 01:24,2026-07-10T15:24:00.000Z,1783697040000,142437552.2419,166435664.0353,-0.0777,308873216
2026-07-11 01:25,2026-07-10T15:25:00.000Z,1783697100000,148406332.7038,168450148.2397,-0.0633,316856481
2026-07-11 01:26,2026-07-10T15:26:00.000Z,1783697160000,150215351.6697,180798045.5984,-0.0924,331013397
2026-07-11 01:27,2026-07-10T15:27:00.000Z,1783697220000,155353657.6109,164454274.049,-0.0285,319807932
2026-07-11 01:28,2026-07-10T15:28:00.000Z,1783697280000,154404101.5494,158401072.5556,-0.0128,312805174
2026-07-11 01:29,2026-07-10T15:29:00.000Z,1783697340000,160187528.5399,157280993.4007,0.0092,317468522
2026-07-11 01:30,2026-07-10T15:30:00.000Z,1783697400000,157853407.4507,162213750.7071,-0.0136,320067158
2026-07-11 01:31,2026-07-10T15:31:00.000Z,1783697460000,159453074.7544,160408417.9616,-0.0030,319861493
2026-07-11 01:32,2026-07-10T15:32:00.000Z,1783697520000,158811088.9641,153339189.8801,0.0175,312150279
2026-07-11 01:33,2026-07-10T15:33:00.000Z,1783697580000,159059375.4735,152342600.8556,0.0216,311401976
2026-07-11 01:34,2026-07-10T15:34:00.000Z,1783697640000,162670800.5493,154507579.0801,0.0257,317178380
2026-07-11 01:35,2026-07-10T15:35:00.000Z,1783697700000,155173606.7181,158179126.1941,-0.0096,313352733
2026-07-11 01:36,2026-07-10T15:36:00.000Z,1783697760000,170092700.9229,146821902.2366,0.0734,316914603
2026-07-11 01:37,2026-07-10T15:37:00.000Z,1783697820000,164396904.4706,150911478.674,0.0428,315308383
2026-07-11 01:38,2026-07-10T15:38:00.000Z,1783697880000,164637043.0608,161815771.0077,0.0086,326452814
2026-07-11 01:39,2026-07-10T15:39:00.000Z,1783697940000,168063463.4352,155082479.4578,0.0402,323145943
2026-07-11 01:40,2026-07-10T15:40:00.000Z,1783698000000,167284563.0998,152924228.3222,0.0448,320208791
2026-07-11 01:41,2026-07-10T15:41:00.000Z,1783698060000,168847020.0739,155133025.7256,0.0423,323980046
2026-07-11 01:42,2026-07-10T15:42:00.000Z,1783698120000,173379389.5836,151826466.6262,0.0663,325205856
2026-07-11 01:43,2026-07-10T15:43:00.000Z,1783698180000,175936673.6466,147502099.8276,0.0879,323438773
2026-07-11 01:44,2026-07-10T15:44:00.000Z,1783698240000,169354146.4114,152458707.1928,0.0525,321812854
2026-07-11 01:45,2026-07-10T15:45:00.000Z,1783698300000,179851251.013,157358796.1695,0.0667,337210047
2026-07-11 01:46,2026-07-10T15:46:00.000Z,1783698360000,175722125.2638,158236555.9235,0.0524,333958681
2026-07-11 01:47,2026-07-10T15:47:00.000Z,1783698420000,181916692.4871,155259467.7942,0.0791,337176160
2026-07-11 01:48,2026-07-10T15:48:00.000Z,1783698480000,177636970.4897,159624698.9722,0.0534,337261669
2026-07-11 01:49,2026-07-10T15:49:00.000Z,1783698540000,170475393.3918,153349315.9314,0.0529,323824709
2026-07-11 01:50,2026-07-10T15:50:00.000Z,1783698600000,173746828.4977,163731887.0498,0.0297,337478716
2026-07-11 01:51,2026-07-10T15:51:00.000Z,1783698660000,180028367.1113,157367621.9131,0.0672,337395989
2026-07-11 01:52,2026-07-10T15:52:00.000Z,1783698720000,178981000.5464,157735874.1387,0.0631,336716875
2026-07-11 01:53,2026-07-10T15:53:00.000Z,1783698780000,176582769.4506,162146835.5242,0.0426,338729605
2026-07-11 01:54,2026-07-10T15:54:00.000Z,1783698840000,171251129.3613,167811949.0446,0.0101,339063078
2026-07-11 01:55,2026-07-10T15:55:00.000Z,1783698900000,169719592.2491,164430336.5729,0.0158,334149929
2026-07-11 01:56,2026-07-10T15:56:00.000Z,1783698960000,163356949.4829,157288334.9444,0.0189,320645284
2026-07-11 01:57,2026-07-10T15:57:00.000Z,1783699020000,172630497.2361,160333701.2236,0.0369,332964198
2026-07-11 01:58,2026-07-10T15:58:00.000Z,1783699080000,170448177.2408,164431320.3102,0.0180,334879498
2026-07-11 01:59,2026-07-10T15:59:00.000Z,1783699140000,171701001.1394,164247999.0215,0.0222,335949000
2026-07-11 02:00,2026-07-10T16:00:00.000Z,1783699200000,161838789.2499,160587306.9385,0.0039,322426096
2026-07-11 02:01,2026-07-10T16:01:00.000Z,1783699260000,161838789.2499,160587306.9385,0.0039,322426096
2026-07-11 02:02,2026-07-10T16:02:00.000Z,1783699320000,171531677.0485,161829371.3254,0.0291,333361048
2026-07-11 02:03,2026-07-10T16:03:00.000Z,1783699380000,183369696.2387,152204029.2719,0.0929,335573726
2026-07-11 02:04,2026-07-10T16:04:00.000Z,1783699440000,184083941.6733,152752077.3046,0.0930,336836019
2026-07-11 02:05,2026-07-10T16:05:00.000Z,1783699500000,180889565.935,156643993.1496,0.0718,337533559
2026-07-11 02:06,2026-07-10T16:06:00.000Z,1783699560000,185314872.8718,151660181.9512,0.0999,336975055
2026-07-11 02:07,2026-07-10T16:07:00.000Z,1783699620000,179064366.4889,158830782.3326,0.0599,337895149
2026-07-11 02:08,2026-07-10T16:08:00.000Z,1783699680000,176666184.9977,160002782.3741,0.0495,336668967
2026-07-11 02:09,2026-07-10T16:09:00.000Z,1783699740000,172281908.6396,168082961.3111,0.0123,340364870
2026-07-11 02:10,2026-07-10T16:10:00.000Z,1783699800000,177144218.6997,162513057.6716,0.0431,339657276
2026-07-11 02:11,2026-07-10T16:11:00.000Z,1783699860000,166603974.2535,165191442.4544,0.0043,331795417
2026-07-11 02:12,2026-07-10T16:12:00.000Z,1783699920000,174401784.1124,160275343.3403,0.0422,334677127
2026-07-11 02:13,2026-07-10T16:13:00.000Z,1783699980000,172983377.591,161846848.4768,0.0333,334830226
2026-07-11 02:14,2026-07-10T16:14:00.000Z,1783700040000,170544937.5196,160738610.2994,0.0296,331283548
2026-07-11 02:15,2026-07-10T16:15:00.000Z,1783700100000,171175283.0058,173171448.1642,-0.0058,344346731
2026-07-11 02:16,2026-07-10T16:16:00.000Z,1783700160000,171089988.8462,165997231.4854,0.0151,337087220
2026-07-11 02:17,2026-07-10T16:17:00.000Z,1783700220000,167996917.6903,172557685.159,-0.0134,340554603
2026-07-11 02:18,2026-07-10T16:18:00.000Z,1783700280000,178406162.5192,166668817.003,0.0340,345074980
2026-07-11 02:19,2026-07-10T16:19:00.000Z,1783700340000,173224526.2293,149315347.8742,0.0741,322539874
2026-07-11 02:20,2026-07-10T16:20:00.000Z,1783700400000,174233301.5359,170836834.3307,0.0098,345070136
2026-07-11 02:21,2026-07-10T16:21:00.000Z,1783700460000,178961906.2495,157735309.4221,0.0630,336697216
2026-07-11 02:22,2026-07-10T16:22:00.000Z,1783700520000,187706323.4303,157000671.1045,0.0891,344706995
2026-07-11 02:23,2026-07-10T16:23:00.000Z,1783700580000,178730581.6847,162586848.3063,0.0473,341317430
2026-07-11 02:24,2026-07-10T16:24:00.000Z,1783700640000,185047080.6333,156014895.3459,0.0851,341061976
2026-07-11 02:25,2026-07-10T16:25:00.000Z,1783700700000,184959345.6789,159956086.4327,0.0725,344915432
2026-07-11 02:26,2026-07-10T16:26:00.000Z,1783700760000,186528004.368,157261179.8315,0.0851,343789184
2026-07-11 02:27,2026-07-10T16:27:00.000Z,1783700820000,175558707.014,167001189.4396,0.0250,342559896
2026-07-11 02:28,2026-07-10T16:28:00.000Z,1783700880000,171030760.4298,162652280.814,0.0251,333683041
2026-07-11 02:29,2026-07-10T16:29:00.000Z,1783700940000,181689604.0644,160152728.0219,0.0630,341842332
2026-07-11 02:30,2026-07-10T16:30:00.000Z,1783701000000,181359179.8136,164486455.6831,0.0488,345845635
2026-07-11 02:31,2026-07-10T16:31:00.000Z,1783701060000,182760078.2732,165058771.8392,0.0509,347818850
2026-07-11 02:32,2026-07-10T16:32:00.000Z,1783701120000,177213590.2284,166042737.2215,0.0325,343256327
2026-07-11 02:33,2026-07-10T16:33:00.000Z,1783701180000,187229519.7537,163802456.5867,0.0667,351031976
2026-07-11 02:34,2026-07-10T16:34:00.000Z,1783701240000,174572687.0252,167933095.1577,0.0194,342505782
2026-07-11 02:35,2026-07-10T16:35:00.000Z,1783701300000,170238618.6057,165833923.8065,0.0131,336072542
2026-07-11 02:36,2026-07-10T16:36:00.000Z,1783701360000,169593285.603,166702077.2459,0.0086,336295363
2026-07-11 02:37,2026-07-10T16:37:00.000Z,1783701420000,186737936.0959,156563607.9006,0.0879,343301544
2026-07-11 02:38,2026-07-10T16:38:00.000Z,1783701480000,188927768.4705,142717110.3673,0.1393,331644879
2026-07-11 02:39,2026-07-10T16:39:00.000Z,1783701540000,199645954.7578,147537340.5108,0.1501,347183295
2026-07-11 02:40,2026-07-10T16:40:00.000Z,1783701600000,186901726.3502,156090697.0412,0.0898,342992423
2026-07-11 02:41,2026-07-10T16:41:00.000Z,1783701660000,176833560.7223,162917955.6044,0.0410,339751516
2026-07-11 02:42,2026-07-10T16:42:00.000Z,1783701720000,175113849.0332,169272433.4583,0.0170,344386282
2026-07-11 02:43,2026-07-10T16:43:00.000Z,1783701780000,177280798.948,165935468.4329,0.0331,343216267
2026-07-11 02:44,2026-07-10T16:44:00.000Z,1783701840000,166325099.3518,163173024.9439,0.0096,329498124
2026-07-11 02:45,2026-07-10T16:45:00.000Z,1783701900000,180140849.5163,161709441.0602,0.0539,341850291
2026-07-11 02:46,2026-07-10T16:46:00.000Z,1783701960000,181179157.7069,158598657.1652,0.0665,339777815
2026-07-11 02:47,2026-07-10T16:47:00.000Z,1783702020000,176016851.7419,168770612.6858,0.0210,344787464
2026-07-11 02:48,2026-07-10T16:48:00.000Z,1783702080000,172674633.9606,166457732.0006,0.0183,339132366
2026-07-11 02:49,2026-07-10T16:49:00.000Z,1783702140000,168644142.6151,166974197.571,0.0050,335618340
2026-07-11 02:50,2026-07-10T16:50:00.000Z,1783702200000,180330793.4603,161578947.7276,0.0548,341909741
2026-07-11 02:51,2026-07-10T16:51:00.000Z,1783702260000,164936634.9617,177011588.642,-0.0353,341948224
2026-07-11 02:52,2026-07-10T16:52:00.000Z,1783702320000,168760308.7563,174868827.7107,-0.0178,343629136
2026-07-11 02:53,2026-07-10T16:53:00.000Z,1783702380000,168664001.7922,173417756.976,-0.0139,342081759
2026-07-11 02:54,2026-07-10T16:54:00.000Z,1783702440000,168641227.1404,181157046.2216,-0.0358,349798273
2026-07-11 02:55,2026-07-10T16:55:00.000Z,1783702500000,170183334.497,181224157.2267,-0.0314,351407492
2026-07-11 02:56,2026-07-10T16:56:00.000Z,1783702560000,173516936.8824,167552473.2244,0.0175,341069410
2026-07-11 02:57,2026-07-10T16:57:00.000Z,1783702620000,170867669.751,177695350.6494,-0.0196,348563020
2026-07-11 02:58,2026-07-10T16:58:00.000Z,1783702680000,168162152.6975,181786588.332,-0.0389,349948741
2026-07-11 02:59,2026-07-10T16:59:00.000Z,1783702740000,159867658.2614,187490734.9817,-0.0795,347358393
2026-07-11 03:00,2026-07-10T17:00:00.000Z,1783702800000,162394196.1704,176777735.7454,-0.0424,339171932
2026-07-11 03:01,2026-07-10T17:01:00.000Z,1783702860000,161908201.3286,185671085.6252,-0.0684,347579287
2026-07-11 03:02,2026-07-10T17:02:00.000Z,1783702920000,161479111.7464,181114498.6479,-0.0573,342593610
2026-07-11 03:03,2026-07-10T17:03:00.000Z,1783702980000,177124559.6477,172817673.1038,0.0123,349942233
2026-07-11 03:04,2026-07-10T17:04:00.000Z,1783703040000,163268360.3556,185275986.3166,-0.0631,348544347
2026-07-11 03:05,2026-07-10T17:05:00.000Z,1783703100000,162012939.1069,186184047.8062,-0.0694,348196987
2026-07-11 03:06,2026-07-10T17:06:00.000Z,1783703160000,166006349.1808,180088932.1717,-0.0407,346095281
2026-07-11 03:07,2026-07-10T17:07:00.000Z,1783703220000,169032216.7574,176583874.5801,-0.0218,345616091
2026-07-11 03:08,2026-07-10T17:08:00.000Z,1783703280000,177591836.6142,171354739.0062,0.0179,348946576
2026-07-11 03:09,2026-07-10T17:09:00.000Z,1783703340000,173503952.5577,167920913.5318,0.0164,341424866
2026-07-11 03:10,2026-07-10T17:10:00.000Z,1783703400000,183509861.1214,157938620.5515,0.0749,341448482
2026-07-11 03:11,2026-07-10T17:11:00.000Z,1783703460000,183084509.0867,161662310.6282,0.0621,344746820
2026-07-11 03:12,2026-07-10T17:12:00.000Z,1783703520000,177299278.0937,167015586.6887,0.0299,344314865
2026-07-11 03:13,2026-07-10T17:13:00.000Z,1783703580000,180548374.8884,165479352.032,0.0435,346027727
2026-07-11 03:14,2026-07-10T17:14:00.000Z,1783703640000,178833526.5687,160602055.7115,0.0537,339435582
2026-07-11 03:15,2026-07-10T17:15:00.000Z,1783703700000,186310523.609,159825370.2928,0.0765,346135894
2026-07-11 03:16,2026-07-10T17:16:00.000Z,1783703760000,180024342.3055,159228467.4455,0.0613,339252810
2026-07-11 03:17,2026-07-10T17:17:00.000Z,1783703820000,184319387.6731,159317128.5481,0.0728,343636516
2026-07-11 03:18,2026-07-10T17:18:00.000Z,1783703880000,185877146.2939,159931247.7269,0.0750,345808394
2026-07-11 03:19,2026-07-10T17:19:00.000Z,1783703940000,183435448.1911,159073947.5237,0.0711,342509396
2026-07-11 03:20,2026-07-10T17:20:00.000Z,1783704000000,189670374.0365,151059567.5464,0.1133,340729942
2026-07-11 03:21,2026-07-10T17:21:00.000Z,1783704060000,196381568.3644,159708462.6367,0.1030,356090031
2026-07-11 03:22,2026-07-10T17:22:00.000Z,1783704120000,185384067.0317,155907384.6671,0.0864,341291452
2026-07-11 03:23,2026-07-10T17:23:00.000Z,1783704180000,178232412.2192,152108376.1657,0.0791,330340788
2026-07-11 03:24,2026-07-10T17:24:00.000Z,1783704240000,185535503.3055,150895848.9635,0.1030,336431352
2026-07-11 03:25,2026-07-10T17:25:00.000Z,1783704300000,168071510.8602,164553465.593,0.0106,332624976
2026-07-11 03:26,2026-07-10T17:26:00.000Z,1783704360000,169611040.4749,163754554.979,0.0176,333365595
2026-07-11 03:27,2026-07-10T17:27:00.000Z,1783704420000,173762965.9197,162519629.9798,0.0334,336282596
2026-07-11 03:28,2026-07-10T17:28:00.000Z,1783704480000,171670632.6426,157643539.4523,0.0426,329314172
2026-07-11 03:29,2026-07-10T17:29:00.000Z,1783704540000,179067870.0315,165925974.7224,0.0381,344993845
2026-07-11 03:30,2026-07-10T17:30:00.000Z,1783704600000,184170762.2778,159905839.1977,0.0705,344076601
2026-07-11 03:31,2026-07-10T17:31:00.000Z,1783704660000,183526893.3175,154370447.8422,0.0863,337897341
2026-07-11 03:32,2026-07-10T17:32:00.000Z,1783704720000,189647860.3466,150280714.9151,0.1158,339928575
2026-07-11 03:33,2026-07-10T17:33:00.000Z,1783704780000,196385170.0188,148050076.1612,0.1403,344435246
2026-07-11 03:34,2026-07-10T17:34:00.000Z,1783704840000,199481094.9955,148819318.3163,0.1455,348300413
2026-07-11 03:35,2026-07-10T17:35:00.000Z,1783704900000,187229254.9485,154375745.4439,0.0962,341605000
2026-07-11 03:36,2026-07-10T17:36:00.000Z,1783704960000,183535030.4192,156246106.2258,0.0803,339781137
2026-07-11 03:37,2026-07-10T17:37:00.000Z,1783705020000,187158998.3145,159185163.3901,0.0808,346344162
2026-07-11 03:38,2026-07-10T17:38:00.000Z,1783705080000,186034658.093,162301777.7568,0.0681,348336436
2026-07-11 03:39,2026-07-10T17:39:00.000Z,1783705140000,186185397.6266,161764747.9666,0.0702,347950146
2026-07-11 03:40,2026-07-10T17:40:00.000Z,1783705200000,184704967.2528,162778663.7744,0.0631,347483631
2026-07-11 03:41,2026-07-10T17:41:00.000Z,1783705260000,181079412.1934,163369410.4315,0.0514,344448823
2026-07-11 03:42,2026-07-10T17:42:00.000Z,1783705320000,188977859.6268,160625704.7685,0.0811,349603564
2026-07-11 03:43,2026-07-10T17:43:00.000Z,1783705380000,185515645.1991,154505469.4788,0.0912,340021115
2026-07-11 03:44,2026-07-10T17:44:00.000Z,1783705440000,194094241.0701,154434194.9058,0.1138,348528436
2026-07-11 03:45,2026-07-10T17:45:00.000Z,1783705500000,189276876.1695,159192255.1156,0.0863,348469131
2026-07-11 03:46,2026-07-10T17:46:00.000Z,1783705560000,188967098.4151,161072218.3672,0.0797,350039317
2026-07-11 03:47,2026-07-10T17:47:00.000Z,1783705620000,192155222.3127,159000821.7194,0.0944,351156044
2026-07-11 03:48,2026-07-10T17:48:00.000Z,1783705680000,188210035.7374,163318873.0975,0.0708,351528909
2026-07-11 03:49,2026-07-10T17:49:00.000Z,1783705740000,184884900.1226,168230619.2338,0.0472,353115519
2026-07-11 03:50,2026-07-10T17:50:00.000Z,1783705800000,179972546.962,166114438.9065,0.0400,346086986
2026-07-11 03:51,2026-07-10T17:51:00.000Z,1783705860000,184732067.7816,172212793.5798,0.0351,356944861
2026-07-11 03:52,2026-07-10T17:52:00.000Z,1783705920000,189492120.6322,163325792.829,0.0742,352817913
2026-07-11 03:53,2026-07-10T17:53:00.000Z,1783705980000,185575135.0436,165668295.6039,0.0567,351243431
2026-07-11 03:54,2026-07-10T17:54:00.000Z,1783706040000,188618369.8519,162861303.6502,0.0733,351479674
2026-07-11 03:55,2026-07-10T17:55:00.000Z,1783706100000,191883263.9507,160193523.5079,0.0900,352076787
2026-07-11 03:56,2026-07-10T17:56:00.000Z,1783706160000,185719111.6329,168740037.9689,0.0479,354459150
2026-07-11 03:57,2026-07-10T17:57:00.000Z,1783706220000,183501920.4111,172354938.2451,0.0313,355856859
2026-07-11 03:58,2026-07-10T17:58:00.000Z,1783706280000,189257359.7903,158881066.2334,0.0873,348138426
2026-07-11 03:59,2026-07-10T17:59:00.000Z,1783706340000,194976472.8307,158265222.3235,0.1039,353241695
2026-07-11 04:00,2026-07-10T18:00:00.000Z,1783706400000,186311949.4306,149115333.7489,0.1109,335427283
2026-07-11 04:01,2026-07-10T18:01:00.000Z,1783706460000,186939167.4579,164486483.0116,0.0639,351425650
2026-07-11 04:02,2026-07-10T18:02:00.000Z,1783706520000,186439880.4904,168159640.9422,0.0516,354599521
2026-07-11 04:03,2026-07-10T18:03:00.000Z,1783706580000,186519033.4741,169945743.7294,0.0465,356464777
2026-07-11 04:04,2026-07-10T18:04:00.000Z,1783706640000,189785830.498,168340715.5195,0.0599,358126546
2026-07-11 04:05,2026-07-10T18:05:00.000Z,1783706700000,189116659.0209,168417478.5203,0.0579,357534138
2026-07-11 04:06,2026-07-10T18:06:00.000Z,1783706760000,184845672.67,169930558.9824,0.0420,354776232
2026-07-11 04:07,2026-07-10T18:07:00.000Z,1783706820000,184510344.4518,167607912.4771,0.0480,352118257
2026-07-11 04:08,2026-07-10T18:08:00.000Z,1783706880000,188906835.5842,166189102.9697,0.0640,355095939
2026-07-11 04:09,2026-07-10T18:09:00.000Z,1783706940000,187504117.0662,168785303.9847,0.0525,356289421
2026-07-11 04:10,2026-07-10T18:10:00.000Z,1783707000000,186073582.9805,167980688.9648,0.0511,354054272
2026-07-11 04:11,2026-07-10T18:11:00.000Z,1783707060000,180185181.0607,164940696.7819,0.0442,345125878
2026-07-11 04:12,2026-07-10T18:12:00.000Z,1783707120000,187499825.3138,158822975.782,0.0828,346322801
2026-07-11 04:13,2026-07-10T18:13:00.000Z,1783707180000,193363360.8794,158084955.4076,0.1004,351448316
2026-07-11 04:14,2026-07-10T18:14:00.000Z,1783707240000,194162707.372,159763519.7477,0.0972,353926227
2026-07-11 04:15,2026-07-10T18:15:00.000Z,1783707300000,195184730.3719,160132502.6036,0.0987,355317233
2026-07-11 04:16,2026-07-10T18:16:00.000Z,1783707360000,196953034.1395,156031823.1874,0.1159,352984857
2026-07-11 04:17,2026-07-10T18:17:00.000Z,1783707420000,191557819.0033,156892852.2423,0.0995,348450671
2026-07-11 04:18,2026-07-10T18:18:00.000Z,1783707480000,191621055.1511,159455249.7581,0.0916,351076305
2026-07-11 04:19,2026-07-10T18:19:00.000Z,1783707540000,193924981.1482,158417165.9496,0.1008,352342147
2026-07-11 04:20,2026-07-10T18:20:00.000Z,1783707600000,187443665.0131,167154921.0709,0.0572,354598586
2026-07-11 04:21,2026-07-10T18:21:00.000Z,1783707660000,187168657.1099,166736382.6546,0.0577,353905040
2026-07-11 04:22,2026-07-10T18:22:00.000Z,1783707720000,184546242.3169,168216147.2403,0.0463,352762390
2026-07-11 04:23,2026-07-10T18:23:00.000Z,1783707780000,183192449.0297,169902171.7164,0.0376,353094621
2026-07-11 04:24,2026-07-10T18:24:00.000Z,1783707840000,184628228.5447,167637093.7348,0.0482,352265322
2026-07-11 04:25,2026-07-10T18:25:00.000Z,1783707900000,183400590.3597,172720729.9991,0.0300,356121320
2026-07-11 04:26,2026-07-10T18:26:00.000Z,1783707960000,178355166.5408,166709781.9012,0.0337,345064948
2026-07-11 04:27,2026-07-10T18:27:00.000Z,1783708020000,189059444.9582,162562951.6949,0.0754,351622397
2026-07-11 04:28,2026-07-10T18:28:00.000Z,1783708080000,190815408.7474,163334195.1691,0.0776,354149604
2026-07-11 04:29,2026-07-10T18:29:00.000Z,1783708140000,190545088.617,163843577.3047,0.0753,354388666
2026-07-11 04:30,2026-07-10T18:30:00.000Z,1783708200000,190231983.6151,163129553.6161,0.0767,353361537
2026-07-11 04:31,2026-07-10T18:31:00.000Z,1783708260000,188630309.2154,156438804.1737,0.0933,345069113
2026-07-11 04:32,2026-07-10T18:32:00.000Z,1783708320000,185249046.8749,150721777.4409,0.1028,335970824
2026-07-11 04:33,2026-07-10T18:33:00.000Z,1783708380000,195173033.3542,156871668.5042,0.1088,352044702
2026-07-11 04:34,2026-07-10T18:34:00.000Z,1783708440000,187003851.1928,163709378.0913,0.0664,350713229
2026-07-11 04:35,2026-07-10T18:35:00.000Z,1783708500000,186691613.6307,153560367.3518,0.0974,340251981
2026-07-11 04:36,2026-07-10T18:36:00.000Z,1783708560000,194582221.8697,159905237.6262,0.0978,354487459
2026-07-11 04:37,2026-07-10T18:37:00.000Z,1783708620000,192300039.9536,153975970.2891,0.1107,346276010
2026-07-11 04:38,2026-07-10T18:38:00.000Z,1783708680000,195469294.836,156295967.8332,0.1114,351765263
2026-07-11 04:39,2026-07-10T18:39:00.000Z,1783708740000,195415789.8875,156673251.0611,0.1100,352089041
2026-07-11 04:40,2026-07-10T18:40:00.000Z,1783708800000,191385909.2185,164276568.2745,0.0762,355662477
2026-07-11 04:41,2026-07-10T18:41:00.000Z,1783708860000,191952264.5524,164634409.0964,0.0766,356586674
2026-07-11 04:42,2026-07-10T18:42:00.000Z,1783708920000,189069573.2284,157486983.7474,0.0911,346556557
2026-07-11 04:43,2026-07-10T18:43:00.000Z,1783708980000,187619770.9501,164766371.4368,0.0649,352386142
2026-07-11 04:44,2026-07-10T18:44:00.000Z,1783709040000,189816649.4192,159309880.0214,0.0874,349126529
2026-07-11 04:45,2026-07-10T18:45:00.000Z,1783709100000,185143719.2734,154476706.8998,0.0903,339620426
2026-07-11 04:46,2026-07-10T18:46:00.000Z,1783709160000,192912480.0912,155332008.9852,0.1079,348244489
2026-07-11 04:47,2026-07-10T18:47:00.000Z,1783709220000,188089672.0243,163988463.9985,0.0685,352078136
2026-07-11 04:48,2026-07-10T18:48:00.000Z,1783709280000,193302589.5531,150878243.8587,0.1233,344180833
2026-07-11 04:49,2026-07-10T18:49:00.000Z,1783709340000,193992579.9891,158858015.0495,0.0996,352850595
2026-07-11 04:50,2026-07-10T18:50:00.000Z,1783709400000,194293982.9197,155784762.2203,0.1100,350078745
2026-07-11 04:51,2026-07-10T18:51:00.000Z,1783709460000,203144218.3516,154181994.2299,0.1370,357326213
2026-07-11 04:52,2026-07-10T18:52:00.000Z,1783709520000,201033029.6755,155412653.4099,0.1280,356445683
2026-07-11 04:53,2026-07-10T18:53:00.000Z,1783709580000,201164812.834,156022819.0791,0.1264,357187632
2026-07-11 04:54,2026-07-10T18:54:00.000Z,1783709640000,201326060.3183,149225547.5489,0.1486,350551608
2026-07-11 04:55,2026-07-10T18:55:00.000Z,1783709700000,188762859.3543,142173686.0175,0.1408,330936545
2026-07-11 04:56,2026-07-10T18:56:00.000Z,1783709760000,181647655.6106,160034734.3085,0.0633,341682390
2026-07-11 04:57,2026-07-10T18:57:00.000Z,1783709820000,182191815.2079,164414785.7713,0.0513,346606601
2026-07-11 04:58,2026-07-10T18:58:00.000Z,1783709880000,184079039.8053,161997034.9799,0.0638,346076075
2026-07-11 04:59,2026-07-10T18:59:00.000Z,1783709940000,177863033.4854,168109776.0128,0.0282,345972809
2026-07-11 05:00,2026-07-10T19:00:00.000Z,1783710000000,177014725.297,162128784.1892,0.0439,339143509
2026-07-11 05:01,2026-07-10T19:01:00.000Z,1783710060000,181458724.2182,160312706.1015,0.0619,341771430
2026-07-11 05:02,2026-07-10T19:02:00.000Z,1783710120000,179911270.653,170745794.1198,0.0261,350657065
2026-07-11 05:03,2026-07-10T19:03:00.000Z,1783710180000,180939997.0537,169697286.6739,0.0321,350637284
2026-07-11 05:04,2026-07-10T19:04:00.000Z,1783710240000,181210582.9962,169041206.49,0.0347,350251789
2026-07-11 05:05,2026-07-10T19:05:00.000Z,1783710300000,181590539.2811,167483497.8026,0.0404,349074037
2026-07-11 05:06,2026-07-10T19:06:00.000Z,1783710360000,180275449.6445,167544415.0382,0.0366,347819865
2026-07-11 05:07,2026-07-10T19:07:00.000Z,1783710420000,180610104.0667,159456043.8582,0.0622,340066148
2026-07-11 05:08,2026-07-10T19:08:00.000Z,1783710480000,176351632.2725,166314558.8891,0.0293,342666191
2026-07-11 05:09,2026-07-10T19:09:00.000Z,1783710540000,168648914.2199,161160090.6097,0.0227,329809005
2026-07-11 05:10,2026-07-10T19:10:00.000Z,1783710600000,173168820.9984,165303828.9609,0.0232,338472650
2026-07-11 05:11,2026-07-10T19:11:00.000Z,1783710660000,169412688.3411,167416848.8772,0.0059,336829537
2026-07-11 05:12,2026-07-10T19:12:00.000Z,1783710720000,169628440.0961,167503382.2292,0.0063,337131822
2026-07-11 05:13,2026-07-10T19:13:00.000Z,1783710780000,167724991.8422,168540151.9916,-0.0024,336265144
2026-07-11 05:14,2026-07-10T19:14:00.000Z,1783710840000,175036785.3762,164040881.3059,0.0324,339077667
2026-07-11 05:15,2026-07-10T19:15:00.000Z,1783710900000,170413588.7004,164877793.6192,0.0165,335291382
2026-07-11 05:16,2026-07-10T19:16:00.000Z,1783710960000,169924705.1158,164000104.7897,0.0177,333924810
2026-07-11 05:17,2026-07-10T19:17:00.000Z,1783711020000,173373141.7316,167846212.8517,0.0162,341219355
2026-07-11 05:18,2026-07-10T19:18:00.000Z,1783711080000,172058348.949,162032701.4172,0.0300,334091050
2026-07-11 05:19,2026-07-10T19:19:00.000Z,1783711140000,180810138.2026,160605921.8397,0.0592,341416060
2026-07-11 05:20,2026-07-10T19:20:00.000Z,1783711200000,181046214.1139,149785488.8982,0.0945,330831703
2026-07-11 05:21,2026-07-10T19:21:00.000Z,1783711260000,182287534.219,160489054.9179,0.0636,342776589
2026-07-11 05:22,2026-07-10T19:22:00.000Z,1783711320000,179809240.1199,159939871.9796,0.0585,339749112
2026-07-11 05:23,2026-07-10T19:23:00.000Z,1783711380000,185498607.4078,156089237.5883,0.0861,341587845
2026-07-11 05:24,2026-07-10T19:24:00.000Z,1783711440000,181932023.5703,157362151.5114,0.0724,339294175
2026-07-11 05:25,2026-07-10T19:25:00.000Z,1783711500000,173296606.8433,163295283.0965,0.0297,336591890
2026-07-11 05:26,2026-07-10T19:26:00.000Z,1783711560000,173563801.6256,157568346.2239,0.0483,331132148
2026-07-11 05:27,2026-07-10T19:27:00.000Z,1783711620000,167290572.3968,167457313.8427,-0.0005,334747886
2026-07-11 05:28,2026-07-10T19:28:00.000Z,1783711680000,165501888.2014,165924354.2703,-0.0013,331426242
2026-07-11 05:29,2026-07-10T19:29:00.000Z,1783711740000,168228582.9442,170030864.8316,-0.0053,338259448
2026-07-11 05:30,2026-07-10T19:30:00.000Z,1783711800000,172007825.6405,164716732.7482,0.0217,336724558
2026-07-11 05:31,2026-07-10T19:31:00.000Z,1783711860000,170875891.0186,166955218.3885,0.0116,337831109
2026-07-11 05:32,2026-07-10T19:32:00.000Z,1783711920000,165973511.5193,172819692.7585,-0.0202,338793204
2026-07-11 05:33,2026-07-10T19:33:00.000Z,1783711980000,169885275.1987,164095258.0517,0.0173,333980533
2026-07-11 05:34,2026-07-10T19:34:00.000Z,1783712040000,160191997.7216,172310620.0645,-0.0364,332502618
2026-07-11 05:35,2026-07-10T19:35:00.000Z,1783712100000,164378974.3264,172254968.0227,-0.0234,336633942
2026-07-11 05:36,2026-07-10T19:36:00.000Z,1783712160000,177471083.6697,189162937.099,-0.0319,366634021
2026-07-11 05:37,2026-07-10T19:37:00.000Z,1783712220000,161236688.8824,192937944.2896,-0.0895,354174633
2026-07-11 05:38,2026-07-10T19:38:00.000Z,1783712280000,165829625.1293,185328681.2674,-0.0555,351158306
2026-07-11 05:39,2026-07-10T19:39:00.000Z,1783712340000,165334312.3561,185410209.433,-0.0572,350744522
2026-07-11 05:40,2026-07-10T19:40:00.000Z,1783712400000,150388669.4164,183459797.6203,-0.0991,333848467
2026-07-11 05:41,2026-07-10T19:41:00.000Z,1783712460000,164277611.1412,186860976.1882,-0.0643,351138587
2026-07-11 05:42,2026-07-10T19:42:00.000Z,1783712520000,168333009.5826,182904579.5419,-0.0415,351237589
2026-07-11 05:43,2026-07-10T19:43:00.000Z,1783712580000,154716104.3568,190202013.5082,-0.1029,344918118
2026-07-11 05:44,2026-07-10T19:44:00.000Z,1783712640000,163339829.8742,185072220.1877,-0.0624,348412050
2026-07-11 05:45,2026-07-10T19:45:00.000Z,1783712700000,167326126.7758,183112310.7073,-0.0450,350438437
2026-07-11 05:46,2026-07-10T19:46:00.000Z,1783712760000,166654894.8706,185221889.9756,-0.0528,351876785
2026-07-11 05:47,2026-07-10T19:47:00.000Z,1783712820000,162675797.7217,184046193.9311,-0.0616,346721992
2026-07-11 05:48,2026-07-10T19:48:00.000Z,1783712880000,171724840.4115,175212848.3566,-0.0101,346937689
2026-07-11 05:49,2026-07-10T19:49:00.000Z,1783712940000,168278220.1483,175654881.3546,-0.0214,343933102
2026-07-11 05:50,2026-07-10T19:50:00.000Z,1783713000000,168311645.5948,168086113.6001,0.0007,336397759
2026-07-11 05:51,2026-07-10T19:51:00.000Z,1783713060000,169639806.3818,163611726.9555,0.0181,333251533
2026-07-11 05:52,2026-07-10T19:52:00.000Z,1783713120000,167826885.6929,166144387.743,0.0050,333971273
2026-07-11 05:53,2026-07-10T19:53:00.000Z,1783713180000,168672633.9879,162184203.3178,0.0196,330856837
2026-07-11 05:54,2026-07-10T19:54:00.000Z,1783713240000,167287826.3396,170420241.0952,-0.0093,337708067
2026-07-11 05:55,2026-07-10T19:55:00.000Z,1783713300000,163712279.8952,163088921.4224,0.0019,326801201
2026-07-11 05:56,2026-07-10T19:56:00.000Z,1783713360000,165565008.1186,166611752.9583,-0.0032,332176761
2026-07-11 05:57,2026-07-10T19:57:00.000Z,1783713420000,169163192.9976,168586620.0214,0.0017,337749813
2026-07-11 05:58,2026-07-10T19:58:00.000Z,1783713480000,169833230.8186,162972663.0966,0.0206,332805894
2026-07-11 05:59,2026-07-10T19:59:00.000Z,1783713540000,162783153.5299,166776413.175,-0.0121,329559567
2026-07-11 06:00,2026-07-10T20:00:00.000Z,1783713600000,165380844.2097,163079679.3815,0.0070,328460524
2026-07-11 06:01,2026-07-10T20:01:00.000Z,1783713660000,167338266.8755,154814672.5871,0.0389,322152939
2026-07-11 06:02,2026-07-10T20:02:00.000Z,1783713720000,170365997.8615,162516505.4837,0.0236,332882503
2026-07-11 06:03,2026-07-10T20:03:00.000Z,1783713780000,169400351.9527,163295540.0961,0.0183,332695892
2026-07-11 06:04,2026-07-10T20:04:00.000Z,1783713840000,180024265.041,152249456.9666,0.0836,332273722
2026-07-11 06:05,2026-07-10T20:05:00.000Z,1783713900000,175361201.5339,159691274.9403,0.0468,335052476
2026-07-11 06:06,2026-07-10T20:06:00.000Z,1783713960000,176891187.5311,163738810.4313,0.0386,340629998
2026-07-11 06:07,2026-07-10T20:07:00.000Z,1783714020000,176771861.0612,163754402.4215,0.0382,340526263
2026-07-11 06:08,2026-07-10T20:08:00.000Z,1783714080000,177863157.2273,161851941.3279,0.0471,339715099
2026-07-11 06:09,2026-07-10T20:09:00.000Z,1783714140000,174290862.7179,161777914.5531,0.0372,336068777
2026-07-11 06:10,2026-07-10T20:10:00.000Z,1783714200000,168253172.7196,161548168.297,0.0203,329801341
2026-07-11 06:11,2026-07-10T20:11:00.000Z,1783714260000,166858996.3195,166363631.1747,0.0015,333222627
2026-07-11 06:12,2026-07-10T20:12:00.000Z,1783714320000,166978832.5631,170077194.3691,-0.0092,337056027
2026-07-11 06:13,2026-07-10T20:13:00.000Z,1783714380000,167296410.6708,171349560.8301,-0.0120,338645972
2026-07-11 06:14,2026-07-10T20:14:00.000Z,1783714440000,164502586.7141,177094287.5228,-0.0369,341596874
2026-07-11 06:15,2026-07-10T20:15:00.000Z,1783714500000,166279887.2637,172417810.2131,-0.0181,338697697
2026-07-11 06:16,2026-07-10T20:16:00.000Z,1783714560000,172175696.6541,166932761.9327,0.0155,339108459
2026-07-11 06:17,2026-07-10T20:17:00.000Z,1783714620000,160455364.1215,180505632.1117,-0.0588,340960996
2026-07-11 06:18,2026-07-10T20:18:00.000Z,1783714680000,163526812.4828,177170074.6109,-0.0400,340696887
2026-07-11 06:19,2026-07-10T20:19:00.000Z,1783714740000,159622782.5867,171555657.927,-0.0360,331178441
2026-07-11 06:20,2026-07-10T20:20:00.000Z,1783714800000,172994987.1217,166933371.5621,0.0178,339928359
2026-07-11 06:21,2026-07-10T20:21:00.000Z,1783714860000,179509040.2793,156101916.7187,0.0697,335610957
2026-07-11 06:22,2026-07-10T20:22:00.000Z,1783714920000,165340198.6594,171252757.9884,-0.0176,336592957
2026-07-11 06:23,2026-07-10T20:23:00.000Z,1783714980000,165275637.912,176167348.7261,-0.0319,341442987
2026-07-11 06:24,2026-07-10T20:24:00.000Z,1783715040000,171417781.0962,166506915.886,0.0145,337924697
2026-07-11 06:25,2026-07-10T20:25:00.000Z,1783715100000,172940144.2962,166198301.5858,0.0199,339138446
2026-07-11 06:26,2026-07-10T20:26:00.000Z,1783715160000,184340559.8631,161430557.3474,0.0663,345771117
2026-07-11 06:27,2026-07-10T20:27:00.000Z,1783715220000,176825442.2999,152496024.294,0.0739,329321467
2026-07-11 06:28,2026-07-10T20:28:00.000Z,1783715280000,176495167.823,166259017.4747,0.0299,342754185
2026-07-11 06:29,2026-07-10T20:29:00.000Z,1783715340000,175370247.9894,168026845.5619,0.0214,343397094
2026-07-11 06:30,2026-07-10T20:30:00.000Z,1783715400000,173376058.3818,169814258.7293,0.0104,343190317
2026-07-11 06:31,2026-07-10T20:31:00.000Z,1783715460000,166801462.7025,171802184.3576,-0.0148,338603647
2026-07-11 06:32,2026-07-10T20:32:00.000Z,1783715520000,165964075.1199,178209109.0263,-0.0356,344173184
2026-07-11 06:33,2026-07-10T20:33:00.000Z,1783715580000,157499213.9166,168823968.0115,-0.0347,326323182
2026-07-11 06:34,2026-07-10T20:34:00.000Z,1783715640000,164538695.9679,173735702.1271,-0.0272,338274398
2026-07-11 06:35,2026-07-10T20:35:00.000Z,1783715700000,167062967.3013,172250318.4653,-0.0153,339313286
2026-07-11 06:36,2026-07-10T20:36:00.000Z,1783715760000,165246323.1861,178980305.8254,-0.0399,344226629
2026-07-11 06:37,2026-07-10T20:37:00.000Z,1783715820000,164099375.8438,177257239.3691,-0.0385,341356615
2026-07-11 06:38,2026-07-10T20:38:00.000Z,1783715880000,164119232.1008,178356843.6264,-0.0416,342476076
2026-07-11 06:39,2026-07-10T20:39:00.000Z,1783715940000,163729630.4251,178112312.8277,-0.0421,341841943
2026-07-11 06:40,2026-07-10T20:40:00.000Z,1783716000000,167906332.2484,177028431.3738,-0.0264,344934764
2026-07-11 06:41,2026-07-10T20:41:00.000Z,1783716060000,173060147.1365,166534398.33,0.0192,339594545
2026-07-11 06:42,2026-07-10T20:42:00.000Z,1783716120000,171093814.3406,167607593.9369,0.0103,338701408
2026-07-11 06:43,2026-07-10T20:43:00.000Z,1783716180000,172296660.8426,166495125.9756,0.0171,338791787
2026-07-11 06:44,2026-07-10T20:44:00.000Z,1783716240000,171713209.8414,164909778.885,0.0202,336622989
2026-07-11 06:45,2026-07-10T20:45:00.000Z,1783716300000,171215791.7121,165440428.4834,0.0172,336656220
2026-07-11 06:46,2026-07-10T20:46:00.000Z,1783716360000,179572665.6374,164734912.7568,0.0431,344307578
2026-07-11 06:47,2026-07-10T20:47:00.000Z,1783716420000,178485113.9471,166942530.1533,0.0334,345427644
2026-07-11 06:48,2026-07-10T20:48:00.000Z,1783716480000,172881349.9072,168145658.266,0.0139,341027008
2026-07-11 06:49,2026-07-10T20:49:00.000Z,1783716540000,171421540.5091,170108271.8267,0.0038,341529812
2026-07-11 06:50,2026-07-10T20:50:00.000Z,1783716600000,171546071.9435,171144362.06,0.0012,342690434
2026-07-11 06:51,2026-07-10T20:51:00.000Z,1783716660000,171738330.0689,169291842.458,0.0072,341030173
2026-07-11 06:52,2026-07-10T20:52:00.000Z,1783716720000,172375903.3147,169845375.2252,0.0074,342221279
2026-07-11 06:53,2026-07-10T20:53:00.000Z,1783716780000,171615881.5449,156502689.3195,0.0461,328118571
2026-07-11 06:54,2026-07-10T20:54:00.000Z,1783716840000,167827099.9004,174014386.7172,-0.0181,341841487
2026-07-11 06:55,2026-07-10T20:55:00.000Z,1783716900000,168883665.15,171427599.0975,-0.0075,340311264
2026-07-11 06:56,2026-07-10T20:56:00.000Z,1783716960000,183187772.4676,186130863.3684,-0.0080,369318636
2026-07-11 06:57,2026-07-10T20:57:00.000Z,1783717020000,182323243.5517,178260568.317,0.0113,360583812
2026-07-11 06:58,2026-07-10T20:58:00.000Z,1783717080000,184200468.8422,182723444.3062,0.0040,366923913
2026-07-11 06:59,2026-07-10T20:59:00.000Z,1783717140000,181700236.052,182836551.7655,-0.0031,364536788
2026-07-11 07:00,2026-07-10T21:00:00.000Z,1783717200000,178706312.5012,174759593.1521,0.0112,353465906
2026-07-11 07:01,2026-07-10T21:01:00.000Z,1783717260000,181356638.2143,182697584.1733,-0.0037,364054222
2026-07-11 07:02,2026-07-10T21:02:00.000Z,1783717320000,178465489.4374,186027338.2417,-0.0207,364492828
2026-07-11 07:03,2026-07-10T21:03:00.000Z,1783717380000,178934623.5898,184294724.5808,-0.0148,363229348
2026-07-11 07:04,2026-07-10T21:04:00.000Z,1783717440000,175726252.2865,179595057.1774,-0.0109,355321309
2026-07-11 07:05,2026-07-10T21:05:00.000Z,1783717500000,164663475.6097,169337363.1507,-0.0140,334000839
2026-07-11 07:06,2026-07-10T21:06:00.000Z,1783717560000,162796280.0001,164726753.3701,-0.0059,327523033
2026-07-11 07:07,2026-07-10T21:07:00.000Z,1783717620000,177304736.9988,165082530.5711,0.0357,342387268
2026-07-11 07:08,2026-07-10T21:08:00.000Z,1783717680000,167200250.4701,169304444.1155,-0.0063,336504695
2026-07-11 07:09,2026-07-10T21:09:00.000Z,1783717740000,168193339.9306,168958645.1673,-0.0023,337151985
2026-07-11 07:10,2026-07-10T21:10:00.000Z,1783717800000,164578074.7564,161412904.6947,0.0097,325990979
2026-07-11 07:11,2026-07-10T21:11:00.000Z,1783717860000,173793108.7785,160629114.8065,0.0394,334422224
2026-07-11 07:12,2026-07-10T21:12:00.000Z,1783717920000,164935368.8238,160988455.9033,0.0121,325923825
2026-07-11 07:13,2026-07-10T21:13:00.000Z,1783717980000,164026169.1944,160989560.6263,0.0093,325015730
2026-07-11 07:14,2026-07-10T21:14:00.000Z,1783718040000,158510677.3408,170698890.3833,-0.0370,329209568
2026-07-11 07:15,2026-07-10T21:15:00.000Z,1783718100000,161595045.5622,158372859.3349,0.0101,319967905
2026-07-11 07:16,2026-07-10T21:16:00.000Z,1783718160000,162721265.4738,164201347.216,-0.0045,326922613
2026-07-11 07:17,2026-07-10T21:17:00.000Z,1783718220000,160388281.7171,164470281.8349,-0.0126,324858564
2026-07-11 07:18,2026-07-10T21:18:00.000Z,1783718280000,166876340.2856,160783566.7232,0.0186,327659907
2026-07-11 07:19,2026-07-10T21:19:00.000Z,1783718340000,163523135.7874,160973893.5122,0.0079,324497029
2026-07-11 07:20,2026-07-10T21:20:00.000Z,1783718400000,166860555.4825,158102117.353,0.0270,324962673
2026-07-11 07:21,2026-07-10T21:21:00.000Z,1783718460000,172560549.8649,158392142.6356,0.0428,330952693
2026-07-11 07:22,2026-07-10T21:22:00.000Z,1783718520000,173147425.2124,158896964.374,0.0429,332044390
2026-07-11 07:23,2026-07-10T21:23:00.000Z,1783718580000,162299091.9983,162082819.1626,0.0007,324381911
2026-07-11 07:24,2026-07-10T21:24:00.000Z,1783718640000,159472973.4553,164734133.8588,-0.0162,324207107
2026-07-11 07:25,2026-07-10T21:25:00.000Z,1783718700000,157367233.8466,173039984.3786,-0.0474,330407218
2026-07-11 07:26,2026-07-10T21:26:00.000Z,1783718760000,161675242.2351,163568899.4519,-0.0058,325244142
2026-07-11 07:27,2026-07-10T21:27:00.000Z,1783718820000,160359036.9484,161613938.2004,-0.0039,321972975
2026-07-11 07:28,2026-07-10T21:28:00.000Z,1783718880000,159755823.0822,165841536.232,-0.0187,325597359
2026-07-11 07:29,2026-07-10T21:29:00.000Z,1783718940000,152936374.8065,161316088.2113,-0.0267,314252463
2026-07-11 07:30,2026-07-10T21:30:00.000Z,1783719000000,159224796.2834,171195049.7383,-0.0362,330419846
2026-07-11 07:31,2026-07-10T21:31:00.000Z,1783719060000,154514992.3856,174870072.172,-0.0618,329385065
2026-07-11 07:32,2026-07-10T21:32:00.000Z,1783719120000,156393746.5183,173891513.1682,-0.0530,330285260
2026-07-11 07:33,2026-07-10T21:33:00.000Z,1783719180000,161169333.3866,172273944.4994,-0.0333,333443278
2026-07-11 07:34,2026-07-10T21:34:00.000Z,1783719240000,161462499.1328,170790537.7342,-0.0281,332253037
2026-07-11 07:35,2026-07-10T21:35:00.000Z,1783719300000,158869429.1458,170843937.2427,-0.0363,329713366
2026-07-11 07:36,2026-07-10T21:36:00.000Z,1783719360000,155741714.7204,178463377.4735,-0.0680,334205092
2026-07-11 07:37,2026-07-10T21:37:00.000Z,1783719420000,152855941.4249,180654101.865,-0.0834,333510043
2026-07-11 07:38,2026-07-10T21:38:00.000Z,1783719480000,146567406.9082,178641316.8665,-0.0986,325208724
2026-07-11 07:39,2026-07-10T21:39:00.000Z,1783719540000,153543066.2058,181072767.7709,-0.0823,334615834
2026-07-11 07:40,2026-07-10T21:40:00.000Z,1783719600000,152195645.304,176639723.1203,-0.0743,328835368
2026-07-11 07:41,2026-07-10T21:41:00.000Z,1783719660000,156955145.1867,173956444.1468,-0.0514,330911589
2026-07-11 07:42,2026-07-10T21:42:00.000Z,1783719720000,160187513.5458,174960112.9629,-0.0441,335147627
2026-07-11 07:43,2026-07-10T21:43:00.000Z,1783719780000,156383697.6374,169163104.5381,-0.0393,325546802
2026-07-11 07:44,2026-07-10T21:44:00.000Z,1783719840000,158331709.071,174282329.1541,-0.0480,332614038
2026-07-11 07:45,2026-07-10T21:45:00.000Z,1783719900000,159303514.263,177606430.5965,-0.0543,336909945
2026-07-11 07:46,2026-07-10T21:46:00.000Z,1783719960000,159141176.7264,178180463.8451,-0.0564,337321641
2026-07-11 07:47,2026-07-10T21:47:00.000Z,1783720020000,168050643.2346,167391638.5023,0.0020,335442282
2026-07-11 07:48,2026-07-10T21:48:00.000Z,1783720080000,162479331.3241,162408485.2869,0.0002,324887817
2026-07-11 07:49,2026-07-10T21:49:00.000Z,1783720140000,166254457.6171,168815736.1682,-0.0076,335070194
2026-07-11 07:50,2026-07-10T21:50:00.000Z,1783720200000,167844730.1267,168361088.387,-0.0015,336205819
2026-07-11 07:51,2026-07-10T21:51:00.000Z,1783720260000,165417465.1931,170646300.3901,-0.0156,336063766
2026-07-11 07:52,2026-07-10T21:52:00.000Z,1783720320000,165848394.0761,169466311.031,-0.0108,335314705
2026-07-11 07:53,2026-07-10T21:53:00.000Z,1783720380000,167000044.5106,167436162.7093,-0.0013,334436207
2026-07-11 07:54,2026-07-10T21:54:00.000Z,1783720440000,159474862.1066,164717892.8821,-0.0162,324192755
2026-07-11 07:55,2026-07-10T21:55:00.000Z,1783720500000,168598420.5126,168638138.6128,-0.0001,337236559
2026-07-11 07:56,2026-07-10T21:56:00.000Z,1783720560000,161069752.2668,158732905.4796,0.0073,319802658
2026-07-11 07:57,2026-07-10T21:57:00.000Z,1783720620000,167153108.9937,163071142.2523,0.0124,330224251
2026-07-11 07:58,2026-07-10T21:58:00.000Z,1783720680000,167184321.9784,168364268.3693,-0.0035,335548590
2026-07-11 07:59,2026-07-10T21:59:00.000Z,1783720740000,167378991.3937,168416498.6513,-0.0031,335795490
2026-07-11 08:00,2026-07-10T22:00:00.000Z,1783720800000,160468153.2029,162050820.188,-0.0049,322518973
2026-07-11 08:01,2026-07-10T22:01:00.000Z,1783720860000,164807908.0705,164737539.03,0.0002,329545447
2026-07-11 08:02,2026-07-10T22:02:00.000Z,1783720920000,167907021.4915,169218067.3531,-0.0039,337125089
2026-07-11 08:03,2026-07-10T22:03:00.000Z,1783720980000,162996325.6361,179253531.5205,-0.0475,342249857
2026-07-11 08:04,2026-07-10T22:04:00.000Z,1783721040000,165824673.539,173789995.1555,-0.0235,339614669
2026-07-11 08:05,2026-07-10T22:05:00.000Z,1783721100000,162929409.6646,167049337.5188,-0.0125,329978747
2026-07-11 08:06,2026-07-10T22:06:00.000Z,1783721160000,170322791.1559,167220837.8703,0.0092,337543629
2026-07-11 08:07,2026-07-10T22:07:00.000Z,1783721220000,162569157.6024,179900963.3276,-0.0506,342470121
2026-07-11 08:08,2026-07-10T22:08:00.000Z,1783721280000,154852426.027,177486842.766,-0.0681,332339269
2026-07-11 08:09,2026-07-10T22:09:00.000Z,1783721340000,160833554.5451,179900417.9814,-0.0560,340733973
2026-07-11 08:10,2026-07-10T22:10:00.000Z,1783721400000,161501580.7866,181878821.8437,-0.0593,343380403
2026-07-11 08:11,2026-07-10T22:11:00.000Z,1783721460000,160487700.3271,179256383.1448,-0.0552,339744083
2026-07-11 08:12,2026-07-10T22:12:00.000Z,1783721520000,158793637.8634,170269696.1261,-0.0349,329063334
2026-07-11 08:13,2026-07-10T22:13:00.000Z,1783721580000,163110052.1653,183754348.6002,-0.0595,346864401
2026-07-11 08:14,2026-07-10T22:14:00.000Z,1783721640000,164556257.242,180296730.6103,-0.0456,344852988
2026-07-11 08:15,2026-07-10T22:15:00.000Z,1783721700000,163439083.1085,183070717.1141,-0.0567,346509800
2026-07-11 08:16,2026-07-10T22:16:00.000Z,1783721760000,160511955.6884,178719402.6299,-0.0537,339231358
2026-07-11 08:17,2026-07-10T22:17:00.000Z,1783721820000,159830070.5249,174839032.9771,-0.0448,334669104
2026-07-11 08:18,2026-07-10T22:18:00.000Z,1783721880000,160846741.0561,180226685.7638,-0.0568,341073427
2026-07-11 08:19,2026-07-10T22:19:00.000Z,1783721940000,168188627.0649,177020213.1296,-0.0256,345208840
2026-07-11 08:20,2026-07-10T22:20:00.000Z,1783722000000,165951727.3419,177420812.8845,-0.0334,343372540
2026-07-11 08:21,2026-07-10T22:21:00.000Z,1783722060000,166984689.1373,167204096.5655,-0.0007,334188786
2026-07-11 08:22,2026-07-10T22:22:00.000Z,1783722120000,172899292.8408,166095872.494,0.0201,338995165
2026-07-11 08:23,2026-07-10T22:23:00.000Z,1783722180000,168469197.9595,167011976.3362,0.0043,335481174
2026-07-11 08:24,2026-07-10T22:24:00.000Z,1783722240000,173419578.0283,166071855.3028,0.0216,339491433
2026-07-11 08:25,2026-07-10T22:25:00.000Z,1783722300000,167113242.5997,171164623.8679,-0.0120,338277866
2026-07-11 08:26,2026-07-10T22:26:00.000Z,1783722360000,166793558.7416,170447307.7707,-0.0108,337240867
2026-07-11 08:27,2026-07-10T22:27:00.000Z,1783722420000,162677961.5847,166250298.4102,-0.0109,328928260
2026-07-11 08:28,2026-07-10T22:28:00.000Z,1783722480000,162109044.975,175952558.9671,-0.0409,338061604
2026-07-11 08:29,2026-07-10T22:29:00.000Z,1783722540000,160747938.0844,183212786.2693,-0.0653,343960724
2026-07-11 08:30,2026-07-10T22:30:00.000Z,1783722600000,159174138.1335,177673843.0429,-0.0549,336847981
2026-07-11 08:31,2026-07-10T22:31:00.000Z,1783722660000,161713804.6322,180154717.2123,-0.0539,341868522
2026-07-11 08:32,2026-07-10T22:32:00.000Z,1783722720000,161776304.0501,180740897.4287,-0.0554,342517201
2026-07-11 08:33,2026-07-10T22:33:00.000Z,1783722780000,159627716.1211,178775568.8898,-0.0566,338403285
2026-07-11 08:34,2026-07-10T22:34:00.000Z,1783722840000,169844097.4149,169911080.1566,-0.0002,339755178
2026-07-11 08:35,2026-07-10T22:35:00.000Z,1783722900000,168559349.4193,170021638.7268,-0.0043,338580988
2026-07-11 08:36,2026-07-10T22:36:00.000Z,1783722960000,170145646.4682,170283497.2494,-0.0004,340429144
2026-07-11 08:37,2026-07-10T22:37:00.000Z,1783723020000,165915411.6603,166992792.8817,-0.0032,332908205
2026-07-11 08:38,2026-07-10T22:38:00.000Z,1783723080000,165323771.6612,173739683.7445,-0.0248,339063455
2026-07-11 08:39,2026-07-10T22:39:00.000Z,1783723140000,165847813.2513,172859899.5351,-0.0207,338707713
2026-07-11 08:40,2026-07-10T22:40:00.000Z,1783723200000,163976345.3394,172516943.4251,-0.0254,336493289
2026-07-11 08:41,2026-07-10T22:41:00.000Z,1783723260000,161512742.7943,182355313.5539,-0.0606,343868056
2026-07-11 08:42,2026-07-10T22:42:00.000Z,1783723320000,164857608.5424,170480135.0111,-0.0168,335337744
2026-07-11 08:43,2026-07-10T22:43:00.000Z,1783723380000,160700734.1284,184196313.8134,-0.0681,344897048
2026-07-11 08:44,2026-07-10T22:44:00.000Z,1783723440000,169806337.0936,172240593.8646,-0.0071,342046931
2026-07-11 08:45,2026-07-10T22:45:00.000Z,1783723500000,169855632.1334,168528582.3149,0.0039,338384214
2026-07-11 08:46,2026-07-10T22:46:00.000Z,1783723560000,167582978.9314,169434820.548,-0.0055,337017799
2026-07-11 08:47,2026-07-10T22:47:00.000Z,1783723620000,162823979.2172,169256735.8624,-0.0194,332080715
2026-07-11 08:48,2026-07-10T22:48:00.000Z,1783723680000,165804274.6764,173699816.0418,-0.0233,339504091
2026-07-11 08:49,2026-07-10T22:49:00.000Z,1783723740000,165764909.4256,171925454.2198,-0.0182,337690364
2026-07-11 08:50,2026-07-10T22:50:00.000Z,1783723800000,169586976.0171,168586657.4877,0.0030,338173634
2026-07-11 08:51,2026-07-10T22:51:00.000Z,1783723860000,167411882.6018,170184263.7258,-0.0082,337596146
2026-07-11 08:52,2026-07-10T22:52:00.000Z,1783723920000,166434843.6608,170154914.0869,-0.0111,336589758
2026-07-11 08:53,2026-07-10T22:53:00.000Z,1783723980000,169255770.3051,169070467.8747,0.0005,338326238
2026-07-11 08:54,2026-07-10T22:54:00.000Z,1783724040000,166924763.6915,168907808.4163,-0.0059,335832572
2026-07-11 08:55,2026-07-10T22:55:00.000Z,1783724100000,158140008.2537,184763926.1448,-0.0776,342903934
2026-07-11 08:56,2026-07-10T22:56:00.000Z,1783724160000,158818900.0385,185188252.9052,-0.0767,344007153
2026-07-11 08:57,2026-07-10T22:57:00.000Z,1783724220000,163706314.9464,180186110.1003,-0.0479,343892425
2026-07-11 08:58,2026-07-10T22:58:00.000Z,1783724280000,156372541.6978,173306917.2818,-0.0514,329679459
2026-07-11 08:59,2026-07-10T22:59:00.000Z,1783724340000,163759606.2535,175507962.2175,-0.0346,339267568
2026-07-11 09:00,2026-07-10T23:00:00.000Z,1783724400000,159323962.5644,171993133.4694,-0.0382,331317096
2026-07-11 09:01,2026-07-10T23:01:00.000Z,1783724460000,165133150.4849,166244363.1025,-0.0034,331377514
2026-07-11 09:02,2026-07-10T23:02:00.000Z,1783724520000,167025715.7779,166043546.7117,0.0029,333069262
2026-07-11 09:03,2026-07-10T23:03:00.000Z,1783724580000,172868771.5124,155244022.9381,0.0537,328112794
2026-07-11 09:04,2026-07-10T23:04:00.000Z,1783724640000,169294860.7065,158219910.9265,0.0338,327514772
2026-07-11 09:05,2026-07-10T23:05:00.000Z,1783724700000,167800030.5654,159124017.691,0.0265,326924048
2026-07-11 09:06,2026-07-10T23:06:00.000Z,1783724760000,169297859.0195,157746706.9077,0.0353,327044566
2026-07-11 09:07,2026-07-10T23:07:00.000Z,1783724820000,165403212.3695,167768456.7392,-0.0071,333171669
2026-07-11 09:08,2026-07-10T23:08:00.000Z,1783724880000,166717667.2745,159756655.0004,0.0213,326474322
2026-07-11 09:09,2026-07-10T23:09:00.000Z,1783724940000,166202288.3044,168262127.8502,-0.0062,334464416
2026-07-11 09:10,2026-07-10T23:10:00.000Z,1783725000000,164309809.3037,170401699.303,-0.0182,334711509
2026-07-11 09:11,2026-07-10T23:11:00.000Z,1783725060000,164217464.0924,173674351.2087,-0.0280,337891815
2026-07-11 09:12,2026-07-10T23:12:00.000Z,1783725120000,164291654.3231,172913421.738,-0.0256,337205076
2026-07-11 09:13,2026-07-10T23:13:00.000Z,1783725180000,163936868.3194,172957036.9306,-0.0268,336893905
2026-07-11 09:14,2026-07-10T23:14:00.000Z,1783725240000,161212773.326,175139459.1685,-0.0414,336352232
2026-07-11 09:15,2026-07-10T23:15:00.000Z,1783725300000,152736549.5588,186452236.9668,-0.0994,339188787
2026-07-11 09:16,2026-07-10T23:16:00.000Z,1783725360000,145707961.0615,190763092.5924,-0.1339,336471054
2026-07-11 09:17,2026-07-10T23:17:00.000Z,1783725420000,148932575.2372,188454436.9633,-0.1171,337387012
2026-07-11 09:18,2026-07-10T23:18:00.000Z,1783725480000,149286366.3536,186967942.1128,-0.1121,336254308
2026-07-11 09:19,2026-07-10T23:19:00.000Z,1783725540000,148810728.4266,186897691.1487,-0.1135,335708420
2026-07-11 09:20,2026-07-10T23:20:00.000Z,1783725600000,165081028.7826,177124488.039,-0.0352,342205517
2026-07-11 09:21,2026-07-10T23:21:00.000Z,1783725660000,169242728.6889,173729356.722,-0.0131,342972085
2026-07-11 09:22,2026-07-10T23:22:00.000Z,1783725720000,169741321.8323,167300316.9137,0.0072,337041639
2026-07-11 09:23,2026-07-10T23:23:00.000Z,1783725780000,167666870.5518,175996805.7191,-0.0242,343663676
2026-07-11 09:24,2026-07-10T23:24:00.000Z,1783725840000,163060873.6261,177529280.9466,-0.0425,340590155
2026-07-11 09:25,2026-07-10T23:25:00.000Z,1783725900000,161330740.8575,183456677.4409,-0.0642,344787418
2026-07-11 09:26,2026-07-10T23:26:00.000Z,1783725960000,153381420.4539,179938092.7794,-0.0797,333319513
2026-07-11 09:27,2026-07-10T23:27:00.000Z,1783726020000,151261599.6145,181994766.8704,-0.0922,333256366
2026-07-11 09:28,2026-07-10T23:28:00.000Z,1783726080000,153707553.0029,189204446.9631,-0.1035,342912000
2026-07-11 09:29,2026-07-10T23:29:00.000Z,1783726140000,156868748.4447,186092371.1413,-0.0852,342961120
2026-07-11 09:30,2026-07-10T23:30:00.000Z,1783726200000,167425474.5814,175631932.1705,-0.0239,343057407
2026-07-11 09:31,2026-07-10T23:31:00.000Z,1783726260000,166671872.2056,175643564.2551,-0.0262,342315436
2026-07-11 09:32,2026-07-10T23:32:00.000Z,1783726320000,165808920.1658,167060781.9653,-0.0038,332869702
2026-07-11 09:33,2026-07-10T23:33:00.000Z,1783726380000,167653659.7446,173002414.975,-0.0157,340656075
2026-07-11 09:34,2026-07-10T23:34:00.000Z,1783726440000,167073209.9183,172591415.5012,-0.0162,339664625
2026-07-11 09:35,2026-07-10T23:35:00.000Z,1783726500000,164238317.9784,178275867.5187,-0.0410,342514185
2026-07-11 09:36,2026-07-10T23:36:00.000Z,1783726560000,161235291.8944,182278364.9792,-0.0613,343513657
2026-07-11 09:37,2026-07-10T23:37:00.000Z,1783726620000,160494375.5271,179954827.5018,-0.0572,340449203
2026-07-11 09:38,2026-07-10T23:38:00.000Z,1783726680000,155162515.9525,171987969.9681,-0.0514,327150486
2026-07-11 09:39,2026-07-10T23:39:00.000Z,1783726740000,162456904.1984,179475385.5009,-0.0498,341932290
2026-07-11 09:40,2026-07-10T23:40:00.000Z,1783726800000,162138816.6807,179760561.043,-0.0515,341899378
2026-07-11 09:41,2026-07-10T23:41:00.000Z,1783726860000,162633244.7406,177960918.5986,-0.0450,340594163
2026-07-11 09:42,2026-07-10T23:42:00.000Z,1783726920000,165396873.4891,176211354.815,-0.0317,341608228
2026-07-11 09:43,2026-07-10T23:43:00.000Z,1783726980000,159948667.0357,164434787.6006,-0.0138,324383455
2026-07-11 09:44,2026-07-10T23:44:00.000Z,1783727040000,166951693.6162,173350962.3263,-0.0188,340302656
2026-07-11 09:45,2026-07-10T23:45:00.000Z,1783727100000,163673852.2305,177653137.1655,-0.0410,341326989
2026-07-11 09:46,2026-07-10T23:46:00.000Z,1783727160000,163751309.5755,172470661.3128,-0.0259,336221971
2026-07-11 09:47,2026-07-10T23:47:00.000Z,1783727220000,162323321.0489,176026928.6199,-0.0405,338350250
2026-07-11 09:48,2026-07-10T23:48:00.000Z,1783727280000,155555974.1363,173068924.8575,-0.0533,328624899
2026-07-11 09:49,2026-07-10T23:49:00.000Z,1783727340000,163049478.9981,176329288.2813,-0.0391,339378767
2026-07-11 09:50,2026-07-10T23:50:00.000Z,1783727400000,165907436.8818,172335988.096,-0.0190,338243425
2026-07-11 09:51,2026-07-10T23:51:00.000Z,1783727460000,165529829.2388,170222646.7959,-0.0140,335752476
2026-07-11 09:52,2026-07-10T23:52:00.000Z,1783727520000,167621985.5068,173568239.3753,-0.0174,341190225
2026-07-11 09:53,2026-07-10T23:53:00.000Z,1783727580000,163782312.3694,173390194.7355,-0.0285,337172507
2026-07-11 09:54,2026-07-10T23:54:00.000Z,1783727640000,163601286.1985,171079115.7537,-0.0223,334680402
2026-07-11 09:55,2026-07-10T23:55:00.000Z,1783727700000,160414738.7889,175552445.5102,-0.0451,335967184
2026-07-11 09:56,2026-07-10T23:56:00.000Z,1783727760000,161405167.4277,171334555.4934,-0.0298,332739723
2026-07-11 09:57,2026-07-10T23:57:00.000Z,1783727820000,159675895.6018,175901052.6817,-0.0484,335576948
2026-07-11 09:58,2026-07-10T23:58:00.000Z,1783727880000,153282802.2124,174628598.7225,-0.0651,327911401
2026-07-11 09:59,2026-07-10T23:59:00.000Z,1783727940000,153465665.6046,179674383.547,-0.0787,333140049
2026-07-11 10:00,2026-07-11T00:00:00.000Z,1783728000000,149428833.6935,172740708.6901,-0.0724,322169542
2026-07-11 10:01,2026-07-11T00:01:00.000Z,1783728060000,155347059.4978,180098135.2054,-0.0738,335445195
2026-07-11 10:02,2026-07-11T00:02:00.000Z,1783728120000,162249848.0969,179135297.9842,-0.0495,341385146
2026-07-11 10:03,2026-07-11T00:03:00.000Z,1783728180000,164079581.5986,178431227.7231,-0.0419,342510809
2026-07-11 10:04,2026-07-11T00:04:00.000Z,1783728240000,168287307.6171,173323409.4067,-0.0147,341610717
2026-07-11 10:05,2026-07-11T00:05:00.000Z,1783728300000,171785204.9181,165934289.6959,0.0173,337719495
2026-07-11 10:06,2026-07-11T00:06:00.000Z,1783728360000,166101951.0762,178740178.9938,-0.0366,344842130
2026-07-11 10:07,2026-07-11T00:07:00.000Z,1783728420000,164739498.1434,182670183.7859,-0.0516,347409682
2026-07-11 10:08,2026-07-11T00:08:00.000Z,1783728480000,154905229.7324,173339691.1727,-0.0562,328244921
2026-07-11 10:09,2026-07-11T00:09:00.000Z,1783728540000,169577861.6375,161156343.958,0.0255,330734206
2026-07-11 10:10,2026-07-11T00:10:00.000Z,1783728600000,171915365.8541,169982733.34,0.0057,341898099
2026-07-11 10:11,2026-07-11T00:11:00.000Z,1783728660000,173259572.3608,168984336.1953,0.0125,342243909
2026-07-11 10:12,2026-07-11T00:12:00.000Z,1783728720000,164432436.3912,168540812.8501,-0.0123,332973249
2026-07-11 10:13,2026-07-11T00:13:00.000Z,1783728780000,166720759.0514,180647153.5084,-0.0401,347367913
2026-07-11 10:14,2026-07-11T00:14:00.000Z,1783728840000,174524572.8008,169891279.589,0.0135,344415852
2026-07-11 10:15,2026-07-11T00:15:00.000Z,1783728900000,171322074.5889,169277248.1618,0.0060,340599323
2026-07-11 10:16,2026-07-11T00:16:00.000Z,1783728960000,174578094.6702,158035326.624,0.0497,332613421
2026-07-11 10:17,2026-07-11T00:17:00.000Z,1783729020000,176025086.5907,159558925.8361,0.0491,335584012
2026-07-11 10:18,2026-07-11T00:18:00.000Z,1783729080000,174557312.2176,168530461.2485,0.0176,343087773
2026-07-11 10:19,2026-07-11T00:19:00.000Z,1783729140000,180446635.9,156737404.0991,0.0703,337184040
2026-07-11 10:20,2026-07-11T00:20:00.000Z,1783729200000,168204365.1704,151917332.8362,0.0509,320121698
2026-07-11 10:21,2026-07-11T00:21:00.000Z,1783729260000,170595707.2464,154831300.7354,0.0484,325427008
2026-07-11 10:22,2026-07-11T00:22:00.000Z,1783729320000,176115512.3637,168294421.3518,0.0227,344409934
2026-07-11 10:23,2026-07-11T00:23:00.000Z,1783729380000,177007951.7042,170958020.2953,0.0174,347965972
2026-07-11 10:24,2026-07-11T00:24:00.000Z,1783729440000,174909825.813,173059130.6309,0.0053,347968956
2026-07-11 10:25,2026-07-11T00:25:00.000Z,1783729500000,172656147.6465,182289765.2128,-0.0271,354945913
2026-07-11 10:26,2026-07-11T00:26:00.000Z,1783729560000,171239665.8307,176630587.2333,-0.0155,347870253
2026-07-11 10:27,2026-07-11T00:27:00.000Z,1783729620000,172628548.8978,179725094.9157,-0.0201,352353644
2026-07-11 10:28,2026-07-11T00:28:00.000Z,1783729680000,171574751.9527,181019100.2836,-0.0268,352593852
2026-07-11 10:29,2026-07-11T00:29:00.000Z,1783729740000,171588218.3951,184669930.0812,-0.0367,356258148
2026-07-11 10:30,2026-07-11T00:30:00.000Z,1783729800000,175133619.2355,177792012.1191,-0.0075,352925631
2026-07-11 10:31,2026-07-11T00:31:00.000Z,1783729860000,163708584.0836,169505568.7889,-0.0174,333214153
2026-07-11 10:32,2026-07-11T00:32:00.000Z,1783729920000,174561227.4652,178091589.586,-0.0100,352652817
2026-07-11 10:33,2026-07-11T00:33:00.000Z,1783729980000,178913497.8942,167540406.9271,0.0328,346453905
2026-07-11 10:34,2026-07-11T00:34:00.000Z,1783730040000,173532038.4799,164226459.9381,0.0276,337758498
2026-07-11 10:35,2026-07-11T00:35:00.000Z,1783730100000,175171665.1254,167051969.1343,0.0237,342223634
2026-07-11 10:36,2026-07-11T00:36:00.000Z,1783730160000,188195347.2238,156200105.1014,0.0929,344395452
2026-07-11 10:37,2026-07-11T00:37:00.000Z,1783730220000,186207367.462,159647989.3973,0.0768,345855357
2026-07-11 10:38,2026-07-11T00:38:00.000Z,1783730280000,185815390.7876,159237127.2714,0.0770,345052518
2026-07-11 10:39,2026-07-11T00:39:00.000Z,1783730340000,185691012.5733,159291246.8738,0.0765,344982259
2026-07-11 10:40,2026-07-11T00:40:00.000Z,1783730400000,179900728.8492,160349664.1363,0.0575,340250393
2026-07-11 10:41,2026-07-11T00:41:00.000Z,1783730460000,174266937.8585,169147103.1703,0.0149,343414041
2026-07-11 10:42,2026-07-11T00:42:00.000Z,1783730520000,164422827.9533,169139574.4547,-0.0141,333562402
2026-07-11 10:43,2026-07-11T00:43:00.000Z,1783730580000,170161681.2652,179774176.0081,-0.0275,349935857
2026-07-11 10:44,2026-07-11T00:44:00.000Z,1783730640000,168114699.5849,168506746.169,-0.0012,336621446
2026-07-11 10:45,2026-07-11T00:45:00.000Z,1783730700000,168546672.8811,179816533.2597,-0.0324,348363206
2026-07-11 10:46,2026-07-11T00:46:00.000Z,1783730760000,174987426.3935,170008793.9624,0.0144,344996220
2026-07-11 10:47,2026-07-11T00:47:00.000Z,1783730820000,177249003.8185,168114120.3851,0.0265,345363124
2026-07-11 10:48,2026-07-11T00:48:00.000Z,1783730880000,172788921.0209,164775478.5881,0.0237,337564400
2026-07-11 10:49,2026-07-11T00:49:00.000Z,1783730940000,174855022.0204,169707263.7789,0.0149,344562286
2026-07-11 10:50,2026-07-11T00:50:00.000Z,1783731000000,177951759.4357,166321819.4107,0.0338,344273579
2026-07-11 10:51,2026-07-11T00:51:00.000Z,1783731060000,165736808.0609,155909739.4423,0.0306,321646548
2026-07-11 10:52,2026-07-11T00:52:00.000Z,1783731120000,165686182.5797,167567292.2064,-0.0056,333253475
2026-07-11 10:53,2026-07-11T00:53:00.000Z,1783731180000,166305432.9317,167243610.4449,-0.0028,333549043
2026-07-11 10:54,2026-07-11T00:54:00.000Z,1783731240000,173434018.2634,173006412.0998,0.0012,346440430
2026-07-11 10:55,2026-07-11T00:55:00.000Z,1783731300000,171421334.6091,180690136.7815,-0.0263,352111471
2026-07-11 10:56,2026-07-11T00:56:00.000Z,1783731360000,175129123.6265,170762816.0452,0.0126,345891940
2026-07-11 10:57,2026-07-11T00:57:00.000Z,1783731420000,168883379.8441,170515735.1533,-0.0048,339399115
2026-07-11 10:58,2026-07-11T00:58:00.000Z,1783731480000,174345512.2037,176555068.056,-0.0063,350900580
2026-07-11 10:59,2026-07-11T00:59:00.000Z,1783731540000,173144678.2751,177499939.4074,-0.0124,350644618
2026-07-11 11:00,2026-07-11T01:00:00.000Z,1783731600000,168026423.2489,170514008.0391,-0.0073,338540431
2026-07-11 11:01,2026-07-11T01:01:00.000Z,1783731660000,171013209.838,164786586.2726,0.0185,335799796
2026-07-11 11:02,2026-07-11T01:02:00.000Z,1783731720000,172166504.5956,165948678.2752,0.0184,338115183
2026-07-11 11:03,2026-07-11T01:03:00.000Z,1783731780000,173193474.9086,162766942.6558,0.0310,335960418
2026-07-11 11:04,2026-07-11T01:04:00.000Z,1783731840000,173575712.5102,163720368.0356,0.0292,337296081
2026-07-11 11:05,2026-07-11T01:05:00.000Z,1783731900000,164996716.9555,161503818.246,0.0107,326500535
2026-07-11 11:06,2026-07-11T01:06:00.000Z,1783731960000,164108542.2664,178015112.2909,-0.0406,342123655
2026-07-11 11:07,2026-07-11T01:07:00.000Z,1783732020000,173447740.901,172488736.6,0.0028,345936478
2026-07-11 11:08,2026-07-11T01:08:00.000Z,1783732080000,173553420.8934,162510741.84,0.0329,336064163
2026-07-11 11:09,2026-07-11T01:09:00.000Z,1783732140000,167874494.0221,171822649.1874,-0.0116,339697143
2026-07-11 11:10,2026-07-11T01:10:00.000Z,1783732200000,172373943.4671,173633488.2349,-0.0036,346007432
2026-07-11 11:11,2026-07-11T01:11:00.000Z,1783732260000,174517399.5616,171149633.1836,0.0097,345667033
2026-07-11 11:12,2026-07-11T01:12:00.000Z,1783732320000,167300613.0534,175370069.0308,-0.0235,342670682
2026-07-11 11:13,2026-07-11T01:13:00.000Z,1783732380000,168982534.4089,175936342.8475,-0.0202,344918877
2026-07-11 11:14,2026-07-11T01:14:00.000Z,1783732440000,168768897.1024,173516877.202,-0.0139,342285774
2026-07-11 11:15,2026-07-11T01:15:00.000Z,1783732500000,170615207.646,171964592.3796,-0.0039,342579800
2026-07-11 11:16,2026-07-11T01:16:00.000Z,1783732560000,168581023.9009,174372437.7848,-0.0169,342953462
2026-07-11 11:17,2026-07-11T01:17:00.000Z,1783732620000,168608409.4096,174667233.5887,-0.0177,343275643
2026-07-11 11:18,2026-07-11T01:18:00.000Z,1783732680000,163395231.4928,182198918.5577,-0.0544,345594150
2026-07-11 11:19,2026-07-11T01:19:00.000Z,1783732740000,160909373.0787,182666260.5412,-0.0633,343575634
2026-07-11 11:20,2026-07-11T01:20:00.000Z,1783732800000,150836321.3249,181328384.7379,-0.0918,332164706
2026-07-11 11:21,2026-07-11T01:21:00.000Z,1783732860000,154503853.1241,186838007.6615,-0.0947,341341861
2026-07-11 11:22,2026-07-11T01:22:00.000Z,1783732920000,150442279.9234,186475971.8304,-0.1070,336918252
2026-07-11 11:23,2026-07-11T01:23:00.000Z,1783732980000,150455516.4948,188497546.8581,-0.1122,338953063
2026-07-11 11:24,2026-07-11T01:24:00.000Z,1783733040000,157978504.254,180574198.1681,-0.0667,338552702
2026-07-11 11:25,2026-07-11T01:25:00.000Z,1783733100000,174273144.4839,172179399.0223,0.0060,346452544
2026-07-11 11:26,2026-07-11T01:26:00.000Z,1783733160000,166497612.3768,177285034.0332,-0.0314,343782646
2026-07-11 11:27,2026-07-11T01:27:00.000Z,1783733220000,162782229.9766,171065813.517,-0.0248,333848043
2026-07-11 11:28,2026-07-11T01:28:00.000Z,1783733280000,169948445.7974,177472354.2003,-0.0217,347420800
2026-07-11 11:29,2026-07-11T01:29:00.000Z,1783733340000,166799903.1903,178117063.9665,-0.0328,344916967
2026-07-11 11:30,2026-07-11T01:30:00.000Z,1783733400000,171703884.1729,175256961.5281,-0.0102,346960846
2026-07-11 11:31,2026-07-11T01:31:00.000Z,1783733460000,166659088.9409,176787476.5296,-0.0295,343446565
2026-07-11 11:32,2026-07-11T01:32:00.000Z,1783733520000,153660374.2124,181753901.4657,-0.0838,335414276
2026-07-11 11:33,2026-07-11T01:33:00.000Z,1783733580000,157525761.6937,185636536.0762,-0.0819,343162298
2026-07-11 11:34,2026-07-11T01:34:00.000Z,1783733640000,167004482.1594,180115521.9757,-0.0378,347120004
2026-07-11 11:35,2026-07-11T01:35:00.000Z,1783733700000,166910014.2375,170072307.5011,-0.0094,336982322
2026-07-11 11:36,2026-07-11T01:36:00.000Z,1783733760000,164643788.5459,174025604.4586,-0.0277,338669393
2026-07-11 11:37,2026-07-11T01:37:00.000Z,1783733820000,167106923.0118,178072009.536,-0.0318,345178933
2026-07-11 11:38,2026-07-11T01:38:00.000Z,1783733880000,170012611.6819,176343016.1239,-0.0183,346355628
2026-07-11 11:39,2026-07-11T01:39:00.000Z,1783733940000,172814294.0681,152107334.932,0.0637,324921629
2026-07-11 11:40,2026-07-11T01:40:00.000Z,1783734000000,173090220.3094,157140145.1356,0.0483,330230365
2026-07-11 11:41,2026-07-11T01:41:00.000Z,1783734060000,176854428.2475,161787534.3131,0.0445,338641963
2026-07-11 11:42,2026-07-11T01:42:00.000Z,1783734120000,179354704.438,156689129.1319,0.0674,336043834
2026-07-11 11:43,2026-07-11T01:43:00.000Z,1783734180000,184529959.0483,155572234.5665,0.0851,340102194
2026-07-11 11:44,2026-07-11T01:44:00.000Z,1783734240000,184219799.4519,164520458.4959,0.0565,348740258
2026-07-11 11:45,2026-07-11T01:45:00.000Z,1783734300000,190096494.9298,161285388.4675,0.0820,351381883
2026-07-11 11:46,2026-07-11T01:46:00.000Z,1783734360000,191039959.2478,158447704.1845,0.0933,349487663
2026-07-11 11:47,2026-07-11T01:47:00.000Z,1783734420000,180321728.502,169919628.1328,0.0297,350241357
2026-07-11 11:48,2026-07-11T01:48:00.000Z,1783734480000,179939510.6629,173257085.1045,0.0189,353196596
2026-07-11 11:49,2026-07-11T01:49:00.000Z,1783734540000,169625209.817,178483748.4842,-0.0254,348108958
2026-07-11 11:50,2026-07-11T01:50:00.000Z,1783734600000,172391185.7486,169287125.9927,0.0091,341678312
2026-07-11 11:51,2026-07-11T01:51:00.000Z,1783734660000,176169418.9871,164130986.3175,0.0354,340300405
2026-07-11 11:52,2026-07-11T01:52:00.000Z,1783734720000,174180232.5076,162625881.5597,0.0343,336806114
2026-07-11 11:53,2026-07-11T01:53:00.000Z,1783734780000,181258467.4299,160551279.6645,0.0606,341809747
2026-07-11 11:54,2026-07-11T01:54:00.000Z,1783734840000,176729646.8487,157515732.0011,0.0575,334245379
2026-07-11 11:55,2026-07-11T01:55:00.000Z,1783734900000,168519850.1505,158152643.3895,0.0317,326672494
2026-07-11 11:56,2026-07-11T01:56:00.000Z,1783734960000,168833893.1777,158700840.9937,0.0309,327534734
2026-07-11 11:57,2026-07-11T01:57:00.000Z,1783735020000,175377294.1415,158044922.1322,0.0520,333422216
2026-07-11 11:58,2026-07-11T01:58:00.000Z,1783735080000,181447296.6056,157713568.2883,0.0700,339160865
2026-07-11 11:59,2026-07-11T01:59:00.000Z,1783735140000,183676095.7949,150976496.3092,0.0977,334652592
2026-07-11 12:00,2026-07-11T02:00:00.000Z,1783735200000,181733836.0425,148495225.6389,0.1007,330229062
2026-07-11 12:01,2026-07-11T02:01:00.000Z,1783735260000,182643306.4776,152494193.3613,0.0900,335137500
2026-07-11 12:02,2026-07-11T02:02:00.000Z,1783735320000,181947952.3953,158964421.1973,0.0674,340912374
2026-07-11 12:03,2026-07-11T02:03:00.000Z,1783735380000,183025518.7182,161561212.0512,0.0623,344586731
2026-07-11 12:04,2026-07-11T02:04:00.000Z,1783735440000,177617901.4499,169161812.0963,0.0244,346779714
2026-07-11 12:05,2026-07-11T02:05:00.000Z,1783735500000,176481537.9841,172469160.574,0.0115,348950699
2026-07-11 12:06,2026-07-11T02:06:00.000Z,1783735560000,176824609.1109,164911384.722,0.0349,341735994
2026-07-11 12:07,2026-07-11T02:07:00.000Z,1783735620000,169423600.7496,167130365.6421,0.0068,336553966
2026-07-11 12:08,2026-07-11T02:08:00.000Z,1783735680000,178664099.457,159635075.874,0.0562,338299175
2026-07-11 12:09,2026-07-11T02:09:00.000Z,1783735740000,178784864.4243,167101358.3527,0.0338,345886223
2026-07-11 12:10,2026-07-11T02:10:00.000Z,1783735800000,175409894.7882,167147724.307,0.0241,342557619
2026-07-11 12:11,2026-07-11T02:11:00.000Z,1783735860000,178150631.2553,167499209.1648,0.0308,345649840
2026-07-11 12:12,2026-07-11T02:12:00.000Z,1783735920000,175032787.827,170602250.522,0.0128,345635038
2026-07-11 12:13,2026-07-11T02:13:00.000Z,1783735980000,169977867,160796268.6331,0.0278,330774136
2026-07-11 12:14,2026-07-11T02:14:00.000Z,1783736040000,172194088.6356,162182298.1361,0.0299,334376387
2026-07-11 12:15,2026-07-11T02:15:00.000Z,1783736100000,174129717.5659,162220320.0986,0.0354,336350038
2026-07-11 12:16,2026-07-11T02:16:00.000Z,1783736160000,171222928.1034,164813004.1242,0.0191,336035932
2026-07-11 12:17,2026-07-11T02:17:00.000Z,1783736220000,166472640.7289,161767695.6404,0.0143,328240336
2026-07-11 12:18,2026-07-11T02:18:00.000Z,1783736280000,159950460.2365,155375165.977,0.0145,315325626
2026-07-11 12:19,2026-07-11T02:19:00.000Z,1783736340000,162170064.3018,165055288.6198,-0.0088,327225353
2026-07-11 12:20,2026-07-11T02:20:00.000Z,1783736400000,158823308.023,161276152.5485,-0.0077,320099461
2026-07-11 12:21,2026-07-11T02:21:00.000Z,1783736460000,169638955.7067,165561742.2356,0.0122,335200698
2026-07-11 12:22,2026-07-11T02:22:00.000Z,1783736520000,171051738.9654,163148181.7678,0.0236,334199921
2026-07-11 12:23,2026-07-11T02:23:00.000Z,1783736580000,170061989.0451,165031655.4465,0.0150,335093644
2026-07-11 12:24,2026-07-11T02:24:00.000Z,1783736640000,173707849.2216,161002960.9404,0.0380,334710810
2026-07-11 12:25,2026-07-11T02:25:00.000Z,1783736700000,174311245.2287,159525167.8988,0.0443,333836413
2026-07-11 12:26,2026-07-11T02:26:00.000Z,1783736760000,172384712.344,163007407.2546,0.0280,335392120
2026-07-11 12:27,2026-07-11T02:27:00.000Z,1783736820000,173583760.2708,160030204.9861,0.0406,333613965
2026-07-11 12:28,2026-07-11T02:28:00.000Z,1783736880000,170697779.8524,165847778.8745,0.0144,336545559
2026-07-11 12:29,2026-07-11T02:29:00.000Z,1783736940000,170420058.5521,165386936.0457,0.0150,335806995
2026-07-11 12:30,2026-07-11T02:30:00.000Z,1783737000000,162928687.8022,167142443.9813,-0.0128,330071132
2026-07-11 12:31,2026-07-11T02:31:00.000Z,1783737060000,164040113.7186,167631510.7527,-0.0108,331671624
2026-07-11 12:32,2026-07-11T02:32:00.000Z,1783737120000,172151143.9864,165893182.637,0.0185,338044327
2026-07-11 12:33,2026-07-11T02:33:00.000Z,1783737180000,164791796.3487,166855581.8283,-0.0062,331647378
2026-07-11 12:34,2026-07-11T02:34:00.000Z,1783737240000,173426257.532,164424168.3839,0.0266,337850426
2026-07-11 12:35,2026-07-11T02:35:00.000Z,1783737300000,166308735.7168,166591113.5259,-0.0008,332899849
2026-07-11 12:36,2026-07-11T02:36:00.000Z,1783737360000,165750490.9443,169276075.1093,-0.0105,335026566
2026-07-11 12:37,2026-07-11T02:37:00.000Z,1783737420000,165181203.1575,166285344.2399,-0.0033,331466547
2026-07-11 12:38,2026-07-11T02:38:00.000Z,1783737480000,164818343.6,170401483.5839,-0.0167,335219827
2026-07-11 12:39,2026-07-11T02:39:00.000Z,1783737540000,161884385.4559,165524635.9835,-0.0111,327409021
2026-07-11 12:40,2026-07-11T02:40:00.000Z,1783737600000,163873868.6646,170043232.293,-0.0185,333917101
2026-07-11 12:41,2026-07-11T02:41:00.000Z,1783737660000,163387594.3194,173042024.3319,-0.0287,336429619
2026-07-11 12:42,2026-07-11T02:42:00.000Z,1783737720000,162553402.2065,176358925.7077,-0.0407,338912328
2026-07-11 12:43,2026-07-11T02:43:00.000Z,1783737780000,152017447.1409,181543950.102,-0.0885,333561397
2026-07-11 12:44,2026-07-11T02:44:00.000Z,1783737840000,163614093.7232,176769159.9433,-0.0386,340383254
2026-07-11 12:45,2026-07-11T02:45:00.000Z,1783737900000,163250590.8671,176370779.5794,-0.0386,339621370
2026-07-11 12:46,2026-07-11T02:46:00.000Z,1783737960000,159481283.0171,186882348.8262,-0.0791,346363632
2026-07-11 12:47,2026-07-11T02:47:00.000Z,1783738020000,160376225.2284,184737987.9493,-0.0706,345114213
2026-07-11 12:48,2026-07-11T02:48:00.000Z,1783738080000,161895694.709,184295303.0139,-0.0647,346190998
2026-07-11 12:49,2026-07-11T02:49:00.000Z,1783738140000,154380377.846,176737711.1153,-0.0675,331118089
2026-07-11 12:50,2026-07-11T02:50:00.000Z,1783738200000,161379536.3786,183512574.1564,-0.0642,344892111
2026-07-11 12:51,2026-07-11T02:51:00.000Z,1783738260000,162491341.2958,167458910.3253,-0.0151,329950252
2026-07-11 12:52,2026-07-11T02:52:00.000Z,1783738320000,166971355.301,174463377.2744,-0.0219,341434733
2026-07-11 12:53,2026-07-11T02:53:00.000Z,1783738380000,160481589.6766,183186512.5621,-0.0661,343668102
2026-07-11 12:54,2026-07-11T02:54:00.000Z,1783738440000,162334243.2115,184032260.9379,-0.0626,346366504
2026-07-11 12:55,2026-07-11T02:55:00.000Z,1783738500000,164805954.0182,180440005.9104,-0.0453,345245960
2026-07-11 12:56,2026-07-11T02:56:00.000Z,1783738560000,161697730.3868,185799266.663,-0.0694,347496997
2026-07-11 12:57,2026-07-11T02:57:00.000Z,1783738620000,162133528.0864,187319345.4786,-0.0721,349452874
2026-07-11 12:58,2026-07-11T02:58:00.000Z,1783738680000,165610149.1239,186857720.6196,-0.0603,352467870
2026-07-11 12:59,2026-07-11T02:59:00.000Z,1783738740000,164645003.0692,179843339.8816,-0.0441,344488343
2026-07-11 13:00,2026-07-11T03:00:00.000Z,1783738800000,164627268.4854,180087246.8842,-0.0448,344714515
2026-07-11 13:01,2026-07-11T03:01:00.000Z,1783738860000,164445379.5305,178168485.1122,-0.0401,342613865
2026-07-11 13:02,2026-07-11T03:02:00.000Z,1783738920000,173323760.3974,181653892.6821,-0.0235,354977653
2026-07-11 13:03,2026-07-11T03:03:00.000Z,1783738980000,176350798.9837,170376025.8322,0.0172,346726825
2026-07-11 13:04,2026-07-11T03:04:00.000Z,1783739040000,172225426.4604,179818873.6879,-0.0216,352044300
2026-07-11 13:05,2026-07-11T03:05:00.000Z,1783739100000,175940776.8935,171765515.0309,0.0120,347706292
2026-07-11 13:06,2026-07-11T03:06:00.000Z,1783739160000,170527983.7396,182532138.3521,-0.0340,353060122
2026-07-11 13:07,2026-07-11T03:07:00.000Z,1783739220000,170082803.75,182740652.0658,-0.0359,352823456
2026-07-11 13:08,2026-07-11T03:08:00.000Z,1783739280000,170501893.1678,177678003.7224,-0.0206,348179897
2026-07-11 13:09,2026-07-11T03:09:00.000Z,1783739340000,176803143.6995,183880270.6071,-0.0196,360683414
2026-07-11 13:10,2026-07-11T03:10:00.000Z,1783739400000,175157740.2551,186016667.1187,-0.0301,361174407
2026-07-11 13:11,2026-07-11T03:11:00.000Z,1783739460000,171787311.951,183963814.5323,-0.0342,355751126
2026-07-11 13:12,2026-07-11T03:12:00.000Z,1783739520000,167697722.9533,189300203.4219,-0.0605,356997926
2026-07-11 13:13,2026-07-11T03:13:00.000Z,1783739580000,173116840.2526,186405546.4469,-0.0370,359522387
2026-07-11 13:14,2026-07-11T03:14:00.000Z,1783739640000,173472530.6643,183612929.831,-0.0284,357085460
2026-07-11 13:15,2026-07-11T03:15:00.000Z,1783739700000,172581228.0967,185456087.6039,-0.0360,358037316
2026-07-11 13:16,2026-07-11T03:16:00.000Z,1783739760000,169101808.5628,187726610.886,-0.0522,356828419
2026-07-11 13:17,2026-07-11T03:17:00.000Z,1783739820000,172976466.5678,188345414.5726,-0.0425,361321881
2026-07-11 13:18,2026-07-11T03:18:00.000Z,1783739880000,173722302.7724,187979646.8727,-0.0394,361701950
2026-07-11 13:19,2026-07-11T03:19:00.000Z,1783739940000,179841169.1227,162469665.2766,0.0507,342310834
2026-07-11 13:20,2026-07-11T03:20:00.000Z,1783740000000,164759392.0785,182436354.3351,-0.0509,347195746
2026-07-11 13:21,2026-07-11T03:21:00.000Z,1783740060000,175317115.8841,177604627.0951,-0.0065,352921743
2026-07-11 13:22,2026-07-11T03:22:00.000Z,1783740120000,171498290.5121,173235302.2212,-0.0050,344733593
2026-07-11 13:23,2026-07-11T03:23:00.000Z,1783740180000,175853904.0068,181328980.6516,-0.0153,357182885
2026-07-11 13:24,2026-07-11T03:24:00.000Z,1783740240000,176895253.5652,185392346.0369,-0.0235,362287600
2026-07-11 13:25,2026-07-11T03:25:00.000Z,1783740300000,181041022.4973,180114450.2898,0.0026,361155473
2026-07-11 13:26,2026-07-11T03:26:00.000Z,1783740360000,180280169.8426,185459035.6589,-0.0142,365739206
2026-07-11 13:27,2026-07-11T03:27:00.000Z,1783740420000,181585394.706,179881184.1713,0.0047,361466579
2026-07-11 13:28,2026-07-11T03:28:00.000Z,1783740480000,186927870.5686,169378516.7894,0.0493,356306387
2026-07-11 13:29,2026-07-11T03:29:00.000Z,1783740540000,183282277.9075,177980166.5537,0.0147,361262444
2026-07-11 13:30,2026-07-11T03:30:00.000Z,1783740600000,182245436.9202,178251000.7522,0.0111,360496438
2026-07-11 13:31,2026-07-11T03:31:00.000Z,1783740660000,181852273.5094,177654811.6253,0.0117,359507085
2026-07-11 13:32,2026-07-11T03:32:00.000Z,1783740720000,181200021.1857,179922819.1766,0.0035,361122840
2026-07-11 13:33,2026-07-11T03:33:00.000Z,1783740780000,181328388.4318,178821950.4259,0.0070,360150339
2026-07-11 13:34,2026-07-11T03:34:00.000Z,1783740840000,184065157.1824,179085034.8383,0.0137,363150192
2026-07-11 13:35,2026-07-11T03:35:00.000Z,1783740900000,181446875.9371,181681937.6588,-0.0006,363128814
2026-07-11 13:36,2026-07-11T03:36:00.000Z,1783740960000,170461873.6931,186150035.1689,-0.0440,356611909
2026-07-11 13:37,2026-07-11T03:37:00.000Z,1783741020000,168816416.3169,189268389.2845,-0.0571,358084806
2026-07-11 13:38,2026-07-11T03:38:00.000Z,1783741080000,169715855.1742,187617610.4816,-0.0501,357333466
2026-07-11 13:39,2026-07-11T03:39:00.000Z,1783741140000,170780898.27,186047156.176,-0.0428,356828054
2026-07-11 13:40,2026-07-11T03:40:00.000Z,1783741200000,167726201.1607,184325264.3783,-0.0471,352051466
2026-07-11 13:41,2026-07-11T03:41:00.000Z,1783741260000,171434396.5602,186014112.2626,-0.0408,357448509
2026-07-11 13:42,2026-07-11T03:42:00.000Z,1783741320000,172952135.2775,181323185.0442,-0.0236,354275320
2026-07-11 13:43,2026-07-11T03:43:00.000Z,1783741380000,172292185.8105,180161437.5067,-0.0223,352453623
2026-07-11 13:44,2026-07-11T03:44:00.000Z,1783741440000,174595104.107,181540030.5238,-0.0195,356135135
2026-07-11 13:45,2026-07-11T03:45:00.000Z,1783741500000,174247483.635,180347156.6589,-0.0172,354594640
2026-07-11 13:46,2026-07-11T03:46:00.000Z,1783741560000,175864390.7497,181458719.9416,-0.0157,357323111
2026-07-11 13:47,2026-07-11T03:47:00.000Z,1783741620000,176091172.6289,176556007.0505,-0.0013,352647180
2026-07-11 13:48,2026-07-11T03:48:00.000Z,1783741680000,174121700.6641,173449314.4006,0.0019,347571015
2026-07-11 13:49,2026-07-11T03:49:00.000Z,1783741740000,175100636.8844,180958144.8116,-0.0165,356058782
2026-07-11 13:50,2026-07-11T03:50:00.000Z,1783741800000,176248180.2136,180713997.8674,-0.0125,356962178
2026-07-11 13:51,2026-07-11T03:51:00.000Z,1783741860000,171487077.9677,180201631.9558,-0.0248,351688710
2026-07-11 13:52,2026-07-11T03:52:00.000Z,1783741920000,172820193.179,180906999.5097,-0.0229,353727193
2026-07-11 13:53,2026-07-11T03:53:00.000Z,1783741980000,173340109.6887,189057503.3564,-0.0434,362397613
2026-07-11 13:54,2026-07-11T03:54:00.000Z,1783742040000,173589818.5181,181586778.1234,-0.0225,355176597
2026-07-11 13:55,2026-07-11T03:55:00.000Z,1783742100000,173479619.0835,184507192.7837,-0.0308,357986812
2026-07-11 13:56,2026-07-11T03:56:00.000Z,1783742160000,173919696.8154,188882165.617,-0.0412,362801862
2026-07-11 13:57,2026-07-11T03:57:00.000Z,1783742220000,177743756.0542,183355900.4748,-0.0155,361099657
2026-07-11 13:58,2026-07-11T03:58:00.000Z,1783742280000,177434765.6888,183126779.1151,-0.0158,360561545
2026-07-11 13:59,2026-07-11T03:59:00.000Z,1783742340000,177463170.3339,177970695.5525,-0.0014,355433866
2026-07-11 14:00,2026-07-11T04:00:00.000Z,1783742400000,180164794.588,173524877.6069,0.0188,353689672
2026-07-11 14:01,2026-07-11T04:01:00.000Z,1783742460000,182490501.0399,175646210.7893,0.0191,358136712
2026-07-11 14:02,2026-07-11T04:02:00.000Z,1783742520000,180793435.6903,178649450.0305,0.0060,359442886
2026-07-11 14:03,2026-07-11T04:03:00.000Z,1783742580000,184415483.2044,177727532.7118,0.0185,362143016
2026-07-11 14:04,2026-07-11T04:04:00.000Z,1783742640000,182735593.1753,178196960.5557,0.0126,360932554
2026-07-11 14:05,2026-07-11T04:05:00.000Z,1783742700000,178409439.1967,177822295.1858,0.0016,356231734
2026-07-11 14:06,2026-07-11T04:06:00.000Z,1783742760000,177300807.571,175034160.3182,0.0064,352334968
2026-07-11 14:07,2026-07-11T04:07:00.000Z,1783742820000,179374116.124,178182604.5782,0.0033,357556721
2026-07-11 14:08,2026-07-11T04:08:00.000Z,1783742880000,184273379.2624,174074379.3357,0.0285,358347759
2026-07-11 14:09,2026-07-11T04:09:00.000Z,1783742940000,184156637.4628,174937015.8138,0.0257,359093653
2026-07-11 14:10,2026-07-11T04:10:00.000Z,1783743000000,184039799.291,175078605.3056,0.0250,359118405
2026-07-11 14:11,2026-07-11T04:11:00.000Z,1783743060000,183312653.0571,176615054.7203,0.0186,359927708
2026-07-11 14:12,2026-07-11T04:12:00.000Z,1783743120000,181840060.4432,178475964.629,0.0093,360316025
2026-07-11 14:13,2026-07-11T04:13:00.000Z,1783743180000,180295205.5331,178780189.3758,0.0042,359075395
2026-07-11 14:14,2026-07-11T04:14:00.000Z,1783743240000,175708005.8866,181094153.6442,-0.0151,356802160
2026-07-11 14:15,2026-07-11T04:15:00.000Z,1783743300000,167738233.8257,182731093.6913,-0.0428,350469328
2026-07-11 14:16,2026-07-11T04:16:00.000Z,1783743360000,165038083.1674,190722254.1653,-0.0722,355760337
2026-07-11 14:17,2026-07-11T04:17:00.000Z,1783743420000,171908639.3829,176324930.6607,-0.0127,348233570
2026-07-11 14:18,2026-07-11T04:18:00.000Z,1783743480000,177483601.6326,177217405.6044,0.0008,354701007
2026-07-11 14:19,2026-07-11T04:19:00.000Z,1783743540000,177988279.693,177215649.1373,0.0022,355203929
2026-07-11 14:20,2026-07-11T04:20:00.000Z,1783743600000,166073333.4216,177479809.4186,-0.0332,343553143
2026-07-11 14:21,2026-07-11T04:21:00.000Z,1783743660000,175235747.7536,178821332.3364,-0.0101,354057080
2026-07-11 14:22,2026-07-11T04:22:00.000Z,1783743720000,168814931.1596,181792883.5086,-0.0370,350607815
2026-07-11 14:23,2026-07-11T04:23:00.000Z,1783743780000,163737998.2094,180970551.2512,-0.0500,344708549
2026-07-11 14:24,2026-07-11T04:24:00.000Z,1783743840000,168574937.8227,181976033.8093,-0.0382,350550972
2026-07-11 14:25,2026-07-11T04:25:00.000Z,1783743900000,166502580.0679,180965540.2578,-0.0416,347468120
2026-07-11 14:26,2026-07-11T04:26:00.000Z,1783743960000,166776813.5024,181969304.0923,-0.0436,348746118
2026-07-11 14:27,2026-07-11T04:27:00.000Z,1783744020000,178813390.9573,174877069.8565,0.0111,353690461
2026-07-11 14:28,2026-07-11T04:28:00.000Z,1783744080000,172363601.9084,172228171.0978,0.0004,344591773
2026-07-11 14:29,2026-07-11T04:29:00.000Z,1783744140000,173638037.855,173881663.3619,-0.0007,347519701
2026-07-11 14:30,2026-07-11T04:30:00.000Z,1783744200000,174235853.6248,176974962.856,-0.0078,351210816
2026-07-11 14:31,2026-07-11T04:31:00.000Z,1783744260000,170861086.0731,177627269.7809,-0.0194,348488356
2026-07-11 14:32,2026-07-11T04:32:00.000Z,1783744320000,163812290.3767,191481837.1701,-0.0779,355294128
2026-07-11 14:33,2026-07-11T04:33:00.000Z,1783744380000,168324346.288,186906589.6131,-0.0523,355230936
2026-07-11 14:34,2026-07-11T04:34:00.000Z,1783744440000,167358317.5364,191453048.2024,-0.0672,358811366
2026-07-11 14:35,2026-07-11T04:35:00.000Z,1783744500000,168001034.0971,188927222.3502,-0.0586,356928256
2026-07-11 14:36,2026-07-11T04:36:00.000Z,1783744560000,169521831.7301,187680164.6325,-0.0508,357201996
2026-07-11 14:37,2026-07-11T04:37:00.000Z,1783744620000,166846100.4941,188256050.8218,-0.0603,355102151
2026-07-11 14:38,2026-07-11T04:38:00.000Z,1783744680000,158522325.8745,182461100.7043,-0.0702,340983427
2026-07-11 14:39,2026-07-11T04:39:00.000Z,1783744740000,165925950.2578,192898517.039,-0.0752,358824467
2026-07-11 14:40,2026-07-11T04:40:00.000Z,1783744800000,172552315.9999,185909827.2337,-0.0373,358462143
2026-07-11 14:41,2026-07-11T04:41:00.000Z,1783744860000,173350805.761,184816657.6205,-0.0320,358167463
2026-07-11 14:42,2026-07-11T04:42:00.000Z,1783744920000,175943112.4794,182782910.627,-0.0191,358726023
2026-07-11 14:43,2026-07-11T04:43:00.000Z,1783744980000,173931672.0062,181385383.8837,-0.0210,355317056
2026-07-11 14:44,2026-07-11T04:44:00.000Z,1783745040000,175029556.2633,182713837.594,-0.0215,357743394
2026-07-11 14:45,2026-07-11T04:45:00.000Z,1783745100000,170913272.7386,172431709.6973,-0.0044,343344982
2026-07-11 14:46,2026-07-11T04:46:00.000Z,1783745160000,174284989.088,176952941.378,-0.0076,351237930
2026-07-11 14:47,2026-07-11T04:47:00.000Z,1783745220000,175238115.9921,175528019.1678,-0.0008,350766135
2026-07-11 14:48,2026-07-11T04:48:00.000Z,1783745280000,175749306.3756,175846930.1744,-0.0003,351596237
2026-07-11 14:49,2026-07-11T04:49:00.000Z,1783745340000,172643985.5133,183231743.8705,-0.0298,355875729
2026-07-11 14:50,2026-07-11T04:50:00.000Z,1783745400000,170870127.1274,183426654.3059,-0.0354,354296781
2026-07-11 14:51,2026-07-11T04:51:00.000Z,1783745460000,181042491.6515,169454985.1838,0.0331,350497477
2026-07-11 14:52,2026-07-11T04:52:00.000Z,1783745520000,180713735.7185,175252773.0036,0.0153,355966509
2026-07-11 14:53,2026-07-11T04:53:00.000Z,1783745580000,183826461.8337,172371602.4666,0.0322,356198064
2026-07-11 14:54,2026-07-11T04:54:00.000Z,1783745640000,176316783.9346,165529325.399,0.0316,341846109
2026-07-11 14:55,2026-07-11T04:55:00.000Z,1783745700000,181910110.8875,175270748.7045,0.0186,357180860
2026-07-11 14:56,2026-07-11T04:56:00.000Z,1783745760000,180237862.4236,177341684.4307,0.0081,357579547
2026-07-11 14:57,2026-07-11T04:57:00.000Z,1783745820000,179425743.3295,177283547.1613,0.0060,356709290
2026-07-11 14:58,2026-07-11T04:58:00.000Z,1783745880000,178584319.7969,174594062.8673,0.0113,353178383
2026-07-11 14:59,2026-07-11T04:59:00.000Z,1783745940000,174581767.283,169663863.9341,0.0143,344245631
2026-07-11 15:00,2026-07-11T05:00:00.000Z,1783746000000,174832270.137,176220097.5966,-0.0040,351052368
2026-07-11 15:01,2026-07-11T05:01:00.000Z,1783746060000,182473323.4761,174853242.8086,0.0213,357326566
2026-07-11 15:02,2026-07-11T05:02:00.000Z,1783746120000,182196704.379,175907555.2667,0.0176,358104260
2026-07-11 15:03,2026-07-11T05:03:00.000Z,1783746180000,183561217.8465,175792925.8611,0.0216,359354144
2026-07-11 15:04,2026-07-11T05:04:00.000Z,1783746240000,184936708.6575,173069224.4811,0.0331,358005933
2026-07-11 15:05,2026-07-11T05:05:00.000Z,1783746300000,173950555.6818,171634170.8312,0.0067,345584727
2026-07-11 15:06,2026-07-11T05:06:00.000Z,1783746360000,174338977.3746,182813585.6608,-0.0237,357152563
2026-07-11 15:07,2026-07-11T05:07:00.000Z,1783746420000,173533845.133,183022645.0849,-0.0266,356556490
2026-07-11 15:08,2026-07-11T05:08:00.000Z,1783746480000,167825849.1571,174783294.1773,-0.0203,342609143
2026-07-11 15:09,2026-07-11T05:09:00.000Z,1783746540000,173884964.1692,180947613.7873,-0.0199,354832578
2026-07-11 15:10,2026-07-11T05:10:00.000Z,1783746600000,175541933.728,182183353.1912,-0.0186,357725287
2026-07-11 15:11,2026-07-11T05:11:00.000Z,1783746660000,173687644.0905,184508641.5772,-0.0302,358196286
2026-07-11 15:12,2026-07-11T05:12:00.000Z,1783746720000,173063800.9998,186124043.8119,-0.0364,359187845
2026-07-11 15:13,2026-07-11T05:13:00.000Z,1783746780000,173037732.2916,188190116.1202,-0.0419,361227848
2026-07-11 15:14,2026-07-11T05:14:00.000Z,1783746840000,174684854.5413,185303132.7714,-0.0295,359987987
2026-07-11 15:15,2026-07-11T05:15:00.000Z,1783746900000,175951255.0471,183774367.6477,-0.0217,359725623
2026-07-11 15:16,2026-07-11T05:16:00.000Z,1783746960000,174319896.084,180540810.5478,-0.0175,354860707
2026-07-11 15:17,2026-07-11T05:17:00.000Z,1783747020000,176194251.9463,178830410.0433,-0.0074,355024662
2026-07-11 15:18,2026-07-11T05:18:00.000Z,1783747080000,175064440.8116,187990198.4305,-0.0356,363054639
2026-07-11 15:19,2026-07-11T05:19:00.000Z,1783747140000,174455942.5692,187683796.319,-0.0365,362139739
2026-07-11 15:20,2026-07-11T05:20:00.000Z,1783747200000,175448538.7281,182030113.0673,-0.0184,357478652
2026-07-11 15:21,2026-07-11T05:21:00.000Z,1783747260000,178086570.9321,184191825.3866,-0.0169,362278396
2026-07-11 15:22,2026-07-11T05:22:00.000Z,1783747320000,175989571.3249,190923903.2306,-0.0407,366913475
2026-07-11 15:23,2026-07-11T05:23:00.000Z,1783747380000,172012354.7858,187451757.5295,-0.0430,359464112
2026-07-11 15:24,2026-07-11T05:24:00.000Z,1783747440000,172509128.266,187912942.6808,-0.0427,360422071
2026-07-11 15:25,2026-07-11T05:25:00.000Z,1783747500000,172844164.7473,185156343.2026,-0.0344,358000508
2026-07-11 15:26,2026-07-11T05:26:00.000Z,1783747560000,172320423.4339,188687587.6773,-0.0453,361008011
2026-07-11 15:27,2026-07-11T05:27:00.000Z,1783747620000,177034000.5367,191694790.3526,-0.0398,368728791
2026-07-11 15:28,2026-07-11T05:28:00.000Z,1783747680000,175974248.8508,187094592.9046,-0.0306,363068842
2026-07-11 15:29,2026-07-11T05:29:00.000Z,1783747740000,176573592.8915,182649050.7836,-0.0169,359222644
2026-07-11 15:30,2026-07-11T05:30:00.000Z,1783747800000,174792844.0645,187287446.2258,-0.0345,362080290
2026-07-11 15:31,2026-07-11T05:31:00.000Z,1783747860000,176918854.8019,183287950.4213,-0.0177,360206805
2026-07-11 15:32,2026-07-11T05:32:00.000Z,1783747920000,174645933.5298,181993132.9292,-0.0206,356639066
2026-07-11 15:33,2026-07-11T05:33:00.000Z,1783747980000,172044400.8613,196113590.1682,-0.0654,368157991
2026-07-11 15:34,2026-07-11T05:34:00.000Z,1783748040000,168338722.3012,192621790.8681,-0.0673,360960513
2026-07-11 15:35,2026-07-11T05:35:00.000Z,1783748100000,172275113.209,191276916.2957,-0.0523,363552030
2026-07-11 15:36,2026-07-11T05:36:00.000Z,1783748160000,173957113.0898,188052944.2671,-0.0389,362010057
2026-07-11 15:37,2026-07-11T05:37:00.000Z,1783748220000,174074625.0035,190363373.5333,-0.0447,364437999
2026-07-11 15:38,2026-07-11T05:38:00.000Z,1783748280000,174074625.0035,190363373.5333,-0.0447,364437999
2026-07-11 15:39,2026-07-11T05:39:00.000Z,1783748340000,179380862.5131,189741526.8639,-0.0281,369122389
2026-07-11 15:40,2026-07-11T05:40:00.000Z,1783748400000,179349692.0684,187686841.2081,-0.0227,367036533
2026-07-11 15:41,2026-07-11T05:41:00.000Z,1783748460000,185178972.5276,180467565.4721,0.0129,365646538
2026-07-11 15:42,2026-07-11T05:42:00.000Z,1783748520000,186122434.6312,183609634.9736,0.0068,369732070
2026-07-11 15:43,2026-07-11T05:43:00.000Z,1783748580000,181547425.1624,178527566.1236,0.0084,360074991
2026-07-11 15:44,2026-07-11T05:44:00.000Z,1783748640000,181884968.3142,183297637.7586,-0.0039,365182606
2026-07-11 15:45,2026-07-11T05:45:00.000Z,1783748700000,184119141.5848,182246183.4987,0.0051,366365325
2026-07-11 15:46,2026-07-11T05:46:00.000Z,1783748760000,183342033.4489,182759242.5848,0.0016,366101276
2026-07-11 15:47,2026-07-11T05:47:00.000Z,1783748820000,182177255.7602,184286992.3309,-0.0058,366464248
2026-07-11 15:48,2026-07-11T05:48:00.000Z,1783748880000,183315391.6703,183442121.8237,-0.0003,366757513
2026-07-11 15:49,2026-07-11T05:49:00.000Z,1783748940000,187303689.5379,178183546.2207,0.0250,365487236
2026-07-11 15:50,2026-07-11T05:50:00.000Z,1783749000000,181317366.2913,183402223.3049,-0.0057,364719590
2026-07-11 15:51,2026-07-11T05:51:00.000Z,1783749060000,182562805.8728,184492031.968,-0.0053,367054838
2026-07-11 15:52,2026-07-11T05:52:00.000Z,1783749120000,178059866.3832,181489379.3526,-0.0095,359549246
2026-07-11 15:53,2026-07-11T05:53:00.000Z,1783749180000,178137946.4914,187071092.6678,-0.0245,365209039
2026-07-11 15:54,2026-07-11T05:54:00.000Z,1783749240000,182781720.9438,185570620.8315,-0.0076,368352342
2026-07-11 15:55,2026-07-11T05:55:00.000Z,1783749300000,182950033.2416,184828771.5057,-0.0051,367778805
2026-07-11 15:56,2026-07-11T05:56:00.000Z,1783749360000,181782712.4022,174766171.8219,0.0197,356548884
2026-07-11 15:57,2026-07-11T05:57:00.000Z,1783749420000,181520354.2724,187445839.4088,-0.0161,368966194
2026-07-11 15:58,2026-07-11T05:58:00.000Z,1783749480000,180247936.1655,191620959.8727,-0.0306,371868896
2026-07-11 15:59,2026-07-11T05:59:00.000Z,1783749540000,178325818.6655,190779472.4329,-0.0337,369105291
2026-07-11 16:00,2026-07-11T06:00:00.000Z,1783749600000,176217545.1901,185835199.3056,-0.0266,362052744
2026-07-11 16:01,2026-07-11T06:01:00.000Z,1783749660000,176217545.1901,185835199.3056,-0.0266,362052744
2026-07-11 16:02,2026-07-11T06:02:00.000Z,1783749720000,171146362.0044,184865897.5703,-0.0385,356012260
2026-07-11 16:03,2026-07-11T06:03:00.000Z,1783749780000,177788530.198,183071561.8614,-0.0146,360860092
2026-07-11 16:04,2026-07-11T06:04:00.000Z,1783749840000,176591758.4797,181074151.804,-0.0125,357665910
2026-07-11 16:05,2026-07-11T06:05:00.000Z,1783749900000,177443688.4588,182119043.4323,-0.0130,359562732
2026-07-11 16:06,2026-07-11T06:06:00.000Z,1783749960000,176974676.4651,183401690.6896,-0.0178,360376367
2026-07-11 16:07,2026-07-11T06:07:00.000Z,1783750020000,175169919.9901,189368531.5288,-0.0389,364538452
2026-07-11 16:08,2026-07-11T06:08:00.000Z,1783750080000,174652262.6348,180930847.5136,-0.0177,355583110
2026-07-11 16:09,2026-07-11T06:09:00.000Z,1783750140000,178492462.8207,185126832.8808,-0.0182,363619296
2026-07-11 16:10,2026-07-11T06:10:00.000Z,1783750200000,177780357.9863,189763419.366,-0.0326,367543777
2026-07-11 16:11,2026-07-11T06:11:00.000Z,1783750260000,173696144.2727,178852269.274,-0.0146,352548414
2026-07-11 16:12,2026-07-11T06:12:00.000Z,1783750320000,176942063.1028,187567030.2843,-0.0291,364509093
2026-07-11 16:13,2026-07-11T06:13:00.000Z,1783750380000,172154052.0182,182152743.2117,-0.0282,354306795
2026-07-11 16:14,2026-07-11T06:14:00.000Z,1783750440000,173648917.7908,185371793.9631,-0.0327,359020712
2026-07-11 16:15,2026-07-11T06:15:00.000Z,1783750500000,178062243.7384,182998490.862,-0.0137,361060735
2026-07-11 16:16,2026-07-11T06:16:00.000Z,1783750560000,176343942.0654,184886790.2809,-0.0236,361230732
2026-07-11 16:17,2026-07-11T06:17:00.000Z,1783750620000,174680878.4889,183024260.8787,-0.0233,357705139
2026-07-11 16:18,2026-07-11T06:18:00.000Z,1783750680000,178347469.4483,184871035.4094,-0.0180,363218505
2026-07-11 16:19,2026-07-11T06:19:00.000Z,1783750740000,174238232.8769,188194082.709,-0.0385,362432316
2026-07-11 16:20,2026-07-11T06:20:00.000Z,1783750800000,175211080.0664,190992394.0891,-0.0431,366203474
2026-07-11 16:21,2026-07-11T06:21:00.000Z,1783750860000,175963699.361,191470315.8474,-0.0422,367434015
2026-07-11 16:22,2026-07-11T06:22:00.000Z,1783750920000,176307677.3117,191042573.8883,-0.0401,367350251
2026-07-11 16:23,2026-07-11T06:23:00.000Z,1783750980000,179213939.009,192751926.433,-0.0364,371965865
2026-07-11 16:24,2026-07-11T06:24:00.000Z,1783751040000,166767803.9691,208358212.272,-0.1109,375126016
2026-07-11 16:25,2026-07-11T06:25:00.000Z,1783751100000,174190937.2104,199937549.5268,-0.0688,374128487
2026-07-11 16:26,2026-07-11T06:26:00.000Z,1783751160000,173258114.2095,197691865.1341,-0.0659,370949979
2026-07-11 16:27,2026-07-11T06:27:00.000Z,1783751220000,191478547.3973,176103033.8348,0.0418,367581581
2026-07-11 16:28,2026-07-11T06:28:00.000Z,1783751280000,180991138.6264,175919198.9254,0.0142,356910338
2026-07-11 16:29,2026-07-11T06:29:00.000Z,1783751340000,182553262.9909,176781123.6152,0.0161,359334387
2026-07-11 16:30,2026-07-11T06:30:00.000Z,1783751400000,184589002.1159,179881586.3681,0.0129,364470588
2026-07-11 16:31,2026-07-11T06:31:00.000Z,1783751460000,177688037.4789,190066663.5442,-0.0337,367754701
2026-07-11 16:32,2026-07-11T06:32:00.000Z,1783751520000,178926123.8839,191548883.6317,-0.0341,370475008
2026-07-11 16:33,2026-07-11T06:33:00.000Z,1783751580000,184838024.219,194842355.0515,-0.0263,379680379
2026-07-11 16:34,2026-07-11T06:34:00.000Z,1783751640000,173657191.0574,193842546.8409,-0.0549,367499738
2026-07-11 16:35,2026-07-11T06:35:00.000Z,1783751700000,179429062.8117,204494333.8963,-0.0653,383923397
2026-07-11 16:36,2026-07-11T06:36:00.000Z,1783751760000,179366376.3441,204378853.171,-0.0652,383745230
2026-07-11 16:37,2026-07-11T06:37:00.000Z,1783751820000,183127075.1438,192671690.783,-0.0254,375798766
2026-07-11 16:38,2026-07-11T06:38:00.000Z,1783751880000,188060046.7297,194154522.6977,-0.0159,382214569
2026-07-11 16:39,2026-07-11T06:39:00.000Z,1783751940000,184404932.7186,193722041.3619,-0.0246,378126974
2026-07-11 16:40,2026-07-11T06:40:00.000Z,1783752000000,184276067.8056,191683650.7962,-0.0197,375959719
2026-07-11 16:41,2026-07-11T06:41:00.000Z,1783752060000,182148168.2685,191873550.5323,-0.0260,374021719
2026-07-11 16:42,2026-07-11T06:42:00.000Z,1783752120000,182923674.2116,188170161.0265,-0.0141,371093835
2026-07-11 16:43,2026-07-11T06:43:00.000Z,1783752180000,182584241.5455,186742756.3753,-0.0113,369326998
2026-07-11 16:44,2026-07-11T06:44:00.000Z,1783752240000,183331584.6667,186797509.1452,-0.0094,370129094
2026-07-11 16:45,2026-07-11T06:45:00.000Z,1783752300000,178389994.6153,181949583.6822,-0.0099,360339578
2026-07-11 16:46,2026-07-11T06:46:00.000Z,1783752360000,181796496.7413,186122567.7918,-0.0118,367919065
2026-07-11 16:47,2026-07-11T06:47:00.000Z,1783752420000,174558029.9075,187680907.6237,-0.0362,362238938
2026-07-11 16:48,2026-07-11T06:48:00.000Z,1783752480000,174944052.2921,186165794.4665,-0.0311,361109847
2026-07-11 16:49,2026-07-11T06:49:00.000Z,1783752540000,175849656.9264,186958482.4184,-0.0306,362808139
2026-07-11 16:50,2026-07-11T06:50:00.000Z,1783752600000,179999182.2825,187481758.8224,-0.0204,367480941
2026-07-11 16:51,2026-07-11T06:51:00.000Z,1783752660000,183298992.6332,182262778.4515,0.0028,365561771
2026-07-11 16:52,2026-07-11T06:52:00.000Z,1783752720000,179174087.3238,179447381.5787,-0.0008,358621469
2026-07-11 16:53,2026-07-11T06:53:00.000Z,1783752780000,183390599.9435,185964865.5852,-0.0070,369355466
2026-07-11 16:54,2026-07-11T06:54:00.000Z,1783752840000,179213014.2241,182410686.0658,-0.0088,361623700
2026-07-11 16:55,2026-07-11T06:55:00.000Z,1783752900000,177757293.141,192155081.8619,-0.0389,369912375
2026-07-11 16:56,2026-07-11T06:56:00.000Z,1783752960000,181741878.4883,187539274.7088,-0.0157,369281153
2026-07-11 16:57,2026-07-11T06:57:00.000Z,1783753020000,177830570.8503,184941410.4141,-0.0196,362771981
2026-07-11 16:58,2026-07-11T06:58:00.000Z,1783753080000,181633083.0688,189561589.5733,-0.0214,371194673
2026-07-11 16:59,2026-07-11T06:59:00.000Z,1783753140000,181511929.5316,188382935.4048,-0.0186,369894865
2026-07-11 17:00,2026-07-11T07:00:00.000Z,1783753200000,175473451.7639,182582497.0494,-0.0199,358055949
2026-07-11 17:01,2026-07-11T07:01:00.000Z,1783753260000,178616259.2961,182348764.8394,-0.0103,360965024
2026-07-11 17:02,2026-07-11T07:02:00.000Z,1783753320000,177769990.7804,185802492.9009,-0.0221,363572484
2026-07-11 17:03,2026-07-11T07:03:00.000Z,1783753380000,176008036.2034,186932579.24,-0.0301,362940615
2026-07-11 17:04,2026-07-11T07:04:00.000Z,1783753440000,175766630.1423,180323243.1315,-0.0128,356089873
2026-07-11 17:05,2026-07-11T07:05:00.000Z,1783753500000,181442801.4384,181424759.7799,0.0000,362867561
2026-07-11 17:06,2026-07-11T07:06:00.000Z,1783753560000,181928970.5333,180556422.114,0.0038,362485393
2026-07-11 17:07,2026-07-11T07:07:00.000Z,1783753620000,179097966.7657,180351204.0495,-0.0035,359449171
2026-07-11 17:08,2026-07-11T07:08:00.000Z,1783753680000,182814349.7096,180402365.8321,0.0066,363216716
2026-07-11 17:09,2026-07-11T07:09:00.000Z,1783753740000,175518475.9752,177799888.704,-0.0065,353318365
2026-07-11 17:10,2026-07-11T07:10:00.000Z,1783753800000,176508440.7847,182279721.9761,-0.0161,358788163
2026-07-11 17:11,2026-07-11T07:11:00.000Z,1783753860000,183655873.7243,184540932.0831,-0.0024,368196806
2026-07-11 17:12,2026-07-11T07:12:00.000Z,1783753920000,183653061.0606,187609331.801,-0.0107,371262393
2026-07-11 17:13,2026-07-11T07:13:00.000Z,1783753980000,184590930.6896,228412971.4118,-0.1061,413003902
2026-07-11 17:14,2026-07-11T07:14:00.000Z,1783754040000,179813997.7455,205370612.9941,-0.0663,385184611
2026-07-11 17:15,2026-07-11T07:15:00.000Z,1783754100000,181639178.6075,193561558.9061,-0.0318,375200738
2026-07-11 17:16,2026-07-11T07:16:00.000Z,1783754160000,182036342.4212,193331501.2856,-0.0301,375367844
2026-07-11 17:17,2026-07-11T07:17:00.000Z,1783754220000,185298710.3433,190617250.9933,-0.0141,375915961
2026-07-11 17:18,2026-07-11T07:18:00.000Z,1783754280000,186560614.7358,189604292.1518,-0.0081,376164907
2026-07-11 17:19,2026-07-11T07:19:00.000Z,1783754340000,183335277.0519,192883886.1921,-0.0254,376219163
2026-07-11 17:20,2026-07-11T07:20:00.000Z,1783754400000,181936505.2674,193676147.4685,-0.0313,375612653
2026-07-11 17:21,2026-07-11T07:21:00.000Z,1783754460000,181020724.1537,194879064.1657,-0.0369,375899788
2026-07-11 17:22,2026-07-11T07:22:00.000Z,1783754520000,184513727.6504,192507325.9128,-0.0212,377021054
2026-07-11 17:23,2026-07-11T07:23:00.000Z,1783754580000,181889910.2636,194270511.9627,-0.0329,376160422
2026-07-11 17:24,2026-07-11T07:24:00.000Z,1783754640000,181217287.0453,193205528.5152,-0.0320,374422816
2026-07-11 17:25,2026-07-11T07:25:00.000Z,1783754700000,174106484.0209,187735458.1792,-0.0377,361841942
2026-07-11 17:26,2026-07-11T07:26:00.000Z,1783754760000,173048684.0329,191493319.4268,-0.0506,364542003
2026-07-11 17:27,2026-07-11T07:27:00.000Z,1783754820000,176293230.1706,197742971.4668,-0.0573,374036202
2026-07-11 17:28,2026-07-11T07:28:00.000Z,1783754880000,175857478.4495,197725232.2744,-0.0585,373582711
2026-07-11 17:29,2026-07-11T07:29:00.000Z,1783754940000,172008416.8434,205587180.6583,-0.0889,377595598
2026-07-11 17:30,2026-07-11T07:30:00.000Z,1783755000000,180415646.1076,194078063.3161,-0.0365,374493709
2026-07-11 17:31,2026-07-11T07:31:00.000Z,1783755060000,178232471.8886,197817518.9934,-0.0521,376049991
2026-07-11 17:32,2026-07-11T07:32:00.000Z,1783755120000,177577447.5777,197687320.8155,-0.0536,375264768
2026-07-11 17:33,2026-07-11T07:33:00.000Z,1783755180000,175857146.6142,195200854.2028,-0.0521,371058001
2026-07-11 17:34,2026-07-11T07:34:00.000Z,1783755240000,181129094.4223,194007272.8104,-0.0343,375136367
2026-07-11 17:35,2026-07-11T07:35:00.000Z,1783755300000,184998195.5369,189056300.8571,-0.0108,374054496
2026-07-11 17:36,2026-07-11T07:36:00.000Z,1783755360000,184237931.3119,190252887.9058,-0.0161,374490819
2026-07-11 17:37,2026-07-11T07:37:00.000Z,1783755420000,177487332.3486,192604139.9509,-0.0408,370091472
2026-07-11 17:38,2026-07-11T07:38:00.000Z,1783755480000,183425257.4631,191581526.077,-0.0217,375006784
2026-07-11 17:39,2026-07-11T07:39:00.000Z,1783755540000,181690246.2672,194676045.2945,-0.0345,376366292
2026-07-11 17:40,2026-07-11T07:40:00.000Z,1783755600000,181822382.1722,195254854.3501,-0.0356,377077237
2026-07-11 17:41,2026-07-11T07:41:00.000Z,1783755660000,180863125.3408,198280556.0791,-0.0459,379143681
2026-07-11 17:42,2026-07-11T07:42:00.000Z,1783755720000,178101527.4668,199527080.5435,-0.0567,377628608
2026-07-11 17:43,2026-07-11T07:43:00.000Z,1783755780000,181535728.2694,192198713.0594,-0.0285,373734441
2026-07-11 17:44,2026-07-11T07:44:00.000Z,1783755840000,183384722.7591,190924057.4868,-0.0201,374308780
2026-07-11 17:45,2026-07-11T07:45:00.000Z,1783755900000,182538632.8197,190611520.8613,-0.0216,373150154
2026-07-11 17:46,2026-07-11T07:46:00.000Z,1783755960000,184730297.0528,190730232.5787,-0.0160,375460530
2026-07-11 17:47,2026-07-11T07:47:00.000Z,1783756020000,184166282.411,190658335.2931,-0.0173,374824618
2026-07-11 17:48,2026-07-11T07:48:00.000Z,1783756080000,180748212.8182,182958120.2251,-0.0061,363706333
2026-07-11 17:49,2026-07-11T07:49:00.000Z,1783756140000,185269222.4665,192814447.4334,-0.0200,378083670
2026-07-11 17:50,2026-07-11T07:50:00.000Z,1783756200000,185160158.0375,190714050.7624,-0.0148,375874209
2026-07-11 17:51,2026-07-11T07:51:00.000Z,1783756260000,178642195.7875,183674230.0225,-0.0139,362316426
2026-07-11 17:52,2026-07-11T07:52:00.000Z,1783756320000,175269198.9735,184372918.0168,-0.0253,359642117
2026-07-11 17:53,2026-07-11T07:53:00.000Z,1783756380000,175282463.0637,186282546.9595,-0.0304,361565010
2026-07-11 17:54,2026-07-11T07:54:00.000Z,1783756440000,182057072.4202,193703381.1034,-0.0310,375760454
2026-07-11 17:55,2026-07-11T07:55:00.000Z,1783756500000,188096613.1999,187321455.9655,0.0021,375418069
2026-07-11 17:56,2026-07-11T07:56:00.000Z,1783756560000,187593990.4477,185628253.3932,0.0053,373222244
2026-07-11 17:57,2026-07-11T07:57:00.000Z,1783756620000,185753702.846,186901721.6988,-0.0031,372655425
2026-07-11 17:58,2026-07-11T07:58:00.000Z,1783756680000,184903812.9628,187865596.1473,-0.0079,372769409
2026-07-11 17:59,2026-07-11T07:59:00.000Z,1783756740000,177502175.0601,180212122.742,-0.0076,357714298
2026-07-11 18:00,2026-07-11T08:00:00.000Z,1783756800000,174867106.2902,183904799.4746,-0.0252,358771906
2026-07-11 18:01,2026-07-11T08:01:00.000Z,1783756860000,176284590.4204,188807774.2682,-0.0343,365092365
2026-07-11 18:02,2026-07-11T08:02:00.000Z,1783756920000,180416216.6373,190243042.975,-0.0265,370659260
2026-07-11 18:03,2026-07-11T08:03:00.000Z,1783756980000,180990698.4068,187958595.4056,-0.0189,368949294
2026-07-11 18:04,2026-07-11T08:04:00.000Z,1783757040000,172208923.9005,180603430.7549,-0.0238,352812355
2026-07-11 18:05,2026-07-11T08:05:00.000Z,1783757100000,183245784.4819,185005839.7703,-0.0048,368251624
2026-07-11 18:06,2026-07-11T08:06:00.000Z,1783757160000,178778430.0845,187418096.4846,-0.0236,366196527
2026-07-11 18:07,2026-07-11T08:07:00.000Z,1783757220000,185517561.915,184249553.8263,0.0034,369767116
2026-07-11 18:08,2026-07-11T08:08:00.000Z,1783757280000,182889991.0452,184901719.7929,-0.0055,367791711
2026-07-11 18:09,2026-07-11T08:09:00.000Z,1783757340000,179482795.0024,188074807.4915,-0.0234,367557602
2026-07-11 18:10,2026-07-11T08:10:00.000Z,1783757400000,178925522.4105,188308653.4493,-0.0256,367234176
2026-07-11 18:11,2026-07-11T08:11:00.000Z,1783757460000,167298026.8663,190371126.3355,-0.0645,357669153
2026-07-11 18:12,2026-07-11T08:12:00.000Z,1783757520000,175579840.1307,204883344.5273,-0.0770,380463185
2026-07-11 18:13,2026-07-11T08:13:00.000Z,1783757580000,176469898.884,196695483.3846,-0.0542,373165382
2026-07-11 18:14,2026-07-11T08:14:00.000Z,1783757640000,173468726.614,203117007.9783,-0.0787,376585735
2026-07-11 18:15,2026-07-11T08:15:00.000Z,1783757700000,175316613.5501,194526246.5215,-0.0519,369842860
2026-07-11 18:16,2026-07-11T08:16:00.000Z,1783757760000,173720402.5863,194396177.3867,-0.0562,368116580
2026-07-11 18:17,2026-07-11T08:17:00.000Z,1783757820000,180237562.5543,193778323.8425,-0.0362,374015886
2026-07-11 18:18,2026-07-11T08:18:00.000Z,1783757880000,172799277.9048,187676183.9632,-0.0413,360475462
2026-07-11 18:19,2026-07-11T08:19:00.000Z,1783757940000,173100563.0112,186939659.9957,-0.0384,360040223
2026-07-11 18:20,2026-07-11T08:20:00.000Z,1783758000000,177471761.5693,195532970.4273,-0.0484,373004732
2026-07-11 18:21,2026-07-11T08:21:00.000Z,1783758060000,175336749.5465,197614361.0764,-0.0597,372951111
2026-07-11 18:22,2026-07-11T08:22:00.000Z,1783758120000,178260749.1427,195143642.4808,-0.0452,373404392
2026-07-11 18:23,2026-07-11T08:23:00.000Z,1783758180000,177607794.1027,195159731.0637,-0.0471,372767525
2026-07-11 18:24,2026-07-11T08:24:00.000Z,1783758240000,177898783.6468,195843215.4606,-0.0480,373741999
2026-07-11 18:25,2026-07-11T08:25:00.000Z,1783758300000,175879071.6961,197598750.422,-0.0582,373477822
2026-07-11 18:26,2026-07-11T08:26:00.000Z,1783758360000,175347281.9769,197188254.9099,-0.0586,372535537
2026-07-11 18:27,2026-07-11T08:27:00.000Z,1783758420000,170783336.9155,188492503.5235,-0.0493,359275840
2026-07-11 18:28,2026-07-11T08:28:00.000Z,1783758480000,178199591.4229,193621784.9092,-0.0415,371821376
2026-07-11 18:29,2026-07-11T08:29:00.000Z,1783758540000,167754165.1976,190480070.042,-0.0634,358234235
2026-07-11 18:30,2026-07-11T08:30:00.000Z,1783758600000,171944468.1467,187076656.1592,-0.0421,359021124
2026-07-11 18:31,2026-07-11T08:31:00.000Z,1783758660000,176837162.5129,194906665.1581,-0.0486,371743828
2026-07-11 18:32,2026-07-11T08:32:00.000Z,1783758720000,180008256.2366,193118687.9716,-0.0351,373126944
2026-07-11 18:33,2026-07-11T08:33:00.000Z,1783758780000,172342773.6356,187600445.9808,-0.0424,359943220
2026-07-11 18:34,2026-07-11T08:34:00.000Z,1783758840000,177551358.1447,195239120.0105,-0.0474,372790478
2026-07-11 18:35,2026-07-11T08:35:00.000Z,1783758900000,177403160.9672,194784135.8817,-0.0467,372187297
2026-07-11 18:36,2026-07-11T08:36:00.000Z,1783758960000,170820853.28,202693660.7203,-0.0853,373514514
2026-07-11 18:37,2026-07-11T08:37:00.000Z,1783759020000,171163263.5337,203213654.7713,-0.0856,374376918
2026-07-11 18:38,2026-07-11T08:38:00.000Z,1783759080000,164755181.3642,195487824.7925,-0.0853,360243006
2026-07-11 18:39,2026-07-11T08:39:00.000Z,1783759140000,170554183.4378,201502361.1336,-0.0832,372056545
2026-07-11 18:40,2026-07-11T08:40:00.000Z,1783759200000,167976538.1845,202280203.4281,-0.0926,370256742
2026-07-11 18:41,2026-07-11T08:41:00.000Z,1783759260000,165008168.8602,205285347.2728,-0.1088,370293516
2026-07-11 18:42,2026-07-11T08:42:00.000Z,1783759320000,167997186.4099,203486469.935,-0.0955,371483656
2026-07-11 18:43,2026-07-11T08:43:00.000Z,1783759380000,172960435.6557,193523653.1275,-0.0561,366484089
2026-07-11 18:44,2026-07-11T08:44:00.000Z,1783759440000,168084290.6586,201886109.7114,-0.0914,369970400
2026-07-11 18:45,2026-07-11T08:45:00.000Z,1783759500000,169443418.0725,195433519.9215,-0.0712,364876938
2026-07-11 18:46,2026-07-11T08:46:00.000Z,1783759560000,169460074.8272,198532633.8698,-0.0790,367992709
2026-07-11 18:47,2026-07-11T08:47:00.000Z,1783759620000,177206627.4962,199312179.7587,-0.0587,376518807
2026-07-11 18:48,2026-07-11T08:48:00.000Z,1783759680000,171567451.458,195116513.4988,-0.0642,366683965
2026-07-11 18:49,2026-07-11T08:49:00.000Z,1783759740000,179094545.4165,191184237.1596,-0.0327,370278783
2026-07-11 18:50,2026-07-11T08:50:00.000Z,1783759800000,181770480.8747,186234302.6559,-0.0121,368004784
2026-07-11 18:51,2026-07-11T08:51:00.000Z,1783759860000,179443399.665,183729532.9259,-0.0118,363172933
2026-07-11 18:52,2026-07-11T08:52:00.000Z,1783759920000,179389023.4233,183908391.3186,-0.0124,363297415
2026-07-11 18:53,2026-07-11T08:53:00.000Z,1783759980000,179900329.7503,183774243.407,-0.0107,363674573
2026-07-11 18:54,2026-07-11T08:54:00.000Z,1783760040000,178870003.7244,184755906.9616,-0.0162,363625911
2026-07-11 18:55,2026-07-11T08:55:00.000Z,1783760100000,178137290.6105,188642371.4344,-0.0286,366779662
2026-07-11 18:56,2026-07-11T08:56:00.000Z,1783760160000,178586413.3924,188533127.8043,-0.0271,367119541
2026-07-11 18:57,2026-07-11T08:57:00.000Z,1783760220000,170180929.0232,184283095.5628,-0.0398,354464025
2026-07-11 18:58,2026-07-11T08:58:00.000Z,1783760280000,170281470.3972,182377681.9529,-0.0343,352659152
2026-07-11 18:59,2026-07-11T08:59:00.000Z,1783760340000,176675039.6143,188824649.7179,-0.0332,365499689
2026-07-11 19:00,2026-07-11T09:00:00.000Z,1783760400000,173411219.0989,186599778.0578,-0.0366,360010997
2026-07-11 19:01,2026-07-11T09:01:00.000Z,1783760460000,176659201.6801,189894070.7996,-0.0361,366553272
2026-07-11 19:02,2026-07-11T09:02:00.000Z,1783760520000,177062427.4777,190414840.8346,-0.0363,367477268
2026-07-11 19:03,2026-07-11T09:03:00.000Z,1783760580000,172744705.7443,199202138.0778,-0.0711,371946844
2026-07-11 19:04,2026-07-11T09:04:00.000Z,1783760640000,173589863.6508,199728591.0619,-0.0700,373318455
2026-07-11 19:05,2026-07-11T09:05:00.000Z,1783760700000,173906170.6313,199091677.7437,-0.0675,372997848
2026-07-11 19:06,2026-07-11T09:06:00.000Z,1783760760000,173827699.5123,197067373.9573,-0.0627,370895073
2026-07-11 19:07,2026-07-11T09:07:00.000Z,1783760820000,176484751.6303,195260642.2993,-0.0505,371745394
2026-07-11 19:08,2026-07-11T09:08:00.000Z,1783760880000,180993494.844,187730568.1732,-0.0183,368724063
2026-07-11 19:09,2026-07-11T09:09:00.000Z,1783760940000,182023556.2241,186614599.2418,-0.0125,368638155
2026-07-11 19:10,2026-07-11T09:10:00.000Z,1783761000000,180006225.1329,188196216.0285,-0.0222,368202441
2026-07-11 19:11,2026-07-11T09:11:00.000Z,1783761060000,178846279.7997,187448170.1197,-0.0235,366294450
2026-07-11 19:12,2026-07-11T09:12:00.000Z,1783761120000,183350381.9053,181466545.8422,0.0052,364816928
2026-07-11 19:13,2026-07-11T09:13:00.000Z,1783761180000,181112218.8139,181297015.1293,-0.0005,362409234
2026-07-11 19:14,2026-07-11T09:14:00.000Z,1783761240000,183944400.8627,179064714.5324,0.0134,363009115
2026-07-11 19:15,2026-07-11T09:15:00.000Z,1783761300000,176566883.1824,171040496.2586,0.0159,347607379
2026-07-11 19:16,2026-07-11T09:16:00.000Z,1783761360000,180253398.6892,185096114.4332,-0.0133,365349513
2026-07-11 19:17,2026-07-11T09:17:00.000Z,1783761420000,179997049.2338,185784070.271,-0.0158,365781120
2026-07-11 19:18,2026-07-11T09:18:00.000Z,1783761480000,172867105.9142,179056252.8448,-0.0176,351923359
2026-07-11 19:19,2026-07-11T09:19:00.000Z,1783761540000,178209027.382,185497986.6,-0.0200,363707014
2026-07-11 19:20,2026-07-11T09:20:00.000Z,1783761600000,182653230.6247,181388392.8909,0.0035,364041624
2026-07-11 19:21,2026-07-11T09:21:00.000Z,1783761660000,183198352.5913,181968910.0449,0.0034,365167263
2026-07-11 19:22,2026-07-11T09:22:00.000Z,1783761720000,183836534.171,182824089.7657,0.0028,366660624
2026-07-11 19:23,2026-07-11T09:23:00.000Z,1783761780000,182110492.7371,181987563.5719,0.0003,364098056
2026-07-11 19:24,2026-07-11T09:24:00.000Z,1783761840000,181851808.8615,175293280.5648,0.0184,357145089
2026-07-11 19:25,2026-07-11T09:25:00.000Z,1783761900000,178226091.8905,178469752.1379,-0.0007,356695844
2026-07-11 19:26,2026-07-11T09:26:00.000Z,1783761960000,178618635.2659,179730214.7924,-0.0031,358348850
2026-07-11 19:27,2026-07-11T09:27:00.000Z,1783762020000,172936114.3428,170018104.1173,0.0085,342954218
2026-07-11 19:28,2026-07-11T09:28:00.000Z,1783762080000,175630823.6403,173365162.9856,0.0065,348995987
2026-07-11 19:29,2026-07-11T09:29:00.000Z,1783762140000,175367560.2434,174868717.9664,0.0014,350236278
2026-07-11 19:30,2026-07-11T09:30:00.000Z,1783762200000,168291669.9927,171722521.9988,-0.0101,340014192
2026-07-11 19:31,2026-07-11T09:31:00.000Z,1783762260000,176937477.933,178361167.2939,-0.0040,355298645
2026-07-11 19:32,2026-07-11T09:32:00.000Z,1783762320000,176100859.3978,179044993.1344,-0.0083,355145853
2026-07-11 19:33,2026-07-11T09:33:00.000Z,1783762380000,183959398.0877,174871360.3481,0.0253,358830758
2026-07-11 19:34,2026-07-11T09:34:00.000Z,1783762440000,183707225.713,172454716.8538,0.0316,356161943
2026-07-11 19:35,2026-07-11T09:35:00.000Z,1783762500000,182548931.2138,173970100.1844,0.0241,356519031
2026-07-11 19:36,2026-07-11T09:36:00.000Z,1783762560000,181090725.7834,173462304.4266,0.0215,354553030
2026-07-11 19:37,2026-07-11T09:37:00.000Z,1783762620000,180511156.5497,177558759.7785,0.0082,358069916
2026-07-11 19:38,2026-07-11T09:38:00.000Z,1783762680000,174476240.1557,184077466.2978,-0.0268,358553706
2026-07-11 19:39,2026-07-11T09:39:00.000Z,1783762740000,173899101.0316,183754671.5704,-0.0276,357653773
2026-07-11 19:40,2026-07-11T09:40:00.000Z,1783762800000,170636599.5665,179134784.1996,-0.0243,349771384
2026-07-11 19:41,2026-07-11T09:41:00.000Z,1783762860000,164238227.4888,169088720.6218,-0.0146,333326948
2026-07-11 19:42,2026-07-11T09:42:00.000Z,1783762920000,166377938.2739,169123396.447,-0.0082,335501335
2026-07-11 19:43,2026-07-11T09:43:00.000Z,1783762980000,172261655.4288,174816382.1522,-0.0074,347078038
2026-07-11 19:44,2026-07-11T09:44:00.000Z,1783763040000,174004213.2462,176386844.3816,-0.0068,350391058
2026-07-11 19:45,2026-07-11T09:45:00.000Z,1783763100000,176814988.5248,173622152.1882,0.0091,350437141
2026-07-11 19:46,2026-07-11T09:46:00.000Z,1783763160000,177856076.0363,171032386.9002,0.0196,348888463
2026-07-11 19:47,2026-07-11T09:47:00.000Z,1783763220000,181957155.7669,173868622.7,0.0227,355825778
2026-07-11 19:48,2026-07-11T09:48:00.000Z,1783763280000,179728851.1652,174454312.1538,0.0149,354183163
2026-07-11 19:49,2026-07-11T09:49:00.000Z,1783763340000,172869266.4824,178710680.8424,-0.0166,351579947
2026-07-11 19:50,2026-07-11T09:50:00.000Z,1783763400000,180886609.2659,185480479.1622,-0.0125,366367088
2026-07-11 19:51,2026-07-11T09:51:00.000Z,1783763460000,177968497.702,188889751.659,-0.0298,366858249
2026-07-11 19:52,2026-07-11T09:52:00.000Z,1783763520000,180221277.5041,185698766.1305,-0.0150,365920044
2026-07-11 19:53,2026-07-11T09:53:00.000Z,1783763580000,184137453.194,179050480.5455,0.0140,363187934
2026-07-11 19:54,2026-07-11T09:54:00.000Z,1783763640000,181249049.1257,184178761.6479,-0.0080,365427811
2026-07-11 19:55,2026-07-11T09:55:00.000Z,1783763700000,176391090.5858,170975289.562,0.0156,347366380
2026-07-11 19:56,2026-07-11T09:56:00.000Z,1783763760000,182993909.9349,179198078.9124,0.0105,362191989
2026-07-11 19:57,2026-07-11T09:57:00.000Z,1783763820000,183028567.1056,179342831.6505,0.0102,362371399
2026-07-11 19:58,2026-07-11T09:58:00.000Z,1783763880000,185677372.8829,180151489.6897,0.0151,365828863
2026-07-11 19:59,2026-07-11T09:59:00.000Z,1783763940000,186597438.9651,180330726.4397,0.0171,366928165
2026-07-11 20:00,2026-07-11T10:00:00.000Z,1783764000000,184052637.8552,175650636.8047,0.0234,359703275
2026-07-11 20:01,2026-07-11T10:01:00.000Z,1783764060000,184095257.2948,181025255.2938,0.0084,365120513
2026-07-11 20:02,2026-07-11T10:02:00.000Z,1783764120000,185729837.5005,181959966.9042,0.0103,367689804
2026-07-11 20:03,2026-07-11T10:03:00.000Z,1783764180000,184497749.4631,181982624.8093,0.0069,366480374
2026-07-11 20:04,2026-07-11T10:04:00.000Z,1783764240000,179055598.4041,185166474.2724,-0.0168,364222073
2026-07-11 20:05,2026-07-11T10:05:00.000Z,1783764300000,176856118.5044,176247987.7042,0.0017,353104106
2026-07-11 20:06,2026-07-11T10:06:00.000Z,1783764360000,179863288.6001,184413478.5016,-0.0125,364276767
2026-07-11 20:07,2026-07-11T10:07:00.000Z,1783764420000,185887311.9447,182804242.7162,0.0084,368691555
2026-07-11 20:08,2026-07-11T10:08:00.000Z,1783764480000,187682519.2455,181630081.1822,0.0164,369312600
2026-07-11 20:09,2026-07-11T10:09:00.000Z,1783764540000,186482788.6544,182109100.3165,0.0119,368591889
2026-07-11 20:10,2026-07-11T10:10:00.000Z,1783764600000,184209586.3039,183625949.2984,0.0016,367835536
2026-07-11 20:11,2026-07-11T10:11:00.000Z,1783764660000,178279780.0449,175856342.4549,0.0068,354136122
2026-07-11 20:12,2026-07-11T10:12:00.000Z,1783764720000,182795047.9724,183021312.6426,-0.0006,365816361
2026-07-11 20:13,2026-07-11T10:13:00.000Z,1783764780000,179742294.0305,185312851.866,-0.0153,365055146
2026-07-11 20:14,2026-07-11T10:14:00.000Z,1783764840000,178591608.4145,184571851.3042,-0.0165,363163460
2026-07-11 20:15,2026-07-11T10:15:00.000Z,1783764900000,179143055.3038,186916816.1729,-0.0212,366059871
2026-07-11 20:16,2026-07-11T10:16:00.000Z,1783764960000,180803449.5929,173930472.0536,0.0194,354733922
2026-07-11 20:17,2026-07-11T10:17:00.000Z,1783765020000,181476682.754,173827891.6164,0.0215,355304574
2026-07-11 20:18,2026-07-11T10:18:00.000Z,1783765080000,185655685.7545,180333025.7642,0.0145,365988712
2026-07-11 20:19,2026-07-11T10:19:00.000Z,1783765140000,185397334.4952,180752462.0628,0.0127,366149797
2026-07-11 20:20,2026-07-11T10:20:00.000Z,1783765200000,187225998.4141,179321659.2303,0.0216,366547658
2026-07-11 20:21,2026-07-11T10:21:00.000Z,1783765260000,180491302.5519,178322834.6,0.0060,358814137
2026-07-11 20:22,2026-07-11T10:22:00.000Z,1783765320000,183468192.9264,182889055.1861,0.0016,366357248
2026-07-11 20:23,2026-07-11T10:23:00.000Z,1783765380000,179158776.9742,182510546.5039,-0.0093,361669323
2026-07-11 20:24,2026-07-11T10:24:00.000Z,1783765440000,179434076.7536,183595221.4525,-0.0115,363029298
2026-07-11 20:25,2026-07-11T10:25:00.000Z,1783765500000,174151932.4971,181562743.8161,-0.0208,355714676
2026-07-11 20:26,2026-07-11T10:26:00.000Z,1783765560000,177788060.6071,183674684.4365,-0.0163,361462745
2026-07-11 20:27,2026-07-11T10:27:00.000Z,1783765620000,178567910.9497,175045369.6677,0.0100,353613281
2026-07-11 20:28,2026-07-11T10:28:00.000Z,1783765680000,187335697.0712,188689883.3487,-0.0036,376025580
2026-07-11 20:29,2026-07-11T10:29:00.000Z,1783765740000,186256648.4889,190264883.5167,-0.0106,376521532
2026-07-11 20:30,2026-07-11T10:30:00.000Z,1783765800000,186056425.3027,190159954.5519,-0.0109,376216380
2026-07-11 20:31,2026-07-11T10:31:00.000Z,1783765860000,179916133.5807,180148291.5129,-0.0006,360064425
2026-07-11 20:32,2026-07-11T10:32:00.000Z,1783765920000,187699603.5605,185986392.1487,0.0046,373685996
2026-07-11 20:33,2026-07-11T10:33:00.000Z,1783765980000,181029942.0414,180402419.9046,0.0017,361432362
2026-07-11 20:34,2026-07-11T10:34:00.000Z,1783766040000,184942109.0962,187987940.6381,-0.0082,372930050
2026-07-11 20:35,2026-07-11T10:35:00.000Z,1783766100000,176089452.5494,185221340.2335,-0.0253,361310793
2026-07-11 20:36,2026-07-11T10:36:00.000Z,1783766160000,184967244.243,186257535.7326,-0.0035,371224780
2026-07-11 20:37,2026-07-11T10:37:00.000Z,1783766220000,180658252.1944,188397971.8112,-0.0210,369056224
2026-07-11 20:38,2026-07-11T10:38:00.000Z,1783766280000,180807962.7105,187614419.028,-0.0185,368422382
2026-07-11 20:39,2026-07-11T10:39:00.000Z,1783766340000,178608065.9302,174562357.4429,0.0115,353170423
2026-07-11 20:40,2026-07-11T10:40:00.000Z,1783766400000,175353888.663,175134145.4349,0.0006,350488034
2026-07-11 20:41,2026-07-11T10:41:00.000Z,1783766460000,175016274.9144,174836180.765,0.0005,349852456
2026-07-11 20:42,2026-07-11T10:42:00.000Z,1783766520000,172915485.0661,176524636.3193,-0.0103,349440121
2026-07-11 20:43,2026-07-11T10:43:00.000Z,1783766580000,187864398.977,188765331.1572,-0.0024,376629730
2026-07-11 20:44,2026-07-11T10:44:00.000Z,1783766640000,184004491.2399,188986172.2666,-0.0134,372990664
2026-07-11 20:45,2026-07-11T10:45:00.000Z,1783766700000,189220142.3034,186954087.396,0.0060,376174230
2026-07-11 20:46,2026-07-11T10:46:00.000Z,1783766760000,188314642.7739,187037124.3051,0.0034,375351767
2026-07-11 20:47,2026-07-11T10:47:00.000Z,1783766820000,187665925.6141,192316718.7201,-0.0122,379982644
2026-07-11 20:48,2026-07-11T10:48:00.000Z,1783766880000,189325940.6416,191520897.6687,-0.0058,380846838
2026-07-11 20:49,2026-07-11T10:49:00.000Z,1783766940000,189715098.7349,191295127.3827,-0.0041,381010226
2026-07-11 20:50,2026-07-11T10:50:00.000Z,1783767000000,191030999.1018,187237575.4724,0.0100,378268575
2026-07-11 20:51,2026-07-11T10:51:00.000Z,1783767060000,185900053.534,185539061.0023,0.0010,371439115
2026-07-11 20:52,2026-07-11T10:52:00.000Z,1783767120000,179525681.0449,184081866.1437,-0.0125,363607547
2026-07-11 20:53,2026-07-11T10:53:00.000Z,1783767180000,184325194.7156,182143132.3836,0.0060,366468327
2026-07-11 20:54,2026-07-11T10:54:00.000Z,1783767240000,185212874.8875,180056839.1167,0.0141,365269714
2026-07-11 20:55,2026-07-11T10:55:00.000Z,1783767300000,191305884.3715,186518518.4685,0.0127,377824403
2026-07-11 20:56,2026-07-11T10:56:00.000Z,1783767360000,182004702.4792,178516467.8512,0.0097,360521170
2026-07-11 20:57,2026-07-11T10:57:00.000Z,1783767420000,186624915.6524,186876030.7023,-0.0007,373500946
2026-07-11 20:58,2026-07-11T10:58:00.000Z,1783767480000,188414881.0037,187767734.3318,0.0017,376182615
2026-07-11 20:59,2026-07-11T10:59:00.000Z,1783767540000,185485939.5386,180005005.826,0.0150,365490945
2026-07-11 21:00,2026-07-11T11:00:00.000Z,1783767600000,186857154.9272,183451496.4023,0.0092,370308651
2026-07-11 21:01,2026-07-11T11:01:00.000Z,1783767660000,186346790.7854,186600508.8311,-0.0007,372947300
2026-07-11 21:02,2026-07-11T11:02:00.000Z,1783767720000,187545501.87,182154751.2605,0.0146,369700253
2026-07-11 21:03,2026-07-11T11:03:00.000Z,1783767780000,185813922.0515,181616528.4322,0.0114,367430450
2026-07-11 21:04,2026-07-11T11:04:00.000Z,1783767840000,181663104.6827,185607078.1355,-0.0107,367270183
2026-07-11 21:05,2026-07-11T11:05:00.000Z,1783767900000,181591655.8539,184592190.7621,-0.0082,366183847
2026-07-11 21:06,2026-07-11T11:06:00.000Z,1783767960000,176731653.697,185845469.2025,-0.0251,362577123
2026-07-11 21:07,2026-07-11T11:07:00.000Z,1783768020000,176825318.9681,191328294.1604,-0.0394,368153613
2026-07-11 21:08,2026-07-11T11:08:00.000Z,1783768080000,169715691.2685,186769012.889,-0.0478,356484704
2026-07-11 21:09,2026-07-11T11:09:00.000Z,1783768140000,177820654.3489,186893375.4236,-0.0249,364714030
2026-07-11 21:10,2026-07-11T11:10:00.000Z,1783768200000,169768220.7446,167895559.2218,0.0055,337663780
2026-07-11 21:11,2026-07-11T11:11:00.000Z,1783768260000,176226649.0383,174690330.5959,0.0044,350916980
2026-07-11 21:12,2026-07-11T11:12:00.000Z,1783768320000,178929959.3541,172841756.4882,0.0173,351771716
2026-07-11 21:13,2026-07-11T11:13:00.000Z,1783768380000,175973868.0443,175441744.597,0.0015,351415613
2026-07-11 21:14,2026-07-11T11:14:00.000Z,1783768440000,177321956.7363,172603060.9741,0.0135,349925018
2026-07-11 21:15,2026-07-11T11:15:00.000Z,1783768500000,174154639.2443,178304999.0921,-0.0118,352459638
2026-07-11 21:16,2026-07-11T11:16:00.000Z,1783768560000,172876881.6459,165507617.7172,0.0218,338384499
2026-07-11 21:17,2026-07-11T11:17:00.000Z,1783768620000,179103504.2828,170659259.8307,0.0241,349762764
2026-07-11 21:18,2026-07-11T11:18:00.000Z,1783768680000,180487059.4354,167213515.4216,0.0382,347700575
2026-07-11 21:19,2026-07-11T11:19:00.000Z,1783768740000,178769680.6228,171441047.6354,0.0209,350210728
2026-07-11 21:20,2026-07-11T11:20:00.000Z,1783768800000,176801714.0345,172346023.3098,0.0128,349147737
2026-07-11 21:21,2026-07-11T11:21:00.000Z,1783768860000,177954707.777,180909613.5531,-0.0082,358864321
2026-07-11 21:22,2026-07-11T11:22:00.000Z,1783768920000,177424798.7666,180867361.7182,-0.0096,358292160
2026-07-11 21:23,2026-07-11T11:23:00.000Z,1783768980000,177447010.1406,180645530.1027,-0.0089,358092540
2026-07-11 21:24,2026-07-11T11:24:00.000Z,1783769040000,179582795.6982,181068302.8308,-0.0041,360651099
2026-07-11 21:25,2026-07-11T11:25:00.000Z,1783769100000,178671574.3615,181986817.8242,-0.0092,360658392
2026-07-11 21:26,2026-07-11T11:26:00.000Z,1783769160000,175251555.0283,187953001.049,-0.0350,363204556
2026-07-11 21:27,2026-07-11T11:27:00.000Z,1783769220000,175200440.4582,187069431.4109,-0.0328,362269872
2026-07-11 21:28,2026-07-11T11:28:00.000Z,1783769280000,177203308.496,186576467.5429,-0.0258,363779776
2026-07-11 21:29,2026-07-11T11:29:00.000Z,1783769340000,172970001.079,180973214.9524,-0.0226,353943216
2026-07-11 21:30,2026-07-11T11:30:00.000Z,1783769400000,175244779.0506,187844485.4586,-0.0347,363089265
2026-07-11 21:31,2026-07-11T11:31:00.000Z,1783769460000,176304873.2269,188266379.2083,-0.0328,364571252
2026-07-11 21:32,2026-07-11T11:32:00.000Z,1783769520000,175925489.2564,184286612.5928,-0.0232,360212102
2026-07-11 21:33,2026-07-11T11:33:00.000Z,1783769580000,166637870.7071,182369504.0787,-0.0451,349007375
2026-07-11 21:34,2026-07-11T11:34:00.000Z,1783769640000,173436292.7325,184596337.5284,-0.0312,358032630
2026-07-11 21:35,2026-07-11T11:35:00.000Z,1783769700000,169311425.5914,180506684.9718,-0.0320,349818111
2026-07-11 21:36,2026-07-11T11:36:00.000Z,1783769760000,174621924.3151,191693541.7433,-0.0466,366315466
2026-07-11 21:37,2026-07-11T11:37:00.000Z,1783769820000,175320904.2112,189298482.8866,-0.0383,364619387
2026-07-11 21:38,2026-07-11T11:38:00.000Z,1783769880000,177692286.2863,188033697.0801,-0.0283,365725983
2026-07-11 21:39,2026-07-11T11:39:00.000Z,1783769940000,176829655.0035,187965669.3834,-0.0305,364795324
2026-07-11 21:40,2026-07-11T11:40:00.000Z,1783770000000,181135013.0793,183710307.2091,-0.0071,364845320
2026-07-11 21:41,2026-07-11T11:41:00.000Z,1783770060000,179159070.2648,187569632.6358,-0.0229,366728703
2026-07-11 21:42,2026-07-11T11:42:00.000Z,1783770120000,180117834.5508,186119173.1417,-0.0164,366237008
2026-07-11 21:43,2026-07-11T11:43:00.000Z,1783770180000,179578322.6875,189391301.0831,-0.0266,368969624
2026-07-11 21:44,2026-07-11T11:44:00.000Z,1783770240000,179129667.2564,189618260.045,-0.0284,368747927
2026-07-11 21:45,2026-07-11T11:45:00.000Z,1783770300000,180863572.4415,191727548.1112,-0.0292,372591121
2026-07-11 21:46,2026-07-11T11:46:00.000Z,1783770360000,183178580.8486,189191443.8862,-0.0161,372370025
2026-07-11 21:47,2026-07-11T11:47:00.000Z,1783770420000,181577115.1311,188598878.0257,-0.0190,370175993
2026-07-11 21:48,2026-07-11T11:48:00.000Z,1783770480000,180307438.8691,189583047.3309,-0.0251,369890486
2026-07-11 21:49,2026-07-11T11:49:00.000Z,1783770540000,180021410.0111,191198953.8137,-0.0301,371220364
2026-07-11 21:50,2026-07-11T11:50:00.000Z,1783770600000,179369794.0227,191710498.5412,-0.0333,371080293
2026-07-11 21:51,2026-07-11T11:51:00.000Z,1783770660000,182887702.8317,186476851.665,-0.0097,369364554
2026-07-11 21:52,2026-07-11T11:52:00.000Z,1783770720000,183054330.2855,187980195.5765,-0.0133,371034526
2026-07-11 21:53,2026-07-11T11:53:00.000Z,1783770780000,180134944.3086,190171900.8723,-0.0271,370306845
2026-07-11 21:54,2026-07-11T11:54:00.000Z,1783770840000,181523782.1038,185523787.7417,-0.0109,367047570
2026-07-11 21:55,2026-07-11T11:55:00.000Z,1783770900000,181064335.2928,186673024.5414,-0.0153,367737360
2026-07-11 21:56,2026-07-11T11:56:00.000Z,1783770960000,182246538.0265,188514838.0381,-0.0169,370761376
2026-07-11 21:57,2026-07-11T11:57:00.000Z,1783771020000,179604427.8465,189873090.7802,-0.0278,369477519
2026-07-11 21:58,2026-07-11T11:58:00.000Z,1783771080000,178173625.7907,194512578.8236,-0.0438,372686205
2026-07-11 21:59,2026-07-11T11:59:00.000Z,1783771140000,178752627.5509,192340542.2734,-0.0366,371093170
2026-07-11 22:00,2026-07-11T12:00:00.000Z,1783771200000,176605149.1654,188590856.0765,-0.0328,365196005
2026-07-11 22:01,2026-07-11T12:01:00.000Z,1783771260000,177622325.5688,191198710.7619,-0.0368,368821036
2026-07-11 22:02,2026-07-11T12:02:00.000Z,1783771320000,176893287.3078,191897752.6345,-0.0407,368791040
2026-07-11 22:03,2026-07-11T12:03:00.000Z,1783771380000,176756228.2151,196280308.7814,-0.0523,373036537
2026-07-11 22:04,2026-07-11T12:04:00.000Z,1783771440000,180010375.7905,192367953.9257,-0.0332,372378330
2026-07-11 22:05,2026-07-11T12:05:00.000Z,1783771500000,169693435.4204,189073748.9606,-0.0540,358767184
2026-07-11 22:06,2026-07-11T12:06:00.000Z,1783771560000,179675861.8542,190549079.573,-0.0294,370224941
2026-07-11 22:07,2026-07-11T12:07:00.000Z,1783771620000,174849939.5826,181864215.6494,-0.0197,356714155
2026-07-11 22:08,2026-07-11T12:08:00.000Z,1783771680000,175313389.9236,180408335.8282,-0.0143,355721726
2026-07-11 22:09,2026-07-11T12:09:00.000Z,1783771740000,180253006.1234,186705912.9026,-0.0176,366958919
2026-07-11 22:10,2026-07-11T12:10:00.000Z,1783771800000,179463963.0603,189633966.5329,-0.0276,369097930
2026-07-11 22:11,2026-07-11T12:11:00.000Z,1783771860000,177875764.1775,190712001.0549,-0.0348,368587765
2026-07-11 22:12,2026-07-11T12:12:00.000Z,1783771920000,177494994.7018,190522624.0994,-0.0354,368017619
2026-07-11 22:13,2026-07-11T12:13:00.000Z,1783771980000,175712622.4098,187135598.1358,-0.0315,362848221
2026-07-11 22:14,2026-07-11T12:14:00.000Z,1783772040000,177922236.5713,184600954.4498,-0.0184,362523191
2026-07-11 22:15,2026-07-11T12:15:00.000Z,1783772100000,176970131.968,188661427.1725,-0.0320,365631559
2026-07-11 22:16,2026-07-11T12:16:00.000Z,1783772160000,175879829.8131,193328036.7619,-0.0473,369207867
2026-07-11 22:17,2026-07-11T12:17:00.000Z,1783772220000,174200804.0736,180112265.6627,-0.0167,354313070
2026-07-11 22:18,2026-07-11T12:18:00.000Z,1783772280000,174984259.379,177508102.9847,-0.0072,352492362
2026-07-11 22:19,2026-07-11T12:19:00.000Z,1783772340000,178251832.5858,181579873.1692,-0.0092,359831706
2026-07-11 22:20,2026-07-11T12:20:00.000Z,1783772400000,176115286.8429,174721265.4616,0.0040,350836552
2026-07-11 22:21,2026-07-11T12:21:00.000Z,1783772460000,183212293.5911,178322709.9302,0.0135,361535004
2026-07-11 22:22,2026-07-11T12:22:00.000Z,1783772520000,179936894.644,182610639.5921,-0.0074,362547534
2026-07-11 22:23,2026-07-11T12:23:00.000Z,1783772580000,179566543.7959,184482315.8017,-0.0135,364048860
2026-07-11 22:24,2026-07-11T12:24:00.000Z,1783772640000,179474516.4857,183321002.1199,-0.0106,362795519
2026-07-11 22:25,2026-07-11T12:25:00.000Z,1783772700000,172678423.7003,176204778.5603,-0.0101,348883202
2026-07-11 22:26,2026-07-11T12:26:00.000Z,1783772760000,178520589.682,185225970.1277,-0.0184,363746560
2026-07-11 22:27,2026-07-11T12:27:00.000Z,1783772820000,178798233.6462,184026103.3498,-0.0144,362824337
2026-07-11 22:28,2026-07-11T12:28:00.000Z,1783772880000,179807854.3286,184655868.7681,-0.0133,364463723
2026-07-11 22:29,2026-07-11T12:29:00.000Z,1783772940000,178564169.7814,186340415.3656,-0.0213,364904585
2026-07-11 22:30,2026-07-11T12:30:00.000Z,1783773000000,176163041.6036,185515691.7968,-0.0259,361678733
2026-07-11 22:31,2026-07-11T12:31:00.000Z,1783773060000,176354702.5982,187696639.3096,-0.0312,364051342
2026-07-11 22:32,2026-07-11T12:32:00.000Z,1783773120000,179571159.8611,186429678.8964,-0.0187,366000839
2026-07-11 22:33,2026-07-11T12:33:00.000Z,1783773180000,182086674.2431,182129457.4293,-0.0001,364216132
2026-07-11 22:34,2026-07-11T12:34:00.000Z,1783773240000,179724879.3726,183951323.0337,-0.0116,363676202
2026-07-11 22:35,2026-07-11T12:35:00.000Z,1783773300000,182072582.3169,181819127.13,0.0007,363891709
2026-07-11 22:36,2026-07-11T12:36:00.000Z,1783773360000,178103948.1454,182086653.9369,-0.0111,360190602
2026-07-11 22:37,2026-07-11T12:37:00.000Z,1783773420000,176061231.2231,183411082.1173,-0.0204,359472313
2026-07-11 22:38,2026-07-11T12:38:00.000Z,1783773480000,178239461.0024,182939280.7424,-0.0130,361178742
2026-07-11 22:39,2026-07-11T12:39:00.000Z,1783773540000,170832340.0392,175788205.506,-0.0143,346620546
2026-07-11 22:40,2026-07-11T12:40:00.000Z,1783773600000,182552973.5702,181711070.9097,0.0023,364264044
2026-07-11 22:41,2026-07-11T12:41:00.000Z,1783773660000,183481207.5311,179543923.8903,0.0108,363025131
2026-07-11 22:42,2026-07-11T12:42:00.000Z,1783773720000,181484926.4315,183209236.8502,-0.0047,364694163
2026-07-11 22:43,2026-07-11T12:43:00.000Z,1783773780000,180612830.1585,183614106.187,-0.0082,364226936
2026-07-11 22:44,2026-07-11T12:44:00.000Z,1783773840000,180521735.3159,186026693.4595,-0.0150,366548429
2026-07-11 22:45,2026-07-11T12:45:00.000Z,1783773900000,179465835.356,185992624.1644,-0.0179,365458460
2026-07-11 22:46,2026-07-11T12:46:00.000Z,1783773960000,180899728.3162,186415251.9466,-0.0150,367314980
2026-07-11 22:47,2026-07-11T12:47:00.000Z,1783774020000,179155267.5477,185505294.374,-0.0174,364660562
2026-07-11 22:48,2026-07-11T12:48:00.000Z,1783774080000,179247236.7329,185768167.0127,-0.0179,365015404
2026-07-11 22:49,2026-07-11T12:49:00.000Z,1783774140000,170775699.6649,180489124.6305,-0.0277,351264824
2026-07-11 22:50,2026-07-11T12:50:00.000Z,1783774200000,169617432.4504,185144447.9025,-0.0438,354761880
2026-07-11 22:51,2026-07-11T12:51:00.000Z,1783774260000,177654198.9443,192072131.1302,-0.0390,369726330
2026-07-11 22:52,2026-07-11T12:52:00.000Z,1783774320000,177583207.021,190645871.5342,-0.0355,368229079
2026-07-11 22:53,2026-07-11T12:53:00.000Z,1783774380000,175788737.1601,195391498.3155,-0.0528,371180235
2026-07-11 22:54,2026-07-11T12:54:00.000Z,1783774440000,177042207.9824,195703926.1901,-0.0501,372746134
2026-07-11 22:55,2026-07-11T12:55:00.000Z,1783774500000,177388178.1866,191203461.2719,-0.0375,368591639
2026-07-11 22:56,2026-07-11T12:56:00.000Z,1783774560000,176651915.6667,194364151.7835,-0.0477,371016067
2026-07-11 22:57,2026-07-11T12:57:00.000Z,1783774620000,169809561.3923,187392141.7454,-0.0492,357201703
2026-07-11 22:58,2026-07-11T12:58:00.000Z,1783774680000,180095148.9518,190199877.9174,-0.0273,370295027
2026-07-11 22:59,2026-07-11T12:59:00.000Z,1783774740000,180066701.5167,189283456.5035,-0.0250,369350158
2026-07-11 23:00,2026-07-11T13:00:00.000Z,1783774800000,178114906.5426,186074008.686,-0.0219,364188915
2026-07-11 23:01,2026-07-11T13:01:00.000Z,1783774860000,180823655.7132,189409557.1034,-0.0232,370233213
2026-07-11 23:02,2026-07-11T13:02:00.000Z,1783774920000,178578630.5445,181303534.6771,-0.0076,359882165
2026-07-11 23:03,2026-07-11T13:03:00.000Z,1783774980000,181946364.8408,187682849.0029,-0.0155,369629214
2026-07-11 23:04,2026-07-11T13:04:00.000Z,1783775040000,183198420.6414,187900481.2906,-0.0127,371098902
2026-07-11 23:05,2026-07-11T13:05:00.000Z,1783775100000,183834203.8762,184960493.1533,-0.0031,368794697
2026-07-11 23:06,2026-07-11T13:06:00.000Z,1783775160000,184465104.0873,184831158.6597,-0.0010,369296263
2026-07-11 23:07,2026-07-11T13:07:00.000Z,1783775220000,182021043.584,186426127.4293,-0.0120,368447171
2026-07-11 23:08,2026-07-11T13:08:00.000Z,1783775280000,179934589.8838,187615070.1251,-0.0209,367549660
2026-07-11 23:09,2026-07-11T13:09:00.000Z,1783775340000,178278100.697,189509828.6696,-0.0305,367787929
2026-07-11 23:10,2026-07-11T13:10:00.000Z,1783775400000,181142232.7796,186907211.8042,-0.0157,368049445
2026-07-11 23:11,2026-07-11T13:11:00.000Z,1783775460000,175256834.6468,178250234.3713,-0.0085,353507069
2026-07-11 23:12,2026-07-11T13:12:00.000Z,1783775520000,176097146.8154,178530399.2049,-0.0069,354627546
2026-07-11 23:13,2026-07-11T13:13:00.000Z,1783775580000,179934379.0263,186813029.463,-0.0188,366747408
2026-07-11 23:14,2026-07-11T13:14:00.000Z,1783775640000,180495571.86,188966380.5441,-0.0229,369461952
2026-07-11 23:15,2026-07-11T13:15:00.000Z,1783775700000,178894600.6995,190253915.409,-0.0308,369148516
2026-07-11 23:16,2026-07-11T13:16:00.000Z,1783775760000,181017332.1932,188964165.7487,-0.0215,369981498
2026-07-11 23:17,2026-07-11T13:17:00.000Z,1783775820000,181966112.2862,188667414.5014,-0.0181,370633527
2026-07-11 23:18,2026-07-11T13:18:00.000Z,1783775880000,177952618.8994,189489534.9037,-0.0314,367442154
2026-07-11 23:19,2026-07-11T13:19:00.000Z,1783775940000,177244586.953,197854804.3643,-0.0549,375099391
2026-07-11 23:20,2026-07-11T13:20:00.000Z,1783776000000,166426989.2929,191573477.3502,-0.0702,358000467
2026-07-11 23:21,2026-07-11T13:21:00.000Z,1783776060000,175575814.5401,196509136.0846,-0.0563,372084951
2026-07-11 23:22,2026-07-11T13:22:00.000Z,1783776120000,179926084.4122,190431957.8499,-0.0284,370358042
2026-07-11 23:23,2026-07-11T13:23:00.000Z,1783776180000,176251721.4295,196146745.9421,-0.0534,372398467
2026-07-11 23:24,2026-07-11T13:24:00.000Z,1783776240000,177244755.383,194924844.5836,-0.0475,372169600
2026-07-11 23:25,2026-07-11T13:25:00.000Z,1783776300000,183687701.6228,188662555.6853,-0.0134,372350257
2026-07-11 23:26,2026-07-11T13:26:00.000Z,1783776360000,177421288.1059,189370767.7202,-0.0326,366792056
2026-07-11 23:27,2026-07-11T13:27:00.000Z,1783776420000,181153381.1502,192866420.235,-0.0313,374019801
2026-07-11 23:28,2026-07-11T13:28:00.000Z,1783776480000,177365843.3439,193478564.2584,-0.0434,370844408
2026-07-11 23:29,2026-07-11T13:29:00.000Z,1783776540000,177498702.1463,193379238.4696,-0.0428,370877941
2026-07-11 23:30,2026-07-11T13:30:00.000Z,1783776600000,182604496.4345,184723815.0042,-0.0058,367328311
2026-07-11 23:31,2026-07-11T13:31:00.000Z,1783776660000,169865208.9011,185586133.0333,-0.0442,355451342
2026-07-11 23:32,2026-07-11T13:32:00.000Z,1783776720000,177035824.3439,192473225.0629,-0.0418,369509049
2026-07-11 23:33,2026-07-11T13:33:00.000Z,1783776780000,171330202.1044,192393390.0671,-0.0579,363723592
2026-07-11 23:34,2026-07-11T13:34:00.000Z,1783776840000,179137198.3119,186450975.9168,-0.0200,365588174
2026-07-11 23:35,2026-07-11T13:35:00.000Z,1783776900000,179716170.6151,186947183.4272,-0.0197,366663354
2026-07-11 23:36,2026-07-11T13:36:00.000Z,1783776960000,185191191.3443,186671288.7026,-0.0040,371862480
2026-07-11 23:37,2026-07-11T13:37:00.000Z,1783777020000,176510415.8987,200369298.2519,-0.0633,376879714
2026-07-11 23:38,2026-07-11T13:38:00.000Z,1783777080000,177841771.5895,198663640.3587,-0.0553,376505412
2026-07-11 23:39,2026-07-11T13:39:00.000Z,1783777140000,179849651.5887,190367017.658,-0.0284,370216669
2026-07-11 23:40,2026-07-11T13:40:00.000Z,1783777200000,182755693.9096,194795870.0434,-0.0319,377551564
2026-07-11 23:41,2026-07-11T13:41:00.000Z,1783777260000,176027102.1763,184283531.0843,-0.0229,360310633
2026-07-11 23:42,2026-07-11T13:42:00.000Z,1783777320000,186526232.8147,191259811.2316,-0.0125,377786044
2026-07-11 23:43,2026-07-11T13:43:00.000Z,1783777380000,179436841.6575,198436909.7679,-0.0503,377873751
2026-07-11 23:44,2026-07-11T13:44:00.000Z,1783777440000,176342149.8935,199001247.1922,-0.0604,375343397
2026-07-11 23:45,2026-07-11T13:45:00.000Z,1783777500000,173426107.0329,200078246.7946,-0.0714,373504354
2026-07-11 23:46,2026-07-11T13:46:00.000Z,1783777560000,173198857.4936,206759910.2544,-0.0883,379958768
2026-07-11 23:47,2026-07-11T13:47:00.000Z,1783777620000,179489327.3842,204458730.5509,-0.0650,383948058
2026-07-11 23:48,2026-07-11T13:48:00.000Z,1783777680000,175694404.8391,206653118.4054,-0.0810,382347523
2026-07-11 23:49,2026-07-11T13:49:00.000Z,1783777740000,175999262.5449,207859572.0742,-0.0830,383858835
2026-07-11 23:50,2026-07-11T13:50:00.000Z,1783777800000,176376999.3157,204616159.5247,-0.0741,380993159
2026-07-11 23:51,2026-07-11T13:51:00.000Z,1783777860000,176526299.0574,207793979.4857,-0.0814,384320279
2026-07-11 23:52,2026-07-11T13:52:00.000Z,1783777920000,180204199.2871,208563354.1744,-0.0729,388767553
2026-07-11 23:53,2026-07-11T13:53:00.000Z,1783777980000,179100504.1179,206896364.5413,-0.0720,385996869
2026-07-11 23:54,2026-07-11T13:54:00.000Z,1783778040000,179480965.3711,198373599.8444,-0.0500,377854565
2026-07-11 23:55,2026-07-11T13:55:00.000Z,1783778100000,184493085.6611,202671997.9197,-0.0470,387165084
2026-07-11 23:56,2026-07-11T13:56:00.000Z,1783778160000,184038146.8522,201905846.5315,-0.0463,385943993
2026-07-11 23:57,2026-07-11T13:57:00.000Z,1783778220000,184636758.3222,204697274.9554,-0.0515,389334033
2026-07-11 23:58,2026-07-11T13:58:00.000Z,1783778280000,183416378.9638,200380201.6121,-0.0442,383796581
2026-07-11 23:59,2026-07-11T13:59:00.000Z,1783778340000,185199419.1846,201258333.4478,-0.0416,386457753
2026-07-12 00:00,2026-07-11T14:00:00.000Z,1783778400000,179593168.4922,204047016.9094,-0.0637,383640185
2026-07-12 00:01,2026-07-11T14:01:00.000Z,1783778460000,179019652.3747,205297070.4478,-0.0684,384316723
2026-07-12 00:02,2026-07-11T14:02:00.000Z,1783778520000,183073929.6521,201871050.4929,-0.0488,384944980
2026-07-12 00:03,2026-07-11T14:03:00.000Z,1783778580000,180973933.0398,206939109.8353,-0.0669,387913043
2026-07-12 00:04,2026-07-11T14:04:00.000Z,1783778640000,181378149.1989,209020912.3837,-0.0708,390399062
2026-07-12 00:05,2026-07-11T14:05:00.000Z,1783778700000,176403348.7712,210666295.088,-0.0885,387069644
2026-07-12 00:06,2026-07-11T14:06:00.000Z,1783778760000,177086677.3633,209421018.9584,-0.0837,386507696
2026-07-12 00:07,2026-07-11T14:07:00.000Z,1783778820000,176717249.4977,209358525.8537,-0.0845,386075775
2026-07-12 00:08,2026-07-11T14:08:00.000Z,1783778880000,170790573.8507,202418565.9236,-0.0847,373209140
2026-07-12 00:09,2026-07-11T14:09:00.000Z,1783778940000,176434504.6653,211030851.2967,-0.0893,387465356
2026-07-12 00:10,2026-07-11T14:10:00.000Z,1783779000000,175536014.2517,214413583.0801,-0.0997,389949597
2026-07-12 00:11,2026-07-11T14:11:00.000Z,1783779060000,176424483.0078,215658470.952,-0.1001,392082954
2026-07-12 00:12,2026-07-11T14:12:00.000Z,1783779120000,169354234.3646,210452246.3548,-0.1082,379806481
2026-07-12 00:13,2026-07-11T14:13:00.000Z,1783779180000,177175968.8995,215627146.3064,-0.0979,392803115
2026-07-12 00:14,2026-07-11T14:14:00.000Z,1783779240000,183151985.4201,209687111.6334,-0.0675,392839097
2026-07-12 00:15,2026-07-11T14:15:00.000Z,1783779300000,185152911.3911,206153687.1644,-0.0537,391306599
2026-07-12 00:16,2026-07-11T14:16:00.000Z,1783779360000,181546523.646,211817865.5975,-0.0770,393364389
2026-07-12 00:17,2026-07-11T14:17:00.000Z,1783779420000,184582642.9392,205533997.8779,-0.0537,390116641
2026-07-12 00:18,2026-07-11T14:18:00.000Z,1783779480000,178213891.4025,212602065.2398,-0.0880,390815957
2026-07-12 00:19,2026-07-11T14:19:00.000Z,1783779540000,173885329.3059,208733446.6671,-0.0911,382618776
2026-07-12 00:20,2026-07-11T14:20:00.000Z,1783779600000,177565179.8216,214005986.4606,-0.0931,391571166
2026-07-12 00:21,2026-07-11T14:21:00.000Z,1783779660000,180283653.7353,211040632.3873,-0.0786,391324286
2026-07-12 00:22,2026-07-11T14:22:00.000Z,1783779720000,178943101.5084,211898642.2075,-0.0843,390841744
2026-07-12 00:23,2026-07-11T14:23:00.000Z,1783779780000,179676221.5578,211911357.1906,-0.0823,391587579
2026-07-12 00:24,2026-07-11T14:24:00.000Z,1783779840000,179052202.1827,211354372.6321,-0.0827,390406575
2026-07-12 00:25,2026-07-11T14:25:00.000Z,1783779900000,170637523.2728,215745058.3274,-0.1167,386382582
2026-07-12 00:26,2026-07-11T14:26:00.000Z,1783779960000,175748485.0513,208071123.3539,-0.0842,383819608
2026-07-12 00:27,2026-07-11T14:27:00.000Z,1783780020000,172730960.1968,219464244.3515,-0.1192,392195205
2026-07-12 00:28,2026-07-11T14:28:00.000Z,1783780080000,180535380.8455,218184388.2254,-0.0944,398719769
2026-07-12 00:29,2026-07-11T14:29:00.000Z,1783780140000,177651811.8809,211637505.0909,-0.0873,389289317
2026-07-12 00:30,2026-07-11T14:30:00.000Z,1783780200000,175122562.116,212400615.6964,-0.0962,387523178
2026-07-12 00:31,2026-07-11T14:31:00.000Z,1783780260000,172679465.5674,225508142.2211,-0.1327,398187608
2026-07-12 00:32,2026-07-11T14:32:00.000Z,1783780320000,177609337.2901,212181057.2026,-0.0887,389790394
2026-07-12 00:33,2026-07-11T14:33:00.000Z,1783780380000,182398664.9251,206663612.2665,-0.0624,389062277
2026-07-12 00:34,2026-07-11T14:34:00.000Z,1783780440000,189293790.3279,214532440.0496,-0.0625,403826230
2026-07-12 00:35,2026-07-11T14:35:00.000Z,1783780500000,178016640.1516,222128923.3769,-0.1102,400145564
2026-07-12 00:36,2026-07-11T14:36:00.000Z,1783780560000,171070312.004,185843693.9041,-0.0414,356914006
2026-07-12 00:37,2026-07-11T14:37:00.000Z,1783780620000,178218480.4089,197740721.1178,-0.0519,375959202
2026-07-12 00:38,2026-07-11T14:38:00.000Z,1783780680000,184213523.6148,198190292.7215,-0.0365,382403816
2026-07-12 00:39,2026-07-11T14:39:00.000Z,1783780740000,168809881.8737,214321802.1778,-0.1188,383131684
2026-07-12 00:40,2026-07-11T14:40:00.000Z,1783780800000,172905047.4807,217316679.6717,-0.1138,390221727
2026-07-12 00:41,2026-07-11T14:41:00.000Z,1783780860000,174540613.527,202498847.9716,-0.0742,377039461
2026-07-12 00:42,2026-07-11T14:42:00.000Z,1783780920000,175116036.2104,209859859.4075,-0.0902,384975896
2026-07-12 00:43,2026-07-11T14:43:00.000Z,1783780980000,175686614.147,208303278.0397,-0.0849,383989892
2026-07-12 00:44,2026-07-11T14:44:00.000Z,1783781040000,175737765.263,213417554.082,-0.0968,389155319
2026-07-12 00:45,2026-07-11T14:45:00.000Z,1783781100000,171589066.6969,222551236.682,-0.1293,394140303
2026-07-12 00:46,2026-07-11T14:46:00.000Z,1783781160000,178509392.7549,211097485.739,-0.0836,389606878
2026-07-12 00:47,2026-07-11T14:47:00.000Z,1783781220000,175692829.7652,211534773.232,-0.0926,387227603
2026-07-12 00:48,2026-07-11T14:48:00.000Z,1783781280000,176235930.1634,211474801.5448,-0.0909,387710732
2026-07-12 00:49,2026-07-11T14:49:00.000Z,1783781340000,174413295.6079,213837791.8586,-0.1015,388251087
2026-07-12 00:50,2026-07-11T14:50:00.000Z,1783781400000,175929415.2548,200352654.6397,-0.0649,376282070
2026-07-12 00:51,2026-07-11T14:51:00.000Z,1783781460000,173146828.9067,202366305.375,-0.0778,375513134
2026-07-12 00:52,2026-07-11T14:52:00.000Z,1783781520000,180177213.3112,195869263.5999,-0.0417,376046477
2026-07-12 00:53,2026-07-11T14:53:00.000Z,1783781580000,174106758.9135,201969124.8635,-0.0741,376075884
2026-07-12 00:54,2026-07-11T14:54:00.000Z,1783781640000,166879280.1917,212838033.6775,-0.1210,379717314
2026-07-12 00:55,2026-07-11T14:55:00.000Z,1783781700000,166565388.1853,200747448.1618,-0.0931,367312836
2026-07-12 00:56,2026-07-11T14:56:00.000Z,1783781760000,172564922.8452,209005799.7264,-0.0955,381570723
2026-07-12 00:57,2026-07-11T14:57:00.000Z,1783781820000,172039895.1879,203085727.7445,-0.0828,375125623
2026-07-12 00:58,2026-07-11T14:58:00.000Z,1783781880000,171911115.8624,203537521.463,-0.0842,375448637
2026-07-12 00:59,2026-07-11T14:59:00.000Z,1783781940000,175079556.8226,202150715.3112,-0.0718,377230272
2026-07-12 01:00,2026-07-11T15:00:00.000Z,1783782000000,172028406.665,190325301.2004,-0.0505,362353708
2026-07-12 01:01,2026-07-11T15:01:00.000Z,1783782060000,167440407.8991,200049404.162,-0.0887,367489812
2026-07-12 01:02,2026-07-11T15:02:00.000Z,1783782120000,167838918.2722,203436455.9442,-0.0959,371275374
2026-07-12 01:03,2026-07-11T15:03:00.000Z,1783782180000,162440079.1264,188290287.9257,-0.0737,350730367
2026-07-12 01:04,2026-07-11T15:04:00.000Z,1783782240000,164600980.6313,206063204.9939,-0.1119,370664186
2026-07-12 01:05,2026-07-11T15:05:00.000Z,1783782300000,162012086.1943,213123322.4667,-0.1362,375135409
2026-07-12 01:06,2026-07-11T15:06:00.000Z,1783782360000,170194241.8481,200352180.9578,-0.0814,370546423
2026-07-12 01:07,2026-07-11T15:07:00.000Z,1783782420000,164496354.918,204458949.1666,-0.1083,368955304
2026-07-12 01:08,2026-07-11T15:08:00.000Z,1783782480000,164851058.4608,203727469.7823,-0.1055,368578528
2026-07-12 01:09,2026-07-11T15:09:00.000Z,1783782540000,165831560.9309,201433957.3367,-0.0969,367265518
2026-07-12 01:10,2026-07-11T15:10:00.000Z,1783782600000,164571228.0627,200596827.114,-0.0987,365168055
2026-07-12 01:11,2026-07-11T15:11:00.000Z,1783782660000,156349717.0733,202924475.0244,-0.1296,359274192
2026-07-12 01:12,2026-07-11T15:12:00.000Z,1783782720000,155997572.6406,191154375.3116,-0.1013,347151948
2026-07-12 01:13,2026-07-11T15:13:00.000Z,1783782780000,153170025.6975,188004638.3795,-0.1021,341174664
2026-07-12 01:14,2026-07-11T15:14:00.000Z,1783782840000,150578967.857,190217133.4637,-0.1163,340796101
2026-07-12 01:15,2026-07-11T15:15:00.000Z,1783782900000,153254025.5081,190681681.2679,-0.1088,343935707
2026-07-12 01:16,2026-07-11T15:16:00.000Z,1783782960000,150045247.1948,187336167.1988,-0.1105,337381414
2026-07-12 01:17,2026-07-11T15:17:00.000Z,1783783020000,157329360.4992,193708136.5277,-0.1036,351037497
2026-07-12 01:18,2026-07-11T15:18:00.000Z,1783783080000,156937980.2535,197855071.8138,-0.1153,354793052
2026-07-12 01:19,2026-07-11T15:19:00.000Z,1783783140000,161761242.5153,192258565.382,-0.0861,354019808
2026-07-12 01:20,2026-07-11T15:20:00.000Z,1783783200000,159700838.3605,199256218.84,-0.1102,358957057
2026-07-12 01:21,2026-07-11T15:21:00.000Z,1783783260000,153967245.6631,206481363.3926,-0.1457,360448609
2026-07-12 01:22,2026-07-11T15:22:00.000Z,1783783320000,151534466.757,201388726.1246,-0.1413,352923193
2026-07-12 01:23,2026-07-11T15:23:00.000Z,1783783380000,153056454.5432,202073709.1694,-0.1380,355130164
2026-07-12 01:24,2026-07-11T15:24:00.000Z,1783783440000,153364842.0661,209040879.7999,-0.1536,362405722
2026-07-12 01:25,2026-07-11T15:25:00.000Z,1783783500000,140197117.9082,209625315.0896,-0.1985,349822433
2026-07-12 01:26,2026-07-11T15:26:00.000Z,1783783560000,145866988.1801,211614538.7704,-0.1839,357481527
2026-07-12 01:27,2026-07-11T15:27:00.000Z,1783783620000,151814805.7511,204838317.0029,-0.1487,356653123
2026-07-12 01:28,2026-07-11T15:28:00.000Z,1783783680000,147576418.8616,204772155.8622,-0.1623,352348575
2026-07-12 01:29,2026-07-11T15:29:00.000Z,1783783740000,145934729.7511,207832045.8702,-0.1750,353766776
2026-07-12 01:30,2026-07-11T15:30:00.000Z,1783783800000,150746283.2817,209720451.3675,-0.1636,360466735
2026-07-12 01:31,2026-07-11T15:31:00.000Z,1783783860000,151676525.4474,208900616.2716,-0.1587,360577142
2026-07-12 01:32,2026-07-11T15:32:00.000Z,1783783920000,153410666.7331,204508741.5363,-0.1428,357919408
2026-07-12 01:33,2026-07-11T15:33:00.000Z,1783783980000,153512904.3813,205691634.1033,-0.1453,359204538
2026-07-12 01:34,2026-07-11T15:34:00.000Z,1783784040000,150535934.2591,208769010.5327,-0.1621,359304945
2026-07-12 01:35,2026-07-11T15:35:00.000Z,1783784100000,150879204.592,206100847.412,-0.1547,356980052
2026-07-12 01:36,2026-07-11T15:36:00.000Z,1783784160000,146503679.3828,197085197.0661,-0.1472,343588876
2026-07-12 01:37,2026-07-11T15:37:00.000Z,1783784220000,147699808.9219,199590268.0929,-0.1494,347290077
2026-07-12 01:38,2026-07-11T15:38:00.000Z,1783784280000,140156627.783,182118112.6688,-0.1302,322274740
2026-07-12 01:39,2026-07-11T15:39:00.000Z,1783784340000,152603196.9051,194736227.9317,-0.1213,347339425
2026-07-12 01:40,2026-07-11T15:40:00.000Z,1783784400000,158077326.8118,190327610.862,-0.0926,348404938
2026-07-12 01:41,2026-07-11T15:41:00.000Z,1783784460000,158896069.6295,192166833.9282,-0.0948,351062904
2026-07-12 01:42,2026-07-11T15:42:00.000Z,1783784520000,154404734.5035,195804346.3463,-0.1182,350209081
2026-07-12 01:43,2026-07-11T15:43:00.000Z,1783784580000,161377209.9538,191294999.3122,-0.0848,352672209
2026-07-12 01:44,2026-07-11T15:44:00.000Z,1783784640000,160547406.6994,193496099.1272,-0.0931,354043506
2026-07-12 01:45,2026-07-11T15:45:00.000Z,1783784700000,162273791.3608,173535498.5776,-0.0335,335809290
2026-07-12 01:46,2026-07-11T15:46:00.000Z,1783784760000,163773739.6412,182891690.5702,-0.0551,346665430
2026-07-12 01:47,2026-07-11T15:47:00.000Z,1783784820000,167503169.3314,176171359.6766,-0.0252,343674529
2026-07-12 01:48,2026-07-11T15:48:00.000Z,1783784880000,171847352.465,164320907.5651,0.0224,336168260
2026-07-12 01:49,2026-07-11T15:49:00.000Z,1783784940000,161532402.2887,161918774.7981,-0.0012,323451177
2026-07-12 01:50,2026-07-11T15:50:00.000Z,1783785000000,153268804.8456,183817450.6516,-0.0906,337086255
2026-07-12 01:51,2026-07-11T15:51:00.000Z,1783785060000,162134737.1338,166741704.6312,-0.0140,328876442
2026-07-12 01:52,2026-07-11T15:52:00.000Z,1783785120000,159485292.1765,176489713.3016,-0.0506,335975005
2026-07-12 01:53,2026-07-11T15:53:00.000Z,1783785180000,155841979.6137,181055886.1139,-0.0748,336897866
2026-07-12 01:54,2026-07-11T15:54:00.000Z,1783785240000,155481590.6731,182278747.1034,-0.0793,337760338
2026-07-12 01:55,2026-07-11T15:55:00.000Z,1783785300000,149793199.7567,190458762.9661,-0.1195,340251963
2026-07-12 01:56,2026-07-11T15:56:00.000Z,1783785360000,148844569.4549,195496073.9397,-0.1355,344340643
2026-07-12 01:57,2026-07-11T15:57:00.000Z,1783785420000,152087158.5884,184474534.9948,-0.0962,336561694
2026-07-12 01:58,2026-07-11T15:58:00.000Z,1783785480000,152251531.1376,187815784.0562,-0.1046,340067315
2026-07-12 01:59,2026-07-11T15:59:00.000Z,1783785540000,154025873.5811,193865372.8177,-0.1145,347891246
2026-07-12 02:00,2026-07-11T16:00:00.000Z,1783785600000,147708024.3843,189100514.196,-0.1229,336808539
2026-07-12 02:01,2026-07-11T16:01:00.000Z,1783785660000,157364727.3149,181683397.6735,-0.0717,339048125
2026-07-12 02:02,2026-07-11T16:02:00.000Z,1783785720000,147807232.4631,198663823.252,-0.1468,346471056
2026-07-12 02:03,2026-07-11T16:03:00.000Z,1783785780000,152987340.1306,197840899.106,-0.1279,350828239
2026-07-12 02:04,2026-07-11T16:04:00.000Z,1783785840000,162828461.0982,181272239.402,-0.0536,344100701
2026-07-12 02:05,2026-07-11T16:05:00.000Z,1783785900000,154238615.4339,188448670.5457,-0.0998,342687286
2026-07-12 02:06,2026-07-11T16:06:00.000Z,1783785960000,157874515.8152,184806889.216,-0.0786,342681405
2026-07-12 02:07,2026-07-11T16:07:00.000Z,1783786020000,158106672.6949,180826217.7044,-0.0670,338932890
2026-07-12 02:08,2026-07-11T16:08:00.000Z,1783786080000,160486639.6808,177559200.138,-0.0505,338045840
2026-07-12 02:09,2026-07-11T16:09:00.000Z,1783786140000,167300935.8511,174302272.4656,-0.0205,341603208
2026-07-12 02:10,2026-07-11T16:10:00.000Z,1783786200000,160324866.391,179412550.867,-0.0562,339737417
2026-07-12 02:11,2026-07-11T16:11:00.000Z,1783786260000,158007140.0129,179530116.7361,-0.0638,337537257
2026-07-12 02:12,2026-07-11T16:12:00.000Z,1783786320000,151664887.5589,189567587.559,-0.1111,341232475
2026-07-12 02:13,2026-07-11T16:13:00.000Z,1783786380000,155570247.8355,186586048.3792,-0.0906,342156296
2026-07-12 02:14,2026-07-11T16:14:00.000Z,1783786440000,150873290.1794,190025099.1166,-0.1148,340898389
2026-07-12 02:15,2026-07-11T16:15:00.000Z,1783786500000,149744911.0097,196705620.8265,-0.1355,346450532
2026-07-12 02:16,2026-07-11T16:16:00.000Z,1783786560000,155751014.7979,186772734.4048,-0.0906,342523749
2026-07-12 02:17,2026-07-11T16:17:00.000Z,1783786620000,155502067.6607,187058591.0269,-0.0921,342560659
2026-07-12 02:18,2026-07-11T16:18:00.000Z,1783786680000,154858838.5602,190558961.0018,-0.1034,345417800
2026-07-12 02:19,2026-07-11T16:19:00.000Z,1783786740000,148585315.6886,197102118.6353,-0.1403,345687434
2026-07-12 02:20,2026-07-11T16:20:00.000Z,1783786800000,149620420.453,199647760.4797,-0.1432,349268181
2026-07-12 02:21,2026-07-11T16:21:00.000Z,1783786860000,149728816.0646,193211970.8621,-0.1268,342940787
2026-07-12 02:22,2026-07-11T16:22:00.000Z,1783786920000,158954680.2381,194783155.921,-0.1013,353737836
2026-07-12 02:23,2026-07-11T16:23:00.000Z,1783786980000,150876744.0851,197743108.9656,-0.1344,348619853
2026-07-12 02:24,2026-07-11T16:24:00.000Z,1783787040000,137564327.8467,201829484.7146,-0.1894,339393813
2026-07-12 02:25,2026-07-11T16:25:00.000Z,1783787100000,144732247.7612,202975239.0088,-0.1675,347707487
2026-07-12 02:26,2026-07-11T16:26:00.000Z,1783787160000,146464462.5171,200428877.8309,-0.1556,346893340
2026-07-12 02:27,2026-07-11T16:27:00.000Z,1783787220000,150081422.008,200868449.891,-0.1447,350949872
2026-07-12 02:28,2026-07-11T16:28:00.000Z,1783787280000,147359472.4371,203021332.9914,-0.1589,350380805
2026-07-12 02:29,2026-07-11T16:29:00.000Z,1783787340000,151800880.9228,199032225.0505,-0.1346,350833106
2026-07-12 02:30,2026-07-11T16:30:00.000Z,1783787400000,146102118.3126,201619497.4528,-0.1597,347721616
2026-07-12 02:31,2026-07-11T16:31:00.000Z,1783787460000,145458634.3614,203015832.4791,-0.1652,348474467
2026-07-12 02:32,2026-07-11T16:32:00.000Z,1783787520000,146909898.3492,202140682.7592,-0.1582,349050581
2026-07-12 02:33,2026-07-11T16:33:00.000Z,1783787580000,142725760.7427,203187215.7606,-0.1748,345912977
2026-07-12 02:34,2026-07-11T16:34:00.000Z,1783787640000,150231650.8516,202938914.2152,-0.1492,353170565
2026-07-12 02:35,2026-07-11T16:35:00.000Z,1783787700000,143933880.0548,197906925.5302,-0.1579,341840806
2026-07-12 02:36,2026-07-11T16:36:00.000Z,1783787760000,145536424.6224,197690429.2819,-0.1520,343226854
2026-07-12 02:37,2026-07-11T16:37:00.000Z,1783787820000,158291067.9633,189743897.514,-0.0904,348034965
2026-07-12 02:38,2026-07-11T16:38:00.000Z,1783787880000,154136159.151,201158400.5711,-0.1323,355294560
2026-07-12 02:39,2026-07-11T16:39:00.000Z,1783787940000,156048096.1859,203176826.8927,-0.1312,359224923
2026-07-12 02:40,2026-07-11T16:40:00.000Z,1783788000000,155252668.0016,205567551.1706,-0.1394,360820219
2026-07-12 02:41,2026-07-11T16:41:00.000Z,1783788060000,162258714.3794,197071073.0722,-0.0969,359329787
2026-07-12 02:42,2026-07-11T16:42:00.000Z,1783788120000,161294845.1808,198037162.7597,-0.1023,359332008
2026-07-12 02:43,2026-07-11T16:43:00.000Z,1783788180000,158641562.8159,195751180.4844,-0.1047,354392743
2026-07-12 02:44,2026-07-11T16:44:00.000Z,1783788240000,166236458.4403,199456700.3228,-0.0908,365693159
2026-07-12 02:45,2026-07-11T16:45:00.000Z,1783788300000,165400053.5528,201667236.4783,-0.0988,367067290
2026-07-12 02:46,2026-07-11T16:46:00.000Z,1783788360000,162780353.228,200231175.6685,-0.1032,363011529
2026-07-12 02:47,2026-07-11T16:47:00.000Z,1783788420000,165360324.9846,199034093.8144,-0.0924,364394419
2026-07-12 02:48,2026-07-11T16:48:00.000Z,1783788480000,164714611.95,197778188.3648,-0.0912,362492800
2026-07-12 02:49,2026-07-11T16:49:00.000Z,1783788540000,144709012.6001,204591835.0396,-0.1714,349300848
2026-07-12 02:50,2026-07-11T16:50:00.000Z,1783788600000,140697407.7487,201687564.6688,-0.1781,342384972
2026-07-12 02:51,2026-07-11T16:51:00.000Z,1783788660000,146640398.5582,202446289.1901,-0.1599,349086688
2026-07-12 02:52,2026-07-11T16:52:00.000Z,1783788720000,152721132.15,203139525.0694,-0.1417,355860657
2026-07-12 02:53,2026-07-11T16:53:00.000Z,1783788780000,154779248.8592,201476778.27,-0.1311,356256027
2026-07-12 02:54,2026-07-11T16:54:00.000Z,1783788840000,154841991.1047,205473156.376,-0.1405,360315147
2026-07-12 02:55,2026-07-11T16:55:00.000Z,1783788900000,153006740.9178,203893407.5406,-0.1426,356900148
2026-07-12 02:56,2026-07-11T16:56:00.000Z,1783788960000,156760568.8544,206754913.8072,-0.1375,363515483
2026-07-12 02:57,2026-07-11T16:57:00.000Z,1783789020000,148383414.0366,216558640.9845,-0.1868,364942055
2026-07-12 02:58,2026-07-11T16:58:00.000Z,1783789080000,149371813.4616,214999432.7075,-0.1801,364371246
2026-07-12 02:59,2026-07-11T16:59:00.000Z,1783789140000,150601729.3342,220528494.2374,-0.1884,371130224
2026-07-12 03:00,2026-07-11T17:00:00.000Z,1783789200000,149791527.5915,217569449.3002,-0.1845,367360977
2026-07-12 03:01,2026-07-11T17:01:00.000Z,1783789260000,153005191.021,216676270.9157,-0.1722,369681462
2026-07-12 03:02,2026-07-11T17:02:00.000Z,1783789320000,149681228.7378,215724957.5566,-0.1807,365406186
2026-07-12 03:03,2026-07-11T17:03:00.000Z,1783789380000,155190458.6358,211449999.2869,-0.1534,366640458
2026-07-12 03:04,2026-07-11T17:04:00.000Z,1783789440000,158924472.012,216683256.1169,-0.1538,375607728
2026-07-12 03:05,2026-07-11T17:05:00.000Z,1783789500000,155008867.3869,220505450.9262,-0.1744,375514318
2026-07-12 03:06,2026-07-11T17:06:00.000Z,1783789560000,154648676.6641,219292133.8559,-0.1729,373940811
2026-07-12 03:07,2026-07-11T17:07:00.000Z,1783789620000,149932657.6043,225443042.4117,-0.2012,375375700
2026-07-12 03:08,2026-07-11T17:08:00.000Z,1783789680000,151418347.9864,222492054.9158,-0.1901,373910403
2026-07-12 03:09,2026-07-11T17:09:00.000Z,1783789740000,152098655.3351,216294094.8549,-0.1743,368392750
2026-07-12 03:10,2026-07-11T17:10:00.000Z,1783789800000,150813103.7977,220236591.7066,-0.1871,371049696
2026-07-12 03:11,2026-07-11T17:11:00.000Z,1783789860000,152174064.8064,214300720.0941,-0.1695,366474785
2026-07-12 03:12,2026-07-11T17:12:00.000Z,1783789920000,153124486.4548,218335179.3123,-0.1756,371459666
2026-07-12 03:13,2026-07-11T17:13:00.000Z,1783789980000,151985797.3067,220349066.4234,-0.1836,372334864
2026-07-12 03:14,2026-07-11T17:14:00.000Z,1783790040000,150384869.022,221837538.063,-0.1920,372222407
2026-07-12 03:15,2026-07-11T17:15:00.000Z,1783790100000,155417129.9883,218031057.7739,-0.1677,373448188
2026-07-12 03:16,2026-07-11T17:16:00.000Z,1783790160000,152957309.6946,220554114.4153,-0.1810,373511424
2026-07-12 03:17,2026-07-11T17:17:00.000Z,1783790220000,151997369.052,220555265.8616,-0.1840,372552635
2026-07-12 03:18,2026-07-11T17:18:00.000Z,1783790280000,151986195.2696,222777690.3599,-0.1889,374763886
2026-07-12 03:19,2026-07-11T17:19:00.000Z,1783790340000,150418356.988,221971953.0745,-0.1921,372390310
2026-07-12 03:20,2026-07-11T17:20:00.000Z,1783790400000,153927637.5632,217347026.0396,-0.1708,371274664
2026-07-12 03:21,2026-07-11T17:21:00.000Z,1783790460000,162005116.0972,211121435.5908,-0.1316,373126552
2026-07-12 03:22,2026-07-11T17:22:00.000Z,1783790520000,158177203.6448,216493251.5804,-0.1556,374670455
2026-07-12 03:23,2026-07-11T17:23:00.000Z,1783790580000,159173322.3199,215372665.9563,-0.1500,374545988
2026-07-12 03:24,2026-07-11T17:24:00.000Z,1783790640000,157384651.7895,216184213.4326,-0.1574,373568865
2026-07-12 03:25,2026-07-11T17:25:00.000Z,1783790700000,154419323.6531,220828697.8599,-0.1770,375248022
2026-07-12 03:26,2026-07-11T17:26:00.000Z,1783790760000,148251683.4048,225970799.0762,-0.2077,374222482
2026-07-12 03:27,2026-07-11T17:27:00.000Z,1783790820000,149677367.584,224623308.9362,-0.2002,374300677
2026-07-12 03:28,2026-07-11T17:28:00.000Z,1783790880000,147021984.0795,225605131.2676,-0.2109,372627115
2026-07-12 03:29,2026-07-11T17:29:00.000Z,1783790940000,148158182.0177,228004198.687,-0.2123,376162381
2026-07-12 03:30,2026-07-11T17:30:00.000Z,1783791000000,148496833.7866,228026530.3048,-0.2112,376523364
2026-07-12 03:31,2026-07-11T17:31:00.000Z,1783791060000,147136172.4616,228530737.2037,-0.2167,375666910
2026-07-12 03:32,2026-07-11T17:32:00.000Z,1783791120000,143758875.5429,234799037.2055,-0.2405,378557913
2026-07-12 03:33,2026-07-11T17:33:00.000Z,1783791180000,144974924.0872,237317642.4268,-0.2415,382292567
2026-07-12 03:34,2026-07-11T17:34:00.000Z,1783791240000,147569852.9969,231659606.4696,-0.2217,379229459
2026-07-12 03:35,2026-07-11T17:35:00.000Z,1783791300000,149176350.2955,240847768.0845,-0.2350,390024118
2026-07-12 03:36,2026-07-11T17:36:00.000Z,1783791360000,153884190.6645,240209211.0161,-0.2190,394093402
2026-07-12 03:37,2026-07-11T17:37:00.000Z,1783791420000,150478364.2774,224473438.9787,-0.1973,374951803
2026-07-12 03:38,2026-07-11T17:38:00.000Z,1783791480000,152770122.0743,235028255.6932,-0.2121,387798378
2026-07-12 03:39,2026-07-11T17:39:00.000Z,1783791540000,146117117.0408,236356311.9641,-0.2359,382473429
2026-07-12 03:40,2026-07-11T17:40:00.000Z,1783791600000,147014340.8596,247352764.2406,-0.2544,394367105
2026-07-12 03:41,2026-07-11T17:41:00.000Z,1783791660000,160044457.7701,231608596.3189,-0.1827,391653054
2026-07-12 03:42,2026-07-11T17:42:00.000Z,1783791720000,158923814.043,227221321.3584,-0.1769,386145135
2026-07-12 03:43,2026-07-11T17:43:00.000Z,1783791780000,161926213.4871,227550011.047,-0.1685,389476225
2026-07-12 03:44,2026-07-11T17:44:00.000Z,1783791840000,160065716.5225,228130009.234,-0.1753,388195726
2026-07-12 03:45,2026-07-11T17:45:00.000Z,1783791900000,157089694.4012,228941901.9479,-0.1861,386031596
2026-07-12 03:46,2026-07-11T17:46:00.000Z,1783791960000,155975142.7506,230712297.1973,-0.1933,386687440
2026-07-12 03:47,2026-07-11T17:47:00.000Z,1783792020000,164425096.6986,228411707.1747,-0.1629,392836804
2026-07-12 03:48,2026-07-11T17:48:00.000Z,1783792080000,167937832.2565,227043827.6864,-0.1496,394981660
2026-07-12 03:49,2026-07-11T17:49:00.000Z,1783792140000,165730088.505,227949957.6201,-0.1580,393680046
2026-07-12 03:50,2026-07-11T17:50:00.000Z,1783792200000,166756042.2579,228996080.5458,-0.1573,395752123
2026-07-12 03:51,2026-07-11T17:51:00.000Z,1783792260000,163838179.0067,227141815.6493,-0.1619,390979995
2026-07-12 03:52,2026-07-11T17:52:00.000Z,1783792320000,160218828.0593,226122608.5046,-0.1706,386341437
2026-07-12 03:53,2026-07-11T17:53:00.000Z,1783792380000,159633004.1094,230405606.6793,-0.1815,390038611
2026-07-12 03:54,2026-07-11T17:54:00.000Z,1783792440000,161874607.4393,226724488.2546,-0.1669,388599096
2026-07-12 03:55,2026-07-11T17:55:00.000Z,1783792500000,161258152.5322,228233588.9382,-0.1720,389491741
2026-07-12 03:56,2026-07-11T17:56:00.000Z,1783792560000,159477757.6513,228374174.0194,-0.1776,387851932
2026-07-12 03:57,2026-07-11T17:57:00.000Z,1783792620000,161934881.7043,229406273.7567,-0.1724,391341155
2026-07-12 03:58,2026-07-11T17:58:00.000Z,1783792680000,162343384.0397,227229270.0748,-0.1666,389572654
2026-07-12 03:59,2026-07-11T17:59:00.000Z,1783792740000,162638660.2864,220879962.8413,-0.1519,383518623
2026-07-12 04:00,2026-07-11T18:00:00.000Z,1783792800000,158723467.3733,226199755.7547,-0.1753,384923223
2026-07-12 04:01,2026-07-11T18:01:00.000Z,1783792860000,163796675.2237,229258535.7765,-0.1665,393055211
2026-07-12 04:02,2026-07-11T18:02:00.000Z,1783792920000,156824387.9168,224894977.5425,-0.1783,381719365
2026-07-12 04:03,2026-07-11T18:03:00.000Z,1783792980000,161272272.5642,221922306.9848,-0.1583,383194580
2026-07-12 04:04,2026-07-11T18:04:00.000Z,1783793040000,162295648.0162,221172709.1851,-0.1535,383468357
2026-07-12 04:05,2026-07-11T18:05:00.000Z,1783793100000,160018170.6504,228400938.6881,-0.1761,388419109
2026-07-12 04:06,2026-07-11T18:06:00.000Z,1783793160000,156521562.1534,231071005.7113,-0.1923,387592568
2026-07-12 04:07,2026-07-11T18:07:00.000Z,1783793220000,160798384.2832,227614592.815,-0.1720,388412977
2026-07-12 04:08,2026-07-11T18:08:00.000Z,1783793280000,156444007.877,217798849.3282,-0.1639,374242857
2026-07-12 04:09,2026-07-11T18:09:00.000Z,1783793340000,161172549.4875,222868620.2415,-0.1606,384041170
2026-07-12 04:10,2026-07-11T18:10:00.000Z,1783793400000,155896165.3184,222998863.7851,-0.1771,378895029
2026-07-12 04:11,2026-07-11T18:11:00.000Z,1783793460000,160617435.9041,227534167.3303,-0.1724,388151603
2026-07-12 04:12,2026-07-11T18:12:00.000Z,1783793520000,162000113.5553,221692909.3047,-0.1556,383693023
2026-07-12 04:13,2026-07-11T18:13:00.000Z,1783793580000,161481386.8065,221559425.5493,-0.1568,383040812
2026-07-12 04:14,2026-07-11T18:14:00.000Z,1783793640000,160714257.7612,222105854.9808,-0.1604,382820113
2026-07-12 04:15,2026-07-11T18:15:00.000Z,1783793700000,156628329.4414,217820135.2746,-0.1634,374448465
2026-07-12 04:16,2026-07-11T18:16:00.000Z,1783793760000,159423762.295,225203404.4418,-0.1710,384627167
2026-07-12 04:17,2026-07-11T18:17:00.000Z,1783793820000,155001188.4563,230275850.5532,-0.1954,385277039
2026-07-12 04:18,2026-07-11T18:18:00.000Z,1783793880000,153297867.8723,231326207.5244,-0.2029,384624075
2026-07-12 04:19,2026-07-11T18:19:00.000Z,1783793940000,155460450.1991,228550258.9537,-0.1903,384010709
2026-07-12 04:20,2026-07-11T18:20:00.000Z,1783794000000,152853126.4722,229227055.5429,-0.1999,382080182
2026-07-12 04:21,2026-07-11T18:21:00.000Z,1783794060000,156167783.895,229981755.8652,-0.1912,386149540
2026-07-12 04:22,2026-07-11T18:22:00.000Z,1783794120000,151347985.7313,231884563.2896,-0.2102,383232549
2026-07-12 04:23,2026-07-11T18:23:00.000Z,1783794180000,160681661.7448,229857266.8769,-0.1771,390538929
2026-07-12 04:24,2026-07-11T18:24:00.000Z,1783794240000,155323193.7253,237316690.3825,-0.2088,392639884
2026-07-12 04:25,2026-07-11T18:25:00.000Z,1783794300000,152469610.0785,238797155.1758,-0.2206,391266765
2026-07-12 04:26,2026-07-11T18:26:00.000Z,1783794360000,152604316.2827,238864231.3764,-0.2203,391468548
2026-07-12 04:27,2026-07-11T18:27:00.000Z,1783794420000,157530745.2941,235428454.1088,-0.1982,392959199
2026-07-12 04:28,2026-07-11T18:28:00.000Z,1783794480000,160333620.5501,228309480.8795,-0.1749,388643101
2026-07-12 04:29,2026-07-11T18:29:00.000Z,1783794540000,159609589.1453,229328893.3202,-0.1793,388938482
2026-07-12 04:30,2026-07-11T18:30:00.000Z,1783794600000,159012265.5314,233495592.6733,-0.1898,392507858
2026-07-12 04:31,2026-07-11T18:31:00.000Z,1783794660000,157725407.1931,234880945.2053,-0.1965,392606352
2026-07-12 04:32,2026-07-11T18:32:00.000Z,1783794720000,156340965.843,227991083.3134,-0.1864,384332049
2026-07-12 04:33,2026-07-11T18:33:00.000Z,1783794780000,156925235.4508,235750483.75,-0.2007,392675719
2026-07-12 04:34,2026-07-11T18:34:00.000Z,1783794840000,157662439.393,230942802.786,-0.1886,388605242
2026-07-12 04:35,2026-07-11T18:35:00.000Z,1783794900000,155695255.6032,237391676.1637,-0.2078,393086932
2026-07-12 04:36,2026-07-11T18:36:00.000Z,1783794960000,151095907.4917,232069878.1649,-0.2113,383165786
2026-07-12 04:37,2026-07-11T18:37:00.000Z,1783795020000,155735973.8554,236747083.4668,-0.2064,392483057
2026-07-12 04:38,2026-07-11T18:38:00.000Z,1783795080000,156039575.3064,235308464.8733,-0.2026,391348040
2026-07-12 04:39,2026-07-11T18:39:00.000Z,1783795140000,156565004.6085,236460736.4476,-0.2033,393025741
2026-07-12 04:40,2026-07-11T18:40:00.000Z,1783795200000,157002683.2217,235295315.8785,-0.1996,392297999
2026-07-12 04:41,2026-07-11T18:41:00.000Z,1783795260000,157730960.3534,235831496.0852,-0.1984,393562456
2026-07-12 04:42,2026-07-11T18:42:00.000Z,1783795320000,149606712.3201,239893615.4762,-0.2318,389500328
2026-07-12 04:43,2026-07-11T18:43:00.000Z,1783795380000,155983805.8405,240881954.7021,-0.2139,396865761
2026-07-12 04:44,2026-07-11T18:44:00.000Z,1783795440000,154553317.281,242067227.2431,-0.2206,396620545
2026-07-12 04:45,2026-07-11T18:45:00.000Z,1783795500000,160136689.6644,243452714.8599,-0.2064,403589405
2026-07-12 04:46,2026-07-11T18:46:00.000Z,1783795560000,149861421.249,236734992.8354,-0.2247,386596414
2026-07-12 04:47,2026-07-11T18:47:00.000Z,1783795620000,156362913.9542,242271896.7791,-0.2155,398634811
2026-07-12 04:48,2026-07-11T18:48:00.000Z,1783795680000,158857033.9368,241133224.3894,-0.2057,399990258
2026-07-12 04:49,2026-07-11T18:49:00.000Z,1783795740000,166578572.4876,229775360.8674,-0.1594,396353933
2026-07-12 04:50,2026-07-11T18:50:00.000Z,1783795800000,165690661.5972,232209093.92,-0.1672,397899756
2026-07-12 04:51,2026-07-11T18:51:00.000Z,1783795860000,167934100.2279,232785621.0551,-0.1618,400719721
2026-07-12 04:52,2026-07-11T18:52:00.000Z,1783795920000,163428933.326,224233636.0247,-0.1568,387662569
2026-07-12 04:53,2026-07-11T18:53:00.000Z,1783795980000,163198987.2904,225764126.7777,-0.1609,388963114
2026-07-12 04:54,2026-07-11T18:54:00.000Z,1783796040000,165936221.4697,229771618.1302,-0.1613,395707840
2026-07-12 04:55,2026-07-11T18:55:00.000Z,1783796100000,165170451.45,233868200.5417,-0.1722,399038652
2026-07-12 04:56,2026-07-11T18:56:00.000Z,1783796160000,164106665.1277,233477300.5958,-0.1745,397583966
2026-07-12 04:57,2026-07-11T18:57:00.000Z,1783796220000,158683977.2591,236088954.0616,-0.1961,394772931
2026-07-12 04:58,2026-07-11T18:58:00.000Z,1783796280000,162977398.0451,233187017.3765,-0.1772,396164415
2026-07-12 04:59,2026-07-11T18:59:00.000Z,1783796340000,160767351.7434,233096784.274,-0.1836,393864136
2026-07-12 05:00,2026-07-11T19:00:00.000Z,1783796400000,160684777.1736,230929822.3253,-0.1794,391614599
2026-07-12 05:01,2026-07-11T19:01:00.000Z,1783796460000,166545610.714,232073797.434,-0.1644,398619408
2026-07-12 05:02,2026-07-11T19:02:00.000Z,1783796520000,170095733.56,231756880.6902,-0.1534,401852614
2026-07-12 05:03,2026-07-11T19:03:00.000Z,1783796580000,169149545.3988,232325814.723,-0.1574,401475360
2026-07-12 05:04,2026-07-11T19:04:00.000Z,1783796640000,165793623.1204,218911452.1036,-0.1381,384705075
2026-07-12 05:05,2026-07-11T19:05:00.000Z,1783796700000,163207862.6832,226015042.8862,-0.1614,389222906
2026-07-12 05:06,2026-07-11T19:06:00.000Z,1783796760000,165757673.0816,219179430.9758,-0.1388,384937104
2026-07-12 05:07,2026-07-11T19:07:00.000Z,1783796820000,165381386.2333,219307319.1587,-0.1402,384688705
2026-07-12 05:08,2026-07-11T19:08:00.000Z,1783796880000,165686109.6742,219350935.8969,-0.1394,385037046
2026-07-12 05:09,2026-07-11T19:09:00.000Z,1783796940000,166097253.7301,219518703.4564,-0.1385,385615957
2026-07-12 05:10,2026-07-11T19:10:00.000Z,1783797000000,164659034.9695,223790879.8694,-0.1522,388449915
2026-07-12 05:11,2026-07-11T19:11:00.000Z,1783797060000,154982610.7006,221440985.3652,-0.1766,376423596
2026-07-12 05:12,2026-07-11T19:12:00.000Z,1783797120000,163215424.4396,229138056.4124,-0.1680,392353481
2026-07-12 05:13,2026-07-11T19:13:00.000Z,1783797180000,155663900.088,232810897.0267,-0.1986,388474797
2026-07-12 05:14,2026-07-11T19:14:00.000Z,1783797240000,166594737.9419,224932951.014,-0.1490,391527689
2026-07-12 05:15,2026-07-11T19:15:00.000Z,1783797300000,164816765.4411,224044039.303,-0.1523,388860805
2026-07-12 05:16,2026-07-11T19:16:00.000Z,1783797360000,168705582.9954,223933783.4373,-0.1407,392639366
2026-07-12 05:17,2026-07-11T19:17:00.000Z,1783797420000,167210418.7922,221473902.5268,-0.1396,388684321
2026-07-12 05:18,2026-07-11T19:18:00.000Z,1783797480000,163650961.9465,220711440.046,-0.1485,384362402
2026-07-12 05:19,2026-07-11T19:19:00.000Z,1783797540000,164957904.7766,224569141.9534,-0.1530,389527047
2026-07-12 05:20,2026-07-11T19:20:00.000Z,1783797600000,160004538.7325,222880828.7022,-0.1642,382885367
2026-07-12 05:21,2026-07-11T19:21:00.000Z,1783797660000,168949734.8694,221421264.645,-0.1344,390371000
2026-07-12 05:22,2026-07-11T19:22:00.000Z,1783797720000,167600779.4869,222731563.3314,-0.1412,390332343
2026-07-12 05:23,2026-07-11T19:23:00.000Z,1783797780000,168244706.1215,217570357.7085,-0.1278,385815064
2026-07-12 05:24,2026-07-11T19:24:00.000Z,1783797840000,166491006.9039,216951586.7523,-0.1316,383442594
2026-07-12 05:25,2026-07-11T19:25:00.000Z,1783797900000,164438666.1461,214539325.5711,-0.1322,378977992
2026-07-12 05:26,2026-07-11T19:26:00.000Z,1783797960000,157297909.8261,216213211.737,-0.1577,373511122
2026-07-12 05:27,2026-07-11T19:27:00.000Z,1783798020000,171718357.3882,209147828.2665,-0.0983,380866186
2026-07-12 05:28,2026-07-11T19:28:00.000Z,1783798080000,167682667.6359,208272513.7185,-0.1080,375955181
2026-07-12 05:29,2026-07-11T19:29:00.000Z,1783798140000,170612912.7845,210403387.9269,-0.1044,381016301
2026-07-12 05:30,2026-07-11T19:30:00.000Z,1783798200000,165653935.8597,211235151.3134,-0.1209,376889087
2026-07-12 05:31,2026-07-11T19:31:00.000Z,1783798260000,165862071.8882,210916745.1409,-0.1196,376778817
2026-07-12 05:32,2026-07-11T19:32:00.000Z,1783798320000,162893530.2818,213948807.5693,-0.1355,376842338
2026-07-12 05:33,2026-07-11T19:33:00.000Z,1783798380000,161597559.886,213796591.3828,-0.1391,375394151
2026-07-12 05:34,2026-07-11T19:34:00.000Z,1783798440000,165178254.8285,213540051.0813,-0.1277,378718306
2026-07-12 05:35,2026-07-11T19:35:00.000Z,1783798500000,161829739.6415,208452186.7798,-0.1259,370281926
2026-07-12 05:36,2026-07-11T19:36:00.000Z,1783798560000,162100284.691,210027506.7868,-0.1288,372127791
2026-07-12 05:37,2026-07-11T19:37:00.000Z,1783798620000,159046025.9574,214092180.6215,-0.1475,373138207
2026-07-12 05:38,2026-07-11T19:38:00.000Z,1783798680000,155568086.4935,210011233.1438,-0.1489,365579320
2026-07-12 05:39,2026-07-11T19:39:00.000Z,1783798740000,161057361.3608,210164952.4563,-0.1323,371222314
2026-07-12 05:40,2026-07-11T19:40:00.000Z,1783798800000,164641192.1473,208031504.488,-0.1164,372672697
2026-07-12 05:41,2026-07-11T19:41:00.000Z,1783798860000,159827346.5471,209690699.7331,-0.1349,369518046
2026-07-12 05:42,2026-07-11T19:42:00.000Z,1783798920000,165959923.2724,206866511.8514,-0.1097,372826435
2026-07-12 05:43,2026-07-11T19:43:00.000Z,1783798980000,161890515.1752,207254925.5331,-0.1229,369145441
2026-07-12 05:44,2026-07-11T19:44:00.000Z,1783799040000,162200899.6454,206739396.1052,-0.1207,368940296
2026-07-12 05:45,2026-07-11T19:45:00.000Z,1783799100000,160236305.8657,210911320.5373,-0.1365,371147626
2026-07-12 05:46,2026-07-11T19:46:00.000Z,1783799160000,152362948.2395,213516729.5948,-0.1671,365879678
2026-07-12 05:47,2026-07-11T19:47:00.000Z,1783799220000,160731360.3158,219807929.3742,-0.1552,380539290
2026-07-12 05:48,2026-07-11T19:48:00.000Z,1783799280000,162398765.5358,219714657.1851,-0.1500,382113423
2026-07-12 05:49,2026-07-11T19:49:00.000Z,1783799340000,157809222.2173,213628939.9558,-0.1503,371438162
2026-07-12 05:50,2026-07-11T19:50:00.000Z,1783799400000,164022754.464,218750460.4591,-0.1430,382773215
2026-07-12 05:51,2026-07-11T19:51:00.000Z,1783799460000,156399963.2651,214267582.1709,-0.1561,370667545
2026-07-12 05:52,2026-07-11T19:52:00.000Z,1783799520000,164183680.6944,219735557.9874,-0.1447,383919239
2026-07-12 05:53,2026-07-11T19:53:00.000Z,1783799580000,159887280.6796,227504522.5014,-0.1745,387391803
2026-07-12 05:54,2026-07-11T19:54:00.000Z,1783799640000,160471408.9061,228931407.5658,-0.1758,389402816
2026-07-12 05:55,2026-07-11T19:55:00.000Z,1783799700000,160062750.1918,229381221.4448,-0.1780,389443972
2026-07-12 05:56,2026-07-11T19:56:00.000Z,1783799760000,159692333.4717,232410676.8302,-0.1855,392103010
2026-07-12 05:57,2026-07-11T19:57:00.000Z,1783799820000,160567634.1693,232291899.9777,-0.1826,392859534
2026-07-12 05:58,2026-07-11T19:58:00.000Z,1783799880000,166998195.9387,223856883.3555,-0.1455,390855079
2026-07-12 05:59,2026-07-11T19:59:00.000Z,1783799940000,167833219.62,231569496.7999,-0.1596,399402716
2026-07-12 06:00,2026-07-11T20:00:00.000Z,1783800000000,166275491.555,228913323.2995,-0.1585,395188815
2026-07-12 06:01,2026-07-11T20:01:00.000Z,1783800060000,165177577.0238,227920688.31,-0.1596,393098265
2026-07-12 06:02,2026-07-11T20:02:00.000Z,1783800120000,167730080.4394,220866958.7901,-0.1367,388597039
2026-07-12 06:03,2026-07-11T20:03:00.000Z,1783800180000,168517765.516,221224942.4437,-0.1352,389742708
2026-07-12 06:04,2026-07-11T20:04:00.000Z,1783800240000,166142921.4129,229374281.1822,-0.1599,395517203
2026-07-12 06:05,2026-07-11T20:05:00.000Z,1783800300000,161759909.1741,229776970.3269,-0.1737,391536880
2026-07-12 06:06,2026-07-11T20:06:00.000Z,1783800360000,163325106.2042,224301647.3736,-0.1573,387626754
2026-07-12 06:07,2026-07-11T20:07:00.000Z,1783800420000,166673311.6327,221206126.9407,-0.1406,387879439
2026-07-12 06:08,2026-07-11T20:08:00.000Z,1783800480000,164532164.4528,222567444.0326,-0.1499,387099608
2026-07-12 06:09,2026-07-11T20:09:00.000Z,1783800540000,156453908.9435,215551229.3228,-0.1589,372005138
2026-07-12 06:10,2026-07-11T20:10:00.000Z,1783800600000,162854502.421,227180909.6054,-0.1649,390035412
2026-07-12 06:11,2026-07-11T20:11:00.000Z,1783800660000,159461700.2716,223225453.2234,-0.1666,382687153
2026-07-12 06:12,2026-07-11T20:12:00.000Z,1783800720000,164689206.5518,228064548.0424,-0.1614,392753755
2026-07-12 06:13,2026-07-11T20:13:00.000Z,1783800780000,165162470.8342,227873585.3499,-0.1596,393036056
2026-07-12 06:14,2026-07-11T20:14:00.000Z,1783800840000,163065390.3832,231437305.8498,-0.1733,394502696
2026-07-12 06:15,2026-07-11T20:15:00.000Z,1783800900000,164128525.8625,231342711.8242,-0.1700,395471238
2026-07-12 06:16,2026-07-11T20:16:00.000Z,1783800960000,163992107.1262,226218099.3563,-0.1595,390210206
2026-07-12 06:17,2026-07-11T20:17:00.000Z,1783801020000,161467722.4184,231066214.585,-0.1773,392533937
2026-07-12 06:18,2026-07-11T20:18:00.000Z,1783801080000,167534925.7115,226999718.3601,-0.1507,394534644
2026-07-12 06:19,2026-07-11T20:19:00.000Z,1783801140000,165791711.945,227055839.0502,-0.1559,392847551
2026-07-12 06:20,2026-07-11T20:20:00.000Z,1783801200000,159988229.1289,227552428.492,-0.1743,387540658
2026-07-12 06:21,2026-07-11T20:21:00.000Z,1783801260000,162992057.4172,231264559.2743,-0.1732,394256617
2026-07-12 06:22,2026-07-11T20:22:00.000Z,1783801320000,168049356.5946,226361154.8889,-0.1478,394410511
2026-07-12 06:23,2026-07-11T20:23:00.000Z,1783801380000,165330163.5062,226702142.6933,-0.1565,392032306
2026-07-12 06:24,2026-07-11T20:24:00.000Z,1783801440000,166223718.5532,226667062.2892,-0.1538,392890781
2026-07-12 06:25,2026-07-11T20:25:00.000Z,1783801500000,167002876.0514,227158857.792,-0.1526,394161734
2026-07-12 06:26,2026-07-11T20:26:00.000Z,1783801560000,164830026.7766,227425228.4209,-0.1596,392255255
2026-07-12 06:27,2026-07-11T20:27:00.000Z,1783801620000,165640870.5945,226393431.5095,-0.1550,392034302
2026-07-12 06:28,2026-07-11T20:28:00.000Z,1783801680000,160501943.1772,223181278.5407,-0.1634,383683222
2026-07-12 06:29,2026-07-11T20:29:00.000Z,1783801740000,162806615.4689,220152714.7023,-0.1497,382959330
2026-07-12 06:30,2026-07-11T20:30:00.000Z,1783801800000,161594673.3234,229823043.7592,-0.1743,391417717
2026-07-12 06:31,2026-07-11T20:31:00.000Z,1783801860000,162386222.5338,227387443.3439,-0.1668,389773666
2026-07-12 06:32,2026-07-11T20:32:00.000Z,1783801920000,164589886.9772,225857539.7775,-0.1569,390447427
2026-07-12 06:33,2026-07-11T20:33:00.000Z,1783801980000,161793647.5045,229725044.9788,-0.1735,391518692
2026-07-12 06:34,2026-07-11T20:34:00.000Z,1783802040000,161194686.7459,231268522.7609,-0.1785,392463210
2026-07-12 06:35,2026-07-11T20:35:00.000Z,1783802100000,162793095.5069,227833738.3127,-0.1665,390626834
2026-07-12 06:36,2026-07-11T20:36:00.000Z,1783802160000,165067883.9464,228215143.0647,-0.1606,393283027
2026-07-12 06:37,2026-07-11T20:37:00.000Z,1783802220000,161495024.5539,230111672.8385,-0.1752,391606697
2026-07-12 06:38,2026-07-11T20:38:00.000Z,1783802280000,159422807.3978,226803336.3486,-0.1745,386226144
2026-07-12 06:39,2026-07-11T20:39:00.000Z,1783802340000,166246019.8541,222113555.5285,-0.1439,388359575
2026-07-12 06:40,2026-07-11T20:40:00.000Z,1783802400000,160900606.0967,229429944.7067,-0.1756,390330551
2026-07-12 06:41,2026-07-11T20:41:00.000Z,1783802460000,159180794.6962,236621831.777,-0.1957,395802626
2026-07-12 06:42,2026-07-11T20:42:00.000Z,1783802520000,161176195.2801,232974990.4539,-0.1822,394151186
2026-07-12 06:43,2026-07-11T20:43:00.000Z,1783802580000,159023182.0146,233715795.4318,-0.1902,392738977
2026-07-12 06:44,2026-07-11T20:44:00.000Z,1783802640000,165287190.2782,229455046.3912,-0.1626,394742237
2026-07-12 06:45,2026-07-11T20:45:00.000Z,1783802700000,160165167.4086,234452435.7787,-0.1883,394617603
2026-07-12 06:46,2026-07-11T20:46:00.000Z,1783802760000,159165605.4965,233685901.3141,-0.1897,392851507
2026-07-12 06:47,2026-07-11T20:47:00.000Z,1783802820000,160341915.4662,236292091.7808,-0.1915,396634007
2026-07-12 06:48,2026-07-11T20:48:00.000Z,1783802880000,168928730.2857,229995006.8153,-0.1531,398923737
2026-07-12 06:49,2026-07-11T20:49:00.000Z,1783802940000,170447022.3151,226088533.1823,-0.1403,396535555
2026-07-12 06:50,2026-07-11T20:50:00.000Z,1783803000000,167340466.9436,226816868.7381,-0.1509,394157336
2026-07-12 06:51,2026-07-11T20:51:00.000Z,1783803060000,166386833.4238,226278948.6086,-0.1525,392665782
2026-07-12 06:52,2026-07-11T20:52:00.000Z,1783803120000,160968302.8526,223749066.2266,-0.1632,384717369
2026-07-12 06:53,2026-07-11T20:53:00.000Z,1783803180000,163516831.2097,233391240.234,-0.1760,396908071
2026-07-12 06:54,2026-07-11T20:54:00.000Z,1783803240000,165087203.5026,229003841.7168,-0.1622,394091045
2026-07-12 06:55,2026-07-11T20:55:00.000Z,1783803300000,164385364.8796,230054666.1384,-0.1665,394440031
2026-07-12 06:56,2026-07-11T20:56:00.000Z,1783803360000,164922435.2068,230353156.4081,-0.1655,395275592
2026-07-12 06:57,2026-07-11T20:57:00.000Z,1783803420000,159480462.9202,219919489.4762,-0.1593,379399952
2026-07-12 06:58,2026-07-11T20:58:00.000Z,1783803480000,160962007.8657,227066612.6343,-0.1704,388028621
2026-07-12 06:59,2026-07-11T20:59:00.000Z,1783803540000,166396036.5915,227085754.824,-0.1542,393481791
2026-07-12 07:00,2026-07-11T21:00:00.000Z,1783803600000,162434298.0343,225114014.5759,-0.1617,387548313
2026-07-12 07:01,2026-07-11T21:01:00.000Z,1783803660000,158659215.0276,225097593.5049,-0.1731,383756809
2026-07-12 07:02,2026-07-11T21:02:00.000Z,1783803720000,164101159.2578,234352388.4369,-0.1763,398453548
2026-07-12 07:03,2026-07-11T21:03:00.000Z,1783803780000,163147127.0604,231527864.0348,-0.1733,394674991
2026-07-12 07:04,2026-07-11T21:04:00.000Z,1783803840000,161878876.5809,234353720.3088,-0.1829,396232597
2026-07-12 07:05,2026-07-11T21:05:00.000Z,1783803900000,160375512.137,237745725.4856,-0.1943,398121238
2026-07-12 07:06,2026-07-11T21:06:00.000Z,1783803960000,160733882.7778,237146480.2335,-0.1920,397880363
2026-07-12 07:07,2026-07-11T21:07:00.000Z,1783804020000,162487991.2839,235261924.6778,-0.1830,397749916
2026-07-12 07:08,2026-07-11T21:08:00.000Z,1783804080000,164410470.3603,232053731.4494,-0.1706,396464202
2026-07-12 07:09,2026-07-11T21:09:00.000Z,1783804140000,164111290.0834,230909882.2042,-0.1691,395021172
2026-07-12 07:10,2026-07-11T21:10:00.000Z,1783804200000,159424851.0059,224181146.9349,-0.1688,383605998
2026-07-12 07:11,2026-07-11T21:11:00.000Z,1783804260000,158810246.4695,224232231.3907,-0.1708,383042478
2026-07-12 07:12,2026-07-11T21:12:00.000Z,1783804320000,161344149.4778,223772603.0919,-0.1621,385116753
2026-07-12 07:13,2026-07-11T21:13:00.000Z,1783804380000,162745238.4735,222396519.5282,-0.1549,385141758
2026-07-12 07:14,2026-07-11T21:14:00.000Z,1783804440000,159095710.759,224760287.7472,-0.1711,383855999
2026-07-12 07:15,2026-07-11T21:15:00.000Z,1783804500000,163333430.4866,220626243.8027,-0.1492,383959674
2026-07-12 07:16,2026-07-11T21:16:00.000Z,1783804560000,163098127.5857,219466336.4311,-0.1473,382564464
2026-07-12 07:17,2026-07-11T21:17:00.000Z,1783804620000,158009068.9848,215545461.1089,-0.1540,373554530
2026-07-12 07:18,2026-07-11T21:18:00.000Z,1783804680000,156707299.7149,227507877.571,-0.1843,384215177
2026-07-12 07:19,2026-07-11T21:19:00.000Z,1783804740000,164253012.221,218163397.1791,-0.1410,382416409
2026-07-12 07:20,2026-07-11T21:20:00.000Z,1783804800000,161445753.2227,223125990.0006,-0.1604,384571743
2026-07-12 07:21,2026-07-11T21:21:00.000Z,1783804860000,159648436.1218,223867012.3839,-0.1674,383515449
2026-07-12 07:22,2026-07-11T21:22:00.000Z,1783804920000,158499615.8185,230028477.7591,-0.1841,388528094
2026-07-12 07:23,2026-07-11T21:23:00.000Z,1783804980000,158833536.3682,229641293.042,-0.1823,388474829
2026-07-12 07:24,2026-07-11T21:24:00.000Z,1783805040000,163129805.8535,221946527.934,-0.1527,385076334
2026-07-12 07:25,2026-07-11T21:25:00.000Z,1783805100000,161151801.9153,220334987.55,-0.1551,381486789
2026-07-12 07:26,2026-07-11T21:26:00.000Z,1783805160000,162657168.694,214530430.4484,-0.1375,377187599
2026-07-12 07:27,2026-07-11T21:27:00.000Z,1783805220000,166976779.126,218927407.777,-0.1346,385904187
2026-07-12 07:28,2026-07-11T21:28:00.000Z,1783805280000,164474215.2501,216012937.6567,-0.1355,380487153
2026-07-12 07:29,2026-07-11T21:29:00.000Z,1783805340000,159529687.7829,218131689.574,-0.1552,377661377
2026-07-12 07:30,2026-07-11T21:30:00.000Z,1783805400000,159719496.4293,217031780.1646,-0.1521,376751277
2026-07-12 07:31,2026-07-11T21:31:00.000Z,1783805460000,156583496.4973,217120341.237,-0.1620,373703838
2026-07-12 07:32,2026-07-11T21:32:00.000Z,1783805520000,158340846.7955,223825185.3973,-0.1714,382166032
2026-07-12 07:33,2026-07-11T21:33:00.000Z,1783805580000,155488809.231,221218612.7985,-0.1745,376707422
2026-07-12 07:34,2026-07-11T21:34:00.000Z,1783805640000,165371499.5695,210127567.6471,-0.1192,375499067
2026-07-12 07:35,2026-07-11T21:35:00.000Z,1783805700000,159466290.1898,213035092.2393,-0.1438,372501382
2026-07-12 07:36,2026-07-11T21:36:00.000Z,1783805760000,160950980.7383,217219509.637,-0.1488,378170490
2026-07-12 07:37,2026-07-11T21:37:00.000Z,1783805820000,158731294.8485,216807245.583,-0.1546,375538540
2026-07-12 07:38,2026-07-11T21:38:00.000Z,1783805880000,161830494.1335,216578739.944,-0.1447,378409234
2026-07-12 07:39,2026-07-11T21:39:00.000Z,1783805940000,157552480.6982,217155015.5198,-0.1591,374707496
2026-07-12 07:40,2026-07-11T21:40:00.000Z,1783806000000,159609130.6565,216389956.0302,-0.1510,375999087
2026-07-12 07:41,2026-07-11T21:41:00.000Z,1783806060000,164629837.3716,212045394.6529,-0.1259,376675232
2026-07-12 07:42,2026-07-11T21:42:00.000Z,1783806120000,160279963.0248,211514016.2294,-0.1378,371793979
2026-07-12 07:43,2026-07-11T21:43:00.000Z,1783806180000,160485370.8101,216840449.6016,-0.1494,377325820
2026-07-12 07:44,2026-07-11T21:44:00.000Z,1783806240000,159849146.3378,208897038.5159,-0.1330,368746185
2026-07-12 07:45,2026-07-11T21:45:00.000Z,1783806300000,163440296.2888,212472793.1633,-0.1304,375913089
2026-07-12 07:46,2026-07-11T21:46:00.000Z,1783806360000,153954588.2678,213553665.5716,-0.1622,367508254
2026-07-12 07:47,2026-07-11T21:47:00.000Z,1783806420000,160786476.1287,209671228.228,-0.1320,370457704
2026-07-12 07:48,2026-07-11T21:48:00.000Z,1783806480000,161285184.3987,217331353.7376,-0.1480,378616538
2026-07-12 07:49,2026-07-11T21:49:00.000Z,1783806540000,161301639.8455,218186896.531,-0.1499,379488536
2026-07-12 07:50,2026-07-11T21:50:00.000Z,1783806600000,161495723.1947,217503840.5276,-0.1478,378999564
2026-07-12 07:51,2026-07-11T21:51:00.000Z,1783806660000,158107666.2806,222919733.6821,-0.1701,381027400
2026-07-12 07:52,2026-07-11T21:52:00.000Z,1783806720000,160270220.6387,223102512.7277,-0.1639,383372733
2026-07-12 07:53,2026-07-11T21:53:00.000Z,1783806780000,161657262.4426,219879845.3115,-0.1526,381537108
2026-07-12 07:54,2026-07-11T21:54:00.000Z,1783806840000,163456499.9084,218943989.8606,-0.1451,382400490
2026-07-12 07:55,2026-07-11T21:55:00.000Z,1783806900000,165414320.6441,216613525.4197,-0.1340,382027846
2026-07-12 07:56,2026-07-11T21:56:00.000Z,1783806960000,166726889.802,216306811.9274,-0.1294,383033702
2026-07-12 07:57,2026-07-11T21:57:00.000Z,1783807020000,166966175.1696,216058672.0284,-0.1282,383024847
2026-07-12 07:58,2026-07-11T21:58:00.000Z,1783807080000,163369291.8938,217344733.4558,-0.1418,380714025
2026-07-12 07:59,2026-07-11T21:59:00.000Z,1783807140000,159198719.2027,214926310.787,-0.1490,374125030
2026-07-12 08:00,2026-07-11T22:00:00.000Z,1783807200000,161711610.2107,215557507.0478,-0.1427,377269117
2026-07-12 08:01,2026-07-11T22:01:00.000Z,1783807260000,167244356.622,216085262.1841,-0.1274,383329619
2026-07-12 08:02,2026-07-11T22:02:00.000Z,1783807320000,167787171.9915,217149479.434,-0.1282,384936651
2026-07-12 08:03,2026-07-11T22:03:00.000Z,1783807380000,164343303.9899,219323552.7036,-0.1433,383666857
2026-07-12 08:04,2026-07-11T22:04:00.000Z,1783807440000,168368474.4907,215847763.7089,-0.1236,384216238
2026-07-12 08:05,2026-07-11T22:05:00.000Z,1783807500000,165894707.6389,217859676.3719,-0.1354,383754384
2026-07-12 08:06,2026-07-11T22:06:00.000Z,1783807560000,159820461.884,210399423.8887,-0.1366,370219886
2026-07-12 08:07,2026-07-11T22:07:00.000Z,1783807620000,162852745.075,211932690.8934,-0.1310,374785436
2026-07-12 08:08,2026-07-11T22:08:00.000Z,1783807680000,167113639.1555,214452015.764,-0.1241,381565655
2026-07-12 08:09,2026-07-11T22:09:00.000Z,1783807740000,165705559.0472,214061171.7581,-0.1273,379766731
2026-07-12 08:10,2026-07-11T22:10:00.000Z,1783807800000,159911113.6906,219300784.4791,-0.1566,379211898
2026-07-12 08:11,2026-07-11T22:11:00.000Z,1783807860000,158630148.4311,221592678.2791,-0.1656,380222827
2026-07-12 08:12,2026-07-11T22:12:00.000Z,1783807920000,160064879.483,218152464.3033,-0.1536,378217344
2026-07-12 08:13,2026-07-11T22:13:00.000Z,1783807980000,160013691.6696,219126538.2889,-0.1559,379140230
2026-07-12 08:14,2026-07-11T22:14:00.000Z,1783808040000,159070379.332,218554784.5633,-0.1575,377625164
2026-07-12 08:15,2026-07-11T22:15:00.000Z,1783808100000,164572445.1977,214303120.0127,-0.1313,378875565
2026-07-12 08:16,2026-07-11T22:16:00.000Z,1783808160000,170502942.706,212501518.1534,-0.1097,383004461
2026-07-12 08:17,2026-07-11T22:17:00.000Z,1783808220000,165903799.1809,217106726.4565,-0.1337,383010526
2026-07-12 08:18,2026-07-11T22:18:00.000Z,1783808280000,167288400.3131,216603810.3925,-0.1285,383892211
2026-07-12 08:19,2026-07-11T22:19:00.000Z,1783808340000,174305538.1157,208315672.3828,-0.0889,382621210
2026-07-12 08:20,2026-07-11T22:20:00.000Z,1783808400000,170631696.6601,209330590.8877,-0.1018,379962288
2026-07-12 08:21,2026-07-11T22:21:00.000Z,1783808460000,175572723.8948,212670395.4804,-0.0956,388243119
2026-07-12 08:22,2026-07-11T22:22:00.000Z,1783808520000,171084174.6403,201383112.3352,-0.0813,372467287
2026-07-12 08:23,2026-07-11T22:23:00.000Z,1783808580000,167866797.9734,191283168.7865,-0.0652,359149967
2026-07-12 08:24,2026-07-11T22:24:00.000Z,1783808640000,160044577.6609,201239950.3723,-0.1140,361284528
2026-07-12 08:25,2026-07-11T22:25:00.000Z,1783808700000,159580877.5374,201767616.3126,-0.1167,361348494
2026-07-12 08:26,2026-07-11T22:26:00.000Z,1783808760000,162700182.0579,202168908.9903,-0.1082,364869091
2026-07-12 08:27,2026-07-11T22:27:00.000Z,1783808820000,165983024.7264,207011651.3347,-0.1100,372994676
2026-07-12 08:28,2026-07-11T22:28:00.000Z,1783808880000,161682849.048,218535052.7682,-0.1495,380217902
2026-07-12 08:29,2026-07-11T22:29:00.000Z,1783808940000,162012452.5943,216833976.4687,-0.1447,378846429
2026-07-12 08:30,2026-07-11T22:30:00.000Z,1783809000000,164645128.3176,203520035.7439,-0.1056,368165164
2026-07-12 08:31,2026-07-11T22:31:00.000Z,1783809060000,160548927.697,215439486.0048,-0.1460,375988414
2026-07-12 08:32,2026-07-11T22:32:00.000Z,1783809120000,161296403.4329,217034244.5723,-0.1473,378330648
2026-07-12 08:33,2026-07-11T22:33:00.000Z,1783809180000,161227052.3999,216828873.2703,-0.1471,378055926
2026-07-12 08:34,2026-07-11T22:34:00.000Z,1783809240000,161589895.9254,216686656.0004,-0.1457,378276552
2026-07-12 08:35,2026-07-11T22:35:00.000Z,1783809300000,163975214.2112,203030098.127,-0.1064,367005312
2026-07-12 08:36,2026-07-11T22:36:00.000Z,1783809360000,160738207.393,207217056.0582,-0.1263,367955263
2026-07-12 08:37,2026-07-11T22:37:00.000Z,1783809420000,161782955.5631,205326846.4385,-0.1186,367109802
2026-07-12 08:38,2026-07-11T22:38:00.000Z,1783809480000,158851631.0986,208007332.0595,-0.1340,366858963
2026-07-12 08:39,2026-07-11T22:39:00.000Z,1783809540000,158208671.5132,205027549.6977,-0.1289,363236221
2026-07-12 08:40,2026-07-11T22:40:00.000Z,1783809600000,175555791.2346,189882524.7222,-0.0392,365438316
2026-07-12 08:41,2026-07-11T22:41:00.000Z,1783809660000,159253818.9534,207539963.8898,-0.1316,366793783
2026-07-12 08:42,2026-07-11T22:42:00.000Z,1783809720000,163864759.7199,196493604.6524,-0.0905,360358364
2026-07-12 08:43,2026-07-11T22:43:00.000Z,1783809780000,160537751.5795,210820959.542,-0.1354,371358711
2026-07-12 08:44,2026-07-11T22:44:00.000Z,1783809840000,158258026.5512,209122685.63,-0.1385,367380712
2026-07-12 08:45,2026-07-11T22:45:00.000Z,1783809900000,157587924.407,212625464.6442,-0.1487,370213389
2026-07-12 08:46,2026-07-11T22:46:00.000Z,1783809960000,159041959.9659,211855334.7075,-0.1424,370897295
2026-07-12 08:47,2026-07-11T22:47:00.000Z,1783810020000,159636568.3051,211477843.8,-0.1397,371114412
2026-07-12 08:48,2026-07-11T22:48:00.000Z,1783810080000,157454780.8614,209563121.2019,-0.1420,367017902
2026-07-12 08:49,2026-07-11T22:49:00.000Z,1783810140000,158462530.1447,209065088.0729,-0.1377,367527618
2026-07-12 08:50,2026-07-11T22:50:00.000Z,1783810200000,166553200.4417,195313818.4479,-0.0795,361867019
2026-07-12 08:51,2026-07-11T22:51:00.000Z,1783810260000,168601675.3192,195276019.7476,-0.0733,363877695
2026-07-12 08:52,2026-07-11T22:52:00.000Z,1783810320000,172530613.6195,190115209.9436,-0.0485,362645824
2026-07-12 08:53,2026-07-11T22:53:00.000Z,1783810380000,170047024.1503,190100612.2665,-0.0557,360147636
2026-07-12 08:54,2026-07-11T22:54:00.000Z,1783810440000,167825850.0585,193839589.9186,-0.0719,361665440
2026-07-12 08:55,2026-07-11T22:55:00.000Z,1783810500000,168021484.4319,191042737.9744,-0.0641,359064222
2026-07-12 08:56,2026-07-11T22:56:00.000Z,1783810560000,164717639.8212,198189223.2103,-0.0922,362906863
2026-07-12 08:57,2026-07-11T22:57:00.000Z,1783810620000,164790503.6179,196711364.8416,-0.0883,361501868
2026-07-12 08:58,2026-07-11T22:58:00.000Z,1783810680000,164040174.5599,199388108.6732,-0.0973,363428283
2026-07-12 08:59,2026-07-11T22:59:00.000Z,1783810740000,161461728.5797,202192762.7273,-0.1120,363654491
2026-07-12 09:00,2026-07-11T23:00:00.000Z,1783810800000,160435824.9302,195899631.0804,-0.0995,356335456
2026-07-12 09:01,2026-07-11T23:01:00.000Z,1783810860000,163479326.6662,196167793.0753,-0.0909,359647120
2026-07-12 09:02,2026-07-11T23:02:00.000Z,1783810920000,165840914.757,197445910.8269,-0.0870,363286826
2026-07-12 09:03,2026-07-11T23:03:00.000Z,1783810980000,160221789.9985,201276595.3314,-0.1136,361498385
2026-07-12 09:04,2026-07-11T23:04:00.000Z,1783811040000,158291240.1071,210084598.0536,-0.1406,368375838
2026-07-12 09:05,2026-07-11T23:05:00.000Z,1783811100000,157875854.1179,210634502.4952,-0.1432,368510357
2026-07-12 09:06,2026-07-11T23:06:00.000Z,1783811160000,151968774.3092,203615031.7959,-0.1452,355583806
2026-07-12 09:07,2026-07-11T23:07:00.000Z,1783811220000,159257327.519,209405072.6341,-0.1360,368662400
2026-07-12 09:08,2026-07-11T23:08:00.000Z,1783811280000,167926650.7031,202654029.9395,-0.0937,370580681
2026-07-12 09:09,2026-07-11T23:09:00.000Z,1783811340000,177794709.1667,195515332.968,-0.0475,373310042
2026-07-12 09:10,2026-07-11T23:10:00.000Z,1783811400000,177676300.1162,191694504.1806,-0.0380,369370804
2026-07-12 09:11,2026-07-11T23:11:00.000Z,1783811460000,175118503.5094,191974829.7253,-0.0459,367093333
2026-07-12 09:12,2026-07-11T23:12:00.000Z,1783811520000,179477370.7998,203075061.8124,-0.0617,382552433
2026-07-12 09:13,2026-07-11T23:13:00.000Z,1783811580000,180363466.8337,196531265.5219,-0.0429,376894732
2026-07-12 09:14,2026-07-11T23:14:00.000Z,1783811640000,173216430.6925,179962368.7927,-0.0191,353178799
2026-07-12 09:15,2026-07-11T23:15:00.000Z,1783811700000,178230849.2862,190051149.3345,-0.0321,368281999
2026-07-12 09:16,2026-07-11T23:16:00.000Z,1783811760000,178645752.9377,189358075.7564,-0.0291,368003829
2026-07-12 09:17,2026-07-11T23:17:00.000Z,1783811820000,170240518.3576,198350739.238,-0.0763,368591258
2026-07-12 09:18,2026-07-11T23:18:00.000Z,1783811880000,169300739.9583,193962193.053,-0.0679,363262933
2026-07-12 09:19,2026-07-11T23:19:00.000Z,1783811940000,170870378.8511,188029483.5007,-0.0478,358899862
2026-07-12 09:20,2026-07-11T23:20:00.000Z,1783812000000,173559098.5375,181243845.2965,-0.0217,354802944
2026-07-12 09:21,2026-07-11T23:21:00.000Z,1783812060000,179945987.2378,169038134.1613,0.0313,348984121
2026-07-12 09:22,2026-07-11T23:22:00.000Z,1783812120000,170159680.7293,152201060.4291,0.0557,322360741
2026-07-12 09:23,2026-07-11T23:23:00.000Z,1783812180000,163665395.486,140288782.0362,0.0769,303954178
2026-07-12 09:24,2026-07-11T23:24:00.000Z,1783812240000,169284587.24,154643212.4592,0.0452,323927800
2026-07-12 09:25,2026-07-11T23:25:00.000Z,1783812300000,177815937.9924,145739389.2016,0.0991,323555327
2026-07-12 09:26,2026-07-11T23:26:00.000Z,1783812360000,174436836.9821,122821341.9722,0.1736,297258179
2026-07-12 09:27,2026-07-11T23:27:00.000Z,1783812420000,182693426.7445,140443338.1111,0.1307,323136765
2026-07-12 09:28,2026-07-11T23:28:00.000Z,1783812480000,170873129.7986,137216803.5275,0.1092,308089933
2026-07-12 09:29,2026-07-11T23:29:00.000Z,1783812540000,169655120.5429,145315894.8753,0.0773,314971015
2026-07-12 09:30,2026-07-11T23:30:00.000Z,1783812600000,173886110.9258,145852932.9637,0.0877,319739044
2026-07-12 09:31,2026-07-11T23:31:00.000Z,1783812660000,171205135.4355,142961528.9412,0.0899,314166664
2026-07-12 09:32,2026-07-11T23:32:00.000Z,1783812720000,186373637.0851,126521250.5489,0.1913,312894888
2026-07-12 09:33,2026-07-11T23:33:00.000Z,1783812780000,186981679.3396,121867838.038,0.2108,308849517
2026-07-12 09:34,2026-07-11T23:34:00.000Z,1783812840000,174394227.3986,137159275.9233,0.1195,311553503
2026-07-12 09:35,2026-07-11T23:35:00.000Z,1783812900000,178851437.6034,131502084.7212,0.1526,310353522
2026-07-12 09:36,2026-07-11T23:36:00.000Z,1783812960000,177289018.404,125610370.9471,0.1706,302899389
2026-07-12 09:37,2026-07-11T23:37:00.000Z,1783813020000,177539708.2537,133140825.6001,0.1429,310680534
2026-07-12 09:38,2026-07-11T23:38:00.000Z,1783813080000,178583894.503,134729479.0864,0.1400,313313374
2026-07-12 09:39,2026-07-11T23:39:00.000Z,1783813140000,169170546.7604,136695081.8638,0.1062,305865629
2026-07-12 09:40,2026-07-11T23:40:00.000Z,1783813200000,183916670.3156,127040040.8012,0.1829,310956711
2026-07-12 09:41,2026-07-11T23:41:00.000Z,1783813260000,177838575.2107,135745528.771,0.1342,313584104
2026-07-12 09:42,2026-07-11T23:42:00.000Z,1783813320000,181192786.2111,131410108.3939,0.1593,312602895
2026-07-12 09:43,2026-07-11T23:43:00.000Z,1783813380000,178560945.8147,133906605.3216,0.1429,312467551
2026-07-12 09:44,2026-07-11T23:44:00.000Z,1783813440000,171086089.7401,125715134.2499,0.1529,296801224
2026-07-12 09:45,2026-07-11T23:45:00.000Z,1783813500000,178830853.0729,132813796.5027,0.1477,311644650
2026-07-12 09:46,2026-07-11T23:46:00.000Z,1783813560000,173153352.6279,133799524.6846,0.1282,306952877
2026-07-12 09:47,2026-07-11T23:47:00.000Z,1783813620000,175734001.4337,128870139.2224,0.1539,304604141
