qld_time,utc_time,ms,bids_usd,asks_usd,imbalance,total
2026-07-09 06:48,2026-07-08T20:48:00.000Z,1783543680000,60316102.4614,60862982.1647,-0.0045,121179085
2026-07-09 06:49,2026-07-08T20:49:00.000Z,1783543740000,61762727.3755,60032830.0477,0.0142,121795557
2026-07-09 06:50,2026-07-08T20:50:00.000Z,1783543800000,62269487.9542,60188590.8891,0.0170,122458079
2026-07-09 06:51,2026-07-08T20:51:00.000Z,1783543860000,60557215.6696,61250343.6546,-0.0057,121807559
2026-07-09 06:52,2026-07-08T20:52:00.000Z,1783543920000,59606755.3537,67352882.1566,-0.0610,126959638
2026-07-09 06:53,2026-07-08T20:53:00.000Z,1783543980000,65992259.1113,57615256.1681,0.0678,123607515
2026-07-09 06:54,2026-07-08T20:54:00.000Z,1783544040000,67359610.7013,55017695.8721,0.1009,122377307
2026-07-09 06:55,2026-07-08T20:55:00.000Z,1783544100000,65114762.8551,56294448.9357,0.0726,121409212
2026-07-09 06:56,2026-07-08T20:56:00.000Z,1783544160000,70443159.1043,54382483.9697,0.1287,124825643
2026-07-09 06:57,2026-07-08T20:57:00.000Z,1783544220000,60909242.4708,59067866.8505,0.0153,119977109
2026-07-09 06:58,2026-07-08T20:58:00.000Z,1783544280000,60905217.8054,61764247.1374,-0.0070,122669465
2026-07-09 06:59,2026-07-08T20:59:00.000Z,1783544340000,61416213.8552,61779341.3693,-0.0029,123195555
2026-07-09 07:00,2026-07-08T21:00:00.000Z,1783544400000,59154348.3416,57393714.0764,0.0151,116548062
2026-07-09 07:01,2026-07-08T21:01:00.000Z,1783544460000,62818321.6018,52762756.7016,0.0870,115581078
2026-07-09 07:02,2026-07-08T21:02:00.000Z,1783544520000,64290447.0712,54940850.2476,0.0784,119231297
2026-07-09 07:03,2026-07-08T21:03:00.000Z,1783544580000,60097100.6187,54001964.182,0.0534,114099065
2026-07-09 07:04,2026-07-08T21:04:00.000Z,1783544640000,61027358.4129,64121259.3453,-0.0247,125148618
2026-07-09 07:05,2026-07-08T21:05:00.000Z,1783544700000,63146465.3841,60527219.96,0.0212,123673685
2026-07-09 07:06,2026-07-08T21:06:00.000Z,1783544760000,62223608.4836,61523234.9368,0.0057,123746843
2026-07-09 07:07,2026-07-08T21:07:00.000Z,1783544820000,65840383.6138,59220413.2603,0.0529,125060797
2026-07-09 07:08,2026-07-08T21:08:00.000Z,1783544880000,67400499.0976,55892449.8255,0.0933,123292949
2026-07-09 07:09,2026-07-08T21:09:00.000Z,1783544940000,68105912.8438,55336121.949,0.1034,123442035
2026-07-09 07:10,2026-07-08T21:10:00.000Z,1783545000000,59938612.5296,51985188.9729,0.0711,111923802
2026-07-09 07:11,2026-07-08T21:11:00.000Z,1783545060000,62999608.3689,47929841.9203,0.1359,110929450
2026-07-09 07:12,2026-07-08T21:12:00.000Z,1783545120000,59645555.9508,49478226.2604,0.0932,109123782
2026-07-09 07:13,2026-07-08T21:13:00.000Z,1783545180000,65882814.3056,43865092.7072,0.2006,109747907
2026-07-09 07:14,2026-07-08T21:14:00.000Z,1783545240000,60464161.5329,46634918.5891,0.1291,107099080
2026-07-09 07:15,2026-07-08T21:15:00.000Z,1783545300000,57787650.3312,48958877.1439,0.0827,106746527
2026-07-09 07:16,2026-07-08T21:16:00.000Z,1783545360000,56230410.5549,49234438.9674,0.0663,105464850
2026-07-09 07:17,2026-07-08T21:17:00.000Z,1783545420000,57996260.4924,48441074.0736,0.0898,106437335
2026-07-09 07:18,2026-07-08T21:18:00.000Z,1783545480000,52854797.2735,55852172.9964,-0.0276,108706970
2026-07-09 07:19,2026-07-08T21:19:00.000Z,1783545540000,55666103.9717,51986014.97,0.0342,107652119
2026-07-09 07:20,2026-07-08T21:20:00.000Z,1783545600000,55289178.5091,51788704.5901,0.0327,107077883
2026-07-09 07:21,2026-07-08T21:21:00.000Z,1783545660000,54899234.7442,51518301.5485,0.0318,106417536
2026-07-09 07:22,2026-07-08T21:22:00.000Z,1783545720000,56645964.2133,59896235.0349,-0.0279,116542199
2026-07-09 07:23,2026-07-08T21:23:00.000Z,1783545780000,52625490.0712,62962633.7873,-0.0894,115588124
2026-07-09 07:24,2026-07-08T21:24:00.000Z,1783545840000,51045227.865,61881791.0499,-0.0960,112927019
2026-07-09 07:25,2026-07-08T21:25:00.000Z,1783545900000,52022490.0018,61238037.6015,-0.0814,113260528
2026-07-09 07:26,2026-07-08T21:26:00.000Z,1783545960000,52709450.171,61174008.0016,-0.0743,113883458
2026-07-09 07:27,2026-07-08T21:27:00.000Z,1783546020000,51018167.8151,54971125.3612,-0.0373,105989293
2026-07-09 07:28,2026-07-08T21:28:00.000Z,1783546080000,48617639.7843,53839820.1939,-0.0510,102457460
2026-07-09 07:29,2026-07-08T21:29:00.000Z,1783546140000,49582440.6242,49822929.5694,-0.0024,99405370
2026-07-09 07:30,2026-07-08T21:30:00.000Z,1783546200000,47049353.9935,52899864.5387,-0.0585,99949219
2026-07-09 07:31,2026-07-08T21:31:00.000Z,1783546260000,46816026.5418,51719338.7764,-0.0498,98535365
2026-07-09 07:32,2026-07-08T21:32:00.000Z,1783546320000,45053761.0866,50777527.5979,-0.0597,95831289
2026-07-09 07:33,2026-07-08T21:33:00.000Z,1783546380000,46968901.729,49750861.5901,-0.0288,96719763
2026-07-09 07:34,2026-07-08T21:34:00.000Z,1783546440000,47356554.1026,48629840.3479,-0.0133,95986394
2026-07-09 07:35,2026-07-08T21:35:00.000Z,1783546500000,49433859.0443,48931806.8981,0.0051,98365666
2026-07-09 07:36,2026-07-08T21:36:00.000Z,1783546560000,50998234.1728,40707077.369,0.1122,91705312
2026-07-09 07:37,2026-07-08T21:37:00.000Z,1783546620000,51172444.8382,49773671.5291,0.0139,100946116
2026-07-09 07:38,2026-07-08T21:38:00.000Z,1783546680000,48358178.7332,53060478.8698,-0.0464,101418658
2026-07-09 07:39,2026-07-08T21:39:00.000Z,1783546740000,49723943.3358,50159956.6257,-0.0044,99883900
2026-07-09 07:40,2026-07-08T21:40:00.000Z,1783546800000,49384316.6449,49848327.5538,-0.0047,99232644
2026-07-09 07:41,2026-07-08T21:41:00.000Z,1783546860000,49454424.3433,51319697.5572,-0.0185,100774122
2026-07-09 07:42,2026-07-08T21:42:00.000Z,1783546920000,50509320.4848,50003675.5198,0.0050,100512996
2026-07-09 07:43,2026-07-08T21:43:00.000Z,1783546980000,48801125.002,51488502.6667,-0.0268,100289628
2026-07-09 07:44,2026-07-08T21:44:00.000Z,1783547040000,53287803.8076,48127983.0187,0.0509,101415787
2026-07-09 07:45,2026-07-08T21:45:00.000Z,1783547100000,54762151.4529,46590843.4193,0.0806,101352995
2026-07-09 07:46,2026-07-08T21:46:00.000Z,1783547160000,46910759.7998,52744269.3354,-0.0585,99655029
2026-07-09 07:47,2026-07-08T21:47:00.000Z,1783547220000,44802546.5058,51940071.1438,-0.0738,96742618
2026-07-09 07:48,2026-07-08T21:48:00.000Z,1783547280000,44991194.0034,55620442.8431,-0.1056,100611637
2026-07-09 07:49,2026-07-08T21:49:00.000Z,1783547340000,46728556.2276,55025704.4348,-0.0815,101754261
2026-07-09 07:50,2026-07-08T21:50:00.000Z,1783547400000,47503900.2201,51929563.1902,-0.0445,99433463
2026-07-09 07:51,2026-07-08T21:51:00.000Z,1783547460000,50402480.0566,49315073.7552,0.0109,99717554
2026-07-09 07:52,2026-07-08T21:52:00.000Z,1783547520000,49115211.2232,51236975.1815,-0.0211,100352186
2026-07-09 07:53,2026-07-08T21:53:00.000Z,1783547580000,49396582.2909,51942061.0278,-0.0251,101338643
2026-07-09 07:54,2026-07-08T21:54:00.000Z,1783547640000,47024990.9822,49004323.333,-0.0206,96029314
2026-07-09 07:55,2026-07-08T21:55:00.000Z,1783547700000,45702996.5885,58602798.5996,-0.1237,104305795
2026-07-09 07:56,2026-07-08T21:56:00.000Z,1783547760000,45632843.4696,62584162.7996,-0.1566,108217006
2026-07-09 07:57,2026-07-08T21:57:00.000Z,1783547820000,50010067.846,57159006.6889,-0.0667,107169075
2026-07-09 07:58,2026-07-08T21:58:00.000Z,1783547880000,48459901.3603,59412631.1414,-0.1015,107872533
2026-07-09 07:59,2026-07-08T21:59:00.000Z,1783547940000,60708075.0472,54057474.1982,0.0579,114765549
2026-07-09 08:00,2026-07-08T22:00:00.000Z,1783548000000,55059545.2667,51629839.4869,0.0321,106689385
2026-07-09 08:01,2026-07-08T22:01:00.000Z,1783548060000,52089596.3747,66095634.5758,-0.1185,118185231
2026-07-09 08:02,2026-07-08T22:02:00.000Z,1783548120000,54565701.3009,61689459.984,-0.0613,116255161
2026-07-09 08:03,2026-07-08T22:03:00.000Z,1783548180000,51580090.7034,66262595.6935,-0.1246,117842686
2026-07-09 08:04,2026-07-08T22:04:00.000Z,1783548240000,54128120.9655,67546244.6947,-0.1103,121674366
2026-07-09 08:05,2026-07-08T22:05:00.000Z,1783548300000,56610750.7269,62278703.605,-0.0477,118889454
2026-07-09 08:06,2026-07-08T22:06:00.000Z,1783548360000,57571510.508,61839380.418,-0.0357,119410891
2026-07-09 08:07,2026-07-08T22:07:00.000Z,1783548420000,55287121.9181,69157275.9201,-0.1115,124444398
2026-07-09 08:08,2026-07-08T22:08:00.000Z,1783548480000,59458041.9432,63419855.6302,-0.0322,122877898
2026-07-09 08:09,2026-07-08T22:09:00.000Z,1783548540000,64965525.1885,55497875.846,0.0786,120463401
2026-07-09 08:10,2026-07-08T22:10:00.000Z,1783548600000,62376447.2799,57503285.0434,0.0407,119879732
2026-07-09 08:11,2026-07-08T22:11:00.000Z,1783548660000,62156273.4514,55113931.7692,0.0601,117270205
2026-07-09 08:12,2026-07-08T22:12:00.000Z,1783548720000,57826746.8443,61285426.506,-0.0290,119112173
2026-07-09 08:13,2026-07-08T22:13:00.000Z,1783548780000,62191762.5459,55970364.2842,0.0527,118162127
2026-07-09 08:14,2026-07-08T22:14:00.000Z,1783548840000,62979198.382,55257013.9386,0.0653,118236212
2026-07-09 08:15,2026-07-08T22:15:00.000Z,1783548900000,64746734.9998,54868959.3874,0.0826,119615694
2026-07-09 08:16,2026-07-08T22:16:00.000Z,1783548960000,60950467.2525,58340965.5001,0.0219,119291433
2026-07-09 08:17,2026-07-08T22:17:00.000Z,1783549020000,56953967.3166,61540751.1703,-0.0387,118494718
2026-07-09 08:18,2026-07-08T22:18:00.000Z,1783549080000,61018966.2798,57686329.3603,0.0281,118705296
2026-07-09 08:19,2026-07-08T22:19:00.000Z,1783549140000,66171460.973,50860373.4212,0.1308,117031834
2026-07-09 08:20,2026-07-08T22:20:00.000Z,1783549200000,60954436.4828,58013130.1393,0.0247,118967567
2026-07-09 08:21,2026-07-08T22:21:00.000Z,1783549260000,67363353.4131,53358253.5207,0.1160,120721607
2026-07-09 08:22,2026-07-08T22:22:00.000Z,1783549320000,64302794.432,54344570.6027,0.0839,118647365
2026-07-09 08:23,2026-07-08T22:23:00.000Z,1783549380000,59600397.1903,57305605.0735,0.0196,116906002
2026-07-09 08:24,2026-07-08T22:24:00.000Z,1783549440000,57703603.7795,60701568.021,-0.0253,118405172
2026-07-09 08:25,2026-07-08T22:25:00.000Z,1783549500000,55607104.711,67076915.8308,-0.0935,122684021
2026-07-09 08:26,2026-07-08T22:26:00.000Z,1783549560000,57725373.641,61436128.8013,-0.0311,119161502
2026-07-09 08:27,2026-07-08T22:27:00.000Z,1783549620000,60091801.3377,59087027.2574,0.0084,119178829
2026-07-09 08:28,2026-07-08T22:28:00.000Z,1783549680000,57881728.6376,59016270.1175,-0.0097,116897999
2026-07-09 08:29,2026-07-08T22:29:00.000Z,1783549740000,57267937.3552,60802599.8392,-0.0299,118070537
2026-07-09 08:30,2026-07-08T22:30:00.000Z,1783549800000,51597141.4109,61535089.1633,-0.0878,113132231
2026-07-09 08:31,2026-07-08T22:31:00.000Z,1783549860000,61936697.187,56683070.4377,0.0443,118619768
2026-07-09 08:32,2026-07-08T22:32:00.000Z,1783549920000,57018814.271,60592157.0315,-0.0304,117610971
2026-07-09 08:33,2026-07-08T22:33:00.000Z,1783549980000,58866795.9292,57321314.5111,0.0133,116188110
2026-07-09 08:34,2026-07-08T22:34:00.000Z,1783550040000,56937477.0981,62865059.1344,-0.0495,119802536
2026-07-09 08:35,2026-07-08T22:35:00.000Z,1783550100000,55411916.2451,66437153.1673,-0.0905,121849069
2026-07-09 08:36,2026-07-08T22:36:00.000Z,1783550160000,61374096.8892,56859571.1328,0.0382,118233668
2026-07-09 08:37,2026-07-08T22:37:00.000Z,1783550220000,59211853.545,62296487.0362,-0.0254,121508341
2026-07-09 08:38,2026-07-08T22:38:00.000Z,1783550280000,63519319.2256,56278369.8478,0.0604,119797689
2026-07-09 08:39,2026-07-08T22:39:00.000Z,1783550340000,60894982.2023,57463792.0075,0.0290,118358774
2026-07-09 08:40,2026-07-08T22:40:00.000Z,1783550400000,60295450.9976,58381719.4021,0.0161,118677170
2026-07-09 08:41,2026-07-08T22:41:00.000Z,1783550460000,55020448.2784,67277114.2982,-0.1002,122297563
2026-07-09 08:42,2026-07-08T22:42:00.000Z,1783550520000,56434111.7191,65495777.2699,-0.0743,121929889
2026-07-09 08:43,2026-07-08T22:43:00.000Z,1783550580000,55936135.9475,64259500.6681,-0.0692,120195637
2026-07-09 08:44,2026-07-08T22:44:00.000Z,1783550640000,56421058.5472,63903447.0523,-0.0622,120324506
2026-07-09 08:45,2026-07-08T22:45:00.000Z,1783550700000,56375784.7586,64803951.4557,-0.0696,121179736
2026-07-09 08:46,2026-07-08T22:46:00.000Z,1783550760000,54788171.0263,65467454.5969,-0.0888,120255626
2026-07-09 08:47,2026-07-08T22:47:00.000Z,1783550820000,56918680.4434,63768095.1405,-0.0568,120686776
2026-07-09 08:48,2026-07-08T22:48:00.000Z,1783550880000,60038931.431,62774623.1745,-0.0223,122813555
2026-07-09 08:49,2026-07-08T22:49:00.000Z,1783550940000,60109518.4425,62252950.4311,-0.0175,122362469
2026-07-09 08:50,2026-07-08T22:50:00.000Z,1783551000000,58344045.6857,63849863.8553,-0.0451,122193910
2026-07-09 08:51,2026-07-08T22:51:00.000Z,1783551060000,62527258.2429,57332230.1171,0.0433,119859488
2026-07-09 08:52,2026-07-08T22:52:00.000Z,1783551120000,60865200.8641,60492407.5666,0.0031,121357608
2026-07-09 08:53,2026-07-08T22:53:00.000Z,1783551180000,58102992.8255,65073247.3462,-0.0566,123176240
2026-07-09 08:54,2026-07-08T22:54:00.000Z,1783551240000,62817453.5493,58490662.373,0.0357,121308116
2026-07-09 08:55,2026-07-08T22:55:00.000Z,1783551300000,59669496.5995,52615248.6488,0.0628,112284745
2026-07-09 08:56,2026-07-08T22:56:00.000Z,1783551360000,61614907.2958,56297526.2306,0.0451,117912434
2026-07-09 08:57,2026-07-08T22:57:00.000Z,1783551420000,57646282.9348,64014299.0207,-0.0523,121660582
2026-07-09 08:58,2026-07-08T22:58:00.000Z,1783551480000,54888105.4548,65770221.03,-0.0902,120658326
2026-07-09 08:59,2026-07-08T22:59:00.000Z,1783551540000,51783874.9602,66825848.7007,-0.1268,118609724
2026-07-09 09:00,2026-07-08T23:00:00.000Z,1783551600000,47251601.4573,63048200.3932,-0.1432,110299802
2026-07-09 09:01,2026-07-08T23:01:00.000Z,1783551660000,54409122.3359,61862588.7602,-0.0641,116271711
2026-07-09 09:02,2026-07-08T23:02:00.000Z,1783551720000,53439492.9722,64473538.2921,-0.0936,117913031
2026-07-09 09:03,2026-07-08T23:03:00.000Z,1783551780000,55017520.5383,57274890.6575,-0.0201,112292411
2026-07-09 09:04,2026-07-08T23:04:00.000Z,1783551840000,55419613.1236,65347189.2816,-0.0822,120766802
2026-07-09 09:05,2026-07-08T23:05:00.000Z,1783551900000,55707379.3875,65894264.2344,-0.0838,121601644
2026-07-09 09:06,2026-07-08T23:06:00.000Z,1783551960000,55277411.2721,66678619.1562,-0.0935,121956030
2026-07-09 09:07,2026-07-08T23:07:00.000Z,1783552020000,54307777.5889,67719928.6325,-0.1099,122027706
2026-07-09 09:08,2026-07-08T23:08:00.000Z,1783552080000,55384695.5579,66164681.9106,-0.0887,121549377
2026-07-09 09:09,2026-07-08T23:09:00.000Z,1783552140000,56067464.7408,61884972.3747,-0.0493,117952437
2026-07-09 09:10,2026-07-08T23:10:00.000Z,1783552200000,58186882.1684,64205292.1595,-0.0492,122392174
2026-07-09 09:11,2026-07-08T23:11:00.000Z,1783552260000,57507026.1422,64650083.766,-0.0585,122157110
2026-07-09 09:12,2026-07-08T23:12:00.000Z,1783552320000,54260430.2372,71276111.5938,-0.1355,125536542
2026-07-09 09:13,2026-07-08T23:13:00.000Z,1783552380000,60202183.3425,65787998.5038,-0.0443,125990182
2026-07-09 09:14,2026-07-08T23:14:00.000Z,1783552440000,60182518.7643,65491222.5191,-0.0422,125673741
2026-07-09 09:15,2026-07-08T23:15:00.000Z,1783552500000,63216346.6039,65626464.6917,-0.0187,128842811
2026-07-09 09:16,2026-07-08T23:16:00.000Z,1783552560000,64263659.4261,64548909.9225,-0.0022,128812569
2026-07-09 09:17,2026-07-08T23:17:00.000Z,1783552620000,63577198.0172,64579053.8131,-0.0078,128156252
2026-07-09 09:18,2026-07-08T23:18:00.000Z,1783552680000,64702677.8387,62054558.561,0.0209,126757236
2026-07-09 09:19,2026-07-08T23:19:00.000Z,1783552740000,63814891.1072,63439982.2956,0.0029,127254873
2026-07-09 09:20,2026-07-08T23:20:00.000Z,1783552800000,65681016.39,61060278.8073,0.0365,126741295
2026-07-09 09:21,2026-07-08T23:21:00.000Z,1783552860000,63572072.1758,60815308.6562,0.0222,124387381
2026-07-09 09:22,2026-07-08T23:22:00.000Z,1783552920000,61955613.7461,61190244.8908,0.0062,123145859
2026-07-09 09:23,2026-07-08T23:23:00.000Z,1783552980000,59867781.5263,63304242.567,-0.0279,123172024
2026-07-09 09:24,2026-07-08T23:24:00.000Z,1783553040000,49738988.1865,58882720.0434,-0.0842,108621708
2026-07-09 09:25,2026-07-08T23:25:00.000Z,1783553100000,63448629.7629,63379540.1043,0.0005,126828170
2026-07-09 09:26,2026-07-08T23:26:00.000Z,1783553160000,64287746.2842,62344365.1176,0.0153,126632111
2026-07-09 09:27,2026-07-08T23:27:00.000Z,1783553220000,62047238.9014,62688703.5206,-0.0051,124735942
2026-07-09 09:28,2026-07-08T23:28:00.000Z,1783553280000,61836120.2267,62737518.1723,-0.0072,124573638
2026-07-09 09:29,2026-07-08T23:29:00.000Z,1783553340000,64035098.4321,61460679.8799,0.0205,125495778
2026-07-09 09:30,2026-07-08T23:30:00.000Z,1783553400000,58128768.2073,67882973.7406,-0.0774,126011742
2026-07-09 09:31,2026-07-08T23:31:00.000Z,1783553460000,65000691.2681,59695652.0508,0.0425,124696343
2026-07-09 09:32,2026-07-08T23:32:00.000Z,1783553520000,66348530.5985,61845765.5812,0.0351,128194296
2026-07-09 09:33,2026-07-08T23:33:00.000Z,1783553580000,55966075.6281,72970199.0672,-0.1319,128936275
2026-07-09 09:34,2026-07-08T23:34:00.000Z,1783553640000,53218509.097,71373004.5548,-0.1457,124591514
2026-07-09 09:35,2026-07-08T23:35:00.000Z,1783553700000,61650327.2134,64307046.9193,-0.0211,125957374
2026-07-09 09:36,2026-07-08T23:36:00.000Z,1783553760000,59500708.0147,66192245.4339,-0.0532,125692953
2026-07-09 09:37,2026-07-08T23:37:00.000Z,1783553820000,59067377.8709,66153012.4344,-0.0566,125220390
2026-07-09 09:38,2026-07-08T23:38:00.000Z,1783553880000,59088088.2063,68400802.9648,-0.0730,127488891
2026-07-09 09:39,2026-07-08T23:39:00.000Z,1783553940000,60740081.8807,63858120.0456,-0.0250,124598202
2026-07-09 09:40,2026-07-08T23:40:00.000Z,1783554000000,63674384.1362,63709658.2931,-0.0003,127384042
2026-07-09 09:41,2026-07-08T23:41:00.000Z,1783554060000,62169278.4915,66619698.2987,-0.0346,128788977
2026-07-09 09:42,2026-07-08T23:42:00.000Z,1783554120000,59276181.1366,65790146.9202,-0.0521,125066328
2026-07-09 09:43,2026-07-08T23:43:00.000Z,1783554180000,62150756.3337,64286930.8692,-0.0169,126437687
2026-07-09 09:44,2026-07-08T23:44:00.000Z,1783554240000,58231261.8242,66948481.7368,-0.0696,125179744
2026-07-09 09:45,2026-07-08T23:45:00.000Z,1783554300000,55586250.3767,69900699.2746,-0.1141,125486950
2026-07-09 09:46,2026-07-08T23:46:00.000Z,1783554360000,54102522.2237,69860771.9272,-0.1271,123963294
2026-07-09 09:47,2026-07-08T23:47:00.000Z,1783554420000,62252527.3212,61806391.0098,0.0036,124058918
2026-07-09 09:48,2026-07-08T23:48:00.000Z,1783554480000,58744981.8664,66009243.2234,-0.0582,124754225
2026-07-09 09:49,2026-07-08T23:49:00.000Z,1783554540000,55153675.6375,63812455.998,-0.0728,118966132
2026-07-09 09:50,2026-07-08T23:50:00.000Z,1783554600000,59151618.3098,63818816.1422,-0.0380,122970434
2026-07-09 09:51,2026-07-08T23:51:00.000Z,1783554660000,59140313.8662,63538646.5815,-0.0359,122678960
2026-07-09 09:52,2026-07-08T23:52:00.000Z,1783554720000,57587478.1961,72587497.7947,-0.1152,130174976
2026-07-09 09:53,2026-07-08T23:53:00.000Z,1783554780000,59199916.277,66670027.1642,-0.0593,125869943
2026-07-09 09:54,2026-07-08T23:54:00.000Z,1783554840000,56700106.7188,72327888.6083,-0.1211,129027995
2026-07-09 09:55,2026-07-08T23:55:00.000Z,1783554900000,58447169.352,70332133.9507,-0.0923,128779303
2026-07-09 09:56,2026-07-08T23:56:00.000Z,1783554960000,56308466.1205,72224197.7748,-0.1238,128532664
2026-07-09 09:57,2026-07-08T23:57:00.000Z,1783555020000,53386521.4733,74808573.4312,-0.1671,128195095
2026-07-09 09:58,2026-07-08T23:58:00.000Z,1783555080000,53921200.0966,74555311.2395,-0.1606,128476511
2026-07-09 09:59,2026-07-08T23:59:00.000Z,1783555140000,59229202.7247,70329690.0748,-0.0857,129558893
2026-07-09 10:00,2026-07-09T00:00:00.000Z,1783555200000,54319251.4029,62488838.4572,-0.0699,116808090
2026-07-09 10:01,2026-07-09T00:01:00.000Z,1783555260000,63067000.7317,64052403.4931,-0.0078,127119404
2026-07-09 10:02,2026-07-09T00:02:00.000Z,1783555320000,65874093.4749,62551090.7376,0.0259,128425184
2026-07-09 10:03,2026-07-09T00:03:00.000Z,1783555380000,63560530.0632,64957147.719,-0.0109,128517678
2026-07-09 10:04,2026-07-09T00:04:00.000Z,1783555440000,62838932.4764,67241789.6976,-0.0338,130080722
2026-07-09 10:05,2026-07-09T00:05:00.000Z,1783555500000,62558381.486,66831181.9996,-0.0330,129389563
2026-07-09 10:06,2026-07-09T00:06:00.000Z,1783555560000,61359053.6725,68428146.7603,-0.0545,129787200
2026-07-09 10:07,2026-07-09T00:07:00.000Z,1783555620000,63059695.4821,66352113.5867,-0.0254,129411809
2026-07-09 10:08,2026-07-09T00:08:00.000Z,1783555680000,62145153.612,67256344.4329,-0.0395,129401498
2026-07-09 10:09,2026-07-09T00:09:00.000Z,1783555740000,61303815.743,66985391.2836,-0.0443,128289207
2026-07-09 10:10,2026-07-09T00:10:00.000Z,1783555800000,64557106.46,60490541.3825,0.0325,125047648
2026-07-09 10:11,2026-07-09T00:11:00.000Z,1783555860000,62610321.631,62344189.2747,0.0021,124954511
2026-07-09 10:12,2026-07-09T00:12:00.000Z,1783555920000,58068188.7942,70606919.5173,-0.0974,128675108
2026-07-09 10:13,2026-07-09T00:13:00.000Z,1783555980000,55622111.5477,70929047.702,-0.1210,126551159
2026-07-09 10:14,2026-07-09T00:14:00.000Z,1783556040000,58602072.8509,69138358.6574,-0.0825,127740432
2026-07-09 10:15,2026-07-09T00:15:00.000Z,1783556100000,60917638.3099,65511066.7663,-0.0363,126428705
2026-07-09 10:16,2026-07-09T00:16:00.000Z,1783556160000,61350262.4391,66259075.2689,-0.0385,127609338
2026-07-09 10:17,2026-07-09T00:17:00.000Z,1783556220000,67161462.0764,60528040.9405,0.0519,127689503
2026-07-09 10:18,2026-07-09T00:18:00.000Z,1783556280000,65683275.7497,63716879.37,0.0152,129400155
2026-07-09 10:19,2026-07-09T00:19:00.000Z,1783556340000,63716042.012,60259854.8784,0.0279,123975897
2026-07-09 10:20,2026-07-09T00:20:00.000Z,1783556400000,61613916.9863,60791989.4818,0.0067,122405906
2026-07-09 10:21,2026-07-09T00:21:00.000Z,1783556460000,55741547.971,58423827.2997,-0.0235,114165375
2026-07-09 10:22,2026-07-09T00:22:00.000Z,1783556520000,63172812.7816,60806433.8638,0.0191,123979247
2026-07-09 10:23,2026-07-09T00:23:00.000Z,1783556580000,64705166.3696,61270352.6315,0.0273,125975519
2026-07-09 10:24,2026-07-09T00:24:00.000Z,1783556640000,61483633.1302,54147233.2928,0.0634,115630866
2026-07-09 10:25,2026-07-09T00:25:00.000Z,1783556700000,65799201.3123,62613368.8929,0.0248,128412570
2026-07-09 10:26,2026-07-09T00:26:00.000Z,1783556760000,68629171.9615,57612138.0066,0.0873,126241310
2026-07-09 10:27,2026-07-09T00:27:00.000Z,1783556820000,57590285.5255,59327220.989,-0.0149,116917507
2026-07-09 10:28,2026-07-09T00:28:00.000Z,1783556880000,59538565.4553,66479770.7801,-0.0551,126018336
2026-07-09 10:29,2026-07-09T00:29:00.000Z,1783556940000,58392929.833,67868329.5129,-0.0750,126261259
2026-07-09 10:30,2026-07-09T00:30:00.000Z,1783557000000,57163746.3785,68636248.02,-0.0912,125799994
2026-07-09 10:31,2026-07-09T00:31:00.000Z,1783557060000,64023634.5181,65787346.6003,-0.0136,129810981
2026-07-09 10:32,2026-07-09T00:32:00.000Z,1783557120000,67793628.4688,60178250.0165,0.0595,127971878
2026-07-09 10:33,2026-07-09T00:33:00.000Z,1783557180000,61111721.5113,67885261.1506,-0.0525,128996983
2026-07-09 10:34,2026-07-09T00:34:00.000Z,1783557240000,65207459.4145,60028549.1271,0.0414,125236009
2026-07-09 10:35,2026-07-09T00:35:00.000Z,1783557300000,62638416.5074,62119043.6747,0.0042,124757460
2026-07-09 10:36,2026-07-09T00:36:00.000Z,1783557360000,66750454.9536,59818598.5407,0.0548,126569053
2026-07-09 10:37,2026-07-09T00:37:00.000Z,1783557420000,59324820.6423,71976652.8235,-0.0964,131301473
2026-07-09 10:38,2026-07-09T00:38:00.000Z,1783557480000,64035292.8925,64934835.9481,-0.0070,128970129
2026-07-09 10:39,2026-07-09T00:39:00.000Z,1783557540000,61039345.7518,68924250.0612,-0.0607,129963596
2026-07-09 10:40,2026-07-09T00:40:00.000Z,1783557600000,70457120.2685,61691320.5226,0.0663,132148441
2026-07-09 10:41,2026-07-09T00:41:00.000Z,1783557660000,64684501.0957,63146798.8223,0.0120,127831300
2026-07-09 10:42,2026-07-09T00:42:00.000Z,1783557720000,65053713.3245,61678166.6736,0.0266,126731880
2026-07-09 10:43,2026-07-09T00:43:00.000Z,1783557780000,62080943.8504,66717019.5571,-0.0360,128797963
2026-07-09 10:44,2026-07-09T00:44:00.000Z,1783557840000,58971822.8016,68974064.4938,-0.0782,127945887
2026-07-09 10:45,2026-07-09T00:45:00.000Z,1783557900000,59971707.7212,69718375.0999,-0.0752,129690083
2026-07-09 10:46,2026-07-09T00:46:00.000Z,1783557960000,59733714.477,69331424.7033,-0.0744,129065139
2026-07-09 10:47,2026-07-09T00:47:00.000Z,1783558020000,57713142.715,68895720.9292,-0.0883,126608864
2026-07-09 10:48,2026-07-09T00:48:00.000Z,1783558080000,55685519.0959,67530662.8584,-0.0961,123216182
2026-07-09 10:49,2026-07-09T00:49:00.000Z,1783558140000,58089409.4865,71453742.7135,-0.1032,129543152
2026-07-09 10:50,2026-07-09T00:50:00.000Z,1783558200000,62983447.5324,65410454.0291,-0.0189,128393902
2026-07-09 10:51,2026-07-09T00:51:00.000Z,1783558260000,62690267.0825,65011387.8792,-0.0182,127701655
2026-07-09 10:52,2026-07-09T00:52:00.000Z,1783558320000,63520110.8959,61829154.2262,0.0135,125349265
2026-07-09 10:53,2026-07-09T00:53:00.000Z,1783558380000,60622208.973,62018475.472,-0.0114,122640684
2026-07-09 10:54,2026-07-09T00:54:00.000Z,1783558440000,63492651.9871,58662930.7523,0.0395,122155583
2026-07-09 10:55,2026-07-09T00:55:00.000Z,1783558500000,63138461.7922,59269127.7279,0.0316,122407590
2026-07-09 10:56,2026-07-09T00:56:00.000Z,1783558560000,62398655.6287,57782979.2286,0.0384,120181635
2026-07-09 10:57,2026-07-09T00:57:00.000Z,1783558620000,57328917.6641,61975513.4624,-0.0389,119304431
2026-07-09 10:58,2026-07-09T00:58:00.000Z,1783558680000,59895479.9864,58900430.5236,0.0084,118795911
2026-07-09 10:59,2026-07-09T00:59:00.000Z,1783558740000,55789375.8304,63040898.2248,-0.0610,118830274
2026-07-09 11:00,2026-07-09T01:00:00.000Z,1783558800000,54002865.1715,57554994.2158,-0.0318,111557859
2026-07-09 11:01,2026-07-09T01:01:00.000Z,1783558860000,54752120.6743,62959303.3067,-0.0697,117711424
2026-07-09 11:02,2026-07-09T01:02:00.000Z,1783558920000,54833210.671,61240424.2509,-0.0552,116073635
2026-07-09 11:03,2026-07-09T01:03:00.000Z,1783558980000,60302452.0986,56254565.1298,0.0347,116557017
2026-07-09 11:04,2026-07-09T01:04:00.000Z,1783559040000,57304909.9442,60631339.3878,-0.0282,117936249
2026-07-09 11:05,2026-07-09T01:05:00.000Z,1783559100000,55401919.2336,60571329.7497,-0.0446,115973249
2026-07-09 11:06,2026-07-09T01:06:00.000Z,1783559160000,56658735.2222,61198967.6945,-0.0385,117857703
2026-07-09 11:07,2026-07-09T01:07:00.000Z,1783559220000,55151689.4326,65897252.1305,-0.0888,121048942
2026-07-09 11:08,2026-07-09T01:08:00.000Z,1783559280000,50831171.974,67429091.8803,-0.1404,118260264
2026-07-09 11:09,2026-07-09T01:09:00.000Z,1783559340000,51056622.7668,69096909.1056,-0.1501,120153532
2026-07-09 11:10,2026-07-09T01:10:00.000Z,1783559400000,43800823.4477,64196885.9065,-0.1889,107997709
2026-07-09 11:11,2026-07-09T01:11:00.000Z,1783559460000,54622951.4561,54608623.7406,0.0001,109231575
2026-07-09 11:12,2026-07-09T01:12:00.000Z,1783559520000,56569195.287,56464010.5174,0.0009,113033206
2026-07-09 11:13,2026-07-09T01:13:00.000Z,1783559580000,60397610.2151,56011534.0259,0.0377,116409144
2026-07-09 11:14,2026-07-09T01:14:00.000Z,1783559640000,63474436.2432,59532510.7542,0.0320,123006947
2026-07-09 11:15,2026-07-09T01:15:00.000Z,1783559700000,60927869.0271,62420932.1959,-0.0121,123348801
2026-07-09 11:16,2026-07-09T01:16:00.000Z,1783559760000,57149443.9229,66389668.3118,-0.0748,123539112
2026-07-09 11:17,2026-07-09T01:17:00.000Z,1783559820000,62677577.0968,59847688.5992,0.0231,122525266
2026-07-09 11:18,2026-07-09T01:18:00.000Z,1783559880000,55502288.3459,73820817.6363,-0.1416,129323106
2026-07-09 11:19,2026-07-09T01:19:00.000Z,1783559940000,52848225.112,75547645.687,-0.1768,128395871
2026-07-09 11:20,2026-07-09T01:20:00.000Z,1783560000000,54391751.9338,75589858.6915,-0.1631,129981611
2026-07-09 11:21,2026-07-09T01:21:00.000Z,1783560060000,56646609.6345,58984277.5581,-0.0202,115630887
2026-07-09 11:22,2026-07-09T01:22:00.000Z,1783560120000,56738067.702,58566207.1226,-0.0159,115304275
2026-07-09 11:23,2026-07-09T01:23:00.000Z,1783560180000,53475459.4955,62302164.5951,-0.0762,115777624
2026-07-09 11:24,2026-07-09T01:24:00.000Z,1783560240000,55148067.6622,58133886.0512,-0.0264,113281954
2026-07-09 11:25,2026-07-09T01:25:00.000Z,1783560300000,56766557.0559,58204126.1133,-0.0125,114970683
2026-07-09 11:26,2026-07-09T01:26:00.000Z,1783560360000,61384601.5235,57348661.3734,0.0340,118733263
2026-07-09 11:27,2026-07-09T01:27:00.000Z,1783560420000,59902080.1201,60311801.1319,-0.0034,120213881
2026-07-09 11:28,2026-07-09T01:28:00.000Z,1783560480000,48455359.717,68477270.0401,-0.1712,116932630
2026-07-09 11:29,2026-07-09T01:29:00.000Z,1783560540000,53839268.9855,66138081.1189,-0.1025,119977350
2026-07-09 11:30,2026-07-09T01:30:00.000Z,1783560600000,54324769.1282,62859846.2792,-0.0728,117184615
2026-07-09 11:31,2026-07-09T01:31:00.000Z,1783560660000,62284881.8047,56236855.4445,0.0510,118521737
2026-07-09 11:32,2026-07-09T01:32:00.000Z,1783560720000,51477851.1965,62741213.4777,-0.0986,114219065
2026-07-09 11:33,2026-07-09T01:33:00.000Z,1783560780000,51662209.0393,61808933.6681,-0.0894,113471143
2026-07-09 11:34,2026-07-09T01:34:00.000Z,1783560840000,55687690.7096,51753912.1072,0.0366,107441603
2026-07-09 11:35,2026-07-09T01:35:00.000Z,1783560900000,62169148.8834,51576573.9186,0.0931,113745723
2026-07-09 11:36,2026-07-09T01:36:00.000Z,1783560960000,58908437.8888,54632026.3786,0.0377,113540464
2026-07-09 11:37,2026-07-09T01:37:00.000Z,1783561020000,54976753.8863,55374093.4697,-0.0036,110350847
2026-07-09 11:38,2026-07-09T01:38:00.000Z,1783561080000,64350359.9568,49231928.3418,0.1331,113582288
2026-07-09 11:39,2026-07-09T01:39:00.000Z,1783561140000,60825885.1853,51539617.253,0.0826,112365502
2026-07-09 11:40,2026-07-09T01:40:00.000Z,1783561200000,66010442.4032,49836378.3662,0.1396,115846821
2026-07-09 11:41,2026-07-09T01:41:00.000Z,1783561260000,65631055.322,47742119.3719,0.1578,113373175
2026-07-09 11:42,2026-07-09T01:42:00.000Z,1783561320000,66188894.1297,47150553.6453,0.1680,113339448
2026-07-09 11:43,2026-07-09T01:43:00.000Z,1783561380000,61623873.4513,52218707.2965,0.0826,113842581
2026-07-09 11:44,2026-07-09T01:44:00.000Z,1783561440000,62285963.5566,49299037.5482,0.1164,111585001
2026-07-09 11:45,2026-07-09T01:45:00.000Z,1783561500000,60451981.7861,52083903.7213,0.0744,112535886
2026-07-09 11:46,2026-07-09T01:46:00.000Z,1783561560000,64929432.9489,45038735.8971,0.1809,109968169
2026-07-09 11:47,2026-07-09T01:47:00.000Z,1783561620000,62849328.575,52237366.0346,0.0922,115086695
2026-07-09 11:48,2026-07-09T01:48:00.000Z,1783561680000,66781521.2157,47895435.2468,0.1647,114676956
2026-07-09 11:49,2026-07-09T01:49:00.000Z,1783561740000,68124637.7099,48206400.4545,0.1712,116331038
2026-07-09 11:50,2026-07-09T01:50:00.000Z,1783561800000,61167275.5286,53435757.4528,0.0675,114603033
2026-07-09 11:51,2026-07-09T01:51:00.000Z,1783561860000,67496797.8528,52175264.7298,0.1280,119672063
2026-07-09 11:52,2026-07-09T01:52:00.000Z,1783561920000,64447415.7303,56821329.3235,0.0629,121268745
2026-07-09 11:53,2026-07-09T01:53:00.000Z,1783561980000,67860022.4959,48911833.4163,0.1623,116771856
2026-07-09 11:54,2026-07-09T01:54:00.000Z,1783562040000,67760434.6135,53797794.6758,0.1149,121558229
2026-07-09 11:55,2026-07-09T01:55:00.000Z,1783562100000,70154150.3071,52362731.4523,0.1452,122516882
2026-07-09 11:56,2026-07-09T01:56:00.000Z,1783562160000,67842258.5976,52236838.4767,0.1300,120079097
2026-07-09 11:57,2026-07-09T01:57:00.000Z,1783562220000,66529659.8924,52540087.5113,0.1175,119069747
2026-07-09 11:58,2026-07-09T01:58:00.000Z,1783562280000,69278109.5277,52824641.7612,0.1348,122102751
2026-07-09 11:59,2026-07-09T01:59:00.000Z,1783562340000,72205266.4401,48717242.227,0.1942,120922509
2026-07-09 12:00,2026-07-09T02:00:00.000Z,1783562400000,65923280.6146,48090748.5081,0.1564,114014029
2026-07-09 12:01,2026-07-09T02:01:00.000Z,1783562460000,61558775.4666,45728752.1204,0.1475,107287528
2026-07-09 12:02,2026-07-09T02:02:00.000Z,1783562520000,65279722.8093,52129816.7244,0.1120,117409540
2026-07-09 12:03,2026-07-09T02:03:00.000Z,1783562580000,71002562.5186,54782289.0051,0.1290,125784852
2026-07-09 12:04,2026-07-09T02:04:00.000Z,1783562640000,68547683.1076,53778827.3182,0.1207,122326510
2026-07-09 12:05,2026-07-09T02:05:00.000Z,1783562700000,66135431.1062,56946068.8449,0.0747,123081500
2026-07-09 12:06,2026-07-09T02:06:00.000Z,1783562760000,63541625.9103,61039558.7356,0.0201,124581185
2026-07-09 12:07,2026-07-09T02:07:00.000Z,1783562820000,67623675.6799,56866024.4054,0.0864,124489700
2026-07-09 12:08,2026-07-09T02:08:00.000Z,1783562880000,62612463.4336,64686077.9057,-0.0163,127298541
2026-07-09 12:09,2026-07-09T02:09:00.000Z,1783562940000,64291455.2592,60944252.6339,0.0267,125235708
2026-07-09 12:10,2026-07-09T02:10:00.000Z,1783563000000,65025525.7491,58931458.7699,0.0492,123956985
2026-07-09 12:11,2026-07-09T02:11:00.000Z,1783563060000,63435911.516,63518100.0402,-0.0006,126954012
2026-07-09 12:12,2026-07-09T02:12:00.000Z,1783563120000,66924182.9917,59579340.1531,0.0581,126503523
2026-07-09 12:13,2026-07-09T02:13:00.000Z,1783563180000,68291739.5994,53694376.2325,0.1197,121986116
2026-07-09 12:14,2026-07-09T02:14:00.000Z,1783563240000,70992061.4301,61382058.5682,0.0726,132374120
2026-07-09 12:15,2026-07-09T02:15:00.000Z,1783563300000,61503841.4592,54328507.2858,0.0619,115832349
2026-07-09 12:16,2026-07-09T02:16:00.000Z,1783563360000,61066527.957,56994725.1436,0.0345,118061253
2026-07-09 12:17,2026-07-09T02:17:00.000Z,1783563420000,69675833.607,47568799.452,0.1886,117244633
2026-07-09 12:18,2026-07-09T02:18:00.000Z,1783563480000,69770435.3259,49105715.1408,0.1738,118876150
2026-07-09 12:19,2026-07-09T02:19:00.000Z,1783563540000,66104963.7209,51135403.6247,0.1277,117240367
2026-07-09 12:20,2026-07-09T02:20:00.000Z,1783563600000,60917906.6043,55639098.5065,0.0453,116557005
2026-07-09 12:21,2026-07-09T02:21:00.000Z,1783563660000,60321477.0549,56770458.9845,0.0303,117091936
2026-07-09 12:22,2026-07-09T02:22:00.000Z,1783563720000,64052073.2453,51632039.8862,0.1074,115684113
2026-07-09 12:23,2026-07-09T02:23:00.000Z,1783563780000,67221867.182,50667212.8389,0.1404,117889080
2026-07-09 12:24,2026-07-09T02:24:00.000Z,1783563840000,63826912.2124,54378698.7457,0.0799,118205611
2026-07-09 12:25,2026-07-09T02:25:00.000Z,1783563900000,63846002.3074,52809284.5186,0.0946,116655287
2026-07-09 12:26,2026-07-09T02:26:00.000Z,1783563960000,64816590.7729,53974521.983,0.0913,118791113
2026-07-09 12:27,2026-07-09T02:27:00.000Z,1783564020000,65972645.2289,51506808.653,0.1231,117479454
2026-07-09 12:28,2026-07-09T02:28:00.000Z,1783564080000,69118434.8084,48610059.5998,0.1742,117728494
2026-07-09 12:29,2026-07-09T02:29:00.000Z,1783564140000,70522875.8304,50950158.0907,0.1611,121473034
2026-07-09 12:30,2026-07-09T02:30:00.000Z,1783564200000,63356247.7155,54254873.5342,0.0774,117611121
2026-07-09 12:31,2026-07-09T02:31:00.000Z,1783564260000,64997154.9463,52700027.8968,0.1045,117697183
2026-07-09 12:32,2026-07-09T02:32:00.000Z,1783564320000,64700861.1698,50741794.3021,0.1209,115442655
2026-07-09 12:33,2026-07-09T02:33:00.000Z,1783564380000,75230228.991,46089042.3077,0.2402,121319271
2026-07-09 12:34,2026-07-09T02:34:00.000Z,1783564440000,85698814.4509,52860337.2753,0.2370,138559152
2026-07-09 12:35,2026-07-09T02:35:00.000Z,1783564500000,85477736.2523,50129996.6965,0.2607,135607733
2026-07-09 12:36,2026-07-09T02:36:00.000Z,1783564560000,85866445.8948,55636500.7378,0.2136,141502947
2026-07-09 12:37,2026-07-09T02:37:00.000Z,1783564620000,79023315.4502,57567887.9399,0.1571,136591203
2026-07-09 12:38,2026-07-09T02:38:00.000Z,1783564680000,77095711.9087,55107237.3613,0.1663,132202949
2026-07-09 12:39,2026-07-09T02:39:00.000Z,1783564740000,74574847.4992,57221470.3356,0.1317,131796318
2026-07-09 12:40,2026-07-09T02:40:00.000Z,1783564800000,74769055.6892,55823530.2673,0.1451,130592586
2026-07-09 12:41,2026-07-09T02:41:00.000Z,1783564860000,75837427.9127,53883758.4711,0.1692,129721186
2026-07-09 12:42,2026-07-09T02:42:00.000Z,1783564920000,82007169.8361,52216358.5718,0.2219,134223528
2026-07-09 12:43,2026-07-09T02:43:00.000Z,1783564980000,88035607.654,48561310.5953,0.2890,136596918
2026-07-09 12:44,2026-07-09T02:44:00.000Z,1783565040000,85724774.1641,47495374.215,0.2870,133220148
2026-07-09 12:45,2026-07-09T02:45:00.000Z,1783565100000,88541154.2225,43483649.4345,0.3413,132024804
2026-07-09 12:46,2026-07-09T02:46:00.000Z,1783565160000,73598976.0879,50122611.4416,0.1898,123721588
2026-07-09 12:47,2026-07-09T02:47:00.000Z,1783565220000,74999507.0835,50930835.5296,0.1911,125930343
2026-07-09 12:48,2026-07-09T02:48:00.000Z,1783565280000,85664112.43,45790159.9113,0.3033,131454272
2026-07-09 12:49,2026-07-09T02:49:00.000Z,1783565340000,90557301.677,44502606.1225,0.3410,135059908
2026-07-09 12:50,2026-07-09T02:50:00.000Z,1783565400000,77466679.0992,48865767.5446,0.2264,126332447
2026-07-09 12:51,2026-07-09T02:51:00.000Z,1783565460000,96701093.8055,45484129.2593,0.3602,142185223
2026-07-09 12:52,2026-07-09T02:52:00.000Z,1783565520000,96972079.5078,46089288.2587,0.3557,143061368
2026-07-09 12:53,2026-07-09T02:53:00.000Z,1783565580000,88160337.7037,51189449.4226,0.2653,139349787
2026-07-09 12:54,2026-07-09T02:54:00.000Z,1783565640000,88532276.8612,54682439.6749,0.2364,143214717
2026-07-09 12:55,2026-07-09T02:55:00.000Z,1783565700000,72080445.9164,58352385.1258,0.1053,130432831
2026-07-09 12:56,2026-07-09T02:56:00.000Z,1783565760000,79267917.7025,51647698.7023,0.2110,130915616
2026-07-09 12:57,2026-07-09T02:57:00.000Z,1783565820000,82973841.422,48539833.0043,0.2618,131513674
2026-07-09 12:58,2026-07-09T02:58:00.000Z,1783565880000,80847974.5038,50477280.8104,0.2313,131325255
2026-07-09 12:59,2026-07-09T02:59:00.000Z,1783565940000,76242258.491,53356372.4886,0.1766,129598631
2026-07-09 13:00,2026-07-09T03:00:00.000Z,1783566000000,78280960.0129,46664598.6369,0.2530,124945559
2026-07-09 13:01,2026-07-09T03:01:00.000Z,1783566060000,91576245.4907,50274389.3368,0.2912,141850635
2026-07-09 13:02,2026-07-09T03:02:00.000Z,1783566120000,92111866.1323,53545820.0021,0.2648,145657686
2026-07-09 13:03,2026-07-09T03:03:00.000Z,1783566180000,88981544.0251,55716799.7981,0.2299,144698344
2026-07-09 13:04,2026-07-09T03:04:00.000Z,1783566240000,86089478.7925,49413129.3505,0.2707,135502608
2026-07-09 13:05,2026-07-09T03:05:00.000Z,1783566300000,97212176.5591,53076531.9206,0.2937,150288708
2026-07-09 13:06,2026-07-09T03:06:00.000Z,1783566360000,88403494.1131,55749879.8141,0.2265,144153374
2026-07-09 13:07,2026-07-09T03:07:00.000Z,1783566420000,81729865.6126,54151048.6861,0.2030,135880914
2026-07-09 13:08,2026-07-09T03:08:00.000Z,1783566480000,90224897.2817,48944229.8347,0.2966,139169127
2026-07-09 13:09,2026-07-09T03:09:00.000Z,1783566540000,85718666.1315,52714582.7888,0.2384,138433249
2026-07-09 13:10,2026-07-09T03:10:00.000Z,1783566600000,84001521.5895,54315213.426,0.2146,138316735
2026-07-09 13:11,2026-07-09T03:11:00.000Z,1783566660000,96959318.9337,50142692.5195,0.3183,147102011
2026-07-09 13:12,2026-07-09T03:12:00.000Z,1783566720000,93826867.8825,54109924.1499,0.2685,147936792
2026-07-09 13:13,2026-07-09T03:13:00.000Z,1783566780000,86015650.9309,56667991.2242,0.2057,142683642
2026-07-09 13:14,2026-07-09T03:14:00.000Z,1783566840000,83333966.3111,57818769.4711,0.1808,141152736
2026-07-09 13:15,2026-07-09T03:15:00.000Z,1783566900000,79595281.5176,58254508.3038,0.1548,137849790
2026-07-09 13:16,2026-07-09T03:16:00.000Z,1783566960000,74966932.5849,58352250.8161,0.1246,133319183
2026-07-09 13:17,2026-07-09T03:17:00.000Z,1783567020000,73046202.7008,59932667.0263,0.0986,132978870
2026-07-09 13:18,2026-07-09T03:18:00.000Z,1783567080000,78355933.1124,54149464.0087,0.1827,132505397
2026-07-09 13:19,2026-07-09T03:19:00.000Z,1783567140000,88165368.4672,53150618.4543,0.2478,141315987
2026-07-09 13:20,2026-07-09T03:20:00.000Z,1783567200000,92272113.0073,54645987.6477,0.2561,146918101
2026-07-09 13:21,2026-07-09T03:21:00.000Z,1783567260000,91583612.4619,58395199.544,0.2213,149978812
2026-07-09 13:22,2026-07-09T03:22:00.000Z,1783567320000,88262590.2888,61742737.5836,0.1768,150005328
2026-07-09 13:23,2026-07-09T03:23:00.000Z,1783567380000,77595494.3701,63871176.7748,0.0970,141466671
2026-07-09 13:24,2026-07-09T03:24:00.000Z,1783567440000,82329103.5002,58244133.071,0.1713,140573237
2026-07-09 13:25,2026-07-09T03:25:00.000Z,1783567500000,75617836.0613,60113065.7251,0.1142,135730902
2026-07-09 13:26,2026-07-09T03:26:00.000Z,1783567560000,76168019.7328,60526930.7782,0.1144,136694951
2026-07-09 13:27,2026-07-09T03:27:00.000Z,1783567620000,76849249.189,61640457.5038,0.1098,138489707
2026-07-09 13:28,2026-07-09T03:28:00.000Z,1783567680000,83602462.1367,55216592.0445,0.2045,138819054
2026-07-09 13:29,2026-07-09T03:29:00.000Z,1783567740000,88356344.0024,55277962.841,0.2303,143634307
2026-07-09 13:30,2026-07-09T03:30:00.000Z,1783567800000,73262110.0677,55606474.1312,0.1370,128868584
2026-07-09 13:31,2026-07-09T03:31:00.000Z,1783567860000,72842046.3142,57361559.9145,0.1189,130203606
2026-07-09 13:32,2026-07-09T03:32:00.000Z,1783567920000,66710080.9416,62254489.2204,0.0345,128964570
2026-07-09 13:33,2026-07-09T03:33:00.000Z,1783567980000,65954260.6094,62401350.693,0.0277,128355611
2026-07-09 13:34,2026-07-09T03:34:00.000Z,1783568040000,68445985.8566,61924111.6274,0.0500,130370097
2026-07-09 13:35,2026-07-09T03:35:00.000Z,1783568100000,71783741.7168,54697388.7291,0.1351,126481130
2026-07-09 13:36,2026-07-09T03:36:00.000Z,1783568160000,55698945.9953,60079077.3912,-0.0378,115778023
2026-07-09 13:37,2026-07-09T03:37:00.000Z,1783568220000,58845474.7661,55616804.2286,0.0282,114462279
2026-07-09 13:38,2026-07-09T03:38:00.000Z,1783568280000,64010752.5785,53923600.851,0.0855,117934353
2026-07-09 13:39,2026-07-09T03:39:00.000Z,1783568340000,63016475.0613,53578616.9314,0.0809,116595092
2026-07-09 13:40,2026-07-09T03:40:00.000Z,1783568400000,64566778.7305,55681941.0489,0.0739,120248720
2026-07-09 13:41,2026-07-09T03:41:00.000Z,1783568460000,69120229.8985,53195856.9659,0.1302,122316087
2026-07-09 13:42,2026-07-09T03:42:00.000Z,1783568520000,63702918.7828,57392153.1391,0.0521,121095072
2026-07-09 13:43,2026-07-09T03:43:00.000Z,1783568580000,63827539.9537,59983926.4168,0.0310,123811466
2026-07-09 13:44,2026-07-09T03:44:00.000Z,1783568640000,63961589.9022,59838229.5461,0.0333,123799819
2026-07-09 13:45,2026-07-09T03:45:00.000Z,1783568700000,58846141.0882,64536970.0117,-0.0461,123383111
2026-07-09 13:46,2026-07-09T03:46:00.000Z,1783568760000,64889443.221,56757177.3927,0.0669,121646621
2026-07-09 13:47,2026-07-09T03:47:00.000Z,1783568820000,64109656.7016,57676213.5432,0.0528,121785870
2026-07-09 13:48,2026-07-09T03:48:00.000Z,1783568880000,63513487.4817,57200462.4957,0.0523,120713950
2026-07-09 13:49,2026-07-09T03:49:00.000Z,1783568940000,64069041.7817,56185748.3653,0.0656,120254790
2026-07-09 13:50,2026-07-09T03:50:00.000Z,1783569000000,65293337.9521,55021804.7581,0.0854,120315143
2026-07-09 13:51,2026-07-09T03:51:00.000Z,1783569060000,64472463.8478,53833661.5612,0.0899,118306125
2026-07-09 13:52,2026-07-09T03:52:00.000Z,1783569120000,61828194.3198,57264470.9889,0.0383,119092665
2026-07-09 13:53,2026-07-09T03:53:00.000Z,1783569180000,64585570.2778,53733885.9901,0.0917,118319456
2026-07-09 13:54,2026-07-09T03:54:00.000Z,1783569240000,59086688.3481,60172374.4766,-0.0091,119259063
2026-07-09 13:55,2026-07-09T03:55:00.000Z,1783569300000,59829315.9356,58827313.1428,0.0084,118656629
2026-07-09 13:56,2026-07-09T03:56:00.000Z,1783569360000,60487707.5474,58796628.8011,0.0142,119284336
2026-07-09 13:57,2026-07-09T03:57:00.000Z,1783569420000,60145727.2268,59563324.8624,0.0049,119709052
2026-07-09 13:58,2026-07-09T03:58:00.000Z,1783569480000,60540882.56,58518556.0619,0.0170,119059439
2026-07-09 13:59,2026-07-09T03:59:00.000Z,1783569540000,62470385.2157,55164668.147,0.0621,117635053
2026-07-09 14:00,2026-07-09T04:00:00.000Z,1783569600000,57670192.0932,52438004.2333,0.0475,110108196
2026-07-09 14:01,2026-07-09T04:01:00.000Z,1783569660000,63214664.5136,53669126.8564,0.0817,116883791
2026-07-09 14:02,2026-07-09T04:02:00.000Z,1783569720000,60043950.5294,57077498.3519,0.0253,117121449
2026-07-09 14:03,2026-07-09T04:03:00.000Z,1783569780000,60135271.3894,59177828.4592,0.0080,119313100
2026-07-09 14:04,2026-07-09T04:04:00.000Z,1783569840000,58156479.5684,54417354.0444,0.0332,112573834
2026-07-09 14:05,2026-07-09T04:05:00.000Z,1783569900000,59936989.6173,59670189.9736,0.0022,119607180
2026-07-09 14:06,2026-07-09T04:06:00.000Z,1783569960000,57767019.2711,60210215.1369,-0.0207,117977234
2026-07-09 14:07,2026-07-09T04:07:00.000Z,1783570020000,60705612.4191,56379373.0496,0.0369,117084985
2026-07-09 14:08,2026-07-09T04:08:00.000Z,1783570080000,61489716.203,55885047.7255,0.0478,117374764
2026-07-09 14:09,2026-07-09T04:09:00.000Z,1783570140000,58934114.1593,59557887.2399,-0.0053,118492001
2026-07-09 14:10,2026-07-09T04:10:00.000Z,1783570200000,60119267.3652,58956096.4384,0.0098,119075364
2026-07-09 14:11,2026-07-09T04:11:00.000Z,1783570260000,66076123.9248,53994506.7396,0.1006,120070631
2026-07-09 14:12,2026-07-09T04:12:00.000Z,1783570320000,63574991.1781,56268801.9157,0.0610,119843793
2026-07-09 14:13,2026-07-09T04:13:00.000Z,1783570380000,59486077.8764,57325229.9495,0.0185,116811308
2026-07-09 14:14,2026-07-09T04:14:00.000Z,1783570440000,58102098.5705,58183345.2444,-0.0007,116285444
2026-07-09 14:15,2026-07-09T04:15:00.000Z,1783570500000,67011868.6371,52520872.072,0.1212,119532741
2026-07-09 14:16,2026-07-09T04:16:00.000Z,1783570560000,63820184.0708,55756784.7821,0.0674,119576969
2026-07-09 14:17,2026-07-09T04:17:00.000Z,1783570620000,70384619.0123,66987122.4001,0.0247,137371741
2026-07-09 14:18,2026-07-09T04:18:00.000Z,1783570680000,74281764.5132,52266762.7824,0.1740,126548527
2026-07-09 14:19,2026-07-09T04:19:00.000Z,1783570740000,82811282.811,54906160.3773,0.2026,137717443
2026-07-09 14:20,2026-07-09T04:20:00.000Z,1783570800000,82193833.6077,54711994.1222,0.2007,136905828
2026-07-09 14:21,2026-07-09T04:21:00.000Z,1783570860000,79600615.734,56919140.4901,0.1661,136519756
2026-07-09 14:22,2026-07-09T04:22:00.000Z,1783570920000,79281747.9626,57125205.0481,0.1624,136406953
2026-07-09 14:23,2026-07-09T04:23:00.000Z,1783570980000,76572233.5064,52163761.7365,0.1896,128735995
2026-07-09 14:24,2026-07-09T04:24:00.000Z,1783571040000,76881665.3872,50501035.6527,0.2071,127382701
2026-07-09 14:25,2026-07-09T04:25:00.000Z,1783571100000,78092770.8071,51391463.9646,0.2062,129484235
2026-07-09 14:26,2026-07-09T04:26:00.000Z,1783571160000,74732209.9854,52992875.2527,0.1702,127725085
2026-07-09 14:27,2026-07-09T04:27:00.000Z,1783571220000,75874387.0171,59629282.3366,0.1199,135503669
2026-07-09 14:28,2026-07-09T04:28:00.000Z,1783571280000,75121275.7082,62459802.1499,0.0920,137581078
2026-07-09 14:29,2026-07-09T04:29:00.000Z,1783571340000,71969736.1791,63024397.4203,0.0663,134994134
2026-07-09 14:30,2026-07-09T04:30:00.000Z,1783571400000,71711151.0203,65905504.6266,0.0422,137616656
2026-07-09 14:31,2026-07-09T04:31:00.000Z,1783571460000,71395195.5774,71069540.0315,0.0023,142464736
2026-07-09 14:32,2026-07-09T04:32:00.000Z,1783571520000,67289633.8776,65472576.269,0.0137,132762210
2026-07-09 14:33,2026-07-09T04:33:00.000Z,1783571580000,65892540.6449,70663937.467,-0.0349,136556478
2026-07-09 14:34,2026-07-09T04:34:00.000Z,1783571640000,70503748.8695,60107400.5425,0.0796,130611149
2026-07-09 14:35,2026-07-09T04:35:00.000Z,1783571700000,73109090.4723,61149095.8085,0.0891,134258186
2026-07-09 14:36,2026-07-09T04:36:00.000Z,1783571760000,69319632.6255,67382827.2739,0.0142,136702460
2026-07-09 14:37,2026-07-09T04:37:00.000Z,1783571820000,66860788.849,71748551.9545,-0.0353,138609341
2026-07-09 14:38,2026-07-09T04:38:00.000Z,1783571880000,66613884.7394,65146022.0017,0.0111,131759907
2026-07-09 14:39,2026-07-09T04:39:00.000Z,1783571940000,64806852.1966,69918073.9157,-0.0379,134724926
2026-07-09 14:40,2026-07-09T04:40:00.000Z,1783572000000,62731674.2067,62567417.7239,0.0013,125299092
2026-07-09 14:41,2026-07-09T04:41:00.000Z,1783572060000,69365766.6745,66698430.8849,0.0196,136064198
2026-07-09 14:42,2026-07-09T04:42:00.000Z,1783572120000,64205546.8049,74674744.9537,-0.0754,138880292
2026-07-09 14:43,2026-07-09T04:43:00.000Z,1783572180000,66093012.7018,66664734.0875,-0.0043,132757747
2026-07-09 14:44,2026-07-09T04:44:00.000Z,1783572240000,67212053.2267,72787906.3224,-0.0398,139999960
2026-07-09 14:45,2026-07-09T04:45:00.000Z,1783572300000,63750249.2215,73930551.1407,-0.0739,137680800
2026-07-09 14:46,2026-07-09T04:46:00.000Z,1783572360000,73747699.5127,65189970.3141,0.0616,138937670
2026-07-09 14:47,2026-07-09T04:47:00.000Z,1783572420000,67584226.592,73088595.1514,-0.0391,140672822
2026-07-09 14:48,2026-07-09T04:48:00.000Z,1783572480000,67183569.6912,70099385.931,-0.0212,137282956
2026-07-09 14:49,2026-07-09T04:49:00.000Z,1783572540000,74927144.1275,60880160.9199,0.1034,135807305
2026-07-09 14:50,2026-07-09T04:50:00.000Z,1783572600000,70009159.7745,69653401.8242,0.0025,139662562
2026-07-09 14:51,2026-07-09T04:51:00.000Z,1783572660000,66371851.0361,71492273.9979,-0.0371,137864125
2026-07-09 14:52,2026-07-09T04:52:00.000Z,1783572720000,55242212.728,74744420.5218,-0.1500,129986633
2026-07-09 14:53,2026-07-09T04:53:00.000Z,1783572780000,57971580.2553,73722212.8997,-0.1196,131693793
2026-07-09 14:54,2026-07-09T04:54:00.000Z,1783572840000,57729987.0403,72710610.1278,-0.1148,130440597
2026-07-09 14:55,2026-07-09T04:55:00.000Z,1783572900000,72139790.4999,70911038.5623,0.0086,143050829
2026-07-09 14:56,2026-07-09T04:56:00.000Z,1783572960000,71413524.7907,73103623.3809,-0.0117,144517148
2026-07-09 14:57,2026-07-09T04:57:00.000Z,1783573020000,67720742.5118,74044713.3874,-0.0446,141765456
2026-07-09 14:58,2026-07-09T04:58:00.000Z,1783573080000,55483694.8874,78412936.7249,-0.1712,133896632
2026-07-09 14:59,2026-07-09T04:59:00.000Z,1783573140000,61674850.4276,74266160.8934,-0.0926,135941011
2026-07-09 15:00,2026-07-09T05:00:00.000Z,1783573200000,58329559.1582,71649205.4848,-0.1025,129978765
2026-07-09 15:01,2026-07-09T05:01:00.000Z,1783573260000,64538047.5113,70183090.3887,-0.0419,134721138
2026-07-09 15:02,2026-07-09T05:02:00.000Z,1783573320000,77612669.3122,68508215.7329,0.0623,146120885
2026-07-09 15:03,2026-07-09T05:03:00.000Z,1783573380000,74484642.053,68209748.1871,0.0440,142694390
2026-07-09 15:04,2026-07-09T05:04:00.000Z,1783573440000,55217231.4058,71816913.3558,-0.1307,127034145
2026-07-09 15:05,2026-07-09T05:05:00.000Z,1783573500000,57284536.7842,79562544.0315,-0.1628,136847081
2026-07-09 15:06,2026-07-09T05:06:00.000Z,1783573560000,73987701.5394,71051549.6509,0.0202,145039251
2026-07-09 15:07,2026-07-09T05:07:00.000Z,1783573620000,69473722.7593,70319768.0827,-0.0061,139793491
2026-07-09 15:08,2026-07-09T05:08:00.000Z,1783573680000,74952115.8498,68125711.0034,0.0477,143077827
2026-07-09 15:09,2026-07-09T05:09:00.000Z,1783573740000,72049051.2161,70510784.1761,0.0108,142559835
2026-07-09 15:10,2026-07-09T05:10:00.000Z,1783573800000,53632348.9509,76203420.9074,-0.1738,129835770
2026-07-09 15:11,2026-07-09T05:11:00.000Z,1783573860000,58148198.3349,77097575.1693,-0.1401,135245774
2026-07-09 15:12,2026-07-09T05:12:00.000Z,1783573920000,54161340.3537,80066354.7393,-0.1930,134227695
2026-07-09 15:13,2026-07-09T05:13:00.000Z,1783573980000,61309558.0344,77681933.6207,-0.1178,138991492
2026-07-09 15:14,2026-07-09T05:14:00.000Z,1783574040000,52886099.7645,72344712.2659,-0.1554,125230812
2026-07-09 15:15,2026-07-09T05:15:00.000Z,1783574100000,55265611.6386,72398333.662,-0.1342,127663945
2026-07-09 15:16,2026-07-09T05:16:00.000Z,1783574160000,53709099.497,73036652.8954,-0.1525,126745752
2026-07-09 15:17,2026-07-09T05:17:00.000Z,1783574220000,62233427.7568,71897410.44,-0.0720,134130838
2026-07-09 15:18,2026-07-09T05:18:00.000Z,1783574280000,51745868.5206,75631168.2939,-0.1875,127377037
2026-07-09 15:19,2026-07-09T05:19:00.000Z,1783574340000,56433531.1087,70337966.3894,-0.1097,126771497
2026-07-09 15:20,2026-07-09T05:20:00.000Z,1783574400000,60982242.903,67850217.0402,-0.0533,128832460
2026-07-09 15:21,2026-07-09T05:21:00.000Z,1783574460000,67307860.3717,64759009.6282,0.0193,132066870
2026-07-09 15:22,2026-07-09T05:22:00.000Z,1783574520000,77317039.0393,61845722.1312,0.1112,139162761
2026-07-09 15:23,2026-07-09T05:23:00.000Z,1783574580000,68171125.4187,63873315.2326,0.0325,132044441
2026-07-09 15:24,2026-07-09T05:24:00.000Z,1783574640000,72943972.0406,65273483.3581,0.0555,138217455
2026-07-09 15:25,2026-07-09T05:25:00.000Z,1783574700000,73272185.8554,65915622.1564,0.0529,139187808
2026-07-09 15:26,2026-07-09T05:26:00.000Z,1783574760000,80916948.7715,61241166.6616,0.1384,142158115
2026-07-09 15:27,2026-07-09T05:27:00.000Z,1783574820000,74158338.6886,63622583.5692,0.0765,137780922
2026-07-09 15:28,2026-07-09T05:28:00.000Z,1783574880000,71687601.4785,60233557.1409,0.0868,131921159
2026-07-09 15:29,2026-07-09T05:29:00.000Z,1783574940000,71864774.9669,67345601.9816,0.0325,139210377
2026-07-09 15:30,2026-07-09T05:30:00.000Z,1783575000000,72680644.0385,68259609.3744,0.0314,140940253
2026-07-09 15:31,2026-07-09T05:31:00.000Z,1783575060000,89146667.3491,55955838.1302,0.2287,145102505
2026-07-09 15:32,2026-07-09T05:32:00.000Z,1783575120000,75813971.7033,58765672.7029,0.1267,134579644
2026-07-09 15:33,2026-07-09T05:33:00.000Z,1783575180000,86588556.0051,57297067.2076,0.2036,143885623
2026-07-09 15:34,2026-07-09T05:34:00.000Z,1783575240000,71127546.837,67284474.994,0.0278,138412022
2026-07-09 15:35,2026-07-09T05:35:00.000Z,1783575300000,65936782.1129,69340806.8362,-0.0252,135277589
2026-07-09 15:36,2026-07-09T05:36:00.000Z,1783575360000,75807183.2688,69498706.7012,0.0434,145305890
2026-07-09 15:37,2026-07-09T05:37:00.000Z,1783575420000,75509888.6589,70236725.8769,0.0362,145746615
2026-07-09 15:38,2026-07-09T05:38:00.000Z,1783575480000,75509888.6589,70236725.8769,0.0362,145746615
2026-07-09 15:39,2026-07-09T05:39:00.000Z,1783575540000,68702702.656,70347229.7875,-0.0118,139049932
2026-07-09 15:40,2026-07-09T05:40:00.000Z,1783575600000,72058101.3098,68754928.8917,0.0235,140813030
2026-07-09 15:41,2026-07-09T05:41:00.000Z,1783575660000,65705795.2492,76110427.835,-0.0734,141816223
2026-07-09 15:42,2026-07-09T05:42:00.000Z,1783575720000,67893532.5541,73126981.368,-0.0371,141020514
2026-07-09 15:43,2026-07-09T05:43:00.000Z,1783575780000,71877003.9577,66870938.8543,0.0361,138747943
2026-07-09 15:44,2026-07-09T05:44:00.000Z,1783575840000,69616387.7125,72470621.7749,-0.0201,142087009
2026-07-09 15:45,2026-07-09T05:45:00.000Z,1783575900000,67512755.4225,71671178.3352,-0.0299,139183934
2026-07-09 15:46,2026-07-09T05:46:00.000Z,1783575960000,67518183.4242,71471551.7501,-0.0284,138989735
2026-07-09 15:47,2026-07-09T05:47:00.000Z,1783576020000,66022960.7057,73881364.1863,-0.0562,139904325
2026-07-09 15:48,2026-07-09T05:48:00.000Z,1783576080000,57052332.5328,78704525.4794,-0.1595,135756858
2026-07-09 15:49,2026-07-09T05:49:00.000Z,1783576140000,59747827.3572,78942669.9404,-0.1384,138690497
2026-07-09 15:50,2026-07-09T05:50:00.000Z,1783576200000,57927374.4506,84295378.0327,-0.1854,142222752
2026-07-09 15:51,2026-07-09T05:51:00.000Z,1783576260000,61781227.6637,78358837.0476,-0.1183,140140065
2026-07-09 15:52,2026-07-09T05:52:00.000Z,1783576320000,59686276.8971,88065754.8353,-0.1921,147752032
2026-07-09 15:53,2026-07-09T05:53:00.000Z,1783576380000,60512778.901,86167665.9928,-0.1749,146680445
2026-07-09 15:54,2026-07-09T05:54:00.000Z,1783576440000,58216244.3688,90370080.4658,-0.2164,148586325
2026-07-09 15:55,2026-07-09T05:55:00.000Z,1783576500000,60637994.7694,88540481.717,-0.1870,149178476
2026-07-09 15:56,2026-07-09T05:56:00.000Z,1783576560000,57037367.3062,91787178.3372,-0.2335,148824546
2026-07-09 15:57,2026-07-09T05:57:00.000Z,1783576620000,57425981.7852,89511615.8462,-0.2184,146937598
2026-07-09 15:58,2026-07-09T05:58:00.000Z,1783576680000,60212600.9365,87089925.2525,-0.1825,147302526
2026-07-09 15:59,2026-07-09T05:59:00.000Z,1783576740000,55957093.6062,87124414.9077,-0.2178,143081509
2026-07-09 16:00,2026-07-09T06:00:00.000Z,1783576800000,52530150.2034,85574925.8755,-0.2393,138105076
2026-07-09 16:01,2026-07-09T06:01:00.000Z,1783576860000,57386028.7332,93851653.4357,-0.2411,151237682
2026-07-09 16:02,2026-07-09T06:02:00.000Z,1783576920000,63227781.4007,83338155.6888,-0.1372,146565937
2026-07-09 16:03,2026-07-09T06:03:00.000Z,1783576980000,63115728.3291,81123219.1257,-0.1248,144238947
2026-07-09 16:04,2026-07-09T06:04:00.000Z,1783577040000,70404280.2529,82712138.3418,-0.0804,153116419
2026-07-09 16:05,2026-07-09T06:05:00.000Z,1783577100000,70999972.8009,78535325.9227,-0.0504,149535299
2026-07-09 16:06,2026-07-09T06:06:00.000Z,1783577160000,69929028.8359,78629452.9981,-0.0586,148558482
2026-07-09 16:07,2026-07-09T06:07:00.000Z,1783577220000,66445679.2638,73778252.1087,-0.0523,140223931
2026-07-09 16:08,2026-07-09T06:08:00.000Z,1783577280000,70616279.0391,71032102.6875,-0.0029,141648382
2026-07-09 16:09,2026-07-09T06:09:00.000Z,1783577340000,69668828.4647,73300607.1209,-0.0254,142969436
2026-07-09 16:10,2026-07-09T06:10:00.000Z,1783577400000,75176479.5923,71275286.8043,0.0266,146451766
2026-07-09 16:11,2026-07-09T06:11:00.000Z,1783577460000,72136671.4365,73563164.8038,-0.0098,145699836
2026-07-09 16:12,2026-07-09T06:12:00.000Z,1783577520000,69804189.6251,67086449.6834,0.0199,136890639
2026-07-09 16:13,2026-07-09T06:13:00.000Z,1783577580000,64281887.4125,72279389.3247,-0.0586,136561277
2026-07-09 16:14,2026-07-09T06:14:00.000Z,1783577640000,63932648.6707,77979427.1129,-0.0990,141912076
2026-07-09 16:15,2026-07-09T06:15:00.000Z,1783577700000,62429252.9801,78247672.2618,-0.1124,140676925
2026-07-09 16:16,2026-07-09T06:16:00.000Z,1783577760000,64083227.8846,77740795.5952,-0.0963,141824023
2026-07-09 16:17,2026-07-09T06:17:00.000Z,1783577820000,59841538.9501,78913376.9747,-0.1374,138754916
2026-07-09 16:18,2026-07-09T06:18:00.000Z,1783577880000,59656803.7291,79043095.1297,-0.1398,138699899
2026-07-09 16:19,2026-07-09T06:19:00.000Z,1783577940000,64245232.2518,74936721.9314,-0.0768,139181954
2026-07-09 16:20,2026-07-09T06:20:00.000Z,1783578000000,65118669.6758,73725760.1768,-0.0620,138844430
2026-07-09 16:21,2026-07-09T06:21:00.000Z,1783578060000,66535064.914,73007272.6516,-0.0464,139542338
2026-07-09 16:22,2026-07-09T06:22:00.000Z,1783578120000,59633289.3719,78631103.9704,-0.1374,138264393
2026-07-09 16:23,2026-07-09T06:23:00.000Z,1783578180000,61700335.431,78871317.7349,-0.1222,140571653
2026-07-09 16:24,2026-07-09T06:24:00.000Z,1783578240000,63039405.1138,78893860.3554,-0.1117,141933265
2026-07-09 16:25,2026-07-09T06:25:00.000Z,1783578300000,65250584.2759,76201651.6574,-0.0774,141452236
2026-07-09 16:26,2026-07-09T06:26:00.000Z,1783578360000,62148983.9334,81764493.5619,-0.1363,143913477
2026-07-09 16:27,2026-07-09T06:27:00.000Z,1783578420000,61974154.2438,80174293.2024,-0.1280,142148447
2026-07-09 16:28,2026-07-09T06:28:00.000Z,1783578480000,60554493.019,78699443.6389,-0.1303,139253937
2026-07-09 16:29,2026-07-09T06:29:00.000Z,1783578540000,70917097.7061,74585593.1395,-0.0252,145502691
2026-07-09 16:30,2026-07-09T06:30:00.000Z,1783578600000,71595678.3888,78966195.3429,-0.0490,150561874
2026-07-09 16:31,2026-07-09T06:31:00.000Z,1783578660000,69699392.6295,76476082.7576,-0.0464,146175475
2026-07-09 16:32,2026-07-09T06:32:00.000Z,1783578720000,71125869.4993,83045191.9039,-0.0773,154171061
2026-07-09 16:33,2026-07-09T06:33:00.000Z,1783578780000,68482021.1631,77257783.4874,-0.0602,145739805
2026-07-09 16:34,2026-07-09T06:34:00.000Z,1783578840000,67530857.6518,78459710.558,-0.0749,145990568
2026-07-09 16:35,2026-07-09T06:35:00.000Z,1783578900000,66043999.7265,78524618.8559,-0.0863,144568619
2026-07-09 16:36,2026-07-09T06:36:00.000Z,1783578960000,70045222.0402,89955071.5759,-0.1244,160000294
2026-07-09 16:37,2026-07-09T06:37:00.000Z,1783579020000,62857152.2557,93392935.9093,-0.1954,156250088
2026-07-09 16:38,2026-07-09T06:38:00.000Z,1783579080000,57317067.8494,90310716.9088,-0.2235,147627785
2026-07-09 16:39,2026-07-09T06:39:00.000Z,1783579140000,57272862.9553,88846622.0195,-0.2161,146119485
2026-07-09 16:40,2026-07-09T06:40:00.000Z,1783579200000,55782720.8391,83254962.7815,-0.1976,139037684
2026-07-09 16:41,2026-07-09T06:41:00.000Z,1783579260000,62268057.4331,83528206.0449,-0.1458,145796263
2026-07-09 16:42,2026-07-09T06:42:00.000Z,1783579320000,63754368.3604,78559337.7536,-0.1040,142313706
2026-07-09 16:43,2026-07-09T06:43:00.000Z,1783579380000,54517962.3474,84897076.4966,-0.2179,139415039
2026-07-09 16:44,2026-07-09T06:44:00.000Z,1783579440000,54506223.3464,88280292.3369,-0.2365,142786516
2026-07-09 16:45,2026-07-09T06:45:00.000Z,1783579500000,48107461.1247,86506208.6302,-0.2853,134613670
2026-07-09 16:46,2026-07-09T06:46:00.000Z,1783579560000,55895358.4472,82424619.34,-0.1918,138319978
2026-07-09 16:47,2026-07-09T06:47:00.000Z,1783579620000,54511911.1313,87997249.4566,-0.2350,142509161
2026-07-09 16:48,2026-07-09T06:48:00.000Z,1783579680000,56856837.873,86766008.6282,-0.2082,143622847
2026-07-09 16:49,2026-07-09T06:49:00.000Z,1783579740000,60049224.3477,82770931.2125,-0.1591,142820156
2026-07-09 16:50,2026-07-09T06:50:00.000Z,1783579800000,56564261.5679,78149662.9036,-0.1602,134713924
2026-07-09 16:51,2026-07-09T06:51:00.000Z,1783579860000,58014871.1262,82113080.5337,-0.1720,140127952
2026-07-09 16:52,2026-07-09T06:52:00.000Z,1783579920000,59076581.7562,80231615.7523,-0.1519,139308198
2026-07-09 16:53,2026-07-09T06:53:00.000Z,1783579980000,56884100.7185,81166386.218,-0.1759,138050487
2026-07-09 16:54,2026-07-09T06:54:00.000Z,1783580040000,62257940.768,75893411.0892,-0.0987,138151352
2026-07-09 16:55,2026-07-09T06:55:00.000Z,1783580100000,61838569.0465,78863124.4561,-0.1210,140701694
2026-07-09 16:56,2026-07-09T06:56:00.000Z,1783580160000,56539576.9321,83302122.6453,-0.1914,139841700
2026-07-09 16:57,2026-07-09T06:57:00.000Z,1783580220000,55735523.8516,84020898.1246,-0.2024,139756422
2026-07-09 16:58,2026-07-09T06:58:00.000Z,1783580280000,56746991.9137,85183877.9963,-0.2004,141930870
2026-07-09 16:59,2026-07-09T06:59:00.000Z,1783580340000,55213078.898,86130645.0806,-0.2187,141343724
2026-07-09 17:00,2026-07-09T07:00:00.000Z,1783580400000,44701120.2057,82201978.8988,-0.2955,126903099
2026-07-09 17:01,2026-07-09T07:01:00.000Z,1783580460000,54683104.6654,80900687.7395,-0.1934,135583792
2026-07-09 17:02,2026-07-09T07:02:00.000Z,1783580520000,54891447.2153,84435075.433,-0.2120,139326523
2026-07-09 17:03,2026-07-09T07:03:00.000Z,1783580580000,66366230.2152,75591211.4797,-0.0650,141957442
2026-07-09 17:04,2026-07-09T07:04:00.000Z,1783580640000,65236069.7822,72242012.5359,-0.0510,137478082
2026-07-09 17:05,2026-07-09T07:05:00.000Z,1783580700000,65773263.7941,72465862.3008,-0.0484,138239126
2026-07-09 17:06,2026-07-09T07:06:00.000Z,1783580760000,64682056.0955,70522577.1232,-0.0432,135204633
2026-07-09 17:07,2026-07-09T07:07:00.000Z,1783580820000,64474540.0374,68106537.35,-0.0274,132581077
2026-07-09 17:08,2026-07-09T07:08:00.000Z,1783580880000,65396735.8346,71611585.3771,-0.0454,137008321
2026-07-09 17:09,2026-07-09T07:09:00.000Z,1783580940000,70097398.5311,73037159.5367,-0.0205,143134558
2026-07-09 17:10,2026-07-09T07:10:00.000Z,1783581000000,77926238.6866,69621259.7238,0.0563,147547498
2026-07-09 17:11,2026-07-09T07:11:00.000Z,1783581060000,72083362.0581,68310325.9504,0.0269,140393688
2026-07-09 17:12,2026-07-09T07:12:00.000Z,1783581120000,74579682.4409,67790583.9323,0.0477,142370266
2026-07-09 17:13,2026-07-09T07:13:00.000Z,1783581180000,74322049.7109,66507887.7057,0.0555,140829937
2026-07-09 17:14,2026-07-09T07:14:00.000Z,1783581240000,65850027.0628,77434508.383,-0.0808,143284535
2026-07-09 17:15,2026-07-09T07:15:00.000Z,1783581300000,63876957.539,77504507.201,-0.0964,141381465
2026-07-09 17:16,2026-07-09T07:16:00.000Z,1783581360000,76785217.6303,65296602.806,0.0809,142081820
2026-07-09 17:17,2026-07-09T07:17:00.000Z,1783581420000,70594977.9362,69750526.4523,0.0060,140345504
2026-07-09 17:18,2026-07-09T07:18:00.000Z,1783581480000,56368395.9388,72005712.2186,-0.1218,128374108
2026-07-09 17:19,2026-07-09T07:19:00.000Z,1783581540000,63454711.9687,78879261.1095,-0.1084,142333973
2026-07-09 17:20,2026-07-09T07:20:00.000Z,1783581600000,60444644.2819,78353584.9422,-0.1290,138798229
2026-07-09 17:21,2026-07-09T07:21:00.000Z,1783581660000,64725643.6774,75295040.9431,-0.0755,140020685
2026-07-09 17:22,2026-07-09T07:22:00.000Z,1783581720000,73396369.0247,69508897.1285,0.0272,142905266
2026-07-09 17:23,2026-07-09T07:23:00.000Z,1783581780000,64964952.3029,70760287.7687,-0.0427,135725240
2026-07-09 17:24,2026-07-09T07:24:00.000Z,1783581840000,74932737.6513,63125465.5493,0.0855,138058203
2026-07-09 17:25,2026-07-09T07:25:00.000Z,1783581900000,72977261.0914,58683123.6603,0.1086,131660385
2026-07-09 17:26,2026-07-09T07:26:00.000Z,1783581960000,71914457.2883,59371045.6055,0.0955,131285503
2026-07-09 17:27,2026-07-09T07:27:00.000Z,1783582020000,68143728.6252,51724596.3777,0.1370,119868325
2026-07-09 17:28,2026-07-09T07:28:00.000Z,1783582080000,70357542.3037,60682915.6269,0.0738,131040458
2026-07-09 17:29,2026-07-09T07:29:00.000Z,1783582140000,70277625.4101,70878162.0244,-0.0043,141155787
2026-07-09 17:30,2026-07-09T07:30:00.000Z,1783582200000,70470623.6388,71182360.4605,-0.0050,141652984
2026-07-09 17:31,2026-07-09T07:31:00.000Z,1783582260000,72903749.4182,70630949.4259,0.0158,143534699
2026-07-09 17:32,2026-07-09T07:32:00.000Z,1783582320000,72969084.094,67228120.4624,0.0409,140197205
2026-07-09 17:33,2026-07-09T07:33:00.000Z,1783582380000,75180227.733,72564260.4363,0.0177,147744488
2026-07-09 17:34,2026-07-09T07:34:00.000Z,1783582440000,73433579.3298,74823147.1692,-0.0094,148256726
2026-07-09 17:35,2026-07-09T07:35:00.000Z,1783582500000,75427617.2893,72364135.9303,0.0207,147791753
2026-07-09 17:36,2026-07-09T07:36:00.000Z,1783582560000,76134203.2803,62371810.1392,0.0994,138506013
2026-07-09 17:37,2026-07-09T07:37:00.000Z,1783582620000,77123127.6108,63209298.9516,0.0991,140332427
2026-07-09 17:38,2026-07-09T07:38:00.000Z,1783582680000,77861140.9129,64927024.1355,0.0906,142788165
2026-07-09 17:39,2026-07-09T07:39:00.000Z,1783582740000,75878822.2835,66618233.5485,0.0650,142497056
2026-07-09 17:40,2026-07-09T07:40:00.000Z,1783582800000,68488235.3155,66745788.1711,0.0129,135234023
2026-07-09 17:41,2026-07-09T07:41:00.000Z,1783582860000,72318372.2477,70194860.2471,0.0149,142513232
2026-07-09 17:42,2026-07-09T07:42:00.000Z,1783582920000,70327808.6753,68055459.5482,0.0164,138383268
2026-07-09 17:43,2026-07-09T07:43:00.000Z,1783582980000,61754831.2768,75995291.9772,-0.1034,137750123
2026-07-09 17:44,2026-07-09T07:44:00.000Z,1783583040000,59349003.3814,78324528.2431,-0.1378,137673532
2026-07-09 17:45,2026-07-09T07:45:00.000Z,1783583100000,58662349.0013,83621061.5218,-0.1754,142283411
2026-07-09 17:46,2026-07-09T07:46:00.000Z,1783583160000,59490347.0709,80492790.182,-0.1500,139983137
2026-07-09 17:47,2026-07-09T07:47:00.000Z,1783583220000,58646559.9069,82909275.7988,-0.1714,141555836
2026-07-09 17:48,2026-07-09T07:48:00.000Z,1783583280000,55143428.2132,71910208.4998,-0.1320,127053637
2026-07-09 17:49,2026-07-09T07:49:00.000Z,1783583340000,72195332.5881,71255379.0216,0.0066,143450712
2026-07-09 17:50,2026-07-09T07:50:00.000Z,1783583400000,69941167.9332,71846763.2917,-0.0134,141787931
2026-07-09 17:51,2026-07-09T07:51:00.000Z,1783583460000,67599356.102,69598377.4337,-0.0146,137197734
2026-07-09 17:52,2026-07-09T07:52:00.000Z,1783583520000,68724991.6648,72926154.3162,-0.0297,141651146
2026-07-09 17:53,2026-07-09T07:53:00.000Z,1783583580000,69559398.9734,71182711.3271,-0.0115,140742110
2026-07-09 17:54,2026-07-09T07:54:00.000Z,1783583640000,68093698.9794,73729191.4772,-0.0397,141822890
2026-07-09 17:55,2026-07-09T07:55:00.000Z,1783583700000,70917127.567,71433490.3458,-0.0036,142350618
2026-07-09 17:56,2026-07-09T07:56:00.000Z,1783583760000,71425354.9552,65716284.6869,0.0416,137141640
2026-07-09 17:57,2026-07-09T07:57:00.000Z,1783583820000,79531055.3136,62860517.687,0.1171,142391573
2026-07-09 17:58,2026-07-09T07:58:00.000Z,1783583880000,75926312.8517,64777356.8247,0.0792,140703670
2026-07-09 17:59,2026-07-09T07:59:00.000Z,1783583940000,60546061.1981,59890085.7813,0.0054,120436147
2026-07-09 18:00,2026-07-09T08:00:00.000Z,1783584000000,56548203.1015,64504852.6645,-0.0657,121053056
2026-07-09 18:01,2026-07-09T08:01:00.000Z,1783584060000,69624812.1071,60945615.3547,0.0665,130570427
2026-07-09 18:02,2026-07-09T08:02:00.000Z,1783584120000,68984814.9109,68039255.5334,0.0069,137024070
2026-07-09 18:03,2026-07-09T08:03:00.000Z,1783584180000,64885775.3944,73371122.3172,-0.0614,138256898
2026-07-09 18:04,2026-07-09T08:04:00.000Z,1783584240000,64455796.0263,76732036.9474,-0.0869,141187833
2026-07-09 18:05,2026-07-09T08:05:00.000Z,1783584300000,65300609.5579,74672551.1572,-0.0670,139973161
2026-07-09 18:06,2026-07-09T08:06:00.000Z,1783584360000,67465169.0647,74351492.4965,-0.0486,141816662
2026-07-09 18:07,2026-07-09T08:07:00.000Z,1783584420000,64961621.9791,83472938.6254,-0.1247,148434561
2026-07-09 18:08,2026-07-09T08:08:00.000Z,1783584480000,67620630.5576,78561449.8014,-0.0748,146182080
2026-07-09 18:09,2026-07-09T08:09:00.000Z,1783584540000,62624175.0281,77784806.6562,-0.1080,140408982
2026-07-09 18:10,2026-07-09T08:10:00.000Z,1783584600000,66468290.4474,68242214.7191,-0.0132,134710505
2026-07-09 18:11,2026-07-09T08:11:00.000Z,1783584660000,65703487.6666,72331234.5858,-0.0480,138034722
2026-07-09 18:12,2026-07-09T08:12:00.000Z,1783584720000,60362033.0618,75514692.9532,-0.1115,135876726
2026-07-09 18:13,2026-07-09T08:13:00.000Z,1783584780000,59253813.48,79272606.5891,-0.1445,138526420
2026-07-09 18:14,2026-07-09T08:14:00.000Z,1783584840000,62673132.671,79180431.8061,-0.1164,141853564
2026-07-09 18:15,2026-07-09T08:15:00.000Z,1783584900000,63218977.7017,78806273.9235,-0.1098,142025252
2026-07-09 18:16,2026-07-09T08:16:00.000Z,1783584960000,62236064.9819,79533112.2477,-0.1220,141769177
2026-07-09 18:17,2026-07-09T08:17:00.000Z,1783585020000,60359088.3701,82831070.9993,-0.1569,143190159
2026-07-09 18:18,2026-07-09T08:18:00.000Z,1783585080000,63967940.779,80931839.494,-0.1171,144899780
2026-07-09 18:19,2026-07-09T08:19:00.000Z,1783585140000,70734367.4319,77384936.0903,-0.0449,148119304
2026-07-09 18:20,2026-07-09T08:20:00.000Z,1783585200000,65549494.6261,82133387.6866,-0.1123,147682882
2026-07-09 18:21,2026-07-09T08:21:00.000Z,1783585260000,61937684.9403,82482190.1582,-0.1423,144419875
2026-07-09 18:22,2026-07-09T08:22:00.000Z,1783585320000,62250401.8019,82351306.7253,-0.1390,144601709
2026-07-09 18:23,2026-07-09T08:23:00.000Z,1783585380000,63509912.1192,82163276.5301,-0.1280,145673189
2026-07-09 18:24,2026-07-09T08:24:00.000Z,1783585440000,66136708.9195,78995342.6349,-0.0886,145132052
2026-07-09 18:25,2026-07-09T08:25:00.000Z,1783585500000,67444938.8645,78840862.5383,-0.0779,146285801
2026-07-09 18:26,2026-07-09T08:26:00.000Z,1783585560000,70464873.6741,77029945.5454,-0.0445,147494819
2026-07-09 18:27,2026-07-09T08:27:00.000Z,1783585620000,66464441.1918,80113607.4154,-0.0931,146578049
2026-07-09 18:28,2026-07-09T08:28:00.000Z,1783585680000,67103545.1699,84479073.3056,-0.1146,151582618
2026-07-09 18:29,2026-07-09T08:29:00.000Z,1783585740000,67617327.6471,81893168.7759,-0.0955,149510496
2026-07-09 18:30,2026-07-09T08:30:00.000Z,1783585800000,67593062.1389,83410254.1175,-0.1047,151003316
2026-07-09 18:31,2026-07-09T08:31:00.000Z,1783585860000,70790732.4808,81256155.5348,-0.0688,152046888
2026-07-09 18:32,2026-07-09T08:32:00.000Z,1783585920000,63047765.403,86079378.8468,-0.1544,149127144
2026-07-09 18:33,2026-07-09T08:33:00.000Z,1783585980000,63385237.4794,73458972.7658,-0.0736,136844210
2026-07-09 18:34,2026-07-09T08:34:00.000Z,1783586040000,64098718.5948,71579458.2578,-0.0551,135678177
2026-07-09 18:35,2026-07-09T08:35:00.000Z,1783586100000,62250923.4065,69958677.0667,-0.0583,132209600
2026-07-09 18:36,2026-07-09T08:36:00.000Z,1783586160000,61762560.4651,76370433.1491,-0.1058,138132994
2026-07-09 18:37,2026-07-09T08:37:00.000Z,1783586220000,65009756.5986,70560825.5729,-0.0409,135570582
2026-07-09 18:38,2026-07-09T08:38:00.000Z,1783586280000,60053101.4762,76238643.7163,-0.1188,136291745
2026-07-09 18:39,2026-07-09T08:39:00.000Z,1783586340000,60520797.1217,73409176.7726,-0.0962,133929974
2026-07-09 18:40,2026-07-09T08:40:00.000Z,1783586400000,59495431.6249,73149158.8178,-0.1029,132644590
2026-07-09 18:41,2026-07-09T08:41:00.000Z,1783586460000,62300085.7002,71185872.8199,-0.0666,133485959
2026-07-09 18:42,2026-07-09T08:42:00.000Z,1783586520000,60370535.1792,72996635.9712,-0.0947,133367171
2026-07-09 18:43,2026-07-09T08:43:00.000Z,1783586580000,62960105.6333,71316442.5118,-0.0622,134276548
2026-07-09 18:44,2026-07-09T08:44:00.000Z,1783586640000,63951896.7928,70094175.0715,-0.0458,134046072
2026-07-09 18:45,2026-07-09T08:45:00.000Z,1783586700000,59016150.9122,73055604.9514,-0.1063,132071756
2026-07-09 18:46,2026-07-09T08:46:00.000Z,1783586760000,70383926.2219,70042519.3169,0.0024,140426446
2026-07-09 18:47,2026-07-09T08:47:00.000Z,1783586820000,68813982.6548,67029388.5412,0.0131,135843371
2026-07-09 18:48,2026-07-09T08:48:00.000Z,1783586880000,66264015.9547,68804538.8628,-0.0188,135068555
2026-07-09 18:49,2026-07-09T08:49:00.000Z,1783586940000,69891281.8895,64907828.4096,0.0370,134799110
2026-07-09 18:50,2026-07-09T08:50:00.000Z,1783587000000,68372672.5384,65318420.856,0.0228,133691093
2026-07-09 18:51,2026-07-09T08:51:00.000Z,1783587060000,72806718.3705,64430355.5806,0.0610,137237074
2026-07-09 18:52,2026-07-09T08:52:00.000Z,1783587120000,72649914.1798,64175563.9692,0.0619,136825478
2026-07-09 18:53,2026-07-09T08:53:00.000Z,1783587180000,63866673.445,70013129.4355,-0.0459,133879803
2026-07-09 18:54,2026-07-09T08:54:00.000Z,1783587240000,57547107.5997,71265250.2338,-0.1065,128812358
2026-07-09 18:55,2026-07-09T08:55:00.000Z,1783587300000,53617265.7731,69118060.3342,-0.1263,122735326
2026-07-09 18:56,2026-07-09T08:56:00.000Z,1783587360000,58635475.3005,69471747.0407,-0.0846,128107222
2026-07-09 18:57,2026-07-09T08:57:00.000Z,1783587420000,69216445.8226,68888163.8358,0.0024,138104610
2026-07-09 18:58,2026-07-09T08:58:00.000Z,1783587480000,69885601.5198,66898603.5137,0.0218,136784205
2026-07-09 18:59,2026-07-09T08:59:00.000Z,1783587540000,66924181.992,68813485.5498,-0.0139,135737668
2026-07-09 19:00,2026-07-09T09:00:00.000Z,1783587600000,60232563.3199,61940867.5755,-0.0140,122173431
2026-07-09 19:01,2026-07-09T09:01:00.000Z,1783587660000,68403994.3614,55726618.0278,0.1021,124130612
2026-07-09 19:02,2026-07-09T09:02:00.000Z,1783587720000,65559917.1533,70118591.1246,-0.0336,135678508
2026-07-09 19:03,2026-07-09T09:03:00.000Z,1783587780000,62832330.4314,71242212.8416,-0.0627,134074543
2026-07-09 19:04,2026-07-09T09:04:00.000Z,1783587840000,70071646.7826,62775276.6349,0.0549,132846923
2026-07-09 19:05,2026-07-09T09:05:00.000Z,1783587900000,69924678.3515,61240863.4969,0.0662,131165542
2026-07-09 19:06,2026-07-09T09:06:00.000Z,1783587960000,65037631.9909,63564466.8172,0.0115,128602099
2026-07-09 19:07,2026-07-09T09:07:00.000Z,1783588020000,62627446.3857,65770535.8646,-0.0245,128397982
2026-07-09 19:08,2026-07-09T09:08:00.000Z,1783588080000,66831188.3051,58815344.8811,0.0638,125646533
2026-07-09 19:09,2026-07-09T09:09:00.000Z,1783588140000,69091950.56,58999384.8379,0.0788,128091335
2026-07-09 19:10,2026-07-09T09:10:00.000Z,1783588200000,66234787.5685,64292553.4318,0.0149,130527341
2026-07-09 19:11,2026-07-09T09:11:00.000Z,1783588260000,66515499.0584,58782858.3656,0.0617,125298357
2026-07-09 19:12,2026-07-09T09:12:00.000Z,1783588320000,67424453.2968,69576206.5505,-0.0157,137000660
2026-07-09 19:13,2026-07-09T09:13:00.000Z,1783588380000,67961296.5929,71615417.1069,-0.0262,139576714
2026-07-09 19:14,2026-07-09T09:14:00.000Z,1783588440000,69441044.6749,65375121.1884,0.0302,134816166
2026-07-09 19:15,2026-07-09T09:15:00.000Z,1783588500000,70290396.0539,69087044.302,0.0086,139377440
2026-07-09 19:16,2026-07-09T09:16:00.000Z,1783588560000,72327347.0341,62799215.9202,0.0705,135126563
2026-07-09 19:17,2026-07-09T09:17:00.000Z,1783588620000,73500035.667,62439942.0892,0.0814,135939978
2026-07-09 19:18,2026-07-09T09:18:00.000Z,1783588680000,69751322.4295,69631599.0538,0.0009,139382921
2026-07-09 19:19,2026-07-09T09:19:00.000Z,1783588740000,69117084.2224,82585202.4803,-0.0888,151702287
2026-07-09 19:20,2026-07-09T09:20:00.000Z,1783588800000,71386305.8738,60492171.4292,0.0826,131878477
2026-07-09 19:21,2026-07-09T09:21:00.000Z,1783588860000,71441225.8513,71030518.3409,0.0029,142471744
2026-07-09 19:22,2026-07-09T09:22:00.000Z,1783588920000,72182005.5802,70388617.8325,0.0126,142570623
2026-07-09 19:23,2026-07-09T09:23:00.000Z,1783588980000,72744688.8458,62805040.8572,0.0733,135549730
2026-07-09 19:24,2026-07-09T09:24:00.000Z,1783589040000,69043602.9857,66157366.0411,0.0213,135200969
2026-07-09 19:25,2026-07-09T09:25:00.000Z,1783589100000,74676768.4575,62303465.2828,0.0903,136980234
2026-07-09 19:26,2026-07-09T09:26:00.000Z,1783589160000,73307581.6212,68607977.6377,0.0331,141915559
2026-07-09 19:27,2026-07-09T09:27:00.000Z,1783589220000,70811778.6515,73626073.1257,-0.0195,144437852
2026-07-09 19:28,2026-07-09T09:28:00.000Z,1783589280000,69619038.4929,74788165.3616,-0.0358,144407204
2026-07-09 19:29,2026-07-09T09:29:00.000Z,1783589340000,69440295.9934,77264225.4223,-0.0533,146704521
2026-07-09 19:30,2026-07-09T09:30:00.000Z,1783589400000,70612028.5199,78948984.0598,-0.0557,149561013
2026-07-09 19:31,2026-07-09T09:31:00.000Z,1783589460000,69979105.7569,74598894.4555,-0.0320,144578000
2026-07-09 19:32,2026-07-09T09:32:00.000Z,1783589520000,70535966.5085,82793722.3519,-0.0799,153329689
2026-07-09 19:33,2026-07-09T09:33:00.000Z,1783589580000,71676147.4263,80288263.6677,-0.0567,151964411
2026-07-09 19:34,2026-07-09T09:34:00.000Z,1783589640000,67264233.3005,84115323.0032,-0.1113,151379556
2026-07-09 19:35,2026-07-09T09:35:00.000Z,1783589700000,72233190.3712,78618991.1338,-0.0423,150852182
2026-07-09 19:36,2026-07-09T09:36:00.000Z,1783589760000,67814698.7975,85216757.9748,-0.1137,153031457
2026-07-09 19:37,2026-07-09T09:37:00.000Z,1783589820000,69286025.879,84009130.9553,-0.0960,153295157
2026-07-09 19:38,2026-07-09T09:38:00.000Z,1783589880000,74446175.8899,71998886.606,0.0167,146445062
2026-07-09 19:39,2026-07-09T09:39:00.000Z,1783589940000,72566272.8115,79003799.9869,-0.0425,151570073
2026-07-09 19:40,2026-07-09T09:40:00.000Z,1783590000000,65099496.9589,79540868.9306,-0.0998,144640366
2026-07-09 19:41,2026-07-09T09:41:00.000Z,1783590060000,71189452.6503,80059154.1813,-0.0586,151248607
2026-07-09 19:42,2026-07-09T09:42:00.000Z,1783590120000,75202538.8449,71106682.15,0.0280,146309221
2026-07-09 19:43,2026-07-09T09:43:00.000Z,1783590180000,77390132.7755,66779703.6278,0.0736,144169836
2026-07-09 19:44,2026-07-09T09:44:00.000Z,1783590240000,76739810.6326,64718126.0957,0.0850,141457937
2026-07-09 19:45,2026-07-09T09:45:00.000Z,1783590300000,75104959.9621,66816051.1354,0.0584,141921011
2026-07-09 19:46,2026-07-09T09:46:00.000Z,1783590360000,77192750.289,65781357.5078,0.0798,142974108
2026-07-09 19:47,2026-07-09T09:47:00.000Z,1783590420000,73402245.1374,68414705.0288,0.0352,141816950
2026-07-09 19:48,2026-07-09T09:48:00.000Z,1783590480000,70326699.4049,74771666.0248,-0.0306,145098365
2026-07-09 19:49,2026-07-09T09:49:00.000Z,1783590540000,66809169.1606,73783841.6363,-0.0496,140593011
2026-07-09 19:50,2026-07-09T09:50:00.000Z,1783590600000,69400243.2909,73615919.6539,-0.0295,143016163
2026-07-09 19:51,2026-07-09T09:51:00.000Z,1783590660000,69132555.5031,84141192.6838,-0.0979,153273748
2026-07-09 19:52,2026-07-09T09:52:00.000Z,1783590720000,69708988.364,88315023.8384,-0.1177,158024012
2026-07-09 19:53,2026-07-09T09:53:00.000Z,1783590780000,68835308.5357,87825981.6031,-0.1212,156661290
2026-07-09 19:54,2026-07-09T09:54:00.000Z,1783590840000,65901244.8272,87407785.888,-0.1403,153309031
2026-07-09 19:55,2026-07-09T09:55:00.000Z,1783590900000,63439879.4065,87646268.5032,-0.1602,151086148
2026-07-09 19:56,2026-07-09T09:56:00.000Z,1783590960000,66113350.3108,88916244.3995,-0.1471,155029595
2026-07-09 19:57,2026-07-09T09:57:00.000Z,1783591020000,69004577.5601,86704644.0769,-0.1137,155709222
2026-07-09 19:58,2026-07-09T09:58:00.000Z,1783591080000,67662032.7003,85895162.8198,-0.1187,153557196
2026-07-09 19:59,2026-07-09T09:59:00.000Z,1783591140000,69035004.8439,78174564.4309,-0.0621,147209569
2026-07-09 20:00,2026-07-09T10:00:00.000Z,1783591200000,66670219.0609,78946902.2912,-0.0843,145617121
2026-07-09 20:01,2026-07-09T10:01:00.000Z,1783591260000,63298004.7019,82491275.6011,-0.1317,145789280
2026-07-09 20:02,2026-07-09T10:02:00.000Z,1783591320000,63679982.3335,82923608.7876,-0.1313,146603591
2026-07-09 20:03,2026-07-09T10:03:00.000Z,1783591380000,69089941.0442,79653072.3,-0.0710,148743013
2026-07-09 20:04,2026-07-09T10:04:00.000Z,1783591440000,67194704.1717,80443276.8867,-0.0897,147637981
2026-07-09 20:05,2026-07-09T10:05:00.000Z,1783591500000,62577673.152,83579145.9087,-0.1437,146156819
2026-07-09 20:06,2026-07-09T10:06:00.000Z,1783591560000,63224423.5879,82508187.1148,-0.1323,145732611
2026-07-09 20:07,2026-07-09T10:07:00.000Z,1783591620000,60323803.647,84025748.2307,-0.1642,144349552
2026-07-09 20:08,2026-07-09T10:08:00.000Z,1783591680000,61460094.5128,86188792.3769,-0.1675,147648887
2026-07-09 20:09,2026-07-09T10:09:00.000Z,1783591740000,63123221.9276,83213041.9405,-0.1373,146336264
2026-07-09 20:10,2026-07-09T10:10:00.000Z,1783591800000,63539932.233,82527317.496,-0.1300,146067250
2026-07-09 20:11,2026-07-09T10:11:00.000Z,1783591860000,62773769.8201,85993289.1377,-0.1561,148767059
2026-07-09 20:12,2026-07-09T10:12:00.000Z,1783591920000,59956299.8053,79926768.6805,-0.1428,139883068
2026-07-09 20:13,2026-07-09T10:13:00.000Z,1783591980000,65485642.1607,80494371.1419,-0.1028,145980013
2026-07-09 20:14,2026-07-09T10:14:00.000Z,1783592040000,67043470.9727,78569439.6013,-0.0792,145612911
2026-07-09 20:15,2026-07-09T10:15:00.000Z,1783592100000,61456259.6157,75851541.0162,-0.1048,137307801
2026-07-09 20:16,2026-07-09T10:16:00.000Z,1783592160000,66126580.1019,77478646.166,-0.0791,143605226
2026-07-09 20:17,2026-07-09T10:17:00.000Z,1783592220000,63376432.0113,78126428.9576,-0.1042,141502861
2026-07-09 20:18,2026-07-09T10:18:00.000Z,1783592280000,60863104.8592,81866578.4501,-0.1472,142729683
2026-07-09 20:19,2026-07-09T10:19:00.000Z,1783592340000,63624839.4773,77820289.9628,-0.1004,141445129
2026-07-09 20:20,2026-07-09T10:20:00.000Z,1783592400000,67146434.5619,77674219.0127,-0.0727,144820654
2026-07-09 20:21,2026-07-09T10:21:00.000Z,1783592460000,71690624.976,74045470.7071,-0.0162,145736096
2026-07-09 20:22,2026-07-09T10:22:00.000Z,1783592520000,70400277.705,69655272.224,0.0053,140055550
2026-07-09 20:23,2026-07-09T10:23:00.000Z,1783592580000,68154951.1798,75331350.7084,-0.0500,143486302
2026-07-09 20:24,2026-07-09T10:24:00.000Z,1783592640000,63287905.9075,71310404.5397,-0.0596,134598310
2026-07-09 20:25,2026-07-09T10:25:00.000Z,1783592700000,69188134.4101,70474140.5384,-0.0092,139662275
2026-07-09 20:26,2026-07-09T10:26:00.000Z,1783592760000,69135921.8864,72506398.7745,-0.0238,141642321
2026-07-09 20:27,2026-07-09T10:27:00.000Z,1783592820000,68877252.9153,71201987.9434,-0.0166,140079241
2026-07-09 20:28,2026-07-09T10:28:00.000Z,1783592880000,66088094.292,73945028.4643,-0.0561,140033123
2026-07-09 20:29,2026-07-09T10:29:00.000Z,1783592940000,64607970.8109,75911019.2294,-0.0804,140518990
2026-07-09 20:30,2026-07-09T10:30:00.000Z,1783593000000,65519145.1732,75611505.0226,-0.0715,141130650
2026-07-09 20:31,2026-07-09T10:31:00.000Z,1783593060000,64828462.8668,75478681.5988,-0.0759,140307144
2026-07-09 20:32,2026-07-09T10:32:00.000Z,1783593120000,65501378.6887,74909223.7594,-0.0670,140410602
2026-07-09 20:33,2026-07-09T10:33:00.000Z,1783593180000,65069537.0633,75586761.1675,-0.0748,140656298
2026-07-09 20:34,2026-07-09T10:34:00.000Z,1783593240000,61652304.7218,76847795.3739,-0.1097,138500100
2026-07-09 20:35,2026-07-09T10:35:00.000Z,1783593300000,64630276.4223,73913351.0068,-0.0670,138543627
2026-07-09 20:36,2026-07-09T10:36:00.000Z,1783593360000,59045983.7533,82700058.6715,-0.1669,141746042
2026-07-09 20:37,2026-07-09T10:37:00.000Z,1783593420000,58061179.7485,77287983.5955,-0.1421,135349163
2026-07-09 20:38,2026-07-09T10:38:00.000Z,1783593480000,65920357.3393,71870096.8694,-0.0432,137790454
2026-07-09 20:39,2026-07-09T10:39:00.000Z,1783593540000,65939429.8606,72884590.6942,-0.0500,138824021
2026-07-09 20:40,2026-07-09T10:40:00.000Z,1783593600000,64063708.569,78124093.063,-0.0989,142187802
2026-07-09 20:41,2026-07-09T10:41:00.000Z,1783593660000,67621670.6751,72036682.2195,-0.0316,139658353
2026-07-09 20:42,2026-07-09T10:42:00.000Z,1783593720000,64261679.1274,70885651.6503,-0.0490,135147331
2026-07-09 20:43,2026-07-09T10:43:00.000Z,1783593780000,66235557.2561,61219126.7627,0.0394,127454684
2026-07-09 20:44,2026-07-09T10:44:00.000Z,1783593840000,65014909.6358,60861349.3887,0.0330,125876259
2026-07-09 20:45,2026-07-09T10:45:00.000Z,1783593900000,62995863.6034,71556103.8107,-0.0636,134551967
2026-07-09 20:46,2026-07-09T10:46:00.000Z,1783593960000,65208257.8621,64217606.4982,0.0077,129425864
2026-07-09 20:47,2026-07-09T10:47:00.000Z,1783594020000,63833394.9034,53645484.0117,0.0867,117478879
2026-07-09 20:48,2026-07-09T10:48:00.000Z,1783594080000,65801752.168,61328877.2618,0.0352,127130629
2026-07-09 20:49,2026-07-09T10:49:00.000Z,1783594140000,67015868.9364,61351513.4636,0.0441,128367382
2026-07-09 20:50,2026-07-09T10:50:00.000Z,1783594200000,67826927.6306,60932093.4156,0.0535,128759021
2026-07-09 20:51,2026-07-09T10:51:00.000Z,1783594260000,63345797.0678,59239856.0746,0.0335,122585653
2026-07-09 20:52,2026-07-09T10:52:00.000Z,1783594320000,69222050.3112,60785078.7426,0.0649,130007129
2026-07-09 20:53,2026-07-09T10:53:00.000Z,1783594380000,67675213.9841,51086946.0264,0.1397,118762160
2026-07-09 20:54,2026-07-09T10:54:00.000Z,1783594440000,63948749.3957,57442555.0912,0.0536,121391304
2026-07-09 20:55,2026-07-09T10:55:00.000Z,1783594500000,61571707.1007,57257395.9788,0.0363,118829103
2026-07-09 20:56,2026-07-09T10:56:00.000Z,1783594560000,64821113.5552,58780708.6467,0.0489,123601822
2026-07-09 20:57,2026-07-09T10:57:00.000Z,1783594620000,62839564.2413,58676692.1557,0.0343,121516256
2026-07-09 20:58,2026-07-09T10:58:00.000Z,1783594680000,60560599.9629,61850772.5953,-0.0105,122411373
2026-07-09 20:59,2026-07-09T10:59:00.000Z,1783594740000,61191326.2382,62341857.314,-0.0093,123533184
2026-07-09 21:00,2026-07-09T11:00:00.000Z,1783594800000,60113943.9126,59116076.5793,0.0084,119230020
2026-07-09 21:01,2026-07-09T11:01:00.000Z,1783594860000,61764235.848,63860115.7558,-0.0167,125624352
2026-07-09 21:02,2026-07-09T11:02:00.000Z,1783594920000,59602401.3052,65377201.3143,-0.0462,124979603
2026-07-09 21:03,2026-07-09T11:03:00.000Z,1783594980000,57677733.9219,59791013.4308,-0.0180,117468747
2026-07-09 21:04,2026-07-09T11:04:00.000Z,1783595040000,59441000.237,60827021.7252,-0.0115,120268022
2026-07-09 21:05,2026-07-09T11:05:00.000Z,1783595100000,62469431.1072,59401087.0144,0.0252,121870518
2026-07-09 21:06,2026-07-09T11:06:00.000Z,1783595160000,59378624.3493,62117129.3095,-0.0225,121495754
2026-07-09 21:07,2026-07-09T11:07:00.000Z,1783595220000,65490317.5986,59503367.7095,0.0479,124993685
2026-07-09 21:08,2026-07-09T11:08:00.000Z,1783595280000,61470837.1311,63512770.4233,-0.0163,124983608
2026-07-09 21:09,2026-07-09T11:09:00.000Z,1783595340000,66860614.7963,58636146.3397,0.0655,125496761
2026-07-09 21:10,2026-07-09T11:10:00.000Z,1783595400000,64994900.8388,60501420.9011,0.0358,125496322
2026-07-09 21:11,2026-07-09T11:11:00.000Z,1783595460000,64570813.3506,59828391.2088,0.0381,124399205
2026-07-09 21:12,2026-07-09T11:12:00.000Z,1783595520000,57051244.6199,68718512.8982,-0.0928,125769758
2026-07-09 21:13,2026-07-09T11:13:00.000Z,1783595580000,55611789.6848,70030761.2949,-0.1148,125642551
2026-07-09 21:14,2026-07-09T11:14:00.000Z,1783595640000,55217812.5506,66814691.4113,-0.0950,122032504
2026-07-09 21:15,2026-07-09T11:15:00.000Z,1783595700000,54253781.8582,65991292.5961,-0.0976,120245074
2026-07-09 21:16,2026-07-09T11:16:00.000Z,1783595760000,64520178.6588,55293093.9594,0.0770,119813273
2026-07-09 21:17,2026-07-09T11:17:00.000Z,1783595820000,68328694.8181,55725283.7989,0.1016,124053979
2026-07-09 21:18,2026-07-09T11:18:00.000Z,1783595880000,64320703.589,59302147.0003,0.0406,123622851
2026-07-09 21:19,2026-07-09T11:19:00.000Z,1783595940000,60964836.4548,62014791.2178,-0.0085,122979628
2026-07-09 21:20,2026-07-09T11:20:00.000Z,1783596000000,70093104.7533,52431850.2794,0.1441,122524955
2026-07-09 21:21,2026-07-09T11:21:00.000Z,1783596060000,60570098.1969,58316069.2587,0.0190,118886167
2026-07-09 21:22,2026-07-09T11:22:00.000Z,1783596120000,62824997.9801,55922051.6257,0.0581,118747050
2026-07-09 21:23,2026-07-09T11:23:00.000Z,1783596180000,68601837.231,54658707.6314,0.1131,123260545
2026-07-09 21:24,2026-07-09T11:24:00.000Z,1783596240000,68223019.8045,54630031.2056,0.1106,122853051
2026-07-09 21:25,2026-07-09T11:25:00.000Z,1783596300000,71720177.3508,51915896.7762,0.1602,123636074
2026-07-09 21:26,2026-07-09T11:26:00.000Z,1783596360000,67671438.5297,63923125.9419,0.0285,131594564
2026-07-09 21:27,2026-07-09T11:27:00.000Z,1783596420000,72685576.9566,63066390.9829,0.0709,135751968
2026-07-09 21:28,2026-07-09T11:28:00.000Z,1783596480000,72646547.421,63156766.7088,0.0699,135803314
2026-07-09 21:29,2026-07-09T11:29:00.000Z,1783596540000,72148949.9675,65988294.3521,0.0446,138137244
2026-07-09 21:30,2026-07-09T11:30:00.000Z,1783596600000,69043931.8108,60740081.2804,0.0640,129784013
2026-07-09 21:31,2026-07-09T11:31:00.000Z,1783596660000,72045518.0489,55896079.7959,0.1262,127941598
2026-07-09 21:32,2026-07-09T11:32:00.000Z,1783596720000,67647587.5605,63641545.8376,0.0305,131289133
2026-07-09 21:33,2026-07-09T11:33:00.000Z,1783596780000,75995655.6234,60324875.4969,0.1150,136320531
2026-07-09 21:34,2026-07-09T11:34:00.000Z,1783596840000,71966414.9101,59905678.9843,0.0915,131872094
2026-07-09 21:35,2026-07-09T11:35:00.000Z,1783596900000,67753008.3517,62165610.6677,0.0430,129918619
2026-07-09 21:36,2026-07-09T11:36:00.000Z,1783596960000,69712967.7165,59309037.5318,0.0806,129022005
2026-07-09 21:37,2026-07-09T11:37:00.000Z,1783597020000,68888693.8962,58290269.1654,0.0833,127178963
2026-07-09 21:38,2026-07-09T11:38:00.000Z,1783597080000,66684889.192,57201718.7233,0.0765,123886608
2026-07-09 21:39,2026-07-09T11:39:00.000Z,1783597140000,63360414.0453,66671853.036,-0.0255,130032267
2026-07-09 21:40,2026-07-09T11:40:00.000Z,1783597200000,64551843.719,63250902.1807,0.0102,127802746
2026-07-09 21:41,2026-07-09T11:41:00.000Z,1783597260000,68270642.4611,51907983.7208,0.1362,120178626
2026-07-09 21:42,2026-07-09T11:42:00.000Z,1783597320000,67659184.6778,54485284.1394,0.1079,122144469
2026-07-09 21:43,2026-07-09T11:43:00.000Z,1783597380000,66422132.3847,58406278.8648,0.0642,124828411
2026-07-09 21:44,2026-07-09T11:44:00.000Z,1783597440000,66270645.6835,59726903.943,0.0519,125997550
2026-07-09 21:45,2026-07-09T11:45:00.000Z,1783597500000,66657167.0037,53716250.3856,0.1075,120373417
2026-07-09 21:46,2026-07-09T11:46:00.000Z,1783597560000,72832055.8931,54475714.6285,0.1442,127307771
2026-07-09 21:47,2026-07-09T11:47:00.000Z,1783597620000,67372071.2881,58854085.4015,0.0675,126226157
2026-07-09 21:48,2026-07-09T11:48:00.000Z,1783597680000,65533851.4787,61897979.9444,0.0285,127431831
2026-07-09 21:49,2026-07-09T11:49:00.000Z,1783597740000,63319233.4004,67595115.0198,-0.0327,130914348
2026-07-09 21:50,2026-07-09T11:50:00.000Z,1783597800000,69201787.3402,61925366.088,0.0555,131127153
2026-07-09 21:51,2026-07-09T11:51:00.000Z,1783597860000,66226171.5332,64961019.3986,0.0096,131187191
2026-07-09 21:52,2026-07-09T11:52:00.000Z,1783597920000,62746243.2236,66678068.9635,-0.0304,129424312
2026-07-09 21:53,2026-07-09T11:53:00.000Z,1783597980000,65072151.2481,66910853.6621,-0.0139,131983005
2026-07-09 21:54,2026-07-09T11:54:00.000Z,1783598040000,64146565.8119,61700826.6148,0.0194,125847392
2026-07-09 21:55,2026-07-09T11:55:00.000Z,1783598100000,72473648.3849,62001008.4885,0.0779,134474657
2026-07-09 21:56,2026-07-09T11:56:00.000Z,1783598160000,68157101.9253,67170299.0014,0.0073,135327401
2026-07-09 21:57,2026-07-09T11:57:00.000Z,1783598220000,66346951.303,69947655.8966,-0.0264,136294607
2026-07-09 21:58,2026-07-09T11:58:00.000Z,1783598280000,67478559.0215,68489257.2475,-0.0074,135967816
2026-07-09 21:59,2026-07-09T11:59:00.000Z,1783598340000,69186918.4377,60420546.5124,0.0676,129607465
2026-07-09 22:00,2026-07-09T12:00:00.000Z,1783598400000,65527688.4269,58453273.5847,0.0571,123980962
2026-07-09 22:01,2026-07-09T12:01:00.000Z,1783598460000,66681684.431,60510974.7643,0.0485,127192659
2026-07-09 22:02,2026-07-09T12:02:00.000Z,1783598520000,68252782.8128,60445581.5853,0.0607,128698364
2026-07-09 22:03,2026-07-09T12:03:00.000Z,1783598580000,66861048.5834,61911857.3426,0.0384,128772906
2026-07-09 22:04,2026-07-09T12:04:00.000Z,1783598640000,69317051.2474,57692063.3252,0.0915,127009115
2026-07-09 22:05,2026-07-09T12:05:00.000Z,1783598700000,69978169.5444,55033285.813,0.1195,125011455
2026-07-09 22:06,2026-07-09T12:06:00.000Z,1783598760000,82362564.032,52392199.4897,0.2224,134754764
2026-07-09 22:07,2026-07-09T12:07:00.000Z,1783598820000,74272728.3559,58132243.0019,0.1219,132404971
2026-07-09 22:08,2026-07-09T12:08:00.000Z,1783598880000,67220425.9682,65297880.4084,0.0145,132518306
2026-07-09 22:09,2026-07-09T12:09:00.000Z,1783598940000,63853322.6658,68747787.3714,-0.0369,132601110
2026-07-09 22:10,2026-07-09T12:10:00.000Z,1783599000000,69842871.4205,66528356.991,0.0243,136371228
2026-07-09 22:11,2026-07-09T12:11:00.000Z,1783599060000,68963274.125,65358588.1525,0.0268,134321862
2026-07-09 22:12,2026-07-09T12:12:00.000Z,1783599120000,69069851.8385,64428485.079,0.0348,133498337
2026-07-09 22:13,2026-07-09T12:13:00.000Z,1783599180000,73967281.9594,59010026.8094,0.1125,132977309
2026-07-09 22:14,2026-07-09T12:14:00.000Z,1783599240000,77477000.3064,57829432.9344,0.1452,135306433
2026-07-09 22:15,2026-07-09T12:15:00.000Z,1783599300000,80691360.5566,55757571.8782,0.1827,136448932
2026-07-09 22:16,2026-07-09T12:16:00.000Z,1783599360000,74376176.2307,60531460.5118,0.1026,134907637
2026-07-09 22:17,2026-07-09T12:17:00.000Z,1783599420000,85057731.9026,53844243.2164,0.2247,138901975
2026-07-09 22:18,2026-07-09T12:18:00.000Z,1783599480000,74602254.5781,60208213.3994,0.1068,134810468
2026-07-09 22:19,2026-07-09T12:19:00.000Z,1783599540000,70325281.836,65568697.9817,0.0350,135893980
2026-07-09 22:20,2026-07-09T12:20:00.000Z,1783599600000,68458680.6195,58676036.2599,0.0769,127134717
2026-07-09 22:21,2026-07-09T12:21:00.000Z,1783599660000,72563383.3817,62445623.2711,0.0749,135009007
2026-07-09 22:22,2026-07-09T12:22:00.000Z,1783599720000,71805590.105,61743985.9885,0.0753,133549576
2026-07-09 22:23,2026-07-09T12:23:00.000Z,1783599780000,74632103.0886,59971316.7677,0.1089,134603420
2026-07-09 22:24,2026-07-09T12:24:00.000Z,1783599840000,68682459.599,65277271.5321,0.0254,133959731
2026-07-09 22:25,2026-07-09T12:25:00.000Z,1783599900000,69154329.3482,64888604.6638,0.0318,134042934
2026-07-09 22:26,2026-07-09T12:26:00.000Z,1783599960000,73883328.7796,60370091.1678,0.1007,134253420
2026-07-09 22:27,2026-07-09T12:27:00.000Z,1783600020000,70324704.1325,63160122.1794,0.0537,133484826
2026-07-09 22:28,2026-07-09T12:28:00.000Z,1783600080000,73623000.8449,50290654.3381,0.1883,123913655
2026-07-09 22:29,2026-07-09T12:29:00.000Z,1783600140000,69688824.1817,62567755.8437,0.0538,132256580
2026-07-09 22:30,2026-07-09T12:30:00.000Z,1783600200000,71358644.4853,58217081.3363,0.1014,129575726
2026-07-09 22:31,2026-07-09T12:31:00.000Z,1783600260000,75928526.6383,59972004.8268,0.1174,135900531
2026-07-09 22:32,2026-07-09T12:32:00.000Z,1783600320000,71973519.1622,65507422.3376,0.0470,137480941
2026-07-09 22:33,2026-07-09T12:33:00.000Z,1783600380000,83413403.2082,57350450.8365,0.1852,140763854
2026-07-09 22:34,2026-07-09T12:34:00.000Z,1783600440000,68723345.4466,68133726.2319,0.0043,136857072
2026-07-09 22:35,2026-07-09T12:35:00.000Z,1783600500000,69701472.5692,67006176.6218,0.0197,136707649
2026-07-09 22:36,2026-07-09T12:36:00.000Z,1783600560000,69194668.3082,73874395.7192,-0.0327,143069064
2026-07-09 22:37,2026-07-09T12:37:00.000Z,1783600620000,71344888.4814,72538752.8952,-0.0083,143883641
2026-07-09 22:38,2026-07-09T12:38:00.000Z,1783600680000,69932849.4645,72415719.873,-0.0174,142348569
2026-07-09 22:39,2026-07-09T12:39:00.000Z,1783600740000,70251093.1953,66752490.0174,0.0255,137003583
2026-07-09 22:40,2026-07-09T12:40:00.000Z,1783600800000,67818464.218,69154612.2659,-0.0098,136973076
2026-07-09 22:41,2026-07-09T12:41:00.000Z,1783600860000,66725466.5897,60456948.9758,0.0493,127182416
2026-07-09 22:42,2026-07-09T12:42:00.000Z,1783600920000,68871506.3204,55354882.3426,0.1088,124226389
2026-07-09 22:43,2026-07-09T12:43:00.000Z,1783600980000,74824208.498,53816810.8587,0.1633,128641019
2026-07-09 22:44,2026-07-09T12:44:00.000Z,1783601040000,79875170.2966,48194675.8044,0.2474,128069846
2026-07-09 22:45,2026-07-09T12:45:00.000Z,1783601100000,76342272.5387,57479804.2445,0.1410,133822077
2026-07-09 22:46,2026-07-09T12:46:00.000Z,1783601160000,83138010.9778,49354432.2353,0.2550,132492443
2026-07-09 22:47,2026-07-09T12:47:00.000Z,1783601220000,78575980.2719,48208593.0426,0.2395,126784573
2026-07-09 22:48,2026-07-09T12:48:00.000Z,1783601280000,75775895.5046,61049726.5319,0.1076,136825622
2026-07-09 22:49,2026-07-09T12:49:00.000Z,1783601340000,74228559.4888,54543212.9886,0.1529,128771772
2026-07-09 22:50,2026-07-09T12:50:00.000Z,1783601400000,70877848.8272,61033508.7066,0.0746,131911358
2026-07-09 22:51,2026-07-09T12:51:00.000Z,1783601460000,73868729.6993,64054655.0665,0.0712,137923385
2026-07-09 22:52,2026-07-09T12:52:00.000Z,1783601520000,76242100.8701,64182350.4731,0.0859,140424451
2026-07-09 22:53,2026-07-09T12:53:00.000Z,1783601580000,77471699.6478,62762150.7559,0.1049,140233850
2026-07-09 22:54,2026-07-09T12:54:00.000Z,1783601640000,74982015.5291,62019332.1364,0.0946,137001348
2026-07-09 22:55,2026-07-09T12:55:00.000Z,1783601700000,77328720.6522,60872432.0113,0.1191,138201153
2026-07-09 22:56,2026-07-09T12:56:00.000Z,1783601760000,74589758.2726,57060106.9741,0.1332,131649865
2026-07-09 22:57,2026-07-09T12:57:00.000Z,1783601820000,78490835.1259,61000107.7789,0.1254,139490943
2026-07-09 22:58,2026-07-09T12:58:00.000Z,1783601880000,71988868.5905,72067111.7459,-0.0005,144055980
2026-07-09 22:59,2026-07-09T12:59:00.000Z,1783601940000,78409579.7631,64258585.3206,0.0992,142668165
2026-07-09 23:00,2026-07-09T13:00:00.000Z,1783602000000,70218316.1796,58473545.0873,0.0913,128691861
2026-07-09 23:01,2026-07-09T13:01:00.000Z,1783602060000,67063861.749,69206085.3221,-0.0157,136269947
2026-07-09 23:02,2026-07-09T13:02:00.000Z,1783602120000,72009247.2216,81508728.6273,-0.0619,153517976
2026-07-09 23:03,2026-07-09T13:03:00.000Z,1783602180000,71827095.8131,80286039.366,-0.0556,152113135
2026-07-09 23:04,2026-07-09T13:04:00.000Z,1783602240000,67207374.7354,67538331.4609,-0.0025,134745706
2026-07-09 23:05,2026-07-09T13:05:00.000Z,1783602300000,64261436.9349,72562899.9382,-0.0607,136824337
2026-07-09 23:06,2026-07-09T13:06:00.000Z,1783602360000,66177477.2009,66617640.1255,-0.0033,132795117
2026-07-09 23:07,2026-07-09T13:07:00.000Z,1783602420000,61672158.3669,67288957.7709,-0.0436,128961116
2026-07-09 23:08,2026-07-09T13:08:00.000Z,1783602480000,66430628.5754,68509438.8837,-0.0154,134940067
2026-07-09 23:09,2026-07-09T13:09:00.000Z,1783602540000,64818187.5716,72491315.7508,-0.0559,137309503
2026-07-09 23:10,2026-07-09T13:10:00.000Z,1783602600000,60379091.5785,79718358.1127,-0.1380,140097450
2026-07-09 23:11,2026-07-09T13:11:00.000Z,1783602660000,61423994.9812,75492542.2293,-0.1028,136916537
2026-07-09 23:12,2026-07-09T13:12:00.000Z,1783602720000,68040204.694,71849057.2613,-0.0272,139889262
2026-07-09 23:13,2026-07-09T13:13:00.000Z,1783602780000,61796248.5416,76673365.6435,-0.1074,138469614
2026-07-09 23:14,2026-07-09T13:14:00.000Z,1783602840000,63809113.4879,69669787.3332,-0.0439,133478901
2026-07-09 23:15,2026-07-09T13:15:00.000Z,1783602900000,62863107.0623,70815366.2371,-0.0595,133678473
2026-07-09 23:16,2026-07-09T13:16:00.000Z,1783602960000,68967148.127,66107381.6385,0.0212,135074530
2026-07-09 23:17,2026-07-09T13:17:00.000Z,1783603020000,69618350.8892,61994946.7484,0.0579,131613298
2026-07-09 23:18,2026-07-09T13:18:00.000Z,1783603080000,63681508.2221,65404729.1152,-0.0133,129086237
2026-07-09 23:19,2026-07-09T13:19:00.000Z,1783603140000,62945658.1042,66564544.9508,-0.0279,129510203
2026-07-09 23:20,2026-07-09T13:20:00.000Z,1783603200000,63074096.3001,66387640.3047,-0.0256,129461737
2026-07-09 23:21,2026-07-09T13:21:00.000Z,1783603260000,68308023.6269,65563435.9051,0.0205,133871460
2026-07-09 23:22,2026-07-09T13:22:00.000Z,1783603320000,63218083.4322,65657346.0191,-0.0189,128875429
2026-07-09 23:23,2026-07-09T13:23:00.000Z,1783603380000,65076774.3158,69520470.0563,-0.0330,134597244
2026-07-09 23:24,2026-07-09T13:24:00.000Z,1783603440000,70403593.4967,64618606.5059,0.0428,135022200
2026-07-09 23:25,2026-07-09T13:25:00.000Z,1783603500000,68022305.5842,66723375.6395,0.0096,134745681
2026-07-09 23:26,2026-07-09T13:26:00.000Z,1783603560000,66460116.6811,66598815.5552,-0.0010,133058932
2026-07-09 23:27,2026-07-09T13:27:00.000Z,1783603620000,65127986.2816,66284936.5184,-0.0088,131412923
2026-07-09 23:28,2026-07-09T13:28:00.000Z,1783603680000,72126682.3534,64451118.5579,0.0562,136577801
2026-07-09 23:29,2026-07-09T13:29:00.000Z,1783603740000,71320656.0767,62822790.8158,0.0633,134143447
2026-07-09 23:30,2026-07-09T13:30:00.000Z,1783603800000,76079161.844,70106474.1525,0.0409,146185636
2026-07-09 23:31,2026-07-09T13:31:00.000Z,1783603860000,83798024.8457,59899831.7687,0.1663,143697857
2026-07-09 23:32,2026-07-09T13:32:00.000Z,1783603920000,91735900.8067,56363832.6572,0.2388,148099733
2026-07-09 23:33,2026-07-09T13:33:00.000Z,1783603980000,80487401.3754,64305361.5025,0.1118,144792763
2026-07-09 23:34,2026-07-09T13:34:00.000Z,1783604040000,75564943.2279,67745062.1419,0.0546,143310005
2026-07-09 23:35,2026-07-09T13:35:00.000Z,1783604100000,79269441.5412,65277005.3788,0.0968,144546447
2026-07-09 23:36,2026-07-09T13:36:00.000Z,1783604160000,86638920.3204,58765361.8285,0.1917,145404282
2026-07-09 23:37,2026-07-09T13:37:00.000Z,1783604220000,80833131.4756,62946842.2488,0.1244,143779974
2026-07-09 23:38,2026-07-09T13:38:00.000Z,1783604280000,75355625.8898,67702126.5693,0.0535,143057752
2026-07-09 23:39,2026-07-09T13:39:00.000Z,1783604340000,85930037.183,60079080.7714,0.1771,146009118
2026-07-09 23:40,2026-07-09T13:40:00.000Z,1783604400000,85414582.767,59214375.7465,0.1812,144628959
2026-07-09 23:41,2026-07-09T13:41:00.000Z,1783604460000,82709446.9847,55533646.1259,0.1966,138243093
2026-07-09 23:42,2026-07-09T13:42:00.000Z,1783604520000,72722024.2928,71385746.4761,0.0093,144107771
2026-07-09 23:43,2026-07-09T13:43:00.000Z,1783604580000,73526088.2654,68339126.7565,0.0366,141865215
2026-07-09 23:44,2026-07-09T13:44:00.000Z,1783604640000,75254616.3581,66936040.5451,0.0585,142190657
2026-07-09 23:45,2026-07-09T13:45:00.000Z,1783604700000,67601848.5637,78710541.5998,-0.0759,146312390
2026-07-09 23:46,2026-07-09T13:46:00.000Z,1783604760000,67865905.8974,76227618.3573,-0.0580,144093524
2026-07-09 23:47,2026-07-09T13:47:00.000Z,1783604820000,73309434.7967,72196173.7967,0.0077,145505609
2026-07-09 23:48,2026-07-09T13:48:00.000Z,1783604880000,75373011.9623,68746876.9762,0.0460,144119889
2026-07-09 23:49,2026-07-09T13:49:00.000Z,1783604940000,80918514.65,65220861.2018,0.1074,146139376
2026-07-09 23:50,2026-07-09T13:50:00.000Z,1783605000000,76338725.4207,75454247.3586,0.0058,151792973
2026-07-09 23:51,2026-07-09T13:51:00.000Z,1783605060000,77474298.6007,79027272.1367,-0.0099,156501571
2026-07-09 23:52,2026-07-09T13:52:00.000Z,1783605120000,77281120.8381,75477773.2623,0.0118,152758894
2026-07-09 23:53,2026-07-09T13:53:00.000Z,1783605180000,65955756.9666,83858221.0988,-0.1195,149813978
2026-07-09 23:54,2026-07-09T13:54:00.000Z,1783605240000,72924105.7075,69196564.1535,0.0262,142120670
2026-07-09 23:55,2026-07-09T13:55:00.000Z,1783605300000,72054419.1243,72714432.0279,-0.0046,144768851
2026-07-09 23:56,2026-07-09T13:56:00.000Z,1783605360000,67103630.1627,68863609.9016,-0.0129,135967240
2026-07-09 23:57,2026-07-09T13:57:00.000Z,1783605420000,78319921.6511,56333847.4595,0.1633,134653769
2026-07-09 23:58,2026-07-09T13:58:00.000Z,1783605480000,77693550.7128,61162425.966,0.1191,138855977
2026-07-09 23:59,2026-07-09T13:59:00.000Z,1783605540000,72000057.5022,65663623.8435,0.0460,137663681
2026-07-10 00:00,2026-07-09T14:00:00.000Z,1783605600000,71514482.0858,63495493.3825,0.0594,135009975
2026-07-10 00:01,2026-07-09T14:01:00.000Z,1783605660000,75098231.5132,72759527.7992,0.0158,147857759
2026-07-10 00:02,2026-07-09T14:02:00.000Z,1783605720000,79093980.2217,71789782.5585,0.0484,150883763
2026-07-10 00:03,2026-07-09T14:03:00.000Z,1783605780000,87876974.0163,70124941.1861,0.1124,158001915
2026-07-10 00:04,2026-07-09T14:04:00.000Z,1783605840000,74067215.96,80036218.629,-0.0387,154103435
2026-07-10 00:05,2026-07-09T14:05:00.000Z,1783605900000,84686029.4904,66420810.8587,0.1209,151106840
2026-07-10 00:06,2026-07-09T14:06:00.000Z,1783605960000,85616296.2812,66015567.0727,0.1293,151631863
2026-07-10 00:07,2026-07-09T14:07:00.000Z,1783606020000,92739192.5338,65674637.6229,0.1708,158413830
2026-07-10 00:08,2026-07-09T14:08:00.000Z,1783606080000,96683373.3908,61166940.7244,0.2250,157850314
2026-07-10 00:09,2026-07-09T14:09:00.000Z,1783606140000,92954718.5967,68018949.6112,0.1549,160973668
2026-07-10 00:10,2026-07-09T14:10:00.000Z,1783606200000,96241682.7461,62522735.8887,0.2124,158764419
2026-07-10 00:11,2026-07-09T14:11:00.000Z,1783606260000,94224361.1788,62537765.1693,0.2021,156762126
2026-07-10 00:12,2026-07-09T14:12:00.000Z,1783606320000,91265063.8455,65722226.4257,0.1627,156987290
2026-07-10 00:13,2026-07-09T14:13:00.000Z,1783606380000,91677929.085,59725026.2379,0.2110,151402955
2026-07-10 00:14,2026-07-09T14:14:00.000Z,1783606440000,85851337.9905,68928169.8619,0.1093,154779508
2026-07-10 00:15,2026-07-09T14:15:00.000Z,1783606500000,87421093.7173,64477150.9847,0.1510,151898245
2026-07-10 00:16,2026-07-09T14:16:00.000Z,1783606560000,96033245.6397,51874788.677,0.2986,147908034
2026-07-10 00:17,2026-07-09T14:17:00.000Z,1783606620000,86573132.8387,61900270.8994,0.1662,148473404
2026-07-10 00:18,2026-07-09T14:18:00.000Z,1783606680000,89317657.1118,61277418.9241,0.1862,150595076
2026-07-10 00:19,2026-07-09T14:19:00.000Z,1783606740000,90381227.7538,62527283.2043,0.1822,152908511
2026-07-10 00:20,2026-07-09T14:20:00.000Z,1783606800000,96174055.488,59447990.8801,0.2360,155622046
2026-07-10 00:21,2026-07-09T14:21:00.000Z,1783606860000,99129082.2563,53781900.4758,0.2966,152910983
2026-07-10 00:22,2026-07-09T14:22:00.000Z,1783606920000,87068025.292,55762972.5235,0.2192,142830998
2026-07-10 00:23,2026-07-09T14:23:00.000Z,1783606980000,85373636.0733,61074577.0899,0.1659,146448213
2026-07-10 00:24,2026-07-09T14:24:00.000Z,1783607040000,84418698.4879,67171239.8215,0.1138,151589938
2026-07-10 00:25,2026-07-09T14:25:00.000Z,1783607100000,82736613.4545,65267665.1021,0.1180,148004279
2026-07-10 00:26,2026-07-09T14:26:00.000Z,1783607160000,88218145.4185,59981151.4554,0.1905,148199297
2026-07-10 00:27,2026-07-09T14:27:00.000Z,1783607220000,86478275.1661,61253667.0524,0.1707,147731942
2026-07-10 00:28,2026-07-09T14:28:00.000Z,1783607280000,76764329.7409,75043569.301,0.0113,151807899
2026-07-10 00:29,2026-07-09T14:29:00.000Z,1783607340000,75267667.8068,72420488.4758,0.0193,147688156
2026-07-10 00:30,2026-07-09T14:30:00.000Z,1783607400000,75351471.9932,69520129.2109,0.0403,144871601
2026-07-10 00:31,2026-07-09T14:31:00.000Z,1783607460000,84874543.9278,56532606.4517,0.2004,141407150
2026-07-10 00:32,2026-07-09T14:32:00.000Z,1783607520000,83742601.7778,56110671.626,0.1976,139853273
2026-07-10 00:33,2026-07-09T14:33:00.000Z,1783607580000,79898280.8615,56119342.592,0.1748,136017623
2026-07-10 00:34,2026-07-09T14:34:00.000Z,1783607640000,84390744.2248,58194603.3892,0.1837,142585348
2026-07-10 00:35,2026-07-09T14:35:00.000Z,1783607700000,84157458.6938,59253344.0086,0.1737,143410803
2026-07-10 00:36,2026-07-09T14:36:00.000Z,1783607760000,79082357.7668,63111981.3071,0.1123,142194339
2026-07-10 00:37,2026-07-09T14:37:00.000Z,1783607820000,88777543.6812,54888472.4275,0.2359,143666016
2026-07-10 00:38,2026-07-09T14:38:00.000Z,1783607880000,79579757.5431,60826018.8756,0.1336,140405776
2026-07-10 00:39,2026-07-09T14:39:00.000Z,1783607940000,74842732.4887,71696535.8437,0.0215,146539268
2026-07-10 00:40,2026-07-09T14:40:00.000Z,1783608000000,72481137.4542,72666481.6063,-0.0013,145147619
2026-07-10 00:41,2026-07-09T14:41:00.000Z,1783608060000,77846786.2219,65636984.58,0.0851,143483771
2026-07-10 00:42,2026-07-09T14:42:00.000Z,1783608120000,82366400.9355,61588070.7892,0.1443,143954472
2026-07-10 00:43,2026-07-09T14:43:00.000Z,1783608180000,74826420.7735,72117386.7325,0.0184,146943808
2026-07-10 00:44,2026-07-09T14:44:00.000Z,1783608240000,83414136.0186,66616013.9235,0.1120,150030150
2026-07-10 00:45,2026-07-09T14:45:00.000Z,1783608300000,85854150.9244,60847778.1812,0.1705,146701929
2026-07-10 00:46,2026-07-09T14:46:00.000Z,1783608360000,76593499.4761,60501673.3637,0.1174,137095173
2026-07-10 00:47,2026-07-09T14:47:00.000Z,1783608420000,71628639.8902,74408647.9843,-0.0190,146037288
2026-07-10 00:48,2026-07-09T14:48:00.000Z,1783608480000,81453158.1589,63151788.6789,0.1266,144604947
2026-07-10 00:49,2026-07-09T14:49:00.000Z,1783608540000,73161461.4955,58036446.985,0.1153,131197908
2026-07-10 00:50,2026-07-09T14:50:00.000Z,1783608600000,75028365.3605,61996163.3979,0.0951,137024529
2026-07-10 00:51,2026-07-09T14:51:00.000Z,1783608660000,72245869.4919,61456875.5815,0.0807,133702745
2026-07-10 00:52,2026-07-09T14:52:00.000Z,1783608720000,83769023.5338,52849661.4204,0.2263,136618685
2026-07-10 00:53,2026-07-09T14:53:00.000Z,1783608780000,81791824.5291,50653588.8291,0.2351,132445413
2026-07-10 00:54,2026-07-09T14:54:00.000Z,1783608840000,69340261.9356,57803657.5885,0.0907,127143920
2026-07-10 00:55,2026-07-09T14:55:00.000Z,1783608900000,65498790.9567,68891745.0085,-0.0252,134390536
2026-07-10 00:56,2026-07-09T14:56:00.000Z,1783608960000,66556361.7638,66210548.6898,0.0026,132766910
2026-07-10 00:57,2026-07-09T14:57:00.000Z,1783609020000,67782594.9855,62993885.8767,0.0366,130776481
2026-07-10 00:58,2026-07-09T14:58:00.000Z,1783609080000,64541532.4726,67158362.197,-0.0199,131699895
2026-07-10 00:59,2026-07-09T14:59:00.000Z,1783609140000,66266089.571,65703140.5325,0.0043,131969230
2026-07-10 01:00,2026-07-09T15:00:00.000Z,1783609200000,59012035.7529,60355621.7195,-0.0113,119367657
2026-07-10 01:01,2026-07-09T15:01:00.000Z,1783609260000,63505633.8356,68107011.7611,-0.0350,131612646
2026-07-10 01:02,2026-07-09T15:02:00.000Z,1783609320000,70756315.1852,62924070.9985,0.0586,133680386
2026-07-10 01:03,2026-07-09T15:03:00.000Z,1783609380000,79310881.654,60185977.0213,0.1371,139496859
2026-07-10 01:04,2026-07-09T15:04:00.000Z,1783609440000,69491389.5651,66972219.5762,0.0185,136463609
2026-07-10 01:05,2026-07-09T15:05:00.000Z,1783609500000,67765182.388,64941163.3303,0.0213,132706346
2026-07-10 01:06,2026-07-09T15:06:00.000Z,1783609560000,72297095.9612,64742093.8712,0.0551,137039190
2026-07-10 01:07,2026-07-09T15:07:00.000Z,1783609620000,61660656.0652,74774103.6873,-0.0961,136434760
2026-07-10 01:08,2026-07-09T15:08:00.000Z,1783609680000,61821044.6445,74910903.781,-0.0957,136731948
2026-07-10 01:09,2026-07-09T15:09:00.000Z,1783609740000,62823980.5143,77544935.1129,-0.1049,140368916
2026-07-10 01:10,2026-07-09T15:10:00.000Z,1783609800000,66023152.4172,72885296.6912,-0.0494,138908449
2026-07-10 01:11,2026-07-09T15:11:00.000Z,1783609860000,65661598.701,76730307.8033,-0.0777,142391907
2026-07-10 01:12,2026-07-09T15:12:00.000Z,1783609920000,70874824.1617,71947931.9992,-0.0075,142822756
2026-07-10 01:13,2026-07-09T15:13:00.000Z,1783609980000,72815237.2187,70298999.019,0.0176,143114236
2026-07-10 01:14,2026-07-09T15:14:00.000Z,1783610040000,73050468.5314,71773708.2998,0.0088,144824177
2026-07-10 01:15,2026-07-09T15:15:00.000Z,1783610100000,69404419.6916,76126444.3992,-0.0462,145530864
2026-07-10 01:16,2026-07-09T15:16:00.000Z,1783610160000,71029523.5388,81527847.2508,-0.0688,152557371
2026-07-10 01:17,2026-07-09T15:17:00.000Z,1783610220000,79011937.8928,73652376.1697,0.0351,152664314
2026-07-10 01:18,2026-07-09T15:18:00.000Z,1783610280000,76092412.9018,67430272.477,0.0604,143522685
2026-07-10 01:19,2026-07-09T15:19:00.000Z,1783610340000,77166571.1203,72201161.8699,0.0332,149367733
2026-07-10 01:20,2026-07-09T15:20:00.000Z,1783610400000,73087915.7794,73111640.286,-0.0002,146199556
2026-07-10 01:21,2026-07-09T15:21:00.000Z,1783610460000,74901708.3113,73274665.6703,0.0110,148176374
2026-07-10 01:22,2026-07-09T15:22:00.000Z,1783610520000,76454275.8229,70299750.8654,0.0419,146754027
2026-07-10 01:23,2026-07-09T15:23:00.000Z,1783610580000,67304506.1742,75296164.9191,-0.0560,142600671
2026-07-10 01:24,2026-07-09T15:24:00.000Z,1783610640000,78196101.9542,72369909.1456,0.0387,150566011
2026-07-10 01:25,2026-07-09T15:25:00.000Z,1783610700000,75851606.9013,72194916.036,0.0247,148046523
2026-07-10 01:26,2026-07-09T15:26:00.000Z,1783610760000,75303007.7104,72741736.3031,0.0173,148044744
2026-07-10 01:27,2026-07-09T15:27:00.000Z,1783610820000,72743003.1246,68582373.8355,0.0294,141325377
2026-07-10 01:28,2026-07-09T15:28:00.000Z,1783610880000,75377796.4377,75459974.9294,-0.0005,150837771
2026-07-10 01:29,2026-07-09T15:29:00.000Z,1783610940000,85547717.287,62604430.2694,0.1549,148152148
2026-07-10 01:30,2026-07-09T15:30:00.000Z,1783611000000,80855625.206,65769317.3602,0.1029,146624943
2026-07-10 01:31,2026-07-09T15:31:00.000Z,1783611060000,80679354.3099,66449630.1161,0.0967,147128984
2026-07-10 01:32,2026-07-09T15:32:00.000Z,1783611120000,71928692.7388,78866081.7225,-0.0460,150794774
2026-07-10 01:33,2026-07-09T15:33:00.000Z,1783611180000,80961548.3442,70559749.2888,0.0686,151521298
2026-07-10 01:34,2026-07-09T15:34:00.000Z,1783611240000,79439552.1584,70309315.6123,0.0610,149748868
2026-07-10 01:35,2026-07-09T15:35:00.000Z,1783611300000,87291044.2401,62136517.8487,0.1683,149427562
2026-07-10 01:36,2026-07-09T15:36:00.000Z,1783611360000,78357709.3822,62280976.4581,0.1143,140638686
2026-07-10 01:37,2026-07-09T15:37:00.000Z,1783611420000,81839733.7386,63055421.7199,0.1296,144895155
2026-07-10 01:38,2026-07-09T15:38:00.000Z,1783611480000,85006272.4398,64508561.1523,0.1371,149514834
2026-07-10 01:39,2026-07-09T15:39:00.000Z,1783611540000,81842460.0423,67027556.7327,0.0995,148870017
2026-07-10 01:40,2026-07-09T15:40:00.000Z,1783611600000,75583440.4,64292496.9678,0.0807,139875937
2026-07-10 01:41,2026-07-09T15:41:00.000Z,1783611660000,77354614.078,68112854.3144,0.0635,145467468
2026-07-10 01:42,2026-07-09T15:42:00.000Z,1783611720000,74193025.3637,69168528.9531,0.0350,143361554
2026-07-10 01:43,2026-07-09T15:43:00.000Z,1783611780000,74305364.1866,70751883.2842,0.0245,145057247
2026-07-10 01:44,2026-07-09T15:44:00.000Z,1783611840000,84987709.2316,64360914.4035,0.1381,149348624
2026-07-10 01:45,2026-07-09T15:45:00.000Z,1783611900000,82523885.2326,64423608.8783,0.1232,146947494
2026-07-10 01:46,2026-07-09T15:46:00.000Z,1783611960000,80430573.6716,65473397.9183,0.1025,145903972
2026-07-10 01:47,2026-07-09T15:47:00.000Z,1783612020000,84691717.9104,64442768.6018,0.1358,149134487
2026-07-10 01:48,2026-07-09T15:48:00.000Z,1783612080000,79380421.8152,69787456.984,0.0643,149167879
2026-07-10 01:49,2026-07-09T15:49:00.000Z,1783612140000,80717529.9304,76059189.391,0.0297,156776719
2026-07-10 01:50,2026-07-09T15:50:00.000Z,1783612200000,81918909.5675,74178037.7821,0.0496,156096947
2026-07-10 01:51,2026-07-09T15:51:00.000Z,1783612260000,86010650.0628,69143840.713,0.1087,155154491
2026-07-10 01:52,2026-07-09T15:52:00.000Z,1783612320000,83653753.0197,68898404.3708,0.0967,152552157
2026-07-10 01:53,2026-07-09T15:53:00.000Z,1783612380000,86112292.0898,69076171.8071,0.1098,155188464
2026-07-10 01:54,2026-07-09T15:54:00.000Z,1783612440000,91819113.1457,65592441.5098,0.1666,157411555
2026-07-10 01:55,2026-07-09T15:55:00.000Z,1783612500000,86128118.1611,61973632.4369,0.1631,148101751
2026-07-10 01:56,2026-07-09T15:56:00.000Z,1783612560000,85228672.4434,58053701.1303,0.1897,143282374
2026-07-10 01:57,2026-07-09T15:57:00.000Z,1783612620000,82454511.8113,59132840.3414,0.1647,141587352
2026-07-10 01:58,2026-07-09T15:58:00.000Z,1783612680000,76575764.9105,61007126.0601,0.1132,137582891
2026-07-10 01:59,2026-07-09T15:59:00.000Z,1783612740000,74852366.9806,63431484.2361,0.0826,138283851
2026-07-10 02:00,2026-07-09T16:00:00.000Z,1783612800000,71974785.823,55471934.1433,0.1295,127446720
2026-07-10 02:01,2026-07-09T16:01:00.000Z,1783612860000,71685934.2353,64767132.1043,0.0507,136453066
2026-07-10 02:02,2026-07-09T16:02:00.000Z,1783612920000,72066303.464,66362792.8191,0.0412,138429096
2026-07-10 02:03,2026-07-09T16:03:00.000Z,1783612980000,73381296.2209,63712523.7456,0.0705,137093820
2026-07-10 02:04,2026-07-09T16:04:00.000Z,1783613040000,69568264.6831,68934083.3817,0.0046,138502348
2026-07-10 02:05,2026-07-09T16:05:00.000Z,1783613100000,69771034.1777,70101966.1967,-0.0024,139873000
2026-07-10 02:06,2026-07-09T16:06:00.000Z,1783613160000,72194269.0338,70026948.6214,0.0152,142221218
2026-07-10 02:07,2026-07-09T16:07:00.000Z,1783613220000,82087174.9206,62218672.1273,0.1377,144305847
2026-07-10 02:08,2026-07-09T16:08:00.000Z,1783613280000,77008782.0857,68195563.4411,0.0607,145204346
2026-07-10 02:09,2026-07-09T16:09:00.000Z,1783613340000,71388943.6775,57420838.3808,0.1084,128809782
2026-07-10 02:10,2026-07-09T16:10:00.000Z,1783613400000,83818485.5748,60120977.3895,0.1646,143939463
2026-07-10 02:11,2026-07-09T16:11:00.000Z,1783613460000,80584323.2322,61506190.0593,0.1343,142090513
2026-07-10 02:12,2026-07-09T16:12:00.000Z,1783613520000,85361938.9557,58968663.8938,0.1829,144330603
2026-07-10 02:13,2026-07-09T16:13:00.000Z,1783613580000,76829577.7629,58028091.1179,0.1394,134857669
2026-07-10 02:14,2026-07-09T16:14:00.000Z,1783613640000,77377557.5149,63595419.5932,0.0978,140972977
2026-07-10 02:15,2026-07-09T16:15:00.000Z,1783613700000,81447037.2477,61732146.4485,0.1377,143179184
2026-07-10 02:16,2026-07-09T16:16:00.000Z,1783613760000,78737702.5141,64104692.3579,0.1024,142842395
2026-07-10 02:17,2026-07-09T16:17:00.000Z,1783613820000,86395692.9349,54372747.5831,0.2275,140768441
2026-07-10 02:18,2026-07-09T16:18:00.000Z,1783613880000,84421318.4669,56820731.6386,0.1954,141242050
2026-07-10 02:19,2026-07-09T16:19:00.000Z,1783613940000,84141754.5606,58296213.8834,0.1815,142437968
2026-07-10 02:20,2026-07-09T16:20:00.000Z,1783614000000,86841123.5151,56612675.375,0.2107,143453799
2026-07-10 02:21,2026-07-09T16:21:00.000Z,1783614060000,80262645.7618,56084926.8769,0.1773,136347573
2026-07-10 02:22,2026-07-09T16:22:00.000Z,1783614120000,70553409.8532,61855818.054,0.0657,132409228
2026-07-10 02:23,2026-07-09T16:23:00.000Z,1783614180000,89443148.1905,53402462.2074,0.2523,142845610
2026-07-10 02:24,2026-07-09T16:24:00.000Z,1783614240000,83752197.1126,56795059.8841,0.1918,140547257
2026-07-10 02:25,2026-07-09T16:25:00.000Z,1783614300000,80976814.1166,56249877.5899,0.1802,137226692
2026-07-10 02:26,2026-07-09T16:26:00.000Z,1783614360000,84498052.4578,53123099.0034,0.2280,137621151
2026-07-10 02:27,2026-07-09T16:27:00.000Z,1783614420000,88760307.972,50385164.7133,0.2758,139145473
2026-07-10 02:28,2026-07-09T16:28:00.000Z,1783614480000,76323981.4342,64561820.9517,0.0835,140885802
2026-07-10 02:29,2026-07-09T16:29:00.000Z,1783614540000,77049078.0338,64276884.8037,0.0904,141325963
2026-07-10 02:30,2026-07-09T16:30:00.000Z,1783614600000,77933660.2326,68593231.265,0.0637,146526891
2026-07-10 02:31,2026-07-09T16:31:00.000Z,1783614660000,74463196.5,66921513.1114,0.0533,141384710
2026-07-10 02:32,2026-07-09T16:32:00.000Z,1783614720000,74197506.3535,63960949.9797,0.0741,138158456
2026-07-10 02:33,2026-07-09T16:33:00.000Z,1783614780000,79096707.0408,62025816.2286,0.1210,141122523
2026-07-10 02:34,2026-07-09T16:34:00.000Z,1783614840000,76015585.6818,62484169.4434,0.0977,138499755
2026-07-10 02:35,2026-07-09T16:35:00.000Z,1783614900000,80968338.4362,60081993.7582,0.1481,141050332
2026-07-10 02:36,2026-07-09T16:36:00.000Z,1783614960000,82627458.4948,57316364.1744,0.1809,139943823
2026-07-10 02:37,2026-07-09T16:37:00.000Z,1783615020000,65693615.1513,71694202.9411,-0.0437,137387818
2026-07-10 02:38,2026-07-09T16:38:00.000Z,1783615080000,67826000.657,70120586.4669,-0.0166,137946587
2026-07-10 02:39,2026-07-09T16:39:00.000Z,1783615140000,70520144.7767,66656481.6144,0.0282,137176626
2026-07-10 02:40,2026-07-09T16:40:00.000Z,1783615200000,69898134.8938,64636239.1335,0.0391,134534374
2026-07-10 02:41,2026-07-09T16:41:00.000Z,1783615260000,71350940.3605,64317677.5051,0.0518,135668618
2026-07-10 02:42,2026-07-09T16:42:00.000Z,1783615320000,69626751.7578,69086372.181,0.0039,138713124
2026-07-10 02:43,2026-07-09T16:43:00.000Z,1783615380000,68316494.2732,70121352.6295,-0.0130,138437847
2026-07-10 02:44,2026-07-09T16:44:00.000Z,1783615440000,70150403.0442,66523507.4316,0.0265,136673910
2026-07-10 02:45,2026-07-09T16:45:00.000Z,1783615500000,75921419.1163,62330345.0877,0.0983,138251764
2026-07-10 02:46,2026-07-09T16:46:00.000Z,1783615560000,73124512.6736,64198827.0436,0.0650,137323340
2026-07-10 02:47,2026-07-09T16:47:00.000Z,1783615620000,76198394.9464,58663469.5415,0.1300,134861864
2026-07-10 02:48,2026-07-09T16:48:00.000Z,1783615680000,84686658.3714,54778949.8149,0.2144,139465608
2026-07-10 02:49,2026-07-09T16:49:00.000Z,1783615740000,72440447.4846,55380151.6818,0.1335,127820599
2026-07-10 02:50,2026-07-09T16:50:00.000Z,1783615800000,75720024.3626,60591730.8592,0.1110,136311755
2026-07-10 02:51,2026-07-09T16:51:00.000Z,1783615860000,75181710.862,59845178.3825,0.1136,135026889
2026-07-10 02:52,2026-07-09T16:52:00.000Z,1783615920000,73837727.3249,60058796.6669,0.1029,133896524
2026-07-10 02:53,2026-07-09T16:53:00.000Z,1783615980000,75380746.0793,59512052.9774,0.1176,134892799
2026-07-10 02:54,2026-07-09T16:54:00.000Z,1783616040000,67096786.0307,74284929.4995,-0.0508,141381716
2026-07-10 02:55,2026-07-09T16:55:00.000Z,1783616100000,68607755.5498,70223826.8974,-0.0116,138831582
2026-07-10 02:56,2026-07-09T16:56:00.000Z,1783616160000,74553301.2288,60170541.0115,0.1068,134723842
2026-07-10 02:57,2026-07-09T16:57:00.000Z,1783616220000,66978698.7415,67633392.313,-0.0049,134612091
2026-07-10 02:58,2026-07-09T16:58:00.000Z,1783616280000,66144725.5098,68190223.5306,-0.0152,134334949
2026-07-10 02:59,2026-07-09T16:59:00.000Z,1783616340000,66415411.386,66865825.6443,-0.0034,133281237
2026-07-10 03:00,2026-07-09T17:00:00.000Z,1783616400000,63715577.301,63074541.303,0.0051,126790119
2026-07-10 03:01,2026-07-09T17:01:00.000Z,1783616460000,62722886.7839,70439954.0348,-0.0580,133162841
2026-07-10 03:02,2026-07-09T17:02:00.000Z,1783616520000,61711517.8979,70209774.0408,-0.0644,131921292
2026-07-10 03:03,2026-07-09T17:03:00.000Z,1783616580000,62740897.4237,69170169.8238,-0.0487,131911067
2026-07-10 03:04,2026-07-09T17:04:00.000Z,1783616640000,66505370.6714,64169761.9775,0.0179,130675133
2026-07-10 03:05,2026-07-09T17:05:00.000Z,1783616700000,65270792.413,62765237.4059,0.0196,128036030
2026-07-10 03:06,2026-07-09T17:06:00.000Z,1783616760000,65654183.226,62060332.308,0.0281,127714516
2026-07-10 03:07,2026-07-09T17:07:00.000Z,1783616820000,60334278.0528,70118166.4858,-0.0750,130452445
2026-07-10 03:08,2026-07-09T17:08:00.000Z,1783616880000,57373455.1546,74653402.3662,-0.1309,132026858
2026-07-10 03:09,2026-07-09T17:09:00.000Z,1783616940000,65536794.1268,62473255.3887,0.0239,128010050
2026-07-10 03:10,2026-07-09T17:10:00.000Z,1783617000000,67160928.2415,61461642.6612,0.0443,128622571
2026-07-10 03:11,2026-07-09T17:11:00.000Z,1783617060000,58903353.3368,68585548.9193,-0.0759,127488902
2026-07-10 03:12,2026-07-09T17:12:00.000Z,1783617120000,69367863.2961,62046778.1404,0.0557,131414641
2026-07-10 03:13,2026-07-09T17:13:00.000Z,1783617180000,66812511.8489,64022021.8433,0.0213,130834534
2026-07-10 03:14,2026-07-09T17:14:00.000Z,1783617240000,70089335.4604,60323471.1949,0.0749,130412807
2026-07-10 03:15,2026-07-09T17:15:00.000Z,1783617300000,64081831.5314,63737457.7338,0.0027,127819289
2026-07-10 03:16,2026-07-09T17:16:00.000Z,1783617360000,63731850.7644,63696670.3177,0.0003,127428521
2026-07-10 03:17,2026-07-09T17:17:00.000Z,1783617420000,61411918.7431,64674632.8056,-0.0259,126086552
2026-07-10 03:18,2026-07-09T17:18:00.000Z,1783617480000,58483768.1974,69469883.4193,-0.0859,127953652
2026-07-10 03:19,2026-07-09T17:19:00.000Z,1783617540000,55827172.2631,73231096.9372,-0.1349,129058269
2026-07-10 03:20,2026-07-09T17:20:00.000Z,1783617600000,56830581.2827,72653893.9684,-0.1222,129484475
2026-07-10 03:21,2026-07-09T17:21:00.000Z,1783617660000,57829591.3993,68141930.6214,-0.0819,125971522
2026-07-10 03:22,2026-07-09T17:22:00.000Z,1783617720000,59027781.2471,68673540.8017,-0.0755,127701322
2026-07-10 03:23,2026-07-09T17:23:00.000Z,1783617780000,59633446.1121,67428518.6132,-0.0613,127061965
2026-07-10 03:24,2026-07-09T17:24:00.000Z,1783617840000,64796560.1534,65203293.7023,-0.0031,129999854
2026-07-10 03:25,2026-07-09T17:25:00.000Z,1783617900000,64822918.6017,63281214.7654,0.0120,128104133
2026-07-10 03:26,2026-07-09T17:26:00.000Z,1783617960000,64209539.1013,63353261.793,0.0067,127562801
2026-07-10 03:27,2026-07-09T17:27:00.000Z,1783618020000,64224500.9369,63028781.1588,0.0094,127253282
2026-07-10 03:28,2026-07-09T17:28:00.000Z,1783618080000,63010316.2087,66596952.3634,-0.0277,129607269
2026-07-10 03:29,2026-07-09T17:29:00.000Z,1783618140000,62871552.9306,65497046.5802,-0.0205,128368600
2026-07-10 03:30,2026-07-09T17:30:00.000Z,1783618200000,60804264.7579,71250198.4177,-0.0791,132054463
2026-07-10 03:31,2026-07-09T17:31:00.000Z,1783618260000,61466439.4539,67291566.8555,-0.0452,128758006
2026-07-10 03:32,2026-07-09T17:32:00.000Z,1783618320000,63577972.3674,63713383.5118,-0.0011,127291356
2026-07-10 03:33,2026-07-09T17:33:00.000Z,1783618380000,67222120.1235,61591632.4902,0.0437,128813753
2026-07-10 03:34,2026-07-09T17:34:00.000Z,1783618440000,63573529.5742,63921873.6875,-0.0027,127495403
2026-07-10 03:35,2026-07-09T17:35:00.000Z,1783618500000,64797158.9444,63329531.1204,0.0115,128126690
2026-07-10 03:36,2026-07-09T17:36:00.000Z,1783618560000,62332848.9707,71723889.3205,-0.0701,134056738
2026-07-10 03:37,2026-07-09T17:37:00.000Z,1783618620000,62608938.3532,72452726.0733,-0.0729,135061664
2026-07-10 03:38,2026-07-09T17:38:00.000Z,1783618680000,58096684.0238,80221358.0604,-0.1600,138318042
2026-07-10 03:39,2026-07-09T17:39:00.000Z,1783618740000,59545308.8886,100748382.6344,-0.2570,160293692
2026-07-10 03:40,2026-07-09T17:40:00.000Z,1783618800000,57871072.9925,77235721.5192,-0.1433,135106795
2026-07-10 03:41,2026-07-09T17:41:00.000Z,1783618860000,63573852.2693,75250520.2292,-0.0841,138824372
2026-07-10 03:42,2026-07-09T17:42:00.000Z,1783618920000,62708590.5516,78144244.4187,-0.1096,140852835
2026-07-10 03:43,2026-07-09T17:43:00.000Z,1783618980000,63947383.9843,76150356.3579,-0.0871,140097740
2026-07-10 03:44,2026-07-09T17:44:00.000Z,1783619040000,65596027.7339,73680106.9876,-0.0580,139276135
2026-07-10 03:45,2026-07-09T17:45:00.000Z,1783619100000,56615159.9325,80564238.5549,-0.1746,137179398
2026-07-10 03:46,2026-07-09T17:46:00.000Z,1783619160000,57350120.6685,80855980.6884,-0.1701,138206101
2026-07-10 03:47,2026-07-09T17:47:00.000Z,1783619220000,57918183.8353,78976252.1381,-0.1538,136894436
2026-07-10 03:48,2026-07-09T17:48:00.000Z,1783619280000,55553426.3091,82082638.3028,-0.1927,137636065
2026-07-10 03:49,2026-07-09T17:49:00.000Z,1783619340000,64658735.7392,77000208.9419,-0.0871,141658945
2026-07-10 03:50,2026-07-09T17:50:00.000Z,1783619400000,65551668.6823,74439007.6946,-0.0635,139990676
2026-07-10 03:51,2026-07-09T17:51:00.000Z,1783619460000,62005123.3203,74884483.0356,-0.0941,136889606
2026-07-10 03:52,2026-07-09T17:52:00.000Z,1783619520000,58531940.7593,69953980.2834,-0.0889,128485921
2026-07-10 03:53,2026-07-09T17:53:00.000Z,1783619580000,61620937.6034,73441430.5925,-0.0875,135062368
2026-07-10 03:54,2026-07-09T17:54:00.000Z,1783619640000,59893416.729,79189998.4484,-0.1387,139083415
2026-07-10 03:55,2026-07-09T17:55:00.000Z,1783619700000,59576215.4033,70356260.8908,-0.0830,129932476
2026-07-10 03:56,2026-07-09T17:56:00.000Z,1783619760000,61745114.2195,70774758.0304,-0.0681,132519872
2026-07-10 03:57,2026-07-09T17:57:00.000Z,1783619820000,55416602.2501,73397135.6026,-0.1396,128813738
2026-07-10 03:58,2026-07-09T17:58:00.000Z,1783619880000,57371936.9221,72034226.7275,-0.1133,129406164
2026-07-10 03:59,2026-07-09T17:59:00.000Z,1783619940000,58146997.9628,71902449.4039,-0.1058,130049447
2026-07-10 04:00,2026-07-09T18:00:00.000Z,1783620000000,48458713.268,73094987.2748,-0.2027,121553701
2026-07-10 04:01,2026-07-09T18:01:00.000Z,1783620060000,51104339.8712,77016171.4521,-0.2022,128120511
2026-07-10 04:02,2026-07-09T18:02:00.000Z,1783620120000,50185835.7804,77639491.3785,-0.2148,127825327
2026-07-10 04:03,2026-07-09T18:03:00.000Z,1783620180000,52094558.3342,79075240.1524,-0.2057,131169798
2026-07-10 04:04,2026-07-09T18:04:00.000Z,1783620240000,59549643.5703,68677292.4272,-0.0712,128226936
2026-07-10 04:05,2026-07-09T18:05:00.000Z,1783620300000,64635425.9329,65626972.9525,-0.0076,130262399
2026-07-10 04:06,2026-07-09T18:06:00.000Z,1783620360000,59505772.7467,69186837.2143,-0.0752,128692610
2026-07-10 04:07,2026-07-09T18:07:00.000Z,1783620420000,55252527.5743,89475677.4025,-0.2365,144728205
2026-07-10 04:08,2026-07-09T18:08:00.000Z,1783620480000,51073867.6626,81188833.6363,-0.2277,132262701
2026-07-10 04:09,2026-07-09T18:09:00.000Z,1783620540000,59539977.3873,79389381.2547,-0.1429,138929359
2026-07-10 04:10,2026-07-09T18:10:00.000Z,1783620600000,65806398.4478,73620794.3599,-0.0560,139427193
2026-07-10 04:11,2026-07-09T18:11:00.000Z,1783620660000,60877584.7807,74897551.5423,-0.1033,135775136
2026-07-10 04:12,2026-07-09T18:12:00.000Z,1783620720000,54381708.4381,89714144.7527,-0.2452,144095853
2026-07-10 04:13,2026-07-09T18:13:00.000Z,1783620780000,64438271.8797,74608221.2453,-0.0731,139046493
2026-07-10 04:14,2026-07-09T18:14:00.000Z,1783620840000,61503565.498,80552563.3028,-0.1341,142056129
2026-07-10 04:15,2026-07-09T18:15:00.000Z,1783620900000,56905857.6048,83431777.8517,-0.1890,140337635
2026-07-10 04:16,2026-07-09T18:16:00.000Z,1783620960000,55789743.0689,89308231.4366,-0.2310,145097975
2026-07-10 04:17,2026-07-09T18:17:00.000Z,1783621020000,62404566.4162,81867239.8831,-0.1349,144271806
2026-07-10 04:18,2026-07-09T18:18:00.000Z,1783621080000,62899756.4111,86994680.6293,-0.1607,149894437
2026-07-10 04:19,2026-07-09T18:19:00.000Z,1783621140000,74782374.0539,76744450.304,-0.0129,151526824
2026-07-10 04:20,2026-07-09T18:20:00.000Z,1783621200000,70281661.5477,90061025.2861,-0.1234,160342687
2026-07-10 04:21,2026-07-09T18:21:00.000Z,1783621260000,75559547.3169,80517247.9942,-0.0318,156076795
2026-07-10 04:22,2026-07-09T18:22:00.000Z,1783621320000,84659367.6016,77891624.8625,0.0416,162550992
2026-07-10 04:23,2026-07-09T18:23:00.000Z,1783621380000,85175008.5068,76442569.9655,0.0540,161617578
2026-07-10 04:24,2026-07-09T18:24:00.000Z,1783621440000,76309698.2073,76028698.1841,0.0018,152338396
2026-07-10 04:25,2026-07-09T18:25:00.000Z,1783621500000,77985706.1091,74810664.2149,0.0208,152796370
2026-07-10 04:26,2026-07-09T18:26:00.000Z,1783621560000,69092871.5552,74292380.8522,-0.0363,143385252
2026-07-10 04:27,2026-07-09T18:27:00.000Z,1783621620000,71274297.8174,65772547.717,0.0401,137046846
2026-07-10 04:28,2026-07-09T18:28:00.000Z,1783621680000,63581350.9988,80273668.6557,-0.1160,143855020
2026-07-10 04:29,2026-07-09T18:29:00.000Z,1783621740000,66436258.8378,76437305.6188,-0.0700,142873564
2026-07-10 04:30,2026-07-09T18:30:00.000Z,1783621800000,59928003.3068,84462670.5556,-0.1699,144390674
2026-07-10 04:31,2026-07-09T18:31:00.000Z,1783621860000,64382218.8616,72934552.1143,-0.0623,137316771
2026-07-10 04:32,2026-07-09T18:32:00.000Z,1783621920000,68611972.3364,70186136.3254,-0.0113,138798109
2026-07-10 04:33,2026-07-09T18:33:00.000Z,1783621980000,68408211.0772,69313751.2266,-0.0066,137721962
2026-07-10 04:34,2026-07-09T18:34:00.000Z,1783622040000,63500476.9295,74546892.5925,-0.0800,138047370
2026-07-10 04:35,2026-07-09T18:35:00.000Z,1783622100000,64313148.942,75455216.448,-0.0797,139768365
2026-07-10 04:36,2026-07-09T18:36:00.000Z,1783622160000,64278455.4359,76626421.3669,-0.0876,140904877
2026-07-10 04:37,2026-07-09T18:37:00.000Z,1783622220000,70978877.0975,68914771.3607,0.0148,139893648
2026-07-10 04:38,2026-07-09T18:38:00.000Z,1783622280000,70231957.8828,69503985.2294,0.0052,139735943
2026-07-10 04:39,2026-07-09T18:39:00.000Z,1783622340000,63386613.053,79632397.3516,-0.1136,143019010
2026-07-10 04:40,2026-07-09T18:40:00.000Z,1783622400000,68507580.8516,72507364.8417,-0.0284,141014946
2026-07-10 04:41,2026-07-09T18:41:00.000Z,1783622460000,63617421.1629,75251326.9473,-0.0838,138868748
2026-07-10 04:42,2026-07-09T18:42:00.000Z,1783622520000,64083197.6355,79416194.7212,-0.1069,143499392
2026-07-10 04:43,2026-07-09T18:43:00.000Z,1783622580000,59695893.013,82385988.2714,-0.1597,142081881
2026-07-10 04:44,2026-07-09T18:44:00.000Z,1783622640000,62540316.181,67077293.0508,-0.0350,129617609
2026-07-10 04:45,2026-07-09T18:45:00.000Z,1783622700000,62953961.3471,80447038.45,-0.1220,143401000
2026-07-10 04:46,2026-07-09T18:46:00.000Z,1783622760000,62807458.4823,81460402.3869,-0.1293,144267861
2026-07-10 04:47,2026-07-09T18:47:00.000Z,1783622820000,60452060.2634,82663228.901,-0.1552,143115289
2026-07-10 04:48,2026-07-09T18:48:00.000Z,1783622880000,63369201.6912,76990534.5283,-0.0970,140359736
2026-07-10 04:49,2026-07-09T18:49:00.000Z,1783622940000,57032325.4499,76382033.727,-0.1450,133414359
2026-07-10 04:50,2026-07-09T18:50:00.000Z,1783623000000,66476409.7543,70813684.5946,-0.0316,137290094
2026-07-10 04:51,2026-07-09T18:51:00.000Z,1783623060000,69962031.3527,66951989.5036,0.0220,136914021
2026-07-10 04:52,2026-07-09T18:52:00.000Z,1783623120000,66522778.8622,67588868.5174,-0.0079,134111647
2026-07-10 04:53,2026-07-09T18:53:00.000Z,1783623180000,70757085.5615,66935663.4754,0.0278,137692749
2026-07-10 04:54,2026-07-09T18:54:00.000Z,1783623240000,67451908.7889,67455897.5445,-0.0000,134907806
2026-07-10 04:55,2026-07-09T18:55:00.000Z,1783623300000,67431582.5535,68316597.5009,-0.0065,135748180
2026-07-10 04:56,2026-07-09T18:56:00.000Z,1783623360000,69133181.6068,67184911.0351,0.0143,136318093
2026-07-10 04:57,2026-07-09T18:57:00.000Z,1783623420000,67767401.9397,69822431.1663,-0.0149,137589833
2026-07-10 04:58,2026-07-09T18:58:00.000Z,1783623480000,74656641.3356,72967172.8764,0.0114,147623814
2026-07-10 04:59,2026-07-09T18:59:00.000Z,1783623540000,74742234.6159,69743201.4902,0.0346,144485436
2026-07-10 05:00,2026-07-09T19:00:00.000Z,1783623600000,69918706.4298,66645197.9211,0.0240,136563904
2026-07-10 05:01,2026-07-09T19:01:00.000Z,1783623660000,81827073.1567,59988151.2023,0.1540,141815224
2026-07-10 05:02,2026-07-09T19:02:00.000Z,1783623720000,77155368.5266,66977828.8677,0.0706,144133197
2026-07-10 05:03,2026-07-09T19:03:00.000Z,1783623780000,75493446.0325,68369260.3653,0.0495,143862706
2026-07-10 05:04,2026-07-09T19:04:00.000Z,1783623840000,79338142.9365,59857351.9415,0.1400,139195495
2026-07-10 05:05,2026-07-09T19:05:00.000Z,1783623900000,67555695.1869,67669406.3716,-0.0008,135225102
2026-07-10 05:06,2026-07-09T19:06:00.000Z,1783623960000,69425196.6316,64122547.0296,0.0397,133547744
2026-07-10 05:07,2026-07-09T19:07:00.000Z,1783624020000,68206501.6701,67375913.73,0.0061,135582415
2026-07-10 05:08,2026-07-09T19:08:00.000Z,1783624080000,75186564.2199,59723061.5224,0.1146,134909626
2026-07-10 05:09,2026-07-09T19:09:00.000Z,1783624140000,77124819.8072,56576790.2184,0.1537,133701610
2026-07-10 05:10,2026-07-09T19:10:00.000Z,1783624200000,69632885.8133,68007924.1099,0.0118,137640810
2026-07-10 05:11,2026-07-09T19:11:00.000Z,1783624260000,77955915.9468,56857831.5128,0.1565,134813747
2026-07-10 05:12,2026-07-09T19:12:00.000Z,1783624320000,74676318.8603,60904167.0144,0.1016,135580486
2026-07-10 05:13,2026-07-09T19:13:00.000Z,1783624380000,74230519.1276,60038267.6496,0.1057,134268787
2026-07-10 05:14,2026-07-09T19:14:00.000Z,1783624440000,77316655.8539,55872976.3949,0.1610,133189632
2026-07-10 05:15,2026-07-09T19:15:00.000Z,1783624500000,73389369.882,58305768.9174,0.1145,131695139
2026-07-10 05:16,2026-07-09T19:16:00.000Z,1783624560000,66889387.8856,58205721.0947,0.0694,125095109
2026-07-10 05:17,2026-07-09T19:17:00.000Z,1783624620000,67108863.4125,59475994.9995,0.0603,126584858
2026-07-10 05:18,2026-07-09T19:18:00.000Z,1783624680000,66716480.2273,57127959.1447,0.0774,123844439
2026-07-10 05:19,2026-07-09T19:19:00.000Z,1783624740000,70077170.091,55326535.8251,0.1176,125403706
2026-07-10 05:20,2026-07-09T19:20:00.000Z,1783624800000,69180579.8507,55786621.4299,0.1072,124967201
2026-07-10 05:21,2026-07-09T19:21:00.000Z,1783624860000,66138890.8778,51348481.191,0.1259,117487372
2026-07-10 05:22,2026-07-09T19:22:00.000Z,1783624920000,65294774.7411,59428559.311,0.0470,124723334
2026-07-10 05:23,2026-07-09T19:23:00.000Z,1783624980000,73514101.9601,53330832.6847,0.1591,126844935
2026-07-10 05:24,2026-07-09T19:24:00.000Z,1783625040000,66106056.5281,58739545.2026,0.0590,124845602
2026-07-10 05:25,2026-07-09T19:25:00.000Z,1783625100000,67070066.5018,60285951.0368,0.0533,127356018
2026-07-10 05:26,2026-07-09T19:26:00.000Z,1783625160000,71344875.3636,53256769.6433,0.1452,124601645
2026-07-10 05:27,2026-07-09T19:27:00.000Z,1783625220000,63909965.3773,57523192.1956,0.0526,121433158
2026-07-10 05:28,2026-07-09T19:28:00.000Z,1783625280000,61624174.5565,59433430.069,0.0181,121057605
2026-07-10 05:29,2026-07-09T19:29:00.000Z,1783625340000,63921986.8763,58822574.7595,0.0415,122744562
2026-07-10 05:30,2026-07-09T19:30:00.000Z,1783625400000,62200984.3668,61233395.4934,0.0078,123434380
2026-07-10 05:31,2026-07-09T19:31:00.000Z,1783625460000,67473448.4862,57132891.4688,0.0830,124606340
2026-07-10 05:32,2026-07-09T19:32:00.000Z,1783625520000,60968306.859,63011540.8056,-0.0165,123979848
2026-07-10 05:33,2026-07-09T19:33:00.000Z,1783625580000,58271759.7819,66280886.0975,-0.0643,124552646
2026-07-10 05:34,2026-07-09T19:34:00.000Z,1783625640000,64678237.0908,61798420.5403,0.0228,126476658
2026-07-10 05:35,2026-07-09T19:35:00.000Z,1783625700000,68911870.4451,54694854.9853,0.1150,123606725
2026-07-10 05:36,2026-07-09T19:36:00.000Z,1783625760000,62259657.6521,62203179.1706,0.0005,124462837
2026-07-10 05:37,2026-07-09T19:37:00.000Z,1783625820000,59170972.8924,65319198.4243,-0.0494,124490171
2026-07-10 05:38,2026-07-09T19:38:00.000Z,1783625880000,62281027.9494,60176609.1699,0.0172,122457637
2026-07-10 05:39,2026-07-09T19:39:00.000Z,1783625940000,59948747.6041,63126118.2311,-0.0258,123074866
2026-07-10 05:40,2026-07-09T19:40:00.000Z,1783626000000,57761410.0072,65282714.2186,-0.0611,123044124
2026-07-10 05:41,2026-07-09T19:41:00.000Z,1783626060000,56919495.1566,60394061.6355,-0.0296,117313557
2026-07-10 05:42,2026-07-09T19:42:00.000Z,1783626120000,61298867.3934,63239371.8333,-0.0156,124538239
2026-07-10 05:43,2026-07-09T19:43:00.000Z,1783626180000,59690299.4536,63142769.7075,-0.0281,122833069
2026-07-10 05:44,2026-07-09T19:44:00.000Z,1783626240000,57360959.5601,65548725.5431,-0.0666,122909685
2026-07-10 05:45,2026-07-09T19:45:00.000Z,1783626300000,59773122.4378,69513416.1823,-0.0753,129286539
2026-07-10 05:46,2026-07-09T19:46:00.000Z,1783626360000,63055585.2649,61994266.2085,0.0085,125049851
2026-07-10 05:47,2026-07-09T19:47:00.000Z,1783626420000,63594632.2295,59832142.328,0.0305,123426775
2026-07-10 05:48,2026-07-09T19:48:00.000Z,1783626480000,66327250.3008,59308251.1847,0.0559,125635501
2026-07-10 05:49,2026-07-09T19:49:00.000Z,1783626540000,68584896.8491,55102424.5192,0.1090,123687321
2026-07-10 05:50,2026-07-09T19:50:00.000Z,1783626600000,66836628.116,55671390.8495,0.0911,122508019
2026-07-10 05:51,2026-07-09T19:51:00.000Z,1783626660000,64644107.4302,57443813.8728,0.0590,122087921
2026-07-10 05:52,2026-07-09T19:52:00.000Z,1783626720000,71079661.3874,56161268.5524,0.1172,127240930
2026-07-10 05:53,2026-07-09T19:53:00.000Z,1783626780000,63827474.4055,60075337.1912,0.0303,123902812
2026-07-10 05:54,2026-07-09T19:54:00.000Z,1783626840000,69943896.1611,56547550.8001,0.1059,126491447
2026-07-10 05:55,2026-07-09T19:55:00.000Z,1783626900000,66291077.3112,56760126.5125,0.0775,123051204
2026-07-10 05:56,2026-07-09T19:56:00.000Z,1783626960000,60848742.4183,60249441.919,0.0049,121098184
2026-07-10 05:57,2026-07-09T19:57:00.000Z,1783627020000,61348563.3097,52524071.4472,0.0775,113872635
2026-07-10 05:58,2026-07-09T19:58:00.000Z,1783627080000,62723223.5807,57487032.9492,0.0436,120210257
2026-07-10 05:59,2026-07-09T19:59:00.000Z,1783627140000,72490906.4066,54113506.6263,0.1452,126604413
2026-07-10 06:00,2026-07-09T20:00:00.000Z,1783627200000,62160215.5821,52704116.7974,0.0823,114864332
2026-07-10 06:01,2026-07-09T20:01:00.000Z,1783627260000,64716299.5727,55097454.4728,0.0803,119813754
2026-07-10 06:02,2026-07-09T20:02:00.000Z,1783627320000,62329834.3635,57091246.3109,0.0439,119421081
2026-07-10 06:03,2026-07-09T20:03:00.000Z,1783627380000,73800450.6129,51261608.6661,0.1802,125062059
2026-07-10 06:04,2026-07-09T20:04:00.000Z,1783627440000,76296880.3492,51719818.7882,0.1920,128016699
2026-07-10 06:05,2026-07-09T20:05:00.000Z,1783627500000,79350485.1244,51837963.0971,0.2097,131188448
2026-07-10 06:06,2026-07-09T20:06:00.000Z,1783627560000,77269569.1521,54686873.592,0.1711,131956443
2026-07-10 06:07,2026-07-09T20:07:00.000Z,1783627620000,78049363.8686,55141095.1139,0.1720,133190459
2026-07-10 06:08,2026-07-09T20:08:00.000Z,1783627680000,74277224.9075,62688380.288,0.0846,136965605
2026-07-10 06:09,2026-07-09T20:09:00.000Z,1783627740000,74487265.741,64025926.3315,0.0755,138513192
2026-07-10 06:10,2026-07-09T20:10:00.000Z,1783627800000,76832674.2997,62193814.6767,0.1053,139026489
2026-07-10 06:11,2026-07-09T20:11:00.000Z,1783627860000,78567417.5333,59308908.2512,0.1397,137876326
2026-07-10 06:12,2026-07-09T20:12:00.000Z,1783627920000,72392509.8911,65188990.5711,0.0524,137581500
2026-07-10 06:13,2026-07-09T20:13:00.000Z,1783627980000,74089200.925,57399548.8509,0.1269,131488750
2026-07-10 06:14,2026-07-09T20:14:00.000Z,1783628040000,71179441.2498,53301994.9608,0.1436,124481436
2026-07-10 06:15,2026-07-09T20:15:00.000Z,1783628100000,70856653.4868,51975955.9917,0.1537,122832609
2026-07-10 06:16,2026-07-09T20:16:00.000Z,1783628160000,66860482.7519,53770670.9826,0.1085,120631154
2026-07-10 06:17,2026-07-09T20:17:00.000Z,1783628220000,72144879.7941,54431211.5056,0.1399,126576091
2026-07-10 06:18,2026-07-09T20:18:00.000Z,1783628280000,70589932.059,58567388.3131,0.0931,129157320
2026-07-10 06:19,2026-07-09T20:19:00.000Z,1783628340000,68617922.7415,60417558.4078,0.0636,129035481
2026-07-10 06:20,2026-07-09T20:20:00.000Z,1783628400000,70617570.9642,58277843.6344,0.0957,128895415
2026-07-10 06:21,2026-07-09T20:21:00.000Z,1783628460000,67748175.0501,61955470.4575,0.0447,129703646
2026-07-10 06:22,2026-07-09T20:22:00.000Z,1783628520000,68342605.3989,64276508.5132,0.0307,132619114
2026-07-10 06:23,2026-07-09T20:23:00.000Z,1783628580000,67785366.8241,66829534.5992,0.0071,134614901
2026-07-10 06:24,2026-07-09T20:24:00.000Z,1783628640000,69615190.014,60221394.2262,0.0724,129836584
2026-07-10 06:25,2026-07-09T20:25:00.000Z,1783628700000,66983284.9288,65188559.169,0.0136,132171844
2026-07-10 06:26,2026-07-09T20:26:00.000Z,1783628760000,67568912.2317,66012458.3327,0.0117,133581371
2026-07-10 06:27,2026-07-09T20:27:00.000Z,1783628820000,57206150.2939,65757070.757,-0.0695,122963221
2026-07-10 06:28,2026-07-09T20:28:00.000Z,1783628880000,64238106.2807,58995991.7706,0.0425,123234098
2026-07-10 06:29,2026-07-09T20:29:00.000Z,1783628940000,63732674.0327,58529398.8411,0.0426,122262073
2026-07-10 06:30,2026-07-09T20:30:00.000Z,1783629000000,64834721.8972,57531719.3711,0.0597,122366441
2026-07-10 06:31,2026-07-09T20:31:00.000Z,1783629060000,58409004.3831,61950592.2726,-0.0294,120359597
2026-07-10 06:32,2026-07-09T20:32:00.000Z,1783629120000,65742136.5386,54965010.6709,0.0893,120707147
2026-07-10 06:33,2026-07-09T20:33:00.000Z,1783629180000,48195160.6199,59661630.4515,-0.1063,107856791
2026-07-10 06:34,2026-07-09T20:34:00.000Z,1783629240000,46375632.4361,56990037.9195,-0.1027,103365670
2026-07-10 06:35,2026-07-09T20:35:00.000Z,1783629300000,49035118.8095,60598713.5137,-0.1055,109633832
2026-07-10 06:36,2026-07-09T20:36:00.000Z,1783629360000,53517689.8665,64519704.7174,-0.0932,118037395
2026-07-10 06:37,2026-07-09T20:37:00.000Z,1783629420000,58445415.1194,59506778.8179,-0.0090,117952194
2026-07-10 06:38,2026-07-09T20:38:00.000Z,1783629480000,58058267.5034,59713703.0552,-0.0141,117771971
2026-07-10 06:39,2026-07-09T20:39:00.000Z,1783629540000,58564258.6493,60321038.5379,-0.0148,118885297
2026-07-10 06:40,2026-07-09T20:40:00.000Z,1783629600000,62020619.9635,56027864.2449,0.0508,118048484
2026-07-10 06:41,2026-07-09T20:41:00.000Z,1783629660000,57196581.0368,62154141.9696,-0.0415,119350723
2026-07-10 06:42,2026-07-09T20:42:00.000Z,1783629720000,57004311.229,62619347.5401,-0.0469,119623659
2026-07-10 06:43,2026-07-09T20:43:00.000Z,1783629780000,55980856.1373,63283056.0063,-0.0612,119263912
2026-07-10 06:44,2026-07-09T20:44:00.000Z,1783629840000,56377853.0473,62727878.4045,-0.0533,119105731
2026-07-10 06:45,2026-07-09T20:45:00.000Z,1783629900000,57094963.4566,62642984.8169,-0.0463,119737948
2026-07-10 06:46,2026-07-09T20:46:00.000Z,1783629960000,57088933.6865,61867558.7316,-0.0402,118956492
2026-07-10 06:47,2026-07-09T20:47:00.000Z,1783630020000,55136292.3879,63443815.142,-0.0701,118580108
2026-07-10 06:48,2026-07-09T20:48:00.000Z,1783630080000,58325697.5681,59977093.7914,-0.0140,118302791
2026-07-10 06:49,2026-07-09T20:49:00.000Z,1783630140000,56356363.3785,62116723.5775,-0.0486,118473087
2026-07-10 06:50,2026-07-09T20:50:00.000Z,1783630200000,63212459.2212,56470969.5093,0.0563,119683429
2026-07-10 06:51,2026-07-09T20:51:00.000Z,1783630260000,60261903.1972,57724177.5154,0.0215,117986081
2026-07-10 06:52,2026-07-09T20:52:00.000Z,1783630320000,60331772.4268,58634481.5891,0.0143,118966254
2026-07-10 06:53,2026-07-09T20:53:00.000Z,1783630380000,61696211.1259,57857879.915,0.0321,119554091
2026-07-10 06:54,2026-07-09T20:54:00.000Z,1783630440000,66509385.931,54880846.5549,0.0958,121390232
2026-07-10 06:55,2026-07-09T20:55:00.000Z,1783630500000,66577507.8997,55074582.2106,0.0946,121652090
2026-07-10 06:56,2026-07-09T20:56:00.000Z,1783630560000,66947095.0448,55141616.8803,0.0967,122088712
2026-07-10 06:57,2026-07-09T20:57:00.000Z,1783630620000,66180053.989,50383489.6774,0.1355,116563544
2026-07-10 06:58,2026-07-09T20:58:00.000Z,1783630680000,64156877.5779,57240540.9341,0.0570,121397419
2026-07-10 06:59,2026-07-09T20:59:00.000Z,1783630740000,58617976.9139,61709127.7399,-0.0257,120327105
2026-07-10 07:00,2026-07-09T21:00:00.000Z,1783630800000,56693097.3991,56613265.9602,0.0007,113306363
2026-07-10 07:01,2026-07-09T21:01:00.000Z,1783630860000,55706469.2012,60409587.3109,-0.0405,116116057
2026-07-10 07:02,2026-07-09T21:02:00.000Z,1783630920000,52715665.5042,67769647.2652,-0.1249,120485313
2026-07-10 07:03,2026-07-09T21:03:00.000Z,1783630980000,56040825.8432,61570208.0988,-0.0470,117611034
2026-07-10 07:04,2026-07-09T21:04:00.000Z,1783631040000,54209566.2171,64390878.4586,-0.0858,118600445
2026-07-10 07:05,2026-07-09T21:05:00.000Z,1783631100000,53694215.7402,65857717.8972,-0.1017,119551934
2026-07-10 07:06,2026-07-09T21:06:00.000Z,1783631160000,55020003.0914,64678092.9938,-0.0807,119698096
2026-07-10 07:07,2026-07-09T21:07:00.000Z,1783631220000,59001882.168,58657557.8205,0.0029,117659440
2026-07-10 07:08,2026-07-09T21:08:00.000Z,1783631280000,57722403.5228,59818569.2516,-0.0178,117540973
2026-07-10 07:09,2026-07-09T21:09:00.000Z,1783631340000,62665499.3148,56067346.2379,0.0556,118732846
2026-07-10 07:10,2026-07-09T21:10:00.000Z,1783631400000,55767497.5279,56114075.1527,-0.0031,111881573
2026-07-10 07:11,2026-07-09T21:11:00.000Z,1783631460000,54609950.0452,56088536.1239,-0.0134,110698486
2026-07-10 07:12,2026-07-09T21:12:00.000Z,1783631520000,58930555.7703,52280862.8842,0.0598,111211419
2026-07-10 07:13,2026-07-09T21:13:00.000Z,1783631580000,59019761.9426,49650361.3773,0.0862,108670123
2026-07-10 07:14,2026-07-09T21:14:00.000Z,1783631640000,52541926.6583,58482101.7812,-0.0535,111024028
2026-07-10 07:15,2026-07-09T21:15:00.000Z,1783631700000,59311564.5685,51677299.996,0.0688,110988865
2026-07-10 07:16,2026-07-09T21:16:00.000Z,1783631760000,59727787.2568,53157150.4163,0.0582,112884938
2026-07-10 07:17,2026-07-09T21:17:00.000Z,1783631820000,58315252.3223,53289546.8285,0.0450,111604799
2026-07-10 07:18,2026-07-09T21:18:00.000Z,1783631880000,54790500.4371,58662331.8159,-0.0341,113452832
2026-07-10 07:19,2026-07-09T21:19:00.000Z,1783631940000,54512582.2141,57879922.5659,-0.0300,112392505
2026-07-10 07:20,2026-07-09T21:20:00.000Z,1783632000000,55467360.6189,58009401.225,-0.0224,113476762
2026-07-10 07:21,2026-07-09T21:21:00.000Z,1783632060000,55289964.1752,55319010.6937,-0.0003,110608975
2026-07-10 07:22,2026-07-09T21:22:00.000Z,1783632120000,54781209.8032,57510799.5521,-0.0243,112292009
2026-07-10 07:23,2026-07-09T21:23:00.000Z,1783632180000,54804421.5687,56159884.7616,-0.0122,110964306
2026-07-10 07:24,2026-07-09T21:24:00.000Z,1783632240000,66446061.4468,49646761.669,0.1447,116092823
2026-07-10 07:25,2026-07-09T21:25:00.000Z,1783632300000,63762245.9485,49742515.98,0.1235,113504762
2026-07-10 07:26,2026-07-09T21:26:00.000Z,1783632360000,64299950.0356,49623221.0919,0.1288,113923171
2026-07-10 07:27,2026-07-09T21:27:00.000Z,1783632420000,65857037.0791,49243102.3347,0.1443,115100139
2026-07-10 07:28,2026-07-09T21:28:00.000Z,1783632480000,63639900.5992,50642746.3908,0.1137,114282647
2026-07-10 07:29,2026-07-09T21:29:00.000Z,1783632540000,66231842.7919,47413682.6148,0.1656,113645525
2026-07-10 07:30,2026-07-09T21:30:00.000Z,1783632600000,64214679.7582,49274944.5597,0.1316,113489624
2026-07-10 07:31,2026-07-09T21:31:00.000Z,1783632660000,61005528.2924,50897528.1904,0.0903,111903056
2026-07-10 07:32,2026-07-09T21:32:00.000Z,1783632720000,61809507.4989,49701049.9793,0.1086,111510557
2026-07-10 07:33,2026-07-09T21:33:00.000Z,1783632780000,60186244.8639,53631265.0271,0.0576,113817510
2026-07-10 07:34,2026-07-09T21:34:00.000Z,1783632840000,54914691.785,49689906.1694,0.0499,104604598
2026-07-10 07:35,2026-07-09T21:35:00.000Z,1783632900000,63333606.8959,49395956.7589,0.1236,112729564
2026-07-10 07:36,2026-07-09T21:36:00.000Z,1783632960000,62391507.9596,49622423.8691,0.1140,112013932
2026-07-10 07:37,2026-07-09T21:37:00.000Z,1783633020000,57144139.7063,54949163.7669,0.0196,112093303
2026-07-10 07:38,2026-07-09T21:38:00.000Z,1783633080000,60710403.146,51941680.6743,0.0778,112652084
2026-07-10 07:39,2026-07-09T21:39:00.000Z,1783633140000,61774675.6969,48342290.999,0.1220,110116967
2026-07-10 07:40,2026-07-09T21:40:00.000Z,1783633200000,56673591.2689,55222834.0476,0.0130,111896425
2026-07-10 07:41,2026-07-09T21:41:00.000Z,1783633260000,62966355.3084,48558897.47,0.1292,111525253
2026-07-10 07:42,2026-07-09T21:42:00.000Z,1783633320000,62166660.27,46864071.7049,0.1404,109030732
2026-07-10 07:43,2026-07-09T21:43:00.000Z,1783633380000,64807829.2445,46308660.9929,0.1665,111116490
2026-07-10 07:44,2026-07-09T21:44:00.000Z,1783633440000,64013513.2356,46213040.8356,0.1615,110226554
2026-07-10 07:45,2026-07-09T21:45:00.000Z,1783633500000,60225997.2016,46316666.7292,0.1306,106542664
2026-07-10 07:46,2026-07-09T21:46:00.000Z,1783633560000,63609430.2123,47444699.5594,0.1456,111054130
2026-07-10 07:47,2026-07-09T21:47:00.000Z,1783633620000,59496119.9777,50787764.91,0.0790,110283885
2026-07-10 07:48,2026-07-09T21:48:00.000Z,1783633680000,60341490.801,52045970.0015,0.0738,112387461
2026-07-10 07:49,2026-07-09T21:49:00.000Z,1783633740000,59325335.2458,55542407.6197,0.0329,114867743
2026-07-10 07:50,2026-07-09T21:50:00.000Z,1783633800000,59241551.7814,54082564.084,0.0455,113324116
2026-07-10 07:51,2026-07-09T21:51:00.000Z,1783633860000,58675641.5324,56440339.2737,0.0194,115115981
2026-07-10 07:52,2026-07-09T21:52:00.000Z,1783633920000,66549051.9032,49474491.2698,0.1472,116023543
2026-07-10 07:53,2026-07-09T21:53:00.000Z,1783633980000,63562255.7896,51874694.1783,0.1012,115436950
2026-07-10 07:54,2026-07-09T21:54:00.000Z,1783634040000,59549359.1228,58865522.5095,0.0058,118414882
2026-07-10 07:55,2026-07-09T21:55:00.000Z,1783634100000,64808034.7174,55429791.9325,0.0780,120237827
2026-07-10 07:56,2026-07-09T21:56:00.000Z,1783634160000,64742345.2354,56044216.2922,0.0720,120786562
2026-07-10 07:57,2026-07-09T21:57:00.000Z,1783634220000,67266070.3544,54339958.5566,0.1063,121606029
2026-07-10 07:58,2026-07-09T21:58:00.000Z,1783634280000,65879923.2034,55092979.6261,0.0892,120972903
2026-07-10 07:59,2026-07-09T21:59:00.000Z,1783634340000,60200699.0274,58957884.0631,0.0104,119158583
2026-07-10 08:00,2026-07-09T22:00:00.000Z,1783634400000,64149108.875,51576438.5598,0.1086,115725547
2026-07-10 08:01,2026-07-09T22:01:00.000Z,1783634460000,59981849.8651,59848222.062,0.0011,119830072
2026-07-10 08:02,2026-07-09T22:02:00.000Z,1783634520000,66577642.5469,55395267.6561,0.0917,121972910
2026-07-10 08:03,2026-07-09T22:03:00.000Z,1783634580000,69116883.2528,51667033.3543,0.1445,120783917
2026-07-10 08:04,2026-07-09T22:04:00.000Z,1783634640000,60240287.5658,58404984.9125,0.0155,118645272
2026-07-10 08:05,2026-07-09T22:05:00.000Z,1783634700000,64339731.603,55539140.7112,0.0734,119878872
2026-07-10 08:06,2026-07-09T22:06:00.000Z,1783634760000,68772553.0727,49284360.6702,0.1651,118056914
2026-07-10 08:07,2026-07-09T22:07:00.000Z,1783634820000,62080834.0149,55437154.2948,0.0565,117517988
2026-07-10 08:08,2026-07-09T22:08:00.000Z,1783634880000,60165054.1414,61488048.0342,-0.0109,121653102
2026-07-10 08:09,2026-07-09T22:09:00.000Z,1783634940000,66091873.018,55728822.4257,0.0851,121820695
2026-07-10 08:10,2026-07-09T22:10:00.000Z,1783635000000,71858076.4205,50491375.5366,0.1746,122349452
2026-07-10 08:11,2026-07-09T22:11:00.000Z,1783635060000,72282027.4147,50073269.9748,0.1815,122355297
2026-07-10 08:12,2026-07-09T22:12:00.000Z,1783635120000,71399368.9852,50936507.7589,0.1673,122335877
2026-07-10 08:13,2026-07-09T22:13:00.000Z,1783635180000,66771555.7926,53163351.1241,0.1135,119934907
2026-07-10 08:14,2026-07-09T22:14:00.000Z,1783635240000,71625894.4633,53175962.3324,0.1478,124801857
2026-07-10 08:15,2026-07-09T22:15:00.000Z,1783635300000,69318619.5305,52868344.9246,0.1346,122186964
2026-07-10 08:16,2026-07-09T22:16:00.000Z,1783635360000,72693589.6454,49828740.6106,0.1866,122522330
2026-07-10 08:17,2026-07-09T22:17:00.000Z,1783635420000,64177893.6507,55723281.9527,0.0705,119901176
2026-07-10 08:18,2026-07-09T22:18:00.000Z,1783635480000,62248870.3123,59015100.0312,0.0267,121263970
2026-07-10 08:19,2026-07-09T22:19:00.000Z,1783635540000,59057296.8952,66750282.8871,-0.0611,125807580
2026-07-10 08:20,2026-07-09T22:20:00.000Z,1783635600000,64279399.999,59224579.9576,0.0409,123503980
2026-07-10 08:21,2026-07-09T22:21:00.000Z,1783635660000,65056560.6046,57710587.875,0.0598,122767148
2026-07-10 08:22,2026-07-09T22:22:00.000Z,1783635720000,59922983.3735,59258732.6294,0.0056,119181716
2026-07-10 08:23,2026-07-09T22:23:00.000Z,1783635780000,65749506.4266,61059627.2422,0.0370,126809134
2026-07-10 08:24,2026-07-09T22:24:00.000Z,1783635840000,65192947.6031,60180305.3013,0.0400,125373253
2026-07-10 08:25,2026-07-09T22:25:00.000Z,1783635900000,65084788.4899,60452313.9932,0.0369,125537102
2026-07-10 08:26,2026-07-09T22:26:00.000Z,1783635960000,67112845.8295,59071626.2208,0.0637,126184472
2026-07-10 08:27,2026-07-09T22:27:00.000Z,1783636020000,69501446.2503,57364963.5086,0.0957,126866410
2026-07-10 08:28,2026-07-09T22:28:00.000Z,1783636080000,65180177.2202,57220917.276,0.0650,122401094
2026-07-10 08:29,2026-07-09T22:29:00.000Z,1783636140000,69489679.024,57002865.3025,0.0987,126492544
2026-07-10 08:30,2026-07-09T22:30:00.000Z,1783636200000,68593390.179,57316908.4379,0.0896,125910299
2026-07-10 08:31,2026-07-09T22:31:00.000Z,1783636260000,62977554.7696,61132975.8139,0.0149,124110531
2026-07-10 08:32,2026-07-09T22:32:00.000Z,1783636320000,67123427.9966,57004038.6071,0.0815,124127467
2026-07-10 08:33,2026-07-09T22:33:00.000Z,1783636380000,66871966.848,57499956.1549,0.0754,124371923
2026-07-10 08:34,2026-07-09T22:34:00.000Z,1783636440000,68190793.3296,54691962.8748,0.1099,122882756
2026-07-10 08:35,2026-07-09T22:35:00.000Z,1783636500000,77795045.9875,50719120.9507,0.2107,128514167
2026-07-10 08:36,2026-07-09T22:36:00.000Z,1783636560000,73986517.2966,54082601.9149,0.1554,128069119
2026-07-10 08:37,2026-07-09T22:37:00.000Z,1783636620000,71900416.4745,57217946.6223,0.1137,129118363
2026-07-10 08:38,2026-07-09T22:38:00.000Z,1783636680000,73138024.4902,57168341.2471,0.1226,130306366
2026-07-10 08:39,2026-07-09T22:39:00.000Z,1783636740000,66239745.3876,61460894.5839,0.0374,127700640
2026-07-10 08:40,2026-07-09T22:40:00.000Z,1783636800000,73028003.3051,59033106.6286,0.1060,132061110
2026-07-10 08:41,2026-07-09T22:41:00.000Z,1783636860000,68731796.113,62960259.4236,0.0438,131692056
2026-07-10 08:42,2026-07-09T22:42:00.000Z,1783636920000,68218859.8091,63708866.1373,0.0342,131927726
2026-07-10 08:43,2026-07-09T22:43:00.000Z,1783636980000,63884660.8276,68443232.4635,-0.0344,132327893
2026-07-10 08:44,2026-07-09T22:44:00.000Z,1783637040000,56548929.7438,60829544.1441,-0.0365,117378474
2026-07-10 08:45,2026-07-09T22:45:00.000Z,1783637100000,60678886.8213,56082108.5962,0.0394,116760995
2026-07-10 08:46,2026-07-09T22:46:00.000Z,1783637160000,59836513.6215,66855612.202,-0.0554,126692126
2026-07-10 08:47,2026-07-09T22:47:00.000Z,1783637220000,67160168.2327,60632348.2474,0.0511,127792516
2026-07-10 08:48,2026-07-09T22:48:00.000Z,1783637280000,67259176.4053,58709614.5107,0.0679,125968791
2026-07-10 08:49,2026-07-09T22:49:00.000Z,1783637340000,64668451.2343,61309839.8982,0.0267,125978291
2026-07-10 08:50,2026-07-09T22:50:00.000Z,1783637400000,68698103.406,58626913.1784,0.0791,127325017
2026-07-10 08:51,2026-07-09T22:51:00.000Z,1783637460000,73813154.1594,53431556.2162,0.1602,127244710
2026-07-10 08:52,2026-07-09T22:52:00.000Z,1783637520000,70069206.4672,53591423.8811,0.1333,123660630
2026-07-10 08:53,2026-07-09T22:53:00.000Z,1783637580000,67142725.9178,57365100.6799,0.0785,124507827
2026-07-10 08:54,2026-07-09T22:54:00.000Z,1783637640000,74939124.1927,54721934.9706,0.1559,129661059
2026-07-10 08:55,2026-07-09T22:55:00.000Z,1783637700000,63303464.767,55634973.2482,0.0645,118938438
2026-07-10 08:56,2026-07-09T22:56:00.000Z,1783637760000,73179856.4881,52106254.9597,0.1682,125286111
2026-07-10 08:57,2026-07-09T22:57:00.000Z,1783637820000,72777568.9078,52346817.6626,0.1633,125124387
2026-07-10 08:58,2026-07-09T22:58:00.000Z,1783637880000,70359628.0276,53608340.0484,0.1351,123967968
2026-07-10 08:59,2026-07-09T22:59:00.000Z,1783637940000,73064831.4616,51793972.0151,0.1704,124858803
2026-07-10 09:00,2026-07-09T23:00:00.000Z,1783638000000,69000519.9605,48333534.7673,0.1761,117334055
2026-07-10 09:01,2026-07-09T23:01:00.000Z,1783638060000,70976633.677,51214694.0497,0.1617,122191328
2026-07-10 09:02,2026-07-09T23:02:00.000Z,1783638120000,75661648.4667,50282984.1268,0.2015,125944633
2026-07-10 09:03,2026-07-09T23:03:00.000Z,1783638180000,69991644.5485,57090207.4447,0.1015,127081852
2026-07-10 09:04,2026-07-09T23:04:00.000Z,1783638240000,66796209.9988,60971431.1707,0.0456,127767641
2026-07-10 09:05,2026-07-09T23:05:00.000Z,1783638300000,62600242.782,63788718.7253,-0.0094,126388962
2026-07-10 09:06,2026-07-09T23:06:00.000Z,1783638360000,63888054.4376,64009405.382,-0.0009,127897460
2026-07-10 09:07,2026-07-09T23:07:00.000Z,1783638420000,71822857.0998,57022508.5548,0.1149,128845366
2026-07-10 09:08,2026-07-09T23:08:00.000Z,1783638480000,72559649.7933,55387325.2945,0.1342,127946975
2026-07-10 09:09,2026-07-09T23:09:00.000Z,1783638540000,74636934.4677,54973551.1318,0.1517,129610486
2026-07-10 09:10,2026-07-09T23:10:00.000Z,1783638600000,71301963.1497,55664276.9887,0.1232,126966240
2026-07-10 09:11,2026-07-09T23:11:00.000Z,1783638660000,74152930.4008,55270594.3754,0.1459,129423525
2026-07-10 09:12,2026-07-09T23:12:00.000Z,1783638720000,72575572.5414,53922565.5742,0.1475,126498138
2026-07-10 09:13,2026-07-09T23:13:00.000Z,1783638780000,72211067.2413,56955756.2661,0.1181,129166824
2026-07-10 09:14,2026-07-09T23:14:00.000Z,1783638840000,73096931.2549,56202226.9444,0.1307,129299158
2026-07-10 09:15,2026-07-09T23:15:00.000Z,1783638900000,76199693.9467,52886568.3399,0.1806,129086262
2026-07-10 09:16,2026-07-09T23:16:00.000Z,1783638960000,77596267.0666,49615197.6597,0.2200,127211465
2026-07-10 09:17,2026-07-09T23:17:00.000Z,1783639020000,79049903.5388,48890881.2444,0.2357,127940785
2026-07-10 09:18,2026-07-09T23:18:00.000Z,1783639080000,80587382.4595,47200258.4516,0.2613,127787641
2026-07-10 09:19,2026-07-09T23:19:00.000Z,1783639140000,79099648.5688,47292876.5121,0.2517,126392525
2026-07-10 09:20,2026-07-09T23:20:00.000Z,1783639200000,76989559.4851,47805905.2172,0.2339,124795465
2026-07-10 09:21,2026-07-09T23:21:00.000Z,1783639260000,82222630.9927,47105424.8941,0.2715,129328056
2026-07-10 09:22,2026-07-09T23:22:00.000Z,1783639320000,75518206.2122,48223102.5706,0.2206,123741309
2026-07-10 09:23,2026-07-09T23:23:00.000Z,1783639380000,75439285.3332,55518231.9857,0.1521,130957517
2026-07-10 09:24,2026-07-09T23:24:00.000Z,1783639440000,68476445.0594,65330948.9927,0.0235,133807394
2026-07-10 09:25,2026-07-09T23:25:00.000Z,1783639500000,67553292.2569,65669802.9102,0.0141,133223095
2026-07-10 09:26,2026-07-09T23:26:00.000Z,1783639560000,64649487.5769,65359107.4915,-0.0055,130008595
2026-07-10 09:27,2026-07-09T23:27:00.000Z,1783639620000,70745634.7566,59019097.2501,0.0904,129764732
2026-07-10 09:28,2026-07-09T23:28:00.000Z,1783639680000,72585870.0251,58801217.4008,0.1049,131387087
2026-07-10 09:29,2026-07-09T23:29:00.000Z,1783639740000,74279477.8824,54973333.2957,0.1494,129252811
2026-07-10 09:30,2026-07-09T23:30:00.000Z,1783639800000,76807045.7387,53123618.3435,0.1823,129930664
2026-07-10 09:31,2026-07-09T23:31:00.000Z,1783639860000,77456254.3379,49965969.6554,0.2157,127422224
2026-07-10 09:32,2026-07-09T23:32:00.000Z,1783639920000,79636752.9401,50155591.6239,0.2271,129792345
2026-07-10 09:33,2026-07-09T23:33:00.000Z,1783639980000,69981142.8454,56419810.0247,0.1073,126400953
2026-07-10 09:34,2026-07-09T23:34:00.000Z,1783640040000,68239386.4055,58717360.8535,0.0750,126956747
2026-07-10 09:35,2026-07-09T23:35:00.000Z,1783640100000,67499367.5657,58604462.4943,0.0705,126103830
2026-07-10 09:36,2026-07-09T23:36:00.000Z,1783640160000,68486559.8484,56640893.9121,0.0947,125127454
2026-07-10 09:37,2026-07-09T23:37:00.000Z,1783640220000,66854586.3894,58908258.2542,0.0632,125762845
2026-07-10 09:38,2026-07-09T23:38:00.000Z,1783640280000,63684207.6575,62398037.4847,0.0102,126082245
2026-07-10 09:39,2026-07-09T23:39:00.000Z,1783640340000,66067792.7658,60342502.3698,0.0453,126410295
2026-07-10 09:40,2026-07-09T23:40:00.000Z,1783640400000,65695059.1083,61050414.7493,0.0366,126745474
2026-07-10 09:41,2026-07-09T23:41:00.000Z,1783640460000,63572783.6129,63826852.8134,-0.0020,127399636
2026-07-10 09:42,2026-07-09T23:42:00.000Z,1783640520000,66146727.1499,59738626.3833,0.0509,125885354
2026-07-10 09:43,2026-07-09T23:43:00.000Z,1783640580000,63427337.2374,60043466.039,0.0274,123470803
2026-07-10 09:44,2026-07-09T23:44:00.000Z,1783640640000,65813433.9998,59907298.214,0.0470,125720732
2026-07-10 09:45,2026-07-09T23:45:00.000Z,1783640700000,64948160.3108,62739276.0771,0.0173,127687436
2026-07-10 09:46,2026-07-09T23:46:00.000Z,1783640760000,71436148.7635,56646982.2461,0.1155,128083131
2026-07-10 09:47,2026-07-09T23:47:00.000Z,1783640820000,69825561.7134,57714825.4028,0.0950,127540387
2026-07-10 09:48,2026-07-09T23:48:00.000Z,1783640880000,71928253.59,55615292.1591,0.1279,127543546
2026-07-10 09:49,2026-07-09T23:49:00.000Z,1783640940000,67756131.6346,57500702.7957,0.0819,125256834
2026-07-10 09:50,2026-07-09T23:50:00.000Z,1783641000000,69777852.1731,56081466.8243,0.1088,125859319
2026-07-10 09:51,2026-07-09T23:51:00.000Z,1783641060000,68707530.6444,56964793.6448,0.0934,125672324
2026-07-10 09:52,2026-07-09T23:52:00.000Z,1783641120000,68210101.8535,57095376.0642,0.0887,125305478
2026-07-10 09:53,2026-07-09T23:53:00.000Z,1783641180000,64822876.0788,62092439.9127,0.0215,126915316
2026-07-10 09:54,2026-07-09T23:54:00.000Z,1783641240000,63944194.8268,62116621.8138,0.0145,126060817
2026-07-10 09:55,2026-07-09T23:55:00.000Z,1783641300000,63701815.6972,64270568.7159,-0.0044,127972384
2026-07-10 09:56,2026-07-09T23:56:00.000Z,1783641360000,64776537.2085,61492972.0582,0.0260,126269509
2026-07-10 09:57,2026-07-09T23:57:00.000Z,1783641420000,63446594.4966,60620658.5718,0.0228,124067253
2026-07-10 09:58,2026-07-09T23:58:00.000Z,1783641480000,73191295.8082,54565476.1367,0.1458,127756772
2026-07-10 09:59,2026-07-09T23:59:00.000Z,1783641540000,71091095.2314,53924664.7578,0.1373,125015760
2026-07-10 10:00,2026-07-10T00:00:00.000Z,1783641600000,66198224.1854,47045781.3584,0.1691,113244006
2026-07-10 10:01,2026-07-10T00:01:00.000Z,1783641660000,74905827.6644,49180285.032,0.2073,124086113
2026-07-10 10:02,2026-07-10T00:02:00.000Z,1783641720000,76266100.8433,49752689.8656,0.2104,126018791
2026-07-10 10:03,2026-07-10T00:03:00.000Z,1783641780000,74230643.7852,51107522.304,0.1845,125338166
2026-07-10 10:04,2026-07-10T00:04:00.000Z,1783641840000,66834820.3863,53378833.7985,0.1119,120213654
2026-07-10 10:05,2026-07-10T00:05:00.000Z,1783641900000,74744076.7878,54387567.6392,0.1576,129131644
2026-07-10 10:06,2026-07-10T00:06:00.000Z,1783641960000,75035053.7147,56658965.437,0.1395,131694019
2026-07-10 10:07,2026-07-10T00:07:00.000Z,1783642020000,72287950.8828,61232469.1016,0.0828,133520420
2026-07-10 10:08,2026-07-10T00:08:00.000Z,1783642080000,74815913.9301,44310394.0064,0.2561,119126308
2026-07-10 10:09,2026-07-10T00:09:00.000Z,1783642140000,76274349.4815,49786494.5219,0.2101,126060844
2026-07-10 10:10,2026-07-10T00:10:00.000Z,1783642200000,71391231.3126,58493209.6927,0.0993,129884441
2026-07-10 10:11,2026-07-10T00:11:00.000Z,1783642260000,77440622.7327,51425537.7625,0.2019,128866160
2026-07-10 10:12,2026-07-10T00:12:00.000Z,1783642320000,75677889.2164,53593862.0907,0.1708,129271751
2026-07-10 10:13,2026-07-10T00:13:00.000Z,1783642380000,70062437.4482,61927846.4665,0.0616,131990284
2026-07-10 10:14,2026-07-10T00:14:00.000Z,1783642440000,70668896.5285,54025882.7913,0.1335,124694779
2026-07-10 10:15,2026-07-10T00:15:00.000Z,1783642500000,68403579.5373,66317086.7124,0.0155,134720666
2026-07-10 10:16,2026-07-10T00:16:00.000Z,1783642560000,68749287.157,64798765.933,0.0296,133548053
2026-07-10 10:17,2026-07-10T00:17:00.000Z,1783642620000,78497675.2312,54485457.3991,0.1806,132983133
2026-07-10 10:18,2026-07-10T00:18:00.000Z,1783642680000,74452032.6502,56188540.8968,0.1398,130640574
2026-07-10 10:19,2026-07-10T00:19:00.000Z,1783642740000,75947927.5926,56412400.1469,0.1476,132360328
2026-07-10 10:20,2026-07-10T00:20:00.000Z,1783642800000,72972986.7459,60319542.4343,0.0949,133292529
2026-07-10 10:21,2026-07-10T00:21:00.000Z,1783642860000,70538613.9039,60586571.4863,0.0759,131125185
2026-07-10 10:22,2026-07-10T00:22:00.000Z,1783642920000,68688087.4226,66664234.5465,0.0150,135352322
2026-07-10 10:23,2026-07-10T00:23:00.000Z,1783642980000,75742582.8922,52125895.448,0.1847,127868478
2026-07-10 10:24,2026-07-10T00:24:00.000Z,1783643040000,82703379.0282,49928482.8584,0.2471,132631862
2026-07-10 10:25,2026-07-10T00:25:00.000Z,1783643100000,77942850.0934,48478375.5132,0.2331,126421226
2026-07-10 10:26,2026-07-10T00:26:00.000Z,1783643160000,72421745.2662,51189858.9043,0.1718,123611604
2026-07-10 10:27,2026-07-10T00:27:00.000Z,1783643220000,70229842.9902,58697933.342,0.0894,128927776
2026-07-10 10:28,2026-07-10T00:28:00.000Z,1783643280000,79291996.0617,51954903.7363,0.2083,131246900
2026-07-10 10:29,2026-07-10T00:29:00.000Z,1783643340000,76927299.6674,53397591.6047,0.1805,130324891
2026-07-10 10:30,2026-07-10T00:30:00.000Z,1783643400000,67805770.7838,57549163.3196,0.0818,125354934
2026-07-10 10:31,2026-07-10T00:31:00.000Z,1783643460000,69762923.3261,55019067.54,0.1182,124781991
2026-07-10 10:32,2026-07-10T00:32:00.000Z,1783643520000,72258514.2196,54242323.66,0.1424,126500838
2026-07-10 10:33,2026-07-10T00:33:00.000Z,1783643580000,67674184.6737,50583998.4549,0.1445,118258183
2026-07-10 10:34,2026-07-10T00:34:00.000Z,1783643640000,84652382.5016,45506155.9523,0.3008,130158538
2026-07-10 10:35,2026-07-10T00:35:00.000Z,1783643700000,75123622.0225,53791147.333,0.1655,128914769
2026-07-10 10:36,2026-07-10T00:36:00.000Z,1783643760000,74603648.4317,57327714.0631,0.1309,131931362
2026-07-10 10:37,2026-07-10T00:37:00.000Z,1783643820000,71059831.5129,60214505.0053,0.0826,131274337
2026-07-10 10:38,2026-07-10T00:38:00.000Z,1783643880000,72719884.6325,58421547.7223,0.1090,131141432
2026-07-10 10:39,2026-07-10T00:39:00.000Z,1783643940000,70468558.7594,60209925.4813,0.0785,130678484
2026-07-10 10:40,2026-07-10T00:40:00.000Z,1783644000000,68196267.855,60913428.7815,0.0564,129109697
2026-07-10 10:41,2026-07-10T00:41:00.000Z,1783644060000,66617077.047,63022775.4119,0.0277,129639852
2026-07-10 10:42,2026-07-10T00:42:00.000Z,1783644120000,72094484.6392,59292421.982,0.0974,131386907
2026-07-10 10:43,2026-07-10T00:43:00.000Z,1783644180000,76902998.7242,57253750.2596,0.1465,134156749
2026-07-10 10:44,2026-07-10T00:44:00.000Z,1783644240000,78650651.1752,57421370.5066,0.1560,136072022
2026-07-10 10:45,2026-07-10T00:45:00.000Z,1783644300000,78905935.358,55402627.9277,0.1750,134308563
2026-07-10 10:46,2026-07-10T00:46:00.000Z,1783644360000,82145812.9043,55537517.0853,0.1933,137683330
2026-07-10 10:47,2026-07-10T00:47:00.000Z,1783644420000,78230326.9839,59669251.5958,0.1346,137899579
2026-07-10 10:48,2026-07-10T00:48:00.000Z,1783644480000,81805035.7238,57582921.1172,0.1738,139387957
2026-07-10 10:49,2026-07-10T00:49:00.000Z,1783644540000,86478145.7925,57965461.185,0.1974,144443607
2026-07-10 10:50,2026-07-10T00:50:00.000Z,1783644600000,80927060.2735,61871698.6477,0.1334,142798759
2026-07-10 10:51,2026-07-10T00:51:00.000Z,1783644660000,75812645.7118,64245309.2809,0.0826,140057955
2026-07-10 10:52,2026-07-10T00:52:00.000Z,1783644720000,77549873.5148,56025304.9533,0.1611,133575178
2026-07-10 10:53,2026-07-10T00:53:00.000Z,1783644780000,81213744.4434,54278727.3637,0.1988,135492472
2026-07-10 10:54,2026-07-10T00:54:00.000Z,1783644840000,82054342.8849,53665403.251,0.2092,135719746
2026-07-10 10:55,2026-07-10T00:55:00.000Z,1783644900000,75323140.9153,59025923.4055,0.1213,134349064
2026-07-10 10:56,2026-07-10T00:56:00.000Z,1783644960000,72673748.0339,60650419.3642,0.0902,133324167
2026-07-10 10:57,2026-07-10T00:57:00.000Z,1783645020000,70631043.691,61639240.1807,0.0680,132270284
2026-07-10 10:58,2026-07-10T00:58:00.000Z,1783645080000,69746844.2202,61867703.6933,0.0599,131614548
2026-07-10 10:59,2026-07-10T00:59:00.000Z,1783645140000,69431738.836,59758360.5586,0.0749,129190099
2026-07-10 11:00,2026-07-10T01:00:00.000Z,1783645200000,64859550.0622,57008895.6879,0.0644,121868446
2026-07-10 11:01,2026-07-10T01:01:00.000Z,1783645260000,67449943.5679,55706162.6894,0.0954,123156106
2026-07-10 11:02,2026-07-10T01:02:00.000Z,1783645320000,79619042.0978,53547127.9501,0.1958,133166170
2026-07-10 11:03,2026-07-10T01:03:00.000Z,1783645380000,82848934.5606,54993492.0171,0.2021,137842427
2026-07-10 11:04,2026-07-10T01:04:00.000Z,1783645440000,85161753.2999,52435781.621,0.2378,137597535
2026-07-10 11:05,2026-07-10T01:05:00.000Z,1783645500000,85910554.5704,49447082.138,0.2694,135357637
2026-07-10 11:06,2026-07-10T01:06:00.000Z,1783645560000,82368508.3501,54578127.9945,0.2029,136946636
2026-07-10 11:07,2026-07-10T01:07:00.000Z,1783645620000,77105311.8395,59536475.533,0.1286,136641787
2026-07-10 11:08,2026-07-10T01:08:00.000Z,1783645680000,76994463.8314,59557935.0448,0.1277,136552399
2026-07-10 11:09,2026-07-10T01:09:00.000Z,1783645740000,78772718.831,57794038.8407,0.1536,136566758
2026-07-10 11:10,2026-07-10T01:10:00.000Z,1783645800000,65877147.0328,50594501.0474,0.1312,116471648
2026-07-10 11:11,2026-07-10T01:11:00.000Z,1783645860000,74322545.6716,54390089.8838,0.1549,128712636
2026-07-10 11:12,2026-07-10T01:12:00.000Z,1783645920000,62432998.6118,58854329.1876,0.0295,121287328
2026-07-10 11:13,2026-07-10T01:13:00.000Z,1783645980000,62966602.528,60692718.4404,0.0184,123659321
2026-07-10 11:14,2026-07-10T01:14:00.000Z,1783646040000,64002857.5132,56529929.0429,0.0620,120532787
2026-07-10 11:15,2026-07-10T01:15:00.000Z,1783646100000,61692417.0064,59781398.5427,0.0157,121473816
2026-07-10 11:16,2026-07-10T01:16:00.000Z,1783646160000,57344361.8587,59110702.991,-0.0152,116455065
2026-07-10 11:17,2026-07-10T01:17:00.000Z,1783646220000,63090557.0589,60643358.62,0.0198,123733916
2026-07-10 11:18,2026-07-10T01:18:00.000Z,1783646280000,63987048.1028,61371362.0354,0.0209,125358410
2026-07-10 11:19,2026-07-10T01:19:00.000Z,1783646340000,62953917.0331,68180516.7908,-0.0399,131134434
2026-07-10 11:20,2026-07-10T01:20:00.000Z,1783646400000,58245369.2073,70788671.3753,-0.0972,129034041
2026-07-10 11:21,2026-07-10T01:21:00.000Z,1783646460000,53386752.4349,70348883.1593,-0.1371,123735636
2026-07-10 11:22,2026-07-10T01:22:00.000Z,1783646520000,70604581.3369,56250935.5273,0.1131,126855517
2026-07-10 11:23,2026-07-10T01:23:00.000Z,1783646580000,63643880.1169,63518330.677,0.0010,127162211
2026-07-10 11:24,2026-07-10T01:24:00.000Z,1783646640000,64402260.1205,61654513.0015,0.0218,126056773
2026-07-10 11:25,2026-07-10T01:25:00.000Z,1783646700000,58906331.1754,59118533.8384,-0.0018,118024865
2026-07-10 11:26,2026-07-10T01:26:00.000Z,1783646760000,62567043.6519,61973458.9685,0.0048,124540503
2026-07-10 11:27,2026-07-10T01:27:00.000Z,1783646820000,65932442.3252,61124931.2959,0.0378,127057374
2026-07-10 11:28,2026-07-10T01:28:00.000Z,1783646880000,55398245.2962,64679441.1247,-0.0773,120077686
2026-07-10 11:29,2026-07-10T01:29:00.000Z,1783646940000,54147407.7614,71832912.1291,-0.1404,125980320
2026-07-10 11:30,2026-07-10T01:30:00.000Z,1783647000000,53364298.0182,66050225.8775,-0.1062,119414524
2026-07-10 11:31,2026-07-10T01:31:00.000Z,1783647060000,59923642.8032,61298134.1983,-0.0113,121221777
2026-07-10 11:32,2026-07-10T01:32:00.000Z,1783647120000,57099389.0613,61441790.2145,-0.0366,118541179
2026-07-10 11:33,2026-07-10T01:33:00.000Z,1783647180000,64013700.6453,59204669.5712,0.0390,123218370
2026-07-10 11:34,2026-07-10T01:34:00.000Z,1783647240000,60639071.8878,60741950.6014,-0.0008,121381022
2026-07-10 11:35,2026-07-10T01:35:00.000Z,1783647300000,63321234.5534,61959431.7637,0.0109,125280666
2026-07-10 11:36,2026-07-10T01:36:00.000Z,1783647360000,59574800.7393,66487396.3332,-0.0548,126062197
2026-07-10 11:37,2026-07-10T01:37:00.000Z,1783647420000,57148222.9918,72256418.0127,-0.1168,129404641
2026-07-10 11:38,2026-07-10T01:38:00.000Z,1783647480000,54606513.4376,78421202.3365,-0.1790,133027716
2026-07-10 11:39,2026-07-10T01:39:00.000Z,1783647540000,66395109.0975,67655002.3044,-0.0094,134050111
2026-07-10 11:40,2026-07-10T01:40:00.000Z,1783647600000,69250247.7987,65090167.7688,0.0310,134340416
2026-07-10 11:41,2026-07-10T01:41:00.000Z,1783647660000,72836786.0419,64549293.7313,0.0603,137386080
2026-07-10 11:42,2026-07-10T01:42:00.000Z,1783647720000,71120329.7841,66290502.3018,0.0351,137410832
2026-07-10 11:43,2026-07-10T01:43:00.000Z,1783647780000,69344265.0817,65997845.7672,0.0247,135342111
2026-07-10 11:44,2026-07-10T01:44:00.000Z,1783647840000,69094125.3293,69129776.162,-0.0003,138223901
2026-07-10 11:45,2026-07-10T01:45:00.000Z,1783647900000,70011734.7295,68272097.0014,0.0126,138283832
2026-07-10 11:46,2026-07-10T01:46:00.000Z,1783647960000,65091574.3756,71804207.8864,-0.0490,136895782
2026-07-10 11:47,2026-07-10T01:47:00.000Z,1783648020000,56609332.4122,74052206.299,-0.1335,130661539
2026-07-10 11:48,2026-07-10T01:48:00.000Z,1783648080000,52701473.0667,74841588.2437,-0.1736,127543061
2026-07-10 11:49,2026-07-10T01:49:00.000Z,1783648140000,48374538.9639,72482494.9377,-0.1995,120857034
2026-07-10 11:50,2026-07-10T01:50:00.000Z,1783648200000,62525803.9173,72740269.2892,-0.0755,135266073
2026-07-10 11:51,2026-07-10T01:51:00.000Z,1783648260000,54303309.7822,88377611.5798,-0.2388,142680921
2026-07-10 11:52,2026-07-10T01:52:00.000Z,1783648320000,56222631.6015,80642534.428,-0.1784,136865166
2026-07-10 11:53,2026-07-10T01:53:00.000Z,1783648380000,59544228.0116,78205248.0884,-0.1355,137749476
2026-07-10 11:54,2026-07-10T01:54:00.000Z,1783648440000,65150998.9802,77692661.292,-0.0878,142843660
2026-07-10 11:55,2026-07-10T01:55:00.000Z,1783648500000,74236223.8183,73167953.6601,0.0072,147404177
2026-07-10 11:56,2026-07-10T01:56:00.000Z,1783648560000,67364630.9575,70165529.2386,-0.0204,137530160
2026-07-10 11:57,2026-07-10T01:57:00.000Z,1783648620000,73056323.9067,68992331.1355,0.0286,142048655
2026-07-10 11:58,2026-07-10T01:58:00.000Z,1783648680000,66543060.2078,80521871.3287,-0.0951,147064932
2026-07-10 11:59,2026-07-10T01:59:00.000Z,1783648740000,65047581.7242,69299650.8991,-0.0316,134347233
2026-07-10 12:00,2026-07-10T02:00:00.000Z,1783648800000,57171786.1314,73223797.8101,-0.1231,130395584
2026-07-10 12:01,2026-07-10T02:01:00.000Z,1783648860000,58346561.4208,69002131.835,-0.0837,127348693
2026-07-10 12:02,2026-07-10T02:02:00.000Z,1783648920000,68552767.2614,66636692.52,0.0142,135189460
2026-07-10 12:03,2026-07-10T02:03:00.000Z,1783648980000,63314106.4716,86921358.4296,-0.1571,150235465
2026-07-10 12:04,2026-07-10T02:04:00.000Z,1783649040000,74519413.0976,77158910.2682,-0.0174,151678323
2026-07-10 12:05,2026-07-10T02:05:00.000Z,1783649100000,67435818.1358,87517731.4411,-0.1296,154953550
2026-07-10 12:06,2026-07-10T02:06:00.000Z,1783649160000,77924744.9205,75084517.1641,0.0186,153009262
2026-07-10 12:07,2026-07-10T02:07:00.000Z,1783649220000,72253014.1047,74050685.3044,-0.0123,146303699
2026-07-10 12:08,2026-07-10T02:08:00.000Z,1783649280000,67186664.697,73127235.4145,-0.0423,140313900
2026-07-10 12:09,2026-07-10T02:09:00.000Z,1783649340000,69436852.0947,80384666.6414,-0.0731,149821519
2026-07-10 12:10,2026-07-10T02:10:00.000Z,1783649400000,70885956.0842,82361326.2402,-0.0749,153247282
2026-07-10 12:11,2026-07-10T02:11:00.000Z,1783649460000,72970934.9836,63335628.6274,0.0707,136306564
2026-07-10 12:12,2026-07-10T02:12:00.000Z,1783649520000,62758366.8635,88627386.6591,-0.1709,151385754
2026-07-10 12:13,2026-07-10T02:13:00.000Z,1783649580000,62033588.3734,89443360.8633,-0.1810,151476949
2026-07-10 12:14,2026-07-10T02:14:00.000Z,1783649640000,66491395.8983,79331225.0091,-0.0881,145822621
2026-07-10 12:15,2026-07-10T02:15:00.000Z,1783649700000,65319722.8334,80722819.6677,-0.1055,146042543
2026-07-10 12:16,2026-07-10T02:16:00.000Z,1783649760000,70123753.2101,73358741.2009,-0.0225,143482494
2026-07-10 12:17,2026-07-10T02:17:00.000Z,1783649820000,70576111.228,71561394.8243,-0.0069,142137506
2026-07-10 12:18,2026-07-10T02:18:00.000Z,1783649880000,70524594.779,72029284.7311,-0.0106,142553880
2026-07-10 12:19,2026-07-10T02:19:00.000Z,1783649940000,60319466.8418,88538310.416,-0.1896,148857777
2026-07-10 12:20,2026-07-10T02:20:00.000Z,1783650000000,58152423.5965,89610861.8284,-0.2129,147763285
2026-07-10 12:21,2026-07-10T02:21:00.000Z,1783650060000,70305121.7829,77389764.2634,-0.0480,147694886
2026-07-10 12:22,2026-07-10T02:22:00.000Z,1783650120000,70407540.3444,79463543.2586,-0.0604,149871084
2026-07-10 12:23,2026-07-10T02:23:00.000Z,1783650180000,70612219.5962,70733686.1914,-0.0009,141345906
2026-07-10 12:24,2026-07-10T02:24:00.000Z,1783650240000,71327986.0224,66637047.4028,0.0340,137965033
2026-07-10 12:25,2026-07-10T02:25:00.000Z,1783650300000,71589841.637,65882962.1817,0.0415,137472804
2026-07-10 12:26,2026-07-10T02:26:00.000Z,1783650360000,65985102.5864,73087594.0765,-0.0511,139072697
2026-07-10 12:27,2026-07-10T02:27:00.000Z,1783650420000,64404161.9597,73047208.9677,-0.0629,137451371
2026-07-10 12:28,2026-07-10T02:28:00.000Z,1783650480000,65633215.8949,72932345.0054,-0.0527,138565561
2026-07-10 12:29,2026-07-10T02:29:00.000Z,1783650540000,65062046.3465,72230370.8207,-0.0522,137292417
2026-07-10 12:30,2026-07-10T02:30:00.000Z,1783650600000,69487408.0304,70789153.3187,-0.0093,140276561
2026-07-10 12:31,2026-07-10T02:31:00.000Z,1783650660000,68227957.7692,72908243.2245,-0.0332,141136201
2026-07-10 12:32,2026-07-10T02:32:00.000Z,1783650720000,65533851.7019,73716464.9174,-0.0588,139250317
2026-07-10 12:33,2026-07-10T02:33:00.000Z,1783650780000,68629193.8121,71713345.3338,-0.0220,140342539
2026-07-10 12:34,2026-07-10T02:34:00.000Z,1783650840000,69265286.8376,67736251.6248,0.0112,137001538
2026-07-10 12:35,2026-07-10T02:35:00.000Z,1783650900000,64436947.6691,76096163.2295,-0.0830,140533111
2026-07-10 12:36,2026-07-10T02:36:00.000Z,1783650960000,62851254.4023,81119481.2979,-0.1269,143970736
2026-07-10 12:37,2026-07-10T02:37:00.000Z,1783651020000,62550826.5707,81206134.6365,-0.1298,143756961
2026-07-10 12:38,2026-07-10T02:38:00.000Z,1783651080000,57326464.9548,80840511.2379,-0.1702,138166976
2026-07-10 12:39,2026-07-10T02:39:00.000Z,1783651140000,65932585.0491,80162860.4101,-0.0974,146095445
2026-07-10 12:40,2026-07-10T02:40:00.000Z,1783651200000,60967101.8064,84871302.1005,-0.1639,145838404
2026-07-10 12:41,2026-07-10T02:41:00.000Z,1783651260000,67851335.6633,76764835.2175,-0.0616,144616171
2026-07-10 12:42,2026-07-10T02:42:00.000Z,1783651320000,70709889.4097,73943144.3956,-0.0224,144653034
2026-07-10 12:43,2026-07-10T02:43:00.000Z,1783651380000,65712972.0045,75517311.362,-0.0694,141230283
2026-07-10 12:44,2026-07-10T02:44:00.000Z,1783651440000,64228538.7468,77913797.6061,-0.0963,142142336
2026-07-10 12:45,2026-07-10T02:45:00.000Z,1783651500000,64086884.9677,79916569.4966,-0.1099,144003454
2026-07-10 12:46,2026-07-10T02:46:00.000Z,1783651560000,64918162.1998,79046063.6531,-0.0981,143964226
2026-07-10 12:47,2026-07-10T02:47:00.000Z,1783651620000,73490951.7129,72085879.3913,0.0097,145576831
2026-07-10 12:48,2026-07-10T02:48:00.000Z,1783651680000,63223984.915,85495618.6366,-0.1498,148719604
2026-07-10 12:49,2026-07-10T02:49:00.000Z,1783651740000,66936036.6124,77537719.9836,-0.0734,144473757
2026-07-10 12:50,2026-07-10T02:50:00.000Z,1783651800000,67986904.4681,76322287.8069,-0.0578,144309192
2026-07-10 12:51,2026-07-10T02:51:00.000Z,1783651860000,62146581.6879,80316313.0494,-0.1275,142462895
2026-07-10 12:52,2026-07-10T02:52:00.000Z,1783651920000,63627311.6984,87726340.6366,-0.1592,151353652
2026-07-10 12:53,2026-07-10T02:53:00.000Z,1783651980000,67012093.7714,85733773.2614,-0.1226,152745867
2026-07-10 12:54,2026-07-10T02:54:00.000Z,1783652040000,67508432.2466,85089360.656,-0.1152,152597793
2026-07-10 12:55,2026-07-10T02:55:00.000Z,1783652100000,59944212.1767,73930783.4935,-0.1045,133874996
2026-07-10 12:56,2026-07-10T02:56:00.000Z,1783652160000,71000095.1263,71375790.9133,-0.0026,142375886
2026-07-10 12:57,2026-07-10T02:57:00.000Z,1783652220000,65544811.7576,82937792.5685,-0.1171,148482604
2026-07-10 12:58,2026-07-10T02:58:00.000Z,1783652280000,64331227.2612,85639803.4327,-0.1421,149971031
2026-07-10 12:59,2026-07-10T02:59:00.000Z,1783652340000,71285396.9909,81476034.0012,-0.0667,152761431
2026-07-10 13:00,2026-07-10T03:00:00.000Z,1783652400000,67524065.2983,77977247.9036,-0.0718,145501313
2026-07-10 13:01,2026-07-10T03:01:00.000Z,1783652460000,70002017.6225,78710760.5694,-0.0586,148712778
2026-07-10 13:02,2026-07-10T03:02:00.000Z,1783652520000,66059337.613,84152522.9486,-0.1205,150211861
2026-07-10 13:03,2026-07-10T03:03:00.000Z,1783652580000,68742542.8579,79952715.7868,-0.0754,148695259
2026-07-10 13:04,2026-07-10T03:04:00.000Z,1783652640000,68237490.6574,79070345.9004,-0.0735,147307837
2026-07-10 13:05,2026-07-10T03:05:00.000Z,1783652700000,74494204.6077,76409485.7268,-0.0127,150903690
2026-07-10 13:06,2026-07-10T03:06:00.000Z,1783652760000,76689520.7718,74871526.5495,0.0120,151561047
2026-07-10 13:07,2026-07-10T03:07:00.000Z,1783652820000,74055956.3571,75372729.662,-0.0088,149428686
2026-07-10 13:08,2026-07-10T03:08:00.000Z,1783652880000,69548463.5052,78862475.3218,-0.0628,148410939
2026-07-10 13:09,2026-07-10T03:09:00.000Z,1783652940000,68481692.8515,81301015.4585,-0.0856,149782708
2026-07-10 13:10,2026-07-10T03:10:00.000Z,1783653000000,69374474.3388,79593384.3357,-0.0686,148967859
2026-07-10 13:11,2026-07-10T03:11:00.000Z,1783653060000,75563539.3854,75762792.1789,-0.0013,151326332
2026-07-10 13:12,2026-07-10T03:12:00.000Z,1783653120000,66532609.3018,84303120.6125,-0.1178,150835730
2026-07-10 13:13,2026-07-10T03:13:00.000Z,1783653180000,66729165.1087,82577032.0177,-0.1061,149306197
2026-07-10 13:14,2026-07-10T03:14:00.000Z,1783653240000,67835440.9898,83098559.6247,-0.1011,150934001
2026-07-10 13:15,2026-07-10T03:15:00.000Z,1783653300000,69476742.8953,81582748.0633,-0.0801,151059491
2026-07-10 13:16,2026-07-10T03:16:00.000Z,1783653360000,66964234.4836,77789192.7611,-0.0748,144753427
2026-07-10 13:17,2026-07-10T03:17:00.000Z,1783653420000,69207975.1849,82462350.752,-0.0874,151670326
2026-07-10 13:18,2026-07-10T03:18:00.000Z,1783653480000,71282521.9055,79740747.4197,-0.0560,151023269
2026-07-10 13:19,2026-07-10T03:19:00.000Z,1783653540000,73791632.345,76063935.6958,-0.0152,149855568
2026-07-10 13:20,2026-07-10T03:20:00.000Z,1783653600000,72944153.1804,77429129.8366,-0.0298,150373283
2026-07-10 13:21,2026-07-10T03:21:00.000Z,1783653660000,71645918.8081,77314944.9681,-0.0381,148960864
2026-07-10 13:22,2026-07-10T03:22:00.000Z,1783653720000,74985221.9786,75639747.1416,-0.0043,150624969
2026-07-10 13:23,2026-07-10T03:23:00.000Z,1783653780000,73235814.6283,76924925.236,-0.0246,150160740
2026-07-10 13:24,2026-07-10T03:24:00.000Z,1783653840000,73865273.5981,75670402.1443,-0.0121,149535676
2026-07-10 13:25,2026-07-10T03:25:00.000Z,1783653900000,72973064.1247,77464883.727,-0.0299,150437948
2026-07-10 13:26,2026-07-10T03:26:00.000Z,1783653960000,71111106.2311,79905410.6102,-0.0582,151016517
2026-07-10 13:27,2026-07-10T03:27:00.000Z,1783654020000,72580600.6401,78268563.7579,-0.0377,150849164
2026-07-10 13:28,2026-07-10T03:28:00.000Z,1783654080000,71327404.5578,79177320.0857,-0.0522,150504725
2026-07-10 13:29,2026-07-10T03:29:00.000Z,1783654140000,71636947.7881,79970593.0478,-0.0550,151607541
2026-07-10 13:30,2026-07-10T03:30:00.000Z,1783654200000,75362580.3332,75522615.5054,-0.0011,150885196
2026-07-10 13:31,2026-07-10T03:31:00.000Z,1783654260000,73133962.6553,73945134.9042,-0.0055,147079098
2026-07-10 13:32,2026-07-10T03:32:00.000Z,1783654320000,69941309.5652,73569862.0696,-0.0253,143511172
2026-07-10 13:33,2026-07-10T03:33:00.000Z,1783654380000,69002616.7184,75486109.7391,-0.0449,144488726
2026-07-10 13:34,2026-07-10T03:34:00.000Z,1783654440000,70574409.1841,78491938.4607,-0.0531,149066348
2026-07-10 13:35,2026-07-10T03:35:00.000Z,1783654500000,65941495.331,76341404.8323,-0.0731,142282900
2026-07-10 13:36,2026-07-10T03:36:00.000Z,1783654560000,67235853.7264,88229646.1871,-0.1350,155465500
2026-07-10 13:37,2026-07-10T03:37:00.000Z,1783654620000,67007747.5719,86283375.9879,-0.1257,153291124
2026-07-10 13:38,2026-07-10T03:38:00.000Z,1783654680000,67664129.2588,87055539.7472,-0.1253,154719669
2026-07-10 13:39,2026-07-10T03:39:00.000Z,1783654740000,71290599.1789,81514900.4698,-0.0669,152805500
2026-07-10 13:40,2026-07-10T03:40:00.000Z,1783654800000,71848017.0983,82368375.9741,-0.0682,154216393
2026-07-10 13:41,2026-07-10T03:41:00.000Z,1783654860000,63781093.2318,87886206.3995,-0.1589,151667300
2026-07-10 13:42,2026-07-10T03:42:00.000Z,1783654920000,67868144.7223,80855517.4087,-0.0873,148723662
2026-07-10 13:43,2026-07-10T03:43:00.000Z,1783654980000,72272986.6639,87404616.1655,-0.0948,159677603
2026-07-10 13:44,2026-07-10T03:44:00.000Z,1783655040000,70986603.1719,88502314.3878,-0.1098,159488918
2026-07-10 13:45,2026-07-10T03:45:00.000Z,1783655100000,70008658.5588,88492443.8905,-0.1166,158501102
2026-07-10 13:46,2026-07-10T03:46:00.000Z,1783655160000,68068920.3653,89482363.8184,-0.1359,157551284
2026-07-10 13:47,2026-07-10T03:47:00.000Z,1783655220000,78528474.7764,85204336.9303,-0.0408,163732812
2026-07-10 13:48,2026-07-10T03:48:00.000Z,1783655280000,73040899.5164,87709411.2376,-0.0913,160750311
2026-07-10 13:49,2026-07-10T03:49:00.000Z,1783655340000,67488141.587,97417169.7437,-0.1815,164905311
2026-07-10 13:50,2026-07-10T03:50:00.000Z,1783655400000,71935758.3361,80645303.4354,-0.0571,152581062
2026-07-10 13:51,2026-07-10T03:51:00.000Z,1783655460000,68599746.5302,74667355.1601,-0.0424,143267102
2026-07-10 13:52,2026-07-10T03:52:00.000Z,1783655520000,76059220.6216,75795730.3868,0.0017,151854951
2026-07-10 13:53,2026-07-10T03:53:00.000Z,1783655580000,72622178.1133,71131813.9232,0.0104,143753992
2026-07-10 13:54,2026-07-10T03:54:00.000Z,1783655640000,75082028.8084,71430688.3726,0.0249,146512717
2026-07-10 13:55,2026-07-10T03:55:00.000Z,1783655700000,77139828.2025,72097730.3703,0.0338,149237559
2026-07-10 13:56,2026-07-10T03:56:00.000Z,1783655760000,69527344.122,76230723.1904,-0.0460,145758067
2026-07-10 13:57,2026-07-10T03:57:00.000Z,1783655820000,74711127.6359,72818400.7899,0.0128,147529528
2026-07-10 13:58,2026-07-10T03:58:00.000Z,1783655880000,73452341.0906,74510173.7106,-0.0071,147962515
2026-07-10 13:59,2026-07-10T03:59:00.000Z,1783655940000,66083458.4763,72658184.9944,-0.0474,138741643
2026-07-10 14:00,2026-07-10T04:00:00.000Z,1783656000000,64158945.3667,75057215.3564,-0.0783,139216161
2026-07-10 14:01,2026-07-10T04:01:00.000Z,1783656060000,64998266.9252,77050230.4079,-0.0848,142048497
2026-07-10 14:02,2026-07-10T04:02:00.000Z,1783656120000,60625569.6258,75130674.6089,-0.1068,135756244
2026-07-10 14:03,2026-07-10T04:03:00.000Z,1783656180000,58901815.9217,78515815.8188,-0.1427,137417632
2026-07-10 14:04,2026-07-10T04:04:00.000Z,1783656240000,58466345.6909,81207396.6747,-0.1628,139673742
2026-07-10 14:05,2026-07-10T04:05:00.000Z,1783656300000,65551762.0461,75959975.6403,-0.0736,141511738
2026-07-10 14:06,2026-07-10T04:06:00.000Z,1783656360000,64665679.9779,82377596.9642,-0.1205,147043277
2026-07-10 14:07,2026-07-10T04:07:00.000Z,1783656420000,63958616.7033,75213804.6766,-0.0809,139172421
2026-07-10 14:08,2026-07-10T04:08:00.000Z,1783656480000,68052351.26,78209175.2466,-0.0694,146261527
2026-07-10 14:09,2026-07-10T04:09:00.000Z,1783656540000,66556287.7866,81655419.1951,-0.1019,148211707
2026-07-10 14:10,2026-07-10T04:10:00.000Z,1783656600000,67243883.9976,82494255.5069,-0.1018,149738140
2026-07-10 14:11,2026-07-10T04:11:00.000Z,1783656660000,69215191.7961,81166846.6333,-0.0795,150382038
2026-07-10 14:12,2026-07-10T04:12:00.000Z,1783656720000,64121297.8435,82140553.597,-0.1232,146261851
2026-07-10 14:13,2026-07-10T04:13:00.000Z,1783656780000,58166010.8612,81062658.2606,-0.1645,139228669
2026-07-10 14:14,2026-07-10T04:14:00.000Z,1783656840000,62619941.2635,85247398.8109,-0.1530,147867340
2026-07-10 14:15,2026-07-10T04:15:00.000Z,1783656900000,57757126.2803,81544080.5884,-0.1708,139301207
2026-07-10 14:16,2026-07-10T04:16:00.000Z,1783656960000,73682472.8356,80500636.77,-0.0442,154183110
2026-07-10 14:17,2026-07-10T04:17:00.000Z,1783657020000,72399345.4455,80844889.6185,-0.0551,153244235
2026-07-10 14:18,2026-07-10T04:18:00.000Z,1783657080000,61101321.7944,82692720.2753,-0.1502,143794042
2026-07-10 14:19,2026-07-10T04:19:00.000Z,1783657140000,64260187.6824,76962725.5749,-0.0899,141222913
2026-07-10 14:20,2026-07-10T04:20:00.000Z,1783657200000,69363645.8835,75723148.7348,-0.0438,145086795
2026-07-10 14:21,2026-07-10T04:21:00.000Z,1783657260000,71569304.4975,75726942.1319,-0.0282,147296247
2026-07-10 14:22,2026-07-10T04:22:00.000Z,1783657320000,73691157.9405,73132503.3075,0.0038,146823661
2026-07-10 14:23,2026-07-10T04:23:00.000Z,1783657380000,73849514.2609,73840178.0714,0.0001,147689692
2026-07-10 14:24,2026-07-10T04:24:00.000Z,1783657440000,74398451.2105,75175435.2462,-0.0052,149573886
2026-07-10 14:25,2026-07-10T04:25:00.000Z,1783657500000,76690163.2896,74865829.1795,0.0120,151555992
2026-07-10 14:26,2026-07-10T04:26:00.000Z,1783657560000,73951246.9977,76357088.7902,-0.0160,150308336
2026-07-10 14:27,2026-07-10T04:27:00.000Z,1783657620000,72382060.4024,76730196.844,-0.0292,149112257
2026-07-10 14:28,2026-07-10T04:28:00.000Z,1783657680000,72703107.7096,77333258.5983,-0.0309,150036366
2026-07-10 14:29,2026-07-10T04:29:00.000Z,1783657740000,74197326.194,74698158.4181,-0.0034,148895485
2026-07-10 14:30,2026-07-10T04:30:00.000Z,1783657800000,72692788.2295,72525330.7837,0.0012,145218119
2026-07-10 14:31,2026-07-10T04:31:00.000Z,1783657860000,73141356.3585,74632855.8427,-0.0101,147774212
2026-07-10 14:32,2026-07-10T04:32:00.000Z,1783657920000,77477389.4102,74180615.909,0.0217,151658005
2026-07-10 14:33,2026-07-10T04:33:00.000Z,1783657980000,72070078.7614,79728976.5235,-0.0505,151799055
2026-07-10 14:34,2026-07-10T04:34:00.000Z,1783658040000,68545474.3824,82494239.9964,-0.0924,151039714
2026-07-10 14:35,2026-07-10T04:35:00.000Z,1783658100000,64923249.5876,85189217.6403,-0.1350,150112467
2026-07-10 14:36,2026-07-10T04:36:00.000Z,1783658160000,67017578.7951,80023825.8458,-0.0885,147041405
2026-07-10 14:37,2026-07-10T04:37:00.000Z,1783658220000,65523121.6836,85358051.4311,-0.1315,150881173
2026-07-10 14:38,2026-07-10T04:38:00.000Z,1783658280000,62451237.8452,83008728.2973,-0.1413,145459966
2026-07-10 14:39,2026-07-10T04:39:00.000Z,1783658340000,75369743.7419,75290936.9029,0.0005,150660681
2026-07-10 14:40,2026-07-10T04:40:00.000Z,1783658400000,68004831.241,72482682.3068,-0.0319,140487514
2026-07-10 14:41,2026-07-10T04:41:00.000Z,1783658460000,70097781.0042,76854586.9848,-0.0460,146952368
2026-07-10 14:42,2026-07-10T04:42:00.000Z,1783658520000,72705975.0344,75536676.8047,-0.0191,148242652
2026-07-10 14:43,2026-07-10T04:43:00.000Z,1783658580000,73570013.7932,77351035.3302,-0.0251,150921049
2026-07-10 14:44,2026-07-10T04:44:00.000Z,1783658640000,72492345.5279,78423235.2094,-0.0393,150915581
2026-07-10 14:45,2026-07-10T04:45:00.000Z,1783658700000,73011324.5715,78152245.9285,-0.0340,151163571
2026-07-10 14:46,2026-07-10T04:46:00.000Z,1783658760000,73264447.6995,78439729.323,-0.0341,151704177
2026-07-10 14:47,2026-07-10T04:47:00.000Z,1783658820000,74488564.3315,77409527.9155,-0.0192,151898092
2026-07-10 14:48,2026-07-10T04:48:00.000Z,1783658880000,66578206.7276,85325442.4277,-0.1234,151903649
2026-07-10 14:49,2026-07-10T04:49:00.000Z,1783658940000,72693004.7019,79852894.8912,-0.0469,152545900
2026-07-10 14:50,2026-07-10T04:50:00.000Z,1783659000000,68288754.1685,80868431.3984,-0.0843,149157186
2026-07-10 14:51,2026-07-10T04:51:00.000Z,1783659060000,67887576.3836,82554615.3272,-0.0975,150442192
2026-07-10 14:52,2026-07-10T04:52:00.000Z,1783659120000,75744510.8479,75980759.4003,-0.0016,151725270
2026-07-10 14:53,2026-07-10T04:53:00.000Z,1783659180000,70914463.762,80395170.0646,-0.0627,151309634
2026-07-10 14:54,2026-07-10T04:54:00.000Z,1783659240000,74684843.3078,74898683.236,-0.0014,149583527
2026-07-10 14:55,2026-07-10T04:55:00.000Z,1783659300000,75417084.8225,75444204.7234,-0.0002,150861290
2026-07-10 14:56,2026-07-10T04:56:00.000Z,1783659360000,71563236.2793,71453047.8681,0.0008,143016284
2026-07-10 14:57,2026-07-10T04:57:00.000Z,1783659420000,74982668.3271,71874455.0444,0.0212,146857123
2026-07-10 14:58,2026-07-10T04:58:00.000Z,1783659480000,74278362.509,71260248.4174,0.0207,145538611
2026-07-10 14:59,2026-07-10T04:59:00.000Z,1783659540000,74841274.8282,73298196.611,0.0104,148139471
2026-07-10 15:00,2026-07-10T05:00:00.000Z,1783659600000,68844092.5934,73081209.0966,-0.0299,141925302
2026-07-10 15:01,2026-07-10T05:01:00.000Z,1783659660000,75328469.4393,62629856.7125,0.0920,137958326
2026-07-10 15:02,2026-07-10T05:02:00.000Z,1783659720000,77716242.7053,68258849.1324,0.0648,145975092
2026-07-10 15:03,2026-07-10T05:03:00.000Z,1783659780000,72180365.8602,73441404.6453,-0.0087,145621771
2026-07-10 15:04,2026-07-10T05:04:00.000Z,1783659840000,79638787.7547,64526378.6498,0.1048,144165166
2026-07-10 15:05,2026-07-10T05:05:00.000Z,1783659900000,71588925.1649,75912944.206,-0.0293,147501869
2026-07-10 15:06,2026-07-10T05:06:00.000Z,1783659960000,69480238.5031,78862801.0597,-0.0632,148343040
2026-07-10 15:07,2026-07-10T05:07:00.000Z,1783660020000,68557773.8388,80754679.3532,-0.0817,149312453
2026-07-10 15:08,2026-07-10T05:08:00.000Z,1783660080000,67965567.2148,79975312.9208,-0.0812,147940880
2026-07-10 15:09,2026-07-10T05:09:00.000Z,1783660140000,73438195.9427,73588121.9514,-0.0010,147026318
2026-07-10 15:10,2026-07-10T05:10:00.000Z,1783660200000,77846614.0968,68745904.5065,0.0621,146592519
2026-07-10 15:11,2026-07-10T05:11:00.000Z,1783660260000,75660997.3424,72573925.0536,0.0208,148234922
2026-07-10 15:12,2026-07-10T05:12:00.000Z,1783660320000,75299717.6039,74240068.3077,0.0071,149539786
2026-07-10 15:13,2026-07-10T05:13:00.000Z,1783660380000,77634161.0018,71764133.4626,0.0393,149398294
2026-07-10 15:14,2026-07-10T05:14:00.000Z,1783660440000,80651738.2743,72328062.8056,0.0544,152979801
2026-07-10 15:15,2026-07-10T05:15:00.000Z,1783660500000,80255015.3562,74311275.8659,0.0385,154566291
2026-07-10 15:16,2026-07-10T05:16:00.000Z,1783660560000,72815376.6045,76292575.8417,-0.0233,149107952
2026-07-10 15:17,2026-07-10T05:17:00.000Z,1783660620000,75866302.6407,76846469.7875,-0.0064,152712772
2026-07-10 15:18,2026-07-10T05:18:00.000Z,1783660680000,73352952.6292,80378177.8111,-0.0457,153731130
2026-07-10 15:19,2026-07-10T05:19:00.000Z,1783660740000,70218918.2395,80798071.008,-0.0701,151016989
2026-07-10 15:20,2026-07-10T05:20:00.000Z,1783660800000,70146546.0239,78304964.8907,-0.0550,148451511
2026-07-10 15:21,2026-07-10T05:21:00.000Z,1783660860000,67320648.3983,72908029.2116,-0.0398,140228678
2026-07-10 15:22,2026-07-10T05:22:00.000Z,1783660920000,74848037.9721,73969981.122,0.0059,148818019
2026-07-10 15:23,2026-07-10T05:23:00.000Z,1783660980000,69702629.2156,78702049.8847,-0.0606,148404679
2026-07-10 15:24,2026-07-10T05:24:00.000Z,1783661040000,70683706.1641,76948949.2833,-0.0424,147632655
2026-07-10 15:25,2026-07-10T05:25:00.000Z,1783661100000,69141300.2638,78352192.8364,-0.0624,147493493
2026-07-10 15:26,2026-07-10T05:26:00.000Z,1783661160000,70195343.8386,80839425.4695,-0.0705,151034769
2026-07-10 15:27,2026-07-10T05:27:00.000Z,1783661220000,68922296.5239,72956716.5613,-0.0284,141879013
2026-07-10 15:28,2026-07-10T05:28:00.000Z,1783661280000,70639499.9191,73973855.6179,-0.0231,144613356
2026-07-10 15:29,2026-07-10T05:29:00.000Z,1783661340000,69777692.9227,77324084.4864,-0.0513,147101777
2026-07-10 15:30,2026-07-10T05:30:00.000Z,1783661400000,70758482.5268,76127724.3549,-0.0366,146886207
2026-07-10 15:31,2026-07-10T05:31:00.000Z,1783661460000,75890193.6493,74829644.866,0.0070,150719839
2026-07-10 15:32,2026-07-10T05:32:00.000Z,1783661520000,71227412.8461,69164242.9494,0.0147,140391656
2026-07-10 15:33,2026-07-10T05:33:00.000Z,1783661580000,66420659.2434,77252660.5827,-0.0754,143673320
2026-07-10 15:34,2026-07-10T05:34:00.000Z,1783661640000,67192138.9881,75716525.7633,-0.0596,142908665
2026-07-10 15:35,2026-07-10T05:35:00.000Z,1783661700000,67987101.4681,71445279.2614,-0.0248,139432381
2026-07-10 15:36,2026-07-10T05:36:00.000Z,1783661760000,66442063.9094,72396113.7896,-0.0429,138838178
2026-07-10 15:37,2026-07-10T05:37:00.000Z,1783661820000,60282968.542,73974296.0497,-0.1020,134257265
2026-07-10 15:38,2026-07-10T05:38:00.000Z,1783661880000,60282968.542,73974296.0497,-0.1020,134257265
2026-07-10 15:39,2026-07-10T05:39:00.000Z,1783661940000,69282864.1779,72804993.2949,-0.0248,142087857
2026-07-10 15:40,2026-07-10T05:40:00.000Z,1783662000000,78541951.2071,70623145.873,0.0531,149165097
2026-07-10 15:41,2026-07-10T05:41:00.000Z,1783662060000,73041206.9681,73463294.5185,-0.0029,146504501
2026-07-10 15:42,2026-07-10T05:42:00.000Z,1783662120000,75282778.4975,74319582.7404,0.0064,149602361
2026-07-10 15:43,2026-07-10T05:43:00.000Z,1783662180000,72345728.1963,86498565.3154,-0.0891,158844294
2026-07-10 15:44,2026-07-10T05:44:00.000Z,1783662240000,73176952.3222,83079298.7805,-0.0634,156256251
2026-07-10 15:45,2026-07-10T05:45:00.000Z,1783662300000,65220994.7686,86007363.7158,-0.1375,151228358
2026-07-10 15:46,2026-07-10T05:46:00.000Z,1783662360000,69054137.6111,79944671.6144,-0.0731,148998809
2026-07-10 15:47,2026-07-10T05:47:00.000Z,1783662420000,71985193.8955,76693608.7605,-0.0317,148678803
2026-07-10 15:48,2026-07-10T05:48:00.000Z,1783662480000,70745255.392,75630587.8859,-0.0334,146375843
2026-07-10 15:49,2026-07-10T05:49:00.000Z,1783662540000,62337034.9158,77811805.936,-0.1104,140148841
2026-07-10 15:50,2026-07-10T05:50:00.000Z,1783662600000,62972188.3447,73221322.4027,-0.0753,136193511
2026-07-10 15:51,2026-07-10T05:51:00.000Z,1783662660000,71744921.0167,73279626.3428,-0.0106,145024547
2026-07-10 15:52,2026-07-10T05:52:00.000Z,1783662720000,64364830.3394,78177807.8764,-0.0969,142542638
2026-07-10 15:53,2026-07-10T05:53:00.000Z,1783662780000,66703202.0129,72608985.0098,-0.0424,139312187
2026-07-10 15:54,2026-07-10T05:54:00.000Z,1783662840000,66081037.3536,77625693.565,-0.0803,143706731
2026-07-10 15:55,2026-07-10T05:55:00.000Z,1783662900000,67988864.0592,72823053.1087,-0.0343,140811917
2026-07-10 15:56,2026-07-10T05:56:00.000Z,1783662960000,72243982.4934,72264461.8963,-0.0001,144508444
2026-07-10 15:57,2026-07-10T05:57:00.000Z,1783663020000,70430119.8359,74698554.5822,-0.0294,145128674
2026-07-10 15:58,2026-07-10T05:58:00.000Z,1783663080000,69229907.5101,71816863.2183,-0.0183,141046771
2026-07-10 15:59,2026-07-10T05:59:00.000Z,1783663140000,68301529.6758,72018588.4037,-0.0265,140320118
2026-07-10 16:00,2026-07-10T06:00:00.000Z,1783663200000,64539624.7517,69999612.9179,-0.0406,134539238
2026-07-10 16:01,2026-07-10T06:01:00.000Z,1783663260000,74532967.4875,66205092.4326,0.0592,140738060
2026-07-10 16:02,2026-07-10T06:02:00.000Z,1783663320000,63943963.1209,77671304.877,-0.0969,141615268
2026-07-10 16:03,2026-07-10T06:03:00.000Z,1783663380000,62758679.7364,74547093.8851,-0.0859,137305774
2026-07-10 16:04,2026-07-10T06:04:00.000Z,1783663440000,78520288.817,69792602.85,0.0588,148312892
2026-07-10 16:05,2026-07-10T06:05:00.000Z,1783663500000,77562915.0152,70416285.6013,0.0483,147979201
2026-07-10 16:06,2026-07-10T06:06:00.000Z,1783663560000,81044750.357,65224326.96,0.1082,146269077
2026-07-10 16:07,2026-07-10T06:07:00.000Z,1783663620000,75530401.7218,66593301.1512,0.0629,142123703
2026-07-10 16:08,2026-07-10T06:08:00.000Z,1783663680000,73863924.6947,70225704.5481,0.0252,144089629
2026-07-10 16:09,2026-07-10T06:09:00.000Z,1783663740000,70185169.2784,76809591.4614,-0.0451,146994761
2026-07-10 16:10,2026-07-10T06:10:00.000Z,1783663800000,74166623.9739,70782784.2381,0.0233,144949408
2026-07-10 16:11,2026-07-10T06:11:00.000Z,1783663860000,74163073.7361,69526953.9283,0.0323,143690028
2026-07-10 16:12,2026-07-10T06:12:00.000Z,1783663920000,67145510.9749,72732786.9244,-0.0399,139878298
2026-07-10 16:13,2026-07-10T06:13:00.000Z,1783663980000,71741439.4897,75460210.1958,-0.0253,147201650
2026-07-10 16:14,2026-07-10T06:14:00.000Z,1783664040000,67989326.7782,78578825.8534,-0.0722,146568153
2026-07-10 16:15,2026-07-10T06:15:00.000Z,1783664100000,74683420.9644,70829734.2639,0.0265,145513155
2026-07-10 16:16,2026-07-10T06:16:00.000Z,1783664160000,75297676.6583,70268555.201,0.0345,145566232
2026-07-10 16:17,2026-07-10T06:17:00.000Z,1783664220000,77015812.456,68685346.4195,0.0572,145701159
2026-07-10 16:18,2026-07-10T06:18:00.000Z,1783664280000,79324791.9024,64919358.3171,0.0999,144244150
2026-07-10 16:19,2026-07-10T06:19:00.000Z,1783664340000,78113772.9303,65530395.5095,0.0876,143644168
2026-07-10 16:20,2026-07-10T06:20:00.000Z,1783664400000,76088780.9425,62480633.446,0.0982,138569414
2026-07-10 16:21,2026-07-10T06:21:00.000Z,1783664460000,74051813.8425,62974700.2891,0.0808,137026514
2026-07-10 16:22,2026-07-10T06:22:00.000Z,1783664520000,74296110.8605,66008797.403,0.0591,140304908
2026-07-10 16:23,2026-07-10T06:23:00.000Z,1783664580000,78395033.9565,64926004.9094,0.0940,143321039
2026-07-10 16:24,2026-07-10T06:24:00.000Z,1783664640000,74908076.2258,62429617.9143,0.0909,137337694
2026-07-10 16:25,2026-07-10T06:25:00.000Z,1783664700000,73612100.1042,56051999.0414,0.1354,129664099
2026-07-10 16:26,2026-07-10T06:26:00.000Z,1783664760000,85137151.1876,59940893.3593,0.1737,145078045
2026-07-10 16:27,2026-07-10T06:27:00.000Z,1783664820000,83425057.4743,67849977.9771,0.1030,151275035
2026-07-10 16:28,2026-07-10T06:28:00.000Z,1783664880000,83337751.1323,72062389.3686,0.0726,155400141
2026-07-10 16:29,2026-07-10T06:29:00.000Z,1783664940000,85661484.122,72314235.7113,0.0845,157975720
2026-07-10 16:30,2026-07-10T06:30:00.000Z,1783665000000,82028465.0508,87907342.7127,-0.0346,169935808
2026-07-10 16:31,2026-07-10T06:31:00.000Z,1783665060000,80304657.797,101737235.8057,-0.1177,182041894
2026-07-10 16:32,2026-07-10T06:32:00.000Z,1783665120000,99984007.3556,102987680.9287,-0.0148,202971688
2026-07-10 16:33,2026-07-10T06:33:00.000Z,1783665180000,79028687.4756,99194820.2488,-0.1132,178223508
2026-07-10 16:34,2026-07-10T06:34:00.000Z,1783665240000,84694393.1002,96313472.7499,-0.0642,181007866
2026-07-10 16:35,2026-07-10T06:35:00.000Z,1783665300000,83373818.317,107959944.1144,-0.1285,191333762
2026-07-10 16:36,2026-07-10T06:36:00.000Z,1783665360000,114775118.0816,106846226.9812,0.0358,221621345
2026-07-10 16:37,2026-07-10T06:37:00.000Z,1783665420000,107370055.6265,96865283.3447,0.0514,204235339
2026-07-10 16:38,2026-07-10T06:38:00.000Z,1783665480000,108138917.7303,94356147.0645,0.0681,202495065
2026-07-10 16:39,2026-07-10T06:39:00.000Z,1783665540000,113203474.5549,99268536.8141,0.0656,212472011
2026-07-10 16:40,2026-07-10T06:40:00.000Z,1783665600000,111858841.601,99283820.342,0.0596,211142662
2026-07-10 16:41,2026-07-10T06:41:00.000Z,1783665660000,112666113.0259,100849035.358,0.0553,213515148
2026-07-10 16:42,2026-07-10T06:42:00.000Z,1783665720000,112215312.1168,101002796.176,0.0526,213218108
2026-07-10 16:43,2026-07-10T06:43:00.000Z,1783665780000,113849348.9835,103260722.9324,0.0488,217110072
2026-07-10 16:44,2026-07-10T06:44:00.000Z,1783665840000,111298069.018,101970109.0564,0.0437,213268178
2026-07-10 16:45,2026-07-10T06:45:00.000Z,1783665900000,111619253.993,101105272.6023,0.0494,212724527
2026-07-10 16:46,2026-07-10T06:46:00.000Z,1783665960000,107560050.8514,101417192.0997,0.0294,208977243
2026-07-10 16:47,2026-07-10T06:47:00.000Z,1783666020000,108338559.8225,98833143.2074,0.0459,207171703
2026-07-10 16:48,2026-07-10T06:48:00.000Z,1783666080000,111145752.1407,95951728.7901,0.0734,207097481
2026-07-10 16:49,2026-07-10T06:49:00.000Z,1783666140000,107610252.944,98079167.2533,0.0463,205689420
2026-07-10 16:50,2026-07-10T06:50:00.000Z,1783666200000,108685625.8685,96787015.146,0.0579,205472641
2026-07-10 16:51,2026-07-10T06:51:00.000Z,1783666260000,108398184.2547,98218771.7416,0.0493,206616956
2026-07-10 16:52,2026-07-10T06:52:00.000Z,1783666320000,79688244.6591,100295442.9026,-0.1145,179983688
2026-07-10 16:53,2026-07-10T06:53:00.000Z,1783666380000,83121579.6064,62122898.2284,0.1446,145244478
2026-07-10 16:54,2026-07-10T06:54:00.000Z,1783666440000,85366133.3544,56266522.4612,0.2055,141632656
2026-07-10 16:55,2026-07-10T06:55:00.000Z,1783666500000,85810194.8534,60305009.4537,0.1746,146115204
2026-07-10 16:56,2026-07-10T06:56:00.000Z,1783666560000,101985592.741,57792119.5141,0.2766,159777712
2026-07-10 16:57,2026-07-10T06:57:00.000Z,1783666620000,86353967.9558,63990440.0861,0.1487,150344408
2026-07-10 16:58,2026-07-10T06:58:00.000Z,1783666680000,106105086.38,58599131.0636,0.2884,164704217
2026-07-10 16:59,2026-07-10T06:59:00.000Z,1783666740000,104799619.6855,63258564.8201,0.2472,168058185
2026-07-10 17:00,2026-07-10T07:00:00.000Z,1783666800000,80982173.2974,61938767.4755,0.1332,142920941
2026-07-10 17:01,2026-07-10T07:01:00.000Z,1783666860000,80982173.2974,61938767.4755,0.1332,142920941
2026-07-10 17:02,2026-07-10T07:02:00.000Z,1783666920000,84101472.3534,64267575.3124,0.1337,148369048
2026-07-10 17:03,2026-07-10T07:03:00.000Z,1783666980000,81874782.5827,65431406.3112,0.1116,147306189
2026-07-10 17:04,2026-07-10T07:04:00.000Z,1783667040000,82186059.5925,64014702.3701,0.1243,146200762
2026-07-10 17:05,2026-07-10T07:05:00.000Z,1783667100000,79198254.8996,69111940.4913,0.0680,148310195
2026-07-10 17:06,2026-07-10T07:06:00.000Z,1783667160000,80754155.2795,68924247.6818,0.0790,149678403
2026-07-10 17:07,2026-07-10T07:07:00.000Z,1783667220000,79653848.3942,67088684.196,0.0856,146742533
2026-07-10 17:08,2026-07-10T07:08:00.000Z,1783667280000,77969360.4527,62412616.3101,0.1108,140381977
2026-07-10 17:09,2026-07-10T07:09:00.000Z,1783667340000,81934020.7438,65085655.2999,0.1146,147019676
2026-07-10 17:10,2026-07-10T07:10:00.000Z,1783667400000,76859227.3777,73806473.7174,0.0203,150665701
2026-07-10 17:11,2026-07-10T07:11:00.000Z,1783667460000,75075471.5411,72212936.0625,0.0194,147288408
2026-07-10 17:12,2026-07-10T07:12:00.000Z,1783667520000,72382073.287,67646468.5125,0.0338,140028542
2026-07-10 17:13,2026-07-10T07:13:00.000Z,1783667580000,75481409.7267,72031886.4907,0.0234,147513296
2026-07-10 17:14,2026-07-10T07:14:00.000Z,1783667640000,76037876.2219,73297089.6573,0.0184,149334966
2026-07-10 17:15,2026-07-10T07:15:00.000Z,1783667700000,73245730.6753,78003683.7007,-0.0315,151249414
2026-07-10 17:16,2026-07-10T07:16:00.000Z,1783667760000,79544009.8301,61620371.0225,0.1270,141164381
2026-07-10 17:17,2026-07-10T07:17:00.000Z,1783667820000,77579845.583,68369245.625,0.0631,145949091
2026-07-10 17:18,2026-07-10T07:18:00.000Z,1783667880000,72997106.0741,74798462.2861,-0.0122,147795568
2026-07-10 17:19,2026-07-10T07:19:00.000Z,1783667940000,69511126.1707,74766023.7158,-0.0364,144277150
2026-07-10 17:20,2026-07-10T07:20:00.000Z,1783668000000,73763577.1,74755721.5398,-0.0067,148519299
2026-07-10 17:21,2026-07-10T07:21:00.000Z,1783668060000,71573452.8833,70096616.2996,0.0104,141670069
2026-07-10 17:22,2026-07-10T07:22:00.000Z,1783668120000,75876592.2719,71465797.3201,0.0299,147342390
2026-07-10 17:23,2026-07-10T07:23:00.000Z,1783668180000,73940025.7131,73235224.2641,0.0048,147175250
2026-07-10 17:24,2026-07-10T07:24:00.000Z,1783668240000,71671290.4818,76724603.142,-0.0341,148395894
2026-07-10 17:25,2026-07-10T07:25:00.000Z,1783668300000,69535119.4632,80391205.3047,-0.0724,149926325
2026-07-10 17:26,2026-07-10T07:26:00.000Z,1783668360000,75850034.6943,73731531.0781,0.0142,149581566
2026-07-10 17:27,2026-07-10T07:27:00.000Z,1783668420000,73451683.1966,71176345.4668,0.0157,144628029
2026-07-10 17:28,2026-07-10T07:28:00.000Z,1783668480000,76753731.6739,69848971.6614,0.0471,146602703
2026-07-10 17:29,2026-07-10T07:29:00.000Z,1783668540000,77718710.2712,70376227.6881,0.0496,148094938
2026-07-10 17:30,2026-07-10T07:30:00.000Z,1783668600000,71531226.9285,69146666.3463,0.0170,140677893
2026-07-10 17:31,2026-07-10T07:31:00.000Z,1783668660000,76322914.316,67626204.927,0.0604,143949119
2026-07-10 17:32,2026-07-10T07:32:00.000Z,1783668720000,77855272.9745,66684451.9709,0.0773,144539725
2026-07-10 17:33,2026-07-10T07:33:00.000Z,1783668780000,77329370.0528,66853286.3131,0.0727,144182656
2026-07-10 17:34,2026-07-10T07:34:00.000Z,1783668840000,82841307.1602,65789598.6859,0.1147,148630906
2026-07-10 17:35,2026-07-10T07:35:00.000Z,1783668900000,79349181.7228,67879267.3383,0.0779,147228449
2026-07-10 17:36,2026-07-10T07:36:00.000Z,1783668960000,78789811.2856,66037981.443,0.0880,144827793
2026-07-10 17:37,2026-07-10T07:37:00.000Z,1783669020000,82921465.6434,65325072.5037,0.1187,148246538
2026-07-10 17:38,2026-07-10T07:38:00.000Z,1783669080000,82689194.4389,64280150.2039,0.1253,146969345
2026-07-10 17:39,2026-07-10T07:39:00.000Z,1783669140000,81418318.5617,64797389.1901,0.1137,146215708
2026-07-10 17:40,2026-07-10T07:40:00.000Z,1783669200000,74515760.525,66631719.4774,0.0559,141147480
2026-07-10 17:41,2026-07-10T07:41:00.000Z,1783669260000,77433609.523,66116466.2674,0.0788,143550076
2026-07-10 17:42,2026-07-10T07:42:00.000Z,1783669320000,81864910.0148,65664484.8674,0.1098,147529395
2026-07-10 17:43,2026-07-10T07:43:00.000Z,1783669380000,80878379.334,66157619.2986,0.1001,147035999
2026-07-10 17:44,2026-07-10T07:44:00.000Z,1783669440000,78526875.6972,62992451.3266,0.1098,141519327
2026-07-10 17:45,2026-07-10T07:45:00.000Z,1783669500000,80974777.8788,65869438.5533,0.1029,146844216
2026-07-10 17:46,2026-07-10T07:46:00.000Z,1783669560000,79283436.7882,61113023.8904,0.1294,140396461
2026-07-10 17:47,2026-07-10T07:47:00.000Z,1783669620000,82552818.9876,64399772.3541,0.1235,146952591
2026-07-10 17:48,2026-07-10T07:48:00.000Z,1783669680000,79343246.3379,63968569.9049,0.1073,143311816
2026-07-10 17:49,2026-07-10T07:49:00.000Z,1783669740000,80111536.9778,66298335.4043,0.0943,146409872
2026-07-10 17:50,2026-07-10T07:50:00.000Z,1783669800000,79850726.0502,66110766.2479,0.0941,145961492
2026-07-10 17:51,2026-07-10T07:51:00.000Z,1783669860000,76926861.1985,69836084.7945,0.0483,146762946
2026-07-10 17:52,2026-07-10T07:52:00.000Z,1783669920000,80393473.4418,66382616.9777,0.0955,146776090
2026-07-10 17:53,2026-07-10T07:53:00.000Z,1783669980000,77502971.0644,68174342.9535,0.0640,145677314
2026-07-10 17:54,2026-07-10T07:54:00.000Z,1783670040000,78887657.7809,67759064.223,0.0759,146646722
2026-07-10 17:55,2026-07-10T07:55:00.000Z,1783670100000,76802589.8783,67578500.1516,0.0639,144381090
2026-07-10 17:56,2026-07-10T07:56:00.000Z,1783670160000,76246722.6544,68541148.5507,0.0532,144787871
2026-07-10 17:57,2026-07-10T07:57:00.000Z,1783670220000,76927081.2875,67016670.3755,0.0688,143943752
2026-07-10 17:58,2026-07-10T07:58:00.000Z,1783670280000,75618293.8244,70384473.5136,0.0358,146002767
2026-07-10 17:59,2026-07-10T07:59:00.000Z,1783670340000,75567624.4908,72981723.2474,0.0174,148549348
2026-07-10 18:00,2026-07-10T08:00:00.000Z,1783670400000,68395922.6508,67862279.5533,0.0039,136258202
2026-07-10 18:01,2026-07-10T08:01:00.000Z,1783670460000,68395922.6508,67862279.5533,0.0039,136258202
2026-07-10 18:02,2026-07-10T08:02:00.000Z,1783670520000,77273725.8116,66189986.1232,0.0773,143463712
2026-07-10 18:03,2026-07-10T08:03:00.000Z,1783670580000,74220244.3509,71989813.7573,0.0153,146210058
2026-07-10 18:04,2026-07-10T08:04:00.000Z,1783670640000,72749277.0254,73067201.5229,-0.0022,145816479
2026-07-10 18:05,2026-07-10T08:05:00.000Z,1783670700000,76215895.9004,69699447.8232,0.0447,145915344
2026-07-10 18:06,2026-07-10T08:06:00.000Z,1783670760000,72119999.5954,70873533.2652,0.0087,142993533
2026-07-10 18:07,2026-07-10T08:07:00.000Z,1783670820000,71101260.4982,73840543.6122,-0.0189,144941804
2026-07-10 18:08,2026-07-10T08:08:00.000Z,1783670880000,69806668.5012,75359820.7197,-0.0383,145166489
2026-07-10 18:09,2026-07-10T08:09:00.000Z,1783670940000,70187994.518,74667696.657,-0.0309,144855691
2026-07-10 18:10,2026-07-10T08:10:00.000Z,1783671000000,71234762.2446,75861581.2266,-0.0315,147096343
2026-07-10 18:11,2026-07-10T08:11:00.000Z,1783671060000,70103503.3457,77559131.9162,-0.0505,147662635
2026-07-10 18:12,2026-07-10T08:12:00.000Z,1783671120000,75563315.0299,74440386.6822,0.0075,150003702
2026-07-10 18:13,2026-07-10T08:13:00.000Z,1783671180000,73793448.0608,73756010.7259,0.0003,147549459
2026-07-10 18:14,2026-07-10T08:14:00.000Z,1783671240000,74805301.4549,72326939.2593,0.0168,147132241
2026-07-10 18:15,2026-07-10T08:15:00.000Z,1783671300000,69335839.16,78782889.6007,-0.0638,148118729
2026-07-10 18:16,2026-07-10T08:16:00.000Z,1783671360000,67545976.6922,81715239.1904,-0.0949,149261216
2026-07-10 18:17,2026-07-10T08:17:00.000Z,1783671420000,52962543.4921,70932884.3807,-0.1450,123895428
2026-07-10 18:18,2026-07-10T08:18:00.000Z,1783671480000,53923743.6348,87658658.0249,-0.2383,141582402
2026-07-10 18:19,2026-07-10T08:19:00.000Z,1783671540000,67470615.999,76959305.8436,-0.0657,144429922
2026-07-10 18:20,2026-07-10T08:20:00.000Z,1783671600000,57041748.1594,84514913.6917,-0.1941,141556662
2026-07-10 18:21,2026-07-10T08:21:00.000Z,1783671660000,61472919.5285,83219190.3328,-0.1503,144692110
2026-07-10 18:22,2026-07-10T08:22:00.000Z,1783671720000,54745461.5296,80463966.3175,-0.1902,135209428
2026-07-10 18:23,2026-07-10T08:23:00.000Z,1783671780000,61102152.9758,79078074.7327,-0.1282,140180228
2026-07-10 18:24,2026-07-10T08:24:00.000Z,1783671840000,56262018.3616,83306083.4894,-0.1938,139568102
2026-07-10 18:25,2026-07-10T08:25:00.000Z,1783671900000,62216342.5292,78115830.4383,-0.1133,140332173
2026-07-10 18:26,2026-07-10T08:26:00.000Z,1783671960000,64120673.6219,76098248.7133,-0.0854,140218922
2026-07-10 18:27,2026-07-10T08:27:00.000Z,1783672020000,57300479.1183,81794185.2675,-0.1761,139094664
2026-07-10 18:28,2026-07-10T08:28:00.000Z,1783672080000,54836089.0656,76365163.0072,-0.1641,131201252
2026-07-10 18:29,2026-07-10T08:29:00.000Z,1783672140000,53167800.7166,85851535.5096,-0.2351,139019336
2026-07-10 18:30,2026-07-10T08:30:00.000Z,1783672200000,49060638.2185,84386840.6097,-0.2647,133447479
2026-07-10 18:31,2026-07-10T08:31:00.000Z,1783672260000,49060638.2185,84386840.6097,-0.2647,133447479
2026-07-10 18:32,2026-07-10T08:32:00.000Z,1783672320000,49402436.39,90854765.191,-0.2955,140257202
2026-07-10 18:33,2026-07-10T08:33:00.000Z,1783672380000,53098082.5471,86779383.5404,-0.2408,139877466
2026-07-10 18:34,2026-07-10T08:34:00.000Z,1783672440000,59924418.3007,80368269.8787,-0.1457,140292688
2026-07-10 18:35,2026-07-10T08:35:00.000Z,1783672500000,44040697.1055,91079863.0392,-0.3481,135120560
2026-07-10 18:36,2026-07-10T08:36:00.000Z,1783672560000,50602445.0156,72535056.7083,-0.1781,123137502
2026-07-10 18:37,2026-07-10T08:37:00.000Z,1783672620000,59116152.3529,69933364.002,-0.0838,129049516
2026-07-10 18:38,2026-07-10T08:38:00.000Z,1783672680000,55563668.1184,66804808.0738,-0.0919,122368476
2026-07-10 18:39,2026-07-10T08:39:00.000Z,1783672740000,55465518.6807,73159524.4907,-0.1376,128625043
2026-07-10 18:40,2026-07-10T08:40:00.000Z,1783672800000,55814936.0032,73908095.4993,-0.1395,129723032
2026-07-10 18:41,2026-07-10T08:41:00.000Z,1783672860000,54999856.7706,76380926.159,-0.1627,131380783
2026-07-10 18:42,2026-07-10T08:42:00.000Z,1783672920000,52674954.1552,77825763.4555,-0.1927,130500718
2026-07-10 18:43,2026-07-10T08:43:00.000Z,1783672980000,56110881.2205,75812676.0154,-0.1493,131923557
2026-07-10 18:44,2026-07-10T08:44:00.000Z,1783673040000,57009645.0063,81913482.5787,-0.1793,138923128
2026-07-10 18:45,2026-07-10T08:45:00.000Z,1783673100000,55147665.6919,82063397.2813,-0.1962,137211063
2026-07-10 18:46,2026-07-10T08:46:00.000Z,1783673160000,59947499.3098,77909787.0004,-0.1303,137857286
2026-07-10 18:47,2026-07-10T08:47:00.000Z,1783673220000,60030836.0281,77941601.9229,-0.1298,137972438
2026-07-10 18:48,2026-07-10T08:48:00.000Z,1783673280000,58994829.2059,76649944.2791,-0.1302,135644773
2026-07-10 18:49,2026-07-10T08:49:00.000Z,1783673340000,53946739.8895,78692277.0882,-0.1866,132639017
2026-07-10 18:50,2026-07-10T08:50:00.000Z,1783673400000,49463766.4375,80789328.3568,-0.2405,130253095
2026-07-10 18:51,2026-07-10T08:51:00.000Z,1783673460000,54531308.0605,78868095.1632,-0.1824,133399403
2026-07-10 18:52,2026-07-10T08:52:00.000Z,1783673520000,54279587.1812,80287899.4715,-0.1933,134567487
2026-07-10 18:53,2026-07-10T08:53:00.000Z,1783673580000,54092329.3268,70315871.7861,-0.1304,124408201
2026-07-10 18:54,2026-07-10T08:54:00.000Z,1783673640000,50866392.9874,65633672.7804,-0.1268,116500066
2026-07-10 18:55,2026-07-10T08:55:00.000Z,1783673700000,49730266.7937,74376020.8821,-0.1986,124106288
2026-07-10 18:56,2026-07-10T08:56:00.000Z,1783673760000,45865183.8284,72868682.8311,-0.2274,118733867
2026-07-10 18:57,2026-07-10T08:57:00.000Z,1783673820000,46805939.3293,79617566.1863,-0.2595,126423506
2026-07-10 18:58,2026-07-10T08:58:00.000Z,1783673880000,54919055.1999,74400808.3339,-0.1506,129319864
2026-07-10 18:59,2026-07-10T08:59:00.000Z,1783673940000,53670466.0547,74426706.9905,-0.1620,128097173
2026-07-10 19:00,2026-07-10T09:00:00.000Z,1783674000000,54187978.2572,69072229.266,-0.1208,123260208
2026-07-10 19:01,2026-07-10T09:01:00.000Z,1783674060000,54187978.2572,69072229.266,-0.1208,123260208
2026-07-10 19:02,2026-07-10T09:02:00.000Z,1783674120000,63013250.6933,58550869.1307,0.0367,121564120
2026-07-10 19:03,2026-07-10T09:03:00.000Z,1783674180000,48970863.2363,77633016.4289,-0.2264,126603880
2026-07-10 19:04,2026-07-10T09:04:00.000Z,1783674240000,49147906.5023,82119065.6285,-0.2512,131266972
2026-07-10 19:05,2026-07-10T09:05:00.000Z,1783674300000,49657663.9921,81338876.9151,-0.2418,130996541
2026-07-10 19:06,2026-07-10T09:06:00.000Z,1783674360000,54130829.7475,76778360.2044,-0.1730,130909190
2026-07-10 19:07,2026-07-10T09:07:00.000Z,1783674420000,52716959.8643,76816168.4704,-0.1860,129533128
2026-07-10 19:08,2026-07-10T09:08:00.000Z,1783674480000,52207954.9741,77377230.0922,-0.1942,129585185
2026-07-10 19:09,2026-07-10T09:09:00.000Z,1783674540000,46294200.2296,75214295.2793,-0.2380,121508496
2026-07-10 19:10,2026-07-10T09:10:00.000Z,1783674600000,46239389.8403,77844098.5738,-0.2547,124083488
2026-07-10 19:11,2026-07-10T09:11:00.000Z,1783674660000,48371656.77,74913277.9998,-0.2153,123284935
2026-07-10 19:12,2026-07-10T09:12:00.000Z,1783674720000,56806178.3722,73184441.8217,-0.1260,129990620
2026-07-10 19:13,2026-07-10T09:13:00.000Z,1783674780000,64587889.3767,64936405.8905,-0.0027,129524295
2026-07-10 19:14,2026-07-10T09:14:00.000Z,1783674840000,58943071.9363,67313933.8405,-0.0663,126257006
2026-07-10 19:15,2026-07-10T09:15:00.000Z,1783674900000,52435634.2561,71899028.2164,-0.1565,124334662
2026-07-10 19:16,2026-07-10T09:16:00.000Z,1783674960000,51617680.7172,71108507.4485,-0.1588,122726188
2026-07-10 19:17,2026-07-10T09:17:00.000Z,1783675020000,53060649.3632,77080989.4749,-0.1846,130141639
2026-07-10 19:18,2026-07-10T09:18:00.000Z,1783675080000,48997267.1906,78163941.2896,-0.2294,127161208
2026-07-10 19:19,2026-07-10T09:19:00.000Z,1783675140000,53488575.1958,81900413.2244,-0.2099,135388988
2026-07-10 19:20,2026-07-10T09:20:00.000Z,1783675200000,51664373.9979,80334760.1612,-0.2172,131999134
2026-07-10 19:21,2026-07-10T09:21:00.000Z,1783675260000,51060260.1937,82908551.3717,-0.2377,133968812
2026-07-10 19:22,2026-07-10T09:22:00.000Z,1783675320000,51964189.777,77183168.1675,-0.1953,129147358
2026-07-10 19:23,2026-07-10T09:23:00.000Z,1783675380000,57106227.6811,73895578.1231,-0.1282,131001806
2026-07-10 19:24,2026-07-10T09:24:00.000Z,1783675440000,56476756.4809,75057351.483,-0.1413,131534108
2026-07-10 19:25,2026-07-10T09:25:00.000Z,1783675500000,51684346.6241,78894081.5659,-0.2084,130578428
2026-07-10 19:26,2026-07-10T09:26:00.000Z,1783675560000,51705572.9343,79999935.7434,-0.2148,131705509
2026-07-10 19:27,2026-07-10T09:27:00.000Z,1783675620000,49804945.3069,81925989.4519,-0.2438,131730935
2026-07-10 19:28,2026-07-10T09:28:00.000Z,1783675680000,43845813.0503,79895530.9105,-0.2913,123741344
2026-07-10 19:29,2026-07-10T09:29:00.000Z,1783675740000,47241238.72,85361890.1871,-0.2875,132603129
2026-07-10 19:30,2026-07-10T09:30:00.000Z,1783675800000,47422450.8639,85363810.2756,-0.2857,132786261
2026-07-10 19:31,2026-07-10T09:31:00.000Z,1783675860000,53933791.4789,84879921.4791,-0.2229,138813713
2026-07-10 19:32,2026-07-10T09:32:00.000Z,1783675920000,58766439.6691,81665728.8737,-0.1631,140432169
2026-07-10 19:33,2026-07-10T09:33:00.000Z,1783675980000,59519863.8355,79796873.6484,-0.1455,139316737
2026-07-10 19:34,2026-07-10T09:34:00.000Z,1783676040000,56096893.7632,83199845.3596,-0.1946,139296739
2026-07-10 19:35,2026-07-10T09:35:00.000Z,1783676100000,54018027.8265,88011902.4123,-0.2393,142029930
2026-07-10 19:36,2026-07-10T09:36:00.000Z,1783676160000,52960115.2388,87139023.6354,-0.2440,140099139
2026-07-10 19:37,2026-07-10T09:37:00.000Z,1783676220000,52508037.2813,87529232.4929,-0.2501,140037270
2026-07-10 19:38,2026-07-10T09:38:00.000Z,1783676280000,50963642.5855,93542567.3695,-0.2947,144506210
2026-07-10 19:39,2026-07-10T09:39:00.000Z,1783676340000,54607837.9364,90698258.3233,-0.2484,145306096
2026-07-10 19:40,2026-07-10T09:40:00.000Z,1783676400000,59275354.9098,86467745.0422,-0.1866,145743100
2026-07-10 19:41,2026-07-10T09:41:00.000Z,1783676460000,57107508.2665,80735299.0977,-0.1714,137842807
2026-07-10 19:42,2026-07-10T09:42:00.000Z,1783676520000,58640332.6387,79831045.2298,-0.1530,138471378
2026-07-10 19:43,2026-07-10T09:43:00.000Z,1783676580000,59463685.5259,80839470.7878,-0.1524,140303156
2026-07-10 19:44,2026-07-10T09:44:00.000Z,1783676640000,57101994.3836,82299554.4892,-0.1808,139401549
2026-07-10 19:45,2026-07-10T09:45:00.000Z,1783676700000,53087945.9392,86387971.8965,-0.2388,139475918
2026-07-10 19:46,2026-07-10T09:46:00.000Z,1783676760000,51351972.4533,96535537.0153,-0.3055,147887509
2026-07-10 19:47,2026-07-10T09:47:00.000Z,1783676820000,50944982.2132,96348989.3008,-0.3083,147293972
2026-07-10 19:48,2026-07-10T09:48:00.000Z,1783676880000,50690283.5031,87963117.9172,-0.2688,138653401
2026-07-10 19:49,2026-07-10T09:49:00.000Z,1783676940000,59223839.4246,77316430.4,-0.1325,136540270
2026-07-10 19:50,2026-07-10T09:50:00.000Z,1783677000000,54132176.8092,81036664.6826,-0.1990,135168841
2026-07-10 19:51,2026-07-10T09:51:00.000Z,1783677060000,57592861.8586,75914224.5538,-0.1372,133507086
2026-07-10 19:52,2026-07-10T09:52:00.000Z,1783677120000,55177499.6871,76179807.4407,-0.1599,131357307
2026-07-10 19:53,2026-07-10T09:53:00.000Z,1783677180000,56988055.0561,76086811.9088,-0.1435,133074867
2026-07-10 19:54,2026-07-10T09:54:00.000Z,1783677240000,48514331.904,80060522.443,-0.2454,128574854
2026-07-10 19:55,2026-07-10T09:55:00.000Z,1783677300000,52173618.986,84447783.4955,-0.2362,136621402
2026-07-10 19:56,2026-07-10T09:56:00.000Z,1783677360000,53669714.5437,79651156.5146,-0.1949,133320871
2026-07-10 19:57,2026-07-10T09:57:00.000Z,1783677420000,55833723.7207,78810040.8177,-0.1706,134643765
2026-07-10 19:58,2026-07-10T09:58:00.000Z,1783677480000,53968592.9014,82286404.5192,-0.2078,136254997
2026-07-10 19:59,2026-07-10T09:59:00.000Z,1783677540000,55720671.3146,79392613.063,-0.1752,135113284
2026-07-10 20:00,2026-07-10T10:00:00.000Z,1783677600000,51746071.0225,79139189.2854,-0.2093,130885260
2026-07-10 20:01,2026-07-10T10:01:00.000Z,1783677660000,51746071.0225,79139189.2854,-0.2093,130885260
2026-07-10 20:02,2026-07-10T10:02:00.000Z,1783677720000,54504359.9202,81617284.0338,-0.1992,136121644
2026-07-10 20:03,2026-07-10T10:03:00.000Z,1783677780000,59915746.6402,69504714.7864,-0.0741,129420461
2026-07-10 20:04,2026-07-10T10:04:00.000Z,1783677840000,61658637.303,66008959.1845,-0.0341,127667596
2026-07-10 20:05,2026-07-10T10:05:00.000Z,1783677900000,55900595.7766,75250333.8313,-0.1475,131150930
2026-07-10 20:06,2026-07-10T10:06:00.000Z,1783677960000,51419575.3537,87465619.917,-0.2595,138885195
2026-07-10 20:07,2026-07-10T10:07:00.000Z,1783678020000,53973161.4741,84198639.7844,-0.2188,138171801
2026-07-10 20:08,2026-07-10T10:08:00.000Z,1783678080000,55402931.9559,83645359.3298,-0.2031,139048291
2026-07-10 20:09,2026-07-10T10:09:00.000Z,1783678140000,52112424.7449,77037638.8344,-0.1930,129150064
2026-07-10 20:10,2026-07-10T10:10:00.000Z,1783678200000,53263394.345,83632796.9738,-0.2218,136896191
2026-07-10 20:11,2026-07-10T10:11:00.000Z,1783678260000,54115946.0935,85601583.446,-0.2254,139717530
2026-07-10 20:12,2026-07-10T10:12:00.000Z,1783678320000,53289325.4288,78728371.0419,-0.1927,132017696
2026-07-10 20:13,2026-07-10T10:13:00.000Z,1783678380000,56946111.9693,79676066.97,-0.1664,136622179
2026-07-10 20:14,2026-07-10T10:14:00.000Z,1783678440000,56254693.4486,74505276.9498,-0.1396,130759970
2026-07-10 20:15,2026-07-10T10:15:00.000Z,1783678500000,55429638.4048,74167399.3352,-0.1446,129597038
2026-07-10 20:16,2026-07-10T10:16:00.000Z,1783678560000,53840434.9938,76034376.224,-0.1709,129874811
2026-07-10 20:17,2026-07-10T10:17:00.000Z,1783678620000,46061176.3737,78823188.0602,-0.2623,124884364
2026-07-10 20:18,2026-07-10T10:18:00.000Z,1783678680000,49853770.1905,83571772.2347,-0.2527,133425542
2026-07-10 20:19,2026-07-10T10:19:00.000Z,1783678740000,48661823.2976,88388418.5807,-0.2899,137050242
2026-07-10 20:20,2026-07-10T10:20:00.000Z,1783678800000,48649796.295,88529118.1169,-0.2907,137178914
2026-07-10 20:21,2026-07-10T10:21:00.000Z,1783678860000,48411389.5969,92717146.295,-0.3139,141128536
2026-07-10 20:22,2026-07-10T10:22:00.000Z,1783678920000,53169570.7848,96261949.5057,-0.2884,149431520
2026-07-10 20:23,2026-07-10T10:23:00.000Z,1783678980000,59858738.5994,84071320.6756,-0.1682,143930059
2026-07-10 20:24,2026-07-10T10:24:00.000Z,1783679040000,53139520.7347,100701618.3985,-0.3092,153841139
2026-07-10 20:25,2026-07-10T10:25:00.000Z,1783679100000,43950700.9286,100784037.1529,-0.3927,144734738
2026-07-10 20:26,2026-07-10T10:26:00.000Z,1783679160000,48027431.6097,89727405.2658,-0.3027,137754837
2026-07-10 20:27,2026-07-10T10:27:00.000Z,1783679220000,54097169.2383,86018287.2523,-0.2278,140115456
2026-07-10 20:28,2026-07-10T10:28:00.000Z,1783679280000,50638584.8971,91121059.5156,-0.2856,141759644
2026-07-10 20:29,2026-07-10T10:29:00.000Z,1783679340000,44749987.7307,88580009.9365,-0.3287,133329998
2026-07-10 20:30,2026-07-10T10:30:00.000Z,1783679400000,49260604.5782,78119956.0513,-0.2266,127380561
2026-07-10 20:31,2026-07-10T10:31:00.000Z,1783679460000,51326770.303,72553585.4022,-0.1713,123880356
2026-07-10 20:32,2026-07-10T10:32:00.000Z,1783679520000,54028663.96,74810022.3108,-0.1613,128838686
2026-07-10 20:33,2026-07-10T10:33:00.000Z,1783679580000,55177806.154,78046081.5813,-0.1717,133223888
2026-07-10 20:34,2026-07-10T10:34:00.000Z,1783679640000,54358061.6957,76462365.8034,-0.1690,130820427
2026-07-10 20:35,2026-07-10T10:35:00.000Z,1783679700000,59437362.4871,72402436.0415,-0.0983,131839799
2026-07-10 20:36,2026-07-10T10:36:00.000Z,1783679760000,59903105.8206,70457003.3991,-0.0810,130360109
2026-07-10 20:37,2026-07-10T10:37:00.000Z,1783679820000,62324638.3523,67012933.5809,-0.0362,129337572
2026-07-10 20:38,2026-07-10T10:38:00.000Z,1783679880000,61240109.8184,67970390.1276,-0.0521,129210500
2026-07-10 20:39,2026-07-10T10:39:00.000Z,1783679940000,54902915.5148,73021317.4258,-0.1416,127924233
2026-07-10 20:40,2026-07-10T10:40:00.000Z,1783680000000,51837416.6843,78471585.2292,-0.2044,130309002
2026-07-10 20:41,2026-07-10T10:41:00.000Z,1783680060000,57880489.1047,70775933.3767,-0.1002,128656422
2026-07-10 20:42,2026-07-10T10:42:00.000Z,1783680120000,60626615.3241,71045347.1158,-0.0791,131671962
2026-07-10 20:43,2026-07-10T10:43:00.000Z,1783680180000,52929050.529,77841305.3462,-0.1905,130770356
2026-07-10 20:44,2026-07-10T10:44:00.000Z,1783680240000,50884546.301,77166335.8128,-0.2052,128050882
2026-07-10 20:45,2026-07-10T10:45:00.000Z,1783680300000,48174845.0379,78947741.7412,-0.2421,127122587
2026-07-10 20:46,2026-07-10T10:46:00.000Z,1783680360000,59539183.2509,69625369.38,-0.0781,129164553
2026-07-10 20:47,2026-07-10T10:47:00.000Z,1783680420000,59263053.4955,72848952.9408,-0.1028,132112006
2026-07-10 20:48,2026-07-10T10:48:00.000Z,1783680480000,58896519.9658,71922208.2623,-0.0996,130818728
2026-07-10 20:49,2026-07-10T10:49:00.000Z,1783680540000,58116662.1451,72018076.9156,-0.1068,130134739
2026-07-10 20:50,2026-07-10T10:50:00.000Z,1783680600000,55543244.7429,72591352.1569,-0.1330,128134597
2026-07-10 20:51,2026-07-10T10:51:00.000Z,1783680660000,59488207.1861,70722775.6894,-0.0863,130210983
2026-07-10 20:52,2026-07-10T10:52:00.000Z,1783680720000,59501749.2739,71614326.178,-0.0924,131116075
2026-07-10 20:53,2026-07-10T10:53:00.000Z,1783680780000,56468363.976,65136546.2254,-0.0713,121604910
2026-07-10 20:54,2026-07-10T10:54:00.000Z,1783680840000,58814247.6137,68807518.179,-0.0783,127621766
2026-07-10 20:55,2026-07-10T10:55:00.000Z,1783680900000,60451758.6129,69595178.2868,-0.0703,130046937
2026-07-10 20:56,2026-07-10T10:56:00.000Z,1783680960000,56260794.432,70914381.5295,-0.1152,127175176
2026-07-10 20:57,2026-07-10T10:57:00.000Z,1783681020000,55127078.6912,76650815.6389,-0.1633,131777894
2026-07-10 20:58,2026-07-10T10:58:00.000Z,1783681080000,54973102.8134,77374528.297,-0.1693,132347631
2026-07-10 20:59,2026-07-10T10:59:00.000Z,1783681140000,58339615.0394,70874572.2865,-0.0970,129214187
2026-07-10 21:00,2026-07-10T11:00:00.000Z,1783681200000,59383512.5303,64182155.8123,-0.0388,123565668
2026-07-10 21:01,2026-07-10T11:01:00.000Z,1783681260000,59383512.5303,64182155.8123,-0.0388,123565668
2026-07-10 21:02,2026-07-10T11:02:00.000Z,1783681320000,50886048.9223,71801555.841,-0.1705,122687605
2026-07-10 21:03,2026-07-10T11:03:00.000Z,1783681380000,53145102.8843,76366478.8774,-0.1793,129511582
2026-07-10 21:04,2026-07-10T11:04:00.000Z,1783681440000,54950941.305,75919590.7854,-0.1602,130870532
2026-07-10 21:05,2026-07-10T11:05:00.000Z,1783681500000,48920933.219,67094431.0171,-0.1566,116015364
2026-07-10 21:06,2026-07-10T11:06:00.000Z,1783681560000,51553894.9096,77492909.3645,-0.2010,129046804
2026-07-10 21:07,2026-07-10T11:07:00.000Z,1783681620000,58601862.7185,70901980.5297,-0.0950,129503843
2026-07-10 21:08,2026-07-10T11:08:00.000Z,1783681680000,56128471.4767,75094366.6671,-0.1445,131222838
2026-07-10 21:09,2026-07-10T11:09:00.000Z,1783681740000,51465478.7368,78873335.1666,-0.2103,130338814
2026-07-10 21:10,2026-07-10T11:10:00.000Z,1783681800000,61798967.7172,66273359.1013,-0.0349,128072327
2026-07-10 21:11,2026-07-10T11:11:00.000Z,1783681860000,55282267.109,72956719.0853,-0.1378,128238986
2026-07-10 21:12,2026-07-10T11:12:00.000Z,1783681920000,52257425.063,76616490.3675,-0.1890,128873915
2026-07-10 21:13,2026-07-10T11:13:00.000Z,1783681980000,54037561.8099,78320206.1444,-0.1835,132357768
2026-07-10 21:14,2026-07-10T11:14:00.000Z,1783682040000,48996336.8384,77053443.7721,-0.2226,126049781
2026-07-10 21:15,2026-07-10T11:15:00.000Z,1783682100000,53101418.5765,79519365.4953,-0.1992,132620784
2026-07-10 21:16,2026-07-10T11:16:00.000Z,1783682160000,53688082.1045,81357564.8576,-0.2049,135045647
2026-07-10 21:17,2026-07-10T11:17:00.000Z,1783682220000,58211034.5474,76592366.4096,-0.1364,134803401
2026-07-10 21:18,2026-07-10T11:18:00.000Z,1783682280000,61316291.319,71913299.2626,-0.0795,133229591
2026-07-10 21:19,2026-07-10T11:19:00.000Z,1783682340000,64199646.631,68180422.8496,-0.0301,132380069
2026-07-10 21:20,2026-07-10T11:20:00.000Z,1783682400000,65551044.0974,68159615.0623,-0.0195,133710659
2026-07-10 21:21,2026-07-10T11:21:00.000Z,1783682460000,67036809.6023,65544234.9346,0.0113,132581045
2026-07-10 21:22,2026-07-10T11:22:00.000Z,1783682520000,62956351.9717,69482994.8404,-0.0493,132439347
2026-07-10 21:23,2026-07-10T11:23:00.000Z,1783682580000,61127316.9675,71757374.5454,-0.0800,132884692
2026-07-10 21:24,2026-07-10T11:24:00.000Z,1783682640000,56921050.626,77664137.1938,-0.1541,134585188
2026-07-10 21:25,2026-07-10T11:25:00.000Z,1783682700000,57173185.1464,77056219.7261,-0.1481,134229405
2026-07-10 21:26,2026-07-10T11:26:00.000Z,1783682760000,58536642.1722,68595046.0986,-0.0791,127131688
2026-07-10 21:27,2026-07-10T11:27:00.000Z,1783682820000,64718364.9613,69192322.861,-0.0334,133910688
2026-07-10 21:28,2026-07-10T11:28:00.000Z,1783682880000,54413545.6196,69117543.8463,-0.1190,123531089
2026-07-10 21:29,2026-07-10T11:29:00.000Z,1783682940000,55841877.6804,76553954.4548,-0.1564,132395832
2026-07-10 21:30,2026-07-10T11:30:00.000Z,1783683000000,63293625.6646,70560489.9158,-0.0543,133854116
2026-07-10 21:31,2026-07-10T11:31:00.000Z,1783683060000,63246542.5246,66370531.78,-0.0241,129617074
2026-07-10 21:32,2026-07-10T11:32:00.000Z,1783683120000,66265622.7544,64865943.2656,0.0107,131131566
2026-07-10 21:33,2026-07-10T11:33:00.000Z,1783683180000,64348239.3645,65573457.3591,-0.0094,129921697
2026-07-10 21:34,2026-07-10T11:34:00.000Z,1783683240000,67462857.109,67341388.741,0.0009,134804246
2026-07-10 21:35,2026-07-10T11:35:00.000Z,1783683300000,64199955.0788,66658140.2973,-0.0188,130858095
2026-07-10 21:36,2026-07-10T11:36:00.000Z,1783683360000,65136588.3509,67353637.1736,-0.0167,132490226
2026-07-10 21:37,2026-07-10T11:37:00.000Z,1783683420000,63328686.3079,67441812.287,-0.0315,130770499
2026-07-10 21:38,2026-07-10T11:38:00.000Z,1783683480000,60260587.7573,64346623.8586,-0.0328,124607212
2026-07-10 21:39,2026-07-10T11:39:00.000Z,1783683540000,65951969.8914,65594736.968,0.0027,131546707
2026-07-10 21:40,2026-07-10T11:40:00.000Z,1783683600000,60877777.7295,68850689.0016,-0.0615,129728467
2026-07-10 21:41,2026-07-10T11:41:00.000Z,1783683660000,65909409.2993,59169962.2888,0.0539,125079372
2026-07-10 21:42,2026-07-10T11:42:00.000Z,1783683720000,61122241.8684,69666782.7117,-0.0653,130789025
2026-07-10 21:43,2026-07-10T11:43:00.000Z,1783683780000,59683018.9229,77342570.7057,-0.1289,137025590
2026-07-10 21:44,2026-07-10T11:44:00.000Z,1783683840000,61203372.7085,74153497.9386,-0.0957,135356871
2026-07-10 21:45,2026-07-10T11:45:00.000Z,1783683900000,58527193.8155,74235356.5444,-0.1183,132762550
2026-07-10 21:46,2026-07-10T11:46:00.000Z,1783683960000,54967454.5824,80804718.0885,-0.1903,135772173
2026-07-10 21:47,2026-07-10T11:47:00.000Z,1783684020000,54401566.0463,82388368.6298,-0.2046,136789935
2026-07-10 21:48,2026-07-10T11:48:00.000Z,1783684080000,53553008.8109,79811734.3784,-0.1969,133364743
2026-07-10 21:49,2026-07-10T11:49:00.000Z,1783684140000,59877238.1393,76787652.2425,-0.1237,136664890
2026-07-10 21:50,2026-07-10T11:50:00.000Z,1783684200000,68688835.5699,81516556.1561,-0.0854,150205392
2026-07-10 21:51,2026-07-10T11:51:00.000Z,1783684260000,61308076.2045,86082486.1424,-0.1681,147390562
2026-07-10 21:52,2026-07-10T11:52:00.000Z,1783684320000,68867988.9658,76491852.8189,-0.0524,145359842
2026-07-10 21:53,2026-07-10T11:53:00.000Z,1783684380000,60012531.4507,89910729.7396,-0.1994,149923261
2026-07-10 21:54,2026-07-10T11:54:00.000Z,1783684440000,60316179.545,87897054.8557,-0.1861,148213234
2026-07-10 21:55,2026-07-10T11:55:00.000Z,1783684500000,65820092.2713,80069425.8166,-0.0977,145889518
2026-07-10 21:56,2026-07-10T11:56:00.000Z,1783684560000,64391048.8419,82059800.9017,-0.1206,146450850
2026-07-10 21:57,2026-07-10T11:57:00.000Z,1783684620000,67933658.2382,79085687.3436,-0.0759,147019346
2026-07-10 21:58,2026-07-10T11:58:00.000Z,1783684680000,60039141.657,73815629.257,-0.1029,133854771
2026-07-10 21:59,2026-07-10T11:59:00.000Z,1783684740000,62959902.2505,81092336.1171,-0.1259,144052238
2026-07-10 22:00,2026-07-10T12:00:00.000Z,1783684800000,55443913.3342,78789144.0226,-0.1739,134233057
2026-07-10 22:01,2026-07-10T12:01:00.000Z,1783684860000,55443913.3342,78789144.0226,-0.1739,134233057
2026-07-10 22:02,2026-07-10T12:02:00.000Z,1783684920000,55443913.3342,78789144.0226,-0.1739,134233057
2026-07-10 22:03,2026-07-10T12:03:00.000Z,1783684980000,63148316.4281,66295351.3444,-0.0243,129443668
2026-07-10 22:04,2026-07-10T12:04:00.000Z,1783685040000,57944978.8409,65274136.7962,-0.0595,123219116
2026-07-10 22:05,2026-07-10T12:05:00.000Z,1783685100000,57683281.2772,72663994.0825,-0.1149,130347275
2026-07-10 22:06,2026-07-10T12:06:00.000Z,1783685160000,58660885.6447,72812460.5666,-0.1076,131473346
2026-07-10 22:07,2026-07-10T12:07:00.000Z,1783685220000,60247242.113,72525368.4713,-0.0925,132772611
2026-07-10 22:08,2026-07-10T12:08:00.000Z,1783685280000,58586103.8555,72844749.1326,-0.1085,131430853
2026-07-10 22:09,2026-07-10T12:09:00.000Z,1783685340000,62361224.7269,69148741.3589,-0.0516,131509966
2026-07-10 22:10,2026-07-10T12:10:00.000Z,1783685400000,51196618.5104,79262242.1516,-0.2151,130458861
2026-07-10 22:11,2026-07-10T12:11:00.000Z,1783685460000,51196618.5104,79262242.1516,-0.2151,130458861
2026-07-10 22:12,2026-07-10T12:12:00.000Z,1783685520000,56370650.2486,77378697.0984,-0.1571,133749347
2026-07-10 22:13,2026-07-10T12:13:00.000Z,1783685580000,48705230.097,77669345.7984,-0.2292,126374576
2026-07-10 22:14,2026-07-10T12:14:00.000Z,1783685640000,40685921.5675,74433847.6588,-0.2932,115119769
2026-07-10 22:15,2026-07-10T12:15:00.000Z,1783685700000,48128459.4512,74138456.5884,-0.2127,122266916
2026-07-10 22:16,2026-07-10T12:16:00.000Z,1783685760000,48128459.4512,74138456.5884,-0.2127,122266916
2026-07-10 22:17,2026-07-10T12:17:00.000Z,1783685820000,55382394.5743,61564722.5055,-0.0529,116947117
2026-07-10 22:18,2026-07-10T12:18:00.000Z,1783685880000,57779095.8226,67257273.7623,-0.0758,125036370
2026-07-10 22:19,2026-07-10T12:19:00.000Z,1783685940000,50127497.0301,73787706.8007,-0.1909,123915204
2026-07-10 22:20,2026-07-10T12:20:00.000Z,1783686000000,56225887.1939,72436835.0511,-0.1260,128662722
2026-07-10 22:21,2026-07-10T12:21:00.000Z,1783686060000,56225887.1939,72436835.0511,-0.1260,128662722
2026-07-10 22:22,2026-07-10T12:22:00.000Z,1783686120000,56081648.5395,75721145.9457,-0.1490,131802794
2026-07-10 22:23,2026-07-10T12:23:00.000Z,1783686180000,57558034.9107,75021103.551,-0.1317,132579138
2026-07-10 22:24,2026-07-10T12:24:00.000Z,1783686240000,56398073.3981,74191163.7528,-0.1363,130589237
2026-07-10 22:25,2026-07-10T12:25:00.000Z,1783686300000,53185560.8647,76895704.9239,-0.1823,130081266
2026-07-10 22:26,2026-07-10T12:26:00.000Z,1783686360000,54439098.2679,74551148.2422,-0.1559,128990247
2026-07-10 22:27,2026-07-10T12:27:00.000Z,1783686420000,49797759.4465,77429883.7521,-0.2172,127227643
2026-07-10 22:28,2026-07-10T12:28:00.000Z,1783686480000,50649836.623,74440123.9814,-0.1902,125089961
2026-07-10 22:29,2026-07-10T12:29:00.000Z,1783686540000,50671053.8217,74246532.2294,-0.1887,124917586
2026-07-10 22:30,2026-07-10T12:30:00.000Z,1783686600000,54562662.0899,72065654.3603,-0.1382,126628316
2026-07-10 22:31,2026-07-10T12:31:00.000Z,1783686660000,54562662.0899,72065654.3603,-0.1382,126628316
2026-07-10 22:32,2026-07-10T12:32:00.000Z,1783686720000,53976896.6769,67013658.8,-0.1078,120990555
2026-07-10 22:33,2026-07-10T12:33:00.000Z,1783686780000,59280841.6628,66003516.0412,-0.0537,125284358
2026-07-10 22:34,2026-07-10T12:34:00.000Z,1783686840000,59877539.2295,68501313.7401,-0.0672,128378853
2026-07-10 22:35,2026-07-10T12:35:00.000Z,1783686900000,58181312.6608,68022913.9173,-0.0780,126204227
2026-07-10 22:36,2026-07-10T12:36:00.000Z,1783686960000,54756090.1978,65787091.7255,-0.0915,120543182
2026-07-10 22:37,2026-07-10T12:37:00.000Z,1783687020000,53380195.558,70609079.3022,-0.1390,123989275
2026-07-10 22:38,2026-07-10T12:38:00.000Z,1783687080000,56667335.5744,67368840.2013,-0.0863,124036176
2026-07-10 22:39,2026-07-10T12:39:00.000Z,1783687140000,60024866.8513,65625221.8413,-0.0446,125650089
2026-07-10 22:40,2026-07-10T12:40:00.000Z,1783687200000,57379836.8096,64423307.0283,-0.0578,121803144
2026-07-10 22:41,2026-07-10T12:41:00.000Z,1783687260000,56505164.6526,59011888.7766,-0.0217,115517053
2026-07-10 22:42,2026-07-10T12:42:00.000Z,1783687320000,59377557.1329,62069885.0668,-0.0222,121447442
2026-07-10 22:43,2026-07-10T12:43:00.000Z,1783687380000,60341799.5027,65092963,-0.0379,125434763
2026-07-10 22:44,2026-07-10T12:44:00.000Z,1783687440000,63115501.7432,67198912.9083,-0.0313,130314415
2026-07-10 22:45,2026-07-10T12:45:00.000Z,1783687500000,67851330.9223,58013199.6646,0.0782,125864531
2026-07-10 22:46,2026-07-10T12:46:00.000Z,1783687560000,67851330.9223,58013199.6646,0.0782,125864531
2026-07-10 22:47,2026-07-10T12:47:00.000Z,1783687620000,68124405.8846,60561775.2943,0.0588,128686181
2026-07-10 22:48,2026-07-10T12:48:00.000Z,1783687680000,69432989.9739,64628889.9315,0.0358,134061880
2026-07-10 22:49,2026-07-10T12:49:00.000Z,1783687740000,62395867.3192,69196700.149,-0.0517,131592567
2026-07-10 22:50,2026-07-10T12:50:00.000Z,1783687800000,64293269.8504,66241985.9466,-0.0149,130535256
2026-07-10 22:51,2026-07-10T12:51:00.000Z,1783687860000,66203065.2694,64449545.3111,0.0134,130652611
2026-07-10 22:52,2026-07-10T12:52:00.000Z,1783687920000,65049002.993,62538848.562,0.0197,127587852
2026-07-10 22:53,2026-07-10T12:53:00.000Z,1783687980000,68301437.9049,55076833.1079,0.1072,123378271
2026-07-10 22:54,2026-07-10T12:54:00.000Z,1783688040000,62523681.2357,56601300.3786,0.0497,119124982
2026-07-10 22:55,2026-07-10T12:55:00.000Z,1783688100000,60884077.8941,57004211.0625,0.0329,117888289
2026-07-10 22:56,2026-07-10T12:56:00.000Z,1783688160000,59507805.1005,59995598.7757,-0.0041,119503404
2026-07-10 22:57,2026-07-10T12:57:00.000Z,1783688220000,60166334.2327,60147701.568,0.0002,120314036
2026-07-10 22:58,2026-07-10T12:58:00.000Z,1783688280000,60611487.6851,58119213.8387,0.0210,118730702
2026-07-10 22:59,2026-07-10T12:59:00.000Z,1783688340000,58530826.3915,59464829.1727,-0.0079,117995656
2026-07-10 23:00,2026-07-10T13:00:00.000Z,1783688400000,57045525.8606,55075737.2261,0.0176,112121263
2026-07-10 23:01,2026-07-10T13:01:00.000Z,1783688460000,57045525.8606,55075737.2261,0.0176,112121263
2026-07-10 23:02,2026-07-10T13:02:00.000Z,1783688520000,54423160.4174,68066292.8107,-0.1114,122489453
2026-07-10 23:03,2026-07-10T13:03:00.000Z,1783688580000,53886032.143,68843863.743,-0.1219,122729896
2026-07-10 23:04,2026-07-10T13:04:00.000Z,1783688640000,56987068.7902,54724135.9121,0.0203,111711205
2026-07-10 23:05,2026-07-10T13:05:00.000Z,1783688700000,53943530.3485,67326904.7875,-0.1104,121270435
2026-07-10 23:06,2026-07-10T13:06:00.000Z,1783688760000,52385399.8473,63376472.744,-0.0949,115761873
2026-07-10 23:07,2026-07-10T13:07:00.000Z,1783688820000,51981038.573,64696725.4298,-0.1090,116677764
2026-07-10 23:08,2026-07-10T13:08:00.000Z,1783688880000,57790496.1181,63962077.3543,-0.0507,121752573
2026-07-10 23:09,2026-07-10T13:09:00.000Z,1783688940000,62837223.2942,59227130.2026,0.0296,122064353
2026-07-10 23:10,2026-07-10T13:10:00.000Z,1783689000000,60141091.0343,59759741.1078,0.0032,119900832
2026-07-10 23:11,2026-07-10T13:11:00.000Z,1783689060000,63551389.9168,60374078.7861,0.0256,123925469
2026-07-10 23:12,2026-07-10T13:12:00.000Z,1783689120000,66274264.4486,56097440.7934,0.0832,122371705
2026-07-10 23:13,2026-07-10T13:13:00.000Z,1783689180000,62579942.6545,59921325.8262,0.0217,122501268
2026-07-10 23:14,2026-07-10T13:14:00.000Z,1783689240000,61017274.6544,52460874.0143,0.0754,113478149
2026-07-10 23:15,2026-07-10T13:15:00.000Z,1783689300000,63104455.0734,58820579.2288,0.0351,121925034
2026-07-10 23:16,2026-07-10T13:16:00.000Z,1783689360000,57842612.8211,66491959.4731,-0.0696,124334572
2026-07-10 23:17,2026-07-10T13:17:00.000Z,1783689420000,60369182.4289,53742960.6746,0.0581,114112143
2026-07-10 23:18,2026-07-10T13:18:00.000Z,1783689480000,54813633.3551,69024432.8507,-0.1148,123838066
2026-07-10 23:19,2026-07-10T13:19:00.000Z,1783689540000,56441479.302,66440218.4282,-0.0814,122881698
2026-07-10 23:20,2026-07-10T13:20:00.000Z,1783689600000,58462507.3739,63755079.0506,-0.0433,122217586
2026-07-10 23:21,2026-07-10T13:21:00.000Z,1783689660000,57239940.5579,64986749.1154,-0.0634,122226690
2026-07-10 23:22,2026-07-10T13:22:00.000Z,1783689720000,66429998.0522,57131218.3089,0.0753,123561216
2026-07-10 23:23,2026-07-10T13:23:00.000Z,1783689780000,57038808.9833,69955043.0682,-0.1017,126993852
2026-07-10 23:24,2026-07-10T13:24:00.000Z,1783689840000,53267003.1341,68180165.0446,-0.1228,121447168
2026-07-10 23:25,2026-07-10T13:25:00.000Z,1783689900000,53746770.4803,71735615.4172,-0.1434,125482386
2026-07-10 23:26,2026-07-10T13:26:00.000Z,1783689960000,63544379.4922,64827490.0258,-0.0100,128371870
2026-07-10 23:27,2026-07-10T13:27:00.000Z,1783690020000,67912080.2291,61309652.9863,0.0511,129221733
2026-07-10 23:28,2026-07-10T13:28:00.000Z,1783690080000,64471665.6684,60116231.3503,0.0350,124587897
2026-07-10 23:29,2026-07-10T13:29:00.000Z,1783690140000,63777218.085,64367924.449,-0.0046,128145143
2026-07-10 23:30,2026-07-10T13:30:00.000Z,1783690200000,62824959.3315,65069719.346,-0.0176,127894679
2026-07-10 23:31,2026-07-10T13:31:00.000Z,1783690260000,58220515.8292,70034718.824,-0.0921,128255235
2026-07-10 23:32,2026-07-10T13:32:00.000Z,1783690320000,52002318.749,71895324.4429,-0.1606,123897643
2026-07-10 23:33,2026-07-10T13:33:00.000Z,1783690380000,54639322.235,75165199.0881,-0.1581,129804521
2026-07-10 23:34,2026-07-10T13:34:00.000Z,1783690440000,57205433.2547,70555001.776,-0.1045,127760435
2026-07-10 23:35,2026-07-10T13:35:00.000Z,1783690500000,62230930.4794,64433012.8938,-0.0174,126663943
2026-07-10 23:36,2026-07-10T13:36:00.000Z,1783690560000,62384145.9263,63415673.7278,-0.0082,125799820
2026-07-10 23:37,2026-07-10T13:37:00.000Z,1783690620000,55503902.4184,70489017.7355,-0.1189,125992920
2026-07-10 23:38,2026-07-10T13:38:00.000Z,1783690680000,61557323.0692,66799032.9691,-0.0408,128356356
2026-07-10 23:39,2026-07-10T13:39:00.000Z,1783690740000,56505743.0733,72517948.2201,-0.1241,129023691
2026-07-10 23:40,2026-07-10T13:40:00.000Z,1783690800000,58025294.1903,64620274.072,-0.0538,122645568
2026-07-10 23:41,2026-07-10T13:41:00.000Z,1783690860000,66119850.4166,59467372.0387,0.0530,125587222
2026-07-10 23:42,2026-07-10T13:42:00.000Z,1783690920000,53654414.2218,73396812.0913,-0.1554,127051226
2026-07-10 23:43,2026-07-10T13:43:00.000Z,1783690980000,53054953.7698,76695806.5792,-0.1822,129750760
2026-07-10 23:44,2026-07-10T13:44:00.000Z,1783691040000,49033977.3432,75242133.0105,-0.2109,124276110
2026-07-10 23:45,2026-07-10T13:45:00.000Z,1783691100000,56318086.7103,67792412.8078,-0.0925,124110500
2026-07-10 23:46,2026-07-10T13:46:00.000Z,1783691160000,51332142.2264,66112956.5485,-0.1259,117445099
2026-07-10 23:47,2026-07-10T13:47:00.000Z,1783691220000,48960306.7066,80269922.2235,-0.2423,129230229
2026-07-10 23:48,2026-07-10T13:48:00.000Z,1783691280000,55545041.3267,71856500.7569,-0.1280,127401542
2026-07-10 23:49,2026-07-10T13:49:00.000Z,1783691340000,55861669.2995,72537494.5765,-0.1299,128399164
2026-07-10 23:50,2026-07-10T13:50:00.000Z,1783691400000,53987093.1426,73338045.0671,-0.1520,127325138
2026-07-10 23:51,2026-07-10T13:51:00.000Z,1783691460000,52472878.9905,74977426.2525,-0.1766,127450305
2026-07-10 23:52,2026-07-10T13:52:00.000Z,1783691520000,49835175.2823,83046465.1105,-0.2499,132881640
2026-07-10 23:53,2026-07-10T13:53:00.000Z,1783691580000,45644986.9491,76028389.1748,-0.2497,121673376
2026-07-10 23:54,2026-07-10T13:54:00.000Z,1783691640000,51272116.3627,71067460.2052,-0.1618,122339577
2026-07-10 23:55,2026-07-10T13:55:00.000Z,1783691700000,59914320.3289,67801233.4845,-0.0618,127715554
2026-07-10 23:56,2026-07-10T13:56:00.000Z,1783691760000,60096818.5769,72400691.154,-0.0929,132497510
2026-07-10 23:57,2026-07-10T13:57:00.000Z,1783691820000,60744338.6572,65853886.7721,-0.0404,126598225
2026-07-10 23:58,2026-07-10T13:58:00.000Z,1783691880000,62398572.5022,61873558.4278,0.0042,124272131
2026-07-10 23:59,2026-07-10T13:59:00.000Z,1783691940000,61045110.4875,65074966.5107,-0.0320,126120077
2026-07-11 00:00,2026-07-10T14:00:00.000Z,1783692000000,57892439.6055,61354662.4214,-0.0290,119247102
2026-07-11 00:01,2026-07-10T14:01:00.000Z,1783692060000,57512641.1598,67157388.1551,-0.0774,124670029
2026-07-11 00:02,2026-07-10T14:02:00.000Z,1783692120000,59247680.6372,70904174.6834,-0.0896,130151855
2026-07-11 00:03,2026-07-10T14:03:00.000Z,1783692180000,64043622.3451,61531223.8529,0.0200,125574846
2026-07-11 00:04,2026-07-10T14:04:00.000Z,1783692240000,61606912.0914,53108174.8681,0.0741,114715087
2026-07-11 00:05,2026-07-10T14:05:00.000Z,1783692300000,61464300.8815,52646129.633,0.0773,114110431
2026-07-11 00:06,2026-07-10T14:06:00.000Z,1783692360000,60381799.2532,58911543.7901,0.0123,119293343
2026-07-11 00:07,2026-07-10T14:07:00.000Z,1783692420000,57510172.015,56729514.6461,0.0068,114239687
2026-07-11 00:08,2026-07-10T14:08:00.000Z,1783692480000,62295169.7997,43544454.3667,0.1772,105839624
2026-07-11 00:09,2026-07-10T14:09:00.000Z,1783692540000,56580762.0797,53232826.5398,0.0305,109813589
2026-07-11 00:10,2026-07-10T14:10:00.000Z,1783692600000,60695506.3519,52369242.3676,0.0736,113064749
2026-07-11 00:11,2026-07-10T14:11:00.000Z,1783692660000,66539720.0037,50380411.276,0.1382,116920131
2026-07-11 00:12,2026-07-10T14:12:00.000Z,1783692720000,67882867.0961,48097885.8573,0.1706,115980753
2026-07-11 00:13,2026-07-10T14:13:00.000Z,1783692780000,62696196.3983,53730279.2762,0.0770,116426476
2026-07-11 00:14,2026-07-10T14:14:00.000Z,1783692840000,68991135.4881,48108075.6155,0.1783,117099211
2026-07-11 00:15,2026-07-10T14:15:00.000Z,1783692900000,67915051.6267,47344424.3311,0.1785,115259476
2026-07-11 00:16,2026-07-10T14:16:00.000Z,1783692960000,66221036.3686,52917017.2733,0.1117,119138054
2026-07-11 00:17,2026-07-10T14:17:00.000Z,1783693020000,63527260.3027,52608719.4886,0.0940,116135980
2026-07-11 00:18,2026-07-10T14:18:00.000Z,1783693080000,61098273.4187,53049503.4994,0.0705,114147777
2026-07-11 00:19,2026-07-10T14:19:00.000Z,1783693140000,60135027.9219,41300482.0687,0.1857,101435510
2026-07-11 00:20,2026-07-10T14:20:00.000Z,1783693200000,69789855.61,69484367.6516,0.0022,139274223
2026-07-11 00:21,2026-07-10T14:21:00.000Z,1783693260000,62650178.385,72188079.6766,-0.0707,134838258
2026-07-11 00:22,2026-07-10T14:22:00.000Z,1783693320000,61676986.118,43569354.1556,0.1720,105246340
2026-07-11 00:23,2026-07-10T14:23:00.000Z,1783693380000,57142192.4825,55297919.7052,0.0164,112440112
2026-07-11 00:24,2026-07-10T14:24:00.000Z,1783693440000,56190800.4805,56481291.0078,-0.0026,112672091
2026-07-11 00:25,2026-07-10T14:25:00.000Z,1783693500000,56616263.3218,50048845.9599,0.0616,106665109
2026-07-11 00:26,2026-07-10T14:26:00.000Z,1783693560000,60291059.9966,56154697.3519,0.0355,116445757
2026-07-11 00:27,2026-07-10T14:27:00.000Z,1783693620000,56474521.0799,51076396.6665,0.0502,107550918
2026-07-11 00:28,2026-07-10T14:28:00.000Z,1783693680000,57976791.9516,58874682.8776,-0.0077,116851475
2026-07-11 00:29,2026-07-10T14:29:00.000Z,1783693740000,57891523.3185,61574903.3257,-0.0308,119466427
2026-07-11 00:30,2026-07-10T14:30:00.000Z,1783693800000,60453156.1827,52606218.8559,0.0694,113059375
2026-07-11 00:31,2026-07-10T14:31:00.000Z,1783693860000,61296226.84,49581320.116,0.1057,110877547
2026-07-11 00:32,2026-07-10T14:32:00.000Z,1783693920000,49917229.032,52089849.126,-0.0213,102007078
2026-07-11 00:33,2026-07-10T14:33:00.000Z,1783693980000,56833334.999,30248967.3632,0.3053,87082302
2026-07-11 00:34,2026-07-10T14:34:00.000Z,1783694040000,49347169.059,41916220.4339,0.0814,91263389
2026-07-11 00:35,2026-07-10T14:35:00.000Z,1783694100000,46740195.5231,45265640.0628,0.0160,92005836
2026-07-11 00:36,2026-07-10T14:36:00.000Z,1783694160000,59308250.105,41967914.7418,0.1712,101276165
2026-07-11 00:37,2026-07-10T14:37:00.000Z,1783694220000,48689929.9952,51689947.7524,-0.0299,100379878
2026-07-11 00:38,2026-07-10T14:38:00.000Z,1783694280000,54313341.0637,56968276.5438,-0.0239,111281618
2026-07-11 00:39,2026-07-10T14:39:00.000Z,1783694340000,54817849.5088,60832654.0301,-0.0520,115650504
2026-07-11 00:40,2026-07-10T14:40:00.000Z,1783694400000,54925714.1521,62513793.1025,-0.0646,117439507
2026-07-11 00:41,2026-07-10T14:41:00.000Z,1783694460000,52570146.7129,64199092.5777,-0.0996,116769239
2026-07-11 00:42,2026-07-10T14:42:00.000Z,1783694520000,63264771.3484,50602026.2139,0.1112,113866798
2026-07-11 00:43,2026-07-10T14:43:00.000Z,1783694580000,58926783.1254,60292743.8027,-0.0115,119219527
2026-07-11 00:44,2026-07-10T14:44:00.000Z,1783694640000,48591706.2655,50109749.9982,-0.0154,98701456
2026-07-11 00:45,2026-07-10T14:45:00.000Z,1783694700000,50978774.3187,53448426.7824,-0.0236,104427201
2026-07-11 00:46,2026-07-10T14:46:00.000Z,1783694760000,52082467.822,49917517.4123,0.0212,101999985
2026-07-11 00:47,2026-07-10T14:47:00.000Z,1783694820000,47449708.0149,45337645.6491,0.0228,92787354
2026-07-11 00:48,2026-07-10T14:48:00.000Z,1783694880000,54654323.2593,49562710.6254,0.0489,104217034
2026-07-11 00:49,2026-07-10T14:49:00.000Z,1783694940000,57988208.9594,47198874.0989,0.1026,105187083
2026-07-11 00:50,2026-07-10T14:50:00.000Z,1783695000000,44514160.8369,53622895.0447,-0.0928,98137056
2026-07-11 00:51,2026-07-10T14:51:00.000Z,1783695060000,51991166.84,43039887.9064,0.0942,95031055
2026-07-11 00:52,2026-07-10T14:52:00.000Z,1783695120000,52288511.7884,49748118.0953,0.0249,102036630
2026-07-11 00:53,2026-07-10T14:53:00.000Z,1783695180000,52464662.1189,48184497.778,0.0425,100649160
2026-07-11 00:54,2026-07-10T14:54:00.000Z,1783695240000,51885723.5955,50164250.5457,0.0169,102049974
2026-07-11 00:55,2026-07-10T14:55:00.000Z,1783695300000,53930112.9308,53194491.1265,0.0069,107124604
2026-07-11 00:56,2026-07-10T14:56:00.000Z,1783695360000,62383155.8367,49676915.7058,0.1134,112060072
2026-07-11 00:57,2026-07-10T14:57:00.000Z,1783695420000,61380371.1295,49219691.5841,0.1100,110600063
2026-07-11 00:58,2026-07-10T14:58:00.000Z,1783695480000,57954016.4655,53992286.9406,0.0354,111946303
2026-07-11 00:59,2026-07-10T14:59:00.000Z,1783695540000,58868927.3935,49857789.6306,0.0829,108726717
2026-07-11 01:00,2026-07-10T15:00:00.000Z,1783695600000,51309326.8232,51558749.6377,-0.0024,102868076
2026-07-11 01:01,2026-07-10T15:01:00.000Z,1783695660000,51309326.8232,51558749.6377,-0.0024,102868076
2026-07-11 01:02,2026-07-10T15:02:00.000Z,1783695720000,53224083.9741,52520956.1221,0.0066,105745040
2026-07-11 01:03,2026-07-10T15:03:00.000Z,1783695780000,52711802.1097,59553328.7822,-0.0609,112265131
2026-07-11 01:04,2026-07-10T15:04:00.000Z,1783695840000,49914178.2558,60444074.0844,-0.0954,110358252
2026-07-11 01:05,2026-07-10T15:05:00.000Z,1783695900000,56161345.852,53203496.565,0.0270,109364842
2026-07-11 01:06,2026-07-10T15:06:00.000Z,1783695960000,53134630.1902,49222466.7466,0.0382,102357097
2026-07-11 01:07,2026-07-10T15:07:00.000Z,1783696020000,55569451.7716,58092223.6399,-0.0222,113661675
2026-07-11 01:08,2026-07-10T15:08:00.000Z,1783696080000,49276011.8539,60584661.7975,-0.1029,109860674
2026-07-11 01:09,2026-07-10T15:09:00.000Z,1783696140000,46642492.7116,62166767.2111,-0.1427,108809260
2026-07-11 01:10,2026-07-10T15:10:00.000Z,1783696200000,53420409.4557,53218540.543,0.0019,106638950
2026-07-11 01:11,2026-07-10T15:11:00.000Z,1783696260000,51866251.8495,57374808.7903,-0.0504,109241061
2026-07-11 01:12,2026-07-10T15:12:00.000Z,1783696320000,55878045.6248,51837947.632,0.0375,107715993
2026-07-11 01:13,2026-07-10T15:13:00.000Z,1783696380000,59308002.9091,53106792.741,0.0552,112414796
2026-07-11 01:14,2026-07-10T15:14:00.000Z,1783696440000,52873377.4416,43882045.4606,0.0929,96755423
2026-07-11 01:15,2026-07-10T15:15:00.000Z,1783696500000,57280049.4606,54688785.487,0.0231,111968835
2026-07-11 01:16,2026-07-10T15:16:00.000Z,1783696560000,43203848.8541,62073634.0487,-0.1792,105277483
2026-07-11 01:17,2026-07-10T15:17:00.000Z,1783696620000,44261089.8189,53410437.3623,-0.0937,97671527
2026-07-11 01:18,2026-07-10T15:18:00.000Z,1783696680000,46240826.7352,46536919.2585,-0.0032,92777746
2026-07-11 01:19,2026-07-10T15:19:00.000Z,1783696740000,47077005.9083,51408167.9125,-0.0440,98485174
2026-07-11 01:20,2026-07-10T15:20:00.000Z,1783696800000,45231338.1963,48659793.4729,-0.0365,93891132
2026-07-11 01:21,2026-07-10T15:21:00.000Z,1783696860000,42365564.7114,59938454.8199,-0.1718,102304020
2026-07-11 01:22,2026-07-10T15:22:00.000Z,1783696920000,40789284.3118,61878870.5812,-0.2054,102668155
2026-07-11 01:23,2026-07-10T15:23:00.000Z,1783696980000,48752126.4037,54085228.0217,-0.0519,102837354
2026-07-11 01:24,2026-07-10T15:24:00.000Z,1783697040000,36324116.8048,59581549.9085,-0.2425,95905667
2026-07-11 01:25,2026-07-10T15:25:00.000Z,1783697100000,41478771.7087,61842647.2585,-0.1971,103321419
2026-07-11 01:26,2026-07-10T15:26:00.000Z,1783697160000,44463642.422,63435049.6912,-0.1758,107898692
2026-07-11 01:27,2026-07-10T15:27:00.000Z,1783697220000,50277556.9723,56099001.7543,-0.0547,106376559
2026-07-11 01:28,2026-07-10T15:28:00.000Z,1783697280000,50013600.0809,51419554.3357,-0.0139,101433154
2026-07-11 01:29,2026-07-10T15:29:00.000Z,1783697340000,54146800.4925,51751804.8703,0.0226,105898605
2026-07-11 01:30,2026-07-10T15:30:00.000Z,1783697400000,51006667.132,57497781.1456,-0.0598,108504448
2026-07-11 01:31,2026-07-10T15:31:00.000Z,1783697460000,51401982.2395,55114505.6562,-0.0349,106516488
2026-07-11 01:32,2026-07-10T15:32:00.000Z,1783697520000,49581932.3866,49297203.1931,0.0029,98879136
2026-07-11 01:33,2026-07-10T15:33:00.000Z,1783697580000,50352947.2248,49377251.729,0.0098,99730199
2026-07-11 01:34,2026-07-10T15:34:00.000Z,1783697640000,52675144.0528,52187696.1256,0.0046,104862840
2026-07-11 01:35,2026-07-10T15:35:00.000Z,1783697700000,49442101.7927,55352597.4465,-0.0564,104794699
2026-07-11 01:36,2026-07-10T15:36:00.000Z,1783697760000,67384232.6415,46989502.6451,0.1783,114373735
2026-07-11 01:37,2026-07-10T15:37:00.000Z,1783697820000,55792681.215,50582987.0876,0.0490,106375668
2026-07-11 01:38,2026-07-10T15:38:00.000Z,1783697880000,56481119.1417,56279290.0307,0.0018,112760409
2026-07-11 01:39,2026-07-10T15:39:00.000Z,1783697940000,64518252.7665,54552812.0777,0.0837,119071065
2026-07-11 01:40,2026-07-10T15:40:00.000Z,1783698000000,62008943.9537,51276821.1884,0.0947,113285765
2026-07-11 01:41,2026-07-10T15:41:00.000Z,1783698060000,63728690.6527,53702047.0571,0.0854,117430738
2026-07-11 01:42,2026-07-10T15:42:00.000Z,1783698120000,66616504.3313,50845123.4608,0.1343,117461628
2026-07-11 01:43,2026-07-10T15:43:00.000Z,1783698180000,68685542.7337,45540913.9146,0.2026,114226457
2026-07-11 01:44,2026-07-10T15:44:00.000Z,1783698240000,63917819.565,48758283.3887,0.1345,112676103
2026-07-11 01:45,2026-07-10T15:45:00.000Z,1783698300000,69678376.8182,54015365.2246,0.1266,123693742
2026-07-11 01:46,2026-07-10T15:46:00.000Z,1783698360000,64136583.7357,54351964.8121,0.0826,118488549
2026-07-11 01:47,2026-07-10T15:47:00.000Z,1783698420000,73851980.132,50335795.8401,0.1894,124187776
2026-07-11 01:48,2026-07-10T15:48:00.000Z,1783698480000,67722574.8587,54587576.3591,0.1074,122310151
2026-07-11 01:49,2026-07-10T15:49:00.000Z,1783698540000,62338344.414,52976927.1639,0.0812,115315272
2026-07-11 01:50,2026-07-10T15:50:00.000Z,1783698600000,62997143.293,58187082.1753,0.0397,121184225
2026-07-11 01:51,2026-07-10T15:51:00.000Z,1783698660000,70042174.6299,52051664.7133,0.1473,122093839
2026-07-11 01:52,2026-07-10T15:52:00.000Z,1783698720000,68557054.3096,51818503.7791,0.1391,120375558
2026-07-11 01:53,2026-07-10T15:53:00.000Z,1783698780000,66587352.976,57513703.5442,0.0731,124101057
2026-07-11 01:54,2026-07-10T15:54:00.000Z,1783698840000,60062036.4432,60642765.8113,-0.0048,120704802
2026-07-11 01:55,2026-07-10T15:55:00.000Z,1783698900000,58589973.7919,56127788.8508,0.0215,114717763
2026-07-11 01:56,2026-07-10T15:56:00.000Z,1783698960000,55721402.6087,52944894.9977,0.0256,108666298
2026-07-11 01:57,2026-07-10T15:57:00.000Z,1783699020000,63250370.9081,52766223.6908,0.0904,116016595
2026-07-11 01:58,2026-07-10T15:58:00.000Z,1783699080000,55892876.3925,59641314.31,-0.0324,115534191
2026-07-11 01:59,2026-07-10T15:59:00.000Z,1783699140000,56469842.8318,58695417.7144,-0.0193,115165261
2026-07-11 02:00,2026-07-10T16:00:00.000Z,1783699200000,47622019.8526,55024427.9789,-0.0721,102646448
2026-07-11 02:01,2026-07-10T16:01:00.000Z,1783699260000,47622019.8526,55024427.9789,-0.0721,102646448
2026-07-11 02:02,2026-07-10T16:02:00.000Z,1783699320000,56533032.835,54577009.5443,0.0176,111110042
2026-07-11 02:03,2026-07-10T16:03:00.000Z,1783699380000,73378631.7422,47965836.0417,0.2094,121344468
2026-07-11 02:04,2026-07-10T16:04:00.000Z,1783699440000,73910985.9831,47909791.3601,0.2134,121820777
2026-07-11 02:05,2026-07-10T16:05:00.000Z,1783699500000,68583281.3216,53309283.0061,0.1253,121892564
2026-07-11 02:06,2026-07-10T16:06:00.000Z,1783699560000,76415585.387,46771016.8359,0.2406,123186602
2026-07-11 02:07,2026-07-10T16:07:00.000Z,1783699620000,67359658.1313,54979434.6219,0.1012,122339093
2026-07-11 02:08,2026-07-10T16:08:00.000Z,1783699680000,64865166.4558,54634119.1805,0.0856,119499286
2026-07-11 02:09,2026-07-10T16:09:00.000Z,1783699740000,57957700.4479,59988394.966,-0.0172,117946095
2026-07-11 02:10,2026-07-10T16:10:00.000Z,1783699800000,63663351.3423,53599394.4056,0.0858,117262746
2026-07-11 02:11,2026-07-10T16:11:00.000Z,1783699860000,58987458.6564,57282967.7199,0.0147,116270426
2026-07-11 02:12,2026-07-10T16:12:00.000Z,1783699920000,64277639.9939,52106068.8316,0.1046,116383709
2026-07-11 02:13,2026-07-10T16:13:00.000Z,1783699980000,62055751.8781,53460856.6721,0.0744,115516609
2026-07-11 02:14,2026-07-10T16:14:00.000Z,1783700040000,62733578.506,57520513.916,0.0434,120254092
2026-07-11 02:15,2026-07-10T16:15:00.000Z,1783700100000,59347998.6451,64056400.5095,-0.0382,123404399
2026-07-11 02:16,2026-07-10T16:16:00.000Z,1783700160000,63766077.5228,59773734.0198,0.0323,123539812
2026-07-11 02:17,2026-07-10T16:17:00.000Z,1783700220000,60787790.5576,58284006.5468,0.0210,119071797
2026-07-11 02:18,2026-07-10T16:18:00.000Z,1783700280000,68800169.7627,56076691.9604,0.1019,124876862
2026-07-11 02:19,2026-07-10T16:19:00.000Z,1783700340000,66633209.8103,47872426.0926,0.1638,114505636
2026-07-11 02:20,2026-07-10T16:20:00.000Z,1783700400000,63346463.0442,58780135.3942,0.0374,122126598
2026-07-11 02:21,2026-07-10T16:21:00.000Z,1783700460000,69872845.262,53693091.9998,0.1309,123565937
2026-07-11 02:22,2026-07-10T16:22:00.000Z,1783700520000,71267186.7112,52930603.6255,0.1476,124197790
2026-07-11 02:23,2026-07-10T16:23:00.000Z,1783700580000,67738293.9358,57091416.615,0.0853,124829711
2026-07-11 02:24,2026-07-10T16:24:00.000Z,1783700640000,69813321.0456,51362437.5444,0.1523,121175759
2026-07-11 02:25,2026-07-10T16:25:00.000Z,1783700700000,68662625.41,55317271.9313,0.1076,123979897
2026-07-11 02:26,2026-07-10T16:26:00.000Z,1783700760000,74272931.5151,51805864.665,0.1782,126078796
2026-07-11 02:27,2026-07-10T16:27:00.000Z,1783700820000,64206490.3471,61650669.1842,0.0203,125857160
2026-07-11 02:28,2026-07-10T16:28:00.000Z,1783700880000,58718509.5895,56655652.3771,0.0179,115374162
2026-07-11 02:29,2026-07-10T16:29:00.000Z,1783700940000,67368318.5608,54765742.039,0.1032,122134061
2026-07-11 02:30,2026-07-10T16:30:00.000Z,1783701000000,66253053.9554,57997424.0906,0.0664,124250478
2026-07-11 02:31,2026-07-10T16:31:00.000Z,1783701060000,67227776.1853,58051272.594,0.0732,125279049
2026-07-11 02:32,2026-07-10T16:32:00.000Z,1783701120000,65645706.0487,60352804.1067,0.0420,125998510
2026-07-11 02:33,2026-07-10T16:33:00.000Z,1783701180000,70061356.3458,55958120.4915,0.1119,126019477
2026-07-11 02:34,2026-07-10T16:34:00.000Z,1783701240000,62501570.551,60629794.1778,0.0152,123131365
2026-07-11 02:35,2026-07-10T16:35:00.000Z,1783701300000,59056003.8787,58837847.3931,0.0019,117893851
2026-07-11 02:36,2026-07-10T16:36:00.000Z,1783701360000,60275441.6986,62852386.0354,-0.0209,123127828
2026-07-11 02:37,2026-07-10T16:37:00.000Z,1783701420000,74292682.7663,51737848.3563,0.1790,126030531
2026-07-11 02:38,2026-07-10T16:38:00.000Z,1783701480000,76422056.1071,45048400.5126,0.2583,121470457
2026-07-11 02:39,2026-07-10T16:39:00.000Z,1783701540000,83195334.2544,47090121.658,0.2771,130285456
2026-07-11 02:40,2026-07-10T16:40:00.000Z,1783701600000,74438102.3534,49056429.904,0.2055,123494532
2026-07-11 02:41,2026-07-10T16:41:00.000Z,1783701660000,66864026.2819,57099775.1691,0.0788,123963801
2026-07-11 02:42,2026-07-10T16:42:00.000Z,1783701720000,64466217.5391,61871450.2969,0.0205,126337668
2026-07-11 02:43,2026-07-10T16:43:00.000Z,1783701780000,65924224.1988,55725075.7748,0.0838,121649300
2026-07-11 02:44,2026-07-10T16:44:00.000Z,1783701840000,56594878.9728,59406704.313,-0.0242,116001583
2026-07-11 02:45,2026-07-10T16:45:00.000Z,1783701900000,68640819.2028,53029705.6768,0.1283,121670525
2026-07-11 02:46,2026-07-10T16:46:00.000Z,1783701960000,69674495.1341,52424964.7142,0.1413,122099460
2026-07-11 02:47,2026-07-10T16:47:00.000Z,1783702020000,60844050.2912,63164133.0405,-0.0187,124008183
2026-07-11 02:48,2026-07-10T16:48:00.000Z,1783702080000,60566690.7567,62522034.935,-0.0159,123088726
2026-07-11 02:49,2026-07-10T16:49:00.000Z,1783702140000,59043344.8128,60102436.9804,-0.0089,119145782
2026-07-11 02:50,2026-07-10T16:50:00.000Z,1783702200000,65450442.3439,52850676.4862,0.1065,118301119
2026-07-11 02:51,2026-07-10T16:51:00.000Z,1783702260000,55767212.3905,69504517.4348,-0.1097,125271730
2026-07-11 02:52,2026-07-10T16:52:00.000Z,1783702320000,59009547.1319,63242424.8817,-0.0346,122251972
2026-07-11 02:53,2026-07-10T16:53:00.000Z,1783702380000,59498736.4092,60718101.3441,-0.0101,120216838
2026-07-11 02:54,2026-07-10T16:54:00.000Z,1783702440000,59666257.1951,64142866.4965,-0.0362,123809124
2026-07-11 02:55,2026-07-10T16:55:00.000Z,1783702500000,59393411.376,64196823.0978,-0.0389,123590234
2026-07-11 02:56,2026-07-10T16:56:00.000Z,1783702560000,64643720.4431,59022702.4588,0.0455,123666423
2026-07-11 02:57,2026-07-10T16:57:00.000Z,1783702620000,59848260.8386,61267734.3748,-0.0117,121115995
2026-07-11 02:58,2026-07-10T16:58:00.000Z,1783702680000,55525960.7355,69007436.8631,-0.1083,124533398
2026-07-11 02:59,2026-07-10T16:59:00.000Z,1783702740000,57654065.9973,65787504.1125,-0.0659,123441570
2026-07-11 03:00,2026-07-10T17:00:00.000Z,1783702800000,59717924.9804,58703700.4947,0.0086,118421625
2026-07-11 03:01,2026-07-10T17:01:00.000Z,1783702860000,57011697.098,66912847.9148,-0.0799,123924545
2026-07-11 03:02,2026-07-10T17:02:00.000Z,1783702920000,58276222.9421,66704556.7018,-0.0674,124980780
2026-07-11 03:03,2026-07-10T17:03:00.000Z,1783702980000,63640214.2735,59527278.2011,0.0334,123167492
2026-07-11 03:04,2026-07-10T17:04:00.000Z,1783703040000,56515073.1621,67104310.3972,-0.0857,123619384
2026-07-11 03:05,2026-07-10T17:05:00.000Z,1783703100000,56930078.4889,68106719.1406,-0.0894,125036798
2026-07-11 03:06,2026-07-10T17:06:00.000Z,1783703160000,59639996.7801,62924089.9477,-0.0268,122564087
2026-07-11 03:07,2026-07-10T17:07:00.000Z,1783703220000,62650095.1896,61343183.2247,0.0105,123993278
2026-07-11 03:08,2026-07-10T17:08:00.000Z,1783703280000,64802322.6826,58380984.4538,0.0521,123183307
2026-07-11 03:09,2026-07-10T17:09:00.000Z,1783703340000,60698092.1534,54522829.3847,0.0536,115220922
2026-07-11 03:10,2026-07-10T17:10:00.000Z,1783703400000,70817829.7737,55223179.0811,0.1237,126041009
2026-07-11 03:11,2026-07-10T17:11:00.000Z,1783703460000,69829174.2633,58114946.4243,0.0916,127944121
2026-07-11 03:12,2026-07-10T17:12:00.000Z,1783703520000,61437025.918,61855100.6463,-0.0034,123292127
2026-07-11 03:13,2026-07-10T17:13:00.000Z,1783703580000,66844566.8093,60951639.615,0.0461,127796206
2026-07-11 03:14,2026-07-10T17:14:00.000Z,1783703640000,69121336.3717,59979647.6276,0.0708,129100984
2026-07-11 03:15,2026-07-10T17:15:00.000Z,1783703700000,73975042.0383,56108616.9707,0.1373,130083659
2026-07-11 03:16,2026-07-10T17:16:00.000Z,1783703760000,69091483.3965,57061491.1662,0.0954,126152975
2026-07-11 03:17,2026-07-10T17:17:00.000Z,1783703820000,72051584.7579,54408501.6748,0.1395,126460086
2026-07-11 03:18,2026-07-10T17:18:00.000Z,1783703880000,73384499.3755,54450368.6127,0.1481,127834868
2026-07-11 03:19,2026-07-10T17:19:00.000Z,1783703940000,73142488.0721,55403929.1597,0.1380,128546417
2026-07-11 03:20,2026-07-10T17:20:00.000Z,1783704000000,78694462.5697,53052645.3545,0.1946,131747108
2026-07-11 03:21,2026-07-10T17:21:00.000Z,1783704060000,77940714.2619,55921084.2502,0.1645,133861799
2026-07-11 03:22,2026-07-10T17:22:00.000Z,1783704120000,66218212.4432,53486437.355,0.1064,119704650
2026-07-11 03:23,2026-07-10T17:23:00.000Z,1783704180000,67750063.7723,52013813.9676,0.1314,119763878
2026-07-11 03:24,2026-07-10T17:24:00.000Z,1783704240000,66611559.9206,47570408.1255,0.1668,114181968
2026-07-11 03:25,2026-07-10T17:25:00.000Z,1783704300000,58239779.5279,59810641.2324,-0.0133,118050421
2026-07-11 03:26,2026-07-10T17:26:00.000Z,1783704360000,59331345.0633,57184896.3355,0.0184,116516241
2026-07-11 03:27,2026-07-10T17:27:00.000Z,1783704420000,62386346.7828,56516809.2681,0.0494,118903156
2026-07-11 03:28,2026-07-10T17:28:00.000Z,1783704480000,63387485.1069,55172928.7055,0.0693,118560414
2026-07-11 03:29,2026-07-10T17:29:00.000Z,1783704540000,65435106.7064,58960463.0531,0.0520,124395570
2026-07-11 03:30,2026-07-10T17:30:00.000Z,1783704600000,72760267.1995,54677493.4767,0.1419,127437761
2026-07-11 03:31,2026-07-10T17:31:00.000Z,1783704660000,70736360.0962,55820951.9405,0.1179,126557312
2026-07-11 03:32,2026-07-10T17:32:00.000Z,1783704720000,76477428.5498,47166371.2025,0.2371,123643800
2026-07-11 03:33,2026-07-10T17:33:00.000Z,1783704780000,77938408.9625,47502284.5818,0.2426,125440694
2026-07-11 03:34,2026-07-10T17:34:00.000Z,1783704840000,85023856.1698,48762377.3022,0.2710,133786233
2026-07-11 03:35,2026-07-10T17:35:00.000Z,1783704900000,69421363.2545,52401605.4699,0.1397,121822969
2026-07-11 03:36,2026-07-10T17:36:00.000Z,1783704960000,70113180.1321,54532686.9873,0.1250,124645867
2026-07-11 03:37,2026-07-10T17:37:00.000Z,1783705020000,69953621.3577,52635800.6658,0.1413,122589422
2026-07-11 03:38,2026-07-10T17:38:00.000Z,1783705080000,65655192.698,55821708.0452,0.0809,121476901
2026-07-11 03:39,2026-07-10T17:39:00.000Z,1783705140000,70021144.1406,55022918.2389,0.1199,125044062
2026-07-11 03:40,2026-07-10T17:40:00.000Z,1783705200000,64714952.4543,57107003.961,0.0625,121821956
2026-07-11 03:41,2026-07-10T17:41:00.000Z,1783705260000,63316990.752,59219408.8148,0.0334,122536400
2026-07-11 03:42,2026-07-10T17:42:00.000Z,1783705320000,74352232.1426,53106167.4106,0.1667,127458400
2026-07-11 03:43,2026-07-10T17:43:00.000Z,1783705380000,74919501.2879,53548269.097,0.1664,128467770
2026-07-11 03:44,2026-07-10T17:44:00.000Z,1783705440000,81473785.8748,51417474.5594,0.2262,132891260
2026-07-11 03:45,2026-07-10T17:45:00.000Z,1783705500000,74763535.9118,56275218.2878,0.1411,131038754
2026-07-11 03:46,2026-07-10T17:46:00.000Z,1783705560000,73104358.2542,56898348.3253,0.1247,130002707
2026-07-11 03:47,2026-07-10T17:47:00.000Z,1783705620000,80871354.3753,50650240.8529,0.2298,131521595
2026-07-11 03:48,2026-07-10T17:48:00.000Z,1783705680000,72960807.9644,57558974.9859,0.1180,130519783
2026-07-11 03:49,2026-07-10T17:49:00.000Z,1783705740000,69417292.7606,59843307.1499,0.0741,129260600
2026-07-11 03:50,2026-07-10T17:50:00.000Z,1783705800000,65084719.1608,60891406.1161,0.0333,125976125
2026-07-11 03:51,2026-07-10T17:51:00.000Z,1783705860000,65746007.8826,62227614.0547,0.0275,127973622
2026-07-11 03:52,2026-07-10T17:52:00.000Z,1783705920000,75055633.3383,54218400.9921,0.1612,129274034
2026-07-11 03:53,2026-07-10T17:53:00.000Z,1783705980000,66763463.6708,55526212.0434,0.0919,122289676
2026-07-11 03:54,2026-07-10T17:54:00.000Z,1783706040000,74198143.2285,54391526.079,0.1540,128589669
2026-07-11 03:55,2026-07-10T17:55:00.000Z,1783706100000,75565497.7612,53358834.6574,0.1722,128924332
2026-07-11 03:56,2026-07-10T17:56:00.000Z,1783706160000,69884672.3757,60536362.4988,0.0717,130421035
2026-07-11 03:57,2026-07-10T17:57:00.000Z,1783706220000,64236108.3629,64211540.4154,0.0002,128447649
2026-07-11 03:58,2026-07-10T17:58:00.000Z,1783706280000,74738510.7228,54165369.0684,0.1596,128903880
2026-07-11 03:59,2026-07-10T17:59:00.000Z,1783706340000,80883090.9195,51510813.5383,0.2219,132393904
2026-07-11 04:00,2026-07-10T18:00:00.000Z,1783706400000,76726606.1477,47283689.2533,0.2374,124010295
2026-07-11 04:01,2026-07-10T18:01:00.000Z,1783706460000,70149126.9779,58248041.9038,0.0927,128397169
2026-07-11 04:02,2026-07-10T18:02:00.000Z,1783706520000,69491121.3238,61854682.7445,0.0581,131345804
2026-07-11 04:03,2026-07-10T18:03:00.000Z,1783706580000,66589540.4309,61538481.2867,0.0394,128128022
2026-07-11 04:04,2026-07-10T18:04:00.000Z,1783706640000,74081781.2127,59149243.9298,0.1121,133231025
2026-07-11 04:05,2026-07-10T18:05:00.000Z,1783706700000,73098625.835,58490442.3745,0.1110,131589068
2026-07-11 04:06,2026-07-10T18:06:00.000Z,1783706760000,66416669.97,62265211.938,0.0323,128681882
2026-07-11 04:07,2026-07-10T18:07:00.000Z,1783706820000,63573698.8705,58383194.0379,0.0426,121956893
2026-07-11 04:08,2026-07-10T18:08:00.000Z,1783706880000,74422110.7044,55922431.8067,0.1419,130344543
2026-07-11 04:09,2026-07-10T18:09:00.000Z,1783706940000,68923768.9577,58784485.0622,0.0794,127708254
2026-07-11 04:10,2026-07-10T18:10:00.000Z,1783707000000,66608580.691,59464053.855,0.0567,126072635
2026-07-11 04:11,2026-07-10T18:11:00.000Z,1783707060000,67273135.8231,57699050.5232,0.0766,124972186
2026-07-11 04:12,2026-07-10T18:12:00.000Z,1783707120000,70482571.739,54202511.9755,0.1306,124685084
2026-07-11 04:13,2026-07-10T18:13:00.000Z,1783707180000,78076759.4574,52333066.8801,0.1974,130409826
2026-07-11 04:14,2026-07-10T18:14:00.000Z,1783707240000,79315741.4239,54769625.2333,0.1831,134085367
2026-07-11 04:15,2026-07-10T18:15:00.000Z,1783707300000,78464095.2861,54495763.8562,0.1803,132959859
2026-07-11 04:16,2026-07-10T18:16:00.000Z,1783707360000,83654083.1225,48406146.0037,0.2669,132060229
2026-07-11 04:17,2026-07-10T18:17:00.000Z,1783707420000,80046314.8357,51706821.6752,0.2151,131753137
2026-07-11 04:18,2026-07-10T18:18:00.000Z,1783707480000,77111690.6959,52138756.224,0.1932,129250447
2026-07-11 04:19,2026-07-10T18:19:00.000Z,1783707540000,81751372.9564,50302022.8034,0.2382,132053396
2026-07-11 04:20,2026-07-10T18:20:00.000Z,1783707600000,71243307.1494,61053781.7533,0.0770,132297089
2026-07-11 04:21,2026-07-10T18:21:00.000Z,1783707660000,71320199.0761,59681039.7447,0.0888,131001239
2026-07-11 04:22,2026-07-10T18:22:00.000Z,1783707720000,69064370.5416,60171359.978,0.0688,129235731
2026-07-11 04:23,2026-07-10T18:23:00.000Z,1783707780000,64989504.7943,63126858.8658,0.0145,128116364
2026-07-11 04:24,2026-07-10T18:24:00.000Z,1783707840000,66439787.9734,58404593.2993,0.0644,124844381
2026-07-11 04:25,2026-07-10T18:25:00.000Z,1783707900000,65295473.0281,62571950.061,0.0213,127867423
2026-07-11 04:26,2026-07-10T18:26:00.000Z,1783707960000,67426355.9102,57813981.1297,0.0768,125240337
2026-07-11 04:27,2026-07-10T18:27:00.000Z,1783708020000,74725908.5492,54507316.9966,0.1565,129233226
2026-07-11 04:28,2026-07-10T18:28:00.000Z,1783708080000,76086089.3317,54921705.5751,0.1616,131007795
2026-07-11 04:29,2026-07-10T18:29:00.000Z,1783708140000,75291248.1845,55488385.509,0.1514,130779634
2026-07-11 04:30,2026-07-10T18:30:00.000Z,1783708200000,76751089.5307,55326145.8142,0.1622,132077235
2026-07-11 04:31,2026-07-10T18:31:00.000Z,1783708260000,76366767.352,53821798.9619,0.1732,130188566
2026-07-11 04:32,2026-07-10T18:32:00.000Z,1783708320000,71530000.1691,45435819.98,0.2231,116965820
2026-07-11 04:33,2026-07-10T18:33:00.000Z,1783708380000,80141709.5364,51420568.5426,0.2183,131562278
2026-07-11 04:34,2026-07-10T18:34:00.000Z,1783708440000,74246314.781,59099155.8206,0.1136,133345471
2026-07-11 04:35,2026-07-10T18:35:00.000Z,1783708500000,75332124.8997,51066143.4205,0.1920,126398268
2026-07-11 04:36,2026-07-10T18:36:00.000Z,1783708560000,80531660.4756,51629532.4524,0.2187,132161193
2026-07-11 04:37,2026-07-10T18:37:00.000Z,1783708620000,83891281.4252,50136679.9919,0.2518,134027961
2026-07-11 04:38,2026-07-10T18:38:00.000Z,1783708680000,82863909.8399,49600165.6918,0.2511,132464076
2026-07-11 04:39,2026-07-10T18:39:00.000Z,1783708740000,82355386.7787,50360498.1039,0.2411,132715885
2026-07-11 04:40,2026-07-10T18:40:00.000Z,1783708800000,74661316.5724,59018103.5297,0.1170,133679420
2026-07-11 04:41,2026-07-10T18:41:00.000Z,1783708860000,74830241.7996,59588355.7365,0.1134,134418598
2026-07-11 04:42,2026-07-10T18:42:00.000Z,1783708920000,77319545.1173,54312722.1285,0.1748,131632267
2026-07-11 04:43,2026-07-10T18:43:00.000Z,1783708980000,70451849.7047,59497338.9176,0.0843,129949189
2026-07-11 04:44,2026-07-10T18:44:00.000Z,1783709040000,74854008.3235,52624767.6061,0.1744,127478776
2026-07-11 04:45,2026-07-10T18:45:00.000Z,1783709100000,70514065.8894,47458271.412,0.1954,117972337
2026-07-11 04:46,2026-07-10T18:46:00.000Z,1783709160000,80515722.8603,48563022.3168,0.2475,129078745
2026-07-11 04:47,2026-07-10T18:47:00.000Z,1783709220000,74441094.8874,58007231.024,0.1241,132448326
2026-07-11 04:48,2026-07-10T18:48:00.000Z,1783709280000,82436472.8951,48849195.1019,0.2558,131285668
2026-07-11 04:49,2026-07-10T18:49:00.000Z,1783709340000,79612838.7621,52585541.9467,0.2044,132198381
2026-07-11 04:50,2026-07-10T18:50:00.000Z,1783709400000,78819200.9271,51064322.4822,0.2137,129883523
2026-07-11 04:51,2026-07-10T18:51:00.000Z,1783709460000,84292321.6664,48768344.9312,0.2670,133060667
2026-07-11 04:52,2026-07-10T18:52:00.000Z,1783709520000,81831182.7384,48115364.9152,0.2595,129946548
2026-07-11 04:53,2026-07-10T18:53:00.000Z,1783709580000,81993205.4403,51020796.7081,0.2329,133014002
2026-07-11 04:54,2026-07-10T18:54:00.000Z,1783709640000,84749980.1585,46885557.8026,0.2876,131635538
2026-07-11 04:55,2026-07-10T18:55:00.000Z,1783709700000,74110770.4691,49889054.745,0.1953,123999825
2026-07-11 04:56,2026-07-10T18:56:00.000Z,1783709760000,61854014.3904,60442560.9326,0.0115,122296575
2026-07-11 04:57,2026-07-10T18:57:00.000Z,1783709820000,66243526.9032,64920409.9161,0.0101,131163937
2026-07-11 04:58,2026-07-10T18:58:00.000Z,1783709880000,68058090.4474,60867388.2353,0.0558,128925479
2026-07-11 04:59,2026-07-10T18:59:00.000Z,1783709940000,61899525.9349,65707605.2516,-0.0298,127607131
2026-07-11 05:00,2026-07-10T19:00:00.000Z,1783710000000,59332204.7145,59028117.1502,0.0026,118360322
2026-07-11 05:01,2026-07-10T19:01:00.000Z,1783710060000,64256338.4016,57515806.8783,0.0554,121772145
2026-07-11 05:02,2026-07-10T19:02:00.000Z,1783710120000,61030515.1468,64483325.9178,-0.0275,125513841
2026-07-11 05:03,2026-07-10T19:03:00.000Z,1783710180000,61994095.9339,62696392.7194,-0.0056,124690489
2026-07-11 05:04,2026-07-10T19:04:00.000Z,1783710240000,61183261.232,62001193.8229,-0.0066,123184455
2026-07-11 05:05,2026-07-10T19:05:00.000Z,1783710300000,62138198.6656,61208618.3147,0.0075,123346817
2026-07-11 05:06,2026-07-10T19:06:00.000Z,1783710360000,61503649.6086,60847270.7935,0.0054,122350920
2026-07-11 05:07,2026-07-10T19:07:00.000Z,1783710420000,64096249.0287,55986479.1994,0.0675,120082728
2026-07-11 05:08,2026-07-10T19:08:00.000Z,1783710480000,61535592.7952,60641307.9067,0.0073,122176901
2026-07-11 05:09,2026-07-10T19:09:00.000Z,1783710540000,53176707.8414,56188668.8048,-0.0275,109365377
2026-07-11 05:10,2026-07-10T19:10:00.000Z,1783710600000,56161013.459,57724289.4766,-0.0137,113885303
2026-07-11 05:11,2026-07-10T19:11:00.000Z,1783710660000,55559585.8225,60382334.2736,-0.0416,115941920
2026-07-11 05:12,2026-07-10T19:12:00.000Z,1783710720000,56356142.2637,60461117.1668,-0.0351,116817259
2026-07-11 05:13,2026-07-10T19:13:00.000Z,1783710780000,55579984.8769,62639641.723,-0.0597,118219627
2026-07-11 05:14,2026-07-10T19:14:00.000Z,1783710840000,60199093.5702,57943778.4766,0.0191,118142872
2026-07-11 05:15,2026-07-10T19:15:00.000Z,1783710900000,59084546.1427,59467050.6983,-0.0032,118551597
2026-07-11 05:16,2026-07-10T19:16:00.000Z,1783710960000,56104693.3815,59729729.1164,-0.0313,115834422
2026-07-11 05:17,2026-07-10T19:17:00.000Z,1783711020000,56930471.2842,63065276.3624,-0.0511,119995748
2026-07-11 05:18,2026-07-10T19:18:00.000Z,1783711080000,58762151.1295,58738710.8068,0.0002,117500862
2026-07-11 05:19,2026-07-10T19:19:00.000Z,1783711140000,65876077.6713,53442251.6866,0.1042,119318329
2026-07-11 05:20,2026-07-10T19:20:00.000Z,1783711200000,62620268.6118,48945655.6539,0.1226,111565924
2026-07-11 05:21,2026-07-10T19:21:00.000Z,1783711260000,63053407.4984,54025670.5272,0.0771,117079078
2026-07-11 05:22,2026-07-10T19:22:00.000Z,1783711320000,60242019.0669,53594090.3397,0.0584,113836109
2026-07-11 05:23,2026-07-10T19:23:00.000Z,1783711380000,67167755.6945,49994946.3632,0.1466,117162702
2026-07-11 05:24,2026-07-10T19:24:00.000Z,1783711440000,64181596.4819,51261805.472,0.1119,115443402
2026-07-11 05:25,2026-07-10T19:25:00.000Z,1783711500000,56930623.5929,56717087.0688,0.0019,113647711
2026-07-11 05:26,2026-07-10T19:26:00.000Z,1783711560000,57108917.3557,55453688.5832,0.0147,112562606
2026-07-11 05:27,2026-07-10T19:27:00.000Z,1783711620000,55040766.6796,62461515.0936,-0.0632,117502282
2026-07-11 05:28,2026-07-10T19:28:00.000Z,1783711680000,54825091.3857,64031675.9409,-0.0775,118856767
2026-07-11 05:29,2026-07-10T19:29:00.000Z,1783711740000,54720522.5095,64057541.2307,-0.0786,118778064
2026-07-11 05:30,2026-07-10T19:30:00.000Z,1783711800000,60397041.9807,57041759.1914,0.0286,117438801
2026-07-11 05:31,2026-07-10T19:31:00.000Z,1783711860000,56822299.6858,58798205.348,-0.0171,115620505
2026-07-11 05:32,2026-07-10T19:32:00.000Z,1783711920000,51881610.6132,64422487.9287,-0.1078,116304099
2026-07-11 05:33,2026-07-10T19:33:00.000Z,1783711980000,54785029.9055,58570152.6063,-0.0334,113355183
2026-07-11 05:34,2026-07-10T19:34:00.000Z,1783712040000,49466688.2773,64805475.876,-0.1342,114272164
2026-07-11 05:35,2026-07-10T19:35:00.000Z,1783712100000,54861062.5893,63670632.8352,-0.0743,118531695
2026-07-11 05:36,2026-07-10T19:36:00.000Z,1783712160000,66418564.9012,70095336.9945,-0.0269,136513902
2026-07-11 05:37,2026-07-10T19:37:00.000Z,1783712220000,53126680.4998,73531415.5282,-0.1611,126658096
2026-07-11 05:38,2026-07-10T19:38:00.000Z,1783712280000,55572076.0409,64691503.3641,-0.0758,120263579
2026-07-11 05:39,2026-07-10T19:39:00.000Z,1783712340000,54669353.7602,67029691.7131,-0.1016,121699045
2026-07-11 05:40,2026-07-10T19:40:00.000Z,1783712400000,47712402.6088,72148854.8423,-0.2039,119861257
2026-07-11 05:41,2026-07-10T19:41:00.000Z,1783712460000,52023040.5889,70031206.8175,-0.1475,122054247
2026-07-11 05:42,2026-07-10T19:42:00.000Z,1783712520000,56835003.7992,65658367.2394,-0.0720,122493371
2026-07-11 05:43,2026-07-10T19:43:00.000Z,1783712580000,49277375.8472,73704495.8445,-0.1986,122981872
2026-07-11 05:44,2026-07-10T19:44:00.000Z,1783712640000,49716700.2031,68633542.3302,-0.1598,118350243
2026-07-11 05:45,2026-07-10T19:45:00.000Z,1783712700000,54364547.7843,66041460.7341,-0.0970,120406009
2026-07-11 05:46,2026-07-10T19:46:00.000Z,1783712760000,51774316.1499,68863777.5863,-0.1417,120638094
2026-07-11 05:47,2026-07-10T19:47:00.000Z,1783712820000,51963045.8539,66890592.6705,-0.1256,118853639
2026-07-11 05:48,2026-07-10T19:48:00.000Z,1783712880000,57234876.6336,60199149.9693,-0.0252,117434027
2026-07-11 05:49,2026-07-10T19:49:00.000Z,1783712940000,54859882.2638,59806531.6836,-0.0431,114666414
2026-07-11 05:50,2026-07-10T19:50:00.000Z,1783713000000,56817629.0854,58136810.8515,-0.0115,114954440
2026-07-11 05:51,2026-07-10T19:51:00.000Z,1783713060000,55327062.9345,58641726.9215,-0.0291,113968790
2026-07-11 05:52,2026-07-10T19:52:00.000Z,1783713120000,54822835.769,58195140.5657,-0.0298,113017976
2026-07-11 05:53,2026-07-10T19:53:00.000Z,1783713180000,55698487.7579,54291287.2341,0.0128,109989775
2026-07-11 05:54,2026-07-10T19:54:00.000Z,1783713240000,52711791.2751,62314005.2776,-0.0835,115025797
2026-07-11 05:55,2026-07-10T19:55:00.000Z,1783713300000,54174489.6171,58412334.4065,-0.0376,112586824
2026-07-11 05:56,2026-07-10T19:56:00.000Z,1783713360000,52122079.541,59903771.271,-0.0695,112025851
2026-07-11 05:57,2026-07-10T19:57:00.000Z,1783713420000,57291169.9017,61392008.9066,-0.0346,118683179
2026-07-11 05:58,2026-07-10T19:58:00.000Z,1783713480000,58029213.7574,58875144.1963,-0.0072,116904358
2026-07-11 05:59,2026-07-10T19:59:00.000Z,1783713540000,52058767.3102,58805611.7883,-0.0609,110864379
2026-07-11 06:00,2026-07-10T20:00:00.000Z,1783713600000,53078141.5244,55678121.7168,-0.0239,108756263
2026-07-11 06:01,2026-07-10T20:01:00.000Z,1783713660000,55174069.3499,51119652.9876,0.0381,106293722
2026-07-11 06:02,2026-07-10T20:02:00.000Z,1783713720000,58544869.4748,55970786.9048,0.0225,114515656
2026-07-11 06:03,2026-07-10T20:03:00.000Z,1783713780000,56869058.4468,56739588.1157,0.0011,113608647
2026-07-11 06:04,2026-07-10T20:04:00.000Z,1783713840000,63724357.1934,51199207.595,0.1090,114923565
2026-07-11 06:05,2026-07-10T20:05:00.000Z,1783713900000,62014608.4311,55588824.3096,0.0546,117603433
2026-07-11 06:06,2026-07-10T20:06:00.000Z,1783713960000,58693677.7928,57802666.7463,0.0076,116496345
2026-07-11 06:07,2026-07-10T20:07:00.000Z,1783714020000,59351785.8546,55940382.5484,0.0296,115292168
2026-07-11 06:08,2026-07-10T20:08:00.000Z,1783714080000,62598835.665,54324380.2746,0.0708,116923216
2026-07-11 06:09,2026-07-10T20:09:00.000Z,1783714140000,57229623.4491,55398310.9623,0.0163,112627934
2026-07-11 06:10,2026-07-10T20:10:00.000Z,1783714200000,51890142.6453,58859568.0849,-0.0629,110749711
2026-07-11 06:11,2026-07-10T20:11:00.000Z,1783714260000,53259523.3927,59108552.876,-0.0521,112368076
2026-07-11 06:12,2026-07-10T20:12:00.000Z,1783714320000,53181469.4075,63448890.8974,-0.0880,116630360
2026-07-11 06:13,2026-07-10T20:13:00.000Z,1783714380000,53259324.1448,64354628.0161,-0.0943,117613952
2026-07-11 06:14,2026-07-10T20:14:00.000Z,1783714440000,50903675.3992,69311208.0283,-0.1531,120214883
2026-07-11 06:15,2026-07-10T20:15:00.000Z,1783714500000,52567704.1417,65738469.3448,-0.1113,118306173
2026-07-11 06:16,2026-07-10T20:16:00.000Z,1783714560000,60083468.6228,60171331.142,-0.0007,120254800
2026-07-11 06:17,2026-07-10T20:17:00.000Z,1783714620000,47681314.2737,70064830.8445,-0.1901,117746145
2026-07-11 06:18,2026-07-10T20:18:00.000Z,1783714680000,50847453.0355,65969170.3838,-0.1294,116816623
2026-07-11 06:19,2026-07-10T20:19:00.000Z,1783714740000,46106427.6383,60797929.426,-0.1374,106904357
2026-07-11 06:20,2026-07-10T20:20:00.000Z,1783714800000,61471023.3802,58337844.3632,0.0262,119808868
2026-07-11 06:21,2026-07-10T20:21:00.000Z,1783714860000,64137098.2867,54875565.2292,0.0778,119012664
2026-07-11 06:22,2026-07-10T20:22:00.000Z,1783714920000,53655450.4458,65867996.8722,-0.1022,119523447
2026-07-11 06:23,2026-07-10T20:23:00.000Z,1783714980000,54139724.4007,65130876.9664,-0.0922,119270601
2026-07-11 06:24,2026-07-10T20:24:00.000Z,1783715040000,60832225.2672,57604436.7659,0.0273,118436662
2026-07-11 06:25,2026-07-10T20:25:00.000Z,1783715100000,61967007.9589,57517533.9555,0.0372,119484542
2026-07-11 06:26,2026-07-10T20:26:00.000Z,1783715160000,70644423.6374,55297599.8165,0.1219,125942023
2026-07-11 06:27,2026-07-10T20:27:00.000Z,1783715220000,59390576.6741,51927376.75,0.0670,111317953
2026-07-11 06:28,2026-07-10T20:28:00.000Z,1783715280000,56680711.7413,60323077.1616,-0.0311,117003789
2026-07-11 06:29,2026-07-10T20:29:00.000Z,1783715340000,56208562.6485,62041792.9859,-0.0493,118250356
2026-07-11 06:30,2026-07-10T20:30:00.000Z,1783715400000,54309548.792,60819456.505,-0.0565,115129005
2026-07-11 06:31,2026-07-10T20:31:00.000Z,1783715460000,54390998.8329,61949768.6594,-0.0650,116340767
2026-07-11 06:32,2026-07-10T20:32:00.000Z,1783715520000,53491327.9196,68015085.9235,-0.1195,121506414
2026-07-11 06:33,2026-07-10T20:33:00.000Z,1783715580000,49563662.4684,64368315.6913,-0.1299,113931978
2026-07-11 06:34,2026-07-10T20:34:00.000Z,1783715640000,51674574.8253,67523582.2319,-0.1330,119198157
2026-07-11 06:35,2026-07-10T20:35:00.000Z,1783715700000,51735862.8989,66558217.7116,-0.1253,118294081
2026-07-11 06:36,2026-07-10T20:36:00.000Z,1783715760000,50741497.8113,66335557.9234,-0.1332,117077056
2026-07-11 06:37,2026-07-10T20:37:00.000Z,1783715820000,50506215.7291,64196134.8109,-0.1194,114702351
2026-07-11 06:38,2026-07-10T20:38:00.000Z,1783715880000,50948983.7303,66400498.1295,-0.1317,117349482
2026-07-11 06:39,2026-07-10T20:39:00.000Z,1783715940000,51002288.3846,66433123.2824,-0.1314,117435412
2026-07-11 06:40,2026-07-10T20:40:00.000Z,1783716000000,55335357.5735,64251860.1327,-0.0746,119587218
2026-07-11 06:41,2026-07-10T20:41:00.000Z,1783716060000,60585557.2603,57439483.1233,0.0267,118025040
2026-07-11 06:42,2026-07-10T20:42:00.000Z,1783716120000,56418011.1263,58257769.7282,-0.0160,114675781
2026-07-11 06:43,2026-07-10T20:43:00.000Z,1783716180000,58020477.1531,57445319.0474,0.0050,115465796
2026-07-11 06:44,2026-07-10T20:44:00.000Z,1783716240000,59620763.4986,55689142.8853,0.0341,115309906
2026-07-11 06:45,2026-07-10T20:45:00.000Z,1783716300000,60607008.3345,56775285.6821,0.0326,117382294
2026-07-11 06:46,2026-07-10T20:46:00.000Z,1783716360000,60235028.2175,55469648.5628,0.0412,115704677
2026-07-11 06:47,2026-07-10T20:47:00.000Z,1783716420000,58587148.8903,58471260.1147,0.0010,117058409
2026-07-11 06:48,2026-07-10T20:48:00.000Z,1783716480000,59339958.4147,64233353.5157,-0.0396,123573312
2026-07-11 06:49,2026-07-10T20:49:00.000Z,1783716540000,57453597.4465,62417319.3406,-0.0414,119870917
2026-07-11 06:50,2026-07-10T20:50:00.000Z,1783716600000,56496015.2956,63321923.2596,-0.0570,119817939
2026-07-11 06:51,2026-07-10T20:51:00.000Z,1783716660000,57918893.4164,62106490.7159,-0.0349,120025384
2026-07-11 06:52,2026-07-10T20:52:00.000Z,1783716720000,59387548.5558,62793566.7768,-0.0279,122181115
2026-07-11 06:53,2026-07-10T20:53:00.000Z,1783716780000,61957405.8755,56753564.5854,0.0438,118710970
2026-07-11 06:54,2026-07-10T20:54:00.000Z,1783716840000,54929904.2561,67330257.6603,-0.1014,122260162
2026-07-11 06:55,2026-07-10T20:55:00.000Z,1783716900000,57329956.2883,63113339.4577,-0.0480,120443296
2026-07-11 06:56,2026-07-10T20:56:00.000Z,1783716960000,64797728.3721,78165440.197,-0.0935,142963169
2026-07-11 06:57,2026-07-10T20:57:00.000Z,1783717020000,63401628.194,72922755.0855,-0.0698,136324383
2026-07-11 06:58,2026-07-10T20:58:00.000Z,1783717080000,67533242.2263,76890862.8701,-0.0648,144424105
2026-07-11 06:59,2026-07-10T20:59:00.000Z,1783717140000,66624088.0956,77219748.4178,-0.0737,143843837
2026-07-11 07:00,2026-07-10T21:00:00.000Z,1783717200000,64738548.147,72406781.4619,-0.0559,137145330
2026-07-11 07:01,2026-07-10T21:01:00.000Z,1783717260000,66592266.0278,78189123.51,-0.0801,144781390
2026-07-11 07:02,2026-07-10T21:02:00.000Z,1783717320000,62365889.4511,80581531.579,-0.1274,142947421
2026-07-11 07:03,2026-07-10T21:03:00.000Z,1783717380000,63894410.4244,78825356.9271,-0.1046,142719767
2026-07-11 07:04,2026-07-10T21:04:00.000Z,1783717440000,60837525.2083,75368440.3148,-0.1067,136205966
2026-07-11 07:05,2026-07-10T21:05:00.000Z,1783717500000,51273308.3301,64092127.3349,-0.1111,115365436
2026-07-11 07:06,2026-07-10T21:06:00.000Z,1783717560000,52637239.3703,62282044.6677,-0.0839,114919284
2026-07-11 07:07,2026-07-10T21:07:00.000Z,1783717620000,57388377.5424,56580669.3572,0.0071,113969047
2026-07-11 07:08,2026-07-10T21:08:00.000Z,1783717680000,53765890.7916,62568207.1294,-0.0757,116334098
2026-07-11 07:09,2026-07-10T21:09:00.000Z,1783717740000,54612609.8639,62854455.2191,-0.0702,117467065
2026-07-11 07:10,2026-07-10T21:10:00.000Z,1783717800000,50969722.2355,56125594.075,-0.0481,107095316
2026-07-11 07:11,2026-07-10T21:11:00.000Z,1783717860000,54214574.4635,53312913.6475,0.0084,107527488
2026-07-11 07:12,2026-07-10T21:12:00.000Z,1783717920000,51969263.3097,54565006.357,-0.0244,106534270
2026-07-11 07:13,2026-07-10T21:13:00.000Z,1783717980000,49876057.0514,55434504.8926,-0.0528,105310562
2026-07-11 07:14,2026-07-10T21:14:00.000Z,1783718040000,45069140.1888,63107034.0104,-0.1667,108176174
2026-07-11 07:15,2026-07-10T21:15:00.000Z,1783718100000,45832625.3246,51926346.7379,-0.0623,97758972
2026-07-11 07:16,2026-07-10T21:16:00.000Z,1783718160000,48691575.3168,58630228.2998,-0.0926,107321804
2026-07-11 07:17,2026-07-10T21:17:00.000Z,1783718220000,47545469.0313,58149314.3528,-0.1003,105694783
2026-07-11 07:18,2026-07-10T21:18:00.000Z,1783718280000,53002353.1137,53415323.6303,-0.0039,106417677
2026-07-11 07:19,2026-07-10T21:19:00.000Z,1783718340000,51167572.5771,54307107.602,-0.0298,105474680
2026-07-11 07:20,2026-07-10T21:20:00.000Z,1783718400000,55237337.991,50176243.3049,0.0480,105413581
2026-07-11 07:21,2026-07-10T21:21:00.000Z,1783718460000,54307681.6395,50016483.6239,0.0411,104324165
2026-07-11 07:22,2026-07-10T21:22:00.000Z,1783718520000,52423542.2665,50141351.6432,0.0223,102564894
2026-07-11 07:23,2026-07-10T21:23:00.000Z,1783718580000,46699600.0567,55107751.2249,-0.0826,101807351
2026-07-11 07:24,2026-07-10T21:24:00.000Z,1783718640000,44014141.8869,58138723.7814,-0.1383,102152866
2026-07-11 07:25,2026-07-10T21:25:00.000Z,1783718700000,41763199.6878,61599231.5971,-0.1919,103362431
2026-07-11 07:26,2026-07-10T21:26:00.000Z,1783718760000,46628763.3647,54790397.1048,-0.0805,101419160
2026-07-11 07:27,2026-07-10T21:27:00.000Z,1783718820000,47402904.1558,56029004.4609,-0.0834,103431909
2026-07-11 07:28,2026-07-10T21:28:00.000Z,1783718880000,45633181.4451,58232505.9876,-0.1213,103865687
2026-07-11 07:29,2026-07-10T21:29:00.000Z,1783718940000,40242809.0836,57741189.825,-0.1786,97983999
2026-07-11 07:30,2026-07-10T21:30:00.000Z,1783719000000,43092714.739,59662034.7535,-0.1613,102754749
2026-07-11 07:31,2026-07-10T21:31:00.000Z,1783719060000,39167595.8948,64831182.6444,-0.2468,103998779
2026-07-11 07:32,2026-07-10T21:32:00.000Z,1783719120000,41317297.4936,62023784.2636,-0.2004,103341082
2026-07-11 07:33,2026-07-10T21:33:00.000Z,1783719180000,45535411.8666,59647018.8797,-0.1342,105182431
2026-07-11 07:34,2026-07-10T21:34:00.000Z,1783719240000,44612682.5833,58512980.8537,-0.1348,103125663
2026-07-11 07:35,2026-07-10T21:35:00.000Z,1783719300000,41153024.5256,58649589.5455,-0.1753,99802614
2026-07-11 07:36,2026-07-10T21:36:00.000Z,1783719360000,41372594.4055,60599958.248,-0.1886,101972553
2026-07-11 07:37,2026-07-10T21:37:00.000Z,1783719420000,38570192.6525,62450745.4971,-0.2364,101020938
2026-07-11 07:38,2026-07-10T21:38:00.000Z,1783719480000,36489430.1016,65753835.8034,-0.2862,102243266
2026-07-11 07:39,2026-07-10T21:39:00.000Z,1783719540000,39631017.0353,65711955.4364,-0.2476,105342972
2026-07-11 07:40,2026-07-10T21:40:00.000Z,1783719600000,40170883.3052,63893959.8357,-0.2280,104064843
2026-07-11 07:41,2026-07-10T21:41:00.000Z,1783719660000,42943409.5206,58082228.6265,-0.1499,101025638
2026-07-11 07:42,2026-07-10T21:42:00.000Z,1783719720000,45524357.4144,58099041.5938,-0.1213,103623399
2026-07-11 07:43,2026-07-10T21:43:00.000Z,1783719780000,43867047.1069,56155537.0141,-0.1229,100022584
2026-07-11 07:44,2026-07-10T21:44:00.000Z,1783719840000,43428524.1964,60118737.4407,-0.1612,103547262
2026-07-11 07:45,2026-07-10T21:45:00.000Z,1783719900000,42616411.1527,62682534.8167,-0.1906,105298946
2026-07-11 07:46,2026-07-10T21:46:00.000Z,1783719960000,42996309.8267,63275858.8308,-0.1908,106272169
2026-07-11 07:47,2026-07-10T21:47:00.000Z,1783720020000,49661229.4672,55666065.3717,-0.0570,105327295
2026-07-11 07:48,2026-07-10T21:48:00.000Z,1783720080000,47152936.9072,54967480.2307,-0.0765,102120417
2026-07-11 07:49,2026-07-10T21:49:00.000Z,1783720140000,46627088.9733,56794944.005,-0.0983,103422033
2026-07-11 07:50,2026-07-10T21:50:00.000Z,1783720200000,48706913.0593,56288360.1374,-0.0722,104995273
2026-07-11 07:51,2026-07-10T21:51:00.000Z,1783720260000,46144184.6849,59008712.0545,-0.1223,105152897
2026-07-11 07:52,2026-07-10T21:52:00.000Z,1783720320000,46911510.9875,58162439.9551,-0.1071,105073951
2026-07-11 07:53,2026-07-10T21:53:00.000Z,1783720380000,49145836.6981,55952775.5627,-0.0648,105098612
2026-07-11 07:54,2026-07-10T21:54:00.000Z,1783720440000,43249499.1853,57280131.7829,-0.1396,100529631
2026-07-11 07:55,2026-07-10T21:55:00.000Z,1783720500000,47833644.2975,57150911.6079,-0.0887,104984556
2026-07-11 07:56,2026-07-10T21:56:00.000Z,1783720560000,47294138.3886,52365127.5863,-0.0509,99659266
2026-07-11 07:57,2026-07-10T21:57:00.000Z,1783720620000,49988841.3884,54974840.6658,-0.0475,104963682
2026-07-11 07:58,2026-07-10T21:58:00.000Z,1783720680000,47664081.6579,58781336.4135,-0.1044,106445418
2026-07-11 07:59,2026-07-10T21:59:00.000Z,1783720740000,47933228.597,58493641.0854,-0.0992,106426870
2026-07-11 08:00,2026-07-10T22:00:00.000Z,1783720800000,44156174.5946,55688261.7386,-0.1155,99844436
2026-07-11 08:01,2026-07-10T22:01:00.000Z,1783720860000,47598166.2523,59565701.0227,-0.1117,107163867
2026-07-11 08:02,2026-07-10T22:02:00.000Z,1783720920000,48215097.9848,59984141.4779,-0.1088,108199239
2026-07-11 08:03,2026-07-10T22:03:00.000Z,1783720980000,44620739.7762,62409317.961,-0.1662,107030058
2026-07-11 08:04,2026-07-10T22:04:00.000Z,1783721040000,45611171.9858,63073400.1912,-0.1607,108684572
2026-07-11 08:05,2026-07-10T22:05:00.000Z,1783721100000,46806794.6383,61290601.524,-0.1340,108097396
2026-07-11 08:06,2026-07-10T22:06:00.000Z,1783721160000,52305472.4191,57446277.2099,-0.0468,109751750
2026-07-11 08:07,2026-07-10T22:07:00.000Z,1783721220000,44914026.4825,63541358.236,-0.1718,108455385
2026-07-11 08:08,2026-07-10T22:08:00.000Z,1783721280000,37813871.2301,62243342.2703,-0.2442,100057214
2026-07-11 08:09,2026-07-10T22:09:00.000Z,1783721340000,43046682.1463,64334462.5844,-0.1982,107381145
2026-07-11 08:10,2026-07-10T22:10:00.000Z,1783721400000,44536147.6713,65926111.6521,-0.1936,110462259
2026-07-11 08:11,2026-07-10T22:11:00.000Z,1783721460000,42981750.3959,63126742.8138,-0.1899,106108493
2026-07-11 08:12,2026-07-10T22:12:00.000Z,1783721520000,47389377.7052,57948656.7949,-0.1002,105338035
2026-07-11 08:13,2026-07-10T22:13:00.000Z,1783721580000,46751814.0609,67423120.3966,-0.1810,114174934
2026-07-11 08:14,2026-07-10T22:14:00.000Z,1783721640000,47146947.4594,63941792.0085,-0.1512,111088739
2026-07-11 08:15,2026-07-10T22:15:00.000Z,1783721700000,46276230.2734,66536612.6898,-0.1796,112812843
2026-07-11 08:16,2026-07-10T22:16:00.000Z,1783721760000,47333962.8962,64352288.1343,-0.1524,111686251
2026-07-11 08:17,2026-07-10T22:17:00.000Z,1783721820000,45957192.5828,59021772.934,-0.1244,104978966
2026-07-11 08:18,2026-07-10T22:18:00.000Z,1783721880000,49395555.3856,62593097.2251,-0.1178,111988653
2026-07-11 08:19,2026-07-10T22:19:00.000Z,1783721940000,50318429.6632,58423330.9186,-0.0745,108741761
2026-07-11 08:20,2026-07-10T22:20:00.000Z,1783722000000,49662318.8475,59023374.4408,-0.0861,108685693
2026-07-11 08:21,2026-07-10T22:21:00.000Z,1783722060000,50129134.4507,56908791.2665,-0.0633,107037926
2026-07-11 08:22,2026-07-10T22:22:00.000Z,1783722120000,54284088.8666,57215269.501,-0.0263,111499358
2026-07-11 08:23,2026-07-10T22:23:00.000Z,1783722180000,53826877.7446,57816306.0135,-0.0357,111643184
2026-07-11 08:24,2026-07-10T22:24:00.000Z,1783722240000,54764984.5191,56549857.6935,-0.0160,111314842
2026-07-11 08:25,2026-07-10T22:25:00.000Z,1783722300000,49077653.2333,59043011.5277,-0.0922,108120665
2026-07-11 08:26,2026-07-10T22:26:00.000Z,1783722360000,48961744.7466,59720423.3411,-0.0990,108682168
2026-07-11 08:27,2026-07-10T22:27:00.000Z,1783722420000,49446103.651,59239110.0163,-0.0901,108685214
2026-07-11 08:28,2026-07-10T22:28:00.000Z,1783722480000,45169609.2552,64827041.3017,-0.1787,109996651
2026-07-11 08:29,2026-07-10T22:29:00.000Z,1783722540000,45646009.9713,63433047.4958,-0.1631,109079057
2026-07-11 08:30,2026-07-10T22:30:00.000Z,1783722600000,45605020.5287,60843497.5491,-0.1432,106448518
2026-07-11 08:31,2026-07-10T22:31:00.000Z,1783722660000,45615727.1011,60921380.4423,-0.1437,106537108
2026-07-11 08:32,2026-07-10T22:32:00.000Z,1783722720000,45843841.0583,61580539.9596,-0.1465,107424381
2026-07-11 08:33,2026-07-10T22:33:00.000Z,1783722780000,46794033.1387,62551405.5665,-0.1441,109345439
2026-07-11 08:34,2026-07-10T22:34:00.000Z,1783722840000,52077011.3304,57131531.788,-0.0463,109208543
2026-07-11 08:35,2026-07-10T22:35:00.000Z,1783722900000,51698947.1427,57140317.2428,-0.0500,108839264
2026-07-11 08:36,2026-07-10T22:36:00.000Z,1783722960000,51307339.2023,57329518.9732,-0.0554,108636858
2026-07-11 08:37,2026-07-10T22:37:00.000Z,1783723020000,52014542.5428,57189841.3109,-0.0474,109204384
2026-07-11 08:38,2026-07-10T22:38:00.000Z,1783723080000,47130326.0893,61653038.0028,-0.1335,108783364
2026-07-11 08:39,2026-07-10T22:39:00.000Z,1783723140000,47225072.9032,60841791.3483,-0.1260,108066864
2026-07-11 08:40,2026-07-10T22:40:00.000Z,1783723200000,46115993.3305,61050911.9091,-0.1394,107166905
2026-07-11 08:41,2026-07-10T22:41:00.000Z,1783723260000,46918323.3847,64010723.2494,-0.1541,110929047
2026-07-11 08:42,2026-07-10T22:42:00.000Z,1783723320000,46885970.6156,61744668.783,-0.1368,108630639
2026-07-11 08:43,2026-07-10T22:43:00.000Z,1783723380000,45078078.3562,65388130.6835,-0.1839,110466209
2026-07-11 08:44,2026-07-10T22:44:00.000Z,1783723440000,53078275.1253,59581528.1601,-0.0577,112659803
2026-07-11 08:45,2026-07-10T22:45:00.000Z,1783723500000,54439841.1345,56906239.4315,-0.0222,111346081
2026-07-11 08:46,2026-07-10T22:46:00.000Z,1783723560000,50316624.4924,57697581.0649,-0.0683,108014206
2026-07-11 08:47,2026-07-10T22:47:00.000Z,1783723620000,44753836.7399,56823233.2235,-0.1188,101577070
2026-07-11 08:48,2026-07-10T22:48:00.000Z,1783723680000,47618505.8556,60938237.0269,-0.1227,108556743
2026-07-11 08:49,2026-07-10T22:49:00.000Z,1783723740000,48519452.9887,58546331.3951,-0.0937,107065784
2026-07-11 08:50,2026-07-10T22:50:00.000Z,1783723800000,51711345.7538,57338198.8183,-0.0516,109049545
2026-07-11 08:51,2026-07-10T22:51:00.000Z,1783723860000,50692819.598,58290697.0506,-0.0697,108983517
2026-07-11 08:52,2026-07-10T22:52:00.000Z,1783723920000,49956561.2315,57880613.5826,-0.0735,107837175
2026-07-11 08:53,2026-07-10T22:53:00.000Z,1783723980000,50304437.8093,56517287.3459,-0.0582,106821725
2026-07-11 08:54,2026-07-10T22:54:00.000Z,1783724040000,49089259.4532,57066901.2455,-0.0752,106156161
2026-07-11 08:55,2026-07-10T22:55:00.000Z,1783724100000,44937675.873,65514565.0413,-0.1863,110452241
2026-07-11 08:56,2026-07-10T22:56:00.000Z,1783724160000,46531643.8584,67005301.7549,-0.1803,113536946
2026-07-11 08:57,2026-07-10T22:57:00.000Z,1783724220000,48423960.0836,61669791.3925,-0.1203,110093751
2026-07-11 08:58,2026-07-10T22:58:00.000Z,1783724280000,45865446.2329,58496558.2179,-0.1210,104362004
2026-07-11 08:59,2026-07-10T22:59:00.000Z,1783724340000,50360752.379,59907400.9105,-0.0866,110268153
2026-07-11 09:00,2026-07-10T23:00:00.000Z,1783724400000,46776100.3235,56007403.8964,-0.0898,102783504
2026-07-11 09:01,2026-07-10T23:01:00.000Z,1783724460000,47669670.2287,57578672.3969,-0.0941,105248343
2026-07-11 09:02,2026-07-10T23:02:00.000Z,1783724520000,50665059.6515,56277493.0128,-0.0525,106942553
2026-07-11 09:03,2026-07-10T23:03:00.000Z,1783724580000,58076504.3552,50270247.4423,0.0720,108346752
2026-07-11 09:04,2026-07-10T23:04:00.000Z,1783724640000,52726815.8229,55961983.5967,-0.0298,108688799
2026-07-11 09:05,2026-07-10T23:05:00.000Z,1783724700000,51467816.5279,56002887.7597,-0.0422,107470704
2026-07-11 09:06,2026-07-10T23:06:00.000Z,1783724760000,55196532.1145,52714921.7885,0.0230,107911454
2026-07-11 09:07,2026-07-10T23:07:00.000Z,1783724820000,50063924.3286,58066783.9947,-0.0740,108130708
2026-07-11 09:08,2026-07-10T23:08:00.000Z,1783724880000,52042896.5097,56744192.5615,-0.0432,108787089
2026-07-11 09:09,2026-07-10T23:09:00.000Z,1783724940000,51374883.151,59285353.9817,-0.0715,110660237
2026-07-11 09:10,2026-07-10T23:10:00.000Z,1783725000000,48840500.9931,60838890.4187,-0.1094,109679391
2026-07-11 09:11,2026-07-10T23:11:00.000Z,1783725060000,47948082.6139,62614488.2084,-0.1327,110562571
2026-07-11 09:12,2026-07-10T23:12:00.000Z,1783725120000,48309364.9749,62665368.5744,-0.1294,110974734
2026-07-11 09:13,2026-07-10T23:13:00.000Z,1783725180000,47487337.913,61771732.906,-0.1307,109259071
2026-07-11 09:14,2026-07-10T23:14:00.000Z,1783725240000,44871408.7762,64449723.0867,-0.1791,109321132
2026-07-11 09:15,2026-07-10T23:15:00.000Z,1783725300000,42784122.2256,67821804.4649,-0.2264,110605927
2026-07-11 09:16,2026-07-10T23:16:00.000Z,1783725360000,44320702.0129,68409636.2903,-0.2137,112730338
2026-07-11 09:17,2026-07-10T23:17:00.000Z,1783725420000,47278328.5989,66309920.137,-0.1675,113588249
2026-07-11 09:18,2026-07-10T23:18:00.000Z,1783725480000,47402264.4629,65396754.3241,-0.1595,112799019
2026-07-11 09:19,2026-07-10T23:19:00.000Z,1783725540000,46370082.9012,67355950.6465,-0.1845,113726034
2026-07-11 09:20,2026-07-10T23:20:00.000Z,1783725600000,52518481.8664,58664087.9004,-0.0553,111182570
2026-07-11 09:21,2026-07-10T23:21:00.000Z,1783725660000,56649769.0167,56303797.1378,0.0031,112953566
2026-07-11 09:22,2026-07-10T23:22:00.000Z,1783725720000,56260265.3888,58429821.2487,-0.0189,114690087
2026-07-11 09:23,2026-07-10T23:23:00.000Z,1783725780000,53401886.3167,58780105.0807,-0.0479,112181991
2026-07-11 09:24,2026-07-10T23:24:00.000Z,1783725840000,52114303.7821,59866649.6006,-0.0692,111980953
2026-07-11 09:25,2026-07-10T23:25:00.000Z,1783725900000,47256020.7125,65688145.353,-0.1632,112944166
2026-07-11 09:26,2026-07-10T23:26:00.000Z,1783725960000,47541055.8299,64192937.307,-0.1490,111733993
2026-07-11 09:27,2026-07-10T23:27:00.000Z,1783726020000,47322483.5956,65422118.1074,-0.1605,112744602
2026-07-11 09:28,2026-07-10T23:28:00.000Z,1783726080000,44259259.9352,69464803.6634,-0.2216,113724064
2026-07-11 09:29,2026-07-10T23:29:00.000Z,1783726140000,47308515.7868,67027400.1379,-0.1725,114335916
2026-07-11 09:30,2026-07-10T23:30:00.000Z,1783726200000,52885192.976,56903822.9993,-0.0366,109789016
2026-07-11 09:31,2026-07-10T23:31:00.000Z,1783726260000,52175959.3583,57157434.6946,-0.0456,109333394
2026-07-11 09:32,2026-07-10T23:32:00.000Z,1783726320000,50644165.1187,50284261.9093,0.0036,100928427
2026-07-11 09:33,2026-07-10T23:33:00.000Z,1783726380000,52692337.7689,55083320.1557,-0.0222,107775658
2026-07-11 09:34,2026-07-10T23:34:00.000Z,1783726440000,52881422.8508,55053789.0559,-0.0201,107935212
2026-07-11 09:35,2026-07-10T23:35:00.000Z,1783726500000,47232965.3591,60614589.7376,-0.1241,107847555
2026-07-11 09:36,2026-07-10T23:36:00.000Z,1783726560000,46148450.5597,63572937.4788,-0.1588,109721388
2026-07-11 09:37,2026-07-10T23:37:00.000Z,1783726620000,45333788.4113,60046065.1434,-0.1396,105379854
2026-07-11 09:38,2026-07-10T23:38:00.000Z,1783726680000,42476085.69,55876014.2725,-0.1362,98352100
2026-07-11 09:39,2026-07-10T23:39:00.000Z,1783726740000,46770215.1791,60620238.812,-0.1290,107390454
2026-07-11 09:40,2026-07-10T23:40:00.000Z,1783726800000,46064712.965,63537429.6203,-0.1594,109602143
2026-07-11 09:41,2026-07-10T23:41:00.000Z,1783726860000,47376835.3119,60001038.7989,-0.1176,107377874
2026-07-11 09:42,2026-07-10T23:42:00.000Z,1783726920000,51255632.4583,57998536.2472,-0.0617,109254169
2026-07-11 09:43,2026-07-10T23:43:00.000Z,1783726980000,49885416.8789,50229342.8871,-0.0034,100114760
2026-07-11 09:44,2026-07-10T23:44:00.000Z,1783727040000,53632891.8297,54700097.4083,-0.0099,108332989
2026-07-11 09:45,2026-07-10T23:45:00.000Z,1783727100000,48159701.9438,58398282.4398,-0.0961,106557984
2026-07-11 09:46,2026-07-10T23:46:00.000Z,1783727160000,49305855.7444,55721565.1903,-0.0611,105027421
2026-07-11 09:47,2026-07-10T23:47:00.000Z,1783727220000,47663022.9278,57462671.3159,-0.0932,105125694
2026-07-11 09:48,2026-07-10T23:48:00.000Z,1783727280000,44834751.0341,58861435.5712,-0.1353,103696187
2026-07-11 09:49,2026-07-10T23:49:00.000Z,1783727340000,48591516.6741,58876698.7743,-0.0957,107468215
2026-07-11 09:50,2026-07-10T23:50:00.000Z,1783727400000,51915543.5935,54372845.4924,-0.0231,106288389
2026-07-11 09:51,2026-07-10T23:51:00.000Z,1783727460000,50584649.2477,54682621.2617,-0.0389,105267271
2026-07-11 09:52,2026-07-10T23:52:00.000Z,1783727520000,53456126.9834,54875785.9424,-0.0131,108331913
2026-07-11 09:53,2026-07-10T23:53:00.000Z,1783727580000,48868936.1598,56753111.5251,-0.0746,105622048
2026-07-11 09:54,2026-07-10T23:54:00.000Z,1783727640000,50949515.5643,52571511.1201,-0.0157,103521027
2026-07-11 09:55,2026-07-10T23:55:00.000Z,1783727700000,45138255.8967,57360770.3588,-0.1192,102499026
2026-07-11 09:56,2026-07-10T23:56:00.000Z,1783727760000,47555214.9213,55099917.7428,-0.0735,102655133
2026-07-11 09:57,2026-07-10T23:57:00.000Z,1783727820000,44466785.8507,59375259.6943,-0.1436,103842046
2026-07-11 09:58,2026-07-10T23:58:00.000Z,1783727880000,44546108.611,59857421.0495,-0.1467,104403530
2026-07-11 09:59,2026-07-10T23:59:00.000Z,1783727940000,42459257.7913,60670868.0626,-0.1766,103130126
2026-07-11 10:00,2026-07-11T00:00:00.000Z,1783728000000,39250693.1443,55852774.282,-0.1746,95103467
2026-07-11 10:01,2026-07-11T00:01:00.000Z,1783728060000,44022227.9529,61009756.6668,-0.1617,105031985
2026-07-11 10:02,2026-07-11T00:02:00.000Z,1783728120000,47662904.884,58760663.6815,-0.1043,106423569
2026-07-11 10:03,2026-07-11T00:03:00.000Z,1783728180000,47635636.2875,57825836.431,-0.0966,105461473
2026-07-11 10:04,2026-07-11T00:04:00.000Z,1783728240000,51424829.138,55642363.9372,-0.0394,107067193
2026-07-11 10:05,2026-07-11T00:05:00.000Z,1783728300000,52633013.0014,54633265.5192,-0.0186,107266279
2026-07-11 10:06,2026-07-11T00:06:00.000Z,1783728360000,48527020.1084,60067002.4986,-0.1063,108594023
2026-07-11 10:07,2026-07-11T00:07:00.000Z,1783728420000,46129456.9674,64067667.1012,-0.1628,110197124
2026-07-11 10:08,2026-07-11T00:08:00.000Z,1783728480000,44675453.7289,61423292.7214,-0.1579,106098746
2026-07-11 10:09,2026-07-11T00:09:00.000Z,1783728540000,55722779.4374,55110204.7662,0.0055,110832984
2026-07-11 10:10,2026-07-11T00:10:00.000Z,1783728600000,53232927.8373,58411970.9942,-0.0464,111644899
2026-07-11 10:11,2026-07-11T00:11:00.000Z,1783728660000,54846515.1142,57898552.6367,-0.0271,112745068
2026-07-11 10:12,2026-07-11T00:12:00.000Z,1783728720000,50036637.1871,62199243.9154,-0.1084,112235881
2026-07-11 10:13,2026-07-11T00:13:00.000Z,1783728780000,50323399.2964,63300670.3757,-0.1142,113624070
2026-07-11 10:14,2026-07-11T00:14:00.000Z,1783728840000,56153417.8935,58791102.4131,-0.0229,114944520
2026-07-11 10:15,2026-07-11T00:15:00.000Z,1783728900000,54326458.3775,57462103.6406,-0.0280,111788562
2026-07-11 10:16,2026-07-11T00:16:00.000Z,1783728960000,59179140.0582,50929365.3039,0.0749,110108505
2026-07-11 10:17,2026-07-11T00:17:00.000Z,1783729020000,58674197.4153,51786109.0504,0.0624,110460306
2026-07-11 10:18,2026-07-11T00:18:00.000Z,1783729080000,55396059.8273,59608133.8064,-0.0366,115004194
2026-07-11 10:19,2026-07-11T00:19:00.000Z,1783729140000,62012598.2029,50441948.0612,0.1029,112454546
2026-07-11 10:20,2026-07-11T00:20:00.000Z,1783729200000,54361316.5587,50123739.2196,0.0406,104485056
2026-07-11 10:21,2026-07-11T00:21:00.000Z,1783729260000,54705017.5897,50378704.2028,0.0412,105083722
2026-07-11 10:22,2026-07-11T00:22:00.000Z,1783729320000,54824946.3346,58654552.2817,-0.0337,113479499
2026-07-11 10:23,2026-07-11T00:23:00.000Z,1783729380000,56226646.1835,60993492.7172,-0.0407,117220139
2026-07-11 10:24,2026-07-11T00:24:00.000Z,1783729440000,55631811.3757,63065142.8913,-0.0626,118696954
2026-07-11 10:25,2026-07-11T00:25:00.000Z,1783729500000,54463178.5955,68259284.6852,-0.1124,122722463
2026-07-11 10:26,2026-07-11T00:26:00.000Z,1783729560000,54947977.2413,64216388.3971,-0.0778,119164366
2026-07-11 10:27,2026-07-11T00:27:00.000Z,1783729620000,53927049.2837,66267814.2582,-0.1027,120194864
2026-07-11 10:28,2026-07-11T00:28:00.000Z,1783729680000,52839550.2068,68148671.6676,-0.1265,120988222
2026-07-11 10:29,2026-07-11T00:29:00.000Z,1783729740000,53810825.1762,71178957.3712,-0.1390,124989783
2026-07-11 10:30,2026-07-11T00:30:00.000Z,1783729800000,56224446.1084,63242544.9781,-0.0587,119466991
2026-07-11 10:31,2026-07-11T00:31:00.000Z,1783729860000,50156667.9352,60727794.9036,-0.0953,110884463
2026-07-11 10:32,2026-07-11T00:32:00.000Z,1783729920000,56290754.2859,63218696.8079,-0.0580,119509451
2026-07-11 10:33,2026-07-11T00:33:00.000Z,1783729980000,61015871.5435,57495724.633,0.0297,118511596
2026-07-11 10:34,2026-07-11T00:34:00.000Z,1783730040000,58381340.0608,56774400.283,0.0140,115155740
2026-07-11 10:35,2026-07-11T00:35:00.000Z,1783730100000,58019023.5839,56580855.7111,0.0125,114599879
2026-07-11 10:36,2026-07-11T00:36:00.000Z,1783730160000,63213367.0773,51743734.1216,0.0998,114957101
2026-07-11 10:37,2026-07-11T00:37:00.000Z,1783730220000,59426761.4446,53542382.1347,0.0521,112969144
2026-07-11 10:38,2026-07-11T00:38:00.000Z,1783730280000,63799989.3412,52991432.7881,0.0925,116791422
2026-07-11 10:39,2026-07-11T00:39:00.000Z,1783730340000,63885044.1351,54449736.1893,0.0797,118334780
2026-07-11 10:40,2026-07-11T00:40:00.000Z,1783730400000,56080964.5393,58914216.518,-0.0246,114995181
2026-07-11 10:41,2026-07-11T00:41:00.000Z,1783730460000,54525638.9257,60456969.0736,-0.0516,114982608
2026-07-11 10:42,2026-07-11T00:42:00.000Z,1783730520000,51264655.8543,63352965.3125,-0.1055,114617621
2026-07-11 10:43,2026-07-11T00:43:00.000Z,1783730580000,51614242.7961,67367762.7945,-0.1324,118982006
2026-07-11 10:44,2026-07-11T00:44:00.000Z,1783730640000,48707813.4864,57919866.5056,-0.0864,106627680
2026-07-11 10:45,2026-07-11T00:45:00.000Z,1783730700000,52180432.9852,66172906.8448,-0.1182,118353340
2026-07-11 10:46,2026-07-11T00:46:00.000Z,1783730760000,57553627.6653,57800230.7603,-0.0021,115353858
2026-07-11 10:47,2026-07-11T00:47:00.000Z,1783730820000,58509880.023,57908143.6822,0.0052,116418024
2026-07-11 10:48,2026-07-11T00:48:00.000Z,1783730880000,54782873.0473,55267932.8477,-0.0044,110050806
2026-07-11 10:49,2026-07-11T00:49:00.000Z,1783730940000,55117351.292,58666215.2769,-0.0312,113783567
2026-07-11 10:50,2026-07-11T00:50:00.000Z,1783731000000,60530700.151,56810052.8104,0.0317,117340753
2026-07-11 10:51,2026-07-11T00:51:00.000Z,1783731060000,52089096.5936,54022362.4676,-0.0182,106111459
2026-07-11 10:52,2026-07-11T00:52:00.000Z,1783731120000,51887760.8086,63451668.6319,-0.1003,115339429
2026-07-11 10:53,2026-07-11T00:53:00.000Z,1783731180000,48390364.4677,57544252.6387,-0.0864,105934617
2026-07-11 10:54,2026-07-11T00:54:00.000Z,1783731240000,53899465.856,65957317.6814,-0.1006,119856784
2026-07-11 10:55,2026-07-11T00:55:00.000Z,1783731300000,52941777.9393,67052310.1394,-0.1176,119994088
2026-07-11 10:56,2026-07-11T00:56:00.000Z,1783731360000,56615851.1843,60312932.3958,-0.0316,116928784
2026-07-11 10:57,2026-07-11T00:57:00.000Z,1783731420000,55417227.3259,65227548.3784,-0.0813,120644776
2026-07-11 10:58,2026-07-11T00:58:00.000Z,1783731480000,55108995.5998,65440502.6135,-0.0857,120549498
2026-07-11 10:59,2026-07-11T00:59:00.000Z,1783731540000,54867375.5856,64025419.9857,-0.0770,118892796
2026-07-11 11:00,2026-07-11T01:00:00.000Z,1783731600000,52241323.9962,60768702.2612,-0.0755,113010026
2026-07-11 11:01,2026-07-11T01:01:00.000Z,1783731660000,55582676.5094,57554949.2199,-0.0174,113137626
2026-07-11 11:02,2026-07-11T01:02:00.000Z,1783731720000,56721543.5021,54350982.4265,0.0213,111072526
2026-07-11 11:03,2026-07-11T01:03:00.000Z,1783731780000,57135452.6908,52126350.3818,0.0458,109261803
2026-07-11 11:04,2026-07-11T01:04:00.000Z,1783731840000,56508980.6072,52677479.5375,0.0351,109186460
2026-07-11 11:05,2026-07-11T01:05:00.000Z,1783731900000,51831758.6466,57758084.8811,-0.0541,109589844
2026-07-11 11:06,2026-07-11T01:06:00.000Z,1783731960000,49585908.7649,64746153.5005,-0.1326,114332062
2026-07-11 11:07,2026-07-11T01:07:00.000Z,1783732020000,56634736.7751,59166057.9395,-0.0219,115800795
2026-07-11 11:08,2026-07-11T01:08:00.000Z,1783732080000,58596913.4911,56357964.1608,0.0195,114954878
2026-07-11 11:09,2026-07-11T01:09:00.000Z,1783732140000,51206822.8407,59701658.9291,-0.0766,110908482
2026-07-11 11:10,2026-07-11T01:10:00.000Z,1783732200000,55868068.5466,59934071.5245,-0.0351,115802140
2026-07-11 11:11,2026-07-11T01:11:00.000Z,1783732260000,57988622.1234,57865040.8716,0.0011,115853663
2026-07-11 11:12,2026-07-11T01:12:00.000Z,1783732320000,53896754.1302,64966078.5111,-0.0931,118862833
2026-07-11 11:13,2026-07-11T01:13:00.000Z,1783732380000,52152829.3807,64094426.3514,-0.1027,116247256
2026-07-11 11:14,2026-07-11T01:14:00.000Z,1783732440000,52774029.6663,62777981.9528,-0.0866,115552012
2026-07-11 11:15,2026-07-11T01:15:00.000Z,1783732500000,55830033.3443,61863289.5513,-0.0513,117693323
2026-07-11 11:16,2026-07-11T01:16:00.000Z,1783732560000,51159982.2441,62881383.1671,-0.1028,114041365
2026-07-11 11:17,2026-07-11T01:17:00.000Z,1783732620000,51028873.8922,63484329.6431,-0.1088,114513204
2026-07-11 11:18,2026-07-11T01:18:00.000Z,1783732680000,50878554.8533,61696575.1367,-0.0961,112575130
2026-07-11 11:19,2026-07-11T01:19:00.000Z,1783732740000,47630824.1869,66454241.664,-0.1650,114085066
2026-07-11 11:20,2026-07-11T01:20:00.000Z,1783732800000,46080859.9303,67678081.9644,-0.1899,113758942
2026-07-11 11:21,2026-07-11T01:21:00.000Z,1783732860000,45989962.6753,67361918.4502,-0.1885,113351881
2026-07-11 11:22,2026-07-11T01:22:00.000Z,1783732920000,43627000.6562,65226520.4785,-0.1984,108853521
2026-07-11 11:23,2026-07-11T01:23:00.000Z,1783732980000,46041970.6965,69524305.2975,-0.2032,115566276
2026-07-11 11:24,2026-07-11T01:24:00.000Z,1783733040000,50287597.8577,57975971.8744,-0.0710,108263570
2026-07-11 11:25,2026-07-11T01:25:00.000Z,1783733100000,57285073.4796,53925458.3549,0.0302,111210532
2026-07-11 11:26,2026-07-11T01:26:00.000Z,1783733160000,52657812.3291,57308641.5559,-0.0423,109966454
2026-07-11 11:27,2026-07-11T01:27:00.000Z,1783733220000,48065346.6613,54749104.4625,-0.0650,102814451
2026-07-11 11:28,2026-07-11T01:28:00.000Z,1783733280000,53762742.2175,58177337.8741,-0.0394,111940080
2026-07-11 11:29,2026-07-11T01:29:00.000Z,1783733340000,53151732.8222,58571431.3248,-0.0485,111723164
2026-07-11 11:30,2026-07-11T01:30:00.000Z,1783733400000,56064011.3995,55619273.4414,0.0040,111683285
2026-07-11 11:31,2026-07-11T01:31:00.000Z,1783733460000,54555837.7567,57481074.0773,-0.0261,112036912
2026-07-11 11:32,2026-07-11T01:32:00.000Z,1783733520000,48480598.9165,63753237.0947,-0.1361,112233836
2026-07-11 11:33,2026-07-11T01:33:00.000Z,1783733580000,48782057.8003,64614640.3518,-0.1396,113396698
2026-07-11 11:34,2026-07-11T01:34:00.000Z,1783733640000,53545118.3351,60760137.5539,-0.0631,114305256
2026-07-11 11:35,2026-07-11T01:35:00.000Z,1783733700000,55907028.5116,55365491.4308,0.0049,111272520
2026-07-11 11:36,2026-07-11T01:36:00.000Z,1783733760000,53239407.8427,60198599.4665,-0.0613,113438007
2026-07-11 11:37,2026-07-11T01:37:00.000Z,1783733820000,52335006.5103,60004482.2073,-0.0683,112339489
2026-07-11 11:38,2026-07-11T01:38:00.000Z,1783733880000,56013179.6287,58486338.1186,-0.0216,114499518
2026-07-11 11:39,2026-07-11T01:39:00.000Z,1783733940000,57266317.7508,48497300.6683,0.0829,105763618
2026-07-11 11:40,2026-07-11T01:40:00.000Z,1783734000000,55308915.2641,51841608.1551,0.0324,107150523
2026-07-11 11:41,2026-07-11T01:41:00.000Z,1783734060000,55181532.8774,55496761.2279,-0.0028,110678294
2026-07-11 11:42,2026-07-11T01:42:00.000Z,1783734120000,62674703.3945,51457482.8945,0.0983,114132186
2026-07-11 11:43,2026-07-11T01:43:00.000Z,1783734180000,71738580.9611,54752314.9069,0.1343,126490896
2026-07-11 11:44,2026-07-11T01:44:00.000Z,1783734240000,64812962.6314,59485612.5226,0.0429,124298575
2026-07-11 11:45,2026-07-11T01:45:00.000Z,1783734300000,71949683.8175,57737034.9049,0.1096,129686719
2026-07-11 11:46,2026-07-11T01:46:00.000Z,1783734360000,74312894.2283,57358940.0009,0.1288,131671834
2026-07-11 11:47,2026-07-11T01:47:00.000Z,1783734420000,59919447.7961,64781874.9616,-0.0390,124701323
2026-07-11 11:48,2026-07-11T01:48:00.000Z,1783734480000,60335014.6453,66629473.1413,-0.0496,126964488
2026-07-11 11:49,2026-07-11T01:49:00.000Z,1783734540000,56122819.5418,66474922.6642,-0.0844,122597742
2026-07-11 11:50,2026-07-11T01:50:00.000Z,1783734600000,60267074.1124,60003301.5224,0.0022,120270376
2026-07-11 11:51,2026-07-11T01:51:00.000Z,1783734660000,61700651.888,55155358.3652,0.0560,116856010
2026-07-11 11:52,2026-07-11T01:52:00.000Z,1783734720000,59765516.3929,55053305.5245,0.0410,114818822
2026-07-11 11:53,2026-07-11T01:53:00.000Z,1783734780000,60736349.8362,52188721.63,0.0757,112925071
2026-07-11 11:54,2026-07-11T01:54:00.000Z,1783734840000,55878418.7269,49190669.4301,0.0637,105069088
2026-07-11 11:55,2026-07-11T01:55:00.000Z,1783734900000,52250148.5061,50995980.9888,0.0121,103246129
2026-07-11 11:56,2026-07-11T01:56:00.000Z,1783734960000,53475841.8674,51049441.4696,0.0232,104525283
2026-07-11 11:57,2026-07-11T01:57:00.000Z,1783735020000,57043987.8618,53611283.0205,0.0310,110655271
2026-07-11 11:58,2026-07-11T01:58:00.000Z,1783735080000,63395225.8133,53838466.0038,0.0815,117233692
2026-07-11 11:59,2026-07-11T01:59:00.000Z,1783735140000,66760380.9682,51603826.2108,0.1281,118364207
2026-07-11 12:00,2026-07-11T02:00:00.000Z,1783735200000,63046945.6403,49353959.4151,0.1218,112400905
2026-07-11 12:01,2026-07-11T02:01:00.000Z,1783735260000,65390604.1404,51674621.0959,0.1172,117065225
2026-07-11 12:02,2026-07-11T02:02:00.000Z,1783735320000,64359214.466,56729838.8182,0.0630,121089053
2026-07-11 12:03,2026-07-11T02:03:00.000Z,1783735380000,62758110.8581,60133736.7559,0.0214,122891848
2026-07-11 12:04,2026-07-11T02:04:00.000Z,1783735440000,60069191.7129,64650923.539,-0.0367,124720115
2026-07-11 12:05,2026-07-11T02:05:00.000Z,1783735500000,56491135.4275,66880992.8741,-0.0842,123372128
2026-07-11 12:06,2026-07-11T02:06:00.000Z,1783735560000,56414654.5753,61931488.4322,-0.0466,118346143
2026-07-11 12:07,2026-07-11T02:07:00.000Z,1783735620000,55556843.5938,65172649.1194,-0.0796,120729493
2026-07-11 12:08,2026-07-11T02:08:00.000Z,1783735680000,61159904.2553,58986264.9756,0.0181,120146169
2026-07-11 12:09,2026-07-11T02:09:00.000Z,1783735740000,57411449.2072,62127103.0157,-0.0394,119538552
2026-07-11 12:10,2026-07-11T02:10:00.000Z,1783735800000,55603769.9204,62751496.6397,-0.0604,118355267
2026-07-11 12:11,2026-07-11T02:11:00.000Z,1783735860000,57502482.1296,63952250.4033,-0.0531,121454733
2026-07-11 12:12,2026-07-11T02:12:00.000Z,1783735920000,53866057.8036,65600381.073,-0.0982,119466439
2026-07-11 12:13,2026-07-11T02:13:00.000Z,1783735980000,57734217.4459,60108399.0498,-0.0201,117842616
2026-07-11 12:14,2026-07-11T02:14:00.000Z,1783736040000,60743484.5597,63480125.3608,-0.0220,124223610
2026-07-11 12:15,2026-07-11T02:15:00.000Z,1783736100000,58881338.2691,60163287.0838,-0.0108,119044625
2026-07-11 12:16,2026-07-11T02:16:00.000Z,1783736160000,50877822.2489,62595728.5065,-0.1033,113473551
2026-07-11 12:17,2026-07-11T02:17:00.000Z,1783736220000,50286874.6092,62002994.6972,-0.1043,112289869
2026-07-11 12:18,2026-07-11T02:18:00.000Z,1783736280000,43777064.4639,55430263.8359,-0.1175,99207328
2026-07-11 12:19,2026-07-11T02:19:00.000Z,1783736340000,49519967.7929,59492752.9257,-0.0915,109012721
2026-07-11 12:20,2026-07-11T02:20:00.000Z,1783736400000,45849622.3542,56830738.4606,-0.1069,102680361
2026-07-11 12:21,2026-07-11T02:21:00.000Z,1783736460000,49738916.7777,60557283.1468,-0.0981,110296200
2026-07-11 12:22,2026-07-11T02:22:00.000Z,1783736520000,51076132.9299,58338883.7375,-0.0664,109415017
2026-07-11 12:23,2026-07-11T02:23:00.000Z,1783736580000,49211703.8903,60422820.8396,-0.1023,109634525
2026-07-11 12:24,2026-07-11T02:24:00.000Z,1783736640000,54420153.1518,56500552.9485,-0.0188,110920706
2026-07-11 12:25,2026-07-11T02:25:00.000Z,1783736700000,58416921.6125,55672727.8228,0.0241,114089649
2026-07-11 12:26,2026-07-11T02:26:00.000Z,1783736760000,53471151.0217,57336091.6766,-0.0349,110807243
2026-07-11 12:27,2026-07-11T02:27:00.000Z,1783736820000,53863303.2695,55531517.1942,-0.0152,109394820
2026-07-11 12:28,2026-07-11T02:28:00.000Z,1783736880000,51610523.3164,61393347.4026,-0.0866,113003871
2026-07-11 12:29,2026-07-11T02:29:00.000Z,1783736940000,52283365.5349,59381017.1804,-0.0636,111664383
2026-07-11 12:30,2026-07-11T02:30:00.000Z,1783737000000,51015168.7626,59828693.0824,-0.0795,110843862
2026-07-11 12:31,2026-07-11T02:31:00.000Z,1783737060000,49735856.0578,61989359.8591,-0.1097,111725216
2026-07-11 12:32,2026-07-11T02:32:00.000Z,1783737120000,53875694.6998,58527151.5642,-0.0414,112402846
2026-07-11 12:33,2026-07-11T02:33:00.000Z,1783737180000,50858243.9517,62756418.2083,-0.1047,113614662
2026-07-11 12:34,2026-07-11T02:34:00.000Z,1783737240000,55107016.5674,58987484.9432,-0.0340,114094502
2026-07-11 12:35,2026-07-11T02:35:00.000Z,1783737300000,52948605.1376,62365046.1303,-0.0817,115313651
2026-07-11 12:36,2026-07-11T02:36:00.000Z,1783737360000,52347887.0452,64845298.2466,-0.1066,117193185
2026-07-11 12:37,2026-07-11T02:37:00.000Z,1783737420000,52954185.5817,61949806.4367,-0.0783,114903992
2026-07-11 12:38,2026-07-11T02:38:00.000Z,1783737480000,49098436.2749,64625232.3147,-0.1365,113723669
2026-07-11 12:39,2026-07-11T02:39:00.000Z,1783737540000,49634296.6167,61799280.0931,-0.1092,111433577
2026-07-11 12:40,2026-07-11T02:40:00.000Z,1783737600000,48731840.2736,63846417.9462,-0.1343,112578258
2026-07-11 12:41,2026-07-11T02:41:00.000Z,1783737660000,48116159.6606,67637171.4704,-0.1686,115753331
2026-07-11 12:42,2026-07-11T02:42:00.000Z,1783737720000,46184982.5174,66832267.2302,-0.1827,113017250
2026-07-11 12:43,2026-07-11T02:43:00.000Z,1783737780000,46550071.2081,68632757.1713,-0.1917,115182828
2026-07-11 12:44,2026-07-11T02:44:00.000Z,1783737840000,52268068.7562,65551344.2378,-0.1127,117819413
2026-07-11 12:45,2026-07-11T02:45:00.000Z,1783737900000,50502296.1404,65901633.2081,-0.1323,116403929
2026-07-11 12:46,2026-07-11T02:46:00.000Z,1783737960000,47684659.0776,69357439.0967,-0.1852,117042098
2026-07-11 12:47,2026-07-11T02:47:00.000Z,1783738020000,47347238.6651,66940921.6776,-0.1714,114288160
2026-07-11 12:48,2026-07-11T02:48:00.000Z,1783738080000,49105137.8978,69281990.4704,-0.1704,118387128
2026-07-11 12:49,2026-07-11T02:49:00.000Z,1783738140000,45084020.0085,66116307.2562,-0.1891,111200327
2026-07-11 12:50,2026-07-11T02:50:00.000Z,1783738200000,47955297.7692,68897222.9571,-0.1792,116852521
2026-07-11 12:51,2026-07-11T02:51:00.000Z,1783738260000,50747206.5425,62641943.2086,-0.1049,113389150
2026-07-11 12:52,2026-07-11T02:52:00.000Z,1783738320000,52503210.6032,65034655.0237,-0.1066,117537866
2026-07-11 12:53,2026-07-11T02:53:00.000Z,1783738380000,47388850.2959,68815945.92,-0.1844,116204796
2026-07-11 12:54,2026-07-11T02:54:00.000Z,1783738440000,50916033.535,68508853.9585,-0.1473,119424887
2026-07-11 12:55,2026-07-11T02:55:00.000Z,1783738500000,53694691.2055,65606194.5559,-0.0998,119300886
2026-07-11 12:56,2026-07-11T02:56:00.000Z,1783738560000,48342794.2035,70156076.0777,-0.1841,118498870
2026-07-11 12:57,2026-07-11T02:57:00.000Z,1783738620000,52144896.1968,71734742.6709,-0.1581,123879639
2026-07-11 12:58,2026-07-11T02:58:00.000Z,1783738680000,56357762.0457,72036328.0186,-0.1221,128394090
2026-07-11 12:59,2026-07-11T02:59:00.000Z,1783738740000,62327237.6296,68228786.2835,-0.0452,130556024
2026-07-11 13:00,2026-07-11T03:00:00.000Z,1783738800000,58485561.3343,64717296.1669,-0.0506,123202858
2026-07-11 13:01,2026-07-11T03:01:00.000Z,1783738860000,59385690.9322,66961294.2977,-0.0600,126346985
2026-07-11 13:02,2026-07-11T03:02:00.000Z,1783738920000,66171397.3699,64979933.8723,0.0091,131151331
2026-07-11 13:03,2026-07-11T03:03:00.000Z,1783738980000,65439805.6587,61461463.7156,0.0313,126901269
2026-07-11 13:04,2026-07-11T03:04:00.000Z,1783739040000,62676407.0202,63748348.5279,-0.0085,126424756
2026-07-11 13:05,2026-07-11T03:05:00.000Z,1783739100000,65535257.7408,61249475.9717,0.0338,126784734
2026-07-11 13:06,2026-07-11T03:06:00.000Z,1783739160000,61881187.8429,66290853.9666,-0.0344,128172042
2026-07-11 13:07,2026-07-11T03:07:00.000Z,1783739220000,61618407.2369,65899293.9179,-0.0336,127517701
2026-07-11 13:08,2026-07-11T03:08:00.000Z,1783739280000,59772435.4572,62737659.1746,-0.0242,122510095
2026-07-11 13:09,2026-07-11T03:09:00.000Z,1783739340000,61255119.8271,67771718.3618,-0.0505,129026838
2026-07-11 13:10,2026-07-11T03:10:00.000Z,1783739400000,58763179.4448,70835012.1708,-0.0931,129598192
2026-07-11 13:11,2026-07-11T03:11:00.000Z,1783739460000,56737717.3679,70644115.551,-0.1092,127381833
2026-07-11 13:12,2026-07-11T03:12:00.000Z,1783739520000,56155319.936,71485826.9388,-0.1201,127641147
2026-07-11 13:13,2026-07-11T03:13:00.000Z,1783739580000,59933452.8095,67512987.8525,-0.0595,127446441
2026-07-11 13:14,2026-07-11T03:14:00.000Z,1783739640000,60938535.2505,65964028.1586,-0.0396,126902563
2026-07-11 13:15,2026-07-11T03:15:00.000Z,1783739700000,59629214.4829,66130283.4023,-0.0517,125759498
2026-07-11 13:16,2026-07-11T03:16:00.000Z,1783739760000,56502560.0307,70777434.5986,-0.1122,127279995
2026-07-11 13:17,2026-07-11T03:17:00.000Z,1783739820000,60749792.3752,69470246.9721,-0.0670,130220039
2026-07-11 13:18,2026-07-11T03:18:00.000Z,1783739880000,60636034.7559,68938969.0658,-0.0641,129575004
2026-07-11 13:19,2026-07-11T03:19:00.000Z,1783739940000,54363604.3552,58852492.8451,-0.0396,113216097
2026-07-11 13:20,2026-07-11T03:20:00.000Z,1783740000000,53568422.6987,68653974.5689,-0.1234,122222397
2026-07-11 13:21,2026-07-11T03:21:00.000Z,1783740060000,57632400.6266,62292991.2592,-0.0389,119925392
2026-07-11 13:22,2026-07-11T03:22:00.000Z,1783740120000,55969780.1577,61570588.9346,-0.0477,117540369
2026-07-11 13:23,2026-07-11T03:23:00.000Z,1783740180000,61423829.9628,70716244.2794,-0.0703,132140074
2026-07-11 13:24,2026-07-11T03:24:00.000Z,1783740240000,60176097.0394,67646125.9292,-0.0584,127822223
2026-07-11 13:25,2026-07-11T03:25:00.000Z,1783740300000,63915218.8991,62576181.258,0.0106,126491400
2026-07-11 13:26,2026-07-11T03:26:00.000Z,1783740360000,62273018.8178,68930629.0759,-0.0507,131203648
2026-07-11 13:27,2026-07-11T03:27:00.000Z,1783740420000,66059234.0338,63359462.6609,0.0209,129418697
2026-07-11 13:28,2026-07-11T03:28:00.000Z,1783740480000,67576152.6269,60149990.6802,0.0581,127726143
2026-07-11 13:29,2026-07-11T03:29:00.000Z,1783740540000,66192997.3781,62544412.5192,0.0283,128737410
2026-07-11 13:30,2026-07-11T03:30:00.000Z,1783740600000,65157092.6479,62703592.6893,0.0192,127860685
2026-07-11 13:31,2026-07-11T03:31:00.000Z,1783740660000,64996909.403,61904647.7104,0.0244,126901557
2026-07-11 13:32,2026-07-11T03:32:00.000Z,1783740720000,63060569.9333,64035936.2922,-0.0077,127096506
2026-07-11 13:33,2026-07-11T03:33:00.000Z,1783740780000,63221017.8333,62638516.2815,0.0046,125859534
2026-07-11 13:34,2026-07-11T03:34:00.000Z,1783740840000,64705360.2565,62401388.6541,0.0181,127106749
2026-07-11 13:35,2026-07-11T03:35:00.000Z,1783740900000,63670712.6725,65747515.2566,-0.0160,129418228
2026-07-11 13:36,2026-07-11T03:36:00.000Z,1783740960000,58584963.7637,69207947.0799,-0.0831,127792911
2026-07-11 13:37,2026-07-11T03:37:00.000Z,1783741020000,57562309.3202,71278044.546,-0.1065,128840354
2026-07-11 13:38,2026-07-11T03:38:00.000Z,1783741080000,57384835.6341,69505434.0086,-0.0955,126890270
2026-07-11 13:39,2026-07-11T03:39:00.000Z,1783741140000,59585637.1474,66829283.5273,-0.0573,126414921
2026-07-11 13:40,2026-07-11T03:40:00.000Z,1783741200000,58544605.6704,67969158.2366,-0.0745,126513764
2026-07-11 13:41,2026-07-11T03:41:00.000Z,1783741260000,59674507.7585,66789872.6134,-0.0563,126464380
2026-07-11 13:42,2026-07-11T03:42:00.000Z,1783741320000,61387041.288,61794241.0449,-0.0033,123181282
2026-07-11 13:43,2026-07-11T03:43:00.000Z,1783741380000,62699742.7834,61202682.11,0.0121,123902425
2026-07-11 13:44,2026-07-11T03:44:00.000Z,1783741440000,64165882.7415,61303399.3249,0.0228,125469282
2026-07-11 13:45,2026-07-11T03:45:00.000Z,1783741500000,63285725.2672,60359677.8469,0.0237,123645403
2026-07-11 13:46,2026-07-11T03:46:00.000Z,1783741560000,64852490.0359,60808633.3006,0.0322,125661123
2026-07-11 13:47,2026-07-11T03:47:00.000Z,1783741620000,65285141.638,58295324.1854,0.0566,123580466
2026-07-11 13:48,2026-07-11T03:48:00.000Z,1783741680000,64544411.4914,58595670.4746,0.0483,123140082
2026-07-11 13:49,2026-07-11T03:49:00.000Z,1783741740000,62655943.1086,60943108.3307,0.0139,123599051
2026-07-11 13:50,2026-07-11T03:50:00.000Z,1783741800000,64080795.6356,60448886.3273,0.0292,124529682
2026-07-11 13:51,2026-07-11T03:51:00.000Z,1783741860000,61932323.8065,64473352.2037,-0.0201,126405676
2026-07-11 13:52,2026-07-11T03:52:00.000Z,1783741920000,63424203.8976,62971751.8688,0.0036,126395956
2026-07-11 13:53,2026-07-11T03:53:00.000Z,1783741980000,60737826.6215,68837665.7475,-0.0625,129575492
2026-07-11 13:54,2026-07-11T03:54:00.000Z,1783742040000,64178436.3773,63748005.6101,0.0034,127926442
2026-07-11 13:55,2026-07-11T03:55:00.000Z,1783742100000,62592579.4441,66364027.3577,-0.0292,128956607
2026-07-11 13:56,2026-07-11T03:56:00.000Z,1783742160000,61105664.2148,69503077.324,-0.0643,130608742
2026-07-11 13:57,2026-07-11T03:57:00.000Z,1783742220000,67415837.4847,63400235.67,0.0307,130816073
2026-07-11 13:58,2026-07-11T03:58:00.000Z,1783742280000,66646766.298,62866575.256,0.0292,129513342
2026-07-11 13:59,2026-07-11T03:59:00.000Z,1783742340000,66064902.4311,59464039.3518,0.0526,125528942
2026-07-11 14:00,2026-07-11T04:00:00.000Z,1783742400000,64532929.5394,56171509.4905,0.0693,120704439
2026-07-11 14:01,2026-07-11T04:01:00.000Z,1783742460000,66948415.377,58388678.5863,0.0683,125337094
2026-07-11 14:02,2026-07-11T04:02:00.000Z,1783742520000,63264286.5574,61096180.3829,0.0174,124360467
2026-07-11 14:03,2026-07-11T04:03:00.000Z,1783742580000,66329671.5351,57586965.6762,0.0706,123916637
2026-07-11 14:04,2026-07-11T04:04:00.000Z,1783742640000,64565431.71,59037679.8699,0.0447,123603112
2026-07-11 14:05,2026-07-11T04:05:00.000Z,1783742700000,60833915.6593,60828798.2912,0.0000,121662714
2026-07-11 14:06,2026-07-11T04:06:00.000Z,1783742760000,62129954.9746,61225213.3878,0.0073,123355168
2026-07-11 14:07,2026-07-11T04:07:00.000Z,1783742820000,61591425.3339,60895241.2086,0.0057,122486667
2026-07-11 14:08,2026-07-11T04:08:00.000Z,1783742880000,67404266.8368,55205433.9264,0.0995,122609701
2026-07-11 14:09,2026-07-11T04:09:00.000Z,1783742940000,67103638.7717,57456838.067,0.0774,124560477
2026-07-11 14:10,2026-07-11T04:10:00.000Z,1783743000000,65781461.3573,57485628.7717,0.0673,123267090
2026-07-11 14:11,2026-07-11T04:11:00.000Z,1783743060000,64673190.4608,59960556.6461,0.0378,124633747
2026-07-11 14:12,2026-07-11T04:12:00.000Z,1783743120000,62673414.4508,61550398.7569,0.0090,124223813
2026-07-11 14:13,2026-07-11T04:13:00.000Z,1783743180000,62269405.8672,62607298.7966,-0.0027,124876705
2026-07-11 14:14,2026-07-11T04:14:00.000Z,1783743240000,62094408.9296,62404417.5088,-0.0025,124498826
2026-07-11 14:15,2026-07-11T04:15:00.000Z,1783743300000,61755461.1135,63251608.9166,-0.0120,125007070
2026-07-11 14:16,2026-07-11T04:16:00.000Z,1783743360000,60855011.1997,70963668.2838,-0.0767,131818679
2026-07-11 14:17,2026-07-11T04:17:00.000Z,1783743420000,67955459.8462,59471169.4519,0.0666,127426629
2026-07-11 14:18,2026-07-11T04:18:00.000Z,1783743480000,66197982.3698,60699931.1723,0.0433,126897914
2026-07-11 14:19,2026-07-11T04:19:00.000Z,1783743540000,64663282.488,59577018.9155,0.0409,124240301
2026-07-11 14:20,2026-07-11T04:20:00.000Z,1783743600000,62743173.0073,63638370.8794,-0.0071,126381544
2026-07-11 14:21,2026-07-11T04:21:00.000Z,1783743660000,64778240.8858,62907526.0394,0.0147,127685767
2026-07-11 14:22,2026-07-11T04:22:00.000Z,1783743720000,61977223.3288,63084515.814,-0.0089,125061739
2026-07-11 14:23,2026-07-11T04:23:00.000Z,1783743780000,60271021.8583,65252652.1172,-0.0397,125523674
2026-07-11 14:24,2026-07-11T04:24:00.000Z,1783743840000,61776775.3921,63119727.4157,-0.0108,124896503
2026-07-11 14:25,2026-07-11T04:25:00.000Z,1783743900000,63187337.1727,61743120.2521,0.0116,124930457
2026-07-11 14:26,2026-07-11T04:26:00.000Z,1783743960000,61165441.8645,63884646.9888,-0.0217,125050089
2026-07-11 14:27,2026-07-11T04:27:00.000Z,1783744020000,67598719.3199,58076965.8662,0.0758,125675685
2026-07-11 14:28,2026-07-11T04:28:00.000Z,1783744080000,67251776.6096,58303073.5249,0.0713,125554850
2026-07-11 14:29,2026-07-11T04:29:00.000Z,1783744140000,66160670.0356,60319172.2067,0.0462,126479842
2026-07-11 14:30,2026-07-11T04:30:00.000Z,1783744200000,64446793.5482,60919561.0039,0.0281,125366355
2026-07-11 14:31,2026-07-11T04:31:00.000Z,1783744260000,63548487.9525,60245115.9606,0.0267,123793604
2026-07-11 14:32,2026-07-11T04:32:00.000Z,1783744320000,60892347.3405,72724849.1811,-0.0886,133617197
2026-07-11 14:33,2026-07-11T04:33:00.000Z,1783744380000,63233576.3926,68701024.0674,-0.0414,131934600
2026-07-11 14:34,2026-07-11T04:34:00.000Z,1783744440000,62385447.0702,70888039.71,-0.0638,133273487
2026-07-11 14:35,2026-07-11T04:35:00.000Z,1783744500000,62740371.2695,68687878.2,-0.0453,131428249
2026-07-11 14:36,2026-07-11T04:36:00.000Z,1783744560000,64095910.0834,67035024.5864,-0.0224,131130935
2026-07-11 14:37,2026-07-11T04:37:00.000Z,1783744620000,61872564.9346,68413240.0545,-0.0502,130285805
2026-07-11 14:38,2026-07-11T04:38:00.000Z,1783744680000,55624515.661,66246487.4204,-0.0872,121871003
2026-07-11 14:39,2026-07-11T04:39:00.000Z,1783744740000,58769753.0296,71470060.8621,-0.0975,130239814
2026-07-11 14:40,2026-07-11T04:40:00.000Z,1783744800000,65622136.219,65161138.9865,0.0035,130783275
2026-07-11 14:41,2026-07-11T04:41:00.000Z,1783744860000,67048049.8544,64971841.6213,0.0157,132019891
2026-07-11 14:42,2026-07-11T04:42:00.000Z,1783744920000,69463167.7941,62630359.5068,0.0517,132093527
2026-07-11 14:43,2026-07-11T04:43:00.000Z,1783744980000,67943487.8662,61137238.3519,0.0527,129080726
2026-07-11 14:44,2026-07-11T04:44:00.000Z,1783745040000,68059593.885,61636640.9944,0.0495,129696235
2026-07-11 14:45,2026-07-11T04:45:00.000Z,1783745100000,64370609.7612,54029824.319,0.0873,118400434
2026-07-11 14:46,2026-07-11T04:46:00.000Z,1783745160000,67691870.9269,59028185.6842,0.0684,126720057
2026-07-11 14:47,2026-07-11T04:47:00.000Z,1783745220000,69784537.1315,57218519.3785,0.0989,127003057
2026-07-11 14:48,2026-07-11T04:48:00.000Z,1783745280000,68728831.1696,57303638.0661,0.0907,126032469
2026-07-11 14:49,2026-07-11T04:49:00.000Z,1783745340000,65379161.4789,63984321.5317,0.0108,129363483
2026-07-11 14:50,2026-07-11T04:50:00.000Z,1783745400000,63905362.5229,62927895.3067,0.0077,126833258
2026-07-11 14:51,2026-07-11T04:51:00.000Z,1783745460000,72419199.3923,56266000.6699,0.1255,128685200
2026-07-11 14:52,2026-07-11T04:52:00.000Z,1783745520000,70448225.6406,59942053.4707,0.0806,130390279
2026-07-11 14:53,2026-07-11T04:53:00.000Z,1783745580000,71614131.6767,55876666.9683,0.1234,127490799
2026-07-11 14:54,2026-07-11T04:54:00.000Z,1783745640000,67950289.9056,52793302.4011,0.1255,120743592
2026-07-11 14:55,2026-07-11T04:55:00.000Z,1783745700000,68363743.9947,58209880.4204,0.0802,126573624
2026-07-11 14:56,2026-07-11T04:56:00.000Z,1783745760000,67248118.9694,60781940.5208,0.0505,128030059
2026-07-11 14:57,2026-07-11T04:57:00.000Z,1783745820000,66109477.3868,61314779.9951,0.0376,127424257
2026-07-11 14:58,2026-07-11T04:58:00.000Z,1783745880000,69054610.5989,59796347.0409,0.0719,128850958
2026-07-11 14:59,2026-07-11T04:59:00.000Z,1783745940000,65341696.3934,57747370.7959,0.0617,123089067
2026-07-11 15:00,2026-07-11T05:00:00.000Z,1783746000000,62372853.6486,60144758.44,0.0182,122517612
2026-07-11 15:01,2026-07-11T05:01:00.000Z,1783746060000,70698118.2931,57053838.1166,0.1068,127751956
2026-07-11 15:02,2026-07-11T05:02:00.000Z,1783746120000,68526750.9101,57097475.5591,0.0910,125624226
2026-07-11 15:03,2026-07-11T05:03:00.000Z,1783746180000,71425192.2711,57306205.4624,0.1097,128731398
2026-07-11 15:04,2026-07-11T05:04:00.000Z,1783746240000,74177584.6291,54023196.999,0.1572,128200782
2026-07-11 15:05,2026-07-11T05:05:00.000Z,1783746300000,64309213.8358,58325866.5662,0.0488,122635080
2026-07-11 15:06,2026-07-11T05:06:00.000Z,1783746360000,66060883.8776,64946718.7896,0.0085,131007603
2026-07-11 15:07,2026-07-11T05:07:00.000Z,1783746420000,65693437.1035,63607931.6297,0.0161,129301369
2026-07-11 15:08,2026-07-11T05:08:00.000Z,1783746480000,64553743.0918,59242307.9771,0.0429,123796051
2026-07-11 15:09,2026-07-11T05:09:00.000Z,1783746540000,68450341.2323,63167072.3331,0.0401,131617414
2026-07-11 15:10,2026-07-11T05:10:00.000Z,1783746600000,67853226.1655,63425287.8384,0.0337,131278514
2026-07-11 15:11,2026-07-11T05:11:00.000Z,1783746660000,66249451.9526,66949732.2268,-0.0053,133199184
2026-07-11 15:12,2026-07-11T05:12:00.000Z,1783746720000,65492942.085,66758367.904,-0.0096,132251310
2026-07-11 15:13,2026-07-11T05:13:00.000Z,1783746780000,66094003.1912,68731080.123,-0.0196,134825083
2026-07-11 15:14,2026-07-11T05:14:00.000Z,1783746840000,68239885.127,66609114.0584,0.0121,134848999
2026-07-11 15:15,2026-07-11T05:15:00.000Z,1783746900000,69704877.7957,65546251.4534,0.0307,135251129
2026-07-11 15:16,2026-07-11T05:16:00.000Z,1783746960000,69270269.5031,64685533.4261,0.0342,133955803
2026-07-11 15:17,2026-07-11T05:17:00.000Z,1783747020000,71918135.0418,61381416.896,0.0790,133299552
2026-07-11 15:18,2026-07-11T05:18:00.000Z,1783747080000,67375240.8725,68370576.4272,-0.0073,135745817
2026-07-11 15:19,2026-07-11T05:19:00.000Z,1783747140000,66946038.7473,68226827.8963,-0.0095,135172867
2026-07-11 15:20,2026-07-11T05:20:00.000Z,1783747200000,69198608.3908,65592092.286,0.0268,134790701
2026-07-11 15:21,2026-07-11T05:21:00.000Z,1783747260000,71687879.6484,66497773.1076,0.0376,138185653
2026-07-11 15:22,2026-07-11T05:22:00.000Z,1783747320000,66756571.777,70370290.1675,-0.0264,137126862
2026-07-11 15:23,2026-07-11T05:23:00.000Z,1783747380000,64499127.4157,68317774.4381,-0.0288,132816902
2026-07-11 15:24,2026-07-11T05:24:00.000Z,1783747440000,63625857.835,68954781.8607,-0.0402,132580640
2026-07-11 15:25,2026-07-11T05:25:00.000Z,1783747500000,65578392.5658,68518703.2263,-0.0219,134097096
2026-07-11 15:26,2026-07-11T05:26:00.000Z,1783747560000,66101330.0579,72883002.485,-0.0488,138984333
2026-07-11 15:27,2026-07-11T05:27:00.000Z,1783747620000,65562227.9826,72262980.0108,-0.0486,137825208
2026-07-11 15:28,2026-07-11T05:28:00.000Z,1783747680000,66892923.4332,67913336.2548,-0.0076,134806260
2026-07-11 15:29,2026-07-11T05:29:00.000Z,1783747740000,68488865.9203,63738716.9266,0.0359,132227583
2026-07-11 15:30,2026-07-11T05:30:00.000Z,1783747800000,64850835.4669,68814088.4081,-0.0297,133664924
2026-07-11 15:31,2026-07-11T05:31:00.000Z,1783747860000,70729060.1748,63298553.4899,0.0554,134027614
2026-07-11 15:32,2026-07-11T05:32:00.000Z,1783747920000,63773083.0695,65846788.3983,-0.0160,129619871
2026-07-11 15:33,2026-07-11T05:33:00.000Z,1783747980000,61249058.3241,74364876.7507,-0.0967,135613935
2026-07-11 15:34,2026-07-11T05:34:00.000Z,1783748040000,61897942.5081,69605303.7179,-0.0586,131503246
2026-07-11 15:35,2026-07-11T05:35:00.000Z,1783748100000,62639656.3569,64552912.1204,-0.0150,127192568
2026-07-11 15:36,2026-07-11T05:36:00.000Z,1783748160000,63466366.0629,62447854.035,0.0081,125914220
2026-07-11 15:37,2026-07-11T05:37:00.000Z,1783748220000,62485572.5296,64607429.0965,-0.0167,127093002
2026-07-11 15:38,2026-07-11T05:38:00.000Z,1783748280000,62485572.5296,64607429.0965,-0.0167,127093002
2026-07-11 15:39,2026-07-11T05:39:00.000Z,1783748340000,68505769.7009,65436829.9307,0.0229,133942600
2026-07-11 15:40,2026-07-11T05:40:00.000Z,1783748400000,67936468.3628,63746121.7319,0.0318,131682590
2026-07-11 15:41,2026-07-11T05:41:00.000Z,1783748460000,75052674.6876,59655909.5736,0.1143,134708584
2026-07-11 15:42,2026-07-11T05:42:00.000Z,1783748520000,76124505.8799,61047811.4975,0.1099,137172317
2026-07-11 15:43,2026-07-11T05:43:00.000Z,1783748580000,77393345.6687,59626773.5584,0.1297,137020119
2026-07-11 15:44,2026-07-11T05:44:00.000Z,1783748640000,73629840.3166,62033491.4879,0.0855,135663332
2026-07-11 15:45,2026-07-11T05:45:00.000Z,1783748700000,74505669.2219,60276128.0428,0.1056,134781797
2026-07-11 15:46,2026-07-11T05:46:00.000Z,1783748760000,73824707.6868,59915143.8259,0.1040,133739852
2026-07-11 15:47,2026-07-11T05:47:00.000Z,1783748820000,71882459.7183,63101239.6891,0.0651,134983699
2026-07-11 15:48,2026-07-11T05:48:00.000Z,1783748880000,72754839.6924,61922830.7094,0.0804,134677670
2026-07-11 15:49,2026-07-11T05:49:00.000Z,1783748940000,76444491.5694,58203201.2809,0.1355,134647693
2026-07-11 15:50,2026-07-11T05:50:00.000Z,1783749000000,71550512.1704,60799862.0073,0.0812,132350374
2026-07-11 15:51,2026-07-11T05:51:00.000Z,1783749060000,71678872.3717,62260078.0419,0.0703,133938950
2026-07-11 15:52,2026-07-11T05:52:00.000Z,1783749120000,71425509.9814,63088976.7799,0.0620,134514487
2026-07-11 15:53,2026-07-11T05:53:00.000Z,1783749180000,68561969.272,65541112.7731,0.0225,134103082
2026-07-11 15:54,2026-07-11T05:54:00.000Z,1783749240000,72801762.138,63110475.1185,0.0713,135912237
2026-07-11 15:55,2026-07-11T05:55:00.000Z,1783749300000,71992314.2359,61948155.1699,0.0750,133940469
2026-07-11 15:56,2026-07-11T05:56:00.000Z,1783749360000,70257362.2452,57492078.0259,0.0999,127749440
2026-07-11 15:57,2026-07-11T05:57:00.000Z,1783749420000,70813291.975,65458706.1883,0.0393,136271998
2026-07-11 15:58,2026-07-11T05:58:00.000Z,1783749480000,68137536.6487,69474432.2238,-0.0097,137611969
2026-07-11 15:59,2026-07-11T05:59:00.000Z,1783749540000,66594093.353,68686359.9,-0.0155,135280453
2026-07-11 16:00,2026-07-11T06:00:00.000Z,1783749600000,66984249.8216,63156196.9284,0.0294,130140447
2026-07-11 16:01,2026-07-11T06:01:00.000Z,1783749660000,66984249.8216,63156196.9284,0.0294,130140447
2026-07-11 16:02,2026-07-11T06:02:00.000Z,1783749720000,63471250.7163,68264377.8234,-0.0364,131735629
2026-07-11 16:03,2026-07-11T06:03:00.000Z,1783749780000,67711824.0921,64974364.3339,0.0206,132686188
2026-07-11 16:04,2026-07-11T06:04:00.000Z,1783749840000,66765390.2562,63162243.5844,0.0277,129927634
2026-07-11 16:05,2026-07-11T06:05:00.000Z,1783749900000,68149182.9214,63291095.3788,0.0370,131440278
2026-07-11 16:06,2026-07-11T06:06:00.000Z,1783749960000,67267500.0968,64124941.9149,0.0239,131392442
2026-07-11 16:07,2026-07-11T06:07:00.000Z,1783750020000,65989424.2335,69024082.5302,-0.0225,135013507
2026-07-11 16:08,2026-07-11T06:08:00.000Z,1783750080000,65533950.5828,62869074.3295,0.0208,128403025
2026-07-11 16:09,2026-07-11T06:09:00.000Z,1783750140000,68711370.9478,66650036.6412,0.0152,135361408
2026-07-11 16:10,2026-07-11T06:10:00.000Z,1783750200000,67812518.1131,69791779.7432,-0.0144,137604298
2026-07-11 16:11,2026-07-11T06:11:00.000Z,1783750260000,66054495.7226,61711363.3044,0.0340,127765859
2026-07-11 16:12,2026-07-11T06:12:00.000Z,1783750320000,67975160.046,67038088.9104,0.0069,135013249
2026-07-11 16:13,2026-07-11T06:13:00.000Z,1783750380000,67331840.4466,65687213.4885,0.0124,133019054
2026-07-11 16:14,2026-07-11T06:14:00.000Z,1783750440000,67420518.2779,65458909.7218,0.0148,132879428
2026-07-11 16:15,2026-07-11T06:15:00.000Z,1783750500000,70399967.3584,64251090.5064,0.0457,134651058
2026-07-11 16:16,2026-07-11T06:16:00.000Z,1783750560000,67979989.404,65255480.1727,0.0204,133235470
2026-07-11 16:17,2026-07-11T06:17:00.000Z,1783750620000,67311826.2059,65607237.3902,0.0128,132919064
2026-07-11 16:18,2026-07-11T06:18:00.000Z,1783750680000,70368729.8793,65037752.3778,0.0394,135406482
2026-07-11 16:19,2026-07-11T06:19:00.000Z,1783750740000,64124403.0354,69193714.5323,-0.0380,133318118
2026-07-11 16:20,2026-07-11T06:20:00.000Z,1783750800000,64270866.0259,69851962.8157,-0.0416,134122829
2026-07-11 16:21,2026-07-11T06:21:00.000Z,1783750860000,64713319.5468,70087587.8954,-0.0399,134800907
2026-07-11 16:22,2026-07-11T06:22:00.000Z,1783750920000,65269727.2207,69291565.7576,-0.0299,134561293
2026-07-11 16:23,2026-07-11T06:23:00.000Z,1783750980000,68309335.0791,70469197.9728,-0.0156,138778533
2026-07-11 16:24,2026-07-11T06:24:00.000Z,1783751040000,62541260.1672,81017730.8978,-0.1287,143558991
2026-07-11 16:25,2026-07-11T06:25:00.000Z,1783751100000,68825853.4237,71511068.85,-0.0191,140336922
2026-07-11 16:26,2026-07-11T06:26:00.000Z,1783751160000,68268165.5104,68897716.9982,-0.0046,137165883
2026-07-11 16:27,2026-07-11T06:27:00.000Z,1783751220000,77863097.8081,60187423.2954,0.1280,138050521
2026-07-11 16:28,2026-07-11T06:28:00.000Z,1783751280000,73027125.4808,61270025.5972,0.0875,134297151
2026-07-11 16:29,2026-07-11T06:29:00.000Z,1783751340000,74868352.7564,61969598.9381,0.0943,136837952
2026-07-11 16:30,2026-07-11T06:30:00.000Z,1783751400000,75516756.1143,62646974.581,0.0931,138163731
2026-07-11 16:31,2026-07-11T06:31:00.000Z,1783751460000,66510794.6069,74616566.3852,-0.0574,141127361
2026-07-11 16:32,2026-07-11T06:32:00.000Z,1783751520000,70011813.9016,75320846.8139,-0.0365,145332661
2026-07-11 16:33,2026-07-11T06:33:00.000Z,1783751580000,72190697.8698,74152989.1298,-0.0134,146343687
2026-07-11 16:34,2026-07-11T06:34:00.000Z,1783751640000,64939106.6862,72033447.4602,-0.0518,136972554
2026-07-11 16:35,2026-07-11T06:35:00.000Z,1783751700000,70969564.6441,77470602.1267,-0.0438,148440167
2026-07-11 16:36,2026-07-11T06:36:00.000Z,1783751760000,71217590.6084,76178473.8425,-0.0337,147396064
2026-07-11 16:37,2026-07-11T06:37:00.000Z,1783751820000,73991996.8827,73339552.2802,0.0044,147331549
2026-07-11 16:38,2026-07-11T06:38:00.000Z,1783751880000,74652648.1008,72815830.7008,0.0125,147468479
2026-07-11 16:39,2026-07-11T06:39:00.000Z,1783751940000,71933757.351,71143204.5597,0.0055,143076962
2026-07-11 16:40,2026-07-11T06:40:00.000Z,1783752000000,71204745.9495,69366891.4458,0.0131,140571637
2026-07-11 16:41,2026-07-11T06:41:00.000Z,1783752060000,69030388.7526,71057884.6748,-0.0145,140088273
2026-07-11 16:42,2026-07-11T06:42:00.000Z,1783752120000,71073735.1269,67567070.1829,0.0253,138640805
2026-07-11 16:43,2026-07-11T06:43:00.000Z,1783752180000,72009662.2294,64902655.3921,0.0519,136912318
2026-07-11 16:44,2026-07-11T06:44:00.000Z,1783752240000,70530716.4602,64461824.2142,0.0450,134992541
2026-07-11 16:45,2026-07-11T06:45:00.000Z,1783752300000,72137235.7028,64637741.9518,0.0548,136774978
2026-07-11 16:46,2026-07-11T06:46:00.000Z,1783752360000,70931767.2746,65234857.0399,0.0418,136166624
2026-07-11 16:47,2026-07-11T06:47:00.000Z,1783752420000,64719894.1987,69697534.5808,-0.0370,134417429
2026-07-11 16:48,2026-07-11T06:48:00.000Z,1783752480000,64020141.6104,69356201.1761,-0.0400,133376343
2026-07-11 16:49,2026-07-11T06:49:00.000Z,1783752540000,67135044.0945,67033881.0554,0.0008,134168925
2026-07-11 16:50,2026-07-11T06:50:00.000Z,1783752600000,70110470.9755,65289008.1882,0.0356,135399479
2026-07-11 16:51,2026-07-11T06:51:00.000Z,1783752660000,71578687.9392,60960010.9589,0.0801,132538699
2026-07-11 16:52,2026-07-11T06:52:00.000Z,1783752720000,68893835.4541,58460348.3619,0.0819,127354184
2026-07-11 16:53,2026-07-11T06:53:00.000Z,1783752780000,74305154.3874,62235069.2301,0.0884,136540224
2026-07-11 16:54,2026-07-11T06:54:00.000Z,1783752840000,68854949.7496,59524251.7408,0.0727,128379201
2026-07-11 16:55,2026-07-11T06:55:00.000Z,1783752900000,65076120.4037,68873169.4424,-0.0283,133949290
2026-07-11 16:56,2026-07-11T06:56:00.000Z,1783752960000,69678486.2488,64677333.4284,0.0372,134355820
2026-07-11 16:57,2026-07-11T06:57:00.000Z,1783753020000,69504752.302,65382880.6638,0.0306,134887633
2026-07-11 16:58,2026-07-11T06:58:00.000Z,1783753080000,69259535.0493,66106625.3551,0.0233,135366160
2026-07-11 16:59,2026-07-11T06:59:00.000Z,1783753140000,71244416.209,65761341.0209,0.0400,137005757
2026-07-11 17:00,2026-07-11T07:00:00.000Z,1783753200000,66808992.1195,61724213.2652,0.0396,128533205
2026-07-11 17:01,2026-07-11T07:01:00.000Z,1783753260000,70517016.7802,62296434.2881,0.0619,132813451
2026-07-11 17:02,2026-07-11T07:02:00.000Z,1783753320000,65705468.8016,65968196.7141,-0.0020,131673666
2026-07-11 17:03,2026-07-11T07:03:00.000Z,1783753380000,63961052.8174,67473591.1677,-0.0267,131434644
2026-07-11 17:04,2026-07-11T07:04:00.000Z,1783753440000,66297820.063,63678607.5684,0.0202,129976428
2026-07-11 17:05,2026-07-11T07:05:00.000Z,1783753500000,73616845.037,60905920.089,0.0945,134522765
2026-07-11 17:06,2026-07-11T07:06:00.000Z,1783753560000,76375152.2318,61044836.6836,0.1116,137419989
2026-07-11 17:07,2026-07-11T07:07:00.000Z,1783753620000,73534197.0107,60266357.4672,0.0992,133800554
2026-07-11 17:08,2026-07-11T07:08:00.000Z,1783753680000,76597951.3734,60503196.0293,0.1174,137101147
2026-07-11 17:09,2026-07-11T07:09:00.000Z,1783753740000,73914844.2744,60237249.794,0.1020,134152094
2026-07-11 17:10,2026-07-11T07:10:00.000Z,1783753800000,70279931.1599,61505202.8815,0.0666,131785134
2026-07-11 17:11,2026-07-11T07:11:00.000Z,1783753860000,75229050.3265,62809869.5538,0.0900,138038920
2026-07-11 17:12,2026-07-11T07:12:00.000Z,1783753920000,72840110.377,64519604.5171,0.0606,137359715
2026-07-11 17:13,2026-07-11T07:13:00.000Z,1783753980000,72680546.8051,103129187.0747,-0.1732,175809734
2026-07-11 17:14,2026-07-11T07:14:00.000Z,1783754040000,67667206.2027,83346433.1764,-0.1038,151013639
2026-07-11 17:15,2026-07-11T07:15:00.000Z,1783754100000,69272602.7137,69450355.1898,-0.0013,138722958
2026-07-11 17:16,2026-07-11T07:16:00.000Z,1783754160000,71379412.6465,69224282.7827,0.0153,140603695
2026-07-11 17:17,2026-07-11T07:17:00.000Z,1783754220000,74238236.4005,66577232.7799,0.0544,140815469
2026-07-11 17:18,2026-07-11T07:18:00.000Z,1783754280000,73962703.1121,65950942.2299,0.0573,139913645
2026-07-11 17:19,2026-07-11T07:19:00.000Z,1783754340000,71253083.3811,68992451.2456,0.0161,140245535
2026-07-11 17:20,2026-07-11T07:20:00.000Z,1783754400000,69831536.601,70655871.9557,-0.0059,140487409
2026-07-11 17:21,2026-07-11T07:21:00.000Z,1783754460000,69720038.4059,69683646.0003,0.0003,139403684
2026-07-11 17:22,2026-07-11T07:22:00.000Z,1783754520000,74432794.3118,67165226.7733,0.0513,141598021
2026-07-11 17:23,2026-07-11T07:23:00.000Z,1783754580000,69741001.2112,68510478.968,0.0089,138251480
2026-07-11 17:24,2026-07-11T07:24:00.000Z,1783754640000,69851344.3554,68883225.5156,0.0070,138734570
2026-07-11 17:25,2026-07-11T07:25:00.000Z,1783754700000,66479513.3977,67106283.343,-0.0047,133585797
2026-07-11 17:26,2026-07-11T07:26:00.000Z,1783754760000,63965071.8758,71213027.929,-0.0536,135178100
2026-07-11 17:27,2026-07-11T07:27:00.000Z,1783754820000,62852966.8538,72700257.5617,-0.0726,135553224
2026-07-11 17:28,2026-07-11T07:28:00.000Z,1783754880000,63268500.6371,72578041.1568,-0.0685,135846542
2026-07-11 17:29,2026-07-11T07:29:00.000Z,1783754940000,63118381.8167,75095375.3384,-0.0867,138213757
2026-07-11 17:30,2026-07-11T07:30:00.000Z,1783755000000,67212303.7216,69627771.4551,-0.0177,136840075
2026-07-11 17:31,2026-07-11T07:31:00.000Z,1783755060000,64943715.5454,73623350.9648,-0.0626,138567067
2026-07-11 17:32,2026-07-11T07:32:00.000Z,1783755120000,64803532.5448,73153486.7061,-0.0605,137957019
2026-07-11 17:33,2026-07-11T07:33:00.000Z,1783755180000,65249385.1933,73141297.7171,-0.0570,138390683
2026-07-11 17:34,2026-07-11T07:34:00.000Z,1783755240000,68340074.135,69260323.7055,-0.0067,137600398
2026-07-11 17:35,2026-07-11T07:35:00.000Z,1783755300000,73518654.9398,62763577.4126,0.0789,136282232
2026-07-11 17:36,2026-07-11T07:36:00.000Z,1783755360000,71964727.9161,63635364.7559,0.0614,135600093
2026-07-11 17:37,2026-07-11T07:37:00.000Z,1783755420000,64573375.6058,66384973.3326,-0.0138,130958349
2026-07-11 17:38,2026-07-11T07:38:00.000Z,1783755480000,70865729.9039,65614271.5634,0.0385,136480001
2026-07-11 17:39,2026-07-11T07:39:00.000Z,1783755540000,68356406.4576,68710019.688,-0.0026,137066426
2026-07-11 17:40,2026-07-11T07:40:00.000Z,1783755600000,68005095.0575,69178539.7397,-0.0086,137183635
2026-07-11 17:41,2026-07-11T07:41:00.000Z,1783755660000,67548073.1057,72152431.6692,-0.0330,139700505
2026-07-11 17:42,2026-07-11T07:42:00.000Z,1783755720000,64681304.8604,73504391.9355,-0.0638,138185697
2026-07-11 17:43,2026-07-11T07:43:00.000Z,1783755780000,69300400.0992,65854657.3387,0.0255,135155057
2026-07-11 17:44,2026-07-11T07:44:00.000Z,1783755840000,72177439.5565,63688233.0859,0.0625,135865673
2026-07-11 17:45,2026-07-11T07:45:00.000Z,1783755900000,70133898.8049,63354071.7499,0.0508,133487971
2026-07-11 17:46,2026-07-11T07:46:00.000Z,1783755960000,74057115.6361,63582947.1514,0.0761,137640063
2026-07-11 17:47,2026-07-11T07:47:00.000Z,1783756020000,73715486.2376,64097566.1366,0.0698,137813052
2026-07-11 17:48,2026-07-11T07:48:00.000Z,1783756080000,73056563.1591,59368553.6043,0.1034,132425117
2026-07-11 17:49,2026-07-11T07:49:00.000Z,1783756140000,74482293.7028,64603927.5941,0.0710,139086221
2026-07-11 17:50,2026-07-11T07:50:00.000Z,1783756200000,74112200.4734,63146131.7071,0.0799,137258332
2026-07-11 17:51,2026-07-11T07:51:00.000Z,1783756260000,71535871.4537,61048490.3846,0.0791,132584362
2026-07-11 17:52,2026-07-11T07:52:00.000Z,1783756320000,67174969.7837,62431111.7643,0.0366,129606082
2026-07-11 17:53,2026-07-11T07:53:00.000Z,1783756380000,66457366.6902,63122465.4475,0.0257,129579832
2026-07-11 17:54,2026-07-11T07:54:00.000Z,1783756440000,71069232.0986,66609892.8501,0.0324,137679125
2026-07-11 17:55,2026-07-11T07:55:00.000Z,1783756500000,75627222.7633,60101720.0985,0.1144,135728943
2026-07-11 17:56,2026-07-11T07:56:00.000Z,1783756560000,75697408.7486,59845850.4313,0.1169,135543259
2026-07-11 17:57,2026-07-11T07:57:00.000Z,1783756620000,75226337.5989,59270306.0886,0.1186,134496644
2026-07-11 17:58,2026-07-11T07:58:00.000Z,1783756680000,72031861.4285,61602232.284,0.0780,133634094
2026-07-11 17:59,2026-07-11T07:59:00.000Z,1783756740000,68442336.5402,58470588.3949,0.0786,126912925
2026-07-11 18:00,2026-07-11T08:00:00.000Z,1783756800000,65738704.1363,59409073.8995,0.0506,125147778
2026-07-11 18:01,2026-07-11T08:01:00.000Z,1783756860000,66355294.4701,65692378.1261,0.0050,132047673
2026-07-11 18:02,2026-07-11T08:02:00.000Z,1783756920000,68192749.6561,64836684.7576,0.0252,133029434
2026-07-11 18:03,2026-07-11T08:03:00.000Z,1783756980000,71953710.8788,62582079.3543,0.0697,134535790
2026-07-11 18:04,2026-07-11T08:04:00.000Z,1783757040000,66697364.6453,59303883.7783,0.0587,126001248
2026-07-11 18:05,2026-07-11T08:05:00.000Z,1783757100000,73339555.4165,59712145.4048,0.1024,133051701
2026-07-11 18:06,2026-07-11T08:06:00.000Z,1783757160000,68479410.6157,63872625.0765,0.0348,132352036
2026-07-11 18:07,2026-07-11T08:07:00.000Z,1783757220000,72497618.1318,58877602.9479,0.1037,131375221
2026-07-11 18:08,2026-07-11T08:08:00.000Z,1783757280000,73008353.9914,59559727.4429,0.1014,132568081
2026-07-11 18:09,2026-07-11T08:09:00.000Z,1783757340000,68952003.9902,63568611.9189,0.0406,132520616
2026-07-11 18:10,2026-07-11T08:10:00.000Z,1783757400000,69374485.5134,64001535.6026,0.0403,133376021
2026-07-11 18:11,2026-07-11T08:11:00.000Z,1783757460000,63592616.8277,70684189.3373,-0.0528,134276806
2026-07-11 18:12,2026-07-11T08:12:00.000Z,1783757520000,66382907.8613,74402106.3372,-0.0570,140785014
2026-07-11 18:13,2026-07-11T08:13:00.000Z,1783757580000,66915575.3963,72253075.3417,-0.0384,139168651
2026-07-11 18:14,2026-07-11T08:14:00.000Z,1783757640000,65926015.462,73324951.3325,-0.0531,139250967
2026-07-11 18:15,2026-07-11T08:15:00.000Z,1783757700000,65569526.7103,70859833.6686,-0.0388,136429360
2026-07-11 18:16,2026-07-11T08:16:00.000Z,1783757760000,64632502.0252,69936681.0887,-0.0394,134569183
2026-07-11 18:17,2026-07-11T08:17:00.000Z,1783757820000,69318661.9995,70195960.9293,-0.0063,139514623
2026-07-11 18:18,2026-07-11T08:18:00.000Z,1783757880000,66085162.3986,67655720.7232,-0.0117,133740883
2026-07-11 18:19,2026-07-11T08:19:00.000Z,1783757940000,65658999.7027,67315954.8233,-0.0125,132974955
2026-07-11 18:20,2026-07-11T08:20:00.000Z,1783758000000,66912043.7595,71230669.1469,-0.0313,138142713
2026-07-11 18:21,2026-07-11T08:21:00.000Z,1783758060000,65279326.7256,72033359.7784,-0.0492,137312687
2026-07-11 18:22,2026-07-11T08:22:00.000Z,1783758120000,69049601.4962,70095690.0165,-0.0075,139145292
2026-07-11 18:23,2026-07-11T08:23:00.000Z,1783758180000,67883525.0856,70758745.1814,-0.0207,138642270
2026-07-11 18:24,2026-07-11T08:24:00.000Z,1783758240000,66788507.6625,72060437.5608,-0.0380,138848945
2026-07-11 18:25,2026-07-11T08:25:00.000Z,1783758300000,65329638.8169,73080299.5845,-0.0560,138409938
2026-07-11 18:26,2026-07-11T08:26:00.000Z,1783758360000,64385545.5801,72701842.106,-0.0607,137087388
2026-07-11 18:27,2026-07-11T08:27:00.000Z,1783758420000,64127863.0396,68177764.4769,-0.0306,132305628
2026-07-11 18:28,2026-07-11T08:28:00.000Z,1783758480000,68514097.6437,70010082.7997,-0.0108,138524180
2026-07-11 18:29,2026-07-11T08:29:00.000Z,1783758540000,60499444.211,70463622.0769,-0.0761,130963066
2026-07-11 18:30,2026-07-11T08:30:00.000Z,1783758600000,65367652.3565,67065091.55,-0.0128,132432744
2026-07-11 18:31,2026-07-11T08:31:00.000Z,1783758660000,66130837.1923,69349096.3385,-0.0238,135479934
2026-07-11 18:32,2026-07-11T08:32:00.000Z,1783758720000,69519863.5195,68026749.8867,0.0109,137546613
2026-07-11 18:33,2026-07-11T08:33:00.000Z,1783758780000,66172702.6691,66952122.6936,-0.0059,133124825
2026-07-11 18:34,2026-07-11T08:34:00.000Z,1783758840000,66846669.486,70303991.602,-0.0252,137150661
2026-07-11 18:35,2026-07-11T08:35:00.000Z,1783758900000,66507541.26,69711202.1477,-0.0235,136218743
2026-07-11 18:36,2026-07-11T08:36:00.000Z,1783758960000,63664526.4788,71209717.9442,-0.0559,134874244
2026-07-11 18:37,2026-07-11T08:37:00.000Z,1783759020000,63792885.0379,72389857.8329,-0.0631,136182743
2026-07-11 18:38,2026-07-11T08:38:00.000Z,1783759080000,61143401.578,69073135.7717,-0.0609,130216537
2026-07-11 18:39,2026-07-11T08:39:00.000Z,1783759140000,67002834.2672,71005458.3016,-0.0290,138008293
2026-07-11 18:40,2026-07-11T08:40:00.000Z,1783759200000,63610253.8063,72858124.8739,-0.0678,136468379
2026-07-11 18:41,2026-07-11T08:41:00.000Z,1783759260000,61160392.5042,75411365.3996,-0.1043,136571758
2026-07-11 18:42,2026-07-11T08:42:00.000Z,1783759320000,62938753.7843,74493304.038,-0.0841,137432058
2026-07-11 18:43,2026-07-11T08:43:00.000Z,1783759380000,69264203.4498,63863365.1858,0.0406,133127569
2026-07-11 18:44,2026-07-11T08:44:00.000Z,1783759440000,64206505.8324,72789065.4616,-0.0626,136995571
2026-07-11 18:45,2026-07-11T08:45:00.000Z,1783759500000,67235028.9305,64803828.9045,0.0184,132038858
2026-07-11 18:46,2026-07-11T08:46:00.000Z,1783759560000,66511328.6669,67209256.8096,-0.0052,133720585
2026-07-11 18:47,2026-07-11T08:47:00.000Z,1783759620000,70837553.4984,66804145.4056,0.0293,137641699
2026-07-11 18:48,2026-07-11T08:48:00.000Z,1783759680000,66249569.737,62329189.9174,0.0305,128578760
2026-07-11 18:49,2026-07-11T08:49:00.000Z,1783759740000,71003451.5856,64994336.77,0.0442,135997788
2026-07-11 18:50,2026-07-11T08:50:00.000Z,1783759800000,71854896.5492,62875376.3499,0.0666,134730273
2026-07-11 18:51,2026-07-11T08:51:00.000Z,1783759860000,68534272.8931,60997909.459,0.0582,129532182
2026-07-11 18:52,2026-07-11T08:52:00.000Z,1783759920000,68204032.4213,61053418.2308,0.0553,129257451
2026-07-11 18:53,2026-07-11T08:53:00.000Z,1783759980000,72655034.6247,59731363.3134,0.0976,132386398
2026-07-11 18:54,2026-07-11T08:54:00.000Z,1783760040000,71713300.4104,61849262.4235,0.0739,133562563
2026-07-11 18:55,2026-07-11T08:55:00.000Z,1783760100000,67085436.3556,67317667.8811,-0.0017,134403104
2026-07-11 18:56,2026-07-11T08:56:00.000Z,1783760160000,67986439.6373,66727619.4206,0.0093,134714059
2026-07-11 18:57,2026-07-11T08:57:00.000Z,1783760220000,63448696.7775,65359368.0216,-0.0148,128808065
2026-07-11 18:58,2026-07-11T08:58:00.000Z,1783760280000,63636193.0797,63727506.1317,-0.0007,127363699
2026-07-11 18:59,2026-07-11T08:59:00.000Z,1783760340000,66839395.6801,66573230.5051,0.0020,133412626
2026-07-11 19:00,2026-07-11T09:00:00.000Z,1783760400000,63457554.2266,64024317.2562,-0.0044,127481871
2026-07-11 19:01,2026-07-11T09:01:00.000Z,1783760460000,67240313.8703,65298098.7952,0.0147,132538413
2026-07-11 19:02,2026-07-11T09:02:00.000Z,1783760520000,66336005.3444,66619640.1368,-0.0021,132955645
2026-07-11 19:03,2026-07-11T09:03:00.000Z,1783760580000,65826026.1201,67984036.5493,-0.0161,133810063
2026-07-11 19:04,2026-07-11T09:04:00.000Z,1783760640000,66928102.9457,67787602.3306,-0.0064,134715705
2026-07-11 19:05,2026-07-11T09:05:00.000Z,1783760700000,66972325.6995,66276475.0454,0.0052,133248801
2026-07-11 19:06,2026-07-11T09:06:00.000Z,1783760760000,68610038.1254,64894900.543,0.0278,133504939
2026-07-11 19:07,2026-07-11T09:07:00.000Z,1783760820000,69394108.7075,63674943.9352,0.0430,133069053
2026-07-11 19:08,2026-07-11T09:08:00.000Z,1783760880000,72544611.8146,61493680.0891,0.0824,134038292
2026-07-11 19:09,2026-07-11T09:09:00.000Z,1783760940000,71252583.5367,60649822.0905,0.0804,131902406
2026-07-11 19:10,2026-07-11T09:10:00.000Z,1783761000000,72119406.5908,63549553.5157,0.0632,135668960
2026-07-11 19:11,2026-07-11T09:11:00.000Z,1783761060000,67351114.5912,64211525.0634,0.0239,131562640
2026-07-11 19:12,2026-07-11T09:12:00.000Z,1783761120000,73694857.7908,56856973.5745,0.1290,130551831
2026-07-11 19:13,2026-07-11T09:13:00.000Z,1783761180000,71925706.8291,57439937.0743,0.1120,129365644
2026-07-11 19:14,2026-07-11T09:14:00.000Z,1783761240000,76677903.3012,56526842.7237,0.1513,133204746
2026-07-11 19:15,2026-07-11T09:15:00.000Z,1783761300000,75448199.697,51638401.4256,0.1874,127086601
2026-07-11 19:16,2026-07-11T09:16:00.000Z,1783761360000,69499646.7478,60715254.2374,0.0675,130214901
2026-07-11 19:17,2026-07-11T09:17:00.000Z,1783761420000,68644772.6849,60778152.3709,0.0608,129422925
2026-07-11 19:18,2026-07-11T09:18:00.000Z,1783761480000,65277363.4646,57208720.8196,0.0659,122486084
2026-07-11 19:19,2026-07-11T09:19:00.000Z,1783761540000,68492420.7532,60886005.6544,0.0588,129378426
2026-07-11 19:20,2026-07-11T09:20:00.000Z,1783761600000,76547173.9577,56483558.6238,0.1508,133030733
2026-07-11 19:21,2026-07-11T09:21:00.000Z,1783761660000,76507775.8647,56507881.109,0.1504,133015657
2026-07-11 19:22,2026-07-11T09:22:00.000Z,1783761720000,77279559.7531,58038111.5904,0.1422,135317671
2026-07-11 19:23,2026-07-11T09:23:00.000Z,1783761780000,76146079.825,57562197.2709,0.1390,133708277
2026-07-11 19:24,2026-07-11T09:24:00.000Z,1783761840000,74566929.3198,55640259.6175,0.1454,130207189
2026-07-11 19:25,2026-07-11T09:25:00.000Z,1783761900000,69317792.999,57238331.9817,0.0954,126556125
2026-07-11 19:26,2026-07-11T09:26:00.000Z,1783761960000,68694669.8858,57888671.6408,0.0854,126583342
2026-07-11 19:27,2026-07-11T09:27:00.000Z,1783762020000,69462318.9663,52266803.0102,0.1413,121729122
2026-07-11 19:28,2026-07-11T09:28:00.000Z,1783762080000,68504866.1466,54639294.7542,0.1126,123144161
2026-07-11 19:29,2026-07-11T09:29:00.000Z,1783762140000,66670402.0824,56150735.0799,0.0857,122821137
2026-07-11 19:30,2026-07-11T09:30:00.000Z,1783762200000,59819696.2962,52983879.6336,0.0606,112803576
2026-07-11 19:31,2026-07-11T09:31:00.000Z,1783762260000,67473397.1659,57440198.9325,0.0803,124913596
2026-07-11 19:32,2026-07-11T09:32:00.000Z,1783762320000,66183769.3143,58329912.831,0.0631,124513682
2026-07-11 19:33,2026-07-11T09:33:00.000Z,1783762380000,77401288.5723,54927053.0054,0.1698,132328342
2026-07-11 19:34,2026-07-11T09:34:00.000Z,1783762440000,76116884.685,53594292.4635,0.1736,129711177
2026-07-11 19:35,2026-07-11T09:35:00.000Z,1783762500000,74230990.3203,55744501.175,0.1422,129975491
2026-07-11 19:36,2026-07-11T09:36:00.000Z,1783762560000,72831992.6352,55995407.8376,0.1307,128827400
2026-07-11 19:37,2026-07-11T09:37:00.000Z,1783762620000,71058655.1322,58314693.5887,0.0985,129373349
2026-07-11 19:38,2026-07-11T09:38:00.000Z,1783762680000,65629317.8958,63966490.2322,0.0128,129595808
2026-07-11 19:39,2026-07-11T09:39:00.000Z,1783762740000,65615993.4115,63352944.4628,0.0175,128968938
2026-07-11 19:40,2026-07-11T09:40:00.000Z,1783762800000,63912200.9112,59961137.6477,0.0319,123873339
2026-07-11 19:41,2026-07-11T09:41:00.000Z,1783762860000,61748595.0957,53629343.5029,0.0704,115377939
2026-07-11 19:42,2026-07-11T09:42:00.000Z,1783762920000,64423813.2423,53555443.1493,0.0921,117979256
2026-07-11 19:43,2026-07-11T09:43:00.000Z,1783762980000,65305042.9699,54914386.9608,0.0864,120219430
2026-07-11 19:44,2026-07-11T09:44:00.000Z,1783763040000,67532868.0417,55465296.1424,0.0981,122998164
2026-07-11 19:45,2026-07-11T09:45:00.000Z,1783763100000,68832738.4682,53432908.5036,0.1260,122265647
2026-07-11 19:46,2026-07-11T09:46:00.000Z,1783763160000,72303744.5558,53055783.9304,0.1535,125359528
2026-07-11 19:47,2026-07-11T09:47:00.000Z,1783763220000,73804205.3256,54036365.594,0.1546,127840571
2026-07-11 19:48,2026-07-11T09:48:00.000Z,1783763280000,69846282.1323,54856704.3193,0.1202,124702986
2026-07-11 19:49,2026-07-11T09:49:00.000Z,1783763340000,70181516.0579,57536526.3036,0.0990,127718042
2026-07-11 19:50,2026-07-11T09:50:00.000Z,1783763400000,73878663.5494,60442986.3762,0.1000,134321650
2026-07-11 19:51,2026-07-11T09:51:00.000Z,1783763460000,68261666.5295,62892397.2462,0.0409,131154064
2026-07-11 19:52,2026-07-11T09:52:00.000Z,1783763520000,73975904.5086,59859637.6847,0.1055,133835542
2026-07-11 19:53,2026-07-11T09:53:00.000Z,1783763580000,75877144.9674,56015194.9751,0.1506,131892340
2026-07-11 19:54,2026-07-11T09:54:00.000Z,1783763640000,72398994.2864,60581756.1893,0.0889,132980750
2026-07-11 19:55,2026-07-11T09:55:00.000Z,1783763700000,70980161.3458,53716532.6837,0.1384,124696694
2026-07-11 19:56,2026-07-11T09:56:00.000Z,1783763760000,73591843.4322,58553660.159,0.1138,132145504
2026-07-11 19:57,2026-07-11T09:57:00.000Z,1783763820000,73660261.472,58347757.4237,0.1160,132008019
2026-07-11 19:58,2026-07-11T09:58:00.000Z,1783763880000,77085566.1651,59494829.17,0.1288,136580395
2026-07-11 19:59,2026-07-11T09:59:00.000Z,1783763940000,71984042.9288,59809359.0388,0.0924,131793402
2026-07-11 20:00,2026-07-11T10:00:00.000Z,1783764000000,73576946.9085,55290382.9009,0.1419,128867330
2026-07-11 20:01,2026-07-11T10:01:00.000Z,1783764060000,69227497.2503,60356002.043,0.0685,129583499
2026-07-11 20:02,2026-07-11T10:02:00.000Z,1783764120000,71070740.4026,59362730.0825,0.0898,130433470
2026-07-11 20:03,2026-07-11T10:03:00.000Z,1783764180000,69732010.0751,60263024.3681,0.0728,129995034
2026-07-11 20:04,2026-07-11T10:04:00.000Z,1783764240000,69241524.1215,64126716.8187,0.0384,133368241
2026-07-11 20:05,2026-07-11T10:05:00.000Z,1783764300000,66467532.1768,59410366.3229,0.0561,125877898
2026-07-11 20:06,2026-07-11T10:06:00.000Z,1783764360000,70816904.5654,64928025.6597,0.0434,135744930
2026-07-11 20:07,2026-07-11T10:07:00.000Z,1783764420000,73348611.6043,63115350.7925,0.0750,136463962
2026-07-11 20:08,2026-07-11T10:08:00.000Z,1783764480000,74924651.6773,61353840.6844,0.0996,136278492
2026-07-11 20:09,2026-07-11T10:09:00.000Z,1783764540000,74095159.7756,61431737.4,0.0934,135526897
2026-07-11 20:10,2026-07-11T10:10:00.000Z,1783764600000,71137605.9512,63464773.7602,0.0570,134602380
2026-07-11 20:11,2026-07-11T10:11:00.000Z,1783764660000,68906780.4096,59544507.8816,0.0729,128451288
2026-07-11 20:12,2026-07-11T10:12:00.000Z,1783764720000,69132702.1276,64024522.1712,0.0384,133157224
2026-07-11 20:13,2026-07-11T10:13:00.000Z,1783764780000,67729756.2888,65994988.2856,0.0130,133724745
2026-07-11 20:14,2026-07-11T10:14:00.000Z,1783764840000,66760014.5246,63962241.1382,0.0214,130722256
2026-07-11 20:15,2026-07-11T10:15:00.000Z,1783764900000,67065907.0886,67232314.0544,-0.0012,134298221
2026-07-11 20:16,2026-07-11T10:16:00.000Z,1783764960000,71262904.0586,56773668.5127,0.1132,128036573
2026-07-11 20:17,2026-07-11T10:17:00.000Z,1783765020000,70300820.7469,55156704.3464,0.1207,125457525
2026-07-11 20:18,2026-07-11T10:18:00.000Z,1783765080000,71262770.9485,58719768.9549,0.0965,129982540
2026-07-11 20:19,2026-07-11T10:19:00.000Z,1783765140000,69965445.88,59908121.1362,0.0774,129873567
2026-07-11 20:20,2026-07-11T10:20:00.000Z,1783765200000,72169249.0885,58402531.3266,0.1054,130571780
2026-07-11 20:21,2026-07-11T10:21:00.000Z,1783765260000,65528279.0044,59274644.3375,0.0501,124802923
2026-07-11 20:22,2026-07-11T10:22:00.000Z,1783765320000,68670973.6456,64363335.2456,0.0324,133034309
2026-07-11 20:23,2026-07-11T10:23:00.000Z,1783765380000,67194882.5233,64115862.6139,0.0234,131310745
2026-07-11 20:24,2026-07-11T10:24:00.000Z,1783765440000,68148130.9601,64569797.0472,0.0270,132717928
2026-07-11 20:25,2026-07-11T10:25:00.000Z,1783765500000,62816235.7935,63536980.9052,-0.0057,126353217
2026-07-11 20:26,2026-07-11T10:26:00.000Z,1783765560000,66385656.9979,64727860.7174,0.0126,131113518
2026-07-11 20:27,2026-07-11T10:27:00.000Z,1783765620000,67364281.7188,60309112.3384,0.0553,127673394
2026-07-11 20:28,2026-07-11T10:28:00.000Z,1783765680000,76682546.94,68707160.9795,0.0549,145389708
2026-07-11 20:29,2026-07-11T10:29:00.000Z,1783765740000,76633685.314,69675017.4737,0.0476,146308703
2026-07-11 20:30,2026-07-11T10:30:00.000Z,1783765800000,75160857.4132,69411446.0617,0.0398,144572303
2026-07-11 20:31,2026-07-11T10:31:00.000Z,1783765860000,76107233.9196,65299790.4777,0.0764,141407024
2026-07-11 20:32,2026-07-11T10:32:00.000Z,1783765920000,79901812.8204,67033762.5811,0.0876,146935575
2026-07-11 20:33,2026-07-11T10:33:00.000Z,1783765980000,75169898.009,64689472.3721,0.0749,139859370
2026-07-11 20:34,2026-07-11T10:34:00.000Z,1783766040000,75053556.7646,69636826.9616,0.0374,144690384
2026-07-11 20:35,2026-07-11T10:35:00.000Z,1783766100000,71419763.7787,69615975.0392,0.0128,141035739
2026-07-11 20:36,2026-07-11T10:36:00.000Z,1783766160000,75687244.2666,68537027.7846,0.0496,144224272
2026-07-11 20:37,2026-07-11T10:37:00.000Z,1783766220000,71445522.6112,69913432.603,0.0108,141358955
2026-07-11 20:38,2026-07-11T10:38:00.000Z,1783766280000,71519480.3722,67422924.9164,0.0295,138942405
2026-07-11 20:39,2026-07-11T10:39:00.000Z,1783766340000,71932091.9026,60332777.6037,0.0877,132264870
2026-07-11 20:40,2026-07-11T10:40:00.000Z,1783766400000,67783595.0145,61248030.6843,0.0507,129031626
2026-07-11 20:41,2026-07-11T10:41:00.000Z,1783766460000,66706845.6303,60992188.144,0.0448,127699034
2026-07-11 20:42,2026-07-11T10:42:00.000Z,1783766520000,65905989.5936,63157618.3963,0.0213,129063608
2026-07-11 20:43,2026-07-11T10:43:00.000Z,1783766580000,76502872.8241,69133074.373,0.0506,145635947
2026-07-11 20:44,2026-07-11T10:44:00.000Z,1783766640000,75394815.9316,68769992.2652,0.0460,144164808
2026-07-11 20:45,2026-07-11T10:45:00.000Z,1783766700000,79305882.2491,66763016.1689,0.0859,146068898
2026-07-11 20:46,2026-07-11T10:46:00.000Z,1783766760000,79864785.5506,67318262.2393,0.0852,147183048
2026-07-11 20:47,2026-07-11T10:47:00.000Z,1783766820000,77705325.6524,70905179.714,0.0458,148610505
2026-07-11 20:48,2026-07-11T10:48:00.000Z,1783766880000,78859170.4029,70728928.2548,0.0544,149588099
2026-07-11 20:49,2026-07-11T10:49:00.000Z,1783766940000,79106798.5629,70582959.3377,0.0569,149689758
2026-07-11 20:50,2026-07-11T10:50:00.000Z,1783767000000,82090296.9223,66897846.7616,0.1020,148988144
2026-07-11 20:51,2026-07-11T10:51:00.000Z,1783767060000,76256913.4719,65123203.8908,0.0788,141380117
2026-07-11 20:52,2026-07-11T10:52:00.000Z,1783767120000,71864764.586,64614677.0472,0.0531,136479442
2026-07-11 20:53,2026-07-11T10:53:00.000Z,1783767180000,76271734.1602,62859560.9378,0.0964,139131295
2026-07-11 20:54,2026-07-11T10:54:00.000Z,1783767240000,79670153.2736,64501235.8733,0.1052,144171389
2026-07-11 20:55,2026-07-11T10:55:00.000Z,1783767300000,81287335.3843,65577571.1865,0.1070,146864907
2026-07-11 20:56,2026-07-11T10:56:00.000Z,1783767360000,77880925.6046,62537667.7041,0.1093,140418593
2026-07-11 20:57,2026-07-11T10:57:00.000Z,1783767420000,79151233.9608,67162400.3111,0.0819,146313634
2026-07-11 20:58,2026-07-11T10:58:00.000Z,1783767480000,80159205.5589,67940406.481,0.0825,148099612
2026-07-11 20:59,2026-07-11T10:59:00.000Z,1783767540000,79585881.7149,63497658.5617,0.1124,143083540
2026-07-11 21:00,2026-07-11T11:00:00.000Z,1783767600000,79847871.978,62622367.7321,0.1209,142470240
2026-07-11 21:01,2026-07-11T11:01:00.000Z,1783767660000,78319399.1863,67130378.7396,0.0769,145449778
2026-07-11 21:02,2026-07-11T11:02:00.000Z,1783767720000,77478238.0532,64018768.6614,0.0951,141497007
2026-07-11 21:03,2026-07-11T11:03:00.000Z,1783767780000,75448643.8154,64673402.2777,0.0769,140122046
2026-07-11 21:04,2026-07-11T11:04:00.000Z,1783767840000,71576909.7997,67422898.7589,0.0299,138999809
2026-07-11 21:05,2026-07-11T11:05:00.000Z,1783767900000,69883890.4308,64647785.3186,0.0389,134531676
2026-07-11 21:06,2026-07-11T11:06:00.000Z,1783767960000,68240899.1975,67247111.624,0.0073,135488011
2026-07-11 21:07,2026-07-11T11:07:00.000Z,1783768020000,64098081.8592,70921393.4116,-0.0505,135019475
2026-07-11 21:08,2026-07-11T11:08:00.000Z,1783768080000,58757191.1616,66053981.9422,-0.0585,124811173
2026-07-11 21:09,2026-07-11T11:09:00.000Z,1783768140000,70007539.3848,68968589.0152,0.0075,138976128
2026-07-11 21:10,2026-07-11T11:10:00.000Z,1783768200000,64293225.8141,56919792.4764,0.0608,121213018
2026-07-11 21:11,2026-07-11T11:11:00.000Z,1783768260000,67233581.0566,58871133.4897,0.0663,126104715
2026-07-11 21:12,2026-07-11T11:12:00.000Z,1783768320000,69093859.0804,58037523.567,0.0870,127131383
2026-07-11 21:13,2026-07-11T11:13:00.000Z,1783768380000,65823643.5166,59626596.0202,0.0494,125450240
2026-07-11 21:14,2026-07-11T11:14:00.000Z,1783768440000,70214556.6483,57409187.2638,0.1003,127623744
2026-07-11 21:15,2026-07-11T11:15:00.000Z,1783768500000,62100088.1362,62546151.0271,-0.0036,124646239
2026-07-11 21:16,2026-07-11T11:16:00.000Z,1783768560000,66703545.0735,54311553.9851,0.1024,121015099
2026-07-11 21:17,2026-07-11T11:17:00.000Z,1783768620000,69276421.4282,55510849.9448,0.1103,124787271
2026-07-11 21:18,2026-07-11T11:18:00.000Z,1783768680000,70948354.3717,54787117.0546,0.1285,125735471
2026-07-11 21:19,2026-07-11T11:19:00.000Z,1783768740000,68144908.0807,57040733.9195,0.0887,125185642
2026-07-11 21:20,2026-07-11T11:20:00.000Z,1783768800000,67061369.3217,58620047.2876,0.0672,125681417
2026-07-11 21:21,2026-07-11T11:21:00.000Z,1783768860000,68192129.3445,61542803.3326,0.0513,129734933
2026-07-11 21:22,2026-07-11T11:22:00.000Z,1783768920000,68848124.2638,61067640.9161,0.0599,129915765
2026-07-11 21:23,2026-07-11T11:23:00.000Z,1783768980000,67647086.9316,61195777.6575,0.0501,128842865
2026-07-11 21:24,2026-07-11T11:24:00.000Z,1783769040000,67909387.3745,62199289.9328,0.0439,130108677
2026-07-11 21:25,2026-07-11T11:25:00.000Z,1783769100000,68532493.8411,63515062.9288,0.0380,132047557
2026-07-11 21:26,2026-07-11T11:26:00.000Z,1783769160000,63534129.6414,67699048.034,-0.0317,131233178
2026-07-11 21:27,2026-07-11T11:27:00.000Z,1783769220000,63262344.2469,66233043.2502,-0.0229,129495387
2026-07-11 21:28,2026-07-11T11:28:00.000Z,1783769280000,64591053.0278,64954161.8661,-0.0028,129545215
2026-07-11 21:29,2026-07-11T11:29:00.000Z,1783769340000,63558939.4621,64826720.3068,-0.0099,128385660
2026-07-11 21:30,2026-07-11T11:30:00.000Z,1783769400000,63917724.4853,67748320.9884,-0.0291,131666045
2026-07-11 21:31,2026-07-11T11:31:00.000Z,1783769460000,65659035.1778,67707184.3921,-0.0154,133366220
2026-07-11 21:32,2026-07-11T11:32:00.000Z,1783769520000,66219525.057,63169714.0086,0.0236,129389239
2026-07-11 21:33,2026-07-11T11:33:00.000Z,1783769580000,58893755.7775,64847946.8361,-0.0481,123741703
2026-07-11 21:34,2026-07-11T11:34:00.000Z,1783769640000,60762938.4092,62472307.8294,-0.0139,123235246
2026-07-11 21:35,2026-07-11T11:35:00.000Z,1783769700000,60591016.7834,63211872.1578,-0.0212,123802889
2026-07-11 21:36,2026-07-11T11:36:00.000Z,1783769760000,60997866.8293,68093904.2259,-0.0550,129091771
2026-07-11 21:37,2026-07-11T11:37:00.000Z,1783769820000,64434483.0417,66070391.8253,-0.0125,130504875
2026-07-11 21:38,2026-07-11T11:38:00.000Z,1783769880000,66294196.4279,64312443.1622,0.0152,130606640
2026-07-11 21:39,2026-07-11T11:39:00.000Z,1783769940000,65927047.2069,64052210.0762,0.0144,129979257
2026-07-11 21:40,2026-07-11T11:40:00.000Z,1783770000000,68344489.6701,61003684.4442,0.0568,129348174
2026-07-11 21:41,2026-07-11T11:41:00.000Z,1783770060000,65270823.7017,64744278.3867,0.0040,130015102
2026-07-11 21:42,2026-07-11T11:42:00.000Z,1783770120000,67187557.3979,62998549.8261,0.0322,130186107
2026-07-11 21:43,2026-07-11T11:43:00.000Z,1783770180000,66251798.2803,66566165.4894,-0.0024,132817964
2026-07-11 21:44,2026-07-11T11:44:00.000Z,1783770240000,66493120.2214,67852204.4954,-0.0101,134345325
2026-07-11 21:45,2026-07-11T11:45:00.000Z,1783770300000,69221972.153,67369486.3785,0.0136,136591459
2026-07-11 21:46,2026-07-11T11:46:00.000Z,1783770360000,70213560.3382,66319312.7026,0.0285,136532873
2026-07-11 21:47,2026-07-11T11:47:00.000Z,1783770420000,69211492.2878,66017622.3175,0.0236,135229115
2026-07-11 21:48,2026-07-11T11:48:00.000Z,1783770480000,66937844.7802,66268452.2892,0.0050,133206297
2026-07-11 21:49,2026-07-11T11:49:00.000Z,1783770540000,66044497.0136,68456444.3421,-0.0179,134500941
2026-07-11 21:50,2026-07-11T11:50:00.000Z,1783770600000,65460088.092,68603433.6698,-0.0234,134063522
2026-07-11 21:51,2026-07-11T11:51:00.000Z,1783770660000,70675492.3046,63911891.2535,0.0503,134587384
2026-07-11 21:52,2026-07-11T11:52:00.000Z,1783770720000,70551078.2937,64885831.9219,0.0418,135436910
2026-07-11 21:53,2026-07-11T11:53:00.000Z,1783770780000,66112088.5247,68235536.474,-0.0158,134347625
2026-07-11 21:54,2026-07-11T11:54:00.000Z,1783770840000,67647340.0902,63400214.9341,0.0324,131047555
2026-07-11 21:55,2026-07-11T11:55:00.000Z,1783770900000,67097729.0633,65907917.427,0.0089,133005646
2026-07-11 21:56,2026-07-11T11:56:00.000Z,1783770960000,66477610.1074,67841213.425,-0.0102,134318824
2026-07-11 21:57,2026-07-11T11:57:00.000Z,1783771020000,66225395.2264,67377571.7947,-0.0086,133602967
2026-07-11 21:58,2026-07-11T11:58:00.000Z,1783771080000,63786820.7915,71408839.0298,-0.0564,135195660
2026-07-11 21:59,2026-07-11T11:59:00.000Z,1783771140000,65767182.873,67814864.3293,-0.0153,133582047
2026-07-11 22:00,2026-07-11T12:00:00.000Z,1783771200000,63251138.4215,64113792.7764,-0.0068,127364931
2026-07-11 22:01,2026-07-11T12:01:00.000Z,1783771260000,64094319.3698,67169411.64,-0.0234,131263731
2026-07-11 22:02,2026-07-11T12:02:00.000Z,1783771320000,63262764.921,68642693.6684,-0.0408,131905459
2026-07-11 22:03,2026-07-11T12:03:00.000Z,1783771380000,64134568.3888,72929866.3105,-0.0642,137064435
2026-07-11 22:04,2026-07-11T12:04:00.000Z,1783771440000,65606877.5963,69280292.2472,-0.0272,134887170
2026-07-11 22:05,2026-07-11T12:05:00.000Z,1783771500000,60684282.4656,70238412.1958,-0.0730,130922695
2026-07-11 22:06,2026-07-11T12:06:00.000Z,1783771560000,67744831.072,65437659.0255,0.0173,133182490
2026-07-11 22:07,2026-07-11T12:07:00.000Z,1783771620000,65858684.324,60661931.7138,0.0411,126520616
2026-07-11 22:08,2026-07-11T12:08:00.000Z,1783771680000,67592306.3606,59122155.9979,0.0668,126714462
2026-07-11 22:09,2026-07-11T12:09:00.000Z,1783771740000,68658986.5214,63098138.1119,0.0422,131757125
2026-07-11 22:10,2026-07-11T12:10:00.000Z,1783771800000,66969656.5082,65011106.0955,0.0148,131980763
2026-07-11 22:11,2026-07-11T12:11:00.000Z,1783771860000,65714715.4941,66119108.8115,-0.0031,131833824
2026-07-11 22:12,2026-07-11T12:12:00.000Z,1783771920000,65911636.88,65248272.8855,0.0051,131159910
2026-07-11 22:13,2026-07-11T12:13:00.000Z,1783771980000,62597044.7566,61324733.8025,0.0103,123921779
2026-07-11 22:14,2026-07-11T12:14:00.000Z,1783772040000,68833556.9313,60869141.5406,0.0614,129702698
2026-07-11 22:15,2026-07-11T12:15:00.000Z,1783772100000,63862055.3886,64984084.6785,-0.0087,128846140
2026-07-11 22:16,2026-07-11T12:16:00.000Z,1783772160000,63788635.4175,69049497.0232,-0.0396,132838132
2026-07-11 22:17,2026-07-11T12:17:00.000Z,1783772220000,63293100.6856,54766044.362,0.0722,118059145
2026-07-11 22:18,2026-07-11T12:18:00.000Z,1783772280000,63844563.5515,52960346.703,0.0932,116804910
2026-07-11 22:19,2026-07-11T12:19:00.000Z,1783772340000,66788025.1753,57605754.8632,0.0738,124393780
2026-07-11 22:20,2026-07-11T12:20:00.000Z,1783772400000,69217285.6224,54572110.9692,0.1183,123789397
2026-07-11 22:21,2026-07-11T12:21:00.000Z,1783772460000,72805297.4566,55605378.981,0.1339,128410676
2026-07-11 22:22,2026-07-11T12:22:00.000Z,1783772520000,66911841.4492,59441909.0306,0.0591,126353750
2026-07-11 22:23,2026-07-11T12:23:00.000Z,1783772580000,66551464.413,61765099.4871,0.0373,128316564
2026-07-11 22:24,2026-07-11T12:24:00.000Z,1783772640000,67500278.6597,61497601.6732,0.0465,128997880
2026-07-11 22:25,2026-07-11T12:25:00.000Z,1783772700000,66503388.9291,57682659.6497,0.0710,124186049
2026-07-11 22:26,2026-07-11T12:26:00.000Z,1783772760000,65449297.1726,62594885.8592,0.0223,128044183
2026-07-11 22:27,2026-07-11T12:27:00.000Z,1783772820000,65028862.2697,61893029.2246,0.0247,126921891
2026-07-11 22:28,2026-07-11T12:28:00.000Z,1783772880000,66368155.5671,62817825.0094,0.0275,129185981
2026-07-11 22:29,2026-07-11T12:29:00.000Z,1783772940000,64114026.243,62689179.5166,0.0112,126803206
2026-07-11 22:30,2026-07-11T12:30:00.000Z,1783773000000,62509182.4527,62756569.4379,-0.0020,125265752
2026-07-11 22:31,2026-07-11T12:31:00.000Z,1783773060000,63511860.6556,65682117.0138,-0.0168,129193978
2026-07-11 22:32,2026-07-11T12:32:00.000Z,1783773120000,63941752.2293,63403783.9161,0.0042,127345536
2026-07-11 22:33,2026-07-11T12:33:00.000Z,1783773180000,67858280.891,60047922.9379,0.0611,127906204
2026-07-11 22:34,2026-07-11T12:34:00.000Z,1783773240000,66315183.444,62330605.8936,0.0310,128645789
2026-07-11 22:35,2026-07-11T12:35:00.000Z,1783773300000,70214544.8917,59343286.3023,0.0839,129557831
2026-07-11 22:36,2026-07-11T12:36:00.000Z,1783773360000,65178349.8218,60439333.3348,0.0377,125617683
2026-07-11 22:37,2026-07-11T12:37:00.000Z,1783773420000,63210325.2402,62080394.5374,0.0090,125290720
2026-07-11 22:38,2026-07-11T12:38:00.000Z,1783773480000,65742423.6301,60101958.7471,0.0448,125844382
2026-07-11 22:39,2026-07-11T12:39:00.000Z,1783773540000,61684727.288,56646713.1682,0.0426,118331440
2026-07-11 22:40,2026-07-11T12:40:00.000Z,1783773600000,71212303.926,58931568.6164,0.0944,130143873
2026-07-11 22:41,2026-07-11T12:41:00.000Z,1783773660000,74379459.6113,56833211.1004,0.1337,131212671
2026-07-11 22:42,2026-07-11T12:42:00.000Z,1783773720000,69451803.4575,60567325.0474,0.0683,130019129
2026-07-11 22:43,2026-07-11T12:43:00.000Z,1783773780000,68822977.062,59779659.0846,0.0703,128602636
2026-07-11 22:44,2026-07-11T12:44:00.000Z,1783773840000,67528860.4256,62765279.2271,0.0366,130294140
2026-07-11 22:45,2026-07-11T12:45:00.000Z,1783773900000,66648733.6214,62826339.4475,0.0295,129475073
2026-07-11 22:46,2026-07-11T12:46:00.000Z,1783773960000,66951709.2766,61916978.5068,0.0391,128868688
2026-07-11 22:47,2026-07-11T12:47:00.000Z,1783774020000,66033498.4133,62753772.3354,0.0255,128787271
2026-07-11 22:48,2026-07-11T12:48:00.000Z,1783774080000,65464740.2918,63041246.4164,0.0189,128505987
2026-07-11 22:49,2026-07-11T12:49:00.000Z,1783774140000,60826099.6678,60900288.4085,-0.0006,121726388
2026-07-11 22:50,2026-07-11T12:50:00.000Z,1783774200000,59335570.1066,64842408.9604,-0.0443,124177979
2026-07-11 22:51,2026-07-11T12:51:00.000Z,1783774260000,64679711.6007,67603101.2928,-0.0221,132282813
2026-07-11 22:52,2026-07-11T12:52:00.000Z,1783774320000,64746685.6193,67498232.0176,-0.0208,132244918
2026-07-11 22:53,2026-07-11T12:53:00.000Z,1783774380000,63112700.063,72488376.2381,-0.0691,135601076
2026-07-11 22:54,2026-07-11T12:54:00.000Z,1783774440000,65203035.9399,71724808.9416,-0.0476,136927845
2026-07-11 22:55,2026-07-11T12:55:00.000Z,1783774500000,65859441.0271,67272039.9583,-0.0106,133131481
2026-07-11 22:56,2026-07-11T12:56:00.000Z,1783774560000,65128581.3138,70821672.6975,-0.0419,135950254
2026-07-11 22:57,2026-07-11T12:57:00.000Z,1783774620000,60483314.5362,68424938.4821,-0.0616,128908253
2026-07-11 22:58,2026-07-11T12:58:00.000Z,1783774680000,67754124.2086,65840618.9012,0.0143,133594743
2026-07-11 22:59,2026-07-11T12:59:00.000Z,1783774740000,69089694.53,64469032.6012,0.0346,133558727
2026-07-11 23:00,2026-07-11T13:00:00.000Z,1783774800000,66367652.7114,62106801.9832,0.0332,128474455
2026-07-11 23:01,2026-07-11T13:01:00.000Z,1783774860000,68903607.395,65695692.3681,0.0238,134599300
2026-07-11 23:02,2026-07-11T13:02:00.000Z,1783774920000,70619925.1354,60336248.8224,0.0785,130956174
2026-07-11 23:03,2026-07-11T13:03:00.000Z,1783774980000,70681877.6228,62918464.2402,0.0581,133600342
2026-07-11 23:04,2026-07-11T13:04:00.000Z,1783775040000,71625646.8147,62955093.4949,0.0644,134580740
2026-07-11 23:05,2026-07-11T13:05:00.000Z,1783775100000,73009145.9477,59943515.326,0.0983,132952661
2026-07-11 23:06,2026-07-11T13:06:00.000Z,1783775160000,73017511.4058,60122733.8849,0.0969,133140245
2026-07-11 23:07,2026-07-11T13:07:00.000Z,1783775220000,68703255.1328,62024224.6674,0.0511,130727480
2026-07-11 23:08,2026-07-11T13:08:00.000Z,1783775280000,67656261.4071,63535766.8896,0.0314,131192028
2026-07-11 23:09,2026-07-11T13:09:00.000Z,1783775340000,65486212.3795,64858886.2359,0.0048,130345099
2026-07-11 23:10,2026-07-11T13:10:00.000Z,1783775400000,69027612.6625,62007345.4005,0.0536,131034958
2026-07-11 23:11,2026-07-11T13:11:00.000Z,1783775460000,68158362.8091,58570872.1905,0.0757,126729235
2026-07-11 23:12,2026-07-11T13:12:00.000Z,1783775520000,68202739.6938,58549194.3496,0.0762,126751934
2026-07-11 23:13,2026-07-11T13:13:00.000Z,1783775580000,68774750.1086,65042957.1874,0.0279,133817707
2026-07-11 23:14,2026-07-11T13:14:00.000Z,1783775640000,67662129.1448,64594811.5876,0.0232,132256941
2026-07-11 23:15,2026-07-11T13:15:00.000Z,1783775700000,66168799.8178,66718629.2827,-0.0041,132887429
2026-07-11 23:16,2026-07-11T13:16:00.000Z,1783775760000,69256435.4134,64530824.6712,0.0353,133787260
2026-07-11 23:17,2026-07-11T13:17:00.000Z,1783775820000,71209192.6035,63633719.4925,0.0562,134842912
2026-07-11 23:18,2026-07-11T13:18:00.000Z,1783775880000,67361038.1166,65380604.0771,0.0149,132741642
2026-07-11 23:19,2026-07-11T13:19:00.000Z,1783775940000,63477681.5349,73591177.19,-0.0738,137068859
2026-07-11 23:20,2026-07-11T13:20:00.000Z,1783776000000,63241483.1225,68653531.2343,-0.0410,131895014
2026-07-11 23:21,2026-07-11T13:21:00.000Z,1783776060000,68449329.1913,68810860.7915,-0.0026,137260190
2026-07-11 23:22,2026-07-11T13:22:00.000Z,1783776120000,68623360.8427,65985145.9396,0.0196,134608507
2026-07-11 23:23,2026-07-11T13:23:00.000Z,1783776180000,67462701.9327,69324058.4577,-0.0136,136786760
2026-07-11 23:24,2026-07-11T13:24:00.000Z,1783776240000,68528614.223,67379456.8495,0.0085,135908071
2026-07-11 23:25,2026-07-11T13:25:00.000Z,1783776300000,70404373.2303,64983211.2875,0.0400,135387585
2026-07-11 23:26,2026-07-11T13:26:00.000Z,1783776360000,64630211.9338,62820566.9567,0.0142,127450779
2026-07-11 23:27,2026-07-11T13:27:00.000Z,1783776420000,67672754.5763,65890436.0488,0.0133,133563191
2026-07-11 23:28,2026-07-11T13:28:00.000Z,1783776480000,68048438.9756,66400691.3716,0.0123,134449130
2026-07-11 23:29,2026-07-11T13:29:00.000Z,1783776540000,68389984.8708,65969672.7359,0.0180,134359658
2026-07-11 23:30,2026-07-11T13:30:00.000Z,1783776600000,72477597.4653,64038100.6951,0.0618,136515698
2026-07-11 23:31,2026-07-11T13:31:00.000Z,1783776660000,65572700.457,61998210.2406,0.0280,127570911
2026-07-11 23:32,2026-07-11T13:32:00.000Z,1783776720000,68937731.1522,64899396.4334,0.0302,133837128
2026-07-11 23:33,2026-07-11T13:33:00.000Z,1783776780000,66695357.2094,68021801.7428,-0.0098,134717159
2026-07-11 23:34,2026-07-11T13:34:00.000Z,1783776840000,73565089.6939,64787431.5837,0.0634,138352521
2026-07-11 23:35,2026-07-11T13:35:00.000Z,1783776900000,72842160.151,64146591.6674,0.0635,136988752
2026-07-11 23:36,2026-07-11T13:36:00.000Z,1783776960000,73566008.3039,61093275.9479,0.0926,134659284
2026-07-11 23:37,2026-07-11T13:37:00.000Z,1783777020000,67084557.5933,75609401.6303,-0.0597,142693959
2026-07-11 23:38,2026-07-11T13:38:00.000Z,1783777080000,69089653.0435,73153700.2684,-0.0286,142243353
2026-07-11 23:39,2026-07-11T13:39:00.000Z,1783777140000,70816415.91,69709955.8962,0.0079,140526372
2026-07-11 23:40,2026-07-11T13:40:00.000Z,1783777200000,73017131.753,68191002.4064,0.0342,141208134
2026-07-11 23:41,2026-07-11T13:41:00.000Z,1783777260000,71075854.4361,61580266.093,0.0716,132656121
2026-07-11 23:42,2026-07-11T13:42:00.000Z,1783777320000,73268701.4616,64345446.66,0.0648,137614148
2026-07-11 23:43,2026-07-11T13:43:00.000Z,1783777380000,68958869.7817,73852363.2204,-0.0343,142811233
2026-07-11 23:44,2026-07-11T13:44:00.000Z,1783777440000,66268368.4822,73699045.6596,-0.0531,139967414
2026-07-11 23:45,2026-07-11T13:45:00.000Z,1783777500000,64409988.7098,75970340.0673,-0.0824,140380329
2026-07-11 23:46,2026-07-11T13:46:00.000Z,1783777560000,64038180.6963,81998506.1222,-0.1230,146036687
2026-07-11 23:47,2026-07-11T13:47:00.000Z,1783777620000,67726996.8841,78302200.9733,-0.0724,146029198
2026-07-11 23:48,2026-07-11T13:48:00.000Z,1783777680000,65661320.8041,80352797.0903,-0.1006,146014118
2026-07-11 23:49,2026-07-11T13:49:00.000Z,1783777740000,66938547.2947,81508884.1187,-0.0982,148447431
2026-07-11 23:50,2026-07-11T13:50:00.000Z,1783777800000,66811115.8485,80017348.1269,-0.0899,146828464
2026-07-11 23:51,2026-07-11T13:51:00.000Z,1783777860000,66870422.8726,82638272.1678,-0.1055,149508695
2026-07-11 23:52,2026-07-11T13:52:00.000Z,1783777920000,71163315.9219,82442763.2769,-0.0734,153606079
2026-07-11 23:53,2026-07-11T13:53:00.000Z,1783777980000,70501324.8946,80905911.0111,-0.0687,151407236
2026-07-11 23:54,2026-07-11T13:54:00.000Z,1783778040000,74058015.5709,76635012.6203,-0.0171,150693028
2026-07-11 23:55,2026-07-11T13:55:00.000Z,1783778100000,75529081.2739,76726884.0821,-0.0079,152255965
2026-07-11 23:56,2026-07-11T13:56:00.000Z,1783778160000,74785250.4378,73956279.0328,0.0056,148741529
2026-07-11 23:57,2026-07-11T13:57:00.000Z,1783778220000,74836717.3204,79005319.9851,-0.0271,153842037
2026-07-11 23:58,2026-07-11T13:58:00.000Z,1783778280000,74505052.0617,70943285.7341,0.0245,145448338
2026-07-11 23:59,2026-07-11T13:59:00.000Z,1783778340000,76502106.5212,72173059.5875,0.0291,148675166
2026-07-12 00:00,2026-07-11T14:00:00.000Z,1783778400000,70574088.5456,73630377.9938,-0.0212,144204467
2026-07-12 00:01,2026-07-11T14:01:00.000Z,1783778460000,68991922.6102,80607173.4436,-0.0776,149599096
2026-07-12 00:02,2026-07-11T14:02:00.000Z,1783778520000,73931234.2238,73418326.1207,0.0035,147349560
2026-07-12 00:03,2026-07-11T14:03:00.000Z,1783778580000,70535773.9816,79678257.1236,-0.0609,150214031
2026-07-12 00:04,2026-07-11T14:04:00.000Z,1783778640000,70237858.3882,82522096.1845,-0.0804,152759955
2026-07-12 00:05,2026-07-11T14:05:00.000Z,1783778700000,65143456.2498,83070388.3485,-0.1210,148213845
2026-07-12 00:06,2026-07-11T14:06:00.000Z,1783778760000,67759511.8275,81077863.6629,-0.0895,148837375
2026-07-12 00:07,2026-07-11T14:07:00.000Z,1783778820000,65770251.7053,81849990.2569,-0.1089,147620242
2026-07-12 00:08,2026-07-11T14:08:00.000Z,1783778880000,63811504.4743,78960867.266,-0.1061,142772372
2026-07-12 00:09,2026-07-11T14:09:00.000Z,1783778940000,65284171.6942,84592436.7665,-0.1288,149876608
2026-07-12 00:10,2026-07-11T14:10:00.000Z,1783779000000,65240029.056,88353180.9713,-0.1505,153593210
2026-07-12 00:11,2026-07-11T14:11:00.000Z,1783779060000,65851726.0041,89409510.2767,-0.1517,155261236
2026-07-12 00:12,2026-07-11T14:12:00.000Z,1783779120000,63290367.8467,88759773.6409,-0.1675,152050141
2026-07-12 00:13,2026-07-11T14:13:00.000Z,1783779180000,66823255.7726,90220443.2204,-0.1490,157043699
2026-07-12 00:14,2026-07-11T14:14:00.000Z,1783779240000,75527937.0063,80987862.5035,-0.0349,156515800
2026-07-12 00:15,2026-07-11T14:15:00.000Z,1783779300000,76210829.1952,74507637.9897,0.0113,150718467
2026-07-12 00:16,2026-07-11T14:16:00.000Z,1783779360000,71806055.2112,83127388.3325,-0.0731,154933444
2026-07-12 00:17,2026-07-11T14:17:00.000Z,1783779420000,76058446.128,73857098.3096,0.0147,149915544
2026-07-12 00:18,2026-07-11T14:18:00.000Z,1783779480000,68855044.0609,84064298.3282,-0.0995,152919342
2026-07-12 00:19,2026-07-11T14:19:00.000Z,1783779540000,63924095.7732,78068400.6438,-0.0996,141992496
2026-07-12 00:20,2026-07-11T14:20:00.000Z,1783779600000,67873367.9208,85721148.2516,-0.1162,153594516
2026-07-12 00:21,2026-07-11T14:21:00.000Z,1783779660000,71332075.7454,81222007.7914,-0.0648,152554084
2026-07-12 00:22,2026-07-11T14:22:00.000Z,1783779720000,69816899.2249,82898466.3321,-0.0857,152715366
2026-07-12 00:23,2026-07-11T14:23:00.000Z,1783779780000,71078968.1033,82322893.9212,-0.0733,153401862
2026-07-12 00:24,2026-07-11T14:24:00.000Z,1783779840000,69415905.614,82461830.4759,-0.0859,151877736
2026-07-12 00:25,2026-07-11T14:25:00.000Z,1783779900000,63963040.5144,87198028.4439,-0.1537,151161069
2026-07-12 00:26,2026-07-11T14:26:00.000Z,1783779960000,67076734.2485,82633984.7465,-0.1039,149710719
2026-07-12 00:27,2026-07-11T14:27:00.000Z,1783780020000,64813244.7945,89373432.5364,-0.1593,154186677
2026-07-12 00:28,2026-07-11T14:28:00.000Z,1783780080000,72498830.3659,86172948.1133,-0.0862,158671778
2026-07-12 00:29,2026-07-11T14:29:00.000Z,1783780140000,72297222.5377,82393681.0471,-0.0653,154690904
2026-07-12 00:30,2026-07-11T14:30:00.000Z,1783780200000,69551613.7688,85628399.8134,-0.1036,155180014
2026-07-12 00:31,2026-07-11T14:31:00.000Z,1783780260000,65904751.2248,95803324.3329,-0.1849,161708076
2026-07-12 00:32,2026-07-11T14:32:00.000Z,1783780320000,70414655.808,83864035.8747,-0.0872,154278692
2026-07-12 00:33,2026-07-11T14:33:00.000Z,1783780380000,76155588.2087,80611406.9441,-0.0284,156766995
2026-07-12 00:34,2026-07-11T14:34:00.000Z,1783780440000,78956807.9951,84785349.2766,-0.0356,163742157
2026-07-12 00:35,2026-07-11T14:35:00.000Z,1783780500000,71607347.533,95930586.1949,-0.1452,167537934
2026-07-12 00:36,2026-07-11T14:36:00.000Z,1783780560000,68823176.2201,63903266.7331,0.0371,132726443
2026-07-12 00:37,2026-07-11T14:37:00.000Z,1783780620000,72523749.038,73337417.0929,-0.0056,145861166
2026-07-12 00:38,2026-07-11T14:38:00.000Z,1783780680000,76587342.5613,71727559.7086,0.0328,148314902
2026-07-12 00:39,2026-07-11T14:39:00.000Z,1783780740000,64203984.4967,91154088.0972,-0.1735,155358073
2026-07-12 00:40,2026-07-11T14:40:00.000Z,1783780800000,69691129.1978,88355443.4279,-0.1181,158046573
2026-07-12 00:41,2026-07-11T14:41:00.000Z,1783780860000,72136133.2191,86690097.6311,-0.0916,158826231
2026-07-12 00:42,2026-07-11T14:42:00.000Z,1783780920000,71209303.3619,92023332.3509,-0.1275,163232636
2026-07-12 00:43,2026-07-11T14:43:00.000Z,1783780980000,71501941.5748,88817734.7465,-0.1080,160319676
2026-07-12 00:44,2026-07-11T14:44:00.000Z,1783781040000,70923455.3838,94222038.0235,-0.1411,165145493
2026-07-12 00:45,2026-07-11T14:45:00.000Z,1783781100000,64897264.5939,98415011.9828,-0.2052,163312277
2026-07-12 00:46,2026-07-11T14:46:00.000Z,1783781160000,74818798.8116,90540904.6238,-0.0951,165359703
2026-07-12 00:47,2026-07-11T14:47:00.000Z,1783781220000,71902462.497,89147486.3795,-0.1071,161049949
2026-07-12 00:48,2026-07-11T14:48:00.000Z,1783781280000,72703157.8389,89285765.6021,-0.1024,161988923
2026-07-12 00:49,2026-07-11T14:49:00.000Z,1783781340000,69251756.9911,93662365.2358,-0.1498,162914122
2026-07-12 00:50,2026-07-11T14:50:00.000Z,1783781400000,72314254.9368,75032535.9242,-0.0184,147346791
2026-07-12 00:51,2026-07-11T14:51:00.000Z,1783781460000,69889266.554,76710760.0864,-0.0465,146600027
2026-07-12 00:52,2026-07-11T14:52:00.000Z,1783781520000,74893759.0203,70952992.8361,0.0270,145846752
2026-07-12 00:53,2026-07-11T14:53:00.000Z,1783781580000,69497164.2732,76551221.624,-0.0483,146048386
2026-07-12 00:54,2026-07-11T14:54:00.000Z,1783781640000,61108584.0717,90459221.3578,-0.1936,151567805
2026-07-12 00:55,2026-07-11T14:55:00.000Z,1783781700000,64589180.5448,84069180.4956,-0.1310,148658361
2026-07-12 00:56,2026-07-11T14:56:00.000Z,1783781760000,65816526.6888,86691359.8646,-0.1369,152507887
2026-07-12 00:57,2026-07-11T14:57:00.000Z,1783781820000,67017795.3052,77989100.5105,-0.0757,145006896
2026-07-12 00:58,2026-07-11T14:58:00.000Z,1783781880000,67864865.3292,78366956.3516,-0.0718,146231822
2026-07-12 00:59,2026-07-11T14:59:00.000Z,1783781940000,68379680.4436,78249675.0844,-0.0673,146629356
2026-07-12 01:00,2026-07-11T15:00:00.000Z,1783782000000,67957976.1555,65004069.1363,0.0222,132962045
2026-07-12 01:01,2026-07-11T15:01:00.000Z,1783782060000,61820381.5386,78395011.2311,-0.1182,140215393
2026-07-12 01:02,2026-07-11T15:02:00.000Z,1783782120000,62060190.2857,84738820.3561,-0.1545,146799011
2026-07-12 01:03,2026-07-11T15:03:00.000Z,1783782180000,60395864.5905,69116253.8602,-0.0673,129512118
2026-07-12 01:04,2026-07-11T15:04:00.000Z,1783782240000,59265147.3418,86895947.8139,-0.1890,146161095
2026-07-12 01:05,2026-07-11T15:05:00.000Z,1783782300000,57308308.7222,88715201.6042,-0.2151,146023510
2026-07-12 01:06,2026-07-11T15:06:00.000Z,1783782360000,66004464.6578,78462744.1596,-0.0862,144467209
2026-07-12 01:07,2026-07-11T15:07:00.000Z,1783782420000,58787047.352,84188718.3495,-0.1777,142975766
2026-07-12 01:08,2026-07-11T15:08:00.000Z,1783782480000,59424145.926,84479011.4383,-0.1741,143903157
2026-07-12 01:09,2026-07-11T15:09:00.000Z,1783782540000,60081270.0646,82009736.4796,-0.1543,142091007
2026-07-12 01:10,2026-07-11T15:10:00.000Z,1783782600000,59996210.8821,82094007.1046,-0.1555,142090218
2026-07-12 01:11,2026-07-11T15:11:00.000Z,1783782660000,52149329.4679,80056595.3422,-0.2111,132205925
2026-07-12 01:12,2026-07-11T15:12:00.000Z,1783782720000,48896819.3992,87813303.5219,-0.2847,136710123
2026-07-12 01:13,2026-07-11T15:13:00.000Z,1783782780000,54880351.6101,80310539.6486,-0.1881,135190891
2026-07-12 01:14,2026-07-11T15:14:00.000Z,1783782840000,50758486.7512,80414131.6827,-0.2261,131172618
2026-07-12 01:15,2026-07-11T15:15:00.000Z,1783782900000,53706370.1463,79005458.1531,-0.1906,132711828
2026-07-12 01:16,2026-07-11T15:16:00.000Z,1783782960000,50498897.1006,78048499.9304,-0.2143,128547397
2026-07-12 01:17,2026-07-11T15:17:00.000Z,1783783020000,58059312.1679,82751796.3579,-0.1754,140811109
2026-07-12 01:18,2026-07-11T15:18:00.000Z,1783783080000,58792329.6538,86667082.0632,-0.1916,145459412
2026-07-12 01:19,2026-07-11T15:19:00.000Z,1783783140000,63202223.2062,79758521.2516,-0.1158,142960744
2026-07-12 01:20,2026-07-11T15:20:00.000Z,1783783200000,60942494.7166,87732811.231,-0.1802,148675306
2026-07-12 01:21,2026-07-11T15:21:00.000Z,1783783260000,56452396.8094,98583897.7808,-0.2718,155036295
2026-07-12 01:22,2026-07-11T15:22:00.000Z,1783783320000,54505483.7687,95087860.1228,-0.2713,149593344
2026-07-12 01:23,2026-07-11T15:23:00.000Z,1783783380000,56688946.2655,96883192.8965,-0.2617,153572139
2026-07-12 01:24,2026-07-11T15:24:00.000Z,1783783440000,57660617.6009,103043180.129,-0.2824,160703798
2026-07-12 01:25,2026-07-11T15:25:00.000Z,1783783500000,50793141.5567,102440056.7096,-0.3370,153233198
2026-07-12 01:26,2026-07-11T15:26:00.000Z,1783783560000,56604583.0436,104550017.7759,-0.2975,161154601
2026-07-12 01:27,2026-07-11T15:27:00.000Z,1783783620000,63105907.7821,99905674.2473,-0.2257,163011582
2026-07-12 01:28,2026-07-11T15:28:00.000Z,1783783680000,60098164.9469,101501670.7263,-0.2562,161599836
2026-07-12 01:29,2026-07-11T15:29:00.000Z,1783783740000,60364630.8712,103834162.3204,-0.2647,164198793
2026-07-12 01:30,2026-07-11T15:30:00.000Z,1783783800000,59338470.1312,103599283.3452,-0.2716,162937753
2026-07-12 01:31,2026-07-11T15:31:00.000Z,1783783860000,57546935.0745,103174880.8836,-0.2839,160721816
2026-07-12 01:32,2026-07-11T15:32:00.000Z,1783783920000,58973949.4033,99620956.4637,-0.2563,158594906
2026-07-12 01:33,2026-07-11T15:33:00.000Z,1783783980000,57965555.401,101410402.0075,-0.2726,159375957
2026-07-12 01:34,2026-07-11T15:34:00.000Z,1783784040000,55041997.4341,103864162.5356,-0.3072,158906160
2026-07-12 01:35,2026-07-11T15:35:00.000Z,1783784100000,55323556.0821,100195479.7568,-0.2885,155519036
2026-07-12 01:36,2026-07-11T15:36:00.000Z,1783784160000,52176405.4284,91355354.337,-0.2730,143531760
2026-07-12 01:37,2026-07-11T15:37:00.000Z,1783784220000,54082538.7401,94687825.9087,-0.2729,148770365
2026-07-12 01:38,2026-07-11T15:38:00.000Z,1783784280000,53753551.2364,67509274.848,-0.1134,121262826
2026-07-12 01:39,2026-07-11T15:39:00.000Z,1783784340000,52695676.5612,70544948.2439,-0.1448,123240625
2026-07-12 01:40,2026-07-11T15:40:00.000Z,1783784400000,57969813.5838,61686400.0065,-0.0311,119656214
2026-07-12 01:41,2026-07-11T15:41:00.000Z,1783784460000,59168786.6787,63984762.7882,-0.0391,123153549
2026-07-12 01:42,2026-07-11T15:42:00.000Z,1783784520000,55332275.3275,71800779.3684,-0.1295,127133055
2026-07-12 01:43,2026-07-11T15:43:00.000Z,1783784580000,61988620.7864,61470691.2556,0.0042,123459312
2026-07-12 01:44,2026-07-11T15:44:00.000Z,1783784640000,61249328.8358,63195283.6569,-0.0156,124444612
2026-07-12 01:45,2026-07-11T15:45:00.000Z,1783784700000,61514285.5774,51780318.0066,0.0859,113294604
2026-07-12 01:46,2026-07-11T15:46:00.000Z,1783784760000,64118020.259,55471111.3838,0.0723,119589132
2026-07-12 01:47,2026-07-11T15:47:00.000Z,1783784820000,66549118.8998,52367567.9031,0.1193,118916687
2026-07-12 01:48,2026-07-11T15:48:00.000Z,1783784880000,69634002.2003,43535480.7658,0.2306,113169483
2026-07-12 01:49,2026-07-11T15:49:00.000Z,1783784940000,66545497.9149,45540421.407,0.1874,112085919
2026-07-12 01:50,2026-07-11T15:50:00.000Z,1783785000000,55884433.1986,58822324.2204,-0.0256,114706757
2026-07-12 01:51,2026-07-11T15:51:00.000Z,1783785060000,64906036.7833,43314887.1162,0.1995,108220924
2026-07-12 01:52,2026-07-11T15:52:00.000Z,1783785120000,61581861.8915,50432190.7036,0.0995,112014053
2026-07-12 01:53,2026-07-11T15:53:00.000Z,1783785180000,58279244.5583,57260692.2699,0.0088,115539937
2026-07-12 01:54,2026-07-11T15:54:00.000Z,1783785240000,56708087.6685,57170881.7646,-0.0041,113878969
2026-07-12 01:55,2026-07-11T15:55:00.000Z,1783785300000,54907439.7941,69154182.7115,-0.1148,124061623
2026-07-12 01:56,2026-07-11T15:56:00.000Z,1783785360000,54627711.1576,64184667.7699,-0.0804,118812379
2026-07-12 01:57,2026-07-11T15:57:00.000Z,1783785420000,57299533.5597,61196153.2705,-0.0329,118495687
2026-07-12 01:58,2026-07-11T15:58:00.000Z,1783785480000,57453865.8201,62499202.8529,-0.0421,119953069
2026-07-12 01:59,2026-07-11T15:59:00.000Z,1783785540000,59024284.2746,64624612.7735,-0.0453,123648897
2026-07-12 02:00,2026-07-11T16:00:00.000Z,1783785600000,53397705.9284,60178794.0028,-0.0597,113576500
2026-07-12 02:01,2026-07-11T16:01:00.000Z,1783785660000,59745446.4509,57672253.0433,0.0177,117417699
2026-07-12 02:02,2026-07-11T16:02:00.000Z,1783785720000,51631637.5306,71151943.3923,-0.1590,122783581
2026-07-12 02:03,2026-07-11T16:03:00.000Z,1783785780000,57082747.2052,66043178.2957,-0.0728,123125926
2026-07-12 02:04,2026-07-11T16:04:00.000Z,1783785840000,65206753.6851,61440567.1398,0.0297,126647321
2026-07-12 02:05,2026-07-11T16:05:00.000Z,1783785900000,56361093.9524,61803841.8446,-0.0461,118164936
2026-07-12 02:06,2026-07-11T16:06:00.000Z,1783785960000,62206546.2,60482138.5999,0.0141,122688685
2026-07-12 02:07,2026-07-11T16:07:00.000Z,1783786020000,61421971.6053,58558857.5505,0.0239,119980829
2026-07-12 02:08,2026-07-11T16:08:00.000Z,1783786080000,62872791.9605,50404001.6549,0.1101,113276794
2026-07-12 02:09,2026-07-11T16:09:00.000Z,1783786140000,66902850.7652,49663712.0732,0.1479,116566563
2026-07-12 02:10,2026-07-11T16:10:00.000Z,1783786200000,59280729.1269,52998845.2444,0.0559,112279574
2026-07-12 02:11,2026-07-11T16:11:00.000Z,1783786260000,57385441.6873,55697720.3347,0.0149,113083162
2026-07-12 02:12,2026-07-11T16:12:00.000Z,1783786320000,55543649.4085,68237805.9348,-0.1026,123781455
2026-07-12 02:13,2026-07-11T16:13:00.000Z,1783786380000,58686379.667,65580990.0083,-0.0555,124267370
2026-07-12 02:14,2026-07-11T16:14:00.000Z,1783786440000,53398367.9506,66433986.327,-0.1088,119832354
2026-07-12 02:15,2026-07-11T16:15:00.000Z,1783786500000,54005448.3191,68067156.547,-0.1152,122072605
2026-07-12 02:16,2026-07-11T16:16:00.000Z,1783786560000,60990045.1817,62181004.2589,-0.0097,123171049
2026-07-12 02:17,2026-07-11T16:17:00.000Z,1783786620000,60059611.795,63463929.584,-0.0276,123523541
2026-07-12 02:18,2026-07-11T16:18:00.000Z,1783786680000,58959464.7407,67218848.2552,-0.0655,126178313
2026-07-12 02:19,2026-07-11T16:19:00.000Z,1783786740000,53919130.1959,70231566.0905,-0.1314,124150696
2026-07-12 02:20,2026-07-11T16:20:00.000Z,1783786800000,53350029.389,73666743.3227,-0.1600,127016773
2026-07-12 02:21,2026-07-11T16:21:00.000Z,1783786860000,53112748.105,66887913.2613,-0.1148,120000661
2026-07-12 02:22,2026-07-11T16:22:00.000Z,1783786920000,60848711.9027,64223423.4343,-0.0270,125072135
2026-07-12 02:23,2026-07-11T16:23:00.000Z,1783786980000,55781680.5049,70952282.248,-0.1197,126733963
2026-07-12 02:24,2026-07-11T16:24:00.000Z,1783787040000,45795089.7105,78165508.355,-0.2611,123960598
2026-07-12 02:25,2026-07-11T16:25:00.000Z,1783787100000,53591489.9859,80994847.9539,-0.2036,134586338
2026-07-12 02:26,2026-07-11T16:26:00.000Z,1783787160000,55513008.1197,76689338.0983,-0.1602,132202346
2026-07-12 02:27,2026-07-11T16:27:00.000Z,1783787220000,57043301.9651,78032497.2104,-0.1554,135075799
2026-07-12 02:28,2026-07-11T16:28:00.000Z,1783787280000,50657604.2029,84738151.4685,-0.2517,135395756
2026-07-12 02:29,2026-07-11T16:29:00.000Z,1783787340000,52878395.3054,78188063.881,-0.1931,131066459
2026-07-12 02:30,2026-07-11T16:30:00.000Z,1783787400000,48295428.2075,79939136.7116,-0.2468,128234565
2026-07-12 02:31,2026-07-11T16:31:00.000Z,1783787460000,46664434.0811,87004879.8687,-0.3018,133669314
2026-07-12 02:32,2026-07-11T16:32:00.000Z,1783787520000,47906575.8586,85805360.003,-0.2834,133711936
2026-07-12 02:33,2026-07-11T16:33:00.000Z,1783787580000,46876545.2547,88892953.977,-0.3095,135769499
2026-07-12 02:34,2026-07-11T16:34:00.000Z,1783787640000,53329856.8948,85170352.3823,-0.2299,138500209
2026-07-12 02:35,2026-07-11T16:35:00.000Z,1783787700000,53201989.3411,83610912.0596,-0.2223,136812901
2026-07-12 02:36,2026-07-11T16:36:00.000Z,1783787760000,50490264.4221,81461248.0424,-0.2347,131951512
2026-07-12 02:37,2026-07-11T16:37:00.000Z,1783787820000,59721694.3224,69357000.5863,-0.0746,129078695
2026-07-12 02:38,2026-07-11T16:38:00.000Z,1783787880000,61745804.2111,78031828.939,-0.1165,139777633
2026-07-12 02:39,2026-07-11T16:39:00.000Z,1783787940000,63996760.2717,80306867.0381,-0.1130,144303627
2026-07-12 02:40,2026-07-11T16:40:00.000Z,1783788000000,62602998.626,82208324.6682,-0.1354,144811323
2026-07-12 02:41,2026-07-11T16:41:00.000Z,1783788060000,67417740.4492,71605320.7939,-0.0301,139023061
2026-07-12 02:42,2026-07-11T16:42:00.000Z,1783788120000,65842202.2122,71687247.5031,-0.0425,137529450
2026-07-12 02:43,2026-07-11T16:43:00.000Z,1783788180000,62874570.3065,72220659.1657,-0.0692,135095229
2026-07-12 02:44,2026-07-11T16:44:00.000Z,1783788240000,70021414.8284,75754107.792,-0.0393,145775523
2026-07-12 02:45,2026-07-11T16:45:00.000Z,1783788300000,69335479.2862,77879071.1254,-0.0580,147214550
2026-07-12 02:46,2026-07-11T16:46:00.000Z,1783788360000,68185672.3038,73341627.2784,-0.0364,141527300
2026-07-12 02:47,2026-07-11T16:47:00.000Z,1783788420000,69125697.3934,72949463.1914,-0.0269,142075161
2026-07-12 02:48,2026-07-11T16:48:00.000Z,1783788480000,68331243.2423,72235945.7349,-0.0278,140567189
2026-07-12 02:49,2026-07-11T16:49:00.000Z,1783788540000,50496402.1123,84149992.6639,-0.2499,134646395
2026-07-12 02:50,2026-07-11T16:50:00.000Z,1783788600000,47289207.8393,83963326.1416,-0.2794,131252534
2026-07-12 02:51,2026-07-11T16:51:00.000Z,1783788660000,51240546.8813,87031005.3136,-0.2588,138271552
2026-07-12 02:52,2026-07-11T16:52:00.000Z,1783788720000,55179441.6217,85228853.2736,-0.2140,140408295
2026-07-12 02:53,2026-07-11T16:53:00.000Z,1783788780000,57946812.7877,82819339.9418,-0.1767,140766153
2026-07-12 02:54,2026-07-11T16:54:00.000Z,1783788840000,56999995.5379,88291986.6269,-0.2154,145291982
2026-07-12 02:55,2026-07-11T16:55:00.000Z,1783788900000,57232488.6725,87380032.8482,-0.2085,144612522
2026-07-12 02:56,2026-07-11T16:56:00.000Z,1783788960000,57702931.5256,88983939.3474,-0.2133,146686871
2026-07-12 02:57,2026-07-11T16:57:00.000Z,1783789020000,54197237.405,107684306.9343,-0.3304,161881544
2026-07-12 02:58,2026-07-11T16:58:00.000Z,1783789080000,56414355.9231,108786305.4227,-0.3170,165200661
2026-07-12 02:59,2026-07-11T16:59:00.000Z,1783789140000,56858007.1099,111110602.5929,-0.3230,167968610
2026-07-12 03:00,2026-07-11T17:00:00.000Z,1783789200000,55554699.8533,108558570.025,-0.3230,164113270
2026-07-12 03:01,2026-07-11T17:01:00.000Z,1783789260000,57769016.9731,96894293.6894,-0.2530,154663311
2026-07-12 03:02,2026-07-11T17:02:00.000Z,1783789320000,56118287.5646,110958903.1632,-0.3282,167077191
2026-07-12 03:03,2026-07-11T17:03:00.000Z,1783789380000,58270057.2408,94303493.3783,-0.2362,152573551
2026-07-12 03:04,2026-07-11T17:04:00.000Z,1783789440000,63075723.4778,93834971.4074,-0.1960,156910695
2026-07-12 03:05,2026-07-11T17:05:00.000Z,1783789500000,59344740.3943,96247906.8875,-0.2372,155592647
2026-07-12 03:06,2026-07-11T17:06:00.000Z,1783789560000,58391797.6495,98881790.8931,-0.2574,157273589
2026-07-12 03:07,2026-07-11T17:07:00.000Z,1783789620000,53451546.2849,110445247.8577,-0.3477,163896794
2026-07-12 03:08,2026-07-11T17:08:00.000Z,1783789680000,54931673.5724,99864232.3747,-0.2903,154795906
2026-07-12 03:09,2026-07-11T17:09:00.000Z,1783789740000,56334250.2982,93006536.7173,-0.2456,149340787
2026-07-12 03:10,2026-07-11T17:10:00.000Z,1783789800000,53918091.6709,95367143.4621,-0.2777,149285235
2026-07-12 03:11,2026-07-11T17:11:00.000Z,1783789860000,58172162.2819,92024985.0779,-0.2254,150197147
2026-07-12 03:12,2026-07-11T17:12:00.000Z,1783789920000,56108913.9006,94915465.4097,-0.2570,151024379
2026-07-12 03:13,2026-07-11T17:13:00.000Z,1783789980000,54152446.1732,97045879.4479,-0.2837,151198326
2026-07-12 03:14,2026-07-11T17:14:00.000Z,1783790040000,53321615.0216,97687529.336,-0.2938,151009144
2026-07-12 03:15,2026-07-11T17:15:00.000Z,1783790100000,59713734.719,90194405.337,-0.2033,149908140
2026-07-12 03:16,2026-07-11T17:16:00.000Z,1783790160000,54729700.1714,97994010.4327,-0.2833,152723711
2026-07-12 03:17,2026-07-11T17:17:00.000Z,1783790220000,54067495.2118,98991952.2479,-0.2935,153059447
2026-07-12 03:18,2026-07-11T17:18:00.000Z,1783790280000,53515437.712,99819041.3091,-0.3020,153334479
2026-07-12 03:19,2026-07-11T17:19:00.000Z,1783790340000,54792248.3743,101499511.0449,-0.2988,156291759
2026-07-12 03:20,2026-07-11T17:20:00.000Z,1783790400000,58237207.5733,94470061.3055,-0.2373,152707269
2026-07-12 03:21,2026-07-11T17:21:00.000Z,1783790460000,63354570.7735,83137806.9661,-0.1350,146492378
2026-07-12 03:22,2026-07-11T17:22:00.000Z,1783790520000,57670595.3923,90319315.7445,-0.2206,147989911
2026-07-12 03:23,2026-07-11T17:23:00.000Z,1783790580000,62541354.162,88868693.1957,-0.1739,151410047
2026-07-12 03:24,2026-07-11T17:24:00.000Z,1783790640000,57944352.8453,89693030.0592,-0.2150,147637383
2026-07-12 03:25,2026-07-11T17:25:00.000Z,1783790700000,55279057.9869,95556703.4884,-0.2670,150835761
2026-07-12 03:26,2026-07-11T17:26:00.000Z,1783790760000,51239409.9606,102850153.2298,-0.3349,154089563
2026-07-12 03:27,2026-07-11T17:27:00.000Z,1783790820000,53452424.9245,102271868.1669,-0.3135,155724293
2026-07-12 03:28,2026-07-11T17:28:00.000Z,1783790880000,51715172.5477,106572984.2797,-0.3466,158288157
2026-07-12 03:29,2026-07-11T17:29:00.000Z,1783790940000,51253109.0406,103949217.3065,-0.3395,155202326
2026-07-12 03:30,2026-07-11T17:30:00.000Z,1783791000000,52654121.5177,103518444.8333,-0.3257,156172566
2026-07-12 03:31,2026-07-11T17:31:00.000Z,1783791060000,51114619.1636,112547026.9026,-0.3754,163661646
2026-07-12 03:32,2026-07-11T17:32:00.000Z,1783791120000,48834591.1,116404614.3767,-0.4089,165239205
2026-07-12 03:33,2026-07-11T17:33:00.000Z,1783791180000,49367743.8237,112780470.2656,-0.3911,162148214
2026-07-12 03:34,2026-07-11T17:34:00.000Z,1783791240000,55361125.8803,109767338.6859,-0.3295,165128465
2026-07-12 03:35,2026-07-11T17:35:00.000Z,1783791300000,53024115.9874,119474523.205,-0.3852,172498639
2026-07-12 03:36,2026-07-11T17:36:00.000Z,1783791360000,57950284.0999,116402673.9222,-0.3353,174352958
2026-07-12 03:37,2026-07-11T17:37:00.000Z,1783791420000,60173030.6119,107141839.1375,-0.2807,167314870
2026-07-12 03:38,2026-07-11T17:38:00.000Z,1783791480000,56662443.0651,113014943.5966,-0.3321,169677387
2026-07-12 03:39,2026-07-11T17:39:00.000Z,1783791540000,53424446.0185,118619900.2112,-0.3789,172044346
2026-07-12 03:40,2026-07-11T17:40:00.000Z,1783791600000,48347865.3549,123969239.1528,-0.4389,172317105
2026-07-12 03:41,2026-07-11T17:41:00.000Z,1783791660000,62748573.7218,112653155.5743,-0.2845,175401729
2026-07-12 03:42,2026-07-11T17:42:00.000Z,1783791720000,61776760.0744,108581375.7287,-0.2747,170358136
2026-07-12 03:43,2026-07-11T17:43:00.000Z,1783791780000,64264514.6367,107088062.386,-0.2499,171352577
2026-07-12 03:44,2026-07-11T17:44:00.000Z,1783791840000,62446802.0775,109532204.774,-0.2738,171979007
2026-07-12 03:45,2026-07-11T17:45:00.000Z,1783791900000,62713724.3772,112020447.589,-0.2822,174734172
2026-07-12 03:46,2026-07-11T17:46:00.000Z,1783791960000,57681995.255,114283323.1729,-0.3291,171965318
2026-07-12 03:47,2026-07-11T17:47:00.000Z,1783792020000,68540531.5444,108528259.1654,-0.2258,177068791
2026-07-12 03:48,2026-07-11T17:48:00.000Z,1783792080000,69431523.0155,106023032.1836,-0.2086,175454555
2026-07-12 03:49,2026-07-11T17:49:00.000Z,1783792140000,69182073.7302,106837189.6533,-0.2139,176019263
2026-07-12 03:50,2026-07-11T17:50:00.000Z,1783792200000,67784886.9248,109193535.2228,-0.2340,176978422
2026-07-12 03:51,2026-07-11T17:51:00.000Z,1783792260000,65939068.9856,104462152.2418,-0.2261,170401221
2026-07-12 03:52,2026-07-11T17:52:00.000Z,1783792320000,61695384.8997,110405732.3773,-0.2830,172101117
2026-07-12 03:53,2026-07-11T17:53:00.000Z,1783792380000,59785913.9846,111051684.1853,-0.3001,170837598
2026-07-12 03:54,2026-07-11T17:54:00.000Z,1783792440000,61500493.5724,108220550.8527,-0.2753,169721044
2026-07-12 03:55,2026-07-11T17:55:00.000Z,1783792500000,59912070.9849,109312996.6958,-0.2919,169225068
2026-07-12 03:56,2026-07-11T17:56:00.000Z,1783792560000,58604581.6098,109927461.3604,-0.3045,168532043
2026-07-12 03:57,2026-07-11T17:57:00.000Z,1783792620000,62209551.0782,109558412.5498,-0.2757,171767964
2026-07-12 03:58,2026-07-11T17:58:00.000Z,1783792680000,66231547.7123,106548528.7475,-0.2333,172780076
2026-07-12 03:59,2026-07-11T17:59:00.000Z,1783792740000,65788157.8502,103734669.8369,-0.2238,169522828
2026-07-12 04:00,2026-07-11T18:00:00.000Z,1783792800000,61804036.5649,104494971.6002,-0.2567,166299008
2026-07-12 04:01,2026-07-11T18:01:00.000Z,1783792860000,63020723.1769,108508599.7724,-0.2652,171529323
2026-07-12 04:02,2026-07-11T18:02:00.000Z,1783792920000,55074091.9775,104087482.7848,-0.3079,159161575
2026-07-12 04:03,2026-07-11T18:03:00.000Z,1783792980000,62804081.9218,101788788.3503,-0.2369,164592870
2026-07-12 04:04,2026-07-11T18:04:00.000Z,1783793040000,65692059.9193,101612795.4913,-0.2147,167304855
2026-07-12 04:05,2026-07-11T18:05:00.000Z,1783793100000,60004043.2502,104727255.8184,-0.2715,164731299
2026-07-12 04:06,2026-07-11T18:06:00.000Z,1783793160000,57669592.6482,109641794.199,-0.3106,167311387
2026-07-12 04:07,2026-07-11T18:07:00.000Z,1783793220000,60251989.3019,106743318.8478,-0.2784,166995308
2026-07-12 04:08,2026-07-11T18:08:00.000Z,1783793280000,64655926.0997,102524451.8079,-0.2265,167180378
2026-07-12 04:09,2026-07-11T18:09:00.000Z,1783793340000,63182857.5728,102828090.333,-0.2388,166010948
2026-07-12 04:10,2026-07-11T18:10:00.000Z,1783793400000,60029003.6197,105173774.2469,-0.2733,165202778
2026-07-12 04:11,2026-07-11T18:11:00.000Z,1783793460000,61948217.2268,105420897.2502,-0.2597,167369114
2026-07-12 04:12,2026-07-11T18:12:00.000Z,1783793520000,64972329.1342,101910646.6605,-0.2213,166882976
2026-07-12 04:13,2026-07-11T18:13:00.000Z,1783793580000,64693014.7586,101970110.404,-0.2237,166663125
2026-07-12 04:14,2026-07-11T18:14:00.000Z,1783793640000,62725554.1081,102345257.166,-0.2400,165070811
2026-07-12 04:15,2026-07-11T18:15:00.000Z,1783793700000,62195304.4265,100206265.4805,-0.2341,162401570
2026-07-12 04:16,2026-07-11T18:16:00.000Z,1783793760000,61146611.1071,103271390.4472,-0.2562,164418002
2026-07-12 04:17,2026-07-11T18:17:00.000Z,1783793820000,57981052.7569,110839339.6001,-0.3131,168820392
2026-07-12 04:18,2026-07-11T18:18:00.000Z,1783793880000,56438952.8876,111535314.1885,-0.3280,167974267
2026-07-12 04:19,2026-07-11T18:19:00.000Z,1783793940000,59593261.2334,110150969.4457,-0.2978,169744231
2026-07-12 04:20,2026-07-11T18:20:00.000Z,1783794000000,58724466.6831,110410323.7244,-0.3056,169134790
2026-07-12 04:21,2026-07-11T18:21:00.000Z,1783794060000,59021266.4393,110551368.3678,-0.3039,169572635
2026-07-12 04:22,2026-07-11T18:22:00.000Z,1783794120000,55173141.5824,111846514.0337,-0.3393,167019656
2026-07-12 04:23,2026-07-11T18:23:00.000Z,1783794180000,62515127.6941,112579226.4731,-0.2859,175094354
2026-07-12 04:24,2026-07-11T18:24:00.000Z,1783794240000,55866930.7284,118979962.0579,-0.3610,174846893
2026-07-12 04:25,2026-07-11T18:25:00.000Z,1783794300000,54713873.4228,122871808.4605,-0.3838,177585682
2026-07-12 04:26,2026-07-11T18:26:00.000Z,1783794360000,54858676.7867,123311387.011,-0.3842,178170064
2026-07-12 04:27,2026-07-11T18:27:00.000Z,1783794420000,62304309.7862,117184831.3701,-0.3058,179489141
2026-07-12 04:28,2026-07-11T18:28:00.000Z,1783794480000,66067070.5746,109625327.7158,-0.2479,175692398
2026-07-12 04:29,2026-07-11T18:29:00.000Z,1783794540000,64487846.2892,109249901.6327,-0.2576,173737748
2026-07-12 04:30,2026-07-11T18:30:00.000Z,1783794600000,64873005.1997,112312710.3662,-0.2677,177185716
2026-07-12 04:31,2026-07-11T18:31:00.000Z,1783794660000,64484084.927,113230965.4588,-0.2743,177715050
2026-07-12 04:32,2026-07-11T18:32:00.000Z,1783794720000,61984455.0073,106436997.4821,-0.2639,168421452
2026-07-12 04:33,2026-07-11T18:33:00.000Z,1783794780000,61315182.4854,114929523.3938,-0.3042,176244706
2026-07-12 04:34,2026-07-11T18:34:00.000Z,1783794840000,63756706.7822,109165418.8198,-0.2626,172922126
2026-07-12 04:35,2026-07-11T18:35:00.000Z,1783794900000,59215514.856,116446613.791,-0.3258,175662129
2026-07-12 04:36,2026-07-11T18:36:00.000Z,1783794960000,60348732.3376,113131004.7293,-0.3043,173479737
2026-07-12 04:37,2026-07-11T18:37:00.000Z,1783795020000,58279760.6951,117201423.2858,-0.3358,175481184
2026-07-12 04:38,2026-07-11T18:38:00.000Z,1783795080000,58590938.4355,115996491.4813,-0.3288,174587430
2026-07-12 04:39,2026-07-11T18:39:00.000Z,1783795140000,55551741.0555,116880521.8383,-0.3557,172432263
2026-07-12 04:40,2026-07-11T18:40:00.000Z,1783795200000,60722141.2587,115999439.1449,-0.3128,176721580
2026-07-12 04:41,2026-07-11T18:41:00.000Z,1783795260000,62725553.3245,116201060.1139,-0.2989,178926613
2026-07-12 04:42,2026-07-11T18:42:00.000Z,1783795320000,52076288.1109,123193593.3376,-0.4058,175269881
2026-07-12 04:43,2026-07-11T18:43:00.000Z,1783795380000,57800395.7448,122479246.4663,-0.3588,180279642
2026-07-12 04:44,2026-07-11T18:44:00.000Z,1783795440000,56872480.13,124519852.0499,-0.3729,181392332
2026-07-12 04:45,2026-07-11T18:45:00.000Z,1783795500000,62542309.0743,125836821.3675,-0.3360,188379130
2026-07-12 04:46,2026-07-11T18:46:00.000Z,1783795560000,56616820.7904,122985982.3138,-0.3695,179602803
2026-07-12 04:47,2026-07-11T18:47:00.000Z,1783795620000,59791591.3329,123907848.3138,-0.3490,183699440
2026-07-12 04:48,2026-07-11T18:48:00.000Z,1783795680000,60684916.9565,122272885.4046,-0.3366,182957802
2026-07-12 04:49,2026-07-11T18:49:00.000Z,1783795740000,72393375.4675,112118214.7944,-0.2153,184511590
2026-07-12 04:50,2026-07-11T18:50:00.000Z,1783795800000,71256900.1827,113363682.8991,-0.2281,184620583
2026-07-12 04:51,2026-07-11T18:51:00.000Z,1783795860000,71627677.7379,114218291.2434,-0.2292,185845969
2026-07-12 04:52,2026-07-11T18:52:00.000Z,1783795920000,65977699.792,104803030.709,-0.2273,170780731
2026-07-12 04:53,2026-07-11T18:53:00.000Z,1783795980000,64463251.2895,108853794.5226,-0.2561,173317046
2026-07-12 04:54,2026-07-11T18:54:00.000Z,1783796040000,67176207.0117,109640383.3482,-0.2402,176816590
2026-07-12 04:55,2026-07-11T18:55:00.000Z,1783796100000,65391864.5726,112961222.8221,-0.2667,178353087
2026-07-12 04:56,2026-07-11T18:56:00.000Z,1783796160000,64083504.3017,112570800.6799,-0.2745,176654305
2026-07-12 04:57,2026-07-11T18:57:00.000Z,1783796220000,61916505.5446,119315796.209,-0.3167,181232302
2026-07-12 04:58,2026-07-11T18:58:00.000Z,1783796280000,69364051.1343,117097811.3805,-0.2560,186461863
2026-07-12 04:59,2026-07-11T18:59:00.000Z,1783796340000,64640158.9537,116419837.6407,-0.2860,181059997
2026-07-12 05:00,2026-07-11T19:00:00.000Z,1783796400000,62894343.6508,111945572.7406,-0.2805,174839916
2026-07-12 05:01,2026-07-11T19:01:00.000Z,1783796460000,69738844.9623,112803953.7462,-0.2359,182542799
2026-07-12 05:02,2026-07-11T19:02:00.000Z,1783796520000,70798984.4693,109603637.3294,-0.2151,180402622
2026-07-12 05:03,2026-07-11T19:03:00.000Z,1783796580000,70579098.8713,109219070.4802,-0.2149,179798169
2026-07-12 05:04,2026-07-11T19:04:00.000Z,1783796640000,65146684.834,100025517.8662,-0.2112,165172203
2026-07-12 05:05,2026-07-11T19:05:00.000Z,1783796700000,64373121.5733,102871988.4945,-0.2302,167245110
2026-07-12 05:06,2026-07-11T19:06:00.000Z,1783796760000,67489645.962,101704680.5734,-0.2022,169194327
2026-07-12 05:07,2026-07-11T19:07:00.000Z,1783796820000,67852700.2062,101758259.0326,-0.1999,169610959
2026-07-12 05:08,2026-07-11T19:08:00.000Z,1783796880000,67887255.589,101803723.3159,-0.1999,169690979
2026-07-12 05:09,2026-07-11T19:09:00.000Z,1783796940000,68496933.2711,101818889.9815,-0.1956,170315823
2026-07-12 05:10,2026-07-11T19:10:00.000Z,1783797000000,65876740.1385,102509330.6655,-0.2176,168386071
2026-07-12 05:11,2026-07-11T19:11:00.000Z,1783797060000,59150411.0211,104555679.7737,-0.2774,163706091
2026-07-12 05:12,2026-07-11T19:12:00.000Z,1783797120000,62766566.8635,107609325.4039,-0.2632,170375892
2026-07-12 05:13,2026-07-11T19:13:00.000Z,1783797180000,60514128.4722,114152298.5114,-0.3071,174666427
2026-07-12 05:14,2026-07-11T19:14:00.000Z,1783797240000,66993154.1278,102797069.4019,-0.2109,169790224
2026-07-12 05:15,2026-07-11T19:15:00.000Z,1783797300000,66392623.4717,102870743.4258,-0.2155,169263367
2026-07-12 05:16,2026-07-11T19:16:00.000Z,1783797360000,70314118.0946,102460266.1499,-0.1861,172774384
2026-07-12 05:17,2026-07-11T19:17:00.000Z,1783797420000,66886462.1494,101033715.5207,-0.2034,167920178
2026-07-12 05:18,2026-07-11T19:18:00.000Z,1783797480000,65817320.3377,103585435.8984,-0.2229,169402756
2026-07-12 05:19,2026-07-11T19:19:00.000Z,1783797540000,65430822.8734,103437259.9509,-0.2251,168868083
2026-07-12 05:20,2026-07-11T19:20:00.000Z,1783797600000,64374963.1775,105369455.1689,-0.2415,169744418
2026-07-12 05:21,2026-07-11T19:21:00.000Z,1783797660000,71684982.9127,99301281.7727,-0.1615,170986265
2026-07-12 05:22,2026-07-11T19:22:00.000Z,1783797720000,69081906.0174,100123576.462,-0.1835,169205482
2026-07-12 05:23,2026-07-11T19:23:00.000Z,1783797780000,69466302.1652,99491563.9517,-0.1777,168957866
2026-07-12 05:24,2026-07-11T19:24:00.000Z,1783797840000,68642774.768,98789362.492,-0.1801,167432137
2026-07-12 05:25,2026-07-11T19:25:00.000Z,1783797900000,69288794.0432,98895770.9798,-0.1760,168184565
2026-07-12 05:26,2026-07-11T19:26:00.000Z,1783797960000,61202847.3194,99903926.2908,-0.2402,161106774
2026-07-12 05:27,2026-07-11T19:27:00.000Z,1783798020000,72371556.2833,87384457.0275,-0.0940,159756013
2026-07-12 05:28,2026-07-11T19:28:00.000Z,1783798080000,65740347.3286,83227776.6488,-0.1174,148968124
2026-07-12 05:29,2026-07-11T19:29:00.000Z,1783798140000,70897734.9861,77680899.0924,-0.0457,148578634
2026-07-12 05:30,2026-07-11T19:30:00.000Z,1783798200000,65980835.6714,82978740.8252,-0.1141,148959576
2026-07-12 05:31,2026-07-11T19:31:00.000Z,1783798260000,67513261.6745,80886601.0059,-0.0901,148399863
2026-07-12 05:32,2026-07-11T19:32:00.000Z,1783798320000,62562645.0714,86788979.5327,-0.1622,149351625
2026-07-12 05:33,2026-07-11T19:33:00.000Z,1783798380000,62723677.8915,86619179.2665,-0.1600,149342857
2026-07-12 05:34,2026-07-11T19:34:00.000Z,1783798440000,67205090.8526,83157168.1931,-0.1061,150362259
2026-07-12 05:35,2026-07-11T19:35:00.000Z,1783798500000,61503290.8818,84845531.8567,-0.1595,146348823
2026-07-12 05:36,2026-07-11T19:36:00.000Z,1783798560000,60508523.9234,86265428.4697,-0.1755,146773952
2026-07-12 05:37,2026-07-11T19:37:00.000Z,1783798620000,59052668.2733,91472358.917,-0.2154,150525027
2026-07-12 05:38,2026-07-11T19:38:00.000Z,1783798680000,55442642.9835,87147662.8387,-0.2224,142590306
2026-07-12 05:39,2026-07-11T19:39:00.000Z,1783798740000,61385368.3654,86733927.4024,-0.1711,148119296
2026-07-12 05:40,2026-07-11T19:40:00.000Z,1783798800000,63460087.3325,83024884.2284,-0.1336,146484972
2026-07-12 05:41,2026-07-11T19:41:00.000Z,1783798860000,60402131.8561,87491904.9424,-0.1832,147894037
2026-07-12 05:42,2026-07-11T19:42:00.000Z,1783798920000,65343491.9786,80161292.9648,-0.1018,145504785
2026-07-12 05:43,2026-07-11T19:43:00.000Z,1783798980000,62885633.361,80757807.6072,-0.1244,143643441
2026-07-12 05:44,2026-07-11T19:44:00.000Z,1783799040000,63490625.8966,79929791.8213,-0.1146,143420418
2026-07-12 05:45,2026-07-11T19:45:00.000Z,1783799100000,59742189.3344,87592075.1005,-0.1890,147334264
2026-07-12 05:46,2026-07-11T19:46:00.000Z,1783799160000,61204946.8339,102780033.6759,-0.2535,163984981
2026-07-12 05:47,2026-07-11T19:47:00.000Z,1783799220000,64358600.9408,102121015.4294,-0.2268,166479616
2026-07-12 05:48,2026-07-11T19:48:00.000Z,1783799280000,66940947.4309,102526842.1542,-0.2100,169467790
2026-07-12 05:49,2026-07-11T19:49:00.000Z,1783799340000,64212488.5394,99088404.4301,-0.2136,163300893
2026-07-12 05:50,2026-07-11T19:50:00.000Z,1783799400000,68066915.2974,99908134.4524,-0.1896,167975050
2026-07-12 05:51,2026-07-11T19:51:00.000Z,1783799460000,60533254.9003,100474378.3813,-0.2481,161007633
2026-07-12 05:52,2026-07-11T19:52:00.000Z,1783799520000,66928394.6572,100689880.6798,-0.2014,167618275
2026-07-12 05:53,2026-07-11T19:53:00.000Z,1783799580000,62166314.9292,109488845.3294,-0.2757,171655160
2026-07-12 05:54,2026-07-11T19:54:00.000Z,1783799640000,62171768.803,109735345.4788,-0.2767,171907114
2026-07-12 05:55,2026-07-11T19:55:00.000Z,1783799700000,61917676.2253,110451386.2416,-0.2816,172369062
2026-07-12 05:56,2026-07-11T19:56:00.000Z,1783799760000,62188123.6172,108338616.8631,-0.2706,170526740
2026-07-12 05:57,2026-07-11T19:57:00.000Z,1783799820000,63436720.8044,107205146.0056,-0.2565,170641867
2026-07-12 05:58,2026-07-11T19:58:00.000Z,1783799880000,69271804.6224,103650779.6529,-0.1988,172922584
2026-07-12 05:59,2026-07-11T19:59:00.000Z,1783799940000,70276377.5228,107262907.8774,-0.2083,177539285
2026-07-12 06:00,2026-07-11T20:00:00.000Z,1783800000000,67543239.613,106400794.0823,-0.2234,173944034
2026-07-12 06:01,2026-07-11T20:01:00.000Z,1783800060000,67442837.3576,106486235.1333,-0.2245,173929072
2026-07-12 06:02,2026-07-11T20:02:00.000Z,1783800120000,71950997.0129,101548149.8692,-0.1706,173499147
2026-07-12 06:03,2026-07-11T20:03:00.000Z,1783800180000,73072000.8179,101743337.9801,-0.1640,174815339
2026-07-12 06:04,2026-07-11T20:04:00.000Z,1783800240000,66928321.2969,107354537.9322,-0.2320,174282859
2026-07-12 06:05,2026-07-11T20:05:00.000Z,1783800300000,62580272.1457,107404410.1256,-0.2637,169984682
2026-07-12 06:06,2026-07-11T20:06:00.000Z,1783800360000,66937457.9054,103340687.0507,-0.2138,170278145
2026-07-12 06:07,2026-07-11T20:07:00.000Z,1783800420000,71036986.9857,101311281.457,-0.1757,172348268
2026-07-12 06:08,2026-07-11T20:08:00.000Z,1783800480000,66976235.2638,102193686.9462,-0.2082,169169922
2026-07-12 06:09,2026-07-11T20:09:00.000Z,1783800540000,62351522.6823,98815158.2252,-0.2262,161166681
2026-07-12 06:10,2026-07-11T20:10:00.000Z,1783800600000,64016996.3094,103593166.1631,-0.2361,167610162
2026-07-12 06:11,2026-07-11T20:11:00.000Z,1783800660000,64940299.0607,102704609.769,-0.2253,167644909
2026-07-12 06:12,2026-07-11T20:12:00.000Z,1783800720000,65331866.1802,103306796.6078,-0.2252,168638663
2026-07-12 06:13,2026-07-11T20:13:00.000Z,1783800780000,64159499.628,101791813.4286,-0.2268,165951313
2026-07-12 06:14,2026-07-11T20:14:00.000Z,1783800840000,62866983.6699,107678532.8821,-0.2628,170545517
2026-07-12 06:15,2026-07-11T20:15:00.000Z,1783800900000,61729987.4214,108116679.5844,-0.2731,169846667
2026-07-12 06:16,2026-07-11T20:16:00.000Z,1783800960000,65028798.0073,106769754.0348,-0.2430,171798552
2026-07-12 06:17,2026-07-11T20:17:00.000Z,1783801020000,62446050.1072,112165791.9918,-0.2847,174611842
2026-07-12 06:18,2026-07-11T20:18:00.000Z,1783801080000,66030202.3562,105489822.8617,-0.2301,171520025
2026-07-12 06:19,2026-07-11T20:19:00.000Z,1783801140000,64149427.3343,105820587.9381,-0.2452,169970015
2026-07-12 06:20,2026-07-11T20:20:00.000Z,1783801200000,62384815.5786,111400660.7881,-0.2820,173785476
2026-07-12 06:21,2026-07-11T20:21:00.000Z,1783801260000,62809369.5936,111831071.4746,-0.2807,174640441
2026-07-12 06:22,2026-07-11T20:22:00.000Z,1783801320000,66257701.5988,104172117.4438,-0.2225,170429819
2026-07-12 06:23,2026-07-11T20:23:00.000Z,1783801380000,64666903.1521,103956143.7892,-0.2330,168623047
2026-07-12 06:24,2026-07-11T20:24:00.000Z,1783801440000,64696836.6152,104176339.4893,-0.2338,168873176
2026-07-12 06:25,2026-07-11T20:25:00.000Z,1783801500000,65585573.2425,104581494.949,-0.2292,170167068
2026-07-12 06:26,2026-07-11T20:26:00.000Z,1783801560000,63489891.5857,104682324.7639,-0.2449,168172216
2026-07-12 06:27,2026-07-11T20:27:00.000Z,1783801620000,64080897.0146,103041440.1081,-0.2331,167122337
2026-07-12 06:28,2026-07-11T20:28:00.000Z,1783801680000,62818905.8701,104793573.8981,-0.2504,167612480
2026-07-12 06:29,2026-07-11T20:29:00.000Z,1783801740000,62698838.013,107292319.5998,-0.2623,169991158
2026-07-12 06:30,2026-07-11T20:30:00.000Z,1783801800000,60653072.8195,111456464.2217,-0.2952,172109537
2026-07-12 06:31,2026-07-11T20:31:00.000Z,1783801860000,63531513.9027,109235813.5916,-0.2645,172767327
2026-07-12 06:32,2026-07-11T20:32:00.000Z,1783801920000,64009190.8026,104775863.2885,-0.2415,168785054
2026-07-12 06:33,2026-07-11T20:33:00.000Z,1783801980000,61565306.3522,111577810.9214,-0.2889,173143117
2026-07-12 06:34,2026-07-11T20:34:00.000Z,1783802040000,62381256.8096,111333386.0782,-0.2818,173714643
2026-07-12 06:35,2026-07-11T20:35:00.000Z,1783802100000,65349354.6073,109957361.7243,-0.2545,175306716
2026-07-12 06:36,2026-07-11T20:36:00.000Z,1783802160000,65257851.8962,109597219.0037,-0.2536,174855071
2026-07-12 06:37,2026-07-11T20:37:00.000Z,1783802220000,62620975.9358,111455658.0901,-0.2805,174076634
2026-07-12 06:38,2026-07-11T20:38:00.000Z,1783802280000,63225592.7335,110525911.0153,-0.2722,173751504
2026-07-12 06:39,2026-07-11T20:39:00.000Z,1783802340000,67314588.4481,104328997.5064,-0.2156,171643586
2026-07-12 06:40,2026-07-11T20:40:00.000Z,1783802400000,61810836.5319,110148990.3241,-0.2811,171959827
2026-07-12 06:41,2026-07-11T20:41:00.000Z,1783802460000,56112706.0679,114509437.4237,-0.3423,170622143
2026-07-12 06:42,2026-07-11T20:42:00.000Z,1783802520000,61601981.5579,110284259.2453,-0.2832,171886241
2026-07-12 06:43,2026-07-11T20:43:00.000Z,1783802580000,58655618.5641,116142873.3337,-0.3289,174798492
2026-07-12 06:44,2026-07-11T20:44:00.000Z,1783802640000,67021881.529,108060088.0981,-0.2344,175081970
2026-07-12 06:45,2026-07-11T20:45:00.000Z,1783802700000,59231797.814,117217228.3584,-0.3286,176449026
2026-07-12 06:46,2026-07-11T20:46:00.000Z,1783802760000,57235571.1558,117892350.0774,-0.3464,175127921
2026-07-12 06:47,2026-07-11T20:47:00.000Z,1783802820000,58756750.0653,119623008.6116,-0.3412,178379759
2026-07-12 06:48,2026-07-11T20:48:00.000Z,1783802880000,65371302.1519,108281308.3724,-0.2471,173652611
2026-07-12 06:49,2026-07-11T20:49:00.000Z,1783802940000,69683934.2843,105600805.5175,-0.2049,175284740
2026-07-12 06:50,2026-07-11T20:50:00.000Z,1783803000000,69248947.8486,107791412.694,-0.2177,177040361
2026-07-12 06:51,2026-07-11T20:51:00.000Z,1783803060000,69872020.0575,107491274.9517,-0.2121,177363295
2026-07-12 06:52,2026-07-11T20:52:00.000Z,1783803120000,68723491.0297,108456205.7385,-0.2243,177179697
2026-07-12 06:53,2026-07-11T20:53:00.000Z,1783803180000,66000687.0045,113154867.9324,-0.2632,179155555
2026-07-12 06:54,2026-07-11T20:54:00.000Z,1783803240000,67999136.4882,109805807.0056,-0.2351,177804943
2026-07-12 06:55,2026-07-11T20:55:00.000Z,1783803300000,64611804.1153,109034494.8433,-0.2558,173646299
2026-07-12 06:56,2026-07-11T20:56:00.000Z,1783803360000,66094000.3625,109483543.3784,-0.2471,175577544
2026-07-12 06:57,2026-07-11T20:57:00.000Z,1783803420000,60257866.1939,98432401.3237,-0.2406,158690268
2026-07-12 06:58,2026-07-11T20:58:00.000Z,1783803480000,63364176.003,107121529.5006,-0.2567,170485706
2026-07-12 06:59,2026-07-11T20:59:00.000Z,1783803540000,67689437.9962,107824648.4888,-0.2287,175514086
2026-07-12 07:00,2026-07-11T21:00:00.000Z,1783803600000,66281341.0409,106543256.749,-0.2330,172824598
2026-07-12 07:01,2026-07-11T21:01:00.000Z,1783803660000,63787983.6013,111512649.5448,-0.2722,175300633
2026-07-12 07:02,2026-07-11T21:02:00.000Z,1783803720000,60061612.8848,114525099.1409,-0.3120,174586712
2026-07-12 07:03,2026-07-11T21:03:00.000Z,1783803780000,59631323.3849,112681327.2126,-0.3079,172312651
2026-07-12 07:04,2026-07-11T21:04:00.000Z,1783803840000,60790830.076,118135115.8888,-0.3205,178925946
2026-07-12 07:05,2026-07-11T21:05:00.000Z,1783803900000,58437209.6308,123435219.6529,-0.3574,181872429
2026-07-12 07:06,2026-07-11T21:06:00.000Z,1783803960000,58563602.4447,120728639.5904,-0.3467,179292242
2026-07-12 07:07,2026-07-11T21:07:00.000Z,1783804020000,59346224.8948,120786094.12,-0.3411,180132319
2026-07-12 07:08,2026-07-11T21:08:00.000Z,1783804080000,62666850.5561,117042561.2782,-0.3026,179709412
2026-07-12 07:09,2026-07-11T21:09:00.000Z,1783804140000,61546918.8487,116417151.3682,-0.3083,177964070
2026-07-12 07:10,2026-07-11T21:10:00.000Z,1783804200000,56261861.6885,109288871.4737,-0.3203,165550733
2026-07-12 07:11,2026-07-11T21:11:00.000Z,1783804260000,56302589.5093,108923190.857,-0.3185,165225780
2026-07-12 07:12,2026-07-11T21:12:00.000Z,1783804320000,59072759.4401,106543971.0638,-0.2866,165616731
2026-07-12 07:13,2026-07-11T21:13:00.000Z,1783804380000,58304366.1852,103023281.9926,-0.2772,161327648
2026-07-12 07:14,2026-07-11T21:14:00.000Z,1783804440000,55570391.7206,108013957.4004,-0.3206,163584349
2026-07-12 07:15,2026-07-11T21:15:00.000Z,1783804500000,63321165.7329,101802750.8846,-0.2330,165123917
2026-07-12 07:16,2026-07-11T21:16:00.000Z,1783804560000,62964605.1852,100208425.8652,-0.2282,163173031
2026-07-12 07:17,2026-07-11T21:17:00.000Z,1783804620000,57006609.6763,97277601.4955,-0.2610,154284211
2026-07-12 07:18,2026-07-11T21:18:00.000Z,1783804680000,53337723.7498,112433953.1731,-0.3565,165771677
2026-07-12 07:19,2026-07-11T21:19:00.000Z,1783804740000,64788387.6725,98737757.7597,-0.2076,163526145
2026-07-12 07:20,2026-07-11T21:20:00.000Z,1783804800000,56153381.8712,103997089.6029,-0.2987,160150471
2026-07-12 07:21,2026-07-11T21:21:00.000Z,1783804860000,55193006.8631,106155331.153,-0.3159,161348338
2026-07-12 07:22,2026-07-11T21:22:00.000Z,1783804920000,56563554.5892,110473412.7855,-0.3227,167036967
2026-07-12 07:23,2026-07-11T21:23:00.000Z,1783804980000,56089788.0402,109737350.2043,-0.3235,165827138
2026-07-12 07:24,2026-07-11T21:24:00.000Z,1783805040000,62522460.7902,102375449.8423,-0.2417,164897911
2026-07-12 07:25,2026-07-11T21:25:00.000Z,1783805100000,58422978.9613,101592820.9944,-0.2698,160015800
2026-07-12 07:26,2026-07-11T21:26:00.000Z,1783805160000,66697871.4756,98909374.9034,-0.1945,165607246
2026-07-12 07:27,2026-07-11T21:27:00.000Z,1783805220000,63783924.8296,97971659.6082,-0.2114,161755584
2026-07-12 07:28,2026-07-11T21:28:00.000Z,1783805280000,65018093.9827,95066575.7564,-0.1877,160084670
2026-07-12 07:29,2026-07-11T21:29:00.000Z,1783805340000,61993240.0415,98732141.723,-0.2286,160725382
2026-07-12 07:30,2026-07-11T21:30:00.000Z,1783805400000,61840761.8753,98088577.5942,-0.2266,159929339
2026-07-12 07:31,2026-07-11T21:31:00.000Z,1783805460000,61207834.5767,100257792.7001,-0.2418,161465627
2026-07-12 07:32,2026-07-11T21:32:00.000Z,1783805520000,59404412.6679,104490864.8455,-0.2751,163895278
2026-07-12 07:33,2026-07-11T21:33:00.000Z,1783805580000,57400758.7599,102085930.1106,-0.2802,159486689
2026-07-12 07:34,2026-07-11T21:34:00.000Z,1783805640000,66729227.2329,92168445.3686,-0.1601,158897673
2026-07-12 07:35,2026-07-11T21:35:00.000Z,1783805700000,60611097.7705,95504661.6105,-0.2235,156115759
2026-07-12 07:36,2026-07-11T21:36:00.000Z,1783805760000,60144295.0716,95658687.9456,-0.2279,155802983
2026-07-12 07:37,2026-07-11T21:37:00.000Z,1783805820000,57663218.6679,96681188.5879,-0.2528,154344407
2026-07-12 07:38,2026-07-11T21:38:00.000Z,1783805880000,58774345.5616,94530051.7477,-0.2332,153304397
2026-07-12 07:39,2026-07-11T21:39:00.000Z,1783805940000,57067072.9892,96595724.2461,-0.2572,153662797
2026-07-12 07:40,2026-07-11T21:40:00.000Z,1783806000000,60730489.0118,94693987.0003,-0.2185,155424476
2026-07-12 07:41,2026-07-11T21:41:00.000Z,1783806060000,66170890.8494,92501069.4868,-0.1659,158671960
2026-07-12 07:42,2026-07-11T21:42:00.000Z,1783806120000,61102218.2165,95637151.8111,-0.2203,156739370
2026-07-12 07:43,2026-07-11T21:43:00.000Z,1783806180000,61388531.3931,95904342.5162,-0.2194,157292874
2026-07-12 07:44,2026-07-11T21:44:00.000Z,1783806240000,59200896.0637,90269816.4254,-0.2079,149470712
2026-07-12 07:45,2026-07-11T21:45:00.000Z,1783806300000,62789179.1293,94487007.2631,-0.2015,157276186
2026-07-12 07:46,2026-07-11T21:46:00.000Z,1783806360000,58318428.4875,99223504.7957,-0.2596,157541933
2026-07-12 07:47,2026-07-11T21:47:00.000Z,1783806420000,60784781.2367,95030927.4983,-0.2198,155815709
2026-07-12 07:48,2026-07-11T21:48:00.000Z,1783806480000,61842301.8066,99095395.8971,-0.2315,160937698
2026-07-12 07:49,2026-07-11T21:49:00.000Z,1783806540000,61258833.213,100458369.9588,-0.2424,161717203
2026-07-12 07:50,2026-07-11T21:50:00.000Z,1783806600000,61162763.927,99688359.2608,-0.2395,160851123
2026-07-12 07:51,2026-07-11T21:51:00.000Z,1783806660000,57333727.9425,103306578.7272,-0.2862,160640307
2026-07-12 07:52,2026-07-11T21:52:00.000Z,1783806720000,59087329.4354,102137681.5244,-0.2670,161225011
2026-07-12 07:53,2026-07-11T21:53:00.000Z,1783806780000,61191989.5307,98428171.5123,-0.2333,159620161
2026-07-12 07:54,2026-07-11T21:54:00.000Z,1783806840000,61892701.8388,97424850.5927,-0.2230,159317552
2026-07-12 07:55,2026-07-11T21:55:00.000Z,1783806900000,63883828.8152,97789781.1756,-0.2097,161673610
2026-07-12 07:56,2026-07-11T21:56:00.000Z,1783806960000,65327737.2901,97003302.0721,-0.1951,162331039
2026-07-12 07:57,2026-07-11T21:57:00.000Z,1783807020000,65024506.1477,97630024.489,-0.2005,162654531
2026-07-12 07:58,2026-07-11T21:58:00.000Z,1783807080000,63125254.8194,100323272.8052,-0.2276,163448528
2026-07-12 07:59,2026-07-11T21:59:00.000Z,1783807140000,59811378.1239,97523568.4743,-0.2397,157334947
2026-07-12 08:00,2026-07-11T22:00:00.000Z,1783807200000,60752307.1333,97760470.9844,-0.2335,158512778
2026-07-12 08:01,2026-07-11T22:01:00.000Z,1783807260000,67288202.8904,97418306.0958,-0.1829,164706509
2026-07-12 08:02,2026-07-11T22:02:00.000Z,1783807320000,68353257.5207,98210892.4249,-0.1793,166564150
2026-07-12 08:03,2026-07-11T22:03:00.000Z,1783807380000,64754213.6747,100866816.0797,-0.2180,165621030
2026-07-12 08:04,2026-07-11T22:04:00.000Z,1783807440000,69023006.3108,89652927.8103,-0.1300,158675934
2026-07-12 08:05,2026-07-11T22:05:00.000Z,1783807500000,65418270.2949,98633249.8434,-0.2025,164051520
2026-07-12 08:06,2026-07-11T22:06:00.000Z,1783807560000,63885074.4598,86898399.9939,-0.1526,150783474
2026-07-12 08:07,2026-07-11T22:07:00.000Z,1783807620000,68562583.0951,89342086.8647,-0.1316,157904670
2026-07-12 08:08,2026-07-11T22:08:00.000Z,1783807680000,68942999.3437,88552183.9705,-0.1245,157495183
2026-07-12 08:09,2026-07-11T22:09:00.000Z,1783807740000,68127665.3578,88637550.2335,-0.1308,156765216
2026-07-12 08:10,2026-07-11T22:10:00.000Z,1783807800000,62976899.6436,101791787.188,-0.2356,164768687
2026-07-12 08:11,2026-07-11T22:11:00.000Z,1783807860000,60780907.8461,104446075.5825,-0.2643,165226983
2026-07-12 08:12,2026-07-11T22:12:00.000Z,1783807920000,63383521.7986,98962603.797,-0.2192,162346126
2026-07-12 08:13,2026-07-11T22:13:00.000Z,1783807980000,63449581.1509,100390533.2751,-0.2255,163840114
2026-07-12 08:14,2026-07-11T22:14:00.000Z,1783808040000,62502724.7652,99968726.5644,-0.2306,162471451
2026-07-12 08:15,2026-07-11T22:15:00.000Z,1783808100000,69197100.7888,88625699.4811,-0.1231,157822800
2026-07-12 08:16,2026-07-11T22:16:00.000Z,1783808160000,72569836.8917,89187827.4777,-0.1027,161757664
2026-07-12 08:17,2026-07-11T22:17:00.000Z,1783808220000,68966269.4199,92850128.7148,-0.1476,161816398
2026-07-12 08:18,2026-07-11T22:18:00.000Z,1783808280000,68960370.3813,93356551.5623,-0.1503,162316922
2026-07-12 08:19,2026-07-11T22:19:00.000Z,1783808340000,74281807.934,82287980.6956,-0.0511,156569789
2026-07-12 08:20,2026-07-11T22:20:00.000Z,1783808400000,73421570.5042,79851904.1264,-0.0420,153273475
2026-07-12 08:21,2026-07-11T22:21:00.000Z,1783808460000,74434263.6961,75030923.7452,-0.0040,149465187
2026-07-12 08:22,2026-07-11T22:22:00.000Z,1783808520000,72939451.453,61598992.1801,0.0843,134538444
2026-07-12 08:23,2026-07-11T22:23:00.000Z,1783808580000,67475693.7545,52605472.9529,0.1238,120081167
2026-07-12 08:24,2026-07-11T22:24:00.000Z,1783808640000,63831786.1908,67759283.9639,-0.0298,131591070
2026-07-12 08:25,2026-07-11T22:25:00.000Z,1783808700000,64009077.6283,63273508.8063,0.0058,127282586
2026-07-12 08:26,2026-07-11T22:26:00.000Z,1783808760000,63414284.4993,61519741.3174,0.0152,124934026
2026-07-12 08:27,2026-07-11T22:27:00.000Z,1783808820000,67864995.3791,66311661.5896,0.0116,134176657
2026-07-12 08:28,2026-07-11T22:28:00.000Z,1783808880000,63417735.6692,69601967.6017,-0.0465,133019703
2026-07-12 08:29,2026-07-11T22:29:00.000Z,1783808940000,63645226.6917,67001804.9772,-0.0257,130647032
2026-07-12 08:30,2026-07-11T22:30:00.000Z,1783809000000,68555812.5611,62254294.2446,0.0482,130810107
2026-07-12 08:31,2026-07-11T22:31:00.000Z,1783809060000,63096243.8401,68433766.4039,-0.0406,131530010
2026-07-12 08:32,2026-07-11T22:32:00.000Z,1783809120000,64769250.0147,74345304.4329,-0.0688,139114554
2026-07-12 08:33,2026-07-11T22:33:00.000Z,1783809180000,64013157.7274,74071866.2075,-0.0728,138085024
2026-07-12 08:34,2026-07-11T22:34:00.000Z,1783809240000,63060958.2587,73423288.3021,-0.0759,136484247
2026-07-12 08:35,2026-07-11T22:35:00.000Z,1783809300000,67152698.0719,58217851.2534,0.0713,125370549
2026-07-12 08:36,2026-07-11T22:36:00.000Z,1783809360000,64012620.2404,65849805.8885,-0.0141,129862426
2026-07-12 08:37,2026-07-11T22:37:00.000Z,1783809420000,64981902.3765,62509858.4944,0.0194,127491761
2026-07-12 08:38,2026-07-11T22:38:00.000Z,1783809480000,61213718.8257,65299062.8825,-0.0323,126512782
2026-07-12 08:39,2026-07-11T22:39:00.000Z,1783809540000,63509235.6428,64552432.5335,-0.0081,128061668
2026-07-12 08:40,2026-07-11T22:40:00.000Z,1783809600000,73035206.8557,48685432.4286,0.2000,121720639
2026-07-12 08:41,2026-07-11T22:41:00.000Z,1783809660000,58129248.9136,60410544.3493,-0.0192,118539793
2026-07-12 08:42,2026-07-11T22:42:00.000Z,1783809720000,63615330.7757,57152197.6016,0.0535,120767528
2026-07-12 08:43,2026-07-11T22:43:00.000Z,1783809780000,60981444.589,65658160.8969,-0.0369,126639605
2026-07-12 08:44,2026-07-11T22:44:00.000Z,1783809840000,58864724.6595,63257340.8863,-0.0360,122122066
2026-07-12 08:45,2026-07-11T22:45:00.000Z,1783809900000,60992121.4882,65566666.9712,-0.0361,126558788
2026-07-12 08:46,2026-07-11T22:46:00.000Z,1783809960000,62388929.0134,64223995.4576,-0.0145,126612924
2026-07-12 08:47,2026-07-11T22:47:00.000Z,1783810020000,63197614.0352,63384616.153,-0.0015,126582230
2026-07-12 08:48,2026-07-11T22:48:00.000Z,1783810080000,60375330.3442,61796782.3889,-0.0116,122172113
2026-07-12 08:49,2026-07-11T22:49:00.000Z,1783810140000,60575729.7734,61257085.9548,-0.0056,121832816
2026-07-12 08:50,2026-07-11T22:50:00.000Z,1783810200000,64782296.5021,54968547.4216,0.0820,119750844
2026-07-12 08:51,2026-07-11T22:51:00.000Z,1783810260000,66278323.944,57149350.0325,0.0740,123427674
2026-07-12 08:52,2026-07-11T22:52:00.000Z,1783810320000,67413383.6626,50414785.4231,0.1443,117828169
2026-07-12 08:53,2026-07-11T22:53:00.000Z,1783810380000,66360532.0933,49642252.6482,0.1441,116002785
2026-07-12 08:54,2026-07-11T22:54:00.000Z,1783810440000,63398518.2694,52498515.4447,0.0940,115897034
2026-07-12 08:55,2026-07-11T22:55:00.000Z,1783810500000,65095702.6246,50449947.0967,0.1268,115545650
2026-07-12 08:56,2026-07-11T22:56:00.000Z,1783810560000,61345188.3224,60692832.4458,0.0053,122038021
2026-07-12 08:57,2026-07-11T22:57:00.000Z,1783810620000,61946512.6242,58274802.0732,0.0305,120221315
2026-07-12 08:58,2026-07-11T22:58:00.000Z,1783810680000,61090722.4008,58609314.6977,0.0207,119700037
2026-07-12 08:59,2026-07-11T22:59:00.000Z,1783810740000,59236216.4758,61042629.7366,-0.0150,120278846
2026-07-12 09:00,2026-07-11T23:00:00.000Z,1783810800000,59919283.1219,55785715.5785,0.0357,115704999
2026-07-12 09:01,2026-07-11T23:01:00.000Z,1783810860000,62227634.6045,53342584.0975,0.0769,115570219
2026-07-12 09:02,2026-07-11T23:02:00.000Z,1783810920000,65137105.3478,53819407.9064,0.0951,118956513
2026-07-12 09:03,2026-07-11T23:03:00.000Z,1783810980000,57346283.8978,59748816.0578,-0.0205,117095100
2026-07-12 09:04,2026-07-11T23:04:00.000Z,1783811040000,56260297.5267,63360126.6242,-0.0594,119620424
2026-07-12 09:05,2026-07-11T23:05:00.000Z,1783811100000,56387765.6056,63627286.0363,-0.0603,120015052
2026-07-12 09:06,2026-07-11T23:06:00.000Z,1783811160000,54211377.8478,63019233.557,-0.0751,117230611
2026-07-12 09:07,2026-07-11T23:07:00.000Z,1783811220000,56262803.0721,62924363.8967,-0.0559,119187167
2026-07-12 09:08,2026-07-11T23:08:00.000Z,1783811280000,65225048.3192,64800238.5757,0.0033,130025287
2026-07-12 09:09,2026-07-11T23:09:00.000Z,1783811340000,72370814.6605,56759061.4501,0.1209,129129876
2026-07-12 09:10,2026-07-11T23:10:00.000Z,1783811400000,75200250.7584,58063526.8895,0.1286,133263778
2026-07-12 09:11,2026-07-11T23:11:00.000Z,1783811460000,69158965.7909,64333190.2795,0.0362,133492156
2026-07-12 09:12,2026-07-11T23:12:00.000Z,1783811520000,71442484.6985,70476449.6435,0.0068,141918934
2026-07-12 09:13,2026-07-11T23:13:00.000Z,1783811580000,73527483.2646,65520793.1718,0.0576,139048276
2026-07-12 09:14,2026-07-11T23:14:00.000Z,1783811640000,70725094.8557,50103926.5499,0.1707,120829021
2026-07-12 09:15,2026-07-11T23:15:00.000Z,1783811700000,73803522.3344,56953558.6063,0.1289,130757081
2026-07-12 09:16,2026-07-11T23:16:00.000Z,1783811760000,74581373.7106,55151737.8852,0.1498,129733112
2026-07-12 09:17,2026-07-11T23:17:00.000Z,1783811820000,66674282.1146,56204046.8152,0.0852,122878329
2026-07-12 09:18,2026-07-11T23:18:00.000Z,1783811880000,67533220.4607,53946349.6601,0.1118,121479570
2026-07-12 09:19,2026-07-11T23:19:00.000Z,1783811940000,68575265.4724,49105782.4346,0.1654,117681048
2026-07-12 09:20,2026-07-11T23:20:00.000Z,1783812000000,69007846.9293,47277097.4129,0.1869,116284944
2026-07-12 09:21,2026-07-11T23:21:00.000Z,1783812060000,65219814.8052,43036306.7428,0.2049,108256122
2026-07-12 09:22,2026-07-11T23:22:00.000Z,1783812120000,60385323.7261,40351034.0658,0.1989,100736358
2026-07-12 09:23,2026-07-11T23:23:00.000Z,1783812180000,63253731.7462,43009098.9025,0.1905,106262831
2026-07-12 09:24,2026-07-11T23:24:00.000Z,1783812240000,65789326.4868,51053519.4454,0.1261,116842846
2026-07-12 09:25,2026-07-11T23:25:00.000Z,1783812300000,75745377.7436,43145995.3916,0.2742,118891373
2026-07-12 09:26,2026-07-11T23:26:00.000Z,1783812360000,75210495.3002,40068127.0618,0.3048,115278622
2026-07-12 09:27,2026-07-11T23:27:00.000Z,1783812420000,74222917.2683,48419090.8977,0.2104,122642008
2026-07-12 09:28,2026-07-11T23:28:00.000Z,1783812480000,69295203.153,53798851.21,0.1259,123094054
2026-07-12 09:29,2026-07-11T23:29:00.000Z,1783812540000,65898404.4521,56828357.7519,0.0739,122726762
2026-07-12 09:30,2026-07-11T23:30:00.000Z,1783812600000,68848655.3132,54880802.4457,0.1129,123729458
2026-07-12 09:31,2026-07-11T23:31:00.000Z,1783812660000,66767209.297,54483893.0258,0.1013,121251102
2026-07-12 09:32,2026-07-11T23:32:00.000Z,1783812720000,79908794.5528,51701178.7706,0.2143,131609973
2026-07-12 09:33,2026-07-11T23:33:00.000Z,1783812780000,77352805.0615,45265392.0062,0.2617,122618197
2026-07-12 09:34,2026-07-11T23:34:00.000Z,1783812840000,69307818.5309,53626393.8129,0.1276,122934212
2026-07-12 09:35,2026-07-11T23:35:00.000Z,1783812900000,72133212.6012,56894417.2168,0.1181,129027630
2026-07-12 09:36,2026-07-11T23:36:00.000Z,1783812960000,80068015.5031,51311824.6588,0.2189,131379840
2026-07-12 09:37,2026-07-11T23:37:00.000Z,1783813020000,72862748.4772,53885840.4606,0.1497,126748589
2026-07-12 09:38,2026-07-11T23:38:00.000Z,1783813080000,72421772.752,54977496.6909,0.1369,127399269
2026-07-12 09:39,2026-07-11T23:39:00.000Z,1783813140000,68003924.2386,58308294.4027,0.0768,126312219
2026-07-12 09:40,2026-07-11T23:40:00.000Z,1783813200000,78929795.0088,47059152.721,0.2530,125988948
2026-07-12 09:41,2026-07-11T23:41:00.000Z,1783813260000,71705150.6616,55366422.8955,0.1286,127071574
2026-07-12 09:42,2026-07-11T23:42:00.000Z,1783813320000,75654226.736,51553124.8172,0.1895,127207352
2026-07-12 09:43,2026-07-11T23:43:00.000Z,1783813380000,71395436.0961,53670146.4045,0.1417,125065583
2026-07-12 09:44,2026-07-11T23:44:00.000Z,1783813440000,69718853.4223,48825418.5697,0.1763,118544272
2026-07-12 09:45,2026-07-11T23:45:00.000Z,1783813500000,72388066.2798,52427812.7419,0.1599,124815879
2026-07-12 09:46,2026-07-11T23:46:00.000Z,1783813560000,69624399.5767,53145632.1883,0.1342,122770032
2026-07-12 09:47,2026-07-11T23:47:00.000Z,1783813620000,71312023.53827,47978765.91617,0.1956,119290789
