timestamp,block,unique_pairs,signal_count,eth_price,eth_delta,eth_direction,bias_score,bias_label,funding_rate,oi_h1_change,vol_h1_change,ls_long_pct,liq_long_pct,liq_total_usd,max_pain,max_pain_dist,pc_ratio,nq_price
2026-06-01T00:05:06.765Z,25218822,4,37,2009.88,6.28,UP,-1.5,⬇️ SHORT,0.006493,-0.18,3.18,46.6,80.7,2088085,2025,-15,3.181,29817.50
2026-06-01T00:30:54.237Z,25218950,4,43,2015.31,5.90,UP,-0.5,↘️ LEAN SHORT,0.007736,0.4,3.72,47.79,58.0,2652698,2025,-10,3.063,29817.50
2026-06-01T01:07:30.758Z,25219133,3,26,2006.59,-5.61,DOWN,-2.5,⬇️ SHORT,0.008702,-0.19,2.16,47.83,54.2,2877393,2025,-18,3.090,29817.50
2026-06-01T01:55:18.781Z,25219370,4,48,1994.19,-5.78,DOWN,-3.5,⬇️⬇️ STRONG SHORT,0.009262,-0.59,1.57,46.07,88.0,1688160,2025,-31,3.075,29817.50
2026-06-01T02:06:27.809Z,25219425,4,41,1996.19,5.02,UP,0.5,↗️ LEAN LONG,0.009461,0.04,3.15,47.5,96.9,5426290,2025,-29,3.107,29817.50
2026-06-01T02:43:18.426Z,25219609,4,54,2012.54,12.35,UP,-2.5,⬇️ SHORT,0.01,0.56,2.78,49.16,73.8,6536967,2025,-12,3.132,29817.50
2026-06-01T03:04:19.766Z,25219712,3,15,2013.24,5.13,UP,-2.5,⬇️ SHORT,0.01,0.63,1.71,52.19,3.8,1667418,2025,-12,3.139,29817.50
2026-06-01T05:27:55.251Z,25220430,3,53,1992.16,-5.36,DOWN,-4.5,⬇️⬇️ STRONG SHORT,0.01,0.39,-2.53,51.25,89.9,557339,2025,-33,3.159,29817.50
2026-06-01T06:50:03.449Z,25220840,4,52,1984.20,5.34,UP,1,↗️ LEAN LONG,0.007875,0.53,5.69,45.53,96.3,9894233,2025,-41,2.942,29817.50
2026-06-01T07:48:05.294Z,25221129,4,31,1973.38,-7.42,DOWN,-1.5,⬇️ SHORT,0.005965,0.61,2.13,48.71,94.9,1312235,2000,-27,2.358,29817.50
2026-06-01T08:31:30.633Z,25221344,3,21,1970.33,-5.25,DOWN,-1.5,⬇️ SHORT,0.004634,0.21,4.38,47.3,98.8,16518589,2000,-30,2.189,29817.50
2026-06-01T12:09:10.058Z,25222426,3,31,1973.67,-5.50,DOWN,-1.5,⬇️ SHORT,0.007549,-0.83,2.42,45.66,99.7,2496546,2000,-26,2.198,29817.50
2026-06-01T12:23:18.214Z,25222497,3,50,1980.62,5.90,UP,0.5,↗️ LEAN LONG,0.008054,0.12,6.35,47.52,96.0,7802082,2000,-19,2.163,29817.50
2026-06-01T12:39:54.463Z,25222580,4,37,1989.18,5.21,UP,0.5,↗️ LEAN LONG,0.008435,0.11,8.41,49.9,90.6,8392342,2000,-11,2.130,29817.50
2026-06-01T13:05:31.949Z,25222707,4,52,1981.45,-5.52,DOWN,-3.5,⬇️⬇️ STRONG SHORT,0.008799,-0.52,8.81,49.03,87.3,6603606,2000,-19,2.134,29817.50
2026-06-01T13:17:54.080Z,25222770,4,66,1976.63,5.04,UP,-1.5,⬇️ SHORT,0.008847,-0.35,8.55,49.9,81.5,4376879,2000,-23,2.145,29817.50
2026-06-01T13:52:27.623Z,25222942,4,66,1968.07,-8.79,DOWN,-3.5,⬇️⬇️ STRONG SHORT,0.009137,-0.15,7.6,47.52,88.1,4336384,2000,-32,2.075,29817.50
2026-06-01T14:02:29.585Z,25222992,4,67,1971.25,12.30,UP,0.5,↗️ LEAN LONG,0.008915,-0.44,13.41,46.67,95.9,34547571,2000,-29,2.031,29817.50
2026-06-01T14:13:32.348Z,25223047,4,63,1963.78,-5.14,DOWN,-1.5,⬇️ SHORT,0.00936,0.04,12.48,47.47,95.7,32036864,2000,-36,2.030,29817.50
2026-06-01T15:18:56.651Z,25223374,3,41,1958.55,-7.68,DOWN,-4.5,⬇️⬇️ STRONG SHORT,0.01,-0.26,-1.76,49.86,84.0,1462478,1975,-16,1.817,29817.50
2026-06-01T15:31:08.539Z,25223435,3,38,1965.88,6.74,UP,-1.5,⬇️ SHORT,0.009676,0.27,0.94,51.35,85.7,4287975,1975,-9,1.866,29817.50
2026-06-01T16:09:04.295Z,25223625,3,41,1961.97,-5.15,DOWN,-3.5,⬇️⬇️ STRONG SHORT,0.009552,-0.27,3.39,49.96,77.4,5086166,1975,-13,1.859,29817.50
2026-06-01T17:04:43.741Z,25223902,4,52,1979.30,5.11,UP,-2.5,⬇️ SHORT,0.01,0.88,1.37,54.13,72.9,3198024,1975,4,1.752,29817.50
2026-06-01T17:30:15.802Z,25224029,3,43,1989.80,7.18,UP,-2.5,⬇️ SHORT,0.01,0.63,1.28,54.71,3.6,2309600,1975,15,1.752,29817.50
2026-06-01T17:48:08.512Z,25224118,3,51,1991.06,6.03,UP,-2.5,⬇️ SHORT,0.01,0.06,3.96,53.02,3.4,3167886,1975,16,1.681,29817.50
2026-06-01T19:29:56.814Z,25224625,3,9,1998.76,6.61,UP,-0.5,↘️ LEAN SHORT,0.01,0.33,0.56,50.7,11.0,602499,1975,24,1.621,29817.50
2026-06-01T21:09:14.539Z,25225118,4,50,1998.66,-5.24,DOWN,-4.5,⬇️⬇️ STRONG SHORT,0.01,-0.7,0.67,47.06,0.8,5279986,1975,24,1.542,29817.50
2026-06-01T21:20:04.953Z,25225172,4,56,1990.90,-5.35,DOWN,-2.5,⬇️ SHORT,0.01,-1.18,1.25,46.16,10.2,5898524,1975,16,1.538,29817.50
2026-06-01T22:02:55.494Z,25225386,4,53,1985.03,-5.96,DOWN,-2.5,⬇️ SHORT,0.01,-1.47,0.71,47.49,18.7,6471407,1975,10,1.546,29817.50
2026-06-01T22:26:38.616Z,25225505,4,44,1998.49,6.47,UP,-2.5,⬇️ SHORT,0.01,-0.26,0.61,52.45,77.6,1747549,1975,23,1.540,29817.50
2026-06-01T22:38:06.810Z,25225562,4,44,1991.46,-5.99,DOWN,-4.5,⬇️⬇️ STRONG SHORT,0.01,-0.26,0.69,51.44,76.8,1767120,1975,16,1.531,29817.50
2026-06-01T22:49:05.406Z,25225616,4,54,2001.29,9.21,UP,-2.5,⬇️ SHORT,0.01,0.19,1.01,53.04,79.6,2057832,1975,26,1.530,29817.50
2026-06-01T23:37:30.051Z,25225857,3,53,2002.36,6.05,UP,-2.5,⬇️ SHORT,0.01,0.58,-0.06,53.66,72.7,573744,1975,27,1.480,29817.50
2026-06-02T01:31:17.508Z,25226424,4,28,1988.12,-5.62,DOWN,-2,⬇️ SHORT,0.01,-0.79,-1.25,49.74,94.7,290833,2000,-12,1.023,29817.50
2026-06-02T02:06:07.974Z,25226598,4,40,1969.21,-7.29,DOWN,-2,⬇️ SHORT,0.01,-1.23,0.04,47.73,98.2,3938864,2000,-31,1.030,29817.50
2026-06-02T02:21:34.898Z,25226675,4,54,1972.42,5.71,UP,0,↔️ NEUTRAL,0.01,-1.02,2.24,47.96,96.4,11397669,2000,-28,1.064,29817.50
2026-06-02T02:42:51.087Z,25226782,3,43,1983.36,-6.21,DOWN,-2,⬇️ SHORT,0.01,0.47,3.92,49.5,91.7,9910262,2000,-17,1.053,29817.50
2026-06-02T03:00:51.253Z,25226872,3,40,1992.83,5.85,UP,-2,⬇️ SHORT,0.01,1.32,4.1,49.67,89.2,9800138,2000,-7,1.050,29817.50
2026-06-02T04:11:51.968Z,25227226,3,42,1994.49,-5.23,DOWN,-2,⬇️ SHORT,0.01,0.65,0.58,50.99,18.5,1227993,2000,-6,1.092,29817.50
2026-06-02T05:05:28.634Z,25227493,3,36,1987.84,-6.22,DOWN,-4,⬇️⬇️ STRONG SHORT,0.01,-0.54,-0.87,48.42,87.6,928810,2000,-12,1.094,29817.50
2026-06-02T05:15:29.866Z,25227543,4,45,1996.80,5.32,UP,-2,⬇️ SHORT,0.01,0.09,-0.52,50.5,84.7,927654,2000,-3,1.073,29817.50
2026-06-02T05:27:28.901Z,25227603,3,25,1990.74,-5.03,DOWN,-4,⬇️⬇️ STRONG SHORT,0.01,-0.51,-0.16,49.4,84.4,955261,2000,-9,1.080,29817.50
2026-06-02T05:41:52.215Z,25227675,4,39,1985.15,-5.24,DOWN,-2,⬇️ SHORT,0.01,-1.05,0.33,48.45,94.3,2014903,2000,-15,1.079,29817.50
2026-06-02T06:56:17.605Z,25228045,4,51,1977.80,-5.13,DOWN,-2,⬇️ SHORT,0.01,-1.1,-0.7,50.86,98.6,796487,2000,-22,1.104,29817.50
2026-06-02T07:16:05.481Z,25228144,3,36,1982.05,5.29,UP,0,↔️ NEUTRAL,0.01,0.13,-0.39,52.34,98.3,3914837,2000,-18,1.072,29817.50
2026-06-02T07:26:28.635Z,25228195,3,45,1977.78,-6.28,DOWN,-4,⬇️⬇️ STRONG SHORT,0.01,-0.25,0.24,51.8,83.9,4452973,2000,-22,1.072,29817.50
2026-06-02T09:03:03.951Z,25228677,4,31,1970.79,-5.58,DOWN,-1,↘️ LEAN SHORT,0.008739,-0.31,-0.23,50.95,98.7,1201399,2000,-29,1.233,29817.50
2026-06-02T09:13:07.011Z,25228727,3,31,1969.21,-5.03,DOWN,-2,⬇️ SHORT,0.008754,3.99,0.16,50.46,99.1,2202806,2000,-31,1.280,29817.50
2026-06-02T09:34:43.638Z,25228832,4,63,1970.80,5.25,UP,1,↗️ LEAN LONG,0.008687,-2.85,1.36,48.92,98.4,5345798,2000,-29,1.095,29817.50
2026-06-02T12:24:06.190Z,25229675,3,58,1978.82,5.43,UP,0,↔️ NEUTRAL,0.008043,0.19,-3.2,46.89,63.7,126459,2000,-21,1.084,29817.50
2026-06-02T13:39:52.525Z,25230053,4,52,1970.62,-5.36,DOWN,-1,↘️ LEAN SHORT,0.008973,0.52,-3.36,49.69,94.2,1064489,2000,-29,0.965,29817.50
2026-06-02T14:10:19.172Z,25230204,4,42,1961.45,-5.85,DOWN,-1,↘️ LEAN SHORT,0.008461,-0.05,-6.19,49.61,96.5,7168431,1975,-14,0.907,29817.50
2026-06-02T14:20:27.209Z,25230255,4,58,1957.83,-5.30,DOWN,-1,↘️ LEAN SHORT,0.008287,0.13,-3.57,48.51,97.0,13428001,1975,-17,0.885,29817.50
2026-06-02T14:30:30.666Z,25230304,4,89,1932.32,-5.20,DOWN,-0.5,↘️ LEAN SHORT,0.007291,-1.16,5.6,45.38,97.9,76985172,1975,-43,0.919,29817.50
2026-06-02T14:41:41.775Z,25230360,4,83,1931.09,-7.00,DOWN,-0.5,↘️ LEAN SHORT,0.007241,-0.46,7.78,46.91,98.1,86228000,1975,-44,0.922,29817.50
2026-06-02T15:02:44.795Z,25230465,4,83,1930.86,-6.24,DOWN,-0.5,↘️ LEAN SHORT,0.006659,0.34,15.31,46.8,98.0,87512792,1975,-44,0.941,29817.50
2026-06-02T15:17:30.649Z,25230539,3,67,1925.53,-5.63,DOWN,-0.5,↘️ LEAN SHORT,0.006571,0.81,14.9,46.36,98.1,79005495,1975,-49,0.936,29817.50
2026-06-02T15:27:42.037Z,25230590,5,71,1911.35,-14.91,DOWN,-1.5,⬇️ SHORT,0.006263,-3.79,12.56,46.07,98.1,115104870,1975,-64,0.978,29817.50
2026-06-02T15:37:43.685Z,25230640,4,87,1894.64,-8.18,DOWN,-1.5,⬇️ SHORT,0.005401,-6.74,11.71,45.12,96.8,129627789,1975,-80,1.018,29817.50
2026-06-02T15:48:04.362Z,25230691,4,80,1908.44,6.25,UP,2.5,⬆️ LONG,0.00559,-5.66,12.36,47.24,96.3,133846521,1975,-67,0.940,29817.50
2026-06-02T15:58:59.509Z,25230743,4,51,1910.99,5.60,UP,2.5,⬆️ LONG,0.005653,-5.43,12.62,47.4,96.2,133951559,1975,-64,0.947,29817.50
2026-06-02T16:08:44.723Z,25230793,4,75,1915.96,5.64,UP,2.5,⬆️ LONG,0.005717,-6.02,12.97,48.3,96.0,133311474,1975,-59,0.928,29817.50
2026-06-02T16:18:47.030Z,25230843,4,36,1936.05,6.68,UP,2.5,⬆️ LONG,0.006051,-5.66,13.92,49.87,95.2,131226221,1975,-39,0.928,29817.50
2026-06-02T16:53:54.162Z,25231019,4,51,1919.93,-5.50,DOWN,-2.5,⬇️ SHORT,0.006368,-0.34,5.09,51.42,4.7,12503973,1975,-55,0.953,29817.50
2026-06-02T18:26:27.331Z,25231478,3,45,1913.03,-5.18,DOWN,-0.5,↘️ LEAN SHORT,0.008694,-0.65,-1.25,50.77,97.9,1689813,1975,-62,0.920,29817.50
2026-06-02T18:53:29.779Z,25231613,4,39,1901.80,-5.77,DOWN,-0.5,↘️ LEAN SHORT,0.009245,-0.7,0.38,45.46,98.8,4546044,1975,-73,0.942,29817.50
2026-06-02T19:17:27.176Z,25231733,4,48,1907.25,-5.13,DOWN,-0.5,↘️ LEAN SHORT,0.009772,0.2,1.58,47.25,96.7,6292576,1975,-68,0.954,29817.50
2026-06-02T19:30:58.655Z,25231800,4,55,1897.81,-7.88,DOWN,-0.5,↘️ LEAN SHORT,0.009681,0.7,1.47,45.93,94.9,4856064,1975,-77,0.964,29817.50
2026-06-02T19:45:17.341Z,25231871,4,63,1898.58,6.22,UP,1.5,⬆️ LONG,0.009404,0.14,3.91,45.6,96.4,41502764,1975,-76,0.943,29817.50
2026-06-02T19:58:07.582Z,25231935,3,54,1906.10,-6.31,DOWN,-0.5,↘️ LEAN SHORT,0.009384,0.32,4.14,47.06,94.5,40343689,1975,-69,0.911,29817.50
2026-06-02T20:08:07.889Z,25231985,4,76,1913.36,5.69,UP,1.5,⬆️ LONG,0.009459,0.06,4.61,46.92,94.6,40225015,1975,-62,0.911,29817.50
2026-06-02T20:18:27.107Z,25232037,4,48,1904.58,-7.99,DOWN,-0.5,↘️ LEAN SHORT,0.009219,-0.31,4.66,46.79,94.6,40445415,1975,-70,0.911,29817.50
2026-06-02T20:33:29.194Z,25232112,4,43,1899.93,5.09,UP,1.5,⬆️ LONG,0.008473,-0.14,4.54,49.03,90.2,19688643,1975,-75,0.911,29817.50
2026-06-02T20:49:42.844Z,25232193,3,46,1903.62,6.76,UP,-0.5,↘️ LEAN SHORT,0.008053,-0.21,2.6,50.37,76.6,2523703,1975,-71,0.910,29817.50
2026-06-02T21:13:19.547Z,25232310,4,39,1899.15,-5.97,DOWN,-0.5,↘️ LEAN SHORT,0.007403,-0.57,1.26,50.07,92.7,2577440,1975,-76,0.894,29817.50
2026-06-02T21:53:44.301Z,25232508,4,35,1895.24,-5.38,DOWN,-0.5,↘️ LEAN SHORT,0.005917,-0.29,0.47,44.02,67.8,1195370,1975,-80,0.904,29817.50
2026-06-02T22:03:50.658Z,25232559,3,41,1890.91,-7.38,DOWN,-1.5,⬇️ SHORT,0.005636,-0.58,0.07,43.62,86.8,2819694,1975,-84,0.903,29817.50
2026-06-02T22:13:55.105Z,25232609,4,55,1886.99,-6.59,DOWN,0.5,↗️ LEAN LONG,0.005573,-0.51,0.49,43.36,93.9,6143919,1975,-88,0.906,29817.50
2026-06-02T22:24:07.605Z,25232659,4,71,1900.90,20.09,UP,2.5,⬆️ LONG,0.005289,-0.37,2.88,43.57,95.4,24386450,1975,-74,0.911,29817.50
2026-06-02T22:36:41.088Z,25232721,4,59,1890.37,-5.74,DOWN,-0.5,↘️ LEAN SHORT,0.005146,-0.72,3.23,45.72,95.4,25588537,1975,-85,0.911,29817.50
2026-06-02T22:47:29.876Z,25232775,3,46,1882.71,-5.00,DOWN,-0.5,↘️ LEAN SHORT,0.005083,-0.76,3.06,47.98,95.9,25468683,1975,-92,0.903,29817.50
2026-06-02T22:57:30.715Z,25232825,4,77,1873.63,9.08,UP,1.5,⬆️ LONG,0.004535,-1.37,4.44,45.59,96.8,55853214,1975,-101,0.914,29817.50
2026-06-02T23:07:30.571Z,25232875,4,72,1863.08,6.38,UP,1.5,⬆️ LONG,0.004109,-2,6.6,45.08,96.9,74482546,1950,-87,0.898,29817.50
2026-06-02T23:18:30.324Z,25232930,4,60,1859.28,-9.27,DOWN,-0.5,↘️ LEAN SHORT,0.003968,-1.49,6.49,45.96,95.4,54710510,1950,-91,0.901,29817.50
2026-06-02T23:28:30.665Z,25232978,5,77,1843.60,-14.13,DOWN,-0.5,↘️ LEAN SHORT,0.002962,-3.8,6.29,41.91,97.3,100496159,1950,-106,0.874,29817.50
2026-06-02T23:47:14.872Z,25233072,3,49,1852.72,5.14,UP,3.5,⬆️⬆️ STRONG LONG,0.002324,-2.93,7.05,43.99,97.0,99870925,1950,-97,0.853,29817.50
2026-06-03T00:05:53.147Z,25233165,4,59,1854.64,-5.58,DOWN,-0.5,↘️ LEAN SHORT,0.00187,-1.96,5.02,46.81,95.8,49061573,1975,-120,1.073,29817.50
2026-06-03T00:17:19.584Z,25233222,4,54,1867.87,5.04,UP,1.5,⬆️ LONG,0.001758,-1.81,5.14,47.21,94.9,49664751,1975,-107,1.077,29817.50
2026-06-03T00:31:42.466Z,25233294,3,39,1859.13,-5.58,DOWN,-0.5,↘️ LEAN SHORT,0.001207,-0.49,3.39,52.53,23.2,2680317,1975,-116,1.074,29817.50
2026-06-03T01:02:32.941Z,25233447,4,37,1860.61,-6.11,DOWN,-0.5,↘️ LEAN SHORT,0.001228,-0.04,1.89,50.37,26.0,2233852,1975,-114,1.053,29817.50
2026-06-03T01:12:38.783Z,25233498,4,64,1854.85,-6.02,DOWN,-0.5,↘️ LEAN SHORT,0.000977,-0.19,1.37,49.86,30.0,2232919,1975,-120,1.053,29817.50
2026-06-03T01:36:28.440Z,25233617,4,66,1858.26,-7.83,DOWN,-0.5,↘️ LEAN SHORT,0.000557,-0.26,0.49,48.9,45.7,1122541,1975,-117,1.051,29817.50
2026-06-03T01:52:16.004Z,25233696,4,56,1857.57,6.77,UP,0.5,↗️ LEAN LONG,0.000189,-0.35,0.49,49.36,84.8,4213058,1975,-117,1.009,29817.50
2026-06-03T02:02:19.001Z,25233746,3,33,1855.55,-5.85,DOWN,-1.5,⬇️ SHORT,0.000386,-0.27,0.12,49.04,75.8,4639823,1975,-119,1.008,29817.50
2026-06-03T02:22:43.280Z,25233848,4,37,1852.53,-6.18,DOWN,-2.5,⬇️ SHORT,0.001035,-0.5,-1.69,47.84,81.7,3852208,1975,-122,1.006,29817.50
2026-06-03T03:10:27.413Z,25234086,4,44,1846.49,-5.34,DOWN,-0.5,↘️ LEAN SHORT,0.003498,-0.49,-2.21,46.36,98.0,956078,1975,-129,1.006,29817.50
2026-06-03T03:20:32.726Z,25234135,4,54,1843.74,-6.21,DOWN,-0.5,↘️ LEAN SHORT,0.003598,-0.38,-1.64,46.64,98.6,1887453,1925,-81,0.882,29817.50
2026-06-03T03:35:16.248Z,25234209,4,67,1835.28,-7.70,DOWN,-0.5,↘️ LEAN SHORT,0.004065,-0.66,0.21,46.46,99.2,7115192,1925,-90,0.897,29817.50
2026-06-03T03:45:19.552Z,25234259,4,76,1822.31,-6.67,DOWN,0.5,↗️ LEAN LONG,0.004231,-1.3,1.66,43.63,98.4,22554655,1925,-103,0.887,29817.50
2026-06-03T03:55:27.343Z,25234310,4,73,1830.51,9.21,UP,1.5,⬆️ LONG,0.004641,-0.92,3.49,45.27,97.1,39685979,1925,-94,0.923,29817.50
2026-06-03T04:05:29.182Z,25234359,4,68,1840.88,11.14,UP,1.5,⬆️ LONG,0.005081,-0.65,5.3,46.46,96.1,40226110,1925,-84,0.928,29817.50
2026-06-03T04:26:55.446Z,25234466,4,51,1844.66,5.53,UP,1.5,⬆️ LONG,0.006277,-0.56,5.52,46.92,95.1,38405333,1925,-80,0.929,29817.50
2026-06-03T04:58:08.678Z,25234622,4,67,1845.11,6.17,UP,1.5,⬆️ LONG,0.007849,0.59,2.2,51.69,24.4,1433452,1925,-80,0.930,29817.50
2026-06-03T05:08:15.932Z,25234673,4,42,1863.18,10.41,UP,-0.5,↘️ LEAN SHORT,0.008905,0.76,2.3,52.82,9.4,3354472,1925,-62,0.911,29817.50
2026-06-03T05:32:08.115Z,25234792,4,41,1857.74,-6.56,DOWN,-1.5,⬇️ SHORT,0.01,0.93,4.01,53.55,15.7,6368739,1925,-67,0.936,29817.50
2026-06-03T05:53:29.599Z,25234898,4,41,1868.80,5.51,UP,0.5,↗️ LEAN LONG,0.01,1.78,3.68,54.26,23.6,7175250,1925,-56,0.921,29817.50
2026-06-03T06:35:18.773Z,25235105,4,49,1877.18,7.11,UP,-1.5,⬇️ SHORT,0.01,1.03,0.4,53.25,6.3,1833918,1925,-48,0.922,29817.50
2026-06-03T06:46:31.733Z,25235160,4,62,1873.59,-6.67,DOWN,-3.5,⬇️⬇️ STRONG SHORT,0.01,0.69,1.26,52.35,8.1,3403737,1925,-51,0.916,29817.50
2026-06-03T07:19:38.978Z,25235325,4,41,1875.85,5.31,UP,0.5,↗️ LEAN LONG,0.01,0.34,1.04,50.49,20.0,3497348,1925,-49,0.919,29817.50
2026-06-03T09:51:19.906Z,25236079,4,44,1877.52,7.30,UP,-0.5,↘️ LEAN SHORT,0.01,0.29,-0.9,43.94,81.8,1596940,1925,-47,0.912,29817.50
2026-06-03T10:01:30.402Z,25236130,4,45,1872.82,-5.85,DOWN,-3.5,⬇️⬇️ STRONG SHORT,0.01,-0.27,-0.38,47.57,72.3,1945545,1925,-52,0.912,29817.50
2026-06-03T10:11:30.698Z,25236180,4,61,1886.80,7.03,UP,-0.5,↘️ LEAN SHORT,0.01,0.46,0.53,50.12,30.4,4700145,1925,-38,0.905,29817.50
2026-06-03T12:15:54.630Z,25236802,4,41,1867.38,-8.37,DOWN,-1.5,⬇️ SHORT,0.01,-0.86,0.08,46.6,99.1,2890855,1925,-58,0.926,29817.50
2026-06-03T12:34:51.642Z,25236897,4,66,1876.55,6.42,UP,0.5,↗️ LEAN LONG,0.01,-0.27,0.53,49.62,93.6,4301913,1925,-48,0.935,29817.50
2026-06-03T13:08:42.340Z,25237066,4,54,1868.70,-5.08,DOWN,-3.5,⬇️⬇️ STRONG SHORT,0.01,-0.23,0,50.02,88.8,3122360,1925,-56,0.927,29817.50
2026-06-03T13:26:07.338Z,25237153,3,49,1867.53,-7.05,DOWN,-1.5,⬇️ SHORT,0.01,0.01,-0.36,51.57,19.9,920043,1925,-57,0.927,29817.50
2026-06-03T13:38:08.739Z,25237213,3,56,1867.49,-5.82,DOWN,-1.5,⬇️ SHORT,0.01,-0.08,-0.4,48.85,24.6,678661,1925,-58,0.926,29817.50
2026-06-03T13:52:07.284Z,25237282,3,52,1866.03,5.63,UP,-1.5,⬇️ SHORT,0.01,-0.21,-0.02,47.89,80.7,4493063,1925,-59,0.927,29817.50
2026-06-03T14:19:54.692Z,25237420,3,54,1855.81,-6.17,DOWN,-3.5,⬇️⬇️ STRONG SHORT,0.01,-0.69,-2.18,47.3,84.6,6377221,1900,-44,0.932,29817.50
2026-06-03T14:38:30.745Z,25237513,3,51,1858.11,6.69,UP,-1.5,⬇️ SHORT,0.01,-0.78,-7.33,48.89,87.7,6983262,1925,-67,0.972,29817.50
2026-06-03T15:08:03.606Z,25237658,4,66,1846.85,-7.64,DOWN,-1.5,⬇️ SHORT,0.01,-1.44,-8.96,48.43,93.8,3360585,1925,-78,0.991,29817.50
2026-06-03T15:21:55.053Z,25237726,4,68,1842.40,-5.24,DOWN,-0.5,↘️ LEAN SHORT,0.009345,-1.29,-9.46,48.79,94.5,3481259,1925,-83,1.014,29817.50
2026-06-03T15:34:17.975Z,25237788,4,70,1845.08,-5.23,DOWN,-2.5,⬇️ SHORT,0.009186,-0.75,-8.11,50.34,87.5,3826708,1925,-80,1.004,29817.50
2026-06-03T15:48:08.189Z,25237856,4,60,1835.38,-6.08,DOWN,-0.5,↘️ LEAN SHORT,0.008319,-1.72,-8.96,49.03,92.4,5220609,1925,-90,1.005,29817.50
2026-06-03T16:06:03.880Z,25237946,4,69,1838.74,6.70,UP,1.5,⬆️ LONG,0.007086,-1.62,-7.37,47.07,95.8,11341399,1925,-86,1.002,29817.50
2026-06-03T16:20:51.372Z,25238020,4,49,1828.37,-5.52,DOWN,-0.5,↘️ LEAN SHORT,0.006302,-1.31,-8.64,48.34,94.0,10725998,1925,-97,0.986,29817.50
2026-06-03T16:31:06.850Z,25238071,4,71,1818.27,6.97,UP,1.5,⬆️ LONG,0.005462,-2,-3.93,46.52,96.4,29858811,1925,-107,1.021,29817.50
2026-06-03T16:41:31.465Z,25238122,4,72,1823.91,5.34,UP,1.5,⬆️ LONG,0.005303,-0.88,-0.47,46.97,94.5,29601454,1900,-76,0.975,29817.50
2026-06-03T17:05:03.384Z,25238239,4,64,1823.70,-5.75,DOWN,-0.5,↘️ LEAN SHORT,0.00456,-1.05,1.13,48.92,91.5,22556866,1900,-76,0.945,29817.50
2026-06-03T17:20:32.240Z,25238316,4,51,1824.02,5.11,UP,1.5,⬆️ LONG,0.003906,-0.97,3.19,48.47,91.7,21537773,1900,-76,0.945,29817.50
2026-06-03T17:34:28.774Z,25238386,4,75,1833.58,8.08,UP,1.5,⬆️ LONG,0.003647,-0.37,1.01,52.3,21.4,1950981,1900,-66,0.951,29817.50
2026-06-03T17:49:07.256Z,25238459,4,53,1828.49,-5.46,DOWN,-1.5,⬇️ SHORT,0.00385,-0.96,0.36,51.02,32.0,1508574,1900,-72,0.966,29817.50
2026-06-03T18:19:06.231Z,25238607,4,49,1820.33,-5.11,DOWN,-1.5,⬇️ SHORT,0.003805,-0.27,0.25,51.63,65.8,2181455,1900,-80,0.968,29817.50
2026-06-03T18:41:31.151Z,25238718,3,43,1827.40,5.81,UP,1.5,⬆️ LONG,0.004453,-0.26,-0.71,47.26,99.6,1768345,1900,-73,0.963,29817.50
2026-06-03T19:22:58.247Z,25238922,4,71,1813.42,-9.97,DOWN,-1.5,⬇️ SHORT,0.005718,-0.68,-1.66,43.85,89.0,1424648,1900,-87,0.952,29817.50
2026-06-03T19:51:53.360Z,25239067,4,47,1808.55,-6.04,DOWN,0.5,↗️ LEAN LONG,0.006257,-1.13,-3.74,42.9,96.5,4354477,1900,-91,0.941,29817.50
2026-06-03T20:02:58.113Z,25239121,4,74,1793.72,-5.08,DOWN,0.5,↗️ LEAN LONG,0.005382,-2.64,-0.6,43.71,98.1,31070702,1900,-106,0.930,29817.50
2026-06-03T20:13:07.151Z,25239173,4,73,1808.93,6.45,UP,1.5,⬆️ LONG,0.005435,-1.35,0.09,45.88,97.6,31854549,1900,-91,0.910,29817.50
2026-06-03T20:23:18.359Z,25239223,4,57,1802.87,7.39,UP,1.5,⬆️ LONG,0.005146,-1.12,-0.04,47.4,97.5,30799860,1900,-97,0.909,29817.50
2026-06-03T20:34:03.885Z,25239277,4,47,1801.96,-5.06,DOWN,-0.5,↘️ LEAN SHORT,0.005017,-1.24,0.44,47.32,97.0,28620757,1900,-98,0.915,29817.50
2026-06-03T20:45:06.513Z,25239332,4,71,1791.58,-5.16,DOWN,-0.5,↘️ LEAN SHORT,0,0,0,0,0.0,0,1900,-108,0.924,29817.50
2026-06-03T20:55:14.716Z,25239383,4,59,1771.43,-12.75,DOWN,-0.5,↘️ LEAN SHORT,0,0,0,0,0.0,0,1900,-129,0.947,29817.50
2026-06-03T21:05:19.217Z,25239433,4,60,1790.79,15.06,UP,1.5,⬆️ LONG,0,0,0,0,0.0,0,1900,-109,0.926,29817.50
2026-06-03T21:33:05.979Z,25239571,4,68,1808.46,8.65,UP,1.5,⬆️ LONG,0,0,0,0,0.0,0,1900,-92,0.920,29817.50
2026-06-03T21:43:18.091Z,25239622,4,70,1823.41,7.44,UP,1.5,⬆️ LONG,0,0,0,0,0.0,0,1900,-77,0.907,29817.50
2026-06-03T21:53:53.960Z,25239675,4,57,1837.19,-5.25,DOWN,-0.5,↘️ LEAN SHORT,0,0,0,0,0.0,0,1900,-63,0.907,29817.50
2026-06-03T22:10:53.192Z,25239759,4,63,1840.36,-5.30,DOWN,-0.5,↘️ LEAN SHORT,0,0,0,0,0.0,0,1900,-60,0.929,29817.50
2026-06-03T22:22:38.708Z,25239818,4,53,1825.62,-5.18,DOWN,-0.5,↘️ LEAN SHORT,0,0,0,0,0.0,0,1900,-74,0.921,29817.50
2026-06-03T22:38:05.287Z,25239895,4,53,1823.31,-5.37,DOWN,-0.5,↘️ LEAN SHORT,0,0,0,0,0.0,0,1900,-77,0.932,29817.50
2026-06-03T22:48:14.801Z,25239945,4,64,1822.98,-5.93,DOWN,-0.5,↘️ LEAN SHORT,0,0,0,0,0.0,0,1900,-77,0.951,29817.50
2026-06-03T23:03:27.573Z,25240020,4,67,1818.30,-7.09,DOWN,-0.5,↘️ LEAN SHORT,0,0,0,0,0.0,0,1900,-82,0.951,29817.50
2026-06-03T23:14:13.787Z,25240074,3,58,1822.64,5.74,UP,1.5,⬆️ LONG,0,0,0,0,0.0,0,1900,-77,0.952,29817.50
2026-06-03T23:37:05.251Z,25240187,4,72,1814.03,-7.03,DOWN,-0.5,↘️ LEAN SHORT,0,0,0,0,0.0,0,1900,-86,0.916,29817.50
2026-06-04T00:03:04.634Z,25240317,4,73,1816.31,5.66,UP,1.5,⬆️ LONG,0,0,0,0,0.0,0,2000,-184,0.960,29817.50
2026-06-04T00:24:56.834Z,25240425,4,35,1809.41,-5.03,DOWN,-0.5,↘️ LEAN SHORT,0,0,0,0,0.0,0,2000,-191,0.960,29817.50
2026-06-04T00:35:02.681Z,25240477,4,95,1798.69,15.76,UP,1.5,⬆️ LONG,0,0,0,0,0.0,0,2000,-201,0.960,29817.50
2026-06-04T00:45:03.932Z,25240527,4,72,1798.22,10.89,UP,1.5,⬆️ LONG,0,0,0,0,0.0,0,2000,-202,0.956,29817.50
2026-06-04T00:56:05.840Z,25240582,4,49,1787.11,-5.41,DOWN,-0.5,↘️ LEAN SHORT,0,0,0,0,0.0,0,2000,-213,0.955,29817.50
2026-06-04T01:09:54.381Z,25240651,4,74,1784.67,-9.96,DOWN,-0.5,↘️ LEAN SHORT,0,0,0,0,0.0,0,2000,-215,0.955,29817.50
2026-06-04T01:20:06.234Z,25240701,4,65,1774.30,-8.45,DOWN,-0.5,↘️ LEAN SHORT,0,0,0,0,0.0,0,2000,-226,0.958,29817.50
2026-06-04T01:30:52.701Z,25240754,4,78,1770.01,-5.40,DOWN,-0.5,↘️ LEAN SHORT,0,0,0,0,0.0,0,2000,-230,0.958,29817.50
2026-06-04T01:40:54.525Z,25240804,4,70,1777.80,-5.65,DOWN,-0.5,↘️ LEAN SHORT,0,0,0,0,0.0,0,2000,-222,0.959,29817.50
2026-06-04T01:51:38.339Z,25240858,4,59,1759.92,-12.64,DOWN,-0.5,↘️ LEAN SHORT,0,0,0,0,0.0,0,2000,-240,0.961,29817.50
2026-06-04T02:02:06.046Z,25240910,4,67,1747.91,-5.59,DOWN,-0.5,↘️ LEAN SHORT,0,0,0,0,0.0,0,2000,-252,0.952,29817.50
2026-06-04T02:13:39.246Z,25240968,4,82,1744.34,6.66,UP,1.5,⬆️ LONG,0,0,0,0,0.0,0,2000,-256,0.959,29817.50
2026-06-04T02:23:41.735Z,25241018,4,86,1762.71,14.39,UP,1.5,⬆️ LONG,0,0,0,0,0.0,0,2000,-237,0.964,29817.50
2026-06-04T02:34:50.433Z,25241074,4,76,1768.11,5.11,UP,1.5,⬆️ LONG,0,0,0,0,0.0,0,2000,-232,0.962,29817.50
2026-06-04T02:50:52.200Z,25241154,5,63,1775.99,7.40,UP,1.5,⬆️ LONG,0,0,0,0,0.0,0,2000,-224,0.961,29817.50
2026-06-04T03:02:41.761Z,25241213,4,56,1773.23,6.66,UP,1.5,⬆️ LONG,0,0,0,0,0.0,0,2000,-227,0.960,29817.50
2026-06-04T03:12:41.893Z,25241263,4,78,1786.76,-5.82,DOWN,-0.5,↘️ LEAN SHORT,0,0,0,0,0.0,0,2000,-213,0.967,29817.50
2026-06-04T03:22:43.477Z,25241313,4,58,1791.79,-5.01,DOWN,-0.5,↘️ LEAN SHORT,0,0,0,0,0.0,0,2000,-208,0.967,29817.50
2026-06-04T03:32:50.774Z,25241364,4,50,1805.05,9.00,UP,1.5,⬆️ LONG,0,0,0,0,0.0,0,2000,-195,0.965,29817.50
2026-06-04T04:12:53.070Z,25241562,4,60,1812.94,6.12,UP,1.5,⬆️ LONG,0,0,0,0,0.0,0,2000,-187,0.968,29817.50
2026-06-04T04:33:07.771Z,25241662,3,42,1804.68,-5.90,DOWN,-0.5,↘️ LEAN SHORT,0,0,0,0,0.0,0,2000,-195,0.967,29817.50
2026-06-04T05:03:18.583Z,25241812,4,38,1795.91,-5.48,DOWN,-0.5,↘️ LEAN SHORT,0,0,0,0,0.0,0,2000,-204,0.967,29817.50
2026-06-04T05:23:02.608Z,25241911,4,73,1784.25,-7.20,DOWN,-0.5,↘️ LEAN SHORT,0,0,0,0,0.0,0,2000,-216,0.966,29817.50
2026-06-04T05:34:06.579Z,25241966,4,76,1789.05,5.50,UP,1.5,⬆️ LONG,0,0,0,0,0.0,0,2000,-211,0.965,29817.50
2026-06-04T05:49:53.919Z,25242044,3,40,1784.75,-6.46,DOWN,-0.5,↘️ LEAN SHORT,0,0,0,0,0.0,0,2000,-215,0.966,29817.50
2026-06-04T06:04:39.990Z,25242116,3,40,1785.94,5.04,UP,1.5,⬆️ LONG,0,0,0,0,0.0,0,2000,-214,0.968,29817.50
2026-06-04T06:19:30.783Z,25242189,4,44,1797.07,9.69,UP,1.5,⬆️ LONG,0,0,0,0,0.0,0,2000,-203,0.968,29817.50
2026-06-04T06:33:18.077Z,25242257,4,50,1790.58,-5.01,DOWN,-0.5,↘️ LEAN SHORT,0,0,0,0,0.0,0,2000,-209,0.970,29817.50
2026-06-04T06:57:14.181Z,25242377,3,49,1786.03,-5.80,DOWN,-0.5,↘️ LEAN SHORT,0,0,0,0,0.0,0,2000,-214,0.972,29817.50
2026-06-04T07:07:18.139Z,25242427,4,54,1778.15,-6.88,DOWN,-0.5,↘️ LEAN SHORT,0,0,0,0,0.0,0,2000,-222,0.972,29817.50
2026-06-04T07:19:39.085Z,25242489,4,70,1774.95,-6.53,DOWN,-0.5,↘️ LEAN SHORT,0,0,0,0,0.0,0,2000,-225,0.971,29817.50
2026-06-04T07:31:44.706Z,25242549,4,64,1779.99,7.60,UP,1.5,⬆️ LONG,0,0,0,0,0.0,0,2000,-220,0.975,29817.50
2026-06-04T08:05:02.794Z,25242716,4,82,1780.46,5.31,UP,1.5,⬆️ LONG,0,0,0,0,0.0,0,2000,-220,0.988,29817.50
2026-06-04T08:15:29.725Z,25242768,4,51,1765.74,-6.56,DOWN,-0.5,↘️ LEAN SHORT,0,0,0,0,0.0,0,2000,-234,0.991,29817.50
2026-06-04T08:31:42.548Z,25242849,4,55,1774.00,5.06,UP,1.5,⬆️ LONG,0,0,0,0,0.0,0,2000,-226,0.990,29817.50
2026-06-04T08:44:37.876Z,25242914,4,70,1766.93,-5.28,DOWN,-0.5,↘️ LEAN SHORT,0,0,0,0,0.0,0,2000,-233,0.978,29817.50
2026-06-04T09:03:18.471Z,25243007,3,34,1765.14,-6.41,DOWN,-0.5,↘️ LEAN SHORT,0,0,0,0,0.0,0,2000,-235,0.977,29817.50
2026-06-04T09:19:17.303Z,25243086,4,48,1754.78,-8.27,DOWN,-0.5,↘️ LEAN SHORT,0,0,0,0,0.0,0,2000,-245,0.979,29817.50
2026-06-04T09:36:01.886Z,25243168,3,52,1750.33,6.28,UP,1.5,⬆️ LONG,0,0,0,0,0.0,0,2000,-250,0.977,29817.50
2026-06-04T09:46:13.760Z,25243218,5,63,1756.10,7.50,UP,1.5,⬆️ LONG,0,0,0,0,0.0,0,2000,-244,0.979,29817.50
2026-06-04T09:57:41.683Z,25243275,4,62,1759.39,5.96,UP,1.5,⬆️ LONG,0,0,0,0,0.0,0,2000,-241,0.976,29817.50
2026-06-04T10:07:53.184Z,25243325,4,69,1753.66,-9.67,DOWN,-0.5,↘️ LEAN SHORT,0,0,0,0,0.0,0,2000,-246,0.974,29817.50
2026-06-04T10:20:15.902Z,25243387,4,66,1755.82,6.08,UP,1.5,⬆️ LONG,0,0,0,0,0.0,0,2000,-244,0.973,29817.50
2026-06-04T10:34:53.354Z,25243460,3,49,1759.25,5.42,UP,1.5,⬆️ LONG,0,0,0,0,0.0,0,2000,-241,0.976,29817.50
2026-06-04T10:44:54.411Z,25243509,4,64,1752.03,-5.33,DOWN,-0.5,↘️ LEAN SHORT,0,0,0,0,0.0,0,2000,-248,0.970,29817.50
2026-06-04T10:55:55.385Z,25243564,5,72,1729.52,-5.97,DOWN,-0.5,↘️ LEAN SHORT,0,0,0,0,0.0,0,2000,-270,0.980,29817.50
2026-06-04T11:06:02.515Z,25243615,4,64,1740.64,7.38,UP,1.5,⬆️ LONG,0,0,0,0,0.0,0,2000,-259,0.977,29817.50
2026-06-04T11:19:55.938Z,25243684,4,53,1741.29,6.88,UP,1.5,⬆️ LONG,0,0,0,0,0.0,0,2000,-259,0.978,29817.50
2026-06-04T11:37:06.564Z,25243769,4,63,1742.64,-6.53,DOWN,-0.5,↘️ LEAN SHORT,0,0,0,0,0.0,0,2000,-257,0.976,29817.50
2026-06-04T11:49:19.106Z,25243829,4,61,1747.24,8.74,UP,1.5,⬆️ LONG,0,0,0,0,0.0,0,2000,-253,0.980,29817.50
2026-06-04T12:09:40.401Z,25243931,4,56,1744.05,-8.67,DOWN,-0.5,↘️ LEAN SHORT,0,0,0,0,0.0,0,2000,-256,0.973,29817.50
2026-06-04T12:21:42.242Z,25243991,4,77,1748.96,-5.14,DOWN,-0.5,↘️ LEAN SHORT,0,0,0,0,0.0,0,2000,-251,0.972,29817.50
2026-06-04T12:31:43.329Z,25244041,4,73,1768.35,6.91,UP,1.5,⬆️ LONG,0,0,0,0,0.0,0,2000,-232,0.972,29817.50
2026-06-04T12:51:16.809Z,25244138,4,94,1777.71,7.03,UP,1.5,⬆️ LONG,0,0,0,0,0.0,0,2000,-222,0.963,29817.50
2026-06-04T13:17:05.631Z,25244267,4,27,1768.56,-5.73,DOWN,-0.5,↘️ LEAN SHORT,0,0,0,0,0.0,0,2000,-231,0.959,29817.50
2026-06-04T13:29:51.539Z,25244331,4,72,1761.28,6.06,UP,1.5,⬆️ LONG,0,0,0,0,0.0,0,2000,-239,0.958,29817.50
2026-06-04T13:39:53.184Z,25244380,4,82,1786.42,7.20,UP,1.5,⬆️ LONG,0,0,0,0,0.0,0,2000,-214,0.951,29817.50
2026-06-04T13:58:40.475Z,25244473,4,67,1782.13,5.33,UP,1.5,⬆️ LONG,0,0,0,0,0.0,0,2000,-218,0.934,29817.50
2026-06-04T14:08:54.554Z,25244522,4,67,1787.32,5.07,UP,1.5,⬆️ LONG,0,0,0,0,0.0,0,2000,-213,0.933,29817.50
2026-06-04T14:21:16.734Z,25244584,3,69,1781.18,-5.31,DOWN,-0.5,↘️ LEAN SHORT,0,0,0,0,0.0,0,2000,-219,0.942,29817.50
2026-06-04T14:31:42.262Z,25244636,4,28,1774.21,-5.59,DOWN,-0.5,↘️ LEAN SHORT,0,0,0,0,0.0,0,2000,-226,0.942,29817.50
2026-06-04T14:49:17.485Z,25244722,3,41,1765.56,-6.65,DOWN,-0.5,↘️ LEAN SHORT,0,0,0,0,0.0,0,2000,-234,0.943,29817.50
2026-06-04T15:06:08.884Z,25244805,4,54,1779.04,8.01,UP,1.5,⬆️ LONG,0,0,0,0,0.0,0,2000,-221,0.945,29817.50
2026-06-04T15:18:30.333Z,25244867,4,67,1779.07,-5.95,DOWN,-0.5,↘️ LEAN SHORT,0,0,0,0,0.0,0,2000,-221,0.945,29817.50
2026-06-04T15:59:02.454Z,25245070,4,61,1776.42,6.08,UP,1.5,⬆️ LONG,0,0,0,0,0.0,0,2000,-224,0.942,29817.50
2026-06-04T16:29:44.045Z,25245223,4,55,1768.85,-6.03,DOWN,-0.5,↘️ LEAN SHORT,0,0,0,0,0.0,0,2000,-231,0.942,29817.50
2026-06-04T16:39:51.287Z,25245274,4,47,1773.99,6.90,UP,1.5,⬆️ LONG,0,0,0,0,0.0,0,2000,-226,0.942,29817.50
2026-06-04T16:56:04.005Z,25245353,4,63,1767.49,-5.98,DOWN,-0.5,↘️ LEAN SHORT,0,0,0,0,0.0,0,2000,-233,0.942,29817.50
2026-06-04T17:17:06.001Z,25245458,3,49,1765.02,-7.92,DOWN,-0.5,↘️ LEAN SHORT,0,0,0,0,0.0,0,2000,-235,0.942,29817.50
2026-06-04T17:52:54.630Z,25245636,4,47,1771.17,14.17,UP,1.5,⬆️ LONG,0,0,0,0,0.0,0,2000,-229,0.944,29817.50
2026-06-04T18:06:43.991Z,25245705,4,50,1760.93,-5.38,DOWN,-0.5,↘️ LEAN SHORT,0,0,0,0,0.0,0,2000,-239,0.949,29817.50
2026-06-04T18:17:18.184Z,25245758,4,39,1764.72,5.12,UP,1.5,⬆️ LONG,0,0,0,0,0.0,0,2000,-235,0.949,29817.50
2026-06-04T18:29:28.153Z,25245819,4,37,1775.53,5.96,UP,1.5,⬆️ LONG,0,0,0,0,0.0,0,2000,-224,0.950,29817.50
2026-06-04T19:15:41.817Z,25246048,4,42,1775.67,6.11,UP,1.5,⬆️ LONG,0,0,0,0,0.0,0,2000,-224,0.940,29817.50
2026-06-04T20:04:43.417Z,25246292,4,35,1767.69,-6.69,DOWN,-0.5,↘️ LEAN SHORT,0,0,0,0,0.0,0,2000,-232,0.939,29817.50
2026-06-04T20:32:30.080Z,25246431,4,56,1771.57,5.48,UP,1.5,⬆️ LONG,0,0,0,0,0.0,0,2000,-228,0.933,29817.50
2026-06-04T21:37:43.192Z,25246753,4,41,1761.50,-6.11,DOWN,-0.5,↘️ LEAN SHORT,0,0,0,0,0.0,0,2000,-239,0.931,29817.50
2026-06-04T22:03:50.210Z,25246883,3,48,1765.32,5.87,UP,1.5,⬆️ LONG,0,0,0,0,0.0,0,2000,-235,0.932,29817.50
2026-06-04T22:18:28.925Z,25246955,4,39,1758.73,6.23,UP,1.5,⬆️ LONG,0,0,0,0,0.0,0,2000,-241,0.933,29817.50
2026-06-04T22:42:54.393Z,25247076,3,51,1759.36,5.60,UP,1.5,⬆️ LONG,0,0,0,0,0.0,0,2000,-241,0.932,29817.50
2026-06-04T22:58:30.859Z,25247154,4,51,1766.29,5.22,UP,1.5,⬆️ LONG,0,0,0,0,0.0,0,2000,-234,0.932,29817.50
2026-06-04T23:18:29.451Z,25247254,4,62,1761.16,-7.75,DOWN,-0.5,↘️ LEAN SHORT,0,0,0,0,0.0,0,2000,-239,0.931,29817.50
2026-06-05T00:04:29.976Z,25247483,4,63,1763.56,-5.39,DOWN,-0.5,↘️ LEAN SHORT,0,0,0,0,0.0,0,1850,-86,0.934,29817.50
2026-06-05T00:21:53.240Z,25247570,3,50,1765.44,5.38,UP,1.5,⬆️ LONG,0,0,0,0,0.0,0,1850,-85,0.934,29817.50
2026-06-05T00:32:07.025Z,25247620,4,55,1770.98,5.71,UP,0.5,↗️ LEAN LONG,0.004416,0.45,-2.99,51.35,45.2,340125,1825,-54,0.889,29817.50
2026-06-05T00:53:09.903Z,25247725,3,42,1761.37,-7.10,DOWN,-2.5,⬇️ SHORT,0.004463,-0.3,-4.37,50.25,77.4,547047,1825,-64,0.888,29817.50
2026-06-05T01:03:17.010Z,25247776,4,53,1750.23,-8.43,DOWN,-0.5,↘️ LEAN SHORT,0.003678,-0.78,-4.81,49.77,95.4,3210611,1825,-75,0.889,29817.50
2026-06-05T01:20:54.437Z,25247864,4,61,1754.59,5.74,UP,1.5,⬆️ LONG,0.003427,-0.21,-4.97,49.11,95.8,5887255,1825,-70,0.885,29817.50
2026-06-05T01:31:19.783Z,25247916,4,36,1758.82,7.59,UP,-0.5,↘️ LEAN SHORT,0.003253,-0.61,-4.77,48.88,89.0,6622988,1825,-66,0.885,29817.50
2026-06-05T01:41:29.698Z,25247966,4,52,1752.25,-5.43,DOWN,-2.5,⬇️ SHORT,0.003501,-0.68,-4.19,49.11,89.0,6531891,1825,-73,0.885,29817.50
2026-06-05T02:02:05.437Z,25248067,4,40,1748.05,-5.29,DOWN,-2.5,⬇️ SHORT,0.003576,0.43,-5.26,50.43,82.6,4167349,1825,-77,0.884,29817.50
2026-06-05T02:20:43.018Z,25248160,4,53,1741.38,-6.19,DOWN,-2.5,⬇️ SHORT,0.002851,-0.87,-9.3,48.01,76.3,2507496,1825,-84,0.886,29817.50
2026-06-05T02:30:57.120Z,25248211,4,69,1733.18,-6.73,DOWN,-0.5,↘️ LEAN SHORT,0.002295,-0.92,-8.92,45.74,96.9,5246210,1825,-92,0.887,29817.50
2026-06-05T02:42:50.961Z,25248271,4,32,1732.60,-6.11,DOWN,-0.5,↘️ LEAN SHORT,0.002332,-0.71,-8.86,46.19,97.0,5301554,1825,-92,0.887,29817.50
2026-06-05T02:55:38.784Z,25248335,4,64,1731.31,-5.19,DOWN,-0.5,↘️ LEAN SHORT,0.002359,-0.57,-7.35,45.87,97.1,8288642,1825,-94,0.888,29817.50
2026-06-05T03:16:56.697Z,25248440,4,45,1731.33,9.74,UP,1.5,⬆️ LONG,0.001782,-0.36,-2.77,46.76,96.4,13558596,1825,-94,0.887,29817.50
2026-06-05T03:31:28.894Z,25248511,4,66,1733.86,6.35,UP,1.5,⬆️ LONG,0.002277,0,-1.72,48.77,94.6,9750568,1825,-91,0.887,29817.50
2026-06-05T04:02:07.754Z,25248663,4,44,1724.94,-6.14,DOWN,-2.5,⬇️ SHORT,0.002929,0.52,-2.28,51.16,89.0,3963293,1825,-100,0.886,29817.50
2026-06-05T04:12:31.858Z,25248715,4,47,1726.82,-5.86,DOWN,-2.5,⬇️ SHORT,0.002847,0.5,-0.43,50.79,79.7,2920063,1825,-98,0.886,29817.50
2026-06-05T04:26:18.128Z,25248784,3,29,1730.37,11.86,UP,-0.5,↘️ LEAN SHORT,0.002063,0.29,-0.02,49.32,86.2,4066095,1825,-95,0.889,29817.50
2026-06-05T04:36:43.205Z,25248836,4,39,1732.42,5.05,UP,-0.5,↘️ LEAN SHORT,0.002024,0.28,1.2,49.48,83.1,4184591,1825,-93,0.890,29817.50
2026-06-05T04:46:52.679Z,25248887,3,50,1724.82,-5.96,DOWN,-2.5,⬇️ SHORT,0.00177,-0.01,1.34,49.35,82.8,4082002,1825,-100,0.891,29817.50
2026-06-05T04:59:43.191Z,25248951,4,31,1742.75,8.38,UP,0.5,↗️ LEAN LONG,0.001896,0.45,2.36,52.08,68.9,4959614,1825,-82,0.886,29817.50
2026-06-05T05:10:30.682Z,25249005,3,35,1730.40,-6.50,DOWN,-1.5,⬇️ SHORT,0.001514,-0.18,1.2,52.55,47.5,3908799,1825,-95,0.886,29817.50
2026-06-05T05:22:28.122Z,25249064,3,32,1728.96,6.00,UP,2.5,⬆️ LONG,0.00084,-0.01,0.6,53.61,27.9,2810983,1825,-96,0.886,29817.50
2026-06-05T05:33:54.408Z,25249121,4,55,1726.21,-7.07,DOWN,-0.5,↘️ LEAN SHORT,0.00082,-0.46,-0.53,53.89,30.4,2246367,1825,-99,0.886,29817.50
2026-06-05T05:43:59.694Z,25249171,4,45,1698.68,-8.60,DOWN,-1.5,⬇️ SHORT,-0.000026,-1.47,2.66,46.94,89.7,29029407,1825,-126,0.878,29817.50
2026-06-05T05:54:05.834Z,25249222,4,77,1691.45,-5.54,DOWN,0.5,↗️ LEAN LONG,-0.000734,-1.34,4.92,46.16,92.7,46682226,1825,-134,1.046,29817.50
2026-06-05T06:04:08.717Z,25249271,4,82,1659.72,-12.49,DOWN,2.5,⬆️ LONG,-0.001453,-1.7,7.6,43.41,96.2,75184800,1825,-165,1.056,29817.50
2026-06-05T06:14:16.676Z,25249321,4,81,1671.93,-11.76,DOWN,2.5,⬆️ LONG,-0.001082,-1.41,10.35,44.6,95.2,83911830,1825,-153,1.049,29817.50
2026-06-05T06:24:30.599Z,25249372,4,96,1644.38,-37.94,DOWN,1.5,⬆️ LONG,-0.001748,-3.03,14.19,43.78,95.9,132464633,1825,-181,1.062,29817.50
2026-06-05T06:35:57.416Z,25249429,4,86,1643.12,-5.04,DOWN,1.5,⬆️ LONG,-0.002937,-3.34,19.07,44.56,95.2,183451227,1825,-182,1.004,29817.50
2026-06-05T06:46:03.196Z,25249480,4,76,1658.09,5.71,UP,3.5,⬆️⬆️ STRONG LONG,-0.00313,-1.54,16.71,46.34,94.1,153553539,1825,-167,0.967,29817.50
2026-06-05T07:01:39.759Z,25249558,4,90,1649.21,-5.45,DOWN,0.5,↗️ LEAN LONG,-0.003341,-2.32,12.92,47.31,93.3,126231031,1825,-176,0.943,29817.50
2026-06-05T07:16:55.150Z,25249633,3,57,1641.13,5.04,UP,4.5,⬆️⬆️ STRONG LONG,-0.003867,-2.52,9.93,47.42,92.2,107828018,1800,-159,0.954,29817.50
2026-06-05T07:27:18.826Z,25249685,4,68,1654.62,8.41,UP,2.5,⬆️ LONG,-0.003141,0.91,4.94,51.9,51.3,13483533,1800,-145,0.942,29817.50
2026-06-05T07:37:39.024Z,25249737,4,82,1663.32,5.26,UP,2.5,⬆️ LONG,-0.002969,0.5,3.87,51.7,47.6,12498156,1800,-137,0.939,29817.50
2026-06-05T07:48:45.069Z,25249791,4,87,1676.08,6.90,UP,2.5,⬆️ LONG,-0.002968,0.5,3.99,51.79,46.0,11635260,1800,-124,0.908,29817.50
2026-06-05T08:00:05.252Z,25249848,4,81,1676.34,5.09,UP,2.5,⬆️ LONG,-0.003169,0.48,4.23,51.63,45.4,11897760,1800,-124,0.887,29817.50
2026-06-05T08:12:04.718Z,25249904,4,57,1666.79,-6.00,DOWN,1.5,⬆️ LONG,-0.003874,0.95,3.51,51.68,27.8,7385243,1800,-133,0.931,29817.50
2026-06-05T08:27:50.355Z,25249982,4,65,1670.23,5.62,UP,2.5,⬆️ LONG,-0.004231,0.15,2.35,51.66,37.3,4142924,1800,-130,0.923,29817.50
2026-06-05T08:53:44.125Z,25250111,4,48,1661.29,-5.59,DOWN,-0.5,↘️ LEAN SHORT,-0.004845,-0.35,0,49.05,71.0,2032403,1800,-139,0.945,29817.50
2026-06-05T09:03:50.821Z,25250161,4,53,1667.73,5.49,UP,1.5,⬆️ LONG,-0.004994,0.15,-0.45,49.78,78.0,2034193,1800,-132,0.938,29817.50
2026-06-05T09:13:54.111Z,25250211,4,50,1677.09,7.88,UP,2.5,⬆️ LONG,-0.005015,0.58,-0.44,53.08,59.5,1754690,1800,-123,0.929,29817.50
2026-06-05T09:42:30.243Z,25250354,4,54,1675.85,-5.05,DOWN,-0.5,↘️ LEAN SHORT,-0.005378,0.2,-0.49,51.99,9.1,7152716,1800,-124,0.922,29817.50
2026-06-05T10:06:28.872Z,25250473,4,52,1675.38,-6.56,DOWN,-0.5,↘️ LEAN SHORT,-0.005451,0.14,-1.27,52.51,5.9,7266916,1800,-125,0.915,29817.50
2026-06-05T10:39:19.347Z,25250634,4,55,1671.90,-7.23,DOWN,0.5,↗️ LEAN LONG,-0.004821,-0.22,-1.45,48.91,52.0,1139750,1800,-128,0.915,29817.50
2026-06-05T11:04:39.653Z,25250758,4,63,1668.66,-5.30,DOWN,-0.5,↘️ LEAN SHORT,-0.003917,-0.33,-3.51,47.4,77.8,860441,1800,-131,0.914,29817.50
2026-06-05T11:19:15.916Z,25250831,4,54,1674.35,5.78,UP,2.5,⬆️ LONG,-0.003854,0.05,-3.36,49.75,65.7,591813,1800,-126,0.911,29817.50
2026-06-05T11:46:30.303Z,25250966,4,24,1664.64,-5.69,DOWN,-0.5,↘️ LEAN SHORT,-0.003722,-0.83,-3.51,48.4,74.6,2504572,1800,-135,0.899,29817.50
2026-06-05T12:02:19.421Z,25251044,4,61,1658.23,-5.67,DOWN,-0.5,↘️ LEAN SHORT,-0.003726,-0.72,-0.98,47.04,73.1,3703885,1800,-142,0.901,29817.50
2026-06-05T12:19:53.250Z,25251132,4,66,1665.00,5.01,UP,1.5,⬆️ LONG,-0.003615,-0.88,-0.2,48.51,77.7,6283134,1800,-135,0.884,29817.50
2026-06-05T12:32:03.698Z,25251193,4,59,1654.42,-9.95,DOWN,-0.5,↘️ LEAN SHORT,-0.003637,-1.44,-0.32,47.68,85.5,6587525,1800,-146,0.885,29817.50
2026-06-05T13:02:53.519Z,25251346,4,79,1661.59,5.89,UP,1.5,⬆️ LONG,-0.004124,-0.12,-0.14,50.73,79.0,5437586,1800,-138,0.868,29817.50
2026-06-05T13:21:42.608Z,25251440,4,54,1670.97,7.90,UP,2.5,⬆️ LONG,-0.003595,0.64,-0.51,51.15,64.7,3449373,1800,-129,0.873,29817.50
2026-06-05T13:34:44.163Z,25251505,4,89,1675.44,6.99,UP,2.5,⬆️ LONG,-0.003184,1.41,-1.06,52.36,55.2,2646668,1775,-100,0.843,29817.50
2026-06-05T13:45:19.486Z,25251558,4,89,1654.01,-5.12,DOWN,0.5,↗️ LEAN LONG,-0.003607,-0.08,-1.4,51.89,44.5,3387543,1775,-121,0.848,29817.50
2026-06-05T13:55:32.725Z,25251609,4,76,1628.86,-16.00,DOWN,-0.5,↘️ LEAN SHORT,-0.004507,-1.37,0.32,48.69,81.2,11016074,1775,-146,0.838,29817.50
2026-06-05T14:05:43.668Z,25251660,4,93,1607.10,-16.51,DOWN,1.5,⬆️ LONG,-0.005211,-3.23,3.2,46.87,93.8,41353687,1775,-168,0.825,29817.50
2026-06-05T14:15:55.061Z,25251711,4,93,1615.81,6.72,UP,4.5,⬆️⬆️ STRONG LONG,-0.005721,-2.87,5.87,47.03,94.3,63058064,1750,-134,0.816,29817.50
2026-06-05T14:26:06.049Z,25251761,4,88,1601.00,-9.37,DOWN,0.5,↗️ LEAN LONG,-0.005979,-3.76,6.81,47.1,94.7,64738185,1750,-149,0.814,29817.50
2026-06-05T14:36:07.180Z,25251811,4,85,1616.10,15.99,UP,4.5,⬆️⬆️ STRONG LONG,-0.006149,-3.56,8.51,47.23,94.4,68973005,1750,-134,0.820,29817.50
2026-06-05T14:47:43.982Z,25251868,4,84,1608.70,-6.23,DOWN,0.5,↗️ LEAN LONG,-0.005691,-2.21,9.89,47.89,92.3,69725098,1750,-141,0.820,29817.50
2026-06-05T15:00:29.471Z,25251931,4,72,1600.35,6.73,UP,1.5,⬆️ LONG,-0.006155,0.04,7.58,49.78,87.6,40970182,1750,-150,0.825,29817.50
2026-06-05T15:10:33.766Z,25251981,5,87,1589.94,-5.89,DOWN,-0.5,↘️ LEAN SHORT,-0.00658,-0.54,5.38,49.76,85.1,27082197,1750,-160,0.852,29817.50
2026-06-05T15:20:27.630Z,25252032,4,87,1592.73,11.71,UP,1.5,⬆️ LONG,-0.006841,-0.52,5.85,49.5,85.4,30976853,1725,-132,0.837,29817.50
2026-06-05T15:31:32.814Z,25252086,4,86,1595.33,-7.66,DOWN,-0.5,↘️ LEAN SHORT,-0.00682,-0.03,5.74,50.1,82.4,29581201,1725,-130,0.833,29817.50
2026-06-05T15:41:27.792Z,25252137,4,90,1572.48,-6.08,DOWN,1.5,⬆️ LONG,-0.007074,-1.38,5.59,48.31,92.3,34756496,1725,-153,0.838,29817.50
2026-06-05T15:52:42.535Z,25252193,4,94,1583.47,9.38,UP,3.5,⬆️⬆️ STRONG LONG,-0.007138,-0.99,6.02,49.1,92.1,41468895,1725,-142,0.834,29817.50
2026-06-05T16:03:01.452Z,25252243,4,73,1571.07,-10.98,DOWN,1.5,⬆️ LONG,-0.007781,-1.1,5.27,49.1,91.0,33757240,1725,-154,0.831,29817.50
2026-06-05T16:13:37.975Z,25252294,4,87,1560.92,-25.37,DOWN,1.5,⬆️ LONG,-0.008601,-1.29,7.18,48.91,93.3,47524222,1700,-139,0.797,29817.50
2026-06-05T16:23:20.674Z,25252346,4,75,1603.53,11.15,UP,1.5,⬆️ LONG,-0.007191,0.18,11.18,49.8,82.3,53571297,1700,-96,0.785,29817.50
2026-06-05T16:33:42.882Z,25252398,4,92,1587.44,-7.77,DOWN,-0.5,↘️ LEAN SHORT,-0.007351,-0.54,11.12,49.55,83.5,55662206,1700,-113,0.788,29817.50
2026-06-05T16:43:43.230Z,25252448,4,77,1581.45,-7.09,DOWN,-0.5,↘️ LEAN SHORT,-0.0075,-0.6,9.92,49.88,79.9,44005344,1700,-119,0.788,29817.50
2026-06-05T16:53:54.603Z,25252499,4,90,1600.44,10.90,UP,1.5,⬆️ LONG,-0.006759,0.24,10.33,50.41,78.1,45832051,1700,-100,0.783,29817.50
2026-06-05T17:04:03.449Z,25252550,4,93,1606.88,-7.40,DOWN,-0.5,↘️ LEAN SHORT,-0.00631,0.79,10.19,51.46,74.7,45508355,1700,-93,0.783,29817.50
2026-06-05T17:14:14.761Z,25252600,4,85,1596.92,-10.74,DOWN,0.5,↗️ LEAN LONG,-0.006466,1.35,7.77,52.26,42.0,17520603,1700,-103,0.775,29817.50
2026-06-05T17:24:16.663Z,25252651,4,84,1590.06,5.38,UP,2.5,⬆️ LONG,-0.006495,-0.44,2.87,51.02,64.3,11287701,1700,-110,0.773,29817.50
2026-06-05T17:40:15.020Z,25252731,4,71,1597.41,7.41,UP,2.5,⬆️ LONG,-0.006534,0.28,1.94,52.39,56.6,7971676,1700,-103,0.773,29817.50
2026-06-05T18:08:07.060Z,25252867,4,65,1596.11,5.27,UP,2.5,⬆️ LONG,-0.006653,-0.23,-0.19,50.06,55.7,5167541,1700,-104,0.769,29817.50
2026-06-05T18:22:04.324Z,25252936,4,70,1579.09,-5.62,DOWN,0.5,↗️ LEAN LONG,-0.007369,-0.58,-0.21,50.38,59.2,5669967,1700,-121,0.769,29817.50
2026-06-05T18:32:53.959Z,25252990,4,93,1565.04,-6.29,DOWN,-0.5,↘️ LEAN SHORT,-0.008359,-1.6,-0.05,47.81,78.7,10976749,1700,-135,0.768,29817.50
2026-06-05T18:44:03.008Z,25253045,4,85,1560.25,-6.66,DOWN,1.5,⬆️ LONG,-0.008757,-1.94,0.56,48.12,92.9,10905034,1700,-140,0.764,29817.50
2026-06-05T18:54:16.100Z,25253096,4,88,1550.27,-8.45,DOWN,1.5,⬆️ LONG,-0.009738,-2.5,2.09,46.86,95.7,23609318,1700,-150,0.751,29817.50
2026-06-05T19:05:07.798Z,25253150,4,84,1550.67,7.54,UP,4.5,⬆️⬆️ STRONG LONG,-0.010632,-2.37,3.54,47.17,94.8,29464239,1700,-149,0.741,29817.50
2026-06-05T19:15:43.533Z,25253203,4,91,1547.48,-7.70,DOWN,2.5,⬆️ LONG,-0.011609,-2.2,3.96,47.53,93.8,30099054,1700,-153,0.719,29817.50
2026-06-05T19:27:19.787Z,25253261,4,76,1555.01,5.03,UP,4.5,⬆️⬆️ STRONG LONG,-0.012539,-0.21,4.49,48.92,90.9,32239730,1700,-145,0.715,29817.50
2026-06-05T19:38:54.751Z,25253319,4,82,1554.20,5.29,UP,2.5,⬆️ LONG,-0.013596,-0.13,4.4,49.7,89.5,28565713,1700,-146,0.716,29817.50
2026-06-05T19:49:06.151Z,25253370,4,88,1574.05,24.44,UP,2.5,⬆️ LONG,-0.013295,1.16,4.79,50.68,75.3,28403214,1700,-126,0.717,29817.50
2026-06-05T19:59:53.323Z,25253423,4,63,1574.95,5.20,UP,3.5,⬆️⬆️ STRONG LONG,-0.01352,1.18,3.97,51.52,61.4,18044088,1700,-125,0.718,29817.50
2026-06-05T20:10:08.616Z,25253474,4,91,1585.85,28.32,UP,3.5,⬆️⬆️ STRONG LONG,-0.013724,1.6,4.24,52.26,44.1,17752247,1700,-114,0.710,29817.50
2026-06-05T20:20:32.258Z,25253526,4,85,1594.78,8.22,UP,5,⬆️⬆️ STRONG LONG,-0.013574,2.57,4.56,54.53,13.8,12030975,1700,-105,0.709,29817.50
2026-06-05T20:31:06.012Z,25253579,4,86,1596.95,-5.16,DOWN,2.5,⬆️ LONG,-0.012669,1.41,4.52,53.41,13.3,12571701,1700,-103,0.709,29817.50
2026-06-05T20:50:28.254Z,25253675,4,77,1601.07,5.04,UP,4.5,⬆️⬆️ STRONG LONG,-0.011863,1.24,3.64,52.33,15.2,8647086,1700,-99,0.701,29817.50
2026-06-05T21:04:05.277Z,25253743,4,81,1609.48,5.08,UP,2.5,⬆️ LONG,-0.011805,2.38,3.55,55.87,7.9,10607382,1700,-91,0.702,29817.50
2026-06-05T21:16:07.313Z,25253803,4,66,1614.28,6.74,UP,3,⬆️⬆️ STRONG LONG,-0.011235,0.95,2.43,53.09,6.4,8423899,1700,-86,0.687,29817.50
2026-06-05T21:38:20.533Z,25253914,4,47,1613.86,5.07,UP,3,⬆️⬆️ STRONG LONG,-0.011026,1,1.81,51.03,2.7,5357421,1675,-61,0.670,29817.50
2026-06-07T19:15:42.431Z,25267544,3,19,1612.73,-5.17,DOWN,3,⬆️⬆️ STRONG LONG,-0.0111,-1.73,4.38,43.26,98.8,5477631,1625,-12,0.861,29817.50
2026-06-07T19:26:18.858Z,25267596,4,61,1606.07,-5.68,DOWN,2,⬆️ LONG,-0.012179,-2.3,6.4,44.89,97.0,9781707,1625,-19,0.863,29817.50
2026-06-07T19:51:15.827Z,25267721,4,53,1610.97,6.68,UP,4,⬆️⬆️ STRONG LONG,-0.013756,-2.21,4.62,45.81,96.4,10180204,1625,-14,0.863,29817.50
2026-06-07T20:05:05.520Z,25267790,4,64,1615.26,5.81,UP,4,⬆️⬆️ STRONG LONG,-0.014379,-1.11,4.91,49.57,95.0,7941538,1625,-10,0.864,29817.50
2026-06-07T20:21:55.207Z,25267874,4,60,1627.96,9.67,UP,4,⬆️⬆️ STRONG LONG,-0.015505,0.32,4.04,53.72,23.3,3233407,1625,3,0.886,29817.50
2026-06-07T21:05:31.064Z,25268090,3,36,1622.46,-5.16,DOWN,-1,↘️ LEAN SHORT,-0.016749,0.31,1.58,55.28,1.5,2572177,1625,-3,0.871,29817.50
2026-06-07T22:00:16.126Z,25268364,3,52,1634.28,5.90,UP,2,⬆️ LONG,-0.017979,0.45,0.3,49.61,3.6,711354,1625,9,0.871,29817.50
2026-06-07T22:12:29.825Z,25268425,4,57,1640.89,9.18,UP,1,↗️ LEAN LONG,-0.017538,0.7,0.87,56.05,0.7,6131851,1625,16,0.871,29817.50
2026-06-07T22:22:32.815Z,25268475,4,73,1678.31,-13.05,DOWN,-0.5,↘️ LEAN SHORT,-0.015808,0.6,12.43,54.96,3.8,99184982,1625,53,0.827,29817.50
2026-06-07T22:32:40.150Z,25268526,4,66,1671.04,-5.14,DOWN,-0.5,↘️ LEAN SHORT,-0.015377,0.67,14.33,54.3,4.3,99770489,1625,46,0.816,29817.50
2026-06-07T22:42:44.864Z,25268576,4,69,1679.53,-6.78,DOWN,-0.5,↘️ LEAN SHORT,-0.014427,1.25,16.11,53.96,4.4,100716070,1625,55,0.816,29817.50
2026-06-07T22:56:18.571Z,25268644,4,53,1674.04,-8.98,DOWN,-0.5,↘️ LEAN SHORT,-0.013435,0.91,16.58,53.8,4.4,100776823,1625,49,0.814,29817.50
2026-06-07T23:06:28.776Z,25268695,4,46,1671.64,-5.57,DOWN,-0.5,↘️ LEAN SHORT,-0.012874,0.59,16.9,53.69,4.6,100587160,1625,47,0.814,29817.50
2026-06-07T23:19:18.605Z,25268759,4,58,1671.96,-6.09,DOWN,0.5,↗️ LEAN LONG,-0.011651,-0.17,5.5,48.77,59.9,2585909,1625,47,0.815,29817.50
2026-06-07T23:29:20.691Z,25268809,4,62,1682.20,7.45,UP,3.5,⬆️⬆️ STRONG LONG,-0.010822,0.94,4.3,50.96,25.7,1674889,1625,57,0.815,29817.50
2026-06-07T23:53:43.337Z,25268931,4,55,1680.91,-5.41,DOWN,0.5,↗️ LEAN LONG,-0.008877,-0.35,2.16,49.96,29.1,899941,1625,56,0.822,29817.50
2026-06-08T00:27:20.500Z,25269099,4,57,1692.02,7.67,UP,0.5,↗️ LEAN LONG,-0.00795,0.05,1.81,49.33,2.7,1057830,1575,117,1.038,29817.50
2026-06-08T00:37:31.970Z,25269150,4,62,1703.72,8.50,UP,0.5,↗️ LEAN LONG,-0.007171,1.28,2.89,50.94,2.0,4568237,1575,129,1.039,29817.50
2026-06-08T00:47:40.095Z,25269201,4,75,1698.56,-7.13,DOWN,-1.5,⬇️ SHORT,-0.006772,0.86,4.22,49.98,3.5,10055156,1575,124,1.057,29817.50
2026-06-08T00:57:55.115Z,25269251,4,72,1694.67,-10.28,DOWN,-1.5,⬇️ SHORT,-0.006694,0.78,4.28,50.65,4.0,9998513,1575,120,1.071,29817.50
2026-06-08T01:15:31.869Z,25269339,4,30,1679.99,-7.05,DOWN,0.5,↗️ LEAN LONG,-0.006569,0.63,2.7,0,16.0,11310404,1575,105,1.079,29817.50
2026-06-08T01:26:50.723Z,25269395,4,51,1674.09,-6.05,DOWN,0.5,↗️ LEAN LONG,-0.006417,-0.15,2.17,47.96,22.8,11525667,1600,74,1.101,29817.50
2026-06-08T02:19:30.969Z,25269659,3,51,1680.11,-5.25,DOWN,-0.5,↘️ LEAN SHORT,-0.005971,0.1,0.13,49.54,39.2,1493505,1600,80,1.165,29817.50
2026-06-08T03:10:16.210Z,25269913,3,44,1685.78,5.45,UP,1.5,⬆️ LONG,-0.00635,0.31,-0.13,52.25,48.3,261984,1600,86,1.172,29817.50
2026-06-08T04:05:51.279Z,25270190,4,33,1671.86,-6.84,DOWN,-1.5,⬇️ SHORT,-0.007147,-0.16,0.01,50.31,77.7,1312529,1600,72,1.155,29817.50
2026-06-08T04:22:06.567Z,25270271,3,47,1662.50,-5.15,DOWN,1.5,⬆️ LONG,-0.007065,-1.3,0.83,42.46,99.7,2611118,1600,63,1.154,29817.50
2026-06-08T04:37:09.779Z,25270346,3,48,1659.57,-6.67,DOWN,1.5,⬆️ LONG,-0.006904,-1.46,1.34,43.59,93.1,3835739,1600,60,1.154,29817.50
2026-06-08T05:08:20.299Z,25270502,4,59,1652.85,-5.22,DOWN,0.5,↗️ LEAN LONG,-0.006369,-0.96,1.08,46.53,94.5,7089526,1600,53,1.159,29817.50
2026-06-08T05:36:33.694Z,25270643,4,60,1647.27,-5.83,DOWN,0.5,↗️ LEAN LONG,-0.006835,-0.82,0.39,47.87,97.0,6826906,1600,47,1.159,29817.50
2026-06-08T06:02:08.377Z,25270770,4,46,1656.74,5.15,UP,2.5,⬆️ LONG,-0.007378,-0.09,0.31,51.38,91.2,2793212,1600,57,1.082,29817.50
2026-06-08T06:19:41.904Z,25270858,4,53,1667.25,5.06,UP,1.5,⬆️ LONG,-0.007672,0.37,1.44,55.92,30.0,2054606,1600,67,1.083,29817.50
2026-06-08T07:12:06.231Z,25271118,4,54,1667.20,5.44,UP,0.5,↗️ LEAN LONG,-0.007838,0.32,-3.14,48.2,7.2,811529,1600,67,1.107,29817.50
2026-06-08T07:24:17.478Z,25271179,4,59,1672.67,5.31,UP,0.5,↗️ LEAN LONG,-0.007374,0.12,-3.03,49.76,8.7,812947,1600,73,1.107,29817.50
2026-06-08T08:03:06.224Z,25271373,4,72,1665.87,-5.76,DOWN,0.5,↗️ LEAN LONG,-0.006562,0.15,0.87,51.42,12.2,1437673,1600,66,1.097,29817.50
2026-06-08T08:21:03.245Z,25271462,3,36,1662.31,-5.51,DOWN,0.5,↗️ LEAN LONG,-0.006206,0.13,0.51,49.48,18.3,1231660,1600,62,1.096,29817.50
2026-06-08T09:10:18.475Z,25271708,3,61,1657.33,-6.64,DOWN,0.5,↗️ LEAN LONG,-0.004482,-0.71,-4.27,45.83,96.5,729572,1600,57,1.152,29817.50
2026-06-08T09:26:19.331Z,25271788,3,47,1661.75,-5.21,DOWN,-0.5,↘️ LEAN SHORT,-0.003881,-0.49,-4.69,49.85,40.3,1786433,1600,62,1.156,29817.50
2026-06-08T09:38:31.008Z,25271849,4,72,1661.63,5.44,UP,1.5,⬆️ LONG,-0.004083,-0.48,-3.81,47.88,43.8,2083874,1600,62,1.160,29817.50
2026-06-08T10:34:53.773Z,25272130,4,39,1671.63,8.38,UP,2.5,⬆️ LONG,-0.00364,0.83,0.71,51,29.7,1374359,1600,72,1.152,29817.50
2026-06-08T11:11:15.863Z,25272310,4,59,1678.47,11.12,UP,2.5,⬆️ LONG,-0.003209,0.35,0.42,52.63,10.3,668489,1600,78,1.100,29817.50
2026-06-08T11:22:31.172Z,25272366,4,42,1690.18,8.59,UP,0.5,↗️ LEAN LONG,-0.002712,0.98,2.72,54.76,2.3,3626571,1600,90,1.098,29817.50
2026-06-08T11:39:02.667Z,25272447,4,59,1693.31,7.15,UP,2.5,⬆️ LONG,-0.002513,1.18,3.39,54.18,11.7,5013875,1600,93,1.090,29817.50
2026-06-08T11:49:03.625Z,25272497,4,61,1681.59,-6.42,DOWN,0.5,↗️ LEAN LONG,-0.002669,0.55,3.74,53.14,13.8,6199846,1600,82,1.085,29817.50
2026-06-08T12:04:43.113Z,25272575,4,52,1673.78,-8.38,DOWN,0.5,↗️ LEAN LONG,-0.002614,0.06,4.8,51.98,19.2,6805003,1600,74,1.058,29817.50
2026-06-08T12:31:32.925Z,25272709,3,40,1680.45,5.02,UP,1.5,⬆️ LONG,-0.002662,-0.17,1.53,49.4,47.5,3526539,1600,80,1.064,29817.50
2026-06-08T12:43:31.928Z,25272769,4,35,1689.45,7.19,UP,1.5,⬆️ LONG,-0.002474,-0.36,0.74,49.51,56.6,2683004,1600,89,1.065,29817.50
2026-06-08T12:58:09.569Z,25272841,4,38,1696.01,8.92,UP,1.5,⬆️ LONG,-0.002559,0.54,0.68,50.93,48.6,3122396,1600,96,1.044,29817.50
2026-06-08T13:17:42.191Z,25272939,4,47,1687.67,-5.40,DOWN,0.5,↗️ LEAN LONG,-0.002707,1.24,0.53,52.27,14.7,1964611,1600,88,1.043,29817.50
2026-06-08T13:27:53.880Z,25272990,3,41,1687.33,-5.61,DOWN,0.5,↗️ LEAN LONG,-0.002935,0.9,1.1,51.94,15.7,2169796,1600,87,1.043,29817.50
2026-06-08T13:38:32.754Z,25273043,4,49,1685.10,5.53,UP,1.5,⬆️ LONG,-0.002964,0.17,1.87,50.97,31.4,2462161,1600,85,1.030,29817.50
2026-06-08T13:50:07.051Z,25273101,4,66,1680.93,-5.51,DOWN,-0.5,↘️ LEAN SHORT,-0.002909,-0.3,2.25,51.3,45.6,1522538,1600,81,1.030,29817.50
2026-06-08T14:09:19.913Z,25273196,4,62,1683.82,5.57,UP,1.5,⬆️ LONG,-0.002879,-0.61,2.58,50.99,66.6,1158400,1600,84,1.043,29817.50
2026-06-08T14:19:20.082Z,25273247,3,50,1682.44,-5.29,DOWN,-0.5,↘️ LEAN SHORT,-0.003122,-0.47,2.95,51.21,59.8,1411781,1600,82,1.059,29817.50
2026-06-08T14:48:07.532Z,25273391,4,58,1687.64,5.05,UP,1.5,⬆️ LONG,-0.003794,-0.01,-0.35,50.41,54.9,566482,1600,88,1.081,29817.50
2026-06-08T15:04:28.365Z,25273473,4,83,1692.85,5.42,UP,2.5,⬆️ LONG,-0.003861,0.47,-0.31,51.14,12.4,1937942,1600,93,1.093,29817.50
2026-06-08T15:14:30.433Z,25273523,4,64,1701.83,5.60,UP,0.5,↗️ LEAN LONG,-0.003974,0.81,-0.06,51.7,2.6,7821694,1600,102,1.098,29817.50
2026-06-08T15:31:08.779Z,25273606,4,65,1691.35,-7.08,DOWN,-1.5,⬇️ SHORT,-0.003941,0.31,1.53,51.44,2.6,8542174,1600,91,1.088,29817.50
2026-06-08T15:53:17.892Z,25273717,4,48,1698.04,5.69,UP,0.5,↗️ LEAN LONG,-0.004243,0.81,2.86,52.43,4.9,8323806,1600,98,1.088,29817.50
2026-06-08T16:06:16.004Z,25273782,3,58,1692.41,5.15,UP,0.5,↗️ LEAN LONG,-0.004564,0.07,2.57,50.19,5.2,7037816,1600,92,1.092,29817.50
2026-06-08T16:30:28.382Z,25273903,4,48,1696.45,-5.01,DOWN,0.5,↗️ LEAN LONG,-0.005137,-0.3,1.46,50.79,26.1,1143399,1600,96,1.097,29817.50
2026-06-08T16:55:27.437Z,25274028,4,58,1683.51,-6.46,DOWN,-0.5,↘️ LEAN SHORT,-0.006374,-0.58,1.71,49.02,48.2,1392596,1600,84,1.098,29817.50
2026-06-08T18:01:39.298Z,25274356,4,39,1690.18,6.63,UP,1.5,⬆️ LONG,-0.008422,0.01,2.16,51.96,69.0,1600886,1600,90,1.106,29817.50
2026-06-08T18:55:04.479Z,25274623,4,64,1682.95,5.49,UP,2.5,⬆️ LONG,-0.009684,-0.55,0.94,49.64,26.2,347502,1600,83,1.103,29817.50
2026-06-08T20:30:58.333Z,25275101,4,78,1679.40,-5.15,DOWN,0.5,↗️ LEAN LONG,-0.012834,-0.12,-1.32,48.51,63.2,368422,1600,79,1.075,29817.50
2026-06-08T21:03:18.313Z,25275263,4,38,1693.01,5.07,UP,2.5,⬆️ LONG,-0.012526,0.42,0.08,50.83,34.5,658842,1600,93,1.056,29817.50
2026-06-08T21:20:06.888Z,25275347,4,70,1706.46,-5.86,DOWN,-1.5,⬇️ SHORT,-0.01121,0.74,2.45,56.35,2.7,6380545,1600,106,1.035,29817.50
2026-06-08T21:47:41.595Z,25275485,4,51,1707.85,-5.15,DOWN,-2.5,⬇️ SHORT,-0.009689,0.54,3.06,55.01,2.5,6337733,1600,108,0.998,29817.50
2026-06-08T22:01:27.434Z,25275552,4,68,1694.97,-10.61,DOWN,-1.5,⬇️ SHORT,-0.009274,-0.64,1.82,52.25,5.4,6585405,1600,95,0.998,29817.50
2026-06-08T22:23:33.071Z,25275661,4,51,1694.53,5.07,UP,1.5,⬆️ LONG,-0.008941,-1.28,-7.73,44.56,85.4,1563028,1600,95,1.003,29817.50
2026-06-08T23:10:04.808Z,25275893,3,32,1712.36,6.53,UP,1.5,⬆️ LONG,-0.005826,0.72,-9.55,50.28,63.7,1934343,1600,112,1.004,29817.50
2026-06-08T23:20:17.965Z,25275943,4,77,1696.65,-8.24,DOWN,-0.5,↘️ LEAN SHORT,-0.00557,0.54,-3.27,47.94,33.8,1090232,1600,97,1.004,29440.50
2026-06-08T23:46:28.664Z,25276073,4,51,1691.92,-6.18,DOWN,-1.5,⬇️ SHORT,-0.0048,0.09,-0.71,49.14,76.3,2855494,1600,92,1.002,29440.50
2026-06-09T00:17:19.582Z,25276227,4,48,1693.65,7.95,UP,2.5,⬆️ LONG,-0.005138,-0.46,-0.38,49.74,93.1,3119683,1675,19,1.979,29440.50
2026-06-09T00:27:19.954Z,25276277,4,73,1678.19,-7.13,DOWN,-1.5,⬇️ SHORT,-0.005789,-0.91,-0.04,47.66,85.5,3116187,1675,3,2.017,29440.50
2026-06-09T00:43:06.669Z,25276356,4,54,1670.44,5.52,UP,2.5,⬆️ LONG,-0.006785,-1.81,0.71,45.04,91.8,7526571,1675,-5,1.973,29440.50
2026-06-09T01:08:19.954Z,25276482,3,44,1658.54,-7.08,DOWN,0.5,↗️ LEAN LONG,-0.008213,-1.58,1.61,46.01,93.7,8450670,1675,-16,1.995,29440.50
2026-06-09T01:22:42.568Z,25276554,4,51,1671.99,5.51,UP,2.5,⬆️ LONG,-0.008875,-0.71,0.56,46.07,94.4,8266620,1675,-3,1.995,29440.50
2026-06-09T02:17:02.513Z,25276823,4,35,1662.70,-5.94,DOWN,0.5,↗️ LEAN LONG,-0.010761,-0.29,-1.22,52.12,67.2,585330,1675,-12,1.996,29440.50
2026-06-09T02:38:08.245Z,25276928,3,44,1657.39,-5.89,DOWN,1.5,⬆️ LONG,-0.011784,-0.44,-0.5,49.87,91.6,1322911,1675,-18,1.993,29440.50
2026-06-09T02:56:45.448Z,25277021,4,55,1664.80,5.16,UP,3.5,⬆️⬆️ STRONG LONG,-0.011167,0.08,0.4,49.01,97.9,10727345,1675,-10,2.029,29440.50
2026-06-09T04:34:44.242Z,25277509,4,53,1676.97,11.36,UP,0.5,↗️ LEAN LONG,-0.010546,0.52,-0.93,58.95,0.5,1530012,1675,2,2.387,29440.50
2026-06-09T04:47:53.870Z,25277575,4,56,1690.58,8.09,UP,-0.5,↘️ LEAN SHORT,-0.009461,0.83,0.72,58.24,3.4,5920525,1675,16,2.385,29440.50
2026-06-09T05:09:30.178Z,25277683,4,48,1681.40,-5.26,DOWN,-2.5,⬇️ SHORT,-0.008362,0.29,1.68,55.11,5.4,6439838,1675,6,2.343,29440.50
2026-06-09T05:35:06.385Z,25277810,3,32,1692.42,5.50,UP,0.5,↗️ LEAN LONG,-0.00677,0.85,0.4,52.37,8.7,4010430,1675,17,2.343,29440.50
2026-06-09T06:54:18.891Z,25278206,3,40,1682.04,-5.46,DOWN,-1.5,⬇️ SHORT,-0.002364,-0.24,-2.23,47.16,80.3,482415,1675,7,2.297,29440.50
2026-06-09T07:27:29.302Z,25278371,4,39,1682.10,-5.19,DOWN,-2.5,⬇️ SHORT,-0.00073,-0.31,-1.4,46.4,80.2,191249,1675,7,2.205,29440.50
2026-06-09T08:07:18.632Z,25278568,4,43,1670.41,-6.85,DOWN,0.5,↗️ LEAN LONG,0.000072,-1.45,-0.38,42.99,96.8,2411304,1675,-5,2.105,29440.50
2026-06-09T09:33:51.635Z,25278998,4,52,1668.17,-6.44,DOWN,-1.5,⬇️ SHORT,-0.000719,0.1,-1.39,50.87,62.2,482010,1675,-7,1.716,29440.50
2026-06-09T11:05:54.905Z,25279456,3,41,1668.42,-5.30,DOWN,-0.5,↘️ LEAN SHORT,-0.004176,-0.49,-3.75,53.16,41.2,314075,1675,-7,1.711,29440.50
2026-06-09T12:03:54.623Z,25279746,4,46,1680.14,8.66,UP,1.5,⬆️ LONG,-0.004444,0.31,-5.04,56.52,24.6,698617,1675,5,1.702,29440.50
2026-06-09T13:20:06.139Z,25280127,4,48,1667.87,-6.92,DOWN,-1.5,⬇️ SHORT,-0.004652,-0.67,-3.5,47.2,83.7,523822,1675,-7,1.871,29440.50
2026-06-09T13:38:17.150Z,25280216,3,40,1663.91,-7.81,DOWN,0.5,↗️ LEAN LONG,-0.004914,-0.64,-2.8,47.77,94.5,3938919,1675,-11,1.879,29440.50
2026-06-09T13:57:15.496Z,25280313,4,49,1668.93,-5.42,DOWN,-1.5,⬇️ SHORT,-0.004813,-0.36,-1.21,49.82,90.0,4270168,1675,-6,1.430,29440.50
2026-06-09T14:07:29.938Z,25280363,4,82,1661.50,-5.84,DOWN,0.5,↗️ LEAN LONG,-0.004823,-0.87,0.01,47.43,91.1,5481501,1675,-13,1.385,29440.50
2026-06-09T14:17:43.404Z,25280414,4,75,1646.46,-8.15,DOWN,-1.5,⬇️ SHORT,-0.004838,-1.67,2.42,45.9,89.2,10687796,1675,-29,1.414,29440.50
2026-06-09T14:30:04.438Z,25280476,4,72,1638.19,-5.36,DOWN,1,↗️ LEAN LONG,-0.005197,-1.49,5.21,46.43,91.4,15981725,1675,-37,1.393,29440.50
2026-06-09T14:45:38.928Z,25280553,4,81,1637.04,-5.91,DOWN,1,↗️ LEAN LONG,-0.005473,-1.3,7.42,46.56,90.4,14550883,1675,-38,1.304,29440.50
2026-06-09T15:09:42.635Z,25280673,4,68,1649.76,6.69,UP,0.5,↗️ LEAN LONG,-0.005611,-0.36,8.66,49.06,82.1,15366079,1675,-25,1.327,29440.50
2026-06-09T15:24:18.383Z,25280746,4,43,1642.56,-5.99,DOWN,-0.5,↘️ LEAN SHORT,-0.005438,0.43,3.94,51.26,53.7,4906335,1675,-32,1.370,29440.50
2026-06-09T15:43:05.268Z,25280840,4,62,1642.88,5.01,UP,1.5,⬆️ LONG,-0.005383,0.48,2,51.32,65.5,5853242,1675,-32,1.351,29440.50
2026-06-09T16:05:33.395Z,25280951,4,53,1631.22,-6.29,DOWN,-1,↘️ LEAN SHORT,-0.005135,-0.01,1.09,48.05,78.2,4881021,1675,-44,1.390,29440.50
2026-06-09T16:24:51.325Z,25281048,4,75,1628.57,6.20,UP,2.5,⬆️ LONG,-0.005098,-0.06,3.77,45.58,95.5,10667646,1650,-21,1.361,29440.50
2026-06-09T16:38:28.190Z,25281116,4,74,1621.54,-9.76,DOWN,0.5,↗️ LEAN LONG,-0.004707,-0.12,3.79,45.15,93.4,9325049,1650,-28,1.356,29440.50
2026-06-09T16:58:15.129Z,25281215,4,66,1629.27,5.26,UP,2.5,⬆️ LONG,-0.004537,-0.36,6.52,46.49,91.3,16350304,1650,-21,1.357,29440.50
2026-06-09T17:15:43.192Z,25281300,4,84,1640.43,5.20,UP,0.5,↗️ LEAN LONG,-0.003917,0.27,5.05,49.94,80.6,12650864,1650,-10,1.340,29440.50
2026-06-09T17:47:08.298Z,25281458,4,55,1640.99,-5.76,DOWN,-1.5,⬇️ SHORT,-0.004241,0.47,1.87,51.22,3.8,3396463,1650,-9,1.336,29440.50
2026-06-09T18:09:07.914Z,25281568,3,56,1644.61,5.61,UP,2.5,⬆️ LONG,-0.004423,0.82,1.23,47.96,24.4,2776110,1650,-5,1.348,29440.50
2026-06-09T18:19:40.012Z,25281621,4,53,1651.50,8.51,UP,1.5,⬆️ LONG,-0.004395,0.23,1.07,50.92,30.4,2282749,1650,2,1.347,29440.50
2026-06-09T19:33:03.110Z,25281988,4,68,1654.87,6.62,UP,1,↗️ LEAN LONG,-0.003679,0.42,-0.16,47.48,1.4,937130,1650,5,1.286,29440.50
2026-06-09T19:52:30.094Z,25282085,3,53,1653.21,5.65,UP,3,⬆️⬆️ STRONG LONG,-0.003981,0.28,-0.17,47.95,11.4,1363236,1650,3,1.286,29440.50
2026-06-09T21:20:20.494Z,25282521,4,63,1651.70,-6.18,DOWN,-1,↘️ LEAN SHORT,-0.003345,-0.45,-2.94,45.59,88.2,215266,1650,2,1.287,29440.50
2026-06-10T00:33:51.741Z,25283487,3,61,1636.02,-5.01,DOWN,-0.5,↘️ LEAN SHORT,-0.004293,-0.21,-3.95,53.39,85.3,348880,1675,-39,1.064,29440.50
2026-06-10T00:57:32.776Z,25283603,4,76,1642.26,6.67,UP,2,⬆️ LONG,-0.00475,0.25,-5.46,52.05,58.0,1012334,1675,-33,1.056,29440.50
2026-06-10T01:38:19.416Z,25283807,4,56,1635.29,-5.07,DOWN,0.5,↗️ LEAN LONG,-0.00534,-0.03,-2.22,52.06,48.9,1258968,1675,-40,1.046,29440.50
2026-06-10T01:51:07.441Z,25283871,3,46,1639.62,5.72,UP,2.5,⬆️ LONG,-0.005509,0.17,-1.2,52.99,38.1,1196913,1675,-35,1.046,29440.50
2026-06-10T02:17:18.502Z,25284001,4,48,1628.58,-5.61,DOWN,-0.5,↘️ LEAN SHORT,-0.005808,-0.48,-0.65,47.81,71.5,1048141,1675,-46,1.044,29440.50
2026-06-10T02:35:03.875Z,25284090,3,48,1623.99,-5.30,DOWN,1.5,⬆️ LONG,-0.006466,-0.81,0.18,48.94,92.4,4403791,1675,-51,1.045,29440.50
2026-06-10T03:30:18.325Z,25284365,4,63,1633.27,5.83,UP,3.5,⬆️⬆️ STRONG LONG,-0.006518,0.29,0.19,51.32,90.0,2113348,1675,-42,1.037,29440.50
2026-06-10T05:19:43.765Z,25284912,4,46,1615.55,-5.30,DOWN,1.5,⬆️ LONG,-0.007618,-0.72,-3.08,45.24,97.4,3006542,1675,-59,1.002,29440.50
2026-06-10T05:55:02.923Z,25285088,4,66,1627.40,5.72,UP,3.5,⬆️⬆️ STRONG LONG,-0.006731,0.71,-0.67,46.87,92.6,2727433,1675,-48,1.001,29440.50
2026-06-10T06:38:42.828Z,25285306,3,48,1627.85,5.36,UP,2.5,⬆️ LONG,-0.006091,0.95,-0.09,51.83,49.9,316114,1675,-47,1.007,29440.50
2026-06-10T07:35:05.958Z,25285586,4,30,1639.84,5.20,UP,1.5,⬆️ LONG,-0.005154,0.56,-0.62,56.33,36.6,688136,1675,-35,0.976,29440.50
2026-06-10T08:35:31.430Z,25285886,4,45,1626.48,-5.97,DOWN,1.5,⬆️ LONG,-0.003658,-0.58,-0.88,45.72,98.2,171122,1675,-49,0.984,29440.50
2026-06-10T08:45:44.559Z,25285937,3,54,1618.97,-5.06,DOWN,2.5,⬆️ LONG,-0.003674,-1.31,-0.43,44.89,98.4,1036695,1675,-56,0.976,29440.50
2026-06-10T09:22:31.649Z,25286120,3,60,1607.24,-6.77,DOWN,1.5,⬆️ LONG,-0.004012,-1.82,2.83,45.71,97.1,8514745,1675,-68,0.987,29440.50
2026-06-10T10:31:44.381Z,25286466,4,58,1625.35,5.17,UP,2.5,⬆️ LONG,-0.003468,0.18,0.38,52.05,44.2,1030947,1675,-50,1.001,29440.50
2026-06-10T11:04:52.343Z,25286632,4,54,1615.64,-11.25,DOWN,0.5,↗️ LEAN LONG,-0.003243,-0.13,0.85,47.4,66.9,1568334,1675,-59,1.070,29440.50
2026-06-10T11:26:31.027Z,25286740,3,52,1613.64,-6.06,DOWN,-0.5,↘️ LEAN SHORT,-0.003321,-0.72,2.64,47.46,72.2,2887190,1675,-61,1.061,29440.50
2026-06-10T12:05:54.566Z,25286936,4,58,1620.81,5.37,UP,1.5,⬆️ LONG,-0.003487,0.79,1.57,50.93,77.1,829058,1675,-54,1.038,29440.50
2026-06-10T12:31:17.983Z,25287062,4,72,1635.36,13.91,UP,3.5,⬆️⬆️ STRONG LONG,-0.003053,1.27,1.64,54.78,14.4,3043453,1675,-40,1.030,29440.50
2026-06-10T13:31:18.225Z,25287360,4,59,1640.83,7.15,UP,3.5,⬆️⬆️ STRONG LONG,-0.003269,1.14,3.06,51,12.1,2446069,1675,-34,0.904,29440.50
2026-06-10T13:41:32.561Z,25287411,3,51,1658.00,7.27,UP,1,↗️ LEAN LONG,-0.00278,1.58,3.44,54.45,4.8,7704756,1675,-17,0.899,29440.50
2026-06-10T13:53:50.493Z,25287473,4,90,1656.24,-6.28,DOWN,-1,↘️ LEAN SHORT,-0.002776,1.4,4.25,53.97,6.6,9580258,1675,-19,0.879,29440.50
2026-06-10T14:14:42.601Z,25287577,3,57,1646.94,-5.48,DOWN,1,↗️ LEAN LONG,-0.003247,0.52,2.81,52.65,13.0,10484137,1675,-28,0.868,29440.50
2026-06-10T14:25:31.136Z,25287631,3,58,1647.61,6.75,UP,3,⬆️⬆️ STRONG LONG,-0.00352,0.05,1.13,52.39,18.4,11288343,1675,-27,0.880,29440.50
2026-06-10T14:39:54.604Z,25287702,3,52,1638.39,-5.01,DOWN,0.5,↗️ LEAN LONG,-0.00387,-1.43,-2.78,48.54,36.8,6399373,1675,-37,0.874,29440.50
2026-06-10T15:01:08.766Z,25287808,4,63,1645.19,6.33,UP,2,⬆️ LONG,-0.003683,-0.61,-5.03,50.61,62.4,2738555,1675,-30,0.885,29440.50
2026-06-10T15:21:27.729Z,25287909,3,64,1642.77,5.20,UP,2,⬆️ LONG,-0.003987,-0.13,-3.29,49.44,50.6,3318156,1675,-32,0.886,29440.50
2026-06-10T15:45:17.481Z,25288028,4,52,1652.18,5.02,UP,2,⬆️ LONG,-0.003532,0.58,-1.82,48.87,47.5,2491774,1675,-23,0.856,29440.50
2026-06-10T15:55:31.731Z,25288078,4,79,1660.00,16.58,UP,3,⬆️⬆️ STRONG LONG,-0.003419,0.73,0.88,50.02,28.9,7034404,1675,-15,0.810,29440.50
2026-06-10T16:45:27.221Z,25288327,4,67,1642.40,-5.53,DOWN,1,↗️ LEAN LONG,-0.002902,-0.38,-3.93,49.39,22.6,5021908,1675,-33,0.783,29440.50
2026-06-10T17:03:17.624Z,25288416,4,61,1643.91,5.68,UP,1,↗️ LEAN LONG,-0.002728,-0.76,-5.43,48.8,84.9,1910943,1675,-31,0.744,29440.50
2026-06-10T17:13:18.013Z,25288466,4,71,1637.00,-5.24,DOWN,-0.5,↘️ LEAN SHORT,-0.002485,-1.37,-4.91,47.73,82.9,1947170,1675,-38,0.749,29440.50
2026-06-10T17:29:38.162Z,25288546,4,73,1629.11,-9.10,DOWN,-0.5,↘️ LEAN SHORT,-0.002263,-1.48,-4.79,46.79,87.3,2743814,1675,-46,0.746,29440.50
2026-06-10T17:39:45.708Z,25288595,4,55,1623.07,-5.41,DOWN,1.5,⬆️ LONG,-0.002554,-2.15,-2.61,46.14,97.9,9142109,1675,-52,0.746,29440.50
2026-06-10T17:49:55.744Z,25288646,4,52,1632.32,8.60,UP,3.5,⬆️⬆️ STRONG LONG,-0.002542,-0.47,-0.38,48.94,96.9,8625315,1675,-43,0.747,29440.50
2026-06-10T18:30:19.369Z,25288847,4,37,1633.53,6.03,UP,3.5,⬆️⬆️ STRONG LONG,-0.003057,0.12,0.68,51.75,95.5,5285950,1675,-41,0.748,29440.50
2026-06-10T20:23:19.207Z,25289409,4,45,1633.38,9.64,UP,1.5,⬆️ LONG,-0.00408,1,-0.38,55.26,59.5,3180842,1675,-42,0.781,29440.50
2026-06-10T21:10:17.984Z,25289644,4,85,1618.77,-6.77,DOWN,0.5,↗️ LEAN LONG,-0.005208,0.24,0.44,47.74,42.9,1815581,1675,-56,0.853,29440.50
2026-06-10T21:50:30.897Z,25289845,4,42,1612.99,-8.50,DOWN,0.5,↗️ LEAN LONG,-0.005123,-0.87,1.15,40,87.9,6048255,1675,-62,0.875,29440.50
2026-06-10T22:24:54.482Z,25290017,4,72,1609.02,5.33,UP,4.5,⬆️⬆️ STRONG LONG,-0.005521,-1.12,2.32,44.89,94.6,9597380,1675,-66,0.872,29440.50
2026-06-10T22:34:55.228Z,25290067,4,59,1612.43,5.53,UP,3.5,⬆️⬆️ STRONG LONG,-0.005167,-0.77,2.58,47.07,98.4,9213886,1675,-63,0.874,29440.50
2026-06-10T23:20:19.358Z,25290293,4,87,1616.75,7.82,UP,2.5,⬆️ LONG,-0.004519,0.57,0.79,54.94,57.2,769689,1675,-58,0.874,29440.50
2026-06-11T00:17:38.478Z,25290580,3,37,1629.44,6.76,UP,1,↗️ LEAN LONG,-0.003469,0.81,-0.38,56.66,4.6,952542,1800,-171,0.570,29440.50
2026-06-11T01:05:51.280Z,25290817,3,57,1632.29,5.24,UP,2,⬆️ LONG,-0.003796,0.2,0.33,53.57,8.5,1220803,1800,-168,0.570,29440.50
2026-06-11T01:42:07.892Z,25290998,3,34,1644.79,5.33,UP,2,⬆️ LONG,-0.003154,1.01,0.26,54.94,8.1,1563332,1800,-155,0.574,29440.50
2026-06-11T02:23:04.462Z,25291203,4,78,1633.39,-5.07,DOWN,2,⬆️ LONG,-0.003155,-0.28,0.06,47.96,23.8,725498,1800,-167,0.583,29440.50
2026-06-11T02:57:31.968Z,25291373,4,70,1640.91,8.20,UP,3,⬆️⬆️ STRONG LONG,-0.002956,-0.2,-0.57,49.01,42.6,1018999,1800,-159,0.583,29440.50
2026-06-11T03:33:26.436Z,25291552,4,48,1643.73,9.48,UP,3,⬆️⬆️ STRONG LONG,-0.002983,0.69,-0.24,54.22,30.5,1161092,1800,-156,0.583,29440.50
2026-06-11T03:56:55.705Z,25291668,4,34,1655.63,10.50,UP,1,↗️ LEAN LONG,-0.003073,1.12,2.38,59.52,3.6,3891290,1800,-144,0.585,29440.50
2026-06-11T05:01:43.976Z,25291992,3,43,1651.13,-5.23,DOWN,1,↗️ LEAN LONG,-0.001997,0.77,0.4,45.87,40.4,176976,1800,-149,0.582,29440.50
2026-06-11T06:12:47.024Z,25292346,4,49,1650.42,5.12,UP,5,⬆️⬆️ STRONG LONG,-0.001458,0.4,-0.83,44.67,15.1,584478,1800,-150,0.587,29440.50
2026-06-11T11:52:16.722Z,25294037,4,42,1670.20,9.91,UP,-1,↘️ LEAN SHORT,0.001366,0.11,-0.23,57.62,6.4,3689695,1750,-80,0.616,29440.50
2026-06-11T12:23:17.970Z,25294190,4,19,1647.26,-11.76,DOWN,0,↔️ NEUTRAL,-0.000097,-1.9,1.74,49.28,31.2,6323791,1750,-103,0.625,29440.50
2026-06-11T13:26:03.297Z,25294503,4,51,1646.44,-5.12,DOWN,1,↗️ LEAN LONG,-0.002295,-0.02,-3.17,52.4,61.8,381007,1750,-104,0.618,29440.50
2026-06-11T13:46:27.877Z,25294605,4,73,1653.01,7.22,UP,4,⬆️⬆️ STRONG LONG,-0.002798,0.01,-4.55,52.28,23.8,859725,1750,-97,0.615,29440.50
2026-06-11T13:58:55.201Z,25294667,3,63,1650.95,-5.48,DOWN,2,⬆️ LONG,-0.002908,-0.24,-5.1,51.57,14.4,1599823,1750,-99,0.615,29440.50
2026-06-11T14:13:04.675Z,25294738,4,72,1643.46,-5.02,DOWN,1,↗️ LEAN LONG,-0.003415,-0.51,-4.92,50.57,34.3,2090092,1750,-107,0.615,29440.50
2026-06-11T14:23:44.505Z,25294791,4,55,1644.18,5.17,UP,3,⬆️⬆️ STRONG LONG,-0.003624,-0.69,-4.57,49.17,58.1,3273487,1750,-106,0.615,29440.50
2026-06-11T14:57:03.083Z,25294957,4,63,1644.83,-6.65,DOWN,0,↔️ NEUTRAL,-0.002605,-0.54,-1.61,49.63,88.3,1947395,1750,-105,0.615,29440.50
2026-06-11T15:45:40.195Z,25295200,3,40,1641.16,-5.94,DOWN,0,↔️ NEUTRAL,-0.002369,-0.65,-1.83,48.47,84.5,3306335,1750,-109,0.613,29440.50
2026-06-11T16:25:31.411Z,25295397,4,54,1638.66,-6.21,DOWN,1,↗️ LEAN LONG,-0.002807,-0.38,-4.61,47.03,34.8,102793,1750,-111,0.617,29440.50
2026-06-11T16:36:51.877Z,25295454,4,66,1643.36,5.80,UP,2,⬆️ LONG,-0.003028,-0.01,-4.16,49.7,75.0,289526,1750,-107,0.615,29440.50
2026-06-11T17:05:39.938Z,25295598,3,47,1634.44,-6.18,DOWN,2,⬆️ LONG,-0.003863,-0.74,-2.1,51.39,95.9,1317352,1750,-116,0.625,29440.50
2026-06-11T17:29:53.333Z,25295718,4,39,1647.63,15.15,UP,2,⬆️ LONG,-0.004099,0.23,-0.52,52.43,80.9,1721840,1750,-102,0.642,29440.50
2026-06-11T17:49:31.384Z,25295816,4,66,1683.68,10.20,UP,5,⬆️⬆️ STRONG LONG,-0.002072,2.42,7.35,53.87,17.2,15637210,1750,-66,0.637,29440.50
2026-06-11T18:01:39.542Z,25295877,4,75,1686.72,5.78,UP,5,⬆️⬆️ STRONG LONG,-0.001355,2.81,12.79,52.62,14.3,20709402,1750,-63,0.636,29440.50
2026-06-11T18:12:26.883Z,25295930,4,63,1681.53,5.53,UP,5,⬆️⬆️ STRONG LONG,-0.001281,2.43,13.76,52.37,11.2,20246278,1750,-68,0.634,29440.50
2026-06-11T18:23:51.603Z,25295987,4,66,1677.93,-5.24,DOWN,-2,⬇️ SHORT,-0.000525,2.63,14.34,51.91,9.8,20390174,1750,-72,0.634,29440.50
2026-06-11T19:08:53.086Z,25296211,4,47,1677.12,-5.61,DOWN,1,↗️ LEAN LONG,0.000817,0.09,1.46,49.39,15.2,788630,1750,-73,0.623,29440.50
2026-06-11T19:31:57.334Z,25296324,4,51,1686.65,6.70,UP,2,⬆️ LONG,0.001537,0.2,1.24,50.71,25.3,2085110,1750,-63,0.614,29440.50
2026-06-11T20:28:53.623Z,25296607,3,20,1669.28,-6.54,DOWN,1,↗️ LEAN LONG,0.000655,-0.8,1.3,47.55,29.3,2720848,1750,-81,0.620,29440.50
2026-06-11T21:13:54.303Z,25296832,4,30,1679.40,8.14,UP,2,⬆️ LONG,0.000559,-0.56,-0.12,51.07,39.8,2257325,1750,-71,0.616,29440.50
2026-06-12T00:08:05.804Z,25297697,4,40,1674.45,5.42,UP,0.5,↗️ LEAN LONG,-0.002689,0.26,-0.82,53.69,76.1,452550,1675,-1,1.516,29440.50
2026-06-12T01:02:08.466Z,25297967,4,46,1668.08,-5.37,DOWN,-1,↘️ LEAN SHORT,-0.004578,-0.16,-1.32,49.08,73.0,573138,1675,-7,1.240,29440.50
2026-06-12T01:29:18.726Z,25298103,4,34,1660.60,-5.20,DOWN,1,↗️ LEAN LONG,-0.005095,-0.91,-0.59,46.77,99.8,13189564,1675,-14,1.240,29440.50
2026-06-12T02:11:08.734Z,25298312,4,50,1672.69,6.97,UP,3,⬆️⬆️ STRONG LONG,-0.004331,-0.14,-0.6,48.97,98.1,13371689,1675,-2,1.239,29440.50
2026-06-12T05:12:06.640Z,25299214,4,58,1666.75,-5.60,DOWN,0,↔️ NEUTRAL,-0.005197,-0.85,-0.3,50.56,50.8,771609,1675,-8,1.233,29440.50
2026-06-12T08:19:55.267Z,25300149,3,22,1670.81,5.97,UP,-0.5,↘️ LEAN SHORT,-0.00535,0.39,0.81,55.17,1.1,1167939,1675,-4,1.331,29440.50
2026-06-12T13:41:45.033Z,25301753,3,47,1655.65,-5.01,DOWN,0.5,↗️ LEAN LONG,-0.004031,-0.49,-0.49,50.41,97.1,1455439,1675,-19,1.390,29440.50
2026-06-12T14:01:08.764Z,25301845,4,48,1664.60,11.62,UP,2.5,⬆️ LONG,-0.00447,-0.16,1.2,52.75,91.4,3326246,1675,-10,1.317,29440.50
2026-06-12T14:26:39.443Z,25301973,4,64,1667.24,6.04,UP,1,↗️ LEAN LONG,-0.004303,0.3,0.99,51.24,77.3,3993648,1675,-8,1.289,29440.50
2026-06-12T14:37:18.979Z,25302026,4,59,1673.30,6.03,UP,2,⬆️ LONG,-0.003767,0.76,1.08,51.98,57.8,3606333,1675,-2,1.277,29440.50
2026-06-12T14:53:08.607Z,25302104,4,43,1677.92,10.32,UP,3,⬆️⬆️ STRONG LONG,-0.003311,1.24,0.97,53.58,13.4,2538410,1675,3,1.269,29440.50
2026-06-12T15:04:51.095Z,25302163,4,88,1679.29,-7.03,DOWN,1,↗️ LEAN LONG,-0.00217,0.2,2.39,50.34,10.1,6023732,1675,4,1.249,29440.50
2026-06-12T15:31:26.562Z,25302296,4,63,1678.37,-6.36,DOWN,1,↗️ LEAN LONG,-0.001533,-0.34,5.99,48.84,16.5,6271935,1675,3,1.221,29440.50
2026-06-12T15:49:27.331Z,25302385,3,40,1664.40,-5.32,DOWN,0,↔️ NEUTRAL,-0.001742,-1.06,7.78,48.79,50.2,10028129,1675,-11,1.228,29440.50
2026-06-12T15:59:31.055Z,25302435,4,72,1660.43,-7.32,DOWN,-1,↘️ LEAN SHORT,-0.001991,-2.06,6.56,47.1,62.4,8880518,1675,-15,1.199,29440.50
2026-06-12T16:14:09.306Z,25302508,4,62,1670.20,5.67,UP,1,↗️ LEAN LONG,-0.002322,-1.37,7.81,50.48,84.9,6575143,1675,-5,1.189,29440.50
2026-06-12T16:43:15.688Z,25302654,4,66,1665.99,-6.90,DOWN,0,↔️ NEUTRAL,-0.002171,-0.29,4.96,49.92,61.5,3290083,1675,-9,1.168,29440.50
2026-06-12T18:12:43.774Z,25303099,3,40,1669.24,5.91,UP,1,↗️ LEAN LONG,-0.001217,-0.93,-13.72,46.64,72.5,242061,1675,-6,1.131,29440.50
2026-06-13T01:42:54.942Z,25305341,4,16,1673.13,5.21,UP,0.5,↗️ LEAN LONG,0.000242,0.28,-1.57,60.12,66.2,469224,1650,23,0.680,29440.50
2026-06-13T15:45:26.744Z,25309537,4,51,1678.69,-5.16,DOWN,-0.5,↘️ LEAN SHORT,0.002215,-0.07,-16.59,54.71,14.5,726178,1650,29,0.556,29440.50
2026-06-13T16:07:28.378Z,25309646,3,39,1674.24,-5.66,DOWN,-1.5,⬇️ SHORT,0.002585,-0.65,-15.05,50.24,39.5,1136646,1650,24,0.559,29440.50
2026-06-13T21:42:28.202Z,25311315,4,37,1691.76,14.93,UP,0,↔️ NEUTRAL,-0.001141,0.32,0.03,65.81,7.1,3090411,1650,42,0.549,29440.50
2026-06-14T09:18:41.021Z,25314784,3,43,1669.15,-5.15,DOWN,1,↗️ LEAN LONG,-0.000897,-0.59,-0.66,38.76,97.1,847480,1675,-6,0.788,29440.50
2026-06-14T14:35:19.803Z,25316355,4,39,1657.99,-5.88,DOWN,1,↗️ LEAN LONG,-0.002691,-0.44,2.89,47.09,96.3,4466799,1675,-17,0.887,29440.50
2026-06-14T21:16:41.855Z,25318358,4,33,1680.86,12.00,UP,-2,⬇️ SHORT,0.004462,0.47,3.66,59.48,7.9,8752293,1675,6,0.805,29440.50
2026-06-14T21:26:56.952Z,25318408,4,71,1708.77,19.65,UP,-2,⬇️ SHORT,0.005523,1.48,14.66,58.28,6.5,22580330,1675,34,0.787,29440.50
2026-06-14T21:40:18.878Z,25318475,4,39,1713.61,5.08,UP,-1.5,⬇️ SHORT,0.005964,1.63,20.4,54.3,7.4,24328821,1675,39,0.789,29440.50
2026-06-14T21:50:32.459Z,25318526,4,46,1727.14,9.57,UP,-0.5,↘️ LEAN SHORT,0.006676,3,23.51,54.58,5.9,37783980,1675,52,0.789,29440.50
2026-06-14T22:04:03.589Z,25318594,4,68,1725.25,6.09,UP,-0.5,↘️ LEAN SHORT,0.006889,3.45,29.94,53.96,6.4,40076823,1675,50,0.821,29440.50
2026-06-14T22:14:13.994Z,25318644,4,53,1720.29,6.55,UP,-0.5,↘️ LEAN SHORT,0.00666,3.3,33.27,53.06,7.9,40856431,1675,45,0.802,29440.50
2026-06-14T22:27:31.414Z,25318711,4,48,1717.65,-5.51,DOWN,-3.5,⬇️⬇️ STRONG SHORT,0.006339,1.94,19.41,49.85,9.7,18527133,1675,43,0.804,29440.50
2026-06-14T23:10:06.846Z,25318922,3,47,1721.14,5.22,UP,0.5,↗️ LEAN LONG,0.004648,1.23,6.69,47.05,10.6,800121,1675,46,0.799,29440.50
2026-06-15T01:04:51.632Z,25319495,4,51,1712.44,-7.08,DOWN,-1.5,⬇️ SHORT,0.00088,-0.31,4.69,47.67,44.6,1525405,1700,12,2.031,29440.50
2026-06-15T01:39:56.133Z,25319668,3,33,1717.90,5.81,UP,1.5,⬆️ LONG,0.000376,-0.38,3.03,48.51,97.5,2477977,1700,18,2.025,29440.50
2026-06-15T02:17:03.140Z,25319853,4,51,1724.17,5.49,UP,-0.5,↘️ LEAN SHORT,-0.000142,0.35,3.06,51.19,70.0,2519517,1700,24,2.003,29440.50
2026-06-15T09:18:44.356Z,25321953,4,50,1723.42,5.98,UP,-1.5,⬇️ SHORT,-0.000604,0.5,0.28,56.31,1.8,266430,1700,23,1.894,29440.50
2026-06-15T09:36:54.024Z,25322044,4,45,1715.09,-5.35,DOWN,-0.5,↘️ LEAN SHORT,-0.000278,-0.11,-0.06,52.41,13.6,478561,1700,15,1.805,29440.50
2026-06-15T10:54:50.923Z,25322434,3,23,1740.69,14.31,UP,-2,⬇️ SHORT,-0.000725,1.21,2.85,61.34,2.7,664517,1700,41,1.785,29440.50
2026-06-15T11:08:29.881Z,25322502,4,60,1739.18,5.07,UP,0,↔️ NEUTRAL,-0.000949,1.09,10.82,56.35,20.4,30952684,1700,39,1.735,29440.50
2026-06-15T11:20:53.430Z,25322564,4,52,1749.31,8.78,UP,0,↔️ NEUTRAL,-0.000952,0.99,13.31,57.81,15.8,43009956,1700,49,1.721,29440.50
2026-06-15T11:34:55.553Z,25322634,4,57,1760.93,-5.10,DOWN,-2,⬇️ SHORT,-0.000254,1.78,20.74,57.34,10.1,73566019,1700,61,1.737,29440.50
2026-06-15T12:39:42.994Z,25322958,4,36,1770.31,7.42,UP,1,↗️ LEAN LONG,-0.000308,1.07,4.71,51.28,10.4,1765529,1700,70,1.748,29440.50
2026-06-15T13:06:43.129Z,25323092,4,59,1780.44,6.65,UP,-1,↘️ LEAN SHORT,-0.000409,2,6.99,54.22,5.5,6587531,1700,80,1.747,29440.50
2026-06-15T13:17:45.116Z,25323147,4,51,1801.87,7.36,UP,-1,↘️ LEAN SHORT,0.000567,2.87,12.98,55.86,3.2,33016586,1700,102,1.589,29440.50
2026-06-15T13:31:18.923Z,25323215,4,92,1813.39,-8.26,DOWN,-5,⬇️⬇️ STRONG SHORT,0.002087,3.88,20.63,53.8,4.6,47129056,1750,63,1.542,29440.50
2026-06-15T13:41:28.613Z,25323266,4,68,1808.76,-6.00,DOWN,-5,⬇️⬇️ STRONG SHORT,0.0027,3.46,21.35,51.98,5.7,45501967,1750,59,1.567,29440.50
2026-06-15T14:02:51.147Z,25323373,4,63,1805.67,-6.57,DOWN,-4.5,⬇️⬇️ STRONG SHORT,0.003981,2.99,20.69,51.14,6.9,42783027,1800,6,1.427,29440.50
2026-06-15T15:38:06.730Z,25323848,4,75,1818.45,5.84,UP,-1.5,⬇️ SHORT,0.0059,1.04,1.46,50.05,5.4,1184104,1800,18,1.336,29440.50
2026-06-15T15:48:19.555Z,25323899,4,60,1839.17,11.82,UP,-2,⬇️ SHORT,0.006632,1.21,5.75,0,3.8,17499487,1800,39,1.343,29440.50
2026-06-15T16:11:42.790Z,25324016,4,65,1842.50,5.92,UP,-2,⬇️ SHORT,0.006773,1.47,11.15,52.3,4.3,24300540,1800,43,1.366,29440.50
2026-06-15T16:21:55.300Z,25324067,4,76,1836.95,-5.03,DOWN,-4,⬇️⬇️ STRONG SHORT,0.006441,1.28,11.51,51.65,4.8,24137402,1800,37,1.366,29440.50
2026-06-15T17:02:07.646Z,25324265,4,49,1837.40,-5.26,DOWN,-3,⬇️⬇️ STRONG SHORT,0.00625,0.51,3.4,48.56,43.1,1167269,1800,37,1.409,29440.50
2026-06-15T17:33:55.768Z,25324423,4,62,1823.24,-6.60,DOWN,-0.5,↘️ LEAN SHORT,0.005838,-1.16,3.92,43.84,91.1,3226552,1800,23,1.410,29440.50
2026-06-15T19:19:06.276Z,25324948,4,57,1818.37,-12.67,DOWN,-1.5,⬇️ SHORT,0.003485,-0.99,1.48,50.58,91.8,1977006,1800,18,1.531,29440.50
2026-06-15T19:36:04.483Z,25325033,4,53,1823.84,5.48,UP,0.5,↗️ LEAN LONG,0.002938,-1.1,3.24,49.33,94.9,6436056,1800,24,1.541,29440.50
2026-06-15T19:49:26.540Z,25325100,4,56,1823.10,-5.02,DOWN,-1.5,⬇️ SHORT,0.003014,-1.14,3.38,48.87,94.0,6497817,1800,23,1.541,29440.50
2026-06-15T20:06:58.076Z,25325187,4,65,1824.53,5.19,UP,0.5,↗️ LEAN LONG,0.002974,-1.02,3.22,47.62,94.7,6457986,1800,25,1.529,29440.50
2026-06-15T20:47:18.084Z,25325389,4,40,1815.50,-5.56,DOWN,-1.5,⬇️ SHORT,0.002796,-0.34,0.68,50.11,91.7,273269,1800,15,1.529,29440.50
2026-06-15T22:25:40.410Z,25325879,3,12,1797.34,-10.14,DOWN,-0.5,↘️ LEAN SHORT,0.002823,-1.97,-7.13,44.67,97.9,4743242,1800,-3,1.539,29440.50
2026-06-15T22:36:06.359Z,25325931,4,54,1795.11,6.63,UP,0.5,↗️ LEAN LONG,0.002174,-2.68,-3.38,45.4,96.6,10821103,1800,-5,1.531,29440.50
2026-06-16T00:41:30.239Z,25326557,4,39,1798.64,5.08,UP,-0.5,↘️ LEAN SHORT,0.00241,0.32,-0.52,58.82,11.7,897669,1750,49,0.830,29440.50
2026-06-16T02:11:46.524Z,25327008,3,27,1786.16,-5.12,DOWN,-0.5,↘️ LEAN SHORT,0.000328,-0.21,-0.86,49.65,98.0,245672,1750,36,0.856,29440.50
2026-06-16T02:28:19.128Z,25327090,4,50,1775.49,-8.61,DOWN,0,↔️ NEUTRAL,0.000266,-1.18,0.06,43.22,46.9,9613340,1750,25,0.856,29440.50
2026-06-16T02:57:58.535Z,25327238,4,49,1767.39,-5.00,DOWN,-1,↘️ LEAN SHORT,0.000136,-1.85,2.89,45.4,68.8,16495002,1750,17,0.835,29440.50
2026-06-16T03:21:44.012Z,25327357,4,38,1764.18,-8.00,DOWN,-1,↘️ LEAN SHORT,0.000415,-1.11,3.42,45.67,69.2,16969445,1750,14,0.853,29440.50
2026-06-16T04:32:56.428Z,25327712,3,14,1762.20,-7.20,DOWN,-1,↘️ LEAN SHORT,-0.001361,-1.04,1.43,47.64,76.5,3537186,1750,12,0.901,29440.50
2026-06-16T06:39:09.894Z,25328341,3,24,1770.37,5.18,UP,3,⬆️⬆️ STRONG LONG,-0.002371,0.8,1.06,54.14,14.8,565629,1750,20,0.872,29440.50
2026-06-16T08:17:40.600Z,25328832,3,20,1781.11,6.55,UP,2,⬆️ LONG,-0.001833,0.83,0.46,59.96,10.8,869838,1750,31,0.748,29440.50
2026-06-16T08:28:50.885Z,25328888,4,63,1781.37,5.23,UP,0,↔️ NEUTRAL,-0.00195,0.78,1.45,58.13,5.7,1910128,1750,31,0.859,29440.50
2026-06-16T08:51:40.865Z,25329001,3,26,1793.09,8.50,UP,-0.5,↘️ LEAN SHORT,-0.002258,1.28,3.34,59.04,3.9,4972277,1750,43,0.791,29440.50
2026-06-16T09:16:39.703Z,25329126,4,48,1793.26,-6.62,DOWN,1,↗️ LEAN LONG,-0.001951,0.22,5.89,53.89,14.0,11400423,1775,18,0.778,29440.50
2026-06-16T10:30:19.379Z,25329493,4,37,1797.72,5.85,UP,2,⬆️ LONG,-0.000752,0.71,0,50.4,17.6,442045,1775,23,0.753,29440.50
2026-06-16T11:04:28.417Z,25329663,4,67,1796.90,5.17,UP,2,⬆️ LONG,-0.000558,0.73,-3.15,52.98,16.4,623714,1775,22,0.726,29440.50
2026-06-16T11:26:54.952Z,25329775,4,43,1790.31,-5.36,DOWN,0,↔️ NEUTRAL,-0.000005,-0.18,-6.2,49.75,14.6,609610,1775,15,0.723,29440.50
2026-06-16T12:07:29.894Z,25329976,3,23,1801.57,5.71,UP,1,↗️ LEAN LONG,0.001724,-0.03,-5.38,52.54,11.6,716246,1775,27,0.729,29440.50
2026-06-16T12:17:43.679Z,25330027,3,48,1817.09,12.35,UP,-1.5,⬇️ SHORT,0.002829,1.01,-3.17,52.79,1.0,13862585,1775,42,0.724,29440.50
2026-06-16T12:32:16.895Z,25330100,4,37,1827.15,9.67,UP,-0.5,↘️ LEAN SHORT,0.00404,2.13,2.53,53.63,4.0,17378370,1775,52,0.725,29440.50
2026-06-16T12:42:19.166Z,25330150,4,78,1815.97,-10.78,DOWN,-3.5,⬇️⬇️ STRONG SHORT,0.00486,1.77,4.21,52.11,5.1,30533513,1775,41,0.771,29440.50
2026-06-16T12:52:28.081Z,25330201,4,63,1809.57,-5.74,DOWN,-3,⬇️⬇️ STRONG SHORT,0.004815,1.37,4.35,50.95,6.4,31003996,1775,35,0.764,29440.50
2026-06-16T13:08:26.622Z,25330281,4,58,1805.94,-7.88,DOWN,-3,⬇️⬇️ STRONG SHORT,0.005214,0.54,1.84,49.15,7.3,30380302,1775,31,0.765,29440.50
2026-06-16T13:18:29.115Z,25330331,4,80,1805.67,6.83,UP,1,↗️ LEAN LONG,0.00535,-1.07,-0.61,47.08,28.8,21431594,1775,31,0.857,29440.50
2026-06-16T13:37:19.434Z,25330425,4,77,1794.93,-9.49,DOWN,-1,↘️ LEAN SHORT,0.005881,-2.13,-7.57,45.71,91.5,5951082,1775,20,0.835,29440.50
2026-06-16T13:53:33.688Z,25330506,4,67,1796.03,-5.42,DOWN,-1,↘️ LEAN SHORT,0.006097,-1.15,-7.84,47.13,90.7,5132506,1775,21,0.831,29440.50
2026-06-16T14:09:18.661Z,25330585,4,52,1795.03,-6.42,DOWN,-3,⬇️⬇️ STRONG SHORT,0.00629,-0.16,-6.65,49.32,88.6,4204071,1775,20,0.831,29440.50
2026-06-16T14:19:28.663Z,25330636,4,65,1780.54,-12.56,DOWN,-1,↘️ LEAN SHORT,0.0059,-1.87,-5.25,45.3,95.4,5512810,1775,6,0.835,29440.50
2026-06-16T14:30:28.116Z,25330690,4,78,1771.14,-7.16,DOWN,-1,↘️ LEAN SHORT,0.005445,-1.44,-0.15,45.37,96.4,9810315,1775,-4,0.820,29440.50
2026-06-16T15:07:31.955Z,25330875,4,59,1783.98,5.79,UP,1,↗️ LEAN LONG,0.004781,-1.04,4.84,47.55,92.4,18051358,1775,9,0.817,29440.50
2026-06-16T15:23:39.117Z,25330956,4,64,1776.23,-6.38,DOWN,-3,⬇️⬇️ STRONG SHORT,0.004221,0.62,3.49,50.28,85.3,10786210,1775,1,0.781,29440.50
2026-06-16T15:36:03.097Z,25331018,4,40,1785.01,5.62,UP,0,↔️ NEUTRAL,0.003788,1.09,1,53.59,47.1,2370472,1775,10,0.780,29440.50
2026-06-16T15:46:17.598Z,25331068,4,44,1774.21,-5.75,DOWN,-2,⬇️ SHORT,0.003586,0.12,-1.39,50.88,45.0,2578044,1775,-1,0.780,29440.50
2026-06-16T17:47:39.597Z,25331676,4,39,1786.74,5.28,UP,-1,↘️ LEAN SHORT,0.000426,0.93,-3.63,55.37,4.0,246054,1775,12,0.740,29440.50
2026-06-16T18:02:51.569Z,25331752,4,55,1802.64,10.03,UP,-1,↘️ LEAN SHORT,0.000512,1.09,-0.42,58.66,4.3,2636164,1775,28,0.723,29440.50
2026-06-16T18:22:56.295Z,25331852,4,69,1794.04,-5.46,DOWN,-2,⬇️ SHORT,0.000349,-0.1,2.82,54.31,4.5,7641266,1775,19,0.707,29440.50
2026-06-16T18:51:16.781Z,25331994,4,66,1799.25,5.58,UP,-1,↘️ LEAN SHORT,0.001188,-0.29,2.52,50.73,6.2,5827601,1775,24,0.708,29440.50
2026-06-16T19:02:43.455Z,25332051,4,41,1791.86,-6.55,DOWN,-3,⬇️⬇️ STRONG SHORT,0.001166,-0.3,1.58,50.26,6.1,5637508,1775,17,0.709,29440.50
2026-06-16T20:28:08.601Z,25332477,4,47,1789.00,-5.17,DOWN,-2,⬇️ SHORT,0.002635,-0.24,-0.72,46.52,37.4,399005,1775,14,0.707,29440.50
2026-06-17T01:17:31.124Z,25333922,4,33,1784.85,-7.58,DOWN,-3,⬇️⬇️ STRONG SHORT,0.002753,-0.62,-1.08,45.27,88.3,490382,1800,-15,1.039,29440.50
2026-06-17T01:41:09.194Z,25334039,4,29,1787.66,5.91,UP,-1,↘️ LEAN SHORT,0.002245,-0.6,0.47,45.81,79.7,2475968,1800,-12,1.039,29440.50
2026-06-17T02:24:33.539Z,25334256,4,35,1805.53,10.35,UP,-2,⬇️ SHORT,0.002727,1.47,0.71,56.73,3.3,4099463,1800,6,1.043,29440.50
2026-06-17T02:34:38.916Z,25334307,4,67,1796.16,-6.47,DOWN,-4,⬇️⬇️ STRONG SHORT,0.002685,0.69,-0.47,56.57,5.3,4227035,1800,-4,1.040,29440.50
2026-06-17T04:50:27.915Z,25334984,4,37,1798.12,5.22,UP,-2,⬇️ SHORT,0.002057,0.44,-2.95,55.9,5.2,140040,1800,-2,1.027,29440.50
2026-06-17T05:10:44.310Z,25335086,4,36,1790.31,-5.47,DOWN,-1,↘️ LEAN SHORT,0.001893,-0.13,-2.79,49.62,15.4,169315,1800,-10,1.023,29440.50
2026-06-17T06:29:19.245Z,25335477,3,25,1787.65,-6.21,DOWN,-2,⬇️ SHORT,0.002985,0.15,-2.58,46.23,58.1,130429,1800,-12,0.951,29440.50
2026-06-17T07:21:27.166Z,25335738,4,49,1783.33,-6.59,DOWN,-1,↘️ LEAN SHORT,0.00261,-0.59,-0.44,46.63,93.6,789044,1800,-17,0.985,29440.50
2026-06-17T07:54:40.602Z,25335904,3,37,1777.80,-5.73,DOWN,0,↔️ NEUTRAL,0.002261,-0.73,0,44.25,91.9,1313828,1800,-22,1.009,29440.50
2026-06-17T08:31:53.918Z,25336089,4,46,1766.39,-9.92,DOWN,0,↔️ NEUTRAL,0.00227,-1.67,-0.21,41.37,96.9,5813401,1800,-34,0.958,29440.50
2026-06-17T09:26:56.897Z,25336364,4,74,1773.91,5.37,UP,1,↗️ LEAN LONG,0.001747,-0.13,-1.28,49.85,92.4,8017752,1800,-26,0.856,29440.50
2026-06-17T11:22:29.359Z,25336938,4,60,1765.11,5.68,UP,1,↗️ LEAN LONG,0.002542,-0.27,0.48,46.36,93.9,1843757,1800,-35,0.774,29440.50
2026-06-17T12:20:27.716Z,25337226,4,11,1755.44,-6.48,DOWN,-1.5,⬇️ SHORT,0.002336,0.38,-4.15,46.55,54.3,901769,1800,-45,0.781,29440.50
2026-06-17T13:38:40.170Z,25337617,4,48,1766.38,8.08,UP,0,↔️ NEUTRAL,0.000042,0.27,-5.1,53.08,1.5,2643656,1800,-34,0.811,29440.50
2026-06-17T14:16:04.971Z,25337804,4,51,1763.00,6.84,UP,2.5,⬆️ LONG,-0.001172,0.32,-0.71,51.68,34.4,3338073,1800,-37,0.774,29440.50
2026-06-17T14:48:08.585Z,25337963,4,72,1743.98,-11.99,DOWN,-1,↘️ LEAN SHORT,-0.001982,-1.23,-6.7,45.29,88.4,3596841,1775,-31,0.772,29440.50
2026-06-17T14:59:07.613Z,25338017,4,55,1752.04,-5.01,DOWN,1,↗️ LEAN LONG,-0.001948,-0.33,-5.06,47.93,92.5,8124176,1775,-23,0.753,29440.50
2026-06-17T15:15:39.026Z,25338100,3,49,1757.52,6.74,UP,3,⬆️⬆️ STRONG LONG,-0.001911,-0.41,-4.3,47.95,93.0,7119297,1775,-17,0.754,29440.50
2026-06-17T15:50:31.492Z,25338274,3,26,1772.45,7.23,UP,1,↗️ LEAN LONG,-0.001004,1.26,0.71,53.91,3.3,2502095,1775,-3,0.719,29440.50
2026-06-17T16:16:51.036Z,25338404,3,51,1776.02,6.09,UP,-1,↘️ LEAN SHORT,-0.000362,0.75,1.52,56.27,1.8,3081994,1775,1,0.730,29440.50
2026-06-17T16:27:30.423Z,25338457,4,60,1779.11,5.37,UP,-1,↘️ LEAN SHORT,-0.000207,0.47,2.2,55.8,0.9,3981431,1775,4,0.751,29440.50
2026-06-17T17:44:54.209Z,25338844,4,41,1772.10,-5.94,DOWN,-1,↘️ LEAN SHORT,0.000479,-0.09,0.83,48.94,55.3,711123,1775,-3,0.766,29440.50
2026-06-17T17:54:55.391Z,25338894,4,66,1786.81,13.59,UP,0,↔️ NEUTRAL,0.000814,0.53,-0.04,52.59,9.6,3681890,1775,12,0.752,29440.50
2026-06-17T18:05:02.775Z,25338945,4,86,1756.75,-13.42,DOWN,-1,↘️ LEAN SHORT,0.000702,-0.93,3.05,48.74,40.8,9673634,1775,-18,0.777,29440.50
2026-06-17T18:22:26.878Z,25339032,4,53,1768.88,8.37,UP,1,↗️ LEAN LONG,0.000432,-0.63,6.34,49.14,63.7,18530721,1800,-31,0.775,29440.50
2026-06-17T18:32:29.344Z,25339082,3,46,1771.25,7.24,UP,1,↗️ LEAN LONG,0.000667,-0.61,6.81,48.52,62.4,18980141,1800,-29,0.769,29440.50
2026-06-17T18:42:41.187Z,25339133,4,43,1775.55,7.23,UP,1,↗️ LEAN LONG,0.000811,-0.31,8.73,48.97,63.2,20749361,1775,1,0.759,29440.50
2026-06-17T18:57:19.181Z,25339206,4,62,1772.51,-9.00,DOWN,-3,⬇️⬇️ STRONG SHORT,0.001041,-0.33,10.38,48.59,74.2,17095865,1775,-2,0.756,29440.50
2026-06-17T19:14:32.019Z,25339291,4,68,1770.19,6.13,UP,1,↗️ LEAN LONG,0.000531,0.47,5.73,50.66,44.1,5880937,1775,-5,0.757,29440.50
2026-06-17T19:26:18.693Z,25339350,4,59,1751.62,-5.94,DOWN,-1,↘️ LEAN SHORT,-0.000183,-0.62,7.28,49.97,68.5,10314006,1775,-23,0.742,29440.50
2026-06-17T19:39:06.810Z,25339414,4,64,1734.20,-5.78,DOWN,-1.5,⬇️ SHORT,-0.000491,-1.98,8.46,48.16,84.6,16456163,1775,-41,0.744,29440.50
2026-06-17T19:52:26.692Z,25339481,4,68,1728.85,-5.19,DOWN,-0.5,↘️ LEAN SHORT,-0.000966,-2.32,9.04,46.54,96.4,19047983,1775,-46,0.748,29440.50
2026-06-17T20:02:58.360Z,25339533,4,32,1736.43,5.09,UP,3.5,⬆️⬆️ STRONG LONG,-0.001014,-1.32,8.87,47.52,97.0,20185055,1775,-39,0.744,29440.50
2026-06-17T20:43:30.952Z,25339736,3,44,1735.53,-6.66,DOWN,-1.5,⬇️ SHORT,0.000352,0.45,3.22,51.97,74.8,1563023,1775,-39,0.731,29440.50
2026-06-17T20:59:19.434Z,25339815,4,65,1744.89,6.03,UP,1,↗️ LEAN LONG,0.000738,0.69,1.76,56.06,28.5,546801,1775,-30,0.731,29440.50
2026-06-17T22:03:54.942Z,25340137,4,35,1725.67,-10.61,DOWN,0.5,↗️ LEAN LONG,0.002307,-1.35,0.41,42.42,99.2,8465441,1775,-49,0.733,29440.50
2026-06-17T23:20:56.027Z,25340522,4,35,1746.86,5.07,UP,-2,⬇️ SHORT,0.004881,0.63,0.6,55.4,6.0,536550,1775,-28,0.777,29440.50
2026-06-18T01:04:06.678Z,25341038,4,38,1756.30,5.59,UP,-1,↘️ LEAN SHORT,0.00514,0.21,0.57,51.73,4.7,221136,1725,31,1.066,29440.50
2026-06-18T02:21:38.838Z,25341426,4,70,1755.56,6.40,UP,-1,↘️ LEAN SHORT,0.006198,0.18,-1.29,45.15,89.9,155903,1725,31,1.063,29440.50
2026-06-18T04:12:06.077Z,25341978,4,60,1730.88,-6.17,DOWN,0,↔️ NEUTRAL,0.002876,-0.7,1.51,42.77,99.6,5846737,1725,6,1.062,29440.50
2026-06-18T05:01:56.297Z,25342227,4,61,1725.73,-5.02,DOWN,-1,↘️ LEAN SHORT,0.001655,-0.65,2.24,45.28,99.0,6796907,1725,1,1.060,29440.50
2026-06-18T05:11:56.578Z,25342277,4,26,1729.33,7.20,UP,1,↗️ LEAN LONG,0.001222,0.21,2.82,48.58,97.6,6256440,1725,4,1.059,29440.50
2026-06-18T07:24:06.897Z,25342933,4,46,1740.93,5.50,UP,1,↗️ LEAN LONG,0.000201,0.32,0.32,56.42,12.6,712929,1725,16,1.056,29440.50
2026-06-18T07:38:08.489Z,25343002,4,33,1748.25,6.02,UP,-1,↘️ LEAN SHORT,0.000398,0.12,1.34,55.28,8.6,1702240,1725,23,1.054,29440.50
2026-06-18T08:10:19.260Z,25343163,3,39,1750.00,5.14,UP,0,↔️ NEUTRAL,0.000821,0.11,0.62,52.38,8.2,1740128,1725,25,1.053,29440.50
2026-06-18T09:29:19.720Z,25343557,3,35,1743.05,-5.93,DOWN,-2,⬇️ SHORT,0.002743,-0.3,-2.74,43.1,83.1,286466,1725,18,1.046,29440.50
2026-06-18T10:53:08.466Z,25343974,4,37,1745.66,6.61,UP,-1,↘️ LEAN SHORT,0.005328,-0.17,0.28,50.13,89.7,856236,1725,21,1.048,29440.50
2026-06-18T12:24:43.262Z,25344431,4,41,1748.60,5.05,UP,0,↔️ NEUTRAL,0.003776,0.73,-2.79,52.24,42.5,287655,1725,24,1.047,29440.50
2026-06-18T13:33:07.511Z,25344772,4,40,1741.48,-5.81,DOWN,-1,↘️ LEAN SHORT,0.000646,-0.13,-2.8,50.81,28.8,41367,1725,16,1.058,29440.50
2026-06-18T13:50:19.683Z,25344856,4,71,1737.94,6.15,UP,2,⬆️ LONG,-0.000118,-0.69,-1.24,48.41,91.2,3165549,1725,13,1.065,29440.50
2026-06-18T14:18:39.737Z,25344995,3,48,1733.80,5.26,UP,0,↔️ NEUTRAL,-0.00055,-0.71,-0.3,48.14,88.2,3685116,1725,9,1.058,29440.50
2026-06-18T14:28:42.926Z,25345045,3,46,1732.09,-6.01,DOWN,-2,⬇️ SHORT,-0.000577,-0.65,0.2,48.81,71.4,4615130,1725,7,1.062,29440.50
2026-06-18T14:40:55.742Z,25345106,4,45,1740.48,6.40,UP,1,↗️ LEAN LONG,-0.000301,0.97,0.78,50.24,55.5,2895256,1725,15,1.057,29440.50
2026-06-18T14:53:40.003Z,25345170,3,54,1730.94,-8.42,DOWN,-1,↘️ LEAN SHORT,0.000043,0.16,-1.69,49.55,67.3,3410970,1725,6,1.056,29440.50
2026-06-18T15:03:43.027Z,25345220,4,58,1730.69,-6.88,DOWN,-1,↘️ LEAN SHORT,0.00014,-0.21,-1.15,49.62,67.6,3474724,1725,6,1.047,29440.50
2026-06-18T15:18:18.155Z,25345293,3,45,1723.19,-9.01,DOWN,-2,⬇️ SHORT,0.000442,-0.48,-1.27,47.48,79.4,4939916,1725,-2,1.053,29440.50
2026-06-18T15:31:15.860Z,25345357,4,67,1722.29,-5.92,DOWN,0,↔️ NEUTRAL,0.000297,-0.28,0.66,49.38,92.3,8091628,1725,-3,1.065,29440.50
2026-06-18T15:41:18.815Z,25345407,4,81,1705.27,-12.35,DOWN,1,↗️ LEAN LONG,0.000379,-2.3,2.81,44.17,95.6,19955397,1725,-20,1.066,29440.50
2026-06-18T15:54:26.546Z,25345471,4,78,1681.26,-12.70,DOWN,0.5,↗️ LEAN LONG,-0.00044,-2.29,8.88,42.9,97.2,43509202,1725,-44,1.045,29440.50
2026-06-18T16:04:18.009Z,25345522,4,75,1686.69,6.66,UP,3.5,⬆️⬆️ STRONG LONG,-0.000745,-1.66,11.92,44.67,96.3,50891845,1725,-38,1.042,29440.50
2026-06-18T16:31:44.770Z,25345658,4,61,1682.22,-5.09,DOWN,1.5,⬆️ LONG,-0.002092,-1,9.13,46.14,96.9,48461352,1725,-43,1.031,29440.50
2026-06-18T17:24:27.924Z,25345921,4,66,1673.40,-9.53,DOWN,1.5,⬆️ LONG,-0.00278,-0.49,-0.81,46.52,93.3,3742495,1725,-52,1.033,29440.50
2026-06-18T17:34:43.182Z,25345972,4,56,1681.73,6.06,UP,3.5,⬆️⬆️ STRONG LONG,-0.002563,-0.38,2.12,49.01,95.0,12040654,1725,-43,1.038,29440.50
2026-06-18T17:57:43.917Z,25346087,4,42,1675.17,-6.88,DOWN,1.5,⬆️ LONG,-0.001945,-0.86,1.54,48.16,95.2,12645307,1725,-50,1.036,29440.50
2026-06-18T18:20:51.172Z,25346203,3,44,1683.01,6.54,UP,3.5,⬆️⬆️ STRONG LONG,-0.001173,-0.24,-4.62,50.38,95.7,12202058,1725,-42,1.041,29440.50
2026-06-18T20:01:39.267Z,25346703,3,29,1709.54,5.68,UP,-2,⬇️ SHORT,0.001394,0.04,-5.69,55.35,1.6,4575477,1725,-15,1.048,29440.50
2026-06-18T20:22:05.213Z,25346805,4,61,1712.14,6.25,UP,-1,↘️ LEAN SHORT,0.001776,-0.38,-3.67,53.75,0.7,17652918,1725,-13,1.048,29440.50
2026-06-18T21:13:05.138Z,25347058,4,47,1701.43,-6.50,DOWN,-3,⬇️⬇️ STRONG SHORT,0.00343,-0.95,-0.1,47.2,3.8,11861284,1725,-24,1.047,29440.50
2026-06-19T01:12:27.205Z,25348253,4,34,1709.80,-5.75,DOWN,-2,⬇️ SHORT,0.005857,-0.17,-0.34,52.23,2.7,928952,1750,-40,0.645,29440.50
2026-06-19T03:13:55.390Z,25348858,4,48,1694.98,-8.60,DOWN,1,↗️ LEAN LONG,0.00539,-0.36,0.53,39.45,97.2,1114868,1750,-55,0.646,29440.50
2026-06-19T03:24:05.672Z,25348909,4,75,1695.73,13.40,UP,2,⬆️ LONG,0.004894,-1.11,4.23,46.67,94.0,8594289,1750,-54,0.653,29440.50
2026-06-19T04:02:41.766Z,25349101,4,39,1689.30,-7.25,DOWN,0,↔️ NEUTRAL,0.002488,-1.73,3.04,46.97,93.1,8328176,1750,-61,0.653,29440.50
2026-06-19T04:22:02.488Z,25349197,4,56,1693.97,-5.30,DOWN,-1,↘️ LEAN SHORT,0.001589,0.41,-0.31,51.92,41.1,1177955,1750,-56,0.653,29440.50
2026-06-19T04:34:42.988Z,25349259,4,49,1686.57,-6.31,DOWN,0,↔️ NEUTRAL,0.000837,-0.37,-1.08,49.15,57.3,1367932,1750,-63,0.653,29440.50
2026-06-19T12:46:41.933Z,25351717,4,28,1680.65,-6.11,DOWN,-1,↘️ LEAN SHORT,0.002589,-0.5,-0.74,57.75,94.5,658929,1725,-44,0.646,29440.50
2026-06-19T13:07:17.134Z,25351820,4,45,1695.84,5.17,UP,-0.5,↘️ LEAN SHORT,0.002714,0.52,2.26,55.88,53.1,4142581,1725,-29,0.615,29440.50
2026-06-19T13:18:53.847Z,25351875,4,33,1686.74,-6.07,DOWN,-2,⬇️ SHORT,0.002336,0.53,2.46,55.44,51.7,4074348,1725,-38,0.615,29440.50
2026-06-19T13:44:39.187Z,25352004,4,36,1699.88,6.48,UP,0.5,↗️ LEAN LONG,0.002471,0.97,1.8,54.12,41.7,4294779,1725,-25,0.615,29440.50
2026-06-19T14:28:28.343Z,25352222,3,42,1701.45,5.25,UP,0.5,↗️ LEAN LONG,0.001914,0.65,-1.56,55.66,17.7,2697980,1725,-24,0.599,29440.50
2026-06-19T15:23:51.784Z,25352499,4,63,1698.79,-5.88,DOWN,0.5,↗️ LEAN LONG,0.000996,0.13,-5.35,49.36,15.1,444501,1725,-26,0.667,29440.50
2026-06-19T15:35:03.699Z,25352555,4,68,1704.42,5.94,UP,1.5,⬆️ LONG,0.000862,0.4,-6.39,48.55,31.9,335371,1700,4,0.673,29440.50
2026-06-19T16:15:07.195Z,25352754,3,38,1708.68,5.10,UP,2.5,⬆️ LONG,-0.000317,-0.15,-16.41,49.16,18.4,583140,1700,9,0.673,29440.50
2026-06-19T16:56:32.896Z,25352961,3,27,1693.83,-6.11,DOWN,0.5,↗️ LEAN LONG,-0.000711,-1.27,-7.6,47.52,96.8,2227985,1700,-6,0.672,29440.50
2026-06-19T23:57:51.193Z,25355060,4,24,1710.97,5.59,UP,-1.5,⬇️ SHORT,0.002499,0.15,-0.47,56.5,8.5,2038889,1700,11,0.657,29440.50
2026-06-20T05:10:57.111Z,25356620,4,28,1723.13,11.49,UP,0,↔️ NEUTRAL,0.004256,0.67,1.25,60.23,18.0,8008865,1700,23,0.928,29440.50
2026-06-20T13:24:30.743Z,25359079,4,44,1714.56,-8.35,DOWN,0,↔️ NEUTRAL,0.002623,-0.96,-6.53,41.53,98.4,2586746,1700,15,0.846,29440.50
2026-06-20T14:09:31.152Z,25359303,4,45,1708.55,-5.29,DOWN,0,↔️ NEUTRAL,0.001753,-1.78,-1.92,44.3,95.6,5389570,1700,9,0.862,29440.50
2026-06-20T14:46:04.744Z,25359485,4,40,1725.52,12.15,UP,0,↔️ NEUTRAL,0.001209,-0.39,-2.72,50.02,33.0,3183145,1700,26,0.861,29440.50
2026-06-20T15:18:38.436Z,25359648,4,35,1738.01,7.98,UP,-2.5,⬇️ SHORT,0.001813,0.71,10.1,56.88,6.5,17641784,1700,38,0.848,29440.50
2026-06-20T17:35:55.294Z,25360331,3,41,1721.07,-5.54,DOWN,-1,↘️ LEAN SHORT,0.003144,-0.7,-2.22,48.19,94.0,1057314,1700,21,0.844,29440.50
2026-06-20T21:14:19.504Z,25361416,3,16,1734.01,5.63,UP,-2,⬇️ SHORT,0.002892,0.05,0.65,55.44,0.4,606780,1700,34,0.845,29440.50
2026-06-20T22:15:52.963Z,25361723,4,35,1734.41,5.21,UP,-1,↘️ LEAN SHORT,0.004009,0.16,1.47,48.18,4.8,368168,1700,34,0.846,29440.50
2026-06-21T11:18:19.838Z,25365619,3,38,1723.81,-6.50,DOWN,-0.5,↘️ LEAN SHORT,0.00071,-0.58,1.51,44.43,69.9,437603,1725,-1,1.667,29440.50
2026-06-21T12:16:41.953Z,25365907,4,50,1715.29,-6.35,DOWN,-1.5,⬇️ SHORT,0.000157,-0.38,4.47,42.64,87.1,3101924,1725,-10,1.671,29440.50
2026-06-21T18:04:14.644Z,25367639,4,39,1720.57,-5.23,DOWN,-0.5,↘️ LEAN SHORT,0.000436,-0.5,-3.09,49.99,96.3,204897,1725,-4,1.723,29440.50
2026-06-21T18:32:32.426Z,25367780,4,17,1731.97,9.27,UP,-2.5,⬇️ SHORT,0.001433,0.23,-1.25,56.5,7.3,2095107,1725,7,1.721,29440.50
2026-06-21T20:49:20.587Z,25368462,3,23,1715.96,-6.46,DOWN,-0.5,↘️ LEAN SHORT,0.001214,-1.32,1.74,31.66,99.7,2916464,1725,-9,1.680,29440.50
2026-06-21T21:09:18.376Z,25368562,4,30,1713.39,-5.70,DOWN,-0.5,↘️ LEAN SHORT,0.001126,-0.88,3.95,37.46,99.8,3411756,1725,-12,1.669,29440.50
2026-06-21T21:19:31.035Z,25368613,4,50,1703.50,-6.30,DOWN,-1.5,⬇️ SHORT,0.00105,-2.07,9.38,40.39,94.7,12234716,1725,-21,1.670,29440.50
2026-06-21T21:39:54.020Z,25368715,4,26,1719.60,5.51,UP,0.5,↗️ LEAN LONG,0.001446,-1.39,11.18,49.19,92.9,12468281,1725,-5,1.670,29440.50
2026-06-21T22:09:40.921Z,25368864,3,42,1711.89,-5.03,DOWN,-3.5,⬇️⬇️ STRONG SHORT,0.002243,-1.14,8.49,50.23,85.7,6594600,1725,-13,1.646,29440.50
2026-06-21T22:31:28.407Z,25368971,4,39,1707.84,-7.43,DOWN,-2.5,⬇️ SHORT,0.00245,-0.23,1.69,53.19,69.3,865599,1725,-17,1.645,29440.50
2026-06-21T23:01:53.871Z,25369123,4,31,1710.89,-5.38,DOWN,-1.5,⬇️ SHORT,0.002422,0.48,0,54.82,92.7,704126,1725,-14,1.650,29440.50
2026-06-21T23:31:27.508Z,25369271,4,30,1707.32,-5.68,DOWN,-3.5,⬇️⬇️ STRONG SHORT,0.003009,0.67,0.37,54.3,76.2,270902,1725,-18,1.632,29440.50
2026-06-22T00:37:54.245Z,25369602,4,49,1724.36,5.59,UP,-0.5,↘️ LEAN SHORT,0.004958,1.17,4.03,53.21,57.8,1053981,1700,24,2.620,29440.50
2026-06-22T00:59:05.839Z,25369708,4,54,1725.24,5.11,UP,-1.5,⬇️ SHORT,0.005011,0.69,5.82,53.27,8.2,1467577,1700,25,2.593,29440.50
2026-06-22T01:18:19.500Z,25369803,4,41,1728.80,6.02,UP,-0.5,↘️ LEAN SHORT,0,0.66,6.28,52.41,5.4,1751863,1700,29,2.172,29440.50
2026-06-22T01:28:16.796Z,25369850,4,61,1750.44,16.05,UP,-1.5,⬇️ SHORT,0.005135,0.71,13.41,52.93,1.8,17468836,1725,25,2.171,29440.50
2026-06-22T03:02:41.369Z,25370318,3,14,1727.37,-9.01,DOWN,-1.5,⬇️ SHORT,0.004551,-0.95,3.26,48.02,92.6,1201824,1725,2,2.147,29440.50
2026-06-22T07:05:07.679Z,25371527,3,17,1738.38,6.06,UP,0.5,↗️ LEAN LONG,0.002524,0.31,1.25,50.86,24.8,124606,1725,13,2.354,29440.50
2026-06-22T11:06:51.982Z,25372734,4,58,1754.16,8.48,UP,-0.5,↘️ LEAN SHORT,0.005287,0.17,0.39,55.64,12.7,1096246,1725,29,1.819,29440.50
2026-06-22T11:33:51.782Z,25372869,4,49,1758.12,6.73,UP,-2.5,⬇️ SHORT,0.005115,0.58,0.56,57.94,6.3,3076731,1725,33,1.810,29440.50
2026-06-22T11:49:31.309Z,25372947,4,65,1766.35,5.49,UP,-3,⬇️⬇️ STRONG SHORT,0.00528,1,3.86,57.29,4.6,9072806,1725,41,1.819,29440.50
2026-06-22T13:25:05.226Z,25373424,4,43,1766.85,5.20,UP,0,↔️ NEUTRAL,0.005222,0.56,0.73,46.93,28.9,131008,1725,42,1.721,29440.50
2026-06-22T13:37:16.948Z,25373484,4,62,1774.83,11.02,UP,-2,⬇️ SHORT,0.004727,0.66,2.27,54.49,3.8,3373180,1725,50,1.720,29440.50
2026-06-22T14:07:43.196Z,25373636,4,62,1766.76,-6.38,DOWN,-4,⬇️⬇️ STRONG SHORT,0.004299,0.56,6.84,50.5,5.0,5473832,1725,42,1.791,29440.50
2026-06-22T14:25:52.598Z,25373727,4,54,1757.05,-5.14,DOWN,-1.5,⬇️ SHORT,0.003196,-0.4,9.38,49.74,17.5,6310229,1725,32,1.760,29440.50
2026-06-22T14:35:55.140Z,25373777,4,54,1756.00,5.02,UP,0.5,↗️ LEAN LONG,0.002808,-1.06,11,49.76,28.0,6657719,1725,31,1.760,29440.50
2026-06-22T15:50:44.274Z,25374150,3,38,1743.17,-6.72,DOWN,-1.5,⬇️ SHORT,0.001139,-0.45,2.96,46.25,93.9,1147536,1725,18,1.703,29440.50
2026-06-22T16:04:04.368Z,25374217,4,41,1736.67,-5.23,DOWN,0.5,↗️ LEAN LONG,0.000689,-1.03,4.11,43.12,98.2,3314584,1725,12,1.687,29440.50
2026-06-22T18:55:56.280Z,25375073,4,67,1729.13,-5.53,DOWN,-2.5,⬇️ SHORT,0.003031,-0.92,1.69,42.73,87.4,1391300,1725,4,1.516,29440.50
2026-06-22T19:26:16.459Z,25375225,4,56,1728.37,-5.37,DOWN,-1.5,⬇️ SHORT,0.003349,-0.64,2.61,45.34,96.4,2588740,1725,3,1.551,29440.50
2026-06-22T22:28:17.001Z,25376130,4,40,1718.34,-10.50,DOWN,-2.5,⬇️ SHORT,0.004039,-0.95,-1.46,41.13,87.3,1760154,1725,-7,1.506,30669.75
2026-06-22T22:38:43.168Z,25376182,4,48,1715.90,-5.72,DOWN,-0.5,↘️ LEAN SHORT,0.003354,-1.51,-0.36,44.28,91.2,9276406,1725,-9,1.506,30669.75
2026-06-23T00:34:21.295Z,25376758,3,46,1724.57,5.55,UP,0,↔️ NEUTRAL,0.001334,0.21,-1.19,53.99,52.4,451327,1750,-25,1.297,30669.75
2026-06-23T01:01:29.978Z,25376894,4,26,1731.52,5.17,UP,0.5,↗️ LEAN LONG,0.000411,0.27,-2.49,53.84,41.0,577584,1750,-18,1.302,30669.75
2026-06-23T01:37:38.745Z,25377072,3,33,1726.03,-5.50,DOWN,-3.5,⬇️⬇️ STRONG SHORT,-0.000391,0.25,-6.89,55.64,3.9,366152,1750,-24,1.324,30669.75
2026-06-23T01:49:04.448Z,25377129,4,58,1722.04,-5.04,DOWN,-1.5,⬇️ SHORT,-0.000571,-0.19,-6.19,52.85,49.9,699083,1750,-28,1.324,30669.75
2026-06-23T06:09:04.984Z,25378425,4,36,1702.39,-8.07,DOWN,-0.5,↘️ LEAN SHORT,0.00469,-0.48,4.45,46.15,97.2,9294691,1750,-48,1.203,30669.75
2026-06-23T06:21:22.242Z,25378486,4,58,1692.14,-13.73,DOWN,0,↔️ NEUTRAL,0.004657,-1.57,5.41,42.66,97.4,19951914,1750,-58,1.321,30669.75
2026-06-23T08:00:18.450Z,25378980,3,21,1680.07,-5.40,DOWN,1,↗️ LEAN LONG,0.000488,-0.01,-0.28,43.59,91.9,959629,1750,-70,1.367,30669.75
2026-06-23T08:14:53.707Z,25379052,4,64,1672.05,-7.00,DOWN,1,↗️ LEAN LONG,-0.000176,-0.57,2.08,43.26,96.4,6031187,1750,-78,1.372,30669.75
2026-06-23T08:24:54.536Z,25379102,4,72,1642.17,-9.45,DOWN,1.5,⬆️ LONG,-0.001472,-3.45,8.4,42.02,96.7,56881058,1700,-58,1.254,30669.75
2026-06-23T10:03:08.586Z,25379590,4,21,1654.59,5.66,UP,3.5,⬆️⬆️ STRONG LONG,-0.005453,0.49,0.97,50.46,19.5,465285,1700,-45,1.235,30669.75
2026-06-23T11:22:28.299Z,25379985,3,50,1659.86,5.28,UP,3.5,⬆️⬆️ STRONG LONG,-0.006577,0.54,-0.37,52.7,19.4,938549,1700,-40,1.224,30669.75
2026-06-23T13:32:05.891Z,25380628,4,44,1653.06,6.10,UP,3.5,⬆️⬆️ STRONG LONG,-0.006565,0.1,0.32,49.21,96.0,1423914,1700,-47,0.907,30669.75
2026-06-23T14:07:14.578Z,25380802,4,63,1658.42,-5.42,DOWN,1,↗️ LEAN LONG,-0.005804,1.17,1.28,52.11,28.8,6005339,1675,-17,0.913,30669.75
2026-06-23T14:17:31.100Z,25380854,4,61,1666.00,5.88,UP,3,⬆️⬆️ STRONG LONG,-0.00556,1.62,1.02,52.36,26.2,5946371,1675,-9,0.908,30669.75
2026-06-23T14:37:07.049Z,25380952,4,74,1667.66,9.14,UP,3,⬆️⬆️ STRONG LONG,-0.005337,0.82,-1.47,51.24,14.1,5694719,1675,-7,0.968,30669.75
2026-06-23T15:35:03.843Z,25381239,4,64,1657.87,6.03,UP,2,⬆️ LONG,-0.004317,-0.3,0.1,48.6,40.4,3186827,1675,-17,0.926,30669.75
2026-06-23T16:07:50.742Z,25381403,4,44,1664.18,6.90,UP,2,⬆️ LONG,-0.003572,0.94,-1.72,52.48,63.0,1362449,1675,-11,0.963,30669.75
2026-06-23T17:37:20.627Z,25381849,4,55,1661.82,5.29,UP,0,↔️ NEUTRAL,-0.000934,0.13,-2.1,50.96,82.0,237057,1675,-13,0.920,30669.75
2026-06-23T22:24:09.187Z,25383277,4,46,1662.82,-6.92,DOWN,-1,↘️ LEAN SHORT,0.003597,-0.17,-0.43,48.43,12.0,1168118,1675,-12,0.919,30669.75
2026-06-23T23:47:07.780Z,25383691,3,47,1665.47,5.24,UP,0,↔️ NEUTRAL,0.004589,0.05,-0.89,48.63,60.3,271142,1675,-10,0.929,30669.75
2026-06-24T01:32:42.985Z,25384216,4,40,1675.31,7.22,UP,-1,↘️ LEAN SHORT,0.00293,-0.09,0.27,53.47,6.6,1689381,1700,-25,1.291,30669.75
2026-06-24T11:39:41.990Z,25387232,4,59,1663.76,5.25,UP,-0.5,↘️ LEAN SHORT,0.00449,0.01,-0.16,47.89,79.4,1580283,1700,-36,1.280,30669.75
2026-06-24T11:49:50.526Z,25387283,4,26,1684.39,17.70,UP,-0.5,↘️ LEAN SHORT,0.005025,0.53,3.69,56.73,22.4,6475734,1700,-16,1.309,30669.75
2026-06-24T13:04:32.956Z,25387651,3,28,1663.38,-6.15,DOWN,0.5,↗️ LEAN LONG,0.003379,-0.72,-0.48,44.02,97.8,1762024,1700,-37,1.298,30669.75
2026-06-24T13:22:40.346Z,25387742,4,51,1647.57,-6.49,DOWN,-0.5,↘️ LEAN SHORT,0.002362,-1.5,1.92,43.95,96.8,5132960,1675,-27,1.323,30669.75
2026-06-24T13:34:08.698Z,25387797,4,75,1657.07,8.36,UP,-1.5,⬇️ SHORT,0.001393,-1.45,4.2,46.9,84.9,11979566,1675,-18,1.374,30669.75
2026-06-24T13:44:40.830Z,25387847,4,80,1643.47,-11.04,DOWN,-4.5,⬇️⬇️ STRONG SHORT,0.001102,-2.03,5.1,46.62,85.1,13453392,1675,-32,1.374,30669.75
2026-06-24T13:56:33.007Z,25387908,4,77,1644.63,-6.53,DOWN,-2.5,⬇️ SHORT,0.000409,-1.32,6.99,47.75,83.5,14484206,1675,-30,1.349,30669.75
2026-06-24T14:07:43.834Z,25387965,4,77,1646.34,6.03,UP,-0.5,↘️ LEAN SHORT,0.000059,-0.11,7.71,48.81,84.7,15696391,1675,-29,1.323,30669.75
2026-06-24T14:20:49.529Z,25388027,3,57,1637.79,-5.18,DOWN,-1.5,⬇️ SHORT,-0.000168,-0.47,6.35,48.67,84.4,15497506,1675,-37,1.298,30669.75
2026-06-24T14:33:10.515Z,25388092,4,42,1652.16,6.05,UP,-0.5,↘️ LEAN SHORT,0.000581,0.93,5.58,50.71,72.7,10212633,1675,-23,1.307,30669.75
2026-06-24T14:43:17.555Z,25388143,4,73,1644.44,-5.05,DOWN,-2.5,⬇️ SHORT,0.000358,0.57,4,50.64,82.3,8019845,1675,-31,1.307,30669.75
2026-06-24T14:55:27.781Z,25388204,3,54,1641.60,-6.34,DOWN,-1.5,⬇️ SHORT,0.000138,0.19,2.1,50.29,82.3,6159466,1675,-33,1.246,30669.75
2026-06-24T15:21:54.496Z,25388335,4,68,1645.21,7.60,UP,1,↗️ LEAN LONG,0.000609,0.16,1.64,51.33,51.7,2255789,1675,-30,1.212,30669.75
2026-06-24T15:32:04.860Z,25388386,4,65,1636.88,-5.73,DOWN,-1.5,⬇️ SHORT,0.000673,-1.23,0.79,48.83,72.4,1838843,1675,-38,1.219,30669.75
2026-06-24T15:43:57.793Z,25388445,4,80,1626.33,-6.05,DOWN,0.5,↗️ LEAN LONG,0.00049,-1.31,3.88,45.9,95.4,10193413,1675,-49,1.227,30669.75
2026-06-24T15:54:09.911Z,25388495,4,67,1620.85,5.16,UP,4.5,⬆️⬆️ STRONG LONG,0.000052,-2.23,7.55,44.34,96.3,20393889,1675,-54,1.233,30669.75
2026-06-24T16:14:32.549Z,25388597,4,76,1624.15,6.32,UP,2.5,⬆️ LONG,0.000665,-0.55,7.89,46.17,96.4,21896390,1675,-51,1.283,30669.75
2026-06-24T16:25:32.318Z,25388652,4,76,1630.53,5.58,UP,1.5,⬆️ LONG,0.001081,-0.6,8.6,46.17,93.9,22811818,1675,-44,1.284,30669.75
2026-06-24T16:39:51.570Z,25388723,4,62,1622.56,-5.08,DOWN,-0.5,↘️ LEAN SHORT,0.001182,-0.18,8.01,46.98,91.2,15664344,1675,-52,1.269,30669.75
2026-06-24T16:49:54.736Z,25388773,4,76,1610.16,-7.56,DOWN,0.5,↗️ LEAN LONG,0.000829,0.37,6.39,49.28,92.2,16907884,1675,-65,1.216,30669.75
2026-06-24T17:01:56.558Z,25388832,4,89,1589.85,5.03,UP,2.5,⬆️ LONG,0.000159,-1.17,14.67,47.08,95.3,66299502,1675,-85,1.222,30669.75
2026-06-24T17:14:40.536Z,25388895,4,75,1585.55,-6.32,DOWN,-0.5,↘️ LEAN SHORT,-0.000327,-2.07,17.16,46.44,94.6,69575241,1650,-64,1.161,30669.75
2026-06-24T17:26:58.414Z,25388955,4,73,1573.04,6.56,UP,5,⬆️⬆️ STRONG LONG,-0.001641,-2.94,19.45,44.83,96.7,98910603,1650,-77,1.102,30669.75
2026-06-24T17:45:05.576Z,25389044,4,86,1563.98,-7.04,DOWN,0.5,↗️ LEAN LONG,-0.003517,-2.86,20.69,45.77,95.8,105066121,1650,-86,0.997,30669.75
2026-06-24T18:07:30.214Z,25389155,4,72,1563.28,7.36,UP,3.5,⬆️⬆️ STRONG LONG,-0.006272,-0.99,12.45,46.68,94.0,62782258,1650,-87,0.930,30669.75
2026-06-24T18:22:17.124Z,25389229,4,75,1579.81,10.62,UP,1.5,⬆️ LONG,-0.008103,0.25,11.11,50.59,83.6,31446644,1650,-70,0.935,30669.75
2026-06-24T18:50:55.773Z,25389372,4,58,1566.61,-6.61,DOWN,2.5,⬆️ LONG,-0.010136,0.35,6.03,52.79,28.1,4234432,1650,-83,0.935,30669.75
2026-06-24T19:36:38.438Z,25389598,4,61,1576.69,6.13,UP,2.5,⬆️ LONG,-0.011674,0.13,1.75,50.77,77.6,1266664,1650,-73,0.967,30669.75
2026-06-24T20:02:18.632Z,25389725,4,66,1589.71,11.15,UP,3.5,⬆️⬆️ STRONG LONG,-0.012079,0.71,2.99,60.4,19.3,2206683,1650,-60,0.976,30669.75
2026-06-24T20:36:07.944Z,25389894,4,86,1609.94,-5.61,DOWN,-1.5,⬇️ SHORT,-0.009691,1.26,5.83,56.61,2.2,14672744,1650,-40,0.962,30669.75
2026-06-24T20:50:06.329Z,25389964,4,53,1616.83,6.97,UP,0.5,↗️ LEAN LONG,-0.009028,1.53,5.86,56.24,2.3,14487289,1650,-33,0.962,30669.75
2026-06-24T21:04:45.136Z,25390037,4,64,1605.88,-5.59,DOWN,-0.5,↘️ LEAN SHORT,-0.008609,0.02,5.07,52.76,5.6,14592745,1650,-44,0.994,30669.75
2026-06-24T21:37:16.704Z,25390199,4,54,1613.87,5.39,UP,2.5,⬆️ LONG,-0.006636,-0.37,2.44,52.27,34.3,2923108,1650,-36,0.993,30669.75
2026-06-24T22:01:07.348Z,25390318,4,69,1620.34,5.51,UP,3,⬆️⬆️ STRONG LONG,-0.005673,0.23,1.61,52.09,25.1,1907895,1650,-30,0.991,30669.75
2026-06-24T22:16:39.843Z,25390396,4,54,1615.36,-5.01,DOWN,-0.5,↘️ LEAN SHORT,-0.004873,0.49,1.65,50.79,7.2,10321758,1650,-35,1.017,30669.75
2026-06-25T04:51:02.862Z,25392363,4,68,1624.68,5.22,UP,0,↔️ NEUTRAL,0.004828,0.48,-0.03,53.91,1.1,938909,2000,-375,0.558,30053.50
2026-06-25T05:02:28.707Z,25392420,4,72,1637.40,7.06,UP,-1,↘️ LEAN SHORT,0.005251,0.77,1.92,58.34,0.8,4886911,2000,-363,0.557,30060.00
2026-06-25T06:42:56.922Z,25392919,4,54,1651.08,5.09,UP,0,↔️ NEUTRAL,0.005327,0.38,1.14,51.66,1.7,1019650,2000,-349,0.557,30071.50
2026-06-25T09:22:51.403Z,25393717,4,49,1645.72,-5.50,DOWN,1,↗️ LEAN LONG,0.003496,-0.16,0.36,44.79,99.8,408070,2000,-354,0.557,30071.50
2026-06-25T10:46:07.266Z,25394129,4,43,1632.01,-7.11,DOWN,1,↗️ LEAN LONG,0.003495,-1.09,0.71,39.75,99.7,3403469,2000,-368,0.556,30071.50
2026-06-25T11:07:07.492Z,25394234,4,52,1627.44,-7.42,DOWN,1,↗️ LEAN LONG,0.003369,-1.33,0.66,40.22,92.6,4531716,2000,-373,0.557,30071.50
2026-06-25T12:30:32.258Z,25394651,4,62,1639.65,11.34,UP,-1,↘️ LEAN SHORT,0.001177,-0.71,-2.64,58.73,73.9,285291,2000,-360,0.542,30071.50
2026-06-25T13:32:02.976Z,25394957,4,26,1622.53,-9.01,DOWN,-2,⬇️ SHORT,0.002277,-0.33,-2.4,47.67,89.4,3546958,2000,-377,0.540,30071.50
2026-06-25T13:42:49.088Z,25395007,4,76,1601.96,-17.45,DOWN,0,↔️ NEUTRAL,0.001444,-1.61,-2.56,46,97.3,19224035,2000,-398,0.541,30071.50
2026-06-25T13:53:01.005Z,25395057,4,88,1566.77,-16.23,DOWN,2,⬆️ LONG,-0.000008,-3.94,0.47,44.96,97.5,45377956,2000,-433,0.540,30071.50
2026-06-25T14:04:10.534Z,25395109,4,66,1556.98,9.63,UP,4,⬆️⬆️ STRONG LONG,-0.002238,0,0,45.33,96.1,121544835,2000,-443,0.539,30071.50
2026-06-25T14:13:41.217Z,25395160,4,46,1566.17,6.45,UP,5,⬆️⬆️ STRONG LONG,-0.002431,-3.7,10.5,47.19,92.8,129268510,2000,-434,0.537,30071.50
2026-06-25T14:22:40.579Z,25395210,4,96,1564.90,10.86,UP,5,⬆️⬆️ STRONG LONG,-0.003442,-3.64,13.01,47.26,92.5,139489969,2000,-435,0.537,30071.50
2026-06-25T14:33:40.966Z,25395262,4,56,1567.99,6.76,UP,5,⬆️⬆️ STRONG LONG,-0.004206,-2.33,15.66,47.25,92.2,135647454,2000,-432,0.535,30071.50
2026-06-25T14:44:32.761Z,25395319,4,68,1564.23,-5.37,DOWN,0,↔️ NEUTRAL,-0.004849,-1.11,17.15,48.55,86.9,122524797,2000,-436,0.535,30071.50
2026-06-25T14:54:46.053Z,25395370,4,86,1570.88,5.14,UP,2,⬆️ LONG,-0.005283,1.41,14.13,49.43,83.1,91855874,2000,-429,0.534,30071.50
2026-06-25T15:04:53.087Z,25395421,4,62,1559.29,-8.70,DOWN,1,↗️ LEAN LONG,-0.006264,0.07,7.97,49.21,37.3,16932307,2000,-441,0.534,30071.50
2026-06-25T15:15:45.749Z,25395472,4,94,1552.10,-5.42,DOWN,0,↔️ NEUTRAL,-0.006652,-0.64,5.58,47.43,45.1,14059382,0,0,0.000,30071.50
2026-06-25T15:25:09.176Z,25395522,4,90,1562.30,5.41,UP,3,⬆️⬆️ STRONG LONG,-0.007034,-0.03,5.17,48.91,48.6,20026608,2000,-438,0.531,30071.50
2026-06-25T15:43:08.399Z,25395611,4,77,1554.53,-6.23,DOWN,1,↗️ LEAN LONG,-0.00807,-0.74,0.89,48.41,63.3,11891877,2000,-445,0.530,30071.50
2026-06-25T15:57:30.612Z,25395683,4,63,1565.77,6.50,UP,3,⬆️⬆️ STRONG LONG,-0.008254,-0.42,-0.78,50.65,59.2,12126122,2000,-434,0.529,30071.50
2026-06-25T16:07:43.202Z,25395734,4,63,1574.24,7.01,UP,3,⬆️⬆️ STRONG LONG,-0.008112,0.54,-1.13,53.6,51.3,12382136,2000,-426,0.528,30071.50
2026-06-25T16:31:27.073Z,25395851,4,51,1567.83,-5.08,DOWN,1,↗️ LEAN LONG,-0.007979,0.45,-2.66,53.9,33.6,4240012,2000,-432,0.524,30071.50
2026-06-25T17:11:38.741Z,25396050,4,70,1564.75,9.12,UP,2,⬆️ LONG,-0.007584,-0.85,-7.48,48.27,87.2,4325264,2000,-435,0.517,30071.50
2026-06-25T17:47:43.261Z,25396230,4,61,1563.94,-5.72,DOWN,2,⬆️ LONG,-0.006494,0.34,-10.12,53.98,18.9,2543931,2000,-436,0.518,30071.50
2026-06-25T18:13:41.944Z,25396358,4,60,1564.94,-5.93,DOWN,1,↗️ LEAN LONG,-0.005808,-0.31,-6.42,50.12,30.1,2080251,2000,-435,0.518,30071.50
2026-06-25T18:33:18.761Z,25396456,4,67,1564.39,-5.38,DOWN,1,↗️ LEAN LONG,-0.005266,-0.34,-5.55,49.9,49.8,1469649,2000,-436,0.516,30071.50
2026-06-25T19:40:07.493Z,25396788,4,59,1556.81,-5.65,DOWN,2,⬆️ LONG,-0.00311,0.36,-0.88,45.14,96.1,1220621,2000,-443,0.507,30071.50
2026-06-25T20:02:17.050Z,25396899,4,54,1565.00,7.58,UP,2,⬆️ LONG,-0.002721,0.53,-1.48,46.18,83.4,1863203,2000,-435,0.507,30071.50
2026-06-25T20:33:03.532Z,25397049,4,63,1559.30,-7.48,DOWN,1,↗️ LEAN LONG,-0.002252,0,-4.09,51.53,68.9,970657,2000,-441,0.508,30071.50
2026-06-25T21:34:40.711Z,25397355,4,36,1571.35,6.62,UP,2,⬆️ LONG,-0.000315,0.47,-1.42,52.23,53.4,1030037,2000,-429,0.508,30071.50
2026-06-25T22:01:51.213Z,25397491,4,61,1579.79,5.04,UP,1,↗️ LEAN LONG,0.000431,0.99,-0.04,53.32,1.3,2165155,2000,-420,0.507,30071.50
2026-06-25T22:11:53.601Z,25397541,4,69,1570.24,-6.19,DOWN,1,↗️ LEAN LONG,0.000296,0.12,0.01,50.85,21.9,2676695,2000,-430,0.507,30071.50
2026-06-25T22:23:15.573Z,25397598,4,55,1564.92,-5.20,DOWN,1,↗️ LEAN LONG,0.000262,0.09,0.36,50.23,29.0,2943858,2000,-435,0.507,30071.50
2026-06-26T01:05:55.776Z,25398409,3,52,1558.25,-5.79,DOWN,-1,↘️ LEAN SHORT,-0.002281,-0.65,-0.65,47.38,72.2,450257,1600,-42,2.494,29720.00
2026-06-26T01:26:27.049Z,25398512,4,58,1557.43,-5.64,DOWN,-1,↘️ LEAN SHORT,-0.002477,-0.51,-0.44,45.94,84.5,1162524,1600,-43,2.496,29720.00
2026-06-26T02:12:07.131Z,25398739,4,52,1547.40,-9.04,DOWN,2,⬆️ LONG,-0.003549,-0.9,0.42,42.1,92.4,1844800,1600,-53,2.482,29720.00
2026-06-26T02:22:07.664Z,25398789,4,91,1524.88,-5.68,DOWN,0,↔️ NEUTRAL,-0.005283,-2.59,4.56,43.39,80.7,69908937,1600,-75,2.397,29720.00
2026-06-26T02:34:03.289Z,25398849,4,61,1533.56,-5.20,DOWN,-1,↘️ LEAN SHORT,-0.005618,-1.59,5.99,45.55,80.1,69178913,1600,-66,2.221,29720.00
2026-06-26T02:48:04.796Z,25398918,4,66,1530.18,-5.31,DOWN,-1,↘️ LEAN SHORT,-0.006654,-1.71,6.16,45.44,79.8,69452137,1600,-70,2.221,29720.00
2026-06-26T03:02:56.576Z,25398992,4,69,1511.61,-10.23,DOWN,-1,↘️ LEAN SHORT,-0.007803,-2.45,7.71,44.28,82.3,81228055,1600,-88,2.212,29720.00
2026-06-26T03:13:07.009Z,25399043,4,76,1529.83,9.36,UP,1,↗️ LEAN LONG,-0.007895,0.4,8.96,47.98,80.2,79769483,1600,-70,2.217,29720.00
2026-06-26T03:24:19.721Z,25399098,4,50,1524.01,-5.21,DOWN,-1,↘️ LEAN SHORT,-0.00805,1.24,5.48,48.5,84.4,17772809,1600,-76,2.204,29720.00
2026-06-26T03:39:53.159Z,25399176,4,60,1535.75,5.67,UP,1,↗️ LEAN LONG,-0.008249,1.4,4.86,49.15,86.5,19657799,1600,-64,2.200,29720.00
2026-06-26T03:49:55.916Z,25399226,4,72,1549.17,11.42,UP,2,⬆️ LONG,-0.007855,2.32,6.13,51.36,79.1,20280059,1600,-51,2.088,29720.00
2026-06-26T04:01:17.628Z,25399283,4,76,1551.71,-6.46,DOWN,0,↔️ NEUTRAL,-0.007899,1.52,6.86,51.45,57.7,27182396,1600,-48,2.086,29720.00
2026-06-26T04:22:07.216Z,25399385,4,77,1550.57,-6.23,DOWN,1,↗️ LEAN LONG,-0.007766,0.99,5.06,53.07,26.3,12995025,1600,-49,2.087,29720.00
2026-06-26T05:27:42.092Z,25399710,4,85,1555.52,5.36,UP,2,⬆️ LONG,-0.006237,0.71,-5.11,49.58,38.4,531699,1600,-44,2.027,29720.00
2026-06-26T06:03:16.183Z,25399888,4,43,1547.25,-6.47,DOWN,0,↔️ NEUTRAL,-0.00511,0.09,-4.3,48.57,46.1,1213555,1600,-53,2.010,29720.00
2026-06-26T06:21:54.702Z,25399980,4,66,1549.81,5.01,UP,2,⬆️ LONG,-0.004006,0.06,-0.5,44.87,77.5,2179276,1600,-50,2.016,29720.00
2026-06-26T06:38:54.362Z,25400065,4,47,1563.00,6.09,UP,2,⬆️ LONG,-0.002804,0.62,1.14,49.11,38.6,4842800,1600,-37,2.002,29720.00
2026-06-26T07:18:17.010Z,25400261,3,28,1576.77,5.16,UP,-0.5,↘️ LEAN SHORT,-0.001442,1.95,2,56.72,3.8,6616718,1600,-23,2.031,29720.00
2026-06-26T07:33:30.706Z,25400337,4,52,1581.50,6.33,UP,-1.5,⬇️ SHORT,-0.000829,1.55,1.77,55.1,1.9,5741768,1600,-18,2.012,29720.00
2026-06-26T08:09:39.405Z,25400517,4,63,1569.01,-6.65,DOWN,0.5,↗️ LEAN LONG,-0.002493,-0.6,2.01,48.45,10.1,3081361,1600,-31,2.029,29720.00
2026-06-26T09:50:03.757Z,25401017,4,69,1554.14,-6.27,DOWN,-2,⬇️ SHORT,-0.000268,-0.62,0.7,49.72,86.0,1129983,1600,-46,1.820,29720.00
2026-06-26T10:40:21.145Z,25401267,4,45,1543.72,-7.85,DOWN,2,⬆️ LONG,-0.001372,-1.18,1.2,44.77,90.8,3896617,1600,-56,1.800,29720.00
2026-06-26T11:04:32.255Z,25401387,4,54,1550.68,5.67,UP,1,↗️ LEAN LONG,-0.001325,0.31,-0.31,48.36,83.5,1642232,1600,-49,1.755,29720.00
2026-06-26T11:19:28.934Z,25401462,4,72,1544.53,-5.11,DOWN,-1,↘️ LEAN SHORT,-0.001689,0.25,-1.26,48.19,79.5,1784213,1600,-55,1.756,29720.00
2026-06-26T11:54:31.453Z,25401637,4,50,1539.73,-5.03,DOWN,-1,↘️ LEAN SHORT,-0.001389,0.09,-0.57,47.68,79.6,1131710,1600,-60,1.751,29720.00
2026-06-26T12:35:17.521Z,25401840,4,28,1553.41,5.24,UP,2,⬆️ LONG,-0.00163,0.78,-0.02,51.2,57.0,1682242,1600,-47,1.754,29720.00
2026-06-26T12:46:35.263Z,25401893,4,63,1534.58,5.15,UP,1,↗️ LEAN LONG,-0.002992,-0.52,1.61,48.35,89.3,11450115,1600,-65,1.797,29720.00
2026-06-26T13:13:40.609Z,25402031,4,68,1535.53,5.86,UP,1,↗️ LEAN LONG,-0.003517,-0.11,0.55,49.71,82.4,11656801,1600,-64,1.759,29720.00
2026-06-26T13:23:50.066Z,25402081,4,90,1531.44,5.09,UP,1,↗️ LEAN LONG,-0.003701,-0.59,1.16,47.9,84.7,14688998,1600,-69,1.776,29720.00
2026-06-26T13:34:53.898Z,25402137,4,71,1531.47,-6.52,DOWN,-1,↘️ LEAN SHORT,-0.003691,-0.74,2.07,47.21,88.5,14022048,1600,-69,1.774,29720.00
2026-06-26T13:44:52.683Z,25402186,4,85,1544.29,5.56,UP,3,⬆️⬆️ STRONG LONG,-0.003479,2.09,-0.12,51.22,60.1,5474133,1600,-56,1.789,29720.00
2026-06-26T13:54:54.575Z,25402235,4,90,1551.23,8.66,UP,2,⬆️ LONG,-0.003317,1.41,-4.45,51.79,45.7,7179509,1600,-49,1.790,29720.00
2026-06-26T14:04:55.092Z,25402285,4,68,1562.83,-5.06,DOWN,1,↗️ LEAN LONG,-0.002527,1.33,-7.04,51.74,24.8,15228647,1600,-37,1.795,29720.00
2026-06-26T14:24:30.996Z,25402381,4,81,1563.86,6.06,UP,1,↗️ LEAN LONG,-0.002226,1.23,-11.5,52.31,7.5,12739131,1600,-36,1.766,29720.00
2026-06-26T14:34:25.290Z,25402431,3,60,1564.91,-7.41,DOWN,-1,↘️ LEAN SHORT,-0.0021,1.02,-12.97,52.27,7.9,13467695,1600,-35,1.756,29720.00
2026-06-26T14:48:19.076Z,25402501,4,59,1562.06,7.35,UP,3,⬆️⬆️ STRONG LONG,-0.002375,-0.41,-12.89,50.66,10.9,12761448,1600,-38,1.754,29720.00
2026-06-26T15:00:32.326Z,25402560,4,75,1558.24,5.98,UP,2,⬆️ LONG,-0.002246,-1.3,-9.98,49.28,37.2,4754328,1600,-42,1.756,29720.00
2026-06-26T15:10:19.390Z,25402610,4,64,1570.86,5.76,UP,1.5,⬆️ LONG,-0.001509,0.13,-6.76,51.84,38.2,3410392,1600,-29,1.756,29720.00
2026-06-26T15:25:19.325Z,25402685,4,76,1578.39,9.76,UP,1.5,⬆️ LONG,-0.000962,0.5,-5.23,53.07,21.0,5541725,1600,-22,1.756,29720.00
2026-06-26T15:39:15.870Z,25402755,4,70,1582.47,5.04,UP,-0.5,↘️ LEAN SHORT,-0.000104,1.69,-1.15,53.87,9.4,6930301,1600,-18,1.764,29720.00
2026-06-26T15:52:04.823Z,25402818,4,73,1572.86,-5.80,DOWN,-0.5,↘️ LEAN SHORT,0.000247,0.85,-0.77,51.27,19.3,8008343,1600,-27,1.807,29720.00
2026-06-26T16:02:08.067Z,25402868,4,81,1582.43,6.62,UP,1.5,⬆️ LONG,0.000481,1.59,0.55,51.56,16.0,10764022,1600,-18,1.835,29720.00
2026-06-26T16:21:31.682Z,25402965,4,82,1571.59,-7.62,DOWN,-0.5,↘️ LEAN SHORT,0.000991,0.1,1.08,51.17,20.6,9303779,1600,-28,1.838,29720.00
2026-06-26T16:35:31.439Z,25403035,4,73,1581.70,6.20,UP,-0.5,↘️ LEAN SHORT,0.001466,0.28,-0.21,51.12,35.3,5338795,1600,-18,1.848,29720.00
2026-06-26T17:10:08.756Z,25403207,4,63,1581.44,5.04,UP,0.5,↗️ LEAN LONG,0.002609,0.46,-1.06,50.3,20.3,1403722,1600,-19,1.784,29720.00
2026-06-26T17:38:06.618Z,25403346,3,44,1578.26,-5.75,DOWN,-2.5,⬇️ SHORT,0.003277,-0.1,-1.52,47.79,31.6,232649,1600,-22,1.780,29720.00
2026-06-26T18:30:46.143Z,25403608,3,58,1572.84,-5.27,DOWN,-3.5,⬇️⬇️ STRONG SHORT,0.003647,-1.04,-1.24,45.36,90.0,1401221,1600,-27,1.769,29720.00
2026-06-26T19:08:40.740Z,25403798,4,73,1574.38,5.75,UP,0.5,↗️ LEAN LONG,0.004192,-0.68,-0.86,45.54,98.5,2241836,1600,-26,1.747,29720.00
2026-06-26T20:04:07.345Z,25404074,4,66,1577.21,5.92,UP,0.5,↗️ LEAN LONG,0.004936,0.61,0.14,52.05,19.8,820460,1600,-23,1.737,29720.00
2026-06-26T20:31:50.652Z,25404213,4,36,1569.12,-6.18,DOWN,-2.5,⬇️ SHORT,0.005005,-0.27,-0.09,48.36,49.9,842315,1600,-31,1.687,29720.00
2026-06-26T22:04:27.693Z,25404673,4,67,1568.06,-5.81,DOWN,-3,⬇️⬇️ STRONG SHORT,0.002294,0.23,-0.97,52.73,8.9,242549,1600,-32,1.725,29720.00
2026-06-27T00:33:07.991Z,25405415,4,38,1570.28,-5.11,DOWN,-1.5,⬇️ SHORT,0.001029,-0.13,-0.69,50.88,61.7,336874,1575,-5,0.488,29720.00
2026-06-27T14:14:07.882Z,25409504,4,55,1593.55,5.28,UP,1.5,⬆️ LONG,-0.000472,0.39,-15.01,57.54,14.7,3153818,1575,19,0.456,29720.00
2026-06-27T15:11:29.963Z,25409789,4,43,1601.68,8.25,UP,-1.5,⬇️ SHORT,0.00114,0.65,-6.86,58.47,5.8,6990507,1575,27,0.455,29720.00
2026-06-27T15:39:50.982Z,25409931,4,78,1605.60,6.40,UP,-1.5,⬇️ SHORT,0.002138,1.18,-5.65,55.86,5.7,7522047,1575,31,0.481,29720.00
2026-06-27T17:02:29.723Z,25410342,4,23,1594.40,-9.00,DOWN,-0.5,↘️ LEAN SHORT,0.002782,-0.66,-6.27,45.92,93.4,355378,1575,19,0.501,29720.00
2026-06-27T19:25:03.736Z,25411054,4,57,1581.97,-6.48,DOWN,1.5,⬆️ LONG,0.000986,-0.17,-0.29,37.68,92.9,367106,1575,7,0.455,29720.00
2026-06-27T22:16:43.104Z,25411907,4,38,1563.87,-8.74,DOWN,2.5,⬆️ LONG,-0.003719,-0.88,2.35,42.81,98.4,4745436,1575,-11,0.480,29720.00
2026-06-27T23:15:42.559Z,25412202,3,58,1571.20,-6.09,DOWN,-0.5,↘️ LEAN SHORT,-0.003765,-0.73,5.68,48.56,86.3,9704633,1575,-4,0.512,29720.00
2026-06-28T02:22:17.787Z,25413132,4,31,1570.36,-5.59,DOWN,1,↗️ LEAN LONG,-0.00435,0.07,0.14,53.98,15.3,180958,1575,-5,0.921,29720.00
2026-06-28T05:28:38.876Z,25414063,3,41,1562.66,-6.11,DOWN,0,↔️ NEUTRAL,-0.002917,-0.73,1.46,44.2,89.4,880464,1575,-12,0.926,29720.00
2026-06-28T08:38:43.231Z,25415011,4,50,1579.49,6.83,UP,2,⬆️ LONG,-0.003418,0.2,1.92,57.95,20.0,1693518,1575,4,0.934,29720.00
2026-06-28T12:31:03.156Z,25416171,4,43,1585.30,7.61,UP,1,↗️ LEAN LONG,-0.001411,0.22,0.95,53.67,5.7,1210000,1575,10,0.891,29720.00
2026-06-28T13:03:30.517Z,25416333,4,36,1574.45,-6.14,DOWN,1,↗️ LEAN LONG,-0.001815,-0.4,1.12,50,15.3,1137412,1575,-1,0.889,29720.00
2026-06-28T15:11:31.755Z,25416970,3,34,1576.51,-5.12,DOWN,-3,⬇️⬇️ STRONG SHORT,0.001486,-0.16,-3.8,47.95,72.1,444575,1575,2,0.884,29720.00
2026-06-28T17:11:53.343Z,25417568,4,58,1567.84,-6.12,DOWN,0,↔️ NEUTRAL,0.000937,-0.41,0.34,48.43,90.1,2080926,1575,-7,0.875,29720.00
2026-06-28T17:37:52.324Z,25417696,4,58,1561.94,-5.36,DOWN,-1,↘️ LEAN SHORT,0.001434,-0.13,-1.27,51.58,95.2,2854249,1575,-13,0.866,29720.00
2026-06-28T19:48:55.291Z,25418346,4,52,1555.48,-10.39,DOWN,-1,↘️ LEAN SHORT,0.002737,-0.91,-1.86,53.29,98.2,4535868,1575,-20,0.850,29720.00
2026-06-28T20:14:29.274Z,25418474,3,12,1569.62,5.63,UP,1,↗️ LEAN LONG,0.00306,-0.12,-1.98,49.59,92.6,4922553,1575,-5,0.851,29720.00
2026-06-28T21:50:31.994Z,25418951,4,49,1559.33,-7.84,DOWN,0,↔️ NEUTRAL,0.001231,-0.95,-0.55,44.28,98.8,733032,1575,-16,0.843,29720.00
2026-06-28T22:00:54.856Z,25419003,4,54,1565.55,6.31,UP,2,⬆️ LONG,0.000888,-0.53,-0.78,46.55,98.2,1358579,1575,-9,0.855,29720.00
2026-06-28T22:11:53.896Z,25419058,4,69,1569.06,-5.84,DOWN,-2,⬇️ SHORT,0.001338,-0.47,2.09,51.1,54.6,2540024,1575,-6,0.855,29720.00
2026-06-28T22:23:30.030Z,25419116,4,11,1567.36,7.56,UP,1,↗️ LEAN LONG,0.000472,-0.58,1.15,51.92,66.5,4172252,1575,-8,0.853,29720.00
2026-06-28T22:53:19.463Z,25419264,4,56,1554.84,-5.32,DOWN,-2,⬇️ SHORT,0.000206,-0.44,3.22,50.16,72.6,5372270,1575,-20,0.839,29720.00
2026-06-28T23:03:29.265Z,25419315,4,70,1558.99,5.56,UP,0,↔️ NEUTRAL,-0.00015,-1.45,6.12,47.56,88.8,17708996,1575,-16,0.819,29720.00
2026-06-28T23:31:46.760Z,25419456,3,26,1570.57,6.47,UP,2,⬆️ LONG,-0.000172,-0.15,5.53,48.88,93.2,15330226,1575,-4,0.814,29720.00
2026-06-29T00:02:48.963Z,25419610,3,42,1564.61,-6.15,DOWN,-1,↘️ LEAN SHORT,-0.000371,0.19,3.79,52.16,32.2,1257040,1550,15,1.274,29720.00
2026-06-29T00:12:55.101Z,25419661,3,40,1567.59,6.35,UP,1,↗️ LEAN LONG,-0.000788,0.2,4.05,52.84,35.6,1231010,1550,18,1.275,29720.00
2026-06-29T00:31:54.313Z,25419756,3,30,1553.23,-7.09,DOWN,0,↔️ NEUTRAL,-0.001584,-1.03,5.41,49.49,61.2,2194027,1550,3,1.276,29720.00
2026-06-29T00:42:07.816Z,25419807,4,64,1559.69,5.15,UP,1,↗️ LEAN LONG,-0.002318,-0.5,5.97,49.09,89.9,2559317,1550,10,1.277,29720.00
2026-06-29T00:53:38.699Z,25419865,3,42,1562.50,5.04,UP,1,↗️ LEAN LONG,-0.002248,-0.09,6.36,49.78,87.3,2636331,1550,13,1.277,29720.00
2026-06-29T01:04:03.421Z,25419916,4,61,1565.47,-5.83,DOWN,0,↔️ NEUTRAL,-0.001997,0.42,7.27,49.7,68.8,2784046,1550,15,1.277,29720.00
2026-06-29T01:39:30.628Z,25420093,4,41,1565.99,5.09,UP,3,⬆️⬆️ STRONG LONG,-0.003273,0.99,3.8,51.29,11.1,1031025,1550,16,1.274,29720.00
2026-06-29T02:07:44.262Z,25420232,4,55,1561.79,-5.20,DOWN,1,↗️ LEAN LONG,-0.002995,-0.05,2.52,48.99,24.4,557774,1550,12,1.274,29720.00
2026-06-29T02:18:30.464Z,25420286,4,69,1555.81,5.13,UP,1.5,⬆️ LONG,-0.003803,0.41,4.45,50.34,65.9,1326340,1550,6,1.339,29720.00
2026-06-29T02:28:40.096Z,25420337,4,78,1570.44,6.72,UP,1.5,⬆️ LONG,-0.003341,0.78,5.15,49.81,57.7,1658148,1550,20,1.342,29720.00
2026-06-29T02:43:19.860Z,25420410,4,64,1574.50,5.10,UP,1.5,⬆️ LONG,-0.00338,0.61,6.08,49.46,56.7,1701779,1550,24,1.433,29720.00
2026-06-29T03:06:04.916Z,25420523,4,65,1582.18,7.06,UP,1,↗️ LEAN LONG,-0.003004,1.31,7.92,51.87,35.5,3251710,1550,32,1.456,29720.00
2026-06-29T03:39:02.870Z,25420686,4,67,1576.23,-5.09,DOWN,0.5,↗️ LEAN LONG,-0.002336,0.83,6.05,52.88,24.4,2708106,1550,26,1.462,29720.00
2026-06-29T05:05:40.111Z,25421119,4,53,1562.10,-9.32,DOWN,0.5,↗️ LEAN LONG,-0.002993,-1.08,0.87,45.09,97.7,1764772,1550,12,1.510,29720.00
2026-06-29T05:17:22.818Z,25421177,4,51,1566.75,5.48,UP,2.5,⬆️ LONG,-0.003179,-0.75,2.31,46.63,96.5,2281349,1550,17,1.517,29720.00
2026-06-29T05:44:51.417Z,25421314,4,42,1574.70,5.59,UP,0.5,↗️ LEAN LONG,-0.003154,0.03,1.38,48.82,78.8,2415081,1550,25,1.517,29720.00
2026-06-29T09:26:19.074Z,25422415,4,38,1569.76,-5.09,DOWN,-3.5,⬇️⬇️ STRONG SHORT,0.001348,-0.27,-0.4,47.77,80.4,523302,1550,20,1.529,29720.00
2026-06-29T10:10:07.349Z,25422634,4,29,1581.91,5.33,UP,0,↔️ NEUTRAL,0.002359,0.11,1.48,53.05,22.1,504254,1550,32,1.373,29720.00
2026-06-29T11:31:31.459Z,25423039,4,42,1576.97,6.39,UP,-1.5,⬇️ SHORT,0.00246,-0.49,0.86,52.53,80.4,538655,1550,27,1.341,29720.00
2026-06-29T12:03:07.700Z,25423197,4,51,1575.46,5.26,UP,0,↔️ NEUTRAL,0.001367,-0.27,3.24,53.89,63.8,1343317,1550,25,1.296,29720.00
2026-06-29T12:13:55.382Z,25423250,4,72,1592.19,7.38,UP,0.5,↗️ LEAN LONG,0.002272,0.98,8.19,52.66,16.8,6301385,1550,42,1.231,29720.00
2026-06-29T12:38:44.949Z,25423374,4,65,1575.27,-5.39,DOWN,-1,↘️ LEAN SHORT,0.002371,0.38,8.74,49.58,17.4,6202794,1550,25,1.231,29720.00
2026-06-29T12:52:05.799Z,25423441,4,50,1569.53,-6.42,DOWN,-1,↘️ LEAN SHORT,0.002073,-0.29,10.88,49.75,29.3,7303235,1550,20,1.257,29720.00
2026-06-29T13:03:29.409Z,25423498,4,46,1578.37,5.26,UP,1,↗️ LEAN LONG,0.002099,0.13,10.26,50.12,28.5,7288702,1550,28,1.258,29720.00
2026-06-29T13:14:16.234Z,25423551,4,45,1583.74,5.53,UP,-1.5,⬇️ SHORT,0.001763,-0.61,5.66,48.65,71.7,2508749,1550,34,1.256,29720.00
2026-06-29T13:24:18.640Z,25423601,4,45,1577.52,-5.74,DOWN,-3,⬇️⬇️ STRONG SHORT,0.001318,-0.7,4.49,49.72,82.1,2143585,1550,28,1.257,29720.00
2026-06-29T13:34:40.994Z,25423653,4,79,1579.01,9.63,UP,-1,↘️ LEAN SHORT,0.001102,-0.91,6.07,50.19,82.4,3249035,1550,29,1.260,29720.00
2026-06-29T13:53:13.505Z,25423744,3,55,1571.20,5.56,UP,0,↔️ NEUTRAL,0.000584,0.56,6.49,50.98,73.9,3078268,1550,21,1.233,29720.00
2026-06-29T14:08:33.964Z,25423821,4,59,1559.99,-5.78,DOWN,-2,⬇️ SHORT,0.000412,-0.46,7.4,50,83.2,3239006,1550,10,1.202,29720.00
2026-06-29T14:27:20.304Z,25423914,4,62,1566.37,5.64,UP,2,⬆️ LONG,0.000653,0.61,9.72,50.94,93.5,8532445,1550,16,1.135,29720.00
2026-06-29T14:44:30.734Z,25423999,4,64,1565.02,-5.57,DOWN,-3,⬇️⬇️ STRONG SHORT,0.00113,0.71,8.48,51.07,86.8,7006059,1550,15,1.126,29720.00
2026-06-29T14:54:40.273Z,25424050,4,71,1571.95,7.32,UP,1,↗️ LEAN LONG,0.001253,0.58,6.98,50.05,90.0,6822282,1550,22,1.130,29720.00
2026-06-29T15:05:55.905Z,25424106,4,72,1562.20,-5.50,DOWN,-3,⬇️⬇️ STRONG SHORT,0.001216,-0.33,6.41,48.56,89.9,6939030,1550,12,1.130,29720.00
2026-06-29T15:24:07.620Z,25424197,3,59,1561.25,-5.02,DOWN,-2,⬇️ SHORT,0.001077,-0.24,4,49.59,56.1,1647493,1550,11,1.136,29720.00
2026-06-29T15:39:15.653Z,25424272,4,68,1578.96,5.69,UP,0,↔️ NEUTRAL,0.001704,0.19,4.12,49.03,55.9,1644407,1550,29,1.126,29720.00
2026-06-29T15:54:18.173Z,25424346,4,61,1580.56,5.22,UP,0,↔️ NEUTRAL,0.001899,0.36,4.87,50.79,46.6,1656580,1550,31,1.125,29720.00
2026-06-29T16:45:07.554Z,25424599,4,74,1582.97,5.28,UP,0.5,↗️ LEAN LONG,0.003578,0.74,1.26,52.78,22.4,637154,1550,33,1.121,29720.00
2026-06-29T17:05:30.498Z,25424700,4,70,1591.03,8.13,UP,-1.5,⬇️ SHORT,0.00438,0.77,0,53.21,9.8,2058577,1550,41,1.122,29720.00
2026-06-29T17:15:43.937Z,25424751,4,80,1621.10,30.41,UP,-1.5,⬇️ SHORT,0.005868,2.09,4.61,55.9,3.8,20033302,1575,46,1.138,29720.00
2026-06-29T17:30:28.476Z,25424823,4,75,1624.98,5.12,UP,-0.5,↘️ LEAN SHORT,0.006879,2.88,8.47,54.24,2.8,28752335,1575,50,1.159,29720.00
2026-06-29T17:45:32.008Z,25424898,4,56,1627.31,5.71,UP,-0.5,↘️ LEAN SHORT,0.007435,2.58,9.66,53.61,3.4,29645391,1575,52,1.162,29720.00
2026-06-29T18:00:56.430Z,25424975,4,53,1622.56,-6.37,DOWN,-4.5,⬇️⬇️ STRONG SHORT,0.008055,2.25,11.04,53.7,3.6,30945262,1575,48,1.188,29720.00
2026-06-29T18:29:54.073Z,25425120,4,59,1616.91,-6.74,DOWN,-1.5,⬇️ SHORT,0.008493,-0.34,3.36,49.09,20.3,2747630,1575,42,1.213,29720.00
2026-06-30T00:30:08.401Z,25426916,4,36,1600.93,-5.19,DOWN,-2,⬇️ SHORT,0.003666,-0.64,-2.39,48.53,47.5,3109113,1575,26,1.096,29720.00
2026-06-30T01:41:17.004Z,25427271,4,44,1587.59,-6.90,DOWN,-3,⬇️⬇️ STRONG SHORT,0.00141,0.15,-0.31,47.87,85.2,1581761,1575,13,1.073,29720.00
2026-06-30T04:11:20.937Z,25428020,4,47,1577.34,-5.41,DOWN,0,↔️ NEUTRAL,0.000901,-0.7,-0.33,45.21,99.2,2647720,1575,2,1.094,30133.25
2026-06-30T07:09:54.154Z,25428907,3,29,1586.86,-5.43,DOWN,-3,⬇️⬇️ STRONG SHORT,0.003725,-1.62,-1,51.29,5.5,118709,1575,12,1.046,30194.00
2026-06-30T08:36:44.610Z,25429340,4,74,1581.03,-5.07,DOWN,0,↔️ NEUTRAL,0.005078,-0.66,-1.69,44.72,99.1,675721,1575,6,1.230,30194.00
2026-06-30T12:23:44.767Z,25430472,4,52,1564.90,-5.03,DOWN,0,↔️ NEUTRAL,0.004753,-0.48,-3.02,42.82,96.7,5426191,1575,-10,1.184,30194.00
2026-06-30T13:00:56.921Z,25430654,4,61,1550.80,-7.40,DOWN,-2,⬇️ SHORT,0.003676,-1.29,-4.87,41.31,86.8,15172611,1575,-24,1.148,30194.00
2026-06-30T13:34:30.970Z,25430820,4,75,1552.24,-5.33,DOWN,-3,⬇️⬇️ STRONG SHORT,0.002277,0.48,0.79,47.9,81.2,11295045,1575,-23,1.249,30194.00
2026-06-30T13:44:39.579Z,25430871,4,64,1556.09,5.04,UP,-1,↘️ LEAN SHORT,0.001746,0.4,3.01,47.33,81.8,13739919,1575,-19,1.263,30194.00
2026-06-30T13:54:53.772Z,25430921,4,74,1561.05,6.24,UP,-1,↘️ LEAN SHORT,0.001706,0.85,2.04,48.87,87.4,11846200,1575,-14,1.277,30194.00
2026-06-30T14:05:04.390Z,25430971,4,74,1569.16,5.00,UP,0,↔️ NEUTRAL,0.001511,1.05,2.22,53.68,47.1,7683578,1575,-6,1.282,30194.00
2026-06-30T14:38:42.316Z,25431139,4,68,1564.44,-5.50,DOWN,-1,↘️ LEAN SHORT,0.001445,0.37,-0.84,51.75,17.0,4500285,1575,-11,1.180,30194.00
2026-06-30T14:49:21.280Z,25431192,3,61,1562.38,-6.10,DOWN,-1,↘️ LEAN SHORT,0.001599,-0.21,-0.51,51.51,23.0,4407853,1575,-13,1.180,30194.00
2026-06-30T15:06:08.066Z,25431275,4,54,1557.04,-5.58,DOWN,-3,⬇️⬇️ STRONG SHORT,0.002256,-0.6,-1.41,46.59,83.3,1673055,1575,-18,1.253,30194.00
2026-06-30T15:22:01.041Z,25431354,3,59,1563.90,5.69,UP,-1,↘️ LEAN SHORT,0.002756,0,-0.06,47.55,79.9,2024924,1575,-11,1.254,30194.00
2026-06-30T15:46:43.297Z,25431477,4,66,1570.70,9.16,UP,0,↔️ NEUTRAL,0.003024,0.61,0.48,51.03,56.8,2145955,1575,-4,1.255,30194.00
2026-06-30T16:15:55.689Z,25431623,4,60,1562.06,-6.59,DOWN,-1,↘️ LEAN SHORT,0.003263,-0.19,-0.38,51.58,10.2,1448694,1575,-13,1.257,30194.00
2026-06-30T16:40:43.308Z,25431746,4,79,1566.62,5.02,UP,1,↗️ LEAN LONG,0.00346,0.12,-0.53,50.73,20.6,1602701,1575,-8,1.233,30194.00
