log_time,exchange,symbol,price,usd_value,side,event_time
2026-06-20T00:10:07.990Z,BINANCE,ETHUSDT,1708.19,1293.09983,1,1781914193557
2026-06-20T00:15:43.516Z,BINANCE,ETHUSDT,1709.06,76506.0709,1,1781914516606
2026-06-20T00:16:56.648Z,BINANCE,ETHUSDT,1709.66,1201.89098,2,1781914566318
2026-06-20T00:18:04.551Z,BINANCE,ETHUSDT,1708.75,5896.89625,2,1781914680571
2026-06-20T00:19:07.419Z,BINANCE,ETHUSDT,1708.74,3725.0532,1,1781914688070
2026-06-20T00:20:15.669Z,BINANCE,ETHUSDT,1708.45,8542.25,2,1781914751104
2026-06-20T00:28:18.878Z,BINANCE,ETHUSDC,1708.85,92277.9,1,1781915270562
2026-06-20T00:28:18.878Z,BINANCE,ETHUSDT,1710.33,5914.32114,1,1781915270482
2026-06-20T00:28:18.878Z,BINANCE,ETHUSDC,1708.66,2125.57304,1,1781915253090
2026-06-20T00:30:30.075Z,BINANCE,ETHUSDT,1711.21,4574.06433,2,1781915371860
2026-06-20T00:32:50.970Z,BINANCE,ETHUSDT,1712.27,114.72209,2,1781915538796
2026-06-20T00:35:06.916Z,BINANCE,ETHUSDC,1714.96,154.3464,2,1781915695914
2026-06-20T00:35:06.916Z,BINANCE,ETHUSDT,1716.25,51487.5,2,1781915695737
2026-06-20T00:35:06.916Z,BINANCE,ETHUSDT,1716.03,26255.259,2,1781915694663
2026-06-20T00:35:06.916Z,BINANCE,ETHUSDT,1716.19,30374.84681,2,1781915694164
2026-06-20T00:35:06.916Z,BINANCE,ETHUSDC,1714.95,4338.8235,2,1781915694138
2026-06-20T00:35:06.916Z,BINANCE,ETHUSDT,1713.71,342.742,2,1781915687583
2026-06-20T00:35:06.916Z,BINANCE,ETHUSDT,1713.36,820.69944,2,1781915683458
2026-06-20T00:35:06.916Z,BINANCE,ETHUSDT,1712.68,1370.144,2,1781915679007
2026-06-20T00:36:20.010Z,BINANCE,ETHUSDT,1715.34,3159.65628,2,1781915743576
2026-06-20T00:46:26.885Z,BINANCE,ETHUSDT,1709.43,620.52309,2,1781916345627
2026-06-20T00:52:07.306Z,BINANCE,ETHUSDT,1709,5019.333,2,1781916698349
2026-06-20T01:05:17.710Z,BINANCE,ETHUSDT,1707.21,536.06394,1,1781917474276
2026-06-20T01:05:17.710Z,BINANCE,ETHUSDT,1707.5,24552.1425,1,1781917454151
2026-06-20T01:34:26.754Z,BINANCE,ETHUSDT,1710.33,8992.91514,2,1781919211174
2026-06-20T01:39:57.291Z,BINANCE,ETHUSDT,1711.99,544.41282,2,1781919538595
2026-06-20T02:16:39.365Z,BINANCE,ETHUSDT,1705.7,5947.7759,1,1781921731864
2026-06-20T02:17:42.159Z,BINANCE,ETHUSDT,1705.1,2987.3352,1,1781921851828
2026-06-20T02:17:42.159Z,BINANCE,ETHUSDT,1705.1,12055.057,1,1781921847611
2026-06-20T02:17:42.159Z,BINANCE,ETHUSDT,1705.21,497.92132,1,1781921839183
2026-06-20T02:17:42.159Z,BINANCE,ETHUSDT,1705.38,170.538,1,1781921834190
2026-06-20T02:18:55.332Z,BINANCE,ETHUSDT,1704.08,460.1016,1,1781921931665
2026-06-20T02:18:55.332Z,BINANCE,ETHUSDT,1704.21,1649.67528,1,1781921921339
2026-06-20T02:18:55.332Z,BINANCE,ETHUSDT,1704.53,852.265,1,1781921903174
2026-06-20T02:18:55.332Z,BINANCE,ETHUSDT,1704.53,148.29411,1,1781921900244
2026-06-20T02:18:55.332Z,BINANCE,ETHUSDT,1704.91,1060.45402,1,1781921894707
2026-06-20T02:18:55.332Z,BINANCE,ETHUSDT,1704.7,2534.8889,1,1781921893319
2026-06-20T02:24:30.605Z,BINANCE,ETHUSDT,1703.6,238.504,1,1781922237518
2026-06-20T02:29:07.612Z,BINANCE,ETHUSDC,1702.02,9190.908,1,1781922537153
2026-06-20T02:29:07.612Z,BINANCE,ETHUSDT,1703.27,371.31286,1,1781922535122
2026-06-20T02:41:20.443Z,BINANCE,ETHUSDT,1705.88,150.11744,2,1781923274469
2026-06-20T02:48:18.673Z,BINANCE,ETHUSDT,1706.69,655.36896,1,1781923682567
2026-06-20T02:51:42.748Z,BINANCE,ETHUSDT,1706.38,743.98168,1,1781923852413
2026-06-20T02:51:42.748Z,BINANCE,ETHUSDT,1706.48,32574.99672,1,1781923850223
2026-06-20T03:09:29.630Z,BINANCE,ETHUSDT,1704.43,845.39728,1,1781924967290
2026-06-20T03:10:32.640Z,BINANCE,ETHUSDT,1705.39,1091.4496,2,1781925015747
2026-06-20T03:10:32.640Z,BINANCE,ETHUSDT,1705.38,2645.04438,1,1781925013407
2026-06-20T03:10:32.640Z,BINANCE,ETHUSDC,1704.06,160.18164,1,1781925010177
2026-06-20T03:10:32.640Z,BINANCE,ETHUSDT,1705.39,208.05758,2,1781925010176
2026-06-20T03:10:32.640Z,BINANCE,ETHUSDT,1705.1,5988.3112,1,1781925003309
2026-06-20T03:42:14.759Z,BINANCE,ETHUSDT,1707.92,999.1332,2,1781926927632
2026-06-20T04:11:39.162Z,BINANCE,ETHUSDT,1707.28,143.41152,1,1781928677173
2026-06-20T04:20:17.807Z,BINANCE,ETHUSDT,1708.98,184.56984,2,1781929169361
2026-06-20T04:21:20.678Z,BINANCE,ETHUSDT,1709.3,899.0918,2,1781929219289
2026-06-20T04:25:42.729Z,BINANCE,ETHUSDT,1710.26,1357.94644,2,1781929516582
2026-06-20T04:25:42.729Z,BINANCE,ETHUSDT,1709.9,596.7551,2,1781929504057
2026-06-20T04:26:55.868Z,BINANCE,ETHUSDT,1711.48,44212.66284,2,1781929602364
2026-06-20T04:26:55.868Z,BINANCE,ETHUSDT,1711.21,124.91833,2,1781929574395
2026-06-20T04:26:55.868Z,BINANCE,ETHUSDT,1711.21,13361.12768,2,1781929572302
2026-06-20T04:26:55.868Z,BINANCE,ETHUSDT,1710.62,195.01068,2,1781929568219
2026-06-20T04:29:06.458Z,BINANCE,ETHUSDT,1712.15,89422.1702,2,1781929740428
2026-06-20T04:29:06.458Z,BINANCE,ETHUSDT,1711.89,1107.59283,2,1781929705175
2026-06-20T04:29:06.458Z,BINANCE,ETHUSDT,1711.81,256.7715,2,1781929703495
2026-06-20T04:29:06.458Z,BINANCE,ETHUSDT,1711.62,1502.80236,2,1781929689624
2026-06-20T04:30:19.853Z,BINANCE,ETHUSDT,1713.01,2059.03802,2,1781929807649
2026-06-20T04:41:29.502Z,BINANCE,ETHUSDT,1714.79,188.6269,2,1781930485563
2026-06-20T04:41:29.502Z,BINANCE,ETHUSDT,1714.72,1292.89888,2,1781930484177
2026-06-20T04:41:29.502Z,BINANCE,ETHUSDT,1714.23,2134.21635,2,1781930479407
2026-06-20T04:41:29.502Z,BINANCE,ETHUSDT,1713.62,5973.67932,2,1781930471773
2026-06-20T04:41:29.502Z,BINANCE,ETHUSDT,1713.62,34406.06236,2,1781930471111
2026-06-20T04:42:52.726Z,BINANCE,ETHUSDT,1714.55,68582,2,1781930529461
2026-06-20T04:42:52.726Z,BINANCE,ETHUSDT,1714.96,428.74,2,1781930501135
2026-06-20T04:42:52.726Z,BINANCE,ETHUSDT,1714.73,157.75516,2,1781930497471
2026-06-20T04:42:52.726Z,BINANCE,ETHUSDT,1714.73,1714.73,2,1781930495566
2026-06-20T05:01:05.415Z,BINANCE,ETHUSDT,1713.39,2546.09754,2,1781931607384
2026-06-20T05:07:43.245Z,BINANCE,ETHUSDT,1717.57,5436.10905,2,1781932059395
2026-06-20T05:07:43.245Z,BINANCE,ETHUSDT,1717.39,482.58659,2,1781932056490
2026-06-20T05:07:43.245Z,BINANCE,ETHUSDT,1717.74,38003.27976,2,1781932053707
2026-06-20T05:07:43.245Z,BINANCE,ETHUSDT,1717.7,8588.5,2,1781932051774
2026-06-20T05:07:43.245Z,BINANCE,ETHUSDT,1717.7,8737.9399,2,1781932051440
2026-06-20T05:07:43.245Z,BINANCE,ETHUSDC,1716.36,10437.18516,2,1781932050173
2026-06-20T05:07:43.245Z,BINANCE,ETHUSDT,1717.66,10058.61696,2,1781932049623
2026-06-20T05:07:43.245Z,BINANCE,ETHUSDT,1717.57,24106.09495,2,1781932048784
2026-06-20T05:07:43.245Z,BINANCE,ETHUSDT,1717.35,1925.14935,2,1781932048121
2026-06-20T05:07:43.245Z,BINANCE,ETHUSDT,1716.66,1773.30978,2,1781932046177
2026-06-20T05:07:43.245Z,BINANCE,ETHUSDT,1716.46,391.35288,2,1781932039838
2026-06-20T05:07:43.245Z,BINANCE,ETHUSDT,1716.41,768.95168,2,1781932037536
2026-06-20T05:07:43.245Z,BINANCE,ETHUSDT,1716.08,171.608,2,1781932036339
2026-06-20T05:07:43.245Z,BINANCE,ETHUSDT,1715.86,538.78004,2,1781932012814
2026-06-20T05:07:43.245Z,BINANCE,ETHUSDT,1715.98,12859.55412,2,1781932011525
2026-06-20T05:07:43.245Z,BINANCE,ETHUSDT,1715.25,552.3105,2,1781932008525
2026-06-20T05:08:51.322Z,BINANCE,ETHUSDT,1717.42,767.68674,2,1781932115097
2026-06-20T05:10:57.807Z,BINANCE,ETHUSDT,1725.95,76224.8558,2,1781932218724
2026-06-20T05:10:57.807Z,BINANCE,ETHUSDT,1725.32,202526.6882,2,1781932218418
2026-06-20T05:10:57.807Z,BINANCE,ETHBTC,0.027028,5750.73015397,2,1781932218396
2026-06-20T05:10:57.807Z,BINANCE,ETHUSDC,1725.1,69547.4065,2,1781932218201
2026-06-20T05:10:57.807Z,BINANCE,ETHUSDT_260626,1729.68,7501.62216,2,1781932218110
2026-06-20T05:10:57.807Z,BINANCE,ETHUSDC,1727.41,689853.27537,2,1781932216644
2026-06-20T05:10:57.807Z,BINANCE,ETHUSDT,1729.82,349631.2184,2,1781932216231
2026-06-20T05:10:57.807Z,BINANCE,ETHUSD_PERP,1729.09,2970,1,1781932215734
2026-06-20T05:10:57.807Z,BINANCE,ETHUSDC,1727.06,28667.46894,2,1781932215337
2026-06-20T05:10:57.807Z,BINANCE,ETHUSDT,1728.56,1382848,2,1781932215191
2026-06-20T05:10:57.807Z,BINANCE,ETHUSDT,1727.73,194462.92242,2,1781932214228
2026-06-20T05:10:57.807Z,BINANCE,ETHUSDC,1724.39,3448.78,2,1781932214010
2026-06-20T05:10:57.807Z,BINANCE,ETHUSDT,1725.58,102967.08418,2,1781932213528
2026-06-20T05:10:57.807Z,BINANCE,ETHUSDC,1724.28,127.59672,2,1781932213236
2026-06-20T05:10:57.807Z,BINANCE,ETHUSD_PERP,1725.2,300,2,1781932213104
2026-06-20T05:10:57.807Z,BINANCE,ETHUSDT,1717.76,1212.73856,1,1781932209299
2026-06-20T05:10:57.807Z,BINANCE,ETHUSDT,1717.31,999.47442,2,1781932203471
2026-06-20T05:10:57.807Z,BINANCE,ETHUSDC,1716.08,2913.90384,2,1781932201260
2026-06-20T05:15:30.677Z,BINANCE,ETHUSDC,1729.68,13837.44,2,1781932442811
2026-06-20T05:15:30.677Z,BINANCE,ETHUSD_PERP,1729.6,1600,2,1781932440184
2026-06-20T05:15:30.677Z,BINANCE,ETHUSDT_260626,1734.94,2741.2052,2,1781932439269
2026-06-20T05:15:30.677Z,BINANCE,ETHUSDC,1730.41,2067.83995,2,1781932439110
2026-06-20T05:15:30.677Z,BINANCE,ETHUSDT,1730.07,30350.61801,2,1781932438717
2026-06-20T05:15:30.677Z,BINANCE,ETHUSDT,1728.95,1825.7712,2,1781932428490
2026-06-20T05:15:30.677Z,BINANCE,ETHUSDC,1725.25,1335.3435,2,1781932393244
2026-06-20T05:15:30.677Z,BINANCE,ETHUSDT,1726.72,259.008,2,1781932289068
2026-06-20T05:15:30.677Z,BINANCE,ETHUSDT,1727.7,4004.8086,2,1781932287628
2026-06-20T05:15:30.677Z,BINANCE,ETHUSDC,1725.67,3430.63196,2,1781932279092
2026-06-20T05:17:52.080Z,BINANCE,ETHUSDT,1725.5,719.5335,1,1781932635097
2026-06-20T05:21:52.113Z,BINANCE,ETHUSDT,1723.83,196.51662,1,1781932886602
2026-06-20T05:29:38.985Z,BINANCE,ETHUSDT,1720.9,1440.3933,1,1781933351642
2026-06-20T05:34:06.055Z,BINANCE,ETHUSDT,1724.4,608.7132,2,1781933575127
2026-06-20T06:08:05.576Z,BINANCE,ETHUSDT,1726.25,9475.38625,2,1781935652106
2026-06-20T06:23:53.896Z,BINANCE,ETHUSDT,1728.89,18589.02528,2,1781936617412
2026-06-20T06:23:53.896Z,BINANCE,ETHUSDT,1729,150.423,2,1781936600365
2026-06-20T06:23:53.896Z,BINANCE,ETHUSDT,1728.65,3457.3,2,1781936584123
2026-06-20T06:23:53.896Z,BINANCE,ETHUSDT,1728.16,179.72864,2,1781936573584
2026-06-20T06:40:54.034Z,BINANCE,ETHUSDT,1724.82,3078.8037,2,1781937610148
2026-06-20T06:45:31.136Z,BINANCE,ETHUSDT,1725.6,23412.9408,1,1781937909260
2026-06-20T06:55:38.811Z,BINANCE,ETHUSDT,1727.15,430.06035,2,1781938507426
2026-06-20T07:03:27.128Z,BINANCE,ETHUSDT,1725,1267.875,2,1781938999320
2026-06-20T07:07:53.965Z,BINANCE,ETHUSDT,1722.39,1720.66761,1,1781939229513
2026-06-20T07:11:28.591Z,BINANCE,ETHUSDT,1724.96,809.00624,2,1781939479546
2026-06-20T07:19:14.912Z,BINANCE,ETHUSDT,1725.37,1326.80953,1,1781939903629
2026-06-20T07:20:18.006Z,BINANCE,ETHUSDT,1726.07,434.96964,2,1781939976612
2026-06-20T07:24:51.319Z,BINANCE,ETHUSDT,1726.97,169.24306,2,1781940226221
2026-06-20T07:30:42.598Z,BINANCE,ETHUSDT,1728.21,231.58014,2,1781940620344
2026-06-20T07:52:04.945Z,BINANCE,ETHUSDT,1725.67,862.835,2,1781941899369
2026-06-20T07:54:27.835Z,BINANCE,ETHUSDT,1725.01,931.5054,1,1781942010581
2026-06-20T07:55:30.723Z,BINANCE,ETHUSDT,1724.66,101.75494,1,1781942068150
2026-06-20T08:00:02.826Z,BINANCE,ETHUSDT,1724.99,2709.95929,1,1781942399085
2026-06-20T08:03:26.916Z,BINANCE,ETHUSDT,1722.57,4955.83389,1,1781942590605
2026-06-20T08:03:26.916Z,BINANCE,ETHUSDT,1722.77,40381.7288,1,1781942583537
2026-06-20T08:32:54.585Z,BINANCE,ETHUSDT,1721.9,575.1146,1,1781944354420
2026-06-20T08:32:54.585Z,BINANCE,ETHUSDT,1721.9,3535.0607,1,1781944353180
2026-06-20T08:32:54.585Z,BINANCE,ETHUSDT,1721.91,49821.74394,1,1781944346542
2026-06-20T08:38:39.339Z,BINANCE,ETHUSDT,1721.41,73838.16054,1,1781944676538
2026-06-20T08:38:39.339Z,BINANCE,ETHUSDT,1721.67,685.22466,1,1781944670454
2026-06-20T08:38:39.339Z,BINANCE,ETHUSDT,1721.69,323.67772,1,1781944668171
2026-06-20T08:40:50.389Z,BINANCE,ETHUSDT_260626,1724.57,6865.51317,1,1781944806492
2026-06-20T08:49:40.827Z,BINANCE,ETHUSDT,1721.56,769.53732,2,1781945377612
2026-06-20T08:53:07.246Z,BINANCE,ETHUSDT,1720.6,774.27,1,1781945526399
2026-06-20T08:53:07.246Z,BINANCE,ETHUSDT,1720.6,2088.8084,1,1781945525082
2026-06-20T09:04:17.546Z,BINANCE,ETHUSDT,1724.64,4975.5864,2,1781946244252
2026-06-20T09:07:46.571Z,BINANCE,ETHUSDT,1726.5,102288.219,2,1781946409245
2026-06-20T09:07:46.571Z,BINANCE,ETHUSDT,1725.64,217.43064,2,1781946403396
2026-06-20T09:37:16.061Z,BINANCE,ETHUSDT,1726.03,1726.03,2,1781948215345
2026-06-20T09:38:18.938Z,BINANCE,ETHUSDT,1729.25,1168.973,2,1781948261270
2026-06-20T09:38:18.938Z,BINANCE,ETHUSDT,1729.25,1743.084,2,1781948260419
2026-06-20T09:38:18.938Z,BINANCE,ETHUSDT,1729.01,243.79041,2,1781948254321
2026-06-20T09:38:18.938Z,BINANCE,ETHUSDT,1728.13,12278.36365,2,1781948251498
2026-06-20T09:38:18.938Z,BINANCE,ETHUSDT,1727.39,2043.50237,2,1781948240858
2026-06-20T09:54:16.552Z,BINANCE,ETHUSDT,1728.71,860.89758,2,1781949226375
2026-06-20T09:56:32.407Z,BINANCE,ETHUSDT,1728.56,11776.67928,2,1781949349565
2026-06-20T09:56:32.407Z,BINANCE,ETHUSDT,1728.56,14398.9048,2,1781949345485
2026-06-20T09:56:32.407Z,BINANCE,ETHUSDT,1728.61,172.861,1,1781949344131
2026-06-20T09:56:32.407Z,BINANCE,ETHUSDT,1728.61,364.73671,1,1781949343505
2026-06-20T09:56:32.407Z,BINANCE,ETHUSDT,1728.56,34571.2,2,1781949340284
2026-06-20T09:56:32.407Z,BINANCE,ETHUSDT,1728.56,20241.4376,2,1781949337740
2026-06-20T10:05:30.940Z,BINANCE,ETHUSDT,1727.07,863.535,1,1781949901368
2026-06-20T10:11:16.087Z,BINANCE,ETHUSDT,1725.89,8006.40371,2,1781950272297
2026-06-20T10:14:29.576Z,BINANCE,ETHUSDT,1726.44,31374.59412,1,1781950405141
2026-06-20T10:16:45.484Z,BINANCE,ETHUSDT,1726.76,26421.15476,2,1781950574484
2026-06-20T10:20:04.431Z,BINANCE,ETHUSDT,1728.32,3449.72672,1,1781950792377
2026-06-20T10:21:17.579Z,BINANCE,ETHUSDT,1728.1,383.6382,1,1781950818503
2026-06-20T10:24:51.685Z,BINANCE,ETHUSDT,1726.74,1036.044,2,1781951074469
2026-06-20T10:24:51.685Z,BINANCE,ETHUSDT,1726.49,3104.22902,1,1781951070848
2026-06-20T10:24:51.685Z,BINANCE,ETHUSDT,1726.49,15531.50404,1,1781951067429
2026-06-20T10:24:51.685Z,BINANCE,ETHUSDT,1726.69,431.6725,2,1781951051259
2026-06-20T10:25:54.718Z,BINANCE,ETHUSDT,1727.1,1240.0578,1,1781951133710
2026-06-20T10:30:31.994Z,BINANCE,ETHUSDT,1727.3,50267.8846,2,1781951406132
2026-06-20T10:30:31.994Z,BINANCE,ETHUSDT,1727.3,37518.6833,2,1781951404415
2026-06-20T10:31:39.974Z,BINANCE,ETHUSDT,1727.14,2253.9177,2,1781951448686
2026-06-20T10:31:39.974Z,BINANCE,ETHUSDT,1726.72,7228.04992,1,1781951444807
2026-06-20T10:31:39.974Z,BINANCE,ETHUSDT,1726.73,2123.8779,2,1781951442649
2026-06-20T10:31:39.974Z,BINANCE,ETHUSDC,1725.89,8629.45,2,1781951439893
2026-06-20T10:32:42.853Z,BINANCE,ETHUSDT,1726.69,3177.1096,1,1781951541221
2026-06-20T10:32:42.853Z,BINANCE,ETHUSDT,1726.7,10116.7353,2,1781951536124
2026-06-20T10:32:42.853Z,BINANCE,ETHUSDT,1726.69,196.84266,1,1781951534666
2026-06-20T10:32:42.853Z,BINANCE,ETHUSDT,1726.69,533.54721,1,1781951532570
2026-06-20T10:37:19.771Z,BINANCE,ETHUSDT,1724.54,301.7945,1,1781951819510
2026-06-20T10:37:19.771Z,BINANCE,ETHUSDT,1724.66,267.3223,1,1781951817443
2026-06-20T10:37:19.771Z,BINANCE,ETHUSDT,1724.66,10461.78756,1,1781951816237
2026-06-20T10:37:19.771Z,BINANCE,ETHUSDT,1724.66,2297.24712,1,1781951814105
2026-06-20T10:37:19.771Z,BINANCE,ETHUSDT,1724.66,591.55838,1,1781951812328
2026-06-20T10:41:39.560Z,BINANCE,ETHUSDT,1725.48,498.66372,2,1781952066209
2026-06-20T10:49:26.434Z,BINANCE,ETHUSDT,1726.86,8138.69118,2,1781952553541
2026-06-20T10:56:19.280Z,BINANCE,ETHUSDT,1727.27,5382.17332,2,1781952906084
2026-06-20T11:51:45.108Z,BINANCE,ETHUSDT,1730.01,117.64068,2,1781956288729
2026-06-20T11:51:45.108Z,BINANCE,ETHUSDT,1730.29,19640.52179,2,1781956286697
2026-06-20T11:51:45.108Z,BINANCE,ETHUSDT,1729.9,4134.461,2,1781956285482
2026-06-20T11:51:45.108Z,BINANCE,ETHUSDT,1729.72,29592.04976,2,1781956282561
2026-06-20T11:51:45.108Z,BINANCE,ETHUSDT,1729.62,81840.42954,2,1781956280126
2026-06-20T11:51:45.108Z,BINANCE,ETHUSDT,1729.56,4035.06348,2,1781956278575
2026-06-20T11:51:45.108Z,BINANCE,ETHUSDT,1729.33,2006.0228,2,1781956270657
2026-06-20T12:26:50.448Z,BINANCE,ETHUSDT,1728.52,29139.39016,2,1781958405360
2026-06-20T12:33:18.230Z,BINANCE,ETHUSDT,1726.96,407.56256,1,1781958771753
2026-06-20T12:36:42.157Z,BINANCE,ETHUSDT,1724.43,896.7036,1,1781958998139
2026-06-20T12:37:55.235Z,BINANCE,ETHUSDT,1724.24,5777.92824,1,1781959000672
2026-06-20T12:40:17.458Z,BINANCE,ETHUSDT,1723.56,2805.95568,1,1781959170634
2026-06-20T12:42:43.434Z,BINANCE,ETHUSDT,1723.95,1992.8862,1,1781959334346
2026-06-20T12:51:43.107Z,BINANCE,ETHUSDT,1723.5,1290.9015,1,1781959887275
2026-06-20T12:51:43.107Z,BINANCE,ETHUSDT,1723.59,308.52261,1,1781959885154
2026-06-20T12:52:56.362Z,BINANCE,ETHUSDT,1723.14,155.0826,1,1781959910484
2026-06-20T13:18:50.948Z,BINANCE,ETHUSDT,1724.82,3953.28744,2,1781961508993
2026-06-20T13:19:53.626Z,BINANCE,ETHUSDT,1724.03,601.68647,1,1781961567592
2026-06-20T13:20:56.627Z,BINANCE,ETHUSDT,1721.11,2986.12585,1,1781961645942
2026-06-20T13:20:56.627Z,BINANCE,ETHUSDT,1721.5,32565.6155,1,1781961633031
2026-06-20T13:20:56.627Z,BINANCE,ETHUSDT,1721.75,215.21875,1,1781961608364
2026-06-20T13:20:56.627Z,BINANCE,ETHUSDT,1721.75,44886.0225,1,1781961606634
2026-06-20T13:20:56.627Z,BINANCE,ETHUSDT,1721.87,20781.24903,1,1781961604530
2026-06-20T13:20:56.627Z,BINANCE,ETHUSDT,1721.96,13934.10032,1,1781961603362
2026-06-20T13:20:56.627Z,BINANCE,ETHUSDT,1722.7,4728.8115,1,1781961596289
2026-06-20T13:22:04.655Z,BINANCE,ETHUSDT,1720.43,1173.33326,1,1781961720682
2026-06-20T13:22:04.655Z,BINANCE,ETHUSDT,1720.3,57710.9041,1,1781961720441
2026-06-20T13:22:04.655Z,BINANCE,ETHUSDT,1720.71,3981.72294,1,1781961713522
2026-06-20T13:23:17.625Z,BINANCE,ETHUSDT,1718.38,199.33208,1,1781961782426
2026-06-20T13:23:17.625Z,BINANCE,ETHUSDT,1718.83,2672.78065,1,1781961748498
2026-06-20T13:23:17.625Z,BINANCE,ETHUSDT,1718.68,1866.48648,1,1781961747292
2026-06-20T13:23:17.625Z,BINANCE,ETHUSDT,1718.94,13562.4366,1,1781961743410
2026-06-20T13:23:17.625Z,BINANCE,ETHUSDT,1718.85,596.44095,1,1781961741293
2026-06-20T13:23:17.625Z,BINANCE,ETHUSDC,1718.18,3816.07778,1,1781961738527
2026-06-20T13:23:17.625Z,BINANCE,ETHUSDT,1719.28,242.41848,1,1781961736367
2026-06-20T13:23:17.625Z,BINANCE,ETHUSDT,1719.59,4331.64721,1,1781961731354
2026-06-20T13:23:17.625Z,BINANCE,ETHUSDT,1719.34,1633.373,1,1781961730484
2026-06-20T13:23:17.625Z,BINANCE,ETHUSDT,1719.97,180.59685,1,1781961726551
2026-06-20T13:23:17.625Z,BINANCE,ETHUSDT,1719.87,3819.83127,1,1781961725460
2026-06-20T13:23:17.625Z,BINANCE,ETHUSDT,1719.73,21831.97235,1,1781961724469
2026-06-20T13:23:17.625Z,BINANCE,ETHUSDT,1719.82,1642.4281,1,1781961722658
2026-06-20T13:24:31.182Z,BINANCE,ETHUSDC,1713.52,3989.07456,1,1781961857529
2026-06-20T13:24:31.182Z,BINANCE,ETHUSDT,1714.23,443.98557,1,1781961857165
2026-06-20T13:24:31.182Z,BINANCE,ETHUSDT,1713.71,149995.89517,1,1781961854824
2026-06-20T13:24:31.182Z,BINANCE,ETHUSDC,1712.52,1113.138,1,1781961854768
2026-06-20T13:24:31.182Z,BINANCE,ETHUSDT,1714.17,569035.8732,1,1781961853625
2026-06-20T13:24:31.182Z,BINANCE,ETHUSDC,1712.74,500380.41648,1,1781961853625
2026-06-20T13:24:31.182Z,BINANCE,ETHUSDT,1714.28,201227.32924,1,1781961853184
2026-06-20T13:24:31.182Z,BINANCE,ETHUSDC,1715.31,1543.779,1,1781961850113
2026-06-20T13:24:31.182Z,BINANCE,ETHUSDC,1715.32,49727.1268,1,1781961846485
2026-06-20T13:24:31.182Z,BINANCE,ETHUSDT,1716.64,72919.43392,1,1781961846377
2026-06-20T13:24:31.182Z,BINANCE,ETHUSDT,1716.64,19876.97456,1,1781961844785
2026-06-20T13:24:31.182Z,BINANCE,ETHUSDT,1717.16,714.33856,1,1781961841226
2026-06-20T13:24:31.182Z,BINANCE,ETHUSDC,1716,229.944,1,1781961839085
2026-06-20T13:24:31.182Z,BINANCE,ETHUSDT,1717.36,3915.5808,1,1781961834408
2026-06-20T13:24:31.182Z,BINANCE,ETHUSDT,1717.23,233.54328,1,1781961820509
2026-06-20T13:24:31.182Z,BINANCE,ETHUSD_PERP,1715.73,100,1,1781961819277
2026-06-20T13:24:31.182Z,BINANCE,ETHUSDT,1717.43,60297.24987,1,1781961817525
2026-06-20T13:24:31.182Z,BINANCE,ETHUSDT,1717.55,12196.32255,1,1781961813142
2026-06-20T13:24:31.182Z,BINANCE,ETHUSDT,1717.22,4643.36288,1,1781961811083
2026-06-20T13:24:31.182Z,BINANCE,ETHUSDC,1716.89,10567.45795,1,1781961809537
2026-06-20T13:24:31.182Z,BINANCE,ETHUSDT,1718.11,1718.11,1,1781961802113
2026-06-20T13:28:17.874Z,BINANCE,ETHUSDT,1712.31,9013.59984,1,1781962094176
2026-06-20T13:28:17.874Z,BINANCE,ETHUSDT,1712.22,827.00226,1,1781962090674
2026-06-20T13:28:17.874Z,BINANCE,ETHUSDT,1711.99,688.21998,1,1781962086226
2026-06-20T13:28:17.874Z,BINANCE,ETHUSDT,1712.25,1712.25,1,1781962064489
2026-06-20T13:28:17.874Z,BINANCE,ETHUSDT,1712.08,5327.99296,1,1781962063481
2026-06-20T13:28:17.874Z,BINANCE,ETHUSDT,1712.38,297315.40226,1,1781961973553
2026-06-20T13:28:17.874Z,BINANCE,ETHUSDT,1712.51,6937.37801,1,1781961951386
2026-06-20T13:28:17.874Z,BINANCE,ETHUSDT,1712.57,182738.06928,1,1781961948578
2026-06-20T13:28:17.874Z,BINANCE,ETHUSDT,1712.6,4646.2838,1,1781961947608
2026-06-20T13:28:17.874Z,BINANCE,ETHUSDC,1712.2,856.1,1,1781961940125
2026-06-20T13:28:17.874Z,BINANCE,ETHUSDT,1714.08,799172.6592,1,1781961908444
2026-06-20T13:28:17.874Z,BINANCE,ETHUSDC,1712.84,1370.272,1,1781961908374
2026-06-20T13:28:17.874Z,BINANCE,ETHUSDT,1713.89,38072.35246,1,1781961907158
2026-06-20T13:28:17.874Z,BINANCE,ETHUSDT,1713.32,4973.76796,1,1781961905082
2026-06-20T13:36:20.217Z,BINANCE,ETHUSDT,1717.5,370.98,2,1781962576394
2026-06-20T13:49:55.785Z,BINANCE,ETHUSDT,1718.67,16691.72304,2,1781963374677
2026-06-20T13:51:04.005Z,BINANCE,ETHUSDT,1718.47,149.50689,2,1781963408372
2026-06-20T13:58:55.099Z,BINANCE,ETHUSDT,1717.77,407.11149,1,1781963908442
2026-06-20T14:03:19.048Z,BINANCE,ETHUSDT,1713.64,231.3414,1,1781964170148
2026-06-20T14:03:19.048Z,BINANCE,ETHUSDT,1713.64,596.34672,1,1781964169105
2026-06-20T14:04:27.101Z,BINANCE,ETHUSDT,1714.89,445.8714,2,1781964208402
2026-06-20T14:05:29.969Z,BINANCE,ETHUSDT,1713.84,25707.6,1,1781964316543
2026-06-20T14:06:42.993Z,BINANCE,ETHUSDT,1712.76,34255.2,1,1781964342258
2026-06-20T14:07:51.062Z,BINANCE,ETHUSDT,1710.57,9023.25675,1,1781964467347
2026-06-20T14:07:51.062Z,BINANCE,ETHUSDT,1710.6,2596.6908,1,1781964463709
2026-06-20T14:07:51.062Z,BINANCE,ETHUSDT,1711.04,51926.64192,1,1781964461184
2026-06-20T14:07:51.062Z,BINANCE,ETHUSDT,1711.09,3447.84635,1,1781964459188
2026-06-20T14:07:51.062Z,BINANCE,ETHUSDT,1712.02,1040.90816,1,1781964455415
2026-06-20T14:07:51.062Z,BINANCE,ETHUSDT,1712.01,630.01968,1,1781964453103
2026-06-20T14:07:51.062Z,BINANCE,ETHUSDT,1712.58,121.59318,1,1781964422406
2026-06-20T14:08:53.809Z,BINANCE,ETHUSDT,1709.32,98429.48288,1,1781964530149
2026-06-20T14:08:53.809Z,BINANCE,ETHUSDT,1709.78,1579.83672,1,1781964500508
2026-06-20T14:08:53.809Z,BINANCE,ETHUSDT,1709.88,8378.412,1,1781964498684
2026-06-20T14:08:53.809Z,BINANCE,ETHUSDT,1709.89,17661.45381,1,1781964486300
2026-06-20T14:08:53.809Z,BINANCE,ETHUSDT,1709.99,4714.44243,1,1781964485058
2026-06-20T14:10:03.767Z,BINANCE,ETHUSDC,1707.19,20196.0577,1,1781964568562
2026-06-20T14:10:03.767Z,BINANCE,ETHUSDT,1708.29,39686.99328,1,1781964538507
2026-06-20T14:10:03.767Z,BINANCE,ETHUSDT,1708.3,1170.1855,1,1781964536127
2026-06-20T14:10:03.767Z,BINANCE,ETHUSDT,1708.3,343.3683,1,1781964534870
2026-06-20T14:10:03.767Z,BINANCE,ETHUSDT,1708.85,12548.08555,1,1781964533292
2026-06-20T14:10:03.767Z,BINANCE,ETHUSDT,1708.61,9903.10356,1,1781964532394
2026-06-20T14:11:08.997Z,BINANCE,ETHUSDT,1708.17,1419.48927,1,1781964607622
2026-06-20T14:12:30.307Z,BINANCE,ETHUSDT,1707.74,3584.54626,1,1781964710567
2026-06-20T14:12:30.307Z,BINANCE,ETHUSDT,1707.21,51216.3,1,1781964710148
2026-06-20T14:12:30.307Z,BINANCE,ETHUSDT,1708.01,7438.38355,1,1781964707118
2026-06-20T14:15:39.161Z,BINANCE,ETHUSDT,1707.45,438.81465,1,1781964884123
2026-06-20T14:15:39.161Z,BINANCE,ETHUSDT,1707.48,2059.22088,1,1781964882442
2026-06-20T14:26:53.736Z,BINANCE,ETHUSDT,1712.39,136.9912,2,1781965579794
2026-06-20T14:34:54.702Z,BINANCE,ETHUSDT,1713.84,131.96568,2,1781966041284
2026-06-20T14:36:02.655Z,BINANCE,ETHUSDT,1714.52,61683.28604,2,1781966130240
2026-06-20T14:37:05.602Z,BINANCE,ETHUSDT,1715.49,1228.29084,2,1781966185665
2026-06-20T14:37:05.602Z,BINANCE,ETHUSDT,1715.46,3005.48592,2,1781966182061
2026-06-20T14:44:56.630Z,BINANCE,ETHUSDC,1717.21,343.442,2,1781966691442
2026-06-20T14:44:56.630Z,BINANCE,ETHUSDT,1718.33,3531.16815,2,1781966687212
2026-06-20T14:44:56.630Z,BINANCE,ETHUSDT,1717.11,151.10568,2,1781966681390
2026-06-20T14:44:56.630Z,BINANCE,ETHUSDT,1716.59,101.27881,2,1781966675667
2026-06-20T14:44:56.630Z,BINANCE,ETHUSDT,1716,698.412,2,1781966673372
2026-06-20T14:46:06.052Z,BINANCE,ETHUSDT,1728.11,50239.61392,2,1781966763702
2026-06-20T14:46:06.052Z,BINANCE,ETHUSDC,1727.27,502.63557,2,1781966762811
2026-06-20T14:46:06.052Z,BINANCE,ETHUSDT,1727.49,138199.2,2,1781966760698
2026-06-20T14:46:06.052Z,BINANCE,ETHUSDT,1727.35,30273.5361,2,1781966759311
2026-06-20T14:46:06.052Z,BINANCE,ETHUSDT,1727.2,803.148,2,1781966757371
2026-06-20T14:46:06.052Z,BINANCE,ETHUSDT,1727.24,12068.22588,2,1781966756190
2026-06-20T14:46:06.052Z,BINANCE,ETHUSDC,1725.19,1008839.3563,2,1781966748826
2026-06-20T14:46:06.052Z,BINANCE,ETHUSDT,1725.47,2912.59336,2,1781966748628
2026-06-20T14:46:06.052Z,BINANCE,ETHUSDT,1726.23,20714.76,2,1781966747491
2026-06-20T14:46:06.052Z,BINANCE,ETHUSDT,1726.38,8631.9,2,1781966746262
2026-06-20T14:46:06.052Z,BINANCE,ETHUSDT,1725.69,455.58216,2,1781966744778
2026-06-20T14:46:06.052Z,BINANCE,ETHUSDC,1724.27,1724.27,2,1781966744613
2026-06-20T14:46:06.052Z,BINANCE,ETHUSD_PERP,1722.57,200,2,1781966743535
2026-06-20T14:46:06.052Z,BINANCE,ETHUSDT,1724.6,80730.2506,2,1781966743199
2026-06-20T14:46:06.052Z,BINANCE,ETHUSDT,1725.46,249308.26448,2,1781966741881
2026-06-20T14:46:06.052Z,BINANCE,ETHUSDT,1721.63,25824.45,2,1781966738677
2026-06-20T14:46:06.052Z,BINANCE,ETHUSDT,1721.6,7012.0768,2,1781966738124
2026-06-20T14:46:06.052Z,BINANCE,ETHUSDC,1721.06,4559.08794,2,1781966737476
2026-06-20T14:46:06.052Z,BINANCE,ETHUSDT,1721.82,14678.5155,2,1781966736536
2026-06-20T14:46:06.052Z,BINANCE,ETHUSDT,1720.4,134.1912,2,1781966733117
2026-06-20T14:46:06.052Z,BINANCE,ETHUSDC,1719.06,806.23914,2,1781966730263
2026-06-20T14:46:06.052Z,BINANCE,ETHUSDT,1720.12,5160.36,2,1781966729271
2026-06-20T14:46:06.052Z,BINANCE,ETHUSDT,1719.87,988.92525,2,1781966727340
2026-06-20T14:46:06.052Z,BINANCE,ETHUSDT,1719.19,25444.012,2,1781966698229
2026-06-20T14:46:06.052Z,BINANCE,ETHUSDT,1719.39,1586.99697,2,1781966697354
2026-06-20T14:46:06.052Z,BINANCE,ETHUSDT,1719.02,373.02734,2,1781966695377
2026-06-20T14:46:06.052Z,BINANCE,ETHUSDT,1718.57,10325.16856,2,1781966694344
2026-06-20T14:51:05.158Z,BINANCE,ETHUSDT,1734.99,3037.96749,2,1781966917049
2026-06-20T14:51:05.158Z,BINANCE,ETHUSDT,1732.77,3978.43992,1,1781966835770
2026-06-20T14:51:05.158Z,BINANCE,ETHUSDT,1736.87,4576.65245,1,1781966812420
2026-06-20T14:51:05.158Z,BINANCE,ETHUSDT,1738.4,71538.6368,1,1781966808243
2026-06-20T14:51:05.158Z,BINANCE,ETHUSDC,1740.96,52838.136,2,1781966798629
2026-06-20T14:51:05.158Z,BINANCE,ETHUSDT,1742.19,132840.24531,2,1781966798600
2026-06-20T14:51:05.158Z,BINANCE,ETHUSDT_260626,1746.73,363.31984,2,1781966797615
2026-06-20T14:51:05.158Z,BINANCE,ETHUSDT,1743.98,1743980,2,1781966797537
2026-06-20T14:51:05.158Z,BINANCE,ETHUSDC,1742.33,43558.25,2,1781966797286
2026-06-20T14:51:05.158Z,BINANCE,ETHUSDT_260925,1755.1,50608.3085,2,1781966797136
2026-06-20T14:51:05.158Z,BINANCE,ETHUSD_PERP,1741.85,160,2,1781966797112
2026-06-20T14:51:05.158Z,BINANCE,ETHUSDT,1744.12,347836.82808,2,1781966795658
2026-06-20T14:51:05.158Z,BINANCE,ETHUSDT,1743.65,87182.5,2,1781966795486
2026-06-20T14:51:05.158Z,BINANCE,ETHUSDT,1741.12,61633.90688,2,1781966794480
2026-06-20T14:51:05.158Z,BINANCE,ETHUSD_PERP,1737.44,310,2,1781966794140
2026-06-20T14:51:05.158Z,BINANCE,ETHUSDT,1739,1739,2,1781966792559
2026-06-20T14:51:05.158Z,BINANCE,ETHUSDC,1737.87,1737.87,2,1781966792559
2026-06-20T14:51:05.158Z,BINANCE,ETHUSD_PERP,1737.39,1680,2,1781966792557
2026-06-20T14:51:05.158Z,BINANCE,ETHUSDC,1736.45,3472.9,2,1781966791723
2026-06-20T14:51:05.158Z,BINANCE,ETHUSDT,1738.08,11478.28032,2,1781966790878
2026-06-20T14:51:05.158Z,BINANCE,ETHUSDT,1737.23,289891.5701,2,1781966790275
2026-06-20T14:51:05.158Z,BINANCE,ETHUSDT,1737.03,35536.15974,2,1781966789281
2026-06-20T14:51:05.158Z,BINANCE,ETHUSDT,1737.57,884.42313,2,1781966786649
2026-06-20T14:51:05.158Z,BINANCE,ETHUSDC,1732.85,319078.33475,2,1781966776443
2026-06-20T14:51:05.158Z,BINANCE,ETHUSDT,1733.01,1733.01,2,1781966774694
2026-06-20T14:51:05.158Z,BINANCE,ETHUSDC,1732.72,40505.79544,2,1781966774020
2026-06-20T14:51:05.158Z,BINANCE,ETHUSDT,1735.57,1262083.94159,2,1781966773617
2026-06-20T14:51:05.158Z,BINANCE,ETHUSDC,1735.86,12151.02,2,1781966772739
2026-06-20T14:51:05.158Z,BINANCE,ETHUSDT,1738.89,71301.44556,2,1781966772476
2026-06-20T14:51:05.158Z,BINANCE,ETHUSDT,1737.44,31359.05456,2,1781966771638
2026-06-20T14:51:05.158Z,BINANCE,ETHUSDC,1735.28,18718.46536,2,1781966771429
2026-06-20T14:51:05.158Z,BINANCE,ETHUSDT,1736.75,305056.664,2,1781966771373
2026-06-20T14:51:05.158Z,BINANCE,ETHUSD_PERP,1734.04,1250,2,1781966771130
2026-06-20T14:51:05.158Z,BINANCE,ETHUSDT_260925,1744.75,1908.7565,2,1781966771119
2026-06-20T14:51:05.158Z,BINANCE,ETHUSDT,1735.49,75823.5581,2,1781966770334
2026-06-20T14:51:05.158Z,BINANCE,ETHUSD_PERP,1732.84,490,2,1781966770128
2026-06-20T14:51:05.158Z,BINANCE,ETHUSDT,1729.63,3021326.33215,2,1781966768136
2026-06-20T14:51:05.158Z,BINANCE,ETHUSDT,1729.03,34724.10949,2,1781966766403
2026-06-20T14:51:05.158Z,BINANCE,ETHUSDT,1728.88,1839.52832,2,1781966765222
2026-06-20T14:51:05.158Z,BINANCE,ETHUSDT,1728.83,46042.20056,2,1781966764499
2026-06-20T14:56:55.482Z,BINANCE,ETHUSDT,1734.08,4900.51008,2,1781967398407
2026-06-20T15:01:27.786Z,BINANCE,ETHUSDT,1730.87,42267.8454,1,1781967676662
2026-06-20T15:02:30.735Z,BINANCE,ETHUSDT,1729.14,503.17974,1,1781967743448
2026-06-20T15:02:30.735Z,BINANCE,ETHUSDT,1729.34,1042.79202,1,1781967690345
2026-06-20T15:02:30.735Z,BINANCE,ETHUSDT,1729.52,112.4188,1,1781967686152
2026-06-20T15:03:44.060Z,BINANCE,ETHUSDT,1728.78,632.73348,1,1781967777237
2026-06-20T15:03:44.060Z,BINANCE,ETHUSDC,1728.08,6601.2656,1,1781967756207
2026-06-20T15:04:52.110Z,BINANCE,ETHUSDT,1736.08,15624.72,2,1781967870367
2026-06-20T15:04:52.110Z,BINANCE,ETHUSDT,1736.64,2490.34176,2,1781967869310
2026-06-20T15:04:52.110Z,BINANCE,ETHUSDT,1733.81,639.77589,2,1781967848624
2026-06-20T15:04:52.110Z,BINANCE,ETHUSDT,1733.76,537.4656,2,1781967833146
2026-06-20T15:04:52.110Z,BINANCE,ETHUSDT,1733.32,6283.285,2,1781967821634
2026-06-20T15:07:02.873Z,BINANCE,ETHUSDT,1731.33,3277.40769,1,1781967997253
2026-06-20T15:11:45.258Z,BINANCE,ETHUSDT,1731.62,763.64442,2,1781968292136
2026-06-20T15:12:53.201Z,BINANCE,ETHUSDT,1730.03,489.59849,1,1781968313458
2026-06-20T15:15:09.328Z,BINANCE,ETHUSDT,1735.25,8665.8385,2,1781968469513
2026-06-20T15:16:17.372Z,BINANCE,ETHUSDT,1736.59,1309.38886,2,1781968564586
2026-06-20T15:16:17.372Z,BINANCE,ETHUSDT,1736.59,7314.51708,2,1781968564214
2026-06-20T15:16:17.372Z,BINANCE,ETHUSDT,1735.95,4891.9071,2,1781968560653
2026-06-20T15:18:39.699Z,BINANCE,ETHUSDT,1739.73,40168.62597,2,1781968712746
2026-06-20T15:18:39.699Z,BINANCE,ETHUSDT,1739.73,314.89113,2,1781968711520
2026-06-20T15:18:39.699Z,BINANCE,ETHUSDC,1737.99,5521.59423,2,1781968706571
2026-06-20T15:18:39.699Z,BINANCE,ETHUSDT,1739.17,35639.07164,2,1781968705501
2026-06-20T15:18:39.699Z,BINANCE,ETHUSDT,1739.72,8552.46352,2,1781968703807
2026-06-20T15:22:31.683Z,BINANCE,ETHUSDT,1739.77,5219.31,1,1781968904468
2026-06-20T15:22:31.683Z,BINANCE,ETHUSDT,1743,4516.113,1,1781968880564
2026-06-20T15:22:31.683Z,BINANCE,ETHUSDT,1748.62,5679.51776,2,1781968829704
2026-06-20T15:22:31.683Z,BINANCE,ETHUSDT,1748.92,19000.26688,2,1781968829095
2026-06-20T15:22:31.683Z,BINANCE,ETHUSDC,1747.56,837.08124,2,1781968828799
2026-06-20T15:22:31.683Z,BINANCE,ETHUSDT,1748.08,699232,2,1781968827676
2026-06-20T15:22:31.683Z,BINANCE,ETHUSDC,1746.49,25727.54419,2,1781968827578
2026-06-20T15:22:31.683Z,BINANCE,ETHUSDT,1748.39,181166.42341,2,1781968827152
2026-06-20T15:22:31.683Z,BINANCE,ETHUSD_PERP,1746.41,720,2,1781968826069
2026-06-20T15:22:31.683Z,BINANCE,ETHUSDT,1748.66,1331546.88422,2,1781968825874
2026-06-20T15:22:31.683Z,BINANCE,ETHUSDC,1746.31,406.89023,2,1781968825795
2026-06-20T15:22:31.683Z,BINANCE,ETHUSDC,1743.45,261.5175,2,1781968784559
2026-06-20T15:22:31.683Z,BINANCE,ETHUSDT,1745.92,28051.69664,2,1781968783407
2026-06-20T15:22:31.683Z,BINANCE,ETHUSDT,1746.48,1472.28264,2,1781968782533
2026-06-20T15:22:31.683Z,BINANCE,ETHUSDT,1744.67,485.01826,2,1781968780615
2026-06-20T15:22:31.683Z,BINANCE,ETHUSDC,1741.93,419.80513,2,1781968765604
2026-06-20T15:22:31.683Z,BINANCE,ETHUSDT,1743.68,16047.08704,2,1781968747380
2026-06-20T15:22:31.683Z,BINANCE,ETHUSDT,1744.62,17688.70218,2,1781968745660
2026-06-20T15:22:31.683Z,BINANCE,ETHUSDT,1744.07,84840.28515,2,1781968744219
2026-06-20T15:22:31.683Z,BINANCE,ETHUSDC,1738.91,2038.00252,2,1781968733153
2026-06-20T15:22:31.683Z,BINANCE,ETHUSDT,1740.57,2175.7125,2,1781968725266
2026-06-20T15:22:31.683Z,BINANCE,ETHUSDT,1740.85,3513.0353,2,1781968720883
2026-06-20T15:22:31.683Z,BINANCE,ETHUSD_PERP,1740.43,2060,2,1781968719136
2026-06-20T15:22:31.683Z,BINANCE,ETHUSDT,1742.93,261439.5,2,1781968718640
2026-06-20T15:22:31.683Z,BINANCE,ETHUSDT,1743.41,35033.82395,2,1781968718146
2026-06-20T15:35:30.775Z,BINANCE,ETHUSDT,1738.11,170.33478,1,1781969728445
2026-06-20T15:35:30.775Z,BINANCE,ETHUSDT,1739.84,367.10624,1,1781969692672
2026-06-20T15:36:38.832Z,BINANCE,ETHUSDT,1737.79,2992.47438,1,1781969743134
2026-06-20T15:36:38.832Z,BINANCE,ETHUSDT,1737.88,1068.7962,1,1781969739496
2026-06-20T15:36:38.832Z,BINANCE,ETHUSDT,1737.72,291.93696,1,1781969735410
2026-06-20T15:40:03.970Z,BINANCE,ETHUSDT,1739.84,1739.84,2,1781969968436
2026-06-20T15:53:30.704Z,BINANCE,ETHUSDT,1736.93,21195.75679,1,1781970781158
2026-06-20T15:53:30.704Z,BINANCE,ETHUSDT,1737.21,1007.5818,1,1781970763767
2026-06-20T16:01:27.292Z,BINANCE,ETHUSDT,1735.21,4473.37138,1,1781971256652
2026-06-20T16:01:27.292Z,BINANCE,ETHUSDT,1735.21,2153.39561,1,1781971256305
2026-06-20T16:01:27.292Z,BINANCE,ETHUSDT,1736.01,654.47577,1,1781971253660
2026-06-20T16:01:27.292Z,BINANCE,ETHUSDT,1735.62,5878.54494,1,1781971251530
2026-06-20T16:01:27.292Z,BINANCE,ETHUSDT,1736.76,1797.5466,1,1781971245689
2026-06-20T16:13:50.392Z,BINANCE,ETHUSDT,1734.43,555.0176,1,1781971974660
2026-06-20T16:13:50.392Z,BINANCE,ETHUSDT,1734.6,166.5216,1,1781971972380
2026-06-20T16:21:51.335Z,BINANCE,ETHUSDT,1734.05,11368.4318,1,1781972460267
2026-06-20T16:24:06.970Z,BINANCE,ETHUSDT,1733.19,197.58366,1,1781972644413
2026-06-20T16:25:15.096Z,BINANCE,ETHUSDT,1732.54,3215.59424,1,1781972650601
2026-06-20T16:25:15.096Z,BINANCE,ETHUSDT,1732.54,3990.03962,1,1781972648134
2026-06-20T16:25:15.096Z,BINANCE,ETHUSDC,1731.34,32994.14638,1,1781972647277
2026-06-20T16:25:15.096Z,BINANCE,ETHUSDT,1732.5,76612.8825,1,1781972646423
2026-06-20T16:30:55.524Z,BINANCE,ETHUSDT,1731.76,178696.85088,1,1781973045599
2026-06-20T16:32:03.604Z,BINANCE,ETHUSDT,1730.63,417.08183,1,1781973121214
2026-06-20T16:32:03.604Z,BINANCE,ETHUSD_PERP,1729.25,2060,1,1781973116107
2026-06-20T16:32:03.604Z,BINANCE,ETHUSDT,1731.56,3196.45976,1,1781973054136
2026-06-20T16:33:06.544Z,BINANCE,ETHUSDT,1730.17,354.68485,1,1781973126145
2026-06-20T16:33:06.544Z,BINANCE,ETHUSDT,1730.17,564.03542,1,1781973125392
2026-06-20T16:33:06.544Z,BINANCE,ETHUSDT,1730.44,243.99204,1,1781973123535
2026-06-20T16:37:43.623Z,BINANCE,ETHUSDT,1730.15,849.50365,1,1781973452427
2026-06-20T16:37:43.623Z,BINANCE,ETHUSDT,1730.22,609.03744,1,1781973449596
2026-06-20T16:52:18.007Z,BINANCE,ETHUSDT,1733.97,686.65212,2,1781974320416
2026-06-20T16:59:06.442Z,BINANCE,ETHUSDT,1733.35,4475.5097,2,1781974689292
2026-06-20T17:02:31.139Z,BINANCE,ETHUSDT,1730.5,39498.6625,1,1781974928072
2026-06-20T17:04:40.784Z,BINANCE,ETHUSDT,1731.57,242.4198,1,1781975064104
2026-06-20T17:06:52.695Z,BINANCE,ETHUSDT,1729.33,693.46133,1,1781975185327
2026-06-20T17:06:52.695Z,BINANCE,ETHUSDT,1729.59,4567.84719,1,1781975172684
2026-06-20T17:06:52.695Z,BINANCE,ETHUSDT,1730.06,1198.93158,1,1781975166396
2026-06-20T17:06:52.695Z,BINANCE,ETHUSDT,1730.22,299.32806,2,1781975162340
2026-06-20T17:10:16.991Z,BINANCE,ETHUSDT,1728.56,120999.2,1,1781975387127
2026-06-20T17:11:19.901Z,BINANCE,ETHUSDT,1728.57,1707.82716,1,1781975476111
2026-06-20T17:11:19.901Z,BINANCE,ETHUSDT,1728.69,1498.77423,1,1781975453591
2026-06-20T17:11:19.901Z,BINANCE,ETHUSDT,1728.8,803.892,2,1781975416630
2026-06-20T17:15:54.849Z,BINANCE,ETHUSDT,1729.24,17465.324,1,1781975740671
2026-06-20T17:17:03.363Z,BINANCE,ETHUSDT,1727.1,2493.9324,1,1781975817324
2026-06-20T17:17:03.363Z,BINANCE,ETHUSDT,1727.24,2720.403,1,1781975815228
2026-06-20T17:17:03.363Z,BINANCE,ETHUSDT,1726.81,492.14085,1,1781975813666
2026-06-20T17:17:03.363Z,BINANCE,ETHUSDT,1728.2,411.3116,1,1781975773216
2026-06-20T17:17:03.363Z,BINANCE,ETHUSDT,1728.2,317.9888,1,1781975771179
2026-06-20T17:17:03.363Z,BINANCE,ETHUSDT,1728.39,1218.51495,2,1781975766537
2026-06-20T17:23:51.999Z,BINANCE,ETHUSDT,1726.64,350.50792,1,1781976221145
2026-06-20T17:24:54.769Z,BINANCE,ETHUSDT,1726.42,167.46274,1,1781976237429
2026-06-20T17:24:54.769Z,BINANCE,ETHUSDC,1725,308.775,1,1781976235532
2026-06-20T17:32:31.101Z,BINANCE,ETHUSDT,1729.86,740.38008,2,1781976724475
2026-06-20T17:33:44.200Z,BINANCE,ETHUSDT,1731.01,1137.27357,2,1781976796329
2026-06-20T17:35:56.519Z,BINANCE,ETHUSDT,1721.59,2021.14666,1,1781976932829
2026-06-20T17:35:56.519Z,BINANCE,ETHUSDC,1719.52,18362.75408,1,1781976930778
2026-06-20T17:35:56.519Z,BINANCE,ETHUSDT,1721.86,2582.79,1,1781976929270
2026-06-20T17:35:56.519Z,BINANCE,ETHUSDT,1722.05,6857.2031,1,1781976927685
2026-06-20T17:35:56.519Z,BINANCE,ETHUSDT,1722.27,8022.33366,1,1781976926225
2026-06-20T17:35:56.519Z,BINANCE,ETHUSDT,1721.59,2561.72592,1,1781976924265
2026-06-20T17:35:56.519Z,BINANCE,ETHUSDT,1722.8,7421.8224,1,1781976922194
2026-06-20T17:35:56.519Z,BINANCE,ETHUSDC,1722.01,1722.01,1,1781976916855
2026-06-20T17:35:56.519Z,BINANCE,ETHUSDT,1724.08,112446.22168,1,1781976916211
2026-06-20T17:35:56.519Z,BINANCE,ETHUSDT,1725.1,90676.4313,1,1781976915482
2026-06-20T17:39:07.387Z,BINANCE,ETHUSDT,1720.21,344.042,1,1781976984467
2026-06-20T17:39:07.387Z,BINANCE,ETHUSDT,1720.09,2372.00411,1,1781976983053
2026-06-20T17:39:07.387Z,BINANCE,ETHUSDT,1720.09,4957.29938,1,1781976981090
2026-06-20T17:39:07.387Z,BINANCE,ETHUSDT,1720.38,7072.48218,1,1781976974564
2026-06-20T17:39:07.387Z,BINANCE,ETHUSDT,1720.41,485.15562,1,1781976973275
2026-06-20T17:39:07.387Z,BINANCE,ETHUSDT,1720.59,1293.88368,1,1781976972140
2026-06-20T18:00:17.603Z,BINANCE,ETHUSDT,1726.36,1802.31984,2,1781978405399
2026-06-20T18:02:43.810Z,BINANCE,ETHUSDT,1726.8,3033.9876,2,1781978489576
2026-06-20T18:03:51.847Z,BINANCE,ETHUSDT,1729.21,2505.62529,2,1781978585481
2026-06-20T18:10:30.348Z,BINANCE,ETHUSDT,1728.09,1762.6518,1,1781978993738
2026-06-20T18:10:30.348Z,BINANCE,ETHUSDT,1728.09,17280.9,1,1781978991661
2026-06-20T18:10:30.348Z,BINANCE,ETHUSDT,1728.01,86400.5,1,1781978985935
2026-06-20T18:10:30.348Z,BINANCE,ETHUSDT,1728.02,7776.09,2,1781978985176
2026-06-20T18:10:30.348Z,BINANCE,ETHUSDT,1728.01,240.19339,1,1781978983144
2026-06-20T18:10:30.348Z,BINANCE,ETHUSDT,1728.02,1631.25088,2,1781978980696
2026-06-20T18:10:30.348Z,BINANCE,ETHUSDT,1728.01,167.61697,1,1781978980527
2026-06-20T18:10:30.348Z,BINANCE,ETHUSDT,1728.02,998.79556,2,1781978976427
2026-06-20T18:15:07.355Z,BINANCE,ETHUSDT,1727.8,742.954,1,1781979239327
2026-06-20T18:27:20.058Z,BINANCE,ETHUSDT,1728.4,535.804,1,1781979982690
2026-06-20T18:28:28.128Z,BINANCE,ETHUSDT,1728.56,959.3508,2,1781980038419
2026-06-20T18:30:44.329Z,BINANCE,ETHUSDT,1729.48,999.63944,1,1781980206154
2026-06-20T18:39:55.510Z,BINANCE,ETHUSDT,1728.4,1742.2272,1,1781980771149
2026-06-20T18:58:06.384Z,BINANCE,ETHUSDT,1726,1330.746,2,1781981867782
2026-06-20T19:17:17.367Z,BINANCE,ETHUSDT,1727.28,257.36472,1,1781982999675
2026-06-20T19:18:20.191Z,BINANCE,ETHUSDT,1727.44,1428.59288,2,1781983062361
2026-06-20T19:18:20.191Z,BINANCE,ETHUSDT,1727.43,504.40956,1,1781983058262
2026-06-20T19:18:20.191Z,BINANCE,ETHUSDT,1727.43,1083.09861,1,1781983056408
2026-06-20T19:19:28.143Z,BINANCE,ETHUSDT,1725.96,327.9324,1,1781983117878
2026-06-20T19:43:54.184Z,BINANCE,ETHUSDT,1729.21,15379.59374,2,1781984615441
2026-06-20T20:01:42.515Z,BINANCE,ETHUSDT,1729.62,266.36148,2,1781985698338
2026-06-20T20:08:30.822Z,BINANCE,ETHUSDT,1730,138.4,2,1781986043581
2026-06-20T20:42:20.411Z,BINANCE,ETHUSDT,1727.34,1502.7858,1,1781988091602
2026-06-20T21:04:06.601Z,BINANCE,ETHUSDT,1730.83,597.13635,2,1781989385482
2026-06-20T21:13:06.439Z,BINANCE,ETHUSDT,1734.09,3754.30485,2,1781989983598
2026-06-20T21:13:06.439Z,BINANCE,ETHUSDT,1732.8,2252.64,2,1781989977318
2026-06-20T21:13:06.439Z,BINANCE,ETHUSDT,1732.91,4734.31012,2,1781989977067
2026-06-20T21:13:06.439Z,BINANCE,ETHUSDT,1732.18,17879.56196,2,1781989969077
2026-06-20T21:13:06.439Z,BINANCE,ETHUSDT,1732.18,1583.21252,2,1781989967563
2026-06-20T21:13:06.439Z,BINANCE,ETHUSDT,1731.67,24899.68293,2,1781989962343
2026-06-20T21:13:06.439Z,BINANCE,ETHUSDT,1731.81,2010.63141,2,1781989961438
2026-06-20T21:14:20.687Z,BINANCE,ETHUSDT,1736.32,9587.95904,2,1781990051662
2026-06-20T21:14:20.687Z,BINANCE,ETHUSDC,1733.17,28942.20583,2,1781989990841
2026-06-20T21:14:20.687Z,BINANCE,ETHUSDT,1735.02,162567.90396,2,1781989990068
2026-06-20T21:14:20.687Z,BINANCE,ETHUSDT,1734.18,25438.68642,2,1781989986107
2026-06-20T21:23:18.088Z,BINANCE,ETHUSDT,1733.11,5079.74541,2,1781990577531
2026-06-20T21:51:42.404Z,BINANCE,ETHUSDT,1736.97,7140.68367,2,1781992257368
2026-06-20T22:11:51.449Z,BINANCE,ETHUSDT,1732.8,244.3248,1,1781993469115
2026-06-20T22:12:54.313Z,BINANCE,ETHUSDC,1736.41,1772.87461,2,1781993565672
2026-06-20T22:12:54.313Z,BINANCE,ETHUSDC,1736.27,1736.27,2,1781993564281
2026-06-20T22:12:54.313Z,BINANCE,ETHUSDT,1738.1,62451.6711,2,1781993563642
2026-06-20T22:12:54.313Z,BINANCE,ETHUSDT,1738.1,15774.9956,2,1781993563397
2026-06-20T22:13:57.135Z,BINANCE,ETHUSDT,1738.95,149.5497,2,1781993615231
2026-06-20T22:13:57.135Z,BINANCE,ETHUSDT,1738.94,1738.94,1,1781993613582
2026-06-20T22:13:57.135Z,BINANCE,ETHUSDT,1738.83,865.93734,2,1781993607507
2026-06-20T22:13:57.135Z,BINANCE,ETHUSDT,1739.5,12766.1905,2,1781993606442
2026-06-20T22:15:05.411Z,BINANCE,ETHUSDT,1737.97,32044.69086,2,1781993685876
2026-06-20T22:15:05.411Z,BINANCE,ETHUSDT,1738.95,1389.42105,1,1781993644446
2026-06-20T22:15:05.411Z,BINANCE,ETHUSDT,1739.5,7131.95,2,1781993636118
2026-06-20T22:25:06.361Z,BINANCE,ETHUSDT,1741.93,5685.65952,2,1781994289229
2026-06-20T22:25:06.361Z,BINANCE,ETHUSDT,1741.67,151161.28097,2,1781994287094
2026-06-20T22:25:06.361Z,BINANCE,ETHUSDC,1739.85,1369.26195,2,1781994281641
2026-06-20T22:25:06.361Z,BINANCE,ETHUSDT,1741.32,13563.14148,2,1781994281341
2026-06-20T22:25:06.361Z,BINANCE,ETHUSDT,1741.61,257.75828,2,1781994280223
2026-06-20T22:25:06.361Z,BINANCE,ETHUSDT,1740.84,45324.51024,2,1781994279154
2026-06-20T22:25:06.361Z,BINANCE,ETHUSDT,1740.48,120.09312,2,1781994276205
2026-06-20T22:25:06.361Z,BINANCE,ETHUSDT,1740.2,555.1238,2,1781994251890
2026-06-20T22:25:06.361Z,BINANCE,ETHUSDT,1740.26,14917.50872,2,1781994249475
2026-06-20T22:25:06.361Z,BINANCE,ETHUSDT,1740.6,25191.7038,2,1781994248603
2026-06-20T22:27:27.290Z,BINANCE,ETHUSDT,1742.06,6825.39108,2,1781994432357
2026-06-20T22:28:30.061Z,BINANCE,ETHUSDC,1741.83,1706.9934,2,1781994507267
2026-06-20T22:28:30.061Z,BINANCE,ETHUSDC,1741.76,23294.29824,2,1781994505647
2026-06-20T22:28:30.061Z,BINANCE,ETHUSDT,1743.06,50058.94014,2,1781994505458
2026-06-20T22:28:30.061Z,BINANCE,ETHUSDT,1742.88,217.86,2,1781994502944
2026-06-20T22:28:30.061Z,BINANCE,ETHUSDT,1741.86,1374.32754,2,1781994470502
2026-06-20T22:28:30.061Z,BINANCE,ETHUSDT,1742.4,1008.8496,2,1781994469243
2026-06-20T22:28:30.061Z,BINANCE,ETHUSDC,1740.89,2167.40805,2,1781994468438
2026-06-20T22:28:30.061Z,BINANCE,ETHUSDT,1742.32,2001.92568,2,1781994468220
2026-06-20T22:29:43.133Z,BINANCE,ETHUSDT,1743.26,648.49272,2,1781994544647
2026-06-20T22:29:43.133Z,BINANCE,ETHUSDT,1743.5,1534.28,2,1781994533059
2026-06-20T22:33:07.148Z,BINANCE,ETHUSDT,1742.98,148.1533,2,1781994729144
2026-06-20T22:33:07.148Z,BINANCE,ETHUSDT,1743.01,16769.49921,2,1781994727129
2026-06-20T22:35:18.039Z,BINANCE,ETHUSDT,1745.62,6982.48,2,1781994863544
2026-06-20T22:35:18.039Z,BINANCE,ETHUSDT,1745.55,261832.5,2,1781994862498
2026-06-20T22:35:18.039Z,BINANCE,ETHUSDC,1743.94,34571.86656,2,1781994862152
2026-06-20T22:35:18.039Z,BINANCE,ETHUSDT,1745.22,10998.37644,2,1781994860794
2026-06-20T22:35:18.039Z,BINANCE,ETHUSDC,1743.01,113.29565,2,1781994854470
2026-06-20T22:35:18.039Z,BINANCE,ETHUSDT,1744.56,35753.01264,2,1781994853453
2026-06-20T22:35:18.039Z,BINANCE,ETHUSDC,1743.01,3601.05866,2,1781994853417
2026-06-20T22:35:18.039Z,BINANCE,ETHUSDT,1744.63,792.06202,2,1781994851778
2026-06-20T22:35:18.039Z,BINANCE,ETHUSDT,1744.62,7062.22176,2,1781994851208
2026-06-20T22:44:26.711Z,BINANCE,ETHUSDT,1743.39,453.2814,2,1781995410095
2026-06-20T23:19:26.738Z,BINANCE,ETHUSDT,1742.5,56932.7025,2,1781997527414
2026-06-20T23:23:53.530Z,BINANCE,ETHUSDT,1740.19,621.24783,1,1781997790913
2026-06-20T23:26:19.801Z,BINANCE,ETHUSDT,1740.33,624.77847,2,1781997970406
2026-06-21T00:02:26.506Z,BINANCE,ETHUSDT,1737.86,2255.74228,1,1782000090433
2026-06-21T00:02:26.506Z,BINANCE,ETHUSDT,1738.1,6842.8997,1,1782000088062
2026-06-21T00:03:29.584Z,BINANCE,ETHUSDT,1737.03,1118.64732,1,1782000198253
2026-06-21T00:03:29.584Z,BINANCE,ETHUSDT,1737.28,8868.8144,1,1782000164173
2026-06-21T00:03:29.584Z,BINANCE,ETHUSDT,1737.41,133.78057,1,1782000158560
2026-06-21T00:03:29.584Z,BINANCE,ETHUSDT,1737.41,158.10431,1,1782000153411
2026-06-21T00:04:42.651Z,BINANCE,ETHUSDT,1736.3,12567.3394,1,1782000216549
2026-06-21T00:16:42.191Z,BINANCE,ETHUSDT,1736.64,573.0912,1,1782000953556
2026-06-21T00:21:14.786Z,BINANCE,ETHUSDC,1734.57,169.98786,1,1782001248710
2026-06-21T00:29:05.466Z,BINANCE,ETHUSDT,1736.26,522.61426,1,1782001741298
2026-06-21T00:48:52.444Z,BINANCE,ETHUSDT,1736.87,11072.54625,2,1782002898650
2026-06-21T01:15:18.266Z,BINANCE,ETHUSDT,1734.45,440.5503,1,1782004491174
2026-06-21T01:15:18.266Z,BINANCE,ETHUSDT,1734.47,1271.36651,1,1782004488181
2026-06-21T01:17:44.217Z,BINANCE,ETHUSDC,1732.43,507.60199,1,1782004643465
2026-06-21T01:17:44.217Z,BINANCE,ETHUSDT,1734.37,5203.11,1,1782004634208
2026-06-21T01:31:19.679Z,BINANCE,ETHUSDT,1734.12,2347.99848,1,1782005456425
2026-06-21T01:47:43.345Z,BINANCE,ETHUSDT,1738.92,140960.33304,2,1782006437600
2026-06-21T01:55:40.751Z,BINANCE,ETHUSDT,1737.75,4372.179,1,1782006877800
2026-06-21T02:14:41.938Z,BINANCE,ETHUSDT,1735.9,361.0672,2,1782008017227
2026-06-21T02:34:15.214Z,BINANCE,ETHUSDT,1735.06,131.86456,2,1782009211616
2026-06-21T02:35:18.080Z,BINANCE,ETHUSDT,1735.96,302.05704,1,1782009294808
2026-06-21T02:47:51.375Z,BINANCE,ETHUSDT,1735.87,208.3044,1,1782010041384
2026-06-21T03:04:42.556Z,BINANCE,ETHUSDT,1733.05,776.4064,1,1782011070324
2026-06-21T03:04:42.556Z,BINANCE,ETHUSDT,1733.31,592.79202,1,1782011060383
2026-06-21T03:06:53.979Z,BINANCE,ETHUSDT,1733.65,4053.2737,1,1782011157218
2026-06-21T03:11:31.202Z,BINANCE,ETHUSDT,1734.2,1198.3322,1,1782011434394
2026-06-21T03:19:27.390Z,BINANCE,ETHUSDT,1737.01,229.28532,2,1782011945594
2026-06-21T03:19:27.390Z,BINANCE,ETHUSDT,1737.2,264.0544,2,1782011944244
2026-06-21T03:22:51.249Z,BINANCE,ETHUSDT,1739.85,6959.4,2,1782012144777
2026-06-21T03:22:51.249Z,BINANCE,ETHUSDT,1740.13,2171.68224,2,1782012141721
2026-06-21T03:22:51.249Z,BINANCE,ETHUSDT,1739.74,97715.97658,2,1782012140942
2026-06-21T03:23:53.973Z,BINANCE,ETHUSDT,1739.95,3337.2241,2,1782012177413
2026-06-21T03:25:07.164Z,BINANCE,ETHUSDT,1739.61,153.08568,2,1782012259830
2026-06-21T04:01:28.439Z,BINANCE,ETHUSDT,1736.92,104.2152,1,1782014465161
2026-06-21T04:09:14.138Z,BINANCE,ETHUSDT,1735.53,758.42661,1,1782014904088
2026-06-21T04:28:30.592Z,BINANCE,ETHUSDT,1739.02,1739.02,2,1782016062537
2026-06-21T04:28:30.592Z,BINANCE,ETHUSDC,1737.23,1737.23,2,1782016062537
2026-06-21T04:29:43.768Z,BINANCE,ETHUSDT,1739.6,1330.794,2,1782016109279
2026-06-21T04:51:16.439Z,BINANCE,ETHUSDT,1734.33,553.25127,1,1782017468473
2026-06-21T04:52:19.109Z,BINANCE,ETHUSDC,1731.27,695.97054,1,1782017489174
2026-06-21T04:52:19.109Z,BINANCE,ETHUSDT,1732.66,866.33,1,1782017488462
2026-06-21T04:52:19.109Z,BINANCE,ETHUSDT,1732.72,13478.82888,1,1782017486349
2026-06-21T04:52:19.109Z,BINANCE,ETHUSDT,1733,5190.335,1,1782017484408
2026-06-21T04:52:19.109Z,BINANCE,ETHUSDT,1733.31,4066.34526,1,1782017475517
2026-06-21T04:53:27.106Z,BINANCE,ETHUSDT,1731.68,2162.86832,1,1782017586198
2026-06-21T04:53:27.106Z,BINANCE,ETHUSDT,1731.73,235.51528,1,1782017584873
2026-06-21T04:59:03.429Z,BINANCE,ETHUSDT,1731.02,967.64018,1,1782017927142
2026-06-21T04:59:03.429Z,BINANCE,ETHUSDT,1731.02,19499.9403,1,1782017917136
2026-06-21T04:59:03.429Z,BINANCE,ETHUSDT,1731.26,614.5973,1,1782017910383
2026-06-21T04:59:03.429Z,BINANCE,ETHUSDC,1729.66,2291.7995,1,1782017909305
2026-06-21T05:05:51.548Z,BINANCE,ETHUSDT,1730.67,128.06958,1,1782018341259
2026-06-21T05:05:51.548Z,BINANCE,ETHUSDT,1730.88,10502.97984,1,1782018327288
2026-06-21T05:06:54.446Z,BINANCE,ETHUSDT,1730.63,3395.49606,1,1782018373238
2026-06-21T05:13:42.466Z,BINANCE,ETHUSDT,1731.37,1352.19997,1,1782018795349
2026-06-21T05:13:42.466Z,BINANCE,ETHUSDC,1729.78,3459.56,2,1782018793458
2026-06-21T05:13:42.466Z,BINANCE,ETHUSDT,1731,64772.289,1,1782018769350
2026-06-21T05:19:29.778Z,BINANCE,ETHUSDT,1730.34,2450.16144,1,1782019137555
2026-06-21T05:20:42.969Z,BINANCE,ETHUSDT,1730.04,446.35032,1,1782019224302
2026-06-21T05:38:50.781Z,BINANCE,ETHUSDT,1733.44,11974.60352,1,1782020312558
2026-06-21T05:38:50.781Z,BINANCE,ETHUSDT,1733.44,1677.96992,1,1782020287363
2026-06-21T05:38:50.781Z,BINANCE,ETHUSDT,1733.45,1508.1015,2,1782020283725
2026-06-21T05:39:53.627Z,BINANCE,ETHUSDT_260626,1736,868,1,1782020370660
2026-06-21T05:39:53.627Z,BINANCE,ETHUSDT,1734.15,149.1369,1,1782020368631
2026-06-21T06:09:07.580Z,BINANCE,ETHUSDT,1733.36,552.94184,2,1782022137759
2026-06-21T06:19:31.380Z,BINANCE,ETHUSDT,1734.59,260.1885,1,1782022708671
2026-06-21T06:27:33.056Z,BINANCE,ETHUSDT,1734.83,433.7075,2,1782023244530
2026-06-21T06:29:43.799Z,BINANCE,ETHUSDT,1735.94,241.29566,2,1782023380086
2026-06-21T06:29:43.799Z,BINANCE,ETHUSDT,1735.74,1242.78984,2,1782023377160
2026-06-21T06:39:51.152Z,BINANCE,ETHUSDT,1737.47,675.87583,2,1782023935328
2026-06-21T06:40:54.131Z,BINANCE,ETHUSDT,1737.86,1249.52134,2,1782024008151
2026-06-21T06:40:54.131Z,BINANCE,ETHUSDT,1737.86,1279.06496,2,1782024006384
2026-06-21T06:40:54.131Z,BINANCE,ETHUSDT,1737.8,104.268,2,1782024004469
2026-06-21T06:48:42.547Z,BINANCE,ETHUSDT,1735.42,1285.94622,2,1782024478289
2026-06-21T06:58:54.807Z,BINANCE,ETHUSDT,1736.12,397.57148,2,1782025095104
2026-06-21T07:23:08.709Z,BINANCE,ETHUSDT,1733.36,221.87008,1,1782026559125
2026-06-21T07:24:16.665Z,BINANCE,ETHUSDT,1732.85,374.2956,1,1782026652680
2026-06-21T07:24:16.665Z,BINANCE,ETHUSDT,1733.27,412.51826,1,1782026588242
2026-06-21T07:26:27.348Z,BINANCE,ETHUSDT,1732.69,372.52835,1,1782026753571
2026-06-21T07:52:39.758Z,BINANCE,ETHUSDT,1731.58,110.82112,1,1782028352231
2026-06-21T07:52:39.758Z,BINANCE,ETHUSDT,1732.12,112.5878,2,1782028325564
2026-06-21T07:52:39.758Z,BINANCE,ETHUSDT,1732.11,866.055,1,1782028324229
2026-06-21T07:54:55.703Z,BINANCE,ETHUSDT,1731.48,135.05544,1,1782028452660
2026-06-21T07:57:06.425Z,BINANCE,ETHUSDT,1730.88,652.54176,1,1782028567533
2026-06-21T08:08:18.327Z,BINANCE,ETHUSDT,1729.54,195.43802,1,1782029273285
2026-06-21T08:08:18.327Z,BINANCE,ETHUSDT,1729.74,1029.1953,1,1782029267612
2026-06-21T08:08:18.327Z,BINANCE,ETHUSDT,1729.74,216.2175,1,1782029265582
2026-06-21T08:08:18.327Z,BINANCE,ETHUSDT,1729.57,1451.10923,1,1782029264673
2026-06-21T08:08:18.327Z,BINANCE,ETHUSDT,1730.17,2764.81166,1,1782029258109
2026-06-21T08:09:31.389Z,BINANCE,ETHUSDT,1729.11,146.97435,1,1782029364770
2026-06-21T08:09:31.389Z,BINANCE,ETHUSDC,1727.62,302.3335,1,1782029356318
2026-06-21T08:09:31.389Z,BINANCE,ETHUSDT,1729.17,430.56333,1,1782029352709
2026-06-21T08:09:31.389Z,BINANCE,ETHUSDT,1729.17,3494.65257,1,1782029348144
2026-06-21T08:09:31.389Z,BINANCE,ETHUSDT,1729.5,674.505,1,1782029345229
2026-06-21T08:10:39.570Z,BINANCE,ETHUSDT,1728.85,36622.22955,1,1782029391358
2026-06-21T08:14:03.470Z,BINANCE,ETHUSDT,1730.49,1036.56351,1,1782029576135
2026-06-21T08:19:43.771Z,BINANCE,ETHUSDT,1730.1,8650.5,1,1782029957669
2026-06-21T08:20:51.999Z,BINANCE,ETHUSDT,1728.1,1817.9612,1,1782030014764
2026-06-21T08:20:51.999Z,BINANCE,ETHUSDC,1726.83,122.60493,1,1782030005152
2026-06-21T08:20:51.999Z,BINANCE,ETHUSDT,1728.33,1488.09213,1,1782030003466
2026-06-21T08:20:51.999Z,BINANCE,ETHUSDT,1728.33,2616.69162,1,1782030002994
2026-06-21T08:20:51.999Z,BINANCE,ETHUSDT,1729.21,12310.24599,1,1782029983340
2026-06-21T08:27:30.593Z,BINANCE,ETHUSDT,1728.65,9568.07775,1,1782030417594
2026-06-21T08:34:06.044Z,BINANCE,ETHUSDT,1727.48,12940.55268,1,1782030782603
2026-06-21T08:35:19.234Z,BINANCE,ETHUSDT,1725.7,519.4357,1,1782030892666
2026-06-21T08:35:19.234Z,BINANCE,ETHUSDT,1726.22,222.68238,1,1782030878664
2026-06-21T08:35:19.234Z,BINANCE,ETHUSDT,1725.99,4663.62498,1,1782030877602
2026-06-21T08:35:19.234Z,BINANCE,ETHUSDT,1726.36,397.0628,1,1782030875468
2026-06-21T08:35:19.234Z,BINANCE,ETHUSDT,1726.36,2865.7576,1,1782030873535
2026-06-21T08:35:19.234Z,BINANCE,ETHUSDT,1726.49,14298.79018,1,1782030853160
2026-06-21T08:35:19.234Z,BINANCE,ETHUSDC,1725.13,205.29047,1,1782030852432
2026-06-21T08:35:19.234Z,BINANCE,ETHUSDT,1726.41,293489.7,1,1782030851463
2026-06-21T08:35:19.234Z,BINANCE,ETHUSDT,1726.3,1722.8474,1,1782030851155
2026-06-21T08:36:27.197Z,BINANCE,ETHUSD_PERP,1721.45,290,1,1782030980122
2026-06-21T08:36:27.197Z,BINANCE,ETHUSDT,1723.41,7963.87761,1,1782030958584
2026-06-21T08:36:27.197Z,BINANCE,ETHUSDT,1723.83,1516.9704,1,1782030944529
2026-06-21T08:36:27.197Z,BINANCE,ETHUSDT,1723.8,12066.6,1,1782030928708
2026-06-21T08:36:27.197Z,BINANCE,ETHUSDT,1723.8,2235.7686,1,1782030927930
2026-06-21T08:36:27.197Z,BINANCE,ETHUSDT,1723.8,10463.466,1,1782030927338
2026-06-21T08:36:27.197Z,BINANCE,ETHUSDT,1723.56,10686.072,1,1782030926176
2026-06-21T08:36:27.197Z,BINANCE,ETHUSDT,1724.26,53207.21508,1,1782030924361
2026-06-21T08:36:27.197Z,BINANCE,ETHUSDT,1724.1,189651,1,1782030922608
2026-06-21T08:36:27.197Z,BINANCE,ETHUSDT,1725.71,1132.06576,1,1782030919562
2026-06-21T08:42:06.816Z,BINANCE,ETHUSDT,1725.29,6419.80409,2,1782031257354
2026-06-21T08:45:20.565Z,BINANCE,ETHUSDT,1727.8,475.145,2,1782031489222
2026-06-21T08:53:20.887Z,BINANCE,ETHUSDT,1727.37,252.19602,1,1782031965084
2026-06-21T09:09:07.819Z,BINANCE,ETHUSDT,1727.41,107.09942,1,1782032905610
2026-06-21T09:28:19.009Z,BINANCE,ETHUSDT,1729.82,299.25886,2,1782034033423
2026-06-21T09:35:07.034Z,BINANCE,ETHUSDT,1730.38,6149.77052,2,1782034460140
2026-06-21T09:36:20.093Z,BINANCE,ETHUSDT,1731.93,1567.39665,2,1782034576103
2026-06-21T09:36:20.093Z,BINANCE,ETHUSDT,1731.66,140.26446,2,1782034571485
2026-06-21T09:36:20.093Z,BINANCE,ETHUSDC,1730,297.56,2,1782034569253
2026-06-21T09:37:28.137Z,BINANCE,ETHUSDC,1728.57,290.39976,2,1782034616317
2026-06-21T09:40:52.336Z,BINANCE,ETHUSDT,1733.14,4435.10526,2,1782034806357
2026-06-21T09:40:52.336Z,BINANCE,ETHUSDT,1732.59,41429.69208,2,1782034802559
2026-06-21T09:40:52.336Z,BINANCE,ETHUSDT,1732.57,450.4682,2,1782034798360
2026-06-21T09:40:52.336Z,BINANCE,ETHUSDT,1732.23,1503.57564,2,1782034795638
2026-06-21T09:58:55.667Z,BINANCE,ETHUSDT,1732.28,7564.86676,2,1782035911898
2026-06-21T10:01:07.509Z,BINANCE,ETHUSDT,1731.65,147.19025,1,1782036062273
2026-06-21T10:10:53.836Z,BINANCE,ETHUSDT,1733.78,199.3847,2,1782036608659
2026-06-21T10:12:01.664Z,BINANCE,ETHUSDT,1734.7,116.2249,2,1782036668076
2026-06-21T10:23:06.350Z,BINANCE,ETHUSDT,1733.78,1732.04622,2,1782037354557
2026-06-21T10:24:19.394Z,BINANCE,ETHUSDT,1734.92,50508.72596,2,1782037396548
2026-06-21T10:25:27.461Z,BINANCE,ETHUSDT,1736.3,19259.0396,2,1782037461245
2026-06-21T10:25:27.461Z,BINANCE,ETHUSDT,1735.87,19740.31364,2,1782037459327
2026-06-21T10:25:27.461Z,BINANCE,ETHUSDT,1735.7,4521.4985,2,1782037458402
2026-06-21T10:55:26.897Z,BINANCE,ETHUSDT,1731.41,135.04998,1,1782039306081
2026-06-21T11:06:42.401Z,BINANCE,ETHUSDT,1729.19,345.838,1,1782039941543
2026-06-21T11:17:06.821Z,BINANCE,ETHUSDT,1726.48,2380.81592,1,1782040606364
2026-06-21T11:17:06.821Z,BINANCE,ETHUSDT,1726.6,62261.196,1,1782040596603
2026-06-21T11:17:06.821Z,BINANCE,ETHUSDT,1726.63,906.48075,1,1782040595737
2026-06-21T11:17:06.821Z,BINANCE,ETHUSDT,1726.77,1113.76665,1,1782040587514
2026-06-21T11:17:06.821Z,BINANCE,ETHUSDT,1726.61,5721.98554,1,1782040586116
2026-06-21T11:17:06.821Z,BINANCE,ETHUSDT,1727.26,2849.979,1,1782040582271
2026-06-21T11:17:06.821Z,BINANCE,ETHUSDT,1727.86,26377.51076,1,1782040572502
2026-06-21T11:18:29.661Z,BINANCE,ETHUSDT,1724.6,2323.0362,1,1782040648152
2026-06-21T11:18:29.661Z,BINANCE,ETHUSDT,1725.36,38089.04736,1,1782040638578
2026-06-21T11:18:29.661Z,BINANCE,ETHUSDT,1725.64,1207.948,1,1782040634199
2026-06-21T11:18:29.661Z,BINANCE,ETHUSDT,1725.99,6498.35235,1,1782040628561
2026-06-21T11:21:34.485Z,BINANCE,ETHUSDC,1717.02,3434.04,1,1782040721664
2026-06-21T11:21:34.485Z,BINANCE,ETHUSDT_260925,1726.99,229.68967,1,1782040721575
2026-06-21T11:21:34.485Z,BINANCE,ETHUSDT,1718.51,637.56721,1,1782040721562
2026-06-21T11:21:34.485Z,BINANCE,ETHUSDT,1717.81,175378.09414,1,1782040720676
2026-06-21T11:21:34.485Z,BINANCE,ETHUSDC,1716.49,827.34818,1,1782040720534
2026-06-21T11:21:34.485Z,BINANCE,ETHBTC,0.026803,1389.77580811,1,1782040720149
2026-06-21T11:21:34.485Z,BINANCE,ETHUSD_PERP,1715.78,1470,1,1782040720070
2026-06-21T11:21:34.485Z,BINANCE,ETHUSDT,1717.46,773598.94272,1,1782040719438
2026-06-21T11:21:34.485Z,BINANCE,ETHUSDT,1719.99,62263.638,1,1782040717352
2026-06-21T11:21:34.485Z,BINANCE,ETHUSDT,1720.63,29849.48924,1,1782040716367
2026-06-21T11:21:34.485Z,BINANCE,ETHUSDC,1719.93,223.5909,1,1782040711087
2026-06-21T11:21:34.485Z,BINANCE,ETHUSDT,1721.71,3517.45353,1,1782040709170
2026-06-21T11:21:34.485Z,BINANCE,ETHUSDT,1721.32,222.05028,1,1782040708372
2026-06-21T11:21:34.485Z,BINANCE,ETHUSDT,1722.13,249.70885,1,1782040706683
2026-06-21T11:21:34.485Z,BINANCE,ETHUSDT,1722.13,56981.83744,1,1782040706296
2026-06-21T11:21:34.485Z,BINANCE,ETHUSDT,1722.54,1929.2448,1,1782040702356
2026-06-21T11:21:34.485Z,BINANCE,ETHUSDC,1721.27,21436.69658,1,1782040699405
2026-06-21T11:21:34.485Z,BINANCE,ETHUSDT,1723,43075,1,1782040699232
2026-06-21T11:22:42.219Z,BINANCE,ETHUSDT,1725.5,2862.6045,2,1782040952298
2026-06-21T11:38:14.855Z,BINANCE,ETHUSDT,1725.23,17252.3,1,1782041892504
2026-06-21T11:43:54.696Z,BINANCE,ETHUSDT,1724.96,431.24,1,1782042165214
2026-06-21T12:05:27.097Z,BINANCE,ETHUSDT,1724.98,9954.85958,1,1782043474261
2026-06-21T12:11:07.168Z,BINANCE,ETHUSDT,1723.66,179.26064,1,1782043854363
2026-06-21T12:14:31.116Z,BINANCE,ETHUSDT,1721.02,831.25266,1,1782044034666
2026-06-21T12:14:31.116Z,BINANCE,ETHUSDT,1721.6,797.1008,1,1782044003266
2026-06-21T12:15:39.214Z,BINANCE,ETHUSDT,1720.19,1484.52397,1,1782044115679
2026-06-21T12:15:39.214Z,BINANCE,ETHUSDT,1720.56,729.51744,1,1782044110284
2026-06-21T12:15:39.214Z,BINANCE,ETHUSDT,1720.78,1328.44216,1,1782044074603
2026-06-21T12:16:43.166Z,BINANCE,ETHUSDT,1716.7,70597.5708,1,1782044183225
2026-06-21T12:16:43.166Z,BINANCE,ETHUSDT,1717.27,13054.68654,1,1782044180642
2026-06-21T12:16:43.166Z,BINANCE,ETHUSDT,1717.64,60117.4,1,1782044173331
2026-06-21T12:16:43.166Z,BINANCE,ETHUSDT,1718.04,171.804,1,1782044170515
2026-06-21T12:16:43.166Z,BINANCE,ETHUSDT,1718.35,111.69275,1,1782044167522
2026-06-21T12:16:43.166Z,BINANCE,ETHUSDT,1718.35,51452.55405,1,1782044166498
2026-06-21T12:16:43.166Z,BINANCE,ETHUSDT,1718.9,104.8529,1,1782044165172
2026-06-21T12:16:43.166Z,BINANCE,ETHUSDT,1720.15,2767.72135,1,1782044160473
2026-06-21T12:37:22.800Z,BINANCE,ETHUSDT,1716.89,180.27345,1,1782045373672
2026-06-21T12:48:55.033Z,BINANCE,ETHUSDT,1719.94,204.67286,2,1782046071601
2026-06-21T12:53:26.938Z,BINANCE,ETHUSDT,1724.66,29286.45146,2,1782046404595
2026-06-21T12:53:26.938Z,BINANCE,ETHUSDT,1725.04,31050.72,2,1782046402604
2026-06-21T12:53:26.938Z,BINANCE,ETHUSDT,1724.74,169.02452,2,1782046399130
2026-06-21T12:53:26.938Z,BINANCE,ETHUSDT,1724.18,984.50678,2,1782046397547
2026-06-21T12:53:26.938Z,BINANCE,ETHUSDT,1724.29,105.18169,2,1782046395257
2026-06-21T12:53:26.938Z,BINANCE,ETHUSDT,1722.66,105.08226,2,1782046390921
2026-06-21T12:53:26.938Z,BINANCE,ETHUSDT,1721.94,4235.9724,2,1782046375234
2026-06-21T12:54:29.833Z,BINANCE,ETHUSDT,1725.21,239.80419,2,1782046415750
2026-06-21T12:54:29.833Z,BINANCE,ETHUSDT,1725.38,9869.1736,2,1782046414517
2026-06-21T13:07:15.572Z,BINANCE,ETHUSDT,1726.67,400.58744,2,1782047169394
2026-06-21T13:07:15.572Z,BINANCE,ETHUSDT,1726.95,324.6666,2,1782047167208
2026-06-21T13:33:30.258Z,BINANCE,ETHUSDT,1722.4,997.2696,1,1782048764648
2026-06-21T13:35:51.297Z,BINANCE,ETHUSDT,1721.37,600.75813,1,1782048935526
2026-06-21T13:57:30.591Z,BINANCE,ETHUSDC,1721.66,585.3644,1,1782050216085
2026-06-21T14:02:07.541Z,BINANCE,ETHUSDT,1725.24,6942.36576,2,1782050486344
2026-06-21T14:42:43.058Z,BINANCE,ETHUSDT,1725.36,740.17944,2,1782052928493
2026-06-21T14:42:43.058Z,BINANCE,ETHUSDT,1724.9,255.2852,2,1782052897466
2026-06-21T14:56:44.301Z,BINANCE,ETHUSDT,1726.73,1562.69065,2,1782053773156
2026-06-21T14:56:44.301Z,BINANCE,ETHUSDT,1726.66,3209.86094,2,1782053766607
2026-06-21T14:56:44.301Z,BINANCE,ETHUSDT,1726.3,374.6071,2,1782053763609
2026-06-21T14:56:44.301Z,BINANCE,ETHUSDT,1726.29,4008.44538,2,1782053762075
2026-06-21T14:57:52.220Z,BINANCE,ETHUSDT,1726.58,6906.32,2,1782053838874
2026-06-21T14:57:52.220Z,BINANCE,ETHUSDT,1727.09,6003.36484,2,1782053802195
2026-06-21T15:00:03.781Z,BINANCE,ETHUSDT,1727.71,3455.42,2,1782053991445
2026-06-21T15:02:19.985Z,BINANCE,ETHUSDT,1730.23,57383.07795,2,1782054116304
2026-06-21T15:02:19.985Z,BINANCE,ETHUSDT,1729.88,148.76968,2,1782054114555
2026-06-21T15:02:19.985Z,BINANCE,ETHUSDT,1729.34,1475.12702,2,1782054113283
2026-06-21T15:02:19.985Z,BINANCE,ETHUSDT,1729.34,2229.11926,2,1782054111890
2026-06-21T15:02:19.985Z,BINANCE,ETHUSDT,1728.81,2387.48661,2,1782054107380
2026-06-21T15:02:19.985Z,BINANCE,ETHUSDT,1728.76,1728.76,2,1782054106445
2026-06-21T15:02:19.985Z,BINANCE,ETHUSDT,1728.67,2964.66905,2,1782054105213
2026-06-21T15:02:19.985Z,BINANCE,ETHUSDT,1728.61,1476.23294,2,1782054104575
2026-06-21T15:02:19.985Z,BINANCE,ETHUSDC,1726.64,960.01184,2,1782054104113
2026-06-21T15:02:19.985Z,BINANCE,ETHUSDT,1727.93,124.41096,2,1782054099576
2026-06-21T15:04:30.631Z,BINANCE,ETHUSDT,1730.37,34607.4,2,1782054239476
2026-06-21T15:04:30.631Z,BINANCE,ETHUSDT,1730.54,128.05996,2,1782054238370
2026-06-21T15:04:30.631Z,BINANCE,ETHUSDT,1730.55,534.73995,2,1782054224629
2026-06-21T15:06:51.720Z,BINANCE,ETHUSDT,1731.16,505.49872,2,1782054399133
2026-06-21T15:07:54.800Z,BINANCE,ETHUSDT,1731.19,5030.83814,2,1782054426517
2026-06-21T15:18:07.423Z,BINANCE,ETHUSDT,1728.95,1006.2489,2,1782055076228
2026-06-21T15:43:56.550Z,BINANCE,ETHUSDT,1730.91,77890.95,2,1782056631077
2026-06-21T15:57:42.669Z,BINANCE,ETHUSDC,1728.29,349.11458,2,1782057452335
2026-06-21T15:58:55.867Z,BINANCE,ETHUSDT,1729.49,3979.55649,1,1782057469318
2026-06-21T16:05:56.314Z,BINANCE,ETHUSDT,1729.39,818.00147,2,1782057926277
2026-06-21T16:08:07.405Z,BINANCE,ETHUSDT,1728.4,540.9892,1,1782058030664
2026-06-21T16:13:52.493Z,BINANCE,ETHUSDT,1725.54,188.08386,1,1782058426300
2026-06-21T16:15:05.877Z,BINANCE,ETHUSDT,1725.25,315.72075,1,1782058431374
2026-06-21T16:26:21.303Z,BINANCE,ETHUSDT,1727.75,663.456,1,1782059137293
2026-06-21T16:31:01.865Z,BINANCE,ETHUSDT,1725.1,548.5818,1,1782059427219
2026-06-21T16:33:02.555Z,BINANCE,ETHUSDT,1724.99,557.17177,1,1782059524483
2026-06-21T16:33:02.555Z,BINANCE,ETHUSDT,1724.89,1457.53205,1,1782059523089
2026-06-21T16:34:05.402Z,BINANCE,ETHUSDT,1722.88,29731.74016,1,1782059638609
2026-06-21T16:34:05.402Z,BINANCE,ETHUSDT,1723.24,22086.76708,1,1782059632097
2026-06-21T16:34:05.402Z,BINANCE,ETHUSDC,1721.87,1508.35812,1,1782059625187
2026-06-21T16:34:05.402Z,BINANCE,ETHUSDT,1723.57,2232.02315,1,1782059624799
2026-06-21T16:34:05.402Z,BINANCE,ETHUSDT,1723.74,137.8992,1,1782059621406
2026-06-21T16:34:05.402Z,BINANCE,ETHUSDT,1723.74,520.56948,1,1782059619845
2026-06-21T16:35:18.424Z,BINANCE,ETHUSDT,1721.6,6705.632,1,1782059697492
2026-06-21T16:35:18.424Z,BINANCE,ETHUSDT,1722.01,172.201,1,1782059660573
2026-06-21T16:35:18.424Z,BINANCE,ETHUSDT,1722.38,1012.75944,1,1782059656600
2026-06-21T16:35:18.424Z,BINANCE,ETHUSDT,1722.46,587.35886,1,1782059646670
2026-06-21T16:35:18.424Z,BINANCE,ETHUSDC,1720.9,772.6841,1,1782059646525
2026-06-21T16:38:31.989Z,BINANCE,ETHUSDT,1721.53,1303.19821,1,1782059870183
2026-06-21T16:47:43.197Z,BINANCE,ETHUSDT,1726.83,110783.05182,2,1782060396444
2026-06-21T16:47:43.197Z,BINANCE,ETHUSDT,1726.7,490.3828,2,1782060392597
2026-06-21T16:52:15.192Z,BINANCE,ETHUSDT,1728.72,15013.9332,1,1782060732512
2026-06-21T16:53:18.300Z,BINANCE,ETHUSDT,1728.77,1268.91718,2,1782060734526
2026-06-21T17:06:56.150Z,BINANCE,ETHUSDT,1730.53,2388.1314,2,1782061574122
2026-06-21T17:06:56.150Z,BINANCE,ETHUSDT,1730.47,214.57828,2,1782061568212
2026-06-21T17:15:00.578Z,BINANCE,ETHUSDT,1729.44,3002.30784,2,1782062058596
2026-06-21T17:26:04.743Z,BINANCE,ETHUSDT,1726.39,47603.47786,1,1782062736423
2026-06-21T17:32:31.886Z,BINANCE,ETHUSDT,1725.44,103.5264,1,1782063139637
2026-06-21T18:01:54.099Z,BINANCE,ETHUSDT,1723.06,742.63886,1,1782064902502
2026-06-21T18:01:54.099Z,BINANCE,ETHUSDT,1723.39,1675.13508,1,1782064897614
2026-06-21T18:01:54.099Z,BINANCE,ETHUSDT,1724.11,172.411,1,1782064893177
2026-06-21T18:01:54.099Z,BINANCE,ETHUSDT,1724.13,46906.68078,1,1782064890682
2026-06-21T18:01:54.099Z,BINANCE,ETHUSDT,1724.76,117.28368,1,1782064886148
2026-06-21T18:03:11.804Z,BINANCE,ETHUSDT,1721.63,915.90716,1,1782064949384
2026-06-21T18:03:11.804Z,BINANCE,ETHUSDT,1722.22,11478.5963,1,1782064943342
2026-06-21T18:03:11.804Z,BINANCE,ETHUSDT,1722.53,2998.92473,1,1782064926270
2026-06-21T18:04:15.801Z,BINANCE,ETHUSDT,1721.5,1007.0775,1,1782064996585
2026-06-21T18:05:54.371Z,BINANCE,ETHUSDT,1721.2,115.3204,1,1782065071573
2026-06-21T18:31:55.325Z,BINANCE,ETHUSDC,1734.22,8671.1,2,1782066710539
2026-06-21T18:31:55.325Z,BINANCE,ETHUSDT,1736.35,145657.19245,2,1782066709558
2026-06-21T18:31:55.325Z,BINANCE,ETHUSDT,1736.42,14427.91378,2,1782066709184
2026-06-21T18:31:55.325Z,BINANCE,ETHUSDC,1734.74,792.77618,2,1782066709133
2026-06-21T18:31:55.325Z,BINANCE,ETHUSD_PERP,1732.32,150,2,1782066707128
2026-06-21T18:31:55.325Z,BINANCE,ETHUSDT,1731.4,206.0366,2,1782066704189
2026-06-21T18:31:55.325Z,BINANCE,ETHUSDT,1731.25,1544.275,2,1782066700121
2026-06-21T18:31:55.325Z,BINANCE,ETHUSDT,1730.94,41469.86052,2,1782066699218
2026-06-21T18:31:55.325Z,BINANCE,ETHUSDC,1729.23,299.15679,2,1782066698552
2026-06-21T18:31:55.325Z,BINANCE,ETHUSDT,1730.78,183.46268,2,1782066697585
2026-06-21T18:31:55.325Z,BINANCE,ETHUSDC,1729.3,41008.6202,2,1782066697450
2026-06-21T18:31:55.325Z,BINANCE,ETHUSDT,1730.29,1131.60966,2,1782066694766
2026-06-21T18:31:55.325Z,BINANCE,ETHUSDT,1729.48,200.61968,2,1782066691720
2026-06-21T18:31:55.325Z,BINANCE,ETHUSDT,1729.64,150504.6246,2,1782066689800
2026-06-21T18:31:55.325Z,BINANCE,ETHUSDT,1729.35,12105.45,2,1782066688466
2026-06-21T18:31:55.325Z,BINANCE,ETHUSDC,1727.62,288.51254,2,1782066688191
2026-06-21T18:31:55.325Z,BINANCE,ETHUSDT,1726.55,7760.84225,2,1782066676341
2026-06-21T18:39:54.497Z,BINANCE,ETHUSDT,1734.41,319.13144,2,1782067147720
2026-06-21T18:47:55.360Z,BINANCE,ETHUSDT,1736.31,1901.25945,2,1782067633678
2026-06-21T18:47:55.360Z,BINANCE,ETHUSDT,1736.08,227.42648,2,1782067631761
2026-06-21T18:49:08.315Z,BINANCE,ETHUSDT,1736.83,9031.516,2,1782067709429
2026-06-21T19:02:38.728Z,BINANCE,ETHUSDT,1737.87,1103.54745,2,1782068529551
2026-06-21T19:02:38.728Z,BINANCE,ETHUSDC,1736.35,2951.795,2,1782068529378
2026-06-21T19:02:38.728Z,BINANCE,ETHUSDT,1737.37,4096.71846,2,1782068523304
2026-06-21T19:02:38.728Z,BINANCE,ETHUSDT,1737.37,5985.23965,2,1782068522595
2026-06-21T19:02:38.728Z,BINANCE,ETHUSDC,1735.44,532.78008,2,1782068522370
2026-06-21T19:02:38.728Z,BINANCE,ETHUSDT,1735.84,3022.09744,2,1782068514057
2026-06-21T19:03:41.593Z,BINANCE,ETHUSDT,1738.42,3574.19152,2,1782068573498
2026-06-21T19:12:51.346Z,BINANCE,ETHUSDT,1735.62,579.69708,1,1782069102073
2026-06-21T20:02:18.854Z,BINANCE,ETHUSDT,1733.35,3255.2313,2,1782072084450
2026-06-21T20:13:43.596Z,BINANCE,ETHUSDT,1730.41,932.69099,1,1782072773575
2026-06-21T20:19:18.587Z,BINANCE,ETHUSDT,1728.34,3432.48324,1,1782073150321
2026-06-21T20:19:18.587Z,BINANCE,ETHUSDT,1728.79,1495.40335,1,1782073140646
2026-06-21T20:19:18.587Z,BINANCE,ETHUSDT,1730.08,633.20928,1,1782073099173
2026-06-21T20:35:18.305Z,BINANCE,ETHUSDT,1726.96,222.77784,1,1782074103234
2026-06-21T20:35:18.305Z,BINANCE,ETHUSDT,1727.23,78089.79553,1,1782074096557
2026-06-21T20:39:55.202Z,BINANCE,ETHUSDT,1726.82,6907.28,1,1782074353514
2026-06-21T20:39:55.202Z,BINANCE,ETHUSDT,1726.82,611.29428,1,1782074346476
2026-06-21T20:42:06.177Z,BINANCE,ETHUSDT,1725.55,134.5929,1,1782074473254
2026-06-21T20:42:06.177Z,BINANCE,ETHUSDT,1725.49,3694.27409,1,1782074467320
2026-06-21T20:42:06.177Z,BINANCE,ETHUSDT,1725.53,3994.60195,1,1782074464328
2026-06-21T20:47:30.380Z,BINANCE,ETHUSDT,1722.85,5168.55,1,1782074835150
2026-06-21T20:47:30.380Z,BINANCE,ETHUSDT,1722.85,15595.2382,1,1782074834467
2026-06-21T20:47:30.380Z,BINANCE,ETHUSDT,1723.21,396.3383,1,1782074832687
2026-06-21T20:47:30.380Z,BINANCE,ETHUSDT,1723.04,926.99552,1,1782074830611
2026-06-21T20:47:30.380Z,BINANCE,ETHUSDT,1722.73,154646.02664,1,1782074829487
2026-06-21T20:47:30.380Z,BINANCE,ETHUSDC,1722.47,8612.35,1,1782074822626
2026-06-21T20:47:30.380Z,BINANCE,ETHUSDT,1724.01,5172.03,1,1782074821483
2026-06-21T20:48:43.401Z,BINANCE,ETHUSDC,1716.46,3429.48708,1,1782074920811
2026-06-21T20:48:43.401Z,BINANCE,ETHUSDT,1718.34,1327314.5496,1,1782074919114
2026-06-21T20:48:43.401Z,BINANCE,ETHUSD_PERP,1716.71,150,1,1782074919042
2026-06-21T20:48:43.401Z,BINANCE,ETHUSDT,1719.27,2027.01933,1,1782074914631
2026-06-21T20:48:43.401Z,BINANCE,ETHUSDT,1718.9,4993.4045,1,1782074913400
2026-06-21T20:48:43.401Z,BINANCE,ETHUSDC,1717.28,437.9064,1,1782074913277
2026-06-21T20:48:43.401Z,BINANCE,ETHUSDT,1718.9,6729.4935,1,1782074912748
2026-06-21T20:48:43.401Z,BINANCE,ETHUSDT,1720.73,793.25653,1,1782074910590
2026-06-21T20:48:43.401Z,BINANCE,ETHUSDT,1720.61,6469.4936,1,1782074907256
2026-06-21T20:48:43.401Z,BINANCE,ETHUSDT,1720.89,237.48282,1,1782074883647
2026-06-21T20:48:43.401Z,BINANCE,ETHUSDT,1720.87,120460.9,1,1782074882135
2026-06-21T20:48:43.401Z,BINANCE,ETHUSDC,1718.82,305.94996,1,1782074881658
2026-06-21T20:48:43.401Z,BINANCE,ETHUSDT,1721.58,64872.57756,1,1782074879577
2026-06-21T20:48:43.401Z,BINANCE,ETHUSDT,1722.22,2302.60814,1,1782074873482
2026-06-21T20:48:43.401Z,BINANCE,ETHUSDT,1722.13,15232.23985,1,1782074870331
2026-06-21T20:48:43.401Z,BINANCE,ETHUSDT,1722.29,36317.92923,1,1782074855162
2026-06-21T20:52:31.986Z,BINANCE,ETHUSDT,1719.09,2447.98416,1,1782075029614
2026-06-21T20:52:31.986Z,BINANCE,ETHUSDT,1716.27,6545.85378,1,1782074956788
2026-06-21T20:52:31.986Z,BINANCE,ETHUSDC,1714.68,6858.72,1,1782074955633
2026-06-21T20:52:31.986Z,BINANCE,ETHUSDT,1716.13,300.32275,1,1782074954633
2026-06-21T20:52:31.986Z,BINANCE,ETHUSDT,1716.25,257293.335,1,1782074953604
2026-06-21T20:52:31.986Z,BINANCE,ETHUSDT,1716.81,484.14042,1,1782074952881
2026-06-21T20:52:31.986Z,BINANCE,ETHUSDT,1717.02,492.78474,1,1782074951354
2026-06-21T20:52:31.986Z,BINANCE,ETHUSDT,1717.55,463.7385,1,1782074947192
2026-06-21T20:52:31.986Z,BINANCE,ETHUSDC,1716.24,6894.13608,1,1782074932457
2026-06-21T20:52:31.986Z,BINANCE,ETHUSDC,1716.18,858.09,1,1782074925725
2026-06-21T20:52:31.986Z,BINANCE,ETHUSDT,1717.89,5943.8994,1,1782074925425
2026-06-21T20:52:31.986Z,BINANCE,ETHUSDT,1717.73,99460.00246,1,1782074923522
2026-06-21T20:52:31.986Z,BINANCE,ETHUSDT,1718.02,4350.02664,1,1782074922374
2026-06-21T21:09:19.816Z,BINANCE,ETHUSDT,1712.49,35063.23275,1,1782076156818
2026-06-21T21:09:19.816Z,BINANCE,ETHUSDT,1712.9,9703.5785,1,1782076156545
2026-06-21T21:09:19.816Z,BINANCE,ETHUSDT,1712.7,52665.525,1,1782076155532
2026-06-21T21:09:19.816Z,BINANCE,ETHUSDC,1711.1,670.7512,1,1782076155127
2026-06-21T21:09:19.816Z,BINANCE,ETHUSDT,1713.3,380765.5053,1,1782076153337
2026-06-21T21:09:19.816Z,BINANCE,ETHUSDC,1712.11,11895.74028,1,1782076152358
2026-06-21T21:14:28.503Z,BINANCE,ETHUSDT,1705.13,688.87252,1,1782076200535
2026-06-21T21:14:28.503Z,BINANCE,ETHUSDT,1704.2,81377.2542,1,1782076199823
2026-06-21T21:14:28.503Z,BINANCE,ETHUSDC,1701.68,816.8064,1,1782076199364
2026-06-21T21:14:28.503Z,BINANCE,ETHUSDT,1703.27,127745.25,1,1782076199208
2026-06-21T21:14:28.503Z,BINANCE,ETHUSDC,1701.73,11745.34046,1,1782076198842
2026-06-21T21:14:28.503Z,BINANCE,ETHUSDT,1702.97,136237.6,1,1782076198373
2026-06-21T21:14:28.503Z,BINANCE,ETHUSDT_260626,1706.02,104.06722,1,1782076197718
2026-06-21T21:14:28.503Z,BINANCE,ETHUSDC,1701.18,10547.316,1,1782076197316
2026-06-21T21:14:28.503Z,BINANCE,ETHUSDT,1701.82,15586.96938,1,1782076196741
2026-06-21T21:14:28.503Z,BINANCE,ETHUSDT_260626,1703.81,1344.30609,1,1782076196536
2026-06-21T21:14:28.503Z,BINANCE,ETHUSDC,1701.25,4908.10625,1,1782076196213
2026-06-21T21:14:28.503Z,BINANCE,ETHUSDT,1702.78,283941.97056,1,1782076195982
2026-06-21T21:14:28.503Z,BINANCE,ETHUSDT,1703.89,511167,1,1782076195586
2026-06-21T21:14:28.503Z,BINANCE,ETHUSDT,1711.21,342.242,1,1782076189329
2026-06-21T21:14:28.503Z,BINANCE,ETHUSDC,1709.85,1535.4453,1,1782076174080
2026-06-21T21:14:28.503Z,BINANCE,ETHUSDT,1710.94,6114.89956,1,1782076173643
2026-06-21T21:14:28.503Z,BINANCE,ETHUSDT,1710.79,10754.02594,1,1782076172698
2026-06-21T21:14:28.503Z,BINANCE,ETHUSDC,1709.49,5983.215,1,1782076172086
2026-06-21T21:14:28.503Z,BINANCE,ETHUSDT,1711.33,9930.84799,1,1782076166758
2026-06-21T21:14:28.503Z,BINANCE,ETHUSDC,1709.68,2947.48832,1,1782076166478
2026-06-21T21:14:28.503Z,BINANCE,ETHUSDT,1711.27,46541.41019,1,1782076165691
2026-06-21T21:14:28.503Z,BINANCE,ETHUSDT,1710.89,48809.98081,1,1782076164844
2026-06-21T21:14:28.503Z,BINANCE,ETHUSDT,1711.12,291894.82744,1,1782076164314
2026-06-21T21:14:28.503Z,BINANCE,ETHUSD_PERP,1708.94,307510,1,1782076164169
2026-06-21T21:14:28.503Z,BINANCE,ETHUSDT,1711.07,73760.80556,1,1782076162706
2026-06-21T21:14:28.503Z,BINANCE,ETHUSDT,1712.72,469.28528,1,1782076160420
2026-06-21T21:14:28.503Z,BINANCE,ETHUSDC,1710.69,987.06813,1,1782076158700
2026-06-21T21:14:28.503Z,BINANCE,ETHUSDT,1711.89,74694.89637,1,1782076158205
2026-06-21T21:19:32.291Z,BINANCE,ETHUSDC,1701.03,2619.5862,1,1782076706556
2026-06-21T21:19:32.291Z,BINANCE,ETHUSDT_260626,1704.15,8750.81025,1,1782076705566
2026-06-21T21:19:32.291Z,BINANCE,ETHUSDT,1702.45,10960.3731,1,1782076704516
2026-06-21T21:19:32.291Z,BINANCE,ETHUSDT,1702.39,17023.9,1,1782076703636
2026-06-21T21:19:32.291Z,BINANCE,ETHUSDC,1701.24,850.62,1,1782076702157
2026-06-21T21:19:32.291Z,BINANCE,ETHUSD_PERP,1700.55,110,1,1782076702071
2026-06-21T21:19:32.291Z,BINANCE,ETHUSDT,1702.37,126550.78106,1,1782076701446
2026-06-21T21:19:32.291Z,BINANCE,ETHUSDT,1702.49,20429.88,1,1782076701343
2026-06-21T21:19:32.291Z,BINANCE,ETHUSDT,1704.42,221.5746,1,1782076690428
2026-06-21T21:19:32.291Z,BINANCE,ETHUSDT,1705.91,448.65433,1,1782076669619
2026-06-21T21:21:43.369Z,BINANCE,ETHUSDT,1712.71,2447.46259,2,1782076871347
2026-06-21T21:21:43.369Z,BINANCE,ETHUSDT,1712.6,2231.5178,2,1782076869689
2026-06-21T21:21:43.369Z,BINANCE,ETHUSDT,1710.3,58410.1656,2,1782076865485
2026-06-21T21:25:19.858Z,BINANCE,ETHUSDT,1716.27,104.69247,2,1782077007793
2026-06-21T21:25:19.858Z,BINANCE,ETHUSDT,1715.62,444.34558,2,1782076998301
2026-06-21T21:25:19.858Z,BINANCE,ETHUSDT,1715.54,1284.93946,2,1782076992062
2026-06-21T21:25:19.858Z,BINANCE,ETHUSDT,1715.25,30214.12875,2,1782076987698
2026-06-21T21:25:19.858Z,BINANCE,ETHUSDT,1714.54,200.60118,2,1782076917276
2026-06-21T21:26:27.770Z,BINANCE,ETHUSDT,1712.04,112941.56676,1,1782077119620
2026-06-21T21:32:02.602Z,BINANCE,ETHUSDT,1716.94,1311.74216,2,1782077513602
2026-06-21T21:38:51.111Z,BINANCE,ETHUSDT,1716.77,6031.01301,2,1782077910605
2026-06-21T21:39:55.203Z,BINANCE,ETHUSDT,1722.12,3330.58008,2,1782077969243
2026-06-21T21:39:55.203Z,BINANCE,ETHUSDT,1720.47,337.21212,2,1782077952670
2026-06-21T21:39:55.203Z,BINANCE,ETHUSDT,1719.38,560.51788,2,1782077947844
2026-06-21T21:39:55.203Z,BINANCE,ETHUSDT,1719.25,34385,2,1782077946661
2026-06-21T21:39:55.203Z,BINANCE,ETHUSDT,1718.2,11109.8812,2,1782077939445
2026-06-21T21:39:55.203Z,BINANCE,ETHUSDT_260925,1726.2,4287.8808,2,1782077939445
2026-06-21T21:39:55.203Z,BINANCE,ETHUSDC,1716.4,3358.9948,2,1782077939445
2026-06-21T21:39:55.203Z,BINANCE,ETHUSDT_260626,1720.09,249.41305,2,1782077939445
2026-06-21T21:39:55.203Z,BINANCE,ETHUSDT,1718.4,295.5648,2,1782077938116
2026-06-21T21:41:03.388Z,BINANCE,ETHUSDT,1723.27,3446.54,2,1782077994159
2026-06-21T22:00:18.827Z,BINANCE,ETHUSDT,1713.59,1346.88174,1,1782079206607
2026-06-21T22:00:18.827Z,BINANCE,ETHUSDT,1712.82,25168.17708,1,1782079204311
2026-06-21T22:04:55.629Z,BINANCE,ETHUSDT,1720.4,1610.2944,2,1782079424290
2026-06-21T22:09:42.072Z,BINANCE,ETHUSDT,1712.7,1892.5335,1,1782079762164
2026-06-21T22:09:42.072Z,BINANCE,ETHUSDT,1713.52,5075.44624,1,1782079754179
2026-06-21T22:12:28.547Z,BINANCE,ETHUSDT,1712.24,823.58744,1,1782079941179
2026-06-21T22:12:28.547Z,BINANCE,ETHUSDT,1712.38,2294.5892,1,1782079938149
2026-06-21T22:19:05.826Z,BINANCE,ETHUSDT,1716.57,223.1541,2,1782080285137
2026-06-21T22:30:20.443Z,BINANCE,ETHUSDT,1711.35,586.99305,1,1782081013829
2026-06-21T22:30:20.443Z,BINANCE,ETHUSDT,1711.42,97446.54338,1,1782081012354
2026-06-21T22:30:20.443Z,BINANCE,ETHUSDT,1712.04,123.26688,1,1782081010343
2026-06-21T22:30:20.443Z,BINANCE,ETHUSDT,1712.3,4537.595,1,1782081009248
2026-06-21T22:31:28.886Z,BINANCE,ETHUSDT,1708.52,1252.34516,1,1782081059409
2026-06-21T22:31:28.886Z,BINANCE,ETHUSDT,1707.92,2092.202,1,1782081057707
2026-06-21T22:31:28.886Z,BINANCE,ETHUSDT,1707.86,1707.86,1,1782081056218
2026-06-21T22:31:28.886Z,BINANCE,ETHUSDC,1706.51,684.31051,1,1782081055612
2026-06-21T22:31:28.886Z,BINANCE,ETHUSD_PERP,1706.11,520,1,1782081055164
2026-06-21T22:31:28.886Z,BINANCE,ETHUSDT,1708.17,1238.42325,1,1782081054400
2026-06-21T22:31:28.886Z,BINANCE,ETHUSDT,1709.33,7714.20629,1,1782081049353
2026-06-21T22:31:28.886Z,BINANCE,ETHUSDT,1709.16,984.47616,1,1782081048127
2026-06-21T22:31:28.886Z,BINANCE,ETHUSDT,1709.54,425.67546,1,1782081025620
2026-06-21T22:31:28.886Z,BINANCE,ETHUSDT,1710.03,298181.35116,1,1782081022241
2026-06-21T22:31:28.886Z,BINANCE,ETHUSDT,1709.99,29882.07525,1,1782081020597
2026-06-21T22:32:31.548Z,BINANCE,ETHUSDT,1713.96,4572.84528,2,1782081125407
2026-06-21T22:52:55.576Z,BINANCE,ETHUSDT,1717.31,2407.66862,2,1782082359492
2026-06-21T22:55:16.616Z,BINANCE,ETHUSDT,1718.43,12169.92126,2,1782082511561
2026-06-21T22:55:16.616Z,BINANCE,ETHUSDT,1718.3,290.3927,2,1782082505442
2026-06-21T23:00:51.086Z,BINANCE,ETHUSDT,1714.01,39449.65416,1,1782082834219
2026-06-21T23:01:54.294Z,BINANCE,ETHUSDT,1711.87,1157.22412,1,1782082892137
2026-06-21T23:01:54.294Z,BINANCE,ETHUSDT,1712.47,162.68465,1,1782082876550
2026-06-21T23:04:54.989Z,BINANCE,ETHUSDT,1709.34,1805.06304,1,1782082925424
2026-06-21T23:04:54.989Z,BINANCE,ETHUSDT,1709.73,68389.2,1,1782082923145
2026-06-21T23:04:54.989Z,BINANCE,ETHUSDT,1710.57,4214.84448,1,1782082919188
2026-06-21T23:15:07.327Z,BINANCE,ETHUSDT,1711.18,7933.03048,1,1782083660551
2026-06-21T23:15:07.327Z,BINANCE,ETHUSDT,1710.72,766.40256,1,1782083645503
2026-06-21T23:26:28.687Z,BINANCE,ETHUSDT,1715.72,15182.40628,2,1782084331526
2026-06-21T23:35:29.386Z,BINANCE,ETHUSDT,1705,79609.86,1,1782084823235
2026-06-21T23:35:29.386Z,BINANCE,ETHUSDT,1705.25,196796.0815,1,1782084821681
2026-06-21T23:35:29.386Z,BINANCE,ETHUSDT,1705.22,598.53222,1,1782084820099
2026-06-21T23:35:29.386Z,BINANCE,ETHUSDC,1703.68,402.06848,1,1782084811598
2026-06-21T23:35:29.386Z,BINANCE,ETHUSDC,1703.95,24797.58435,1,1782084808828
2026-06-21T23:35:29.386Z,BINANCE,ETHUSDT,1705.5,1628.7525,1,1782084808613
2026-06-21T23:35:29.386Z,BINANCE,ETHUSDT,1705.22,52299.0974,1,1782084806443
2026-06-21T23:35:29.386Z,BINANCE,ETHUSDT,1706.16,9934.96968,1,1782084803640
2026-06-21T23:35:29.386Z,BINANCE,ETHUSDT,1706.44,1706.44,1,1782084789320
2026-06-21T23:35:29.386Z,BINANCE,ETHUSDT,1706.47,109.21408,1,1782084702597
2026-06-21T23:35:29.386Z,BINANCE,ETHUSDT,1705.72,2747.91492,1,1782084701482
2026-06-21T23:35:29.386Z,BINANCE,ETHUSDT,1705.72,29952.4432,1,1782084701355
2026-06-21T23:35:29.386Z,BINANCE,ETHUSDC,1705.55,1372.96775,1,1782084695383
2026-06-21T23:35:29.386Z,BINANCE,ETHUSDT,1706.19,4975.25004,1,1782084693493
2026-06-21T23:35:29.386Z,BINANCE,ETHUSDC,1705.24,830.45188,1,1782084689012
2026-06-21T23:35:29.386Z,BINANCE,ETHUSDT,1707.27,9386.57046,1,1782084687709
2026-06-21T23:35:29.386Z,BINANCE,ETHUSDT,1707.05,636.72965,1,1782084686422
2026-06-21T23:35:29.386Z,BINANCE,ETHUSDT,1706.34,6543.8139,1,1782084685064
2026-06-21T23:35:29.386Z,BINANCE,ETHUSDT,1708.57,521.11385,1,1782084680621
2026-06-21T23:35:29.386Z,BINANCE,ETHUSDT,1709.76,100.87584,1,1782084677215
2026-06-21T23:36:42.493Z,BINANCE,ETHUSDT,1705.23,64745.87787,1,1782084997735
2026-06-21T23:36:42.493Z,BINANCE,ETHUSDT,1707.18,315.8283,1,1782084927457
2026-06-21T23:37:55.432Z,BINANCE,ETHUSDT,1705,39811.75,1,1782085043188
2026-06-21T23:37:55.432Z,BINANCE,ETHUSDT,1704.81,107.40303,1,1782085006320
2026-06-21T23:44:32.829Z,BINANCE,ETHUSDT,1703.81,1444.83088,1,1782085468370
2026-06-21T23:48:07.102Z,BINANCE,ETHUSDT,1705.83,694.27281,1,1782085629703
2026-06-21T23:52:38.844Z,BINANCE,ETHUSDT,1707.38,2011.29364,1,1782085895180
2026-06-21T23:53:41.621Z,BINANCE,ETHUSDT,1705.14,547.34994,1,1782085960547
2026-06-21T23:55:52.318Z,BINANCE,ETHUSDT,1704.08,85204,1,1782086109132
2026-06-21T23:55:52.318Z,BINANCE,ETHUSDT,1704.32,1285.05728,1,1782086089675
2026-06-21T23:58:08.088Z,BINANCE,ETHUSDT,1705.96,85298,1,1782086278929
2026-06-21T23:58:08.088Z,BINANCE,ETHUSDT,1705.98,8529.9,1,1782086277067
2026-06-21T23:58:08.088Z,BINANCE,ETHUSDT,1706.02,2953.12062,1,1782086254577
2026-06-21T23:58:08.088Z,BINANCE,ETHUSDT,1706.18,25592.7,1,1782086252970
2026-06-22T00:00:29.629Z,BINANCE,ETHUSDT,1707.81,4172.17983,1,1782086425599
2026-06-22T00:00:29.629Z,BINANCE,ETHUSDT,1707.32,22195.16,1,1782086419883
2026-06-22T00:01:42.827Z,BINANCE,ETHUSDT,1710.34,10785.40404,2,1782086435517
2026-06-22T00:01:42.827Z,BINANCE,ETHUSDT,1709.5,112.827,2,1782086433104
2026-06-22T00:06:04.448Z,BINANCE,ETHUSDT,1711.85,799.43395,2,1782086754150
2026-06-22T00:07:07.204Z,BINANCE,ETHUSDT,1712.83,22592.2277,2,1782086769090
2026-06-22T00:10:31.245Z,BINANCE,ETHUSDT,1715.14,433.93042,2,1782087012539
2026-06-22T00:10:31.245Z,BINANCE,ETHUSDT,1715.1,5404.2801,2,1782087009485
2026-06-22T00:10:31.245Z,BINANCE,ETHUSDT,1714.96,6859.84,2,1782087004264
2026-06-22T00:18:43.346Z,BINANCE,ETHUSDT,1716.88,17064.07032,2,1782087519582
2026-06-22T00:18:43.346Z,BINANCE,ETHUSDT,1716.9,506.4855,2,1782087517627
2026-06-22T00:18:43.346Z,BINANCE,ETHUSDT,1716.56,3433.12,2,1782087515445
2026-06-22T00:19:51.324Z,BINANCE,ETHUSDT,1719.66,987.08484,2,1782087537301
2026-06-22T00:19:51.324Z,BINANCE,ETHUSDT,1719.53,1719.53,2,1782087535632
2026-06-22T00:19:51.324Z,BINANCE,ETHUSDC,1717.66,34353.2,2,1782087534891
2026-06-22T00:19:51.324Z,BINANCE,ETHUSDT,1719.42,1636.88784,2,1782087533343
2026-06-22T00:19:51.324Z,BINANCE,ETHUSDT,1718.38,12636.96652,2,1782087527488
2026-06-22T00:19:51.324Z,BINANCE,ETHUSDT,1718.24,11276.80912,2,1782087526801
2026-06-22T00:19:51.324Z,BINANCE,ETHUSDC,1716.65,2734.62345,2,1782087526090
2026-06-22T00:19:51.324Z,BINANCE,ETHUSDT,1718.37,945.1035,2,1782087525300
2026-06-22T00:27:41.773Z,BINANCE,ETHUSDT,1720.35,362.99385,2,1782088028651
2026-06-22T00:27:41.773Z,BINANCE,ETHUSDT,1720.35,1467.45855,2,1782088028283
2026-06-22T00:31:06.120Z,BINANCE,ETHUSDT,1720.43,366.45159,2,1782088206607
2026-06-22T00:31:06.120Z,BINANCE,ETHUSDT,1720.84,703.82356,2,1782088205517
2026-06-22T00:32:19.747Z,BINANCE,ETHUSDT,1721.95,6124.97615,2,1782088295565
2026-06-22T00:32:19.747Z,BINANCE,ETHUSDC,1719.14,1031.484,2,1782088278370
2026-06-22T00:32:19.747Z,BINANCE,ETHUSDT,1720.86,3452.04516,2,1782088277735
2026-06-22T00:36:51.386Z,BINANCE,ETHUSDT,1722.43,13810.44374,2,1782088604546
2026-06-22T00:36:51.386Z,BINANCE,ETHUSDT,1722.64,10335.84,2,1782088603068
2026-06-22T00:36:51.386Z,BINANCE,ETHUSDT,1722.57,501.26787,2,1782088598298
2026-06-22T00:37:55.551Z,BINANCE,ETHUSDT,1728.61,5922.21786,2,1782088671736
2026-06-22T00:37:55.551Z,BINANCE,ETHUSDC,1727,40394.53,2,1782088671446
2026-06-22T00:37:55.551Z,BINANCE,ETHUSDT,1729.91,71848.35203,2,1782088670551
2026-06-22T00:37:55.551Z,BINANCE,ETHUSDT,1728.92,43546.30804,2,1782088668651
2026-06-22T00:37:55.551Z,BINANCE,ETHUSDT,1727.38,35874.22784,2,1782088667324
2026-06-22T00:37:55.551Z,BINANCE,ETHUSDC,1724.88,196.63632,2,1782088660779
2026-06-22T00:37:55.551Z,BINANCE,ETHUSDT,1726.43,14997.49741,2,1782088660472
2026-06-22T00:37:55.551Z,BINANCE,ETHUSDT,1726.3,19522.7267,2,1782088656407
2026-06-22T00:37:55.551Z,BINANCE,ETHUSDT,1726.33,6905.32,2,1782088655649
2026-06-22T00:37:55.551Z,BINANCE,ETHUSDT,1726.53,8632.65,2,1782088654141
2026-06-22T00:37:55.551Z,BINANCE,ETHUSDT,1724.5,1005.3835,2,1782088646341
2026-06-22T00:37:55.551Z,BINANCE,ETHUSDT,1724.57,6010.12645,2,1782088643403
2026-06-22T00:37:55.551Z,BINANCE,ETHUSDT,1724.26,401.75258,2,1782088640750
2026-06-22T00:37:55.551Z,BINANCE,ETHUSDT,1724.25,14131.953,2,1782088639094
2026-06-22T00:37:55.551Z,BINANCE,ETHUSDT,1723.53,1496.02404,2,1782088621392
2026-06-22T00:37:55.551Z,BINANCE,ETHUSDT,1723.97,1279.18574,2,1782088620282
2026-06-22T00:41:52.582Z,BINANCE,ETHUSDT,1729.36,3612.63304,2,1782088897026
2026-06-22T00:41:52.582Z,BINANCE,ETHUSDT,1728.63,34939.06956,2,1782088864493
2026-06-22T00:41:52.582Z,BINANCE,ETHUSDT,1730.28,9994.09728,2,1782088690419
2026-06-22T00:41:52.582Z,BINANCE,ETHUSDT,1730.74,224.9962,2,1782088681602
2026-06-22T00:41:52.582Z,BINANCE,ETHUSDC,1729.3,17465.93,2,1782088681129
2026-06-22T00:41:52.582Z,BINANCE,ETHUSDT,1731.6,17823.3588,2,1782088680733
2026-06-22T00:41:52.582Z,BINANCE,ETHUSDT,1731,75738.174,2,1782088680214
2026-06-22T00:41:52.582Z,BINANCE,ETHUSDT,1731.44,2212.78032,2,1782088679357
2026-06-22T00:45:07.063Z,BINANCE,ETHUSDT,1726.07,16570.272,1,1782089046780
2026-06-22T00:46:15.138Z,BINANCE,ETHUSDT,1723.61,108.58743,1,1782089166177
2026-06-22T00:48:32.000Z,BINANCE,ETHUSDT,1724.55,291.44895,2,1782089287699
2026-06-22T00:49:39.954Z,BINANCE,ETHUSDT,1722.83,298.04959,1,1782089338373
2026-06-22T00:50:42.970Z,BINANCE,ETHUSDT,1720.81,2582.93581,1,1782089424554
2026-06-22T00:50:42.970Z,BINANCE,ETHUSDT,1720.87,2390.28843,1,1782089422555
2026-06-22T00:50:42.970Z,BINANCE,ETHUSDT,1722.21,1074.65904,1,1782089414036
2026-06-22T00:51:50.947Z,BINANCE,ETHUSDT,1721.11,127.36214,1,1782089470360
2026-06-22T00:58:18.309Z,BINANCE,ETHUSDT,1725.63,4510.79682,2,1782089852349
2026-06-22T01:00:40.647Z,BINANCE,ETHUSDT,1727.16,213383.70936,2,1782090004972
2026-06-22T01:04:20.057Z,BINANCE,ETHUSDT,1729.63,5543.46415,2,1782090188768
2026-06-22T01:17:59.227Z,BINANCE,ETHUSDT,1729.66,1852.46586,2,1782091027505
2026-06-22T01:17:59.227Z,BINANCE,ETHUSDT,1729.57,190.2527,2,1782091024250
2026-06-22T01:20:18.894Z,BINANCE,ETHUSDT,1733.62,101290.21574,2,1782091108080
2026-06-22T01:20:18.894Z,BINANCE,ETHUSDT,1733.72,625.87292,2,1782091105393
2026-06-22T01:20:18.894Z,BINANCE,ETHUSDC,1732,32052.392,2,1782091105109
2026-06-22T01:20:18.894Z,BINANCE,ETHUSDT,1733.97,13205.91552,2,1782091103400
2026-06-22T01:20:18.894Z,BINANCE,ETHUSDT,1733.5,1497.744,2,1782091102389
2026-06-22T01:20:18.894Z,BINANCE,ETHUSDC,1731.16,273.52328,2,1782091101637
2026-06-22T01:20:18.894Z,BINANCE,ETHUSDT,1732.86,24260.04,2,1782091101517
2026-06-22T01:20:18.894Z,BINANCE,ETHUSDT,1731.74,271.88318,2,1782091086688
2026-06-22T01:20:18.894Z,BINANCE,ETHUSDT,1731.79,31542.82306,2,1782091086261
2026-06-22T01:20:18.894Z,BINANCE,ETHUSD_PERP,1729.99,380,2,1782091086074
2026-06-22T01:20:18.894Z,BINANCE,ETHUSDT,1730.8,289.0436,2,1782091077220
2026-06-22T01:22:29.443Z,BINANCE,ETHUSDT,1734.64,18213.72,2,1782091344504
2026-06-22T01:22:29.443Z,BINANCE,ETHUSD_PERP,1732.4,1500,2,1782091343073
2026-06-22T01:23:42.599Z,BINANCE,ETHUSDT,1737.79,2955.98079,2,1782091419146
2026-06-22T01:23:42.599Z,BINANCE,ETHUSDT,1737.36,3474.72,2,1782091414659
2026-06-22T01:23:42.599Z,BINANCE,ETHUSDC,1735.91,16576.20459,2,1782091413225
2026-06-22T01:23:42.599Z,BINANCE,ETHUSDT,1737.43,1005.97197,2,1782091413193
2026-06-22T01:23:42.599Z,BINANCE,ETHUSDT,1737.49,15017.12607,2,1782091412580
2026-06-22T01:23:42.599Z,BINANCE,ETHUSDT,1736.46,359.44722,2,1782091399367
2026-06-22T01:23:42.599Z,BINANCE,ETHUSDT,1736.26,781.317,2,1782091393680
2026-06-22T01:23:42.599Z,BINANCE,ETHUSDT,1736.26,993.14072,2,1782091392651
2026-06-22T01:23:42.599Z,BINANCE,ETHUSDT,1736.34,1385.59932,2,1782091391264
2026-06-22T01:23:42.599Z,BINANCE,ETHUSDT,1736,30340.072,2,1782091390202
2026-06-22T01:23:42.599Z,BINANCE,ETHUSDT,1735.85,1083.1704,2,1782091388239
2026-06-22T01:23:42.599Z,BINANCE,ETHUSDT,1735.58,40012.06132,2,1782091371153
2026-06-22T01:23:42.599Z,BINANCE,ETHUSDT,1735.37,30563.33644,2,1782091370159
2026-06-22T01:23:42.599Z,BINANCE,ETHUSDT,1734.99,3117.77703,2,1782091351543
2026-06-22T01:23:42.599Z,BINANCE,ETHUSDT,1734.72,393.78144,2,1782091348511
2026-06-22T01:25:31.496Z,BINANCE,ETHUSDT,1742.24,6968.96,2,1782091443970
2026-06-22T01:25:31.496Z,BINANCE,ETHUSDT,1743.41,24062.54482,2,1782091441292
2026-06-22T01:25:31.496Z,BINANCE,ETHUSDT,1743.02,4329.66168,2,1782091440396
2026-06-22T01:25:31.496Z,BINANCE,ETHUSDT,1743,1010.94,2,1782091439367
2026-06-22T01:25:31.496Z,BINANCE,ETHUSDT,1743.12,26146.8,2,1782091437701
2026-06-22T01:25:31.496Z,BINANCE,ETHUSDC,1741.52,9893.57512,2,1782091437256
2026-06-22T01:25:31.496Z,BINANCE,ETHUSDT,1743.03,8715.15,2,1782091437114
2026-06-22T01:25:31.496Z,BINANCE,ETHUSDT,1743.3,3312270,2,1782091434754
2026-06-22T01:25:31.496Z,BINANCE,ETHUSDT,1741.45,17414.5,2,1782091431561
2026-06-22T01:25:31.496Z,BINANCE,ETHUSDT,1741.2,35428.1964,2,1782091428536
2026-06-22T01:25:31.496Z,BINANCE,ETHUSDC,1740.04,34853.0012,2,1782091426769
2026-06-22T01:25:31.496Z,BINANCE,ETHUSDC,1739.89,50143.6298,2,1782091426265
2026-06-22T01:25:31.496Z,BINANCE,ETHUSDT,1741.52,515550.8732,2,1782091425775
2026-06-22T01:25:31.496Z,BINANCE,ETHUSDT,1740.93,29275.47888,2,1782091424504
2026-06-22T01:25:31.496Z,BINANCE,ETHUSDT_260626,1743.95,20479.20485,2,1782091424364
2026-06-22T01:25:31.496Z,BINANCE,ETHUSDT,1742.9,15123.1433,2,1782091423144
2026-06-22T01:25:31.496Z,BINANCE,ETHUSDT,1738.16,7126.456,2,1782091422404
2026-06-22T01:25:31.496Z,BINANCE,ETHUSDT,1737.91,243.3074,2,1782091420702
2026-06-22T01:28:17.951Z,BINANCE,ETHUSDT,1753.28,19009.06176,1,1782091670272
2026-06-22T01:28:17.951Z,BINANCE,ETHUSDT,1758.06,7213.32018,2,1782091646578
2026-06-22T01:28:17.951Z,BINANCE,ETHUSDC,1756.55,27693.7673,2,1782091646538
2026-06-22T01:28:17.951Z,BINANCE,ETHUSDT,1758.06,17580.6,2,1782091646316
2026-06-22T01:28:17.951Z,BINANCE,ETHUSDT,1758.54,640.10856,2,1782091645095
2026-06-22T01:28:17.951Z,BINANCE,ETHUSDC,1755.51,135.17427,2,1782091640703
2026-06-22T01:28:17.951Z,BINANCE,ETHUSDT_260925,1765.45,293.0647,2,1782091640647
2026-06-22T01:28:17.951Z,BINANCE,ETHUSDT_260626,1759.72,17597.2,2,1782091640538
2026-06-22T01:28:17.951Z,BINANCE,ETHUSDT,1756.72,17567.2,2,1782091639855
2026-06-22T01:28:17.951Z,BINANCE,ETHUSDT,1757.53,9747.26138,2,1782091639527
2026-06-22T01:28:17.951Z,BINANCE,ETHUSDT,1755.97,923.64022,2,1782091604656
2026-06-22T01:28:17.951Z,BINANCE,ETHUSDT_260626,1758.77,318.33737,2,1782091604296
2026-06-22T01:28:17.951Z,BINANCE,ETHUSDC,1754.84,1754.84,2,1782091604246
2026-06-22T01:28:17.951Z,BINANCE,ETHUSDT,1756.94,302576.69292,2,1782091603643
2026-06-22T01:28:17.951Z,BINANCE,ETHUSDT,1756.72,239627.14832,2,1782091602661
2026-06-22T01:28:17.951Z,BINANCE,ETHUSD_PERP,1754.04,770,2,1782091602057
2026-06-22T01:28:17.951Z,BINANCE,ETHUSDC,1750.83,5114.17443,2,1782091585698
2026-06-22T01:28:17.951Z,BINANCE,ETHUSDT,1752.73,175273,2,1782091585626
2026-06-22T01:28:17.951Z,BINANCE,ETHUSDT,1753.92,528964.7328,2,1782091585298
2026-06-22T01:28:17.951Z,BINANCE,ETHUSDC,1752.11,52563.3,2,1782091585293
2026-06-22T01:28:17.951Z,BINANCE,ETHUSDT,1753.48,164478.17748,2,1782091583127
2026-06-22T01:28:17.951Z,BINANCE,ETHUSDT,1748.4,63050.8008,2,1782091581590
2026-06-22T01:28:17.951Z,BINANCE,ETHUSDC,1747.03,36156.53288,2,1782091581501
2026-06-22T01:28:17.951Z,BINANCE,ETHUSDC,1746.29,36029.45528,2,1782091580290
2026-06-22T01:28:17.951Z,BINANCE,ETHUSDT,1747.75,162035.65025,2,1782091580090
2026-06-22T01:28:17.951Z,BINANCE,ETHUSDT,1748,268671.096,2,1782091578443
2026-06-22T01:28:17.951Z,BINANCE,ETHUSDT_260626,1750.43,826.20296,2,1782091578253
2026-06-22T01:28:17.951Z,BINANCE,ETHUSDC,1745.77,17457.7,2,1782091577318
2026-06-22T01:28:17.951Z,BINANCE,ETHUSDT,1747.45,77146.4226,2,1782091577278
2026-06-22T01:28:17.951Z,BINANCE,ETHUSDC,1745.27,349.054,2,1782091576437
2026-06-22T01:28:17.951Z,BINANCE,ETHUSDT,1746.47,34929.4,2,1782091576334
2026-06-22T01:28:17.951Z,BINANCE,ETHUSDT,1744.67,319.27461,2,1782091575148
2026-06-22T01:28:17.951Z,BINANCE,ETHUSDC,1741.38,208.9656,2,1782091563353
2026-06-22T01:28:17.951Z,BINANCE,ETHUSDT,1743.4,4020.2804,2,1782091562059
2026-06-22T01:28:17.951Z,BINANCE,ETHUSDT,1743.76,4110.04232,2,1782091561099
2026-06-22T01:28:17.951Z,BINANCE,ETHUSDT,1742.84,522.852,2,1782091559254
2026-06-22T01:28:17.951Z,BINANCE,ETHUSDT,1742.84,3698.30648,2,1782091558646
2026-06-22T01:28:17.951Z,BINANCE,ETHUSDT,1742.17,13315.40531,2,1782091542577
2026-06-22T01:31:18.543Z,BINANCE,ETHUSDT,1753.82,2404.48722,2,1782091819390
2026-06-22T01:31:18.543Z,BINANCE,ETHUSDC,1746.48,4820.2848,1,1782091750678
2026-06-22T01:31:18.543Z,BINANCE,ETHUSDT,1748.73,493.14186,1,1782091742238
2026-06-22T01:33:07.487Z,BINANCE,ETHUSDT,1746.51,11008.25253,1,1782091976553
2026-06-22T01:33:07.487Z,BINANCE,ETHUSDT,1746.63,5714.97336,1,1782091922326
2026-06-22T01:34:15.444Z,BINANCE,ETHUSDT,1742.68,12198.76,1,1782092038618
2026-06-22T01:34:15.444Z,BINANCE,ETHUSDT,1742.65,707.5159,1,1782092032541
2026-06-22T01:34:15.444Z,BINANCE,ETHUSDT,1744.29,4160.13165,1,1782092002286
2026-06-22T01:36:29.887Z,BINANCE,ETHUSDT,1742.62,778.95114,1,1782092055455
2026-06-22T01:37:32.643Z,BINANCE,ETHUSDT,1741.48,46814.46536,1,1782092196440
2026-06-22T01:39:44.298Z,BINANCE,ETHUSDT,1745.82,710.54874,2,1782092361217
2026-06-22T01:40:52.371Z,BINANCE,ETHUSDT,1745.93,3083.31238,2,1782092427351
2026-06-22T02:02:31.280Z,BINANCE,ETHUSDT,1739.21,2681.86182,1,1782093746656
2026-06-22T02:02:31.280Z,BINANCE,ETHUSDT,1739.68,11777.6336,1,1782093745585
2026-06-22T02:02:31.280Z,BINANCE,ETHUSDT,1740.81,1222.04862,2,1782093734750
2026-06-22T02:09:29.699Z,BINANCE,ETHUSDT,1740.49,415.97711,2,1782094116527
2026-06-22T02:17:20.290Z,BINANCE,ETHUSDT,1742.82,101.08356,2,1782094612383
2026-06-22T02:17:20.290Z,BINANCE,ETHUSDT,1742.82,1125.86172,2,1782094610787
2026-06-22T02:18:28.139Z,BINANCE,ETHUSDT,1744,120.336,2,1782094687555
2026-06-22T02:18:28.139Z,BINANCE,ETHUSDT,1743.67,125.54424,2,1782094675597
2026-06-22T02:18:28.139Z,BINANCE,ETHUSDT,1743.3,113.3145,2,1782094673258
2026-06-22T02:19:30.827Z,BINANCE,ETHUSDT,1744.37,865.20752,2,1782094735591
2026-06-22T02:19:30.827Z,BINANCE,ETHUSDT,1744.33,57993.73951,2,1782094734430
2026-06-22T02:40:54.837Z,BINANCE,ETHUSDT,1743.55,104.613,2,1782096020415
2026-06-22T02:42:07.786Z,BINANCE,ETHUSDT,1744.37,10023.15002,2,1782096058069
2026-06-22T02:50:54.880Z,BINANCE,ETHUSDT,1737,745.173,1,1782096647221
2026-06-22T02:50:54.880Z,BINANCE,ETHUSDC,1735.72,12150.04,1,1782096630880
2026-06-22T02:50:54.880Z,BINANCE,ETHUSDT,1737.19,5835.22121,1,1782096627524
2026-06-22T02:52:07.858Z,BINANCE,ETHUSDT,1736.95,277.912,1,1782096653342
2026-06-22T03:01:06.246Z,BINANCE,ETHUSDT,1733.65,11542.6417,1,1782097263282
2026-06-22T03:01:06.246Z,BINANCE,ETHUSDT,1733.58,1116.42552,1,1782097261533
2026-06-22T03:01:06.246Z,BINANCE,ETHUSDT,1735.18,138.8144,1,1782097241278
2026-06-22T03:01:06.246Z,BINANCE,ETHUSDT,1735.2,437.2704,1,1782097239383
2026-06-22T03:01:06.246Z,BINANCE,ETHUSDT,1735.59,5540.00328,1,1782097218334
2026-06-22T03:01:06.246Z,BINANCE,ETHUSDT,1736,239.568,1,1782097215291
2026-06-22T03:01:06.246Z,BINANCE,ETHUSDT,1736.49,284.78436,1,1782097201188
2026-06-22T03:02:19.448Z,BINANCE,ETHUSDT_260626,1729.58,247.32994,1,1782097315855
2026-06-22T03:02:19.448Z,BINANCE,ETHUSDT,1727.72,1698.34876,1,1782097315579
2026-06-22T03:02:19.448Z,BINANCE,ETHUSDT,1726.53,8632.65,1,1782097314798
2026-06-22T03:02:19.448Z,BINANCE,ETHUSDC,1724.47,15185.68282,1,1782097314449
2026-06-22T03:02:19.448Z,BINANCE,ETHUSDT,1726.74,5794.93944,1,1782097313605
2026-06-22T03:02:19.448Z,BINANCE,ETHUSDT,1728.72,924.8652,1,1782097309695
2026-06-22T03:02:19.448Z,BINANCE,ETHUSDC,1727.01,24178.14,1,1782097307553
2026-06-22T03:02:19.448Z,BINANCE,ETHUSDT,1728.72,36918.54432,1,1782097307506
2026-06-22T03:02:19.448Z,BINANCE,ETHUSDT,1728.72,11011.9464,1,1782097306857
2026-06-22T03:02:19.448Z,BINANCE,ETHUSDT,1730.24,1785.60768,1,1782097283109
2026-06-22T03:02:19.448Z,BINANCE,ETHUSDT,1730.09,8366.71524,1,1782097282581
2026-06-22T03:02:19.448Z,BINANCE,ETHUSDT,1730.67,7185.74184,1,1782097280727
2026-06-22T03:02:19.448Z,BINANCE,ETHUSDT,1731,9534.348,1,1782097279118
2026-06-22T03:02:19.448Z,BINANCE,ETHUSDC,1730.28,1953.48612,1,1782097277187
2026-06-22T03:02:19.448Z,BINANCE,ETHUSDT,1731.57,1070.11026,1,1782097276344
2026-06-22T03:02:19.448Z,BINANCE,ETHUSDT,1731.72,148489.79484,1,1782097275520
2026-06-22T03:02:19.448Z,BINANCE,ETHUSDT,1731.38,1632.69134,1,1782097273360
2026-06-22T03:02:19.448Z,BINANCE,ETHUSDT,1732.14,9949.41216,1,1782097272369
2026-06-22T03:02:19.448Z,BINANCE,ETHUSDT,1733,1901.101,1,1782097266137
2026-06-22T03:05:06.150Z,BINANCE,ETHUSDT,1732.23,3838.62168,2,1782097387541
2026-06-22T03:20:30.691Z,BINANCE,ETHUSDT,1737.52,21378.44608,2,1782098411466
2026-06-22T03:25:07.540Z,BINANCE,ETHUSDT,1738.31,2734.36163,2,1782098703632
2026-06-22T03:32:53.463Z,BINANCE,ETHUSDT,1740.42,1030.32864,2,1782099130778
2026-06-22T03:32:53.463Z,BINANCE,ETHUSDT,1739.93,645.51403,2,1782099119489
2026-06-22T03:32:53.463Z,BINANCE,ETHUSDT,1739.79,4349.475,2,1782099118242
2026-06-22T03:46:38.009Z,BINANCE,ETHUSDT,1732.67,20947.9803,1,1782099967609
2026-06-22T03:47:30.586Z,BINANCE,ETHUSDT,1732.11,116.05137,1,1782100032757
2026-06-22T03:51:52.820Z,BINANCE,ETHUSDT,1730.22,171.29178,1,1782100275204
2026-06-22T03:51:52.820Z,BINANCE,ETHUSDT,1730.44,3213.42708,1,1782100274666
2026-06-22T03:56:30.190Z,BINANCE,ETHUSDC,1725.45,36151.6284,1,1782100566659
2026-06-22T03:56:30.190Z,BINANCE,ETHUSDT,1726.17,12083.19,1,1782100564622
2026-06-22T03:56:30.190Z,BINANCE,ETHUSDT,1728.74,994.0255,1,1782100556356
2026-06-22T03:56:30.190Z,BINANCE,ETHUSDT,1729.19,36166.00885,1,1782100549218
2026-06-22T03:56:30.190Z,BINANCE,ETHUSDC,1727.38,24183.32,1,1782100548132
2026-06-22T04:02:21.096Z,BINANCE,ETHUSDT,1726.82,3453.64,1,1782100934305
2026-06-22T04:18:16.660Z,BINANCE,ETHUSDT,1733.4,5890.0932,2,1782101863347
2026-06-22T04:27:06.022Z,BINANCE,ETHUSDT,1732.8,199.272,1,1782102357428
2026-06-22T04:55:20.231Z,BINANCE,ETHUSDT,1735.12,149.22032,2,1782104095585
2026-06-22T04:55:20.231Z,BINANCE,ETHUSDT,1734.82,3384.63382,2,1782104059629
2026-06-22T05:08:41.790Z,BINANCE,ETHUSDT,1737.17,237.99229,2,1782104896370
2026-06-22T05:08:41.790Z,BINANCE,ETHUSDT,1737.13,269736.33501,2,1782104893442
2026-06-22T05:08:41.790Z,BINANCE,ETHUSDT,1736.26,888.96512,2,1782104888129
2026-06-22T05:21:04.092Z,BINANCE,ETHUSDT,1736.64,703.3392,2,1782105611149
2026-06-22T05:26:28.310Z,BINANCE,ETHUSDT,1738.71,445.10976,2,1782105975395
2026-06-22T05:26:28.310Z,BINANCE,ETHUSDT,1738.46,1806.25994,2,1782105965523
2026-06-22T05:26:28.310Z,BINANCE,ETHUSDT,1738.39,212.08358,2,1782105947147
2026-06-22T05:28:39.303Z,BINANCE,ETHUSDT,1738.3,125.1576,2,1782106074473
2026-06-22T06:10:32.635Z,BINANCE,ETHUSDT,1739.48,1435.071,2,1782108614622
2026-06-22T06:10:32.635Z,BINANCE,ETHUSDT,1739.28,198.27792,2,1782108593251
2026-06-22T06:31:50.981Z,BINANCE,ETHUSDT,1733.45,2726.71685,1,1782109850268
2026-06-22T06:36:20.117Z,BINANCE,ETHUSDT,1732.53,3638.313,1,1782110153419
2026-06-22T07:03:54.504Z,BINANCE,ETHUSDT,1736.82,411.62634,2,1782111815334
2026-06-22T07:05:08.151Z,BINANCE,ETHUSDT,1741.09,262.90459,2,1782111898275
2026-06-22T07:05:08.151Z,BINANCE,ETHUSDT,1740.83,4639.31195,2,1782111891358
2026-06-22T07:05:08.151Z,BINANCE,ETHUSDT,1740.83,870.415,2,1782111890421
2026-06-22T07:05:08.151Z,BINANCE,ETHUSDC,1738.37,3714.89669,2,1782111883451
2026-06-22T07:05:08.151Z,BINANCE,ETHUSDT,1740.08,1505.1692,2,1782111881466
2026-06-22T07:05:08.151Z,BINANCE,ETHUSDT,1739.27,3642.03138,2,1782111856179
2026-06-22T07:05:08.151Z,BINANCE,ETHUSDT,1739.36,135.67008,2,1782111854793
2026-06-22T07:05:08.151Z,BINANCE,ETHUSDT,1739,11706.948,2,1782111852773
2026-06-22T07:05:08.151Z,BINANCE,ETHUSDT,1738.56,1208.2992,2,1782111849067
2026-06-22T07:05:08.151Z,BINANCE,ETHUSDT,1737.77,462.24682,2,1782111842897
2026-06-22T07:11:17.519Z,BINANCE,ETHUSDT,1743.61,1729.66112,2,1782112266636
2026-06-22T07:11:17.519Z,BINANCE,ETHUSDT,1743.61,8697.12668,2,1782112266421
2026-06-22T07:11:17.519Z,BINANCE,ETHUSDT,1743.47,329.51583,2,1782112264501
2026-06-22T07:11:17.519Z,BINANCE,ETHUSDT,1743.31,271.95636,2,1782112255125
2026-06-22T07:11:17.519Z,BINANCE,ETHUSDT,1742.99,149.89714,2,1782112252601
2026-06-22T07:11:17.519Z,BINANCE,ETHUSDT,1742.86,10648.8746,2,1782112252202
2026-06-22T07:11:17.519Z,BINANCE,ETHUSDC,1740.61,717.13132,2,1782112241819
2026-06-22T07:11:17.519Z,BINANCE,ETHUSDT,1742.06,12042.86078,2,1782112238244
2026-06-22T07:11:17.519Z,BINANCE,ETHUSDT,1741.66,8039.50256,2,1782112237212
2026-06-22T07:13:38.535Z,BINANCE,ETHUSDT,1745.5,1745.5,2,1782112404650
2026-06-22T07:13:38.535Z,BINANCE,ETHUSDT,1745.5,35674.529,2,1782112403629
2026-06-22T07:13:38.535Z,BINANCE,ETHUSDT,1745.5,11241.02,2,1782112403283
2026-06-22T07:13:38.535Z,BINANCE,ETHUSDT,1744.11,1506.91104,2,1782112391558
2026-06-22T07:13:38.535Z,BINANCE,ETHUSDT,1744.11,2877.7815,2,1782112390093
2026-06-22T07:13:38.535Z,BINANCE,ETHUSDT,1743.83,1004.44608,2,1782112383701
2026-06-22T07:15:54.622Z,BINANCE,ETHUSDT,1745.7,148.3845,2,1782112538217
2026-06-22T07:15:54.622Z,BINANCE,ETHUSDT,1745.7,174.57,2,1782112537079
2026-06-22T07:23:55.557Z,BINANCE,ETHUSDT,1744.44,150.02184,1,1782113010808
2026-06-22T07:23:55.557Z,BINANCE,ETHUSDT,1744.45,4765.8374,2,1782113006594
2026-06-22T07:23:55.557Z,BINANCE,ETHUSDT,1744.45,491.9349,2,1782113005153
2026-06-22T07:26:06.653Z,BINANCE,ETHUSDT,1747.51,1806.92534,2,1782113163708
2026-06-22T07:26:06.653Z,BINANCE,ETHUSDT,1747.75,7552.02775,2,1782113162566
2026-06-22T07:26:06.653Z,BINANCE,ETHUSDT,1747.4,38442.8,2,1782113161394
2026-06-22T07:26:06.653Z,BINANCE,ETHUSDT,1746.29,130.97175,2,1782113151422
2026-06-22T07:27:14.628Z,BINANCE,ETHUSDT,1747.79,436.9475,2,1782113182449
2026-06-22T07:27:14.628Z,BINANCE,ETHUSDT,1748.35,21445.2611,2,1782113180129
2026-06-22T07:32:39.164Z,BINANCE,ETHUSDT,1749.87,874.935,2,1782113503615
2026-06-22T07:32:39.164Z,BINANCE,ETHUSDC,1748.01,244.7214,2,1782113503102
2026-06-22T07:32:39.164Z,BINANCE,ETHUSDT,1749.89,598.46238,2,1782113501429
2026-06-22T07:32:39.164Z,BINANCE,ETHUSDT,1749.96,9766.52676,2,1782113501200
2026-06-22T07:32:39.164Z,BINANCE,ETHUSDT,1749.3,14512.1928,2,1782113495612
2026-06-22T07:32:39.164Z,BINANCE,ETHUSDT,1748.85,26232.75,2,1782113489067
2026-06-22T07:33:42.578Z,BINANCE,ETHUSDT,1747.93,650.22996,2,1782113618656
2026-06-22T07:34:55.626Z,BINANCE,ETHUSDT,1747.66,13981.28,1,1782113630186
2026-06-22T07:38:09.621Z,BINANCE,ETHUSDT,1750.5,11460.5235,2,1782113849572
2026-06-22T07:38:09.621Z,BINANCE,ETHUSDT,1750.93,12256.51,2,1782113848583
2026-06-22T07:38:09.621Z,BINANCE,ETHUSDT,1750.93,1169.62124,2,1782113847635
2026-06-22T07:45:55.205Z,BINANCE,ETHUSDT,1747.21,1144.42255,2,1782114308444
2026-06-22T07:55:06.265Z,BINANCE,ETHUSDT,1744.45,162.23385,1,1782114861646
2026-06-22T08:03:07.769Z,BINANCE,ETHUSDT,1744.25,5900.79775,1,1782115372646
2026-06-22T08:05:18.811Z,BINANCE,ETHUSDT,1742.92,3787.36516,1,1782115512061
2026-06-22T08:09:55.919Z,BINANCE,ETHUSDT,1748.43,2411.08497,2,1782115785723
2026-06-22T08:09:55.919Z,BINANCE,ETHUSDT,1747.47,6200.02356,2,1782115760095
2026-06-22T08:09:55.919Z,BINANCE,ETHUSDT,1747,1380.13,2,1782115757057
2026-06-22T08:14:30.455Z,BINANCE,ETHUSDT,1747.58,2049.91134,2,1782116014791
2026-06-22T08:15:38.643Z,BINANCE,ETHUSDT,1750.72,14685.03936,2,1782116101437
2026-06-22T08:15:38.643Z,BINANCE,ETHUSDT,1751.08,3887.3976,2,1782116099611
2026-06-22T08:15:38.643Z,BINANCE,ETHUSDT,1751.32,3549.92564,2,1782116097106
2026-06-22T08:15:38.643Z,BINANCE,ETHUSDT,1749.99,5249.97,2,1782116092998
2026-06-22T08:15:38.643Z,BINANCE,ETHUSDT,1749.92,3489.34048,2,1782116090184
2026-06-22T08:15:38.643Z,BINANCE,ETHUSDT,1749,4759.029,2,1782116087598
2026-06-22T08:19:55.325Z,BINANCE,ETHUSDT,1747.75,2752.70625,1,1782116349459
2026-06-22T08:28:54.353Z,BINANCE,ETHUSDT,1745.78,343.91866,1,1782116895202
2026-06-22T08:28:54.353Z,BINANCE,ETHUSDT,1745.78,4799.14922,1,1782116894195
2026-06-22T08:31:15.917Z,BINANCE,ETHUSDT,1744.85,389.10155,1,1782117059091
2026-06-22T08:31:15.917Z,BINANCE,ETHUSDT,1744.86,348.972,2,1782117056292
2026-06-22T08:31:15.917Z,BINANCE,ETHUSDT,1744.85,3489.7,1,1782117054203
2026-06-22T08:31:15.917Z,BINANCE,ETHUSDT,1744.99,1420.42186,1,1782117049586
2026-06-22T08:31:15.917Z,BINANCE,ETHUSDT,1744.93,329.79177,2,1782117024093
2026-06-22T08:38:03.679Z,BINANCE,ETHUSDT,1744.18,739.53232,1,1782117443570
2026-06-22T08:40:19.875Z,BINANCE,ETHUSDT,1743.02,836.6496,2,1782117561536
2026-06-22T08:45:08.222Z,BINANCE,ETHUSDT,1748.42,9023.59562,2,1782117886277
2026-06-22T08:46:16.186Z,BINANCE,ETHUSDT,1749.99,8884.69923,2,1782117956858
2026-06-22T08:46:16.186Z,BINANCE,ETHUSDT,1749.44,292.15648,1,1782117951783
2026-06-22T08:46:16.186Z,BINANCE,ETHUSDT,1749.59,1411.91913,2,1782117946359
2026-06-22T08:46:16.186Z,BINANCE,ETHUSDT,1749.51,327.15837,2,1782117944149
2026-06-22T08:47:19.050Z,BINANCE,ETHUSDT,1748.41,159.10531,1,1782117984507
2026-06-22T08:47:19.050Z,BINANCE,ETHUSDC,1746.87,101.31846,1,1782117984507
2026-06-22T09:37:03.694Z,BINANCE,ETHUSDT,1745.68,246.14088,2,1782120984625
2026-06-22T09:39:14.699Z,BINANCE,ETHUSDT,1744.34,139.5472,1,1782121090304
2026-06-22T09:40:17.583Z,BINANCE,ETHUSDT,1743.58,202.25528,1,1782121170189
2026-06-22T09:43:51.651Z,BINANCE,ETHUSDT,1744.8,301.8504,1,1782121421404
2026-06-22T09:49:31.631Z,BINANCE,ETHUSDT,1745.94,1070.26122,2,1782121734261
2026-06-22T10:07:19.397Z,BINANCE,ETHUSDT,1748.84,2198.29188,2,1782122828293
2026-06-22T10:07:19.397Z,BINANCE,ETHUSDT,1747.49,812.58285,2,1782122778122
2026-06-22T10:08:32.377Z,BINANCE,ETHUSDT,1750.8,4716.6552,2,1782122876693
2026-06-22T10:08:32.377Z,BINANCE,ETHUSDT,1750.8,1962.6468,2,1782122876270
2026-06-22T10:08:32.377Z,BINANCE,ETHUSDT,1750.43,1802.9429,2,1782122871189
2026-06-22T10:08:32.377Z,BINANCE,ETHUSDT,1750.51,1006.54325,2,1782122867495
2026-06-22T10:17:31.321Z,BINANCE,ETHUSDT,1750.01,1459.50834,2,1782123430931
2026-06-22T10:32:06.742Z,BINANCE,ETHUSDT,1749.8,10896.0046,2,1782124312212
2026-06-22T10:37:41.919Z,BINANCE,ETHUSDT,1748.29,10489.74,2,1782124620149
2026-06-22T10:41:07.814Z,BINANCE,ETHUSDT,1746.72,2585.1456,2,1782124854723
2026-06-22T10:44:26.622Z,BINANCE,ETHUSDT,1746.21,302.09433,2,1782125061498
2026-06-22T11:04:30.830Z,BINANCE,ETHUSDT,1747.23,3169.47522,2,1782126234237
2026-06-22T11:05:44.013Z,BINANCE,ETHUSDT,1750.4,525.12,2,1782126317406
2026-06-22T11:05:44.013Z,BINANCE,ETHUSDT,1749.99,2910.23337,1,1782126315024
2026-06-22T11:05:44.013Z,BINANCE,ETHUSDT,1750,145.25,2,1782126313366
2026-06-22T11:06:53.243Z,BINANCE,ETHUSDT,1755.88,442.48176,2,1782126410733
2026-06-22T11:06:53.243Z,BINANCE,ETHUSDC,1754.89,31928.46866,2,1782126410524
2026-06-22T11:06:53.243Z,BINANCE,ETHUSDT,1756.38,270984.84468,2,1782126409706
2026-06-22T11:06:53.243Z,BINANCE,ETHUSDC,1754.81,15786.27076,2,1782126409497
2026-06-22T11:06:53.243Z,BINANCE,ETHUSDT,1756.38,17563.8,2,1782126408238
2026-06-22T11:06:53.243Z,BINANCE,ETHUSDT,1756.53,158087.7,2,1782126408052
2026-06-22T11:06:53.243Z,BINANCE,ETHUSDT,1755.28,654.71944,2,1782126365698
2026-06-22T11:06:53.243Z,BINANCE,ETHUSDT,1754.95,30443.11765,2,1782126364179
2026-06-22T11:06:53.243Z,BINANCE,ETHUSDT,1755.67,15801.03,2,1782126362884
2026-06-22T11:06:53.243Z,BINANCE,ETHUSDT,1754.46,17544.6,2,1782126362529
2026-06-22T11:06:53.243Z,BINANCE,ETHUSDT,1752.94,471.54086,2,1782126356301
2026-06-22T11:06:53.243Z,BINANCE,ETHUSDT,1753.31,2352.94202,2,1782126355290
2026-06-22T11:06:53.243Z,BINANCE,ETHUSDT,1753.22,24871.17892,2,1782126354458
2026-06-22T11:06:53.243Z,BINANCE,ETHUSDC,1751.52,451.89216,2,1782126354171
2026-06-22T11:06:53.243Z,BINANCE,ETHUSDT,1752.7,82925.4951,2,1782126353136
2026-06-22T11:06:53.243Z,BINANCE,ETHUSDT,1751.51,772.41591,2,1782126351436
2026-06-22T11:09:43.703Z,BINANCE,ETHUSDT,1756.07,417.94466,2,1782126416145
2026-06-22T11:23:15.963Z,BINANCE,ETHUSDT,1748.26,5007.01664,1,1782127326286
2026-06-22T11:27:42.960Z,BINANCE,ETHUSDT,1754.08,2253.9928,2,1782127607244
2026-06-22T11:27:42.960Z,BINANCE,ETHUSDT,1753.92,536.69952,2,1782127606071
2026-06-22T11:27:42.960Z,BINANCE,ETHUSDT,1753.62,220.95612,2,1782127602668
2026-06-22T11:27:42.960Z,BINANCE,ETHUSDT,1751.59,465.92294,2,1782127593622
2026-06-22T11:33:14.597Z,BINANCE,ETHUSDT,1755.3,2504.8131,2,1782127975210
2026-06-22T11:33:14.597Z,BINANCE,ETHUSDT,1755.29,110.58327,2,1782127973609
2026-06-22T11:33:14.597Z,BINANCE,ETHUSDT,1755.12,5891.93784,1,1782127969510
2026-06-22T11:33:14.597Z,BINANCE,ETHUSDT,1754.51,571.97026,2,1782127963462
2026-06-22T11:33:14.597Z,BINANCE,ETHUSDT,1755.04,300.11184,2,1782127962022
2026-06-22T11:33:14.597Z,BINANCE,ETHUSDC,1753.08,2527.94136,2,1782127940351
2026-06-22T11:37:43.533Z,BINANCE,ETHUSDT,1764.31,3226.92299,2,1782128226479
2026-06-22T11:37:43.533Z,BINANCE,ETHUSDC,1763.09,502.48065,2,1782128225822
2026-06-22T11:37:43.533Z,BINANCE,ETHUSDT,1764.56,713736.28704,2,1782128225422
2026-06-22T11:37:43.533Z,BINANCE,ETHUSDT,1764.62,1009057.36074,2,1782128225265
2026-06-22T11:37:43.533Z,BINANCE,ETHUSDC,1763.16,8597.16816,2,1782128224279
2026-06-22T11:37:43.533Z,BINANCE,ETHUSDT,1764.03,23288.72406,2,1782128223641
2026-06-22T11:37:43.533Z,BINANCE,ETHUSDT,1763.5,4408.75,2,1782128222052
2026-06-22T11:37:43.533Z,BINANCE,ETHUSDT,1763.16,3545.71476,2,1782128204662
2026-06-22T11:37:43.533Z,BINANCE,ETHUSDT,1762.76,12274.09788,2,1782128177531
2026-06-22T11:37:43.533Z,BINANCE,ETHUSDT,1762.68,35253.6,2,1782128175140
2026-06-22T11:37:43.533Z,BINANCE,ETHUSDT,1762.96,3649.3272,2,1782128174116
2026-06-22T11:37:43.533Z,BINANCE,ETHUSDC,1761.69,3523.38,2,1782128173219
2026-06-22T11:37:43.533Z,BINANCE,ETHUSDT,1762.15,20585.4363,2,1782128171818
2026-06-22T11:37:43.533Z,BINANCE,ETHUSDT_260626,1764.63,1614.63645,2,1782128171262
2026-06-22T11:37:43.533Z,BINANCE,ETHUSDC,1761.61,21139.32,2,1782128170813
2026-06-22T11:37:43.533Z,BINANCE,ETHUSDT,1762.58,305550.29332,2,1782128170408
2026-06-22T11:37:43.533Z,BINANCE,ETHUSDC,1761.89,2057.88752,2,1782128169579
2026-06-22T11:37:43.533Z,BINANCE,ETHUSDT,1762.86,398362.2885,2,1782128169064
2026-06-22T11:37:43.533Z,BINANCE,ETHUSDT,1761.5,11490.2645,2,1782128113311
2026-06-22T11:37:43.533Z,BINANCE,ETHUSDT,1761.26,58776.76872,2,1782128109238
2026-06-22T11:37:43.533Z,BINANCE,ETHUSDT,1761.18,11808.7119,2,1782128006329
2026-06-22T11:37:43.533Z,BINANCE,ETHUSDC,1760.39,14729.18313,2,1782128004367
2026-06-22T11:37:43.533Z,BINANCE,ETHUSDT_260626,1763.51,102.28358,2,1782128004146
2026-06-22T11:37:43.533Z,BINANCE,ETHUSDT,1761.42,21385.40022,2,1782128004122
2026-06-22T11:37:43.533Z,BINANCE,ETHUSDT,1761.42,12810.80766,2,1782128004089
2026-06-22T11:37:43.533Z,BINANCE,ETHUSDT,1760.63,21432.14899,2,1782128002428
2026-06-22T11:37:43.533Z,BINANCE,ETHUSDT,1760.3,26404.5,2,1782128000975
2026-06-22T11:37:43.533Z,BINANCE,ETHUSDC,1759.13,737.07547,2,1782128000439
2026-06-22T11:37:43.533Z,BINANCE,ETHUSDT,1760.84,422601.6,2,1782127999165
2026-06-22T11:37:43.533Z,BINANCE,ETHUSDT,1760.29,72031.0668,2,1782127998737
2026-06-22T11:37:43.533Z,BINANCE,ETHUSDT,1759.16,16309.17236,2,1782127997679
2026-06-22T11:37:43.533Z,BINANCE,ETHUSDC,1756.57,402.25453,2,1782127996241
2026-06-22T11:37:43.533Z,BINANCE,ETHUSDT,1757.76,21910.4784,2,1782127996057
2026-06-22T11:37:43.533Z,BINANCE,ETHUSDC,1755.69,17556.9,2,1782127993253
2026-06-22T11:37:43.533Z,BINANCE,ETHUSDT,1757.1,163.4103,2,1782127992800
2026-06-22T11:37:43.533Z,BINANCE,ETHUSDT,1757.23,33336.41033,2,1782127991523
2026-06-22T11:45:44.586Z,BINANCE,ETHUSDT,1764.07,2469.698,2,1782128707386
2026-06-22T11:47:46.086Z,BINANCE,ETHUSDC,1766.54,100.69278,2,1782128851756
2026-06-22T11:47:46.086Z,BINANCE,ETHUSDT,1768.03,33212.44355,2,1782128851178
2026-06-22T11:47:46.086Z,BINANCE,ETHUSDT,1767.88,9679.143,2,1782128850657
2026-06-22T11:47:46.086Z,BINANCE,ETHUSDT,1767.16,33429.36572,2,1782128817381
2026-06-22T11:47:46.086Z,BINANCE,ETHUSDT,1767.13,28523.24533,2,1782128816563
2026-06-22T11:47:46.086Z,BINANCE,ETHUSDC,1765.73,497.93586,2,1782128816507
2026-06-22T11:47:46.086Z,BINANCE,ETHUSD_PERP,1765.84,3300,2,1782128816119
2026-06-22T11:47:46.086Z,BINANCE,ETHUSDC,1766.01,2226.93861,2,1782128816097
2026-06-22T11:47:46.086Z,BINANCE,ETHUSDT,1767.37,11943.88646,2,1782128815325
2026-06-22T11:47:46.086Z,BINANCE,ETHUSDT,1766.71,12702.6449,2,1782128813171
2026-06-22T11:47:46.086Z,BINANCE,ETHUSDT,1766.73,31753.43829,2,1782128812180
2026-06-22T11:47:46.086Z,BINANCE,ETHUSDT,1765.89,176589,2,1782128808579
2026-06-22T11:47:46.086Z,BINANCE,ETHUSDT,1765.72,44143,2,1782128808162
2026-06-22T11:47:46.086Z,BINANCE,ETHUSDT,1765.33,22677.42918,2,1782128805720
2026-06-22T11:47:46.086Z,BINANCE,ETHUSDT,1765.31,123571.7,2,1782128804553
2026-06-22T11:47:46.086Z,BINANCE,ETHUSDT_260626,1767.25,157.28525,2,1782128804177
2026-06-22T11:47:46.086Z,BINANCE,ETHUSD_PERP,1763.72,1500,2,1782128804073
2026-06-22T11:47:46.086Z,BINANCE,ETHUSDT,1765.34,9402.20084,2,1782128803206
2026-06-22T11:50:08.867Z,BINANCE,ETHUSDT,1772.9,1772.9,2,1782129001656
2026-06-22T11:50:08.867Z,BINANCE,ETHUSDT,1773.36,13254.09264,2,1782129001245
2026-06-22T11:50:08.867Z,BINANCE,ETHUSDC,1772.62,127144.71474,2,1782128999664
2026-06-22T11:50:08.867Z,BINANCE,ETHUSDT,1773.58,30565.87772,2,1782128999481
2026-06-22T11:50:08.867Z,BINANCE,ETHUSDT,1773.71,640515.06036,2,1782128998462
2026-06-22T11:50:08.867Z,BINANCE,ETHUSDC,1771.96,533.35996,2,1782128998318
2026-06-22T11:50:08.867Z,BINANCE,ETHUSDT,1773.73,153502.14166,2,1782128997380
2026-06-22T11:50:08.867Z,BINANCE,ETHUSDT,1773.53,2429.7361,2,1782128997239
2026-06-22T11:50:08.867Z,BINANCE,ETHUSDC,1770.47,2041.35191,2,1782128996062
2026-06-22T11:50:08.867Z,BINANCE,ETHUSDT,1771.9,42305.8844,2,1782128995310
2026-06-22T11:50:08.867Z,BINANCE,ETHUSDT,1771.9,10631.4,2,1782128995083
2026-06-22T11:50:08.867Z,BINANCE,ETHUSDT,1771.05,26882.76795,2,1782128993651
2026-06-22T11:50:08.867Z,BINANCE,ETHUSDC,1769.57,18550.40231,2,1782128993651
2026-06-22T11:50:08.867Z,BINANCE,ETHUSDT,1770.55,18289.7815,2,1782128992362
2026-06-22T11:50:08.867Z,BINANCE,ETHUSDC,1768.99,13255.04207,2,1782128992162
2026-06-22T11:50:08.867Z,BINANCE,ETHUSDT,1770.01,21240.12,2,1782128990616
2026-06-22T11:50:08.867Z,BINANCE,ETHUSDT,1770.45,1749204.6,2,1782128990060
2026-06-22T11:50:08.867Z,BINANCE,ETHUSDC,1768.56,4552.27344,2,1782128989130
2026-06-22T11:50:08.867Z,BINANCE,ETHUSDT,1768.69,18183.90189,2,1782128984520
2026-06-22T11:50:08.867Z,BINANCE,ETHUSDT,1768.44,2176.94964,2,1782128953492
2026-06-22T11:50:08.867Z,BINANCE,ETHUSDT,1768.74,27212.0649,2,1782128952473
2026-06-22T11:50:08.867Z,BINANCE,ETHUSDT,1768.72,14181.59696,2,1782128952171
2026-06-22T11:50:08.867Z,BINANCE,ETHUSDT,1768,6704.256,2,1782128950444
2026-06-22T11:50:08.867Z,BINANCE,ETHUSDT,1767.65,3570.653,2,1782128937512
2026-06-22T12:01:19.708Z,BINANCE,ETHUSDT,1764.82,2806.0638,1,1782129664239
2026-06-22T12:01:19.708Z,BINANCE,ETHUSDT,1764.97,1120.75595,1,1782129659119
2026-06-22T12:02:27.668Z,BINANCE,ETHUSDT,1769.88,138.05064,2,1782129689134
2026-06-22T12:02:27.668Z,BINANCE,ETHUSDT,1768.25,1045.03575,2,1782129686632
2026-06-22T12:08:07.784Z,BINANCE,ETHUSDT,1764.38,3862.22782,1,1782130066397
2026-06-22T12:25:08.605Z,BINANCE,ETHUSDT,1768.69,7048.22965,2,1782131105292
2026-06-22T12:25:08.605Z,BINANCE,ETHUSDT,1767.83,2625.22755,2,1782131103182
2026-06-22T12:25:08.605Z,BINANCE,ETHUSDT,1767.48,3510.21528,2,1782131102156
2026-06-22T12:25:08.605Z,BINANCE,ETHUSDT,1767.53,18251.51478,2,1782131084122
2026-06-22T12:25:08.605Z,BINANCE,ETHUSDT,1767.53,839.57675,2,1782131083557
2026-06-22T12:26:16.640Z,BINANCE,ETHUSDT,1766.91,265.0365,2,1782131167778
2026-06-22T12:31:56.569Z,BINANCE,ETHUSDT,1761.29,130.33546,1,1782131463452
2026-06-22T12:31:56.569Z,BINANCE,ETHUSDT,1761.23,199.01899,1,1782131458310
2026-06-22T12:31:56.569Z,BINANCE,ETHUSDT,1761.52,10569.12,1,1782131456835
2026-06-22T12:31:56.569Z,BINANCE,ETHUSDT,1762.27,1362.23471,1,1782131454313
2026-06-22T12:38:39.908Z,BINANCE,ETHUSDT,1765.7,303.7004,2,1782131900278
2026-06-22T12:38:39.908Z,BINANCE,ETHUSDC,1764.24,194.0664,2,1782131900278
2026-06-22T12:38:39.908Z,BINANCE,ETHUSDC,1763.76,264.564,2,1782131885682
2026-06-22T12:39:42.672Z,BINANCE,ETHUSDC,1763.94,3259.76112,2,1782131948145
2026-06-22T12:41:53.506Z,BINANCE,ETHUSDT,1766.2,211.944,2,1782132059595
2026-06-22T12:41:53.506Z,BINANCE,ETHUSDT,1766,8830,2,1782132055780
2026-06-22T12:46:31.105Z,BINANCE,ETHUSDT,1762.1,1496.0229,1,1782132351535
2026-06-22T13:02:32.485Z,BINANCE,ETHUSDT,1764.72,4099.44456,2,1782133289656
2026-06-22T13:17:22.456Z,BINANCE,ETHUSDT,1762.9,7051.6,2,1782134214099
2026-06-22T13:23:55.744Z,BINANCE,ETHUSDT,1764.56,282.3296,2,1782134601078
2026-06-22T13:30:51.719Z,BINANCE,ETHUSDT,1768.41,176841,2,1782135049596
2026-06-22T13:30:51.719Z,BINANCE,ETHUSDT,1767.68,328.78848,2,1782135041239
2026-06-22T13:30:51.719Z,BINANCE,ETHUSDT,1767.79,17677.9,2,1782135040167
2026-06-22T13:30:51.719Z,BINANCE,ETHUSDT,1766.59,529.977,2,1782135022420
2026-06-22T13:31:54.658Z,BINANCE,ETHUSDT,1767.38,491.33164,2,1782135106734
2026-06-22T13:31:54.658Z,BINANCE,ETHUSDT,1769.09,26318.75193,2,1782135081919
2026-06-22T13:31:54.658Z,BINANCE,ETHUSDT,1768.43,8842.15,2,1782135065449
2026-06-22T13:31:54.658Z,BINANCE,ETHUSDT,1769.64,13854.51156,2,1782135064345
2026-06-22T13:31:54.658Z,BINANCE,ETHUSDT,1769.69,102.64202,2,1782135062499
2026-06-22T13:31:54.658Z,BINANCE,ETHUSDT,1768.61,3777.75096,2,1782135061732
2026-06-22T13:31:54.658Z,BINANCE,ETHUSDC,1767.31,116.64246,2,1782135057575
2026-06-22T13:31:54.658Z,BINANCE,ETHUSDT,1768.8,465.1944,2,1782135057090
2026-06-22T13:31:54.658Z,BINANCE,ETHUSDT,1768.58,176.858,2,1782135053339
2026-06-22T13:31:54.658Z,BINANCE,ETHUSDT,1768.58,6319.13634,2,1782135052088
2026-06-22T13:31:54.658Z,BINANCE,ETHUSDT,1768.3,2565.8033,2,1782135049894
2026-06-22T13:33:04.603Z,BINANCE,ETHUSDT,1764.24,34293.29712,1,1782135143146
2026-06-22T13:34:07.414Z,BINANCE,ETHUSDT,1761.43,287.11309,1,1782135203851
2026-06-22T13:34:07.414Z,BINANCE,ETHUSDT,1761.82,243.13116,1,1782135202479
2026-06-22T13:35:15.538Z,BINANCE,ETHUSDT,1766.54,88327,2,1782135312635
2026-06-22T13:35:15.538Z,BINANCE,ETHUSDT,1765.37,125.34127,2,1782135305837
2026-06-22T13:35:15.538Z,BINANCE,ETHUSDT,1765.73,656.85156,2,1782135304477
2026-06-22T13:36:18.401Z,BINANCE,ETHUSDC,1771.74,3857.07798,2,1782135372568
2026-06-22T13:36:18.401Z,BINANCE,ETHUSDC,1771.96,1573.50048,2,1782135370476
2026-06-22T13:36:18.401Z,BINANCE,ETHUSDT,1773.28,70931.2,2,1782135370329
2026-06-22T13:36:18.401Z,BINANCE,ETHUSDC,1772.21,5440.6847,2,1782135369676
2026-06-22T13:36:18.401Z,BINANCE,ETHUSDT,1773.94,602658.86226,2,1782135369554
2026-06-22T13:36:18.401Z,BINANCE,ETHUSDT_260925,1782.07,187.11735,2,1782135369156
2026-06-22T13:36:18.401Z,BINANCE,ETHUSD_PERP,1772.37,330,2,1782135369147
2026-06-22T13:36:18.401Z,BINANCE,ETHUSDT,1769.17,1388.79845,2,1782135348380
2026-06-22T13:36:18.401Z,BINANCE,ETHUSDT,1769.21,1003.14207,2,1782135341286
2026-06-22T13:36:18.401Z,BINANCE,ETHUSDT,1769.09,693.48328,2,1782135339241
2026-06-22T13:36:18.401Z,BINANCE,ETHUSDC,1767.85,618.7475,2,1782135339179
2026-06-22T13:36:18.401Z,BINANCE,ETHUSDT,1767.06,23510.7333,2,1782135316140
2026-06-22T13:41:04.129Z,BINANCE,ETHUSDT,1772.86,3870.15338,1,1782135642969
2026-06-22T13:41:04.129Z,BINANCE,ETHUSDT,1777.75,7111,2,1782135496527
2026-06-22T13:41:04.129Z,BINANCE,ETHUSDT,1778.25,20334.28875,2,1782135495694
2026-06-22T13:41:04.129Z,BINANCE,ETHUSDC,1776.97,1128.37595,2,1782135495205
2026-06-22T13:41:04.129Z,BINANCE,ETHUSDT,1778.69,42231.43667,2,1782135474349
2026-06-22T13:41:04.129Z,BINANCE,ETHUSDC,1777.35,2975.2839,2,1782135474146
2026-06-22T13:41:04.129Z,BINANCE,ETHUSDT,1778.75,22956.5475,2,1782135473324
2026-06-22T13:41:04.129Z,BINANCE,ETHUSDT,1778.88,14782.4928,2,1782135472513
2026-06-22T13:41:04.129Z,BINANCE,ETHUSDT,1777.72,26336.9218,2,1782135436497
2026-06-22T13:41:04.129Z,BINANCE,ETHUSDT,1777.31,77073.04815,2,1782135392572
2026-06-22T13:41:04.129Z,BINANCE,ETHUSDT,1777.22,141630.21624,2,1782135391604
2026-06-22T13:41:04.129Z,BINANCE,ETHUSDT,1777.57,9076.27242,2,1782135391157
2026-06-22T13:41:04.129Z,BINANCE,ETHUSDC,1775.83,158.04887,2,1782135390529
2026-06-22T13:41:04.129Z,BINANCE,ETHUSDT,1777.65,60975.17265,2,1782135388900
2026-06-22T13:41:04.129Z,BINANCE,ETHUSDT,1777.89,106673.4,2,1782135388235
2026-06-22T13:41:04.129Z,BINANCE,ETHUSD_PERP,1774.99,8230,2,1782135387157
2026-06-22T13:41:04.129Z,BINANCE,ETHUSDC,1775.15,24067.4837,2,1782135387113
2026-06-22T13:41:04.129Z,BINANCE,ETHUSDT,1776.36,52585.58508,2,1782135386498
2026-06-22T13:41:04.129Z,BINANCE,ETHUSDT,1776.14,23326.04662,2,1782135386245
2026-06-22T13:41:04.129Z,BINANCE,ETHUSDT,1775.01,206078.661,2,1782135381229
2026-06-22T13:43:29.259Z,BINANCE,ETHUSDT,1769.4,8847,1,1782135710567
2026-06-22T13:44:42.462Z,BINANCE,ETHUSDT,1773.22,154270.14,2,1782135851727
2026-06-22T13:45:55.685Z,BINANCE,ETHUSDT,1773.34,248.2676,2,1782135937408
2026-06-22T13:45:55.685Z,BINANCE,ETHUSDT,1773.34,7093.36,2,1782135899540
2026-06-22T13:47:03.777Z,BINANCE,ETHUSDT,1773.97,3698.72745,2,1782136008641
2026-06-22T13:47:03.777Z,BINANCE,ETHUSDT,1774.13,879.96848,2,1782136008089
2026-06-22T13:47:03.777Z,BINANCE,ETHUSDC,1772.26,1772.26,2,1782136002003
2026-06-22T13:47:03.777Z,BINANCE,ETHUSDT,1774.03,248.3642,2,1782135998411
2026-06-22T13:47:03.777Z,BINANCE,ETHUSDT,1774.37,248.4118,2,1782135981303
2026-06-22T13:49:20.256Z,BINANCE,ETHUSDT,1772.89,531.867,2,1782136117409
2026-06-22T13:50:28.517Z,BINANCE,ETHUSDT,1774.71,1952.181,2,1782136223811
2026-06-22T13:50:28.517Z,BINANCE,ETHUSDC,1772.54,322.60228,2,1782136219394
2026-06-22T13:50:28.517Z,BINANCE,ETHUSDT,1773.94,266.091,2,1782136219394
2026-06-22T13:50:28.517Z,BINANCE,ETHUSDT,1774.13,2412.8168,2,1782136178735
2026-06-22T13:51:31.476Z,BINANCE,ETHUSDT,1775.35,612.49575,2,1782136242105
2026-06-22T13:51:31.476Z,BINANCE,ETHUSDT,1774.86,3068.73294,2,1782136231536
2026-06-22T13:51:31.476Z,BINANCE,ETHUSDT,1775.38,3438.91106,2,1782136230343
2026-06-22T13:51:31.476Z,BINANCE,ETHUSDT,1774.86,7740.16446,2,1782136228521
2026-06-22T13:59:32.946Z,BINANCE,ETHUSDT,1775.76,1681.64472,2,1782136760536
2026-06-22T14:00:41.259Z,BINANCE,ETHUSDT,1776.47,4414.52795,2,1782136816530
2026-06-22T14:00:41.259Z,BINANCE,ETHUSDT,1777.11,31559.69649,2,1782136806234
2026-06-22T14:00:41.259Z,BINANCE,ETHUSDT,1776.76,5188.1392,2,1782136804693
2026-06-22T14:00:41.259Z,BINANCE,ETHUSDC,1775.66,799.047,2,1782136801133
2026-06-22T14:00:41.259Z,BINANCE,ETHUSDT,1776.77,12989.96547,2,1782136800646
2026-06-22T14:00:41.259Z,BINANCE,ETHUSDT,1776.62,1503.02052,2,1782136796174
2026-06-22T14:00:41.259Z,BINANCE,ETHUSDT,1776.53,158377.6495,2,1782136795676
2026-06-22T14:06:18.237Z,BINANCE,ETHUSDT,1770.72,146.96976,1,1782137137792
2026-06-22T14:06:18.237Z,BINANCE,ETHUSDT,1770.95,228.45255,1,1782137131682
2026-06-22T14:07:21.306Z,BINANCE,ETHUSDT,1768.8,283.008,1,1782137231628
2026-06-22T14:07:21.306Z,BINANCE,ETHUSDT,1769.84,768.11056,1,1782137205821
2026-06-22T14:08:30.759Z,BINANCE,ETHUSDT,1767.62,176.762,1,1782137256220
2026-06-22T14:08:30.759Z,BINANCE,ETHUSDT,1767.88,9949.62864,1,1782137242608
2026-06-22T14:14:17.783Z,BINANCE,ETHUSDT,1765.94,171.29618,1,1782137635194
2026-06-22T14:14:17.783Z,BINANCE,ETHUSDT,1766.5,597.077,1,1782137626436
2026-06-22T14:14:17.783Z,BINANCE,ETHUSDT,1766.51,238.47885,1,1782137625127
2026-06-22T14:15:20.944Z,BINANCE,ETHUSDT,1766.51,2162.20824,1,1782137664119
2026-06-22T14:16:29.126Z,BINANCE,ETHUSDT,1764.34,1764.34,1,1782137755292
2026-06-22T14:16:29.126Z,BINANCE,ETHUSDT,1765.32,1271.0304,1,1782137745402
2026-06-22T14:16:29.126Z,BINANCE,ETHUSDT,1765.13,631.91654,1,1782137744394
2026-06-22T14:17:31.982Z,BINANCE,ETHUSDT,1763.79,23551.88787,1,1782137836537
2026-06-22T14:17:31.982Z,BINANCE,ETHUSDT,1764.27,9493.53687,1,1782137834130
2026-06-22T14:18:39.830Z,BINANCE,ETHUSDC,1762.61,3525.22,2,1782137915196
2026-06-22T14:18:39.830Z,BINANCE,ETHUSDT,1761.99,1578.74304,1,1782137868626
2026-06-22T14:18:39.830Z,BINANCE,ETHUSDT,1761.87,880.935,2,1782137863976
2026-06-22T14:18:39.830Z,BINANCE,ETHUSDT,1762.02,15047.6508,1,1782137861467
2026-06-22T14:18:39.830Z,BINANCE,ETHUSDT,1762,33107.98,1,1782137859197
2026-06-22T14:18:39.830Z,BINANCE,ETHUSDT,1762.44,13167.18924,1,1782137857169
2026-06-22T14:18:39.830Z,BINANCE,ETHUSDT,1763.24,3263.75724,1,1782137851464
2026-06-22T14:20:50.947Z,BINANCE,ETHUSDT,1760.14,149.6119,1,1782138041662
2026-06-22T14:20:50.947Z,BINANCE,ETHUSDT,1760.11,46755.56204,1,1782138040218
2026-06-22T14:20:50.947Z,BINANCE,ETHUSDT,1760.13,799.09902,1,1782138036243
2026-06-22T14:20:50.947Z,BINANCE,ETHUSDT,1759.87,2268.47243,1,1782138034460
2026-06-22T14:20:50.947Z,BINANCE,ETHUSDT,1760.63,297.54647,1,1782138017352
2026-06-22T14:20:50.947Z,BINANCE,ETHUSDT,1760.53,2973.53517,1,1782138017079
2026-06-22T14:20:50.947Z,BINANCE,ETHUSDT,1761.08,704.432,1,1782137992235
2026-06-22T14:21:53.831Z,BINANCE,ETHUSDT,1764.84,7451.15448,2,1782138106538
2026-06-22T14:24:16.188Z,BINANCE,ETHUSDT,1758.69,146268.48861,1,1782138252619
2026-06-22T14:24:16.188Z,BINANCE,ETHUSDT,1758.67,328.87129,1,1782138252119
2026-06-22T14:24:16.188Z,BINANCE,ETHUSDT,1759.31,594.64678,1,1782138248677
2026-06-22T14:24:16.188Z,BINANCE,ETHUSDT,1759.43,33649.09875,1,1782138247668
2026-06-22T14:25:20.462Z,BINANCE,ETHUSDT,1757.15,35143,1,1782138262959
2026-06-22T14:25:20.462Z,BINANCE,ETHUSDT,1757.45,198.59185,1,1782138261439
2026-06-22T14:25:20.462Z,BINANCE,ETHUSDT,1757.38,10528.46358,1,1782138260572
2026-06-22T14:25:20.462Z,BINANCE,ETHUSDC,1755.99,2274.00705,1,1782138259099
2026-06-22T14:25:20.462Z,BINANCE,ETHUSD_PERP,1755.72,610,1,1782138259076
2026-06-22T14:25:20.462Z,BINANCE,ETHUSDT,1758,175.8,1,1782138258362
2026-06-22T14:28:18.710Z,BINANCE,ETHUSDT,1756.13,198.44269,1,1782138479095
2026-06-22T14:28:18.710Z,BINANCE,ETHUSDT,1756.16,1041.40288,1,1782138475670
2026-06-22T14:28:18.710Z,BINANCE,ETHUSDT,1756.7,14487.5049,1,1782138472182
2026-06-22T14:28:18.710Z,BINANCE,ETHUSDT,1756.96,534.11584,1,1782138459518
2026-06-22T14:28:18.710Z,BINANCE,ETHUSDT,1757.23,1985.6699,1,1782138454439
2026-06-22T14:29:31.704Z,BINANCE,ETHUSDT,1754.57,3581.07737,1,1782138568182
2026-06-22T14:29:31.704Z,BINANCE,ETHUSDC,1753.25,25758.749,1,1782138565115
2026-06-22T14:29:31.704Z,BINANCE,ETHUSDT,1754.57,17545.7,1,1782138564099
2026-06-22T14:29:31.704Z,BINANCE,ETHUSDT,1754.38,387.71798,1,1782138562077
2026-06-22T14:29:31.704Z,BINANCE,ETHUSDT,1754.71,9663.18797,1,1782138559090
2026-06-22T14:29:31.704Z,BINANCE,ETHUSDT,1755.77,342.37515,1,1782138553779
2026-06-22T14:29:31.704Z,BINANCE,ETHUSDT_260626,1757.62,154.67056,1,1782138553032
2026-06-22T14:29:31.704Z,BINANCE,ETHUSDT,1755.42,5020.5012,1,1782138550695
2026-06-22T14:30:50.654Z,BINANCE,ETHUSDT,1753.81,2895.54031,1,1782138610207
2026-06-22T14:30:50.654Z,BINANCE,ETHUSDT,1753.73,1115.37228,1,1782138609604
2026-06-22T14:30:50.654Z,BINANCE,ETHUSDT,1754.11,2250.52313,1,1782138606562
2026-06-22T14:30:50.654Z,BINANCE,ETHUSDT,1754.69,594.83991,1,1782138587354
2026-06-22T14:30:50.654Z,BINANCE,ETHUSDT,1754.33,10708.43032,1,1782138586346
2026-06-22T14:30:50.654Z,BINANCE,ETHUSDT,1754.42,5591.33654,1,1782138583159
2026-06-22T14:30:50.654Z,BINANCE,ETHUSDT,1754.42,5293.08514,1,1782138582256
2026-06-22T14:30:50.654Z,BINANCE,ETHUSDT,1754.67,1149.30885,1,1782138570488
2026-06-22T14:31:43.323Z,BINANCE,ETHUSDT,1750.53,740.47419,1,1782138663400
2026-06-22T14:31:43.323Z,BINANCE,ETHUSDT,1750.94,525.282,1,1782138661423
2026-06-22T14:31:43.323Z,BINANCE,ETHUSDT,1750.86,57142.81782,1,1782138660139
2026-06-22T14:31:43.323Z,BINANCE,ETHUSDT,1751.51,5979.65514,1,1782138654329
2026-06-22T14:31:43.323Z,BINANCE,ETHUSDT,1751.71,1799.00617,1,1782138652545
2026-06-22T14:31:43.323Z,BINANCE,ETHUSDT,1751.66,168544.7252,1,1782138650574
2026-06-22T14:31:43.323Z,BINANCE,ETHUSDT,1752.04,4218.91232,1,1782138649538
2026-06-22T14:31:43.323Z,BINANCE,ETHUSDT,1752.56,17360.85936,1,1782138644689
2026-06-22T14:31:43.323Z,BINANCE,ETHUSDC,1751.11,141657.79456,1,1782138644181
2026-06-22T14:31:43.323Z,BINANCE,ETHUSDT,1752.8,32542.4848,1,1782138642598
2026-06-22T14:31:43.323Z,BINANCE,ETHUSDT,1753.13,26603.74775,1,1782138641198
2026-06-22T14:35:07.543Z,BINANCE,ETHUSDC,1756.62,133.50312,2,1782138859129
2026-06-22T14:36:32.387Z,BINANCE,ETHUSDT,1758.39,110.77857,2,1782138947591
2026-06-22T14:38:43.005Z,BINANCE,ETHUSDT,1752.09,767.41542,1,1782139115516
2026-06-22T14:38:43.005Z,BINANCE,ETHUSDT,1752.1,294.3528,1,1782139113493
2026-06-22T14:38:43.005Z,BINANCE,ETHUSDT,1753.71,1220.58216,1,1782139064222
2026-06-22T14:39:51.123Z,BINANCE,ETHUSDT,1752,8760,1,1782139132129
2026-06-22T14:43:16.932Z,BINANCE,ETHUSDT,1756.08,4764.24504,2,1782139387316
2026-06-22T14:45:29.352Z,BINANCE,ETHUSDT,1753.17,177.07017,1,1782139466508
2026-06-22T14:49:03.841Z,BINANCE,ETHUSDT,1750.18,2732.03098,1,1782139699230
2026-06-22T14:49:03.841Z,BINANCE,ETHUSDT,1750.73,14005.84,1,1782139697226
2026-06-22T14:52:42.623Z,BINANCE,ETHUSDT,1755.49,210.6588,2,1782139887535
2026-06-22T14:54:45.532Z,BINANCE,ETHUSDT,1752.48,1945.2528,1,1782140079348
2026-06-22T14:56:51.498Z,BINANCE,ETHUSDT,1750.69,12048.24858,1,1782140153171
2026-06-22T14:56:51.498Z,BINANCE,ETHUSDT,1750.64,140.0512,1,1782140145809
2026-06-22T14:59:07.606Z,BINANCE,ETHUSDT,1753.5,1444.884,1,1782140335172
2026-06-22T15:07:04.665Z,BINANCE,ETHUSDT,1750.47,5057.10783,1,1782140800146
2026-06-22T15:07:04.665Z,BINANCE,ETHUSDT,1751.45,194.41095,1,1782140784498
2026-06-22T15:49:19.197Z,BINANCE,ETHUSDT,1747.35,216956.21805,1,1782143355617
2026-06-22T15:49:19.197Z,BINANCE,ETHUSDC,1746.09,157.1481,1,1782143355140
2026-06-22T15:49:19.197Z,BINANCE,ETHUSDT,1747.77,43204.8744,1,1782143352412
2026-06-22T15:49:19.197Z,BINANCE,ETHUSDT,1747.77,34955.4,1,1782143352204
2026-06-22T15:49:19.197Z,BINANCE,ETHUSD_PERP,1746.13,230,1,1782143352145
2026-06-22T15:49:19.197Z,BINANCE,ETHUSDT,1748.64,951.26016,1,1782143350354
2026-06-22T15:49:19.197Z,BINANCE,ETHUSDT,1749.26,162.68118,1,1782143349142
2026-06-22T15:49:19.197Z,BINANCE,ETHUSDT,1749.26,25205.08734,1,1782143347139
2026-06-22T15:49:19.197Z,BINANCE,ETHUSDT,1749.76,2937.84704,1,1782143344602
2026-06-22T15:50:27.355Z,BINANCE,ETHUSDT,1743.91,1060.29728,1,1782143387862
2026-06-22T15:50:27.355Z,BINANCE,ETHUSDT,1743.71,1220.597,1,1782143385442
2026-06-22T15:50:27.355Z,BINANCE,ETHUSDC,1742.26,6017.76604,1,1782143385374
2026-06-22T15:50:27.355Z,BINANCE,ETHUSDT,1743.95,10463.7,1,1782143384370
2026-06-22T15:50:27.355Z,BINANCE,ETHUSDT,1743.89,86603.32129,1,1782143383244
2026-06-22T15:50:27.355Z,BINANCE,ETHUSDT,1745.41,9938.36454,1,1782143371587
2026-06-22T15:50:27.355Z,BINANCE,ETHUSDT,1745.56,1738.57776,1,1782143368384
2026-06-22T15:50:27.355Z,BINANCE,ETHUSDT,1745.35,139929.94555,1,1782143366811
2026-06-22T15:50:27.355Z,BINANCE,ETHUSDT,1745.29,2485.29296,1,1782143366461
2026-06-22T15:50:27.355Z,BINANCE,ETHUSDC,1744.26,24419.64,1,1782143365419
2026-06-22T15:50:27.355Z,BINANCE,ETHUSDT,1745.68,3264.4216,1,1782143364745
2026-06-22T15:50:27.355Z,BINANCE,ETHUSDT,1745.74,741.9395,1,1782143362246
2026-06-22T15:50:27.355Z,BINANCE,ETHUSDT,1746.21,7486.00227,1,1782143361365
2026-06-22T15:50:27.355Z,BINANCE,ETHUSDC,1744.97,228.59107,1,1782143361121
2026-06-22T15:50:27.355Z,BINANCE,ETHUSDT,1746.42,25335.31494,1,1782143360243
2026-06-22T15:50:27.355Z,BINANCE,ETHUSDT,1746.78,995.6646,1,1782143359074
2026-06-22T15:53:19.534Z,BINANCE,ETHUSDT,1742.84,489.73804,1,1782143458059
2026-06-22T15:53:19.534Z,BINANCE,ETHUSDT,1743.06,13322.20758,1,1782143456533
2026-06-22T15:53:19.534Z,BINANCE,ETHUSDT,1742.96,5465.92256,1,1782143456075
2026-06-22T15:53:19.534Z,BINANCE,ETHUSDT,1743.4,2944.6026,1,1782143442396
2026-06-22T15:53:19.534Z,BINANCE,ETHUSDT,1742.99,28653.01261,1,1782143441677
2026-06-22T15:53:19.534Z,BINANCE,ETHUSDC,1742.05,435512.5,1,1782143440105
2026-06-22T15:53:19.534Z,BINANCE,ETHUSDT,1743.27,6908.57901,1,1782143438636
2026-06-22T15:53:19.534Z,BINANCE,ETHUSDT,1743.51,1989.34491,1,1782143437399
2026-06-22T15:53:19.534Z,BINANCE,ETHUSDT,1743.83,21731.60946,1,1782143436082
2026-06-22T15:55:30.374Z,BINANCE,ETHUSDT,1744.73,17993.40049,1,1782143717266
2026-06-22T15:56:43.407Z,BINANCE,ETHUSDT,1742.49,285.76836,1,1782143800497
2026-06-22T15:56:43.407Z,BINANCE,ETHUSDT,1743.13,196.97369,1,1782143796311
2026-06-22T15:57:51.355Z,BINANCE,ETHUSDT,1742,783.9,1,1782143819286
2026-06-22T15:57:51.355Z,BINANCE,ETHUSDT,1742.13,2191.59954,1,1782143816278
2026-06-22T15:57:51.355Z,BINANCE,ETHUSDT,1742.38,11527.58608,1,1782143804269
2026-06-22T15:57:51.355Z,BINANCE,ETHUSDT,1742.33,147805.33856,1,1782143802617
2026-06-22T16:01:05.700Z,BINANCE,ETHUSDT,1742.14,346.68586,1,1782144050029
2026-06-22T16:02:19.086Z,BINANCE,ETHUSDT,1738.27,994.29044,1,1782144108269
2026-06-22T16:02:19.086Z,BINANCE,ETHUSDT,1738.26,3476.52,1,1782144100277
2026-06-22T16:02:19.086Z,BINANCE,ETHUSDC,1736.5,2045.597,1,1782144099419
2026-06-22T16:02:19.086Z,BINANCE,ETHUSDT,1738.17,17381.7,1,1782144099257
2026-06-22T16:02:19.086Z,BINANCE,ETHUSDT,1738.56,6298.80288,1,1782144097829
2026-06-22T16:02:19.086Z,BINANCE,ETHUSDT,1738.47,961.37391,1,1782144097099
2026-06-22T16:02:19.086Z,BINANCE,ETHUSD_PERP,1736.45,220,1,1782144097070
2026-06-22T16:02:19.086Z,BINANCE,ETHUSDT,1738.98,2128.51152,1,1782144093644
2026-06-22T16:02:19.086Z,BINANCE,ETHUSDC,1737.48,7066.33116,1,1782144093498
2026-06-22T16:02:19.086Z,BINANCE,ETHUSDT_260626,1740.71,268.06934,1,1782144092617
2026-06-22T16:02:19.086Z,BINANCE,ETHUSDT,1739.03,1099.06696,1,1782144091375
2026-06-22T16:02:19.086Z,BINANCE,ETHUSDT,1739.26,6127.41298,1,1782144090350
2026-06-22T16:02:19.086Z,BINANCE,ETHUSDC,1737.81,2229.61023,1,1782144090150
2026-06-22T16:02:19.086Z,BINANCE,ETHUSDT,1739.13,227765.16045,1,1782144088565
2026-06-22T16:02:19.086Z,BINANCE,ETHUSDT,1740.43,8843.12483,1,1782144083201
2026-06-22T16:02:19.086Z,BINANCE,ETHUSDT,1740.43,20890.38129,1,1782144081626
2026-06-22T16:02:19.086Z,BINANCE,ETHUSDT,1740.1,991.857,1,1782144080911
2026-06-22T16:02:19.086Z,BINANCE,ETHUSDT,1740.46,3480.92,1,1782144078399
2026-06-22T16:02:19.086Z,BINANCE,ETHUSDT,1740.64,6560.47216,1,1782144077668
2026-06-22T16:02:19.086Z,BINANCE,ETHUSDT,1740.98,1819.3241,1,1782144076064
2026-06-22T16:02:19.086Z,BINANCE,ETHUSDT,1742.12,357.1346,1,1782144065425
2026-06-22T16:02:19.086Z,BINANCE,ETHUSDT,1741.84,238.63208,1,1782144063423
2026-06-22T16:03:32.195Z,BINANCE,ETHUSDT,1737.31,173.731,1,1782144198020
2026-06-22T16:03:32.195Z,BINANCE,ETHUSDT,1737.79,792.43224,1,1782144166620
2026-06-22T16:03:32.195Z,BINANCE,ETHUSDT,1737.4,11534.5986,1,1782144166101
2026-06-22T16:03:32.195Z,BINANCE,ETHUSDC,1735.77,2603.655,1,1782144165261
2026-06-22T16:03:32.195Z,BINANCE,ETHUSDT,1737.26,44854.31594,1,1782144165151
2026-06-22T16:05:33.009Z,BINANCE,ETHUSDT,1736.53,3375.81432,1,1782144271670
2026-06-22T16:05:33.009Z,BINANCE,ETHUSDT,1736.22,7446.64758,1,1782144268325
2026-06-22T16:05:33.009Z,BINANCE,ETHUSDT,1736.22,19030.70742,1,1782144268233
2026-06-22T16:05:33.009Z,BINANCE,ETHUSDC,1734.66,4895.21052,1,1782144268084
2026-06-22T16:05:33.009Z,BINANCE,ETHUSDT,1736.4,10131.894,1,1782144258337
2026-06-22T16:05:33.009Z,BINANCE,ETHUSDT,1736.89,2077.32044,1,1782144253156
2026-06-22T16:09:07.358Z,BINANCE,ETHUSDT,1736.46,1958.72688,1,1782144481737
2026-06-22T16:11:19.067Z,BINANCE,ETHUSDT,1742.4,388.5552,2,1782144649901
2026-06-22T16:11:19.067Z,BINANCE,ETHUSDT,1742.89,1816.09138,2,1782144641294
2026-06-22T16:11:19.067Z,BINANCE,ETHUSDT,1742.54,12103.68284,2,1782144639710
2026-06-22T16:11:19.067Z,BINANCE,ETHUSDT,1741.8,14688.5994,2,1782144634411
2026-06-22T16:11:19.067Z,BINANCE,ETHUSDT,1741.98,52259.4,2,1782144624459
2026-06-22T16:11:19.067Z,BINANCE,ETHUSDT,1742.02,402.40662,2,1782144623067
2026-06-22T16:11:19.067Z,BINANCE,ETHUSDT,1741.39,11122.25793,2,1782144621194
2026-06-22T16:16:54.054Z,BINANCE,ETHUSDT,1739.04,2438.13408,1,1782145002680
2026-06-22T16:20:18.295Z,BINANCE,ETHUSDT,1743.62,549.2403,2,1782145215323
2026-06-22T16:20:18.295Z,BINANCE,ETHUSDT,1743.5,1129.788,2,1782145210529
2026-06-22T16:24:45.463Z,BINANCE,ETHUSDT,1740,158.34,1,1782145482113
2026-06-22T16:36:03.930Z,BINANCE,ETHUSDT,1736.83,738.15275,1,1782146158133
2026-06-22T16:36:03.930Z,BINANCE,ETHUSDT,1737.05,3597.43055,1,1782146155125
2026-06-22T16:36:03.930Z,BINANCE,ETHUSDT,1737.86,168.57242,1,1782146143056
2026-06-22T16:36:03.930Z,BINANCE,ETHUSDT,1737.87,241.56393,1,1782146140402
2026-06-22T16:36:03.930Z,BINANCE,ETHUSDT,1738.21,159.91532,1,1782146131448
2026-06-22T16:41:30.243Z,BINANCE,ETHUSDT,1735.74,178.78122,1,1782146460653
2026-06-22T16:41:30.243Z,BINANCE,ETHUSDT,1735.74,862.66278,1,1782146459671
2026-06-22T16:41:30.243Z,BINANCE,ETHUSDT,1735.41,2153.64381,1,1782146458252
2026-06-22T16:46:05.700Z,BINANCE,ETHUSDC,1733.24,2963.8404,1,1782146762268
2026-06-22T16:46:05.700Z,BINANCE,ETHUSDT,1734.38,64163.3881,1,1782146761548
2026-06-22T16:46:05.700Z,BINANCE,ETHUSDT,1734.36,534.18288,1,1782146760402
2026-06-22T16:46:05.700Z,BINANCE,ETHUSD_PERP,1732.15,456210,1,1782146759075
2026-06-22T16:46:05.700Z,BINANCE,ETHUSDT,1734.92,137822.0448,1,1782146758267
2026-06-22T16:46:05.700Z,BINANCE,ETHUSDT,1735.1,8675.5,1,1782146757415
2026-06-22T16:46:05.700Z,BINANCE,ETHUSDT,1735.76,298.55072,1,1782146743190
2026-06-22T16:46:05.700Z,BINANCE,ETHUSDT,1735.45,286.34925,1,1782146721312
2026-06-22T16:47:18.847Z,BINANCE,ETHUSDT,1733.17,7430.09979,1,1782146801148
2026-06-22T16:47:18.847Z,BINANCE,ETHUSDT,1732.92,6711.59916,1,1782146799624
2026-06-22T16:47:18.847Z,BINANCE,ETHUSDT,1733.82,10456.66842,1,1782146792338
2026-06-22T16:47:18.847Z,BINANCE,ETHUSDT,1734.1,15461.2356,1,1782146788471
2026-06-22T16:47:18.847Z,BINANCE,ETHUSD_PERP,1731.91,360,1,1782146788122
2026-06-22T16:47:18.847Z,BINANCE,ETHUSDT,1734.12,5935.89276,1,1782146785284
2026-06-22T16:47:18.847Z,BINANCE,ETHUSDT,1734.12,3386.73636,1,1782146784402
2026-06-22T16:47:18.847Z,BINANCE,ETHUSDT,1734.43,671.22441,1,1782146774566
2026-06-22T16:51:55.734Z,BINANCE,ETHUSDT,1738.24,1875.56096,2,1782147060844
2026-06-22T16:54:06.862Z,BINANCE,ETHUSDT,1738.78,6376.10626,2,1782147228118
2026-06-22T16:57:31.019Z,BINANCE,ETHUSDT,1740.02,114.84132,2,1782147401602
2026-06-22T16:58:39.028Z,BINANCE,ETHUSDT,1741.02,736.45146,2,1782147492818
2026-06-22T16:58:39.028Z,BINANCE,ETHUSDT,1740.72,360.32904,2,1782147492459
2026-06-22T16:59:41.922Z,BINANCE,ETHUSDT,1739.98,584.63328,1,1782147534287
2026-06-22T17:07:44.241Z,BINANCE,ETHUSDT,1739.06,902.57214,1,1782148043397
2026-06-22T17:21:54.342Z,BINANCE,ETHUSDT,1736.76,1189.6806,1,1782148905433
2026-06-22T17:23:07.565Z,BINANCE,ETHUSDT,1736.09,6527.6984,1,1782148939230
2026-06-22T17:23:07.565Z,BINANCE,ETHUSDT,1736.32,737.936,1,1782148918284
2026-06-22T17:27:27.897Z,BINANCE,ETHUSDT,1736.49,781.4205,1,1782149225070
2026-06-22T17:28:31.040Z,BINANCE,ETHUSDT,1737.21,4014.69231,1,1782149292319
2026-06-22T17:29:39.278Z,BINANCE,ETHUSDT,1733.36,32739.70368,1,1782149375184
2026-06-22T17:29:39.278Z,BINANCE,ETHUSDC,1732.65,1571.51355,1,1782149363323
2026-06-22T17:29:39.278Z,BINANCE,ETHUSDT,1734.85,133.58345,1,1782149349586
2026-06-22T17:29:39.278Z,BINANCE,ETHUSDT,1734.88,14968.54464,1,1782149347248
2026-06-22T17:30:42.294Z,BINANCE,ETHUSDT,1732.87,117.83516,1,1782149438647
2026-06-22T17:30:42.294Z,BINANCE,ETHUSDT,1732.64,67592.01904,1,1782149425459
2026-06-22T17:30:42.294Z,BINANCE,ETHUSDT,1732.51,136.86829,1,1782149407811
2026-06-22T17:30:42.294Z,BINANCE,ETHUSDC,1731.05,12214.2888,1,1782149407317
2026-06-22T17:30:42.294Z,BINANCE,ETHUSDT,1732.38,5573.06646,1,1782149406425
2026-06-22T17:30:42.294Z,BINANCE,ETHUSDT,1732.37,49095.3658,1,1782149406211
2026-06-22T17:30:42.294Z,BINANCE,ETHUSDC,1731.04,6390.99968,1,1782149404249
2026-06-22T17:31:55.570Z,BINANCE,ETHUSDT,1732,249.408,1,1782149450176
2026-06-22T17:31:55.570Z,BINANCE,ETHUSDT,1732.03,64454.03239,1,1782149446555
2026-06-22T17:31:55.570Z,BINANCE,ETHUSDT,1731.79,11592.60226,1,1782149445132
2026-06-22T17:31:55.570Z,BINANCE,ETHUSDT,1732.61,26765.35928,1,1782149443090
2026-06-22T17:34:16.924Z,BINANCE,ETHUSDT,1731.65,9527.5383,1,1782149653413
2026-06-22T17:34:16.924Z,BINANCE,ETHUSD_PERP,1729.46,2500,1,1782149652100
2026-06-22T17:34:16.924Z,BINANCE,ETHUSDC,1730.03,103.8018,1,1782149651635
2026-06-22T17:34:16.924Z,BINANCE,ETHUSDT,1731.59,78742.32366,1,1782149651610
2026-06-22T17:36:43.265Z,BINANCE,ETHUSDT,1730.72,121.1504,1,1782149774525
2026-06-22T17:36:43.265Z,BINANCE,ETHUSDT,1730.66,475.9315,1,1782149772442
2026-06-22T17:36:43.265Z,BINANCE,ETHUSDT,1730.47,104013.36029,1,1782149771229
2026-06-22T17:36:43.265Z,BINANCE,ETHUSDT,1731.28,3517.96096,1,1782149756531
2026-06-22T17:36:43.265Z,BINANCE,ETHUSDT,1731.06,365.25366,1,1782149756059
2026-06-22T17:36:43.265Z,BINANCE,ETHUSDT,1731.19,9942.22417,1,1782149754374
2026-06-22T17:36:43.265Z,BINANCE,ETHUSDT,1731.24,14431.61664,1,1782149753224
2026-06-22T17:36:43.265Z,BINANCE,ETHUSDC,1730.06,126.29438,1,1782149750611
2026-06-22T17:46:08.866Z,BINANCE,ETHUSDT,1736.21,1395.91284,2,1782150338352
2026-06-22T17:46:08.866Z,BINANCE,ETHUSDT,1734.53,161.31129,1,1782150310458
2026-06-22T17:47:16.963Z,BINANCE,ETHUSDT,1737,602.739,2,1782150417779
2026-06-22T17:53:44.478Z,BINANCE,ETHUSDT,1739.47,594.89874,2,1782150807370
2026-06-22T17:53:44.478Z,BINANCE,ETHUSDT,1739,260.85,2,1782150785561
2026-06-22T17:53:44.478Z,BINANCE,ETHUSDT,1738.37,300.73801,2,1782150780928
2026-06-22T17:54:57.493Z,BINANCE,ETHUSDT,1740.68,14729.63416,2,1782150885663
2026-06-22T17:57:08.656Z,BINANCE,ETHUSDT,1741.52,151.51224,2,1782150975576
2026-06-22T17:57:08.656Z,BINANCE,ETHUSDT,1741.29,482.33733,2,1782150968080
2026-06-22T18:01:30.387Z,BINANCE,ETHUSDT,1743.26,7794.11546,2,1782151277540
2026-06-22T18:01:30.387Z,BINANCE,ETHUSDT,1742.85,252.71325,2,1782151271367
2026-06-22T18:01:30.387Z,BINANCE,ETHUSDT,1742.63,1699.06425,2,1782151242494
2026-06-22T18:01:30.387Z,BINANCE,ETHUSDT,1741.89,23161.91133,2,1782151239577
2026-06-22T18:03:51.434Z,BINANCE,ETHUSDT,1743.58,14192.7412,2,1782151378287
2026-06-22T18:03:51.434Z,BINANCE,ETHUSDT,1743.58,397.53624,2,1782151373719
2026-06-22T18:03:51.434Z,BINANCE,ETHUSDT,1743.14,4643.72496,2,1782151367419
2026-06-22T18:04:54.314Z,BINANCE,ETHUSDT,1744.09,547.64426,2,1782151478397
2026-06-22T18:04:54.314Z,BINANCE,ETHUSDT,1744.31,1503.59522,2,1782151457385
2026-06-22T18:05:57.204Z,BINANCE,ETHUSDT,1745,1099.35,2,1782151536671
2026-06-22T18:05:57.204Z,BINANCE,ETHUSDT,1745,171.01,2,1782151505184
2026-06-22T18:07:05.357Z,BINANCE,ETHUSDT,1744.54,589.65452,2,1782151592438
2026-06-22T18:09:16.358Z,BINANCE,ETHUSDT,1745.85,8572.1235,2,1782151734311
2026-06-22T18:09:16.358Z,BINANCE,ETHUSDT,1744.87,4233.05462,2,1782151707240
2026-06-22T18:09:16.358Z,BINANCE,ETHUSDT,1744.86,392.5935,1,1782151705723
2026-06-22T18:09:16.358Z,BINANCE,ETHUSDT,1744.62,1882.44498,1,1782151688265
2026-06-22T18:17:07.500Z,BINANCE,ETHUSDT,1746.37,5972.5854,2,1782152215158
2026-06-22T18:18:10.396Z,BINANCE,ETHUSDT,1746.82,1123.20526,2,1782152230339
2026-06-22T18:29:19.474Z,BINANCE,ETHUSDT,1741.19,2035.45111,1,1782152932546
2026-06-22T18:29:19.474Z,BINANCE,ETHUSDT,1741.74,196.81662,1,1782152924056
2026-06-22T18:29:19.474Z,BINANCE,ETHUSDT,1742.34,191.6574,1,1782152917185
2026-06-22T18:45:27.581Z,BINANCE,ETHUSDC,1734.41,176.90982,1,1782153924095
2026-06-22T18:45:27.581Z,BINANCE,ETHUSDT,1735.81,366.25591,1,1782153923668
2026-06-22T18:45:27.581Z,BINANCE,ETHUSDT,1736.17,119358.21516,1,1782153922609
2026-06-22T18:45:27.581Z,BINANCE,ETHUSDT,1737.18,1275.09012,1,1782153918650
2026-06-22T18:45:27.581Z,BINANCE,ETHUSDT,1737.43,2788.57515,1,1782153915360
2026-06-22T18:45:27.581Z,BINANCE,ETHUSDT,1737.46,1299.62008,1,1782153911816
2026-06-22T18:46:30.393Z,BINANCE,ETHUSDT,1734.52,7170.50568,1,1782153972501
2026-06-22T18:46:30.393Z,BINANCE,ETHUSDT,1734.62,707.72496,1,1782153967635
2026-06-22T18:46:30.393Z,BINANCE,ETHUSDC,1733.29,403.85657,1,1782153967595
2026-06-22T18:46:30.393Z,BINANCE,ETHUSDT,1734.62,9944.57646,1,1782153966258
2026-06-22T18:46:30.393Z,BINANCE,ETHUSDT,1734.85,1058.2585,1,1782153936204
2026-06-22T18:46:30.393Z,BINANCE,ETHUSDT,1734.98,572659.64366,1,1782153932408
2026-06-22T18:47:43.397Z,BINANCE,ETHUSDT,1733.39,104.0034,1,1782154024517
2026-06-22T18:47:43.397Z,BINANCE,ETHUSDT,1733.47,144992.63121,1,1782154018664
2026-06-22T18:47:43.397Z,BINANCE,ETHUSDT,1734.37,3961.30108,1,1782153997246
2026-06-22T18:47:43.397Z,BINANCE,ETHUSDT,1734.28,6130.6798,1,1782153996060
2026-06-22T18:47:43.397Z,BINANCE,ETHUSDC,1733.25,8666.25,1,1782153990510
2026-06-22T18:47:43.397Z,BINANCE,ETHUSDT,1734.43,29502.6543,1,1782153988108
2026-06-22T18:48:56.571Z,BINANCE,ETHUSDT,1737.31,7072.58901,1,1782154113634
2026-06-22T18:52:31.418Z,BINANCE,ETHUSDT,1734.14,1231.2394,1,1782154347226
2026-06-22T18:53:44.380Z,BINANCE,ETHUSDT,1733.99,10658.83653,1,1782154382206
2026-06-22T18:53:44.380Z,BINANCE,ETHUSDT,1733.5,2803.0695,1,1782154374248
2026-06-22T18:53:44.380Z,BINANCE,ETHUSDT,1734.35,1734.35,2,1782154351951
2026-06-22T18:55:57.482Z,BINANCE,ETHUSDC,1728.17,8640.85,1,1782154543746
2026-06-22T18:55:57.482Z,BINANCE,ETHUSDT,1729.25,3458.5,1,1782154543485
2026-06-22T18:55:57.482Z,BINANCE,ETHUSDT,1729.13,14806.54019,1,1782154542413
2026-06-22T18:55:57.482Z,BINANCE,ETHUSDC,1727.68,5468.1072,1,1782154541536
2026-06-22T18:55:57.482Z,BINANCE,ETHUSDT,1728.83,539922.25315,1,1782154541371
2026-06-22T18:55:57.482Z,BINANCE,ETHUSDT,1728.69,20637.10122,1,1782154541106
2026-06-22T18:55:57.482Z,BINANCE,ETHUSDT,1729.32,37168.27476,1,1782154539140
2026-06-22T18:55:57.482Z,BINANCE,ETHUSDT,1731.91,341.18627,2,1782154528316
2026-06-22T18:55:57.482Z,BINANCE,ETHUSDT,1731.78,3189.93876,1,1782154527147
2026-06-22T18:55:57.482Z,BINANCE,ETHUSDC,1730.52,2704.80276,1,1782154526260
2026-06-22T18:55:57.482Z,BINANCE,ETHUSDT,1732.41,40353.02613,1,1782154524074
2026-06-22T18:55:57.482Z,BINANCE,ETHUSDT,1733.32,5856.88828,1,1782154507521
2026-06-22T18:57:05.565Z,BINANCE,ETHUSDC,1727.68,532.12544,1,1782154575509
2026-06-22T18:57:05.565Z,BINANCE,ETHUSDT,1728.9,4277.2986,1,1782154561425
2026-06-22T18:58:18.707Z,BINANCE,ETHUSDT,1733.4,2815.0416,2,1782154643352
2026-06-22T19:05:17.850Z,BINANCE,ETHUSDT,1731.98,174.92998,1,1782155069587
2026-06-22T19:09:32.199Z,BINANCE,ETHUSDT,1730.18,19817.48172,1,1782155328202
2026-06-22T19:10:40.494Z,BINANCE,ETHUSDT,1729.29,610.43937,1,1782155433183
2026-06-22T19:10:40.494Z,BINANCE,ETHUSDT,1729.55,1487.413,1,1782155430586
2026-06-22T19:10:40.494Z,BINANCE,ETHUSDT,1730.17,3965.54964,1,1782155413696
2026-06-22T19:10:40.494Z,BINANCE,ETHUSDT,1730.61,247.47723,1,1782155394094
2026-06-22T19:12:51.604Z,BINANCE,ETHUSDT,1733.69,28711.64009,2,1782155561280
2026-06-22T19:17:10.423Z,BINANCE,ETHUSDT,1733.6,828.6608,1,1782155819349
2026-06-22T19:19:31.604Z,BINANCE,ETHUSDT,1735.23,30822.89049,2,1782155959638
2026-06-22T19:21:42.950Z,BINANCE,ETHUSDC,1733.51,861.55447,1,1782156082983
2026-06-22T19:21:42.950Z,BINANCE,ETHUSDT,1735.31,1566.98493,1,1782156069791
2026-06-22T19:22:50.909Z,BINANCE,ETHUSDT,1733.85,365.84235,2,1782156166314
2026-06-22T19:22:50.909Z,BINANCE,ETHUSDT,1733.83,2630.22011,1,1782156137285
2026-06-22T19:23:53.846Z,BINANCE,ETHUSDT,1733.86,173.386,1,1782156169944
2026-06-22T19:26:19.345Z,BINANCE,ETHUSDT,1730.09,309686.11,1,1782156373751
2026-06-22T19:26:19.345Z,BINANCE,ETHUSDT,1728.88,3660.03896,1,1782156359584
2026-06-22T19:26:19.345Z,BINANCE,ETHUSDT,1729.2,37596.2664,1,1782156357193
2026-06-22T19:26:19.345Z,BINANCE,ETHUSDT,1729.47,10202.14353,1,1782156354447
2026-06-22T19:26:19.345Z,BINANCE,ETHUSDT,1730.13,1155.72684,1,1782156349028
2026-06-22T19:26:19.345Z,BINANCE,ETHUSDC,1728.91,774.55168,1,1782156349028
2026-06-22T19:26:19.345Z,BINANCE,ETHUSDT,1730.51,3075.11627,1,1782156337614
2026-06-22T19:27:27.416Z,BINANCE,ETHUSDT,1728.88,171.15912,1,1782156407463
2026-06-22T19:27:27.416Z,BINANCE,ETHUSDT,1730.06,173.006,1,1782156382905
2026-06-22T19:34:16.393Z,BINANCE,ETHUSDT,1734.68,14267.743,2,1782156793375
2026-06-22T19:46:31.392Z,BINANCE,ETHUSDT,1730.18,5190.54,1,1782157576247
2026-06-22T19:46:31.392Z,BINANCE,ETHUSDT,1731.28,217310.2656,1,1782157532836
2026-06-22T19:47:45.469Z,BINANCE,ETHUSDT,1730.41,1218.20864,1,1782157642142
2026-06-22T19:47:45.469Z,BINANCE,ETHUSDT,1730.65,32243.74015,1,1782157606317
2026-06-22T19:47:45.469Z,BINANCE,ETHUSDT,1729.24,7434.00276,1,1782157589326
2026-06-22T19:48:53.603Z,BINANCE,ETHUSDT,1730.7,432.675,1,1782157705810
2026-06-22T19:51:04.775Z,BINANCE,ETHUSDT,1732.5,10395,2,1782157831267
2026-06-22T19:51:04.775Z,BINANCE,ETHUSDT,1731.35,271.82195,2,1782157823777
2026-06-22T20:03:30.132Z,BINANCE,ETHUSDC,1736.15,3798.6962,2,1782158568798
2026-06-22T20:03:30.132Z,BINANCE,ETHUSDT,1737.49,1275.31766,2,1782158551627
2026-06-22T20:04:43.025Z,BINANCE,ETHUSDT,1738.57,229.49124,2,1782158628505
2026-06-22T20:04:43.025Z,BINANCE,ETHUSDT,1738.28,191.2108,2,1782158626596
2026-06-22T20:08:02.144Z,BINANCE,ETHUSDT,1736.27,2515.85523,1,1782158849461
2026-06-22T20:08:02.144Z,BINANCE,ETHUSDT,1736.36,283.02668,2,1782158840838
2026-06-22T20:24:43.038Z,BINANCE,ETHUSDT,1733.04,1107.41256,1,1782159867739
2026-06-22T20:24:43.038Z,BINANCE,ETHUSDT,1733.04,185.43528,1,1782159866544
2026-06-22T20:25:56.150Z,BINANCE,ETHUSDT,1732.76,13957.3818,1,1782159894516
2026-06-22T20:28:07.243Z,BINANCE,ETHUSDT,1731.21,747.88272,1,1782160039102
2026-06-22T20:39:28.260Z,BINANCE,ETHUSDT,1735.62,173.562,2,1782160718491
2026-06-22T20:39:28.260Z,BINANCE,ETHUSDT,1735.55,121.4885,2,1782160701624
2026-06-22T20:42:43.112Z,BINANCE,ETHUSDT,1735.33,2955.26699,1,1782160900085
2026-06-22T20:54:08.579Z,BINANCE,ETHUSDT,1730.59,827.22202,1,1782161579716
2026-06-22T20:54:08.579Z,BINANCE,ETHUSDT,1730.32,1555.55768,1,1782161578316
2026-06-22T21:24:31.865Z,BINANCE,ETHUSDT,1730.4,1043.4312,1,1782163423545
2026-06-22T21:24:31.865Z,BINANCE,ETHUSDT,1730.4,3780.924,1,1782163420478
2026-06-22T21:24:31.865Z,BINANCE,ETHUSDT,1731.09,8565.43332,1,1782163413735
2026-06-22T21:32:28.341Z,BINANCE,ETHUSDT,1732.83,105.70263,2,1782163922193
2026-06-22T21:40:15.875Z,BINANCE,ETHUSDT,1726.75,673.4325,1,1782164384265
2026-06-22T21:40:15.875Z,BINANCE,ETHUSDC,1725.39,107916.24294,1,1782164380653
2026-06-22T21:40:15.875Z,BINANCE,ETHUSDT,1726.84,5156.34424,1,1782164378356
2026-06-22T21:40:15.875Z,BINANCE,ETHUSDT,1726.88,17662.52864,1,1782164377554
2026-06-22T21:40:15.875Z,BINANCE,ETHUSDC,1725.41,2588.115,1,1782164377362
2026-06-22T21:40:15.875Z,BINANCE,ETHUSDT,1726.71,170757.80532,1,1782164376367
2026-06-22T21:40:15.875Z,BINANCE,ETHUSDC,1725.32,2061.7574,1,1782164375443
2026-06-22T21:40:15.875Z,BINANCE,ETHUSDT,1727.19,4948.39935,1,1782164375131
2026-06-22T21:40:15.875Z,BINANCE,ETHUSDT,1726.02,4572.22698,1,1782164374092
2026-06-22T21:40:15.875Z,BINANCE,ETHUSDC,1726.02,5350.662,1,1782164373325
2026-06-22T21:40:15.875Z,BINANCE,ETHUSD_PERP,1725.57,7020,1,1782164373051
2026-06-22T21:40:15.875Z,BINANCE,ETHUSDT,1727.15,166773.604,1,1782164372235
2026-06-22T21:40:15.875Z,BINANCE,ETHUSDT,1729.93,1278.41827,1,1782164356128
2026-06-22T21:59:08.813Z,BINANCE,ETHUSDT,1731.78,5075.84718,2,1782165487563
2026-06-22T22:03:31.342Z,BINANCE,ETHUSDT,1735.13,419.90146,2,1782165769373
2026-06-22T22:03:31.342Z,BINANCE,ETHUSDT,1734.64,1129.25064,2,1782165764080
2026-06-22T22:21:23.822Z,BINANCE,ETHUSDT,1728.82,864.41,1,1782166858731
2026-06-22T22:27:08.759Z,BINANCE,ETHUSDT,1724.54,22044.79482,1,1782167226539
2026-06-22T22:27:08.759Z,BINANCE,ETHUSDT,1724.23,81759.53814,1,1782167224424
2026-06-22T22:27:08.759Z,BINANCE,ETHUSD_PERP,1723.16,2200,1,1782167224131
2026-06-22T22:27:08.759Z,BINANCE,ETHUSDT,1727.49,59579.40261,1,1782167208521
2026-06-22T22:27:08.759Z,BINANCE,ETHUSDT,1727.49,3311.59833,1,1782167207243
2026-06-22T22:27:08.759Z,BINANCE,ETHUSDT,1727.91,412.97049,1,1782167204621
2026-06-22T22:28:17.446Z,BINANCE,ETHUSDC,1716.99,382426.89969,1,1782167292700
2026-06-22T22:28:17.446Z,BINANCE,ETHUSDT,1719.33,68773.2,1,1782167291811
2026-06-22T22:28:17.446Z,BINANCE,ETHUSDT,1718.78,75677.8834,1,1782167291338
2026-06-22T22:28:17.446Z,BINANCE,ETHUSDC,1717.64,1080.39556,1,1782167291328
2026-06-22T22:28:17.446Z,BINANCE,ETHUSD_PERP,1716.83,3520,1,1782167291076
2026-06-22T22:28:17.446Z,BINANCE,ETHUSDC,1716.64,13906.50064,1,1782167290549
2026-06-22T22:28:17.446Z,BINANCE,ETHUSDT,1717.54,601259.2278,1,1782167290418
2026-06-22T22:28:17.446Z,BINANCE,ETHUSDT,1716.78,72499.6194,1,1782167289484
2026-06-22T22:28:17.446Z,BINANCE,ETHUSDT,1717.15,557134.46895,1,1782167289076
2026-06-22T22:28:17.446Z,BINANCE,ETHUSDT,1718.13,8590.65,1,1782167288542
2026-06-22T22:28:17.446Z,BINANCE,ETHUSDT,1723.66,99282.816,1,1782167263737
2026-06-22T22:28:17.446Z,BINANCE,ETHUSDC,1722.17,24981.79802,1,1782167263517
2026-06-22T22:28:17.446Z,BINANCE,ETHUSDT,1723.32,119136.55824,1,1782167262692
2026-06-22T22:28:17.446Z,BINANCE,ETHUSDC,1722.35,1722.35,1,1782167261438
2026-06-22T22:28:17.446Z,BINANCE,ETHUSDT,1723.52,20344.43008,1,1782167260494
2026-06-22T22:28:17.446Z,BINANCE,ETHUSDT,1724.81,29937.52717,1,1782167235595
2026-06-22T22:28:17.446Z,BINANCE,ETHUSDC,1723.45,52492.8401,1,1782167227617
2026-06-22T22:28:17.446Z,BINANCE,ETHUSDT,1724.95,52393.6313,1,1782167227362
2026-06-22T22:32:14.848Z,BINANCE,ETHUSDT,1719.8,22176.821,1,1782167409242
2026-06-22T22:33:17.788Z,BINANCE,ETHUSDC,1717.51,5082.11209,1,1782167536457
2026-06-22T22:33:17.788Z,BINANCE,ETHUSDT,1719,1000.458,1,1782167535119
2026-06-22T22:33:17.788Z,BINANCE,ETHUSDC,1717.57,152.86373,1,1782167535100
2026-06-22T22:37:50.640Z,BINANCE,ETHUSDT,1718.6,6092.437,1,1782167836833
2026-06-22T22:37:50.640Z,BINANCE,ETHUSDT,1718.24,12027.68,1,1782167836122
2026-06-22T22:37:50.640Z,BINANCE,ETHUSDC,1716,5148,1,1782167835659
2026-06-22T22:37:50.640Z,BINANCE,ETHUSDT,1717.99,8589.95,1,1782167833598
2026-06-22T22:37:50.640Z,BINANCE,ETHUSDT,1717.88,4810.064,1,1782167833265
2026-06-22T22:37:50.640Z,BINANCE,ETHUSDT,1717.92,34586.88336,1,1782167831555
2026-06-22T22:37:50.640Z,BINANCE,ETHUSDT,1717.88,15491.84184,1,1782167828499
2026-06-22T22:37:50.640Z,BINANCE,ETHUSDT,1719.99,5068.81053,1,1782167825518
2026-06-22T22:40:32.265Z,BINANCE,ETHUSDT,1716.84,264.39336,1,1782167916498
2026-06-22T22:40:32.265Z,BINANCE,ETHUSDT,1716.84,10548.26496,1,1782167916435
2026-06-22T22:40:32.265Z,BINANCE,ETHUSDC,1714.95,7161.6312,1,1782167915527
2026-06-22T22:40:32.265Z,BINANCE,ETHUSDT,1716.33,5104.36542,1,1782167915181
2026-06-22T22:40:32.265Z,BINANCE,ETHUSDT,1716.24,69796.04832,1,1782167913681
2026-06-22T22:40:32.265Z,BINANCE,ETHUSDT,1716.17,34323.4,1,1782167912345
2026-06-22T22:40:32.265Z,BINANCE,ETHUSDT,1716.84,29098.72116,1,1782167908558
2026-06-22T22:40:32.265Z,BINANCE,ETHUSDT,1716.68,19669.71944,1,1782167907117
2026-06-22T22:40:32.265Z,BINANCE,ETHUSDT,1716.95,2146.1875,1,1782167906097
2026-06-22T22:40:32.265Z,BINANCE,ETHUSDT,1716.07,73313.94254,1,1782167904671
2026-06-22T22:40:32.265Z,BINANCE,ETHUSDT,1717.33,4770.74274,1,1782167898221
2026-06-22T22:40:32.265Z,BINANCE,ETHUSDT,1717.24,1210.6542,1,1782167895625
2026-06-22T22:40:32.265Z,BINANCE,ETHUSDT,1717.45,645.7612,1,1782167892546
2026-06-22T22:40:32.265Z,BINANCE,ETHUSDT,1717.33,11463.17775,1,1782167888538
2026-06-22T22:40:32.265Z,BINANCE,ETHUSDC,1715.98,257.397,1,1782167888122
2026-06-22T22:40:32.265Z,BINANCE,ETHUSDT,1717.55,3435.1,1,1782167886547
2026-06-22T22:40:32.265Z,BINANCE,ETHUSDT,1717.08,148281.87756,1,1782167885686
2026-06-22T22:40:32.265Z,BINANCE,ETHUSDC,1715.63,257.3445,1,1782167885386
2026-06-22T22:40:32.265Z,BINANCE,ETHUSDT,1717.44,15324.71712,1,1782167884406
2026-06-22T22:52:45.002Z,BINANCE,ETHUSDT,1722,6027,1,1782168730282
2026-06-22T22:56:19.307Z,BINANCE,ETHUSDT,1723.97,717.17152,2,1782168963544
2026-06-22T23:05:18.877Z,BINANCE,ETHUSDT,1724.79,250.09455,2,1782169496324
2026-06-22T23:18:56.799Z,BINANCE,ETHUSDT,1720.59,1078.80993,1,1782170275421
2026-06-22T23:36:51.088Z,BINANCE,ETHUSDT,1729.09,152.15992,2,1782171408603
2026-06-22T23:36:51.088Z,BINANCE,ETHUSDT,1728.53,712.15436,2,1782171402811
2026-06-22T23:36:51.088Z,BINANCE,ETHUSDC,1726.65,145.0386,2,1782171400302
2026-06-22T23:36:51.088Z,BINANCE,ETHUSDT,1727.9,149452.9826,2,1782171400267
2026-06-22T23:37:53.897Z,BINANCE,ETHUSDT,1728.93,107.19366,2,1782171409659
2026-06-22T23:51:43.332Z,BINANCE,ETHUSDT,1725.1,1782.0283,2,1782172228044
2026-06-23T00:06:18.749Z,BINANCE,ETHUSDT,1727.27,22806.87308,2,1782173164216
2026-06-23T00:06:18.749Z,BINANCE,ETHUSDT,1726.9,426.5443,2,1782173122370
2026-06-23T00:08:39.839Z,BINANCE,ETHUSDT,1726.37,2366.85327,2,1782173273498
2026-06-23T00:09:42.673Z,BINANCE,ETHUSDT,1725.28,1359.52064,1,1782173345589
2026-06-23T00:12:03.969Z,BINANCE,ETHUSDT,1724.62,7809.07936,2,1782173490344
2026-06-23T00:13:17.064Z,BINANCE,ETHUSDT,1723.72,1834.03808,1,1782173530516
2026-06-23T00:20:19.519Z,BINANCE,ETHUSDT,1722.91,21114.26205,1,1782174014864
2026-06-23T00:21:32.827Z,BINANCE,ETHUSDT,1721.78,686.99022,1,1782174054338
2026-06-23T00:21:32.827Z,BINANCE,ETHUSDT,1722.16,2118.2568,1,1782174044377
2026-06-23T00:21:32.827Z,BINANCE,ETHUSDT,1722.4,361.704,1,1782174023265
2026-06-23T00:22:45.812Z,BINANCE,ETHUSDT,1722.05,3444.1,1,1782174143142
2026-06-23T00:23:43.679Z,BINANCE,ETHUSDT,1721.01,2128.88937,1,1782174202470
2026-06-23T00:23:43.679Z,BINANCE,ETHUSDT,1721.2,38429.2324,1,1782174171308
2026-06-23T00:23:43.679Z,BINANCE,ETHUSDT,1721.31,597.29457,1,1782174167186
2026-06-23T00:24:56.755Z,BINANCE,ETHUSDT,1720.82,416.43844,1,1782174283499
2026-06-23T00:24:56.755Z,BINANCE,ETHUSDT,1720.93,1856.88347,1,1782174278642
2026-06-23T00:24:56.755Z,BINANCE,ETHUSDT,1720.96,7885.43872,1,1782174264167
2026-06-23T00:26:04.901Z,BINANCE,ETHUSDT,1720.86,55067.52,1,1782174346646
2026-06-23T00:27:17.952Z,BINANCE,ETHUSDT,1721.52,657.62064,2,1782174429777
2026-06-23T00:27:17.952Z,BINANCE,ETHUSDT,1721.67,2973.32409,1,1782174402843
2026-06-23T00:28:30.974Z,BINANCE,ETHUSDT,1720.1,467.8672,1,1782174506290
2026-06-23T00:28:30.974Z,BINANCE,ETHUSDT,1720.13,323.38444,1,1782174504757
2026-06-23T00:28:30.974Z,BINANCE,ETHUSDT,1720.21,4388.25571,1,1782174496400
2026-06-23T00:28:30.974Z,BINANCE,ETHUSDT,1721.01,413.0424,1,1782174488570
2026-06-23T00:28:30.974Z,BINANCE,ETHUSDT,1721.71,742.05701,1,1782174477106
2026-06-23T00:28:30.974Z,BINANCE,ETHUSDT,1721.84,3479.83864,1,1782174465272
2026-06-23T00:28:30.974Z,BINANCE,ETHUSDT,1721.84,1721.84,1,1782174455166
2026-06-23T00:29:38.824Z,BINANCE,ETHUSDT,1719.74,2211.58564,1,1782174518353
2026-06-23T00:31:55.076Z,BINANCE,ETHUSDT,1725.81,491.85585,2,1782174703625
2026-06-23T00:31:55.076Z,BINANCE,ETHUSDT,1723.24,377.38956,1,1782174670169
2026-06-23T00:44:30.053Z,BINANCE,ETHUSDT,1728,499.392,2,1782175457106
2026-06-23T00:50:15.293Z,BINANCE,ETHUSDT,1728.78,191.89458,2,1782175798162
2026-06-23T00:51:18.363Z,BINANCE,ETHUSDT,1728.82,274.88238,2,1782175831645
2026-06-23T00:54:46.656Z,BINANCE,ETHUSDT,1729.31,676.16021,2,1782176049511
2026-06-23T00:55:54.716Z,BINANCE,ETHUSDT,1727.96,8254.46492,2,1782176140435
2026-06-23T01:00:26.915Z,BINANCE,ETHUSDT,1731.35,1487.22965,2,1782176419551
2026-06-23T01:00:26.915Z,BINANCE,ETHUSDT,1730.24,192.05664,2,1782176384074
2026-06-23T01:00:26.915Z,BINANCE,ETHUSDT,1729.93,2515.31822,2,1782176380355
2026-06-23T01:01:30.494Z,BINANCE,ETHUSDT,1734.34,1425.62748,2,1782176488642
2026-06-23T01:01:30.494Z,BINANCE,ETHUSDT,1734.04,10144.134,2,1782176483361
2026-06-23T01:01:30.494Z,BINANCE,ETHUSDT,1732.91,8664.55,2,1782176476176
2026-06-23T01:01:30.494Z,BINANCE,ETHUSDC,1731.44,5194.32,2,1782176474098
2026-06-23T01:01:30.494Z,BINANCE,ETHUSDT,1732.49,1732.49,2,1782176463071
2026-06-23T01:01:30.494Z,BINANCE,ETHUSDT,1731.92,2017.6868,2,1782176445464
2026-06-23T01:03:19.472Z,BINANCE,ETHUSDC,1733.9,1733.9,2,1782176549729
2026-06-23T01:03:19.472Z,BINANCE,ETHUSDT,1735.28,317.55624,2,1782176549699
2026-06-23T01:03:19.472Z,BINANCE,ETHUSDT,1734.69,738.97794,2,1782176497730
2026-06-23T01:35:53.545Z,BINANCE,ETHUSDT,1729.21,2199.55512,1,1782178540441
2026-06-23T01:37:06.696Z,BINANCE,ETHUSDT,1726.7,1056.7404,1,1782178619128
2026-06-23T01:37:06.696Z,BINANCE,ETHUSDT,1728.11,523.61733,1,1782178601437
2026-06-23T01:37:06.696Z,BINANCE,ETHUSDT,1728.31,2592.465,1,1782178585535
2026-06-23T01:45:02.730Z,BINANCE,ETHUSDT,1727.38,796.32218,1,1782179081910
2026-06-23T01:46:10.927Z,BINANCE,ETHUSDT,1725.54,8579.38488,1,1782179156358
2026-06-23T01:47:19.197Z,BINANCE,ETHUSDC,1722.21,347.88642,1,1782179198749
2026-06-23T01:47:19.197Z,BINANCE,ETHUSDT,1724.25,218.97975,1,1782179190611
2026-06-23T01:47:19.197Z,BINANCE,ETHUSD_PERP,1722.4,490,1,1782179190608
2026-06-23T01:47:19.197Z,BINANCE,ETHUSDT,1724.72,205.24168,1,1782179185422
2026-06-23T01:48:27.162Z,BINANCE,ETHUSDT,1722.87,14920.0542,1,1782179305243
2026-06-23T01:48:27.162Z,BINANCE,ETHUSDT,1722.59,473.71225,1,1782179304189
2026-06-23T01:48:27.162Z,BINANCE,ETHUSDT,1723.86,249.9597,1,1782179283576
2026-06-23T01:49:31.453Z,BINANCE,ETHUSDT,1721.86,1513.51494,1,1782179364653
2026-06-23T01:49:31.453Z,BINANCE,ETHUSDT,1722.31,1825.6486,1,1782179359209
2026-06-23T01:49:31.453Z,BINANCE,ETHUSDT,1722.87,134.38386,1,1782179305371
2026-06-23T01:50:39.540Z,BINANCE,ETHUSDT,1720.82,3892.49484,1,1782179421232
2026-06-23T01:50:39.540Z,BINANCE,ETHUSDT,1721.05,905.2723,1,1782179414315
2026-06-23T01:50:39.540Z,BINANCE,ETHUSDC,1719.28,515.784,1,1782179411320
2026-06-23T01:50:39.540Z,BINANCE,ETHUSDT,1720.85,206500.27915,1,1782179410654
2026-06-23T01:50:39.540Z,BINANCE,ETHUSDT,1720.76,74622.47816,1,1782179408092
2026-06-23T01:54:08.823Z,BINANCE,ETHUSDT,1725.93,113.91138,2,1782179594247
2026-06-23T01:56:38.753Z,BINANCE,ETHUSDT,1728.4,212.5932,2,1782179679209
2026-06-23T02:00:03.093Z,BINANCE,ETHUSDT,1730.52,69220.8,2,1782179959544
2026-06-23T02:02:19.349Z,BINANCE,ETHUSDT,1729.6,307.8688,1,1782180067742
2026-06-23T02:11:18.301Z,BINANCE,ETHUSDT,1725.67,484.91327,1,1782180667436
2026-06-23T02:11:18.301Z,BINANCE,ETHUSDT,1725.79,3957.23647,1,1782180665226
2026-06-23T02:11:18.301Z,BINANCE,ETHUSDT,1725.93,4461.52905,1,1782180664472
2026-06-23T02:48:29.288Z,BINANCE,ETHUSDT,1731.34,6558.31592,2,1782182872401
2026-06-23T02:52:55.914Z,BINANCE,ETHUSDT,1733.45,804.3208,2,1782183159534
2026-06-23T02:54:03.846Z,BINANCE,ETHUSDT,1733.55,982.92285,2,1782183193667
2026-06-23T02:54:03.846Z,BINANCE,ETHUSDT,1734,11718.372,2,1782183181362
2026-06-23T02:54:03.846Z,BINANCE,ETHUSDT,1734,3757.578,2,1782183180323
2026-06-23T02:58:30.420Z,BINANCE,ETHUSDT,1734.24,215.04576,2,1782183462446
2026-06-23T03:05:18.838Z,BINANCE,ETHUSDT,1727.43,1207.47357,1,1782183890561
2026-06-23T03:08:53.079Z,BINANCE,ETHUSDT,1726.2,1096.137,1,1782184091550
2026-06-23T03:10:06.355Z,BINANCE,ETHUSDT,1725.84,1392.75288,1,1782184165194
2026-06-23T03:11:14.764Z,BINANCE,ETHUSDT,1725.54,1092.26682,1,1782184204187
2026-06-23T03:20:19.326Z,BINANCE,ETHUSDT,1728.71,127.92454,1,1782184761872
2026-06-23T03:22:30.417Z,BINANCE,ETHUSDT,1727.06,411.04028,1,1782184934829
2026-06-23T03:22:30.417Z,BINANCE,ETHUSDT,1727.25,164.08875,1,1782184906607
2026-06-23T03:22:30.417Z,BINANCE,ETHUSDT,1726.87,343.64713,1,1782184893472
2026-06-23T03:25:54.235Z,BINANCE,ETHUSDT,1726.86,13785.52338,1,1782185133384
2026-06-23T03:39:31.855Z,BINANCE,ETHUSDT,1726.35,148.4661,1,1782185914820
2026-06-23T03:39:31.855Z,BINANCE,ETHUSDT,1726,1536.14,1,1782185900330
2026-06-23T04:00:36.458Z,BINANCE,ETHUSDT,1729.06,508.34364,1,1782187174341
2026-06-23T04:06:07.989Z,BINANCE,ETHUSDT,1729.4,268.057,2,1782187555516
2026-06-23T04:21:42.703Z,BINANCE,ETHUSDT,1723.88,9481.34,1,1782188493209
2026-06-23T04:21:42.703Z,BINANCE,ETHUSDT,1723.88,208.58948,1,1782188491141
2026-06-23T04:21:42.703Z,BINANCE,ETHUSDT,1724.58,115.54686,1,1782188488722
2026-06-23T04:21:42.703Z,BINANCE,ETHUSDT,1725,143.175,1,1782188469191
2026-06-23T04:21:42.703Z,BINANCE,ETHUSDT,1725,1295.475,1,1782188467644
2026-06-23T04:21:42.703Z,BINANCE,ETHUSDT,1725.22,326.06658,1,1782188454166
2026-06-23T04:21:42.703Z,BINANCE,ETHUSDT,1725.84,6608.24136,1,1782188439484
2026-06-23T04:35:18.878Z,BINANCE,ETHUSDC,1721.55,168.7119,1,1782189309188
2026-06-23T04:35:18.878Z,BINANCE,ETHUSDT,1723.32,1292.49,1,1782189293671
2026-06-23T04:36:26.963Z,BINANCE,ETHUSDT,1722.54,10235.33268,1,1782189338476
2026-06-23T04:36:26.963Z,BINANCE,ETHUSDT,1722.64,5440.09712,1,1782189337426
2026-06-23T04:36:26.963Z,BINANCE,ETHUSDT,1722.64,604.64664,1,1782189335340
2026-06-23T04:38:42.913Z,BINANCE,ETHUSDT,1721.93,344.386,1,1782189451482
2026-06-23T04:49:42.446Z,BINANCE,ETHUSDT,1721.58,826.3584,1,1782190149336
2026-06-23T04:50:55.591Z,BINANCE,ETHUSDT,1720.65,307.99635,1,1782190249902
2026-06-23T04:50:55.591Z,BINANCE,ETHUSDT,1720.09,4391.38977,1,1782190246376
2026-06-23T04:50:55.591Z,BINANCE,ETHUSDT,1721.37,864.12774,1,1782190238222
2026-06-23T04:50:55.591Z,BINANCE,ETHUSDT,1721.2,1793.4904,1,1782190237518
2026-06-23T04:50:55.591Z,BINANCE,ETHUSDT,1721.21,19897.1876,1,1782190235169
2026-06-23T04:52:03.476Z,BINANCE,ETHUSDT,1719.1,28028.2064,1,1782190274629
2026-06-23T04:52:03.476Z,BINANCE,ETHUSDT,1719.66,4701.55044,1,1782190271269
2026-06-23T04:52:03.476Z,BINANCE,ETHUSDT,1719.49,1401.38435,1,1782190269493
2026-06-23T04:52:03.476Z,BINANCE,ETHUSDT,1720.04,9902.27028,1,1782190258056
2026-06-23T04:54:19.487Z,BINANCE,ETHUSDT,1718.8,5560.318,1,1782190457226
2026-06-23T04:54:19.487Z,BINANCE,ETHUSDT,1718.78,22344.14,1,1782190453638
2026-06-23T04:54:19.487Z,BINANCE,ETHUSDT,1719.2,3438.4,1,1782190448237
2026-06-23T04:54:19.487Z,BINANCE,ETHUSDT,1718.9,594.7394,1,1782190389143
2026-06-23T04:55:32.601Z,BINANCE,ETHUSDT,1718.46,4947.44634,1,1782190508268
2026-06-23T04:55:32.601Z,BINANCE,ETHUSDT,1718.79,1488.47214,1,1782190504398
2026-06-23T04:56:40.630Z,BINANCE,ETHUSDT,1718.08,676.92352,1,1782190573861
2026-06-23T04:56:40.630Z,BINANCE,ETHUSDT,1718.08,4875.91104,1,1782190573247
2026-06-23T04:56:40.630Z,BINANCE,ETHUSDT,1718.08,1575.47936,1,1782190569334
2026-06-23T04:56:40.630Z,BINANCE,ETHUSDT,1718.08,841.8592,1,1782190566643
2026-06-23T04:56:40.630Z,BINANCE,ETHUSDC,1716.73,171.673,1,1782190559501
2026-06-23T04:56:40.630Z,BINANCE,ETHUSDT,1718.4,1491.5712,1,1782190559132
2026-06-23T04:56:40.630Z,BINANCE,ETHUSDT,1718.19,376.28361,1,1782190557084
2026-06-23T04:56:40.630Z,BINANCE,ETHUSDT,1718.99,192.52688,1,1782190549443
2026-06-23T04:57:53.992Z,BINANCE,ETHUSDT,1718.35,161.5249,1,1782190622659
2026-06-23T05:00:05.265Z,BINANCE,ETHUSDT,1718.07,3408.65088,1,1782190791496
2026-06-23T05:00:05.265Z,BINANCE,ETHUSDT,1719.96,49197.73584,1,1782190754162
2026-06-23T05:08:06.568Z,BINANCE,ETHUSDT,1717.47,120.2229,1,1782191278229
2026-06-23T05:08:06.568Z,BINANCE,ETHUSDT,1717.36,1418.53936,1,1782191276170
2026-06-23T05:08:06.568Z,BINANCE,ETHUSDT,1717.5,360.675,1,1782191275090
2026-06-23T05:09:14.796Z,BINANCE,ETHUSDT,1717.09,197956.43774,1,1782191305621
2026-06-23T05:09:14.796Z,BINANCE,ETHUSDT,1716.5,2008.305,1,1782191303544
2026-06-23T05:09:14.796Z,BINANCE,ETHUSDT,1716.67,2669.42185,1,1782191303184
2026-06-23T05:09:14.796Z,BINANCE,ETHUSDT,1717.22,9884.31832,1,1782191297543
2026-06-23T05:14:55.778Z,BINANCE,ETHUSDT,1719.01,713.38915,1,1782191641475
2026-06-23T05:16:03.904Z,BINANCE,ETHUSDT,1716.54,739.82874,1,1782191735491
2026-06-23T05:16:03.904Z,BINANCE,ETHUSDT,1716.65,914.97445,1,1782191731168
2026-06-23T05:16:03.904Z,BINANCE,ETHUSDT,1716.65,1514.0853,1,1782191728700
2026-06-23T05:17:06.773Z,BINANCE,ETHUSDT,1718.67,225.14577,1,1782191802025
2026-06-23T05:19:17.669Z,BINANCE,ETHUSDT,1715.79,23170.02816,1,1782191937759
2026-06-23T05:19:17.669Z,BINANCE,ETHUSDC,1714.58,2383.2662,1,1782191928637
2026-06-23T05:19:17.669Z,BINANCE,ETHUSDT,1716.31,9499.77585,1,1782191928453
2026-06-23T05:19:17.669Z,BINANCE,ETHUSDT,1716.07,948.98671,1,1782191926489
2026-06-23T05:19:17.669Z,BINANCE,ETHUSDT,1716.92,3433.84,1,1782191895448
2026-06-23T05:20:30.975Z,BINANCE,ETHUSDT,1714.25,28931.39725,1,1782192008168
2026-06-23T05:20:30.975Z,BINANCE,ETHUSDT,1714.64,32759.91184,1,1782192001471
2026-06-23T05:20:30.975Z,BINANCE,ETHUSDT,1714.01,5011.76524,1,1782192000101
2026-06-23T05:20:30.975Z,BINANCE,ETHUSDT,1714.52,148659.17112,1,1782191985710
2026-06-23T05:20:30.975Z,BINANCE,ETHUSDC,1712.94,36792.23826,1,1782191985409
2026-06-23T05:20:30.975Z,BINANCE,ETHUSDT,1714.53,77609.91498,1,1782191985118
2026-06-23T05:20:30.975Z,BINANCE,ETHUSDT,1714.16,29010.44384,1,1782191984214
2026-06-23T05:20:30.975Z,BINANCE,ETHUSDT,1715.21,785.56618,1,1782191980728
2026-06-23T05:20:30.975Z,BINANCE,ETHUSDC,1713.61,5140.83,1,1782191980256
2026-06-23T05:20:30.975Z,BINANCE,ETHUSDT,1715.21,103713.60307,1,1782191980084
2026-06-23T05:20:30.975Z,BINANCE,ETHUSDT,1715.14,4414.77036,1,1782191977255
2026-06-23T05:20:30.975Z,BINANCE,ETHUSDT,1715.36,2585.04752,1,1782191976051
2026-06-23T05:20:30.975Z,BINANCE,ETHUSDT,1715.68,983.08464,1,1782191968722
2026-06-23T05:20:30.975Z,BINANCE,ETHUSDT,1715.42,6726.16182,1,1782191966342
2026-06-23T05:20:30.975Z,BINANCE,ETHUSDT,1715.44,9961.56008,1,1782191964797
2026-06-23T05:20:30.975Z,BINANCE,ETHUSDT,1715.52,2770.5648,1,1782191961755
2026-06-23T05:22:41.866Z,BINANCE,ETHUSDT,1713.93,31364.919,1,1782192127124
2026-06-23T05:23:44.791Z,BINANCE,ETHUSDT,1710.85,49421.32395,1,1782192221240
2026-06-23T05:23:44.791Z,BINANCE,ETHUSDT,1710.89,18681.20791,1,1782192220616
2026-06-23T05:23:44.791Z,BINANCE,ETHUSDC,1708.82,492.14016,1,1782192218159
2026-06-23T05:23:44.791Z,BINANCE,ETHUSDT,1711.25,12411.69625,1,1782192217481
2026-06-23T05:23:44.791Z,BINANCE,ETHUSDC,1709.84,6839.36,1,1782192217182
2026-06-23T05:23:44.791Z,BINANCE,ETHUSDT,1711.45,66315.2646,1,1782192216539
2026-06-23T05:23:44.791Z,BINANCE,ETHUSDT,1711.21,1711.21,1,1782192216307
2026-06-23T05:23:44.791Z,BINANCE,ETHUSDT,1711.63,51348.9,1,1782192214475
2026-06-23T05:23:44.791Z,BINANCE,ETHUSDT,1711.69,2398.07769,1,1782192213510
2026-06-23T05:23:44.791Z,BINANCE,ETHUSDT,1712,17164.512,1,1782192212284
2026-06-23T05:23:44.791Z,BINANCE,ETHUSDC,1711.89,5240.09529,1,1782192184112
2026-06-23T05:23:44.791Z,BINANCE,ETHUSDT,1713.27,6236.3028,1,1782192183536
2026-06-23T05:23:44.791Z,BINANCE,ETHUSDT,1712.66,130489.27806,1,1782192181908
2026-06-23T05:23:44.791Z,BINANCE,ETHUSDT,1712.56,8562.8,1,1782192180772
2026-06-23T05:23:44.791Z,BINANCE,ETHUSDT,1712.93,74473.05761,1,1782192179219
2026-06-23T05:23:44.791Z,BINANCE,ETHUSDT,1713.15,17131.5,1,1782192178818
2026-06-23T05:23:44.791Z,BINANCE,ETHUSDC,1711.2,145.452,1,1782192177543
2026-06-23T05:23:44.791Z,BINANCE,ETHUSDT,1713.17,993.6386,1,1782192176613
2026-06-23T05:23:44.791Z,BINANCE,ETHUSD_PERP,1711.04,5860,1,1782192171123
2026-06-23T05:23:44.791Z,BINANCE,ETHUSDT,1713.55,2928.45695,1,1782192168471
2026-06-23T05:23:44.791Z,BINANCE,ETHUSDT,1713.57,1734.13284,1,1782192165645
2026-06-23T05:23:44.791Z,BINANCE,ETHUSDT,1713.57,1334.87103,1,1782192164670
2026-06-23T05:23:44.791Z,BINANCE,ETHUSDT,1713.38,1740.79408,1,1782192162436
2026-06-23T05:24:52.958Z,BINANCE,ETHUSDC,1708.64,7225.83856,1,1782192277513
2026-06-23T05:24:52.958Z,BINANCE,ETHUSDT,1710.19,171.019,1,1782192277416
2026-06-23T05:24:52.958Z,BINANCE,ETHUSDC,1709.63,2981.59472,1,1782192259129
2026-06-23T05:24:52.958Z,BINANCE,ETHUSDT,1710.04,3707.36672,1,1782192250114
2026-06-23T05:24:52.958Z,BINANCE,ETHUSDT,1710.28,18264.08012,1,1782192247293
2026-06-23T05:24:52.958Z,BINANCE,ETHUSDT,1710.12,1710.12,1,1782192247088
2026-06-23T05:24:52.958Z,BINANCE,ETHUSDT,1710.37,9285.59873,1,1782192245172
2026-06-23T05:24:52.958Z,BINANCE,ETHUSD_PERP,1707.99,5880,1,1782192245118
2026-06-23T05:25:55.835Z,BINANCE,ETHUSDT,1709.81,148151.61688,1,1782192345988
2026-06-23T05:25:55.835Z,BINANCE,ETHUSDT,1709.69,7524.34569,1,1782192344578
2026-06-23T05:25:55.835Z,BINANCE,ETHUSDC,1708.13,23913.82,1,1782192344554
2026-06-23T05:25:55.835Z,BINANCE,ETHUSDT,1709.62,59836.7,1,1782192343870
2026-06-23T05:25:55.835Z,BINANCE,ETHUSDC,1708.44,170.844,1,1782192341476
2026-06-23T05:25:55.835Z,BINANCE,ETHUSDT,1710.25,2667.99,1,1782192340276
2026-06-23T05:25:55.835Z,BINANCE,ETHUSDT,1710.69,532.02459,1,1782192331539
2026-06-23T05:27:03.875Z,BINANCE,ETHUSDT,1709.98,595.07304,1,1782192358560
2026-06-23T05:28:06.758Z,BINANCE,ETHUSDT,1710.83,1710.83,1,1782192425633
2026-06-23T05:28:06.758Z,BINANCE,ETHUSDT,1710.86,2598.79634,1,1782192423444
2026-06-23T05:30:28.496Z,BINANCE,ETHUSDT,1712.14,729.37164,1,1782192566754
2026-06-23T05:32:39.376Z,BINANCE,ETHUSDT,1711.51,494.62639,1,1782192756853
2026-06-23T05:32:39.376Z,BINANCE,ETHUSDT,1712.65,142.14995,1,1782192740581
2026-06-23T05:32:39.376Z,BINANCE,ETHUSDT,1713.09,287.79912,1,1782192733663
2026-06-23T05:36:03.532Z,BINANCE,ETHUSDT,1711.25,1711.25,1,1782192927209
2026-06-23T05:36:03.532Z,BINANCE,ETHUSDT,1711.93,34238.6,1,1782192924293
2026-06-23T05:37:06.728Z,BINANCE,ETHUSDT,1714.09,149.12583,2,1782193002388
2026-06-23T05:39:17.700Z,BINANCE,ETHUSDT,1710.78,1238.60472,1,1782193150907
2026-06-23T05:39:17.700Z,BINANCE,ETHUSDC,1708.64,216.99728,1,1782193148116
2026-06-23T05:40:20.732Z,BINANCE,ETHUSDT,1709.66,276.96492,1,1782193177405
2026-06-23T05:40:20.732Z,BINANCE,ETHUSDT,1709.66,15882.7414,1,1782193176487
2026-06-23T05:40:20.732Z,BINANCE,ETHUSDT,1709.77,186.36493,1,1782193175141
2026-06-23T05:40:20.732Z,BINANCE,ETHUSDT,1710.79,494.41831,1,1782193166466
2026-06-23T05:46:06.307Z,BINANCE,ETHUSDT,1714.11,135.41469,2,1782193532237
2026-06-23T05:47:19.345Z,BINANCE,ETHUSDT,1711.43,9933.13972,1,1782193605379
2026-06-23T05:47:19.345Z,BINANCE,ETHUSDC,1709.89,607.01095,1,1782193605151
2026-06-23T05:54:07.155Z,BINANCE,ETHUSDT,1714.05,4430.81925,2,1782193996085
2026-06-23T05:56:18.038Z,BINANCE,ETHUSDT,1711.73,12305.62697,1,1782194127810
2026-06-23T06:02:13.724Z,BINANCE,ETHUSDT,1710.46,141.96818,1,1782194475833
2026-06-23T06:02:13.724Z,BINANCE,ETHUSDC,1709.07,1712.48814,1,1782194469629
2026-06-23T06:02:13.724Z,BINANCE,ETHUSDT,1711.14,3514.68156,1,1782194457566
2026-06-23T06:05:42.996Z,BINANCE,ETHUSDT,1710.5,1835.3665,1,1782194714582
2026-06-23T06:06:56.075Z,BINANCE,ETHUSDT,1710.24,182.99568,1,1782194807311
2026-06-23T06:08:07.086Z,BINANCE,ETHUSDT,1708.62,196.4913,1,1782194865326
2026-06-23T06:08:07.086Z,BINANCE,ETHUSDT,1707.88,34514.54692,1,1782194863109
2026-06-23T06:08:07.086Z,BINANCE,ETHUSDT,1708.06,5452.12752,1,1782194861643
2026-06-23T06:08:07.086Z,BINANCE,ETHUSDT,1708.49,5125.47,1,1782194860722
2026-06-23T06:08:07.086Z,BINANCE,ETHUSDT,1708.55,23046.63095,1,1782194857457
2026-06-23T06:08:07.086Z,BINANCE,ETHUSDT,1708.61,8199.61939,1,1782194857131
2026-06-23T06:08:07.086Z,BINANCE,ETHUSDT,1708.61,25629.15,1,1782194855683
2026-06-23T06:08:07.086Z,BINANCE,ETHUSDT_260626,1710.05,2965.2267,1,1782194855540
2026-06-23T06:08:07.086Z,BINANCE,ETHUSDT,1708.71,95662.12935,1,1782194854483
2026-06-23T06:08:07.086Z,BINANCE,ETHUSDT,1709.73,4850.50401,1,1782194823244
2026-06-23T06:08:07.086Z,BINANCE,ETHUSDT,1709.45,854.725,1,1782194822103
2026-06-23T06:08:07.086Z,BINANCE,ETHUSDT,1709.23,567.46436,1,1782194820753
2026-06-23T06:08:07.086Z,BINANCE,ETHUSDT,1709.27,3418.54,1,1782194819246
2026-06-23T06:08:07.086Z,BINANCE,ETHUSDT,1710.02,1075.60258,1,1782194813589
2026-06-23T06:09:06.929Z,BINANCE,ETHUSDT,1704.59,1148.89366,1,1782194941133
2026-06-23T06:09:06.929Z,BINANCE,ETHUSDT,1704.9,5510.2368,1,1782194939075
2026-06-23T06:09:06.929Z,BINANCE,ETHUSDT,1703.22,10219.32,1,1782194920504
2026-06-23T06:09:06.929Z,BINANCE,ETHUSDT,1702.37,415.37828,1,1782194919427
2026-06-23T06:09:06.929Z,BINANCE,ETHUSDT,1702.41,42560.25,1,1782194918473
2026-06-23T06:09:06.929Z,BINANCE,ETHUSDC,1700.6,1826.4444,1,1782194918128
2026-06-23T06:09:06.929Z,BINANCE,ETHUSDT,1702.51,51075.3,1,1782194917328
2026-06-23T06:09:06.929Z,BINANCE,ETHUSDT,1702.65,14935.6458,1,1782194915272
2026-06-23T06:09:06.929Z,BINANCE,ETHUSDT,1702.67,34053.4,1,1782194914453
2026-06-23T06:09:06.929Z,BINANCE,ETHUSDC,1701.09,450.78885,1,1782194914437
2026-06-23T06:09:06.929Z,BINANCE,ETHUSDC,1701.67,1701.67,1,1782194912825
2026-06-23T06:09:06.929Z,BINANCE,ETHUSDT,1703.07,13587.09246,1,1782194912443
2026-06-23T06:09:06.929Z,BINANCE,ETHUSDT,1703.22,93094.59876,1,1782194911178
2026-06-23T06:09:06.929Z,BINANCE,ETHUSDT,1703.15,60422.65255,1,1782194910834
2026-06-23T06:09:06.929Z,BINANCE,ETHUSDC,1701.49,10208.94,1,1782194910443
2026-06-23T06:09:06.929Z,BINANCE,ETHUSDC,1701.56,11432.78164,1,1782194909601
2026-06-23T06:09:06.929Z,BINANCE,ETHUSDT,1703.18,329943.43596,1,1782194909557
2026-06-23T06:09:06.929Z,BINANCE,ETHUSDT_260626,1705.28,1643.88992,1,1782194909215
2026-06-23T06:09:06.929Z,BINANCE,ETHUSDT,1703.67,22190.30175,1,1782194908126
2026-06-23T06:09:06.929Z,BINANCE,ETHUSD_PERP,1701.18,4440,1,1782194908047
2026-06-23T06:09:06.929Z,BINANCE,ETHUSDC,1701.92,2134.20768,1,1782194907218
2026-06-23T06:09:06.929Z,BINANCE,ETHUSDT,1704.28,13438.2478,1,1782194906172
2026-06-23T06:09:06.929Z,BINANCE,ETHUSD_PERP,1702.31,740,1,1782194906124
2026-06-23T06:09:06.929Z,BINANCE,ETHUSDT,1705.5,3545.7345,1,1782194905170
2026-06-23T06:09:06.929Z,BINANCE,ETHUSD_PERP,1703.56,140,1,1782194905111
2026-06-23T06:09:06.929Z,BINANCE,ETHUSDT,1706.11,11942.77,1,1782194904357
2026-06-23T06:09:06.929Z,BINANCE,ETHUSDT,1706.23,5144.28345,1,1782194903307
2026-06-23T06:09:06.929Z,BINANCE,ETHUSDT,1706.28,1706.28,1,1782194901295
2026-06-23T06:09:06.929Z,BINANCE,ETHUSDT,1706.28,8531.4,1,1782194901090
2026-06-23T06:09:06.929Z,BINANCE,ETHUSDT,1706.63,116428.00523,1,1782194898345
2026-06-23T06:09:06.929Z,BINANCE,ETHUSDT,1706.85,194580.9,1,1782194895599
2026-06-23T06:09:06.929Z,BINANCE,ETHUSDT,1706.72,92637.34816,1,1782194894603
2026-06-23T06:09:06.929Z,BINANCE,ETHUSDT,1706.74,41668.35036,1,1782194893275
2026-06-23T06:09:06.929Z,BINANCE,ETHUSDT,1706.64,622.9236,1,1782194891618
2026-06-23T06:09:06.929Z,BINANCE,ETHUSDT,1706.7,11240.3262,1,1782194891287
2026-06-23T06:09:06.929Z,BINANCE,ETHUSD_PERP,1704.66,38830,1,1782194891085
2026-06-23T06:09:06.929Z,BINANCE,ETHUSDT,1706.97,27200.56695,1,1782194890137
2026-06-23T06:09:06.929Z,BINANCE,ETHUSDT,1707.48,21389.60196,1,1782194888382
2026-06-23T06:09:06.929Z,BINANCE,ETHUSDT,1707.43,14523.39958,1,1782194886329
2026-06-23T06:09:06.929Z,BINANCE,ETHUSDT,1708,7264.124,1,1782194883469
2026-06-23T06:10:50.867Z,BINANCE,ETHUSDT,1707.2,493.3808,2,1782195028635
2026-06-23T06:15:19.674Z,BINANCE,ETHUSDT,1705,255.75,1,1782195243343
2026-06-23T06:16:27.798Z,BINANCE,ETHUSDT,1706.06,4858.85888,1,1782195367576
2026-06-23T06:18:38.661Z,BINANCE,ETHUSDT,1701.17,25517.55,1,1782195516550
2026-06-23T06:18:38.661Z,BINANCE,ETHUSD_PERP,1698.93,11540,1,1782195516141
2026-06-23T06:18:38.661Z,BINANCE,ETHUSDT,1701.17,284634.66089,1,1782195516110
2026-06-23T06:18:38.661Z,BINANCE,ETHUSDT,1701.17,93564.35,1,1782195515110
2026-06-23T06:18:38.661Z,BINANCE,ETHUSDC,1700.49,418.32054,1,1782195513381
2026-06-23T06:18:38.661Z,BINANCE,ETHUSDT,1701.94,1487.49556,1,1782195513249
2026-06-23T06:18:38.661Z,BINANCE,ETHUSDT,1702,24917.28,1,1782195512237
2026-06-23T06:18:38.661Z,BINANCE,ETHUSDC,1700.46,598.56192,1,1782195512164
2026-06-23T06:18:38.661Z,BINANCE,ETHUSDT,1702,44721.752,1,1782195511269
2026-06-23T06:18:38.661Z,BINANCE,ETHUSDT,1702.17,2074.94523,1,1782195509293
2026-06-23T06:18:38.661Z,BINANCE,ETHUSDT,1702.4,3062.6176,1,1782195509092
2026-06-23T06:18:38.661Z,BINANCE,ETHUSDT,1702.97,170297,1,1782195491493
2026-06-23T06:18:38.661Z,BINANCE,ETHUSDT,1702.9,22653.6787,1,1782195490294
2026-06-23T06:18:38.661Z,BINANCE,ETHUSDT,1703.02,2108.33876,1,1782195488335
2026-06-23T06:19:41.525Z,BINANCE,ETHUSDT,1700.93,17716.88688,1,1782195536389
2026-06-23T06:19:41.525Z,BINANCE,ETHUSDT,1700.87,16020.49453,1,1782195535150
2026-06-23T06:19:41.525Z,BINANCE,ETHUSDC,1699.03,75069.94152,1,1782195534870
2026-06-23T06:19:41.525Z,BINANCE,ETHUSDT,1701.01,34851.99389,1,1782195534079
2026-06-23T06:19:41.525Z,BINANCE,ETHUSDT,1701.48,6805.92,1,1782195532289
2026-06-23T06:19:41.525Z,BINANCE,ETHUSDT,1701.3,43440.9942,1,1782195531534
2026-06-23T06:19:41.525Z,BINANCE,ETHUSDT,1701.5,25915.5465,1,1782195530549
2026-06-23T06:19:41.525Z,BINANCE,ETHUSDC,1699.82,345.06346,1,1782195530355
2026-06-23T06:19:41.525Z,BINANCE,ETHUSDT,1701.17,14864.82346,1,1782195517532
2026-06-23T06:20:55.233Z,BINANCE,ETHUSD_PERP,1690.79,1330,1,1782195653147
2026-06-23T06:20:55.233Z,BINANCE,ETHUSDT,1693.14,1190.27742,1,1782195650399
2026-06-23T06:20:55.233Z,BINANCE,ETHUSDT,1693.44,2651.92704,1,1782195648474
2026-06-23T06:20:55.233Z,BINANCE,ETHUSDT,1692.92,101575.2,1,1782195647422
2026-06-23T06:20:55.233Z,BINANCE,ETHUSDC,1691.36,5096.06768,1,1782195647219
2026-06-23T06:20:55.233Z,BINANCE,ETHUSDT,1692.87,24257.13423,1,1782195646543
2026-06-23T06:20:55.233Z,BINANCE,ETHUSDT,1693.17,191746.42299,1,1782195646182
2026-06-23T06:20:55.233Z,BINANCE,ETHUSDC,1691.35,494063.6312,1,1782195646103
2026-06-23T06:20:55.233Z,BINANCE,ETHUSDC,1691.27,11478.64949,1,1782195645237
2026-06-23T06:20:55.233Z,BINANCE,ETHUSD_PERP,1691,18760,1,1782195645121
2026-06-23T06:20:55.233Z,BINANCE,ETHUSD_PERP,1691.27,13050,1,1782195644060
2026-06-23T06:20:55.233Z,BINANCE,ETHUSDT,1693.04,5930.71912,1,1782195643828
2026-06-23T06:20:55.233Z,BINANCE,ETHUSDT,1693.31,1575179.61447,1,1782195643441
2026-06-23T06:20:55.233Z,BINANCE,ETHUSDT,1695.01,295462.27813,1,1782195641102
2026-06-23T06:20:55.233Z,BINANCE,ETHUSDC,1693.72,423.43,1,1782195639166
2026-06-23T06:20:55.233Z,BINANCE,ETHUSDT,1695.24,4912.80552,1,1782195638103
2026-06-23T06:20:55.233Z,BINANCE,ETHUSDT,1695.3,18431.3016,1,1782195636399
2026-06-23T06:20:55.233Z,BINANCE,ETHUSDC,1694.67,210.13908,1,1782195623772
2026-06-23T06:20:55.233Z,BINANCE,ETHUSDC,1694.9,508.47,1,1782195623300
2026-06-23T06:20:55.233Z,BINANCE,ETHUSDT,1695.5,872780.6665,1,1782195622414
2026-06-23T06:20:55.233Z,BINANCE,ETHUSDT_260626,1697.67,154.48797,1,1782195621728
2026-06-23T06:20:55.233Z,BINANCE,ETHUSDT,1694.89,212910.38691,1,1782195621286
2026-06-23T06:20:55.233Z,BINANCE,ETHUSDC,1693.43,32090.4985,1,1782195621217
2026-06-23T06:20:55.233Z,BINANCE,ETHUSDT,1693.56,1695776.87004,1,1782195620078
2026-06-23T06:20:55.233Z,BINANCE,ETHUSDT,1700.23,368.94991,1,1782195617490
2026-06-23T06:26:30.933Z,BINANCE,ETHUSDT,1682.32,8790.122,1,1782195987161
2026-06-23T06:26:30.933Z,BINANCE,ETHUSDT,1682.19,5351.04639,1,1782195985471
2026-06-23T06:26:30.933Z,BINANCE,ETHUSDT,1683.42,11006.19996,1,1782195979095
2026-06-23T06:26:30.933Z,BINANCE,ETHUSDT,1683.73,19497.5934,1,1782195976778
2026-06-23T06:26:30.933Z,BINANCE,ETHUSDT,1683.73,31164.15857,1,1782195975946
2026-06-23T06:26:30.933Z,BINANCE,ETHUSDT,1684.08,7428.47688,1,1782195974105
2026-06-23T06:26:30.933Z,BINANCE,ETHUSDT,1684.94,23353.2684,1,1782195969105
2026-06-23T06:26:30.933Z,BINANCE,ETHUSDT,1684,464.784,1,1782195917660
2026-06-23T06:26:30.933Z,BINANCE,ETHUSDT,1685.59,2294.08799,2,1782195906637
2026-06-23T06:26:30.933Z,BINANCE,ETHUSDT,1682.86,2391.34406,1,1782195876684
2026-06-23T06:26:30.933Z,BINANCE,ETHUSDT,1682.33,3719.63163,1,1782195872630
2026-06-23T06:26:30.933Z,BINANCE,ETHUSDT,1682.41,5127.98568,1,1782195801693
2026-06-23T06:26:30.933Z,BINANCE,ETHUSDT,1681.86,4783.20984,1,1782195780554
2026-06-23T06:26:30.933Z,BINANCE,ETHUSDT,1682.12,8678.05708,1,1782195766894
2026-06-23T06:26:30.933Z,BINANCE,ETHUSDC,1680.27,430.14912,1,1782195766678
2026-06-23T06:26:30.933Z,BINANCE,ETHUSDT,1681.31,48297.31106,1,1782195765784
2026-06-23T06:26:30.933Z,BINANCE,ETHUSDT,1681.33,11505.34119,1,1782195765306
2026-06-23T06:26:30.933Z,BINANCE,ETHUSDT,1682.82,29203.65828,1,1782195753326
2026-06-23T06:26:30.933Z,BINANCE,ETHUSDT,1682.54,301.17466,1,1782195749399
2026-06-23T06:26:30.933Z,BINANCE,ETHUSD_260626,1681.14,3830,1,1782195748097
2026-06-23T06:26:30.933Z,BINANCE,ETHUSDT,1681.78,185152.20554,1,1782195747281
2026-06-23T06:26:30.933Z,BINANCE,ETHUSD_PERP,1679.82,560,1,1782195747045
2026-06-23T06:26:30.933Z,BINANCE,ETHUSDT,1681.88,6727.52,1,1782195746195
2026-06-23T06:26:30.933Z,BINANCE,ETHUSDT,1684.59,2100.68373,1,1782195702554
2026-06-23T06:26:30.933Z,BINANCE,ETHUSDT,1683.31,841.655,1,1782195701235
2026-06-23T06:26:30.933Z,BINANCE,ETHUSDC,1682.52,21686.00028,1,1782195682793
2026-06-23T06:26:30.933Z,BINANCE,ETHUSDT,1684.29,3201.83529,1,1782195682385
2026-06-23T06:26:30.933Z,BINANCE,ETHUSDC,1681.64,134531.2,1,1782195681350
2026-06-23T06:26:30.933Z,BINANCE,ETHUSDT,1683.47,1603587.66503,1,1782195681314
2026-06-23T06:26:30.933Z,BINANCE,ETHUSDT,1682.05,771378.0377,1,1782195680871
2026-06-23T06:26:30.933Z,BINANCE,ETHBTC,0.026878,117.72520995,1,1782195680839
2026-06-23T06:26:30.933Z,BINANCE,ETHUSDT,1683.44,312466.66528,1,1782195680513
2026-06-23T06:26:30.933Z,BINANCE,ETHUSDC,1680.46,42011.5,2,1782195680239
2026-06-23T06:26:30.933Z,BINANCE,ETHUSD_PERP,1680.47,500,1,1782195680157
2026-06-23T06:26:30.933Z,BINANCE,ETHUSDT_260626,1682.87,1851.157,1,1782195679604
2026-06-23T06:26:30.933Z,BINANCE,ETHUSDT,1680.53,110237.72641,1,1782195679463
2026-06-23T06:26:30.933Z,BINANCE,ETHUSDC,1679.63,33592.6,1,1782195679294
2026-06-23T06:26:30.933Z,BINANCE,ETHUSDT,1681.95,168279.0975,1,1782195679227
2026-06-23T06:26:30.933Z,BINANCE,ETHUSD_PERP,1681.01,1650,1,1782195679101
2026-06-23T06:26:30.933Z,BINANCE,ETHUSDC,1680.26,29107.14398,1,1782195678269
2026-06-23T06:26:30.933Z,BINANCE,ETHUSD_PERP,1680.16,18640,1,1782195678095
2026-06-23T06:26:30.933Z,BINANCE,ETHUSDT,1683.13,116518.04051,1,1782195677810
2026-06-23T06:26:30.933Z,BINANCE,ETHUSDT,1683.39,150927.69723,1,1782195677613
2026-06-23T06:26:30.933Z,BINANCE,ETHUSDT,1686.58,59677.94672,1,1782195675902
2026-06-23T06:26:30.933Z,BINANCE,ETHUSDT,1686.69,47227.32,1,1782195675549
2026-06-23T06:26:30.933Z,BINANCE,ETHUSDT,1687.91,50637.3,1,1782195674697
2026-06-23T06:26:30.933Z,BINANCE,ETHUSDC,1687.24,1687.24,1,1782195674335
2026-06-23T06:26:30.933Z,BINANCE,ETHUSD_PERP,1686.68,6350,1,1782195674071
2026-06-23T06:26:30.933Z,BINANCE,ETHUSDC,1687.05,6748.2,1,1782195673131
2026-06-23T06:26:30.933Z,BINANCE,ETHUSDT,1688.19,294432.15333,1,1782195672425
2026-06-23T06:26:30.933Z,BINANCE,ETHUSDT_260626,1691.01,607.07259,1,1782195672329
2026-06-23T06:26:30.933Z,BINANCE,ETHUSDC,1687.15,5606.39945,1,1782195672120
2026-06-23T06:26:30.933Z,BINANCE,ETHUSDT,1688.64,295711.25952,1,1782195672086
2026-06-23T06:26:30.933Z,BINANCE,ETHUSDC,1687.17,12053.14248,1,1782195671249
2026-06-23T06:26:30.933Z,BINANCE,ETHUSDT,1688.62,46307.02626,1,1782195671222
2026-06-23T06:26:30.933Z,BINANCE,ETHUSDC,1687.82,3979.87956,1,1782195670650
2026-06-23T06:26:30.933Z,BINANCE,ETHUSDT,1688.65,591027.5,1,1782195670217
2026-06-23T06:26:30.933Z,BINANCE,ETHUSD_PERP,1688.2,100,1,1782195670109
2026-06-23T06:26:30.933Z,BINANCE,ETHUSDT,1690.82,59417.10562,1,1782195669551
2026-06-23T06:26:30.933Z,BINANCE,ETHUSDC,1689.17,153868.18447,1,1782195669468
2026-06-23T06:26:30.933Z,BINANCE,ETHUSDT,1690.86,169086,1,1782195668666
2026-06-23T06:26:30.933Z,BINANCE,ETHUSDT,1691.03,12139.90437,1,1782195668087
2026-06-23T06:26:30.933Z,BINANCE,ETHUSDC,1690.03,17307.59723,1,1782195667610
2026-06-23T06:26:30.933Z,BINANCE,ETHUSDT,1691.18,5386.4083,1,1782195666826
2026-06-23T06:26:30.933Z,BINANCE,ETHUSDC,1690.17,174248.07615,1,1782195666105
2026-06-23T06:26:30.933Z,BINANCE,ETHUSDT,1691.58,32043.59994,1,1782195664512
2026-06-23T06:26:30.933Z,BINANCE,ETHUSD_PERP,1690,60590,1,1782195664127
2026-06-23T06:26:30.933Z,BINANCE,ETHUSD_PERP,1690.37,870,1,1782195660160
2026-06-23T06:26:30.933Z,BINANCE,ETHUSDT,1692.16,147578.35008,1,1782195660126
2026-06-23T06:26:30.933Z,BINANCE,ETHUSDT,1692.49,1692.49,1,1782195658424
2026-06-23T06:26:30.933Z,BINANCE,ETHUSDT,1693.12,446.98368,1,1782195657366
2026-06-23T06:26:30.933Z,BINANCE,ETHUSDC,1691.26,78851.61498,1,1782195655360
2026-06-23T06:26:30.933Z,BINANCE,ETHUSDT,1693.02,391.08762,1,1782195654261
2026-06-23T06:29:54.693Z,BINANCE,ETHUSDT,1687.26,2341.91688,2,1782196181423
2026-06-23T06:31:02.952Z,BINANCE,ETHUSDT,1682.67,3186.97698,1,1782196226087
2026-06-23T06:34:37.467Z,BINANCE,ETHUSDT,1689.2,150.3388,2,1782196437163
2026-06-23T06:34:37.467Z,BINANCE,ETHUSDT,1688.47,1921.47886,2,1782196400505
2026-06-23T06:40:20.482Z,BINANCE,ETHUSDT,1690.04,1463.57464,2,1782196817269
2026-06-23T06:41:28.575Z,BINANCE,ETHUSDT,1691.06,1305.49832,2,1782196839611
2026-06-23T06:41:28.575Z,BINANCE,ETHUSDT,1691.47,2484.76943,2,1782196837087
2026-06-23T06:41:28.575Z,BINANCE,ETHUSDT,1690.84,5317.6918,2,1782196831303
2026-06-23T06:43:55.203Z,BINANCE,ETHUSDT,1688.85,386.74665,1,1782196992591
2026-06-23T06:48:27.916Z,BINANCE,ETHUSDT,1692.42,1218.5424,2,1782197240414
2026-06-23T06:52:54.880Z,BINANCE,ETHUSDT,1690.94,443.02628,1,1782197528444
2026-06-23T06:59:32.488Z,BINANCE,ETHUSDT,1691,1998.762,1,1782197962165
2026-06-23T07:08:27.070Z,BINANCE,ETHUSDT,1693.67,2884.32001,2,1782198455177
2026-06-23T07:08:27.070Z,BINANCE,ETHUSDT,1693,233.634,2,1782198451299
2026-06-23T07:21:06.499Z,BINANCE,ETHUSDT,1694.95,5566.2158,2,1782199247378
2026-06-23T07:21:06.499Z,BINANCE,ETHUSDT,1694.64,489.75096,2,1782199232681
2026-06-23T07:21:06.499Z,BINANCE,ETHUSDT,1694.15,2842.7837,2,1782199214889
2026-06-23T07:22:20.080Z,BINANCE,ETHUSDT,1695.33,5991.29622,2,1782199300477
2026-06-23T07:29:08.358Z,BINANCE,ETHUSDT,1692.99,2422.66869,1,1782199715659
2026-06-23T07:32:32.807Z,BINANCE,ETHUSDT,1688,1551.272,1,1782199934643
2026-06-23T07:32:32.807Z,BINANCE,ETHUSDT,1688.17,653.32179,1,1782199919267
2026-06-23T07:32:32.807Z,BINANCE,ETHUSDT,1688.62,3687.94608,1,1782199894384
2026-06-23T07:32:32.807Z,BINANCE,ETHUSDT,1689.17,3028.68181,1,1782199891562
2026-06-23T07:32:32.807Z,BINANCE,ETHUSDT,1689.4,114526.1154,1,1782199890372
2026-06-23T07:33:40.688Z,BINANCE,ETHUSDT,1687.68,2352.62592,1,1782199976277
2026-06-23T07:33:40.688Z,BINANCE,ETHUSDT,1687.72,747.65996,1,1782199957153
2026-06-23T07:35:56.429Z,BINANCE,ETHUSDT,1686.99,1553.71779,1,1782200152765
2026-06-23T07:37:04.486Z,BINANCE,ETHUSDT,1686.24,11114.00784,1,1782200172220
2026-06-23T07:37:04.486Z,BINANCE,ETHUSDT,1686.12,505.836,1,1782200171262
2026-06-23T07:37:04.486Z,BINANCE,ETHUSDT,1686.68,3422.27372,1,1782200162221
2026-06-23T07:37:04.486Z,BINANCE,ETHUSDT,1686.48,1165.35768,1,1782200160502
2026-06-23T07:37:04.486Z,BINANCE,ETHUSDT,1686.77,295.18475,1,1782200155388
2026-06-23T07:38:07.307Z,BINANCE,ETHUSDT,1689.58,339.60558,2,1782200281473
2026-06-23T07:38:07.307Z,BINANCE,ETHUSDT,1689.58,10762.6246,2,1782200281300
2026-06-23T07:38:07.307Z,BINANCE,ETHUSDT,1689.56,2931.3866,1,1782200251101
2026-06-23T07:39:15.440Z,BINANCE,ETHUSDT,1688.82,1269.99264,1,1782200346678
2026-06-23T07:49:03.171Z,BINANCE,ETHUSDT,1687.41,479.22444,1,1782200879884
2026-06-23T07:52:27.561Z,BINANCE,ETHUSDT,1685.49,5231.76096,1,1782201124347
2026-06-23T07:52:27.561Z,BINANCE,ETHUSDT,1685.41,1961.81724,1,1782201122548
2026-06-23T07:52:27.561Z,BINANCE,ETHUSDT,1686.79,40889.47639,1,1782201080872
2026-06-23T07:54:33.139Z,BINANCE,ETHUSDT,1685.92,48608.44544,1,1782201269125
2026-06-23T07:56:54.388Z,BINANCE,ETHUSDT,1686.9,1887.6411,2,1782201354310
2026-06-23T07:59:05.116Z,BINANCE,ETHUSDT,1685.17,475.21794,1,1782201529639
2026-06-23T07:59:05.116Z,BINANCE,ETHUSDT,1685.06,67402.4,1,1782201527181
2026-06-23T08:00:19.799Z,BINANCE,ETHUSDC,1679.11,8936.22342,1,1782201613603
2026-06-23T08:00:19.799Z,BINANCE,ETHUSDT,1680.63,2033.5623,1,1782201613512
2026-06-23T08:00:19.799Z,BINANCE,ETHUSDT,1680.56,142.8476,1,1782201612617
2026-06-23T08:00:19.799Z,BINANCE,ETHUSDT,1680.56,15249.40144,1,1782201611813
2026-06-23T08:00:19.799Z,BINANCE,ETHUSDC,1679.13,4001.36679,1,1782201611062
2026-06-23T08:00:19.799Z,BINANCE,ETHUSDT,1680.58,6530.73388,1,1782201610395
2026-06-23T08:00:19.799Z,BINANCE,ETHUSDT,1680.68,5477.33612,1,1782201609796
2026-06-23T08:00:19.799Z,BINANCE,ETHUSDT,1680.54,272.24748,1,1782201608067
2026-06-23T08:00:19.799Z,BINANCE,ETHUSDT,1681.08,13448.64,1,1782201606743
2026-06-23T08:00:19.799Z,BINANCE,ETHUSDT,1681.25,5976.84375,1,1782201604264
2026-06-23T08:00:19.799Z,BINANCE,ETHUSDT,1681.68,13453.44,1,1782201588507
2026-06-23T08:00:19.799Z,BINANCE,ETHUSDT,1681.68,6644.31768,1,1782201588239
2026-06-23T08:00:19.799Z,BINANCE,ETHUSDT,1681.48,1251.02112,1,1782201587390
2026-06-23T08:00:19.799Z,BINANCE,ETHUSDT,1681.7,6667.9405,1,1782201583469
2026-06-23T08:00:19.799Z,BINANCE,ETHUSDT,1682.09,598.82404,1,1782201574317
2026-06-23T08:00:19.799Z,BINANCE,ETHUSDT,1682.05,1782.973,1,1782201571575
2026-06-23T08:00:19.799Z,BINANCE,ETHUSDT,1682.04,44365.48704,1,1782201571264
2026-06-23T08:00:19.799Z,BINANCE,ETHUSDT,1681.93,809.00833,1,1782201569512
2026-06-23T08:00:19.799Z,BINANCE,ETHUSDC,1680.66,2063.85048,1,1782201561698
2026-06-23T08:00:19.799Z,BINANCE,ETHUSDC,1680.84,176.4882,1,1782201560583
2026-06-23T08:00:19.799Z,BINANCE,ETHUSDT,1682.03,7569.135,1,1782201559396
2026-06-23T08:00:19.799Z,BINANCE,ETHUSDT,1682.19,778.85397,1,1782201558585
2026-06-23T08:00:19.799Z,BINANCE,ETHUSDT,1683.51,451.18068,1,1782201550560
2026-06-23T08:00:19.799Z,BINANCE,ETHUSDT,1683.13,3240.02525,1,1782201549366
2026-06-23T08:00:19.799Z,BINANCE,ETHUSDT,1683.57,1106.10549,1,1782201547623
2026-06-23T08:00:19.799Z,BINANCE,ETHUSDT,1683.68,3449.86032,1,1782201545591
2026-06-23T08:00:19.799Z,BINANCE,ETHUSDT,1683.25,68580.65475,1,1782201544202
2026-06-23T08:01:28.390Z,BINANCE,ETHUSDT,1680.41,877.17402,1,1782201643617
2026-06-23T08:01:28.390Z,BINANCE,ETHUSD_PERP,1677.95,2330,1,1782201643123
2026-06-23T08:01:28.390Z,BINANCE,ETHUSDT,1680.08,11952.08912,1,1782201643089
2026-06-23T08:01:28.390Z,BINANCE,ETHUSDT,1679.42,64415.83352,1,1782201642300
2026-06-23T08:01:28.390Z,BINANCE,ETHUSDT,1679.64,1968.53808,1,1782201640688
2026-06-23T08:01:28.390Z,BINANCE,ETHUSDC,1677.7,1008.2977,1,1782201640341
2026-06-23T08:01:28.390Z,BINANCE,ETHUSDT,1680.49,1680.49,1,1782201624238
2026-06-23T08:01:28.390Z,BINANCE,ETHUSD_PERP,1678.4,9450,1,1782201623127
2026-06-23T08:04:52.222Z,BINANCE,ETHUSDT,1678.61,53715.52,1,1782201889471
2026-06-23T08:04:52.222Z,BINANCE,ETHUSDT,1678.5,11469.1905,1,1782201889130
2026-06-23T08:04:52.222Z,BINANCE,ETHUSDC,1676.99,3353.98,1,1782201888290
2026-06-23T08:04:52.222Z,BINANCE,ETHUSDT,1678.74,777.25662,1,1782201887558
2026-06-23T08:04:52.222Z,BINANCE,ETHUSDT,1679.47,10580.661,1,1782201885096
2026-06-23T08:05:55.093Z,BINANCE,ETHUSDT_260626,1680.29,304.13249,1,1782201918489
2026-06-23T08:05:55.093Z,BINANCE,ETHUSDC,1676.79,11145.62313,1,1782201918471
2026-06-23T08:05:55.093Z,BINANCE,ETHUSDT,1678.29,80908.68261,1,1782201916453
2026-06-23T08:05:55.093Z,BINANCE,ETHUSDT,1678.3,5034.9,1,1782201916330
2026-06-23T08:05:55.093Z,BINANCE,ETHUSDT,1678.43,5396.15245,1,1782201909114
2026-06-23T08:05:55.093Z,BINANCE,ETHUSDT,1678.8,10072.8,1,1782201907441
2026-06-23T08:05:55.093Z,BINANCE,ETHUSDT,1678.85,1724.17895,1,1782201894215
2026-06-23T08:05:55.093Z,BINANCE,ETHUSDT,1678.85,5573.782,1,1782201893684
2026-06-23T08:05:55.093Z,BINANCE,ETHUSDC,1677.41,13486.3764,1,1782201890694
2026-06-23T08:11:29.946Z,BINANCE,ETHUSDT,1681.52,797.04048,1,1782202239533
2026-06-23T08:14:54.904Z,BINANCE,ETHUSDT,1672.96,5018.88,1,1782202483384
2026-06-23T08:14:54.904Z,BINANCE,ETHUSDT,1673.17,50195.1,1,1782202482124
2026-06-23T08:14:54.904Z,BINANCE,ETHUSDT,1673.57,396.63609,1,1782202476478
2026-06-23T08:14:54.904Z,BINANCE,ETHUSDT,1673.63,1673.63,1,1782202475456
2026-06-23T08:14:54.904Z,BINANCE,ETHUSDT,1673.4,93188.2992,1,1782202474137
2026-06-23T08:14:54.904Z,BINANCE,ETHUSDT,1674.04,406.79172,1,1782202463065
2026-06-23T08:14:54.904Z,BINANCE,ETHUSDC,1672.55,483.36695,1,1782202461524
2026-06-23T08:14:54.904Z,BINANCE,ETHUSDT,1673.42,7446.719,1,1782202459390
2026-06-23T08:14:54.904Z,BINANCE,ETHUSDC,1671.96,9028.584,1,1782202458420
2026-06-23T08:14:54.904Z,BINANCE,ETHUSDT,1673.41,6693.64,1,1782202458357
2026-06-23T08:14:54.904Z,BINANCE,ETHUSDT,1673.38,8366.9,1,1782202458242
2026-06-23T08:14:54.904Z,BINANCE,ETHUSDT,1673.34,34807.14534,1,1782202456563
2026-06-23T08:14:54.904Z,BINANCE,ETHUSDT,1673.37,36926.25579,1,1782202454500
2026-06-23T08:14:54.904Z,BINANCE,ETHUSDT,1673.52,30653.86584,1,1782202454075
2026-06-23T08:14:54.904Z,BINANCE,ETHUSDT_260925,1680.52,1386.429,1,1782202453638
2026-06-23T08:14:54.904Z,BINANCE,ETHUSD_PERP,1671.59,140,1,1782202453131
2026-06-23T08:14:54.904Z,BINANCE,ETHUSDT,1673.87,11318.70894,1,1782202452383
2026-06-23T08:14:54.904Z,BINANCE,ETHUSDT,1673.33,10503.49241,1,1782202451682
2026-06-23T08:14:54.904Z,BINANCE,ETHUSDC,1671.99,3522.88293,1,1782202451630
2026-06-23T08:14:54.904Z,BINANCE,ETHUSDT,1673.54,145372.0521,1,1782202450368
2026-06-23T08:14:54.904Z,BINANCE,ETHUSDC,1672.29,10050.4629,1,1782202450190
2026-06-23T08:14:54.904Z,BINANCE,ETHUSD_PERP,1671.97,560,1,1782202450068
2026-06-23T08:14:54.904Z,BINANCE,ETHUSDT,1674.24,435.3024,1,1782202448078
2026-06-23T08:14:54.904Z,BINANCE,ETHUSDT,1674.55,207036.33835,1,1782202444600
2026-06-23T08:14:54.904Z,BINANCE,ETHUSDC,1673.39,677.72295,1,1782202441573
2026-06-23T08:14:54.904Z,BINANCE,ETHUSDT,1674.38,55616.20608,1,1782202441386
2026-06-23T08:14:54.904Z,BINANCE,ETHUSDT,1674.39,392761.6623,1,1782202441185
2026-06-23T08:14:54.904Z,BINANCE,ETHUSDC,1672.75,13500.76525,1,1782202439863
2026-06-23T08:14:54.904Z,BINANCE,ETHUSDC,1672.35,210.7161,1,1782202439659
2026-06-23T08:14:54.904Z,BINANCE,ETHUSDT,1675.49,24540.90203,1,1782202439273
2026-06-23T08:14:54.904Z,BINANCE,ETHUSDT,1675.68,30882.7824,1,1782202438379
2026-06-23T08:14:54.904Z,BINANCE,ETHUSDC,1674.52,15070.68,1,1782202433508
2026-06-23T08:14:54.904Z,BINANCE,ETHUSDT,1676.08,799.49016,1,1782202433302
2026-06-23T08:14:54.904Z,BINANCE,ETHUSDT,1676.62,1088.12638,1,1782202432494
2026-06-23T08:14:54.904Z,BINANCE,ETHUSDC,1675.22,3350.44,1,1782202432333
2026-06-23T08:14:54.904Z,BINANCE,ETHUSDT,1676.19,696155.2308,1,1782202431513
2026-06-23T08:22:06.417Z,BINANCE,ETHUSDT,1656.64,155.72416,2,1782202844645
2026-06-23T08:22:06.417Z,BINANCE,ETHUSDT,1657.22,820.3239,2,1782202841810
2026-06-23T08:22:06.417Z,BINANCE,ETHUSDT,1651.77,33035.4,1,1782202802341
2026-06-23T08:22:06.417Z,BINANCE,ETHUSDT,1651.26,3688.91484,1,1782202799167
2026-06-23T08:22:06.417Z,BINANCE,ETHUSDT,1651.78,3315.12246,1,1782202798438
2026-06-23T08:22:06.417Z,BINANCE,ETHUSDC,1650.24,734.3568,1,1782202798207
2026-06-23T08:22:06.417Z,BINANCE,ETHUSDT,1651.97,165197,1,1782202796435
2026-06-23T08:22:06.417Z,BINANCE,ETHUSDT,1652.94,57262.80042,1,1782202788505
2026-06-23T08:22:06.417Z,BINANCE,ETHUSDT,1652.86,48275.08202,1,1782202788269
2026-06-23T08:22:06.417Z,BINANCE,ETHUSDT,1652.86,26275.51542,1,1782202770310
2026-06-23T08:22:06.417Z,BINANCE,ETHUSDT,1652.22,9761.31576,1,1782202769189
2026-06-23T08:22:06.417Z,BINANCE,ETHUSDT,1653.18,385.19094,1,1782202755867
2026-06-23T08:22:06.417Z,BINANCE,ETHUSDT,1654.13,33054.47979,1,1782202752017
2026-06-23T08:22:06.417Z,BINANCE,ETHUSDT_260626,1655.35,9963.55165,1,1782202745319
2026-06-23T08:22:06.417Z,BINANCE,ETHUSDT,1652.85,1135.50795,1,1782202735291
2026-06-23T08:22:06.417Z,BINANCE,ETHUSDT,1658.42,6257.21866,2,1782202683279
2026-06-23T08:22:06.417Z,BINANCE,ETHUSDT,1658.45,305.1548,2,1782202677247
2026-06-23T08:22:06.417Z,BINANCE,ETHUSDT,1656.9,22770.7767,1,1782202675158
2026-06-23T08:22:06.417Z,BINANCE,ETHUSDT,1651.81,2836099.95665,1,1782202669749
2026-06-23T08:22:06.417Z,BINANCE,ETHUSDT,1651.68,66067.2,1,1782202669384
2026-06-23T08:22:06.417Z,BINANCE,ETHUSDT,1650.23,10091.15645,1,1782202668123
2026-06-23T08:22:06.417Z,BINANCE,ETHUSDT,1653.33,2451.88839,1,1782202666064
2026-06-23T08:22:06.417Z,BINANCE,ETHUSDT,1655.03,8275.15,1,1782202662135
2026-06-23T08:22:06.417Z,BINANCE,ETHUSDT,1653.36,1304.50104,1,1782202660184
2026-06-23T08:22:06.417Z,BINANCE,ETHUSDC,1653.39,8266.95,1,1782202660128
2026-06-23T08:22:06.417Z,BINANCE,ETHUSDT,1653.26,32420.4286,1,1782202659292
2026-06-23T08:22:06.417Z,BINANCE,ETHUSDC,1652.22,106832.5452,2,1782202658647
2026-06-23T08:22:06.417Z,BINANCE,ETHUSDT_260626,1652.92,1955.40436,1,1782202658249
2026-06-23T08:22:06.417Z,BINANCE,ETHUSD_PERP,1650.78,3940,1,1782202658029
2026-06-23T08:22:06.417Z,BINANCE,ETHUSDT,1651.63,349935.80299,1,1782202657921
2026-06-23T08:22:06.417Z,BINANCE,ETHUSDC,1650.74,247611,1,1782202657826
2026-06-23T08:22:06.417Z,BINANCE,ETHUSDT_260626,1652.53,865.92572,1,1782202657517
2026-06-23T08:22:06.417Z,BINANCE,ETHBTC,0.02646,593.6973084,1,1782202657453
2026-06-23T08:22:06.417Z,BINANCE,ETHUSDT,1649.83,2969694,1,1782202657417
2026-06-23T08:22:06.417Z,BINANCE,ETHUSDT_260925,1655.85,21532.6734,1,1782202657352
2026-06-23T08:22:06.417Z,BINANCE,ETHUSD_260626,1651.26,130,1,1782202657143
2026-06-23T08:22:06.417Z,BINANCE,ETHUSDT,1652.22,134494.01244,1,1782202656789
2026-06-23T08:22:06.417Z,BINANCE,ETHUSDT_260925,1659.11,204.07053,1,1782202656647
2026-06-23T08:22:06.417Z,BINANCE,ETHUSDC,1653.49,7515.11205,1,1782202656569
2026-06-23T08:22:06.417Z,BINANCE,ETHUSDT_260626,1653.26,14819.82264,1,1782202656537
2026-06-23T08:22:06.417Z,BINANCE,ETHUSD_PERP,1649.03,750,1,1782202656110
2026-06-23T08:22:06.417Z,BINANCE,ETHUSDC,1654.18,3941.91094,1,1782202655935
2026-06-23T08:22:06.417Z,BINANCE,ETHUSDT,1652.49,110692.04265,1,1782202655905
2026-06-23T08:22:06.417Z,BINANCE,ETHUSDT,1651.49,777828.66914,1,1782202655104
2026-06-23T08:22:06.417Z,BINANCE,ETHUSD_PERP,1651.99,160,1,1782202655100
2026-06-23T08:22:06.417Z,BINANCE,ETHUSDT,1657.13,39782.71991,1,1782202654288
2026-06-23T08:22:06.417Z,BINANCE,ETHUSDT,1656.02,15319.84102,1,1782202654076
2026-06-23T08:22:06.417Z,BINANCE,ETHUSDT,1662.14,1677.09926,1,1782202652486
2026-06-23T08:22:06.417Z,BINANCE,ETHUSDC,1660.73,287.30629,1,1782202652453
2026-06-23T08:22:06.417Z,BINANCE,ETHUSDT,1662.65,287.63845,1,1782202649096
2026-06-23T08:22:06.417Z,BINANCE,ETHUSDC,1661.68,438.68352,1,1782202639292
2026-06-23T08:22:06.417Z,BINANCE,ETHUSD_PERP,1660.95,130,1,1782202639069
2026-06-23T08:22:06.417Z,BINANCE,ETHUSDT,1662.89,19954.68,1,1782202638774
2026-06-23T08:22:06.417Z,BINANCE,ETHUSDT,1663.07,33123.36519,1,1782202616181
2026-06-23T08:22:06.417Z,BINANCE,ETHUSDC,1661.54,7327.3914,1,1782202616084
2026-06-23T08:22:06.417Z,BINANCE,ETHUSDT,1663.89,1490.84544,1,1782202613158
2026-06-23T08:22:06.417Z,BINANCE,ETHUSDC,1662.05,11479.77935,1,1782202611606
2026-06-23T08:22:06.417Z,BINANCE,ETHUSDT,1663.38,38760.08076,1,1782202611356
2026-06-23T08:22:06.417Z,BINANCE,ETHUSDT,1663.21,4836.61468,1,1782202611067
2026-06-23T08:22:06.417Z,BINANCE,ETHUSDC,1662.9,8128.2552,1,1782202607924
2026-06-23T08:22:06.417Z,BINANCE,ETHUSDT,1664.28,46708.0182,1,1782202607595
2026-06-23T08:22:06.417Z,BINANCE,ETHUSDT,1664.06,37988.82574,1,1782202606617
2026-06-23T08:22:06.417Z,BINANCE,ETHUSDT,1664.17,27289.05966,1,1782202605401
2026-06-23T08:22:06.417Z,BINANCE,ETHUSDC,1662.56,3695.87088,1,1782202605230
2026-06-23T08:22:06.417Z,BINANCE,ETHUSDT,1664.11,485.92012,1,1782202603167
2026-06-23T08:22:06.417Z,BINANCE,ETHUSDT,1665.31,9991.86,1,1782202568217
2026-06-23T08:22:06.417Z,BINANCE,ETHUSDT,1665.99,899.6346,1,1782202549120
2026-06-23T08:22:06.417Z,BINANCE,ETHUSDT,1666.07,8830.171,1,1782202533423
2026-06-23T08:22:06.417Z,BINANCE,ETHUSDT,1664.28,106.51392,1,1782202529620
2026-06-23T08:22:06.417Z,BINANCE,ETHUSDT,1665.82,1978.99416,1,1782202522482
2026-06-23T08:22:06.417Z,BINANCE,ETHUSDT,1665.39,28666.35807,1,1782202521782
2026-06-23T08:22:06.417Z,BINANCE,ETHUSDC,1664.03,71553.29,1,1782202521613
2026-06-23T08:22:06.417Z,BINANCE,ETHUSDT,1664.58,966713.1579,1,1782202520746
2026-06-23T08:22:06.417Z,BINANCE,ETHUSDT,1663.84,166384,1,1782202520431
2026-06-23T08:22:06.417Z,BINANCE,ETHUSDC,1661.93,16619.3,1,1782202520291
2026-06-23T08:22:06.417Z,BINANCE,ETHUSDT_260626,1665.7,2938.2948,1,1782202520149
2026-06-23T08:22:06.417Z,BINANCE,ETHUSD_260626,1663.23,4500,1,1782202520099
2026-06-23T08:22:06.417Z,BINANCE,ETHUSDC,1662.34,3446.03082,1,1782202519715
2026-06-23T08:22:06.417Z,BINANCE,ETHUSDC,1662.56,11862.3656,1,1782202519548
2026-06-23T08:22:06.417Z,BINANCE,ETHUSDT,1663.13,108103.45,1,1782202518858
2026-06-23T08:22:06.417Z,BINANCE,ETHUSDT,1663.55,230805.91765,1,1782202518706
2026-06-23T08:22:06.417Z,BINANCE,ETHUSDC,1664.29,3328.58,1,1782202517304
2026-06-23T08:22:06.417Z,BINANCE,ETHUSDT,1665.38,96222.32564,1,1782202517195
2026-06-23T08:22:06.417Z,BINANCE,ETHUSD_PERP,1662.67,320,1,1782202517057
2026-06-23T08:22:06.417Z,BINANCE,ETHUSD_PERP,1665.91,3140,1,1782202516049
2026-06-23T08:22:06.417Z,BINANCE,ETHUSDC,1668.99,49523.94027,1,1782202515728
2026-06-23T08:22:06.417Z,BINANCE,ETHUSDT,1670.38,267260.8,1,1782202515325
2026-06-23T08:22:06.417Z,BINANCE,ETHUSDT,1671.06,8101.29888,1,1782202514132
2026-06-23T08:22:06.417Z,BINANCE,ETHUSDT,1671.51,169494.45702,1,1782202513754
2026-06-23T08:22:06.417Z,BINANCE,ETHUSDC,1670.31,452.65401,1,1782202513561
2026-06-23T08:22:06.417Z,BINANCE,ETHUSDC,1671.39,6685.56,1,1782202510485
2026-06-23T08:22:06.417Z,BINANCE,ETHUSDT,1672.71,39778.71651,1,1782202509561
2026-06-23T08:22:06.417Z,BINANCE,ETHUSDC,1671.06,3343.79106,1,1782202509432
2026-06-23T08:22:06.417Z,BINANCE,ETHUSDT,1672.43,150518.7,1,1782202508641
2026-06-23T08:22:06.417Z,BINANCE,ETHUSDT_260925,1679.1,109.1415,1,1782202508168
2026-06-23T08:23:19.713Z,BINANCE,ETHUSDT,1651.93,6653.97404,1,1782202978204
2026-06-23T08:23:19.713Z,BINANCE,ETHUSDT,1652.33,5421.29473,1,1782202967189
2026-06-23T08:23:19.713Z,BINANCE,ETHUSDT,1653.92,1908.62368,1,1782202953459
2026-06-23T08:24:27.587Z,BINANCE,ETHUSD_PERP,1631.91,3310,1,1782203065079
2026-06-23T08:24:27.587Z,BINANCE,ETHUSD_260925,1642.96,210,1,1782203064155
2026-06-23T08:24:27.587Z,BINANCE,ETHUSD_260626,1638.08,130,1,1782203064129
2026-06-23T08:24:27.587Z,BINANCE,ETHUSD_PERP,1635.81,880,1,1782203064037
2026-06-23T08:24:27.587Z,BINANCE,ETHUSDT,1639.92,249387.55416,1,1782203063747
2026-06-23T08:24:27.587Z,BINANCE,ETHUSDT,1640.85,2709289.4775,1,1782203063230
2026-06-23T08:24:27.587Z,BINANCE,ETHUSD_260925,1644.97,11510,1,1782203063083
2026-06-23T08:24:27.587Z,BINANCE,ETHUSD_PERP,1640.52,750,1,1782203063033
2026-06-23T08:24:27.587Z,BINANCE,ETHUSDT,1642.47,51200.71731,1,1782203062820
2026-06-23T08:24:27.587Z,BINANCE,ETHUSDT,1642.16,13979.70808,1,1782203062342
2026-06-23T08:24:27.587Z,BINANCE,ETHUSDT,1645.59,19747.08,1,1782203061420
2026-06-23T08:24:27.587Z,BINANCE,ETHUSDC,1645.24,417.89096,1,1782203060793
2026-06-23T08:24:27.587Z,BINANCE,ETHUSDT,1646.54,19758.48,1,1782203060749
2026-06-23T08:24:27.587Z,BINANCE,ETHUSDT,1647.01,19362.24956,1,1782203058546
2026-06-23T08:24:27.587Z,BINANCE,ETHUSDC,1645.89,14673.10935,1,1782203057259
2026-06-23T08:24:27.587Z,BINANCE,ETHUSDT,1647.55,578.29005,1,1782203055176
2026-06-23T08:24:27.587Z,BINANCE,ETHUSDT,1647.29,772.57901,1,1782203050610
2026-06-23T08:24:27.587Z,BINANCE,ETHUSDC,1645.87,3291.74,1,1782203050453
2026-06-23T08:24:27.587Z,BINANCE,ETHUSDT,1646.64,477907.62048,1,1782203049858
2026-06-23T08:24:27.587Z,BINANCE,ETHUSDC,1645.59,1645.59,1,1782203049376
2026-06-23T08:24:27.587Z,BINANCE,ETHUSDT_260626,1649.47,103.91661,1,1782203049128
2026-06-23T08:24:27.587Z,BINANCE,ETHUSDT,1647.52,18668.04912,1,1782203048256
2026-06-23T08:24:27.587Z,BINANCE,ETHUSDC,1646.2,7579.1048,1,1782203047974
2026-06-23T08:24:27.587Z,BINANCE,ETHUSDT,1646.77,8373.82545,1,1782203047851
2026-06-23T08:24:27.587Z,BINANCE,ETHUSD_PERP,1644.18,200,1,1782203047059
2026-06-23T08:24:27.587Z,BINANCE,ETHUSDT,1649.31,3793.413,1,1782203046637
2026-06-23T08:24:27.587Z,BINANCE,ETHUSDT,1649.66,3787.61936,1,1782203045361
2026-06-23T08:24:27.587Z,BINANCE,ETHUSDT,1649.76,8507.81232,1,1782203044472
2026-06-23T08:24:27.587Z,BINANCE,ETHUSDT,1650.05,165005,1,1782203042463
2026-06-23T08:24:27.587Z,BINANCE,ETHUSDT,1650,45653.85,1,1782203041295
2026-06-23T08:24:27.587Z,BINANCE,ETHUSDT,1650.06,41711.86674,1,1782203040693
2026-06-23T08:24:27.587Z,BINANCE,ETHUSDC,1648.9,890.406,1,1782203040688
2026-06-23T08:24:27.587Z,BINANCE,ETHUSDT,1650.42,85894.45848,1,1782203039418
2026-06-23T08:24:27.587Z,BINANCE,ETHUSDC,1649.22,493.11678,1,1782203039148
2026-06-23T08:24:27.587Z,BINANCE,ETHUSDT,1650.65,33871.338,1,1782203038060
2026-06-23T08:24:27.587Z,BINANCE,ETHUSDT,1650.6,221952.8808,1,1782203031593
2026-06-23T08:24:27.587Z,BINANCE,ETHUSDT,1650.94,23233.67862,1,1782203030146
2026-06-23T08:24:27.587Z,BINANCE,ETHUSDT,1651.45,11933.3777,1,1782203028359
2026-06-23T08:24:27.587Z,BINANCE,ETHUSDT,1651.9,244.4812,1,1782203022433
2026-06-23T08:24:27.587Z,BINANCE,ETHUSDT,1652.43,193.33431,1,1782203008600
2026-06-23T08:28:57.638Z,BINANCE,ETHUSDT,1643.33,43609.04821,2,1782203320077
2026-06-23T08:28:57.638Z,BINANCE,ETHUSDT,1639.46,13646.86504,1,1782203290929
2026-06-23T08:28:57.638Z,BINANCE,ETHUSDT_260626,1640.36,100.06196,1,1782203290620
2026-06-23T08:28:57.638Z,BINANCE,ETHUSDT,1638.44,128150.5846,1,1782203290498
2026-06-23T08:28:57.638Z,BINANCE,ETHUSDT,1638.46,110047.1659,1,1782203289051
2026-06-23T08:28:57.638Z,BINANCE,ETHUSDC,1636.81,491.043,1,1782203288596
2026-06-23T08:28:57.638Z,BINANCE,ETHUSDC,1636.3,3272.6,1,1782203287606
2026-06-23T08:28:57.638Z,BINANCE,ETHUSDT,1638.36,20479.5,1,1782203287128
2026-06-23T08:28:57.638Z,BINANCE,ETHUSD_PERP,1636.25,8050,1,1782203287126
2026-06-23T08:28:57.638Z,BINANCE,ETHUSDC,1637.37,47483.73,1,1782203286138
2026-06-23T08:28:57.638Z,BINANCE,ETHUSDT,1638.94,6555.76,1,1782203286138
2026-06-23T08:28:57.638Z,BINANCE,ETHUSDT,1639.13,42591.15392,1,1782203285367
2026-06-23T08:28:57.638Z,BINANCE,ETHUSDT,1639.24,16223.55828,1,1782203284611
2026-06-23T08:28:57.638Z,BINANCE,ETHUSDT,1640.92,4208.9598,1,1782203283129
2026-06-23T08:28:57.638Z,BINANCE,ETHUSDC,1640,9408.68,1,1782203282741
2026-06-23T08:28:57.638Z,BINANCE,ETHUSDT,1641.19,139501.15,1,1782203282343
2026-06-23T08:28:57.638Z,BINANCE,ETHUSDT,1641.24,820.62,1,1782203280625
2026-06-23T08:28:57.638Z,BINANCE,ETHUSDT,1642.35,1740.891,1,1782203278448
2026-06-23T08:28:57.638Z,BINANCE,ETHUSDC,1640.98,613.72652,1,1782203278315
2026-06-23T08:28:57.638Z,BINANCE,ETHUSDT,1642.94,1437.5725,1,1782203275551
2026-06-23T08:28:57.638Z,BINANCE,ETHUSDT,1642.63,82131.5,1,1782203248412
2026-06-23T08:28:57.638Z,BINANCE,ETHUSDT,1642.61,2079.54426,1,1782203246362
2026-06-23T08:28:57.638Z,BINANCE,ETHUSDT,1642.46,16465.6615,1,1782203244171
2026-06-23T08:28:57.638Z,BINANCE,ETHUSDT,1644.21,192.37257,1,1782203242318
2026-06-23T08:28:57.638Z,BINANCE,ETHUSDT_260626,1647.91,1558.92286,1,1782203199618
2026-06-23T08:28:57.638Z,BINANCE,ETHUSDT,1645.08,187.53912,1,1782203182304
2026-06-23T08:28:57.638Z,BINANCE,ETHUSDT,1649.11,15608.82615,2,1782203152783
2026-06-23T08:28:57.638Z,BINANCE,ETHUSDT,1646.92,1457.5242,2,1782203132291
2026-06-23T08:28:57.638Z,BINANCE,ETHUSDT,1641.1,4071.5691,1,1782203069406
2026-06-23T08:28:57.638Z,BINANCE,ETHUSDC,1639.4,2452.5424,1,1782203068783
2026-06-23T08:28:57.638Z,BINANCE,ETHBTC,0.026361,819.19048185,1,1782203068595
2026-06-23T08:28:57.638Z,BINANCE,ETHUSDT,1639.26,189290.26998,1,1782203067913
2026-06-23T08:28:57.638Z,BINANCE,ETHUSDT,1638.71,363495.37478,1,1782203067636
2026-06-23T08:28:57.638Z,BINANCE,ETHUSDC,1637.69,52712.32803,1,1782203067596
2026-06-23T08:28:57.638Z,BINANCE,ETHUSDT_260925,1643.78,1702.95608,1,1782203067307
2026-06-23T08:28:57.638Z,BINANCE,ETHUSDT_260626,1637.16,20528.34924,1,1782203067129
2026-06-23T08:28:57.638Z,BINANCE,ETHUSDT,1638.39,180858.59532,1,1782203067064
2026-06-23T08:28:57.638Z,BINANCE,ETHUSDC,1635.6,11560.4208,1,1782203066121
2026-06-23T08:28:57.638Z,BINANCE,ETHUSDT_260626,1635.22,32704.4,1,1782203065632
2026-06-23T08:28:57.638Z,BINANCE,ETHUSDT,1634.4,221722.704,1,1782203065597
2026-06-23T08:28:57.638Z,BINANCE,ETHUSDT,1634.59,787878.91836,1,1782203065522
2026-06-23T08:28:57.638Z,BINANCE,ETHUSDT_260925,1640.09,820.045,1,1782203065487
2026-06-23T08:28:57.638Z,BINANCE,ETHUSDC,1634.18,326836,1,1782203065420
2026-06-23T08:30:06.124Z,BINANCE,ETHUSDT,1644.89,4878.74374,2,1782203343371
2026-06-23T08:31:19.532Z,BINANCE,ETHUSDT,1647.37,22125.82647,2,1782203467248
2026-06-23T08:31:19.532Z,BINANCE,ETHUSDT,1647.16,148.2444,2,1782203434399
2026-06-23T08:31:19.532Z,BINANCE,ETHUSDT,1646.33,752.37281,2,1782203433198
2026-06-23T08:33:54.476Z,BINANCE,ETHUSDT,1646.81,164.681,1,1782203626414
2026-06-23T08:35:03.514Z,BINANCE,ETHUSDT,1648.46,29250.27424,2,1782203693673
2026-06-23T08:36:06.528Z,BINANCE,ETHUSDT,1649.16,10020.29616,2,1782203726314
2026-06-23T08:37:19.659Z,BINANCE,ETHUSDT,1650.7,199.7347,2,1782203798362
2026-06-23T08:37:19.659Z,BINANCE,ETHUSDT,1650.46,198.0552,2,1782203793784
2026-06-23T08:37:19.659Z,BINANCE,ETHUSDT,1650.15,1391.07645,2,1782203768686
2026-06-23T08:38:27.528Z,BINANCE,ETHUSDT,1647.02,2903.69626,1,1782203867415
2026-06-23T08:40:38.680Z,BINANCE,ETHUSDT,1648.53,494.559,1,1782204000836
2026-06-23T08:42:54.633Z,BINANCE,ETHUSDT,1650.94,150.23554,2,1782204140542
2026-06-23T08:46:18.737Z,BINANCE,ETHUSDT,1646.58,1103.2086,1,1782204365228
2026-06-23T08:48:30.523Z,BINANCE,ETHUSDT,1645.6,29581.3056,1,1782204505452
2026-06-23T09:00:53.968Z,BINANCE,ETHUSDT,1650.52,24548.18396,2,1782205250607
2026-06-23T09:02:07.110Z,BINANCE,ETHUSDT,1651.3,7728.084,2,1782205319073
2026-06-23T09:02:07.110Z,BINANCE,ETHUSDT,1651.3,1596.8071,2,1782205261431
2026-06-23T09:21:19.292Z,BINANCE,ETHUSDT,1651.12,125.48512,2,1782206460834
2026-06-23T09:22:27.305Z,BINANCE,ETHUSDT,1652.83,1152.02251,2,1782206539477
2026-06-23T09:22:27.305Z,BINANCE,ETHUSDT,1652.82,1874.29788,2,1782206532273
2026-06-23T09:22:27.305Z,BINANCE,ETHUSDT,1652.5,2331.6775,2,1782206526155
2026-06-23T09:22:27.305Z,BINANCE,ETHUSDT,1652.01,1554.54141,2,1782206520436
2026-06-23T09:22:27.305Z,BINANCE,ETHUSDT,1651.89,388.19415,2,1782206512475
2026-06-23T09:22:27.305Z,BINANCE,ETHUSDT,1651.34,619.2525,1,1782206505546
2026-06-23T09:29:14.950Z,BINANCE,ETHUSDT,1653.5,155.429,2,1782206930421
2026-06-23T09:29:14.950Z,BINANCE,ETHUSDT,1652.87,884.28545,1,1782206909522
2026-06-23T09:40:30.903Z,BINANCE,ETHUSDT,1651.03,15897.76787,1,1782207627802
2026-06-23T09:40:30.903Z,BINANCE,ETHUSDT,1651.19,615.89387,1,1782207625534
2026-06-23T09:41:38.914Z,BINANCE,ETHUSDT,1649.01,24735.15,1,1782207672691
2026-06-23T09:42:41.909Z,BINANCE,ETHUSDT,1647.31,164.731,1,1782207751595
2026-06-23T09:56:15.576Z,BINANCE,ETHUSDT,1650,1650,1,1782208524946
2026-06-23T10:03:09.771Z,BINANCE,ETHUSDT,1656.29,1074.93221,2,1782208979806
2026-06-23T10:03:09.771Z,BINANCE,ETHUSDT,1656.4,258.3984,2,1782208978658
2026-06-23T10:03:09.771Z,BINANCE,ETHUSDT,1656.9,15488.7012,2,1782208978270
2026-06-23T10:03:09.771Z,BINANCE,ETHUSDT,1655.39,30273.77232,2,1782208957677
2026-06-23T10:03:09.771Z,BINANCE,ETHUSDT,1654.74,238.28256,2,1782208940409
2026-06-23T10:03:09.771Z,BINANCE,ETHUSDT,1654.46,10545.52804,2,1782208934636
2026-06-23T10:03:09.771Z,BINANCE,ETHUSDC,1652.94,11934.2268,2,1782208934405
2026-06-23T10:03:09.771Z,BINANCE,ETHUSDT,1653.72,3082.53408,2,1782208928564
2026-06-23T10:03:09.771Z,BINANCE,ETHUSDT,1653.72,23383.6008,2,1782208928093
2026-06-23T10:03:09.771Z,BINANCE,ETHUSDT,1653.63,5951.41437,2,1782208925410
2026-06-23T10:03:09.771Z,BINANCE,ETHUSDT,1653.48,28438.20252,2,1782208923268
2026-06-23T10:03:09.771Z,BINANCE,ETHUSDT,1652.69,2217.90998,2,1782208920441
2026-06-23T10:03:09.771Z,BINANCE,ETHUSDT,1652,75023.928,2,1782208917555
2026-06-23T10:07:06.771Z,BINANCE,ETHUSDC,1655.99,4608.62017,2,1782209042829
2026-06-23T10:07:06.771Z,BINANCE,ETHUSDT,1657.96,500.70392,2,1782209041434
2026-06-23T10:07:06.771Z,BINANCE,ETHUSDC,1656.02,3275.60756,2,1782209012108
2026-06-23T10:07:06.771Z,BINANCE,ETHUSDT,1657.63,601.71969,2,1782209006375
2026-06-23T10:07:06.771Z,BINANCE,ETHUSDC,1656,2131.272,2,1782209005629
2026-06-23T10:07:06.771Z,BINANCE,ETHUSDT,1657.07,109.36662,2,1782208997367
2026-06-23T10:07:06.771Z,BINANCE,ETHUSDC,1655.54,680.42694,2,1782208997179
2026-06-23T10:18:28.459Z,BINANCE,ETHUSDT,1653.08,299680.26088,1,1782209853615
2026-06-23T10:18:28.459Z,BINANCE,ETHUSDT,1653.39,6256.42776,1,1782209845436
2026-06-23T10:29:44.255Z,BINANCE,ETHUSDT,1652.69,99161.4,1,1782210544362
2026-06-23T10:35:29.444Z,BINANCE,ETHUSDT,1650.81,7481.47092,1,1782210870518
2026-06-23T10:42:18.139Z,BINANCE,ETHUSDT,1649.53,16490.35141,1,1782211310656
2026-06-23T10:42:18.139Z,BINANCE,ETHUSDC,1648,13134.56,1,1782211310656
2026-06-23T10:42:18.139Z,BINANCE,ETHUSDT_260925,1655.38,5358.46506,1,1782211310656
2026-06-23T10:42:18.139Z,BINANCE,ETHUSDT_260626,1651.51,888.51238,1,1782211310656
2026-06-23T10:42:18.139Z,BINANCE,ETHUSDT,1650.27,476.92803,1,1782211295892
2026-06-23T11:02:44.063Z,BINANCE,ETHUSDT,1653.67,15847.11961,2,1782212558604
2026-06-23T11:03:52.061Z,BINANCE,ETHUSDT,1654.09,1415.90104,2,1782212562337
2026-06-23T11:11:53.339Z,BINANCE,ETHUSDT,1653.9,7923.8349,2,1782213054952
2026-06-23T11:16:15.765Z,BINANCE,ETHUSDT,1655.63,387.41742,2,1782213357500
2026-06-23T11:21:51.017Z,BINANCE,ETHUSDT,1660.64,6642.56,2,1782213669188
2026-06-23T11:21:51.017Z,BINANCE,ETHUSDT,1661.19,17226.5403,2,1782213667747
2026-06-23T11:21:51.017Z,BINANCE,ETHUSDT,1661.21,762.49539,2,1782213666142
2026-06-23T11:21:51.017Z,BINANCE,ETHUSDC,1658.76,37541.05632,2,1782213662548
2026-06-23T11:21:51.017Z,BINANCE,ETHUSDT,1660.4,90943.4288,2,1782213662324
2026-06-23T11:21:51.017Z,BINANCE,ETHUSDT,1660.44,17698.62996,2,1782213661595
2026-06-23T11:21:51.017Z,BINANCE,ETHUSDT,1660.72,1826.792,2,1782213659186
2026-06-23T11:21:51.017Z,BINANCE,ETHUSDT,1659.77,150305.45166,2,1782213658676
2026-06-23T11:25:39.208Z,BINANCE,ETHUSDT,1662.58,244.39926,2,1782213730324
2026-06-23T11:25:39.208Z,BINANCE,ETHUSDT,1662,294.174,2,1782213724558
2026-06-23T11:25:39.208Z,BINANCE,ETHUSDT,1661.82,3582.88392,2,1782213713441
2026-06-23T11:26:41.995Z,BINANCE,ETHUSDT,1657.64,558.62468,1,1782213954149
2026-06-23T11:31:15.819Z,BINANCE,ETHUSDT,1658.79,248.8185,1,1782214251029
2026-06-23T11:33:26.853Z,BINANCE,ETHUSDT,1662.57,5689.31454,2,1782214356175
2026-06-23T11:33:26.853Z,BINANCE,ETHUSDT,1662.1,605.0044,2,1782214350534
2026-06-23T11:40:17.718Z,BINANCE,ETHUSDT,1661.09,3960.03856,2,1782214794127
2026-06-23T11:50:15.957Z,BINANCE,ETHUSDT,1657.52,873.51304,1,1782215403191
2026-06-23T12:11:28.147Z,BINANCE,ETHUSDT,1656.71,298658.42512,1,1782216670354
2026-06-23T12:11:28.147Z,BINANCE,ETHUSDT,1656.94,1073.69712,1,1782216667324
2026-06-23T12:12:30.992Z,BINANCE,ETHUSDT,1657.43,828.715,1,1782216732328
2026-06-23T12:14:41.764Z,BINANCE,ETHUSDT,1656.6,165.66,1,1782216863528
2026-06-23T12:14:41.764Z,BINANCE,ETHUSDT,1656.3,1444.2936,1,1782216857609
2026-06-23T12:17:08.139Z,BINANCE,ETHUSDT,1656.44,1073.37312,1,1782217011357
2026-06-23T12:26:08.702Z,BINANCE,ETHUSDT,1655.98,2179.26968,1,1782217538525
2026-06-23T12:26:08.702Z,BINANCE,ETHUSDT,1655.73,120.86829,1,1782217537427
2026-06-23T12:30:30.500Z,BINANCE,ETHUSDT,1659.86,561.03268,2,1782217816364
2026-06-23T12:50:39.674Z,BINANCE,ETHUSDT,1655.95,6438.3336,1,1782219012694
2026-06-23T12:52:55.719Z,BINANCE,ETHUSDT,1653.48,596.90628,1,1782219145276
2026-06-23T12:54:03.848Z,BINANCE,ETHUSDT,1653.16,2006.93624,1,1782219198109
2026-06-23T13:01:51.237Z,BINANCE,ETHUSDT,1653.08,11055.79904,1,1782219666970
2026-06-23T13:02:54.058Z,BINANCE,ETHUSDT,1652.35,3863.1943,1,1782219763068
2026-06-23T13:02:54.058Z,BINANCE,ETHUSDT,1652.72,13221.76,1,1782219760267
2026-06-23T13:02:54.058Z,BINANCE,ETHUSDT,1652.8,6270.7232,1,1782219758433
2026-06-23T13:04:07.208Z,BINANCE,ETHUSDC,1650.34,112.22312,1,1782219827486
2026-06-23T13:04:07.208Z,BINANCE,ETHUSDT,1651.67,51477.59889,1,1782219826532
2026-06-23T13:04:07.208Z,BINANCE,ETHUSDT,1651.67,845.65504,1,1782219825288
2026-06-23T13:04:07.208Z,BINANCE,ETHUSDT,1652.08,113.99352,1,1782219780352
2026-06-23T13:04:07.208Z,BINANCE,ETHUSDT,1652.42,15650.06982,1,1782219774504
2026-06-23T13:05:15.464Z,BINANCE,ETHUSD_PERP,1649.27,900,1,1782219909074
2026-06-23T13:05:15.464Z,BINANCE,ETHUSDT,1651.28,54086.02512,1,1782219908133
2026-06-23T13:05:15.464Z,BINANCE,ETHUSDT,1651.46,579.66246,1,1782219851287
2026-06-23T13:05:15.464Z,BINANCE,ETHUSDT,1651.38,2055.9681,1,1782219847423
2026-06-23T13:08:39.608Z,BINANCE,ETHUSDC,1649.64,5153.47536,1,1782220084756
2026-06-23T13:09:42.438Z,BINANCE,ETHUSDT,1650.38,112.22584,1,1782220166130
2026-06-23T13:09:42.438Z,BINANCE,ETHUSDT,1650.24,3909.41856,1,1782220161521
2026-06-23T13:09:42.438Z,BINANCE,ETHUSDT,1650.03,4950.09,1,1782220160525
2026-06-23T13:09:42.438Z,BINANCE,ETHUSDT,1649.88,5116.27788,1,1782220159290
2026-06-23T13:09:42.438Z,BINANCE,ETHUSDT,1650.03,3526.11411,1,1782220157390
2026-06-23T13:09:42.438Z,BINANCE,ETHUSDT,1650.55,1638.99615,1,1782220154047
2026-06-23T13:09:42.438Z,BINANCE,ETHUSDT,1650.72,179.92848,1,1782220151260
2026-06-23T13:09:42.438Z,BINANCE,ETHUSDT,1650.93,30269.80155,1,1782220126504
2026-06-23T13:10:55.778Z,BINANCE,ETHUSDT,1649.12,4634.0272,1,1782220246134
2026-06-23T13:10:55.778Z,BINANCE,ETHUSDT,1649.18,6242.1463,1,1782220240589
2026-06-23T13:10:55.778Z,BINANCE,ETHUSDT,1649.01,1149.35997,1,1782220226525
2026-06-23T13:10:55.778Z,BINANCE,ETHUSDC,1647.81,1567.06731,1,1782220221183
2026-06-23T13:10:55.778Z,BINANCE,ETHUSDT,1649.5,1621.4585,1,1782220217195
2026-06-23T13:10:55.778Z,BINANCE,ETHUSD_PERP,1647.13,6250,1,1782220216109
2026-06-23T13:21:40.972Z,BINANCE,ETHUSD_PERP,1646.96,170,1,1782220894104
2026-06-23T13:21:40.972Z,BINANCE,ETHUSDT,1648.72,26803.24104,1,1782220893121
2026-06-23T13:21:40.972Z,BINANCE,ETHUSDT,1648.52,473.12524,1,1782220890241
2026-06-23T13:22:43.994Z,BINANCE,ETHUSDT,1648.03,812.47879,1,1782220952419
2026-06-23T13:22:43.994Z,BINANCE,ETHUSDT,1647.63,39009.28788,1,1782220951395
2026-06-23T13:22:43.994Z,BINANCE,ETHUSDC,1646.81,108.68946,1,1782220943743
2026-06-23T13:22:43.994Z,BINANCE,ETHUSDT,1648.27,69044.38203,1,1782220942698
2026-06-23T13:22:43.994Z,BINANCE,ETHUSDT,1648.38,2480.8119,1,1782220903308
2026-06-23T13:26:20.125Z,BINANCE,ETHUSDT,1647.61,397.07401,1,1782221143308
2026-06-23T13:26:20.125Z,BINANCE,ETHUSDT,1646.98,1646.98,1,1782221136557
2026-06-23T13:26:20.125Z,BINANCE,ETHUSDT,1647.17,741.2265,1,1782221133044
2026-06-23T13:26:20.125Z,BINANCE,ETHUSDT,1646.98,3705.705,1,1782221129129
2026-06-23T13:26:20.125Z,BINANCE,ETHUSDT,1646.98,1615.68738,1,1782221124174
2026-06-23T13:26:20.125Z,BINANCE,ETHUSDT,1646.91,2065.22514,1,1782221110360
2026-06-23T13:26:20.125Z,BINANCE,ETHUSDT,1647.01,3058.49757,1,1782221109124
2026-06-23T13:28:41.500Z,BINANCE,ETHUSDT,1647.77,3644.86724,1,1782221302045
2026-06-23T13:29:54.645Z,BINANCE,ETHUSDT,1649.06,517.80484,1,1782221324448
2026-06-23T13:31:03.008Z,BINANCE,ETHUSDT,1646.96,7180.7456,1,1782221452425
2026-06-23T13:31:03.008Z,BINANCE,ETHUSDT,1646.25,823.125,1,1782221414247
2026-06-23T13:31:03.008Z,BINANCE,ETHUSDT,1646.45,16464.5,1,1782221411681
2026-06-23T13:31:03.008Z,BINANCE,ETHUSDT,1646.18,5099.86564,1,1782221409553
2026-06-23T13:31:03.008Z,BINANCE,ETHUSDC,1644.88,1187.60336,2,1782221409553
2026-06-23T13:31:03.008Z,BINANCE,ETHUSDT,1647.12,701.67312,1,1782221406052
2026-06-23T13:32:07.252Z,BINANCE,ETHUSDT,1657.12,29170.28336,2,1782221523609
2026-06-23T13:32:07.252Z,BINANCE,ETHUSDT,1654.62,19971.2634,2,1782221518070
2026-06-23T13:32:07.252Z,BINANCE,ETHUSDT,1654.52,293953.60484,2,1782221516579
2026-06-23T13:32:07.252Z,BINANCE,ETHUSDC,1652.71,11968.92582,2,1782221516461
2026-06-23T13:32:07.252Z,BINANCE,ETHUSDT,1653.61,5365.96445,2,1782221513587
2026-06-23T13:32:07.252Z,BINANCE,ETHUSDT,1652.34,9568.70094,2,1782221512541
2026-06-23T13:32:07.252Z,BINANCE,ETHUSDT,1650.15,3263.9967,2,1782221506339
2026-06-23T13:32:07.252Z,BINANCE,ETHUSDT,1645.51,485.42545,1,1782221483663
2026-06-23T13:32:07.252Z,BINANCE,ETHUSDT,1645.02,4474.4544,1,1782221478566
2026-06-23T13:32:07.252Z,BINANCE,ETHUSDT,1644.76,16949.2518,1,1782221477444
2026-06-23T13:32:07.252Z,BINANCE,ETHUSDT,1644.78,827.32434,1,1782221476390
2026-06-23T13:32:07.252Z,BINANCE,ETHUSDT,1644.73,12942.38037,1,1782221476183
2026-06-23T13:32:07.252Z,BINANCE,ETHUSDT,1644.73,33899.53003,1,1782221475204
2026-06-23T13:32:07.252Z,BINANCE,ETHUSDT,1644.95,4273.5801,1,1782221474118
2026-06-23T13:32:07.252Z,BINANCE,ETHUSDT,1646.06,1188.45532,1,1782221463530
2026-06-23T13:32:07.252Z,BINANCE,ETHUSDT,1645.94,347.29334,1,1782221462501
2026-06-23T13:36:04.979Z,BINANCE,ETHUSDT,1658.57,2200.92239,2,1782221729636
2026-06-23T13:36:04.979Z,BINANCE,ETHUSDT,1654.74,173694.74832,1,1782221704534
2026-06-23T13:36:04.979Z,BINANCE,ETHUSDT,1660.64,911.69136,2,1782221582211
2026-06-23T13:36:04.979Z,BINANCE,ETHUSDT,1660.41,249.0615,2,1782221579156
2026-06-23T13:36:04.979Z,BINANCE,ETHUSDT,1660.42,723.94312,2,1782221577244
2026-06-23T13:36:04.979Z,BINANCE,ETHUSDT,1660.39,3616.32942,2,1782221575199
2026-06-23T13:36:04.979Z,BINANCE,ETHUSDT,1659.69,414.9225,2,1782221572263
2026-06-23T13:36:04.979Z,BINANCE,ETHUSD_PERP,1658.31,48210,2,1782221572068
2026-06-23T13:36:04.979Z,BINANCE,ETHUSDT,1658.5,8549.5675,2,1782221566549
2026-06-23T13:36:04.979Z,BINANCE,ETHUSDT,1658.02,120713.80412,2,1782221538180
2026-06-23T13:36:04.979Z,BINANCE,ETHUSD_PERP,1656.11,550,2,1782221538178
2026-06-23T13:36:04.979Z,BINANCE,ETHUSDT,1657.2,523.6752,2,1782221528567
2026-06-23T13:36:04.979Z,BINANCE,ETHUSDT,1657.04,7010.93624,2,1782221528453
2026-06-23T13:36:04.979Z,BINANCE,ETHUSDT,1658,14242.22,2,1782221527167
2026-06-23T13:36:04.979Z,BINANCE,ETHUSDT,1657.07,24058.99933,2,1782221524265
2026-06-23T13:41:27.456Z,BINANCE,ETHUSDT,1654.46,10034.2999,1,1782222070686
2026-06-23T13:42:30.325Z,BINANCE,ETHUSDT,1652.87,471.06795,1,1782222094336
2026-06-23T13:42:30.325Z,BINANCE,ETHUSDT,1654.05,133777.90995,1,1782222087640
2026-06-23T13:43:45.327Z,BINANCE,ETHUSDT,1658.34,393.02658,2,1782222189550
2026-06-23T13:44:53.300Z,BINANCE,ETHUSDT,1659.44,8106.3644,2,1782222263719
2026-06-23T13:44:53.300Z,BINANCE,ETHUSDT,1659,437.976,2,1782222259284
2026-06-23T13:47:05.491Z,BINANCE,ETHUSDT,1655.47,297984.6,1,1782222399420
2026-06-23T13:48:18.887Z,BINANCE,ETHUSDC,1660.42,13693.48374,2,1782222496598
2026-06-23T13:48:18.887Z,BINANCE,ETHUSDT,1662.02,14908.3194,2,1782222496358
2026-06-23T13:48:18.887Z,BINANCE,ETHUSDT,1663.16,6466.36608,2,1782222495290
2026-06-23T13:48:18.887Z,BINANCE,ETHUSDT,1663.07,1804.43095,2,1782222493387
2026-06-23T13:48:18.887Z,BINANCE,ETHUSDT,1661.37,2658192,2,1782222492296
2026-06-23T13:48:18.887Z,BINANCE,ETHUSDT,1660.91,2013.02292,2,1782222492086
2026-06-23T13:48:18.887Z,BINANCE,ETHUSDT,1659.45,380.01405,2,1782222486334
2026-06-23T13:49:21.985Z,BINANCE,ETHUSDT,1663.17,1910.98233,2,1782222533191
2026-06-23T13:49:21.985Z,BINANCE,ETHUSDT,1662.8,11257.156,2,1782222531280
2026-06-23T13:50:30.486Z,BINANCE,ETHUSDT,1658.7,149.283,1,1782222563184
2026-06-23T13:52:51.558Z,BINANCE,ETHUSDT,1662.49,2967.54465,2,1782222766387
2026-06-23T13:53:54.534Z,BINANCE,ETHUSDT,1663.06,483.95046,2,1782222780191
2026-06-23T13:53:54.534Z,BINANCE,ETHUSDT,1663.01,15609.01186,2,1782222778244
2026-06-23T13:53:54.534Z,BINANCE,ETHUSDC,1661.55,1958.96745,2,1782222778244
2026-06-23T13:53:54.534Z,BINANCE,ETHUSDT_260925,1668.52,595.66164,2,1782222778244
2026-06-23T13:53:54.534Z,BINANCE,ETHUSDT_260626,1665.16,346.35328,2,1782222778244
2026-06-23T13:53:54.534Z,BINANCE,ETHUSDT,1662.72,197.86368,2,1782222774451
2026-06-23T14:01:51.668Z,BINANCE,ETHUSDT,1664.47,13315.76,2,1782223298495
2026-06-23T14:01:51.668Z,BINANCE,ETHUSDT,1664.69,1018.79028,2,1782223286162
2026-06-23T14:01:51.668Z,BINANCE,ETHUSDT,1663.94,429.29652,2,1782223271806
2026-06-23T14:01:51.668Z,BINANCE,ETHUSDT,1664.01,504.19503,2,1782223269518
2026-06-23T14:01:51.668Z,BINANCE,ETHUSD_PERP,1662.31,340,2,1782223268084
2026-06-23T14:01:51.668Z,BINANCE,ETHUSDT,1664.17,815.4433,2,1782223267174
2026-06-23T14:01:51.668Z,BINANCE,ETHUSDT,1664,23279.36,2,1782223266601
2026-06-23T14:02:54.670Z,BINANCE,ETHUSDT,1666.2,19064.6604,2,1782223347550
2026-06-23T14:02:54.670Z,BINANCE,ETHUSDT,1666.2,5006.931,2,1782223347181
2026-06-23T14:02:54.670Z,BINANCE,ETHUSDC,1664.8,1165.36,2,1782223345391
2026-06-23T14:02:54.670Z,BINANCE,ETHUSDT,1666.07,24991.05,2,1782223345297
2026-06-23T14:02:54.670Z,BINANCE,ETHUSDT,1665.77,1500.85877,2,1782223344130
2026-06-23T14:04:07.762Z,BINANCE,ETHUSDT,1662.12,211784.00616,1,1782223400648
2026-06-23T14:04:07.762Z,BINANCE,ETHUSDT,1662.29,377.33983,1,1782223393495
2026-06-23T14:06:28.999Z,BINANCE,ETHUSDT,1658.97,127.74069,1,1782223538326
2026-06-23T14:06:28.999Z,BINANCE,ETHUSDT,1659,12055.953,1,1782223536480
2026-06-23T14:10:28.648Z,BINANCE,ETHUSDT,1663.59,357.67185,2,1782223811234
2026-06-23T14:14:59.445Z,BINANCE,ETHUSDT,1666.19,4190.46785,2,1782224091227
2026-06-23T14:14:59.445Z,BINANCE,ETHUSDT,1664.18,342.82108,2,1782224084291
2026-06-23T14:14:59.445Z,BINANCE,ETHUSDT,1664,3156.608,2,1782224082289
2026-06-23T14:17:09.173Z,BINANCE,ETHUSDT,1668.49,34709.59747,2,1782224224354
2026-06-23T14:17:09.173Z,BINANCE,ETHUSDT,1668.62,23646.01402,2,1782224224207
2026-06-23T14:17:09.173Z,BINANCE,ETHUSDT,1668.1,3336.2,2,1782224219590
2026-06-23T14:17:09.173Z,BINANCE,ETHUSDT,1667.71,7049.41017,2,1782224214255
2026-06-23T14:17:09.173Z,BINANCE,ETHUSDT,1667.37,6704.49477,2,1782224212330
2026-06-23T14:17:09.173Z,BINANCE,ETHUSDT,1666.46,28794.76234,2,1782224100374
2026-06-23T14:17:09.173Z,BINANCE,ETHUSDT,1666.36,624.885,2,1782224095617
2026-06-23T14:17:09.173Z,BINANCE,ETHUSDT,1666.61,1654.94373,2,1782224094070
2026-06-23T14:19:15.048Z,BINANCE,ETHUSDT,1669.24,133.5392,2,1782224328283
2026-06-23T14:19:15.048Z,BINANCE,ETHUSDT,1668.71,697.52078,2,1782224284494
2026-06-23T14:22:29.509Z,BINANCE,ETHUSDT,1662.8,523.782,1,1782224541386
2026-06-23T14:26:06.376Z,BINANCE,ETHUSDT,1657.51,822.12496,1,1782224754571
2026-06-23T14:26:06.376Z,BINANCE,ETHUSDT,1657.44,351.37728,1,1782224752619
2026-06-23T14:26:06.376Z,BINANCE,ETHUSDT,1657.49,1420.46893,1,1782224751349
2026-06-23T14:26:06.376Z,BINANCE,ETHUSDT,1657.52,2610.594,1,1782224743389
2026-06-23T14:26:06.376Z,BINANCE,ETHUSDT,1657.54,280.12426,1,1782224743221
2026-06-23T14:26:06.376Z,BINANCE,ETHUSDT,1658.13,374.73738,1,1782224730155
2026-06-23T14:26:06.376Z,BINANCE,ETHUSDT,1658.13,573.71298,1,1782224725291
2026-06-23T14:26:06.376Z,BINANCE,ETHUSDT,1658.3,2051.3171,1,1782224711195
2026-06-23T14:26:06.376Z,BINANCE,ETHUSDT,1660.67,1242.18116,1,1782224567504
2026-06-23T14:26:06.376Z,BINANCE,ETHUSDT,1661.29,1073.19334,1,1782224564130
2026-06-23T14:27:19.437Z,BINANCE,ETHUSDT,1657.41,2645.22636,1,1782224795416
2026-06-23T14:29:30.241Z,BINANCE,ETHUSDT,1660.9,132.872,2,1782224957436
2026-06-23T14:30:38.663Z,BINANCE,ETHUSDT,1662.27,21709.2462,2,1782225009071
2026-06-23T14:30:38.663Z,BINANCE,ETHUSDT,1662.26,103.06012,2,1782225006444
2026-06-23T14:32:44.631Z,BINANCE,ETHUSDT,1659.36,6728.7048,1,1782225134402
2026-06-23T14:33:52.634Z,BINANCE,ETHUSDT,1662.8,1752.5912,2,1782225220315
2026-06-23T14:33:52.634Z,BINANCE,ETHUSDT,1663.41,15589.47852,2,1782225218425
2026-06-23T14:37:08.299Z,BINANCE,ETHUSDT,1671.26,127055.87024,2,1782225395405
2026-06-23T14:37:08.299Z,BINANCE,ETHUSDC,1669.34,1440.64042,2,1782225394327
2026-06-23T14:37:08.299Z,BINANCE,ETHUSDT,1671.16,74552.11876,2,1782225392106
2026-06-23T14:37:08.299Z,BINANCE,ETHUSDT,1669.38,1347.18966,2,1782225390493
2026-06-23T14:37:08.299Z,BINANCE,ETHUSDT,1669.62,200.3544,2,1782225389271
2026-06-23T14:37:08.299Z,BINANCE,ETHUSDT,1669.68,1464.30936,2,1782225388124
2026-06-23T14:37:08.299Z,BINANCE,ETHUSDT,1668.14,14728.00806,2,1782225378166
2026-06-23T14:37:08.299Z,BINANCE,ETHUSD_PERP,1665.73,11530,2,1782225377101
2026-06-23T14:37:08.299Z,BINANCE,ETHUSDT,1667.34,568.56294,2,1782225374320
2026-06-23T14:37:08.299Z,BINANCE,ETHUSDT,1666.86,1255.14558,2,1782225371639
2026-06-23T14:37:08.299Z,BINANCE,ETHUSDT,1666.7,203337.4,2,1782225369582
2026-06-23T14:37:08.299Z,BINANCE,ETHUSDT,1666.48,1126.54048,2,1782225368053
2026-06-23T14:37:08.299Z,BINANCE,ETHUSDT,1665.75,617.99325,2,1782225365319
2026-06-23T14:40:31.232Z,BINANCE,ETHUSDT,1664.21,544.19667,1,1782225571423
2026-06-23T14:42:40.813Z,BINANCE,ETHUSDT,1661.47,1109.86196,1,1782225667523
2026-06-23T14:42:40.813Z,BINANCE,ETHUSDT,1661.63,279.15384,1,1782225664112
2026-06-23T14:42:40.813Z,BINANCE,ETHUSDT,1661.69,1510.47621,1,1782225662164
2026-06-23T14:47:27.785Z,BINANCE,ETHUSDT,1661.53,299.0754,1,1782226005864
2026-06-23T14:48:30.683Z,BINANCE,ETHUSDT,1659.32,356.7538,1,1782226064534
2026-06-23T14:48:30.683Z,BINANCE,ETHUSDT,1659.37,225.67432,1,1782226063150
2026-06-23T14:48:30.683Z,BINANCE,ETHUSDT,1660,239.04,1,1782226055452
2026-06-23T14:48:30.683Z,BINANCE,ETHUSDT,1660.22,1216.94126,1,1782226054806
2026-06-23T14:56:27.784Z,BINANCE,ETHUSDT,1660,1660,1,1782226585281
2026-06-23T14:59:46.635Z,BINANCE,ETHUSDT,1660.43,4232.43607,1,1782226782483
2026-06-23T15:02:08.616Z,BINANCE,ETHUSDT,1659.58,258.89448,1,1782226859457
2026-06-23T15:06:51.377Z,BINANCE,ETHUSDT,1655.8,360.9644,1,1782227201393
2026-06-23T15:06:51.377Z,BINANCE,ETHUSDT,1655.64,69381.24984,1,1782227200440
2026-06-23T15:06:51.377Z,BINANCE,ETHUSDT,1655.88,1655.88,1,1782227198475
2026-06-23T15:06:51.377Z,BINANCE,ETHUSDT,1656.25,2997.8125,1,1782227196288
2026-06-23T15:06:51.377Z,BINANCE,ETHUSDT,1656.42,1035.2625,1,1782227195206
2026-06-23T15:06:51.377Z,BINANCE,ETHUSDT,1656.51,828.255,1,1782227192331
2026-06-23T15:06:51.377Z,BINANCE,ETHUSDT,1656.51,5665.2642,1,1782227191805
2026-06-23T15:06:51.377Z,BINANCE,ETHUSDC,1655.08,12552.12672,1,1782227190150
2026-06-23T15:06:51.377Z,BINANCE,ETHUSDT,1657.21,8851.15861,1,1782227188922
2026-06-23T15:06:51.377Z,BINANCE,ETHUSDT,1657.59,15350.94099,1,1782227174314
2026-06-23T15:06:51.377Z,BINANCE,ETHUSDT,1657.65,7862.23395,1,1782227173172
2026-06-23T15:06:51.377Z,BINANCE,ETHUSDT,1657.54,3489.1217,1,1782227166099
2026-06-23T15:06:51.377Z,BINANCE,ETHUSDT,1658.51,321.75094,1,1782227162168
2026-06-23T15:06:51.377Z,BINANCE,ETHUSDT,1658.58,1195.83618,1,1782227160506
2026-06-23T15:06:51.377Z,BINANCE,ETHUSDT,1658.79,1003.56795,1,1782227155144
2026-06-23T15:11:31.798Z,BINANCE,ETHUSDT,1655.77,298.0386,1,1782227430376
2026-06-23T15:12:40.905Z,BINANCE,ETHUSDT,1654.7,1313.8318,1,1782227544256
2026-06-23T15:12:40.905Z,BINANCE,ETHUSDT,1654.92,9949.37904,1,1782227519175
2026-06-23T15:12:40.905Z,BINANCE,ETHUSDT,1655.3,427.0674,1,1782227516610
2026-06-23T15:12:40.905Z,BINANCE,ETHUSDT,1655.3,662.12,1,1782227516219
2026-06-23T15:12:40.905Z,BINANCE,ETHUSDT,1655.6,630.7836,1,1782227512150
2026-06-23T15:17:04.159Z,BINANCE,ETHUSDT,1654.03,183258.25385,1,1782227783539
2026-06-23T15:17:04.159Z,BINANCE,ETHUSDT,1653.94,4078.61604,1,1782227782530
2026-06-23T15:19:20.435Z,BINANCE,ETHUSDC,1651.54,218.00328,1,1782227939439
2026-06-23T15:19:20.435Z,BINANCE,ETHUSDT,1652.96,1274.43216,1,1782227938199
2026-06-23T15:19:20.435Z,BINANCE,ETHUSDT,1652.96,654.57216,1,1782227937782
2026-06-23T15:19:20.435Z,BINANCE,ETHUSDT,1653.98,165.398,1,1782227892424
2026-06-23T15:24:55.708Z,BINANCE,ETHUSDT,1652.73,862.72506,1,1782228288707
2026-06-23T15:24:55.708Z,BINANCE,ETHUSDT,1652.73,20723.58147,1,1782228287415
2026-06-23T15:24:55.708Z,BINANCE,ETHUSDT,1653.59,2240.61445,2,1782228261381
2026-06-23T15:26:03.738Z,BINANCE,ETHUSDT,1651.11,1923.54315,1,1782228326619
2026-06-23T15:26:03.738Z,BINANCE,ETHUSDT,1651.11,16511.1,1,1782228326148
2026-06-23T15:26:03.738Z,BINANCE,ETHUSDT,1651.11,16456.61337,1,1782228325176
2026-06-23T15:26:03.738Z,BINANCE,ETHUSDC,1650.99,1650.99,1,1782228315488
2026-06-23T15:26:03.738Z,BINANCE,ETHUSDT,1652.16,4459.17984,1,1782228314200
2026-06-23T15:26:03.738Z,BINANCE,ETHUSDT,1652.16,854.16672,1,1782228312566
2026-06-23T15:27:06.569Z,BINANCE,ETHUSDT,1654.72,148.9248,2,1782228394551
2026-06-23T15:31:44.100Z,BINANCE,ETHUSDT,1656.78,298.2204,2,1782228652174
2026-06-23T15:31:44.100Z,BINANCE,ETHUSDT,1656.15,8799.12495,2,1782228645438
2026-06-23T15:32:52.177Z,BINANCE,ETHUSDT,1657.63,2188.0716,2,1782228729099
2026-06-23T15:32:52.177Z,BINANCE,ETHUSDT,1657.64,417.72528,2,1782228725364
2026-06-23T15:35:05.293Z,BINANCE,ETHUSDC,1658.24,1878.78592,2,1782228860123
2026-06-23T15:35:05.293Z,BINANCE,ETHUSDT,1659.95,3686.74895,2,1782228858308
2026-06-23T15:35:05.293Z,BINANCE,ETHUSDT,1659.61,72953.13638,2,1782228856584
2026-06-23T15:35:05.293Z,BINANCE,ETHUSDT,1659.02,165.902,2,1782228853161
2026-06-23T15:36:18.544Z,BINANCE,ETHUSDT,1660.19,737.12436,2,1782228925328
2026-06-23T15:38:29.365Z,BINANCE,ETHUSDT,1656.55,12217.05625,1,1782229059070
2026-06-23T15:39:42.545Z,BINANCE,ETHUSDT,1654.81,4837.00963,1,1782229127279
2026-06-23T15:39:42.545Z,BINANCE,ETHUSDT,1655.61,298.0098,1,1782229108164
2026-06-23T15:42:10.063Z,BINANCE,ETHUSDT,1653.26,1653.26,1,1782229326689
2026-06-23T15:43:18.069Z,BINANCE,ETHUSDT,1653.01,2524.14627,1,1782229341548
2026-06-23T15:43:18.069Z,BINANCE,ETHUSDT,1653.45,482.8074,1,1782229337526
2026-06-23T15:47:55.281Z,BINANCE,ETHUSDT,1651.39,23416.7102,1,1782229654161
2026-06-23T15:47:55.281Z,BINANCE,ETHUSDT,1651.32,4511.40624,1,1782229642359
2026-06-23T15:47:55.281Z,BINANCE,ETHUSDT,1651.49,33029.8,1,1782229640300
2026-06-23T15:47:55.281Z,BINANCE,ETHUSDT,1652.12,1049.0962,1,1782229638762
2026-06-23T15:49:03.438Z,BINANCE,ETHUSDT,1650.33,16460.39142,1,1782229680251
2026-06-23T15:49:03.438Z,BINANCE,ETHUSDT,1650.62,59891.09608,1,1782229679155
2026-06-23T15:51:15.277Z,BINANCE,ETHUSDT,1650.69,3411.97623,2,1782229830513
2026-06-23T15:51:15.277Z,BINANCE,ETHUSDT,1650.68,369.75232,1,1782229828333
2026-06-23T15:51:15.277Z,BINANCE,ETHUSDT,1651.05,148.5945,1,1782229816535
2026-06-23T15:53:31.333Z,BINANCE,ETHUSDT,1655.32,450.24704,2,1782230008152
2026-06-23T15:56:55.201Z,BINANCE,ETHUSDT,1655.71,125.83396,2,1782230156444
2026-06-23T16:01:43.437Z,BINANCE,ETHUSDT,1659.65,4183.97765,2,1782230447556
2026-06-23T16:01:43.437Z,BINANCE,ETHUSDT,1659.37,189.16818,2,1782230443437
2026-06-23T16:07:28.779Z,BINANCE,ETHUSDT,1664.3,154.7799,2,1782230845403
2026-06-23T16:07:28.779Z,BINANCE,ETHUSDT,1663.25,299.385,2,1782230843278
2026-06-23T16:07:28.779Z,BINANCE,ETHUSDT,1662.74,4527.64102,2,1782230842187
2026-06-23T16:07:28.779Z,BINANCE,ETHUSDT,1662.47,2832.84888,2,1782230840629
2026-06-23T16:07:28.779Z,BINANCE,ETHUSDT,1661.82,1244.70318,2,1782230797712
2026-06-23T16:07:28.779Z,BINANCE,ETHUSDT,1661.79,4471.87689,2,1782230797333
2026-06-23T16:07:28.779Z,BINANCE,ETHUSDC,1660.21,116.2147,2,1782230796956
2026-06-23T16:12:18.757Z,BINANCE,ETHUSDT,1672.13,3549.93199,2,1782231082267
2026-06-23T16:12:18.757Z,BINANCE,ETHUSDT,1672.88,21396.1352,2,1782231047199
2026-06-23T16:12:18.757Z,BINANCE,ETHUSDT,1672.87,7737.02375,2,1782231046165
2026-06-23T16:12:18.757Z,BINANCE,ETHUSD_PERP,1670,18200,2,1782231045106
2026-06-23T16:12:18.757Z,BINANCE,ETHUSDT,1672.46,1858.10306,2,1782231044597
2026-06-23T16:12:18.757Z,BINANCE,ETHUSDT,1671.79,5058.83654,2,1782231032524
2026-06-23T16:12:18.757Z,BINANCE,ETHUSDC,1670.02,10417.58476,2,1782231013661
2026-06-23T16:12:18.757Z,BINANCE,ETHUSD_PERP,1669.49,180,2,1782231013490
2026-06-23T16:12:18.757Z,BINANCE,ETHUSDT,1671.77,202123.68008,2,1782231013092
2026-06-23T16:12:18.757Z,BINANCE,ETHUSDT,1671.44,52789.08952,2,1782231012382
2026-06-23T16:12:18.757Z,BINANCE,ETHUSDT,1669.7,6770.6335,2,1782230999348
2026-06-23T16:12:18.757Z,BINANCE,ETHUSDT,1668.6,9465.9678,2,1782230935541
2026-06-23T16:12:18.757Z,BINANCE,ETHUSDT,1668.76,822.69868,2,1782230934241
2026-06-23T16:12:18.757Z,BINANCE,ETHUSDT,1668.95,18867.47975,2,1782230932157
2026-06-23T16:12:18.757Z,BINANCE,ETHUSDT,1668.83,392.17505,2,1782230930547
2026-06-23T16:12:18.757Z,BINANCE,ETHUSDT,1668.28,301.95868,2,1782230889594
2026-06-23T16:12:18.757Z,BINANCE,ETHUSDT,1668.15,4495.66425,2,1782230887808
2026-06-23T16:12:18.757Z,BINANCE,ETHUSDC,1665.55,331.44445,2,1782230875416
2026-06-23T16:12:18.757Z,BINANCE,ETHUSDT,1667.46,33349.2,2,1782230874070
2026-06-23T16:12:18.757Z,BINANCE,ETHUSDT,1666.8,355.0284,2,1782230861247
2026-06-23T16:12:18.757Z,BINANCE,ETHUSDT,1667.56,35138.82432,2,1782230859623
2026-06-23T16:12:18.757Z,BINANCE,ETHUSDT,1666.57,21472.08788,2,1782230856616
2026-06-23T16:12:18.757Z,BINANCE,ETHUSDT,1665.83,13243.3485,2,1782230849273
2026-06-23T16:12:18.757Z,BINANCE,ETHUSDC,1664.53,171.44659,2,1782230848629
2026-06-23T16:12:18.757Z,BINANCE,ETHUSDT,1666.07,62805.84079,2,1782230847515
2026-06-23T16:17:19.394Z,BINANCE,ETHUSDT,1662.76,19889.93512,1,1782231397061
2026-06-23T16:33:02.773Z,BINANCE,ETHUSDT,1661.04,4493.1132,1,1782232351440
2026-06-23T16:36:31.937Z,BINANCE,ETHUSDT,1660.18,2666.24908,1,1782232545446
2026-06-23T16:51:07.469Z,BINANCE,ETHUSDT,1658.07,25655.31711,1,1782233427228
2026-06-23T16:51:07.469Z,BINANCE,ETHUSDT,1657.46,306.6301,1,1782233425647
2026-06-23T16:51:07.469Z,BINANCE,ETHUSDT,1657.88,1100.83232,1,1782233423530
2026-06-23T17:01:05.193Z,BINANCE,ETHUSDT,1657.21,331.442,1,1782234056261
2026-06-23T17:01:05.193Z,BINANCE,ETHUSDT,1658,910.242,1,1782234044475
2026-06-23T17:04:29.983Z,BINANCE,ETHUSDT,1656.52,14943.46692,1,1782234262429
2026-06-23T17:04:29.983Z,BINANCE,ETHUSDT,1657.46,177.34822,1,1782234208551
2026-06-23T17:06:51.248Z,BINANCE,ETHUSDT,1655.72,302.99676,1,1782234394503
2026-06-23T17:06:51.248Z,BINANCE,ETHUSDT,1656.13,1656.13,1,1782234383123
2026-06-23T17:06:51.248Z,BINANCE,ETHUSDT,1656.51,776.90319,1,1782234346359
2026-06-23T17:06:51.248Z,BINANCE,ETHUSDT,1656.56,655.99776,1,1782234342401
2026-06-23T17:09:07.195Z,BINANCE,ETHUSDT,1655.86,334.48372,1,1782234491662
2026-06-23T17:11:18.386Z,BINANCE,ETHUSDT,1657.92,502.34976,1,1782234620205
2026-06-23T17:12:21.225Z,BINANCE,ETHUSDT,1660.04,2503.34032,2,1782234694423
2026-06-23T17:12:21.225Z,BINANCE,ETHUSDT,1660.03,1097.27983,2,1782234690626
2026-06-23T17:13:29.335Z,BINANCE,ETHUSDT,1659,1612.548,1,1782234773162
2026-06-23T17:15:40.506Z,BINANCE,ETHUSDT,1658.06,174.0963,1,1782234909473
2026-06-23T17:22:29.514Z,BINANCE,ETHUSDT,1661.13,1554.81768,2,1782235299595
2026-06-23T17:28:31.316Z,BINANCE,ETHUSDT,1662.8,159.6288,2,1782235689064
2026-06-23T17:31:45.423Z,BINANCE,ETHUSDT,1657.98,996.44598,1,1782235897097
2026-06-23T17:34:06.665Z,BINANCE,ETHUSDT,1658.62,160.88614,1,1782236017424
2026-06-23T17:35:14.905Z,BINANCE,ETHUSDT,1661.5,1998.7845,2,1782236104558
2026-06-23T17:36:17.734Z,BINANCE,ETHUSDT,1663.34,10026.61352,2,1782236164206
2026-06-23T17:41:43.636Z,BINANCE,ETHUSDT,1659.46,605.7029,1,1782236466320
2026-06-23T17:45:07.567Z,BINANCE,ETHUSDT,1657.71,858.69378,1,1782236661345
2026-06-23T17:48:26.618Z,BINANCE,ETHUSDT,1657.7,797.3537,1,1782236861216
2026-06-23T17:48:26.618Z,BINANCE,ETHUSDT,1657.86,823.95642,1,1782236846591
2026-06-23T17:48:26.618Z,BINANCE,ETHUSDT,1658.67,2015.28405,1,1782236841683
2026-06-23T17:49:29.488Z,BINANCE,ETHUSDC,1657.23,38876.95857,1,1782236958336
2026-06-23T17:49:29.488Z,BINANCE,ETHUSDT,1658.85,78145.1058,1,1782236958324
2026-06-23T17:49:29.488Z,BINANCE,ETHUSDT,1658.23,5820.3873,1,1782236929366
2026-06-23T17:49:29.488Z,BINANCE,ETHUSDT,1658.43,175.79358,2,1782236909273
2026-06-23T17:50:42.754Z,BINANCE,ETHUSDT,1658.5,817.6405,1,1782236986225
2026-06-23T17:55:15.241Z,BINANCE,ETHUSDT,1654.6,784.2804,1,1782237305300
2026-06-23T17:55:15.241Z,BINANCE,ETHUSDT,1654.7,373.9622,1,1782237299344
2026-06-23T17:55:15.241Z,BINANCE,ETHUSDT,1655.17,4457.37281,1,1782237295247
2026-06-23T17:55:15.241Z,BINANCE,ETHUSDT,1655.17,5945.37064,1,1782237291131
2026-06-23T17:56:18.259Z,BINANCE,ETHUSDT,1653.99,26303.40297,1,1782237346451
2026-06-23T17:56:18.259Z,BINANCE,ETHUSDT,1654.39,4483.3969,1,1782237321416
2026-06-23T17:59:42.619Z,BINANCE,ETHUSDT,1656.2,24843,2,1782237555107
2026-06-23T18:08:57.170Z,BINANCE,ETHUSDT,1654.14,350.67768,1,1782238080711
2026-06-23T18:35:14.978Z,BINANCE,ETHUSDT,1654.03,254.72062,1,1782239646355
2026-06-23T18:37:20.631Z,BINANCE,ETHUSDT,1652.92,58877.0104,1,1782239805256
2026-06-23T18:37:20.631Z,BINANCE,ETHUSDT,1653.12,515.77344,1,1782239802287
2026-06-23T18:37:20.631Z,BINANCE,ETHUSDT,1653.03,126901.46007,1,1782239792594
2026-06-23T18:37:20.631Z,BINANCE,ETHUSDT,1652.99,218.19468,1,1782239791180
2026-06-23T18:37:20.631Z,BINANCE,ETHUSDT,1653.12,929.05344,1,1782239790121
2026-06-23T18:37:20.631Z,BINANCE,ETHUSDC,1651.44,155.23536,1,1782239789518
2026-06-23T18:37:20.631Z,BINANCE,ETHUSDT,1653.57,1653.57,1,1782239788181
2026-06-23T18:37:20.631Z,BINANCE,ETHUSDT,1653.57,22853.99097,1,1782239782535
2026-06-23T18:40:40.226Z,BINANCE,ETHUSDT,1652.09,223.03215,1,1782240032341
2026-06-23T18:40:40.226Z,BINANCE,ETHUSDT,1652.72,11864.87688,1,1782240018392
2026-06-23T18:42:56.439Z,BINANCE,ETHUSDT,1652.15,791.37985,1,1782240113311
2026-06-23T18:42:56.439Z,BINANCE,ETHUSDT,1652,2354.1,1,1782240106460
2026-06-23T18:44:04.551Z,BINANCE,ETHUSDT,1650.03,351.45639,1,1782240238357
2026-06-23T18:44:04.551Z,BINANCE,ETHUSDT,1649.6,8716.4864,1,1782240236406
2026-06-23T18:44:04.551Z,BINANCE,ETHUSDT,1649.6,10408.976,1,1782240235637
2026-06-23T18:44:04.551Z,BINANCE,ETHUSDC,1648.02,186.22626,1,1782240235136
2026-06-23T18:44:04.551Z,BINANCE,ETHUSDT,1650.85,2182.4237,1,1782240222352
2026-06-23T18:44:04.551Z,BINANCE,ETHUSDT,1650.8,495.24,1,1782240217153
2026-06-23T18:44:04.551Z,BINANCE,ETHUSDT,1650.75,992.10075,1,1782240215426
2026-06-23T18:44:04.551Z,BINANCE,ETHUSDT,1651.06,82553,1,1782240213482
2026-06-23T18:44:04.551Z,BINANCE,ETHUSDT,1650.8,561.272,1,1782240211635
2026-06-23T18:44:04.551Z,BINANCE,ETHUSDT,1651.24,1425.02012,1,1782240180300
2026-06-23T18:44:04.551Z,BINANCE,ETHUSDT,1651.25,526.74875,1,1782240178390
2026-06-23T18:44:04.551Z,BINANCE,ETHUSDT,1651.39,114591.60349,1,1782240177386
2026-06-23T18:47:28.782Z,BINANCE,ETHUSD_PERP,1647.23,260,1,1782240420125
2026-06-23T18:47:28.782Z,BINANCE,ETHUSDT,1649.58,4948.74,1,1782240418601
2026-06-23T18:48:41.807Z,BINANCE,ETHUSDT,1649.04,1744.68432,1,1782240474321
2026-06-23T18:48:41.807Z,BINANCE,ETHUSD_PERP,1646.77,1410,1,1782240474058
2026-06-23T19:05:55.315Z,BINANCE,ETHUSDT,1660.64,7521.03856,2,1782241530531
2026-06-23T19:05:55.315Z,BINANCE,ETHUSD_PERP,1658.56,2270,2,1782241530053
2026-06-23T19:05:55.315Z,BINANCE,ETHUSDT,1660.93,1655.94721,2,1782241529057
2026-06-23T19:05:55.315Z,BINANCE,ETHUSDT,1659.05,119.4516,2,1782241496585
2026-06-23T19:05:55.315Z,BINANCE,ETHUSDT,1659,126.084,2,1782241493165
2026-06-23T19:26:19.754Z,BINANCE,ETHUSDT,1656.91,45266.7812,1,1782242741235
2026-06-23T19:30:41.971Z,BINANCE,ETHUSDC,1660.36,2331.14544,2,1782243024625
2026-06-23T19:30:41.971Z,BINANCE,ETHUSDT,1661.87,9740.22007,2,1782243015254
2026-06-23T19:30:41.971Z,BINANCE,ETHUSDT,1661.17,830.585,2,1782243010177
2026-06-23T19:30:41.971Z,BINANCE,ETHUSDT,1661.17,428.58186,2,1782242993556
2026-06-23T19:42:15.209Z,BINANCE,ETHUSDT,1658.06,354.82484,1,1782243704590
2026-06-23T19:45:39.374Z,BINANCE,ETHUSDT,1656.72,1259.1072,1,1782243922691
2026-06-23T19:54:44.170Z,BINANCE,ETHUSDT,1663.1,449.037,2,1782244476613
2026-06-23T19:54:44.170Z,BINANCE,ETHUSDT,1663.18,233977.82558,2,1782244475142
2026-06-23T19:54:44.170Z,BINANCE,ETHUSDT,1662.16,1540.82232,2,1782244468573
2026-06-23T19:54:44.170Z,BINANCE,ETHUSDT,1661.66,569.94938,2,1782244451305
2026-06-23T20:01:43.462Z,BINANCE,ETHUSDT,1666.02,243.23892,2,1782244862569
2026-06-23T20:01:43.462Z,BINANCE,ETHUSDT,1666.02,13824.63396,2,1782244862164
2026-06-23T20:01:43.462Z,BINANCE,ETHUSDC,1664.26,289.58124,2,1782244861189
2026-06-23T20:01:43.462Z,BINANCE,ETHUSDT,1665.3,1487.1129,2,1782244860260
2026-06-23T20:01:43.462Z,BINANCE,ETHUSDT,1665.04,1665.04,2,1782244858076
2026-06-23T20:01:43.462Z,BINANCE,ETHUSDT,1664.39,35691.17916,2,1782244852333
2026-06-23T20:01:43.462Z,BINANCE,ETHUSDT,1664.25,1193.26725,2,1782244848247
2026-06-23T20:07:13.942Z,BINANCE,ETHUSDT,1664.01,2329.614,2,1782245163167
2026-06-23T20:26:27.126Z,BINANCE,ETHUSDT,1661.78,3323.56,1,1782246332372
2026-06-23T21:04:32.811Z,BINANCE,ETHUSDT,1665.76,902.84192,2,1782248664366
2026-06-23T21:06:44.072Z,BINANCE,ETHUSDT,1664.52,199.7424,1,1782248757646
2026-06-23T21:30:10.817Z,BINANCE,ETHUSDT,1666.72,970.03104,2,1782250206061
2026-06-23T21:47:14.645Z,BINANCE,ETHUSDT,1667.36,3881.61408,2,1782251203067
2026-06-23T21:47:14.645Z,BINANCE,ETHUSDT,1667.36,2986.24176,2,1782251201191
2026-06-23T21:47:14.645Z,BINANCE,ETHUSDT,1667.28,600.2208,2,1782251198237
2026-06-23T21:47:14.645Z,BINANCE,ETHUSDT,1666.95,100.017,2,1782251196301
2026-06-23T21:49:20.347Z,BINANCE,ETHUSDT,1667.68,14767.3064,2,1782251304470
2026-06-23T21:49:20.347Z,BINANCE,ETHUSDT,1667.42,1667.42,2,1782251297591
2026-06-23T22:02:30.931Z,BINANCE,ETHUSDT,1665.72,249.858,2,1782252099457
2026-06-23T22:02:30.931Z,BINANCE,ETHUSDT,1666.06,254.90718,2,1782252098378
2026-06-23T22:04:52.045Z,BINANCE,ETHUSDT,1668.33,500.499,2,1782252240471
2026-06-23T22:04:52.045Z,BINANCE,ETHUSDT,1668.3,180.1764,2,1782252239274
2026-06-23T22:07:07.939Z,BINANCE,ETHUSDT,1669.34,15309.51714,2,1782252423360
2026-06-23T22:07:07.939Z,BINANCE,ETHUSDT,1668.89,10999.65399,2,1782252420227
2026-06-23T22:07:07.939Z,BINANCE,ETHUSDT,1669,4728.277,2,1782252419202
2026-06-23T22:08:16.194Z,BINANCE,ETHUSDC,1669.17,177244.15479,2,1782252436268
2026-06-23T22:08:16.194Z,BINANCE,ETHUSDC,1668.97,225.31095,2,1782252433371
2026-06-23T22:08:16.194Z,BINANCE,ETHUSDT,1670.44,25056.6,2,1782252432218
2026-06-23T22:08:16.194Z,BINANCE,ETHUSDT,1670.35,26130.9554,2,1782252426398
2026-06-23T22:12:43.207Z,BINANCE,ETHUSDT,1670.61,200.4732,2,1782252748121
2026-06-23T22:12:43.207Z,BINANCE,ETHUSDT,1670.49,1371.47229,2,1782252746196
2026-06-23T22:14:55.004Z,BINANCE,ETHUSDT,1671.35,5176.17095,2,1782252853178
2026-06-23T22:14:55.004Z,BINANCE,ETHUSDT,1671.24,257795.45496,2,1782252851530
2026-06-23T22:14:55.004Z,BINANCE,ETHUSDT,1670.91,342.53655,2,1782252841519
2026-06-23T22:14:55.004Z,BINANCE,ETHUSDT,1670.73,1092.65742,2,1782252836144
2026-06-23T22:17:06.001Z,BINANCE,ETHUSDT,1671.71,804.09251,2,1782252991085
2026-06-23T22:17:06.001Z,BINANCE,ETHUSDT,1670.95,379.30565,2,1782252975073
2026-06-23T22:18:19.154Z,BINANCE,ETHUSDT,1672,30368.536,2,1782253042087
2026-06-23T22:19:27.060Z,BINANCE,ETHUSDT,1672.12,1417.95776,2,1782253129757
2026-06-23T22:22:56.288Z,BINANCE,ETHUSDT,1666.08,324.8856,1,1782253366334
2026-06-23T22:22:56.288Z,BINANCE,ETHUSDT,1667.63,151.75433,1,1782253336643
2026-06-23T22:24:10.379Z,BINANCE,ETHUSDT,1663.76,1510.69408,1,1782253418531
2026-06-23T22:24:10.379Z,BINANCE,ETHUSDT,1664.27,777.21409,1,1782253408605
2026-06-23T22:24:10.379Z,BINANCE,ETHUSDT,1665.32,7655.47604,1,1782253402128
2026-06-23T22:26:50.776Z,BINANCE,ETHUSDT,1664.04,1001.75208,1,1782253540272
2026-06-23T22:35:54.901Z,BINANCE,ETHUSDT,1662.93,13842.22932,1,1782254150404
2026-06-23T23:01:07.045Z,BINANCE,ETHUSDT,1661.47,830.735,1,1782255648669
2026-06-23T23:01:07.045Z,BINANCE,ETHUSDT,1661.55,274.15575,1,1782255644324
2026-06-23T23:02:20.360Z,BINANCE,ETHUSDT,1660.65,109.6029,1,1782255668456
2026-06-23T23:02:20.360Z,BINANCE,ETHUSDT,1660.73,13634.5933,1,1782255667533
2026-06-23T23:05:39.930Z,BINANCE,ETHUSDT,1659.96,360.21132,1,1782255916714
2026-06-23T23:05:39.930Z,BINANCE,ETHUSDT,1659.6,1354.2336,1,1782255914136
2026-06-23T23:05:39.930Z,BINANCE,ETHUSDT,1659.88,146.06944,1,1782255911318
2026-06-23T23:10:07.887Z,BINANCE,ETHUSDT,1660.74,830.37,1,1782256193343
2026-06-23T23:13:42.597Z,BINANCE,ETHUSDT,1661.74,11922.9845,1,1782256395507
2026-06-23T23:26:31.605Z,BINANCE,ETHUSDT,1664.64,45849.17952,2,1782257123139
2026-06-23T23:40:19.267Z,BINANCE,ETHUSDT,1661.74,521.78636,1,1782257983144
2026-06-23T23:41:27.479Z,BINANCE,ETHUSDT,1661.88,1000.45176,1,1782258038004
2026-06-23T23:47:08.934Z,BINANCE,ETHUSDT,1668.56,50008.41176,2,1782258398748
2026-06-23T23:47:08.934Z,BINANCE,ETHUSDT,1666.64,4443.26224,2,1782258383542
2026-06-23T23:47:08.934Z,BINANCE,ETHUSDT,1666.33,1116.4411,2,1782258376069
2026-06-24T00:01:29.011Z,BINANCE,ETHUSDT,1669.34,7493.66726,2,1782259255619
2026-06-24T00:03:44.890Z,BINANCE,ETHUSDT,1667.4,1687.4088,2,1782259392701
2026-06-24T00:05:55.811Z,BINANCE,ETHUSDT,1667.39,388.50187,2,1782259536073
2026-06-24T00:08:06.799Z,BINANCE,ETHUSDT,1670.7,711.7182,2,1782259683537
2026-06-24T00:08:06.799Z,BINANCE,ETHUSDT,1670.42,14878.43094,2,1782259638685
2026-06-24T00:09:20.025Z,BINANCE,ETHUSDT,1671.6,8077.1712,2,1782259749295
2026-06-24T00:09:20.025Z,BINANCE,ETHUSDT,1670.8,106.9312,2,1782259687157
2026-06-24T00:29:20.655Z,BINANCE,ETHUSDT,1667.08,305.07564,1,1782260908314
2026-06-24T00:39:27.649Z,BINANCE,ETHUSDT,1671.67,5640.21458,2,1782261556473
2026-06-24T00:39:27.649Z,BINANCE,ETHUSDT,1671.43,531.51474,2,1782261541570
2026-06-24T00:39:27.649Z,BINANCE,ETHUSDT,1671.13,1681.15678,1,1782261506223
2026-06-24T00:40:31.351Z,BINANCE,ETHUSDC,1672.08,17006.72568,2,1782261593635
2026-06-24T00:40:31.351Z,BINANCE,ETHUSDC,1671.79,1034.83801,2,1782261591442
2026-06-24T00:40:31.351Z,BINANCE,ETHUSDT,1673.3,3403.4922,2,1782261591164
2026-06-24T00:40:31.351Z,BINANCE,ETHUSDT,1673.44,27074.58576,2,1782261590602
2026-06-24T00:40:31.351Z,BINANCE,ETHUSDT_260626,1675.61,249.66589,2,1782261590516
2026-06-24T00:40:31.351Z,BINANCE,ETHUSDT,1672.54,10055.31048,2,1782261588517
2026-06-24T00:40:31.351Z,BINANCE,ETHUSDT,1672.22,10479.80274,2,1782261576383
2026-06-24T00:40:31.351Z,BINANCE,ETHUSDT,1672,503.272,2,1782261575292
2026-06-24T00:46:06.206Z,BINANCE,ETHUSDT,1668.1,270.2322,1,1782261938290
2026-06-24T00:58:29.562Z,BINANCE,ETHUSDT,1670.2,10077.9868,1,1782262687549
2026-06-24T01:06:30.428Z,BINANCE,ETHUSDT,1665.93,5484.24156,1,1782263157324
2026-06-24T01:06:30.428Z,BINANCE,ETHUSDT,1665.87,1072.82028,1,1782263148275
2026-06-24T01:06:30.428Z,BINANCE,ETHUSDT,1666.22,658.1569,1,1782263131076
2026-06-24T01:12:16.057Z,BINANCE,ETHUSDT,1668.32,5038.3264,1,1782263490183
2026-06-24T01:12:16.057Z,BINANCE,ETHUSDT,1668.3,367.026,2,1782263484902
2026-06-24T01:12:16.057Z,BINANCE,ETHUSDT,1668.29,6673.16,1,1782263483585
2026-06-24T01:12:16.057Z,BINANCE,ETHUSDT,1668.18,1047.61704,1,1782263481394
2026-06-24T01:14:32.215Z,BINANCE,ETHUSDT,1671.81,130.40118,2,1782263665280
2026-06-24T01:14:32.215Z,BINANCE,ETHUSDT,1670.55,4824.5484,2,1782263616637
2026-06-24T01:14:32.215Z,BINANCE,ETHUSDC,1645.57,342.27856,2,1782263602840
2026-06-24T01:18:54.132Z,BINANCE,ETHUSDT,1665.31,942.56546,1,1782263931582
2026-06-24T01:18:54.132Z,BINANCE,ETHUSDT,1665.28,664.44672,1,1782263921276
2026-06-24T01:18:54.132Z,BINANCE,ETHUSDT,1665.96,2393.98452,1,1782263896702
2026-06-24T01:18:54.132Z,BINANCE,ETHUSDT,1665.64,4059.16468,1,1782263895502
2026-06-24T01:20:07.725Z,BINANCE,ETHUSDT,1665.51,10527.68871,1,1782263979176
2026-06-24T01:24:29.784Z,BINANCE,ETHUSDT,1670.36,125.277,2,1782264244533
2026-06-24T01:25:42.975Z,BINANCE,ETHUSDT,1671.42,860.7813,2,1782264272109
2026-06-24T01:25:42.975Z,BINANCE,ETHUSDT,1671,188.823,2,1782264270341
2026-06-24T01:31:30.039Z,BINANCE,ETHUSDT,1673.62,135.56322,2,1782264674911
2026-06-24T01:31:30.039Z,BINANCE,ETHUSDT,1673.85,15128.2563,2,1782264672090
2026-06-24T01:32:44.169Z,BINANCE,ETHUSDC,1677.42,50877.82602,2,1782264720473
2026-06-24T01:32:44.169Z,BINANCE,ETHUSDT,1679.05,301878.07855,2,1782264720322
2026-06-24T01:32:44.169Z,BINANCE,ETHUSDT,1679.65,9582.40325,2,1782264719309
2026-06-24T01:32:44.169Z,BINANCE,ETHUSDT,1678.92,26110.56384,2,1782264718666
2026-06-24T01:32:44.169Z,BINANCE,ETHUSDT,1677.01,10484.66652,2,1782264709409
2026-06-24T01:32:44.169Z,BINANCE,ETHUSDC,1675.63,174.26552,2,1782264708499
2026-06-24T01:32:44.169Z,BINANCE,ETHUSDT,1677.26,201708.96486,2,1782264708229
2026-06-24T01:32:44.169Z,BINANCE,ETHUSDT,1676.57,75445.65,2,1782264706520
2026-06-24T01:32:44.169Z,BINANCE,ETHUSDC,1675,2010,2,1782264706075
2026-06-24T01:32:44.169Z,BINANCE,ETHUSDT,1674.1,50223,2,1782264689667
2026-06-24T01:32:44.169Z,BINANCE,ETHUSDT,1674.1,145.6467,2,1782264688302
2026-06-24T02:01:17.859Z,BINANCE,ETHUSDT,1670.34,157.01196,1,1782266456382
2026-06-24T02:01:17.859Z,BINANCE,ETHUSDT,1670.21,646.37127,1,1782266455164
2026-06-24T02:01:17.859Z,BINANCE,ETHUSDT,1671.09,257.34786,1,1782266440419
2026-06-24T02:02:31.024Z,BINANCE,ETHUSDT,1669.81,166.981,1,1782266491529
2026-06-24T02:05:55.375Z,BINANCE,ETHUSDT,1667.99,301.90619,1,1782266725455
2026-06-24T02:05:55.375Z,BINANCE,ETHUSDT,1668.57,573.98808,1,1782266711494
2026-06-24T02:18:08.605Z,BINANCE,ETHUSD_PERP,1665.89,320,1,1782267483064
2026-06-24T02:19:16.742Z,BINANCE,ETHUSDT,1667.55,1492.45725,1,1782267490524
2026-06-24T02:20:19.875Z,BINANCE,ETHUSDT,1666.62,496.65276,1,1782267603633
2026-06-24T02:21:33.204Z,BINANCE,ETHUSDT,1666.09,32157.20309,1,1782267683478
2026-06-24T02:21:33.204Z,BINANCE,ETHUSDT,1666.54,25698.0468,1,1782267680562
2026-06-24T02:22:31.027Z,BINANCE,ETHUSDT,1665.33,86658.77721,1,1782267706316
2026-06-24T02:22:31.027Z,BINANCE,ETHUSDC,1664.24,8321.2,1,1782267691603
2026-06-24T02:22:31.027Z,BINANCE,ETHUSDT,1665.87,2806.99095,1,1782267690267
2026-06-24T02:22:31.027Z,BINANCE,ETHUSDT,1665.62,199.8744,1,1782267687382
2026-06-24T02:22:31.027Z,BINANCE,ETHUSDT,1666,233.24,1,1782267686308
2026-06-24T02:23:39.001Z,BINANCE,ETHUSDT,1664.54,8848.69464,1,1782267796524
2026-06-24T02:23:39.001Z,BINANCE,ETHUSDT,1665.24,1149.0156,1,1782267766570
2026-06-24T02:24:41.705Z,BINANCE,ETHUSDT,1664.41,554.24853,1,1782267848626
2026-06-24T02:24:41.705Z,BINANCE,ETHUSD_PERP,1662.39,8330,1,1782267846063
2026-06-24T02:24:41.705Z,BINANCE,ETHUSDT,1664.42,54925.86,1,1782267845606
2026-06-24T02:39:30.919Z,BINANCE,ETHUSDT,1663.47,360.97299,1,1782268759547
2026-06-24T02:39:30.919Z,BINANCE,ETHUSDT,1662.99,3264.44937,1,1782268758581
2026-06-24T02:49:39.313Z,BINANCE,ETHUSDT,1664.84,75105.92692,1,1782269375227
2026-06-24T02:53:03.392Z,BINANCE,ETHUSDT,1665.21,842.59626,1,1782269546082
2026-06-24T02:55:19.273Z,BINANCE,ETHUSDT,1662.86,332.572,1,1782269713324
2026-06-24T02:55:19.273Z,BINANCE,ETHUSDT,1662.83,179.58564,1,1782269712315
2026-06-24T02:55:19.273Z,BINANCE,ETHUSDT,1663.03,593.70171,1,1782269699240
2026-06-24T02:55:19.273Z,BINANCE,ETHUSDT,1663.09,296.03002,1,1782269693139
2026-06-24T02:55:19.273Z,BINANCE,ETHUSDT,1664.02,4318.1319,1,1782269683210
2026-06-24T02:55:19.273Z,BINANCE,ETHUSDT,1664.6,3272.6036,1,1782269679447
2026-06-24T03:00:08.120Z,BINANCE,ETHUSDT,1662.82,929.51638,1,1782269973545
2026-06-24T03:01:16.394Z,BINANCE,ETHUSDT,1663.99,1048.3137,2,1782270016480
2026-06-24T03:03:27.306Z,BINANCE,ETHUSDT,1662.66,272.67624,1,1782270176546
2026-06-24T03:03:27.306Z,BINANCE,ETHUSDT,1662.44,872.781,1,1782270174065
2026-06-24T03:05:43.219Z,BINANCE,ETHUSDT,1663.17,2035.72008,2,1782270297636
2026-06-24T03:05:43.219Z,BINANCE,ETHUSDT,1662.2,987.3468,1,1782270287173
2026-06-24T03:05:43.219Z,BINANCE,ETHUSDT,1662.08,40715.97376,1,1782270285115
2026-06-24T03:05:43.219Z,BINANCE,ETHUSDT,1662.17,139.62228,1,1782270282710
2026-06-24T03:05:43.219Z,BINANCE,ETHUSDT,1662.63,166.263,1,1782270269259
2026-06-24T03:06:51.263Z,BINANCE,ETHUSDT,1661.92,166.192,1,1782270402423
2026-06-24T03:06:51.263Z,BINANCE,ETHUSDT,1661.52,240.9204,1,1782270376520
2026-06-24T03:06:51.263Z,BINANCE,ETHUSDC,1659.9,434.8938,1,1782270374634
2026-06-24T03:06:51.263Z,BINANCE,ETHUSDT,1661.58,413.73342,1,1782270374181
2026-06-24T03:06:51.263Z,BINANCE,ETHUSDT,1661.58,4532.79024,1,1782270374113
2026-06-24T03:06:51.263Z,BINANCE,ETHUSD_PERP,1659.37,2260,1,1782270374070
2026-06-24T03:14:43.857Z,BINANCE,ETHUSDT,1663.06,284.38326,1,1782270858322
2026-06-24T03:15:46.814Z,BINANCE,ETHUSDT,1661.96,244.30812,1,1782270911144
2026-06-24T03:16:54.826Z,BINANCE,ETHUSDT,1660.1,103837.5949,1,1782271006458
2026-06-24T03:16:54.826Z,BINANCE,ETHUSDT,1659.99,725.41563,1,1782271005631
2026-06-24T03:16:54.826Z,BINANCE,ETHUSDT,1660.34,2490.51,1,1782271003244
2026-06-24T03:16:54.826Z,BINANCE,ETHUSDT,1660.5,65172.9645,1,1782271001888
2026-06-24T03:18:08.035Z,BINANCE,ETHUSDT,1658.11,34951.30069,1,1782271084564
2026-06-24T03:18:08.035Z,BINANCE,ETHUSDT,1658.95,46301.2945,1,1782271076608
2026-06-24T03:18:08.035Z,BINANCE,ETHUSDT,1658.64,21354.99,1,1782271071238
2026-06-24T03:18:08.035Z,BINANCE,ETHUSDT,1659.11,15997.13862,1,1782271068079
2026-06-24T03:18:08.035Z,BINANCE,ETHUSDT,1659.23,2485.52654,1,1782271064617
2026-06-24T03:18:08.035Z,BINANCE,ETHUSDC,1657.73,5052.76104,1,1782271059413
2026-06-24T03:18:08.035Z,BINANCE,ETHUSDT,1659.39,49781.7,1,1782271058128
2026-06-24T03:18:08.035Z,BINANCE,ETHUSDC,1658.13,369.76299,1,1782271033321
2026-06-24T03:19:22.149Z,BINANCE,ETHUSDC,1656.6,8316.132,1,1782271089313
2026-06-24T03:19:22.149Z,BINANCE,ETHUSDC,1656.74,828.37,1,1782271086505
2026-06-24T03:19:22.149Z,BINANCE,ETHUSDT,1658.08,5831.46736,1,1782271085474
2026-06-24T03:20:30.333Z,BINANCE,ETHUSDT,1657.31,245237.13263,1,1782271192142
2026-06-24T03:20:30.333Z,BINANCE,ETHUSDT,1657.36,662.944,1,1782271176596
2026-06-24T03:20:30.333Z,BINANCE,ETHUSDT,1657.1,95899.6912,1,1782271175149
2026-06-24T03:20:30.333Z,BINANCE,ETHUSDC,1656.04,5638.8162,1,1782271172507
2026-06-24T03:20:30.333Z,BINANCE,ETHUSDT,1657.63,3660.04704,1,1782271172423
2026-06-24T03:20:30.333Z,BINANCE,ETHUSDT,1657.62,36124.51266,1,1782271171065
2026-06-24T03:32:54.310Z,BINANCE,ETHUSDT,1666,1302.812,2,1782271926446
2026-06-24T03:37:31.321Z,BINANCE,ETHUSDT,1667.3,1333.84,2,1782272244079
2026-06-24T03:49:54.321Z,BINANCE,ETHUSDT,1668.68,2986.9372,2,1782272952102
2026-06-24T03:52:05.536Z,BINANCE,ETHUSDT,1668.97,76609.06094,2,1782273117610
2026-06-24T04:01:20.284Z,BINANCE,ETHUSDT,1664.31,27244.7547,1,1782273627472
2026-06-24T04:03:31.347Z,BINANCE,ETHUSDT,1666,10947.286,2,1782273792146
2026-06-24T04:05:43.593Z,BINANCE,ETHUSDT,1664.07,336.14214,1,1782273894451
2026-06-24T04:09:17.836Z,BINANCE,ETHUSDT,1663.43,691.98688,1,1782274152288
2026-06-24T04:19:31.125Z,BINANCE,ETHUSDT,1662.46,16272.15848,1,1782274702684
2026-06-24T04:21:41.906Z,BINANCE,ETHUSDT,1661.27,3791.01814,1,1782274897238
2026-06-24T04:22:56.039Z,BINANCE,ETHUSDT,1660.38,3320.76,1,1782274931536
2026-06-24T04:22:56.039Z,BINANCE,ETHUSDT,1660.58,9963.48,1,1782274923477
2026-06-24T04:22:56.039Z,BINANCE,ETHUSDT,1660.86,274.0419,2,1782274916608
2026-06-24T04:24:09.196Z,BINANCE,ETHUSDT,1659.52,2955.60512,1,1782275036542
2026-06-24T04:25:17.347Z,BINANCE,ETHUSDC,1655.63,248.3445,1,1782275113520
2026-06-24T04:25:17.347Z,BINANCE,ETHUSDT,1657.19,830.25219,1,1782275112425
2026-06-24T04:25:17.347Z,BINANCE,ETHUSDT,1657.2,1082.1516,1,1782275111226
2026-06-24T04:25:17.347Z,BINANCE,ETHUSDT,1657.43,2757.96352,1,1782275106495
2026-06-24T04:25:17.347Z,BINANCE,ETHUSDT,1657.44,35538.82848,1,1782275100080
2026-06-24T04:25:17.347Z,BINANCE,ETHUSDT,1658.3,5838.8743,1,1782275095533
2026-06-24T04:25:17.347Z,BINANCE,ETHUSDT,1658.01,1813.86294,1,1782275094132
2026-06-24T04:25:17.347Z,BINANCE,ETHUSDT,1658.37,301.82334,1,1782275091489
2026-06-24T04:25:17.347Z,BINANCE,ETHUSDT,1658.74,1326.992,1,1782275087131
2026-06-24T04:25:17.347Z,BINANCE,ETHUSDT,1659.2,832.9184,1,1782275076370
2026-06-24T04:33:05.927Z,BINANCE,ETHUSDT,1663.77,83903.9211,2,1782275574605
2026-06-24T04:37:43.315Z,BINANCE,ETHUSDT,1665,857.475,2,1782275813166
2026-06-24T04:46:52.916Z,BINANCE,ETHUSDT,1665.85,1484.27235,2,1782276400071
2026-06-24T04:47:55.700Z,BINANCE,ETHUSDT,1668.79,557.37586,2,1782276472087
2026-06-24T04:47:55.700Z,BINANCE,ETHUSDT,1668.79,559.04465,2,1782276470432
2026-06-24T04:47:55.700Z,BINANCE,ETHUSDT,1668.62,261559.52224,2,1782276469155
2026-06-24T04:47:55.700Z,BINANCE,ETHUSDT,1667.5,3396.6975,2,1782276458093
2026-06-24T04:47:55.700Z,BINANCE,ETHUSDT,1667.27,2240.81088,2,1782276447472
2026-06-24T04:47:55.700Z,BINANCE,ETHUSDT,1666.85,596.7323,2,1782276431221
2026-06-24T04:49:08.782Z,BINANCE,ETHUSDT,1669.32,4462.09236,2,1782276477072
2026-06-24T04:50:17.439Z,BINANCE,ETHUSDT,1669.44,1048.40832,2,1782276599904
2026-06-24T04:50:17.439Z,BINANCE,ETHUSDT,1669.73,1926.86842,2,1782276571267
2026-06-24T04:51:30.605Z,BINANCE,ETHUSDT,1670.17,2107.75454,2,1782276622213
2026-06-24T05:09:39.252Z,BINANCE,ETHUSDT,1669.08,2668.85892,2,1782277769425
2026-06-24T05:11:55.518Z,BINANCE,ETHUSDT,1670.86,11221.49576,2,1782277901618
2026-06-24T05:11:55.518Z,BINANCE,ETHUSDT,1670.73,183.7803,2,1782277880074
2026-06-24T05:11:55.518Z,BINANCE,ETHUSDT,1670.73,160.39008,2,1782277878214
2026-06-24T05:17:21.105Z,BINANCE,ETHUSDT,1671.27,218.93637,2,1782278199513
2026-06-24T05:17:21.105Z,BINANCE,ETHUSDT,1671.43,120.34296,2,1782278198051
2026-06-24T05:19:42.358Z,BINANCE,ETHUSDT,1672.12,8435.8454,2,1782278342620
2026-06-24T05:19:42.358Z,BINANCE,ETHUSDC,1670.38,389.19854,2,1782278341991
2026-06-24T05:19:42.358Z,BINANCE,ETHUSDT,1672.12,3834.17116,2,1782278341763
2026-06-24T05:19:42.358Z,BINANCE,ETHUSDT,1671.7,1882.3342,2,1782278338293
2026-06-24T05:32:16.695Z,BINANCE,ETHUSDT,1673.41,2804.63516,2,1782279133306
2026-06-24T05:33:19.638Z,BINANCE,ETHUSDT,1673.88,8901.69384,2,1782279170102
2026-06-24T05:33:19.638Z,BINANCE,ETHUSDT,1673.53,465.24134,2,1782279136929
2026-06-24T05:34:29.063Z,BINANCE,ETHUSDT,1673.52,2450.03328,2,1782279217509
2026-06-24T05:36:34.732Z,BINANCE,ETHUSDT,1674.72,835.68528,2,1782279372422
2026-06-24T05:36:34.732Z,BINANCE,ETHUSDT,1674.64,1842.104,2,1782279363630
2026-06-24T05:37:42.769Z,BINANCE,ETHUSDT,1678.55,7976.4696,2,1782279453305
2026-06-24T05:37:42.769Z,BINANCE,ETHUSDT,1677.8,167.78,2,1782279449617
2026-06-24T05:37:42.769Z,BINANCE,ETHUSDT,1678.25,5034.75,2,1782279427055
2026-06-24T05:37:42.769Z,BINANCE,ETHUSDT_260626,1680.69,132.77451,2,1782279425479
2026-06-24T05:37:42.769Z,BINANCE,ETHUSDT,1678.98,10747.15098,2,1782279425287
2026-06-24T05:37:42.769Z,BINANCE,ETHUSDT,1677.61,6792.64289,2,1782279420256
2026-06-24T05:37:42.769Z,BINANCE,ETHUSDT,1677.47,29479.85778,2,1782279414629
2026-06-24T05:37:42.769Z,BINANCE,ETHUSDT,1677.41,176238.75906,2,1782279412553
2026-06-24T05:37:42.769Z,BINANCE,ETHUSDT,1676.13,1314.08592,2,1782279408121
2026-06-24T05:37:42.769Z,BINANCE,ETHUSDT,1676.1,44771.9832,2,1782279407092
2026-06-24T05:37:42.769Z,BINANCE,ETHUSDT,1675.37,21727.87353,2,1782279405179
2026-06-24T05:37:42.769Z,BINANCE,ETHUSDT,1674.81,3954.22641,2,1782279401620
2026-06-24T05:45:31.161Z,BINANCE,ETHUSDT,1674.99,8557.52391,2,1782279862149
2026-06-24T05:49:53.232Z,BINANCE,ETHUSDT,1675.33,165.85767,1,1782280151596
2026-06-24T05:51:06.599Z,BINANCE,ETHUSDT,1673.49,165.67551,1,1782280248264
2026-06-24T05:52:19.693Z,BINANCE,ETHUSDT,1672.86,24975.7998,1,1782280289643
2026-06-24T05:53:32.796Z,BINANCE,ETHUSDT,1672.39,172.25617,1,1782280388311
2026-06-24T05:54:40.848Z,BINANCE,ETHUSDT,1672.58,275.9757,2,1782280470170
2026-06-24T05:54:40.848Z,BINANCE,ETHUSDT,1672.71,388.06872,2,1782280448130
2026-06-24T05:54:40.848Z,BINANCE,ETHUSDT,1672.63,812.89818,2,1782280446123
2026-06-24T05:54:40.848Z,BINANCE,ETHUSDC,1670.9,8354.5,1,1782280413408
2026-06-24T05:55:43.622Z,BINANCE,ETHUSDT,1672.2,4974.795,2,1782280515807
2026-06-24T05:55:43.622Z,BINANCE,ETHUSDT,1672.4,2090.5,2,1782280513173
2026-06-24T05:55:43.622Z,BINANCE,ETHUSDT,1672.4,605.4088,2,1782280507085
2026-06-24T05:56:53.267Z,BINANCE,ETHUSDT,1672.71,3420.69195,2,1782280569804
2026-06-24T05:56:53.267Z,BINANCE,ETHUSDT,1672.71,697.52007,2,1782280568225
2026-06-24T06:01:31.051Z,BINANCE,ETHUSDT,1671.52,269.11472,1,1782280856565
2026-06-24T06:04:55.477Z,BINANCE,ETHUSDT,1670.61,1202.8392,1,1782281049398
2026-06-24T06:08:19.989Z,BINANCE,ETHUSDT,1673.18,13475.79172,2,1782281288090
2026-06-24T06:27:26.854Z,BINANCE,ETHUSDT,1676.07,129.05739,2,1782282377259
2026-06-24T06:33:07.769Z,BINANCE,ETHUSDT,1674.5,845.6225,1,1782282738511
2026-06-24T06:48:55.122Z,BINANCE,ETHUSDT,1672.9,792.9546,1,1782283705720
2026-06-24T07:13:42.730Z,BINANCE,ETHUSDT,1675.31,4769.60757,2,1782285189455
2026-06-24T07:14:50.710Z,BINANCE,ETHUSDT,1677.79,723.12749,2,1782285252694
2026-06-24T07:14:50.710Z,BINANCE,ETHUSDT,1677.85,810.40155,2,1782285251684
2026-06-24T07:14:50.710Z,BINANCE,ETHUSDT,1677.44,1912.2816,2,1782285248222
2026-06-24T07:14:50.710Z,BINANCE,ETHUSDT,1676.8,340.3904,2,1782285237241
2026-06-24T07:14:50.710Z,BINANCE,ETHUSDT,1676.59,751.11232,2,1782285231087
2026-06-24T07:25:17.091Z,BINANCE,ETHUSDT,1673.09,32098.23165,1,1782285862604
2026-06-24T07:38:17.723Z,BINANCE,ETHUSDT,1670.66,751.797,1,1782286654697
2026-06-24T07:38:17.723Z,BINANCE,ETHUSDT,1670.75,4059.9225,1,1782286650069
2026-06-24T07:38:17.723Z,BINANCE,ETHUSDT,1671.03,137.02446,1,1782286642629
2026-06-24T07:49:27.482Z,BINANCE,ETHUSDT,1671.71,12368.98229,1,1782287358083
2026-06-24T07:51:33.207Z,BINANCE,ETHUSDT,1670.4,4753.9584,1,1782287483083
2026-06-24T08:11:15.472Z,BINANCE,ETHUSDT,1669.46,1295.50096,1,1782288616220
2026-06-24T08:13:39.799Z,BINANCE,ETHUSDT,1668.52,8562.84464,1,1782288760537
2026-06-24T08:13:39.799Z,BINANCE,ETHUSDT,1668.56,263.63248,1,1782288758429
2026-06-24T08:13:39.799Z,BINANCE,ETHUSDT,1668.62,3163.70352,1,1782288755550
2026-06-24T08:13:39.799Z,BINANCE,ETHUSDT,1668.62,605.70906,1,1782288754250
2026-06-24T08:33:53.995Z,BINANCE,ETHUSDT,1674.49,10411.97882,2,1782290014561
2026-06-24T08:33:53.995Z,BINANCE,ETHUSDT,1673.23,642.52032,2,1782289981445
2026-06-24T08:33:53.995Z,BINANCE,ETHUSDT,1672.73,1266.25661,2,1782289976289
2026-06-24T08:47:26.567Z,BINANCE,ETHUSDT,1673.15,3312.837,2,1782290789285
2026-06-24T08:47:26.567Z,BINANCE,ETHUSDT,1672.9,501.87,1,1782290784176
2026-06-24T09:03:20.345Z,BINANCE,ETHUSDT,1667.7,101.7297,1,1782291757689
2026-06-24T09:03:20.345Z,BINANCE,ETHUSDT,1667.7,183.447,1,1782291756402
2026-06-24T09:03:20.345Z,BINANCE,ETHUSDT,1667.7,1624.3398,1,1782291756144
2026-06-24T09:03:20.345Z,BINANCE,ETHUSDT,1668.2,600.552,1,1782291751160
2026-06-24T09:03:20.345Z,BINANCE,ETHUSDT,1668.61,957.78214,1,1782291748649
2026-06-24T09:28:17.964Z,BINANCE,ETHUSDT,1667.07,1977.14502,1,1782293246242
2026-06-24T09:28:17.964Z,BINANCE,ETHUSDT,1667.12,116281.62,1,1782293244077
2026-06-24T09:30:29.320Z,BINANCE,ETHUSDT,1666.75,1333.4,1,1782293386390
2026-06-24T09:30:29.320Z,BINANCE,ETHUSDC,1664.86,17021.52864,1,1782293386314
2026-06-24T09:30:29.320Z,BINANCE,ETHUSDC,1664.96,622.69504,1,1782293384570
2026-06-24T09:31:42.389Z,BINANCE,ETHUSDT,1666.3,318.2633,1,1782293466124
2026-06-24T09:31:42.389Z,BINANCE,ETHUSDT,1666.35,1194.77295,1,1782293440254
2026-06-24T09:32:55.520Z,BINANCE,ETHUSDT,1665.09,745.96032,1,1782293531566
2026-06-24T09:32:55.520Z,BINANCE,ETHUSDT,1665.54,126.58104,1,1782293520350
2026-06-24T09:32:55.520Z,BINANCE,ETHUSDT,1665.74,10021.09184,1,1782293514364
2026-06-24T09:32:55.520Z,BINANCE,ETHUSDT,1666.13,213.26464,1,1782293512611
2026-06-24T09:40:52.439Z,BINANCE,ETHUSDT,1664.69,4046.86139,1,1782294045487
2026-06-24T09:40:52.439Z,BINANCE,ETHUSDC,1662.91,3691.6602,1,1782294044416
2026-06-24T10:02:20.029Z,BINANCE,ETHUSDT,1664.33,627.45241,1,1782295327575
2026-06-24T10:11:19.560Z,BINANCE,ETHUSDT,1664.95,176.4847,1,1782295861134
2026-06-24T10:11:19.560Z,BINANCE,ETHUSDT,1664.85,283.0245,1,1782295856155
2026-06-24T10:12:27.518Z,BINANCE,ETHUSDT,1663.47,26352.69174,1,1782295935324
2026-06-24T10:12:27.518Z,BINANCE,ETHUSDT,1663.47,4180.30011,1,1782295932544
2026-06-24T10:12:27.518Z,BINANCE,ETHUSDT,1664.14,17002.51838,1,1782295930381
2026-06-24T10:18:32.760Z,BINANCE,ETHUSDT,1664.33,2176.94364,1,1782296247399
2026-06-24T10:19:52.767Z,BINANCE,ETHUSDT,1663.01,2878.67031,1,1782296377088
2026-06-24T10:19:52.767Z,BINANCE,ETHUSDC,1661.79,250.93029,1,1782296364507
2026-06-24T10:19:52.767Z,BINANCE,ETHUSDT,1664.49,1474.73814,1,1782296350415
2026-06-24T10:20:50.811Z,BINANCE,ETHUSDT,1662.38,6958.72268,1,1782296413368
2026-06-24T10:20:50.811Z,BINANCE,ETHUSDT,1662.38,23908.34916,1,1782296412166
2026-06-24T10:20:50.811Z,BINANCE,ETHUSDT,1662.66,297.61614,1,1782296393220
2026-06-24T10:20:50.811Z,BINANCE,ETHUSDT,1662.66,610.19622,1,1782296392168
2026-06-24T10:20:50.811Z,BINANCE,ETHUSDC,1661.12,277.40704,1,1782296380516
2026-06-24T10:20:50.811Z,BINANCE,ETHUSDT,1663.04,2970.18944,1,1782296379625
2026-06-24T10:22:56.702Z,BINANCE,ETHUSDT,1666.84,100.0104,2,1782296562116
2026-06-24T10:28:26.964Z,BINANCE,ETHUSDT,1665.74,4997.22,1,1782296871126
2026-06-24T10:33:03.978Z,BINANCE,ETHUSDT,1665.29,2018.33148,1,1782297130102
2026-06-24T10:47:17.725Z,BINANCE,ETHUSDT,1665.01,219.78132,1,1782297995525
2026-06-24T10:52:05.329Z,BINANCE,ETHUSDT,1663.52,8107.99648,1,1782298283322
2026-06-24T11:03:26.804Z,BINANCE,ETHUSDT,1662.18,2122.60386,1,1782298984587
2026-06-24T11:05:54.366Z,BINANCE,ETHUSDT,1661.44,7557.89056,1,1782299139676
2026-06-24T11:05:54.366Z,BINANCE,ETHUSDT,1661.44,25273.82528,1,1782299138135
2026-06-24T11:05:54.366Z,BINANCE,ETHUSDT,1662.04,6244.28428,1,1782299080452
2026-06-24T11:06:52.254Z,BINANCE,ETHUSDT,1661.32,8306.6,1,1782299209500
2026-06-24T11:06:52.254Z,BINANCE,ETHUSDT,1660.48,21586.24,1,1782299162593
2026-06-24T11:06:52.254Z,BINANCE,ETHUSDT,1660.45,111.25015,1,1782299162064
2026-06-24T11:06:52.254Z,BINANCE,ETHUSDT,1660.33,8002.7906,1,1782299160568
2026-06-24T11:06:52.254Z,BINANCE,ETHUSDT,1660.76,19502.30468,1,1782299158293
2026-06-24T11:06:52.254Z,BINANCE,ETHUSDT,1661.05,4308.7637,1,1782299153593
2026-06-24T11:07:55.096Z,BINANCE,ETHUSDT,1660.18,1270.0377,1,1782299269287
2026-06-24T11:07:55.096Z,BINANCE,ETHUSDT,1660.04,793.49912,1,1782299264049
2026-06-24T11:07:55.096Z,BINANCE,ETHUSDT,1660.04,582.67404,1,1782299262260
2026-06-24T11:07:55.096Z,BINANCE,ETHUSDT,1660.25,1112.3675,1,1782299257100
2026-06-24T11:09:03.517Z,BINANCE,ETHUSDT,1659.5,265.52,1,1782299339058
2026-06-24T11:09:03.517Z,BINANCE,ETHUSD_PERP,1657.17,1310,1,1782299333242
2026-06-24T11:09:03.517Z,BINANCE,ETHUSDT,1659.51,151.01541,1,1782299319546
2026-06-24T11:09:03.517Z,BINANCE,ETHUSDT,1659.5,3128.1575,1,1782299317462
2026-06-24T11:09:03.517Z,BINANCE,ETHUSDT,1659.5,179320.5915,1,1782299313523
2026-06-24T11:09:03.517Z,BINANCE,ETHUSDT,1659.5,4890.5465,1,1782299312641
2026-06-24T11:10:15.467Z,BINANCE,ETHUSDT,1658.58,8292.9,1,1782299401556
2026-06-24T11:10:15.467Z,BINANCE,ETHUSDT,1658.58,255.42132,1,1782299399398
2026-06-24T11:10:15.467Z,BINANCE,ETHUSDT,1659.01,9234.04966,1,1782299397293
2026-06-24T11:10:15.467Z,BINANCE,ETHUSDT,1659.01,119.44872,1,1782299395142
2026-06-24T11:10:15.467Z,BINANCE,ETHUSDT,1659.26,2706.25306,1,1782299343323
2026-06-24T11:11:18.613Z,BINANCE,ETHUSDT,1658.58,587.13732,1,1782299458155
2026-06-24T11:13:44.612Z,BINANCE,ETHUSDT,1658.39,1104.48774,1,1782299616352
2026-06-24T11:13:44.612Z,BINANCE,ETHUSDT,1658.64,232.2096,1,1782299611223
2026-06-24T11:14:54.693Z,BINANCE,ETHUSDT,1658.17,275.25622,1,1782299640380
2026-06-24T11:14:54.693Z,BINANCE,ETHUSDT,1658.14,1203.80964,1,1782299635095
2026-06-24T11:14:54.693Z,BINANCE,ETHUSDT,1658.14,747.82114,1,1782299633134
2026-06-24T11:14:54.693Z,BINANCE,ETHUSDT,1658.34,8611.75962,1,1782299623405
2026-06-24T11:16:02.750Z,BINANCE,ETHUSDT,1657.17,3440.28492,1,1782299758432
2026-06-24T11:16:02.750Z,BINANCE,ETHUSDT,1657.09,720.83415,1,1782299753461
2026-06-24T11:16:02.750Z,BINANCE,ETHUSDT,1656.94,25629.54792,1,1782299751083
2026-06-24T11:16:02.750Z,BINANCE,ETHUSDT,1657.32,964.56024,1,1782299748741
2026-06-24T11:16:02.750Z,BINANCE,ETHUSDT,1657.52,6630.08,1,1782299746427
2026-06-24T11:16:02.750Z,BINANCE,ETHUSDT,1658.01,2807.01093,1,1782299698430
2026-06-24T11:17:05.698Z,BINANCE,ETHUSDT,1656.83,377.75724,1,1782299798110
2026-06-24T11:17:05.698Z,BINANCE,ETHUSDT,1656.48,2254.46928,1,1782299775558
2026-06-24T11:17:05.698Z,BINANCE,ETHUSDT,1656.47,4969.41,1,1782299773101
2026-06-24T11:17:05.698Z,BINANCE,ETHUSDT,1656.54,1381.55436,1,1782299771369
2026-06-24T11:17:05.698Z,BINANCE,ETHUSDT,1656.55,75931.28235,1,1782299769661
2026-06-24T11:17:05.698Z,BINANCE,ETHUSDT,1656.45,2496.27015,1,1782299767534
2026-06-24T11:17:05.698Z,BINANCE,ETHUSDT,1656.57,13252.56,1,1782299762146
2026-06-24T11:18:18.870Z,BINANCE,ETHUSDT,1656.74,1562.30582,1,1782299838436
2026-06-24T11:20:30.382Z,BINANCE,ETHUSDT,1656.2,279.8978,1,1782300023466
2026-06-24T11:21:43.650Z,BINANCE,ETHUSDT,1655.42,672.10052,1,1782300059461
2026-06-24T11:21:43.650Z,BINANCE,ETHUSDT,1655.87,3036.86558,1,1782300033395
2026-06-24T11:21:43.650Z,BINANCE,ETHUSDC,1653.84,668.15136,1,1782300033067
2026-06-24T11:21:43.650Z,BINANCE,ETHUSDT,1655.79,30733.11819,1,1782300032545
2026-06-24T11:22:51.710Z,BINANCE,ETHUSDT,1656.51,7389.69111,1,1782300142405
2026-06-24T11:23:54.379Z,BINANCE,ETHUSDT,1655.73,6513.64182,1,1782300171137
2026-06-24T11:33:03.539Z,BINANCE,ETHUSDT,1660.36,1660.36,2,1782300736185
2026-06-24T11:33:03.539Z,BINANCE,ETHUSDT,1660.68,162.74664,2,1782300735094
2026-06-24T11:34:06.388Z,BINANCE,ETHUSDT,1661.27,699.39467,2,1782300841239
2026-06-24T11:37:30.684Z,BINANCE,ETHUSDT,1665.88,42003.49832,2,1782301041174
2026-06-24T11:37:30.684Z,BINANCE,ETHUSDT,1665.21,2218.05972,2,1782301039545
2026-06-24T11:37:30.684Z,BINANCE,ETHUSDT,1664.62,10425.51506,2,1782301038361
2026-06-24T11:37:30.684Z,BINANCE,ETHUSDT,1662.62,706.6135,2,1782301030275
2026-06-24T11:37:30.684Z,BINANCE,ETHUSDT,1661.93,506.88865,2,1782301014198
2026-06-24T11:42:30.219Z,BINANCE,ETHUSDT,1668.43,2013.79501,2,1782301327146
2026-06-24T11:42:30.219Z,BINANCE,ETHUSDT,1667.83,445.31061,2,1782301322540
2026-06-24T11:42:30.219Z,BINANCE,ETHUSDT,1667.74,1667.74,2,1782301310158
2026-06-24T11:42:30.219Z,BINANCE,ETHUSDT,1667.45,7545.21125,2,1782301305086
2026-06-24T11:42:30.219Z,BINANCE,ETHUSDC,1665.08,204.80484,2,1782301300440
2026-06-24T11:44:51.319Z,BINANCE,ETHUSDT,1669.04,1755.83008,2,1782301431148
2026-06-24T11:45:54.306Z,BINANCE,ETHUSDC,1667.22,710.23572,2,1782301515506
2026-06-24T11:45:54.306Z,BINANCE,ETHUSDT,1669.17,2560.50678,2,1782301514169
2026-06-24T11:45:54.306Z,BINANCE,ETHUSDT,1669.3,136.8826,2,1782301495426
2026-06-24T11:45:54.306Z,BINANCE,ETHUSDT,1669.3,11685.1,2,1782301493345
2026-06-24T11:45:54.306Z,BINANCE,ETHUSDT,1669.21,18997.27901,2,1782301492191
2026-06-24T11:49:18.321Z,BINANCE,ETHUSD_PERP,1683.36,19000,2,1782301757027
2026-06-24T11:49:18.321Z,BINANCE,ETHUSDT,1678.65,16366.8375,2,1782301751365
2026-06-24T11:49:18.321Z,BINANCE,ETHUSDC,1676.64,2816.7552,2,1782301750428
2026-06-24T11:49:18.321Z,BINANCE,ETHUSDT,1678.08,120358.60992,2,1782301749712
2026-06-24T11:49:18.321Z,BINANCE,ETHUSDT,1676.36,1636.12736,2,1782301737849
2026-06-24T11:49:18.321Z,BINANCE,ETHUSDT,1676.52,4504.80924,2,1782301736594
2026-06-24T11:49:18.321Z,BINANCE,ETHUSDT,1677.01,12946.5172,2,1782301735679
2026-06-24T11:49:18.321Z,BINANCE,ETHUSDT,1676.77,122689.2609,2,1782301734090
2026-06-24T11:49:18.321Z,BINANCE,ETHUSDC,1674.31,13118.21885,2,1782301733509
2026-06-24T11:49:18.321Z,BINANCE,ETHUSDT,1676.2,75278.142,2,1782301732848
2026-06-24T11:49:18.321Z,BINANCE,ETHUSDT,1676.52,155039.54004,2,1782301732107
2026-06-24T11:49:18.321Z,BINANCE,ETHUSD_PERP,1674.02,28120,2,1782301731070
2026-06-24T11:49:18.321Z,BINANCE,ETHUSDT,1673.84,14241.03072,2,1782301729497
2026-06-24T11:49:18.321Z,BINANCE,ETHUSDT,1673.75,6283.2575,2,1782301729434
2026-06-24T11:49:18.321Z,BINANCE,ETHUSDC,1671.77,24825.7845,2,1782301727625
2026-06-24T11:49:18.321Z,BINANCE,ETHUSDT,1673.51,1219.98879,2,1782301727446
2026-06-24T11:49:18.321Z,BINANCE,ETHUSDT,1672.09,224.06006,2,1782301724630
2026-06-24T11:49:18.321Z,BINANCE,ETHUSDT,1672,1735.536,2,1782301718604
2026-06-24T11:49:18.321Z,BINANCE,ETHUSDT,1671.72,43640.2506,2,1782301715114
2026-06-24T11:49:18.321Z,BINANCE,ETHUSDT,1671.49,33020.28495,2,1782301713280
2026-06-24T11:49:18.321Z,BINANCE,ETHUSDT,1671.26,51805.71748,2,1782301712419
2026-06-24T11:49:18.321Z,BINANCE,ETHUSDT,1670.73,11048.53749,2,1782301710529
2026-06-24T11:49:18.321Z,BINANCE,ETHUSDC,1668.22,1668.22,2,1782301708201
2026-06-24T11:49:18.321Z,BINANCE,ETHUSDT,1670.13,136.95066,2,1782301706175
2026-06-24T11:55:55.728Z,BINANCE,ETHUSDT,1677.22,1517.8841,1,1782301987347
2026-06-24T11:55:55.728Z,BINANCE,ETHUSDT,1678.17,1149.54645,1,1782301980423
2026-06-24T11:55:55.728Z,BINANCE,ETHUSDT,1678.86,1574.77068,2,1782301971251
2026-06-24T11:55:55.728Z,BINANCE,ETHUSDT,1678.59,4883.01831,1,1782301913227
2026-06-24T11:55:55.728Z,BINANCE,ETHUSDT,1678.96,313.96552,1,1782301895076
2026-06-24T11:55:55.728Z,BINANCE,ETHUSDT,1678.96,1927.44608,1,1782301894066
2026-06-24T11:55:55.728Z,BINANCE,ETHUSDT,1679.15,4097.126,1,1782301892085
2026-06-24T11:55:55.728Z,BINANCE,ETHUSDT,1686.81,163.62057,2,1782301780537
2026-06-24T11:55:55.728Z,BINANCE,ETHUSDT,1688.64,49976.98944,2,1782301778695
2026-06-24T11:55:55.728Z,BINANCE,ETHUSDC,1686.72,339.03072,2,1782301778371
2026-06-24T11:55:55.728Z,BINANCE,ETHUSDC,1687.22,9794.3121,2,1782301777332
2026-06-24T11:55:55.728Z,BINANCE,ETHUSDT,1689.18,67567.2,2,1782301776648
2026-06-24T11:55:55.728Z,BINANCE,ETHUSDT,1690.05,4880.8644,2,1782301776100
2026-06-24T11:55:55.728Z,BINANCE,ETHUSDC,1687.05,4814.8407,2,1782301774508
2026-06-24T11:55:55.728Z,BINANCE,ETHUSDT,1687.29,48268.30503,2,1782301773251
2026-06-24T11:55:55.728Z,BINANCE,ETHBTC,0.02676,43865.48352768,2,1782301772603
2026-06-24T11:55:55.728Z,BINANCE,ETHUSDC,1686.89,17924.89314,2,1782301772603
2026-06-24T11:55:55.728Z,BINANCE,ETHUSDT,1687.99,60904.36719,2,1782301772128
2026-06-24T11:55:55.728Z,BINANCE,ETHUSDT,1688.71,13749.47682,2,1782301771382
2026-06-24T11:55:55.728Z,BINANCE,ETHUSD_PERP,1686.6,370,2,1782301771028
2026-06-24T11:55:55.728Z,BINANCE,ETHUSDC,1685.34,4589.18082,2,1782301770683
2026-06-24T11:55:55.728Z,BINANCE,ETHUSDT,1686.68,185942.97656,2,1782301770470
2026-06-24T11:55:55.728Z,BINANCE,ETHUSDT,1686.57,17455.9995,2,1782301769291
2026-06-24T11:55:55.728Z,BINANCE,ETHUSDT_260925,1691.92,328.23248,2,1782301768109
2026-06-24T11:55:55.728Z,BINANCE,ETHUSDC,1682.52,25737.50844,2,1782301762542
2026-06-24T11:55:55.728Z,BINANCE,ETHUSDT,1684.45,21840.5787,2,1782301762542
2026-06-24T11:55:55.728Z,BINANCE,ETHUSDT,1684.64,9265.52,2,1782301761530
2026-06-24T11:55:55.728Z,BINANCE,ETHUSDT,1684.82,89148.88066,2,1782301761178
2026-06-24T11:55:55.728Z,BINANCE,ETHUSDT,1685.28,76137.57984,2,1782301759541
2026-06-24T11:55:55.728Z,BINANCE,ETHUSDC,1683.74,47144.72,2,1782301759272
2026-06-24T11:55:55.728Z,BINANCE,ETHUSDT,1684.83,1581576.87828,2,1782301758569
2026-06-24T11:55:55.728Z,BINANCE,ETHUSDC,1682.71,1829.10577,2,1782301758444
2026-06-24T11:55:55.728Z,BINANCE,ETHUSDT,1685.48,67419.2,2,1782301757483
2026-06-24T11:55:55.728Z,BINANCE,ETHUSDT,1684.63,22279.23175,2,1782301757219
2026-06-24T12:01:41.810Z,BINANCE,ETHUSDT,1675.22,19744.14292,1,1782302470228
2026-06-24T12:03:52.662Z,BINANCE,ETHUSDT,1679.57,796.11618,2,1782302629499
2026-06-24T12:04:55.555Z,BINANCE,ETHUSDT,1679.88,124.31112,2,1782302637620
2026-06-24T12:08:14.656Z,BINANCE,ETHUSDC,1674.44,2987.20096,1,1782302877297
2026-06-24T12:09:17.728Z,BINANCE,ETHUSDT,1677.49,171.10398,2,1782302948599
2026-06-24T12:09:17.728Z,BINANCE,ETHUSDT,1676.2,3627.2968,1,1782302898159
2026-06-24T12:25:16.500Z,BINANCE,ETHUSDT,1675.39,502.617,1,1782303911564
2026-06-24T12:26:20.386Z,BINANCE,ETHUSDT,1675.16,146864.62752,1,1782303970077
2026-06-24T12:26:20.386Z,BINANCE,ETHUSDT,1675.29,7825.27959,1,1782303967868
2026-06-24T12:26:20.386Z,BINANCE,ETHUSDT,1675.12,175.8876,1,1782303961172
2026-06-24T12:26:20.386Z,BINANCE,ETHUSDT,1675.12,467.35848,1,1782303959903
2026-06-24T12:26:20.386Z,BINANCE,ETHUSDT,1675,164.15,1,1782303915386
2026-06-24T12:29:41.558Z,BINANCE,ETHUSDT,1676.39,1049.42014,2,1782304157171
2026-06-24T12:32:28.485Z,BINANCE,ETHUSDT,1673.61,995.79795,1,1782304300431
2026-06-24T12:32:28.485Z,BINANCE,ETHUSDT,1674.39,1217.28153,1,1782304270619
2026-06-24T12:33:22.650Z,BINANCE,ETHUSDT,1673.68,1163.2076,1,1782304337281
2026-06-24T12:33:22.650Z,BINANCE,ETHUSDT,1673.62,555.64184,1,1782304335612
2026-06-24T12:36:42.488Z,BINANCE,ETHUSDT,1673.13,8365.65,1,1782304564085
2026-06-24T12:50:05.979Z,BINANCE,ETHUSDT,1673.1,2410.9371,1,1782305381212
2026-06-24T12:50:05.979Z,BINANCE,ETHUSDT,1673.1,580.5657,1,1782305380195
2026-06-24T12:51:14.851Z,BINANCE,ETHUSDT,1670.36,2473.80316,1,1782305462541
2026-06-24T12:51:14.851Z,BINANCE,ETHUSDT,1670.59,70605.81576,1,1782305444346
2026-06-24T12:51:14.851Z,BINANCE,ETHUSDT,1670.72,45903.032,1,1782305442528
2026-06-24T12:51:14.851Z,BINANCE,ETHUSDT,1671.33,442.90245,1,1782305440307
2026-06-24T12:51:14.851Z,BINANCE,ETHUSDT,1672.39,20563.70744,1,1782305438850
2026-06-24T12:52:17.673Z,BINANCE,ETHUSDT,1669.77,11083.93326,1,1782305519168
2026-06-24T12:59:15.760Z,BINANCE,ETHUSDT,1670.26,1668.58974,1,1782305922006
2026-06-24T12:59:15.760Z,BINANCE,ETHUSDT,1670.57,4756.11279,2,1782305909296
2026-06-24T12:59:15.760Z,BINANCE,ETHUSDT,1670.24,7975.396,1,1782305892790
2026-06-24T13:00:21.366Z,BINANCE,ETHUSDT,1670.77,14721.15447,1,1782305969948
2026-06-24T13:01:22.321Z,BINANCE,ETHUSDC,1667.18,380.11704,1,1782306071621
2026-06-24T13:01:22.321Z,BINANCE,ETHUSDT,1668.86,3574.69812,1,1782306070491
2026-06-24T13:01:22.321Z,BINANCE,ETHUSDT,1668.6,220.2552,1,1782306068898
2026-06-24T13:01:22.321Z,BINANCE,ETHUSDT,1669.02,1343.5611,1,1782306054558
2026-06-24T13:01:22.321Z,BINANCE,ETHUSDT,1669.65,751.3425,1,1782306050007
2026-06-24T13:01:22.321Z,BINANCE,ETHUSDT,1669.62,699.57078,1,1782306047176
2026-06-24T13:02:20.336Z,BINANCE,ETHUSDT,1666.78,116.6746,1,1782306120507
2026-06-24T13:02:20.336Z,BINANCE,ETHUSDC,1664.94,4255.58664,1,1782306120233
2026-06-24T13:02:20.336Z,BINANCE,ETHUSDT,1666.82,14668.016,1,1782306115601
2026-06-24T13:02:20.336Z,BINANCE,ETHUSDT,1667.57,2196.18969,1,1782306098583
2026-06-24T13:02:20.336Z,BINANCE,ETHUSDT,1667.57,4258.97378,1,1782306095614
2026-06-24T13:02:20.336Z,BINANCE,ETHUSDT,1667.67,368.55507,1,1782306094310
2026-06-24T13:02:20.336Z,BINANCE,ETHUSDT,1667.51,3620.16421,1,1782306090097
2026-06-24T13:02:20.336Z,BINANCE,ETHUSDT,1667.86,171.78958,1,1782306088487
2026-06-24T13:02:20.336Z,BINANCE,ETHUSDT,1668.44,1172.91332,1,1782306084284
2026-06-24T13:03:33.748Z,BINANCE,ETHUSDC,1664.5,39748.26,1,1782306199357
2026-06-24T13:04:41.278Z,BINANCE,ETHUSDT,1664.39,499.317,1,1782306260284
2026-06-24T13:04:41.278Z,BINANCE,ETHUSDT,1664.21,22583.3297,1,1782306256296
2026-06-24T13:04:41.278Z,BINANCE,ETHUSDT,1664.29,499.287,1,1782306249455
2026-06-24T13:04:41.278Z,BINANCE,ETHUSDC,1662.35,1662.35,1,1782306249238
2026-06-24T13:04:41.278Z,BINANCE,ETHUSDC,1662.42,11956.12464,1,1782306248330
2026-06-24T13:04:41.278Z,BINANCE,ETHUSDT,1664.38,3982.86134,1,1782306248209
2026-06-24T13:04:41.278Z,BINANCE,ETHUSDT,1665.06,213.12768,1,1782306240193
2026-06-24T13:04:41.278Z,BINANCE,ETHUSDT,1665.24,164.85876,1,1782306232415
2026-06-24T13:04:41.278Z,BINANCE,ETHUSDT,1665.18,20549.98638,1,1782306229274
2026-06-24T13:04:41.278Z,BINANCE,ETHUSDT,1665.78,18578.44434,1,1782306222379
2026-06-24T13:04:41.278Z,BINANCE,ETHUSDT,1665.99,906.29856,1,1782306218596
2026-06-24T13:04:41.278Z,BINANCE,ETHUSDT,1665.99,1710.97173,1,1782306218149
2026-06-24T13:05:39.332Z,BINANCE,ETHUSDT,1663.93,1336.13579,1,1782306276165
2026-06-24T13:08:29.677Z,BINANCE,ETHUSDT,1660.07,3320.14,1,1782306501210
2026-06-24T13:08:29.677Z,BINANCE,ETHUSDC,1656.64,4214.49216,1,1782306412595
2026-06-24T13:08:29.677Z,BINANCE,ETHUSDT,1658.48,66339.2,1,1782306411530
2026-06-24T13:08:29.677Z,BINANCE,ETHUSDC,1656.32,175.56992,1,1782306410417
2026-06-24T13:08:29.677Z,BINANCE,ETHUSDT,1658.13,16581.3,1,1782306409700
2026-06-24T13:08:29.677Z,BINANCE,ETHUSDC,1657.28,4971.84,1,1782306406537
2026-06-24T13:08:29.677Z,BINANCE,ETHUSDC,1657.53,2320.542,1,1782306405571
2026-06-24T13:08:29.677Z,BINANCE,ETHUSDT,1659.46,86353.32002,1,1782306405361
2026-06-24T13:08:29.677Z,BINANCE,ETHUSDT,1659.37,7188.39084,1,1782306404987
2026-06-24T13:08:29.677Z,BINANCE,ETHUSDT,1658.87,47038.91772,1,1782306403360
2026-06-24T13:08:29.677Z,BINANCE,ETHUSDT,1660.25,74231.43775,1,1782306401685
2026-06-24T13:08:29.677Z,BINANCE,ETHUSDT,1660.97,14731.14293,1,1782306400303
2026-06-24T13:08:29.677Z,BINANCE,ETHUSDT,1661,29898,1,1782306399606
2026-06-24T13:08:29.677Z,BINANCE,ETHUSDT,1661.15,25787.6926,1,1782306397553
2026-06-24T13:08:29.677Z,BINANCE,ETHUSDT,1661.34,5663.50806,1,1782306396387
2026-06-24T13:08:29.677Z,BINANCE,ETHUSDT,1662.66,1572.87636,1,1782306385267
2026-06-24T13:08:29.677Z,BINANCE,ETHUSDT,1662.68,39332.35808,1,1782306383126
2026-06-24T13:08:29.677Z,BINANCE,ETHUSDT,1663.17,166.317,1,1782306379440
2026-06-24T13:08:29.677Z,BINANCE,ETHUSDT,1663.17,3326.34,1,1782306378403
2026-06-24T13:10:42.044Z,BINANCE,ETHUSDT,1657.89,8289.45,1,1782306635395
2026-06-24T13:10:42.044Z,BINANCE,ETHUSDC,1656.09,4959.98955,1,1782306540315
2026-06-24T13:10:42.044Z,BINANCE,ETHUSDT,1657.96,28399.19684,1,1782306539660
2026-06-24T13:10:42.044Z,BINANCE,ETHUSDT,1658.53,3048.37814,1,1782306535013
2026-06-24T13:10:42.044Z,BINANCE,ETHUSDT,1658.53,8387.18621,1,1782306530616
2026-06-24T13:10:42.044Z,BINANCE,ETHUSDT,1658.91,10130.96337,1,1782306526419
2026-06-24T13:10:42.044Z,BINANCE,ETHUSDC,1657.09,109.36794,1,1782306521235
2026-06-24T13:11:55.122Z,BINANCE,ETHUSDC,1652.39,4130.975,1,1782306711502
2026-06-24T13:11:55.122Z,BINANCE,ETHUSDT,1654.13,6050.80754,1,1782306711363
2026-06-24T13:11:55.122Z,BINANCE,ETHUSDT,1653.57,30476.94867,1,1782306710348
2026-06-24T13:11:55.122Z,BINANCE,ETHUSDT,1653.32,2020.35704,1,1782306709579
2026-06-24T13:11:55.122Z,BINANCE,ETHUSDT,1654.13,1667.36304,1,1782306696352
2026-06-24T13:11:55.122Z,BINANCE,ETHUSDT,1654.14,481.35474,1,1782306685166
2026-06-24T13:11:55.122Z,BINANCE,ETHUSDC,1652.16,413.04,1,1782306682995
2026-06-24T13:11:55.122Z,BINANCE,ETHUSDT,1654.1,325.8577,1,1782306681654
2026-06-24T13:11:55.122Z,BINANCE,ETHUSDC,1652.31,16627.19553,1,1782306679495
2026-06-24T13:11:55.122Z,BINANCE,ETHUSDT,1653.5,94153.597,1,1782306679071
2026-06-24T13:11:55.122Z,BINANCE,ETHUSD_PERP,1651.36,9290,1,1782306679067
2026-06-24T13:11:55.122Z,BINANCE,ETHUSD_260626,1652.87,730,1,1782306678104
2026-06-24T13:11:55.122Z,BINANCE,ETHUSDC,1651.94,138.76296,1,1782306678097
2026-06-24T13:11:55.122Z,BINANCE,ETHUSDT,1653.5,46152.492,1,1782306677572
2026-06-24T13:11:55.122Z,BINANCE,ETHUSDT,1654.33,3331.82062,1,1782306676269
2026-06-24T13:11:55.122Z,BINANCE,ETHUSDT,1656.59,165.659,1,1782306670007
2026-06-24T13:11:55.122Z,BINANCE,ETHUSDT,1655.54,1630.7069,1,1782306659621
2026-06-24T13:11:55.122Z,BINANCE,ETHUSDT,1655.45,4782.59505,1,1782306659539
2026-06-24T13:11:55.122Z,BINANCE,ETHUSDT,1655.24,104698.89572,1,1782306657483
2026-06-24T13:11:55.122Z,BINANCE,ETHUSDT,1656.01,4443.07483,1,1782306655551
2026-06-24T13:11:55.122Z,BINANCE,ETHUSDC,1654.16,1654.16,1,1782306654364
2026-06-24T13:11:55.122Z,BINANCE,ETHUSDT,1656.13,7926.23818,1,1782306653501
2026-06-24T13:11:55.122Z,BINANCE,ETHUSDT,1656.22,14988.791,1,1782306651665
2026-06-24T13:11:55.122Z,BINANCE,ETHUSDT,1656.44,16564.4,1,1782306648583
2026-06-24T13:11:55.122Z,BINANCE,ETHUSDT,1656.56,59427.43344,1,1782306647191
2026-06-24T13:11:55.122Z,BINANCE,ETHUSDC,1655.13,3297.01896,1,1782306646247
2026-06-24T13:11:55.122Z,BINANCE,ETHUSDT,1657.12,828.56,1,1782306645334
2026-06-24T13:11:55.122Z,BINANCE,ETHUSDT,1657.27,197.21513,1,1782306643620
2026-06-24T13:13:08.531Z,BINANCE,ETHUSDT,1653.48,153.77364,2,1782306767142
2026-06-24T13:13:08.531Z,BINANCE,ETHUSDT,1652.32,1252.45856,1,1782306761304
2026-06-24T13:13:08.531Z,BINANCE,ETHUSDT,1652.47,218856.43174,1,1782306760656
2026-06-24T13:13:08.531Z,BINANCE,ETHUSDT,1652.7,13728.9789,1,1782306756689
2026-06-24T13:13:08.531Z,BINANCE,ETHUSDC,1651.07,496.97207,1,1782306756596
2026-06-24T13:13:08.531Z,BINANCE,ETHUSDT,1652.54,35086.72928,1,1782306755700
2026-06-24T13:13:08.531Z,BINANCE,ETHUSDT,1652.25,15047.04075,1,1782306755124
2026-06-24T13:13:08.531Z,BINANCE,ETHBTC,0.026655,1665.714371,1,1782306754659
2026-06-24T13:13:08.531Z,BINANCE,ETHUSDT,1652.49,18448.39836,1,1782306753524
2026-06-24T13:13:08.531Z,BINANCE,ETHUSD_PERP,1650.25,250,1,1782306753039
2026-06-24T13:13:08.531Z,BINANCE,ETHUSDT,1652.39,20689.57519,1,1782306752176
2026-06-24T13:14:16.666Z,BINANCE,ETHUSDT,1653.15,1729.1949,1,1782306796207
2026-06-24T13:15:40.997Z,BINANCE,ETHUSDT,1656.6,6737.3922,2,1782306911487
2026-06-24T13:16:28.742Z,BINANCE,ETHUSDT,1654.54,1654.54,1,1782306983893
2026-06-24T13:18:54.986Z,BINANCE,ETHUSDT,1658.1,7577.517,2,1782307098550
2026-06-24T13:18:54.986Z,BINANCE,ETHUSDT,1657.75,1324.54225,2,1782307094150
2026-06-24T13:20:03.683Z,BINANCE,ETHUSDT,1659.83,149.3847,2,1782307167249
2026-06-24T13:22:33.740Z,BINANCE,ETHUSDT,1654.2,1923.8346,1,1782307332608
2026-06-24T13:22:33.740Z,BINANCE,ETHUSDT,1654.5,1029.099,1,1782307327204
2026-06-24T13:22:33.740Z,BINANCE,ETHUSDT,1654.69,875.33101,1,1782307326228
2026-06-24T13:22:33.740Z,BINANCE,ETHUSDT,1655.34,445.28646,1,1782307321667
2026-06-24T13:26:27.124Z,BINANCE,ETHUSDT,1650.95,1272.88245,2,1782307555371
2026-06-24T13:26:27.124Z,BINANCE,ETHUSDT,1649.68,1649.68,2,1782307542302
2026-06-24T13:26:27.124Z,BINANCE,ETHUSDT,1649.42,206711.91208,2,1782307496631
2026-06-24T13:26:27.124Z,BINANCE,ETHUSDT,1648.54,182.98794,2,1782307484455
2026-06-24T13:26:27.124Z,BINANCE,ETHUSDT,1647.73,196.07987,2,1782307468337
2026-06-24T13:26:27.124Z,BINANCE,ETHUSDT,1643.15,5192.354,1,1782307442435
2026-06-24T13:26:27.124Z,BINANCE,ETHUSDC,1641.76,195.36944,1,1782307441517
2026-06-24T13:26:27.124Z,BINANCE,ETHUSDT,1643.63,20732.74882,1,1782307441507
2026-06-24T13:26:27.124Z,BINANCE,ETHUSDT,1643.11,27886.86292,1,1782307440551
2026-06-24T13:26:27.124Z,BINANCE,ETHUSDT,1644.14,8820.8111,1,1782307427512
2026-06-24T13:26:27.124Z,BINANCE,ETHUSDT,1643.81,410952.5,1,1782307427137
2026-06-24T13:26:27.124Z,BINANCE,ETHUSDT,1644.18,419.2659,1,1782307423609
2026-06-24T13:26:27.124Z,BINANCE,ETHUSDT,1644.14,9795.78612,1,1782307422234
2026-06-24T13:26:27.124Z,BINANCE,ETHUSDT,1643.94,731.5533,1,1782307420402
2026-06-24T13:26:27.124Z,BINANCE,ETHUSDC,1642.1,65684,1,1782307420179
2026-06-24T13:26:27.124Z,BINANCE,ETHUSDT,1644.14,1034.16406,1,1782307418919
2026-06-24T13:26:27.124Z,BINANCE,ETHUSDC,1643.2,105.1648,1,1782307412039
2026-06-24T13:26:27.124Z,BINANCE,ETHUSDT,1644.31,64009.69968,1,1782307411336
2026-06-24T13:26:27.124Z,BINANCE,ETHUSDC,1642.77,3285.54,1,1782307410669
2026-06-24T13:26:27.124Z,BINANCE,ETHUSDT,1644.48,202514.42304,1,1782307410428
2026-06-24T13:26:27.124Z,BINANCE,ETHUSD_PERP,1642.57,100,1,1782307410150
2026-06-24T13:26:27.124Z,BINANCE,ETHUSDT,1643.29,285099.31197,1,1782307409488
2026-06-24T13:26:27.124Z,BINANCE,ETHUSDC,1641.73,15561.95867,1,1782307409453
2026-06-24T13:26:27.124Z,BINANCE,ETHUSDT,1642.87,657.148,1,1782307407751
2026-06-24T13:26:27.124Z,BINANCE,ETHUSDT,1647.97,2471.955,1,1782307405460
2026-06-24T13:26:27.124Z,BINANCE,ETHUSDC,1645.59,9649.73976,1,1782307382576
2026-06-24T13:26:27.124Z,BINANCE,ETHUSDC,1645.56,10092.21948,1,1782307382526
2026-06-24T13:26:27.124Z,BINANCE,ETHUSDT,1647.51,19694.33454,1,1782307382461
2026-06-24T13:26:27.124Z,BINANCE,ETHUSDT,1646.7,99271.3095,1,1782307381129
2026-06-24T13:26:27.124Z,BINANCE,ETHUSDT,1646.7,5611.9536,1,1782307380552
2026-06-24T13:26:27.124Z,BINANCE,ETHUSD_PERP,1644.33,1080,1,1782307380048
2026-06-24T13:26:27.124Z,BINANCE,ETHUSDT,1648.03,1244.26265,1,1782307378633
2026-06-24T13:26:27.124Z,BINANCE,ETHUSDT,1648.14,1773.39864,1,1782307377063
2026-06-24T13:26:27.124Z,BINANCE,ETHUSDT,1648.12,21425.56,1,1782307375518
2026-06-24T13:26:27.124Z,BINANCE,ETHUSDT,1648.27,83029.95298,1,1782307374268
2026-06-24T13:26:27.124Z,BINANCE,ETHUSDT,1648.13,37486.71685,1,1782307372327
2026-06-24T13:26:27.124Z,BINANCE,ETHUSDC,1645.93,643.55863,1,1782307371140
2026-06-24T13:26:27.124Z,BINANCE,ETHUSDT,1647.88,6108.69116,1,1782307370851
2026-06-24T13:26:27.124Z,BINANCE,ETHUSDT,1647.8,50135.9628,1,1782307370530
2026-06-24T13:26:27.124Z,BINANCE,ETHUSDC,1646.56,23051.84,1,1782307369344
2026-06-24T13:26:27.124Z,BINANCE,ETHUSDT,1648.65,1121.082,1,1782307368167
2026-06-24T13:26:27.124Z,BINANCE,ETHUSDT,1649.83,293.66974,1,1782307361846
2026-06-24T13:26:27.124Z,BINANCE,ETHUSDC,1647.51,88812.32157,1,1782307356647
2026-06-24T13:26:27.124Z,BINANCE,ETHUSDT,1649.33,3323.39995,1,1782307356563
2026-06-24T13:26:27.124Z,BINANCE,ETHUSDT,1648.88,214354.4,1,1782307355737
2026-06-24T13:26:27.124Z,BINANCE,ETHUSDT,1648.72,95625.76,1,1782307355382
2026-06-24T13:26:27.124Z,BINANCE,ETHUSDC,1647.54,3252.24396,1,1782307354789
2026-06-24T13:26:27.124Z,BINANCE,ETHUSDT,1648.21,15565.69524,1,1782307353760
2026-06-24T13:26:27.124Z,BINANCE,ETHUSDT,1651.61,2487.32466,1,1782307351598
2026-06-24T13:26:27.124Z,BINANCE,ETHUSDT,1651.54,662.26754,1,1782307347712
2026-06-24T13:26:27.124Z,BINANCE,ETHUSDT,1651.75,3979.06575,1,1782307346583
2026-06-24T13:26:27.124Z,BINANCE,ETHUSDC,1650.1,3371.1543,1,1782307345628
2026-06-24T13:26:27.124Z,BINANCE,ETHUSDT,1651.53,1651.53,1,1782307344210
2026-06-24T13:26:27.124Z,BINANCE,ETHUSDT,1651.5,995.8545,1,1782307343368
2026-06-24T13:26:27.124Z,BINANCE,ETHUSDT,1652.28,275894.40984,1,1782307342194
2026-06-24T13:26:27.124Z,BINANCE,ETHUSDT,1653.35,134620.71705,1,1782307338356
2026-06-24T13:26:27.124Z,BINANCE,ETHUSDT,1653.56,12140.43752,1,1782307336728
2026-06-24T13:29:34.241Z,BINANCE,ETHUSDT,1650.63,275.65521,1,1782307758782
2026-06-24T13:29:34.241Z,BINANCE,ETHUSDT,1649.85,6068.1483,2,1782307752210
2026-06-24T13:31:18.792Z,BINANCE,ETHUSDT,1648.5,486.3075,1,1782307836073
2026-06-24T13:31:18.792Z,BINANCE,ETHUSDT,1651.85,204.8294,1,1782307833417
2026-06-24T13:31:18.792Z,BINANCE,ETHUSDC,1645.11,106.93215,1,1782307812569
2026-06-24T13:31:18.792Z,BINANCE,ETHUSDT,1647.21,19450.25568,1,1782307812415
2026-06-24T13:31:18.792Z,BINANCE,ETHUSDT,1648.76,29774.95684,1,1782307804838
2026-06-24T13:31:18.792Z,BINANCE,ETHUSDT,1652.64,185.09568,2,1782307780311
2026-06-24T13:31:56.213Z,BINANCE,ETHUSDT,1648.7,4072.289,1,1782307884920
2026-06-24T13:31:56.213Z,BINANCE,ETHUSDT,1647.73,1631.2527,1,1782307847096
2026-06-24T13:33:04.265Z,BINANCE,ETHUSDT,1655.86,1505.17674,2,1782307981565
2026-06-24T13:33:04.265Z,BINANCE,ETHUSDT,1655.44,10389.54144,2,1782307980078
2026-06-24T13:33:04.265Z,BINANCE,ETHUSDT,1655.92,3311.84,2,1782307979068
2026-06-24T13:33:04.265Z,BINANCE,ETHUSDT,1654.07,291.11632,2,1782307973508
2026-06-24T13:33:04.265Z,BINANCE,ETHUSDT,1653.73,93538.27626,2,1782307973340
2026-06-24T13:33:04.265Z,BINANCE,ETHUSDT,1652.15,416.3418,2,1782307964647
2026-06-24T13:34:30.741Z,BINANCE,ETHUSDT,1661,4848.459,2,1782308000132
2026-06-24T13:34:30.741Z,BINANCE,ETHUSDT,1661.03,375528.98446,2,1782307996291
2026-06-24T13:34:30.741Z,BINANCE,ETHUSDC,1659.1,1008.7328,2,1782307994484
2026-06-24T13:34:30.741Z,BINANCE,ETHUSDT,1661,1617.814,2,1782307994464
2026-06-24T13:34:30.741Z,BINANCE,ETHUSDT,1659.08,2491.93816,2,1782307993466
2026-06-24T13:34:30.741Z,BINANCE,ETHUSDT,1658.69,22518.37544,2,1782307992108
2026-06-24T13:34:30.741Z,BINANCE,ETHUSDC,1655.13,1291.0014,2,1782307988686
2026-06-24T13:34:30.741Z,BINANCE,ETHUSDT,1656.54,1656.54,2,1782307986644
2026-06-24T13:34:30.741Z,BINANCE,ETHUSDT,1656.48,1303.64976,2,1782307986166
2026-06-24T13:34:30.741Z,BINANCE,ETHUSDT,1655.67,673.85769,2,1782307983361
2026-06-24T13:34:30.741Z,BINANCE,ETHUSDC,1653.6,200.0856,2,1782307982559
2026-06-24T13:37:21.123Z,BINANCE,ETHUSDT,1655.69,14485.63181,1,1782308227174
2026-06-24T13:37:21.123Z,BINANCE,ETHUSDT,1655.92,1435.68264,1,1782308225237
2026-06-24T13:37:21.123Z,BINANCE,ETHUSDT,1656.67,178.92036,1,1782308204591
2026-06-24T13:37:21.123Z,BINANCE,ETHUSDT,1657.58,586.78332,1,1782308198082
2026-06-24T13:37:21.123Z,BINANCE,ETHUSDT,1663.2,1328.8968,2,1782308053610
2026-06-24T13:37:21.123Z,BINANCE,ETHUSDT,1663.33,841.64498,2,1782308053459
2026-06-24T13:37:21.123Z,BINANCE,ETHUSDT,1662.99,70928.18649,2,1782308051146
2026-06-24T13:38:19.069Z,BINANCE,ETHUSDT,1659.25,1188.023,2,1782308244379
2026-06-24T13:39:32.652Z,BINANCE,ETHUSDT,1654.85,642.0818,1,1782308315227
2026-06-24T13:39:32.652Z,BINANCE,ETHUSDT,1655.33,940.22744,1,1782308313511
2026-06-24T13:41:33.092Z,BINANCE,ETHUSDT,1651.32,11133.19944,1,1782308471313
2026-06-24T13:41:33.092Z,BINANCE,ETHUSDT,1651.59,229.57101,1,1782308469187
2026-06-24T13:41:33.092Z,BINANCE,ETHUSDT,1652.3,2319.8292,1,1782308466216
2026-06-24T13:41:33.092Z,BINANCE,ETHUSDT,1653.12,7437.38688,1,1782308430445
2026-06-24T13:41:33.092Z,BINANCE,ETHUSDT,1653.12,301658.03136,1,1782308430186
2026-06-24T13:41:33.092Z,BINANCE,ETHUSDT,1654.08,547.50048,1,1782308426487
2026-06-24T13:45:05.592Z,BINANCE,ETHUSDT,1645.99,885.54262,1,1782308661297
2026-06-24T13:45:05.592Z,BINANCE,ETHUSDT,1644.83,63194.3686,1,1782308627603
2026-06-24T13:45:05.592Z,BINANCE,ETHUSDC,1642.73,23229.84493,1,1782308627067
2026-06-24T13:45:05.592Z,BINANCE,ETHUSDT,1644.45,2047.34025,1,1782308625434
2026-06-24T13:45:05.592Z,BINANCE,ETHUSDT,1644.34,106.8821,1,1782308624201
2026-06-24T13:45:05.592Z,BINANCE,ETHUSDT,1644.49,164.449,1,1782308621520
2026-06-24T13:45:05.592Z,BINANCE,ETHUSDT,1644.42,18225.10686,1,1782308619213
2026-06-24T13:45:05.592Z,BINANCE,ETHUSDT,1644.16,58989.17248,1,1782308617473
2026-06-24T13:45:05.592Z,BINANCE,ETHUSDC,1642.65,22914.9675,1,1782308616352
2026-06-24T13:45:05.592Z,BINANCE,ETHUSDT,1644.65,6537.48375,1,1782308616336
2026-06-24T13:45:05.592Z,BINANCE,ETHUSDC,1643.48,8217.4,1,1782308609099
2026-06-24T13:45:05.592Z,BINANCE,ETHUSDT,1644.86,45690.92108,1,1782308607667
2026-06-24T13:45:05.592Z,BINANCE,ETHUSDT,1645.12,22067.63968,1,1782308605636
2026-06-24T13:45:05.592Z,BINANCE,ETHUSD_PERP,1643.5,590,1,1782308605476
2026-06-24T13:45:05.592Z,BINANCE,ETHUSDT,1644.73,21993.32956,1,1782308604387
2026-06-24T13:45:05.592Z,BINANCE,ETHUSDT,1645.83,46655.98884,1,1782308602363
2026-06-24T13:45:05.592Z,BINANCE,ETHUSDT,1646.44,32928.8,1,1782308599949
2026-06-24T13:45:05.592Z,BINANCE,ETHUSDT,1646.71,3736.38499,1,1782308588627
2026-06-24T13:45:05.592Z,BINANCE,ETHUSDT,1647.66,522.30822,1,1782308575633
2026-06-24T13:45:05.592Z,BINANCE,ETHUSDT,1648.02,3057.0771,1,1782308573154
2026-06-24T13:45:05.592Z,BINANCE,ETHUSDT,1648.48,4121.2,1,1782308533324
2026-06-24T13:45:05.592Z,BINANCE,ETHUSDT,1648.9,49715.9839,1,1782308521486
2026-06-24T13:45:05.592Z,BINANCE,ETHUSDC,1646.52,240.39192,1,1782308520649
2026-06-24T13:45:05.592Z,BINANCE,ETHUSDT,1648.72,131.8976,1,1782308520263
2026-06-24T13:45:05.592Z,BINANCE,ETHUSDT,1649.37,6940.54896,1,1782308519101
2026-06-24T13:45:05.592Z,BINANCE,ETHUSDT,1651.46,155.23724,1,1782308492157
2026-06-24T13:45:05.592Z,BINANCE,ETHUSDT,1651.04,39624.96,1,1782308490264
2026-06-24T13:45:05.592Z,BINANCE,ETHUSDT,1650.26,4950.78,1,1782308488132
2026-06-24T13:45:05.592Z,BINANCE,ETHUSDC,1649.51,9047.56235,2,1782308481478
2026-06-24T13:45:05.592Z,BINANCE,ETHUSDT,1651.04,1651.04,1,1782308478074
2026-06-24T13:45:45.772Z,BINANCE,ETHUSDT,1650.32,163.38168,2,1782308739278
2026-06-24T13:45:45.772Z,BINANCE,ETHUSDT,1649.58,29692.44,2,1782308737098
2026-06-24T13:45:45.772Z,BINANCE,ETHUSDT,1649.34,1492.6527,2,1782308707438
2026-06-24T13:45:45.772Z,BINANCE,ETHUSDT,1645.29,822.645,1,1782308682239
2026-06-24T13:45:45.772Z,BINANCE,ETHUSDT,1644.53,527.89413,1,1782308680290
2026-06-24T13:46:43.768Z,BINANCE,ETHUSDT,1646.14,755.57826,1,1782308774207
2026-06-24T13:46:43.768Z,BINANCE,ETHUSDT,1645.76,148.1184,1,1782308767150
2026-06-24T13:46:43.768Z,BINANCE,ETHUSDC,1644.26,164.426,1,1782308765164
2026-06-24T13:46:43.768Z,BINANCE,ETHUSDT,1645.67,8345.19257,1,1782308764586
2026-06-24T13:46:43.768Z,BINANCE,ETHUSDT,1645.08,429.36588,1,1782308763223
2026-06-24T13:47:59.993Z,BINANCE,ETHUSDT,1643.75,3892.4,1,1782308854570
2026-06-24T13:47:59.993Z,BINANCE,ETHUSDT,1643.79,3486.47859,1,1782308852632
2026-06-24T13:47:59.993Z,BINANCE,ETHUSDT,1644.07,36169.54,1,1782308851582
2026-06-24T13:47:59.993Z,BINANCE,ETHUSDT,1643.94,309.06072,1,1782308848184
2026-06-24T13:47:59.993Z,BINANCE,ETHUSDT,1644.59,67867.29553,1,1782308842273
2026-06-24T13:47:59.993Z,BINANCE,ETHUSDT,1645.24,1645.24,1,1782308837107
2026-06-24T13:49:44.079Z,BINANCE,ETHUSDT,1646.61,4077.00636,2,1782308960410
2026-06-24T13:49:44.079Z,BINANCE,ETHUSDC,1639.34,1760.65116,1,1782308917634
2026-06-24T13:49:44.079Z,BINANCE,ETHUSDT,1640.66,74633.6234,1,1782308916495
2026-06-24T13:49:44.079Z,BINANCE,ETHUSDT,1640.85,31184.35425,1,1782308915379
2026-06-24T13:49:44.079Z,BINANCE,ETHUSDT_260626,1642.74,1642.74,1,1782308914465
2026-06-24T13:49:44.079Z,BINANCE,ETHUSDT,1641.2,12115.3384,1,1782308914367
2026-06-24T13:49:44.079Z,BINANCE,ETHUSDT,1641.76,5785.56224,1,1782308910645
2026-06-24T13:49:44.079Z,BINANCE,ETHUSDT,1641.82,3283.64,1,1782308909105
2026-06-24T13:49:44.079Z,BINANCE,ETHUSDT,1641.77,2736.83059,1,1782308907191
2026-06-24T13:49:44.079Z,BINANCE,ETHUSDT,1642.19,5438.93328,1,1782308903121
2026-06-24T13:49:44.079Z,BINANCE,ETHUSDC,1639.76,4133.83496,1,1782308902447
2026-06-24T13:49:44.079Z,BINANCE,ETHUSDT,1641.76,16417.6,1,1782308901613
2026-06-24T13:49:44.079Z,BINANCE,ETHUSDC,1639.76,28994.23632,1,1782308901588
2026-06-24T13:49:44.079Z,BINANCE,ETHUSDT,1641.86,44469.7781,1,1782308901285
2026-06-24T13:49:44.079Z,BINANCE,ETHUSDT,1641.11,7723.06366,1,1782308899428
2026-06-24T13:49:44.079Z,BINANCE,ETHUSDT,1642.18,13370.62956,1,1782308898109
2026-06-24T13:51:05.525Z,BINANCE,ETHUSDT,1650.03,5728.90416,2,1782309039625
2026-06-24T13:51:05.525Z,BINANCE,ETHUSDT,1648.29,3995.45496,2,1782308987347
2026-06-24T13:53:59.206Z,BINANCE,ETHUSDT,1654.58,225.02288,2,1782309132176
2026-06-24T13:53:59.206Z,BINANCE,ETHUSDT,1653.07,899.27008,2,1782309125270
2026-06-24T13:53:59.206Z,BINANCE,ETHUSDT,1653.88,540.81876,2,1782309096115
2026-06-24T13:53:59.206Z,BINANCE,ETHUSDT,1652.64,309.04368,2,1782309077607
2026-06-24T13:53:59.206Z,BINANCE,ETHUSDT,1651.82,474.07234,2,1782309074309
2026-06-24T13:53:59.206Z,BINANCE,ETHUSDT,1651.4,1471.3974,2,1782309071613
2026-06-24T13:53:59.206Z,BINANCE,ETHUSDT,1651.02,315.34482,2,1782309067444
2026-06-24T13:56:38.625Z,BINANCE,ETHUSDT,1645.8,1788.9846,1,1782309350429
2026-06-24T13:56:38.625Z,BINANCE,ETHUSDT,1645.61,2063.59494,1,1782309339738
2026-06-24T13:56:38.625Z,BINANCE,ETHUSDT,1648.14,9888.84,1,1782309309428
2026-06-24T13:58:30.582Z,BINANCE,ETHUSDT,1642.57,862.34925,1,1782309462584
2026-06-24T13:58:30.582Z,BINANCE,ETHUSDT,1642.48,29937.48296,1,1782309460597
2026-06-24T13:58:30.582Z,BINANCE,ETHUSDT,1643.07,19670.83404,1,1782309457329
2026-06-24T13:58:30.582Z,BINANCE,ETHUSDT,1644.21,21410.90262,1,1782309410458
2026-06-24T13:58:30.582Z,BINANCE,ETHUSDT,1644.41,3129.31223,1,1782309409245
2026-06-24T13:58:30.582Z,BINANCE,ETHUSDT,1644.66,11529.0666,1,1782309394420
2026-06-24T14:00:27.079Z,BINANCE,ETHUSDC,1641.48,247.86348,1,1782309605395
2026-06-24T14:02:59.032Z,BINANCE,ETHUSDT,1638.51,3788.23512,1,1782309748687
2026-06-24T14:02:59.032Z,BINANCE,ETHUSDT,1638.03,4827.27441,1,1782309747577
2026-06-24T14:02:59.032Z,BINANCE,ETHUSDT,1637.47,171767.32806,1,1782309747351
2026-06-24T14:02:59.032Z,BINANCE,ETHUSDC,1635.98,1717.779,1,1782309746436
2026-06-24T14:02:59.032Z,BINANCE,ETHUSDT,1637.95,60713.89265,1,1782309745394
2026-06-24T14:02:59.032Z,BINANCE,ETHUSDC,1636.02,4731.36984,1,1782309745104
2026-06-24T14:02:59.032Z,BINANCE,ETHUSDT,1638.21,37046.48094,1,1782309744719
2026-06-24T14:02:59.032Z,BINANCE,ETHUSDT,1637.74,5090.09592,1,1782309743283
2026-06-24T14:02:59.032Z,BINANCE,ETHUSDT_260626,1639.84,1685.75552,1,1782309743129
2026-06-24T14:02:59.032Z,BINANCE,ETHUSDC,1637.77,2622.06977,1,1782309733841
2026-06-24T14:02:59.032Z,BINANCE,ETHUSDT,1639.86,9762.08658,1,1782309733767
2026-06-24T14:02:59.032Z,BINANCE,ETHUSDC,1636,322987.3,1,1782309732192
2026-06-24T14:02:59.032Z,BINANCE,ETHUSDT,1638.23,297728.64374,1,1782309732192
2026-06-24T14:02:59.032Z,BINANCE,ETHUSDT_260626,1639.4,48919.696,1,1782309732191
2026-06-24T14:02:59.032Z,BINANCE,ETHUSDT,1638.47,55929.17345,1,1782309731417
2026-06-24T14:02:59.032Z,BINANCE,ETHUSDT,1640.6,859.6744,1,1782309727734
2026-06-24T14:02:59.032Z,BINANCE,ETHUSDT,1640.8,63242.9952,1,1782309727514
2026-06-24T14:02:59.032Z,BINANCE,ETHUSDC,1638.07,298.12874,1,1782309726502
2026-06-24T14:02:59.032Z,BINANCE,ETHUSDT,1639.62,4733.58294,1,1782309725405
2026-06-24T14:02:59.032Z,BINANCE,ETHUSDC,1637.18,49681.86428,1,1782309725361
2026-06-24T14:02:59.032Z,BINANCE,ETHUSDT,1639.39,103916.01393,1,1782309724278
2026-06-24T14:02:59.032Z,BINANCE,ETHUSDT,1638.69,294964.2,1,1782309723545
2026-06-24T14:02:59.032Z,BINANCE,ETHUSDT,1641.15,4147.18605,1,1782309721502
2026-06-24T14:02:59.032Z,BINANCE,ETHUSDT,1641.21,14728.21854,1,1782309718599
2026-06-24T14:02:59.032Z,BINANCE,ETHUSDC,1639.21,15616.75367,1,1782309718234
2026-06-24T14:02:59.032Z,BINANCE,ETHUSDT,1641.26,7951.9047,1,1782309716498
2026-06-24T14:02:59.032Z,BINANCE,ETHUSDT,1641.2,237.974,1,1782309714620
2026-06-24T14:02:59.032Z,BINANCE,ETHUSDC,1640.09,4816.94433,1,1782309712590
2026-06-24T14:03:51.955Z,BINANCE,ETHUSDT,1644.02,322.22792,2,1782309788273
2026-06-24T14:05:22.077Z,BINANCE,ETHUSDT,1646.58,391.88604,2,1782309864113
2026-06-24T14:05:22.077Z,BINANCE,ETHUSDT,1645.44,676.27584,2,1782309853425
2026-06-24T14:08:19.313Z,BINANCE,ETHUSDT,1650,204.6,2,1782310070359
2026-06-24T14:08:19.313Z,BINANCE,ETHUSDT,1649.63,960.08466,2,1782310066239
2026-06-24T14:08:19.313Z,BINANCE,ETHUSDT,1649.61,21931.56495,2,1782310052656
2026-06-24T14:09:17.352Z,BINANCE,ETHUSDT,1643.96,918.97364,1,1782310120356
2026-06-24T14:11:39.637Z,BINANCE,ETHUSDT,1649.73,752.27688,2,1782310238335
2026-06-24T14:13:44.158Z,BINANCE,ETHUSDT,1642.74,2464.11,1,1782310401227
2026-06-24T14:13:44.158Z,BINANCE,ETHUSDT,1642.58,781.86808,2,1782310398412
2026-06-24T14:15:38.139Z,BINANCE,ETHUSDT,1645.5,7503.48,2,1782310499065
2026-06-24T14:15:38.139Z,BINANCE,ETHUSDT,1641.21,83232.32394,1,1782310457404
2026-06-24T14:15:38.139Z,BINANCE,ETHUSDT,1641.36,2141.9748,1,1782310454481
2026-06-24T14:15:38.139Z,BINANCE,ETHUSDT,1641.84,1152.57168,1,1782310452465
2026-06-24T14:17:06.321Z,BINANCE,ETHUSDT,1644.44,794.26452,2,1782310583257
2026-06-24T14:17:53.995Z,BINANCE,ETHUSDT,1641.15,28976.1444,1,1782310633166
2026-06-24T14:17:53.995Z,BINANCE,ETHUSDT,1641.33,49226.76936,1,1782310630331
2026-06-24T14:17:53.995Z,BINANCE,ETHUSDT,1642.34,1642.34,1,1782310622544
2026-06-24T14:21:25.521Z,BINANCE,ETHUSDT,1637.57,4224.9306,1,1782310839480
2026-06-24T14:21:25.521Z,BINANCE,ETHUSDC,1635.73,2551.7388,1,1782310839155
2026-06-24T14:21:25.521Z,BINANCE,ETHUSDT,1637.74,2161.8168,1,1782310839155
2026-06-24T14:21:25.521Z,BINANCE,ETHUSDT,1637.61,65504.4,1,1782310837057
2026-06-24T14:21:25.521Z,BINANCE,ETHUSDC,1636.07,1564.08292,1,1782310835151
2026-06-24T14:21:25.521Z,BINANCE,ETHUSDT_260626,1639.47,1736.19873,1,1782310834443
2026-06-24T14:21:25.521Z,BINANCE,ETHUSDT,1637.66,5979.09666,1,1782310832228
2026-06-24T14:21:25.521Z,BINANCE,ETHUSDT,1637.64,2297.60892,1,1782310831768
2026-06-24T14:21:25.521Z,BINANCE,ETHUSDT,1637.74,2219.1377,1,1782310830147
2026-06-24T14:21:25.521Z,BINANCE,ETHUSDT,1639.08,29365.75728,1,1782310822259
2026-06-24T14:21:25.521Z,BINANCE,ETHUSDT,1638.7,6474.5037,1,1782310818258
2026-06-24T14:21:25.521Z,BINANCE,ETHUSDT,1639.56,286.923,1,1782310808048
2026-06-24T14:21:25.521Z,BINANCE,ETHUSDT,1639,901.45,1,1782310761538
2026-06-24T14:21:25.521Z,BINANCE,ETHUSDT,1638.87,3135.15831,1,1782310761167
2026-06-24T14:21:25.521Z,BINANCE,ETHUSDT,1638.96,15124.32288,1,1782310759290
2026-06-24T14:21:25.521Z,BINANCE,ETHUSDT,1639.09,6556.36,1,1782310758315
2026-06-24T14:21:25.521Z,BINANCE,ETHUSDC,1636.99,8184.95,1,1782310757485
2026-06-24T14:21:25.521Z,BINANCE,ETHUSDT,1639.19,8195.95,1,1782310756609
2026-06-24T14:21:25.521Z,BINANCE,ETHUSDT,1639.87,91196.45044,1,1782310755353
2026-06-24T14:21:25.521Z,BINANCE,ETHUSDT,1639.14,3960.16224,1,1782310754466
2026-06-24T14:21:25.521Z,BINANCE,ETHUSDT,1639.69,6558.76,1,1782310753226
2026-06-24T14:21:25.521Z,BINANCE,ETHUSDT,1640.55,1099.1685,1,1782310751126
2026-06-24T14:21:53.757Z,BINANCE,ETHUSDT,1643.15,598.1066,2,1782310896319
2026-06-24T14:21:53.757Z,BINANCE,ETHUSDT,1642.47,1056.10821,2,1782310893633
2026-06-24T14:23:27.774Z,BINANCE,ETHUSDT,1644.55,2327.03825,1,1782310963362
2026-06-24T14:23:27.774Z,BINANCE,ETHUSDC,1642.65,146.19585,2,1782310935356
2026-06-24T14:23:27.774Z,BINANCE,ETHUSDT,1644.85,3347.26975,2,1782310935189
2026-06-24T14:26:38.851Z,BINANCE,ETHUSDT,1649.75,183.12225,2,1782311185051
2026-06-24T14:26:38.851Z,BINANCE,ETHUSDT,1649.61,2985.7941,2,1782311126028
2026-06-24T14:26:38.851Z,BINANCE,ETHUSDT,1649.46,542.67234,2,1782311052052
2026-06-24T14:26:38.851Z,BINANCE,ETHUSDT,1648.51,10019.64378,2,1782311019477
2026-06-24T14:26:38.851Z,BINANCE,ETHUSDT,1648.94,659.576,2,1782311017069
2026-06-24T14:26:38.851Z,BINANCE,ETHUSDT,1648.65,2212.4883,2,1782311000178
2026-06-24T14:26:38.851Z,BINANCE,ETHUSDT,1648.56,1124.31792,2,1782310998495
2026-06-24T14:26:38.851Z,BINANCE,ETHUSDT,1648.36,812.64148,2,1782310997347
2026-06-24T14:26:38.851Z,BINANCE,ETHUSDT,1647.03,15052.20717,2,1782310995438
2026-06-24T14:26:38.851Z,BINANCE,ETHUSDT,1647.02,1808.42796,2,1782310993491
2026-06-24T14:26:38.851Z,BINANCE,ETHUSDT,1647.03,164.703,2,1782310989601
2026-06-24T14:31:32.601Z,BINANCE,ETHUSDT,1653.35,1653.35,2,1782311462742
2026-06-24T14:31:32.601Z,BINANCE,ETHUSDT,1653.58,3801.58042,2,1782311459247
2026-06-24T14:31:32.601Z,BINANCE,ETHUSDT,1652.9,1485.9571,2,1782311457202
2026-06-24T14:31:32.601Z,BINANCE,ETHUSDT,1652.22,4973.1822,2,1782311453095
2026-06-24T14:31:32.601Z,BINANCE,ETHUSDT,1651.9,1665.1152,2,1782311448596
2026-06-24T14:31:32.601Z,BINANCE,ETHUSDT,1651.52,8257.6,2,1782311445338
2026-06-24T14:31:32.601Z,BINANCE,ETHUSDT,1651.37,454.12675,2,1782311426270
2026-06-24T14:31:32.601Z,BINANCE,ETHUSDT,1651.3,345.1217,2,1782311423412
2026-06-24T14:31:32.601Z,BINANCE,ETHUSDT,1651.22,1243.36866,2,1782311422087
2026-06-24T14:31:32.601Z,BINANCE,ETHUSDT,1650.62,348.28082,2,1782311420310
2026-06-24T14:32:15.200Z,BINANCE,ETHUSDT,1654.62,49825.57206,2,1782311481696
2026-06-24T14:32:15.200Z,BINANCE,ETHUSDT,1654.6,200.2066,2,1782311477734
2026-06-24T14:32:15.200Z,BINANCE,ETHUSDT,1654.47,11839.38732,2,1782311477255
2026-06-24T14:32:15.200Z,BINANCE,ETHUSDT,1653.72,284.43984,2,1782311471368
2026-06-24T14:35:04.435Z,BINANCE,ETHUSDT,1654.66,503.01664,2,1782311656971
2026-06-24T14:37:16.612Z,BINANCE,ETHUSDT,1655.94,779.94774,2,1782311783415
2026-06-24T14:37:16.612Z,BINANCE,ETHUSDT,1655.94,82113.09678,2,1782311783202
2026-06-24T14:39:27.572Z,BINANCE,ETHUSDT,1647.58,659.032,1,1782311963579
2026-06-24T14:39:27.572Z,BINANCE,ETHUSDT,1648.31,43406.59554,1,1782311958349
2026-06-24T14:39:27.572Z,BINANCE,ETHUSDT,1648.08,7060.37472,1,1782311956600
2026-06-24T14:39:27.572Z,BINANCE,ETHUSDT,1648.51,199.46971,1,1782311953612
2026-06-24T14:39:27.572Z,BINANCE,ETHUSDT,1650.47,103.97961,1,1782311930695
2026-06-24T14:41:42.331Z,BINANCE,ETHUSDT,1647.01,3014.0283,1,1782311996515
2026-06-24T14:41:42.331Z,BINANCE,ETHUSDT,1647.53,156.51535,1,1782311967211
2026-06-24T14:44:05.155Z,BINANCE,ETHUSDC,1644.32,131.5456,1,1782312191051
2026-06-24T14:44:05.155Z,BINANCE,ETHUSDT,1646,189.29,1,1782312178542
2026-06-24T14:46:31.355Z,BINANCE,ETHUSDT,1651.13,62127.06851,2,1782312325133
2026-06-24T14:47:39.318Z,BINANCE,ETHUSDT,1651,288.925,2,1782312397590
2026-06-24T14:53:05.737Z,BINANCE,ETHUSDT,1647.18,747.81972,1,1782312729085
2026-06-24T14:55:29.698Z,BINANCE,ETHUSDT,1642.78,99685.53318,1,1782312926570
2026-06-24T14:55:29.698Z,BINANCE,ETHUSDT,1642.34,2993.98582,1,1782312924579
2026-06-24T14:55:29.698Z,BINANCE,ETHUSDT,1642.86,15135.66918,1,1782312922119
2026-06-24T14:55:29.698Z,BINANCE,ETHUSDT,1642.86,267.78618,1,1782312921379
2026-06-24T14:55:29.698Z,BINANCE,ETHUSDT,1643.22,2300.508,1,1782312919099
2026-06-24T14:55:29.698Z,BINANCE,ETHUSDT,1643.31,557.08209,1,1782312917472
2026-06-24T14:55:29.698Z,BINANCE,ETHUSDT,1643.47,198.85987,1,1782312916409
2026-06-24T14:55:29.698Z,BINANCE,ETHUSDT,1644.35,1782.4754,1,1782312909132
2026-06-24T14:55:29.698Z,BINANCE,ETHUSDT,1644.52,1475.13444,1,1782312907360
2026-06-24T14:55:29.698Z,BINANCE,ETHUSDT,1644.65,16446.5,1,1782312905314
2026-06-24T14:55:29.698Z,BINANCE,ETHUSDT,1645.06,164.506,1,1782312903203
2026-06-24T14:55:29.698Z,BINANCE,ETHUSDT,1644.71,738.47479,1,1782312901410
2026-06-24T14:55:29.698Z,BINANCE,ETHUSDC,1644,1663.728,2,1782312884477
2026-06-24T14:55:29.698Z,BINANCE,ETHUSDT,1645.49,1304.87357,1,1782312871083
2026-06-24T15:03:19.573Z,BINANCE,ETHUSDT,1641.45,52385.2353,1,1782313391527
2026-06-24T15:03:19.573Z,BINANCE,ETHUSDC,1639.44,4918.32,1,1782313390300
2026-06-24T15:03:19.573Z,BINANCE,ETHUSDT,1641.15,2652.0984,1,1782313389483
2026-06-24T15:03:19.573Z,BINANCE,ETHUSDT,1641.38,3254.85654,1,1782313388273
2026-06-24T15:07:53.930Z,BINANCE,ETHUSDT,1638.61,1068.37372,1,1782313647342
2026-06-24T15:07:53.930Z,BINANCE,ETHUSDT,1638.88,1843.74,1,1782313645443
2026-06-24T15:07:53.930Z,BINANCE,ETHUSDT,1638.85,4390.47915,1,1782313641649
2026-06-24T15:07:53.930Z,BINANCE,ETHUSDT,1639.24,28368.68744,1,1782313638456
2026-06-24T15:07:53.930Z,BINANCE,ETHUSDT,1639.9,4230.942,1,1782313631690
2026-06-24T15:07:53.930Z,BINANCE,ETHUSDT,1638.95,4851.292,1,1782313631062
2026-06-24T15:09:07.987Z,BINANCE,ETHUSDT,1638.7,14492.6628,1,1782313740446
2026-06-24T15:09:07.987Z,BINANCE,ETHUSDT,1638.51,1314.08502,1,1782313731156
2026-06-24T15:09:07.987Z,BINANCE,ETHUSDC,1636.81,1636.81,1,1782313723402
2026-06-24T15:09:07.987Z,BINANCE,ETHUSDT,1638.59,1792.61746,1,1782313722509
2026-06-24T15:09:07.987Z,BINANCE,ETHUSDT,1638.51,3154.13175,1,1782313721590
2026-06-24T15:09:07.987Z,BINANCE,ETHUSDT,1639.49,329.53749,1,1782313707232
2026-06-24T15:10:23.431Z,BINANCE,ETHUSDT,1637.94,4738.56042,1,1782313767584
2026-06-24T15:10:23.431Z,BINANCE,ETHUSDT,1637.94,1637.94,1,1782313765624
2026-06-24T15:11:31.519Z,BINANCE,ETHUSDT,1640.93,164.093,1,1782313878176
2026-06-24T15:12:44.744Z,BINANCE,ETHUSDT,1638.28,294.8904,1,1782313951462
2026-06-24T15:14:03.798Z,BINANCE,ETHUSDT,1637.2,50356.9976,1,1782313997552
2026-06-24T15:14:03.798Z,BINANCE,ETHUSDT,1637.17,3274.34,1,1782313990099
2026-06-24T15:14:03.798Z,BINANCE,ETHUSDC,1635.04,2025.81456,1,1782313973194
2026-06-24T15:14:03.798Z,BINANCE,ETHUSDT,1636.59,6546.36,1,1782313972460
2026-06-24T15:14:03.798Z,BINANCE,ETHUSDT,1636.59,4621.73016,1,1782313972199
2026-06-24T15:14:03.798Z,BINANCE,ETHUSDT,1636.29,366.52896,1,1782313970251
2026-06-24T15:14:03.798Z,BINANCE,ETHUSDT,1636.77,8917.12296,1,1782313969063
2026-06-24T15:14:03.798Z,BINANCE,ETHUSDT,1636.74,38322.63036,1,1782313966431
2026-06-24T15:14:03.798Z,BINANCE,ETHUSDT,1636.96,29921.99184,1,1782313965392
2026-06-24T15:14:03.798Z,BINANCE,ETHUSDT,1636.82,12012.62198,1,1782313965160
2026-06-24T15:14:03.798Z,BINANCE,ETHUSD_PERP,1634.47,2620,1,1782313965115
2026-06-24T15:14:51.544Z,BINANCE,ETHUSDT,1638.17,476.70747,1,1782314036153
2026-06-24T15:17:08.884Z,BINANCE,ETHUSDT,1640.23,1423.71964,1,1782314179647
2026-06-24T15:18:17.191Z,BINANCE,ETHUSDT,1642.24,2399.31264,2,1782314270121
2026-06-24T15:18:17.191Z,BINANCE,ETHUSDT,1641.75,43798.6065,2,1782314264251
2026-06-24T15:19:30.175Z,BINANCE,ETHUSDT,1642.72,157.70112,2,1782314295189
2026-06-24T15:20:46.429Z,BINANCE,ETHUSDT,1644.29,7451.92228,2,1782314437436
2026-06-24T15:20:46.429Z,BINANCE,ETHUSDT,1644.24,904.332,2,1782314435437
2026-06-24T15:20:46.429Z,BINANCE,ETHUSDT,1643.98,147.9582,2,1782314404575
2026-06-24T15:21:55.197Z,BINANCE,ETHUSDT,1648.65,18652.8261,2,1782314490528
2026-06-24T15:21:55.197Z,BINANCE,ETHUSDT,1647.73,601.42145,2,1782314487963
2026-06-24T15:21:55.197Z,BINANCE,ETHUSDT,1645.4,1095.8364,2,1782314479656
2026-06-24T15:21:55.197Z,BINANCE,ETHUSDT,1645.23,605.44464,2,1782314476389
2026-06-24T15:21:55.197Z,BINANCE,ETHUSDT,1644.68,320.7126,2,1782314474378
2026-06-24T15:21:55.197Z,BINANCE,ETHUSDT,1644.59,9002.48566,2,1782314452381
2026-06-24T15:24:30.981Z,BINANCE,ETHUSDT,1646.22,469.1727,2,1782314597511
2026-06-24T15:24:30.981Z,BINANCE,ETHUSDT,1650.52,150.19732,2,1782314561317
2026-06-24T15:24:30.981Z,BINANCE,ETHUSDT,1650.25,31603.93775,2,1782314558572
2026-06-24T15:24:30.981Z,BINANCE,ETHUSDT,1649.22,50495.81796,2,1782314539142
2026-06-24T15:25:44.328Z,BINANCE,ETHUSDT,1643.05,6373.39095,1,1782314707866
2026-06-24T15:25:44.328Z,BINANCE,ETHUSDT,1643.84,8219.2,1,1782314692436
2026-06-24T15:26:52.236Z,BINANCE,ETHUSDC,1639.82,170.54128,1,1782314753257
2026-06-24T15:31:17.189Z,BINANCE,ETHUSDT,1641.87,110.00529,1,1782315048406
2026-06-24T15:31:17.189Z,BINANCE,ETHUSDT,1641.2,1485.286,1,1782315017258
2026-06-24T15:31:17.189Z,BINANCE,ETHUSDT,1641.5,1641.5,1,1782315015230
2026-06-24T15:33:53.740Z,BINANCE,ETHUSDC,1632.65,1601.62965,1,1782315207785
2026-06-24T15:33:53.740Z,BINANCE,ETHUSDT,1634.53,22221.43535,1,1782315207745
2026-06-24T15:33:53.740Z,BINANCE,ETHUSDT,1634.56,1503878.56256,1,1782315206668
2026-06-24T15:33:53.740Z,BINANCE,ETHUSDT,1634.85,106296.31215,1,1782315206199
2026-06-24T15:33:53.740Z,BINANCE,ETHUSDC,1632.8,137133.9736,1,1782315206128
2026-06-24T15:33:53.740Z,BINANCE,ETHUSDC,1631.71,19947.65475,1,1782315205359
2026-06-24T15:33:53.740Z,BINANCE,ETHUSDT,1633.88,29406.57224,1,1782315205212
2026-06-24T15:33:53.740Z,BINANCE,ETHUSD_PERP,1630.93,490,1,1782315205040
2026-06-24T15:33:53.740Z,BINANCE,ETHUSDT,1633,51682.817,1,1782315204284
2026-06-24T15:33:53.740Z,BINANCE,ETHUSDT,1636.2,87129.2862,1,1782315202451
2026-06-24T15:33:53.740Z,BINANCE,ETHUSDT,1637.14,23686.14152,1,1782315201690
2026-06-24T15:33:53.740Z,BINANCE,ETHUSDC,1635.15,19214.64765,1,1782315201690
2026-06-24T15:33:53.740Z,BINANCE,ETHUSDT_260626,1638.63,6239.90304,1,1782315201690
2026-06-24T15:33:53.740Z,BINANCE,ETHUSDT,1637.8,149457.439,1,1782315199556
2026-06-24T15:33:53.740Z,BINANCE,ETHUSDT,1637.86,884.4444,1,1782315197109
2026-06-24T15:33:53.740Z,BINANCE,ETHUSDT,1638.2,29774.285,1,1782315180245
2026-06-24T15:33:53.740Z,BINANCE,ETHUSDT,1638.22,247.37122,1,1782315178634
2026-06-24T15:33:53.740Z,BINANCE,ETHUSDT,1638.4,2423.1936,1,1782315161314
2026-06-24T15:33:53.740Z,BINANCE,ETHUSDT,1638.6,275.2848,1,1782315157093
2026-06-24T15:33:53.740Z,BINANCE,ETHUSDT,1638.52,316.23436,1,1782315121426
2026-06-24T15:33:53.740Z,BINANCE,ETHUSDT,1638.27,7003.60425,1,1782315118496
2026-06-24T15:33:53.740Z,BINANCE,ETHUSDT,1638.45,8192.25,1,1782315116611
2026-06-24T15:33:53.740Z,BINANCE,ETHUSDC,1637.5,2046.875,1,1782315108088
2026-06-24T15:33:53.740Z,BINANCE,ETHUSDT,1639.42,2829.63892,1,1782315107308
2026-06-24T15:33:53.740Z,BINANCE,ETHUSDT,1638.86,2189.51696,1,1782315105584
2026-06-24T15:33:53.740Z,BINANCE,ETHUSDT,1639.76,108360.26008,1,1782315078109
2026-06-24T15:33:53.740Z,BINANCE,ETHUSDT,1639.84,500.1512,1,1782315076493
2026-06-24T15:36:16.626Z,BINANCE,ETHUSDT,1635,10099.395,1,1782315359492
2026-06-24T15:36:16.626Z,BINANCE,ETHUSDT,1635.28,490.584,1,1782315333369
2026-06-24T15:36:16.626Z,BINANCE,ETHUSDT,1635.06,1599.08868,1,1782315310293
2026-06-24T15:37:05.215Z,BINANCE,ETHUSDC,1631.05,1432.0619,1,1782315410312
2026-06-24T15:37:05.215Z,BINANCE,ETHUSDT,1632.98,28629.40536,1,1782315405846
2026-06-24T15:37:05.215Z,BINANCE,ETHUSDT,1632.51,22669.03386,1,1782315404858
2026-06-24T15:37:05.215Z,BINANCE,ETHUSDT,1632.26,22326.05228,1,1782315403542
2026-06-24T15:37:05.215Z,BINANCE,ETHUSDC,1630.18,32603.6,1,1782315403038
2026-06-24T15:37:05.215Z,BINANCE,ETHUSDT,1632.22,160377.04054,1,1782315403014
2026-06-24T15:37:05.215Z,BINANCE,ETHUSDT_260626,1634.25,397.12275,1,1782315402885
2026-06-24T15:37:05.215Z,BINANCE,ETHUSDT,1632.55,7452.59075,1,1782315401912
2026-06-24T15:37:05.215Z,BINANCE,ETHUSDT,1632.82,89805.1,1,1782315400595
2026-06-24T15:37:05.215Z,BINANCE,ETHUSDT,1632.84,9305.55516,1,1782315400226
2026-06-24T15:37:05.215Z,BINANCE,ETHUSDT,1633.12,169336.57968,1,1782315399201
2026-06-24T15:37:05.215Z,BINANCE,ETHUSDC,1631.41,10348.03363,1,1782315398223
2026-06-24T15:37:05.215Z,BINANCE,ETHUSDT,1633.2,11239.6824,1,1782315398088
2026-06-24T15:37:05.215Z,BINANCE,ETHUSDT,1633.61,2303.3901,1,1782315396182
2026-06-24T15:37:05.215Z,BINANCE,ETHUSDT,1634.11,781.10458,1,1782315393377
2026-06-24T15:37:05.215Z,BINANCE,ETHUSDC,1631.77,143.59576,1,1782315393089
2026-06-24T15:37:05.215Z,BINANCE,ETHUSDC,1632.23,6982.67994,1,1782315391216
2026-06-24T15:37:05.215Z,BINANCE,ETHUSDT,1634.23,2037.88481,1,1782315391173
2026-06-24T15:37:05.215Z,BINANCE,ETHUSDT,1633.61,3553.10175,1,1782315389157
2026-06-24T15:37:05.215Z,BINANCE,ETHUSDC,1631.72,48152.0572,1,1782315373495
2026-06-24T15:37:05.215Z,BINANCE,ETHUSDT,1633.98,185378.29896,1,1782315373358
2026-06-24T15:37:05.215Z,BINANCE,ETHUSD_PERP,1631.36,7640,1,1782315372055
2026-06-24T15:37:05.215Z,BINANCE,ETHUSDT,1634.04,1488.61044,1,1782315371556
2026-06-24T15:37:05.215Z,BINANCE,ETHUSDT,1633.85,155.21575,1,1782315371159
2026-06-24T15:38:09.513Z,BINANCE,ETHUSDT,1631.84,430.80576,1,1782315443280
2026-06-24T15:38:09.513Z,BINANCE,ETHUSDC,1629.84,4894.40952,1,1782315442646
2026-06-24T15:38:09.513Z,BINANCE,ETHUSDT,1631.91,155.03145,1,1782315440475
2026-06-24T15:38:09.513Z,BINANCE,ETHUSDC,1629.84,1082.21376,1,1782315438514
2026-06-24T15:38:09.513Z,BINANCE,ETHUSDT,1631.74,22439.68848,1,1782315438287
2026-06-24T15:38:09.513Z,BINANCE,ETHUSDT,1631.72,185980.18216,1,1782315438118
2026-06-24T15:38:09.513Z,BINANCE,ETHUSDT,1631.61,9246.33387,1,1782315436242
2026-06-24T15:38:09.513Z,BINANCE,ETHUSDT,1631.98,4992.22682,1,1782315433103
2026-06-24T15:38:09.513Z,BINANCE,ETHUSDT_260626,1633.42,816.71,1,1782315432549
2026-06-24T15:38:09.513Z,BINANCE,ETHUSDT,1632.12,285.621,1,1782315430555
2026-06-24T15:38:09.513Z,BINANCE,ETHUSDT,1632.05,1300.74385,1,1782315429230
2026-06-24T15:38:09.513Z,BINANCE,ETHUSDT,1632.57,2930.46315,1,1782315423098
2026-06-24T15:39:17.740Z,BINANCE,ETHUSDT,1633,243.317,1,1782315523268
2026-06-24T15:39:17.740Z,BINANCE,ETHUSDT,1632.71,2488.25004,1,1782315507632
2026-06-24T15:39:17.740Z,BINANCE,ETHUSDT,1632.53,163.253,1,1782315506497
2026-06-24T15:39:17.740Z,BINANCE,ETHUSDT,1632.36,1542.5802,1,1782315505255
2026-06-24T15:41:44.675Z,BINANCE,ETHUSDT,1630.94,19510.93522,1,1782315698382
2026-06-24T15:41:44.675Z,BINANCE,ETHUSDC,1628.99,1241.29038,1,1782315698315
2026-06-24T15:41:44.675Z,BINANCE,ETHUSDT,1630.26,29925.05256,1,1782315697351
2026-06-24T15:41:44.675Z,BINANCE,ETHUSDT_260626,1630.92,45910.398,1,1782315696615
2026-06-24T15:41:44.675Z,BINANCE,ETHUSDT,1630.07,15810.04893,1,1782315696372
2026-06-24T15:42:52.992Z,BINANCE,ETHUSDT,1628.41,4885.23,1,1782315759235
2026-06-24T15:42:52.992Z,BINANCE,ETHUSDC,1626.8,1522.6848,1,1782315749728
2026-06-24T15:42:52.992Z,BINANCE,ETHUSDT,1628.6,1278.451,1,1782315749685
2026-06-24T15:42:52.992Z,BINANCE,ETHUSDC,1626.63,307.43307,1,1782315748761
2026-06-24T15:42:52.992Z,BINANCE,ETHUSDT,1628.36,25402.416,1,1782315748349
2026-06-24T15:42:52.992Z,BINANCE,ETHUSDT,1627.78,39118.80896,1,1782315747438
2026-06-24T15:42:52.992Z,BINANCE,ETHUSDC,1626.02,4962.61304,1,1782315747181
2026-06-24T15:42:52.992Z,BINANCE,ETHUSDT,1628.57,3882.51088,1,1782315744231
2026-06-24T15:42:52.992Z,BINANCE,ETHUSDC,1626.81,162.681,1,1782315743197
2026-06-24T15:42:52.992Z,BINANCE,ETHUSDT,1628.45,26820.5715,1,1782315743096
2026-06-24T15:42:52.992Z,BINANCE,ETHUSDT,1628.61,49499.97234,1,1782315742422
2026-06-24T15:42:52.992Z,BINANCE,ETHUSDC,1626.79,1351.86249,1,1782315740402
2026-06-24T15:42:52.992Z,BINANCE,ETHUSDT,1628.68,115978.3028,1,1782315740248
2026-06-24T15:42:52.992Z,BINANCE,ETHUSDT,1628.75,413.7025,1,1782315739081
2026-06-24T15:42:52.992Z,BINANCE,ETHUSDT,1628.84,702.03004,1,1782315735210
2026-06-24T15:42:52.992Z,BINANCE,ETHUSDT,1629.15,1598.19615,1,1782315734198
2026-06-24T15:42:52.992Z,BINANCE,ETHUSDT_260925,1635.43,878.22591,1,1782315733598
2026-06-24T15:42:52.992Z,BINANCE,ETHUSDT,1629.08,4892.12724,1,1782315727649
2026-06-24T15:42:52.992Z,BINANCE,ETHUSDC,1627.13,1998.11564,1,1782315727454
2026-06-24T15:42:52.992Z,BINANCE,ETHUSDT,1628.93,81446.5,1,1782315726315
2026-06-24T15:42:52.992Z,BINANCE,ETHUSDC,1627.16,29049.68748,1,1782315726088
2026-06-24T15:42:52.992Z,BINANCE,ETHUSDT,1628.84,4454.8774,1,1782315725301
2026-06-24T15:42:52.992Z,BINANCE,ETHUSDT,1628.58,193698.41946,1,1782315724098
2026-06-24T15:42:52.992Z,BINANCE,ETHUSDT,1630.73,326.146,1,1782315710487
2026-06-24T15:42:52.992Z,BINANCE,ETHUSDC,1628.47,677.44352,1,1782315702389
2026-06-24T15:43:58.856Z,BINANCE,ETHUSDT,1627.23,4050.17547,1,1782315832697
2026-06-24T15:43:58.856Z,BINANCE,ETHUSDT,1627.41,245.73891,1,1782315826812
2026-06-24T15:43:58.856Z,BINANCE,ETHUSDC,1625.54,6942.68134,1,1782315826387
2026-06-24T15:43:58.856Z,BINANCE,ETHUSDT,1627.07,19220.57791,1,1782315825650
2026-06-24T15:43:58.856Z,BINANCE,ETHUSDT,1627.25,32707.725,1,1782315825275
2026-06-24T15:43:58.856Z,BINANCE,ETHUSDC,1625.43,4084.70559,1,1782315825167
2026-06-24T15:43:58.856Z,BINANCE,ETHUSD_PERP,1624.05,5800,1,1782315824080
2026-06-24T15:43:58.856Z,BINANCE,ETHUSDT,1628.48,1460.74656,1,1782315812347
2026-06-24T15:43:58.856Z,BINANCE,ETHUSDT,1629.42,257.44836,1,1782315783533
2026-06-24T15:43:58.856Z,BINANCE,ETHUSDT,1628.21,408.68071,1,1782315780562
2026-06-24T15:43:58.856Z,BINANCE,ETHUSDT,1628.33,9719.50177,1,1782315780318
2026-06-24T15:43:58.856Z,BINANCE,ETHUSDT,1628.45,43411.2201,1,1782315776647
2026-06-24T15:43:58.856Z,BINANCE,ETHUSDT,1628.43,11319.21693,1,1782315775072
2026-06-24T15:49:30.660Z,BINANCE,ETHUSDT,1618.22,4840.09602,1,1782316153330
2026-06-24T15:49:30.660Z,BINANCE,ETHUSDT,1617.8,514.4604,1,1782316147466
2026-06-24T15:49:30.660Z,BINANCE,ETHUSDT,1620.42,249.54468,2,1782316089087
2026-06-24T15:49:30.660Z,BINANCE,ETHUSDC,1615.15,3230.3,1,1782316048355
2026-06-24T15:49:30.660Z,BINANCE,ETHUSDT,1616.82,3948.27444,1,1782316048347
2026-06-24T15:49:30.660Z,BINANCE,ETHUSD_PERP,1614.03,3370,1,1782316048083
2026-06-24T15:49:30.660Z,BINANCE,ETHUSDT,1616.49,210715.93746,1,1782316047281
2026-06-24T15:49:30.660Z,BINANCE,ETHUSD_PERP,1613.88,890,1,1782316047068
2026-06-24T15:49:30.660Z,BINANCE,ETHUSDT,1617.21,11795.92974,1,1782316039074
2026-06-24T15:49:30.660Z,BINANCE,ETHUSDT,1617.92,1231.23712,1,1782316034570
2026-06-24T15:49:30.660Z,BINANCE,ETHUSDT,1616.94,9701.64,1,1782316030259
2026-06-24T15:49:30.660Z,BINANCE,ETHUSDC,1614.73,124121.06564,1,1782316030247
2026-06-24T15:49:30.660Z,BINANCE,ETHUSDT,1616.98,32339.6,1,1782316030141
2026-06-24T15:49:30.660Z,BINANCE,ETHUSDC,1615.07,1615.07,1,1782316029203
2026-06-24T15:49:30.660Z,BINANCE,ETHUSD_PERP,1614.55,1000,1,1782316028101
2026-06-24T15:49:30.660Z,BINANCE,ETHUSDT,1617.03,29384.66916,1,1782316028100
2026-06-24T15:49:30.660Z,BINANCE,ETHUSDC,1614.97,3229.94,1,1782316027911
2026-06-24T15:49:30.660Z,BINANCE,ETHUSDT,1616.62,932508.44812,1,1782316027417
2026-06-24T15:49:30.660Z,BINANCE,ETHUSDT,1617.81,111999.36849,1,1782316026569
2026-06-24T15:49:30.660Z,BINANCE,ETHUSDC,1615.69,1408.88168,1,1782316026314
2026-06-24T15:49:30.660Z,BINANCE,ETHUSDC,1616.18,15917.75682,1,1782316025563
2026-06-24T15:49:30.660Z,BINANCE,ETHUSDT,1619.2,5336.8832,1,1782316024496
2026-06-24T15:49:30.660Z,BINANCE,ETHUSDC,1616.71,11316.97,1,1782316023586
2026-06-24T15:49:30.660Z,BINANCE,ETHUSDT,1618.81,90654.97881,1,1782316023585
2026-06-24T15:49:30.660Z,BINANCE,ETHUSDT,1619.73,53397.63891,1,1782316021672
2026-06-24T15:49:30.660Z,BINANCE,ETHUSDT_260626,1621.13,487.96013,1,1782316021370
2026-06-24T15:49:30.660Z,BINANCE,ETHUSDT_260925,1625.88,458.49816,1,1782316021370
2026-06-24T15:49:30.660Z,BINANCE,ETHUSDC,1617.44,32348.8,1,1782316017681
2026-06-24T15:49:30.660Z,BINANCE,ETHUSD_PERP,1617.03,140,1,1782316017114
2026-06-24T15:49:30.660Z,BINANCE,ETHUSDT,1619.53,13455.05524,1,1782316016384
2026-06-24T15:49:30.660Z,BINANCE,ETHUSDT,1619.61,1930.57512,1,1782316015311
2026-06-24T15:49:30.660Z,BINANCE,ETHUSDT,1619.55,34700.4783,1,1782316014105
2026-06-24T15:49:30.660Z,BINANCE,ETHUSDT,1619.55,58917.60945,1,1782316013156
2026-06-24T15:49:30.660Z,BINANCE,ETHUSDT,1621.11,7551.13038,1,1782316006488
2026-06-24T15:49:30.660Z,BINANCE,ETHUSDT,1620.51,8519.02107,1,1782316005432
2026-06-24T15:49:30.660Z,BINANCE,ETHUSDT_260626,1621.72,569.22372,1,1782316005225
2026-06-24T15:49:30.660Z,BINANCE,ETHUSDC,1618.3,49204.4115,1,1782316005141
2026-06-24T15:49:30.660Z,BINANCE,ETHUSDT,1619.98,14233.14428,1,1782316004138
2026-06-24T15:49:30.660Z,BINANCE,ETHUSDT,1619.93,21630.92529,1,1782316003479
2026-06-24T15:49:30.660Z,BINANCE,ETHUSDT,1620.43,6606.49311,1,1782315999412
2026-06-24T15:49:30.660Z,BINANCE,ETHUSDT,1620.27,82949.72265,1,1782315998615
2026-06-24T15:49:30.660Z,BINANCE,ETHUSDT,1620.46,34266.24716,1,1782315997450
2026-06-24T15:49:30.660Z,BINANCE,ETHUSDC,1618.72,375.54304,1,1782315995568
2026-06-24T15:49:30.660Z,BINANCE,ETHUSDT,1620.55,1006.36155,1,1782315995509
2026-06-24T15:49:30.660Z,BINANCE,ETHUSDC,1618.69,3164.53895,1,1782315995099
2026-06-24T15:49:30.660Z,BINANCE,ETHUSDT,1620.61,72062.04426,1,1782315994189
2026-06-24T15:49:30.660Z,BINANCE,ETHUSD_PERP,1618.45,6330,1,1782315994036
2026-06-24T15:49:30.660Z,BINANCE,ETHUSDT,1620.81,727.74369,1,1782315993113
2026-06-24T15:49:30.660Z,BINANCE,ETHUSDT,1622.1,817.5384,1,1782315989118
2026-06-24T15:49:30.660Z,BINANCE,ETHUSDT,1622.45,1401.7968,1,1782315969638
2026-06-24T15:49:30.660Z,BINANCE,ETHUSDC,1620.8,4275.6704,1,1782315969572
2026-06-24T15:49:30.660Z,BINANCE,ETHUSDT,1621.5,25944,1,1782315968679
2026-06-24T15:49:30.660Z,BINANCE,ETHUSDC,1619.42,406.47442,1,1782315968096
2026-06-24T15:49:30.660Z,BINANCE,ETHUSDT,1621.15,2452.79995,1,1782315967450
2026-06-24T15:49:30.660Z,BINANCE,ETHUSDT,1621.27,149675.6464,1,1782315966656
2026-06-24T15:49:30.660Z,BINANCE,ETHUSDT,1621.7,24800.6581,1,1782315965354
2026-06-24T15:49:30.660Z,BINANCE,ETHUSDC,1620.38,6481.52,1,1782315964648
2026-06-24T15:49:30.660Z,BINANCE,ETHUSDT,1622.16,10694.90088,1,1782315964093
2026-06-24T15:49:30.660Z,BINANCE,ETHUSDT,1622.09,3383.67974,1,1782315962540
2026-06-24T15:49:30.660Z,BINANCE,ETHUSDT,1622.82,67507.68918,1,1782315942423
2026-06-24T15:49:30.660Z,BINANCE,ETHUSDT,1622.47,5302.23196,1,1782315941632
2026-06-24T15:49:30.660Z,BINANCE,ETHUSDT,1622.64,121.698,1,1782315940073
2026-06-24T15:49:30.660Z,BINANCE,ETHUSDT,1623.05,7259.90265,1,1782315931283
2026-06-24T15:49:30.660Z,BINANCE,ETHUSDT,1622.99,3255.71794,1,1782315931152
2026-06-24T15:49:30.660Z,BINANCE,ETHUSDT,1622.22,9172.03188,1,1782315930084
2026-06-24T15:49:30.660Z,BINANCE,ETHUSDT,1622.99,3245.98,1,1782315924335
2026-06-24T15:49:30.660Z,BINANCE,ETHUSDT,1622.74,3800.45708,1,1782315923287
2026-06-24T15:49:30.660Z,BINANCE,ETHUSDT,1622.13,12165.975,1,1782315922198
2026-06-24T15:49:30.660Z,BINANCE,ETHUSDT_260626,1624.05,1624.05,1,1782315921482
2026-06-24T15:49:30.660Z,BINANCE,ETHUSDT,1622.11,57414.58345,1,1782315921295
2026-06-24T15:49:30.660Z,BINANCE,ETHUSDT,1623.03,1954.12812,1,1782315919093
2026-06-24T15:49:30.660Z,BINANCE,ETHUSDT,1622.96,48688.8,1,1782315917591
2026-06-24T15:49:30.660Z,BINANCE,ETHUSDC,1620.92,1538.25308,1,1782315917417
2026-06-24T15:49:30.660Z,BINANCE,ETHUSD_PERP,1620.23,7570,1,1782315917149
2026-06-24T15:49:30.660Z,BINANCE,ETHUSDT,1622.7,295414.1577,1,1782315917142
2026-06-24T15:49:30.660Z,BINANCE,ETHUSDT,1622.01,58765.4223,1,1782315915680
2026-06-24T15:49:30.660Z,BINANCE,ETHUSDC,1620,1948.86,1,1782315915148
2026-06-24T15:49:30.660Z,BINANCE,ETHUSD_PERP,1619.28,210,1,1782315915113
2026-06-24T15:49:30.660Z,BINANCE,ETHUSDT,1621.99,43071.94445,1,1782315914339
2026-06-24T15:49:30.660Z,BINANCE,ETHUSDC,1620.55,1071.18355,1,1782315913630
2026-06-24T15:49:30.660Z,BINANCE,ETHUSDC,1620.2,93054.5668,1,1782315913487
2026-06-24T15:49:30.660Z,BINANCE,ETHUSDT,1622.42,209443.06506,1,1782315913201
2026-06-24T15:49:30.660Z,BINANCE,ETHUSDT,1622.42,135574.28246,1,1782315913100
2026-06-24T15:49:30.660Z,BINANCE,ETHUSDT_260626,1624.47,162.447,1,1782315912376
2026-06-24T15:49:30.660Z,BINANCE,ETHUSDT,1623.02,48836.6718,1,1782315911386
2026-06-24T15:49:30.660Z,BINANCE,ETHUSDC,1621.38,1058.76114,1,1782315910475
2026-06-24T15:49:30.660Z,BINANCE,ETHUSDT,1623.36,59600.03904,1,1782315910253
2026-06-24T15:49:30.660Z,BINANCE,ETHUSDT,1624.37,24365.55,1,1782315909306
2026-06-24T15:49:30.660Z,BINANCE,ETHUSDT,1624.52,17994.80804,1,1782315908188
2026-06-24T15:49:30.660Z,BINANCE,ETHUSDT_260626,1627.05,608.5167,1,1782315887991
2026-06-24T15:49:30.660Z,BINANCE,ETHUSDT,1625.52,24382.8,1,1782315887397
2026-06-24T15:49:30.660Z,BINANCE,ETHUSDT,1625.47,49385.02954,2,1782315886330
2026-06-24T15:49:30.660Z,BINANCE,ETHUSDC,1623.44,48764.89072,1,1782315886330
2026-06-24T15:49:30.660Z,BINANCE,ETHUSD_PERP,1622.47,2890,1,1782315886073
2026-06-24T15:49:30.660Z,BINANCE,ETHUSDT,1625.13,3058.49466,1,1782315885563
2026-06-24T15:49:30.660Z,BINANCE,ETHUSDT,1625.15,66766.03745,1,1782315884561
2026-06-24T15:49:30.660Z,BINANCE,ETHUSDT,1625.81,1942.84295,1,1782315874402
2026-06-24T15:49:30.660Z,BINANCE,ETHUSDC,1623.84,16238.4,1,1782315873564
2026-06-24T15:49:30.660Z,BINANCE,ETHUSDT,1625.81,180573.83927,1,1782315873522
2026-06-24T15:49:30.660Z,BINANCE,ETHUSDT,1625.81,13790.12042,1,1782315872336
2026-06-24T15:49:30.660Z,BINANCE,ETHUSDT,1626.34,31500.57946,1,1782315861662
2026-06-24T15:49:30.660Z,BINANCE,ETHUSDT,1626.18,12215.86416,1,1782315859455
2026-06-24T15:49:30.660Z,BINANCE,ETHUSDT,1626.56,4180.2592,1,1782315850425
2026-06-24T15:49:30.660Z,BINANCE,ETHUSDT,1626.65,27116.2555,1,1782315848459
2026-06-24T15:49:30.660Z,BINANCE,ETHUSD_PERP,1624.07,4050,1,1782315848108
2026-06-24T15:49:30.660Z,BINANCE,ETHUSDT,1626.56,1486.67584,1,1782315847164
2026-06-24T15:49:30.660Z,BINANCE,ETHUSDT,1626.56,1825.00032,1,1782315847057
2026-06-24T15:49:30.660Z,BINANCE,ETHUSDC,1624.78,479.3101,1,1782315846256
2026-06-24T15:49:30.660Z,BINANCE,ETHUSDT,1626.34,1793.85302,1,1782315845134
2026-06-24T15:49:30.660Z,BINANCE,ETHUSDT,1626.78,143.15664,1,1782315843363
2026-06-24T15:49:30.660Z,BINANCE,ETHUSD_PERP,1624.07,6390,1,1782315843138
2026-06-24T15:49:30.660Z,BINANCE,ETHUSD_260925,1629.39,1650,1,1782315842130
2026-06-24T15:50:18.568Z,BINANCE,ETHUSDT,1621.07,23688.69591,2,1782316206724
2026-06-24T15:51:31.883Z,BINANCE,ETHUSDT,1620.59,2942.99144,1,1782316281627
2026-06-24T15:52:45.971Z,BINANCE,ETHUSDT,1621.16,844.62436,1,1782316304565
2026-06-24T15:54:11.186Z,BINANCE,ETHUSDT,1622.98,25342.8327,2,1782316372168
2026-06-24T15:56:32.368Z,BINANCE,ETHUSDT,1616.93,666.17516,1,1782316589417
2026-06-24T15:56:32.368Z,BINANCE,ETHUSDT,1616.74,745.31714,1,1782316586463
2026-06-24T15:56:32.368Z,BINANCE,ETHUSDT,1617,7586.964,1,1782316583216
2026-06-24T15:56:32.368Z,BINANCE,ETHUSDT,1616.98,43949.5164,1,1782316579543
2026-06-24T15:56:32.368Z,BINANCE,ETHUSDT,1617.08,1649.4216,1,1782316579259
2026-06-24T15:58:31.673Z,BINANCE,ETHUSDT,1616.4,177.804,1,1782316608640
2026-06-24T15:58:31.673Z,BINANCE,ETHUSDT,1616.51,64660.4,1,1782316604625
2026-06-24T15:58:31.673Z,BINANCE,ETHUSDT,1616.62,3233.24,1,1782316604239
2026-06-24T15:58:31.673Z,BINANCE,ETHUSD_PERP,1613.33,1110,1,1782316603099
2026-06-24T15:58:31.673Z,BINANCE,ETHUSDT,1616.28,31106.92488,1,1782316602203
2026-06-24T15:59:41.000Z,BINANCE,ETHUSDT,1617.23,59627.2701,1,1782316773180
2026-06-24T15:59:41.000Z,BINANCE,ETHUSDT,1616.86,771.24222,1,1782316769380
2026-06-24T15:59:41.000Z,BINANCE,ETHUSDT,1617.02,145.5318,1,1782316764985
2026-06-24T15:59:41.000Z,BINANCE,ETHUSDT,1616.72,221.49064,1,1782316727571
2026-06-24T15:59:41.000Z,BINANCE,ETHUSDT,1616.72,1403.31296,1,1782316726613
2026-06-24T15:59:41.000Z,BINANCE,ETHUSDT,1617.27,190.83786,1,1782316714356
2026-06-24T16:01:12.476Z,BINANCE,ETHUSDT,1620.7,366.2782,2,1782316820496
2026-06-24T16:01:12.476Z,BINANCE,ETHUSDT,1617.21,2621.49741,1,1782316803294
2026-06-24T16:01:55.054Z,BINANCE,ETHUSDT,1620.07,393.67701,1,1782316884257
2026-06-24T16:05:30.914Z,BINANCE,ETHUSDT,1618.15,797.74795,1,1782317068233
2026-06-24T16:07:42.641Z,BINANCE,ETHUSDT,1620.61,1247.8697,2,1782317252118
2026-06-24T16:07:42.641Z,BINANCE,ETHUSDT,1620.8,157.2176,2,1782317241264
2026-06-24T16:07:42.641Z,BINANCE,ETHUSDT,1615.87,479.91339,1,1782317215421
2026-06-24T16:07:42.641Z,BINANCE,ETHUSDT,1615.77,57508.48584,1,1782317210364
2026-06-24T16:07:42.641Z,BINANCE,ETHUSDT,1615.34,41763.00036,1,1782317208310
2026-06-24T16:07:42.641Z,BINANCE,ETHUSDC,1613.98,713.37916,1,1782317207450
2026-06-24T16:07:42.641Z,BINANCE,ETHUSDT,1615.82,54039.48408,1,1782317207263
2026-06-24T16:07:42.641Z,BINANCE,ETHUSDT,1615.99,59032.1147,1,1782317206227
2026-06-24T16:07:42.641Z,BINANCE,ETHUSD_PERP,1613.18,930,1,1782317206046
2026-06-24T16:07:42.641Z,BINANCE,ETHUSDT,1616.25,6385.80375,1,1782317204081
2026-06-24T16:07:42.641Z,BINANCE,ETHUSDT,1616.32,8657.00992,1,1782317202658
2026-06-24T16:07:42.641Z,BINANCE,ETHUSDT,1616.62,34406.52346,1,1782317201074
2026-06-24T16:07:42.641Z,BINANCE,ETHUSDT,1618.26,116.51472,1,1782317197307
2026-06-24T16:09:55.223Z,BINANCE,ETHUSDT,1619.42,1531.97132,1,1782317337599
2026-06-24T16:09:55.223Z,BINANCE,ETHUSDC,1617.48,189.24516,1,1782317337257
2026-06-24T16:10:58.214Z,BINANCE,ETHUSDT,1623.98,620.36036,2,1782317446189
2026-06-24T16:10:58.214Z,BINANCE,ETHUSDT,1623.84,1503.67584,2,1782317445321
2026-06-24T16:12:06.123Z,BINANCE,ETHUSDT,1624.35,5716.08765,1,1782317508514
2026-06-24T16:12:06.123Z,BINANCE,ETHUSDT,1624.09,19596.26994,1,1782317505593
2026-06-24T16:12:06.123Z,BINANCE,ETHUSDT,1623.96,800.61228,1,1782317504433
2026-06-24T16:12:06.123Z,BINANCE,ETHUSDT,1624.45,8575.47155,2,1782317465496
2026-06-24T16:12:06.123Z,BINANCE,ETHUSDT,1624.95,108.87165,2,1782317464433
2026-06-24T16:12:06.123Z,BINANCE,ETHUSDT,1624.84,180.35724,2,1782317462063
2026-06-24T16:12:06.123Z,BINANCE,ETHUSDT,1624.64,1491.41952,2,1782317459806
2026-06-24T16:13:19.475Z,BINANCE,ETHUSDT,1623.92,3941.25384,1,1782317549592
2026-06-24T16:14:33.860Z,BINANCE,ETHUSDT,1627.31,8182.11468,2,1782317668153
2026-06-24T16:14:33.860Z,BINANCE,ETHUSDT,1626.95,2137.8123,2,1782317652629
2026-06-24T16:14:33.860Z,BINANCE,ETHUSDC,1624.8,350.9568,2,1782317652212
2026-06-24T16:14:33.860Z,BINANCE,ETHUSDT,1626.8,105231.1848,2,1782317652167
2026-06-24T16:14:33.860Z,BINANCE,ETHUSDC,1624.66,108.85222,2,1782317650671
2026-06-24T16:14:33.860Z,BINANCE,ETHUSDT,1627.01,4067.525,2,1782317650101
2026-06-24T16:14:33.860Z,BINANCE,ETHUSDT,1625.86,803.17484,2,1782317648600
2026-06-24T16:16:50.838Z,BINANCE,ETHUSDT,1629.58,4134.24446,2,1782317723879
2026-06-24T16:16:50.838Z,BINANCE,ETHUSDC,1627.56,50312.76228,2,1782317723774
2026-06-24T16:16:50.838Z,BINANCE,ETHUSDT,1628.76,20911.64964,2,1782317719527
2026-06-24T16:16:50.838Z,BINANCE,ETHUSDT,1628.79,7787.24499,2,1782317718079
2026-06-24T16:16:50.838Z,BINANCE,ETHUSDT,1628.44,7067.4296,2,1782317716660
2026-06-24T16:16:50.838Z,BINANCE,ETHUSDT,1627.63,6510.52,2,1782317715082
2026-06-24T16:16:50.838Z,BINANCE,ETHUSDT,1627.83,813.915,2,1782317713614
2026-06-24T16:19:24.097Z,BINANCE,ETHUSDT,1630.36,3352.02016,2,1782317936288
2026-06-24T16:20:17.831Z,BINANCE,ETHUSDT,1630.87,720.84454,2,1782317960547
2026-06-24T16:20:17.831Z,BINANCE,ETHUSDT,1629.85,164.61485,2,1782317946316
2026-06-24T16:24:43.758Z,BINANCE,ETHUSDT,1633.99,3967.32772,1,1782318248548
2026-06-24T16:24:43.758Z,BINANCE,ETHUSDT,1635.08,134.07656,2,1782318219365
2026-06-24T16:24:43.758Z,BINANCE,ETHUSDT,1634.64,307.31232,2,1782318217261
2026-06-24T16:24:43.758Z,BINANCE,ETHUSDT,1634.35,1634.35,1,1782318212649
2026-06-24T16:24:43.758Z,BINANCE,ETHUSDT,1634.58,147112.2,2,1782318207516
2026-06-24T16:24:43.758Z,BINANCE,ETHUSDT,1634.41,1346.75384,2,1782318206537
2026-06-24T16:24:43.758Z,BINANCE,ETHUSDT,1634,2228.776,2,1782318204396
2026-06-24T16:24:43.758Z,BINANCE,ETHUSDC,1632.14,2849.71644,2,1782318204214
2026-06-24T16:24:43.758Z,BINANCE,ETHUSDT,1634,14831.818,2,1782318203371
2026-06-24T16:24:43.758Z,BINANCE,ETHUSDT,1633.18,5820.65352,2,1782318191398
2026-06-24T16:24:43.758Z,BINANCE,ETHUSDT,1633.34,70449.22088,2,1782318190213
2026-06-24T16:24:43.758Z,BINANCE,ETHUSDT,1632.24,2190.46608,2,1782318171611
2026-06-24T16:24:43.758Z,BINANCE,ETHUSDT,1632.24,426.01464,2,1782318170310
2026-06-24T16:24:43.758Z,BINANCE,ETHUSDT,1631.99,306.81412,2,1782318169258
2026-06-24T16:26:51.872Z,BINANCE,ETHUSDT,1628.64,5726.29824,1,1782318383078
2026-06-24T16:26:51.872Z,BINANCE,ETHUSDT,1630.13,9780.78,1,1782318356650
2026-06-24T16:33:18.541Z,BINANCE,ETHUSDT,1628.16,1382.30784,1,1782318787227
2026-06-24T16:34:26.621Z,BINANCE,ETHUSDT,1628.37,340.32933,1,1782318797634
2026-06-24T16:37:55.676Z,BINANCE,ETHUSDT,1624.99,32499.8,1,1782319072541
2026-06-24T16:37:55.676Z,BINANCE,ETHUSDT,1625.2,190.1484,1,1782319055237
2026-06-24T16:37:55.676Z,BINANCE,ETHUSDT,1625.84,812.92,1,1782319049336
2026-06-24T16:37:55.676Z,BINANCE,ETHUSDC,1624.24,1624.24,1,1782319020215
2026-06-24T16:37:55.676Z,BINANCE,ETHUSDT,1625.9,14031.517,1,1782319019440
2026-06-24T16:37:55.676Z,BINANCE,ETHUSDT,1625.71,920.15186,1,1782319017613
2026-06-24T16:39:03.999Z,BINANCE,ETHUSDT,1623.9,597.5952,1,1782319133309
2026-06-24T16:39:03.999Z,BINANCE,ETHUSDT,1623.79,5249.71307,1,1782319132374
2026-06-24T16:39:03.999Z,BINANCE,ETHUSDT,1623.99,139.66314,1,1782319127513
2026-06-24T16:39:03.999Z,BINANCE,ETHUSDT,1623.92,513.15872,1,1782319124612
2026-06-24T16:39:03.999Z,BINANCE,ETHUSDC,1621.93,137.86405,1,1782319123212
2026-06-24T16:39:03.999Z,BINANCE,ETHUSDT,1623.97,2245.95051,1,1782319122467
2026-06-24T16:39:03.999Z,BINANCE,ETHUSDT,1623.98,20341.97348,2,1782319122075
2026-06-24T16:40:55.350Z,BINANCE,ETHUSDT,1621.32,45609.35292,1,1782319226191
2026-06-24T16:40:55.350Z,BINANCE,ETHUSDT,1621.44,3568.78944,1,1782319222292
2026-06-24T16:40:55.350Z,BINANCE,ETHUSDT,1621.53,1843.67961,1,1782319219124
2026-06-24T16:40:55.350Z,BINANCE,ETHUSDT,1621.61,145.9449,1,1782319214354
2026-06-24T16:40:55.350Z,BINANCE,ETHUSDT,1621.86,15511.46904,1,1782319213310
2026-06-24T16:40:55.350Z,BINANCE,ETHUSDT,1622.17,1704.90067,1,1782319211281
2026-06-24T16:40:55.350Z,BINANCE,ETHUSDT,1623.73,878.43793,1,1782319175357
2026-06-24T16:42:11.515Z,BINANCE,ETHUSDT,1620.84,136.15056,1,1782319315774
2026-06-24T16:43:19.621Z,BINANCE,ETHUSDT,1621.44,1122.03648,1,1782319390090
2026-06-24T16:43:19.621Z,BINANCE,ETHUSDT,1621.56,2200.45692,1,1782319356149
2026-06-24T16:44:27.640Z,BINANCE,ETHUSDT,1619.49,113.3643,1,1782319436062
2026-06-24T16:44:27.640Z,BINANCE,ETHUSDT,1619.62,10752.65718,1,1782319423354
2026-06-24T16:44:27.640Z,BINANCE,ETHUSDT,1619.31,7316.04258,1,1782319422392
2026-06-24T16:44:27.640Z,BINANCE,ETHUSDT,1619.55,481.00635,1,1782319421347
2026-06-24T16:44:27.640Z,BINANCE,ETHUSDT,1619.86,4569.62506,1,1782319419223
2026-06-24T16:44:27.640Z,BINANCE,ETHUSDT,1619.89,3986.54929,1,1782319415578
2026-06-24T16:44:27.640Z,BINANCE,ETHUSDT_260925,1625.8,102.4254,1,1782319415553
2026-06-24T16:44:27.640Z,BINANCE,ETHUSDT,1620.35,2355.9889,1,1782319413137
2026-06-24T16:45:30.604Z,BINANCE,ETHUSDT,1619.22,5958.7296,1,1782319527350
2026-06-24T16:45:30.604Z,BINANCE,ETHUSDT,1619.07,3034.13718,1,1782319521296
2026-06-24T16:45:30.604Z,BINANCE,ETHUSDT,1619.79,5079.66144,1,1782319517549
2026-06-24T16:46:38.642Z,BINANCE,ETHUSDT,1617.93,1132.551,1,1782319590335
2026-06-24T16:46:38.642Z,BINANCE,ETHUSDT,1617.76,15386.51536,1,1782319587183
2026-06-24T16:46:38.642Z,BINANCE,ETHUSDT,1617.83,7513.20252,1,1782319586509
2026-06-24T16:46:38.642Z,BINANCE,ETHUSDT,1618.3,25920.3111,1,1782319580213
2026-06-24T16:46:38.642Z,BINANCE,ETHUSDT,1617.89,12943.12,1,1782319578488
2026-06-24T16:46:38.642Z,BINANCE,ETHUSDT,1618.82,1903.73232,1,1782319574624
2026-06-24T16:46:38.642Z,BINANCE,ETHUSDT,1618.81,97627.19348,1,1782319574095
2026-06-24T16:46:38.642Z,BINANCE,ETHUSDT,1618.29,1220.19066,1,1782319572315
2026-06-24T16:46:38.642Z,BINANCE,ETHUSDT,1618.52,3254.84372,1,1782319571260
2026-06-24T16:49:56.428Z,BINANCE,ETHUSDT,1611.52,1611.52,1,1782319769168
2026-06-24T16:49:56.428Z,BINANCE,ETHUSDT,1613.92,242.088,2,1782319736094
2026-06-24T16:49:56.428Z,BINANCE,ETHUSDC,1609.61,1609.61,1,1782319701623
2026-06-24T16:49:56.428Z,BINANCE,ETHUSDT,1610.47,248115.45008,1,1782319700314
2026-06-24T16:49:56.428Z,BINANCE,ETHUSDC,1608.36,117252.66072,1,1782319700227
2026-06-24T16:49:56.428Z,BINANCE,ETHUSDT,1611.38,24170.7,1,1782319694697
2026-06-24T16:49:56.428Z,BINANCE,ETHUSDT,1610.97,839739.05511,1,1782319694259
2026-06-24T16:49:56.428Z,BINANCE,ETHUSDT,1612.53,23584.86378,1,1782319679061
2026-06-24T16:49:56.428Z,BINANCE,ETHUSDT_260626,1613.45,137.14325,1,1782319645676
2026-06-24T16:49:56.428Z,BINANCE,ETHUSDT,1611.56,29122.50076,1,1782319645577
2026-06-24T16:49:56.428Z,BINANCE,ETHUSDT,1611.79,235.32134,1,1782319645381
2026-06-24T16:49:56.428Z,BINANCE,ETHUSDT,1611.1,325.4422,1,1782319643218
2026-06-24T16:49:56.428Z,BINANCE,ETHUSDT,1611.41,19328.86295,1,1782319642099
2026-06-24T16:49:56.428Z,BINANCE,ETHUSDC,1609.47,970.51041,1,1782319641440
2026-06-24T16:49:56.428Z,BINANCE,ETHUSDT,1611.6,1464.9444,1,1782319638075
2026-06-24T16:49:56.428Z,BINANCE,ETHUSDT,1611.72,16117.2,1,1782319632637
2026-06-24T16:49:56.428Z,BINANCE,ETHUSDC,1609.93,8136.58622,1,1782319632607
2026-06-24T16:49:56.428Z,BINANCE,ETHUSDT,1611.61,58693.22459,1,1782319632284
2026-06-24T16:49:56.428Z,BINANCE,ETHUSDT_260626,1613.49,9471.1863,1,1782319632134
2026-06-24T16:49:56.428Z,BINANCE,ETHUSD_PERP,1609.24,1600,1,1782319632125
2026-06-24T16:49:56.428Z,BINANCE,ETHUSDC,1609.45,15078.93705,1,1782319631300
2026-06-24T16:49:56.428Z,BINANCE,ETHUSD_PERP,1608.39,490,1,1782319631089
2026-06-24T16:49:56.428Z,BINANCE,ETHUSDT,1610.38,164355.3828,1,1782319630263
2026-06-24T16:49:56.428Z,BINANCE,ETHUSDT,1610.68,21972.89656,1,1782319630107
2026-06-24T16:49:56.428Z,BINANCE,ETHUSDC,1609.37,225.3118,1,1782319629475
2026-06-24T16:49:56.428Z,BINANCE,ETHUSD_PERP,1608.93,9840,1,1782319629163
2026-06-24T16:49:56.428Z,BINANCE,ETHUSDT,1611.46,13826.3268,1,1782319628472
2026-06-24T16:49:56.428Z,BINANCE,ETHUSDT,1613.82,2123.78712,2,1782319625515
2026-06-24T16:49:56.428Z,BINANCE,ETHUSDT,1613.12,40402.20352,1,1782319622570
2026-06-24T16:49:56.428Z,BINANCE,ETHUSDC,1611.44,6374.85664,1,1782319622457
2026-06-24T16:49:56.428Z,BINANCE,ETHUSDT,1612.79,483837,1,1782319621608
2026-06-24T16:49:56.428Z,BINANCE,ETHUSDT,1612.85,167950.90905,1,1782319621272
2026-06-24T16:49:56.428Z,BINANCE,ETHUSD_PERP,1610.24,300,1,1782319621091
2026-06-24T16:49:56.428Z,BINANCE,ETHUSDT_260626,1614.64,400.43072,1,1782319620881
2026-06-24T16:49:56.428Z,BINANCE,ETHUSDC,1610.88,27082.11456,1,1782319620439
2026-06-24T16:49:56.428Z,BINANCE,ETHUSDT,1612.92,36281.02248,1,1782319620072
2026-06-24T16:49:56.428Z,BINANCE,ETHUSDC,1611.71,251.42676,1,1782319619111
2026-06-24T16:49:56.428Z,BINANCE,ETHUSDT,1614.12,246766.6656,1,1782319618475
2026-06-24T16:49:56.428Z,BINANCE,ETHUSDT,1615.45,20157.5851,1,1782319616142
2026-06-24T16:49:56.428Z,BINANCE,ETHUSDT,1616.3,12285.4963,1,1782319609222
2026-06-24T16:49:56.428Z,BINANCE,ETHUSDC,1613.59,314629.07333,1,1782319608155
2026-06-24T16:49:56.428Z,BINANCE,ETHUSDT,1615.58,141474.72502,1,1782319608155
2026-06-24T16:49:56.428Z,BINANCE,ETHUSDT,1615.58,16155.8,1,1782319607370
2026-06-24T16:49:56.428Z,BINANCE,ETHUSDT,1615.16,5168512,1,1782319605404
2026-06-24T16:49:56.428Z,BINANCE,ETHUSDT,1616.25,5538.88875,1,1782319604294
2026-06-24T16:49:56.428Z,BINANCE,ETHUSDC,1614.09,25730.20869,1,1782319604074
2026-06-24T16:49:56.428Z,BINANCE,ETHUSDT,1615.98,789281.79954,1,1782319602480
2026-06-24T16:49:56.428Z,BINANCE,ETHUSDT,1616.3,12586.1281,1,1782319602396
2026-06-24T16:49:56.428Z,BINANCE,ETHUSDT,1617.07,4773.59064,1,1782319600336
2026-06-24T16:49:56.428Z,BINANCE,ETHUSDT,1617.25,15648.511,1,1782319599538
2026-06-24T16:58:42.269Z,BINANCE,ETHUSDT,1590.66,150419.17224,2,1782320317375
2026-06-24T16:58:42.269Z,BINANCE,ETHUSDT,1589.25,276.5295,2,1782320287474
2026-06-24T16:58:42.269Z,BINANCE,ETHUSDT,1584.9,29832.5727,1,1782320266235
2026-06-24T16:58:42.269Z,BINANCE,ETHUSDT,1585.14,9648.74718,1,1782320265623
2026-06-24T16:58:42.269Z,BINANCE,ETHUSDC,1582.86,151.95456,1,1782320264674
2026-06-24T16:58:42.269Z,BINANCE,ETHUSDT,1584.65,37591.0673,1,1782320264099
2026-06-24T16:58:42.269Z,BINANCE,ETHUSDC,1583.84,280.33968,1,1782320257567
2026-06-24T16:58:42.269Z,BINANCE,ETHUSDT_260626,1586.9,833.1225,1,1782320257386
2026-06-24T16:58:42.269Z,BINANCE,ETHUSDT,1585.15,41694.20045,1,1782320257241
2026-06-24T16:58:42.269Z,BINANCE,ETHUSDC,1583.38,9145.60288,1,1782320256459
2026-06-24T16:58:42.269Z,BINANCE,ETHUSDT,1584.9,35685.6084,1,1782320256327
2026-06-24T16:58:42.269Z,BINANCE,ETHUSDT_260626,1586.5,1808.61,1,1782320256243
2026-06-24T16:58:42.269Z,BINANCE,ETHUSD_PERP,1582.32,19490,1,1782320256144
2026-06-24T16:58:42.269Z,BINANCE,ETHUSDT,1586.28,1903.536,1,1782320238095
2026-06-24T16:58:42.269Z,BINANCE,ETHUSDT,1586,99372.416,1,1782320207532
2026-06-24T16:58:42.269Z,BINANCE,ETHUSDT,1587.17,447.58194,1,1782320186382
2026-06-24T16:58:42.269Z,BINANCE,ETHUSDT,1586.15,36330.76575,1,1782320184351
2026-06-24T16:58:42.269Z,BINANCE,ETHUSD_PERP,1583.57,1140,1,1782320184109
2026-06-24T16:58:42.269Z,BINANCE,ETHUSDC,1584.56,1267.648,1,1782320183076
2026-06-24T16:58:42.269Z,BINANCE,ETHUSDT,1586.19,3537.2037,1,1782320183067
2026-06-24T16:58:42.269Z,BINANCE,ETHUSD_PERP,1583.51,5090,1,1782320182103
2026-06-24T16:58:42.269Z,BINANCE,ETHUSDT,1585.75,3360.20425,1,1782320181302
2026-06-24T16:58:42.269Z,BINANCE,ETHUSDT,1586.08,33980.17792,1,1782320180429
2026-06-24T16:58:42.269Z,BINANCE,ETHUSDT,1586.89,7718.63296,1,1782320178080
2026-06-24T16:58:42.269Z,BINANCE,ETHUSDT,1589.78,875.96878,1,1782320117541
2026-06-24T16:58:42.269Z,BINANCE,ETHUSDC,1587.18,372.9873,1,1782320108589
2026-06-24T16:58:42.269Z,BINANCE,ETHUSDT,1589.09,436.99975,1,1782320107352
2026-06-24T16:58:42.269Z,BINANCE,ETHUSDT,1590.06,13919.38524,1,1782320034365
2026-06-24T16:58:42.269Z,BINANCE,ETHUSDT,1589.98,10710.10528,1,1782320033344
2026-06-24T16:58:42.269Z,BINANCE,ETHUSDT,1590.25,4481.3245,1,1782320031469
2026-06-24T16:58:42.269Z,BINANCE,ETHUSDT,1597.43,177.31473,2,1782319950231
2026-06-24T16:58:42.269Z,BINANCE,ETHUSDT,1597.78,1378.88414,2,1782319948173
2026-06-24T16:58:42.269Z,BINANCE,ETHUSDT,1596,957.6,2,1782319942636
2026-06-24T16:58:42.269Z,BINANCE,ETHUSDT,1594.55,11662.5387,2,1782319929562
2026-06-24T16:58:42.269Z,BINANCE,ETHUSDT,1594.08,478.224,2,1782319925561
2026-06-24T16:58:42.269Z,BINANCE,ETHUSDT,1589.86,596.1975,1,1782319922516
2026-06-24T16:58:42.269Z,BINANCE,ETHUSDC,1587.39,219.05982,1,1782319922350
2026-06-24T16:58:42.269Z,BINANCE,ETHUSDT,1587.53,11019.04573,1,1782319920373
2026-06-24T16:58:42.269Z,BINANCE,ETHUSDT,1587.21,24431.92353,1,1782319919229
2026-06-24T16:58:42.269Z,BINANCE,ETHUSDT,1587.62,12235.78734,1,1782319917654
2026-06-24T16:58:42.269Z,BINANCE,ETHUSDT,1585.34,1836671.8769,1,1782319916736
2026-06-24T16:58:42.269Z,BINANCE,ETHUSDC,1584.23,182978.565,1,1782319916626
2026-06-24T16:58:42.269Z,BINANCE,ETHUSDC,1583.82,633528,1,1782319916326
2026-06-24T16:58:42.269Z,BINANCE,ETHUSDT,1586.37,908886.89595,1,1782319915397
2026-06-24T16:58:42.269Z,BINANCE,ETHUSDT_260925,1591.31,3039.4021,1,1782319915357
2026-06-24T16:58:42.269Z,BINANCE,ETHUSDT_260626,1588.14,3485.9673,1,1782319915356
2026-06-24T16:58:42.269Z,BINANCE,ETHUSDC,1585.88,31717.6,1,1782319915355
2026-06-24T16:58:42.269Z,BINANCE,ETHUSDT,1588.2,27923.7324,1,1782319915085
2026-06-24T16:58:42.269Z,BINANCE,ETHUSD_PERP,1586.36,230,1,1782319915051
2026-06-24T16:58:42.269Z,BINANCE,ETHUSD_PERP,1584.22,4950,1,1782319913285
2026-06-24T16:58:42.269Z,BINANCE,ETHUSDT_260925,1592.27,200.62602,1,1782319913249
2026-06-24T16:58:42.269Z,BINANCE,ETHUSDT,1586.14,162022.61486,1,1782319912686
2026-06-24T16:58:42.269Z,BINANCE,ETHUSDT_260626,1589.3,3780.9447,1,1782319912590
2026-06-24T16:58:42.269Z,BINANCE,ETHUSDT,1587.37,415298.85099,1,1782319912413
2026-06-24T16:58:42.269Z,BINANCE,ETHUSDC,1586.61,12692.88,1,1782319912186
2026-06-24T16:58:42.269Z,BINANCE,ETHUSDT,1589.17,190700.4,1,1782319911449
2026-06-24T16:58:42.269Z,BINANCE,ETHUSDC,1587.78,55070.56152,1,1782319911287
2026-06-24T16:58:42.269Z,BINANCE,ETHUSDT,1590.36,278313,1,1782319910256
2026-06-24T16:58:42.269Z,BINANCE,ETHUSD_PERP,1587.83,14940,1,1782319910143
2026-06-24T16:58:42.269Z,BINANCE,ETHUSD_PERP,1587.22,9080,1,1782319909074
2026-06-24T16:58:42.269Z,BINANCE,ETHUSDT,1590.04,48486.67976,1,1782319908474
2026-06-24T16:58:42.269Z,BINANCE,ETHUSDT,1592.97,18986.60943,1,1782319906515
2026-06-24T16:58:42.269Z,BINANCE,ETHUSDT,1593.61,1107.55895,1,1782319905392
2026-06-24T16:58:42.269Z,BINANCE,ETHUSDT,1592.03,34876.60121,1,1782319903799
2026-06-24T16:58:42.269Z,BINANCE,ETHUSDT,1591.27,1004269.59224,1,1782319903398
2026-06-24T16:58:42.269Z,BINANCE,ETHUSDC,1591.31,83102.98213,1,1782319902512
2026-06-24T16:58:42.269Z,BINANCE,ETHUSDC,1591.3,6139.2354,1,1782319901667
2026-06-24T16:58:42.269Z,BINANCE,ETHUSDT,1592.68,350389.6,1,1782319901613
2026-06-24T16:58:42.269Z,BINANCE,ETHUSDC,1591.13,50916.16,1,1782319901251
2026-06-24T16:58:42.269Z,BINANCE,ETHUSDT,1592.66,6262.33912,1,1782319901172
2026-06-24T16:58:42.269Z,BINANCE,ETHUSD_PERP,1589.46,3660,1,1782319900115
2026-06-24T16:58:42.269Z,BINANCE,ETHUSDT,1595.2,9239.3984,1,1782319895884
2026-06-24T16:58:42.269Z,BINANCE,ETHUSDT,1595,797.5,1,1782319895567
2026-06-24T16:58:42.269Z,BINANCE,ETHUSDC,1594.06,3526.06072,1,1782319894815
2026-06-24T16:58:42.269Z,BINANCE,ETHUSDT,1594.79,15947.9,1,1782319893172
2026-06-24T16:58:42.269Z,BINANCE,ETHUSD_PERP,1591.78,32940,1,1782319893058
2026-06-24T16:58:42.269Z,BINANCE,ETHUSDT,1594.22,797.11,1,1782319891582
2026-06-24T16:58:42.269Z,BINANCE,ETHUSDC,1593.25,344.142,1,1782319890874
2026-06-24T16:58:42.269Z,BINANCE,ETHUSDT,1594.05,35069.1,1,1782319890482
2026-06-24T16:58:42.269Z,BINANCE,ETHUSDT,1594.06,23910.9,1,1782319889489
2026-06-24T16:58:42.269Z,BINANCE,ETHUSDT,1593.72,218741.25744,1,1782319889265
2026-06-24T16:58:42.269Z,BINANCE,ETHUSDT,1595.02,181146.4214,1,1782319886570
2026-06-24T16:58:42.269Z,BINANCE,ETHUSDT_260626,1597.4,629.3756,1,1782319885419
2026-06-24T16:58:42.269Z,BINANCE,ETHUSDT_260925,1602.33,174.65397,1,1782319885419
2026-06-24T16:58:42.269Z,BINANCE,ETHUSDT,1597.09,14530.32482,1,1782319885005
2026-06-24T16:58:42.269Z,BINANCE,ETHUSDT,1596.96,104966.58384,1,1782319884202
2026-06-24T16:58:42.269Z,BINANCE,ETHUSD_PERP,1591.75,3150,1,1782319883087
2026-06-24T16:58:42.269Z,BINANCE,ETHUSD_260925,1597.08,5210,1,1782319882070
2026-06-24T16:58:42.269Z,BINANCE,ETHUSD_PERP,1591.82,2160,1,1782319882061
2026-06-24T16:58:42.269Z,BINANCE,ETHUSDT,1595.57,9844.6669,1,1782319880186
2026-06-24T16:58:42.269Z,BINANCE,ETHUSD_PERP,1593.23,2430,1,1782319880065
2026-06-24T16:58:42.269Z,BINANCE,ETHUSDT,1596.35,147315.96705,1,1782319877642
2026-06-24T16:58:42.269Z,BINANCE,ETHUSDT,1596.74,58443.87748,1,1782319877399
2026-06-24T16:58:42.269Z,BINANCE,ETHUSDC,1594.2,35287.617,1,1782319877245
2026-06-24T16:58:42.269Z,BINANCE,ETHUSDT_260626,1596.49,148.47357,1,1782319877154
2026-06-24T16:58:42.269Z,BINANCE,ETHUSDT,1593.53,1035015.26383,1,1782319876246
2026-06-24T16:58:42.269Z,BINANCE,ETHUSD_PERP,1590.51,263380,1,1782319876096
2026-06-24T16:58:42.269Z,BINANCE,ETHUSDC,1592,5591.104,1,1782319875753
2026-06-24T16:58:42.269Z,BINANCE,ETHUSDC,1592.15,31843,1,1782319875554
2026-06-24T16:58:42.269Z,BINANCE,ETHUSDT_260626,1594.83,207.3279,1,1782319875135
2026-06-24T16:58:42.269Z,BINANCE,ETHUSD_PERP,1592.79,1390,1,1782319875018
2026-06-24T16:58:42.269Z,BINANCE,ETHUSDT,1594.1,334290.7405,1,1782319874697
2026-06-24T16:58:42.269Z,BINANCE,ETHUSDC,1592.9,63226.9797,1,1782319874673
2026-06-24T16:58:42.269Z,BINANCE,ETHUSDT,1593.64,182079.74456,1,1782319874475
2026-06-24T16:58:42.269Z,BINANCE,ETHUSDC,1595.61,49297.96656,1,1782319873861
2026-06-24T16:58:42.269Z,BINANCE,ETHUSDT_260626,1598.97,12558.31038,1,1782319873544
2026-06-24T16:58:42.269Z,BINANCE,ETHUSDC,1594.77,29015.24538,1,1782319873252
2026-06-24T16:58:42.269Z,BINANCE,ETHUSD_PERP,1593.87,320,1,1782319873152
2026-06-24T16:58:42.269Z,BINANCE,ETHUSD_260925,1598.65,100,1,1782319873091
2026-06-24T16:58:42.269Z,BINANCE,ETHUSDT,1596.62,239493,1,1782319872670
2026-06-24T16:58:42.269Z,BINANCE,ETHUSDT_260925,1601.53,2338.2338,1,1782319872666
2026-06-24T16:58:42.269Z,BINANCE,ETHUSD_PERP,1593.92,1730,1,1782319872147
2026-06-24T16:58:42.269Z,BINANCE,ETHUSDT,1598.17,87309.62527,1,1782319872110
2026-06-24T16:58:42.269Z,BINANCE,ETHUSD_PERP,1595.12,2770,1,1782319871088
2026-06-24T16:58:42.269Z,BINANCE,ETHUSDC,1596.97,3644.28554,1,1782319870803
2026-06-24T16:58:42.269Z,BINANCE,ETHUSDC,1605.19,13624.85272,1,1782319869779
2026-06-24T16:58:42.269Z,BINANCE,ETHUSDC,1605.66,23982.13776,1,1782319869382
2026-06-24T16:58:42.269Z,BINANCE,ETHUSDT_260925,1612.05,117.67965,1,1782319868910
2026-06-24T16:58:42.269Z,BINANCE,ETHUSDT,1604.83,117393.3145,1,1782319868583
2026-06-24T16:58:42.269Z,BINANCE,ETHUSDT_260925,1610.61,15843.57057,1,1782319868508
2026-06-24T16:58:42.269Z,BINANCE,ETHUSDT,1604.93,326449.18172,1,1782319868426
2026-06-24T16:58:42.269Z,BINANCE,ETHUSDT_260626,1607.08,16112.58408,1,1782319868351
2026-06-24T16:58:42.269Z,BINANCE,ETHUSDC,1603.79,44906.12,1,1782319868329
2026-06-24T16:58:42.269Z,BINANCE,ETHUSDT_260626,1607.48,1800.3776,1,1782319868258
2026-06-24T16:58:42.269Z,BINANCE,ETHUSDC,1603.57,160357,1,1782319868249
2026-06-24T16:58:42.269Z,BINANCE,ETHUSD_PERP,1602.53,159060,1,1782319868056
2026-06-24T16:58:42.269Z,BINANCE,ETHUSDT,1604.23,292128.67877,1,1782319867482
2026-06-24T16:58:42.269Z,BINANCE,ETHUSDT,1604.27,11475.34331,1,1782319867105
2026-06-24T16:58:42.269Z,BINANCE,ETHUSDT,1606.23,259388.47647,1,1782319865206
2026-06-24T17:01:28.315Z,BINANCE,ETHUSDT,1592.65,140.1532,2,1782320466112
2026-06-24T17:01:28.315Z,BINANCE,ETHUSDT,1588.14,613.02204,1,1782320431441
2026-06-24T17:02:54.968Z,BINANCE,ETHUSDT,1596.31,1768.71148,2,1782320560437
2026-06-24T17:02:54.968Z,BINANCE,ETHUSDT,1595.75,6564.9155,2,1782320556423
2026-06-24T17:02:54.968Z,BINANCE,ETHUSDT,1595.82,922.38396,2,1782320555259
2026-06-24T17:02:54.968Z,BINANCE,ETHUSDT,1595.66,15050.26512,2,1782320553131
2026-06-24T17:02:54.968Z,BINANCE,ETHUSDT,1594.73,23617.9513,2,1782320549088
2026-06-24T17:02:54.968Z,BINANCE,ETHUSDT,1594.79,454515.15,2,1782320547593
2026-06-24T17:02:54.968Z,BINANCE,ETHUSDT,1593.65,7520.43435,2,1782320472211
2026-06-24T17:03:53.080Z,BINANCE,ETHUSDT,1596.33,159.633,2,1782320564396
2026-06-24T17:04:56.440Z,BINANCE,ETHUSDT,1590.33,534.35088,1,1782320690394
2026-06-24T17:04:56.440Z,BINANCE,ETHUSDT,1591.16,1171.09376,1,1782320680291
2026-06-24T17:04:56.440Z,BINANCE,ETHUSDT,1590.51,2991.74931,1,1782320677633
2026-06-24T17:04:56.440Z,BINANCE,ETHUSDT,1591.09,145689.74694,1,1782320675366
2026-06-24T17:04:56.440Z,BINANCE,ETHUSDT,1591.61,1408.57485,1,1782320671685
2026-06-24T17:09:30.583Z,BINANCE,ETHUSDT,1590.72,1710.024,2,1782320961432
2026-06-24T17:09:30.583Z,BINANCE,ETHUSDT,1589.24,162.10248,2,1782320953279
2026-06-24T17:09:30.583Z,BINANCE,ETHUSDT,1585.37,158.537,1,1782320905990
2026-06-24T17:09:30.583Z,BINANCE,ETHUSDT,1586.55,1953.04305,1,1782320873042
2026-06-24T17:09:30.583Z,BINANCE,ETHUSDT,1585.62,266.38416,1,1782320850251
2026-06-24T17:09:30.583Z,BINANCE,ETHUSDC,1584.43,63377.2,1,1782320848243
2026-06-24T17:09:30.583Z,BINANCE,ETHUSDT,1586.77,455.40299,1,1782320836963
2026-06-24T17:09:30.583Z,BINANCE,ETHUSDT,1585.39,50732.48,1,1782320819172
2026-06-24T17:09:30.583Z,BINANCE,ETHUSDT,1585.29,42013.35558,1,1782320816323
2026-06-24T17:09:30.583Z,BINANCE,ETHUSDT,1585.78,14904.74622,1,1782320814176
2026-06-24T17:09:30.583Z,BINANCE,ETHUSDT,1586.46,18033.29082,1,1782320807529
2026-06-24T17:09:30.583Z,BINANCE,ETHUSDT,1585.6,859.3952,1,1782320805639
2026-06-24T17:09:30.583Z,BINANCE,ETHUSDT,1587.16,1469.71016,1,1782320804262
2026-06-24T17:09:30.583Z,BINANCE,ETHUSDT,1587.54,6620.0418,1,1782320801420
2026-06-24T17:09:30.583Z,BINANCE,ETHUSDC,1585.78,3171.56,1,1782320800279
2026-06-24T17:09:30.583Z,BINANCE,ETHUSDT,1587.8,2208.6298,1,1782320799209
2026-06-24T17:09:30.583Z,BINANCE,ETHUSDT,1589.16,2992.38828,1,1782320790271
2026-06-24T17:09:30.583Z,BINANCE,ETHUSDT,1588.8,305.0496,1,1782320786635
2026-06-24T17:10:43.650Z,BINANCE,ETHUSDC,1590.51,174.9561,2,1782321040361
2026-06-24T17:12:55.296Z,BINANCE,ETHUSDT,1586.19,199.85994,1,1782321122365
2026-06-24T17:12:55.296Z,BINANCE,ETHUSDT,1586.72,828.26784,1,1782321119058
2026-06-24T17:14:08.380Z,BINANCE,ETHUSDC,1581.18,583.45542,1,1782321210534
2026-06-24T17:14:08.380Z,BINANCE,ETHUSD_PERP,1580.52,4990,1,1782321209016
2026-06-24T17:14:08.380Z,BINANCE,ETHUSDT,1584.8,616.4872,1,1782321202787
2026-06-24T17:14:08.380Z,BINANCE,ETHUSDC,1582.91,356105.67979,1,1782321202580
2026-06-24T17:14:08.380Z,BINANCE,ETHUSDT,1584.81,173455.86969,1,1782321202580
2026-06-24T17:14:08.380Z,BINANCE,ETHUSDT_260626,1586.7,604.5327,1,1782321202281
2026-06-24T17:14:08.380Z,BINANCE,ETHUSDT,1582.54,25901.43218,1,1782321200843
2026-06-24T17:14:08.380Z,BINANCE,ETHUSDT,1582.49,15063.72231,1,1782321200262
2026-06-24T17:17:54.739Z,BINANCE,ETHUSDT,1582.45,7912.25,1,1782321433559
2026-06-24T17:17:54.739Z,BINANCE,ETHUSDT,1581.35,764299.66335,1,1782321413174
2026-06-24T17:17:54.739Z,BINANCE,ETHUSDT,1581.21,26455.22451,1,1782321412284
2026-06-24T17:17:54.739Z,BINANCE,ETHUSDT,1582.19,102905.6376,1,1782321410209
2026-06-24T17:17:54.739Z,BINANCE,ETHUSDT,1582.44,14613.8334,1,1782321403555
2026-06-24T17:17:54.739Z,BINANCE,ETHUSDC,1581.27,1581.27,1,1782321402902
2026-06-24T17:17:54.739Z,BINANCE,ETHUSD_PERP,1579.76,3820,1,1782321400140
2026-06-24T17:17:54.739Z,BINANCE,ETHUSDT,1582.35,6299.33535,1,1782321398315
2026-06-24T17:17:54.739Z,BINANCE,ETHUSDC,1580.73,1196.61261,1,1782321397081
2026-06-24T17:17:54.739Z,BINANCE,ETHUSDT,1583.1,14247.9,1,1782321393994
2026-06-24T17:17:54.739Z,BINANCE,ETHUSDT,1583.25,15845.166,1,1782321391568
2026-06-24T17:19:02.911Z,BINANCE,ETHUSDC,1579.66,5528.81,1,1782321535526
2026-06-24T17:19:02.911Z,BINANCE,ETHUSDT,1581.38,2220.25752,1,1782321535508
2026-06-24T17:19:02.911Z,BINANCE,ETHUSDT,1581.38,831.80588,1,1782321534469
2026-06-24T17:19:02.911Z,BINANCE,ETHUSD_PERP,1578.83,520,1,1782321534089
2026-06-24T17:19:02.911Z,BINANCE,ETHUSDT,1581.32,18480.88684,1,1782321533608
2026-06-24T17:19:02.911Z,BINANCE,ETHUSDT,1581.6,733.8624,1,1782321531586
2026-06-24T17:19:02.911Z,BINANCE,ETHUSDC,1580,28440,1,1782321528142
2026-06-24T17:19:02.911Z,BINANCE,ETHUSDT,1581.78,4617.21582,1,1782321528053
2026-06-24T17:19:02.911Z,BINANCE,ETHUSDT,1581.55,2301.15525,1,1782321526629
2026-06-24T17:19:02.911Z,BINANCE,ETHUSDT,1582.01,1192.83554,1,1782321519385
2026-06-24T17:19:02.911Z,BINANCE,ETHUSDC,1580.32,18328.55136,1,1782321519327
2026-06-24T17:19:02.911Z,BINANCE,ETHUSDT,1582.33,2226.33831,1,1782321509358
2026-06-24T17:19:02.911Z,BINANCE,ETHUSDT,1581.92,790.96,1,1782321495136
2026-06-24T17:24:42.556Z,BINANCE,ETHUSDT,1572.92,36527.92116,2,1782321834418
2026-06-24T17:24:42.556Z,BINANCE,ETHUSDT,1572.16,119451.14464,2,1782321799497
2026-06-24T17:24:42.556Z,BINANCE,ETHUSDT,1571.98,1461.9414,2,1782321797474
2026-06-24T17:24:42.556Z,BINANCE,ETHUSDT,1567.89,17549.39277,1,1782321770426
2026-06-24T17:24:42.556Z,BINANCE,ETHUSDT,1566.74,123822.59568,1,1782321769323
2026-06-24T17:24:42.556Z,BINANCE,ETHUSDT,1566.65,24439.74,1,1782321768132
2026-06-24T17:24:42.556Z,BINANCE,ETHUSDT_260626,1568.25,122.3235,1,1782321767761
2026-06-24T17:24:42.556Z,BINANCE,ETHUSDT,1567.34,2885.47294,1,1782321766718
2026-06-24T17:24:42.556Z,BINANCE,ETHUSDT,1567.5,8321.8575,1,1782321766076
2026-06-24T17:24:42.556Z,BINANCE,ETHUSDC,1566.09,2923.89003,1,1782321766076
2026-06-24T17:24:42.556Z,BINANCE,ETHUSDT,1567.46,3384.14614,1,1782321764567
2026-06-24T17:24:42.556Z,BINANCE,ETHUSDT,1567.46,31380.5492,1,1782321762538
2026-06-24T17:24:42.556Z,BINANCE,ETHUSDT,1568.22,7975.96692,1,1782321758690
2026-06-24T17:24:42.556Z,BINANCE,ETHUSDT,1569.2,103.5672,1,1782321742388
2026-06-24T17:24:42.556Z,BINANCE,ETHUSDT,1568.56,492.52784,1,1782321741499
2026-06-24T17:24:42.556Z,BINANCE,ETHUSDT,1568.72,512.97144,1,1782321736632
2026-06-24T17:24:42.556Z,BINANCE,ETHUSDC,1567.03,2488.44364,1,1782321736223
2026-06-24T17:24:42.556Z,BINANCE,ETHUSDT,1569.48,1378.00344,1,1782321726075
2026-06-24T17:24:42.556Z,BINANCE,ETHUSDT,1570.48,524.54032,1,1782321724230
2026-06-24T17:24:42.556Z,BINANCE,ETHUSDT,1570.56,2033.8752,1,1782321720628
2026-06-24T17:24:42.556Z,BINANCE,ETHUSDT,1573.56,1502.7498,2,1782321702192
2026-06-24T17:24:42.556Z,BINANCE,ETHUSDT,1573,1502.215,2,1782321700076
2026-06-24T17:24:42.556Z,BINANCE,ETHUSDT,1572.22,3457.31178,2,1782321693452
2026-06-24T17:24:42.556Z,BINANCE,ETHUSDC,1566.78,9466.48476,1,1782321676365
2026-06-24T17:24:42.556Z,BINANCE,ETHUSDT,1568.26,5971.93408,1,1782321676297
2026-06-24T17:24:42.556Z,BINANCE,ETHUSDT,1566.9,795380.3766,1,1782321675297
2026-06-24T17:24:42.556Z,BINANCE,ETHUSDC,1565.4,481661.0568,1,1782321675297
2026-06-24T17:24:42.556Z,BINANCE,ETHUSDT,1567.74,322767.87894,1,1782321675108
2026-06-24T17:24:42.556Z,BINANCE,ETHUSDT,1567.04,61087.92032,1,1782321674073
2026-06-24T17:24:42.556Z,BINANCE,ETHUSD_PERP,1563.91,61690,1,1782321673025
2026-06-24T17:24:42.556Z,BINANCE,ETHUSDC,1565.86,133.0981,1,1782321672362
2026-06-24T17:24:42.556Z,BINANCE,ETHUSDT,1567,20527.7,1,1782321672240
2026-06-24T17:24:42.556Z,BINANCE,ETHUSDT,1569.16,3342.3108,2,1782321670618
2026-06-24T17:24:42.556Z,BINANCE,ETHUSDT,1568.98,840.97328,1,1782321663531
2026-06-24T17:24:42.556Z,BINANCE,ETHUSDT,1568.98,3137.96,1,1782321662635
2026-06-24T17:24:42.556Z,BINANCE,ETHUSDC,1567.38,282.1284,1,1782321662425
2026-06-24T17:24:42.556Z,BINANCE,ETHUSD_PERP,1566,1000,1,1782321661369
2026-06-24T17:24:42.556Z,BINANCE,ETHUSDC,1566.52,96127.93328,1,1782321661292
2026-06-24T17:24:42.556Z,BINANCE,ETHUSDT_260626,1569.59,3395.02317,1,1782321661221
2026-06-24T17:24:42.556Z,BINANCE,ETHUSDT,1568.19,120313.10499,1,1782321661165
2026-06-24T17:24:42.556Z,BINANCE,ETHUSDT_260925,1573.74,1638.26334,1,1782321660637
2026-06-24T17:24:42.556Z,BINANCE,ETHUSDT,1567.45,188094,1,1782321660244
2026-06-24T17:24:42.556Z,BINANCE,ETHUSD_PERP,1565.4,800,1,1782321660040
2026-06-24T17:24:42.556Z,BINANCE,ETHUSDC,1566.52,8200.7322,1,1782321659456
2026-06-24T17:24:42.556Z,BINANCE,ETHUSDT,1568.21,193967.19027,1,1782321659199
2026-06-24T17:24:42.556Z,BINANCE,ETHUSDT,1568.22,7841100,1,1782321657655
2026-06-24T17:24:42.556Z,BINANCE,ETHUSD_PERP,1567.72,34030,1,1782321657043
2026-06-24T17:24:42.556Z,BINANCE,ETHUSDC,1567.5,4702.5,1,1782321656652
2026-06-24T17:24:42.556Z,BINANCE,ETHUSDT,1568.68,107029.46772,1,1782321656109
2026-06-24T17:24:42.556Z,BINANCE,ETHUSD_PERP,1566.78,24540,1,1782321655058
2026-06-24T17:24:42.556Z,BINANCE,ETHUSDT,1569.98,130.30834,1,1782321654295
2026-06-24T17:24:42.556Z,BINANCE,ETHUSDC,1568.61,8873.62677,1,1782321654127
2026-06-24T17:24:42.556Z,BINANCE,ETHUSDT,1569.21,1066926.27873,1,1782321653407
2026-06-24T17:24:42.556Z,BINANCE,ETHUSDT,1569.68,42455.13496,1,1782321653064
2026-06-24T17:24:42.556Z,BINANCE,ETHUSD_PERP,1567.28,100,1,1782321651488
2026-06-24T17:24:42.556Z,BINANCE,ETHUSDT,1569.39,235408.5,1,1782321651277
2026-06-24T17:24:42.556Z,BINANCE,ETHUSDC,1567.97,7839.85,1,1782321651078
2026-06-24T17:24:42.556Z,BINANCE,ETHUSDT,1570.16,31403.2,1,1782321650117
2026-06-24T17:24:42.556Z,BINANCE,ETHUSDT,1571.42,7857.1,1,1782321643221
2026-06-24T17:24:42.556Z,BINANCE,ETHUSDT,1571.14,7263.38022,1,1782321642194
2026-06-24T17:24:42.556Z,BINANCE,ETHUSDC,1568.32,6169.77088,1,1782321641684
2026-06-24T17:24:42.556Z,BINANCE,ETHUSDC,1568.13,962195.15922,1,1782321641477
2026-06-24T17:24:42.556Z,BINANCE,ETHUSDT,1570.82,157859.5559,1,1782321641113
2026-06-24T17:24:42.556Z,BINANCE,ETHUSDC,1568.51,24479.73557,1,1782321640452
2026-06-24T17:24:42.556Z,BINANCE,ETHUSDT,1571.14,50419.45374,1,1782321640073
2026-06-24T17:24:42.556Z,BINANCE,ETHUSDT,1569.31,289649.11601,1,1782321639234
2026-06-24T17:24:42.556Z,BINANCE,ETHUSDC,1568.34,9410.04,1,1782321639219
2026-06-24T17:24:42.556Z,BINANCE,ETHUSD_PERP,1567.52,12830,1,1782321639071
2026-06-24T17:24:42.556Z,BINANCE,ETHUSDT,1569.07,1180436.46612,1,1782321638481
2026-06-24T17:24:42.556Z,BINANCE,ETHUSDT_260626,1571.95,102.17675,1,1782321638099
2026-06-24T17:24:42.556Z,BINANCE,ETHUSD_PERP,1567.96,3780,1,1782321638059
2026-06-24T17:24:42.556Z,BINANCE,ETHUSDT,1570.81,125437.03255,1,1782321637562
2026-06-24T17:24:42.556Z,BINANCE,ETHUSD_PERP,1570.44,1080,1,1782321637039
2026-06-24T17:24:42.556Z,BINANCE,ETHUSDT_260925,1581.79,754.51383,1,1782321632389
2026-06-24T17:24:42.556Z,BINANCE,ETHUSDC,1574.79,581.09751,1,1782321632334
2026-06-24T17:24:42.556Z,BINANCE,ETHUSDT,1576.35,315270,1,1782321632097
2026-06-24T17:24:42.556Z,BINANCE,ETHUSDC,1573.97,3916.03736,1,1782321631519
2026-06-24T17:24:42.556Z,BINANCE,ETHUSDT,1575.41,152948.67985,1,1782321630139
2026-06-24T17:24:42.556Z,BINANCE,ETHUSDC,1574.96,5943.89904,1,1782321625388
2026-06-24T17:24:42.556Z,BINANCE,ETHUSDT_260626,1578.46,945.49754,1,1782321625384
2026-06-24T17:24:42.556Z,BINANCE,ETHUSDT,1576.47,39413.32647,1,1782321625129
2026-06-24T17:24:42.556Z,BINANCE,ETHUSDT,1575.92,63036.8,1,1782321623605
2026-06-24T17:24:42.556Z,BINANCE,ETHUSDC,1574.5,34305.206,1,1782321623531
2026-06-24T17:24:42.556Z,BINANCE,ETHUSDC,1574.72,1784.15776,1,1782321622461
2026-06-24T17:24:42.556Z,BINANCE,ETHUSDT,1576.2,222778.5318,1,1782321622365
2026-06-24T17:24:42.556Z,BINANCE,ETHUSDT,1576.2,318029.874,1,1782321622052
2026-06-24T17:24:42.556Z,BINANCE,ETHUSDT,1577.22,1577.22,1,1782321618107
2026-06-24T17:24:42.556Z,BINANCE,ETHUSDT,1577.63,9590.41277,1,1782321613576
2026-06-24T17:24:42.556Z,BINANCE,ETHUSDT,1576.69,36781.02432,1,1782321612339
2026-06-24T17:24:42.556Z,BINANCE,ETHUSDT,1576.54,188336.62148,1,1782321612129
2026-06-24T17:24:42.556Z,BINANCE,ETHUSDC,1574.95,2485.2711,1,1782321611581
2026-06-24T17:24:42.556Z,BINANCE,ETHUSDT,1577.11,31136.88273,1,1782321610237
2026-06-24T17:24:42.556Z,BINANCE,ETHUSDT,1577.11,5002.59292,1,1782321610094
2026-06-24T17:24:42.556Z,BINANCE,ETHUSD_PERP,1574.37,100000,1,1782321610089
2026-06-24T17:24:42.556Z,BINANCE,ETHUSDC,1575.37,105563.96833,1,1782321609474
2026-06-24T17:24:42.556Z,BINANCE,ETHUSDT_260626,1578.5,266.7665,1,1782321608677
2026-06-24T17:24:42.556Z,BINANCE,ETHUSDT,1577.05,12160.63255,1,1782321608574
2026-06-24T17:24:42.556Z,BINANCE,ETHUSDT,1578.53,932.91123,1,1782321604316
2026-06-24T17:24:42.556Z,BINANCE,ETHUSDT,1577.6,10017.76,1,1782321600375
2026-06-24T17:24:42.556Z,BINANCE,ETHUSDT,1578.41,4949.89376,1,1782321598419
2026-06-24T17:24:42.556Z,BINANCE,ETHUSDT,1578.36,12792.6078,1,1782321598103
2026-06-24T17:24:42.556Z,BINANCE,ETHUSDT,1577.65,7478.061,1,1782321596141
2026-06-24T17:24:42.556Z,BINANCE,ETHUSD_PERP,1575.21,3300,1,1782321596087
2026-06-24T17:24:42.556Z,BINANCE,ETHUSDT,1578.66,1393.95678,1,1782321581227
2026-06-24T17:24:42.556Z,BINANCE,ETHUSDT,1578.38,138195.0609,1,1782321580373
2026-06-24T17:24:42.556Z,BINANCE,ETHUSDT,1577.83,1144572.08247,1,1782321579176
2026-06-24T17:24:42.556Z,BINANCE,ETHUSDC,1576.62,5433.03252,1,1782321578583
2026-06-24T17:24:42.556Z,BINANCE,ETHUSDC,1576.74,496.6731,1,1782321577420
2026-06-24T17:24:42.556Z,BINANCE,ETHUSDT,1578.35,3104.61445,1,1782321577370
2026-06-24T17:24:42.556Z,BINANCE,ETHUSDT,1578.56,48935.36,1,1782321576410
2026-06-24T17:24:42.556Z,BINANCE,ETHUSDT,1578.46,22799.27624,1,1782321576090
2026-06-24T17:24:42.556Z,BINANCE,ETHUSD_PERP,1575.94,83360,1,1782321576081
2026-06-24T17:24:42.556Z,BINANCE,ETHUSDC,1577.18,320.16754,1,1782321574111
2026-06-24T17:24:42.556Z,BINANCE,ETHUSDT,1578.88,53503.50656,1,1782321573570
2026-06-24T17:24:42.556Z,BINANCE,ETHUSDC,1577.67,1795.38846,1,1782321572467
2026-06-24T17:24:42.556Z,BINANCE,ETHUSDT,1578.71,15787.1,1,1782321571790
2026-06-24T17:24:42.556Z,BINANCE,ETHUSDT,1578.64,472859.51104,1,1782321571555
2026-06-24T17:24:42.556Z,BINANCE,ETHUSDC,1576.67,20812.044,1,1782321571094
2026-06-24T17:24:42.556Z,BINANCE,ETHUSD_PERP,1576.11,100,1,1782321570151
2026-06-24T17:24:42.556Z,BINANCE,ETHUSD_260626,1578,660,1,1782321570115
2026-06-24T17:24:42.556Z,BINANCE,ETHUSDC,1578.75,2268.66375,1,1782321569284
2026-06-24T17:24:42.556Z,BINANCE,ETHUSDT,1580.58,7902.9,1,1782321568400
2026-06-24T17:24:42.556Z,BINANCE,ETHUSDT,1580.58,32461.95204,1,1782321568145
2026-06-24T17:24:42.556Z,BINANCE,ETHUSDT,1580.56,204971.76248,1,1782321565551
2026-06-24T17:24:42.556Z,BINANCE,ETHUSDT,1581.11,3952.775,1,1782321564855
2026-06-24T17:24:42.556Z,BINANCE,ETHUSDC,1579.16,2960.925,1,1782321563458
2026-06-24T17:24:42.556Z,BINANCE,ETHUSDT,1580.7,298791.8175,1,1782321562283
2026-06-24T17:24:42.556Z,BINANCE,ETHUSDT,1580.53,8182.40381,1,1782321560194
2026-06-24T17:24:42.556Z,BINANCE,ETHUSDC,1579.92,1579.92,1,1782321553482
2026-06-24T17:24:42.556Z,BINANCE,ETHUSDT,1581.62,4634.1466,1,1782321553214
2026-06-24T17:24:42.556Z,BINANCE,ETHUSDT,1581.62,128.11122,1,1782321548207
2026-06-24T17:24:42.556Z,BINANCE,ETHUSDT,1581.88,794.10376,1,1782321541498
2026-06-24T17:25:55.556Z,BINANCE,ETHUSDT,1573.45,229.7237,2,1782321944393
2026-06-24T17:25:55.556Z,BINANCE,ETHUSDT,1571.78,1417.74556,2,1782321938136
2026-06-24T17:25:55.556Z,BINANCE,ETHUSDT,1569.13,1726.043,1,1782321920260
2026-06-24T17:25:55.556Z,BINANCE,ETHUSDT,1568.13,1779.82755,1,1782321914117
2026-06-24T17:25:55.556Z,BINANCE,ETHUSDT,1568.75,4706.25,1,1782321909087
2026-06-24T17:25:55.556Z,BINANCE,ETHUSDT,1568.16,2584.32768,1,1782321908028
2026-06-24T17:26:59.616Z,BINANCE,ETHUSDT,1575.62,3768.88304,2,1782322006482
2026-06-24T17:26:59.616Z,BINANCE,ETHUSDT,1574.78,161088.97054,2,1782322003321
2026-06-24T17:26:59.616Z,BINANCE,ETHUSDT,1574.45,2007.42375,2,1782322002201
2026-06-24T17:29:19.335Z,BINANCE,ETHUSDT,1579.73,219.58247,2,1782322070821
2026-06-24T17:29:19.335Z,BINANCE,ETHUSDT,1580.18,2354.4682,2,1782322069436
2026-06-24T17:29:19.335Z,BINANCE,ETHUSDT,1579.85,10057.3251,2,1782322068593
2026-06-24T17:29:19.335Z,BINANCE,ETHUSDC,1577.9,547.5313,2,1782322067512
2026-06-24T17:29:19.335Z,BINANCE,ETHUSDT,1577.99,5852.76491,2,1782322065134
2026-06-24T17:29:19.335Z,BINANCE,ETHUSDT,1577.84,6158.30952,2,1782322062663
2026-06-24T17:29:19.335Z,BINANCE,ETHUSDT,1577.55,144782.80635,2,1782322061693
2026-06-24T17:29:19.335Z,BINANCE,ETHUSDT,1575.92,140559.45664,2,1782322050417
2026-06-24T17:29:19.335Z,BINANCE,ETHUSDT,1575.75,1377.2055,2,1782322024657
2026-06-24T17:30:27.686Z,BINANCE,ETHUSDT,1575.81,297828.09,1,1782322194987
2026-06-24T17:30:27.686Z,BINANCE,ETHUSDT,1577.44,1758.8456,1,1782322168435
2026-06-24T17:31:30.617Z,BINANCE,ETHUSDT,1573.61,1491.78228,1,1782322286098
2026-06-24T17:31:30.617Z,BINANCE,ETHUSDT,1574.15,2424.191,1,1782322280318
2026-06-24T17:32:33.462Z,BINANCE,ETHUSDT,1571.26,119.41576,1,1782322298241
2026-06-24T17:32:33.462Z,BINANCE,ETHUSDT,1571.26,274.9705,1,1782322298173
2026-06-24T17:32:33.462Z,BINANCE,ETHUSDT,1571.47,3589.23748,1,1782322295370
2026-06-24T17:32:33.462Z,BINANCE,ETHUSDT,1571.22,3863.62998,1,1782322293500
2026-06-24T17:32:33.462Z,BINANCE,ETHUSDT,1571.52,8321.1984,1,1782322291272
2026-06-24T17:32:33.462Z,BINANCE,ETHUSDT,1571.44,69718.50704,1,1782322290169
2026-06-24T17:32:33.462Z,BINANCE,ETHUSDT,1571.44,3755.7416,1,1782322290137
2026-06-24T17:33:53.103Z,BINANCE,ETHUSDT,1570.55,724.02355,1,1782322409084
2026-06-24T17:33:53.103Z,BINANCE,ETHUSDT,1570.64,3164.8396,1,1782322401140
2026-06-24T17:33:53.103Z,BINANCE,ETHUSDT,1570.47,2610.12114,1,1782322400442
2026-06-24T17:33:53.103Z,BINANCE,ETHUSDC,1568.57,1838.36404,1,1782322398523
2026-06-24T17:33:53.103Z,BINANCE,ETHUSDT,1570.66,1099.462,1,1782322396134
2026-06-24T17:33:53.103Z,BINANCE,ETHUSDT,1571,1465.743,1,1782322359618
2026-06-24T17:34:56.034Z,BINANCE,ETHUSDT,1575.75,315.15,2,1782322491089
2026-06-24T17:34:56.034Z,BINANCE,ETHUSDT,1575.73,291.51005,2,1782322488194
2026-06-24T17:34:56.034Z,BINANCE,ETHUSDT,1569.62,197.77212,1,1782322429296
2026-06-24T17:38:19.995Z,BINANCE,ETHUSDT,1570.14,949.9347,1,1782322658063
2026-06-24T17:39:28.169Z,BINANCE,ETHUSDT,1570.78,160.21956,1,1782322763129
2026-06-24T17:39:28.169Z,BINANCE,ETHUSDT,1570.93,53212.11189,1,1782322760795
2026-06-24T17:39:28.169Z,BINANCE,ETHUSDC,1569.5,4702.222,1,1782322759397
2026-06-24T17:39:28.169Z,BINANCE,ETHUSDT,1570.97,17280.67,1,1782322707060
2026-06-24T17:40:31.157Z,BINANCE,ETHUSDT,1571.58,1326.41352,1,1782322814533
2026-06-24T17:40:31.157Z,BINANCE,ETHUSDT,1572.26,4153.91092,1,1782322791234
2026-06-24T17:40:31.157Z,BINANCE,ETHUSDT,1571.67,314.334,1,1782322770241
2026-06-24T17:41:39.135Z,BINANCE,ETHUSDT,1573.91,453.28608,2,1782322864167
2026-06-24T17:41:39.135Z,BINANCE,ETHUSDC,1570.89,442.99098,1,1782322835287
2026-06-24T17:42:42.381Z,BINANCE,ETHUSDT,1568.24,2755.39768,1,1782322959600
2026-06-24T17:42:42.381Z,BINANCE,ETHUSDT,1568.43,21920.37768,1,1782322957227
2026-06-24T17:42:42.381Z,BINANCE,ETHUSDT,1568.71,666.70175,1,1782322944101
2026-06-24T17:42:42.381Z,BINANCE,ETHUSDT,1569.05,2479.099,1,1782322938662
2026-06-24T17:42:42.381Z,BINANCE,ETHUSDT,1568.76,1568.76,1,1782322936827
2026-06-24T17:42:42.381Z,BINANCE,ETHUSDT,1569.17,429.95258,1,1782322935259
2026-06-24T17:42:42.381Z,BINANCE,ETHUSDC,1567.56,429.51144,1,1782322935259
2026-06-24T17:43:56.269Z,BINANCE,ETHUSDT,1567.68,2621.16096,1,1782322994501
2026-06-24T17:43:56.269Z,BINANCE,ETHUSDT,1568.08,8845.53928,1,1782322991335
2026-06-24T17:43:56.269Z,BINANCE,ETHUSDT,1567.78,559.69746,1,1782322990242
2026-06-24T17:45:07.074Z,BINANCE,ETHUSDT,1564.2,42677.6328,1,1782323062435
2026-06-24T17:45:07.074Z,BINANCE,ETHUSD_260925,1567.36,5130,1,1782323062039
2026-06-24T17:45:07.074Z,BINANCE,ETHUSDT,1563.77,6258.20754,1,1782323060484
2026-06-24T17:45:07.074Z,BINANCE,ETHUSDT,1563.31,13675.83588,1,1782323060132
2026-06-24T17:45:07.074Z,BINANCE,ETHUSDT,1563.99,6671.98134,1,1782323059104
2026-06-24T17:45:07.074Z,BINANCE,ETHUSDC,1562.1,10283.3043,1,1782323058610
2026-06-24T17:45:07.074Z,BINANCE,ETHUSDC,1561.99,234.2985,1,1782323058221
2026-06-24T17:45:07.074Z,BINANCE,ETHUSDT,1563.35,7816.75,1,1782323057616
2026-06-24T17:45:07.074Z,BINANCE,ETHUSDT,1563.84,90446.25024,1,1782323057118
2026-06-24T17:45:07.074Z,BINANCE,ETHUSDC,1562.16,45410.42904,1,1782323056087
2026-06-24T17:45:07.074Z,BINANCE,ETHUSDC,1562.24,2708.92416,1,1782323055339
2026-06-24T17:45:07.074Z,BINANCE,ETHUSDT,1563.97,7639.99345,1,1782323055158
2026-06-24T17:45:07.074Z,BINANCE,ETHUSD_PERP,1561.68,6000,1,1782323055148
2026-06-24T17:45:07.074Z,BINANCE,ETHUSDT,1563.84,84447.36,1,1782323054151
2026-06-24T17:45:07.074Z,BINANCE,ETHUSDT,1564.2,28155.6,1,1782323053619
2026-06-24T17:45:07.074Z,BINANCE,ETHUSD_PERP,1561.99,810,1,1782323052144
2026-06-24T17:45:07.074Z,BINANCE,ETHUSDT,1564.33,60157.87448,1,1782323051621
2026-06-24T17:45:07.074Z,BINANCE,ETHUSDC,1563.19,9962.20987,1,1782323051232
2026-06-24T17:45:07.074Z,BINANCE,ETHUSDT,1564.42,1153141.8041,1,1782323050609
2026-06-24T17:45:07.074Z,BINANCE,ETHUSDT,1564.87,55494.98481,1,1782323050342
2026-06-24T17:45:07.074Z,BINANCE,ETHUSD_PERP,1562.8,1200,1,1782323050101
2026-06-24T17:45:07.074Z,BINANCE,ETHUSDC,1563.04,210428.94912,1,1782323049287
2026-06-24T17:45:07.074Z,BINANCE,ETHUSDT,1564.91,1314.5244,1,1782323048565
2026-06-24T17:45:07.074Z,BINANCE,ETHUSDT,1565.74,123107.87324,1,1782323047614
2026-06-24T17:45:07.074Z,BINANCE,ETHUSDT,1565.47,11964.88721,1,1782323046181
2026-06-24T17:45:07.074Z,BINANCE,ETHUSDT,1565.62,14818.5933,1,1782323045537
2026-06-24T17:45:07.074Z,BINANCE,ETHUSDC,1563.99,3570.58917,1,1782323045308
2026-06-24T17:45:07.074Z,BINANCE,ETHUSDT,1565.83,287622.61521,1,1782323044591
2026-06-24T17:45:07.074Z,BINANCE,ETHUSD_PERP,1563.83,1710,1,1782323044028
2026-06-24T17:45:07.074Z,BINANCE,ETHUSDC,1565.4,266.118,1,1782323042556
2026-06-24T17:45:07.074Z,BINANCE,ETHUSDT,1566.08,442857.66848,1,1782323041138
2026-06-24T17:45:07.074Z,BINANCE,ETHUSD_PERP,1563.96,210,1,1782323041113
2026-06-24T17:49:29.744Z,BINANCE,ETHUSDT,1561.77,4012.18713,2,1782323364393
2026-06-24T17:49:29.744Z,BINANCE,ETHUSDT,1561.85,15618.5,2,1782323364151
2026-06-24T17:49:29.744Z,BINANCE,ETHUSDT,1559.33,21740.17886,2,1782323359518
2026-06-24T17:49:29.744Z,BINANCE,ETHUSDC,1557.86,3115.72,2,1782323359415
2026-06-24T17:49:29.744Z,BINANCE,ETHUSDT,1558.48,23829.1592,2,1782323319144
2026-06-24T17:49:29.744Z,BINANCE,ETHUSDT,1558.41,162.07464,2,1782323317504
2026-06-24T17:49:29.744Z,BINANCE,ETHUSDT,1557.55,5066.71015,2,1782323316390
2026-06-24T17:49:29.744Z,BINANCE,ETHUSDT,1556.02,57398.46576,2,1782323313527
2026-06-24T17:49:29.744Z,BINANCE,ETHUSDT,1553.45,243.89165,2,1782323308558
2026-06-24T17:49:29.744Z,BINANCE,ETHUSDT,1551.88,121.04664,1,1782323306383
2026-06-24T17:49:29.744Z,BINANCE,ETHUSDC,1550.45,4102.4907,1,1782323306205
2026-06-24T17:49:29.744Z,BINANCE,ETHUSDT,1551.97,2248.80453,1,1782323304578
2026-06-24T17:49:29.744Z,BINANCE,ETHUSDT,1551.76,1598.3128,1,1782323302350
2026-06-24T17:49:29.744Z,BINANCE,ETHUSDC,1550.47,249.62567,1,1782323302269
2026-06-24T17:49:29.744Z,BINANCE,ETHUSD_PERP,1549.69,3200,1,1782323302024
2026-06-24T17:49:29.744Z,BINANCE,ETHUSDT,1552.12,69845.4,1,1782323301628
2026-06-24T17:49:29.744Z,BINANCE,ETHUSDT,1551.41,24842.72833,1,1782323300477
2026-06-24T17:49:29.744Z,BINANCE,ETHUSDC,1550.1,8071.3707,1,1782323300226
2026-06-24T17:49:29.744Z,BINANCE,ETHUSD_260626,1550.76,360,1,1782323300165
2026-06-24T17:49:29.744Z,BINANCE,ETHUSDT,1552.1,29042.8952,1,1782323299376
2026-06-24T17:49:29.744Z,BINANCE,ETHUSD_260925,1554.71,3000,1,1782323299064
2026-06-24T17:49:29.744Z,BINANCE,ETHUSDT,1552.32,56918.91744,1,1782323298226
2026-06-24T17:49:29.744Z,BINANCE,ETHUSD_PERP,1549.64,46370,1,1782323298045
2026-06-24T17:49:29.744Z,BINANCE,ETHUSDT,1553.13,4659.39,1,1782323294384
2026-06-24T17:49:29.744Z,BINANCE,ETHUSDT_260925,1558.01,1617.21438,1,1782323293569
2026-06-24T17:49:29.744Z,BINANCE,ETHUSDT,1552.85,6161.7088,1,1782323293380
2026-06-24T17:49:29.744Z,BINANCE,ETHUSDC,1550.76,56398.03968,1,1782323292366
2026-06-24T17:49:29.744Z,BINANCE,ETHUSDT,1552.36,7375.26236,1,1782323292337
2026-06-24T17:49:29.744Z,BINANCE,ETHUSDT_260925,1558.11,2008.40379,1,1782323292049
2026-06-24T17:49:29.744Z,BINANCE,ETHUSDT_260626,1555.33,432.38174,1,1782323291726
2026-06-24T17:49:29.744Z,BINANCE,ETHUSDT,1553.14,310628,1,1782323291468
2026-06-24T17:49:29.744Z,BINANCE,ETHUSDT,1552.66,29835.91456,1,1782323290157
2026-06-24T17:49:29.744Z,BINANCE,ETHUSDC,1551.19,6204.76,1,1782323290117
2026-06-24T17:49:29.744Z,BINANCE,ETHUSD_PERP,1550.16,147090,1,1782323290027
2026-06-24T17:49:29.744Z,BINANCE,ETHUSDT,1552.86,112161.52494,1,1782323289491
2026-06-24T17:49:29.744Z,BINANCE,ETHUSDT,1553.57,1242.856,1,1782323287803
2026-06-24T17:49:29.744Z,BINANCE,ETHUSDT,1556.6,31300.1128,1,1782323282671
2026-06-24T17:49:29.744Z,BINANCE,ETHUSDC,1554.99,4546.79076,1,1782323282589
2026-06-24T17:49:29.744Z,BINANCE,ETHUSDT,1555.8,91747.0818,1,1782323282193
2026-06-24T17:49:29.744Z,BINANCE,ETHUSDT_260925,1561.27,1614.35318,1,1782323281481
2026-06-24T17:49:29.744Z,BINANCE,ETHUSDC,1553.32,2466.67216,1,1782323281425
2026-06-24T17:49:29.744Z,BINANCE,ETHUSD_PERP,1552.08,29770,1,1782323281155
2026-06-24T17:49:29.744Z,BINANCE,ETHUSDT_260626,1555.2,5141.4912,1,1782323280757
2026-06-24T17:49:29.744Z,BINANCE,ETHUSDT,1552.97,65052.36033,1,1782323280509
2026-06-24T17:49:29.744Z,BINANCE,ETHUSDC,1552.12,77606,1,1782323280348
2026-06-24T17:49:29.744Z,BINANCE,ETHUSD_PERP,1551.28,200,1,1782323280079
2026-06-24T17:49:29.744Z,BINANCE,ETHUSDT,1553.36,145694.29448,1,1782323279673
2026-06-24T17:49:29.744Z,BINANCE,ETHUSDC,1552.02,48421.47198,1,1782323279634
2026-06-24T17:49:29.744Z,BINANCE,ETHUSDC,1552.51,11184.28204,1,1782323279129
2026-06-24T17:49:29.744Z,BINANCE,ETHUSDT,1554.21,157840.90497,1,1782323278548
2026-06-24T17:49:29.744Z,BINANCE,ETHUSDT,1554.09,49165.19124,1,1782323278187
2026-06-24T17:49:29.744Z,BINANCE,ETHUSD_PERP,1552.1,1450,1,1782323278154
2026-06-24T17:49:29.744Z,BINANCE,ETHUSDC,1555.98,329.86776,1,1782323273703
2026-06-24T17:49:29.744Z,BINANCE,ETHUSDT,1557.23,4671.69,1,1782323273595
2026-06-24T17:49:29.744Z,BINANCE,ETHUSDT,1556.87,190753.93988,1,1782323273061
2026-06-24T17:49:29.744Z,BINANCE,ETHUSDC,1555.59,24208.09158,1,1782323272368
2026-06-24T17:49:29.744Z,BINANCE,ETHUSDT_260626,1557.61,18068.276,1,1782323271580
2026-06-24T17:49:29.744Z,BINANCE,ETHUSDT,1555.8,348763.686,1,1782323271195
2026-06-24T17:49:29.744Z,BINANCE,ETHUSDT,1556.01,161120.16747,1,1782323271161
2026-06-24T17:49:29.744Z,BINANCE,ETHUSD_PERP,1553.77,1330,1,1782323271142
2026-06-24T17:49:29.744Z,BINANCE,ETHUSDC,1554.83,4664.49,1,1782323270980
2026-06-24T17:49:29.744Z,BINANCE,ETHUSDC,1554.57,211.42152,1,1782323270267
2026-06-24T17:49:29.744Z,BINANCE,ETHUSD_PERP,1553.75,1830,1,1782323270100
2026-06-24T17:49:29.744Z,BINANCE,ETHUSDT,1556.46,16367.73336,1,1782323269661
2026-06-24T17:49:29.744Z,BINANCE,ETHUSDC,1557.8,200.9562,1,1782323244515
2026-06-24T17:49:29.744Z,BINANCE,ETHUSDT,1559.4,101361,1,1782323244282
2026-06-24T17:49:29.744Z,BINANCE,ETHUSDT,1559.57,73045.58009,1,1782323243536
2026-06-24T17:49:29.744Z,BINANCE,ETHUSDC,1557.93,3125.20758,1,1782323243345
2026-06-24T17:49:29.744Z,BINANCE,ETHUSDT,1558.81,158686.858,1,1782323242341
2026-06-24T17:49:29.744Z,BINANCE,ETHUSDT,1559.05,285607.04665,1,1782323242145
2026-06-24T17:49:29.744Z,BINANCE,ETHUSDC,1557.72,6179.47524,1,1782323242083
2026-06-24T17:49:29.744Z,BINANCE,ETHUSDC,1558.31,961.47727,1,1782323240084
2026-06-24T17:49:29.744Z,BINANCE,ETHUSDT,1559.91,404.01669,1,1782323240084
2026-06-24T17:49:29.744Z,BINANCE,ETHUSDT,1560.7,10489.4647,1,1782323238455
2026-06-24T17:49:29.744Z,BINANCE,ETHUSDC,1558.47,29637.42399,1,1782323237430
2026-06-24T17:49:29.744Z,BINANCE,ETHUSDT,1560.21,36529.19673,1,1782323237349
2026-06-24T17:49:29.744Z,BINANCE,ETHUSDT,1559.63,3682.28643,1,1782323237107
2026-06-24T17:49:29.744Z,BINANCE,ETHUSDT,1561.25,2017.135,1,1782323233533
2026-06-24T17:49:29.744Z,BINANCE,ETHUSDT,1561.21,2474.51785,1,1782323232341
2026-06-24T17:49:29.744Z,BINANCE,ETHUSDT,1560.57,9926.78577,1,1782323231437
2026-06-24T17:49:29.744Z,BINANCE,ETHUSDC,1559.47,7797.35,1,1782323230155
2026-06-24T17:49:29.744Z,BINANCE,ETHUSDT,1561.23,780.615,2,1782323229581
2026-06-24T17:49:29.744Z,BINANCE,ETHUSDT,1561.22,18890.762,1,1782323229470
2026-06-24T17:49:29.744Z,BINANCE,ETHUSDT,1562.35,342.15465,1,1782323222100
2026-06-24T17:49:29.744Z,BINANCE,ETHUSDT,1562.84,220.36044,1,1782323210550
2026-06-24T17:49:29.744Z,BINANCE,ETHUSDT,1561.83,393.58116,1,1782323183335
2026-06-24T17:49:29.744Z,BINANCE,ETHUSDT,1561.47,75201.95667,1,1782323182203
2026-06-24T17:49:29.744Z,BINANCE,ETHUSDC,1559.73,3766.74795,1,1782323182093
2026-06-24T17:49:29.744Z,BINANCE,ETHUSDT,1560.27,729452.74959,1,1782323181182
2026-06-24T17:49:29.744Z,BINANCE,ETHUSD_PERP,1558.33,5560,1,1782323181078
2026-06-24T17:49:29.744Z,BINANCE,ETHUSDT,1560.53,452553.7,1,1782323180250
2026-06-24T17:49:29.744Z,BINANCE,ETHUSDC,1559.02,18291.98166,1,1782323180170
2026-06-24T17:49:29.744Z,BINANCE,ETHUSDC,1559.39,6996.98293,1,1782323178342
2026-06-24T17:49:29.744Z,BINANCE,ETHUSDT,1561.12,265390.4,1,1782323177322
2026-06-24T17:49:29.744Z,BINANCE,ETHUSDT,1561.49,31229.8,1,1782323177195
2026-06-24T17:49:29.744Z,BINANCE,ETHUSDC,1560.73,9767.04834,1,1782323176514
2026-06-24T17:49:29.744Z,BINANCE,ETHUSDT,1561.45,3289.97515,1,1782323175238
2026-06-24T17:49:29.744Z,BINANCE,ETHUSDC,1559.92,6239.68,1,1782323175146
2026-06-24T17:49:29.744Z,BINANCE,ETHUSD_PERP,1559.14,10000,1,1782323175079
2026-06-24T17:49:29.744Z,BINANCE,ETHUSDT,1561.85,203229.48385,1,1782323174266
2026-06-24T17:49:29.744Z,BINANCE,ETHUSDT,1562.12,55414.64488,1,1782323172429
2026-06-24T17:49:29.744Z,BINANCE,ETHUSDC,1561.03,1507.95498,1,1782323171415
2026-06-24T17:49:29.744Z,BINANCE,ETHUSDT,1562.5,61103.125,1,1782323171341
2026-06-24T17:49:29.744Z,BINANCE,ETHUSDT,1562.7,351.6075,1,1782323170076
2026-06-24T17:49:29.744Z,BINANCE,ETHUSDC,1561.36,421.5672,1,1782323167527
2026-06-24T17:49:29.744Z,BINANCE,ETHUSDT,1562.98,27786.65844,1,1782323167437
2026-06-24T17:49:29.744Z,BINANCE,ETHUSDT,1562.93,46878.52242,1,1782323167113
2026-06-24T17:49:29.744Z,BINANCE,ETHUSDC,1561.26,3793.8618,1,1782323166565
2026-06-24T17:49:29.744Z,BINANCE,ETHUSDT,1562.62,4745.67694,1,1782323166068
2026-06-24T17:49:29.744Z,BINANCE,ETHUSD_PERP,1560.24,4600,1,1782323166056
2026-06-24T17:49:29.744Z,BINANCE,ETHUSDC,1562.87,1662.89368,1,1782323162448
2026-06-24T17:49:29.744Z,BINANCE,ETHUSDT,1563.99,3331.2987,1,1782323161613
2026-06-24T17:49:29.744Z,BINANCE,ETHUSDT,1563.53,1563.53,1,1782323160145
2026-06-24T17:49:29.744Z,BINANCE,ETHUSDT,1568.26,3945.74216,2,1782323107553
2026-06-24T17:50:32.630Z,BINANCE,ETHUSDT,1564.58,14566.2398,2,1782323387627
2026-06-24T17:50:32.630Z,BINANCE,ETHUSDC,1563.21,1410.01542,2,1782323387270
2026-06-24T17:50:32.630Z,BINANCE,ETHUSDT,1565.08,63457.73368,2,1782323386584
2026-06-24T17:50:32.630Z,BINANCE,ETHUSDT,1565.96,296058.83164,2,1782323385439
2026-06-24T17:50:32.630Z,BINANCE,ETHUSD_PERP,1563.8,600,2,1782323385162
2026-06-24T17:50:32.630Z,BINANCE,ETHUSDT,1565.75,804.7955,2,1782323384263
2026-06-24T17:50:32.630Z,BINANCE,ETHUSDT,1564.45,11856.96655,2,1782323383448
2026-06-24T17:50:32.630Z,BINANCE,ETHUSDT,1562.21,3277.51658,2,1782323376554
2026-06-24T17:51:40.836Z,BINANCE,ETHUSDT,1560.73,234.1095,1,1782323444256
2026-06-24T17:54:38.748Z,BINANCE,ETHUSDT,1559.59,2662.22013,1,1782323619262
2026-06-24T17:58:09.168Z,BINANCE,ETHUSDT,1559.91,140.3919,1,1782323876765
2026-06-24T17:58:09.168Z,BINANCE,ETHUSDT,1559.85,322.88895,1,1782323874564
2026-06-24T17:58:09.168Z,BINANCE,ETHBTC,0.02626,2475.52568328,1,1782323873168
2026-06-24T17:58:09.168Z,BINANCE,ETHUSDT,1561.05,780.525,1,1782323840896
2026-06-24T17:59:22.495Z,BINANCE,ETHUSDT,1560.33,747.39807,2,1782323958511
2026-06-24T17:59:22.495Z,BINANCE,ETHUSDT,1556.91,1022.88987,1,1782323926278
2026-06-24T17:59:22.495Z,BINANCE,ETHUSDT,1556.81,535.54264,1,1782323918175
2026-06-24T17:59:22.495Z,BINANCE,ETHUSDT,1556.11,1887.56143,1,1782323910599
2026-06-24T17:59:22.495Z,BINANCE,ETHUSDT,1556.62,2395.63818,1,1782323909200
2026-06-24T17:59:22.495Z,BINANCE,ETHUSDT,1557.31,44750.86016,1,1782323903285
2026-06-24T17:59:22.495Z,BINANCE,ETHUSDT,1556.67,5809.49244,1,1782323902197
2026-06-24T17:59:22.495Z,BINANCE,ETHUSDT,1556.82,3070.04904,1,1782323901288
2026-06-24T17:59:22.495Z,BINANCE,ETHUSDT,1557.27,41275.44135,1,1782323899466
2026-06-24T17:59:22.495Z,BINANCE,ETHUSDT,1557.85,1990.9323,1,1782323898486
2026-06-24T17:59:22.495Z,BINANCE,ETHUSDT,1558.17,344.35557,1,1782323893795
2026-06-24T18:00:30.963Z,BINANCE,ETHUSDT,1561.33,4683.99,1,1782324028908
2026-06-24T18:00:30.963Z,BINANCE,ETHUSDT_260626,1563.56,187.6272,1,1782324028073
2026-06-24T18:00:30.963Z,BINANCE,ETHUSDT,1561.82,243.64392,1,1782324026953
2026-06-24T18:00:30.963Z,BINANCE,ETHUSDT,1562.55,2900.0928,2,1782324020283
2026-06-24T18:00:30.963Z,BINANCE,ETHUSDT,1562.14,276248.8376,2,1782324011395
2026-06-24T18:01:44.403Z,BINANCE,ETHUSDT,1562.74,101.5781,2,1782324099256
2026-06-24T18:01:44.403Z,BINANCE,ETHUSDT,1560.38,18646.541,1,1782324056606
2026-06-24T18:02:52.533Z,BINANCE,ETHUSDT,1556.47,25322.21043,1,1782324163963
2026-06-24T18:02:52.533Z,BINANCE,ETHUSDT,1555.62,2297.65074,1,1782324160423
2026-06-24T18:02:52.533Z,BINANCE,ETHUSDT_260925,1561.72,624.688,1,1782324158260
2026-06-24T18:02:52.533Z,BINANCE,ETHUSDT,1556.14,4606.1744,1,1782324157437
2026-06-24T18:02:52.533Z,BINANCE,ETHUSDT,1559.48,354.00196,1,1782324134357
2026-06-24T18:02:52.533Z,BINANCE,ETHUSDT,1559.17,3402.10894,1,1782324130551
2026-06-24T18:03:55.407Z,BINANCE,ETHUSDT,1558.66,62346.4,1,1782324210811
2026-06-24T18:03:55.407Z,BINANCE,ETHUSDT_260626,1560.75,229.43025,1,1782324210761
2026-06-24T18:03:55.407Z,BINANCE,ETHUSDT,1558.93,3117.86,1,1782324209000
2026-06-24T18:03:55.407Z,BINANCE,ETHUSDT,1559.73,282.31113,1,1782324202761
2026-06-24T18:06:17.115Z,BINANCE,ETHUSDT,1559.41,561.3876,1,1782324324223
2026-06-24T18:07:31.430Z,BINANCE,ETHUSDT,1565.42,67607.35896,2,1782324407450
2026-06-24T18:07:31.430Z,BINANCE,ETHUSDT,1565.49,601.14816,2,1782324405060
2026-06-24T18:07:31.430Z,BINANCE,ETHUSDT,1565.55,2747.54025,2,1782324403599
2026-06-24T18:07:31.430Z,BINANCE,ETHUSDT,1564.66,189.32386,2,1782324401533
2026-06-24T18:07:31.430Z,BINANCE,ETHUSDT,1564.37,433.33049,2,1782324400511
2026-06-24T18:07:31.430Z,BINANCE,ETHUSDT,1563.2,550.2464,2,1782324397117
2026-06-24T18:07:31.430Z,BINANCE,ETHUSDT,1563.18,285174.05376,2,1782324390474
2026-06-24T18:10:17.379Z,BINANCE,ETHUSDT,1567.11,155.14389,2,1782324484240
2026-06-24T18:10:17.379Z,BINANCE,ETHUSDT,1567.04,2316.08512,2,1782324484090
2026-06-24T18:11:30.700Z,BINANCE,ETHUSDT,1567.48,15674.8,2,1782324632382
2026-06-24T18:16:07.035Z,BINANCE,ETHUSDT,1571.25,5241.69,2,1782324945224
2026-06-24T18:16:07.035Z,BINANCE,ETHUSDC,1569.66,100.45824,2,1782324944224
2026-06-24T18:16:07.035Z,BINANCE,ETHUSDT,1571.32,666891.7778,2,1782324944074
2026-06-24T18:16:07.035Z,BINANCE,ETHUSDT,1569.63,7485.56547,2,1782324940492
2026-06-24T18:16:07.035Z,BINANCE,ETHUSDT,1570.44,4711.32,2,1782324939492
2026-06-24T18:16:07.035Z,BINANCE,ETHUSDC,1568.28,178.78392,2,1782324938434
2026-06-24T18:16:07.035Z,BINANCE,ETHUSDT,1569.83,24046.65594,2,1782324938360
2026-06-24T18:16:07.035Z,BINANCE,ETHUSDT,1569.2,491.1596,2,1782324937084
2026-06-24T18:16:07.035Z,BINANCE,ETHUSDT,1568.99,149609.47246,2,1782324916297
2026-06-24T18:16:07.035Z,BINANCE,ETHUSDT,1568.14,136674.37798,2,1782324906313
2026-06-24T18:19:17.098Z,BINANCE,ETHUSDT,1572.76,2269.49268,2,1782325139152
2026-06-24T18:19:17.098Z,BINANCE,ETHUSDT,1571.7,352.0608,2,1782325136085
2026-06-24T18:19:17.098Z,BINANCE,ETHUSDT,1572.45,5005.10835,2,1782325134070
2026-06-24T18:20:30.585Z,BINANCE,ETHUSDT,1574.15,17033.87715,2,1782325210503
2026-06-24T18:20:30.585Z,BINANCE,ETHUSDT,1573.33,6293.32,2,1782325206519
2026-06-24T18:21:44.974Z,BINANCE,ETHUSDT,1579.97,201232.87905,2,1782325300507
2026-06-24T18:21:44.974Z,BINANCE,ETHUSDT,1578.64,213.1164,2,1782325296538
2026-06-24T18:21:44.974Z,BINANCE,ETHUSDT,1579.18,2101.88858,2,1782325295372
2026-06-24T18:21:44.974Z,BINANCE,ETHUSDT,1578.28,1005.36436,2,1782325284407
2026-06-24T18:21:44.974Z,BINANCE,ETHUSDT,1578.5,28236.208,2,1782325283413
2026-06-24T18:21:44.974Z,BINANCE,ETHUSDT,1578.5,25410.693,2,1782325281485
2026-06-24T18:21:44.974Z,BINANCE,ETHUSDT,1577.96,1708.93068,2,1782325279257
2026-06-24T18:21:44.974Z,BINANCE,ETHUSDT,1577.24,44634.31476,2,1782325277605
2026-06-24T18:21:44.974Z,BINANCE,ETHUSDT,1575.66,831.94848,2,1782325267806
2026-06-24T18:21:44.974Z,BINANCE,ETHUSDT,1575.17,600.13977,2,1782325265346
2026-06-24T18:25:02.790Z,BINANCE,ETHUSDC,1579.61,500.73637,2,1782325324514
2026-06-24T18:25:02.790Z,BINANCE,ETHUSDT,1581.72,39543,2,1782325324324
2026-06-24T18:25:02.790Z,BINANCE,ETHUSDT,1581.79,100873.91188,2,1782325322277
2026-06-24T18:25:02.790Z,BINANCE,ETHUSDC,1577.83,280.85374,2,1782325304507
2026-06-24T18:26:07.785Z,BINANCE,ETHUSDT,1583.79,66139.0704,2,1782325514113
2026-06-24T18:26:07.785Z,BINANCE,ETHUSDT,1583.54,6812.38908,2,1782325513509
2026-06-24T18:26:07.785Z,BINANCE,ETHUSDT,1579.86,1494.54756,2,1782325506454
2026-06-24T18:27:15.770Z,BINANCE,ETHUSDT,1582.32,210.44856,2,1782325613662
2026-06-24T18:27:15.770Z,BINANCE,ETHUSDT,1582.64,58571.92376,2,1782325612617
2026-06-24T18:30:55.200Z,BINANCE,ETHUSDT,1575.7,367.1381,1,1782325813286
2026-06-24T18:30:55.200Z,BINANCE,ETHUSDT,1577.65,1094.8891,1,1782325775371
2026-06-24T18:33:17.306Z,BINANCE,ETHUSDT,1578.75,4358.92875,2,1782325954464
2026-06-24T18:37:40.205Z,BINANCE,ETHUSDT,1574.88,8228.748,1,1782326203643
2026-06-24T18:40:54.038Z,BINANCE,ETHUSDT,1574.05,4797.7044,1,1782326437216
2026-06-24T18:40:54.038Z,BINANCE,ETHUSDT,1574.55,1500.54615,1,1782326433270
2026-06-24T18:47:56.618Z,BINANCE,ETHUSDT,1572.6,2468.982,1,1782326874132
2026-06-24T18:49:04.847Z,BINANCE,ETHUSDT,1570.83,68092.33884,1,1782326935632
2026-06-24T18:49:04.847Z,BINANCE,ETHUSDT,1570.93,1495.52536,1,1782326917119
2026-06-24T18:49:04.847Z,BINANCE,ETHUSDT,1571.64,2357.46,1,1782326884573
2026-06-24T18:49:04.847Z,BINANCE,ETHUSDT,1572.35,1495.30485,1,1782326880528
2026-06-24T18:49:04.847Z,BINANCE,ETHUSDT,1573.01,597.7438,1,1782326876715
2026-06-24T18:50:07.923Z,BINANCE,ETHUSDT,1569.36,2390.13528,1,1782326958587
2026-06-24T18:50:07.923Z,BINANCE,ETHUSDT,1569.54,4512.4275,1,1782326952334
2026-06-24T18:50:07.923Z,BINANCE,ETHUSDT,1569.07,5283.05869,1,1782326950480
2026-06-24T18:50:07.923Z,BINANCE,ETHUSDT,1569.71,3153.54739,1,1782326947155
2026-06-24T18:50:07.923Z,BINANCE,ETHUSDT,1569.7,478.7585,1,1782326945224
2026-06-24T18:50:07.923Z,BINANCE,ETHUSDC,1567.87,191.28014,1,1782326945122
2026-06-24T18:50:07.923Z,BINANCE,ETHUSDT,1570.09,2606.3494,1,1782326944059
2026-06-24T18:52:03.873Z,BINANCE,ETHUSDT,1571.15,1426.6042,2,1782327098314
2026-06-24T18:52:03.873Z,BINANCE,ETHUSDT,1567.7,24786.9047,1,1782327035186
2026-06-24T18:52:03.873Z,BINANCE,ETHUSDT,1567.94,3868.10798,1,1782327029555
2026-06-24T18:52:03.873Z,BINANCE,ETHUSDT,1567.48,1616.07188,1,1782327028481
2026-06-24T18:52:03.873Z,BINANCE,ETHUSDT,1567.59,3489.45534,1,1782327025373
2026-06-24T18:52:03.873Z,BINANCE,ETHUSDT,1567.76,953.19808,1,1782327024260
2026-06-24T18:52:03.873Z,BINANCE,ETHUSDT,1568.41,2363.59387,1,1782327019271
2026-06-24T18:52:03.873Z,BINANCE,ETHUSDT,1568.41,14176.85799,1,1782327018467
2026-06-24T18:57:26.994Z,BINANCE,ETHUSDT,1573.36,27064.93872,2,1782327441175
2026-06-24T18:57:26.994Z,BINANCE,ETHUSDT,1573.09,396.41868,2,1782327430697
2026-06-24T18:57:26.994Z,BINANCE,ETHUSDT,1572.88,5825.94752,2,1782327427243
2026-06-24T18:58:29.844Z,BINANCE,ETHUSDT,1572.79,5327.03973,2,1782327450593
2026-06-24T19:04:27.262Z,BINANCE,ETHUSDT,1575.93,253.72473,2,1782327813500
2026-06-24T19:04:27.262Z,BINANCE,ETHUSDT,1575.8,1408.7652,2,1782327812341
2026-06-24T19:04:27.262Z,BINANCE,ETHUSDT,1575,600.075,2,1782327808425
2026-06-24T19:04:27.262Z,BINANCE,ETHUSDT,1575.01,411.07761,2,1782327805561
2026-06-24T19:06:43.247Z,BINANCE,ETHUSDT,1570.76,939.31448,1,1782327953767
2026-06-24T19:07:51.259Z,BINANCE,ETHUSDT,1570.45,4368.9919,1,1782328021574
2026-06-24T19:12:08.357Z,BINANCE,ETHUSDT,1566.46,2727.20686,1,1782328303385
2026-06-24T19:12:08.357Z,BINANCE,ETHUSDT,1566.25,1827.81375,1,1782328301633
2026-06-24T19:12:08.357Z,BINANCE,ETHUSDT,1566.58,3106.52814,1,1782328300407
2026-06-24T19:12:08.357Z,BINANCE,ETHUSDT,1566.16,298893.8052,1,1782328299228
2026-06-24T19:12:08.357Z,BINANCE,ETHUSDC,1564.89,5164.137,1,1782328297770
2026-06-24T19:12:08.357Z,BINANCE,ETHUSDT,1567,5567.551,1,1782328297361
2026-06-24T19:12:08.357Z,BINANCE,ETHUSDC,1565.68,101.7692,1,1782328294592
2026-06-24T19:12:08.357Z,BINANCE,ETHUSDT,1567.74,1338.84996,1,1782328284390
2026-06-24T19:14:19.107Z,BINANCE,ETHUSDT,1570.43,12084.45885,2,1782328455605
2026-06-24T19:14:19.107Z,BINANCE,ETHUSDT,1569.97,1271.6757,2,1782328449114
2026-06-24T19:14:19.107Z,BINANCE,ETHUSDT,1569.97,866.62344,2,1782328447565
2026-06-24T19:16:30.104Z,BINANCE,ETHUSDT,1571.01,300.06291,2,1782328547389
2026-06-24T19:17:43.342Z,BINANCE,ETHUSDT,1567.83,1200.95778,1,1782328600463
2026-06-24T19:18:51.318Z,BINANCE,ETHUSDT,1568.67,597.66327,1,1782328692574
2026-06-24T19:18:51.318Z,BINANCE,ETHUSDT,1569.08,456.60228,1,1782328689351
2026-06-24T19:19:55.466Z,BINANCE,ETHUSDT,1570.74,3989.6796,2,1782328790923
2026-06-24T19:23:19.544Z,BINANCE,ETHUSDT,1571.82,410.24502,2,1782328988623
2026-06-24T19:25:31.407Z,BINANCE,ETHUSDT,1574.9,658.3082,2,1782329111208
2026-06-24T19:25:31.407Z,BINANCE,ETHUSDT,1574.35,20595.6467,2,1782329109207
2026-06-24T19:25:31.407Z,BINANCE,ETHUSDT,1574.1,113.3352,2,1782329107467
2026-06-24T19:25:31.407Z,BINANCE,ETHUSDT,1573.63,157.363,2,1782329105375
2026-06-24T19:32:06.073Z,BINANCE,ETHUSDT,1573.28,3871.84208,2,1782329466094
2026-06-24T19:35:30.270Z,BINANCE,ETHUSDT,1576.42,20075.7087,2,1782329700245
2026-06-24T19:36:39.734Z,BINANCE,ETHUSDT,1579.86,19928.35404,2,1782329752060
2026-06-24T19:36:39.734Z,BINANCE,ETHUSDT,1579.17,1636.02012,2,1782329736391
2026-06-24T19:36:39.734Z,BINANCE,ETHUSDT,1578.98,2605.317,2,1782329735576
2026-06-24T19:36:39.734Z,BINANCE,ETHUSDT,1577.93,6845.06034,2,1782329733504
2026-06-24T19:36:39.734Z,BINANCE,ETHUSDT,1578.29,208.33428,2,1782329731535
2026-06-24T19:36:39.734Z,BINANCE,ETHUSDT,1577.61,9105.96492,2,1782329730158
2026-06-24T19:41:05.487Z,BINANCE,ETHUSDT,1580.82,74706.39156,2,1782330026528
2026-06-24T19:41:05.487Z,BINANCE,ETHUSDT,1581,37904.475,2,1782330020491
2026-06-24T19:41:05.487Z,BINANCE,ETHUSDT,1580.61,4022.65245,2,1782330018151
2026-06-24T19:41:05.487Z,BINANCE,ETHUSDT,1579.38,4472.80416,2,1782330007541
2026-06-24T19:51:02.610Z,BINANCE,ETHUSDT,1581.49,147.07857,2,1782330627449
2026-06-24T19:52:05.524Z,BINANCE,ETHUSDT,1582.51,708.96448,2,1782330671249
2026-06-24T19:52:05.524Z,BINANCE,ETHUSDT,1582.52,14032.20484,2,1782330670426
2026-06-24T19:52:05.524Z,BINANCE,ETHUSDT,1582.51,2375.34751,2,1782330669113
2026-06-24T19:58:53.522Z,BINANCE,ETHUSDT,1583.34,1064.00448,2,1782331123387
2026-06-24T19:58:53.522Z,BINANCE,ETHUSDT,1583.42,7529.1621,2,1782331122625
2026-06-24T20:00:07.260Z,BINANCE,ETHUSDT,1584.36,1568.5164,2,1782331182243
2026-06-24T20:00:07.260Z,BINANCE,ETHUSDT,1583.23,12507.517,2,1782331142278
2026-06-24T20:01:15.706Z,BINANCE,ETHUSDT,1584.67,151282.10622,2,1782331269626
2026-06-24T20:02:19.117Z,BINANCE,ETHUSDC,1592.87,439.63212,2,1782331313510
2026-06-24T20:02:19.117Z,BINANCE,ETHUSDT,1594.75,8466.52775,2,1782331313416
2026-06-24T20:02:19.117Z,BINANCE,ETHUSDC,1593.89,5358.65818,2,1782331312344
2026-06-24T20:02:19.117Z,BINANCE,ETHUSDT,1596.16,27572.06784,2,1782331312145
2026-06-24T20:02:19.117Z,BINANCE,ETHUSDT,1596.75,13083.7695,2,1782331310414
2026-06-24T20:02:19.117Z,BINANCE,ETHUSDT,1594.27,226.38634,2,1782331308417
2026-06-24T20:02:19.117Z,BINANCE,ETHUSDC,1590.94,1008.65596,2,1782331307381
2026-06-24T20:02:19.117Z,BINANCE,ETHUSDT,1593.7,7968.5,2,1782331306645
2026-06-24T20:02:19.117Z,BINANCE,ETHUSDT,1593.32,58986.29972,2,1782331306165
2026-06-24T20:02:19.117Z,BINANCE,ETHUSD_PERP,1590.69,390,2,1782331306104
2026-06-24T20:02:19.117Z,BINANCE,ETHUSDC,1591.52,86693.27744,2,1782331304342
2026-06-24T20:02:19.117Z,BINANCE,ETHUSDT,1590.38,80722.91766,2,1782331298188
2026-06-24T20:02:19.117Z,BINANCE,ETHUSDT_260925,1597.38,2020.6857,2,1782331298080
2026-06-24T20:02:19.117Z,BINANCE,ETHUSDT,1590.01,1295.85815,2,1782331297179
2026-06-24T20:02:19.117Z,BINANCE,ETHUSDT,1589.11,41866.69206,2,1782331295365
2026-06-24T20:02:19.117Z,BINANCE,ETHUSDT,1589.27,48148.52392,2,1782331295121
2026-06-24T20:02:19.117Z,BINANCE,ETHUSD_260626,1589.87,85590,2,1782331294147
2026-06-24T20:02:19.117Z,BINANCE,ETHUSDT,1589.14,195194.0662,2,1782331293338
2026-06-24T20:02:19.117Z,BINANCE,ETHUSDT,1588.54,10997.46242,2,1782331292212
2026-06-24T20:02:19.117Z,BINANCE,ETHUSDC,1584.67,253.5472,2,1782331290691
2026-06-24T20:02:19.117Z,BINANCE,ETHUSDT,1585.84,4305.5556,2,1782331290317
2026-06-24T20:02:19.117Z,BINANCE,ETHUSDT,1585.05,9532.4907,2,1782331288550
2026-06-24T20:02:19.117Z,BINANCE,ETHUSDT,1584.88,9094.04144,2,1782331288159
2026-06-24T20:02:19.117Z,BINANCE,ETHUSDT,1585.34,905.22914,2,1782331285202
2026-06-24T20:10:42.627Z,BINANCE,ETHUSDT,1607.05,1607.05,2,1782331791887
2026-06-24T20:10:42.627Z,BINANCE,ETHUSDT,1606.51,330.94106,2,1782331761145
2026-06-24T20:10:42.627Z,BINANCE,ETHUSDT,1606.13,90431.54352,2,1782331756109
2026-06-24T20:10:42.627Z,BINANCE,ETHUSDT,1603.35,106096.8762,1,1782331720119
2026-06-24T20:10:42.627Z,BINANCE,ETHUSDT,1604.24,1748.6216,1,1782331705256
2026-06-24T20:10:42.627Z,BINANCE,ETHUSDT,1604.57,13488.01542,1,1782331703171
2026-06-24T20:10:42.627Z,BINANCE,ETHUSDT,1610.12,2469.92408,2,1782331674338
2026-06-24T20:10:42.627Z,BINANCE,ETHUSDC,1608.82,10135.566,2,1782331672325
2026-06-24T20:10:42.627Z,BINANCE,ETHUSDT,1611.21,79519.65834,2,1782331672252
2026-06-24T20:10:42.627Z,BINANCE,ETHUSDT,1605.28,130.02768,1,1782331614292
2026-06-24T20:10:42.627Z,BINANCE,ETHUSDT,1609.94,2603.27298,2,1782331582066
2026-06-24T20:10:42.627Z,BINANCE,ETHUSDC,1606.98,20349.18774,2,1782331577487
2026-06-24T20:10:42.627Z,BINANCE,ETHUSDT,1608.92,3126.13156,2,1782331576217
2026-06-24T20:10:42.627Z,BINANCE,ETHUSDT,1609.1,447.3298,2,1782331575490
2026-06-24T20:10:42.627Z,BINANCE,ETHUSDT,1610.13,28982.34,2,1782331573530
2026-06-24T20:10:42.627Z,BINANCE,ETHUSD_PERP,1607.08,5750,2,1782331573129
2026-06-24T20:10:42.627Z,BINANCE,ETHUSDT_260626,1611.28,1611.28,2,1782331572739
2026-06-24T20:10:42.627Z,BINANCE,ETHUSDT,1608.28,5341097.88,2,1782331572103
2026-06-24T20:10:42.627Z,BINANCE,ETHUSDC,1605.74,1524521.6708,2,1782331572102
2026-06-24T20:10:42.627Z,BINANCE,ETHUSDT,1608.34,181316.2099,2,1782331571458
2026-06-24T20:10:42.627Z,BINANCE,ETHUSD_PERP,1606.07,13320,2,1782331571154
2026-06-24T20:10:42.627Z,BINANCE,ETHUSDT,1603.61,6916.36993,2,1782331566361
2026-06-24T20:10:42.627Z,BINANCE,ETHUSDC,1602.09,334.83681,2,1782331566073
2026-06-24T20:10:42.627Z,BINANCE,ETHUSDT,1604.05,7975.3366,2,1782331565195
2026-06-24T20:10:42.627Z,BINANCE,ETHUSDT,1605.2,8026,2,1782331564727
2026-06-24T20:10:42.627Z,BINANCE,ETHUSDT,1602.64,788.49888,2,1782331562532
2026-06-24T20:10:42.627Z,BINANCE,ETHUSDT,1602.29,23665.8233,2,1782331561658
2026-06-24T20:10:42.627Z,BINANCE,ETHUSDT,1602.14,3678.51344,2,1782331559420
2026-06-24T20:10:42.627Z,BINANCE,ETHUSDT,1600.9,9776.6963,2,1782331551592
2026-06-24T20:10:42.627Z,BINANCE,ETHUSDT,1601.27,8456.30687,2,1782331551456
2026-06-24T20:10:42.627Z,BINANCE,ETHUSDT,1600.68,153.66528,2,1782331549274
2026-06-24T20:10:42.627Z,BINANCE,ETHUSDT,1600.97,478.69003,2,1782331547668
2026-06-24T20:10:42.627Z,BINANCE,ETHUSDT,1600.43,12851.4529,2,1782331546222
2026-06-24T20:10:42.627Z,BINANCE,ETHUSDC,1598.07,35157.54,2,1782331545206
2026-06-24T20:10:42.627Z,BINANCE,ETHUSDT,1599.89,127991.2,2,1782331545078
2026-06-24T20:10:42.627Z,BINANCE,ETHUSDT,1599.92,49096.74504,2,1782331543491
2026-06-24T20:10:42.627Z,BINANCE,ETHUSDT,1597.39,862.5906,2,1782331538589
2026-06-24T20:10:42.627Z,BINANCE,ETHUSDT,1597.75,685.43475,2,1782331518551
2026-06-24T20:10:42.627Z,BINANCE,ETHUSDT,1598,19354.976,2,1782331517377
2026-06-24T20:10:42.627Z,BINANCE,ETHUSDT,1598.32,45950.10168,2,1782331516077
2026-06-24T20:10:42.627Z,BINANCE,ETHUSDC,1595.06,2676.51068,2,1782331512532
2026-06-24T20:10:42.627Z,BINANCE,ETHUSDT,1596.48,12771.84,2,1782331505538
2026-06-24T20:10:42.627Z,BINANCE,ETHUSDT,1596.81,3209.5881,2,1782331504387
2026-06-24T20:10:42.627Z,BINANCE,ETHUSDT,1597.14,1279.30914,2,1782331503129
2026-06-24T20:10:42.627Z,BINANCE,ETHUSDT,1596.09,300.06492,2,1782331497511
2026-06-24T20:10:42.627Z,BINANCE,ETHUSDC,1594.14,593.02008,2,1782331497255
2026-06-24T20:10:42.627Z,BINANCE,ETHUSDT,1595.49,4719.45942,2,1782331494349
2026-06-24T20:10:42.627Z,BINANCE,ETHUSDT,1594.74,617.16438,2,1782331423601
2026-06-24T20:10:42.627Z,BINANCE,ETHUSDT,1595.68,256.90448,2,1782331410603
2026-06-24T20:10:42.627Z,BINANCE,ETHUSDT,1594.7,2329.8567,2,1782331394642
2026-06-24T20:10:42.627Z,BINANCE,ETHUSDT,1590.75,9363.1545,1,1782331361473
2026-06-24T20:11:50.668Z,BINANCE,ETHUSDT,1608.44,160.844,1,1782331891820
2026-06-24T20:15:04.738Z,BINANCE,ETHUSDT,1608.55,1933.4771,1,1782332070270
2026-06-24T20:16:17.890Z,BINANCE,ETHUSDT,1610.47,12434.43887,2,1782332113485
2026-06-24T20:17:31.040Z,BINANCE,ETHUSDT,1611.63,3384.423,2,1782332248186
2026-06-24T20:17:31.040Z,BINANCE,ETHUSDT,1611.53,204.66431,2,1782332245372
2026-06-24T20:18:39.129Z,BINANCE,ETHUSDT,1613.46,13252.96044,2,1782332275247
2026-06-24T20:18:39.129Z,BINANCE,ETHUSDT,1613.66,340.48226,2,1782332272487
2026-06-24T20:18:39.129Z,BINANCE,ETHUSDT,1613.85,5503.2285,2,1782332271447
2026-06-24T20:18:39.129Z,BINANCE,ETHUSDC,1611.54,34651.33308,2,1782332268184
2026-06-24T20:18:39.129Z,BINANCE,ETHUSDT,1613.61,5917.10787,2,1782332267374
2026-06-24T20:18:39.129Z,BINANCE,ETHUSDT,1613.61,1529.70228,2,1782332267215
2026-06-24T20:18:39.129Z,BINANCE,ETHUSDT,1612.96,4737.26352,2,1782332265300
2026-06-24T20:19:47.029Z,BINANCE,ETHUSDT,1614.25,150430.34325,2,1782332343341
2026-06-24T20:19:47.029Z,BINANCE,ETHUSDT,1614.48,146.91768,2,1782332341267
2026-06-24T20:20:55.295Z,BINANCE,ETHUSDT,1612.72,190.30096,2,1782332447201
2026-06-24T20:22:08.436Z,BINANCE,ETHUSDT,1615.69,502.47959,2,1782332521435
2026-06-24T20:22:08.436Z,BINANCE,ETHUSDT,1616.11,7716.92525,2,1782332518555
2026-06-24T20:22:08.436Z,BINANCE,ETHUSDT,1615.96,16159.6,2,1782332517399
2026-06-24T20:22:08.436Z,BINANCE,ETHUSDT,1615.33,807.665,2,1782332513202
2026-06-24T20:22:08.436Z,BINANCE,ETHUSDT,1615.07,16150.7,2,1782332507580
2026-06-24T20:22:08.436Z,BINANCE,ETHUSDT,1613.44,2752.52864,2,1782332475224
2026-06-24T20:23:16.415Z,BINANCE,ETHUSDT,1612.41,1973.58984,1,1782332591598
2026-06-24T20:23:16.415Z,BINANCE,ETHUSDT,1613.92,616.51744,1,1782332543402
2026-06-24T20:27:44.082Z,BINANCE,ETHUSDT_260626,1618.62,100.35444,2,1782332823194
2026-06-24T20:27:44.082Z,BINANCE,ETHUSDT_260925,1621.98,170.3079,2,1782332802569
2026-06-24T20:27:44.082Z,BINANCE,ETHUSDT,1616.37,5256.43524,2,1782332802189
2026-06-24T20:27:44.082Z,BINANCE,ETHUSDT,1615.84,1131.088,2,1782332795592
2026-06-24T20:27:44.082Z,BINANCE,ETHUSDT,1615.67,2021.20317,2,1782332794521
2026-06-24T20:27:44.082Z,BINANCE,ETHUSDT,1614.45,1141.41615,2,1782332790492
2026-06-24T20:32:06.296Z,BINANCE,ETHUSDT,1615.39,187.38524,2,1782333112414
2026-06-24T20:32:06.296Z,BINANCE,ETHUSDT,1614.69,712.07829,2,1782333108698
2026-06-24T20:33:19.615Z,BINANCE,ETHUSDT,1616.05,4416.66465,2,1782333129604
2026-06-24T20:33:19.615Z,BINANCE,ETHUSDT,1616.27,518.82267,2,1782333125147
2026-06-24T20:35:30.780Z,BINANCE,ETHUSDT,1608.02,223.51478,1,1782333286177
2026-06-24T20:35:30.780Z,BINANCE,ETHUSDT,1608.75,13955.90625,1,1782333282990
2026-06-24T20:35:30.780Z,BINANCE,ETHUSDT,1608.61,656.31288,1,1782333281359
2026-06-24T20:35:30.780Z,BINANCE,ETHUSDT,1608.73,1496.1189,1,1782333280079
2026-06-24T20:36:40.121Z,BINANCE,ETHUSDT,1611.96,712.48632,2,1782333334270
2026-06-24T20:44:41.847Z,BINANCE,ETHUSDT,1612.33,1256.00507,2,1782333870151
2026-06-24T20:45:44.796Z,BINANCE,ETHUSDT,1611.42,228.82164,2,1782333924324
2026-06-24T20:47:54.907Z,BINANCE,ETHUSDT,1612.23,2616.64929,1,1782334020229
2026-06-24T20:50:07.099Z,BINANCE,ETHUSDT,1619.63,16196.3,2,1782334198300
2026-06-24T20:50:07.099Z,BINANCE,ETHUSDT,1619.05,174.8574,2,1782334194457
2026-06-24T20:50:07.099Z,BINANCE,ETHUSDC,1616.74,3233.48,2,1782334194238
2026-06-24T20:50:07.099Z,BINANCE,ETHUSDT,1618.84,27363.25252,2,1782334191180
2026-06-24T20:50:07.099Z,BINANCE,ETHUSDT,1618.45,1472.7895,2,1782334190436
2026-06-24T20:50:07.099Z,BINANCE,ETHUSDC,1616.16,247.27248,2,1782334189068
2026-06-24T20:50:07.099Z,BINANCE,ETHUSDT,1618.17,20068.54434,2,1782334188585
2026-06-24T20:50:07.099Z,BINANCE,ETHUSDT,1617.67,4930.65816,2,1782334188099
2026-06-24T20:50:07.099Z,BINANCE,ETHUSDT,1616.19,34424.847,2,1782334181785
2026-06-24T20:50:07.099Z,BINANCE,ETHUSDT,1617.05,9762.13085,2,1782334180306
2026-06-24T20:52:32.148Z,BINANCE,ETHUSDT,1613.25,645.3,1,1782334280520
2026-06-24T20:52:32.148Z,BINANCE,ETHUSDT,1621.3,4122.9659,2,1782334243256
2026-06-24T20:52:32.148Z,BINANCE,ETHUSDT,1621.35,26460.432,2,1782334237525
2026-06-24T20:52:32.148Z,BINANCE,ETHUSDT,1621.32,2431.98,2,1782334236422
2026-06-24T20:52:32.148Z,BINANCE,ETHUSDT,1621.08,7808.74236,2,1782334235128
2026-06-24T20:52:32.148Z,BINANCE,ETHUSDT,1620.26,3240.52,2,1782334233424
2026-06-24T20:52:32.148Z,BINANCE,ETHUSDT,1620.42,14768.50788,2,1782334228197
2026-06-24T20:52:32.148Z,BINANCE,ETHUSDT,1619.89,43395.23321,2,1782334221522
2026-06-24T20:52:32.148Z,BINANCE,ETHUSDC,1617.51,3720.273,2,1782334217560
2026-06-24T20:54:05.763Z,BINANCE,ETHUSDT,1617.04,14572.76448,2,1782334389679
2026-06-24T20:55:19.074Z,BINANCE,ETHUSDT,1611.79,4387.29238,1,1782334516267
2026-06-24T20:55:19.074Z,BINANCE,ETHUSDT,1612.23,1638.02568,1,1782334508128
2026-06-24T20:56:32.205Z,BINANCE,ETHUSDT,1610.93,868.29127,1,1782334530082
2026-06-24T21:03:15.397Z,BINANCE,ETHUSDT,1609.72,8959.70152,1,1782334972414
2026-06-24T21:03:15.397Z,BINANCE,ETHUSDT,1609.86,328.41144,1,1782334970580
2026-06-24T21:03:15.397Z,BINANCE,ETHUSDT,1610.18,793.81874,1,1782334968620
2026-06-24T21:04:18.157Z,BINANCE,ETHUSDT,1609.13,407.10989,1,1782335051074
2026-06-24T21:04:18.157Z,BINANCE,ETHUSDT,1608.65,157.6477,1,1782335046083
2026-06-24T21:04:18.157Z,BINANCE,ETHUSDT,1608.67,4386.84309,1,1782335043184
2026-06-24T21:06:29.040Z,BINANCE,ETHUSDT,1607.16,32856.77904,1,1782335112506
2026-06-24T21:07:31.879Z,BINANCE,ETHUSDT,1607.46,8037.3,1,1782335198319
2026-06-24T21:12:04.205Z,BINANCE,ETHUSDT,1605.71,259359.09633,1,1782335521312
2026-06-24T21:12:04.205Z,BINANCE,ETHUSDT,1605.17,47493.76996,1,1782335518739
2026-06-24T21:12:04.205Z,BINANCE,ETHUSDT,1605.47,3292.81897,1,1782335517385
2026-06-24T21:12:04.205Z,BINANCE,ETHUSDT,1606.31,2088.203,1,1782335514568
2026-06-24T21:12:04.205Z,BINANCE,ETHUSDT,1606.15,29949.87905,1,1782335512150
2026-06-24T21:14:14.997Z,BINANCE,ETHUSDT,1609.51,648.63253,2,1782335614483
2026-06-24T21:29:41.371Z,BINANCE,ETHUSDT,1611.47,331.96282,2,1782336545631
2026-06-24T21:34:18.421Z,BINANCE,ETHUSDT,1613.64,11401.98024,2,1782336853221
2026-06-24T21:34:18.421Z,BINANCE,ETHUSDT,1612.62,103.20768,2,1782336834071
2026-06-24T21:34:18.421Z,BINANCE,ETHUSDT,1612.12,586.81168,2,1782336814061
2026-06-24T21:34:18.421Z,BINANCE,ETHUSDT,1611.82,1316.85694,2,1782336797080
2026-06-24T21:35:31.584Z,BINANCE,ETHUSDT,1615.44,129235.2,2,1782336861304
2026-06-24T21:35:31.584Z,BINANCE,ETHUSDT,1615,1521.33,2,1782336860244
2026-06-24T21:38:04.291Z,BINANCE,ETHUSDC,1617.07,999.34926,2,1782337079233
2026-06-24T21:38:04.291Z,BINANCE,ETHUSDT,1618.67,6761.18459,2,1782337077312
2026-06-24T21:38:04.291Z,BINANCE,ETHUSDT,1618.31,1032.48178,2,1782337073274
2026-06-24T21:38:04.291Z,BINANCE,ETHUSDT,1617.68,1816.65464,2,1782337061364
2026-06-24T21:38:04.291Z,BINANCE,ETHUSDT,1617.35,63392.03325,2,1782337058230
2026-06-24T21:38:04.291Z,BINANCE,ETHUSDT,1617.12,121.284,2,1782337046198
2026-06-24T21:38:04.291Z,BINANCE,ETHUSDT,1616.59,787.27933,2,1782337025092
2026-06-24T21:44:42.151Z,BINANCE,ETHUSDT,1617.97,2142.19228,2,1782337474394
2026-06-24T21:44:42.151Z,BINANCE,ETHUSDT,1618.01,535.56131,2,1782337452474
2026-06-24T21:50:17.307Z,BINANCE,ETHUSDT,1617.14,3234.28,2,1782337749580
2026-06-24T21:57:05.383Z,BINANCE,ETHUSDT,1617.18,14690.46312,2,1782338164850
2026-06-24T21:58:08.400Z,BINANCE,ETHUSDT,1620.66,1764.89874,2,1782338246501
2026-06-24T21:58:08.400Z,BINANCE,ETHUSDT,1620.73,1377.6205,2,1782338245309
2026-06-24T21:58:08.400Z,BINANCE,ETHUSDT,1620.61,140993.07,2,1782338244894
2026-06-24T22:00:30.178Z,BINANCE,ETHUSDT,1624.35,9232.8054,2,1782338424213
2026-06-24T22:00:30.178Z,BINANCE,ETHUSDT,1625.86,6049.82506,2,1782338422909
2026-06-24T22:00:30.178Z,BINANCE,ETHUSDC,1622.63,1622.63,2,1782338422198
2026-06-24T22:00:30.178Z,BINANCE,ETHUSDT,1624.06,933.8345,2,1782338419587
2026-06-24T22:00:30.178Z,BINANCE,ETHUSDC,1621.93,6646.66914,2,1782338419387
2026-06-24T22:00:30.178Z,BINANCE,ETHUSDT,1624.06,1546.10512,2,1782338419346
2026-06-24T22:00:30.178Z,BINANCE,ETHUSDC,1621.82,8233.98014,2,1782338417306
2026-06-24T22:00:30.178Z,BINANCE,ETHUSDT,1623.6,20671.6752,2,1782338417202
2026-06-24T22:00:30.178Z,BINANCE,ETHUSD_PERP,1621.32,170,2,1782338417138
2026-06-24T22:00:30.178Z,BINANCE,ETHUSDT,1622.79,24525.22527,2,1782338415251
2026-06-24T22:00:30.178Z,BINANCE,ETHUSDC,1620.7,102.1041,2,1782338414286
2026-06-24T22:00:30.178Z,BINANCE,ETHUSDT,1622.39,9898.20139,2,1782338412475
2026-06-24T22:00:30.178Z,BINANCE,ETHUSDT,1621.27,696324.11611,2,1782338410738
2026-06-24T22:00:30.178Z,BINANCE,ETHUSDT,1620.72,372.7656,2,1782338394480
2026-06-24T22:00:30.178Z,BINANCE,ETHUSDT,1621.15,747.35015,2,1782338383338
2026-06-24T22:01:54.736Z,BINANCE,ETHUSDT,1627.25,1296.91825,2,1782338497543
2026-06-24T22:01:54.736Z,BINANCE,ETHUSDT,1627.62,813.81,2,1782338496362
2026-06-24T22:01:54.736Z,BINANCE,ETHUSDC,1624.03,134091.28501,2,1782338484407
2026-06-24T22:01:54.736Z,BINANCE,ETHUSDT,1626.84,1220130,2,1782338483313
2026-06-24T22:01:54.736Z,BINANCE,ETHUSDC,1625.35,650.14,2,1782338482591
2026-06-24T22:01:54.736Z,BINANCE,ETHUSDT,1628.1,6512400,2,1782338481400
2026-06-24T22:01:54.736Z,BINANCE,ETHUSDT,1626.54,4806.4257,2,1782338480257
2026-06-24T22:01:54.736Z,BINANCE,ETHUSDT,1624.95,394.86285,2,1782338432492
2026-06-24T22:01:54.736Z,BINANCE,ETHUSDT,1625.2,6118.878,2,1782338430537
2026-06-24T22:01:54.736Z,BINANCE,ETHUSDT,1625.05,7489.85545,2,1782338428354
2026-06-24T22:14:18.474Z,BINANCE,ETHUSDT,1620.14,298.10576,1,1782339221467
2026-06-24T22:15:31.711Z,BINANCE,ETHUSDT,1619.16,901.87212,1,1782339290456
2026-06-24T22:16:41.033Z,BINANCE,ETHUSDT,1616.22,21170.86578,1,1782339340790
2026-06-24T22:16:41.033Z,BINANCE,ETHUSDT,1616.73,21295.56756,1,1782339338605
2026-06-24T22:16:41.033Z,BINANCE,ETHUSDT,1617.34,894.38902,1,1782339337531
2026-06-24T22:20:15.659Z,BINANCE,ETHUSDT,1615.29,1150.08648,1,1782339551056
2026-06-24T22:25:52.017Z,BINANCE,ETHUSDT,1614.8,134.0284,1,1782339931524
2026-06-24T22:42:15.598Z,BINANCE,ETHUSDT,1614.34,192.10646,1,1782340879563
2026-06-24T22:47:55.828Z,BINANCE,ETHUSDT,1613.81,1910.75104,1,1782341227377
2026-06-24T23:22:42.159Z,BINANCE,ETHUSDT,1618.83,1071.66546,2,1782343330313
2026-06-24T23:22:42.159Z,BINANCE,ETHUSDT,1617.47,249.09038,2,1782343307202
2026-06-24T23:23:55.339Z,BINANCE,ETHUSDT,1620.67,1513.70578,2,1782343420325
2026-06-24T23:23:55.339Z,BINANCE,ETHUSDT,1620.67,43759.71067,2,1782343419652
2026-06-24T23:25:03.662Z,BINANCE,ETHUSDT,1621,269.086,2,1782343488237
2026-06-24T23:27:14.711Z,BINANCE,ETHUSDT,1621.35,742.5783,2,1782343578157
2026-06-24T23:55:40.411Z,BINANCE,ETHUSDT,1621.89,149.21388,2,1782345303227
2026-06-25T00:03:27.561Z,BINANCE,ETHUSDT,1622.82,324.564,2,1782345765525
2026-06-25T00:05:39.197Z,BINANCE,ETHUSDT,1623.31,1004.82889,2,1782345886596
2026-06-25T00:05:39.197Z,BINANCE,ETHUSDT,1623.27,19518.19848,2,1782345881556
2026-06-25T00:06:41.928Z,BINANCE,ETHUSDT,1625.33,89601.19224,2,1782345997313
2026-06-25T00:06:41.928Z,BINANCE,ETHUSDC,1622.91,9937.07793,2,1782345996221
2026-06-25T00:06:41.928Z,BINANCE,ETHUSDT,1624.52,846.37492,2,1782345968311
2026-06-25T00:12:27.504Z,BINANCE,ETHUSDT,1624.56,430.5084,2,1782346326577
2026-06-25T00:13:30.187Z,BINANCE,ETHUSDT,1625.36,162.536,2,1782346380422
2026-06-25T00:14:43.281Z,BINANCE,ETHUSDT,1622.81,1843.51216,2,1782346459217
2026-06-25T00:23:54.900Z,BINANCE,ETHUSDT,1624.73,437.05237,2,1782347007585
2026-06-25T00:36:19.553Z,BINANCE,ETHUSDT,1619.8,16198,1,1782347730608
2026-06-25T00:36:19.553Z,BINANCE,ETHUSDT,1619.91,497.31237,1,1782347717616
2026-06-25T00:38:30.395Z,BINANCE,ETHUSDT,1618.66,3787.6644,1,1782347899580
2026-06-25T00:40:56.829Z,BINANCE,ETHUSDT,1618.57,119.77418,1,1782347989477
2026-06-25T00:45:39.188Z,BINANCE,ETHUSDT,1618.15,747.5853,1,1782348293410
2026-06-25T00:46:42.076Z,BINANCE,ETHUSDT,1618.23,140.78601,1,1782348370397
2026-06-25T00:47:55.171Z,BINANCE,ETHUSDT,1616.67,557.75115,1,1782348424315
2026-06-25T00:49:03.712Z,BINANCE,ETHUSDT,1618.1,1493.5063,1,1782348524251
2026-06-25T00:59:06.692Z,BINANCE,ETHUSDT,1616.2,18416.599,1,1782349117262
2026-06-25T01:01:18.964Z,BINANCE,ETHUSDT,1620.5,9335.7005,2,1782349252574
2026-06-25T01:01:18.964Z,BINANCE,ETHUSDT,1620.28,16202.8,1,1782349247641
2026-06-25T01:08:04.273Z,BINANCE,ETHUSDT,1614.75,74197.7625,1,1782349652089
2026-06-25T01:08:04.273Z,BINANCE,ETHUSDT,1614.64,8473.63072,1,1782349650385
2026-06-25T01:08:04.273Z,BINANCE,ETHUSDT,1615.32,5340.24792,1,1782349640364
2026-06-25T01:20:32.363Z,BINANCE,ETHUSDT,1613.99,182.38087,1,1782350363064
2026-06-25T01:20:32.363Z,BINANCE,ETHUSDT,1614.36,2313.37788,1,1782350359517
2026-06-25T01:20:32.363Z,BINANCE,ETHUSDT,1613.67,298.52895,1,1782350357580
2026-06-25T01:23:59.947Z,BINANCE,ETHUSDT,1620.61,2836.0675,2,1782350603406
2026-06-25T01:23:59.947Z,BINANCE,ETHUSDT,1620.46,452.10834,2,1782350598232
2026-06-25T01:33:06.920Z,BINANCE,ETHUSDT,1621.16,150.76788,2,1782351169431
2026-06-25T01:51:23.874Z,BINANCE,ETHUSDT,1621.84,220.57024,2,1782352220153
2026-06-25T01:51:23.874Z,BINANCE,ETHUSDT,1621.84,149.20928,2,1782352212529
2026-06-25T01:52:16.619Z,BINANCE,ETHUSDT,1622.21,459.08543,2,1782352330547
2026-06-25T01:52:16.619Z,BINANCE,ETHUSDT,1622.2,741.3454,1,1782352329393
2026-06-25T01:52:16.619Z,BINANCE,ETHUSDT,1622.68,6414.45404,2,1782352326519
2026-06-25T01:52:16.619Z,BINANCE,ETHUSDT,1621.99,392.52158,1,1782352313255
2026-06-25T02:01:18.527Z,BINANCE,ETHUSDT,1619.24,208.88196,1,1782352847419
2026-06-25T02:10:19.217Z,BINANCE,ETHUSDT,1617.65,4451.7728,1,1782353386637
2026-06-25T02:11:27.352Z,BINANCE,ETHUSDT,1616.17,7043.26886,1,1782353472084
2026-06-25T02:11:27.352Z,BINANCE,ETHUSDT,1616.8,1005.6496,1,1782353468129
2026-06-25T02:12:38.733Z,BINANCE,ETHUSDT,1614.76,2257.43448,1,1782353545575
2026-06-25T02:12:38.733Z,BINANCE,ETHUSDT,1615.38,638.0751,1,1782353542326
2026-06-25T02:12:38.733Z,BINANCE,ETHUSDT,1616.27,711.1588,1,1782353524175
2026-06-25T02:12:38.733Z,BINANCE,ETHUSDT,1616.02,24240.3,1,1782353522461
2026-06-25T02:13:31.441Z,BINANCE,ETHUSDT,1614.09,889.36359,1,1782353599352
2026-06-25T02:20:15.739Z,BINANCE,ETHUSDT,1619.42,307.6898,2,1782354006494
2026-06-25T02:20:15.739Z,BINANCE,ETHUSDT,1618.82,158.64436,2,1782353984235
2026-06-25T02:32:30.294Z,BINANCE,ETHUSDT,1618,213.576,1,1782354685214
2026-06-25T02:41:29.536Z,BINANCE,ETHUSDT,1615.69,1505.82308,1,1782355276212
2026-06-25T02:43:45.401Z,BINANCE,ETHUSDT,1614.52,129.1616,1,1782355409463
2026-06-25T02:49:26.063Z,BINANCE,ETHUSDT,1617.24,1012.39224,1,1782355762633
2026-06-25T02:55:06.340Z,BINANCE,ETHUSDT,1618.89,1997.71026,2,1782356095425
2026-06-25T03:01:40.059Z,BINANCE,ETHUSDT,1621.34,2811.40356,2,1782356490335
2026-06-25T03:02:43.148Z,BINANCE,ETHUSDT,1622.92,6491.68,2,1782356511296
2026-06-25T03:02:43.148Z,BINANCE,ETHUSDT,1622.98,127582.4578,2,1782356509365
2026-06-25T03:02:43.148Z,BINANCE,ETHUSDT,1622,399.012,2,1782356503111
2026-06-25T03:13:54.182Z,BINANCE,ETHUSDT,1617.28,184.36992,1,1782357219546
2026-06-25T03:13:54.182Z,BINANCE,ETHUSDT,1617.29,12938.32,1,1782357218190
2026-06-25T03:16:15.592Z,BINANCE,ETHUSDT,1616.64,261.89568,1,1782357311617
2026-06-25T03:27:16.476Z,BINANCE,ETHUSDT,1618.92,276.83532,2,1782357987595
2026-06-25T03:32:57.179Z,BINANCE,ETHUSDT,1618.69,3486.65826,2,1782358358347
2026-06-25T03:35:30.219Z,BINANCE,ETHUSDT,1616.48,150.33264,1,1782358443309
2026-06-25T03:36:28.071Z,BINANCE,ETHUSDT,1615.78,706.09586,1,1782358572332
2026-06-25T03:36:28.071Z,BINANCE,ETHUSDT,1615.87,2404.41456,1,1782358559203
2026-06-25T03:46:15.129Z,BINANCE,ETHUSDT,1544.57,1444.17295,2,1782359155459
2026-06-25T04:34:06.184Z,BINANCE,ETHUSDT,1616.93,2633.97897,1,1782362028630
2026-06-25T04:38:38.692Z,BINANCE,ETHUSDT,1619.57,1441.4173,2,1782362303080
2026-06-25T04:45:22.644Z,BINANCE,ETHUSDT,1622.04,467.14752,2,1782362697404
2026-06-25T04:45:22.644Z,BINANCE,ETHUSDT,1621.52,19367.43488,2,1782362692325
2026-06-25T04:45:22.644Z,BINANCE,ETHUSDT,1621.45,132.9589,2,1782362690174
2026-06-25T04:47:43.856Z,BINANCE,ETHUSDT,1624.44,305.39472,2,1782362851424
2026-06-25T04:47:43.856Z,BINANCE,ETHUSDT,1624.67,5564.49475,2,1782362850139
2026-06-25T04:47:43.856Z,BINANCE,ETHUSDT,1623.65,1344.3822,2,1782362846575
2026-06-25T04:47:43.856Z,BINANCE,ETHUSDT,1623.65,823.19055,2,1782362845266
2026-06-25T04:47:43.856Z,BINANCE,ETHUSDT,1622.72,3367.144,2,1782362797365
2026-06-25T04:47:43.856Z,BINANCE,ETHUSDT,1622.64,167.13192,2,1782362795402
2026-06-25T04:48:51.924Z,BINANCE,ETHUSDC,1622.85,288.8673,2,1782362864451
2026-06-25T04:48:51.924Z,BINANCE,ETHUSDT,1625.18,916.60152,2,1782362864286
2026-06-25T04:48:51.924Z,BINANCE,ETHUSDT,1624.84,65466.42844,2,1782362861368
2026-06-25T04:48:51.924Z,BINANCE,ETHUSDC,1622.65,1595.06495,2,1782362861282
2026-06-25T04:48:51.924Z,BINANCE,ETHUSDT_260925,1630.64,166.32528,2,1782362861282
2026-06-25T04:48:51.924Z,BINANCE,ETHUSDT_260626,1627.03,128.53537,2,1782362861282
2026-06-25T04:49:54.768Z,BINANCE,ETHUSDC,1624.76,974.856,2,1782362982189
2026-06-25T04:49:54.768Z,BINANCE,ETHUSDT,1627.32,10341.6186,2,1782362980532
2026-06-25T04:49:54.768Z,BINANCE,ETHUSDT,1626.79,1337.22138,2,1782362979505
2026-06-25T04:49:54.768Z,BINANCE,ETHUSDT,1626.47,1062.08491,2,1782362977441
2026-06-25T04:49:54.768Z,BINANCE,ETHUSDT,1625.37,650.148,2,1782362967504
2026-06-25T04:49:54.768Z,BINANCE,ETHUSDT,1625.9,383.7124,2,1782362965207
2026-06-25T04:51:04.170Z,BINANCE,ETHUSDT,1627.7,1666.7648,2,1782363025371
2026-06-25T04:51:04.170Z,BINANCE,ETHUSDT,1627.65,652.68765,2,1782363015633
2026-06-25T04:51:04.170Z,BINANCE,ETHUSDT,1627.62,17321.13204,2,1782363014653
2026-06-25T04:52:17.252Z,BINANCE,ETHUSDT,1628.16,175.84128,2,1782363124100
2026-06-25T04:52:17.252Z,BINANCE,ETHUSDC,1624.88,16248.8,2,1782363095361
2026-06-25T04:53:20.156Z,BINANCE,ETHUSDT,1629.03,32580.6,2,1782363190401
2026-06-25T04:53:20.156Z,BINANCE,ETHUSDT,1628.85,1127.1642,2,1782363186090
2026-06-25T04:53:20.156Z,BINANCE,ETHUSDT,1630.08,6394.80384,2,1782363138421
2026-06-25T04:53:20.156Z,BINANCE,ETHUSDC,1628.66,1628.66,2,1782363137363
2026-06-25T04:53:20.156Z,BINANCE,ETHUSDT,1630.82,137155.22364,2,1782363137163
2026-06-25T04:53:20.156Z,BINANCE,ETHUSDT,1629,982.287,2,1782363135425
2026-06-25T04:53:20.156Z,BINANCE,ETHUSDT,1628.37,15029.8551,2,1782363126257
2026-06-25T04:53:20.156Z,BINANCE,ETHUSDT,1628.44,10400.84628,2,1782363125127
2026-06-25T04:54:28.146Z,BINANCE,ETHUSDT,1628.89,239.44683,2,1782363214557
2026-06-25T04:54:28.146Z,BINANCE,ETHUSDT,1629.76,16297.6,2,1782363213290
2026-06-25T04:55:31.083Z,BINANCE,ETHUSDT,1628.35,149.8082,2,1782363317083
2026-06-25T04:56:39.064Z,BINANCE,ETHUSDT,1633,2016.755,2,1782363379627
2026-06-25T04:56:39.064Z,BINANCE,ETHUSDT,1633.13,79894.35273,2,1782363379336
2026-06-25T04:56:39.064Z,BINANCE,ETHUSDT,1632.77,31314.89583,2,1782363376752
2026-06-25T04:56:39.064Z,BINANCE,ETHUSDT,1632.5,26036.7425,2,1782363375591
2026-06-25T04:56:39.064Z,BINANCE,ETHUSDC,1630.37,15191.78766,2,1782363375347
2026-06-25T04:56:39.064Z,BINANCE,ETHUSD_PERP,1630.4,750,2,1782363375089
2026-06-25T04:56:39.064Z,BINANCE,ETHUSDC,1630.33,479.31702,2,1782363374116
2026-06-25T04:56:39.064Z,BINANCE,ETHUSDT,1632.5,3562.115,2,1782363373673
2026-06-25T04:56:39.064Z,BINANCE,ETHUSDT,1632.06,12268.19502,2,1782363373237
2026-06-25T04:56:39.064Z,BINANCE,ETHUSDT,1632.37,5964.67998,2,1782363371595
2026-06-25T04:56:39.064Z,BINANCE,ETHUSDT_260626,1634.53,1211.18673,2,1782363371515
2026-06-25T04:56:39.064Z,BINANCE,ETHUSDT,1631.93,52616.68706,2,1782363370107
2026-06-25T04:56:39.064Z,BINANCE,ETHUSDT,1630.81,3972.65316,2,1782363359741
2026-06-25T04:56:39.064Z,BINANCE,ETHUSDC,1628.39,130.2712,2,1782363359298
2026-06-25T04:56:39.064Z,BINANCE,ETHUSDT,1630.99,4490.11547,2,1782363358749
2026-06-25T04:57:41.952Z,BINANCE,ETHUSDT,1634.2,1220.7474,2,1782363429479
2026-06-25T04:57:41.952Z,BINANCE,ETHUSDT,1634.29,303325.85829,2,1782363428354
2026-06-25T04:57:41.952Z,BINANCE,ETHUSDT,1634.23,5425.6436,2,1782363427284
2026-06-25T04:57:41.952Z,BINANCE,ETHUSDT,1634.06,37013.09306,2,1782363425530
2026-06-25T04:57:41.952Z,BINANCE,ETHUSDC,1631.74,141.96138,2,1782363424357
2026-06-25T04:57:41.952Z,BINANCE,ETHUSDT,1634.19,31700.01762,2,1782363424317
2026-06-25T05:00:07.307Z,BINANCE,ETHUSDT,1634.77,5288.48095,2,1782363480201
2026-06-25T05:00:07.307Z,BINANCE,ETHUSDT,1634.59,586015.22631,2,1782363461417
2026-06-25T05:00:07.307Z,BINANCE,ETHUSDT,1634.89,909518.73502,2,1782363460394
2026-06-25T05:02:29.898Z,BINANCE,ETHUSDC,1636.95,201.34485,2,1782363746624
2026-06-25T05:02:29.898Z,BINANCE,ETHUSDT,1639.34,504.91672,2,1782363745409
2026-06-25T05:02:29.898Z,BINANCE,ETHUSDT,1639.25,81962.5,2,1782363745302
2026-06-25T05:02:29.898Z,BINANCE,ETHUSDT,1640.08,728.19552,2,1782363743563
2026-06-25T05:02:29.898Z,BINANCE,ETHUSDT,1639.65,1073.97075,2,1782363742156
2026-06-25T05:02:29.898Z,BINANCE,ETHUSDT,1639.25,163.925,2,1782363740369
2026-06-25T05:02:29.898Z,BINANCE,ETHUSDT,1638.95,24584.25,2,1782363738359
2026-06-25T05:02:29.898Z,BINANCE,ETHUSDT,1639.4,78138.7222,2,1782363737145
2026-06-25T05:02:29.898Z,BINANCE,ETHUSDT,1639.48,75225.90032,2,1782363736520
2026-06-25T05:02:29.898Z,BINANCE,ETHUSDT,1638.83,145080.70341,2,1782363732438
2026-06-25T05:02:29.898Z,BINANCE,ETHUSDT,1638.76,37691.48,2,1782363731406
2026-06-25T05:02:29.898Z,BINANCE,ETHUSD_PERP,1636.24,5470,2,1782363731403
2026-06-25T05:02:29.898Z,BINANCE,ETHUSDT_260626,1639.78,427.98258,2,1782363727534
2026-06-25T05:02:29.898Z,BINANCE,ETHUSDT,1637.5,7598,2,1782363727314
2026-06-25T05:02:29.898Z,BINANCE,ETHUSDT,1638.23,1644.78292,2,1782363726164
2026-06-25T05:02:29.898Z,BINANCE,ETHUSDC,1635.9,1635.9,2,1782363725615
2026-06-25T05:02:29.898Z,BINANCE,ETHUSDT,1637.88,868.0764,2,1782363724519
2026-06-25T05:02:29.898Z,BINANCE,ETHUSDT,1637.7,5935.0248,2,1782363723391
2026-06-25T05:02:29.898Z,BINANCE,ETHUSDC,1635.37,817.685,2,1782363722167
2026-06-25T05:02:29.898Z,BINANCE,ETHUSDT,1637.59,4686.78258,2,1782363721537
2026-06-25T05:02:29.898Z,BINANCE,ETHUSDT_260626,1639.36,15609.98592,2,1782363720428
2026-06-25T05:02:29.898Z,BINANCE,ETHUSDT,1637.23,954.50509,2,1782363719379
2026-06-25T05:02:29.898Z,BINANCE,ETHUSDC,1634.62,753.55982,2,1782363718316
2026-06-25T05:02:29.898Z,BINANCE,ETHUSDT,1636.95,26837.79525,2,1782363718056
2026-06-25T05:02:29.898Z,BINANCE,ETHUSDT,1636.66,34301.12028,2,1782363716608
2026-06-25T05:02:29.898Z,BINANCE,ETHUSDT,1636.24,97904.4204,2,1782363687291
2026-06-25T05:02:29.898Z,BINANCE,ETHUSDT,1636.21,67858.53733,2,1782363687085
2026-06-25T05:02:29.898Z,BINANCE,ETHUSDC,1634.17,34114.93292,2,1782363686211
2026-06-25T05:02:29.898Z,BINANCE,ETHUSDT,1636.34,153271.05878,2,1782363685116
2026-06-25T05:02:29.898Z,BINANCE,ETHUSDT,1635.86,1150.00958,2,1782363683322
2026-06-25T05:02:29.898Z,BINANCE,ETHUSDT,1635.72,4395.17964,2,1782363682434
2026-06-25T05:03:42.925Z,BINANCE,ETHUSDT,1641.46,5067.18702,2,1782363768346
2026-06-25T05:03:42.925Z,BINANCE,ETHUSDC,1639.21,734.36608,2,1782363767362
2026-06-25T05:03:42.925Z,BINANCE,ETHUSDT,1641.98,43525.60584,2,1782363767200
2026-06-25T05:03:42.925Z,BINANCE,ETHUSDT,1643,249703.14,2,1782363766665
2026-06-25T05:03:42.925Z,BINANCE,ETHUSDT,1642.28,4926.84,2,1782363764507
2026-06-25T05:03:42.925Z,BINANCE,ETHUSDT,1641.6,114829.92,2,1782363763829
2026-06-25T05:03:42.925Z,BINANCE,ETHUSDT,1640.72,20295.7064,2,1782363762610
2026-06-25T05:03:42.925Z,BINANCE,ETHUSDT_260626,1642.74,208.62798,2,1782363762367
2026-06-25T05:03:42.925Z,BINANCE,ETHUSDT,1640.28,32805.6,2,1782363758274
2026-06-25T05:03:42.925Z,BINANCE,ETHUSDT,1640.02,50653.65772,2,1782363756477
2026-06-25T05:03:42.925Z,BINANCE,ETHUSDT,1640.15,44966.3524,2,1782363754471
2026-06-25T05:06:28.452Z,BINANCE,ETHUSDC,1641.02,164.102,2,1782363970654
2026-06-25T05:06:28.452Z,BINANCE,ETHUSDT,1643.58,27952.36506,2,1782363967667
2026-06-25T05:06:28.452Z,BINANCE,ETHUSDT,1643.13,2371.03659,2,1782363956279
2026-06-25T05:06:28.452Z,BINANCE,ETHUSDT,1642.98,5400.47526,2,1782363945152
2026-06-25T05:06:28.452Z,BINANCE,ETHUSDT,1640.83,180.4913,2,1782363876538
2026-06-25T05:06:28.452Z,BINANCE,ETHUSDT,1640.1,6107.7324,2,1782363858103
2026-06-25T05:06:28.452Z,BINANCE,ETHUSDT,1640.47,1504.31099,2,1782363856583
2026-06-25T05:09:54.924Z,BINANCE,ETHUSDT,1647,6588,2,1782364147444
2026-06-25T05:09:54.924Z,BINANCE,ETHUSDT,1646.67,940.24857,2,1782364146343
2026-06-25T05:09:54.924Z,BINANCE,ETHUSDT,1648.46,16723.6267,2,1782364070189
2026-06-25T05:09:54.924Z,BINANCE,ETHUSDT,1648.78,18504.25794,2,1782364069609
2026-06-25T05:09:54.924Z,BINANCE,ETHUSDT,1649,13050.186,2,1782364068228
2026-06-25T05:09:54.924Z,BINANCE,ETHUSDC,1645.53,11327.82852,2,1782364063346
2026-06-25T05:09:54.924Z,BINANCE,ETHUSDT,1648.08,44128.99008,2,1782364063090
2026-06-25T05:09:54.924Z,BINANCE,ETHUSDT,1647.86,11574.56864,2,1782364060713
2026-06-25T05:09:54.924Z,BINANCE,ETHUSDT,1647.41,1769.31834,2,1782364057608
2026-06-25T05:09:54.924Z,BINANCE,ETHUSDT,1647.72,9711.66168,2,1782364055648
2026-06-25T05:09:54.924Z,BINANCE,ETHUSDT,1647.41,58626.37967,2,1782364053250
2026-06-25T05:09:54.924Z,BINANCE,ETHUSD_PERP,1644.88,730,2,1782364053115
2026-06-25T05:09:54.924Z,BINANCE,ETHUSDT,1647.36,16473.6,2,1782364051504
2026-06-25T05:09:54.924Z,BINANCE,ETHUSDT,1646.54,111274.81974,2,1782364035144
2026-06-25T05:09:54.924Z,BINANCE,ETHUSDT,1646.81,2420.8107,2,1782364034221
2026-06-25T05:09:54.924Z,BINANCE,ETHUSD_PERP,1643.77,1150,2,1782364029152
2026-06-25T05:09:54.924Z,BINANCE,ETHUSDT,1646.54,6698.12472,2,1782364028469
2026-06-25T05:09:54.924Z,BINANCE,ETHUSDT,1645.88,4114.7,2,1782364026213
2026-06-25T05:09:54.924Z,BINANCE,ETHUSDC,1643.06,3729.7462,2,1782364019482
2026-06-25T05:09:54.924Z,BINANCE,ETHUSDT,1645.61,8343.2427,2,1782364018257
2026-06-25T05:09:54.924Z,BINANCE,ETHUSDT,1644.64,1526.22592,2,1782364004431
2026-06-25T05:09:54.924Z,BINANCE,ETHUSDT,1644.48,8222.4,2,1782364001599
2026-06-25T05:09:54.924Z,BINANCE,ETHUSDT,1644.7,15447.0224,2,1782364000254
2026-06-25T05:09:54.924Z,BINANCE,ETHUSDC,1642.34,2033.21692,2,1782364000154
2026-06-25T05:09:54.924Z,BINANCE,ETHUSDT,1644.74,1722.04278,2,1782363998499
2026-06-25T05:09:54.924Z,BINANCE,ETHUSDT,1643.99,651.02004,2,1782363997290
2026-06-25T05:12:05.825Z,BINANCE,ETHUSDT,1642.73,744.15669,1,1782364290189
2026-06-25T05:12:05.825Z,BINANCE,ETHUSDT,1642.53,134.68746,1,1782364278548
2026-06-25T05:17:56.010Z,BINANCE,ETHUSDT,1645.65,1645.65,2,1782364662727
2026-06-25T05:17:56.010Z,BINANCE,ETHUSDT,1645.95,81127.22955,2,1782364654585
2026-06-25T05:17:56.010Z,BINANCE,ETHUSDT,1645.76,8585.92992,2,1782364651318
2026-06-25T05:17:56.010Z,BINANCE,ETHUSDT,1645.41,2196.62235,2,1782364646374
2026-06-25T05:17:56.010Z,BINANCE,ETHUSDT,1645.01,1296.26788,2,1782364636101
2026-06-25T05:17:56.010Z,BINANCE,ETHUSDT,1645.21,60045.22937,2,1782364615633
2026-06-25T05:23:41.140Z,BINANCE,ETHUSDT_260925,1650.22,143.56914,2,1782364962428
2026-06-25T05:24:44.148Z,BINANCE,ETHUSDT,1650.53,10041.82452,2,1782365067247
2026-06-25T05:24:44.148Z,BINANCE,ETHUSDC,1648.3,4841.0571,2,1782365066559
2026-06-25T05:24:44.148Z,BINANCE,ETHUSDT,1650.4,165040,2,1782365065221
2026-06-25T05:24:44.148Z,BINANCE,ETHUSDC,1647.45,1991.76705,1,1782365059600
2026-06-25T05:24:44.148Z,BINANCE,ETHUSDT,1649.21,1840.51836,2,1782365058381
2026-06-25T05:24:44.148Z,BINANCE,ETHUSDT,1649.91,1191.23502,2,1782365056641
2026-06-25T05:24:44.148Z,BINANCE,ETHUSD_PERP,1646.5,500,2,1782365043102
2026-06-25T05:24:44.148Z,BINANCE,ETHUSDT,1649.02,60070.50056,2,1782365032680
2026-06-25T05:24:44.148Z,BINANCE,ETHUSDT,1649.3,13796.3945,2,1782365032172
2026-06-25T05:24:44.148Z,BINANCE,ETHUSDT,1649.27,29904.56364,2,1782365030180
2026-06-25T05:25:52.247Z,BINANCE,ETHUSDT,1645.2,2015.37,1,1782365131395
2026-06-25T05:25:52.247Z,BINANCE,ETHUSDT,1645.38,412.99038,1,1782365130211
2026-06-25T05:32:20.244Z,BINANCE,ETHUSDT,1649.75,26473.53825,2,1782365514528
2026-06-25T05:34:30.969Z,BINANCE,ETHUSDT,1651.04,338.4632,2,1782365608361
2026-06-25T05:34:30.969Z,BINANCE,ETHUSDT,1650.96,3044.37024,2,1782365606531
2026-06-25T05:40:06.629Z,BINANCE,ETHUSDT,1646.38,1297.34744,1,1782365974123
2026-06-25T05:41:14.768Z,BINANCE,ETHUSDT,1644.57,161.16786,1,1782366042443
2026-06-25T05:45:44.246Z,BINANCE,ETHUSDC,1641.53,180.5683,1,1782366303644
2026-06-25T05:45:44.246Z,BINANCE,ETHUSDT,1644.16,11744.23488,1,1782366300631
2026-06-25T05:52:31.548Z,BINANCE,ETHUSDT,1647.95,149.96345,2,1782366728086
2026-06-25T06:13:07.812Z,BINANCE,ETHUSDT,1648.9,519.4035,2,1782367926421
2026-06-25T06:16:32.283Z,BINANCE,ETHUSDT,1649.68,160.01896,2,1782368189079
2026-06-25T06:16:32.283Z,BINANCE,ETHUSDT,1649.42,308.44154,2,1782368185387
2026-06-25T06:16:32.283Z,BINANCE,ETHUSDC,1647.17,113.65473,2,1782368185355
2026-06-25T06:16:32.283Z,BINANCE,ETHUSDT,1648.62,11095.2126,2,1782368179208
2026-06-25T06:17:40.534Z,BINANCE,ETHUSDC,1647.86,374.06422,2,1782368226560
2026-06-25T06:17:40.534Z,BINANCE,ETHUSDT,1649.46,4176.43272,2,1782368200526
2026-06-25T06:17:40.534Z,BINANCE,ETHUSDT,1649.72,268.90436,2,1782368193085
2026-06-25T06:35:03.754Z,BINANCE,ETHUSDT,1649.29,169.87687,2,1782369249459
2026-06-25T06:41:42.724Z,BINANCE,ETHUSDT,1653.16,616.62868,2,1782369700607
2026-06-25T06:41:42.724Z,BINANCE,ETHUSDC,1650.11,1428.99526,2,1782369697540
2026-06-25T06:41:42.724Z,BINANCE,ETHUSDT,1652.41,2671.94697,2,1782369696239
2026-06-25T06:41:42.724Z,BINANCE,ETHUSDT,1652.68,39214.79104,2,1782369695208
2026-06-25T06:41:42.724Z,BINANCE,ETHUSDC,1650.42,4332.3525,2,1782369695155
2026-06-25T06:41:42.724Z,BINANCE,ETHUSDT,1652.79,5837.65428,2,1782369693607
2026-06-25T06:41:42.724Z,BINANCE,ETHUSDT,1651.5,3169.2285,2,1782369692061
2026-06-25T06:42:58.192Z,BINANCE,ETHUSDT,1654.51,3615.10435,2,1782369771452
2026-06-25T06:42:58.192Z,BINANCE,ETHUSDC,1652.47,35942.87497,2,1782369771247
2026-06-25T06:42:58.192Z,BINANCE,ETHUSDT,1654.41,20336.00772,2,1782369770281
2026-06-25T06:42:58.192Z,BINANCE,ETHUSDT,1654.24,972.69312,2,1782369768238
2026-06-25T06:42:58.192Z,BINANCE,ETHUSDT,1654.04,13276.97908,2,1782369764460
2026-06-25T06:42:58.192Z,BINANCE,ETHUSD_PERP,1651.57,1990,2,1782369764073
2026-06-25T06:42:58.192Z,BINANCE,ETHUSDC,1650.94,132.0752,2,1782369722386
2026-06-25T06:42:58.192Z,BINANCE,ETHUSDT,1653.73,20509.55946,2,1782369720077
2026-06-25T06:42:58.192Z,BINANCE,ETHUSDT,1653.82,3549.09772,2,1782369718234
2026-06-25T06:42:58.192Z,BINANCE,ETHUSDT,1653.82,210605.7079,2,1782369717430
2026-06-25T06:42:58.192Z,BINANCE,ETHUSDT,1652.84,4550.26852,2,1782369702587
2026-06-25T06:42:58.192Z,BINANCE,ETHUSDT,1652.84,1669.3684,2,1782369701344
2026-06-25T06:56:56.401Z,BINANCE,ETHUSDT,1658.51,29463.43015,2,1782370613332
2026-06-25T06:56:56.401Z,BINANCE,ETHUSDT,1658.33,13694.48914,2,1782370612187
2026-06-25T06:56:56.401Z,BINANCE,ETHUSDT,1657.42,1619.29934,2,1782370607268
2026-06-25T06:56:56.401Z,BINANCE,ETHUSDT,1657.74,465.82494,2,1782370605581
2026-06-25T06:56:56.401Z,BINANCE,ETHUSDT,1657.8,85917.1428,2,1782370603379
2026-06-25T06:56:56.401Z,BINANCE,ETHUSDC,1655.5,110.9185,2,1782370603091
2026-06-25T06:56:56.401Z,BINANCE,ETHUSDT,1657.5,1882.92,2,1782370601473
2026-06-25T06:56:56.401Z,BINANCE,ETHUSDC,1654.1,133.9821,2,1782370600504
2026-06-25T06:56:56.401Z,BINANCE,ETHUSDT,1656.05,273294.6194,2,1782370599598
2026-06-25T06:56:56.401Z,BINANCE,ETHUSDT,1655.89,7658.49125,2,1782370597215
2026-06-25T06:58:04.332Z,BINANCE,ETHUSDC,1657,1852.526,2,1782370616376
2026-06-25T06:58:04.332Z,BINANCE,ETHUSDT,1658.75,1450256.73625,2,1782370616285
2026-06-25T06:58:04.332Z,BINANCE,ETHUSDT,1658.71,9454.647,2,1782370615393
2026-06-25T06:58:04.332Z,BINANCE,ETHUSDC,1657.61,807.25607,2,1782370614365
2026-06-25T07:05:51.143Z,BINANCE,ETHUSDT,1652.47,156.98465,2,1782371125871
2026-06-25T07:39:30.654Z,BINANCE,ETHUSDC,1654.54,1654.54,2,1782373164635
2026-06-25T07:39:30.654Z,BINANCE,ETHUSDT,1655.57,1074.46493,2,1782373153146
2026-06-25T07:40:39.027Z,BINANCE,ETHUSDT,1657.11,2836.97232,2,1782373198247
2026-06-25T07:41:52.283Z,BINANCE,ETHUSDC,1656.23,3315.77246,2,1782373279594
2026-06-25T07:41:52.283Z,BINANCE,ETHUSDT,1657.77,6027.65172,2,1782373279259
2026-06-25T07:42:55.534Z,BINANCE,ETHUSDT,1658.96,145.98848,2,1782373333128
2026-06-25T07:42:55.534Z,BINANCE,ETHUSDC,1657.03,318.14976,2,1782373333101
2026-06-25T07:42:55.534Z,BINANCE,ETHUSDT,1658.49,47895.53271,2,1782373329407
2026-06-25T07:42:55.534Z,BINANCE,ETHUSDT,1658.57,1132.80331,2,1782373327586
2026-06-25T07:42:55.534Z,BINANCE,ETHUSDT,1658.55,726.4449,2,1782373326265
2026-06-25T07:52:05.945Z,BINANCE,ETHUSDT,1653.86,238.15584,1,1782373884573
2026-06-25T08:15:38.944Z,BINANCE,ETHUSDT,1652.66,132.2128,1,1782375328763
2026-06-25T08:18:53.090Z,BINANCE,ETHUSDT,1651.03,2090.20398,1,1782375528499
2026-06-25T08:18:53.090Z,BINANCE,ETHUSDT,1651.51,407.92297,1,1782375510646
2026-06-25T08:19:56.018Z,BINANCE,ETHUSDT,1650.66,49447.17096,1,1782375574563
2026-06-25T08:26:40.373Z,BINANCE,ETHUSDT,1650.2,62740.604,1,1782375940245
2026-06-25T08:48:53.988Z,BINANCE,ETHUSDC,1650.59,216.22729,1,1782377301470
2026-06-25T09:19:31.661Z,BINANCE,ETHUSDT,1652.1,498.9342,1,1782379167356
2026-06-25T09:22:54.420Z,BINANCE,ETHUSDT,1647.28,479.35848,1,1782379360116
2026-06-25T09:22:54.420Z,BINANCE,ETHUSDT,1647.12,5046.77568,1,1782379358201
2026-06-25T09:22:54.420Z,BINANCE,ETHUSDC,1645.78,185.97314,1,1782379340640
2026-06-25T09:22:54.420Z,BINANCE,ETHUSDT,1647.63,522.29871,1,1782379336184
2026-06-25T09:22:54.420Z,BINANCE,ETHUSDT,1648.16,87518.94416,1,1782379332433
2026-06-25T09:22:54.420Z,BINANCE,ETHUSDC,1646.18,148.1562,1,1782379331381
2026-06-25T09:22:54.420Z,BINANCE,ETHUSDT,1648.39,5531.99684,1,1782379330109
2026-06-25T09:22:54.420Z,BINANCE,ETHUSDT,1647.96,233509.34016,1,1782379328482
2026-06-25T09:22:54.420Z,BINANCE,ETHUSDT,1648.65,598.45995,1,1782379324625
2026-06-25T09:22:54.420Z,BINANCE,ETHUSDT,1648.65,1706.35275,1,1782379323149
2026-06-25T09:22:54.420Z,BINANCE,ETHUSDT,1648.93,656.27414,1,1782379318699
2026-06-25T09:22:54.420Z,BINANCE,ETHUSDT,1649.43,1185.94017,1,1782379310722
2026-06-25T09:22:54.420Z,BINANCE,ETHUSDT,1649.43,313.3917,1,1782379309207
2026-06-25T09:25:40.427Z,BINANCE,ETHUSDT,1646.86,900.83242,1,1782379377678
2026-06-25T09:25:40.427Z,BINANCE,ETHUSDT,1646.53,3352.33508,1,1782379375291
2026-06-25T09:39:08.613Z,BINANCE,ETHUSDT,1648.4,484.6296,2,1782380341516
2026-06-25T09:57:07.347Z,BINANCE,ETHUSDT,1645.94,136.61302,1,1782381355372
2026-06-25T10:18:42.543Z,BINANCE,ETHUSDT,1647.64,232.31724,1,1782382699450
2026-06-25T10:20:55.576Z,BINANCE,ETHUSDT,1643.18,2417.11778,1,1782382850494
2026-06-25T10:20:55.576Z,BINANCE,ETHUSDC,1641.19,16411.9,1,1782382850134
2026-06-25T10:20:55.576Z,BINANCE,ETHUSDT,1643.63,424.05654,1,1782382848720
2026-06-25T10:20:55.576Z,BINANCE,ETHUSDT,1642.88,19131.3376,1,1782382847463
2026-06-25T10:20:55.576Z,BINANCE,ETHUSDT,1644.01,1573.31757,1,1782382846267
2026-06-25T10:20:55.576Z,BINANCE,ETHUSDC,1642.45,369.55125,1,1782382845348
2026-06-25T10:20:55.576Z,BINANCE,ETHUSDC,1642.59,229.9626,1,1782382844203
2026-06-25T10:20:55.576Z,BINANCE,ETHUSDT,1644.73,366.77479,1,1782382842270
2026-06-25T10:20:55.576Z,BINANCE,ETHUSDT,1644.73,5559.1874,1,1782382840316
2026-06-25T10:22:04.773Z,BINANCE,ETHUSDT,1642.84,1087.56008,1,1782382871141
2026-06-25T10:22:04.773Z,BINANCE,ETHUSDT,1642.85,182.35635,1,1782382869577
2026-06-25T10:22:04.773Z,BINANCE,ETHUSDT,1642.89,1986.25401,1,1782382869265
2026-06-25T10:22:04.773Z,BINANCE,ETHUSDT,1643.27,14345.7471,1,1782382867343
2026-06-25T10:28:55.855Z,BINANCE,ETHUSDT,1642.3,996.8761,1,1782383304356
2026-06-25T10:28:55.855Z,BINANCE,ETHUSDT,1642.34,22000.78664,1,1782383303122
2026-06-25T10:28:55.855Z,BINANCE,ETHUSDT,1642.34,1849.27484,1,1782383302632
2026-06-25T10:28:55.855Z,BINANCE,ETHUSDT,1642.7,154.4138,1,1782383296587
2026-06-25T10:32:07.120Z,BINANCE,ETHUSDT,1641.95,165.83695,1,1782383524293
2026-06-25T10:32:07.120Z,BINANCE,ETHUSDT,1641.93,382.56969,1,1782383511336
2026-06-25T10:32:07.120Z,BINANCE,ETHUSDT,1642.08,323.48976,1,1782383510199
2026-06-25T10:34:28.754Z,BINANCE,ETHUSDT,1641.39,231.43599,1,1782383625545
2026-06-25T10:34:28.754Z,BINANCE,ETHUSDT,1641.63,4806.69264,1,1782383619262
2026-06-25T10:35:42.249Z,BINANCE,ETHUSDT,1641.11,1045.38707,1,1782383697664
2026-06-25T10:35:42.249Z,BINANCE,ETHUSDT,1641.16,40116.51504,1,1782383696407
2026-06-25T10:35:42.249Z,BINANCE,ETHUSDT,1641,9937.896,1,1782383694416
2026-06-25T10:35:42.249Z,BINANCE,ETHUSDT,1641.34,157.56864,1,1782383692370
2026-06-25T10:35:42.249Z,BINANCE,ETHUSDT,1641.34,14146.70946,1,1782383689420
2026-06-25T10:35:42.249Z,BINANCE,ETHUSDT,1641.34,241.27698,1,1782383688255
2026-06-25T10:36:56.903Z,BINANCE,ETHUSDT,1640.81,280.57851,1,1782383775438
2026-06-25T10:38:04.894Z,BINANCE,ETHUSDT,1640.47,2997.13869,1,1782383847990
2026-06-25T10:39:18.256Z,BINANCE,ETHUSDT,1640.68,141.09848,2,1782383944739
2026-06-25T10:39:18.256Z,BINANCE,ETHUSDT,1641.44,3834.40384,2,1782383888883
2026-06-25T10:40:31.558Z,BINANCE,ETHUSDT,1640.46,946.54542,1,1782384006406
2026-06-25T10:41:39.758Z,BINANCE,ETHUSDT,1639.23,755.68503,1,1782384094632
2026-06-25T10:41:39.758Z,BINANCE,ETHUSDC,1637.33,4959.47257,1,1782384084333
2026-06-25T10:41:39.758Z,BINANCE,ETHUSDT,1639.25,699.95975,1,1782384084271
2026-06-25T10:41:39.758Z,BINANCE,ETHUSDT,1639.38,24590.7,1,1782384078096
2026-06-25T10:41:39.758Z,BINANCE,ETHUSDT,1639.87,1006.88018,1,1782384041111
2026-06-25T10:41:39.758Z,BINANCE,ETHUSDT,1639.99,6135.20259,1,1782384035149
2026-06-25T10:42:42.960Z,BINANCE,ETHUSDT,1638.51,2867.3925,1,1782384109045
2026-06-25T10:42:42.960Z,BINANCE,ETHUSDT,1638.59,452.25084,1,1782384107127
2026-06-25T10:42:42.960Z,BINANCE,ETHUSDT,1639.24,25103.32136,1,1782384099563
2026-06-25T10:43:45.703Z,BINANCE,ETHUSDT,1638.19,172.00995,1,1782384198232
2026-06-25T10:43:45.703Z,BINANCE,ETHUSDT,1638.49,2074.32834,1,1782384176262
2026-06-25T10:43:45.703Z,BINANCE,ETHUSD_PERP,1636.34,1050,1,1782384172136
2026-06-25T10:43:45.703Z,BINANCE,ETHUSDT,1638.95,3559.7994,2,1782384168667
2026-06-25T10:44:53.974Z,BINANCE,ETHUSDT,1637.03,2681.45514,1,1782384291614
2026-06-25T10:44:53.974Z,BINANCE,ETHUSDT,1637.17,3274.34,1,1782384285604
2026-06-25T10:44:53.974Z,BINANCE,ETHUSDT,1637.17,402.74382,1,1782384282516
2026-06-25T10:44:53.974Z,BINANCE,ETHUSD_PERP,1635.4,200,1,1782384252100
2026-06-25T10:44:53.974Z,BINANCE,ETHUSDT,1637.88,494.63976,1,1782384246166
2026-06-25T10:46:08.484Z,BINANCE,ETHUSDT,1633.26,205336.71372,1,1782384350463
2026-06-25T10:46:08.484Z,BINANCE,ETHUSDC,1631.42,267.55288,1,1782384348695
2026-06-25T10:46:08.484Z,BINANCE,ETHUSDT,1633.03,3194.20668,1,1782384348171
2026-06-25T10:46:08.484Z,BINANCE,ETHUSDT,1633.02,6042.174,1,1782384347322
2026-06-25T10:46:08.484Z,BINANCE,ETHUSDT,1633.97,10620.805,1,1782384341485
2026-06-25T10:46:08.484Z,BINANCE,ETHUSDT,1634.14,112754.02586,1,1782384340524
2026-06-25T10:46:08.484Z,BINANCE,ETHUSDT,1634.48,130.7584,1,1782384339128
2026-06-25T10:46:08.484Z,BINANCE,ETHUSDT,1634.71,547356.48814,1,1782384339019
2026-06-25T10:46:08.484Z,BINANCE,ETHUSDC,1632.88,495861.56824,1,1782384339019
2026-06-25T10:46:08.484Z,BINANCE,ETHUSDT,1635.99,1635.99,1,1782384331766
2026-06-25T10:46:08.484Z,BINANCE,ETHUSDT,1635.5,333.642,1,1782384330279
2026-06-25T10:46:08.484Z,BINANCE,ETHUSDT,1635.5,24532.5,1,1782384328190
2026-06-25T10:46:08.484Z,BINANCE,ETHUSDT,1636.18,39996.4201,1,1782384303534
2026-06-25T10:46:08.484Z,BINANCE,ETHUSDT,1636.01,5261.40816,1,1782384302426
2026-06-25T10:46:08.484Z,BINANCE,ETHUSDT,1636.11,1497.04065,1,1782384300351
2026-06-25T10:46:08.484Z,BINANCE,ETHUSDT,1636.55,1656.1886,1,1782384296214
2026-06-25T10:46:08.484Z,BINANCE,ETHUSDT,1636.4,229063.272,1,1782384294619
2026-06-25T10:51:17.414Z,BINANCE,ETHUSDT,1637.46,171.9333,2,1782384610581
2026-06-25T11:03:43.142Z,BINANCE,ETHUSDT,1633.85,1494.97275,1,1782385419115
2026-06-25T11:03:43.142Z,BINANCE,ETHUSDT,1635.03,304.11558,1,1782385375634
2026-06-25T11:03:43.142Z,BINANCE,ETHUSDT,1635.52,41257.62752,1,1782385368258
2026-06-25T11:04:51.175Z,BINANCE,ETHUSDT,1632.51,1994.92722,1,1782385441145
2026-06-25T11:04:51.175Z,BINANCE,ETHUSDT,1632.55,161686.11945,1,1782385440340
2026-06-25T11:04:51.175Z,BINANCE,ETHUSDT,1633.46,3358.39376,1,1782385437163
2026-06-25T11:04:51.175Z,BINANCE,ETHUSDT,1633.57,1532.28866,1,1782385420373
2026-06-25T11:07:08.012Z,BINANCE,ETHUSDT,1627.28,24409.2,1,1782385627246
2026-06-25T11:07:08.012Z,BINANCE,ETHUSDT,1627.49,8137.45,1,1782385625084
2026-06-25T11:07:08.012Z,BINANCE,ETHUSDT,1628.48,425.03328,1,1782385621410
2026-06-25T11:07:08.012Z,BINANCE,ETHUSDC,1626.8,463.638,1,1782385619282
2026-06-25T11:07:08.012Z,BINANCE,ETHUSDT,1628.72,4425.23224,1,1782385618126
2026-06-25T11:07:08.012Z,BINANCE,ETHUSDT,1628.96,14660.64,1,1782385600071
2026-06-25T11:07:08.012Z,BINANCE,ETHUSDT,1629.39,16248.27708,1,1782385598567
2026-06-25T11:07:08.012Z,BINANCE,ETHUSDT,1629.32,826.06524,1,1782385596713
2026-06-25T11:07:08.012Z,BINANCE,ETHUSDT,1629.98,10686.14888,1,1782385591253
2026-06-25T11:07:08.012Z,BINANCE,ETHUSDT,1629.86,268.9269,1,1782385590290
2026-06-25T11:07:08.012Z,BINANCE,ETHUSD_PERP,1627.98,520,1,1782385588061
2026-06-25T11:07:08.012Z,BINANCE,ETHUSDT,1630.28,728.73516,1,1782385587593
2026-06-25T11:07:08.012Z,BINANCE,ETHUSDT,1630.83,3843.86631,1,1782385583460
2026-06-25T11:07:08.012Z,BINANCE,ETHUSDT,1630.85,13602.91985,1,1782385577459
2026-06-25T11:07:08.012Z,BINANCE,ETHUSDT,1630.99,815.495,1,1782385575482
2026-06-25T11:07:08.012Z,BINANCE,ETHUSDT,1631.06,1259.17832,1,1782385573720
2026-06-25T11:07:08.012Z,BINANCE,ETHUSDT,1631.26,1717.71678,1,1782385572045
2026-06-25T11:07:08.012Z,BINANCE,ETHUSDT,1631.79,425.89719,1,1782385567796
2026-06-25T11:07:08.012Z,BINANCE,ETHUSDT,1631.6,1200.8576,1,1782385566462
2026-06-25T11:07:08.012Z,BINANCE,ETHUSDT,1631.79,7837.48737,1,1782385563777
2026-06-25T11:09:22.808Z,BINANCE,ETHUSDT,1627.4,1171.728,1,1782385631277
2026-06-25T11:09:22.808Z,BINANCE,ETHUSDT,1627.22,397.04168,1,1782385630170
2026-06-25T11:09:22.808Z,BINANCE,ETHUSDC,1625.71,103842.22625,1,1782385627625
2026-06-25T11:09:22.808Z,BINANCE,ETHUSDT,1627.28,2768.00328,1,1782385627338
2026-06-25T11:13:55.568Z,BINANCE,ETHUSDT,1632,24899.424,2,1782385962127
2026-06-25T11:17:07.189Z,BINANCE,ETHUSDT,1633.18,23754.6031,1,1782386219200
2026-06-25T11:17:07.189Z,BINANCE,ETHUSDT,1633.33,243.36617,1,1782386217112
2026-06-25T11:17:07.189Z,BINANCE,ETHUSDT,1637.88,7370.46,2,1782386126520
2026-06-25T11:17:07.189Z,BINANCE,ETHUSDT,1638.21,2008.44546,2,1782386125541
2026-06-25T11:17:07.189Z,BINANCE,ETHUSDT,1637.11,327.422,2,1782386120062
2026-06-25T11:17:07.189Z,BINANCE,ETHUSDT,1637.14,1103.43236,2,1782386118556
2026-06-25T11:17:07.189Z,BINANCE,ETHUSDT,1636.39,633.28293,2,1782386115264
2026-06-25T11:17:07.189Z,BINANCE,ETHUSDT,1636.4,5031.93,2,1782386111230
2026-06-25T11:17:07.189Z,BINANCE,ETHUSDT,1635.96,7556.49924,2,1782386103272
2026-06-25T11:17:07.189Z,BINANCE,ETHUSDT,1636.03,1547.68438,2,1782386092414
2026-06-25T11:17:07.189Z,BINANCE,ETHUSDT,1636.34,2978.1388,2,1782386087420
2026-06-25T11:17:07.189Z,BINANCE,ETHUSDT,1635.24,1733.3544,2,1782386081248
2026-06-25T11:17:07.189Z,BINANCE,ETHUSDT,1634.82,240.31854,2,1782386075386
2026-06-25T11:17:07.189Z,BINANCE,ETHUSDT,1634.94,2254.58226,2,1782386074400
2026-06-25T11:17:07.189Z,BINANCE,ETHUSDT,1634.33,782.84407,2,1782386071219
2026-06-25T11:17:07.189Z,BINANCE,ETHUSDT,1633.3,604.321,2,1782386065143
2026-06-25T11:37:55.227Z,BINANCE,ETHUSDT,1633.43,210.71247,2,1782387449382
2026-06-25T11:42:29.395Z,BINANCE,ETHUSDT,1633.66,184.60358,2,1782387687574
2026-06-25T11:48:17.894Z,BINANCE,ETHUSDT,1631.14,6299.46268,1,1782388029076
2026-06-25T11:49:30.927Z,BINANCE,ETHUSDT,1629.21,542.52693,1,1782388165281
2026-06-25T11:50:39.213Z,BINANCE,ETHUSDT,1628.65,991.84785,1,1782388204117
2026-06-25T11:50:39.213Z,BINANCE,ETHUSDT,1628.57,190.54269,1,1782388201250
2026-06-25T11:50:39.213Z,BINANCE,ETHUSDT,1629.15,1008.44385,1,1782388173327
2026-06-25T11:59:44.631Z,BINANCE,ETHUSDT,1632.23,35997.20042,2,1782388724226
2026-06-25T12:00:54.150Z,BINANCE,ETHUSDT,1633.31,372.39468,2,1782388805375
2026-06-25T12:06:40.748Z,BINANCE,ETHUSDC,1629.6,827.8368,1,1782389149529
2026-06-25T12:12:20.856Z,BINANCE,ETHUSDT,1630.96,8154.8,1,1782389521251
2026-06-25T12:12:20.856Z,BINANCE,ETHUSDT,1630.82,236.4689,1,1782389517642
2026-06-25T12:18:26.113Z,BINANCE,ETHUSDT,1629.75,293.355,1,1782389883325
2026-06-25T12:21:30.452Z,BINANCE,ETHUSDT,1629.27,783.67887,1,1782390059612
2026-06-25T12:21:30.452Z,BINANCE,ETHUSDT,1628.87,2005.13897,2,1782390014171
2026-06-25T12:26:11.315Z,BINANCE,ETHUSDT,1630.42,559.23406,2,1782390343091
2026-06-25T12:27:22.019Z,BINANCE,ETHUSDT,1626.75,6175.143,1,1782390415537
2026-06-25T12:27:22.019Z,BINANCE,ETHUSDT,1627.63,712.90194,1,1782390411589
2026-06-25T12:28:20.910Z,BINANCE,ETHUSDT,1624.23,219.27105,1,1782390493615
2026-06-25T12:28:20.910Z,BINANCE,ETHUSDT,1624.24,1136.968,2,1782390492468
2026-06-25T12:28:20.910Z,BINANCE,ETHUSDT,1624.46,8747.7171,1,1782390489421
2026-06-25T12:28:20.910Z,BINANCE,ETHUSD_PERP,1622.08,390,1,1782390489082
2026-06-25T12:28:20.910Z,BINANCE,ETHUSDT,1624.73,1176.30452,1,1782390487252
2026-06-25T12:28:20.910Z,BINANCE,ETHUSDC,1622.85,843.882,1,1782390487080
2026-06-25T12:28:20.910Z,BINANCE,ETHUSDT,1624.9,324.98,1,1782390485144
2026-06-25T12:28:20.910Z,BINANCE,ETHUSDT,1626.19,14938.18134,1,1782390444904
2026-06-25T12:28:20.910Z,BINANCE,ETHUSDT,1625.84,25298.0704,1,1782390443368
2026-06-25T12:28:20.910Z,BINANCE,ETHUSDT,1625.7,9783.4626,1,1782390443050
2026-06-25T12:28:20.910Z,BINANCE,ETHUSDT,1625.86,1474.65502,1,1782390440496
2026-06-25T12:28:20.910Z,BINANCE,ETHUSDT,1625.86,295.90652,1,1782390439057
2026-06-25T12:30:33.569Z,BINANCE,ETHUSDT,1646.94,525.37386,2,1782390630755
2026-06-25T12:30:33.569Z,BINANCE,ETHUSDC,1644.87,29678.38941,2,1782390630497
2026-06-25T12:30:33.569Z,BINANCE,ETHUSDT,1647.3,155788.4556,2,1782390630103
2026-06-25T12:30:33.569Z,BINANCE,ETHUSDT,1647.96,560377.26228,2,1782390629213
2026-06-25T12:30:33.569Z,BINANCE,ETHUSDC,1646.72,5047.1968,2,1782390629084
2026-06-25T12:30:33.569Z,BINANCE,ETHUSDT,1647.63,101963.58255,2,1782390628585
2026-06-25T12:30:33.569Z,BINANCE,ETHUSDT,1646.38,70647.81218,2,1782390626610
2026-06-25T12:30:33.569Z,BINANCE,ETHUSDC,1641.06,4923.18,2,1782390626606
2026-06-25T12:30:33.569Z,BINANCE,ETHUSDT,1640.78,59066.43922,2,1782390625495
2026-06-25T12:30:33.569Z,BINANCE,ETHUSDT,1640.3,2913.1728,2,1782390624605
2026-06-25T12:30:33.569Z,BINANCE,ETHUSDT,1637.2,16367.0884,2,1782390623695
2026-06-25T12:30:33.569Z,BINANCE,ETHUSDC,1631.06,587.1816,2,1782390619377
2026-06-25T12:30:33.569Z,BINANCE,ETHUSDT,1633.3,17713.1385,2,1782390617314
2026-06-25T12:30:33.569Z,BINANCE,ETHUSDT,1633.87,130709.6,2,1782390616157
2026-06-25T12:35:42.489Z,BINANCE,ETHUSDT,1636.35,4472.14455,1,1782390677502
2026-06-25T12:35:42.489Z,BINANCE,ETHUSDT,1637.28,133665.90192,1,1782390664136
2026-06-25T12:35:42.489Z,BINANCE,ETHUSDT,1640.06,16400.6,1,1782390647556
2026-06-25T12:35:42.489Z,BINANCE,ETHUSDT,1644.54,11196.02832,2,1782390634326
2026-06-25T12:35:42.489Z,BINANCE,ETHUSDT,1643.81,16180.02183,2,1782390633426
2026-06-25T12:35:42.489Z,BINANCE,ETHUSDT,1645.84,18155.26104,2,1782390632599
2026-06-25T12:35:42.489Z,BINANCE,ETHUSDC,1644.25,49327.5,2,1782390632177
2026-06-25T12:36:55.624Z,BINANCE,ETHUSDT,1637.29,43768.03628,2,1782390957484
2026-06-25T12:48:16.191Z,BINANCE,ETHUSDT,1639.28,396.70576,2,1782391680513
2026-06-25T12:56:03.064Z,BINANCE,ETHUSDT,1635.09,150.42828,1,1782392136339
2026-06-25T12:56:03.064Z,BINANCE,ETHUSDT,1636.61,7921.1924,1,1782392103476
2026-06-25T12:57:05.885Z,BINANCE,ETHUSDT,1634.19,120.93006,1,1782392193427
2026-06-25T12:57:05.885Z,BINANCE,ETHUSDT,1634.06,817.03,1,1782392184437
2026-06-25T12:58:08.876Z,BINANCE,ETHUSDT,1633.83,1674.67575,1,1782392284214
2026-06-25T12:58:08.876Z,BINANCE,ETHUSDT,1634.33,1490.50896,1,1782392266359
2026-06-25T12:58:08.876Z,BINANCE,ETHUSDT,1634.18,4409.01764,2,1782392262254
2026-06-25T12:58:08.876Z,BINANCE,ETHUSDT,1634.42,1905.73372,2,1782392234169
2026-06-25T13:00:30.233Z,BINANCE,ETHUSDC,1634.17,104.58688,1,1782392428621
2026-06-25T13:00:30.233Z,BINANCE,ETHUSDT,1636.82,92670.20112,1,1782392427350
2026-06-25T13:00:30.233Z,BINANCE,ETHUSDT,1636.77,635220.61638,1,1782392427214
2026-06-25T13:00:30.233Z,BINANCE,ETHUSDT,1636.83,265166.46,1,1782392425572
2026-06-25T13:00:30.233Z,BINANCE,ETHUSDC,1634.67,222315.12,1,1782392425572
2026-06-25T13:00:30.233Z,BINANCE,ETHUSDT,1636.84,42225.56148,1,1782392425122
2026-06-25T13:00:30.233Z,BINANCE,ETHUSDT,1637.09,32615.74407,2,1782392423596
2026-06-25T13:00:30.233Z,BINANCE,ETHUSDT,1637.09,9462.3802,2,1782392422337
2026-06-25T13:00:30.233Z,BINANCE,ETHUSDT,1637.08,30723.08036,1,1782392422136
2026-06-25T13:00:30.233Z,BINANCE,ETHUSDT,1637.45,13895.4007,1,1782392419311
2026-06-25T13:00:30.233Z,BINANCE,ETHUSDT,1637.56,327.512,1,1782392417339
2026-06-25T13:00:30.233Z,BINANCE,ETHUSDT,1637.52,89009.03712,2,1782392408825
2026-06-25T13:00:30.233Z,BINANCE,ETHUSDT,1637.54,402.83484,2,1782392407052
2026-06-25T13:02:03.637Z,BINANCE,ETHUSDC,1634.07,1470.663,1,1782392433660
2026-06-25T13:02:03.637Z,BINANCE,ETHUSDT,1636.23,20485.5996,2,1782392433635
2026-06-25T13:02:03.637Z,BINANCE,ETHUSDC,1634.07,9425.31576,1,1782392432600
2026-06-25T13:02:03.637Z,BINANCE,ETHUSDT,1636.22,30134.26374,1,1782392432598
2026-06-25T13:02:03.637Z,BINANCE,ETHUSDT,1636.23,6737.99514,2,1782392432119
2026-06-25T13:02:03.637Z,BINANCE,ETHUSDT,1635.96,3734.89668,1,1782392429432
2026-06-25T13:02:03.637Z,BINANCE,ETHUSDT,1636.16,16361.6,2,1782392428688
2026-06-25T13:09:29.954Z,BINANCE,ETHUSDT,1634.28,9104.57388,1,1782392955307
2026-06-25T13:09:29.954Z,BINANCE,ETHUSDT,1634.44,2891.32436,1,1782392951376
2026-06-25T13:12:54.673Z,BINANCE,ETHUSDT,1638.09,49142.7,2,1782393129804
2026-06-25T13:14:08.180Z,BINANCE,ETHUSDT,1638.79,350.70106,2,1782393211099
2026-06-25T13:21:42.253Z,BINANCE,ETHUSDT,1634.3,2884.5395,1,1782393658496
2026-06-25T13:26:29.885Z,BINANCE,ETHUSDT,1632.78,347.78214,1,1782393924441
2026-06-25T13:26:29.885Z,BINANCE,ETHUSDT,1632.98,2362.92206,1,1782393909787
2026-06-25T13:30:54.658Z,BINANCE,ETHUSDT,1632.26,1041.38188,1,1782394248513
2026-06-25T13:30:54.658Z,BINANCE,ETHUSDT,1631.73,7401.52728,1,1782394245569
2026-06-25T13:32:29.017Z,BINANCE,ETHUSDT,1623.88,4272.42828,1,1782394314122
2026-06-25T13:32:29.017Z,BINANCE,ETHUSDT,1624.06,740.57136,1,1782394310648
2026-06-25T13:32:29.017Z,BINANCE,ETHUSDT,1623.93,593054.36421,1,1782394310142
2026-06-25T13:32:29.017Z,BINANCE,ETHUSDT,1623.86,22795.74668,1,1782394309263
2026-06-25T13:32:29.017Z,BINANCE,ETHUSDC,1621.05,58265.40015,1,1782394308805
2026-06-25T13:32:29.017Z,BINANCE,ETHUSDT,1623.4,207189.6718,1,1782394307290
2026-06-25T13:32:29.017Z,BINANCE,ETHUSDT,1624.23,81211.5,1,1782394305156
2026-06-25T13:32:29.017Z,BINANCE,ETHUSDT,1624.65,2167.2831,1,1782394304108
2026-06-25T13:32:29.017Z,BINANCE,ETHUSDC,1624.11,117483.24507,1,1782394285135
2026-06-25T13:32:29.017Z,BINANCE,ETHUSDT,1626.76,5387.82912,1,1782394285089
2026-06-25T13:32:29.017Z,BINANCE,ETHUSDT,1625.4,18415.782,1,1782394283488
2026-06-25T13:32:29.017Z,BINANCE,ETHUSDT,1624.93,8124.65,1,1782394283346
2026-06-25T13:32:29.017Z,BINANCE,ETHUSDC,1623.45,258.12855,1,1782394282438
2026-06-25T13:32:29.017Z,BINANCE,ETHUSDC,1624.77,206.34579,1,1782394280515
2026-06-25T13:32:29.017Z,BINANCE,ETHUSDT,1627.1,24406.5,1,1782394279357
2026-06-25T13:32:29.017Z,BINANCE,ETHUSDT,1626.82,831.30502,1,1782394277457
2026-06-25T13:32:29.017Z,BINANCE,ETHUSD_PERP,1624.27,410,1,1782394277356
2026-06-25T13:32:29.017Z,BINANCE,ETHUSDT,1628.4,13308.9132,1,1782394274423
2026-06-25T13:32:29.017Z,BINANCE,ETHUSDC,1626.09,1676.49879,1,1782394273286
2026-06-25T13:32:29.017Z,BINANCE,ETHUSDT,1628.09,1525.52033,1,1782394273233
2026-06-25T13:32:29.017Z,BINANCE,ETHUSDT,1627.69,2441.535,1,1782394271555
2026-06-25T13:32:29.017Z,BINANCE,ETHUSDT,1629.21,17857.77081,1,1782394268364
2026-06-25T13:32:29.017Z,BINANCE,ETHUSDT,1629.2,1094.8224,1,1782394265469
2026-06-25T13:32:29.017Z,BINANCE,ETHUSDT,1629.64,19933.75648,1,1782394264266
2026-06-25T13:32:29.017Z,BINANCE,ETHUSDT,1629.74,475.88408,1,1782394262577
2026-06-25T13:35:55.657Z,BINANCE,ETHUSDT,1627.8,138.363,2,1782394447524
2026-06-25T13:35:55.657Z,BINANCE,ETHUSDC,1625.5,2719.4615,2,1782394444316
2026-06-25T13:35:55.657Z,BINANCE,ETHUSDT,1627.37,860.87873,2,1782394442264
2026-06-25T13:35:55.657Z,BINANCE,ETHUSDT,1626.81,951.68385,2,1782394434564
2026-06-25T13:35:55.657Z,BINANCE,ETHUSDT,1626.69,28052.26905,2,1782394434163
2026-06-25T13:35:55.657Z,BINANCE,ETHUSDT,1625.68,212.96408,2,1782394429308
2026-06-25T13:35:55.657Z,BINANCE,ETHUSDT,1625.66,117.04752,2,1782394420600
2026-06-25T13:35:55.657Z,BINANCE,ETHUSDT,1621.2,6901.4484,1,1782394390816
2026-06-25T13:35:55.657Z,BINANCE,ETHUSDC,1619.15,8095.75,1,1782394390529
2026-06-25T13:35:55.657Z,BINANCE,ETHUSDC,1619.24,948.87464,1,1782394388365
2026-06-25T13:35:55.657Z,BINANCE,ETHUSDT,1621.37,115.11727,1,1782394388348
2026-06-25T13:35:55.657Z,BINANCE,ETHUSDC,1619.47,610.54019,1,1782394386160
2026-06-25T13:35:55.657Z,BINANCE,ETHUSDT,1621.54,1973.41418,1,1782394386045
2026-06-25T13:35:55.657Z,BINANCE,ETHUSDT,1621.64,7378.462,1,1782394364232
2026-06-25T13:35:55.657Z,BINANCE,ETHUSDC,1619.49,4858.47,1,1782394363317
2026-06-25T13:35:55.657Z,BINANCE,ETHUSDT,1621.25,2858.26375,1,1782394362424
2026-06-25T13:35:55.657Z,BINANCE,ETHUSDC,1619.12,2365.53432,1,1782394362292
2026-06-25T13:35:55.657Z,BINANCE,ETHUSDT,1622.3,1873.7565,1,1782394337555
2026-06-25T13:35:55.657Z,BINANCE,ETHUSDT,1622.11,1552.35927,1,1782394335549
2026-06-25T13:35:55.657Z,BINANCE,ETHUSDT,1622.36,11609.60816,1,1782394334239
2026-06-25T13:35:55.657Z,BINANCE,ETHUSDC,1619.99,1122.65307,1,1782394332553
2026-06-25T13:35:55.657Z,BINANCE,ETHUSDT,1622.27,25164.65224,1,1782394331721
2026-06-25T13:35:55.657Z,BINANCE,ETHUSD_PERP,1619.36,1050,1,1782394331115
2026-06-25T13:35:55.657Z,BINANCE,ETHUSDT,1622.69,25429.17499,1,1782394330279
2026-06-25T13:37:03.712Z,BINANCE,ETHUSDT,1625.49,2280.56247,2,1782394563263
2026-06-25T13:37:03.712Z,BINANCE,ETHUSDT,1625.84,1625.84,2,1782394561225
2026-06-25T13:38:06.933Z,BINANCE,ETHUSDC,1617.42,1965.1653,1,1782394682471
2026-06-25T13:38:06.933Z,BINANCE,ETHUSD_PERP,1616.74,680,1,1782394682049
2026-06-25T13:38:06.933Z,BINANCE,ETHUSDT,1619.4,12955.2,1,1782394681529
2026-06-25T13:38:06.933Z,BINANCE,ETHUSDT,1619.42,28778.71282,1,1782394680576
2026-06-25T13:38:06.933Z,BINANCE,ETHUSDT,1619.71,144.15419,1,1782394679160
2026-06-25T13:38:06.933Z,BINANCE,ETHUSDT,1619.79,1483.72764,1,1782394678594
2026-06-25T13:38:06.933Z,BINANCE,ETHUSDT,1620.61,5014.16734,1,1782394675599
2026-06-25T13:38:06.933Z,BINANCE,ETHUSDT,1620.52,1797.15668,1,1782394674280
2026-06-25T13:38:06.933Z,BINANCE,ETHUSDC,1619.08,1920.22888,1,1782394668383
2026-06-25T13:38:06.933Z,BINANCE,ETHUSDC,1618.55,1181.5415,1,1782394663657
2026-06-25T13:38:06.933Z,BINANCE,ETHUSDT,1621.02,149.13384,1,1782394661618
2026-06-25T13:38:06.933Z,BINANCE,ETHUSDT,1620.68,254096.69312,1,1782394659302
2026-06-25T13:42:53.375Z,BINANCE,ETHUSDT,1599.99,5031.96855,1,1782394960513
2026-06-25T13:42:53.375Z,BINANCE,ETHUSDT,1599.81,807632.0823,1,1782394938601
2026-06-25T13:42:53.375Z,BINANCE,ETHUSDT,1598.89,69171.17918,1,1782394937599
2026-06-25T13:42:53.375Z,BINANCE,ETHUSDC,1596.72,46646.57808,1,1782394937599
2026-06-25T13:42:53.375Z,BINANCE,ETHUSDC,1596.9,113108.427,1,1782394937362
2026-06-25T13:42:53.375Z,BINANCE,ETHUSDT,1599.22,22867.24678,1,1782394937335
2026-06-25T13:42:53.375Z,BINANCE,ETHUSDT,1597.14,74725.38918,1,1782394935543
2026-06-25T13:42:53.375Z,BINANCE,ETHUSDT,1595.53,239329.5,1,1782394935130
2026-06-25T13:42:53.375Z,BINANCE,ETHUSDT,1597.18,17747.86416,1,1782394934266
2026-06-25T13:42:53.375Z,BINANCE,ETHUSDC,1598.93,6358.94461,1,1782394932422
2026-06-25T13:42:53.375Z,BINANCE,ETHUSDT,1601,9857.357,1,1782394932175
2026-06-25T13:42:53.375Z,BINANCE,ETHUSDT,1601.09,3866.63235,1,1782394930861
2026-06-25T13:42:53.375Z,BINANCE,ETHUSDT,1600.99,32421.64849,1,1782394930186
2026-06-25T13:42:53.375Z,BINANCE,ETHUSDT,1601.31,58891.37787,1,1782394928540
2026-06-25T13:42:53.375Z,BINANCE,ETHUSDC,1599.77,479.931,1,1782394927130
2026-06-25T13:42:53.375Z,BINANCE,ETHUSDT,1601.49,19411.66029,1,1782394927101
2026-06-25T13:42:53.375Z,BINANCE,ETHUSDT,1601.78,76464.17186,1,1782394925404
2026-06-25T13:42:53.375Z,BINANCE,ETHUSD_PERP,1599.61,930,1,1782394925046
2026-06-25T13:42:53.375Z,BINANCE,ETHUSDT,1602.36,1557.49392,1,1782394923498
2026-06-25T13:42:53.375Z,BINANCE,ETHUSDT,1603.01,4353.77516,1,1782394922573
2026-06-25T13:42:53.375Z,BINANCE,ETHUSDT,1603.06,9801.10884,1,1782394920588
2026-06-25T13:42:53.375Z,BINANCE,ETHUSDT,1603.78,15648.08146,1,1782394915234
2026-06-25T13:42:53.375Z,BINANCE,ETHUSDT,1603.6,8094.9728,1,1782394914134
2026-06-25T13:42:53.375Z,BINANCE,ETHUSDT,1604.19,6402.32229,1,1782394911533
2026-06-25T13:42:53.375Z,BINANCE,ETHUSDT,1604.18,2850.62786,1,1782394910222
2026-06-25T13:42:53.375Z,BINANCE,ETHUSDT,1605.14,14746.42118,1,1782394904410
2026-06-25T13:42:53.375Z,BINANCE,ETHUSDT,1604.61,205261.7112,1,1782394893383
2026-06-25T13:42:53.375Z,BINANCE,ETHUSDT,1604.85,3915.834,1,1782394890469
2026-06-25T13:42:53.375Z,BINANCE,ETHUSDT,1607.33,29320.91386,1,1782394871071
2026-06-25T13:42:53.375Z,BINANCE,ETHUSDT,1609.32,5648.7132,2,1782394865239
2026-06-25T13:42:53.375Z,BINANCE,ETHUSDT_260925,1610.99,948.87311,1,1782394851555
2026-06-25T13:42:53.375Z,BINANCE,ETHUSDT,1606.14,4738.113,1,1782394851291
2026-06-25T13:42:53.375Z,BINANCE,ETHUSDT,1605.24,48157.2,1,1782394849411
2026-06-25T13:42:53.375Z,BINANCE,ETHUSDC,1603.54,635.00184,1,1782394849321
2026-06-25T13:42:53.375Z,BINANCE,ETHUSDT,1606.12,8030.6,1,1782394848249
2026-06-25T13:42:53.375Z,BINANCE,ETHUSDC,1604.09,32081.8,1,1782394847441
2026-06-25T13:42:53.375Z,BINANCE,ETHUSDT,1605.41,2673.00765,1,1782394846598
2026-06-25T13:42:53.375Z,BINANCE,ETHUSDT,1605.39,4901.25567,1,1782394846384
2026-06-25T13:42:53.375Z,BINANCE,ETHUSDT,1605.84,6423.36,1,1782394844079
2026-06-25T13:42:53.375Z,BINANCE,ETHUSDC,1604.14,4432.23882,1,1782394843619
2026-06-25T13:42:53.375Z,BINANCE,ETHUSDT,1606.64,3452.66936,1,1782394842335
2026-06-25T13:42:53.375Z,BINANCE,ETHUSDT,1606.45,103595.14115,1,1782394840212
2026-06-25T13:42:53.375Z,BINANCE,ETHUSDT,1608.2,10744.3842,1,1782394836443
2026-06-25T13:42:53.375Z,BINANCE,ETHUSDC,1606.19,1864.78659,1,1782394835339
2026-06-25T13:42:53.375Z,BINANCE,ETHUSDT,1607.68,39979.78624,1,1782394834760
2026-06-25T13:42:53.375Z,BINANCE,ETHUSDT,1606.66,5605779.73274,1,1782394834254
2026-06-25T13:42:53.375Z,BINANCE,ETHUSDC,1606.41,112.4487,1,1782394834050
2026-06-25T13:42:53.375Z,BINANCE,ETHUSDT,1607.67,964.602,1,1782394833052
2026-06-25T13:42:53.375Z,BINANCE,ETHUSDT,1608.63,5070.40176,1,1782394825340
2026-06-25T13:42:53.375Z,BINANCE,ETHUSDT,1608.07,1042468.36311,1,1782394824483
2026-06-25T13:42:53.375Z,BINANCE,ETHUSDT,1608.29,2348.1034,1,1782394823177
2026-06-25T13:42:53.375Z,BINANCE,ETHUSD_PERP,1605.74,320,1,1782394823101
2026-06-25T13:42:53.375Z,BINANCE,ETHUSDT,1608.06,4195.42854,1,1782394822226
2026-06-25T13:42:53.375Z,BINANCE,ETHUSDC,1606.14,954.04716,1,1782394821221
2026-06-25T13:42:53.375Z,BINANCE,ETHUSD_PERP,1605.14,14790,1,1782394821120
2026-06-25T13:42:53.375Z,BINANCE,ETHUSDT,1608.32,4020.8,1,1782394820394
2026-06-25T13:42:53.375Z,BINANCE,ETHUSDT,1609.16,29946.4676,1,1782394818337
2026-06-25T13:42:53.375Z,BINANCE,ETHUSDT,1608.95,18473.9639,1,1782394816609
2026-06-25T13:42:53.375Z,BINANCE,ETHUSDC,1606.75,6427,1,1782394816162
2026-06-25T13:42:53.375Z,BINANCE,ETHUSD_PERP,1605.88,6900,1,1782394816124
2026-06-25T13:42:53.375Z,BINANCE,ETHUSDT,1609.54,241431,1,1782394815553
2026-06-25T13:42:53.375Z,BINANCE,ETHUSDT,1608.84,16088.4,1,1782394814428
2026-06-25T13:42:53.375Z,BINANCE,ETHUSDC,1608.75,22522.5,1,1782394811656
2026-06-25T13:42:53.375Z,BINANCE,ETHUSDT,1611.14,1991.36904,1,1782394811079
2026-06-25T13:42:53.375Z,BINANCE,ETHUSDT,1610.73,800.53281,1,1782394809442
2026-06-25T13:42:53.375Z,BINANCE,ETHUSDT,1611.45,3222.9,1,1782394804607
2026-06-25T13:42:53.375Z,BINANCE,ETHUSDT,1611.23,38268.32373,1,1782394803502
2026-06-25T13:42:53.375Z,BINANCE,ETHUSDC,1609.43,103129.05554,1,1782394802434
2026-06-25T13:42:53.375Z,BINANCE,ETHUSDT,1611.12,51747.56328,1,1782394802175
2026-06-25T13:42:53.375Z,BINANCE,ETHUSDT,1611.36,4834.08,1,1782394799451
2026-06-25T13:42:53.375Z,BINANCE,ETHUSDT,1612,4563.572,1,1782394797265
2026-06-25T13:42:53.375Z,BINANCE,ETHUSDT,1611.9,27805.275,1,1782394795055
2026-06-25T13:42:53.375Z,BINANCE,ETHUSDC,1610.39,1394.59774,1,1782394794382
2026-06-25T13:42:53.375Z,BINANCE,ETHUSDT,1612.25,7542.1055,1,1782394793535
2026-06-25T13:42:53.375Z,BINANCE,ETHUSDT_260626,1613.53,1181.10396,1,1782394793314
2026-06-25T13:42:53.375Z,BINANCE,ETHUSD_PERP,1609.61,950,1,1782394793096
2026-06-25T13:42:53.375Z,BINANCE,ETHUSDT,1612.05,24994.83525,1,1782394792665
2026-06-25T13:42:53.375Z,BINANCE,ETHUSDT,1611.43,46544.54412,1,1782394791080
2026-06-25T13:42:53.375Z,BINANCE,ETHUSDT,1613.04,64521.6,1,1782394762612
2026-06-25T13:42:53.375Z,BINANCE,ETHUSDT,1613.51,3257.67669,1,1782394760556
2026-06-25T13:42:53.375Z,BINANCE,ETHUSDT,1613.77,70229.65663,1,1782394758243
2026-06-25T13:42:53.375Z,BINANCE,ETHUSDC,1611.61,1263.50224,1,1782394757243
2026-06-25T13:42:53.375Z,BINANCE,ETHUSDT,1613.74,112961.8,1,1782394756568
2026-06-25T13:42:53.375Z,BINANCE,ETHUSDT,1613.88,24929.60436,1,1782394755591
2026-06-25T13:42:53.375Z,BINANCE,ETHUSDT,1614.18,1935.40182,1,1782394754054
2026-06-25T13:42:53.375Z,BINANCE,ETHUSDC,1611.6,48348,1,1782394753559
2026-06-25T13:42:53.375Z,BINANCE,ETHUSDT,1614.42,32288.4,1,1782394751162
2026-06-25T13:42:53.375Z,BINANCE,ETHUSD_PERP,1611.45,280,1,1782394730086
2026-06-25T13:42:53.375Z,BINANCE,ETHUSD_PERP,1611.34,1140,1,1782394729040
2026-06-25T13:42:53.375Z,BINANCE,ETHUSDT,1613.31,182949.354,1,1782394728384
2026-06-25T13:42:53.375Z,BINANCE,ETHUSDT,1613.35,435648.06045,1,1782394728184
2026-06-25T13:42:53.375Z,BINANCE,ETHUSD_260626,1612.59,120,1,1782394728141
2026-06-25T13:42:53.375Z,BINANCE,ETHUSDT,1614.46,5886.32116,1,1782394726399
2026-06-25T13:42:53.375Z,BINANCE,ETHUSDC,1612.08,79477.15608,1,1782394726367
2026-06-25T13:42:53.375Z,BINANCE,ETHUSDT,1614.95,15283.8868,1,1782394725165
2026-06-25T13:42:53.375Z,BINANCE,ETHUSDT,1615.3,1151.7089,1,1782394724339
2026-06-25T13:42:53.375Z,BINANCE,ETHUSDT,1614.72,9924.06912,1,1782394723365
2026-06-25T13:42:53.375Z,BINANCE,ETHUSDT,1615.73,5322.21462,1,1782394722259
2026-06-25T13:42:53.375Z,BINANCE,ETHUSDT,1616.34,96980.4,1,1782394720568
2026-06-25T13:42:53.375Z,BINANCE,ETHUSDT,1616.22,20739.33504,1,1782394719334
2026-06-25T13:42:53.375Z,BINANCE,ETHUSDT,1616.59,1035519.65722,1,1782394712569
2026-06-25T13:42:53.375Z,BINANCE,ETHUSDC,1614.84,2033.08356,1,1782394712181
2026-06-25T13:42:53.375Z,BINANCE,ETHUSDT,1616.83,37167.68804,1,1782394711376
2026-06-25T13:42:53.375Z,BINANCE,ETHUSDT_260626,1618.3,2346.535,1,1782394710145
2026-06-25T13:42:53.375Z,BINANCE,ETHUSDC,1614.88,2667.78176,1,1782394709570
2026-06-25T13:42:53.375Z,BINANCE,ETHUSDT,1616.96,8417.89376,1,1782394709155
2026-06-25T13:42:53.375Z,BINANCE,ETHUSDT,1617.28,176715.33376,1,1782394708284
2026-06-25T13:42:53.375Z,BINANCE,ETHUSDC,1616.32,197.19104,1,1782394705295
2026-06-25T13:42:53.375Z,BINANCE,ETHUSDT,1618.78,10662.90386,1,1782394689560
2026-06-25T13:42:53.375Z,BINANCE,ETHUSDT,1618.39,2416.25627,1,1782394688200
2026-06-25T13:42:53.375Z,BINANCE,ETHUSDT,1618.79,8131.18217,1,1782394686420
2026-06-25T13:42:53.375Z,BINANCE,ETHUSDT,1619.14,35880.1424,1,1782394684410
2026-06-25T13:53:15.844Z,BINANCE,ETHUSDT,1563.79,31275.8,1,1782395579236
2026-06-25T13:53:15.844Z,BINANCE,ETHUSDC,1561.34,4215.618,1,1782395578599
2026-06-25T13:53:15.844Z,BINANCE,ETHUSDT,1562.86,5527.83582,1,1782395578345
2026-06-25T13:53:15.844Z,BINANCE,ETHUSDT,1563.67,59716.5573,1,1782395576542
2026-06-25T13:53:15.844Z,BINANCE,ETHUSDT,1563.53,2862.82343,1,1782395576195
2026-06-25T13:53:15.844Z,BINANCE,ETHUSDT,1563.26,19164.00434,1,1782395575266
2026-06-25T13:53:15.844Z,BINANCE,ETHUSDC,1561.34,293.53192,1,1782395575102
2026-06-25T13:53:15.844Z,BINANCE,ETHUSDT,1563.55,35989.7939,1,1782395574113
2026-06-25T13:53:15.844Z,BINANCE,ETHUSDT_260925,1570.14,19505.84922,2,1782395574113
2026-06-25T13:53:15.844Z,BINANCE,ETHUSDC,1561.64,2801.58216,1,1782395574083
2026-06-25T13:53:15.844Z,BINANCE,ETHUSDC,1562.19,3905.475,1,1782395570308
2026-06-25T13:53:15.844Z,BINANCE,ETHUSDT,1564.92,6278.45904,1,1782395568191
2026-06-25T13:53:15.844Z,BINANCE,ETHUSDT,1564.37,48364.06292,1,1782395566698
2026-06-25T13:53:15.844Z,BINANCE,ETHUSDC,1562.46,1106.22168,1,1782395566321
2026-06-25T13:53:15.844Z,BINANCE,ETHUSDT_260626,1565.84,103.34544,1,1782395565592
2026-06-25T13:53:15.844Z,BINANCE,ETHUSDT,1565.03,616.62182,1,1782395563553
2026-06-25T13:53:15.844Z,BINANCE,ETHUSDT,1565.07,25041.12,1,1782395563449
2026-06-25T13:53:15.844Z,BINANCE,ETHUSDC,1562.71,3150.42336,1,1782395561332
2026-06-25T13:53:15.844Z,BINANCE,ETHUSDT,1565.16,13659.15132,1,1782395561193
2026-06-25T13:53:15.844Z,BINANCE,ETHUSDT,1565.24,2169.42264,1,1782395559308
2026-06-25T13:53:15.844Z,BINANCE,ETHUSDT,1566.95,99698.7607,1,1782395554448
2026-06-25T13:53:15.844Z,BINANCE,ETHUSDT,1569.55,160.0941,2,1782395524479
2026-06-25T13:53:15.844Z,BINANCE,ETHUSDT,1566.29,16748.33897,1,1782395506309
2026-06-25T13:53:15.844Z,BINANCE,ETHUSDT,1565.63,24799.5792,1,1782395504600
2026-06-25T13:53:15.844Z,BINANCE,ETHUSDT,1566.25,86801.575,1,1782395503215
2026-06-25T13:53:15.844Z,BINANCE,ETHUSDT,1566.32,32012.44816,1,1782395503171
2026-06-25T13:53:15.844Z,BINANCE,ETHUSDC,1564.19,140.7771,1,1782395502243
2026-06-25T13:53:15.844Z,BINANCE,ETHUSDT,1565.71,582453.51426,1,1782395501562
2026-06-25T13:53:15.844Z,BINANCE,ETHUSD_PERP,1562.69,8300,1,1782395500083
2026-06-25T13:53:15.844Z,BINANCE,ETHUSDT,1565.33,9391.98,1,1782395499690
2026-06-25T13:53:15.844Z,BINANCE,ETHUSDC,1564.26,312.852,1,1782395499528
2026-06-25T13:53:15.844Z,BINANCE,ETHUSDT,1567.49,626.996,1,1782395498529
2026-06-25T13:53:15.844Z,BINANCE,ETHUSDT,1567.11,9524.89458,1,1782395497426
2026-06-25T13:53:15.844Z,BINANCE,ETHUSDT,1567.15,7807.5413,1,1782395495542
2026-06-25T13:53:15.844Z,BINANCE,ETHUSDC,1565.33,4226.391,1,1782395495246
2026-06-25T13:53:15.844Z,BINANCE,ETHUSDT,1567.24,1502351.56228,1,1782395495076
2026-06-25T13:53:15.844Z,BINANCE,ETHUSDT,1566.72,2075.904,1,1782395493129
2026-06-25T13:53:15.844Z,BINANCE,ETHUSDT,1569.29,31385.8,1,1782395479757
2026-06-25T13:53:15.844Z,BINANCE,ETHUSDC,1567.12,659.75752,1,1782395479509
2026-06-25T13:53:15.844Z,BINANCE,ETHUSDT,1568.45,7572.4766,1,1782395478130
2026-06-25T13:53:15.844Z,BINANCE,ETHUSDT,1568.06,793954.25174,1,1782395477608
2026-06-25T13:53:15.844Z,BINANCE,ETHUSDC,1566.27,3801.33729,1,1782395477413
2026-06-25T13:53:15.844Z,BINANCE,ETHUSDT,1568.73,228876.13827,1,1782395475312
2026-06-25T13:53:15.844Z,BINANCE,ETHUSDC,1566.32,72844.84424,1,1782395475185
2026-06-25T13:53:15.844Z,BINANCE,ETHUSDT_260626,1569.24,14984.67276,1,1782395474815
2026-06-25T13:53:15.844Z,BINANCE,ETHUSDT,1568.31,5227.17723,1,1782395474347
2026-06-25T13:53:15.844Z,BINANCE,ETHUSDT,1568.13,3147.23691,1,1782395474102
2026-06-25T13:53:15.844Z,BINANCE,ETHUSDC,1566.15,45565.5681,1,1782395473494
2026-06-25T13:53:15.844Z,BINANCE,ETHUSD_PERP,1565.7,320,1,1782395473050
2026-06-25T13:53:15.844Z,BINANCE,ETHUSDT,1568.88,1098.216,1,1782395472105
2026-06-25T13:53:15.844Z,BINANCE,ETHUSD_PERP,1567.69,2610,1,1782395471071
2026-06-25T13:53:15.844Z,BINANCE,ETHUSDT,1570.4,3414.0496,1,1782395470768
2026-06-25T13:53:15.844Z,BINANCE,ETHUSDT,1572.83,4830.16093,1,1782395469323
2026-06-25T13:53:15.844Z,BINANCE,ETHUSDT,1572.81,8592.26103,1,1782395468089
2026-06-25T13:53:15.844Z,BINANCE,ETHUSDT,1572.85,23592.75,1,1782395466606
2026-06-25T13:53:15.844Z,BINANCE,ETHUSDT,1572.98,1643.7641,1,1782395465605
2026-06-25T13:53:15.844Z,BINANCE,ETHUSDT,1575.03,2616.12483,1,1782395459082
2026-06-25T13:53:15.844Z,BINANCE,ETHUSDT,1580.26,647.9066,2,1782395444445
2026-06-25T13:53:15.844Z,BINANCE,ETHUSDT,1575.3,3464.0847,1,1782395411486
2026-06-25T13:53:15.844Z,BINANCE,ETHUSDT,1578.91,1694.17043,2,1782395404592
2026-06-25T13:53:15.844Z,BINANCE,ETHUSDT,1579.82,4218.1194,2,1782395374431
2026-06-25T13:53:15.844Z,BINANCE,ETHUSDT,1579.83,4739.49,2,1782395373334
2026-06-25T13:53:15.844Z,BINANCE,ETHUSDT,1578.78,127.88118,2,1782395372330
2026-06-25T13:53:15.844Z,BINANCE,ETHUSDT,1578.16,123.09648,2,1782395371170
2026-06-25T13:53:15.844Z,BINANCE,ETHUSDT,1572.63,2179.66518,1,1782395356211
2026-06-25T13:53:15.844Z,BINANCE,ETHUSDT,1571.84,2165.99552,1,1782395355144
2026-06-25T13:53:15.844Z,BINANCE,ETHUSDT,1572.77,17143.193,1,1782395345173
2026-06-25T13:53:15.844Z,BINANCE,ETHUSDT,1571.53,50312.53295,1,1782395344142
2026-06-25T13:53:15.844Z,BINANCE,ETHUSDC,1569.07,57427.962,1,1782395344082
2026-06-25T13:53:15.844Z,BINANCE,ETHUSDT,1572.14,7860.7,1,1782395341487
2026-06-25T13:53:15.844Z,BINANCE,ETHUSDT,1573.3,27661.7606,1,1782395337667
2026-06-25T13:53:15.844Z,BINANCE,ETHUSDT,1573.48,4943.87416,1,1782395337560
2026-06-25T13:53:15.844Z,BINANCE,ETHUSDC,1571.4,8485.56,1,1782395337486
2026-06-25T13:53:15.844Z,BINANCE,ETHUSDT,1572.99,220630.72338,1,1782395335816
2026-06-25T13:53:15.844Z,BINANCE,ETHUSDT,1572.93,204480.9,1,1782395335588
2026-06-25T13:53:15.844Z,BINANCE,ETHUSDC,1570.87,109960.9,1,1782395335455
2026-06-25T13:53:15.844Z,BINANCE,ETHUSDT,1571.67,3222289.69911,1,1782395334520
2026-06-25T13:53:15.844Z,BINANCE,ETHUSDT,1577.85,331.3485,1,1782395321534
2026-06-25T13:53:15.844Z,BINANCE,ETHUSDT,1577.42,2817.27212,1,1782395320451
2026-06-25T13:53:15.844Z,BINANCE,ETHUSDC,1574.47,7872.35,1,1782395318589
2026-06-25T13:53:15.844Z,BINANCE,ETHUSDT,1576.92,12484.47564,1,1782395318269
2026-06-25T13:53:15.844Z,BINANCE,ETHUSDT,1577.22,7936.57104,1,1782395317545
2026-06-25T13:53:15.844Z,BINANCE,ETHUSDT,1575.88,6303.52,1,1782395315618
2026-06-25T13:53:15.844Z,BINANCE,ETHUSDT,1575.62,94535.62438,1,1782395315095
2026-06-25T13:53:15.844Z,BINANCE,ETHUSDC,1574.45,1417.005,1,1782395314373
2026-06-25T13:53:15.844Z,BINANCE,ETHUSDC,1574.79,7873.95,1,1782395314180
2026-06-25T13:53:15.844Z,BINANCE,ETHUSDT,1576.34,163630.39736,1,1782395313746
2026-06-25T13:53:15.844Z,BINANCE,ETHUSDT,1576.76,73932.69964,1,1782395312599
2026-06-25T13:53:15.844Z,BINANCE,ETHUSDT,1576.52,148192.88,1,1782395312362
2026-06-25T13:53:15.844Z,BINANCE,ETHUSDC,1574.56,3149.12,1,1782395312319
2026-06-25T13:53:15.844Z,BINANCE,ETHUSD_PERP,1573.44,3000,1,1782395311117
2026-06-25T13:53:15.844Z,BINANCE,ETHUSDT,1577.66,4122.42558,1,1782395310586
2026-06-25T13:53:15.844Z,BINANCE,ETHUSDC,1576.33,572.20779,1,1782395310324
2026-06-25T13:53:15.844Z,BINANCE,ETHUSDT,1578.19,94036.45115,1,1782395310135
2026-06-25T13:53:15.844Z,BINANCE,ETHUSDT,1580.32,44454.4016,1,1782395309052
2026-06-25T13:53:15.844Z,BINANCE,ETHUSDC,1578.19,2070.58528,1,1782395308531
2026-06-25T13:53:15.844Z,BINANCE,ETHUSDT,1580.78,45185.01552,1,1782395308110
2026-06-25T13:53:15.844Z,BINANCE,ETHUSD_PERP,1577.83,1510,1,1782395308102
2026-06-25T13:53:15.844Z,BINANCE,ETHUSDC,1578.64,59175.3204,1,1782395307128
2026-06-25T13:53:15.844Z,BINANCE,ETHUSDT,1582.55,11647.568,1,1782395304497
2026-06-25T13:53:15.844Z,BINANCE,ETHUSDT,1582.08,28952.064,1,1782395304368
2026-06-25T13:53:15.844Z,BINANCE,ETHUSDT,1587.53,2139.99044,2,1782395294312
2026-06-25T13:53:15.844Z,BINANCE,ETHUSDT,1587.02,544.34786,1,1782395287071
2026-06-25T13:53:15.844Z,BINANCE,ETHUSDT,1586.7,5132.9745,2,1782395271680
2026-06-25T13:53:15.844Z,BINANCE,ETHUSDT,1583.09,4123.94945,1,1782395257774
2026-06-25T13:53:15.844Z,BINANCE,ETHUSDT,1582.89,15828.9,1,1782395257673
2026-06-25T13:53:15.844Z,BINANCE,ETHUSDC,1580.67,4836.8502,1,1782395257389
2026-06-25T13:53:15.844Z,BINANCE,ETHUSDT,1581.67,7908.35,1,1782395256300
2026-06-25T13:53:15.844Z,BINANCE,ETHUSD_PERP,1578.88,120,1,1782395256108
2026-06-25T13:53:15.844Z,BINANCE,ETHUSDT,1587.51,247.65156,2,1782395229547
2026-06-25T13:53:15.844Z,BINANCE,ETHUSDT,1588.31,3756.35315,2,1782395228208
2026-06-25T13:53:15.844Z,BINANCE,ETHUSDT,1589.77,290.92791,2,1782395226183
2026-06-25T13:53:15.844Z,BINANCE,ETHUSDT,1588.18,2005.87134,2,1782395224134
2026-06-25T13:53:15.844Z,BINANCE,ETHUSDT,1584.47,1105.96006,1,1782395218484
2026-06-25T13:53:15.844Z,BINANCE,ETHUSDT,1583.39,554.1865,1,1782395211289
2026-06-25T13:53:15.844Z,BINANCE,ETHUSDT,1583.11,69071.0893,1,1782395209482
2026-06-25T13:53:15.844Z,BINANCE,ETHUSDC,1580.95,271.9234,1,1782395209131
2026-06-25T13:53:15.844Z,BINANCE,ETHUSDT,1584.49,1432.37896,1,1782395200612
2026-06-25T13:53:15.844Z,BINANCE,ETHUSDC,1581.51,3782.97192,1,1782395198429
2026-06-25T13:53:15.844Z,BINANCE,ETHUSDT,1585.65,272.7318,1,1782395186094
2026-06-25T13:53:15.844Z,BINANCE,ETHUSDT,1585.59,3583.4334,1,1782395180271
2026-06-25T13:53:15.844Z,BINANCE,ETHUSDC,1582.77,15827.7,1,1782395179443
2026-06-25T13:53:15.844Z,BINANCE,ETHUSDT,1583.98,158.398,1,1782395178091
2026-06-25T13:53:15.844Z,BINANCE,ETHUSDT,1585.39,2913.94682,1,1782395171901
2026-06-25T13:53:15.844Z,BINANCE,ETHUSDT,1585.15,31703,1,1782395171277
2026-06-25T13:53:15.844Z,BINANCE,ETHUSDT,1584.84,19018.08,1,1782395169703
2026-06-25T13:53:15.844Z,BINANCE,ETHUSDC,1581.84,8815.59432,1,1782395169115
2026-06-25T13:53:15.844Z,BINANCE,ETHUSDT,1583.5,5160.6265,1,1782395168236
2026-06-25T13:53:15.844Z,BINANCE,ETHUSDT,1586.28,44774.33928,1,1782395160551
2026-06-25T13:53:15.844Z,BINANCE,ETHUSDT_260925,1591.99,746.64331,1,1782395160453
2026-06-25T13:53:15.844Z,BINANCE,ETHUSDT_260626,1588.15,751.19495,1,1782395160421
2026-06-25T13:53:15.844Z,BINANCE,ETHUSDT,1586.99,39674.75,1,1782395160279
2026-06-25T13:53:15.844Z,BINANCE,ETHUSDC,1583.75,11086.25,1,1782395159415
2026-06-25T13:53:15.844Z,BINANCE,ETHUSDT,1585.69,11099.83,1,1782395158327
2026-06-25T13:53:15.844Z,BINANCE,ETHUSDC,1583.39,47501.7,1,1782395158197
2026-06-25T13:53:15.844Z,BINANCE,ETHUSDT,1586.37,85019.91378,1,1782395157338
2026-06-25T13:53:15.844Z,BINANCE,ETHUSDC,1583.78,7918.9,1,1782395156573
2026-06-25T13:53:15.844Z,BINANCE,ETHUSDC,1584.04,20741.41976,1,1782395156456
2026-06-25T13:53:15.844Z,BINANCE,ETHUSDT,1585.96,30735.9048,1,1782395156230
2026-06-25T13:53:15.844Z,BINANCE,ETHUSDT,1585.67,126853.6,1,1782395155682
2026-06-25T13:53:15.844Z,BINANCE,ETHUSDT_260626,1586.23,3608.67325,1,1782395155101
2026-06-25T13:53:15.844Z,BINANCE,ETHUSDT,1586.94,12032.17908,1,1782395154413
2026-06-25T13:53:15.844Z,BINANCE,ETHUSDC,1584.91,294.79326,1,1782395154213
2026-06-25T13:53:15.844Z,BINANCE,ETHUSD_PERP,1585.01,1940,1,1782395153106
2026-06-25T13:53:15.844Z,BINANCE,ETHUSDC,1586.22,1227.73428,1,1782395152728
2026-06-25T13:53:15.844Z,BINANCE,ETHUSDT,1588.51,7381.80597,1,1782395152599
2026-06-25T13:53:15.844Z,BINANCE,ETHUSDT,1588.11,86607.57885,1,1782395152062
2026-06-25T13:53:15.844Z,BINANCE,ETHUSDC,1586.5,9090.645,1,1782395151488
2026-06-25T13:53:15.844Z,BINANCE,ETHUSDT,1588.56,40087.3116,1,1782395151389
2026-06-25T13:53:15.844Z,BINANCE,ETHUSDT,1589.24,16515.38208,1,1782395150401
2026-06-25T13:53:15.844Z,BINANCE,ETHUSDT,1588.38,29412.03246,1,1782395148593
2026-06-25T13:53:15.844Z,BINANCE,ETHUSDC,1586.89,783.92366,1,1782395148453
2026-06-25T13:53:15.844Z,BINANCE,ETHUSDT,1589.1,127363.1868,1,1782395148425
2026-06-25T13:53:15.844Z,BINANCE,ETHUSDT,1590.54,18936.96924,1,1782395147303
2026-06-25T13:53:15.844Z,BINANCE,ETHUSDT,1590.61,2430.45208,1,1782395145065
2026-06-25T13:53:15.844Z,BINANCE,ETHUSDT,1591.72,789.49312,1,1782395143637
2026-06-25T13:53:15.844Z,BINANCE,ETHUSDT,1592.49,39766.06779,1,1782395142225
2026-06-25T13:53:15.844Z,BINANCE,ETHUSDT,1598.02,10546.932,2,1782395127389
2026-06-25T13:53:15.844Z,BINANCE,ETHUSDT,1596.17,1037.5105,2,1782395118629
2026-06-25T13:53:15.844Z,BINANCE,ETHUSDT,1593.78,4878.56058,2,1782395107533
2026-06-25T13:53:15.844Z,BINANCE,ETHUSDT,1591.13,338.91069,1,1782395092072
2026-06-25T13:53:15.844Z,BINANCE,ETHUSDT,1591.61,159161,1,1782395086444
2026-06-25T13:53:15.844Z,BINANCE,ETHUSDC,1589.39,7946.95,1,1782395086141
2026-06-25T13:53:15.844Z,BINANCE,ETHUSDC,1589.21,13385.91583,1,1782395085314
2026-06-25T13:53:15.844Z,BINANCE,ETHUSDT,1591.15,15077.7374,1,1782395085310
2026-06-25T13:53:15.844Z,BINANCE,ETHUSDT,1591.18,20636.01342,1,1782395085142
2026-06-25T13:53:15.844Z,BINANCE,ETHUSDT,1590.18,38086.40118,1,1782395083423
2026-06-25T13:53:15.844Z,BINANCE,ETHUSDC,1589.1,1986.375,1,1782395082682
2026-06-25T13:53:15.844Z,BINANCE,ETHUSDT,1591.26,12703.02858,1,1782395082531
2026-06-25T13:53:15.844Z,BINANCE,ETHUSDT,1592.81,3507.36762,1,1782395080471
2026-06-25T13:53:15.844Z,BINANCE,ETHUSDT,1592.94,23862.2412,1,1782395080439
2026-06-25T13:53:15.844Z,BINANCE,ETHUSDC,1591,795.5,1,1782395079534
2026-06-25T13:53:15.844Z,BINANCE,ETHUSDT,1593.3,49919.6823,1,1782395078522
2026-06-25T13:53:15.844Z,BINANCE,ETHUSDC,1591.07,88005.26384,1,1782395078486
2026-06-25T13:53:15.844Z,BINANCE,ETHUSDC,1591.24,3400.47988,1,1782395077388
2026-06-25T13:53:15.844Z,BINANCE,ETHUSDT,1593.4,79670,1,1782395077215
2026-06-25T13:53:15.844Z,BINANCE,ETHUSDT,1593.34,254934.4,1,1782395076433
2026-06-25T13:53:15.844Z,BINANCE,ETHUSDT,1594.85,2901.03215,1,1782395066125
2026-06-25T13:53:15.844Z,BINANCE,ETHUSDC,1592,51318.12,1,1782395028441
2026-06-25T13:53:15.844Z,BINANCE,ETHUSDT,1594.36,97546.13352,1,1782395028110
2026-06-25T13:53:15.844Z,BINANCE,ETHUSDT,1594.03,20953.52435,1,1782395027073
2026-06-25T13:53:15.844Z,BINANCE,ETHUSDT,1594.6,12645.178,1,1782395025642
2026-06-25T13:53:15.844Z,BINANCE,ETHUSDT,1594.95,31899,1,1782395024410
2026-06-25T13:53:15.844Z,BINANCE,ETHUSD_PERP,1592.06,180,1,1782395024062
2026-06-25T13:53:15.844Z,BINANCE,ETHUSDT,1595.72,18028.44456,1,1782395022093
2026-06-25T13:53:15.844Z,BINANCE,ETHUSDT,1595.6,434.0032,1,1782395020372
2026-06-25T13:53:15.844Z,BINANCE,ETHUSDT,1595.49,3794.07522,1,1782395019297
2026-06-25T13:53:15.844Z,BINANCE,ETHUSDT,1595.4,3275.3562,1,1782395017663
2026-06-25T13:53:15.844Z,BINANCE,ETHUSDC,1594.08,28822.56048,1,1782395014519
2026-06-25T13:53:15.844Z,BINANCE,ETHUSDT,1595.96,3054.66744,1,1782395014369
2026-06-25T13:53:15.844Z,BINANCE,ETHUSDT,1595.98,369048.03128,1,1782395013409
2026-06-25T13:53:15.844Z,BINANCE,ETHUSDT,1595.18,10400.5736,1,1782395012490
2026-06-25T13:53:15.844Z,BINANCE,ETHUSDT,1595.15,57887.9935,1,1782395012101
2026-06-25T13:53:15.844Z,BINANCE,ETHUSD_PERP,1592.34,150,1,1782395012090
2026-06-25T13:53:15.844Z,BINANCE,ETHUSDT,1596.06,2955.90312,1,1782395009498
2026-06-25T13:53:15.844Z,BINANCE,ETHUSDT,1596.04,84366.6744,1,1782395008455
2026-06-25T13:53:15.844Z,BINANCE,ETHUSDT,1595.95,35541.8065,1,1782395006605
2026-06-25T13:53:15.844Z,BINANCE,ETHUSDC,1594.91,441.79007,1,1782395002590
2026-06-25T13:53:15.844Z,BINANCE,ETHUSDT,1596.92,8152.2766,1,1782395000223
2026-06-25T13:53:15.844Z,BINANCE,ETHUSDT,1596.99,20760.87,1,1782394998378
2026-06-25T13:53:15.844Z,BINANCE,ETHUSDT,1599.34,254.29506,1,1782394989133
2026-06-25T13:53:15.844Z,BINANCE,ETHUSDT,1601.12,8564.39088,2,1782394972147
2026-06-25T14:02:30.565Z,BINANCE,ETHUSDT,1551.51,2089.88397,2,1782396036122
2026-06-25T14:02:30.565Z,BINANCE,ETHUSDT,1549.76,77488,2,1782396026467
2026-06-25T14:02:30.565Z,BINANCE,ETHUSDT,1552.37,12418.96,2,1782396025152
2026-06-25T14:02:30.565Z,BINANCE,ETHUSDT,1551.9,102751.299,2,1782396022419
2026-06-25T14:02:30.565Z,BINANCE,ETHUSDT,1550.71,3577.48797,2,1782396018119
2026-06-25T14:02:30.565Z,BINANCE,ETHUSDC,1547.35,11914.595,2,1782396017550
2026-06-25T14:02:30.565Z,BINANCE,ETHUSDT,1550.86,2171.204,2,1782396016361
2026-06-25T14:02:30.565Z,BINANCE,ETHUSDT,1551.2,119889.1456,2,1782396014682
2026-06-25T14:02:30.565Z,BINANCE,ETHUSDC,1547.53,15475.3,2,1782396012391
2026-06-25T14:02:30.565Z,BINANCE,ETHUSDT,1549.14,82296.51336,2,1782396012214
2026-06-25T14:02:30.565Z,BINANCE,ETHUSDT,1550.32,46509.6,2,1782396011158
2026-06-25T14:02:30.565Z,BINANCE,ETHUSDT,1547,14108.64,2,1782396009598
2026-06-25T14:02:30.565Z,BINANCE,ETHUSDC,1545.45,655.2708,2,1782396009290
2026-06-25T14:02:30.565Z,BINANCE,ETHUSDT,1547.57,28176.60699,2,1782396009288
2026-06-25T14:02:30.565Z,BINANCE,ETHUSDT,1546.37,127538.41212,2,1782396007381
2026-06-25T14:02:30.565Z,BINANCE,ETHUSDT,1544.76,2144.12688,2,1782396006623
2026-06-25T14:02:30.565Z,BINANCE,ETHUSDT,1541.8,15075.7204,2,1782396004647
2026-06-25T14:02:30.565Z,BINANCE,ETHUSDT,1541.22,4645.23708,2,1782396003235
2026-06-25T14:02:30.565Z,BINANCE,ETHUSDT,1539.76,8493.31616,2,1782396002178
2026-06-25T14:02:30.565Z,BINANCE,ETHUSDT,1532.85,1537.44855,1,1782395995371
2026-06-25T14:02:30.565Z,BINANCE,ETHUSDT,1533.01,5302.68159,1,1782395994430
2026-06-25T14:02:30.565Z,BINANCE,ETHUSDT,1533.37,633.28181,1,1782395992243
2026-06-25T14:02:30.565Z,BINANCE,ETHUSDT,1534.25,31441.38525,1,1782395978371
2026-06-25T14:02:30.565Z,BINANCE,ETHUSDT,1533.4,29122.3328,1,1782395978049
2026-06-25T14:02:30.565Z,BINANCE,ETHUSDT,1531.95,65008.29825,1,1782395976324
2026-06-25T14:02:30.565Z,BINANCE,ETHUSDC,1529.81,18357.72,1,1782395975249
2026-06-25T14:02:30.565Z,BINANCE,ETHUSDT,1532.2,122493.2612,1,1782395975186
2026-06-25T14:02:30.565Z,BINANCE,ETHUSDT,1532.21,5587.96987,1,1782395974198
2026-06-25T14:02:30.565Z,BINANCE,ETHUSDT,1532.24,68950.8,1,1782395973371
2026-06-25T14:02:30.565Z,BINANCE,ETHUSD_PERP,1529.61,170,1,1782395973091
2026-06-25T14:02:30.565Z,BINANCE,ETHUSDT,1531.38,10429731.4815,1,1782395972422
2026-06-25T14:02:30.565Z,BINANCE,ETHUSDT,1533.69,41670.3573,1,1782395971148
2026-06-25T14:02:30.565Z,BINANCE,ETHUSDT_260626,1536.16,142.86288,2,1782395969810
2026-06-25T14:02:30.565Z,BINANCE,ETHUSDT,1534.4,29024.7104,1,1782395969289
2026-06-25T14:02:30.565Z,BINANCE,ETHUSD_PERP,1532.29,690,1,1782395968045
2026-06-25T14:02:30.565Z,BINANCE,ETHUSDT,1536.2,3163.0358,1,1782395962644
2026-06-25T14:02:30.565Z,BINANCE,ETHUSDT,1536.2,48625.3386,1,1782395962597
2026-06-25T14:02:30.565Z,BINANCE,ETHUSDT_260925,1540.22,3890.59572,1,1782395962590
2026-06-25T14:02:30.565Z,BINANCE,ETHUSDT_260626,1537.14,1756.95102,1,1782395962588
2026-06-25T14:02:30.565Z,BINANCE,ETHUSDC,1533.52,211895.65952,1,1782395962523
2026-06-25T14:02:30.565Z,BINANCE,ETHUSDT_260626,1537.29,135.28152,1,1782395961400
2026-06-25T14:02:30.565Z,BINANCE,ETHUSD_260626,1534.28,4270,1,1782395961104
2026-06-25T14:02:30.565Z,BINANCE,ETHUSD_260925,1537.84,4040,1,1782395961104
2026-06-25T14:02:30.565Z,BINANCE,ETHUSD_PERP,1532.87,3960,1,1782395961104
2026-06-25T14:02:30.565Z,BINANCE,ETHUSDT,1535.51,27639.18,1,1782395960541
2026-06-25T14:02:30.565Z,BINANCE,ETHUSDT,1535.46,767.73,1,1782395958357
2026-06-25T14:02:30.565Z,BINANCE,ETHUSDC,1533.39,102.73713,1,1782395957727
2026-06-25T14:02:30.565Z,BINANCE,ETHUSDT,1536.16,56126.67792,1,1782395957221
2026-06-25T14:02:30.565Z,BINANCE,ETHUSDT,1536.11,1175.12415,1,1782395955594
2026-06-25T14:02:30.565Z,BINANCE,ETHUSDT,1535.6,83542.7824,1,1782395955076
2026-06-25T14:02:30.565Z,BINANCE,ETHUSDT,1535.15,25349.93195,1,1782395953334
2026-06-25T14:02:30.565Z,BINANCE,ETHUSDC,1532.91,2075.56014,1,1782395952511
2026-06-25T14:02:30.565Z,BINANCE,ETHUSDT,1535.01,1204201.52991,1,1782395952221
2026-06-25T14:02:30.565Z,BINANCE,ETHUSD_PERP,1532.14,3580,1,1782395952119
2026-06-25T14:02:30.565Z,BINANCE,ETHUSDT,1538,501555.642,1,1782395931949
2026-06-25T14:02:30.565Z,BINANCE,ETHUSDT,1538.97,3545.78688,1,1782395914324
2026-06-25T14:02:30.565Z,BINANCE,ETHUSDT,1537.96,893710.09396,1,1782395911875
2026-06-25T14:02:30.565Z,BINANCE,ETHUSDC,1536.04,6276.25944,1,1782395900658
2026-06-25T14:02:30.565Z,BINANCE,ETHUSDT_260626,1539.71,303.32287,1,1782395900416
2026-06-25T14:02:30.565Z,BINANCE,ETHUSDT_260925,1543.38,223.7901,1,1782395900416
2026-06-25T14:02:30.565Z,BINANCE,ETHUSDT,1538.35,262337.9022,1,1782395900141
2026-06-25T14:02:30.565Z,BINANCE,ETHUSDC,1536.19,3072.38,1,1782395900068
2026-06-25T14:02:30.565Z,BINANCE,ETHUSDT_260626,1538.34,973.76922,1,1782395899504
2026-06-25T14:02:30.565Z,BINANCE,ETHUSD_PERP,1534.36,210,1,1782395899123
2026-06-25T14:02:30.565Z,BINANCE,ETHUSDT,1535.02,73900.46786,1,1782395896608
2026-06-25T14:02:30.565Z,BINANCE,ETHUSDT,1536,32750.592,1,1782395896152
2026-06-25T14:02:30.565Z,BINANCE,ETHUSDT,1537.83,90501.2955,1,1782395894561
2026-06-25T14:02:30.565Z,BINANCE,ETHUSDC,1536.09,1536.09,1,1782395894441
2026-06-25T14:02:30.565Z,BINANCE,ETHUSDC,1535.66,9071.14362,1,1782395894291
2026-06-25T14:02:30.565Z,BINANCE,ETHUSDT,1537.27,49961.275,1,1782395893354
2026-06-25T14:02:30.565Z,BINANCE,ETHUSDT_260626,1538.93,1538.93,1,1782395893353
2026-06-25T14:02:30.565Z,BINANCE,ETHUSDC,1535.63,297.91222,1,1782395893329
2026-06-25T14:02:30.565Z,BINANCE,ETHUSD_PERP,1534.45,350,1,1782395893032
2026-06-25T14:02:30.565Z,BINANCE,ETHUSDT,1536.2,699315.1088,1,1782395892106
2026-06-25T14:02:30.565Z,BINANCE,ETHUSDT,1537.27,19319231.81118,1,1782395891738
2026-06-25T14:02:30.565Z,BINANCE,ETHUSDC,1537.33,12061.89118,1,1782395891696
2026-06-25T14:02:30.565Z,BINANCE,ETHUSDC,1536.09,23041.35,1,1782395891194
2026-06-25T14:02:30.565Z,BINANCE,ETHUSD_PERP,1535.21,1500,1,1782395891071
2026-06-25T14:02:30.565Z,BINANCE,ETHUSDT,1539,194809.698,1,1782395890259
2026-06-25T14:02:30.565Z,BINANCE,ETHUSD_260626,1537.74,650,1,1782395890075
2026-06-25T14:02:30.565Z,BINANCE,ETHUSD_PERP,1535.78,1120,1,1782395890053
2026-06-25T14:02:30.565Z,BINANCE,ETHUSDT_260925,1544.49,430.91271,1,1782395889610
2026-06-25T14:02:30.565Z,BINANCE,ETHUSDT_260626,1540.68,16150.94844,1,1782395889532
2026-06-25T14:02:30.565Z,BINANCE,ETHUSDC,1537.56,8022.98808,1,1782395889458
2026-06-25T14:02:30.565Z,BINANCE,ETHUSDT,1540,154291.06,1,1782395889296
2026-06-25T14:02:30.565Z,BINANCE,ETHUSD_PERP,1537.09,1530,1,1782395889039
2026-06-25T14:02:30.565Z,BINANCE,ETHUSDT,1542.45,1542.45,1,1782395884630
2026-06-25T14:02:30.565Z,BINANCE,ETHUSDC,1540.32,877.9824,1,1782395884391
2026-06-25T14:02:30.565Z,BINANCE,ETHUSDT,1542.59,62635.32436,1,1782395883953
2026-06-25T14:02:30.565Z,BINANCE,ETHUSDT_260925,1546.9,3689.3565,1,1782395883705
2026-06-25T14:02:30.565Z,BINANCE,ETHUSDT,1542.59,365098.65861,1,1782395883326
2026-06-25T14:02:30.565Z,BINANCE,ETHUSDC,1540.46,13864.14,1,1782395883074
2026-06-25T14:02:30.565Z,BINANCE,ETHUSDT,1542.95,46288.5,1,1782395882548
2026-06-25T14:02:30.565Z,BINANCE,ETHUSDC,1539.59,3079.18,1,1782395881565
2026-06-25T14:02:30.565Z,BINANCE,ETHUSDT,1540.73,8236742.58,1,1782395880648
2026-06-25T14:02:30.565Z,BINANCE,ETHUSDC,1538.76,2345384.14704,1,1782395880646
2026-06-25T14:02:30.565Z,BINANCE,ETHUSDT,1542.25,271820.02025,1,1782395880372
2026-06-25T14:02:30.565Z,BINANCE,ETHUSD_PERP,1539.11,1960,1,1782395880182
2026-06-25T14:02:30.565Z,BINANCE,ETHUSD_PERP,1539,9550,1,1782395879133
2026-06-25T14:02:30.565Z,BINANCE,ETHUSDT,1544.23,5163.90512,1,1782395874683
2026-06-25T14:02:30.565Z,BINANCE,ETHUSDT,1543.84,54468.21904,1,1782395874372
2026-06-25T14:02:30.565Z,BINANCE,ETHUSDC,1542.35,1503.79125,1,1782395873814
2026-06-25T14:02:30.565Z,BINANCE,ETHUSDC,1542.36,38559,1,1782395873531
2026-06-25T14:02:30.565Z,BINANCE,ETHUSD_PERP,1540.8,4020,1,1782395873052
2026-06-25T14:02:30.565Z,BINANCE,ETHUSDT,1542.98,134987.6053,1,1782395872680
2026-06-25T14:02:30.565Z,BINANCE,ETHUSD_PERP,1540.56,450,1,1782395872045
2026-06-25T14:02:30.565Z,BINANCE,ETHUSDT,1543.01,2124755.6302,1,1782395871615
2026-06-25T14:02:30.565Z,BINANCE,ETHUSDC,1541.67,4924.09398,1,1782395871405
2026-06-25T14:02:30.565Z,BINANCE,ETHUSDT,1543.84,132421.33216,1,1782395871147
2026-06-25T14:02:30.565Z,BINANCE,ETHUSDT_260925,1549.23,224.63835,1,1782395870442
2026-06-25T14:02:30.565Z,BINANCE,ETHUSD_260626,1543.37,410,1,1782395870118
2026-06-25T14:02:30.565Z,BINANCE,ETHUSD_PERP,1541.84,2100,1,1782395870097
2026-06-25T14:02:30.565Z,BINANCE,ETHUSDT,1545,165877.38,1,1782395870069
2026-06-25T14:02:30.565Z,BINANCE,ETHUSDC,1542.81,4628.43,1,1782395870049
2026-06-25T14:02:30.565Z,BINANCE,ETHUSD_PERP,1542.29,1740,1,1782395869061
2026-06-25T14:02:30.565Z,BINANCE,ETHUSDT,1545.41,1879.21856,2,1782395868384
2026-06-25T14:02:30.565Z,BINANCE,ETHUSDT,1547.32,187.22572,1,1782395864590
2026-06-25T14:02:30.565Z,BINANCE,ETHUSDT,1547.61,3944.85789,1,1782395864466
2026-06-25T14:02:30.565Z,BINANCE,ETHUSDT,1547.2,773.6,1,1782395863468
2026-06-25T14:02:30.565Z,BINANCE,ETHUSDC,1544.29,23164.35,1,1782395861536
2026-06-25T14:02:30.565Z,BINANCE,ETHUSDT,1546.15,773075,1,1782395861448
2026-06-25T14:02:30.565Z,BINANCE,ETHUSDT,1548.43,580.66125,1,1782395845315
2026-06-25T14:02:30.565Z,BINANCE,ETHUSDT,1548.39,1209.29259,1,1782395800866
2026-06-25T14:02:30.565Z,BINANCE,ETHUSDT,1552.45,1504.32405,2,1782395776739
2026-06-25T14:02:30.565Z,BINANCE,ETHUSDT,1549.77,192.17148,1,1782395762626
2026-06-25T14:02:30.565Z,BINANCE,ETHUSDT,1547.77,3844.66068,1,1782395752470
2026-06-25T14:02:30.565Z,BINANCE,ETHUSDC,1545.32,488.32112,1,1782395750656
2026-06-25T14:02:30.565Z,BINANCE,ETHUSDT,1547.46,772.18254,1,1782395750639
2026-06-25T14:02:30.565Z,BINANCE,ETHUSDT,1547.06,384761.5573,1,1782395748225
2026-06-25T14:02:30.565Z,BINANCE,ETHUSDC,1544.69,1506.07275,1,1782395747433
2026-06-25T14:02:30.565Z,BINANCE,ETHUSD_PERP,1543.44,680,1,1782395747064
2026-06-25T14:02:30.565Z,BINANCE,ETHUSDT,1546.76,5241.96964,1,1782395746464
2026-06-25T14:02:30.565Z,BINANCE,ETHUSD_PERP,1542.79,5780,1,1782395746032
2026-06-25T14:02:30.565Z,BINANCE,ETHUSDT,1545.67,15635.99772,1,1782395745701
2026-06-25T14:02:30.565Z,BINANCE,ETHUSDT,1546.83,921.91068,1,1782395745211
2026-06-25T14:02:30.565Z,BINANCE,ETHUSDT_260626,1546.76,1133.77508,1,1782395745150
2026-06-25T14:02:30.565Z,BINANCE,ETHUSD_PERP,1544.12,400,1,1782395743029
2026-06-25T14:02:30.565Z,BINANCE,ETHUSDT,1547.42,309.484,1,1782395742325
2026-06-25T14:02:30.565Z,BINANCE,ETHUSDT,1548.24,21100.96296,1,1782395740562
2026-06-25T14:02:30.565Z,BINANCE,ETHUSDT,1547.69,139292.1,1,1782395740098
2026-06-25T14:02:30.565Z,BINANCE,ETHUSDC,1544.85,6335.42985,1,1782395739627
2026-06-25T14:02:30.565Z,BINANCE,ETHUSDT,1547.35,108314.5,1,1782395739302
2026-06-25T14:02:30.565Z,BINANCE,ETHUSDT_260626,1549.06,1851.1267,1,1782395739271
2026-06-25T14:02:30.565Z,BINANCE,ETHUSDC,1545.46,10397.85488,1,1782395738511
2026-06-25T14:02:30.565Z,BINANCE,ETHUSDT,1548.06,41797.62,1,1782395738214
2026-06-25T14:02:30.565Z,BINANCE,ETHUSDT_260626,1549.46,774.73,1,1782395737573
2026-06-25T14:02:30.565Z,BINANCE,ETHUSDC,1546.42,726.8174,1,1782395737188
2026-06-25T14:02:30.565Z,BINANCE,ETHUSDT,1547.13,30942.6,1,1782395736418
2026-06-25T14:02:30.565Z,BINANCE,ETHUSDC,1545.11,1177.37382,1,1782395736399
2026-06-25T14:02:30.565Z,BINANCE,ETHUSDT,1546.59,388163.1582,1,1782395735377
2026-06-25T14:02:30.565Z,BINANCE,ETHUSDT,1546.95,245070.9129,1,1782395735236
2026-06-25T14:02:30.565Z,BINANCE,ETHUSDC,1545.43,4963.92116,1,1782395735206
2026-06-25T14:02:30.565Z,BINANCE,ETHUSDC,1546.83,3867.075,1,1782395734299
2026-06-25T14:02:30.565Z,BINANCE,ETHUSDT,1548.73,61949.2,1,1782395734265
2026-06-25T14:02:30.565Z,BINANCE,ETHUSDT_260925,1554.95,211.4732,1,1782395733354
2026-06-25T14:02:30.565Z,BINANCE,ETHUSDC,1548.4,13590.3068,1,1782395732288
2026-06-25T14:02:30.565Z,BINANCE,ETHUSDT,1550,129733.45,1,1782395732181
2026-06-25T14:02:30.565Z,BINANCE,ETHUSD_PERP,1547.45,1880,1,1782395732089
2026-06-25T14:02:30.565Z,BINANCE,ETHUSDT,1551.15,107150.3397,1,1782395731182
2026-06-25T14:02:30.565Z,BINANCE,ETHUSDC,1549.96,151.89608,1,1782395730253
2026-06-25T14:02:30.565Z,BINANCE,ETHUSDT,1552.41,3312.84294,1,1782395728383
2026-06-25T14:02:30.565Z,BINANCE,ETHUSDT,1553.58,975.64824,1,1782395726342
2026-06-25T14:02:30.565Z,BINANCE,ETHUSDT,1553.25,4201.54125,1,1782395723610
2026-06-25T14:02:30.565Z,BINANCE,ETHUSDC,1551.35,390.9402,1,1782395723540
2026-06-25T14:02:30.565Z,BINANCE,ETHUSDT,1553.45,47591.4942,1,1782395723304
2026-06-25T14:02:30.565Z,BINANCE,ETHUSDT,1553.64,46764.564,1,1782395722042
2026-06-25T14:02:30.565Z,BINANCE,ETHUSD_PERP,1549.54,870,1,1782395720085
2026-06-25T14:02:30.565Z,BINANCE,ETHUSDT,1553.45,31069,1,1782395719508
2026-06-25T14:02:30.565Z,BINANCE,ETHUSDC,1551.33,1089.03366,1,1782395719479
2026-06-25T14:02:30.565Z,BINANCE,ETHUSDT,1554.48,31862.17656,1,1782395718243
2026-06-25T14:02:30.565Z,BINANCE,ETHUSDT,1554.37,74556.91142,1,1782395717214
2026-06-25T14:02:30.565Z,BINANCE,ETHUSDT,1554.53,1535.87564,1,1782395715209
2026-06-25T14:02:30.565Z,BINANCE,ETHUSDT,1559.27,1083.69265,2,1782395706427
2026-06-25T14:02:30.565Z,BINANCE,ETHUSDT,1559.59,155.959,2,1782395703315
2026-06-25T14:02:30.565Z,BINANCE,ETHUSDT,1554.31,4383.1542,1,1782395686357
2026-06-25T14:02:30.565Z,BINANCE,ETHUSDT,1555.77,474.50985,1,1782395673651
2026-06-25T14:02:30.565Z,BINANCE,ETHUSDT,1556.1,7237.4211,1,1782395664612
2026-06-25T14:02:30.565Z,BINANCE,ETHUSDT,1556.78,6488.65904,2,1782395659658
2026-06-25T14:02:30.565Z,BINANCE,ETHUSDC,1552.56,310.512,1,1782395649658
2026-06-25T14:02:30.565Z,BINANCE,ETHUSDT,1555.14,2163.19974,1,1782395648606
2026-06-25T14:02:30.565Z,BINANCE,ETHUSDT,1555.48,833.73728,1,1782395647617
2026-06-25T14:02:30.565Z,BINANCE,ETHUSDT,1554.32,114200.55336,1,1782395646380
2026-06-25T14:02:30.565Z,BINANCE,ETHUSDT_260626,1555.62,5819.57442,1,1782395646255
2026-06-25T14:02:30.565Z,BINANCE,ETHUSDC,1551.89,12882.23889,1,1782395646170
2026-06-25T14:02:30.565Z,BINANCE,ETHUSDT,1553.99,108779.3,1,1782395646123
2026-06-25T14:02:30.565Z,BINANCE,ETHUSDT,1556.41,3112.82,1,1782395641467
2026-06-25T14:02:30.565Z,BINANCE,ETHUSDT,1557.67,15576.7,1,1782395641116
2026-06-25T14:02:30.565Z,BINANCE,ETHUSDC,1553.83,15539.85383,1,1782395640110
2026-06-25T14:02:30.565Z,BINANCE,ETHUSDT,1555.37,4977.184,1,1782395638519
2026-06-25T14:02:30.565Z,BINANCE,ETHUSDT,1554.93,17068.46661,1,1782395638175
2026-06-25T14:02:30.565Z,BINANCE,ETHUSDC,1551.89,11289.99975,1,1782395637245
2026-06-25T14:02:30.565Z,BINANCE,ETHUSDT,1554.02,1271477.40772,1,1782395637101
2026-06-25T14:02:30.565Z,BINANCE,ETHUSDT,1555.68,6516.74352,2,1782395635385
2026-06-25T14:02:30.565Z,BINANCE,ETHUSDC,1555.04,496.05776,1,1782395627316
2026-06-25T14:02:30.565Z,BINANCE,ETHUSDT,1556.42,289568.82816,1,1782395626817
2026-06-25T14:02:30.565Z,BINANCE,ETHUSDT,1556.2,24360.7548,1,1782395626301
2026-06-25T14:02:30.565Z,BINANCE,ETHUSDT,1555.46,20507.18464,1,1782395624868
2026-06-25T14:02:30.565Z,BINANCE,ETHUSDC,1553.57,23303.55,1,1782395624769
2026-06-25T14:02:30.565Z,BINANCE,ETHUSDT,1554.98,310996,1,1782395624460
2026-06-25T14:02:30.565Z,BINANCE,ETHUSDT,1555.82,127700.14978,1,1782395623472
2026-06-25T14:02:30.565Z,BINANCE,ETHUSD_PERP,1553.15,18400,1,1782395623037
2026-06-25T14:02:30.565Z,BINANCE,ETHUSDC,1553.06,31061.2,1,1782395622372
2026-06-25T14:02:30.565Z,BINANCE,ETHUSDT,1555.8,9747.087,1,1782395622242
2026-06-25T14:02:30.565Z,BINANCE,ETHUSDT,1556.22,8154.5928,1,1782395621535
2026-06-25T14:02:30.565Z,BINANCE,ETHUSDC,1553.52,9861.74496,1,1782395621222
2026-06-25T14:02:30.565Z,BINANCE,ETHUSD_PERP,1553.66,510,1,1782395620102
2026-06-25T14:02:30.565Z,BINANCE,ETHUSDT,1556.35,61623.67825,1,1782395619647
2026-06-25T14:02:30.565Z,BINANCE,ETHUSDT,1556.88,761.31432,1,1782395617651
2026-06-25T14:02:30.565Z,BINANCE,ETHUSDT,1557.74,10056.76944,1,1782395616294
2026-06-25T14:02:30.565Z,BINANCE,ETHUSDC,1555.4,10993.5672,1,1782395615745
2026-06-25T14:02:30.565Z,BINANCE,ETHUSDT,1558.07,20519.7819,1,1782395615366
2026-06-25T14:02:30.565Z,BINANCE,ETHUSDC,1554.64,196735.02808,1,1782395614468
2026-06-25T14:02:30.565Z,BINANCE,ETHUSDT_260925,1560.78,5164.62102,1,1782395614269
2026-06-25T14:02:30.565Z,BINANCE,ETHUSDT,1556.32,1556320,1,1782395614242
2026-06-25T14:02:30.565Z,BINANCE,ETHBTC,0.026406,217.37382232,1,1782395614203
2026-06-25T14:02:30.565Z,BINANCE,ETHUSD_PERP,1553.59,16150,1,1782395614134
2026-06-25T14:02:30.565Z,BINANCE,ETHUSDT,1556.95,238202.45135,1,1782395613657
2026-06-25T14:02:30.565Z,BINANCE,ETHUSDC,1553.88,49668.22032,1,1782395613479
2026-06-25T14:02:30.565Z,BINANCE,ETHUSDT,1555.52,256509.91456,1,1782395613145
2026-06-25T14:02:30.565Z,BINANCE,ETHUSD_PERP,1552.62,2460,1,1782395613108
2026-06-25T14:02:30.565Z,BINANCE,ETHUSDC,1553.05,68756.6296,1,1782395612333
2026-06-25T14:02:30.565Z,BINANCE,ETHUSDT,1556.57,436362.60752,1,1782395611553
2026-06-25T14:02:30.565Z,BINANCE,ETHUSDC,1556.01,1115.65917,1,1782395610745
2026-06-25T14:02:30.565Z,BINANCE,ETHUSDT,1558.88,58531.26736,1,1782395610088
2026-06-25T14:02:30.565Z,BINANCE,ETHUSDT,1559.92,23086.816,1,1782395609078
2026-06-25T14:02:30.565Z,BINANCE,ETHUSDC,1558.13,31162.6,1,1782395608306
2026-06-25T14:02:30.565Z,BINANCE,ETHUSDT,1560.86,38781.12756,1,1782395607262
2026-06-25T14:02:30.565Z,BINANCE,ETHUSDT,1561.15,2474.42275,1,1782395606228
2026-06-25T14:02:30.565Z,BINANCE,ETHUSDT,1566.65,1602.68295,2,1782395592527
2026-06-25T14:02:30.565Z,BINANCE,ETHUSDT,1562.12,98399.50092,1,1782395585426
2026-06-25T14:02:30.565Z,BINANCE,ETHUSDC,1560.54,1916.34312,1,1782395585108
2026-06-25T14:02:30.565Z,BINANCE,ETHUSDT,1562.39,9355.59132,1,1782395584406
2026-06-25T14:02:30.565Z,BINANCE,ETHUSD_260626,1560.85,530,1,1782395584043
2026-06-25T14:02:30.565Z,BINANCE,ETHUSDT,1561.96,11714.7,1,1782395583597
2026-06-25T14:05:31.576Z,BINANCE,ETHUSDT,1555.76,9816.8456,1,1782396247375
2026-06-25T14:05:31.576Z,BINANCE,ETHUSDT,1555.35,477.49245,1,1782396246568
2026-06-25T14:05:31.576Z,BINANCE,ETHUSDT,1559.93,196.55118,2,1782396202073
2026-06-25T14:05:31.576Z,BINANCE,ETHUSDT,1557.36,1174.24944,1,1782396165252
2026-06-25T14:05:31.576Z,BINANCE,ETHUSDT,1560.96,10856.4768,2,1782396149256
2026-06-25T14:05:31.576Z,BINANCE,ETHUSDT,1561.11,140890.1775,2,1782396149081
2026-06-25T14:05:31.576Z,BINANCE,ETHUSDC,1558.89,374.1336,2,1782396148173
2026-06-25T14:05:31.576Z,BINANCE,ETHUSDT,1560.44,201.29676,2,1782396146195
2026-06-25T14:05:31.576Z,BINANCE,ETHUSDT,1561.27,3195.91969,2,1782396145146
2026-06-25T14:05:31.576Z,BINANCE,ETHUSDT,1559.51,5458.285,2,1782396143678
2026-06-25T14:05:31.576Z,BINANCE,ETHUSDT,1558.42,49719.83168,2,1782396142337
2026-06-25T14:05:31.576Z,BINANCE,ETHUSDC,1557.8,1557.8,2,1782396141183
2026-06-25T14:05:31.576Z,BINANCE,ETHUSDT,1558.15,27999.9555,2,1782396140573
2026-06-25T14:05:31.576Z,BINANCE,ETHUSDT,1559.23,9933.85433,2,1782396139327
2026-06-25T14:05:31.576Z,BINANCE,ETHUSDC,1554.46,2715.64162,2,1782396136753
2026-06-25T14:05:31.576Z,BINANCE,ETHUSDT,1557.63,2390.96205,2,1782396135559
2026-06-25T14:05:31.576Z,BINANCE,ETHUSDT,1557.53,201352.80581,2,1782396135195
2026-06-25T14:05:31.576Z,BINANCE,ETHUSDC,1555.23,216.17697,2,1782396133621
2026-06-25T14:05:31.576Z,BINANCE,ETHUSDT,1557.05,286248.072,2,1782396133476
2026-06-25T14:05:31.576Z,BINANCE,ETHUSDT,1555.54,1714.20508,2,1782396132547
2026-06-25T14:05:31.576Z,BINANCE,ETHUSDT,1554.03,3108.06,2,1782396131143
2026-06-25T14:05:31.576Z,BINANCE,ETHUSDT,1553.27,30173.82302,2,1782396121708
2026-06-25T14:05:31.576Z,BINANCE,ETHUSDT,1550.83,1964.90161,1,1782396112557
2026-06-25T14:05:31.576Z,BINANCE,ETHUSDT,1550.65,722.6029,2,1782396088323
2026-06-25T14:05:31.576Z,BINANCE,ETHUSDT,1550.6,997.0358,2,1782396086066
2026-06-25T14:05:31.576Z,BINANCE,ETHUSDT,1550.09,138618.34834,2,1782396084200
2026-06-25T14:05:31.576Z,BINANCE,ETHUSDT,1546.43,320.11101,1,1782396078540
2026-06-25T14:05:31.576Z,BINANCE,ETHUSDT,1544.72,7786.93352,1,1782396076374
2026-06-25T14:05:31.576Z,BINANCE,ETHUSDT,1542.71,2966.63133,1,1782396075222
2026-06-25T14:05:31.576Z,BINANCE,ETHUSDT,1544.3,17930.8673,1,1782396073301
2026-06-25T14:05:31.576Z,BINANCE,ETHUSDT,1544.81,99664.96196,1,1782396072338
2026-06-25T14:05:31.576Z,BINANCE,ETHUSDT,1545.79,5155.20965,1,1782396071063
2026-06-25T14:05:31.576Z,BINANCE,ETHUSDT,1546.5,170.115,1,1782396069506
2026-06-25T14:07:04.147Z,BINANCE,ETHUSDT,1563.51,12498.69894,2,1782396330274
2026-06-25T14:07:04.147Z,BINANCE,ETHUSDT,1563.3,5382.4419,2,1782396330152
2026-06-25T14:07:04.147Z,BINANCE,ETHUSDT,1563.29,300323.6419,2,1782396328338
2026-06-25T14:07:04.147Z,BINANCE,ETHUSDT,1560.98,5149.67302,2,1782396321063
2026-06-25T14:07:04.147Z,BINANCE,ETHUSDT,1557.64,41135.71476,2,1782396306510
2026-06-25T14:07:04.147Z,BINANCE,ETHUSDT,1559.39,28789.45818,2,1782396305169
2026-06-25T14:07:04.147Z,BINANCE,ETHUSDT,1553.76,152134.85664,1,1782396290271
2026-06-25T14:08:34.862Z,BINANCE,ETHUSDT,1560.7,123.2953,2,1782396381962
2026-06-25T14:08:34.862Z,BINANCE,ETHUSDT,1556.59,1010.22691,1,1782396364609
2026-06-25T14:08:34.862Z,BINANCE,ETHUSDT,1556.73,2440.95264,1,1782396360834
2026-06-25T14:08:34.862Z,BINANCE,ETHUSDT,1558.08,2550.57696,1,1782396352070
2026-06-25T14:09:59.805Z,BINANCE,ETHUSDT,1565.41,13575.23552,2,1782396481517
2026-06-25T14:09:59.805Z,BINANCE,ETHUSDC,1563.61,21050.88143,2,1782396481091
2026-06-25T14:09:59.805Z,BINANCE,ETHUSDT,1564.83,4810.28742,2,1782396480655
2026-06-25T14:09:59.805Z,BINANCE,ETHUSDT,1562.62,21684.47774,2,1782396475199
2026-06-25T14:10:34.614Z,BINANCE,ETHUSDT,1565.99,156.599,2,1782396557567
2026-06-25T14:10:34.614Z,BINANCE,ETHUSDT,1567.06,133015.18692,2,1782396554945
2026-06-25T14:10:34.614Z,BINANCE,ETHUSDT,1566.14,1552.04474,2,1782396553461
2026-06-25T14:10:34.614Z,BINANCE,ETHUSDC,1563.87,289.31595,2,1782396552530
2026-06-25T14:14:14.844Z,BINANCE,ETHUSDT,1570.83,120.95391,2,1782396765468
2026-06-25T14:14:14.844Z,BINANCE,ETHUSDT,1566.79,726.99056,1,1782396746209
2026-06-25T14:14:14.844Z,BINANCE,ETHUSDT,1568.98,43394.84884,1,1782396642200
2026-06-25T14:14:14.844Z,BINANCE,ETHUSDT,1568.48,2244.49488,1,1782396641160
2026-06-25T14:14:14.844Z,BINANCE,ETHUSDT,1573.67,302.14464,2,1782396632339
2026-06-25T14:14:14.844Z,BINANCE,ETHUSDT,1574.18,7870.9,2,1782396631098
2026-06-25T14:14:14.844Z,BINANCE,ETHUSDT,1573.16,2038.81536,2,1782396627468
2026-06-25T14:14:14.844Z,BINANCE,ETHUSDT,1573.66,36737.0927,2,1782396626377
2026-06-25T14:14:14.844Z,BINANCE,ETHUSDT,1572.06,4782.20652,2,1782396622390
2026-06-25T14:14:14.844Z,BINANCE,ETHUSDT,1572.96,10592.31264,2,1782396621270
2026-06-25T14:14:14.844Z,BINANCE,ETHUSDT,1572.31,110992.50752,2,1782396620237
2026-06-25T14:14:14.844Z,BINANCE,ETHUSDT,1571.44,105.28648,2,1782396618302
2026-06-25T14:14:14.844Z,BINANCE,ETHUSDT,1570.55,232749.2278,2,1782396616195
2026-06-25T14:14:14.844Z,BINANCE,ETHUSDT,1569.17,47075.1,2,1782396612260
2026-06-25T14:14:14.844Z,BINANCE,ETHUSDT,1567.99,6190.42452,2,1782396609096
2026-06-25T14:14:14.844Z,BINANCE,ETHUSDC,1566.61,4699.83,2,1782396608723
2026-06-25T14:14:14.844Z,BINANCE,ETHUSDT,1569.14,3254.39636,2,1782396608082
2026-06-25T14:14:57.427Z,BINANCE,ETHUSDT,1564.7,37114.684,1,1782396893444
2026-06-25T14:14:57.427Z,BINANCE,ETHUSDT,1564.48,4411.8336,1,1782396886634
2026-06-25T14:14:57.427Z,BINANCE,ETHUSDT,1564.58,13350.56114,1,1782396885155
2026-06-25T14:14:57.427Z,BINANCE,ETHUSDT,1566.03,341.39454,1,1782396880624
2026-06-25T14:14:57.427Z,BINANCE,ETHUSDT,1565.89,1565.89,1,1782396876483
2026-06-25T14:14:57.427Z,BINANCE,ETHUSDT,1565.76,1991.64672,1,1782396874358
2026-06-25T14:17:13.576Z,BINANCE,ETHUSDT,1560.82,26999.06436,1,1782396964239
2026-06-25T14:17:13.576Z,BINANCE,ETHUSDC,1559.54,1009.02238,1,1782396961612
2026-06-25T14:17:13.576Z,BINANCE,ETHUSDT,1562.07,1562.07,1,1782396961141
2026-06-25T14:17:13.576Z,BINANCE,ETHUSDT,1562.86,121.90308,1,1782396955249
2026-06-25T14:17:13.576Z,BINANCE,ETHUSDT,1562.73,468.819,1,1782396952293
2026-06-25T14:17:13.576Z,BINANCE,ETHUSDT,1562.88,1015.872,1,1782396948355
2026-06-25T14:17:13.576Z,BINANCE,ETHUSDT,1563.57,930.32415,1,1782396946641
2026-06-25T14:17:13.576Z,BINANCE,ETHUSDT,1568.47,517.5951,2,1782396910387
2026-06-25T14:17:13.576Z,BINANCE,ETHUSDT,1564.06,625.624,1,1782396899358
2026-06-25T14:17:13.576Z,BINANCE,ETHUSDT,1564.13,284.67166,1,1782396898180
2026-06-25T14:20:30.689Z,BINANCE,ETHUSDT,1566.57,22394.11815,2,1782397224573
2026-06-25T14:20:30.689Z,BINANCE,ETHUSDT,1564.98,261019.88424,2,1782397221071
2026-06-25T14:20:30.689Z,BINANCE,ETHUSDT,1564.04,3020.16124,2,1782397209491
2026-06-25T14:20:30.689Z,BINANCE,ETHUSDT,1563.99,74564.78724,2,1782397207286
2026-06-25T14:20:30.689Z,BINANCE,ETHUSDT,1563.86,18132.9567,2,1782397207215
2026-06-25T14:20:30.689Z,BINANCE,ETHUSDC,1562.32,11689.27824,2,1782397206076
2026-06-25T14:20:30.689Z,BINANCE,ETHUSDT,1563.53,38542.57803,2,1782397205212
2026-06-25T14:20:30.689Z,BINANCE,ETHUSDT,1559.67,324.41136,2,1782397193381
2026-06-25T14:20:30.689Z,BINANCE,ETHUSDT,1557.03,5754.78288,2,1782397181534
2026-06-25T14:20:30.689Z,BINANCE,ETHUSDT,1552.57,28602.99711,1,1782397148745
2026-06-25T14:20:30.689Z,BINANCE,ETHUSDT,1552.31,1674.94249,1,1782397147685
2026-06-25T14:20:30.689Z,BINANCE,ETHUSDT,1551.22,20989.55782,1,1782397146525
2026-06-25T14:20:30.689Z,BINANCE,ETHUSDT,1551.21,151591.99725,1,1782397146100
2026-06-25T14:20:30.689Z,BINANCE,ETHUSDT,1559.06,83348.90666,2,1782397047179
2026-06-25T14:20:30.689Z,BINANCE,ETHUSDT,1559.75,1004.479,2,1782397045340
2026-06-25T14:20:30.689Z,BINANCE,ETHUSDT,1556.61,994.67379,2,1782397037437
2026-06-25T14:20:30.689Z,BINANCE,ETHUSDT,1556.82,7782.54318,2,1782397037181
2026-06-25T14:20:30.689Z,BINANCE,ETHUSDT,1550.99,82404.0987,1,1782397026385
2026-06-25T14:20:30.689Z,BINANCE,ETHUSDT,1550.08,100221.97248,1,1782397023527
2026-06-25T14:20:30.689Z,BINANCE,ETHUSDC,1548.22,49717.98886,1,1782397021072
2026-06-25T14:20:30.689Z,BINANCE,ETHUSDT,1551.65,97698.0906,1,1782397017720
2026-06-25T14:20:30.689Z,BINANCE,ETHUSDT,1551.63,25269.84618,1,1782397016826
2026-06-25T14:20:30.689Z,BINANCE,ETHUSDT,1550.62,7753.1,1,1782397014694
2026-06-25T14:20:30.689Z,BINANCE,ETHUSDT,1551.9,33899.7036,1,1782397007621
2026-06-25T14:20:30.689Z,BINANCE,ETHUSDC,1550.27,2593.60171,1,1782397007360
2026-06-25T14:20:30.689Z,BINANCE,ETHUSDC,1549.88,36922.79124,1,1782397006124
2026-06-25T14:20:30.689Z,BINANCE,ETHUSDT,1551.45,155145,1,1782397006013
2026-06-25T14:20:30.689Z,BINANCE,ETHUSDT,1553.51,13981.59,1,1782397002436
2026-06-25T14:20:30.689Z,BINANCE,ETHUSDT,1553.36,141.35576,1,1782397001246
2026-06-25T14:20:30.689Z,BINANCE,ETHUSDT,1552.96,1484.62976,1,1782397000204
2026-06-25T14:20:30.689Z,BINANCE,ETHUSDT,1554.09,7327.53435,1,1782396996633
2026-06-25T14:20:30.689Z,BINANCE,ETHUSDT,1554.35,1111.36025,1,1782396990484
2026-06-25T14:20:30.689Z,BINANCE,ETHUSDT,1554.85,1108.60805,1,1782396988382
2026-06-25T14:20:30.689Z,BINANCE,ETHUSDT,1554.41,62734.43319,1,1782396984447
2026-06-25T14:20:30.689Z,BINANCE,ETHUSDC,1552.67,1990.52294,1,1782396983720
2026-06-25T14:20:30.689Z,BINANCE,ETHUSDT,1554.55,155493.86375,1,1782396983444
2026-06-25T14:20:30.689Z,BINANCE,ETHUSDT,1554.71,7773.55,1,1782396982720
2026-06-25T14:20:30.689Z,BINANCE,ETHUSDT,1554.51,1512.53823,1,1782396981276
2026-06-25T14:20:30.689Z,BINANCE,ETHUSDC,1553.66,4960.83638,1,1782396980616
2026-06-25T14:20:30.689Z,BINANCE,ETHUSDT,1556.39,9901.75318,1,1782396978345
2026-06-25T14:20:30.689Z,BINANCE,ETHUSDT,1556.28,42019.56,1,1782396975232
2026-06-25T14:20:30.689Z,BINANCE,ETHUSDT,1556.6,5728.288,1,1782396974350
2026-06-25T14:20:30.689Z,BINANCE,ETHUSD_PERP,1554.06,860,1,1782396974138
2026-06-25T14:20:30.689Z,BINANCE,ETHUSDC,1554.95,3109.9,1,1782396974126
2026-06-25T14:20:30.689Z,BINANCE,ETHUSDT,1555.5,4168.74,1,1782396973583
2026-06-25T14:20:30.689Z,BINANCE,ETHUSDT,1556.83,9521.57228,1,1782396972126
2026-06-25T14:20:30.689Z,BINANCE,ETHUSDT,1558.39,1695.52832,1,1782396970329
2026-06-25T14:20:30.689Z,BINANCE,ETHUSDC,1556.82,437.46642,1,1782396968604
2026-06-25T14:20:30.689Z,BINANCE,ETHUSDT,1558.49,5970.57519,1,1782396968558
2026-06-25T14:20:30.689Z,BINANCE,ETHUSDT,1558.81,85734.55,1,1782396967567
2026-06-25T14:20:30.689Z,BINANCE,ETHUSDT,1560.71,4975.54348,1,1782396964626
2026-06-25T14:22:41.171Z,BINANCE,ETHUSDT,1565.46,258.3009,1,1782397350603
2026-06-25T14:22:41.171Z,BINANCE,ETHUSDT,1569.46,127.12626,1,1782397329093
2026-06-25T14:22:41.171Z,BINANCE,ETHUSDT,1569.47,2140.75708,2,1782397302466
2026-06-25T14:22:41.171Z,BINANCE,ETHUSDT,1568.91,240.04323,2,1782397281762
2026-06-25T14:22:41.171Z,BINANCE,ETHUSDT,1567.25,756.98175,2,1782397232440
2026-06-25T14:22:41.171Z,BINANCE,ETHUSDT,1567.84,3135.68,2,1782397231386
2026-06-25T14:24:40.740Z,BINANCE,ETHUSDT,1562.42,317.17126,1,1782397468599
2026-06-25T14:24:40.740Z,BINANCE,ETHUSDT,1563.37,8598.535,1,1782397393598
2026-06-25T14:26:42.467Z,BINANCE,ETHUSDT,1560.88,3387.1096,1,1782397485469
2026-06-25T14:26:42.467Z,BINANCE,ETHUSDT,1561.43,40534.7228,1,1782397480043
2026-06-25T14:28:14.299Z,BINANCE,ETHUSDT,1568.32,7361.69408,2,1782397610098
2026-06-25T14:29:05.037Z,BINANCE,ETHUSDT,1561.85,35833.52455,1,1782397685107
2026-06-25T14:29:05.037Z,BINANCE,ETHUSDT,1562.13,28293.29856,1,1782397683221
2026-06-25T14:29:05.037Z,BINANCE,ETHUSDT,1562.62,195.3275,1,1782397681540
2026-06-25T14:29:05.037Z,BINANCE,ETHUSDT,1563.72,572.32152,1,1782397668202
2026-06-25T14:33:00.451Z,BINANCE,ETHUSDT,1559.31,194.91375,1,1782397926549
2026-06-25T14:33:00.451Z,BINANCE,ETHUSDT,1559.84,1667.46896,1,1782397922522
2026-06-25T14:34:04.649Z,BINANCE,ETHUSDT,1589.91,1728.23217,2,1782398019505
2026-06-25T14:34:04.649Z,BINANCE,ETHUSDC,1587.11,3174.22,2,1782398018352
2026-06-25T14:34:04.649Z,BINANCE,ETHUSDT,1589,11804.681,2,1782398018268
2026-06-25T14:34:04.649Z,BINANCE,ETHUSDT_260626,1591.44,1745.80968,2,1782398018162
2026-06-25T14:34:04.649Z,BINANCE,ETHUSDT,1588.91,15870.03308,2,1782398018060
2026-06-25T14:34:04.649Z,BINANCE,ETHUSDC,1587.5,95250,2,1782398017415
2026-06-25T14:34:04.649Z,BINANCE,ETHUSDT,1588.28,7960.45936,2,1782398016536
2026-06-25T14:34:04.649Z,BINANCE,ETHUSDT,1586.84,2656.37016,2,1782398013301
2026-06-25T14:34:04.649Z,BINANCE,ETHUSDT,1585.86,1581.10242,2,1782398011569
2026-06-25T14:34:04.649Z,BINANCE,ETHUSDT,1587.34,56809.31126,2,1782398010470
2026-06-25T14:34:04.649Z,BINANCE,ETHUSD_PERP,1584.4,600,2,1782398010112
2026-06-25T14:34:04.649Z,BINANCE,ETHUSDT,1584.78,139460.64,2,1782398006501
2026-06-25T14:34:04.649Z,BINANCE,ETHUSDC,1582.86,9141.0165,2,1782398006334
2026-06-25T14:34:04.649Z,BINANCE,ETHUSDC,1583.12,3153.57504,2,1782398005444
2026-06-25T14:34:04.649Z,BINANCE,ETHUSDT_260925,1590.77,682.44033,2,1782398005417
2026-06-25T14:34:04.649Z,BINANCE,ETHUSDT,1586.06,38617.38888,2,1782398004316
2026-06-25T14:34:04.649Z,BINANCE,ETHUSDT,1584.43,8167.73665,2,1782398002498
2026-06-25T14:34:04.649Z,BINANCE,ETHUSDT,1582.98,301176.19182,2,1782397999462
2026-06-25T14:34:04.649Z,BINANCE,ETHUSDT,1581.59,158159,2,1782397999171
2026-06-25T14:34:04.649Z,BINANCE,ETHUSDT_260626,1585.73,225.17366,2,1782397998541
2026-06-25T14:34:04.649Z,BINANCE,ETHUSDT,1582.37,21062.92707,2,1782397996558
2026-06-25T14:34:04.649Z,BINANCE,ETHUSDT,1580.95,810742.779,2,1782397995130
2026-06-25T14:34:04.649Z,BINANCE,ETHUSDC,1579.05,80831.5695,2,1782397994479
2026-06-25T14:34:04.649Z,BINANCE,ETHUSDT,1580.7,158070,2,1782397994446
2026-06-25T14:34:04.649Z,BINANCE,ETHUSDC,1578.04,30856.99416,2,1782397994222
2026-06-25T14:34:04.649Z,BINANCE,ETHUSDT,1580.32,94819.2,2,1782397993215
2026-06-25T14:34:04.649Z,BINANCE,ETHUSDC,1578.23,2561.46729,2,1782397993138
2026-06-25T14:34:04.649Z,BINANCE,ETHUSD_PERP,1579.11,8200,2,1782397992362
2026-06-25T14:34:04.649Z,BINANCE,ETHUSDT,1582.21,24650.8318,2,1782397992303
2026-06-25T14:34:04.649Z,BINANCE,ETHUSDT,1578.72,5137.15488,2,1782397991135
2026-06-25T14:34:04.649Z,BINANCE,ETHUSDC,1576.63,5538.70119,2,1782397990656
2026-06-25T14:34:04.649Z,BINANCE,ETHUSDT,1579.72,42756.70152,2,1782397990377
2026-06-25T14:34:04.649Z,BINANCE,ETHUSDT,1570.51,3349.89783,2,1782397986215
2026-06-25T14:34:04.649Z,BINANCE,ETHUSDT,1569,10016.496,2,1782397981138
2026-06-25T14:34:04.649Z,BINANCE,ETHUSDT,1569.05,7515.7495,2,1782397981055
2026-06-25T14:34:04.649Z,BINANCE,ETHUSDT,1567.72,8216.42052,2,1782397960367
2026-06-25T14:34:04.649Z,BINANCE,ETHUSDT,1567.64,35999.28496,2,1782397957238
2026-06-25T14:34:04.649Z,BINANCE,ETHUSDT,1567.67,1075.42162,2,1782397955611
2026-06-25T14:36:56.598Z,BINANCE,ETHUSDT,1572.1,3938.1105,1,1782398203355
2026-06-25T14:36:56.598Z,BINANCE,ETHUSDT,1572.55,618.01215,1,1782398174602
2026-06-25T14:36:56.598Z,BINANCE,ETHUSDT,1572.53,30547.96778,1,1782398173532
2026-06-25T14:36:56.598Z,BINANCE,ETHUSDT,1572.1,8262.9576,1,1782398171858
2026-06-25T14:36:56.598Z,BINANCE,ETHUSDT,1573.48,1987.30524,1,1782398170519
2026-06-25T14:36:56.598Z,BINANCE,ETHUSDC,1572.32,1237.41584,1,1782398169606
2026-06-25T14:36:56.598Z,BINANCE,ETHUSDC,1576.23,313.66977,1,1782398129431
2026-06-25T14:36:56.598Z,BINANCE,ETHUSDC,1577,2930.066,1,1782398076490
2026-06-25T14:36:56.598Z,BINANCE,ETHUSDT,1581.12,79056,1,1782398056427
2026-06-25T14:36:56.598Z,BINANCE,ETHUSDT,1581.43,1581.43,1,1782398051764
2026-06-25T14:36:56.598Z,BINANCE,ETHUSDT,1581.48,1486.5912,1,1782398047211
2026-06-25T14:36:56.598Z,BINANCE,ETHUSDT,1585,2003.44,1,1782398040153
2026-06-25T14:36:56.598Z,BINANCE,ETHUSDT,1586.93,149.17142,1,1782398034350
2026-06-25T14:36:56.598Z,BINANCE,ETHUSDT,1586.69,7379.69519,2,1782398030379
2026-06-25T14:36:56.598Z,BINANCE,ETHUSDT,1588.71,1318.6293,2,1782398029411
2026-06-25T14:36:56.598Z,BINANCE,ETHUSD_PERP,1587.5,14330,2,1782398028042
2026-06-25T14:36:56.598Z,BINANCE,ETHUSDT,1592.06,719942.26848,2,1782398027084
2026-06-25T14:36:56.598Z,BINANCE,ETHUSDT,1589.79,11379.71682,2,1782398025145
2026-06-25T14:36:56.598Z,BINANCE,ETHUSDT,1589.3,5421.1023,2,1782398022565
2026-06-25T14:36:56.598Z,BINANCE,ETHUSDT,1589.48,7259.15516,2,1782398022090
2026-06-25T14:38:04.606Z,BINANCE,ETHUSDT,1568.16,2175.03792,1,1782398265168
2026-06-25T14:38:04.606Z,BINANCE,ETHUSDT,1568.08,101.9252,1,1782398263532
2026-06-25T14:38:04.606Z,BINANCE,ETHUSDT,1568.1,298467.4497,1,1782398262507
2026-06-25T14:38:04.606Z,BINANCE,ETHUSDT,1568.58,144.30936,1,1782398261156
2026-06-25T14:38:04.606Z,BINANCE,ETHUSDT,1569.25,34523.5,1,1782398258433
2026-06-25T14:38:04.606Z,BINANCE,ETHUSDT,1570.38,1099.266,1,1782398254423
2026-06-25T14:38:04.606Z,BINANCE,ETHUSDT,1569.89,5051.90602,1,1782398252447
2026-06-25T14:38:04.606Z,BINANCE,ETHUSDT,1571.43,14969.44218,1,1782398220589
2026-06-25T14:40:31.349Z,BINANCE,ETHUSDT,1568.4,8980.6584,1,1782398414571
2026-06-25T14:40:31.349Z,BINANCE,ETHUSDT,1568.25,24358.059,1,1782398320462
2026-06-25T14:40:31.349Z,BINANCE,ETHUSDT,1571.86,17347.04696,2,1782398284529
2026-06-25T14:41:29.209Z,BINANCE,ETHUSDT,1567.81,7839.05,1,1782398420244
2026-06-25T14:42:48.959Z,BINANCE,ETHUSDT,1565.83,1078.85687,1,1782398558503
2026-06-25T14:42:48.959Z,BINANCE,ETHUSDT,1566.87,2237.49036,1,1782398533366
2026-06-25T14:42:48.959Z,BINANCE,ETHUSDT,1566.81,250.6896,1,1782398523422
2026-06-25T14:42:48.959Z,BINANCE,ETHUSDT,1566.7,402.6419,1,1782398521255
2026-06-25T14:42:48.959Z,BINANCE,ETHUSDT,1567.31,4195.68887,1,1782398519512
2026-06-25T14:44:26.110Z,BINANCE,ETHUSDT,1565.83,2217.21528,1,1782398614243
2026-06-25T14:44:54.734Z,BINANCE,ETHUSDT,1564.94,1021.90582,1,1782398661628
2026-06-25T14:46:37.369Z,BINANCE,ETHUSDT,1563.6,625.44,1,1782398741159
2026-06-25T14:46:37.369Z,BINANCE,ETHUSDT,1563.73,11806.1615,1,1782398740531
2026-06-25T14:46:37.369Z,BINANCE,ETHUSDT,1563.42,247.02036,1,1782398738113
2026-06-25T14:46:37.369Z,BINANCE,ETHUSDT,1564.39,935.50522,1,1782398729260
2026-06-25T14:46:37.369Z,BINANCE,ETHUSDC,1562.47,1367.16125,1,1782398729124
2026-06-25T14:46:37.369Z,BINANCE,ETHUSDT,1564.07,1937.88273,1,1782398728296
2026-06-25T14:47:20.172Z,BINANCE,ETHUSDT,1563.29,20676.07354,1,1782398802622
2026-06-25T14:47:20.172Z,BINANCE,ETHUSDT,1562.72,282.85232,1,1782398801411
2026-06-25T14:47:20.172Z,BINANCE,ETHUSDT,1562.79,26669.01135,1,1782398799679
2026-06-25T14:50:52.326Z,BINANCE,ETHUSDT,1572.53,128.94746,2,1782399026486
2026-06-25T14:50:52.326Z,BINANCE,ETHUSDT,1572.82,3310.7861,2,1782399026254
2026-06-25T14:50:52.326Z,BINANCE,ETHUSDT,1572.15,1207.4112,2,1782399023313
2026-06-25T14:50:52.326Z,BINANCE,ETHUSDC,1570.06,18231.53672,2,1782399022540
2026-06-25T14:50:52.326Z,BINANCE,ETHUSDT,1569.93,2689.29009,2,1782399010204
2026-06-25T14:50:52.326Z,BINANCE,ETHUSDT,1569.21,784.605,2,1782399004417
2026-06-25T14:54:47.772Z,BINANCE,ETHUSDT,1570.33,769.4617,1,1782399233459
2026-06-25T14:54:47.772Z,BINANCE,ETHUSDT,1577.21,2088.22604,2,1782399117094
2026-06-25T14:54:47.772Z,BINANCE,ETHUSDT,1577.76,110989.10496,2,1782399116087
2026-06-25T14:54:47.772Z,BINANCE,ETHUSDT,1575.62,2152.29692,2,1782399105102
2026-06-25T14:54:47.772Z,BINANCE,ETHUSDC,1573.55,7911.8094,2,1782399103768
2026-06-25T14:54:47.772Z,BINANCE,ETHUSDT,1575.19,363.86889,2,1782399103588
2026-06-25T14:55:55.969Z,BINANCE,ETHUSDT,1574.43,283.3974,2,1782399300078
2026-06-25T14:58:03.243Z,BINANCE,ETHUSDT,1566.87,4775.81976,1,1782399455405
2026-06-25T14:58:03.243Z,BINANCE,ETHUSDT,1568.1,2173.3866,1,1782399428085
2026-06-25T14:58:03.243Z,BINANCE,ETHUSDT,1569.26,263.63568,1,1782399418172
2026-06-25T14:58:03.243Z,BINANCE,ETHUSDT,1570.4,698.828,1,1782399412439
2026-06-25T14:58:03.243Z,BINANCE,ETHUSDT,1570.09,199.40143,1,1782399411048
2026-06-25T14:58:03.243Z,BINANCE,ETHUSDT,1570.38,670.55226,1,1782399409227
2026-06-25T15:01:04.808Z,BINANCE,ETHUSDT,1564.84,1578.92356,1,1782399643227
2026-06-25T15:02:18.202Z,BINANCE,ETHUSDT,1563.02,2819.68808,1,1782399732398
2026-06-25T15:02:18.202Z,BINANCE,ETHUSDC,1561.06,610.37446,1,1782399723477
2026-06-25T15:02:18.202Z,BINANCE,ETHUSDT,1562.81,171.9091,1,1782399723346
2026-06-25T15:02:18.202Z,BINANCE,ETHUSDT,1562.54,1250.032,1,1782399722122
2026-06-25T15:02:18.202Z,BINANCE,ETHUSDT,1562.81,1373.70999,1,1782399720157
2026-06-25T15:02:18.202Z,BINANCE,ETHUSDT,1563.2,28015.6704,1,1782399718501
2026-06-25T15:02:18.202Z,BINANCE,ETHUSDT,1563.46,52316.49852,1,1782399716226
2026-06-25T15:02:18.202Z,BINANCE,ETHUSDT,1564.34,3350.81628,1,1782399699115
2026-06-25T15:03:49.523Z,BINANCE,ETHUSDT,1560.48,1451.2464,1,1782399798438
2026-06-25T15:05:03.295Z,BINANCE,ETHUSDT,1558.38,37315.4091,1,1782399805556
2026-06-25T15:05:03.295Z,BINANCE,ETHUSDT,1557.74,1791.401,1,1782399804288
2026-06-25T15:05:03.295Z,BINANCE,ETHUSDT,1558.31,91429.16432,1,1782399803191
2026-06-25T15:05:03.295Z,BINANCE,ETHUSDT,1558.56,298948.95216,1,1782399802516
2026-06-25T15:05:03.295Z,BINANCE,ETHUSDT,1559.17,53421.84171,1,1782399800121
2026-06-25T15:06:02.986Z,BINANCE,ETHUSDT,1565.62,363.22384,2,1782399919562
2026-06-25T15:06:02.986Z,BINANCE,ETHUSDT,1565.41,2662.76241,2,1782399911490
2026-06-25T15:06:02.986Z,BINANCE,ETHUSDT,1564.05,944.6862,2,1782399900464
2026-06-25T15:07:09.001Z,BINANCE,ETHUSDT,1559.88,1212.02676,1,1782399986404
2026-06-25T15:12:31.230Z,BINANCE,ETHUSDT,1556.18,6318.0908,1,1782400302441
2026-06-25T15:12:31.230Z,BINANCE,ETHUSDT,1555.74,10277.21844,1,1782400300650
2026-06-25T15:12:31.230Z,BINANCE,ETHUSDT,1555.54,2014.4243,1,1782400298349
2026-06-25T15:12:31.230Z,BINANCE,ETHUSDC,1555.03,15931.28235,1,1782400292582
2026-06-25T15:12:31.230Z,BINANCE,ETHUSDT,1557.12,2337.23712,1,1782400292548
2026-06-25T15:12:31.230Z,BINANCE,ETHUSDT,1556.6,24351.4504,1,1782400290526
2026-06-25T15:12:31.230Z,BINANCE,ETHUSDT,1557.05,13132.1597,1,1782400289082
2026-06-25T15:15:54.308Z,BINANCE,ETHUSDT,1544.12,4948.9046,1,1782400545516
2026-06-25T15:15:54.308Z,BINANCE,ETHUSDT,1544.27,14770.94255,1,1782400544505
2026-06-25T15:15:54.308Z,BINANCE,ETHUSDT,1544.71,2173.40697,1,1782400543142
2026-06-25T15:15:54.308Z,BINANCE,ETHUSDT,1544.96,4053.97504,1,1782400541342
2026-06-25T15:15:54.308Z,BINANCE,ETHUSDC,1543.39,1981.71276,1,1782400541214
2026-06-25T15:15:54.308Z,BINANCE,ETHUSDT,1545.09,9468.31152,1,1782400541121
2026-06-25T15:15:54.308Z,BINANCE,ETHUSDT,1545.81,6932.95785,1,1782400539554
2026-06-25T15:15:54.308Z,BINANCE,ETHUSDT,1545.1,3462.5691,1,1782400538198
2026-06-25T15:15:54.308Z,BINANCE,ETHUSDC,1543.17,25292.5563,1,1782400538181
2026-06-25T15:15:54.308Z,BINANCE,ETHUSDT,1546.03,108560.68057,1,1782400535409
2026-06-25T15:15:54.308Z,BINANCE,ETHUSDT,1546.24,99435.60192,1,1782400535201
2026-06-25T15:15:54.308Z,BINANCE,ETHUSDT,1545.49,7005.70617,1,1782400533516
2026-06-25T15:15:54.308Z,BINANCE,ETHUSDT,1545.03,8982.80442,1,1782400533049
2026-06-25T15:15:54.308Z,BINANCE,ETHUSDC,1544.53,3947.81868,1,1782400532243
2026-06-25T15:15:54.308Z,BINANCE,ETHUSDT,1546.51,49543.99436,1,1782400529249
2026-06-25T15:15:54.308Z,BINANCE,ETHUSDC,1544.75,15436.68675,1,1782400529162
2026-06-25T15:15:54.308Z,BINANCE,ETHUSDT,1546.38,298391.03118,1,1782400528462
2026-06-25T15:15:54.308Z,BINANCE,ETHUSDT,1549.68,148775.47872,1,1782400525349
2026-06-25T15:15:54.308Z,BINANCE,ETHUSDT,1549.27,7746.35,1,1782400525054
2026-06-25T15:15:54.308Z,BINANCE,ETHUSDC,1547.67,1248.96969,1,1782400524147
2026-06-25T15:15:54.308Z,BINANCE,ETHUSDT,1549.22,418814.58558,1,1782400523302
2026-06-25T15:15:54.308Z,BINANCE,ETHUSDT,1549.57,27064.78962,1,1782400523091
2026-06-25T15:15:54.308Z,BINANCE,ETHUSDT,1550.35,14869.40685,1,1782400520601
2026-06-25T15:15:54.308Z,BINANCE,ETHUSD_PERP,1547.63,3530,1,1782400520111
2026-06-25T15:15:54.308Z,BINANCE,ETHUSDT,1550.93,15222.37795,1,1782400519336
2026-06-25T15:15:54.308Z,BINANCE,ETHUSDT,1551.8,3407.7528,1,1782400506600
2026-06-25T15:15:54.308Z,BINANCE,ETHUSDT_260626,1553.51,1990.04631,1,1782400506569
2026-06-25T15:15:54.308Z,BINANCE,ETHUSDT,1551.61,774.25339,1,1782400504332
2026-06-25T15:15:54.308Z,BINANCE,ETHUSDT,1551.9,3096.0405,1,1782400503176
2026-06-25T15:15:54.308Z,BINANCE,ETHUSDT,1552.5,9833.535,1,1782400480269
2026-06-25T15:15:54.308Z,BINANCE,ETHUSDT,1552.15,2461759.5688,1,1782400477535
2026-06-25T15:15:54.308Z,BINANCE,ETHUSDC,1551.1,9306.6,1,1782400477419
2026-06-25T15:15:54.308Z,BINANCE,ETHUSDT,1553.07,32614.47,1,1782400476672
2026-06-25T15:15:54.308Z,BINANCE,ETHUSDT,1553.5,6008.938,1,1782400380656
2026-06-25T15:15:54.308Z,BINANCE,ETHUSDC,1551.54,10354.97796,1,1782400380393
2026-06-25T15:15:54.308Z,BINANCE,ETHUSDT,1553.66,3107.32,1,1782400376599
2026-06-25T15:15:54.308Z,BINANCE,ETHUSDT,1553.96,94597.315,1,1782400375358
2026-06-25T15:15:54.308Z,BINANCE,ETHUSDC,1552.19,4779.19301,1,1782400375197
2026-06-25T15:15:54.308Z,BINANCE,ETHUSDT,1554.07,8172.85413,1,1782400373631
2026-06-25T15:15:54.308Z,BINANCE,ETHUSDT,1556.13,1534.34418,1,1782400363286
2026-06-25T15:18:22.526Z,BINANCE,ETHUSDT,1549.17,3360.14973,2,1782400634118
2026-06-25T15:18:22.526Z,BINANCE,ETHUSDT,1548.73,532.76312,2,1782400627221
2026-06-25T15:18:22.526Z,BINANCE,ETHUSDT,1548.44,171.87684,2,1782400623566
2026-06-25T15:18:22.526Z,BINANCE,ETHUSDT,1547.97,3308.01189,2,1782400565776
2026-06-25T15:18:22.526Z,BINANCE,ETHUSDT,1547.73,2600.1864,2,1782400563318
2026-06-25T15:18:22.526Z,BINANCE,ETHUSDT,1543.74,44518.37412,1,1782400549620
2026-06-25T15:18:22.526Z,BINANCE,ETHBTC,0.026218,24371.72938385,1,1782400549516
2026-06-25T15:18:22.526Z,BINANCE,ETHUSDC,1541.96,9883.9636,1,1782400549253
2026-06-25T15:18:22.526Z,BINANCE,ETHUSDT,1543.93,92635.8,1,1782400549045
2026-06-25T15:18:22.526Z,BINANCE,ETHUSD_PERP,1541.07,280,1,1782400548085
2026-06-25T15:18:22.526Z,BINANCE,ETHUSDT,1543.74,54030.9,1,1782400547253
2026-06-25T15:23:28.518Z,BINANCE,ETHUSDT,1563.23,300.14016,2,1782401002354
2026-06-25T15:23:28.518Z,BINANCE,ETHUSDT,1560.57,10625.92113,2,1782400949983
2026-06-25T15:23:28.518Z,BINANCE,ETHUSDT,1562.22,12190.00266,2,1782400764480
2026-06-25T15:23:28.518Z,BINANCE,ETHUSDC,1559.34,123.18786,2,1782400722509
2026-06-25T15:23:28.518Z,BINANCE,ETHUSDT,1561.52,2995484.11576,2,1782400722471
2026-06-25T15:23:28.518Z,BINANCE,ETHUSDT,1560.81,9639.56256,2,1782400722418
2026-06-25T15:23:28.518Z,BINANCE,ETHUSDT,1560.17,5508.96027,2,1782400720513
2026-06-25T15:23:28.518Z,BINANCE,ETHUSDT,1557.07,29461.32147,2,1782400715452
2026-06-25T15:23:28.518Z,BINANCE,ETHUSDC,1555.5,2558.7975,2,1782400714385
2026-06-25T15:23:28.518Z,BINANCE,ETHUSDT,1556.28,9745.42536,2,1782400712612
2026-06-25T15:23:28.518Z,BINANCE,ETHUSDT,1555.37,4485.68708,2,1782400710463
2026-06-25T15:23:28.518Z,BINANCE,ETHUSDT,1555,150850.55,2,1782400709067
2026-06-25T15:23:28.518Z,BINANCE,ETHUSDT,1553.83,141.39853,2,1782400706417
2026-06-25T15:24:31.734Z,BINANCE,ETHUSDT,1562.95,601.73575,2,1782401065632
2026-06-25T15:24:31.734Z,BINANCE,ETHUSDT,1563.66,1113.32592,2,1782401051450
2026-06-25T15:25:41.779Z,BINANCE,ETHUSDT,1564.92,148.6674,2,1782401107543
2026-06-25T15:25:41.779Z,BINANCE,ETHUSDT,1564.85,237.8572,2,1782401099475
2026-06-25T15:25:41.779Z,BINANCE,ETHUSDT,1565.13,234.7695,2,1782401082472
2026-06-25T15:25:41.779Z,BINANCE,ETHUSDC,1563.19,3232.67692,2,1782401082189
2026-06-25T15:25:41.779Z,BINANCE,ETHUSDT,1564.33,497.45694,2,1782401070355
2026-06-25T15:33:39.075Z,BINANCE,ETHUSDT,1558.55,48542.5983,1,1782401614325
2026-06-25T15:34:44.343Z,BINANCE,ETHUSDT,1558.69,3019.18253,1,1782401621473
2026-06-25T15:35:42.401Z,BINANCE,ETHUSDT,1558.77,135.61299,1,1782401696489
2026-06-25T15:36:56.072Z,BINANCE,ETHUSDT,1565.31,4697.49531,2,1782401786304
2026-06-25T15:36:56.072Z,BINANCE,ETHUSDT,1565,65571.935,2,1782401785552
2026-06-25T15:36:56.072Z,BINANCE,ETHUSDT,1565.5,173.7705,2,1782401784324
2026-06-25T15:39:17.597Z,BINANCE,ETHUSDT,1561.08,2269.81032,1,1782401943138
2026-06-25T15:40:21.182Z,BINANCE,ETHUSDT,1557.73,9756.06299,1,1782402012366
2026-06-25T15:40:21.182Z,BINANCE,ETHUSDT,1557.51,151.07847,1,1782402010331
2026-06-25T15:40:21.182Z,BINANCE,ETHUSDT,1558.29,165.17874,1,1782401991524
2026-06-25T15:41:29.381Z,BINANCE,ETHUSDT,1557.3,300.5589,1,1782402080594
2026-06-25T15:41:29.381Z,BINANCE,ETHUSDT,1557.01,158.81502,1,1782402079237
2026-06-25T15:41:29.381Z,BINANCE,ETHUSDT,1556.96,2215.55408,1,1782402078438
2026-06-25T15:41:29.381Z,BINANCE,ETHUSDT,1556.86,2022.36114,1,1782402075676
2026-06-25T15:41:29.381Z,BINANCE,ETHUSDT,1557.02,112.10544,1,1782402074293
2026-06-25T15:42:42.674Z,BINANCE,ETHUSDT,1556.14,596.00162,1,1782402144639
2026-06-25T15:42:42.674Z,BINANCE,ETHUSDT,1556.81,1164.49388,1,1782402136738
2026-06-25T15:43:56.402Z,BINANCE,ETHUSDT,1554.78,1533.01308,1,1782402173492
2026-06-25T15:43:56.402Z,BINANCE,ETHUSDT,1554.37,2490.10074,1,1782402171181
2026-06-25T15:43:56.402Z,BINANCE,ETHUSDT,1555.82,622.328,1,1782402166390
2026-06-25T15:43:56.402Z,BINANCE,ETHUSDT,1555.62,2568.32862,1,1782402164231
2026-06-25T15:43:56.402Z,BINANCE,ETHUSDT,1555.4,181.9818,1,1782402163085
2026-06-25T15:45:05.166Z,BINANCE,ETHUSDT,1559.29,770.28926,2,1782402298451
2026-06-25T15:45:05.166Z,BINANCE,ETHUSDT,1558.99,154.34001,2,1782402279479
2026-06-25T15:49:28.217Z,BINANCE,ETHUSDT,1564.84,383.3858,2,1782402378278
2026-06-25T15:49:28.217Z,BINANCE,ETHUSDT,1563.66,620.77302,2,1782402345615
2026-06-25T15:49:28.217Z,BINANCE,ETHUSDT,1561,3122,2,1782402325321
2026-06-25T15:49:28.217Z,BINANCE,ETHUSDT,1560.09,118.56684,2,1782402314278
2026-06-25T15:50:31.235Z,BINANCE,ETHUSDT,1560.4,1281.0884,1,1782402580598
2026-06-25T15:56:27.673Z,BINANCE,ETHUSDT,1567.03,28944.61113,2,1782402980589
2026-06-25T15:56:27.673Z,BINANCE,ETHUSDT,1567.03,711.43162,2,1782402980357
2026-06-25T15:56:27.673Z,BINANCE,ETHUSDT,1566.23,1915.49929,2,1782402966553
2026-06-25T15:57:31.946Z,BINANCE,ETHUSDT,1566.55,5653.67895,1,1782403038204
2026-06-25T15:57:31.946Z,BINANCE,ETHUSDC,1569.47,35165.54482,2,1782403006313
2026-06-25T15:57:31.946Z,BINANCE,ETHUSDT,1572.03,6061.74768,2,1782403005324
2026-06-25T15:57:31.946Z,BINANCE,ETHUSDT,1570.6,1784.2016,2,1782402999701
2026-06-25T15:57:31.946Z,BINANCE,ETHUSDC,1568.81,362.39511,2,1782402998600
2026-06-25T15:57:31.946Z,BINANCE,ETHUSDT,1570.85,101819.3553,2,1782402998381
2026-06-25T15:57:31.946Z,BINANCE,ETHUSDT,1571.45,9603.13095,2,1782402997589
2026-06-25T15:57:31.946Z,BINANCE,ETHUSDT,1571.16,78558,2,1782402996202
2026-06-25T16:01:30.191Z,BINANCE,ETHUSDT,1571.55,2212.7424,2,1782403235582
2026-06-25T16:01:30.191Z,BINANCE,ETHUSDT,1571.93,9103.04663,2,1782403233542
2026-06-25T16:07:05.899Z,BINANCE,ETHUSDC,1575.44,157381.72968,2,1782403622516
2026-06-25T16:07:05.899Z,BINANCE,ETHUSDT,1578.8,2606.5988,2,1782403619562
2026-06-25T16:07:05.899Z,BINANCE,ETHUSDT,1578.69,602331.80391,2,1782403619075
2026-06-25T16:07:05.899Z,BINANCE,ETHUSDC,1576.41,48417.85674,2,1782403618556
2026-06-25T16:07:05.899Z,BINANCE,ETHUSDT,1578.28,48323.77704,2,1782403618302
2026-06-25T16:07:05.899Z,BINANCE,ETHUSDC,1577.59,17135.78258,2,1782403616453
2026-06-25T16:07:05.899Z,BINANCE,ETHUSDT,1579.18,102.6467,2,1782403616062
2026-06-25T16:07:05.899Z,BINANCE,ETHUSDT,1576.54,7589.46356,2,1782403614710
2026-06-25T16:07:05.899Z,BINANCE,ETHUSDT,1574.04,2227.2666,2,1782403601211
2026-06-25T16:07:05.899Z,BINANCE,ETHUSDT,1574.84,15973.60212,2,1782403599667
2026-06-25T16:07:05.899Z,BINANCE,ETHUSDT,1574.19,3748.14639,2,1782403597055
2026-06-25T16:07:05.899Z,BINANCE,ETHUSDT,1573.78,1595.81292,2,1782403595301
2026-06-25T16:07:05.899Z,BINANCE,ETHUSDT,1573.64,396.55728,2,1782403592231
2026-06-25T16:07:05.899Z,BINANCE,ETHUSDT,1572.68,4634.68796,2,1782403590426
2026-06-25T16:07:05.899Z,BINANCE,ETHUSDT,1572.49,4717.47,2,1782403586420
2026-06-25T16:07:05.899Z,BINANCE,ETHUSDT,1572.95,1335.43455,2,1782403584675
2026-06-25T16:12:52.551Z,BINANCE,ETHUSDT,1578.2,4974.4864,1,1782403930590
2026-06-25T16:12:52.551Z,BINANCE,ETHUSDT,1580.25,2025.8805,1,1782403921401
2026-06-25T16:12:52.551Z,BINANCE,ETHUSDT,1580.18,13910.32454,1,1782403910473
2026-06-25T16:12:52.551Z,BINANCE,ETHUSDT,1580.59,202.31552,1,1782403909443
2026-06-25T16:12:52.551Z,BINANCE,ETHUSDC,1584.71,5185.17112,2,1782403863434
2026-06-25T16:12:52.551Z,BINANCE,ETHUSDT,1586.65,3192.3398,2,1782403863300
2026-06-25T16:12:52.551Z,BINANCE,ETHUSDC,1584.76,10300.94,2,1782403862377
2026-06-25T16:12:52.551Z,BINANCE,ETHUSDT,1584.98,12510.24714,2,1782403849489
2026-06-25T16:12:52.551Z,BINANCE,ETHUSDT,1585.29,3021.56274,2,1782403848494
2026-06-25T16:12:52.551Z,BINANCE,ETHUSDT,1586.25,2062.125,2,1782403846481
2026-06-25T16:12:52.551Z,BINANCE,ETHUSDT,1585.57,68217.56368,2,1782403845428
2026-06-25T16:12:52.551Z,BINANCE,ETHUSDT,1584.31,11318.31064,2,1782403836179
2026-06-25T16:12:52.551Z,BINANCE,ETHUSDT,1584.49,768.47765,2,1782403833228
2026-06-25T16:12:52.551Z,BINANCE,ETHUSDC,1581.98,605.89834,2,1782403801138
2026-06-25T16:12:52.551Z,BINANCE,ETHUSDT,1583.74,15778.80162,2,1782403800775
2026-06-25T16:12:52.551Z,BINANCE,ETHUSDT,1584.53,2595.46014,2,1782403799350
2026-06-25T16:12:52.551Z,BINANCE,ETHUSDT,1584.27,64082.13723,2,1782403798541
2026-06-25T16:12:52.551Z,BINANCE,ETHUSDC,1581.1,831.6586,2,1782403796476
2026-06-25T16:12:52.551Z,BINANCE,ETHUSDT,1582.86,474.858,2,1782403796119
2026-06-25T16:12:52.551Z,BINANCE,ETHUSDT,1582.25,30233.633,2,1782403795063
2026-06-25T16:12:52.551Z,BINANCE,ETHUSDT,1582.27,556.95904,2,1782403793207
2026-06-25T16:12:52.551Z,BINANCE,ETHUSDT,1581.42,544.00848,2,1782403791513
2026-06-25T16:12:52.551Z,BINANCE,ETHUSDT,1580.62,1501.589,2,1782403755116
2026-06-25T16:12:52.551Z,BINANCE,ETHUSDT,1580.83,790.415,2,1782403751656
2026-06-25T16:12:52.551Z,BINANCE,ETHUSDT,1580.84,4209.77692,2,1782403751138
2026-06-25T16:12:52.551Z,BINANCE,ETHUSDT,1580.82,5676.72462,2,1782403749430
2026-06-25T16:12:52.551Z,BINANCE,ETHUSDT,1580.65,2740.8471,2,1782403748468
2026-06-25T16:12:52.551Z,BINANCE,ETHUSDT,1580.37,3160.74,2,1782403748073
2026-06-25T16:12:52.551Z,BINANCE,ETHUSDT,1578.95,6664.74795,2,1782403744261
2026-06-25T16:12:52.551Z,BINANCE,ETHUSDC,1576.91,121.42207,2,1782403739369
2026-06-25T16:12:52.551Z,BINANCE,ETHUSDT,1577.44,7134.76112,2,1782403720397
2026-06-25T16:15:55.536Z,BINANCE,ETHUSDT,1575.74,371.87464,1,1782404134462
2026-06-25T16:15:55.536Z,BINANCE,ETHUSDT,1576.35,1242.1638,1,1782404123536
2026-06-25T16:15:55.536Z,BINANCE,ETHUSDT,1575.47,245.77332,1,1782404121567
2026-06-25T16:15:55.536Z,BINANCE,ETHUSDT,1577.49,3090.30291,1,1782404042504
2026-06-25T16:17:04.091Z,BINANCE,ETHUSDT,1574.77,242.51458,1,1782404172381
2026-06-25T16:17:04.091Z,BINANCE,ETHUSDT,1575.46,7478.70862,1,1782404160312
2026-06-25T16:21:42.858Z,BINANCE,ETHUSDT,1572.37,1617.96873,1,1782404499655
2026-06-25T16:21:42.858Z,BINANCE,ETHUSDT,1573.27,1074.54341,1,1782404491397
2026-06-25T16:23:01.171Z,BINANCE,ETHUSDT,1572.48,1061.424,1,1782404501512
2026-06-25T16:23:01.171Z,BINANCE,ETHUSDC,1570.59,75539.09664,1,1782404501430
2026-06-25T16:30:54.731Z,BINANCE,ETHUSDT,1568.07,417.10662,1,1782405040430
2026-06-25T16:30:54.731Z,BINANCE,ETHUSDC,1566.57,7784.28633,1,1782405036613
2026-06-25T16:30:54.731Z,BINANCE,ETHUSDT,1567.91,1981.83824,1,1782405035545
2026-06-25T16:30:54.731Z,BINANCE,ETHUSDT,1568.33,1546.37338,1,1782405034397
2026-06-25T16:30:54.731Z,BINANCE,ETHUSDT,1567.99,87487.57004,1,1782405033580
2026-06-25T16:30:54.731Z,BINANCE,ETHUSDT,1571.23,1244.41416,1,1782405021436
2026-06-25T16:30:54.731Z,BINANCE,ETHUSDT,1571.02,3721.74638,1,1782405019207
2026-06-25T16:30:54.731Z,BINANCE,ETHUSDT,1571.02,29755.1188,1,1782405018203
2026-06-25T16:30:54.731Z,BINANCE,ETHUSDT,1572.36,29945.5962,1,1782405010142
2026-06-25T16:34:43.061Z,BINANCE,ETHUSDT,1564.2,2992.3146,1,1782405204131
2026-06-25T16:34:43.061Z,BINANCE,ETHUSDT,1564.06,3128.12,1,1782405200349
2026-06-25T16:34:43.061Z,BINANCE,ETHUSDT,1563.98,31279.6,1,1782405199367
2026-06-25T16:34:43.061Z,BINANCE,ETHUSDT,1564.7,31294,1,1782405197167
2026-06-25T16:34:43.061Z,BINANCE,ETHUSDT,1565.67,5396.86449,1,1782405188508
2026-06-25T16:34:43.061Z,BINANCE,ETHUSDT,1566.1,2991.251,1,1782405122216
2026-06-25T16:34:43.061Z,BINANCE,ETHUSDT,1566.33,498.09294,1,1782405121105
2026-06-25T16:34:43.061Z,BINANCE,ETHUSDT,1566.9,40436.9883,1,1782405115259
2026-06-25T16:34:43.061Z,BINANCE,ETHUSDT,1568.31,219.5634,1,1782405093314
2026-06-25T16:34:43.061Z,BINANCE,ETHUSDT,1567.97,337.11355,1,1782405060247
2026-06-25T16:35:46.019Z,BINANCE,ETHUSDT,1564.89,1070.38476,1,1782405307325
2026-06-25T16:36:54.204Z,BINANCE,ETHUSDT,1568.32,5013.91904,2,1782405377196
2026-06-25T16:39:16.373Z,BINANCE,ETHUSDT,1562.45,137.4956,1,1782405552181
2026-06-25T16:39:16.373Z,BINANCE,ETHUSDT,1562.51,2193.76404,1,1782405551332
2026-06-25T16:39:16.373Z,BINANCE,ETHUSDT,1563.71,775.60016,1,1782405506388
2026-06-25T16:39:16.373Z,BINANCE,ETHUSDT,1563.35,17701.81205,1,1782405504215
2026-06-25T16:39:16.373Z,BINANCE,ETHUSDT,1563.35,5054.31055,1,1782405503085
2026-06-25T16:39:16.373Z,BINANCE,ETHUSDT,1564.01,299069.9922,1,1782405491384
2026-06-25T16:40:19.997Z,BINANCE,ETHUSDT,1561.83,454.49253,1,1782405570208
2026-06-25T16:41:28.153Z,BINANCE,ETHUSDT,1562.89,854.90083,1,1782405650377
2026-06-25T16:41:28.153Z,BINANCE,ETHUSDT,1561.74,990.14316,1,1782405639388
2026-06-25T16:41:28.153Z,BINANCE,ETHUSDT,1562.63,239.08239,1,1782405629674
2026-06-25T16:42:41.273Z,BINANCE,ETHUSDT,1561.54,582.45442,1,1782405720392
2026-06-25T16:46:06.980Z,BINANCE,ETHUSDT,1558.99,3358.06446,1,1782405945572
2026-06-25T16:46:06.980Z,BINANCE,ETHUSDT,1558.66,20262.58,1,1782405944356
2026-06-25T16:46:06.980Z,BINANCE,ETHUSDT,1559.29,308235.76933,1,1782405942336
2026-06-25T16:46:06.980Z,BINANCE,ETHUSDT,1559.56,2986.5574,1,1782405940640
2026-06-25T16:46:06.980Z,BINANCE,ETHUSDT,1560.62,1807.19796,1,1782405930454
2026-06-25T16:46:06.980Z,BINANCE,ETHUSDC,1558.86,3861.29622,1,1782405930270
2026-06-25T16:46:06.980Z,BINANCE,ETHUSDT,1560.62,74291.75448,1,1782405928120
2026-06-25T16:47:15.002Z,BINANCE,ETHUSDT,1557.84,1969.10976,1,1782406030418
2026-06-25T16:47:15.002Z,BINANCE,ETHUSDT,1557.92,44481.73184,1,1782405967085
2026-06-25T16:50:44.477Z,BINANCE,ETHUSDT,1561.74,6642.08022,2,1782406229506
2026-06-25T16:57:18.086Z,BINANCE,ETHUSDT,1557.49,15163.72264,1,1782406605574
2026-06-25T16:57:18.086Z,BINANCE,ETHUSDT,1557.81,133030.74276,1,1782406597477
2026-06-25T17:00:43.350Z,BINANCE,ETHUSDT,1562.07,727.92462,2,1782406823324
2026-06-25T17:00:43.350Z,BINANCE,ETHUSDT,1562.56,937.536,1,1782406819122
2026-06-25T17:00:43.350Z,BINANCE,ETHUSDT,1562.13,749.8224,2,1782406807680
2026-06-25T17:03:05.764Z,BINANCE,ETHUSDT,1559.01,699.99549,1,1782406975594
2026-06-25T17:03:05.764Z,BINANCE,ETHUSDT,1558.85,1855.0315,1,1782406973499
2026-06-25T17:04:18.969Z,BINANCE,ETHUSDT,1558.34,370.88492,1,1782407027463
2026-06-25T17:05:27.148Z,BINANCE,ETHUSDT,1557.25,149.496,1,1782407114437
2026-06-25T17:05:27.148Z,BINANCE,ETHUSDC,1555.49,332.87486,1,1782407112689
2026-06-25T17:05:27.148Z,BINANCE,ETHUSDT,1557.67,104.36389,1,1782407105716
2026-06-25T17:06:30.074Z,BINANCE,ETHUSDC,1555.38,525.71844,1,1782407170154
2026-06-25T17:06:30.074Z,BINANCE,ETHUSDT,1556.85,14449.12485,1,1782407161471
2026-06-25T17:08:51.167Z,BINANCE,ETHUSDT,1558.08,4674.24,1,1782407265633
2026-06-25T17:11:07.808Z,BINANCE,ETHUSDT,1568.3,40225.3267,2,1782407465310
2026-06-25T17:11:07.808Z,BINANCE,ETHUSDT,1567.46,2805.7534,2,1782407464191
2026-06-25T17:11:07.808Z,BINANCE,ETHUSDT,1566.72,438.6816,2,1782407462470
2026-06-25T17:11:07.808Z,BINANCE,ETHUSDT,1565.56,1482.58532,2,1782407458045
2026-06-25T17:11:07.808Z,BINANCE,ETHUSDT,1564.37,1564.37,2,1782407449562
2026-06-25T17:11:07.808Z,BINANCE,ETHUSDT,1564.37,4852.67574,2,1782407449385
2026-06-25T17:11:07.808Z,BINANCE,ETHUSDT,1563,267760.656,2,1782407417235
2026-06-25T17:11:07.808Z,BINANCE,ETHUSDT,1563.13,1910.14486,2,1782407416140
2026-06-25T17:11:07.808Z,BINANCE,ETHUSDT,1562.61,2887.70328,2,1782407414534
2026-06-25T17:15:32.236Z,BINANCE,ETHUSDT,1572.47,2440.47344,2,1782407728323
2026-06-25T17:15:32.236Z,BINANCE,ETHUSDT,1571.46,4059.08118,2,1782407724072
2026-06-25T17:15:32.236Z,BINANCE,ETHUSDT,1570.79,45089.52695,2,1782407721514
2026-06-25T17:15:32.236Z,BINANCE,ETHUSDT,1569.56,318.62068,2,1782407715445
2026-06-25T17:15:32.236Z,BINANCE,ETHUSDT,1567.95,5680.68285,2,1782407481192
2026-06-25T17:15:32.236Z,BINANCE,ETHUSDT,1568.42,1825.64088,2,1782407475069
2026-06-25T17:17:42.882Z,BINANCE,ETHUSDT,1574.31,1409.00745,2,1782407780400
2026-06-25T17:17:42.882Z,BINANCE,ETHUSDT,1574.16,2586.34488,2,1782407778482
2026-06-25T17:17:42.882Z,BINANCE,ETHUSDT,1573.94,2009.92138,2,1782407735125
2026-06-25T17:17:42.882Z,BINANCE,ETHUSDT,1572.59,1165.28919,2,1782407731567
2026-06-25T17:17:42.882Z,BINANCE,ETHUSDT,1572.48,6069.7728,2,1782407730141
2026-06-25T17:18:56.123Z,BINANCE,ETHUSDT,1572.7,393.175,1,1782407870550
2026-06-25T17:21:39.776Z,BINANCE,ETHUSD_PERP,1561.69,480,1,1782408012052
2026-06-25T17:21:39.776Z,BINANCE,ETHUSDT,1564.31,156.431,1,1782408009543
2026-06-25T17:21:39.776Z,BINANCE,ETHUSDT,1565.1,12307.9464,1,1782408006257
2026-06-25T17:27:19.318Z,BINANCE,ETHUSDT,1571.42,155.57058,2,1782408411147
2026-06-25T17:27:19.318Z,BINANCE,ETHUSDT,1569.88,472.53388,2,1782408402247
2026-06-25T17:37:29.849Z,BINANCE,ETHUSDT,1573.43,10820.47811,2,1782408982215
2026-06-25T17:37:29.849Z,BINANCE,ETHUSDT,1572.78,16297.14636,2,1782408978289
2026-06-25T17:37:29.849Z,BINANCE,ETHUSDC,1570.81,3842.20126,2,1782408978138
2026-06-25T17:37:29.849Z,BINANCE,ETHUSDT,1573.06,15073.06092,2,1782408977402
2026-06-25T17:44:19.120Z,BINANCE,ETHUSDT,1570.26,449.09436,2,1782409437106
2026-06-25T17:45:27.217Z,BINANCE,ETHUSDT,1566.71,9423.76065,1,1782409507508
2026-06-25T17:46:30.148Z,BINANCE,ETHUSDT,1565.96,193923.78852,1,1782409550217
2026-06-25T17:47:43.802Z,BINANCE,ETHUSDT,1565.79,626.316,1,1782409604369
2026-06-25T17:48:52.031Z,BINANCE,ETHUSDT,1565.66,746.81982,1,1782409720093
2026-06-25T17:55:03.948Z,BINANCE,ETHUSDT,1571.77,245.19612,2,1782410036505
2026-06-25T17:57:14.989Z,BINANCE,ETHUSDT,1571.24,252.96964,2,1782410183402
2026-06-25T18:00:39.550Z,BINANCE,ETHUSDT,1574.33,776.14469,2,1782410403193
2026-06-25T18:00:39.550Z,BINANCE,ETHUSDT,1574.07,774.44244,2,1782410392486
2026-06-25T18:01:42.555Z,BINANCE,ETHUSDT,1576.35,483.93945,2,1782410479536
2026-06-25T18:01:42.555Z,BINANCE,ETHUSDT,1576.75,1516.8335,2,1782410478161
2026-06-25T18:01:42.555Z,BINANCE,ETHUSDT,1576.64,145.05088,2,1782410472287
2026-06-25T18:01:42.555Z,BINANCE,ETHUSDT,1576.68,15186.58176,2,1782410472172
2026-06-25T18:01:42.555Z,BINANCE,ETHUSDT,1575.66,7282.70052,2,1782410461344
2026-06-25T18:01:42.555Z,BINANCE,ETHUSDT,1575.15,2205.21,2,1782410438530
2026-06-25T18:03:53.524Z,BINANCE,ETHUSDT,1569.4,210994.8442,1,1782410569184
2026-06-25T18:11:46.261Z,BINANCE,ETHUSDT,1568.57,175.67984,1,1782411056782
2026-06-25T18:12:54.418Z,BINANCE,ETHUSDT,1567.71,3174.61275,1,1782411165616
2026-06-25T18:15:31.193Z,BINANCE,ETHUSDC,1562.51,107.81319,1,1782411253239
2026-06-25T18:15:31.193Z,BINANCE,ETHUSDT,1564.14,4387.4127,1,1782411252244
2026-06-25T18:15:31.193Z,BINANCE,ETHUSDT,1565.62,15656.2,1,1782411231409
2026-06-25T18:15:31.193Z,BINANCE,ETHUSDT,1566.22,2045.48332,1,1782411195814
2026-06-25T18:15:31.193Z,BINANCE,ETHUSDT,1566.9,5242.8474,1,1782411185750
2026-06-25T18:15:31.193Z,BINANCE,ETHUSDT,1566.6,87198.5226,1,1782411184417
2026-06-25T18:22:43.166Z,BINANCE,ETHUSDT,1569.37,210.29558,1,1782411747545
2026-06-25T18:22:43.166Z,BINANCE,ETHUSDT,1572.97,943.782,1,1782411644655
2026-06-25T18:22:43.166Z,BINANCE,ETHUSDT,1574.72,33982.4576,2,1782411548371
2026-06-25T18:22:43.166Z,BINANCE,ETHUSDC,1572.36,61666.38684,2,1782411547667
2026-06-25T18:22:43.166Z,BINANCE,ETHUSDT,1574.67,14340.51969,2,1782411545613
2026-06-25T18:22:43.166Z,BINANCE,ETHUSDT,1573.7,3106.4838,2,1782411543412
2026-06-25T18:22:43.166Z,BINANCE,ETHUSDT,1568.33,125.4664,2,1782411530877
2026-06-25T18:29:26.981Z,BINANCE,ETHUSDT,1573.05,224.94615,2,1782412144559
2026-06-25T18:31:43.402Z,BINANCE,ETHUSDT,1569.38,221.28258,1,1782412259806
2026-06-25T18:37:21.179Z,BINANCE,ETHUSDT,1560.91,7804.55,1,1782412505135
2026-06-25T18:37:21.179Z,BINANCE,ETHUSDT,1561.16,3122.32,1,1782412496181
2026-06-25T18:37:21.179Z,BINANCE,ETHUSDT,1560.95,1912.16375,1,1782412494527
2026-06-25T18:37:21.179Z,BINANCE,ETHUSDT,1561.44,15614.4,1,1782412492412
2026-06-25T18:37:21.179Z,BINANCE,ETHUSDT,1561.55,852.6063,1,1782412490580
2026-06-25T18:37:21.179Z,BINANCE,ETHUSDT,1561.6,41852.4416,1,1782412489066
2026-06-25T18:37:21.179Z,BINANCE,ETHUSDT,1562.98,937.788,1,1782412474585
2026-06-25T18:37:21.179Z,BINANCE,ETHUSDT,1562.74,995.46538,1,1782412473417
2026-06-25T18:37:21.179Z,BINANCE,ETHUSDT,1562.57,2979.82099,1,1782412471585
2026-06-25T18:37:21.179Z,BINANCE,ETHUSDC,1560.79,240.36166,1,1782412471575
2026-06-25T18:37:21.179Z,BINANCE,ETHUSDT,1565.32,782.66,2,1782412387382
2026-06-25T18:40:40.296Z,BINANCE,ETHUSDC,1559.18,134.08948,1,1782412792114
2026-06-25T18:46:19.092Z,BINANCE,ETHUSDT,1562.57,1098.48671,1,1782413109389
2026-06-25T18:49:38.844Z,BINANCE,ETHUSDT,1565.19,1549.5381,2,1782413371359
2026-06-25T18:52:54.865Z,BINANCE,ETHUSDT,1567.26,413.75664,2,1782413570099
2026-06-25T18:54:08.091Z,BINANCE,ETHUSDT,1568.71,9608.34875,2,1782413594506
2026-06-25T18:54:08.091Z,BINANCE,ETHUSDT,1567.29,4408.78677,2,1782413581529
2026-06-25T19:04:05.842Z,BINANCE,ETHUSDT,1562.32,3621.45776,1,1782414207230
2026-06-25T19:04:05.842Z,BINANCE,ETHUSDT,1562.96,31882.82104,1,1782414186478
2026-06-25T19:05:19.154Z,BINANCE,ETHUSDT,1560.72,1576.3272,1,1782414306347
2026-06-25T19:05:19.154Z,BINANCE,ETHUSDT,1561.07,555.74092,1,1782414302133
2026-06-25T19:05:19.154Z,BINANCE,ETHUSDT,1561.38,1294.38402,1,1782414297259
2026-06-25T19:07:46.436Z,BINANCE,ETHUSDT,1560.09,8355.84204,1,1782414425313
2026-06-25T19:08:44.202Z,BINANCE,ETHUSDC,1557.6,250.7736,1,1782414521072
2026-06-25T19:08:44.202Z,BINANCE,ETHUSDT,1559.39,29277.54725,1,1782414520575
2026-06-25T19:13:16.886Z,BINANCE,ETHUSDT,1559.8,104296.027,1,1782414761447
2026-06-25T19:13:16.886Z,BINANCE,ETHUSDT,1559.5,3273.3905,1,1782414743376
2026-06-25T19:13:16.886Z,BINANCE,ETHUSDT,1559.7,779.85,1,1782414726243
2026-06-25T19:14:30.034Z,BINANCE,ETHUSDT,1556.7,3913.5438,1,1782414828554
2026-06-25T19:14:30.034Z,BINANCE,ETHUSDC,1555.01,695.08947,1,1782414827120
2026-06-25T19:14:30.034Z,BINANCE,ETHUSDT,1556.76,11112.15288,1,1782414826363
2026-06-25T19:14:30.034Z,BINANCE,ETHUSDT,1556.56,269812.55384,1,1782414824359
2026-06-25T19:14:30.034Z,BINANCE,ETHUSDT,1557.03,120816.18582,1,1782414823293
2026-06-25T19:14:30.034Z,BINANCE,ETHUSDT,1558.05,2204.64075,1,1782414822182
2026-06-25T19:14:30.034Z,BINANCE,ETHUSDT,1558.02,9894.98502,1,1782414819073
2026-06-25T19:14:30.034Z,BINANCE,ETHUSDT,1558.09,19602.33029,1,1782414816544
2026-06-25T19:14:30.034Z,BINANCE,ETHUSDC,1556.47,135.41289,1,1782414815461
2026-06-25T19:14:30.034Z,BINANCE,ETHUSDT,1558.52,1787.62244,1,1782414807281
2026-06-25T19:14:30.034Z,BINANCE,ETHUSDT,1558.65,8440.08975,1,1782414805094
2026-06-25T19:24:43.810Z,BINANCE,ETHUSDT,1555.08,845.96352,1,1782415441463
2026-06-25T19:24:43.810Z,BINANCE,ETHUSDT,1554.02,13420.51672,1,1782415440278
2026-06-25T19:24:43.810Z,BINANCE,ETHUSDT,1554.53,1554.53,1,1782415438409
2026-06-25T19:24:43.810Z,BINANCE,ETHUSDT,1555.01,27463.03161,1,1782415436393
2026-06-25T19:24:43.810Z,BINANCE,ETHUSDT,1555.02,7437.66066,1,1782415436113
2026-06-25T19:24:43.810Z,BINANCE,ETHUSDT,1555.26,1671.9045,1,1782415433355
2026-06-25T19:24:43.810Z,BINANCE,ETHUSDC,1553.86,601.34382,1,1782415432761
2026-06-25T19:24:43.810Z,BINANCE,ETHUSDT,1555.64,18563.45212,1,1782415432473
2026-06-25T19:25:52.956Z,BINANCE,ETHUSDT,1560.09,1257.43254,2,1782415527144
2026-06-25T19:25:52.956Z,BINANCE,ETHUSDT,1560.29,3451.36148,2,1782415526044
2026-06-25T19:25:52.956Z,BINANCE,ETHUSDT,1556.99,759.81112,1,1782415511499
2026-06-25T19:25:52.956Z,BINANCE,ETHUSDT,1556.66,165.00596,1,1782415499074
2026-06-25T19:28:07.331Z,BINANCE,ETHUSDT,1559.38,973.05312,1,1782415614359
2026-06-25T19:31:27.669Z,BINANCE,ETHUSDT,1560.72,2907.62136,2,1782415820130
2026-06-25T19:34:57.103Z,BINANCE,ETHUSDT,1561.42,106.17656,2,1782416083100
2026-06-25T19:34:57.103Z,BINANCE,ETHUSDT,1561.33,7214.90593,2,1782416072389
2026-06-25T19:36:05.505Z,BINANCE,ETHUSDT,1560.89,3121.78,1,1782416108207
2026-06-25T19:36:05.505Z,BINANCE,ETHUSDT,1561.7,482.5653,2,1782416096376
2026-06-25T19:45:27.827Z,BINANCE,ETHUSDT,1556.58,2078.0343,1,1782416707338
2026-06-25T19:46:30.709Z,BINANCE,ETHUSDT,1555.63,1373.62129,1,1782416756426
2026-06-25T19:47:43.786Z,BINANCE,ETHUSDT,1555.42,31108.4,1,1782416808787
2026-06-25T19:47:43.786Z,BINANCE,ETHUSDT,1555.77,1846.69899,1,1782416802344
2026-06-25T19:48:52.024Z,BINANCE,ETHUSDT,1554.43,65037.3512,1,1782416914171
2026-06-25T19:55:31.191Z,BINANCE,ETHUSDT,1559.35,581.63755,2,1782417303080
2026-06-25T20:01:08.872Z,BINANCE,ETHUSDT,1562.77,636.04739,2,1782417664050
2026-06-25T20:01:08.872Z,BINANCE,ETHUSDT,1561.39,1767.49348,2,1782417628775
2026-06-25T20:02:18.346Z,BINANCE,ETHUSDC,1566.17,29475.3194,2,1782417697218
2026-06-25T20:02:18.346Z,BINANCE,ETHUSDT,1568.3,2788.4374,2,1782417696527
2026-06-25T20:02:18.346Z,BINANCE,ETHUSDT,1568.84,4706.52,2,1782417695090
2026-06-25T20:02:18.346Z,BINANCE,ETHUSDT,1567.57,18589.81263,2,1782417685534
2026-06-25T20:02:18.346Z,BINANCE,ETHUSDT,1567.32,719.39988,2,1782417682060
2026-06-25T20:02:18.346Z,BINANCE,ETHUSDT,1567.28,4300.61632,2,1782417680421
2026-06-25T20:02:18.346Z,BINANCE,ETHUSDT,1566.6,1447.5384,2,1782417679123
2026-06-25T20:02:18.346Z,BINANCE,ETHUSDC,1563.25,533.06825,2,1782417672505
2026-06-25T20:02:18.346Z,BINANCE,ETHUSDC,1562.49,1326.55401,2,1782417670355
2026-06-25T20:02:18.346Z,BINANCE,ETHUSDT,1564.28,14478.97568,2,1782417670221
2026-06-25T20:02:18.346Z,BINANCE,ETHUSDT,1564.99,30077.54281,2,1782417669516
2026-06-25T20:02:18.346Z,BINANCE,ETHUSDT,1564.61,77226.02038,2,1782417667714
2026-06-25T20:02:18.346Z,BINANCE,ETHUSDT,1563.5,758.2975,2,1782417666401
2026-06-25T20:05:44.749Z,BINANCE,ETHUSDT,1565.15,26806.32405,1,1782417786332
2026-06-25T20:08:06.662Z,BINANCE,ETHUSDT,1567.92,686.74896,1,1782418044517
2026-06-25T20:31:54.981Z,BINANCE,ETHUSDT,1564.11,279.97569,1,1782419469492
2026-06-25T20:33:04.225Z,BINANCE,ETHUSDT,1559.92,4679.76,1,1782419548254
2026-06-25T20:33:04.225Z,BINANCE,ETHUSDC,1558.36,400.49852,1,1782419530297
2026-06-25T20:33:04.225Z,BINANCE,ETHUSDT,1560.09,7619.47956,1,1782419529831
2026-06-25T20:33:04.225Z,BINANCE,ETHUSDT,1560.01,591.24379,1,1782419528564
2026-06-25T20:33:04.225Z,BINANCE,ETHUSDC,1558.25,497.08175,1,1782419527808
2026-06-25T20:33:04.225Z,BINANCE,ETHUSDT,1562.28,158005.87464,1,1782419520661
2026-06-25T20:33:04.225Z,BINANCE,ETHUSDT,1561.81,1093.267,1,1782419519046
2026-06-25T20:36:07.256Z,BINANCE,ETHUSDT,1564.16,239.31648,2,1782419706334
2026-06-25T20:40:30.051Z,BINANCE,ETHUSDT,1561.28,6669.78816,1,1782420005513
2026-06-25T20:41:43.331Z,BINANCE,ETHUSDT,1560.43,466.56857,1,1782420100194
2026-06-25T20:48:32.465Z,BINANCE,ETHUSDC,1558.44,5777.13708,1,1782420491064
2026-06-25T20:48:32.465Z,BINANCE,ETHUSDT,1561.19,7805.95,1,1782420440360
2026-06-25T20:49:40.516Z,BINANCE,ETHUSDT,1558.48,395.85392,1,1782420564337
2026-06-25T20:49:40.516Z,BINANCE,ETHUSDT,1558.65,7065.36045,1,1782420557615
2026-06-25T20:49:40.516Z,BINANCE,ETHUSD_PERP,1555.84,3200,1,1782420557107
2026-06-25T20:49:40.516Z,BINANCE,ETHUSDT,1558.95,26997.8961,1,1782420548340
2026-06-25T20:55:21.134Z,BINANCE,ETHUSDT,1556.03,122.92637,1,1782420911374
2026-06-25T21:02:19.679Z,BINANCE,ETHUSDT,1560.5,126.4005,2,1782421321174
2026-06-25T21:25:56.552Z,BINANCE,ETHUSDT,1565.39,78867.47898,2,1782422738423
2026-06-25T21:29:15.660Z,BINANCE,ETHUSDT,1567.82,5647.28764,2,1782422914406
2026-06-25T21:33:32.661Z,BINANCE,ETHUSDT,1570.58,3362.61178,2,1782423193574
2026-06-25T21:33:32.661Z,BINANCE,ETHUSDT,1571.71,2346.56303,2,1782423190263
2026-06-25T21:33:32.661Z,BINANCE,ETHUSDT,1571.56,1568.41688,2,1782423185537
2026-06-25T21:33:32.661Z,BINANCE,ETHUSDT,1571.59,7072.155,2,1782423184259
2026-06-25T21:33:32.661Z,BINANCE,ETHUSDT,1571.2,348.8064,2,1782423183191
2026-06-25T21:33:32.661Z,BINANCE,ETHUSDC,1568.91,2546.34093,2,1782423182457
2026-06-25T21:33:32.661Z,BINANCE,ETHUSDT,1570.91,606.37126,2,1782423181365
2026-06-25T21:33:32.661Z,BINANCE,ETHUSDT,1570.91,3275.34735,2,1782423180239
2026-06-25T21:33:32.661Z,BINANCE,ETHUSDT,1569.73,505.45306,2,1782423155497
2026-06-25T21:33:32.661Z,BINANCE,ETHUSDT,1569.99,200445.33327,2,1782423153192
2026-06-25T21:34:41.150Z,BINANCE,ETHUSDT,1574.17,11943.22779,2,1782423275475
2026-06-25T21:34:41.150Z,BINANCE,ETHUSDT,1573.39,486.17751,2,1782423258647
2026-06-25T21:34:41.150Z,BINANCE,ETHUSDT_260626,1575.92,118.194,2,1782423256301
2026-06-25T21:34:41.150Z,BINANCE,ETHUSDT,1573.33,3746.09873,2,1782423255472
2026-06-25T21:34:41.150Z,BINANCE,ETHUSDT,1572.44,114.78812,2,1782423251422
2026-06-25T21:34:41.150Z,BINANCE,ETHUSDT,1572.08,394.59208,2,1782423224057
2026-06-25T21:37:42.308Z,BINANCE,ETHUSDT,1574.78,314.956,2,1782423424052
2026-06-25T21:37:42.308Z,BINANCE,ETHUSDT,1576.31,7881.55,2,1782423362587
2026-06-25T21:37:42.308Z,BINANCE,ETHUSDT,1576.24,4139.20624,2,1782423361626
2026-06-25T21:37:42.308Z,BINANCE,ETHUSDT,1576.72,4730.16,2,1782423360388
2026-06-25T21:37:42.308Z,BINANCE,ETHUSDT,1574.45,369.99575,2,1782423348579
2026-06-25T21:37:42.308Z,BINANCE,ETHUSD_PERP,1571.76,8400,2,1782423348123
2026-06-25T21:54:18.692Z,BINANCE,ETHUSDT,1577.66,32147.97782,2,1782424423313
2026-06-25T21:54:18.692Z,BINANCE,ETHUSDT,1576.94,506.19774,2,1782424394138
2026-06-25T21:55:26.821Z,BINANCE,ETHUSDT,1578.63,202.06464,2,1782424488470
2026-06-25T21:55:26.821Z,BINANCE,ETHUSDT,1579.28,226402.42224,2,1782424487202
2026-06-25T21:55:26.821Z,BINANCE,ETHUSD_PERP,1576.48,2880,2,1782424486087
2026-06-25T21:55:26.821Z,BINANCE,ETHUSDC,1576.49,157649,2,1782424483362
2026-06-25T21:55:26.821Z,BINANCE,ETHUSDT,1578.31,3764.26935,2,1782424482570
2026-06-25T21:57:42.988Z,BINANCE,ETHUSDT,1580.72,3322.67344,2,1782424660362
2026-06-25T21:57:42.988Z,BINANCE,ETHUSDT,1580.51,1529.93368,2,1782424658517
2026-06-25T21:57:42.988Z,BINANCE,ETHUSDT,1580.65,652.80845,2,1782424657325
2026-06-25T21:57:42.988Z,BINANCE,ETHUSDT,1580.6,583639.7112,2,1782424657261
2026-06-25T21:57:42.988Z,BINANCE,ETHUSDT,1580.19,1580.19,2,1782424654508
2026-06-25T21:57:42.988Z,BINANCE,ETHUSDC,1578.11,184.63887,2,1782424654235
2026-06-25T21:57:42.988Z,BINANCE,ETHUSDT,1580.1,5367.5997,2,1782424654156
2026-06-25T21:57:42.988Z,BINANCE,ETHUSDT,1580.58,475.75458,2,1782424651900
2026-06-25T21:58:56.303Z,BINANCE,ETHUSDC,1579.57,219.56023,2,1782424713183
2026-06-25T21:58:56.303Z,BINANCE,ETHUSDT,1581.42,2349.99012,2,1782424712452
2026-06-25T21:58:56.303Z,BINANCE,ETHUSDT,1581.21,150.21495,2,1782424706216
2026-06-25T21:58:56.303Z,BINANCE,ETHUSDT,1581.14,2371.71,2,1782424682214
2026-06-25T21:58:56.303Z,BINANCE,ETHUSDT,1581.29,39258.68683,2,1782424681159
2026-06-25T21:58:56.303Z,BINANCE,ETHUSDT,1580.8,47515.6864,2,1782424672242
2026-06-25T21:58:56.303Z,BINANCE,ETHUSDT,1581.09,181852.22853,2,1782424670489
2026-06-25T22:03:31.322Z,BINANCE,ETHUSDT,1582.57,644.10599,2,1782424988350
2026-06-25T22:10:40.365Z,BINANCE,ETHUSDT,1571.46,204277.22832,1,1782425427432
2026-06-25T22:10:40.365Z,BINANCE,ETHUSDT,1572.45,2909.0325,1,1782425423632
2026-06-25T22:10:40.365Z,BINANCE,ETHUSDT,1572.57,84519.34722,1,1782425420656
2026-06-25T22:10:40.365Z,BINANCE,ETHUSDT,1573.61,1921.37781,1,1782425418263
2026-06-25T22:10:40.365Z,BINANCE,ETHUSDT,1575.19,798.62133,1,1782425406257
2026-06-25T22:11:54.841Z,BINANCE,ETHUSDT,1571.17,8179.51102,1,1782425438376
2026-06-25T22:14:57.048Z,BINANCE,ETHUSDT,1569.91,17600.26101,1,1782425691789
2026-06-25T22:16:05.165Z,BINANCE,ETHUSDT,1569.33,4430.21859,1,1782425699674
2026-06-25T22:19:19.065Z,BINANCE,ETHUSDT,1568.95,3641.53295,1,1782425951403
2026-06-25T22:19:19.065Z,BINANCE,ETHBTC,0.026211,204.06655304,1,1782425901225
2026-06-25T22:20:32.343Z,BINANCE,ETHUSDT,1568.09,1662.1754,1,1782426020567
2026-06-25T22:20:32.343Z,BINANCE,ETHUSDT,1568,1568,1,1782426013586
2026-06-25T22:21:40.488Z,BINANCE,ETHUSDT,1567.25,5416.416,1,1782426047358
2026-06-25T22:21:40.488Z,BINANCE,ETHUSDT,1567.58,3031.69972,1,1782426040794
2026-06-25T22:22:43.313Z,BINANCE,ETHUSDT,1566.75,1511.91375,1,1782426126163
2026-06-25T22:23:52.666Z,BINANCE,ETHUSDT,1565.63,576.15184,1,1782426163109
2026-06-25T22:37:42.940Z,BINANCE,ETHUSDT,1571.66,977.57252,2,1782427009125
2026-06-25T22:37:42.940Z,BINANCE,ETHUSDT,1571.28,2202.93456,2,1782426994309
2026-06-25T22:53:20.892Z,BINANCE,ETHUSDT,1569.16,784.58,1,1782427955196
2026-06-25T22:55:42.177Z,BINANCE,ETHUSDT,1571.38,685.12168,2,1782428102316
2026-06-25T23:14:50.931Z,BINANCE,ETHUSDT,1571.96,418.14136,2,1782429264483
2026-06-25T23:17:07.345Z,BINANCE,ETHUSDT,1573.55,116.4427,2,1782429421124
2026-06-25T23:18:15.410Z,BINANCE,ETHUSDT,1575.17,522.95644,2,1782429472269
2026-06-25T23:18:15.410Z,BINANCE,ETHUSDT,1575.18,2209.97754,2,1782429471254
2026-06-25T23:19:18.347Z,BINANCE,ETHUSDT,1576.43,16314.47407,2,1782429542589
2026-06-25T23:19:18.347Z,BINANCE,ETHUSDT,1575.71,3783.27971,2,1782429519467
2026-06-25T23:23:40.535Z,BINANCE,ETHUSDT,1577.71,157.771,2,1782429788631
2026-06-25T23:23:40.535Z,BINANCE,ETHUSDT,1577.22,212.9247,2,1782429777168
2026-06-25T23:24:43.330Z,BINANCE,ETHUSDT,1577.9,716.3666,2,1782429836565
2026-06-25T23:28:02.317Z,BINANCE,ETHUSDC,1575.78,294.67086,2,1782430027460
2026-06-25T23:28:02.317Z,BINANCE,ETHUSDT,1577.48,484.28636,2,1782430027332
2026-06-25T23:29:05.260Z,BINANCE,ETHUSDT,1578.1,3045.733,2,1782430106336
2026-06-25T23:31:16.662Z,BINANCE,ETHUSDT,1578.46,620.33478,2,1782430248507
2026-06-25T23:40:15.951Z,BINANCE,ETHUSDT,1574.45,184.21065,1,1782430778812
2026-06-25T23:42:27.130Z,BINANCE,ETHUSDT,1573.99,1817.95845,1,1782430892316
2026-06-25T23:43:29.947Z,BINANCE,ETHUSDT,1573.26,5748.69204,1,1782430969400
2026-06-25T23:44:32.855Z,BINANCE,ETHUSDT,1570.19,3140.38,1,1782431053075
2026-06-25T23:44:32.855Z,BINANCE,ETHUSDT,1570.23,447.51555,1,1782431051567
2026-06-25T23:46:56.246Z,BINANCE,ETHUSDT,1569.74,4979.21528,1,1782431210106
2026-06-25T23:46:56.246Z,BINANCE,ETHUSDT,1569.77,62790.8,1,1782431140113
2026-06-25T23:48:04.245Z,BINANCE,ETHUSDT,1568.43,992.81619,1,1782431258531
2026-06-25T23:48:04.245Z,BINANCE,ETHUSDT,1569.09,138.07992,1,1782431231512
2026-06-25T23:51:28.723Z,BINANCE,ETHUSDT,1565.61,3402.07053,1,1782431470321
2026-06-25T23:51:28.723Z,BINANCE,ETHUSDT,1566.09,6510.23613,1,1782431468528
2026-06-25T23:51:28.723Z,BINANCE,ETHUSDT,1566.76,214.64612,1,1782431425622
2026-06-25T23:51:28.723Z,BINANCE,ETHUSDT,1567.15,1763.04375,1,1782431422074
2026-06-25T23:52:31.589Z,BINANCE,ETHUSDT,1565.4,474.3162,1,1782431511537
2026-06-25T23:52:31.589Z,BINANCE,ETHUSDT,1565.21,219.1294,1,1782431510144
2026-06-25T23:57:03.710Z,BINANCE,ETHUSDT,1563.58,57219.2101,1,1782431777354
2026-06-25T23:57:03.710Z,BINANCE,ETHUSDT,1564.43,74748.4654,1,1782431773604
2026-06-26T00:01:31.878Z,BINANCE,ETHUSDT,1569.4,147.5236,2,1782432067107
2026-06-26T00:14:42.469Z,BINANCE,ETHUSDT,1569.39,3138.78,1,1782432827294
2026-06-26T00:14:42.469Z,BINANCE,ETHUSDT,1569.21,189.87441,2,1782432821395
2026-06-26T00:33:29.986Z,BINANCE,ETHUSDT,1566.95,12099.9879,1,1782433967626
2026-06-26T00:54:54.241Z,BINANCE,ETHUSDT,1563.19,4639.54792,1,1782435286286
2026-06-26T00:54:54.241Z,BINANCE,ETHUSDT,1563.27,7922.65236,1,1782435284337
2026-06-26T00:54:54.241Z,BINANCE,ETHUSDT,1563.27,3692.44374,1,1782435283621
2026-06-26T00:54:54.241Z,BINANCE,ETHUSDT,1563.45,1660.3839,1,1782435283046
2026-06-26T01:05:18.411Z,BINANCE,ETHUSDT,1560.2,1853.5176,1,1782435914372
2026-06-26T01:05:18.411Z,BINANCE,ETHUSDT,1560.47,1125.09887,1,1782435913315
2026-06-26T01:05:18.411Z,BINANCE,ETHUSDT,1560.78,490.08492,1,1782435910528
2026-06-26T01:05:18.411Z,BINANCE,ETHUSDT,1560.58,1246.90342,1,1782435909231
2026-06-26T01:05:18.411Z,BINANCE,ETHUSDT,1561.29,747.85791,1,1782435900589
2026-06-26T01:05:18.411Z,BINANCE,ETHUSDC,1559.5,2200.4545,1,1782435900429
2026-06-26T01:05:18.411Z,BINANCE,ETHUSDT,1560.96,9067.61664,1,1782435900164
2026-06-26T01:05:18.411Z,BINANCE,ETHUSDT,1560.81,550.96593,1,1782435897136
2026-06-26T01:05:18.411Z,BINANCE,ETHUSDT,1561.72,4561.78412,1,1782435894195
2026-06-26T01:05:18.411Z,BINANCE,ETHUSDT,1561.84,6843.98288,1,1782435889411
2026-06-26T01:05:18.411Z,BINANCE,ETHUSDT,1562.01,17397.66738,1,1782435889275
2026-06-26T01:05:18.411Z,BINANCE,ETHUSDT,1562.09,2154.12211,1,1782435886509
2026-06-26T01:05:18.411Z,BINANCE,ETHUSDT_260626,1564.09,408.22749,1,1782435886378
2026-06-26T01:05:18.411Z,BINANCE,ETHUSDT,1562.15,781.075,1,1782435884480
2026-06-26T01:07:03.857Z,BINANCE,ETHUSDT,1558.63,12469.04,1,1782435988524
2026-06-26T01:07:03.857Z,BINANCE,ETHUSDT,1558.77,2006.13699,1,1782435981171
2026-06-26T01:07:03.857Z,BINANCE,ETHUSDT,1559.08,877.76204,1,1782435980082
2026-06-26T01:07:03.857Z,BINANCE,ETHUSDT,1559.54,11013.47148,1,1782435975566
2026-06-26T01:07:03.857Z,BINANCE,ETHUSDT,1559.69,140389.25659,1,1782435960786
2026-06-26T01:07:03.857Z,BINANCE,ETHUSDT,1559.54,747.01966,1,1782435935798
2026-06-26T01:07:03.857Z,BINANCE,ETHUSDC,1557.64,109.0348,1,1782435932068
2026-06-26T01:07:03.857Z,BINANCE,ETHUSDT,1559.44,3118.88,1,1782435931168
2026-06-26T01:07:03.857Z,BINANCE,ETHUSDT,1559.41,12475.28,1,1782435926550
2026-06-26T01:07:03.857Z,BINANCE,ETHUSDT,1560.09,43986.73755,1,1782435918578
2026-06-26T01:07:03.857Z,BINANCE,ETHUSDT,1560.06,410.29578,1,1782435917503
2026-06-26T01:09:30.025Z,BINANCE,ETHUSDT,1562.86,109.4002,2,1782436109616
2026-06-26T01:10:43.351Z,BINANCE,ETHUSDT,1562.6,689.1066,1,1782436230583
2026-06-26T01:11:51.396Z,BINANCE,ETHUSDT,1566.55,396.33715,2,1782436299511
2026-06-26T01:11:51.396Z,BINANCE,ETHUSDT,1566.66,4493.18088,2,1782436298466
2026-06-26T01:11:51.396Z,BINANCE,ETHUSDT,1566.76,5797.012,2,1782436297120
2026-06-26T01:11:51.396Z,BINANCE,ETHUSDT,1564.44,1232.77872,2,1782436271576
2026-06-26T01:24:16.000Z,BINANCE,ETHUSDT,1559.39,109.1573,1,1782437014599
2026-06-26T01:24:16.000Z,BINANCE,ETHUSDT,1559.8,131300.8444,1,1782437007535
2026-06-26T01:24:16.000Z,BINANCE,ETHUSDT,1559.18,1344.01316,1,1782437005827
2026-06-26T01:24:16.000Z,BINANCE,ETHUSDT,1561.61,296017.22999,1,1782437003063
2026-06-26T01:26:28.240Z,BINANCE,ETHUSDT,1558.71,854.17308,1,1782437144473
2026-06-26T01:26:28.240Z,BINANCE,ETHUSDT,1558.55,41963.95875,1,1782437135295
2026-06-26T01:26:28.240Z,BINANCE,ETHUSDT,1558.21,109.0747,1,1782437129464
2026-06-26T01:26:28.240Z,BINANCE,ETHUSDT,1559.56,1841.84036,1,1782437122282
2026-06-26T01:28:06.830Z,BINANCE,ETHUSDT,1559,994.642,1,1782437234819
2026-06-26T01:28:06.830Z,BINANCE,ETHUSDT,1558.28,12581.55272,1,1782437202207
2026-06-26T01:28:06.830Z,BINANCE,ETHUSDC,1556.3,238.1139,1,1782437201064
2026-06-26T01:28:06.830Z,BINANCE,ETHUSDT,1557.84,169.80456,1,1782437200051
2026-06-26T01:29:14.919Z,BINANCE,ETHUSDT,1557.14,1097.7837,1,1782437352263
2026-06-26T01:29:14.919Z,BINANCE,ETHUSDC,1555.71,278.47209,1,1782437349562
2026-06-26T01:29:14.919Z,BINANCE,ETHUSDT,1557.86,1285.2345,1,1782437337437
2026-06-26T01:29:14.919Z,BINANCE,ETHUSDT,1557.8,11484.1016,1,1782437331339
2026-06-26T01:30:18.083Z,BINANCE,ETHUSDT,1556.73,6925.89177,1,1782437360416
2026-06-26T01:30:18.083Z,BINANCE,ETHUSDT,1556.65,7758.3436,1,1782437359324
2026-06-26T01:30:18.083Z,BINANCE,ETHUSDT,1556.73,3113.46,1,1782437357146
2026-06-26T01:30:18.083Z,BINANCE,ETHUSDC,1555.52,172.66272,1,1782437352467
2026-06-26T01:31:31.411Z,BINANCE,ETHUSDT,1556.48,37146.95168,1,1782437447472
2026-06-26T01:32:39.497Z,BINANCE,ETHUSDT,1555.24,7776.2,1,1782437549117
2026-06-26T01:32:39.497Z,BINANCE,ETHUSDT,1555.55,17583.9372,1,1782437536377
2026-06-26T01:32:39.497Z,BINANCE,ETHUSDT,1556.25,5474.8875,1,1782437518329
2026-06-26T01:33:42.402Z,BINANCE,ETHUSDT,1554.87,998.22654,1,1782437589271
2026-06-26T01:33:42.402Z,BINANCE,ETHUSDT,1555.11,488.30454,1,1782437566239
2026-06-26T01:33:42.402Z,BINANCE,ETHUSDT,1555.29,8428.11651,1,1782437560598
2026-06-26T01:33:42.402Z,BINANCE,ETHUSDT,1554.95,3470.6484,1,1782437559098
2026-06-26T01:36:03.748Z,BINANCE,ETHUSDT,1556.4,297.2724,1,1782437749507
2026-06-26T01:38:19.906Z,BINANCE,ETHUSDT,1558.64,2492.26536,2,1782437828075
2026-06-26T01:51:41.814Z,BINANCE,ETHUSDT,1561.64,237.36928,2,1782438669283
2026-06-26T01:59:43.304Z,BINANCE,ETHUSDT,1557.83,4673.49,1,1782439131600
2026-06-26T02:03:13.016Z,BINANCE,ETHUSDT,1558.74,852.63078,1,1782439356073
2026-06-26T02:04:21.026Z,BINANCE,ETHUSDT,1559.88,15687.71316,1,1782439388560
2026-06-26T02:09:56.005Z,BINANCE,ETHUSDT,1554.32,680.79216,1,1782439788437
2026-06-26T02:09:56.005Z,BINANCE,ETHUSDC,1552.56,10662.98208,1,1782439788150
2026-06-26T02:09:56.005Z,BINANCE,ETHUSDT,1554.32,2331.48,1,1782439787403
2026-06-26T02:09:56.005Z,BINANCE,ETHUSDT,1554.77,4479.29237,1,1782439782450
2026-06-26T02:09:56.005Z,BINANCE,ETHUSDT,1554.77,2142.47306,1,1782439782319
2026-06-26T02:09:56.005Z,BINANCE,ETHUSDC,1554.24,1345.97184,1,1782439773776
2026-06-26T02:09:56.005Z,BINANCE,ETHUSDT,1556.34,149.40864,1,1782439770345
2026-06-26T02:11:04.251Z,BINANCE,ETHUSDC,1552.09,6498.60083,1,1782439823460
2026-06-26T02:11:04.251Z,BINANCE,ETHUSDT,1553.54,31070.8,1,1782439822743
2026-06-26T02:11:04.251Z,BINANCE,ETHUSDT,1553.33,24985.31305,1,1782439821548
2026-06-26T02:11:04.251Z,BINANCE,ETHUSD_PERP,1550.72,23570,1,1782439821131
2026-06-26T02:12:07.617Z,BINANCE,ETHUSDT,1547.1,36853.4691,1,1782439927065
2026-06-26T02:12:07.617Z,BINANCE,ETHUSDT,1547.83,311.11383,1,1782439924581
2026-06-26T02:12:07.617Z,BINANCE,ETHUSDT,1548.21,4962.01305,1,1782439921444
2026-06-26T02:12:07.617Z,BINANCE,ETHUSDT,1548.14,46444.2,1,1782439920597
2026-06-26T02:12:07.617Z,BINANCE,ETHUSDT,1548.11,246.14949,1,1782439916433
2026-06-26T02:12:07.617Z,BINANCE,ETHUSDC,1546.99,832.28062,1,1782439914146
2026-06-26T02:12:07.617Z,BINANCE,ETHUSDT,1548.11,89860.04495,1,1782439913472
2026-06-26T02:12:07.617Z,BINANCE,ETHUSDT,1548.02,29607.43052,1,1782439912127
2026-06-26T02:12:07.617Z,BINANCE,ETHUSDT,1548.04,23685.012,1,1782439911151
2026-06-26T02:12:07.617Z,BINANCE,ETHUSDC,1546.76,6187.04,1,1782439910342
2026-06-26T02:12:07.617Z,BINANCE,ETHUSDT,1549.22,2220.03226,1,1782439909599
2026-06-26T02:12:07.617Z,BINANCE,ETHUSDT,1549.29,26821.30848,1,1782439909188
2026-06-26T02:12:07.617Z,BINANCE,ETHUSDC,1547.7,5573.2677,1,1782439908598
2026-06-26T02:12:07.617Z,BINANCE,ETHUSDT,1549.37,29552.68338,1,1782439908405
2026-06-26T02:12:07.617Z,BINANCE,ETHUSD_PERP,1546.88,120,1,1782439908077
2026-06-26T02:12:07.617Z,BINANCE,ETHUSDT,1549.42,1230.23948,1,1782439906513
2026-06-26T02:12:07.617Z,BINANCE,ETHUSDT,1551.23,21062.60094,1,1782439905754
2026-06-26T02:12:07.617Z,BINANCE,ETHUSDC,1549.69,176.66466,1,1782439905631
2026-06-26T02:12:07.617Z,BINANCE,ETHUSDT,1551.44,13696.11232,1,1782439904124
2026-06-26T02:12:07.617Z,BINANCE,ETHUSDT,1551.63,56392.44072,1,1782439902516
2026-06-26T02:12:07.617Z,BINANCE,ETHUSDC,1550.06,3875.15,1,1782439902516
2026-06-26T02:12:07.617Z,BINANCE,ETHUSDT,1552.27,1698.18338,1,1782439901558
2026-06-26T02:12:07.617Z,BINANCE,ETHUSDT,1552.44,15524.4,1,1782439900783
2026-06-26T02:12:07.617Z,BINANCE,ETHUSDT,1552.42,201915.5073,1,1782439899457
2026-06-26T02:18:17.785Z,BINANCE,ETHUSDT,1535.02,45249.31956,2,1782440274200
2026-06-26T02:18:17.785Z,BINANCE,ETHUSDT,1534.93,4670.79199,2,1782440272071
2026-06-26T02:18:17.785Z,BINANCE,ETHUSDT,1531.92,888.5136,2,1782440237110
2026-06-26T02:18:17.785Z,BINANCE,ETHUSDT,1531.72,9809.13488,2,1782440234244
2026-06-26T02:18:17.785Z,BINANCE,ETHUSDT,1530.69,682.68774,2,1782440231823
2026-06-26T02:18:17.785Z,BINANCE,ETHUSDT,1529.92,1598.7664,2,1782440230422
2026-06-26T02:18:17.785Z,BINANCE,ETHUSD_PERP,1527.61,440,2,1782440230419
2026-06-26T02:18:17.785Z,BINANCE,ETHUSDT,1529.35,1004.78295,2,1782440227598
2026-06-26T02:18:17.785Z,BINANCE,ETHUSDT,1529.86,22632.74884,2,1782440225683
2026-06-26T02:18:17.785Z,BINANCE,ETHUSDT,1527.77,15175.33941,2,1782440223424
2026-06-26T02:18:17.785Z,BINANCE,ETHUSDT,1525.18,501.78422,2,1782440218479
2026-06-26T02:18:17.785Z,BINANCE,ETHUSDT,1525.14,613.10628,2,1782440218053
2026-06-26T02:18:17.785Z,BINANCE,ETHUSDT,1525.22,292.84224,2,1782440216257
2026-06-26T02:18:17.785Z,BINANCE,ETHUSDC,1518.49,23559.37235,1,1782440203645
2026-06-26T02:18:17.785Z,BINANCE,ETHUSDT,1520.08,142433.01608,1,1782440203178
2026-06-26T02:18:17.785Z,BINANCE,ETHUSDT,1519.23,49982.667,1,1782440202356
2026-06-26T02:18:17.785Z,BINANCE,ETHUSDT,1518.53,8186.39523,1,1782440201384
2026-06-26T02:18:17.785Z,BINANCE,ETHUSDC,1517.02,1541.29232,1,1782440201384
2026-06-26T02:18:17.785Z,BINANCE,ETHUSD_PERP,1516.16,350,1,1782440201106
2026-06-26T02:18:17.785Z,BINANCE,ETHUSDT,1518.64,32708.46832,1,1782440201057
2026-06-26T02:18:17.785Z,BINANCE,ETHUSDC,1517.48,4722.39776,1,1782440200268
2026-06-26T02:18:17.785Z,BINANCE,ETHUSDT,1519.06,172074.55962,1,1782440199627
2026-06-26T02:18:17.785Z,BINANCE,ETHUSDC,1517.82,2892.96492,1,1782440199361
2026-06-26T02:18:17.785Z,BINANCE,ETHUSDT,1519.34,12189.66482,1,1782440198558
2026-06-26T02:18:17.785Z,BINANCE,ETHUSD_PERP,1517.44,6400,1,1782440198036
2026-06-26T02:18:17.785Z,BINANCE,ETHUSDT,1521.47,8629.77784,1,1782440191584
2026-06-26T02:18:17.785Z,BINANCE,ETHUSDT,1520.17,27363.06,1,1782440189677
2026-06-26T02:18:17.785Z,BINANCE,ETHUSDC,1518.55,759.275,1,1782440189498
2026-06-26T02:18:17.785Z,BINANCE,ETHUSDT,1520.38,45535.381,1,1782440189057
2026-06-26T02:18:17.785Z,BINANCE,ETHUSDC,1518.55,5652.0431,1,1782440188361
2026-06-26T02:18:17.785Z,BINANCE,ETHUSDT,1520.29,4840.60336,1,1782440187260
2026-06-26T02:18:17.785Z,BINANCE,ETHUSDT,1520.87,41890.84328,1,1782440183575
2026-06-26T02:18:17.785Z,BINANCE,ETHUSDT,1521.59,77197.86865,1,1782440183068
2026-06-26T02:18:17.785Z,BINANCE,ETHUSDT,1520.96,141637.87904,1,1782440182172
2026-06-26T02:18:17.785Z,BINANCE,ETHUSDT,1520.35,15203.5,1,1782440181305
2026-06-26T02:18:17.785Z,BINANCE,ETHUSDT,1525.05,1123.96185,1,1782440173812
2026-06-26T02:18:17.785Z,BINANCE,ETHUSDT,1525.07,1049.24816,1,1782440172467
2026-06-26T02:18:17.785Z,BINANCE,ETHUSDT,1529.46,1010.97306,2,1782440123789
2026-06-26T02:18:17.785Z,BINANCE,ETHUSDT,1528.76,97729.04052,2,1782440120350
2026-06-26T02:18:17.785Z,BINANCE,ETHUSDT,1521.08,1020.64468,1,1782440093625
2026-06-26T02:18:17.785Z,BINANCE,ETHUSDT,1520.95,3484.49645,1,1782440093389
2026-06-26T02:18:17.785Z,BINANCE,ETHUSDT,1520.82,1470.63294,1,1782440090369
2026-06-26T02:18:17.785Z,BINANCE,ETHUSDC,1519.06,455.718,1,1782440090219
2026-06-26T02:18:17.785Z,BINANCE,ETHUSDT,1520.89,480.60124,1,1782440088499
2026-06-26T02:18:17.785Z,BINANCE,ETHUSDC,1519.13,6649.23201,1,1782440088382
2026-06-26T02:18:17.785Z,BINANCE,ETHUSDT,1520.89,6460.74072,1,1782440088382
2026-06-26T02:18:17.785Z,BINANCE,ETHUSDT,1521.47,1766.42667,1,1782440086095
2026-06-26T02:18:17.785Z,BINANCE,ETHUSDT,1522.23,55692.30678,1,1782440081507
2026-06-26T02:18:17.785Z,BINANCE,ETHUSDT,1522.3,6049.6202,1,1782440081318
2026-06-26T02:18:17.785Z,BINANCE,ETHUSDC,1520.15,1520.15,1,1782440080146
2026-06-26T02:18:17.785Z,BINANCE,ETHUSDT,1523.12,226.94488,1,1782440060552
2026-06-26T02:18:17.785Z,BINANCE,ETHUSDT,1527.16,910.18736,2,1782440051557
2026-06-26T02:18:17.785Z,BINANCE,ETHUSDT,1527.75,9166.5,2,1782440048582
2026-06-26T02:18:17.785Z,BINANCE,ETHUSDT,1527.84,4974.64704,2,1782440047385
2026-06-26T02:18:17.785Z,BINANCE,ETHUSDT,1523.75,5506.8325,1,1782440041388
2026-06-26T02:18:17.785Z,BINANCE,ETHUSDC,1520.08,62891.78992,1,1782440040280
2026-06-26T02:18:17.785Z,BINANCE,ETHUSDT,1521.9,58949.2746,1,1782440040280
2026-06-26T02:18:17.785Z,BINANCE,ETHUSD_PERP,1519.09,2530,1,1782440040034
2026-06-26T02:18:17.785Z,BINANCE,ETHUSDT,1522.59,978152.92593,1,1782440036627
2026-06-26T02:18:17.785Z,BINANCE,ETHUSD_PERP,1520.18,28400,1,1782440028033
2026-06-26T02:18:17.785Z,BINANCE,ETHUSDT,1522.13,2024.4329,1,1782440027046
2026-06-26T02:18:17.785Z,BINANCE,ETHUSDT,1524.04,4975.9906,1,1782440025522
2026-06-26T02:18:17.785Z,BINANCE,ETHUSDT,1521.87,76093.5,1,1782440024323
2026-06-26T02:18:17.785Z,BINANCE,ETHUSDC,1520.33,152033,1,1782440024133
2026-06-26T02:18:17.785Z,BINANCE,ETHUSDC,1519.78,19757.14,1,1782440022668
2026-06-26T02:18:17.785Z,BINANCE,ETHUSDT,1521.2,53906.7644,1,1782440022631
2026-06-26T02:18:17.785Z,BINANCE,ETHUSDT_260626,1523.06,522.40958,1,1782440022309
2026-06-26T02:18:17.785Z,BINANCE,ETHUSDT,1521.97,905226.66281,1,1782440022278
2026-06-26T02:18:17.785Z,BINANCE,ETHUSDT,1521.1,189862.1809,1,1782440021250
2026-06-26T02:18:17.785Z,BINANCE,ETHUSDC,1519.85,45595.5,1,1782440021171
2026-06-26T02:18:17.785Z,BINANCE,ETHUSD_PERP,1519.41,5670,1,1782440021067
2026-06-26T02:18:17.785Z,BINANCE,ETHUSD_PERP,1521.29,200,1,1782440019082
2026-06-26T02:18:17.785Z,BINANCE,ETHUSD_PERP,1521.28,59050,1,1782440018068
2026-06-26T02:18:17.785Z,BINANCE,ETHUSDT,1521.53,207859.25636,1,1782440017654
2026-06-26T02:18:17.785Z,BINANCE,ETHUSDC,1520.19,6102.04266,1,1782440017642
2026-06-26T02:18:17.785Z,BINANCE,ETHUSDT,1522.24,5023392,1,1782440016822
2026-06-26T02:18:17.785Z,BINANCE,ETHUSDC,1522.45,68510.25,1,1782440016372
2026-06-26T02:18:17.785Z,BINANCE,ETHUSD_PERP,1521.43,150,1,1782440016039
2026-06-26T02:18:17.785Z,BINANCE,ETHUSDT,1523.14,2418313.74824,1,1782440015821
2026-06-26T02:18:17.785Z,BINANCE,ETHUSDC,1523.55,99030.75,1,1782440015579
2026-06-26T02:18:17.785Z,BINANCE,ETHUSDT,1523.6,11439188.8,1,1782440015182
2026-06-26T02:18:17.785Z,BINANCE,ETHUSD_260626,1521.92,170,1,1782440015124
2026-06-26T02:18:17.785Z,BINANCE,ETHUSD_PERP,1523.74,15500,1,1782440015030
2026-06-26T02:18:17.785Z,BINANCE,ETHUSDT_260626,1528.25,3027.46325,1,1782440014634
2026-06-26T02:18:17.785Z,BINANCE,ETHUSDT_260925,1531.22,765.61,1,1782440014590
2026-06-26T02:18:17.785Z,BINANCE,ETHUSDC,1525.62,12204.96,1,1782440014366
2026-06-26T02:18:17.785Z,BINANCE,ETHUSDT,1526.21,46485.30418,1,1782440013596
2026-06-26T02:18:17.785Z,BINANCE,ETHUSDT,1526.69,59511.90289,1,1782440013291
2026-06-26T02:18:17.785Z,BINANCE,ETHUSD_PERP,1521.31,1000,1,1782440013081
2026-06-26T02:18:17.785Z,BINANCE,ETHUSDC,1525.56,762.78,1,1782440012830
2026-06-26T02:18:17.785Z,BINANCE,ETHUSDC,1529.86,4589.58,1,1782440011624
2026-06-26T02:18:17.785Z,BINANCE,ETHUSDT,1531.46,15688.27624,1,1782440011516
2026-06-26T02:18:17.785Z,BINANCE,ETHUSDT,1533.14,17943.87056,1,1782440010383
2026-06-26T02:18:17.785Z,BINANCE,ETHUSDT,1532.86,453.72656,1,1782440009414
2026-06-26T02:18:17.785Z,BINANCE,ETHUSDT,1533.97,61358.8,1,1782440004743
2026-06-26T02:18:17.785Z,BINANCE,ETHUSDT,1533.77,3961.72791,1,1782440003650
2026-06-26T02:18:17.785Z,BINANCE,ETHUSDC,1532.07,3280.16187,1,1782440002494
2026-06-26T02:18:17.785Z,BINANCE,ETHUSDT,1533.4,11173.8858,1,1782440001790
2026-06-26T02:18:17.785Z,BINANCE,ETHUSDT,1533.21,45996.3,1,1782440001164
2026-06-26T02:18:17.785Z,BINANCE,ETHUSDC,1532.08,8921.30184,1,1782440000622
2026-06-26T02:18:17.785Z,BINANCE,ETHUSDT,1534.07,6737.63544,1,1782439999706
2026-06-26T02:18:17.785Z,BINANCE,ETHUSDT,1535.38,26770.88568,1,1782439998242
2026-06-26T02:18:17.785Z,BINANCE,ETHUSDT,1535.43,77744.96262,1,1782439997498
2026-06-26T02:18:17.785Z,BINANCE,ETHUSD_PERP,1532.69,2180,1,1782439997080
2026-06-26T02:18:17.785Z,BINANCE,ETHUSDT,1536.08,4015.31312,1,1782439992482
2026-06-26T02:18:17.785Z,BINANCE,ETHUSDT,1536.34,69391.86878,1,1782439991304
2026-06-26T02:18:17.785Z,BINANCE,ETHUSDT,1536.1,1562.2137,1,1782439990442
2026-06-26T02:18:17.785Z,BINANCE,ETHUSDT,1536.44,294535.548,1,1782439989432
2026-06-26T02:18:17.785Z,BINANCE,ETHUSDT,1536.45,688.3296,1,1782439987596
2026-06-26T02:18:17.785Z,BINANCE,ETHUSDC,1536.99,186436.887,1,1782439981528
2026-06-26T02:18:17.785Z,BINANCE,ETHUSDT,1537.65,18716.2758,1,1782439981089
2026-06-26T02:18:17.785Z,BINANCE,ETHUSDC,1536.57,19018.12689,1,1782439975729
2026-06-26T02:18:17.785Z,BINANCE,ETHUSDT,1537.66,314399.18956,1,1782439975574
2026-06-26T02:18:17.785Z,BINANCE,ETHUSDC,1536.45,30712.09905,1,1782439975183
2026-06-26T02:18:17.785Z,BINANCE,ETHUSDT,1538.18,152002.9476,1,1782439974512
2026-06-26T02:18:17.785Z,BINANCE,ETHUSDT,1538.15,374773.3238,1,1782439974279
2026-06-26T02:18:17.785Z,BINANCE,ETHUSDC,1535.93,1962.91854,1,1782439974145
2026-06-26T02:18:17.785Z,BINANCE,ETHUSDT,1538.08,273945.89072,1,1782439973372
2026-06-26T02:18:17.785Z,BINANCE,ETHUSDC,1534.5,8794.2195,1,1782439972272
2026-06-26T02:18:17.785Z,BINANCE,ETHUSD_PERP,1533.33,180,1,1782439972094
2026-06-26T02:18:17.785Z,BINANCE,ETHUSDT,1537.36,177023.92928,1,1782439971644
2026-06-26T02:18:17.785Z,BINANCE,ETHUSDT,1538.8,97603.0064,1,1782439970623
2026-06-26T02:18:17.785Z,BINANCE,ETHUSDC,1536.46,7682.3,1,1782439970581
2026-06-26T02:18:17.785Z,BINANCE,ETHUSDC,1539.11,4212.54407,1,1782439969451
2026-06-26T02:18:17.785Z,BINANCE,ETHUSDT,1541.2,6792.0684,1,1782439969375
2026-06-26T02:18:17.785Z,BINANCE,ETHUSDT,1542.55,50169.8962,1,1782439968433
2026-06-26T02:18:17.785Z,BINANCE,ETHUSDT,1542.66,25012.68924,1,1782439968299
2026-06-26T02:18:17.785Z,BINANCE,ETHUSDT,1543.05,4572.05715,1,1782439964608
2026-06-26T02:18:17.785Z,BINANCE,ETHUSDT,1543.53,1487.96292,1,1782439963120
2026-06-26T02:18:17.785Z,BINANCE,ETHUSDC,1542,491.898,1,1782439962120
2026-06-26T02:18:17.785Z,BINANCE,ETHUSDT,1543.37,208980.01485,1,1782439962075
2026-06-26T02:18:17.785Z,BINANCE,ETHUSDT,1544.16,23343.06672,1,1782439961442
2026-06-26T02:18:17.785Z,BINANCE,ETHUSDT,1542.87,5148.55719,1,1782439960048
2026-06-26T02:18:17.785Z,BINANCE,ETHUSDT,1546.28,15309.71828,1,1782439937528
2026-06-26T02:18:17.785Z,BINANCE,ETHUSDT,1546.12,86347.70976,1,1782439936475
2026-06-26T02:18:17.785Z,BINANCE,ETHUSDC,1544.48,6177.92,1,1782439936164
2026-06-26T02:18:17.785Z,BINANCE,ETHUSDT,1546.27,38656.75,1,1782439935063
2026-06-26T02:18:17.785Z,BINANCE,ETHUSDT,1547,4648.735,1,1782439932506
2026-06-26T02:18:17.785Z,BINANCE,ETHUSDT,1547.27,2440.04479,1,1782439931622
2026-06-26T02:18:17.785Z,BINANCE,ETHUSDC,1545.61,30912.2,1,1782439931534
2026-06-26T02:18:17.785Z,BINANCE,ETHUSDT,1546.8,1006.9668,1,1782439929327
2026-06-26T02:18:17.785Z,BINANCE,ETHUSDC,1545.13,10421.90185,1,1782439929225
2026-06-26T02:18:17.785Z,BINANCE,ETHUSDT,1546.75,30696.8005,1,1782439928427
2026-06-26T02:18:17.785Z,BINANCE,ETHUSDT,1547.01,40950.90171,1,1782439927458
2026-06-26T02:19:20.632Z,BINANCE,ETHUSDT,1529.09,35300.57174,1,1782440317436
2026-06-26T02:19:20.632Z,BINANCE,ETHUSDT,1528.9,6286.8368,1,1782440314496
2026-06-26T02:21:30.413Z,BINANCE,ETHUSDT,1526.88,696.25728,1,1782440453274
2026-06-26T02:21:30.413Z,BINANCE,ETHUSDT,1527.85,8937.9225,1,1782440420080
2026-06-26T02:22:51.420Z,BINANCE,ETHUSDT,1523.11,1309.8746,1,1782440500279
2026-06-26T02:22:51.420Z,BINANCE,ETHUSDT,1522.82,167.5102,1,1782440498736
2026-06-26T02:22:51.420Z,BINANCE,ETHUSDC,1521.12,6845.04,1,1782440498413
2026-06-26T02:22:51.420Z,BINANCE,ETHUSDT,1522.98,12482.34408,1,1782440497540
2026-06-26T02:22:51.420Z,BINANCE,ETHUSDT,1523.2,335.104,1,1782440495057
2026-06-26T02:22:51.420Z,BINANCE,ETHUSDT,1524.73,2322.16379,1,1782440492608
2026-06-26T02:22:51.420Z,BINANCE,ETHUSDT,1525.16,61364.8126,1,1782440490109
2026-06-26T02:23:54.384Z,BINANCE,ETHUSDT,1523.36,618.48416,1,1782440612478
2026-06-26T02:25:08.290Z,BINANCE,ETHUSDT,1526.39,219.80016,2,1782440692487
2026-06-26T02:25:08.290Z,BINANCE,ETHUSDT,1526.66,1517.50004,2,1782440690285
2026-06-26T02:25:08.290Z,BINANCE,ETHUSDT,1522.11,1520.58789,1,1782440665500
2026-06-26T02:25:08.290Z,BINANCE,ETHUSDT,1522.57,124.85074,1,1782440662607
2026-06-26T02:25:08.290Z,BINANCE,ETHUSDT,1521.99,156904.99308,1,1782440652358
2026-06-26T02:25:08.290Z,BINANCE,ETHUSDT,1522.89,127.92276,1,1782440646201
2026-06-26T02:26:16.354Z,BINANCE,ETHUSDT,1530.39,299.95644,2,1782440764670
2026-06-26T02:26:16.354Z,BINANCE,ETHUSDT,1525.12,893.72032,1,1782440711967
2026-06-26T02:27:19.286Z,BINANCE,ETHUSDT,1534.52,34894.9848,2,1782440830478
2026-06-26T02:27:19.286Z,BINANCE,ETHUSDT,1534.14,22820.3325,2,1782440829541
2026-06-26T02:27:19.286Z,BINANCE,ETHUSDT,1531.6,7546.1932,2,1782440813400
2026-06-26T02:27:19.286Z,BINANCE,ETHUSDT,1530.86,3168.8802,2,1782440779239
2026-06-26T02:32:17.978Z,BINANCE,ETHUSDT,1540.3,354.269,2,1782441035361
2026-06-26T02:32:17.978Z,BINANCE,ETHUSDT,1540.23,12106.2078,2,1782441031330
2026-06-26T02:32:17.978Z,BINANCE,ETHUSDT,1539.35,20120.84385,2,1782441022134
2026-06-26T02:32:17.978Z,BINANCE,ETHUSDT,1539.86,7209.62452,2,1782441021126
2026-06-26T02:32:17.978Z,BINANCE,ETHUSDT,1540.08,2391.74424,2,1782441019656
2026-06-26T02:32:17.978Z,BINANCE,ETHUSDT,1538.76,7683.02868,2,1782441018711
2026-06-26T02:32:17.978Z,BINANCE,ETHUSDT,1537.81,269.11675,2,1782441016377
2026-06-26T02:32:17.978Z,BINANCE,ETHUSDC,1536.31,15653.46259,2,1782441015460
2026-06-26T02:32:17.978Z,BINANCE,ETHUSDT,1536.9,504.1032,2,1782440951341
2026-06-26T02:32:17.978Z,BINANCE,ETHUSDT,1536.5,3988.754,2,1782440947686
2026-06-26T02:33:31.119Z,BINANCE,ETHUSDT,1530.19,1100.20661,1,1782441202286
2026-06-26T02:33:31.119Z,BINANCE,ETHUSDT,1530.4,168.344,1,1782441200521
2026-06-26T02:33:31.119Z,BINANCE,ETHUSDT,1530.88,918.528,1,1782441199106
2026-06-26T02:33:31.119Z,BINANCE,ETHUSDT,1531.78,215.98098,1,1782441178103
2026-06-26T02:33:31.119Z,BINANCE,ETHUSDT,1531.67,8948.01614,1,1782441176201
2026-06-26T02:33:31.119Z,BINANCE,ETHUSDT,1532.82,748.01616,1,1782441159443
2026-06-26T02:33:31.119Z,BINANCE,ETHUSDT,1532.53,127.19999,1,1782441158354
2026-06-26T02:33:31.119Z,BINANCE,ETHUSDT,1533.16,105.78804,1,1782441148566
2026-06-26T02:35:43.401Z,BINANCE,ETHUSDT,1541.08,25068.74836,2,1782441305162
2026-06-26T02:35:43.401Z,BINANCE,ETHUSDT,1539.62,1695.12162,2,1782441301250
2026-06-26T02:35:43.401Z,BINANCE,ETHUSDT,1537.26,115.2945,2,1782441287464
2026-06-26T02:36:51.403Z,BINANCE,ETHUSDT,1535.26,1117.66928,1,1782441379553
2026-06-26T02:37:54.327Z,BINANCE,ETHUSDT,1533.77,10234.84721,1,1782441464669
2026-06-26T02:39:08.501Z,BINANCE,ETHUSDT,1530.93,2581.14798,1,1782441492424
2026-06-26T02:40:16.638Z,BINANCE,ETHUSDT,1535.26,102.86242,2,1782441597363
2026-06-26T02:41:19.596Z,BINANCE,ETHUSDT,1535.13,343.86912,1,1782441626140
2026-06-26T02:43:36.036Z,BINANCE,ETHUSDT,1536.63,731.43588,2,1782441763285
2026-06-26T02:45:41.943Z,BINANCE,ETHUSDT,1533.17,2913.023,1,1782441928507
2026-06-26T02:46:56.764Z,BINANCE,ETHUSDT,1532.79,2469.32469,1,1782441957107
2026-06-26T02:48:06.024Z,BINANCE,ETHUSDT,1531.51,330.80616,1,1782442066108
2026-06-26T02:48:06.024Z,BINANCE,ETHUSDT,1531.19,6411.09253,1,1782442060677
2026-06-26T02:50:51.897Z,BINANCE,ETHUSDT,1530.18,1257.80796,2,1782442204387
2026-06-26T02:50:51.897Z,BINANCE,ETHUSDT,1530.26,217.29692,2,1782442203382
2026-06-26T02:50:51.897Z,BINANCE,ETHUSDT,1525.04,2877.75048,1,1782442143358
2026-06-26T02:50:51.897Z,BINANCE,ETHUSDT,1525.14,57326.96232,1,1782442131251
2026-06-26T02:50:51.897Z,BINANCE,ETHUSDT,1525.77,26913.05703,1,1782442124591
2026-06-26T02:50:51.897Z,BINANCE,ETHUSDT,1525.36,110931.806,1,1782442124166
2026-06-26T02:50:51.897Z,BINANCE,ETHUSDT,1526.54,806.01312,1,1782442118055
2026-06-26T02:50:51.897Z,BINANCE,ETHUSDT,1526.68,9097.48612,1,1782442116108
2026-06-26T02:50:51.897Z,BINANCE,ETHUSDT,1527.43,39704.01542,1,1782442110489
2026-06-26T02:50:51.897Z,BINANCE,ETHUSDT,1527.43,78966.60357,1,1782442110311
2026-06-26T02:50:51.897Z,BINANCE,ETHUSDC,1526.73,170.99376,1,1782442106534
2026-06-26T02:50:51.897Z,BINANCE,ETHUSDT,1527.86,562.25248,1,1782442105618
2026-06-26T02:50:51.897Z,BINANCE,ETHUSDT,1527.81,13933.6272,1,1782442105230
2026-06-26T02:50:51.897Z,BINANCE,ETHUSDT,1528.78,93044.60836,1,1782442097302
2026-06-26T02:50:51.897Z,BINANCE,ETHUSDT,1528.78,6115.12,1,1782442097089
2026-06-26T02:50:51.897Z,BINANCE,ETHUSDT,1529.99,33388.97177,1,1782442093279
2026-06-26T02:53:02.994Z,BINANCE,ETHUSDT,1525.96,4533.62716,1,1782442328424
2026-06-26T02:53:02.994Z,BINANCE,ETHUSDT,1525.58,8210.67156,1,1782442324195
2026-06-26T02:53:02.994Z,BINANCE,ETHUSDT,1526.82,138.94062,1,1782442320818
2026-06-26T02:54:05.868Z,BINANCE,ETHUSDT,1524.84,45569.8434,1,1782442423499
2026-06-26T02:54:05.868Z,BINANCE,ETHUSDT,1524.4,2439.04,1,1782442404360
2026-06-26T02:54:05.868Z,BINANCE,ETHUSDT,1524.72,24683.69208,1,1782442401370
2026-06-26T02:54:05.868Z,BINANCE,ETHUSDT,1524.2,2583.519,1,1782442400286
2026-06-26T02:54:05.868Z,BINANCE,ETHUSDT,1525,457.5,1,1782442396059
2026-06-26T02:54:05.868Z,BINANCE,ETHUSDT,1525.25,18303,1,1782442389554
2026-06-26T02:55:19.020Z,BINANCE,ETHUSDT,1525.25,2078.91575,1,1782442516320
2026-06-26T02:55:19.020Z,BINANCE,ETHUSDT,1524.06,156.97818,1,1782442450340
2026-06-26T02:56:32.073Z,BINANCE,ETHUSDT,1521.74,1521.74,1,1782442581529
2026-06-26T02:56:32.073Z,BINANCE,ETHUSDT,1521.93,380482.5,1,1782442578444
2026-06-26T02:56:32.073Z,BINANCE,ETHUSDT,1521.97,1206.92221,1,1782442576991
2026-06-26T02:56:32.073Z,BINANCE,ETHUSDT,1522.55,6166.3275,1,1782442569626
2026-06-26T02:56:32.073Z,BINANCE,ETHUSDT,1523.35,991.70085,1,1782442563405
2026-06-26T02:56:32.073Z,BINANCE,ETHUSDC,1521.91,7828.70504,1,1782442563356
2026-06-26T02:56:32.073Z,BINANCE,ETHUSDT,1522.7,11776.5618,1,1782442562044
2026-06-26T02:56:32.073Z,BINANCE,ETHUSDT,1523.83,1497.92489,1,1782442559397
2026-06-26T02:56:32.073Z,BINANCE,ETHUSDT,1524.31,650.88037,1,1782442558167
2026-06-26T02:58:43.152Z,BINANCE,ETHUSDT,1523.71,103.61228,1,1782442689327
2026-06-26T02:59:56.362Z,BINANCE,ETHUSDT,1523.86,521.16012,1,1782442768477
2026-06-26T03:02:07.936Z,BINANCE,ETHUSD_PERP,1512.53,3230,1,1782442926040
2026-06-26T03:02:07.936Z,BINANCE,ETHUSDT,1516.25,2671.6325,1,1782442922358
2026-06-26T03:02:07.936Z,BINANCE,ETHUSDC,1513.4,164.9606,1,1782442919547
2026-06-26T03:02:07.936Z,BINANCE,ETHUSDT,1515.01,213266.44269,1,1782442917603
2026-06-26T03:02:07.936Z,BINANCE,ETHUSDT,1515.37,1048.63604,1,1782442916467
2026-06-26T03:02:07.936Z,BINANCE,ETHUSDC,1513.86,3027.72,1,1782442916359
2026-06-26T03:02:07.936Z,BINANCE,ETHUSDC,1513.33,856771.7795,1,1782442915118
2026-06-26T03:02:07.936Z,BINANCE,ETHUSD_PERP,1513.06,41430,1,1782442915058
2026-06-26T03:02:07.936Z,BINANCE,ETHUSDT,1515.11,16373.79377,1,1782442914564
2026-06-26T03:02:07.936Z,BINANCE,ETHUSDT,1515.19,102078.3503,1,1782442914540
2026-06-26T03:02:07.936Z,BINANCE,ETHUSD_PERP,1513.42,520,1,1782442913285
2026-06-26T03:02:07.936Z,BINANCE,ETHUSDC,1515.01,48480.32,1,1782442911456
2026-06-26T03:02:07.936Z,BINANCE,ETHUSDT,1516.45,19891.27465,1,1782442911274
2026-06-26T03:02:07.936Z,BINANCE,ETHUSDC,1514.75,5753.0205,1,1782442910432
2026-06-26T03:02:07.936Z,BINANCE,ETHUSDT,1516.03,1956265.40361,1,1782442910327
2026-06-26T03:02:07.936Z,BINANCE,ETHUSDC,1514.81,3365.90782,1,1782442910134
2026-06-26T03:02:07.936Z,BINANCE,ETHUSDT,1516.3,45489,1,1782442910045
2026-06-26T03:02:07.936Z,BINANCE,ETHUSDT,1516,303200,1,1782442908555
2026-06-26T03:02:07.936Z,BINANCE,ETHUSDC,1515.11,4134.73519,1,1782442908150
2026-06-26T03:02:07.936Z,BINANCE,ETHUSD_PERP,1514.7,1000,1,1782442908122
2026-06-26T03:02:07.936Z,BINANCE,ETHUSDT,1516.64,15166.4,1,1782442908062
2026-06-26T03:02:07.936Z,BINANCE,ETHUSDT_260626,1518.64,121.4912,1,1782442907357
2026-06-26T03:02:07.936Z,BINANCE,ETHUSD_260626,1515.59,600,1,1782442907131
2026-06-26T03:02:07.936Z,BINANCE,ETHUSDT,1517.47,9271.7417,1,1782442906227
2026-06-26T03:02:07.936Z,BINANCE,ETHUSDT_260925,1523.11,16626.26876,1,1782442903433
2026-06-26T03:02:07.936Z,BINANCE,ETHUSDC,1517.84,2513.54304,1,1782442902442
2026-06-26T03:02:07.936Z,BINANCE,ETHUSDT,1519.4,1519.4,1,1782442902165
2026-06-26T03:02:07.936Z,BINANCE,ETHUSDT,1519.94,2767.81074,1,1782442897133
2026-06-26T03:02:07.936Z,BINANCE,ETHUSDT,1519.99,7154.59293,1,1782442893581
2026-06-26T03:02:07.936Z,BINANCE,ETHUSDT,1519.83,3433.29597,1,1782442892623
2026-06-26T03:02:07.936Z,BINANCE,ETHUSDT,1520.11,2477.7793,1,1782442890140
2026-06-26T03:02:07.936Z,BINANCE,ETHUSDT,1520.11,5396.3905,1,1782442889132
2026-06-26T03:02:07.936Z,BINANCE,ETHUSDT,1520.39,68492.04911,1,1782442888324
2026-06-26T03:02:07.936Z,BINANCE,ETHUSDT,1521.01,12866.22359,1,1782442885439
2026-06-26T03:05:06.405Z,BINANCE,ETHUSDT,1523.24,46754.32856,2,1782443069501
2026-06-26T03:05:06.405Z,BINANCE,ETHUSDT,1521.93,1005.99573,2,1782443067163
2026-06-26T03:05:06.405Z,BINANCE,ETHUSDT,1519.67,10380.86577,2,1782443059511
2026-06-26T03:05:06.405Z,BINANCE,ETHUSDT,1519.72,246173.36392,2,1782443012092
2026-06-26T03:05:06.405Z,BINANCE,ETHUSDT,1518.4,355.3056,2,1782443006539
2026-06-26T03:05:06.405Z,BINANCE,ETHUSDT,1516.08,2660.7204,2,1782442997502
2026-06-26T03:05:06.405Z,BINANCE,ETHUSDT,1516.43,75416.61319,2,1782442996283
2026-06-26T03:05:06.405Z,BINANCE,ETHUSDT,1511.13,7378.84779,1,1782442992557
2026-06-26T03:05:06.405Z,BINANCE,ETHUSDT,1511.55,29160.8226,1,1782442988419
2026-06-26T03:05:06.405Z,BINANCE,ETHUSDC,1509.81,24668.78559,1,1782442987638
2026-06-26T03:05:06.405Z,BINANCE,ETHUSDT,1511.47,53379.07452,1,1782442987215
2026-06-26T03:05:06.405Z,BINANCE,ETHUSDT,1511.15,26115.6943,1,1782442986351
2026-06-26T03:05:06.405Z,BINANCE,ETHUSD_PERP,1509,11180,1,1782442986136
2026-06-26T03:05:06.405Z,BINANCE,ETHUSDT,1511.41,108.82152,1,1782442984395
2026-06-26T03:05:06.405Z,BINANCE,ETHUSDT,1511.4,3748.272,1,1782442972853
2026-06-26T03:05:06.405Z,BINANCE,ETHUSDT,1511.68,37424.66176,1,1782442971274
2026-06-26T03:05:06.405Z,BINANCE,ETHUSDT,1511.91,18898.875,1,1782442939342
2026-06-26T03:05:06.405Z,BINANCE,ETHUSDC,1510.28,15102.8,1,1782442937570
2026-06-26T03:05:06.405Z,BINANCE,ETHUSDT,1511.66,1438618.10046,1,1782442937128
2026-06-26T03:05:06.405Z,BINANCE,ETHUSDT,1511.92,15119.2,1,1782442936573
2026-06-26T03:05:06.405Z,BINANCE,ETHUSD_PERP,1509.85,4110,1,1782442936125
2026-06-26T03:05:06.405Z,BINANCE,ETHUSDC,1510.54,1431.99192,1,1782442935321
2026-06-26T03:05:06.405Z,BINANCE,ETHUSDC,1510.76,720.63252,1,1782442935167
2026-06-26T03:05:06.405Z,BINANCE,ETHUSDT,1512.2,1568.1514,1,1782442934717
2026-06-26T03:05:06.405Z,BINANCE,ETHUSDT_260925,1516.53,376.09944,1,1782442934377
2026-06-26T03:05:06.405Z,BINANCE,ETHUSDT,1512.42,50354.51148,1,1782442934207
2026-06-26T03:05:06.405Z,BINANCE,ETHUSDT,1512.84,38430.67452,1,1782442933184
2026-06-26T03:05:06.405Z,BINANCE,ETHUSD_PERP,1510.58,12260,1,1782442933078
2026-06-26T03:05:06.405Z,BINANCE,ETHUSDC,1510.62,33766.88886,1,1782442932372
2026-06-26T03:05:06.405Z,BINANCE,ETHUSDT,1512.19,58160.33959,1,1782442932147
2026-06-26T03:05:06.405Z,BINANCE,ETHUSDT,1513.52,3027.04,1,1782442930587
2026-06-26T03:05:06.405Z,BINANCE,ETHUSDT,1514.5,17951.3685,1,1782442929426
2026-06-26T03:05:06.405Z,BINANCE,ETHUSDT,1514.63,18798.07293,1,1782442929076
2026-06-26T03:05:06.405Z,BINANCE,ETHUSDC,1513.14,7877.40684,1,1782442928639
2026-06-26T03:05:06.405Z,BINANCE,ETHUSDT,1514.48,30810.58112,1,1782442927210
2026-06-26T03:05:06.405Z,BINANCE,ETHUSDC,1513.14,792.88536,1,1782442926141
2026-06-26T03:06:14.534Z,BINANCE,ETHUSDT,1523.69,8011.56202,2,1782443154417
2026-06-26T03:06:14.534Z,BINANCE,ETHUSDT,1523.34,62094.38508,2,1782443152199
2026-06-26T03:06:14.534Z,BINANCE,ETHUSDT,1523.65,482.99705,2,1782443150526
2026-06-26T03:06:14.534Z,BINANCE,ETHUSDT,1517.88,5238.20388,1,1782443120552
2026-06-26T03:08:03.509Z,BINANCE,ETHUSDT,1522.96,6853.32,2,1782443225648
2026-06-26T03:08:03.509Z,BINANCE,ETHUSDT,1518.57,14755.94469,1,1782443191283
2026-06-26T03:08:03.509Z,BINANCE,ETHUSDT,1518.02,13243.20648,1,1782443189459
2026-06-26T03:09:06.552Z,BINANCE,ETHUSDT,1525.21,13789.42361,2,1782443317607
2026-06-26T03:09:06.552Z,BINANCE,ETHUSDC,1523.96,7619.8,2,1782443316489
2026-06-26T03:09:06.552Z,BINANCE,ETHUSDT,1525.04,131.15344,2,1782443309191
2026-06-26T03:10:16.394Z,BINANCE,ETHUSDT,1526.46,15049.36914,2,1782443399070
2026-06-26T03:13:08.197Z,BINANCE,ETHUSDT,1533.19,188.58237,2,1782443529367
2026-06-26T03:13:08.197Z,BINANCE,ETHUSDT,1532.64,2721.96864,2,1782443493278
2026-06-26T03:13:08.197Z,BINANCE,ETHUSDT,1532.08,736.93048,2,1782443461586
2026-06-26T03:13:08.197Z,BINANCE,ETHUSDT,1531.09,9030.36882,2,1782443454288
2026-06-26T03:13:08.197Z,BINANCE,ETHUSDT,1531.51,1147.10099,2,1782443452311
2026-06-26T03:13:08.197Z,BINANCE,ETHUSDT,1530.77,6896.11885,2,1782443448098
2026-06-26T03:13:08.197Z,BINANCE,ETHUSDT,1530.03,3248.25369,2,1782443437481
2026-06-26T03:13:08.197Z,BINANCE,ETHUSDT,1531.24,56619.13024,2,1782443435503
2026-06-26T03:13:08.197Z,BINANCE,ETHUSDT,1529.46,10242.79362,2,1782443433067
2026-06-26T03:13:08.197Z,BINANCE,ETHUSDT,1528.55,767.3321,2,1782443422069
2026-06-26T03:13:08.197Z,BINANCE,ETHUSDT,1528.02,1123.0947,2,1782443418063
2026-06-26T03:16:54.003Z,BINANCE,ETHUSDT,1532.47,7769.6229,2,1782443808302
2026-06-26T03:23:42.411Z,BINANCE,ETHUSDT,1525.16,12898.27812,1,1782444186296
2026-06-26T03:23:42.411Z,BINANCE,ETHUSDT,1524.85,272111.00735,1,1782444184507
2026-06-26T03:23:42.411Z,BINANCE,ETHUSDT,1524.85,3598.646,1,1782444182424
2026-06-26T03:23:42.411Z,BINANCE,ETHUSDT,1528.18,328.5587,1,1782444154447
2026-06-26T03:23:42.411Z,BINANCE,ETHUSDT,1528.34,3988.9674,1,1782444153109
2026-06-26T03:27:32.002Z,BINANCE,ETHUSDT,1531.84,3308.7744,2,1782444439304
2026-06-26T03:27:32.002Z,BINANCE,ETHUSDT,1531.93,1001.88222,2,1782444434470
2026-06-26T03:27:32.002Z,BINANCE,ETHUSDT,1528.48,5510.1704,2,1782444410054
2026-06-26T03:30:53.635Z,BINANCE,ETHUSDT,1535.53,13403.64137,2,1782444475380
2026-06-26T03:30:53.635Z,BINANCE,ETHUSDT,1535.36,2043.56416,2,1782444471109
2026-06-26T03:33:08.315Z,BINANCE,ETHUSDT,1535.39,482.11246,2,1782444749600
2026-06-26T03:38:38.639Z,BINANCE,ETHUSDT,1531.83,30203.09211,1,1782445088300
2026-06-26T03:38:38.639Z,BINANCE,ETHUSDC,1530.17,16291.71999,2,1782445088300
2026-06-26T03:39:41.530Z,BINANCE,ETHUSDT,1536.54,1536.54,2,1782445164572
2026-06-26T03:39:41.530Z,BINANCE,ETHUSDC,1535.32,3070.64,2,1782445155336
2026-06-26T03:39:41.530Z,BINANCE,ETHUSDT,1537.19,22584.39548,2,1782445155285
2026-06-26T03:39:41.530Z,BINANCE,ETHUSDT,1538.59,11267.09457,2,1782445153212
2026-06-26T03:39:41.530Z,BINANCE,ETHUSDT,1538.16,303437.43768,2,1782445152573
2026-06-26T03:39:41.530Z,BINANCE,ETHUSDT,1535.95,3071.9,2,1782445149433
2026-06-26T03:39:41.530Z,BINANCE,ETHUSDT,1535.89,3007.27262,2,1782445148367
2026-06-26T03:45:17.870Z,BINANCE,ETHUSDT,1539.82,5367.81252,2,1782445512519
2026-06-26T03:45:17.870Z,BINANCE,ETHUSDT,1539.52,137.01728,2,1782445487540
2026-06-26T03:45:17.870Z,BINANCE,ETHUSDC,1537.65,1005.6231,2,1782445486540
2026-06-26T03:45:17.870Z,BINANCE,ETHUSDC,1537.64,2630.90204,2,1782445485147
2026-06-26T03:45:17.870Z,BINANCE,ETHUSDT,1538.36,104.60848,2,1782445467201
2026-06-26T03:49:57.140Z,BINANCE,ETHUSDT,1551.33,7008.90894,2,1782445787420
2026-06-26T03:49:57.140Z,BINANCE,ETHUSDT,1551.8,176.9052,2,1782445786413
2026-06-26T03:49:57.140Z,BINANCE,ETHUSDT,1551.68,1489.6128,2,1782445786085
2026-06-26T03:49:57.140Z,BINANCE,ETHUSDT,1550.3,14196.0971,2,1782445779442
2026-06-26T03:49:57.140Z,BINANCE,ETHUSDT,1550.7,15507,2,1782445777206
2026-06-26T03:49:57.140Z,BINANCE,ETHUSDT,1549.46,1549.46,2,1782445676506
2026-06-26T03:49:57.140Z,BINANCE,ETHUSDT,1549.89,101494.54665,2,1782445675511
2026-06-26T03:49:57.140Z,BINANCE,ETHUSDT,1549.39,15493.9,2,1782445673580
2026-06-26T03:49:57.140Z,BINANCE,ETHUSDT,1548.64,428.97328,2,1782445672105
2026-06-26T03:49:57.140Z,BINANCE,ETHUSDT,1547.04,1103.03952,2,1782445602472
2026-06-26T03:49:57.140Z,BINANCE,ETHUSDT,1548.15,1933.63935,2,1782445600311
2026-06-26T03:49:57.140Z,BINANCE,ETHUSDT,1548.65,2525.84815,2,1782445599346
2026-06-26T03:49:57.140Z,BINANCE,ETHUSDT,1547.88,453.52884,2,1782445594181
2026-06-26T03:49:57.140Z,BINANCE,ETHUSDT,1547.94,1244.54376,2,1782445592631
2026-06-26T03:49:57.140Z,BINANCE,ETHUSDT,1548.33,10479.09744,2,1782445583407
2026-06-26T03:49:57.140Z,BINANCE,ETHUSDT,1547.76,309.552,2,1782445580586
2026-06-26T03:49:57.140Z,BINANCE,ETHUSDT,1547.36,185.6832,2,1782445579264
2026-06-26T03:49:57.140Z,BINANCE,ETHUSDT,1546.65,120.6387,2,1782445552422
2026-06-26T03:49:57.140Z,BINANCE,ETHUSDT,1546.43,2212.94133,2,1782445551545
2026-06-26T03:49:57.140Z,BINANCE,ETHUSDT,1545.53,3378.52858,2,1782445545528
2026-06-26T03:49:57.140Z,BINANCE,ETHUSDC,1543.14,1543.14,2,1782445543491
2026-06-26T03:49:57.140Z,BINANCE,ETHUSDT,1545.02,75267.19432,2,1782445543373
2026-06-26T03:49:57.140Z,BINANCE,ETHUSDT,1544.71,10073.05391,2,1782445541354
2026-06-26T03:49:57.140Z,BINANCE,ETHUSDC,1542.64,2022.40104,2,1782445541075
2026-06-26T03:49:57.140Z,BINANCE,ETHUSDT,1544.26,25640.89304,2,1782445539506
2026-06-26T03:49:57.140Z,BINANCE,ETHUSDT,1544.26,40150.76,2,1782445538398
2026-06-26T03:49:57.140Z,BINANCE,ETHUSDT_260626,1546.43,1517.04783,2,1782445537309
2026-06-26T03:49:57.140Z,BINANCE,ETHUSDT,1543.81,2331.1531,2,1782445536533
2026-06-26T03:49:57.140Z,BINANCE,ETHUSDT,1542.35,2074.46075,2,1782445535070
2026-06-26T03:49:57.140Z,BINANCE,ETHUSDT,1541.67,9433.47873,2,1782445532542
2026-06-26T03:49:57.140Z,BINANCE,ETHUSDT,1541.24,23431.47172,2,1782445528504
2026-06-26T03:49:57.140Z,BINANCE,ETHUSDT,1541.19,32364.99,2,1782445527407
2026-06-26T03:49:57.140Z,BINANCE,ETHUSDC,1539.53,2010.62618,2,1782445527069
2026-06-26T03:49:57.140Z,BINANCE,ETHUSDT,1541.66,302.16536,2,1782445526338
2026-06-26T03:51:05.392Z,BINANCE,ETHUSDT,1552.24,2485.13624,2,1782445861200
2026-06-26T03:51:05.392Z,BINANCE,ETHUSDT,1552.65,6257.1795,2,1782445859578
2026-06-26T03:51:05.392Z,BINANCE,ETHUSDT,1552.89,6211.56,2,1782445851495
2026-06-26T03:51:05.392Z,BINANCE,ETHUSDT,1552.74,268.62402,2,1782445850080
2026-06-26T03:51:05.392Z,BINANCE,ETHUSDT,1552.86,710876.0151,2,1782445848450
2026-06-26T03:52:54.517Z,BINANCE,ETHUSDT,1553.61,1651.48743,2,1782445885460
2026-06-26T03:52:54.517Z,BINANCE,ETHUSDT,1553.11,9646.36621,2,1782445874120
2026-06-26T03:52:54.517Z,BINANCE,ETHUSDT,1553.63,6287.54061,2,1782445870093
2026-06-26T03:54:07.769Z,BINANCE,ETHUSDT_260925,1559.36,544.21664,2,1782446015635
2026-06-26T03:54:07.769Z,BINANCE,ETHUSDT,1554.64,76443.20344,2,1782446015138
2026-06-26T03:54:07.769Z,BINANCE,ETHUSDT,1553.52,2581.95024,2,1782446012232
2026-06-26T03:54:07.769Z,BINANCE,ETHUSDT,1552.69,155.269,2,1782445979393
2026-06-26T03:56:18.841Z,BINANCE,ETHUSDC,1558.67,26157.59994,2,1782446176656
2026-06-26T03:56:18.841Z,BINANCE,ETHUSDT,1560.81,34337.82,2,1782446176374
2026-06-26T03:56:18.841Z,BINANCE,ETHUSDT,1560.72,78036,2,1782446175784
2026-06-26T03:56:18.841Z,BINANCE,ETHUSDT,1559.86,38996.5,2,1782446174305
2026-06-26T03:56:18.841Z,BINANCE,ETHUSDC,1558.38,24923.17134,2,1782446174256
2026-06-26T03:56:18.841Z,BINANCE,ETHUSDT,1559.01,3716428.83939,2,1782446173227
2026-06-26T03:56:18.841Z,BINANCE,ETHUSDT,1557.22,20435.39806,2,1782446170495
2026-06-26T03:56:18.841Z,BINANCE,ETHUSDC,1555.55,8387.5256,2,1782446170391
2026-06-26T03:56:18.841Z,BINANCE,ETHUSDT,1558,46740,2,1782446169479
2026-06-26T03:56:18.841Z,BINANCE,ETHUSDT,1557.47,3114.94,2,1782446167602
2026-06-26T03:56:18.841Z,BINANCE,ETHUSD_PERP,1555.66,160620,2,1782446166322
2026-06-26T03:57:52.309Z,BINANCE,ETHUSDT,1554.99,480.49191,1,1782446267133
2026-06-26T03:57:52.309Z,BINANCE,ETHUSDT,1556.25,29889.3375,1,1782446258212
2026-06-26T03:57:52.309Z,BINANCE,ETHUSDT,1562,2875.642,2,1782446201524
2026-06-26T03:57:52.309Z,BINANCE,ETHUSDT,1562.41,584.34134,2,1782446200065
2026-06-26T03:57:52.309Z,BINANCE,ETHUSDT,1562.88,6096.79488,2,1782446198378
2026-06-26T03:57:52.309Z,BINANCE,ETHUSDT,1561.61,3123.22,2,1782446190682
2026-06-26T03:57:52.309Z,BINANCE,ETHUSDT,1562.44,31683.15832,2,1782446190150
2026-06-26T03:57:52.309Z,BINANCE,ETHUSDC,1560.64,1932.07232,2,1782446189205
2026-06-26T03:57:52.309Z,BINANCE,ETHUSDT,1562.67,18389.50056,2,1782446188530
2026-06-26T03:57:52.309Z,BINANCE,ETHUSDT,1562.56,20430.472,2,1782446188222
2026-06-26T03:57:52.309Z,BINANCE,ETHUSDT,1560.46,764.6254,2,1782446179508
2026-06-26T03:57:52.309Z,BINANCE,ETHUSDT,1560.54,3018.08436,2,1782446178799
2026-06-26T03:57:52.309Z,BINANCE,ETHUSDT,1561.07,10374.87122,2,1782446177438
2026-06-26T04:08:55.451Z,BINANCE,ETHUSDT,1556.64,2182.40928,2,1782446916417
2026-06-26T04:08:55.451Z,BINANCE,ETHUSDT,1555.77,67187.48322,2,1782446912319
2026-06-26T04:10:08.712Z,BINANCE,ETHUSDT,1552.99,5354.70952,1,1782446990106
2026-06-26T04:17:07.832Z,BINANCE,ETHUSDT,1557.39,15033.48567,2,1782447419489
2026-06-26T04:18:16.280Z,BINANCE,ETHUSDT,1559.38,4016.96288,2,1782447458055
2026-06-26T04:18:16.280Z,BINANCE,ETHUSDT,1559.67,860.93784,2,1782447442742
2026-06-26T04:18:16.280Z,BINANCE,ETHUSDT,1559.3,1069.6798,2,1782447439664
2026-06-26T04:21:40.342Z,BINANCE,ETHUSDT,1552.65,139.7385,1,1782447645486
2026-06-26T04:25:41.938Z,BINANCE,ETHUSDT,1550.36,129070.57072,1,1782447932283
2026-06-26T04:26:55.149Z,BINANCE,ETHUSDT,1550.08,3738.79296,1,1782448006138
2026-06-26T04:28:03.096Z,BINANCE,ETHUSDT,1549.99,165.84893,1,1782448021423
2026-06-26T04:29:05.919Z,BINANCE,ETHUSDT,1550.91,108.5637,1,1782448097472
2026-06-26T04:39:30.583Z,BINANCE,ETHUSDT,1548.6,195.1236,1,1782448762643
2026-06-26T04:39:30.583Z,BINANCE,ETHUSDT,1549.01,31398.4327,1,1782448754496
2026-06-26T04:52:03.840Z,BINANCE,ETHUSDT,1547.74,236.80422,1,1782449478492
2026-06-26T04:54:19.936Z,BINANCE,ETHUSDT,1547,4978.246,1,1782449647319
2026-06-26T04:54:19.936Z,BINANCE,ETHUSDT,1548.04,137.77556,1,1782449609842
2026-06-26T05:08:30.001Z,BINANCE,ETHUSDT,1551.26,19713.41208,2,1782450480429
2026-06-26T05:15:28.766Z,BINANCE,ETHUSDT,1552.78,1184.77114,2,1782450911514
2026-06-26T05:15:28.766Z,BINANCE,ETHUSDT,1553.25,110.28075,2,1782450910264
2026-06-26T05:15:28.766Z,BINANCE,ETHUSDT,1552.88,231.37912,2,1782450906375
2026-06-26T05:15:28.766Z,BINANCE,ETHUSDT,1552.08,1510.17384,2,1782450885059
2026-06-26T05:15:28.766Z,BINANCE,ETHUSDT,1551.85,40205.3298,2,1782450879525
2026-06-26T05:16:41.931Z,BINANCE,ETHUSDC,1553.42,1008.16958,2,1782450970624
2026-06-26T05:16:41.931Z,BINANCE,ETHUSDT,1555.63,1795.19702,2,1782450967785
2026-06-26T05:16:41.931Z,BINANCE,ETHUSDT,1555.51,15046.44823,2,1782450963385
2026-06-26T05:16:41.931Z,BINANCE,ETHUSDT,1555.29,111.98088,2,1782450962698
2026-06-26T05:16:41.931Z,BINANCE,ETHUSDT,1554.61,21969.74852,2,1782450958289
2026-06-26T05:16:41.931Z,BINANCE,ETHUSDT,1554.44,1372.57052,2,1782450956167
2026-06-26T05:16:41.931Z,BINANCE,ETHUSDT,1553.5,380.6075,2,1782450940053
2026-06-26T05:24:28.049Z,BINANCE,ETHUSDT,1550.34,4984.3431,1,1782451445471
2026-06-26T05:24:28.049Z,BINANCE,ETHUSDT,1550.35,3847.9687,1,1782451440347
2026-06-26T05:26:39.347Z,BINANCE,ETHUSDT,1554.58,18036.23716,2,1782451593450
2026-06-26T05:27:43.259Z,BINANCE,ETHUSDT,1558.06,2337.09,2,1782451650214
2026-06-26T05:27:43.259Z,BINANCE,ETHUSDT,1558.28,205.69296,2,1782451648452
2026-06-26T05:27:43.259Z,BINANCE,ETHUSDT,1557.74,1517.23876,2,1782451645450
2026-06-26T05:27:43.259Z,BINANCE,ETHUSDT,1557.72,99885.67956,2,1782451642513
2026-06-26T05:27:43.259Z,BINANCE,ETHUSDT,1557.44,878.39616,2,1782451639227
2026-06-26T05:27:43.259Z,BINANCE,ETHUSDT,1556.23,490.21245,2,1782451632374
2026-06-26T05:27:43.259Z,BINANCE,ETHUSDT,1556.27,418.63663,2,1782451630266
2026-06-26T05:27:43.259Z,BINANCE,ETHUSDT,1555.39,158.64978,2,1782451627066
2026-06-26T05:27:43.259Z,BINANCE,ETHUSDC,1552.67,8857.98235,2,1782451605925
2026-06-26T05:35:28.857Z,BINANCE,ETHUSDT,1556.99,851.67353,2,1782452119700
2026-06-26T05:46:18.963Z,BINANCE,ETHUSDT,1551.59,2041.89244,1,1782452761247
2026-06-26T05:46:18.963Z,BINANCE,ETHUSDT,1551.75,299669.30475,1,1782452739498
2026-06-26T05:50:50.939Z,BINANCE,ETHUSDT,1555.5,6954.6405,2,1782453022392
2026-06-26T06:02:08.058Z,BINANCE,ETHUSDT,1549.7,154.97,1,1782453714430
2026-06-26T06:02:08.058Z,BINANCE,ETHUSDT,1549.74,5500.02726,1,1782453713422
2026-06-26T06:02:08.058Z,BINANCE,ETHUSDT,1550.72,3205.33824,1,1782453704494
2026-06-26T06:02:08.058Z,BINANCE,ETHUSDT,1551.71,148.96416,1,1782453683061
2026-06-26T06:03:17.403Z,BINANCE,ETHUSDT,1546.56,773.28,1,1782453792382
2026-06-26T06:03:17.403Z,BINANCE,ETHUSDT,1547.32,7769.09372,1,1782453784587
2026-06-26T06:03:17.403Z,BINANCE,ETHUSDC,1546.82,160.86928,1,1782453744563
2026-06-26T06:03:17.403Z,BINANCE,ETHUSDT,1548.3,30585.1182,1,1782453743044
2026-06-26T06:03:17.403Z,BINANCE,ETHUSDT,1549.03,1171.06668,1,1782453731634
2026-06-26T06:06:13.871Z,BINANCE,ETHUSDT,1546.55,67510.0006,1,1782453825484
2026-06-26T06:09:17.607Z,BINANCE,ETHUSDT,1543.58,804.20518,1,1782454140341
2026-06-26T06:09:17.607Z,BINANCE,ETHUSDT,1543.58,4817.51318,1,1782454139481
2026-06-26T06:09:17.607Z,BINANCE,ETHUSDT,1544,3739.568,1,1782454127120
2026-06-26T06:09:17.607Z,BINANCE,ETHUSDT,1544.06,3412.3726,1,1782454125783
2026-06-26T06:09:17.607Z,BINANCE,ETHUSDT,1544.05,5933.78415,1,1782454124514
2026-06-26T06:09:17.607Z,BINANCE,ETHUSDT,1544.13,2947.74417,1,1782454124098
2026-06-26T06:09:17.607Z,BINANCE,ETHUSDT,1544.74,363.0139,1,1782454115307
2026-06-26T06:09:17.607Z,BINANCE,ETHUSDT,1544.54,1487.39202,1,1782454113617
2026-06-26T06:09:17.607Z,BINANCE,ETHUSDT,1544.58,1580.10534,1,1782454112078
2026-06-26T06:09:17.607Z,BINANCE,ETHUSDT,1544.53,460.26994,1,1782454110488
2026-06-26T06:09:17.607Z,BINANCE,ETHUSDT,1545.6,704.7936,1,1782454107383
2026-06-26T06:10:30.907Z,BINANCE,ETHUSDT,1543.32,811.78632,1,1782454188228
2026-06-26T06:20:44.913Z,BINANCE,ETHUSDT,1549.93,542.4755,2,1782454832483
2026-06-26T06:20:44.913Z,BINANCE,ETHUSDT,1549.7,6350.6706,2,1782454827222
2026-06-26T06:26:55.962Z,BINANCE,ETHUSDT,1560.17,1716187,2,1782455049558
2026-06-26T06:26:55.962Z,BINANCE,ETHUSDC,1558.75,226.01875,2,1782455047500
2026-06-26T06:26:55.962Z,BINANCE,ETHUSDT,1560.38,159.15876,2,1782455047426
2026-06-26T06:26:55.962Z,BINANCE,ETHUSDT,1560.33,2008.14471,2,1782455046346
2026-06-26T06:26:55.962Z,BINANCE,ETHUSDT,1559.32,5457.62,2,1782454961313
2026-06-26T06:26:55.962Z,BINANCE,ETHUSDT,1559.62,10922.01886,2,1782454959221
2026-06-26T06:26:55.962Z,BINANCE,ETHUSDT,1558.21,5327.51999,2,1782454955610
2026-06-26T06:26:55.962Z,BINANCE,ETHUSDT,1558.04,1472.3478,2,1782454952332
2026-06-26T06:26:55.962Z,BINANCE,ETHUSDT,1558.38,2177.05686,2,1782454951238
2026-06-26T06:26:55.962Z,BINANCE,ETHUSDT,1557.18,296175.636,2,1782454944421
2026-06-26T06:26:55.962Z,BINANCE,ETHUSDT,1556.57,4047.082,2,1782454944083
2026-06-26T06:26:55.962Z,BINANCE,ETHUSDT,1556.75,20131.891,2,1782454943220
2026-06-26T06:26:55.962Z,BINANCE,ETHUSDT,1555.28,106133.86248,2,1782454939183
2026-06-26T06:26:55.962Z,BINANCE,ETHUSDT,1553.61,5203.03989,2,1782454929155
2026-06-26T06:26:55.962Z,BINANCE,ETHUSDT,1553.94,467.73594,2,1782454927280
2026-06-26T06:26:55.962Z,BINANCE,ETHUSDT,1553.36,92177.93576,2,1782454925183
2026-06-26T06:26:55.962Z,BINANCE,ETHUSDT,1552.99,11603.94128,2,1782454923120
2026-06-26T06:29:06.788Z,BINANCE,ETHUSDT,1555.32,155.532,1,1782455329767
2026-06-26T06:30:15.185Z,BINANCE,ETHUSDT,1559.52,78170.94,2,1782455399082
2026-06-26T06:33:39.267Z,BINANCE,ETHUSDT,1561.38,35380.8708,2,1782455600574
2026-06-26T06:33:39.267Z,BINANCE,ETHUSDT,1561.64,5226.80908,2,1782455599234
2026-06-26T06:38:06.841Z,BINANCE,ETHUSDT,1563.06,1058.19162,2,1782455876286
2026-06-26T06:38:06.841Z,BINANCE,ETHUSDT,1562.78,147187.30874,2,1782455867279
2026-06-26T06:38:06.841Z,BINANCE,ETHUSDT,1562.01,11721.32304,2,1782455857381
2026-06-26T06:40:33.102Z,BINANCE,ETHUSDT,1567.02,517.1166,2,1782455967483
2026-06-26T06:40:33.102Z,BINANCE,ETHUSD_PERP,1565.38,1560,2,1782455967036
2026-06-26T06:40:33.102Z,BINANCE,ETHUSDC,1566.39,504.37758,2,1782455966343
2026-06-26T06:40:33.102Z,BINANCE,ETHUSDT,1568.35,4247.0918,2,1782455966157
2026-06-26T06:40:33.102Z,BINANCE,ETHUSDT,1568.13,86443.16625,2,1782455965310
2026-06-26T06:40:33.102Z,BINANCE,ETHUSDT,1566.02,1176.08102,2,1782455959272
2026-06-26T06:40:33.102Z,BINANCE,ETHUSDT,1565.93,7851.57302,2,1782455954135
2026-06-26T06:40:33.102Z,BINANCE,ETHUSDT,1565.82,47674.52154,2,1782455952422
2026-06-26T06:40:33.102Z,BINANCE,ETHUSDT,1565.28,4919.67504,2,1782455937164
2026-06-26T06:40:33.102Z,BINANCE,ETHUSDT,1565.28,10717.47216,2,1782455895596
2026-06-26T06:40:33.102Z,BINANCE,ETHUSDC,1563.61,25119.39465,2,1782455895469
2026-06-26T06:40:33.102Z,BINANCE,ETHUSDT,1565.41,15159.43044,2,1782455895155
2026-06-26T06:40:33.102Z,BINANCE,ETHUSDT,1565.26,6261.04,2,1782455893377
2026-06-26T06:40:33.102Z,BINANCE,ETHUSDC,1563.74,15637.4,2,1782455893146
2026-06-26T06:43:52.626Z,BINANCE,ETHUSDT,1566.9,4943.5695,2,1782456179523
2026-06-26T06:43:52.626Z,BINANCE,ETHUSDT,1567.32,1081.4508,2,1782456178487
2026-06-26T06:47:54.619Z,BINANCE,ETHUSDT_260626,1574.47,4723.41,2,1782456397699
2026-06-26T06:47:54.619Z,BINANCE,ETHUSDT,1572.26,186165.01756,2,1782456397354
2026-06-26T06:47:54.619Z,BINANCE,ETHUSDC,1570.43,9647.15149,2,1782456397298
2026-06-26T06:47:54.619Z,BINANCE,ETHUSDT,1571.75,14513.5395,2,1782456390481
2026-06-26T06:47:54.619Z,BINANCE,ETHUSDT,1572,1300.044,2,1782456293468
2026-06-26T06:47:54.619Z,BINANCE,ETHUSDT_260925,1575.64,2951.17372,2,1782456289479
2026-06-26T06:47:54.619Z,BINANCE,ETHUSDT,1571.77,12121.49024,2,1782456287400
2026-06-26T06:47:54.619Z,BINANCE,ETHUSDT,1570.69,19877.08195,2,1782456262457
2026-06-26T06:47:54.619Z,BINANCE,ETHUSDT,1570.66,7286.29174,2,1782456253611
2026-06-26T06:47:54.619Z,BINANCE,ETHUSDT,1570.99,289.06216,2,1782456252449
2026-06-26T06:47:54.619Z,BINANCE,ETHUSDT,1571.13,2645.78292,2,1782456251408
2026-06-26T06:47:54.619Z,BINANCE,ETHUSDT,1570.86,4722.00516,2,1782456240522
2026-06-26T06:47:54.619Z,BINANCE,ETHUSDT_260925,1574.49,15744.9,2,1782456240413
2026-06-26T06:47:54.619Z,BINANCE,ETHUSDT,1570.68,8074.86588,2,1782456239402
2026-06-26T06:47:54.619Z,BINANCE,ETHUSDC,1569.01,6426.66496,2,1782456238269
2026-06-26T06:47:54.619Z,BINANCE,ETHUSDT,1570.47,26142.04362,2,1782456237550
2026-06-26T06:47:54.619Z,BINANCE,ETHUSDC,1568.91,88938.37008,2,1782456237387
2026-06-26T06:47:54.619Z,BINANCE,ETHUSDT,1569.93,86898.76536,2,1782456236124
2026-06-26T06:47:54.619Z,BINANCE,ETHUSDT,1569.02,39371.41886,2,1782456234220
2026-06-26T06:47:54.619Z,BINANCE,ETHUSDT,1568.58,15982.26162,2,1782456233197
2026-06-26T06:57:07.154Z,BINANCE,ETHUSDT,1569.69,2354.535,1,1782456959562
2026-06-26T07:00:31.290Z,BINANCE,ETHUSDT,1571.18,17205.99218,2,1782457217449
2026-06-26T07:02:42.317Z,BINANCE,ETHUSDT,1571.86,526.5731,2,1782457352134
2026-06-26T07:02:42.317Z,BINANCE,ETHUSDT,1571.96,3120.3406,2,1782457339166
2026-06-26T07:03:55.374Z,BINANCE,ETHUSDT,1572.56,10303.41312,2,1782457421402
2026-06-26T07:03:55.374Z,BINANCE,ETHUSDT,1572.24,135.21264,2,1782457411626
2026-06-26T07:03:55.374Z,BINANCE,ETHUSDT,1572.44,1846.04456,2,1782457410424
2026-06-26T07:05:03.992Z,BINANCE,ETHUSDT,1572.79,6291.16,2,1782457440341
2026-06-26T07:05:03.992Z,BINANCE,ETHUSDT,1572.48,3127.66272,1,1782457435293
2026-06-26T07:07:19.903Z,BINANCE,ETHUSDT,1574.36,11012.6482,2,1782457631447
2026-06-26T07:07:19.903Z,BINANCE,ETHUSDT,1574.52,925.81776,2,1782457630255
2026-06-26T07:07:19.903Z,BINANCE,ETHUSDT,1574.27,8754.51547,2,1782457627546
2026-06-26T07:07:19.903Z,BINANCE,ETHUSDT,1574.31,11509.78041,2,1782457626195
2026-06-26T07:07:19.903Z,BINANCE,ETHUSDT,1573.62,364423.64046,2,1782457606247
2026-06-26T07:07:19.903Z,BINANCE,ETHUSDC,1571.78,27746.63234,2,1782457605337
2026-06-26T07:07:19.903Z,BINANCE,ETHUSDT,1573.12,1573.12,2,1782457599878
2026-06-26T07:07:19.903Z,BINANCE,ETHUSDT,1573.3,1318.4254,2,1782457598053
2026-06-26T07:10:39.179Z,BINANCE,ETHUSDT,1575.19,3219.68836,2,1782457819208
2026-06-26T07:14:55.863Z,BINANCE,ETHUSDT,1576.97,630.788,2,1782458087390
2026-06-26T07:14:55.863Z,BINANCE,ETHUSDT,1576.4,108.7716,2,1782458075267
2026-06-26T07:14:55.863Z,BINANCE,ETHUSDT,1575.89,6908.70176,2,1782458072360
2026-06-26T07:14:55.863Z,BINANCE,ETHUSDT,1576,6070.752,2,1782458068511
2026-06-26T07:14:55.863Z,BINANCE,ETHUSDT,1575.92,146.56056,2,1782458066578
2026-06-26T07:14:55.863Z,BINANCE,ETHUSDC,1573.92,41121.80784,2,1782458065377
2026-06-26T07:14:55.863Z,BINANCE,ETHUSDT,1575.84,3978.996,2,1782458065240
2026-06-26T07:14:55.863Z,BINANCE,ETHUSDT,1574,341.558,2,1782458039514
2026-06-26T07:16:16.101Z,BINANCE,ETHUSDT,1578.5,374.1045,2,1782458149252
2026-06-26T07:16:16.101Z,BINANCE,ETHUSDT,1578.5,15290.9295,2,1782458147711
2026-06-26T07:16:16.101Z,BINANCE,ETHUSDT,1578.5,508.277,2,1782458147115
2026-06-26T07:16:16.101Z,BINANCE,ETHUSDT,1578.32,8062.05856,2,1782458145332
2026-06-26T07:16:16.101Z,BINANCE,ETHUSDT,1577.34,124.60986,2,1782458140366
2026-06-26T07:16:16.101Z,BINANCE,ETHUSDT,1577.22,12169.82952,2,1782458128303
2026-06-26T07:16:16.101Z,BINANCE,ETHUSDT,1576.42,9458.52,2,1782458097144
2026-06-26T07:17:08.943Z,BINANCE,ETHUSDT,1578.68,1566.05056,2,1782458201609
2026-06-26T07:17:08.943Z,BINANCE,ETHUSDC,1577.01,944.62899,2,1782458196228
2026-06-26T07:17:08.943Z,BINANCE,ETHUSDT,1578.95,5910.00985,2,1782458173274
2026-06-26T07:17:08.943Z,BINANCE,ETHUSDT,1578.95,9006.3308,2,1782458171473
2026-06-26T07:17:08.943Z,BINANCE,ETHUSDT,1578.65,400.9771,2,1782458168482
2026-06-26T07:17:08.943Z,BINANCE,ETHUSDT,1578.65,154.7077,2,1782458167124
2026-06-26T07:17:08.943Z,BINANCE,ETHUSDT,1578.66,490.96326,2,1782458165323
2026-06-26T07:18:18.229Z,BINANCE,ETHUSDT,1579.31,1029.71012,2,1782458278283
2026-06-26T07:18:18.229Z,BINANCE,ETHUSDT,1579.45,860.80025,2,1782458277297
2026-06-26T07:18:18.229Z,BINANCE,ETHUSDT,1579.43,5981.30141,2,1782458276251
2026-06-26T07:18:18.229Z,BINANCE,ETHUSDT,1579.02,701.08488,2,1782458273123
2026-06-26T07:18:18.229Z,BINANCE,ETHUSDT,1579.2,923.832,2,1782458267351
2026-06-26T07:18:18.229Z,BINANCE,ETHUSD_260626,1579.01,100,2,1782458266493
2026-06-26T07:18:18.229Z,BINANCE,ETHUSDT,1579.06,232.12182,2,1782458240514
2026-06-26T07:28:30.586Z,BINANCE,ETHUSDT,1579.58,758.1984,2,1782458902641
2026-06-26T07:28:30.586Z,BINANCE,ETHUSDT,1579.58,2028.18072,2,1782458902295
2026-06-26T07:28:30.586Z,BINANCE,ETHUSDC,1577.63,2409.04101,2,1782458900274
2026-06-26T07:28:30.586Z,BINANCE,ETHUSDT,1579.63,1579.63,2,1782458900056
2026-06-26T07:28:30.586Z,BINANCE,ETHUSDT,1579.04,1883.79472,2,1782458898265
2026-06-26T07:32:05.742Z,BINANCE,ETHUSDT,1581.34,1413.71796,2,1782459113585
2026-06-26T07:32:05.742Z,BINANCE,ETHUSDT,1581.74,3163.48,2,1782459111281
2026-06-26T07:32:05.742Z,BINANCE,ETHUSDT,1581.55,2562.111,2,1782459105706
2026-06-26T07:32:05.742Z,BINANCE,ETHUSDT,1581.61,21862.59503,2,1782459104988
2026-06-26T07:32:05.742Z,BINANCE,ETHUSDT,1581.11,912.30047,2,1782459081333
2026-06-26T07:32:05.742Z,BINANCE,ETHUSDT,1580.92,1580.92,2,1782459074487
2026-06-26T07:32:05.742Z,BINANCE,ETHUSDT,1580.84,2483.49964,2,1782459073076
2026-06-26T07:32:05.742Z,BINANCE,ETHUSDT,1580.78,31615.6,2,1782459062153
2026-06-26T07:32:05.742Z,BINANCE,ETHUSDT,1580.28,2327.75244,2,1782459055367
2026-06-26T07:32:05.742Z,BINANCE,ETHUSDT,1580.41,33474.66421,2,1782459054386
2026-06-26T07:33:08.824Z,BINANCE,ETHUSDT,1584.13,12064.73408,2,1782459183081
2026-06-26T07:33:08.824Z,BINANCE,ETHUSDT,1583.52,2281.85232,2,1782459152581
2026-06-26T07:33:08.824Z,BINANCE,ETHUSDT,1583.84,51267.31696,2,1782459151189
2026-06-26T07:33:08.824Z,BINANCE,ETHUSDT,1583.44,83610.38232,2,1782459150127
2026-06-26T07:33:08.824Z,BINANCE,ETHUSDT,1583.11,826.38342,2,1782459146352
2026-06-26T07:33:08.824Z,BINANCE,ETHUSDC,1581.13,1204.82106,2,1782459143249
2026-06-26T07:33:08.824Z,BINANCE,ETHUSDT,1583.08,94984.8,2,1782459143243
2026-06-26T07:33:08.824Z,BINANCE,ETHUSDT,1582.95,8332.6488,2,1782459142045
2026-06-26T07:36:55.174Z,BINANCE,ETHUSDT,1580.11,200.67397,2,1782459382252
2026-06-26T07:39:17.617Z,BINANCE,ETHUSDT,1583.52,13347.49008,2,1782459527493
2026-06-26T07:39:17.617Z,BINANCE,ETHUSDT,1583.67,954.95301,2,1782459514486
2026-06-26T07:40:20.687Z,BINANCE,ETHUSDT,1584.67,2714.53971,2,1782459601837
2026-06-26T07:40:20.687Z,BINANCE,ETHUSDT,1585.14,8708.75916,2,1782459599694
2026-06-26T07:40:20.687Z,BINANCE,ETHUSDT,1584.9,12119.7303,2,1782459595495
2026-06-26T07:40:20.687Z,BINANCE,ETHUSDT,1584.86,8431.4552,2,1782459593472
2026-06-26T07:40:20.687Z,BINANCE,ETHUSDT,1584.86,2104.69408,2,1782459593270
2026-06-26T07:40:20.687Z,BINANCE,ETHUSDC,1583.03,250.11874,2,1782459593104
2026-06-26T07:40:20.687Z,BINANCE,ETHUSDT,1584.07,104407.63777,2,1782459588246
2026-06-26T08:00:55.730Z,BINANCE,ETHUSDT,1580.41,316.082,2,1782460832281
2026-06-26T08:02:03.888Z,BINANCE,ETHUSDT,1577.18,7885.9,1,1782460913097
2026-06-26T08:02:03.888Z,BINANCE,ETHUSDT,1577.09,842.16606,1,1782460910594
2026-06-26T08:02:03.888Z,BINANCE,ETHUSDT,1578.43,269.91153,1,1782460902400
2026-06-26T08:03:06.584Z,BINANCE,ETHUSDT,1576.56,22590.52824,1,1782460929393
2026-06-26T08:03:06.584Z,BINANCE,ETHUSDT,1576.69,517.15432,1,1782460927533
2026-06-26T08:03:06.584Z,BINANCE,ETHUSDT,1576.58,124.54982,1,1782460925265
2026-06-26T08:04:19.525Z,BINANCE,ETHUSDT,1575.3,2602.3956,1,1782461011930
2026-06-26T08:04:19.525Z,BINANCE,ETHUSDT,1575.28,1430.35424,1,1782461005994
2026-06-26T08:04:19.525Z,BINANCE,ETHUSDT,1574.74,23857.311,1,1782461004223
2026-06-26T08:06:30.745Z,BINANCE,ETHUSDT,1573.79,1595.82306,1,1782461180344
2026-06-26T08:06:30.745Z,BINANCE,ETHUSDT,1574.24,1399.49936,1,1782461176278
2026-06-26T08:06:30.745Z,BINANCE,ETHUSDT,1574.16,94482.65736,1,1782461175064
2026-06-26T08:06:30.745Z,BINANCE,ETHUSDT,1574.47,412.51114,1,1782461171772
2026-06-26T08:06:30.745Z,BINANCE,ETHUSDT,1574.59,270.82948,1,1782461170516
2026-06-26T08:07:43.833Z,BINANCE,ETHUSDT,1573.68,1219.602,1,1782461191361
2026-06-26T08:08:51.890Z,BINANCE,ETHUSDT,1571.23,3857.36965,1,1782461288789
2026-06-26T08:08:51.890Z,BINANCE,ETHUSDT,1571.72,12573.76,1,1782461287378
2026-06-26T08:08:51.890Z,BINANCE,ETHUSDT,1571.54,495.0351,1,1782461286040
2026-06-26T08:08:51.890Z,BINANCE,ETHUSDT,1572.63,3145.26,1,1782461284628
2026-06-26T08:19:27.246Z,BINANCE,ETHUSDT,1569.74,156.974,1,1782461950217
2026-06-26T08:19:27.246Z,BINANCE,ETHUSDT,1569.68,555.66672,1,1782461936416
2026-06-26T08:19:27.246Z,BINANCE,ETHUSDC,1567.87,137.97256,1,1782461935524
2026-06-26T08:19:27.246Z,BINANCE,ETHUSDT,1570.2,358.0056,1,1782461920144
2026-06-26T08:22:56.469Z,BINANCE,ETHUSDT,1574.22,23767.57356,2,1782462162056
2026-06-26T08:33:03.833Z,BINANCE,ETHUSDT,1569.35,1682.3432,1,1782462770140
2026-06-26T08:34:06.776Z,BINANCE,ETHUSDT,1568.4,138.0192,1,1782462816111
2026-06-26T08:34:06.776Z,BINANCE,ETHUSDT,1568.31,1025.67474,1,1782462811214
2026-06-26T08:34:06.776Z,BINANCE,ETHUSDT,1568.33,164.67465,1,1782462810113
2026-06-26T08:34:06.776Z,BINANCE,ETHUSDT,1568.45,3136.9,1,1782462803656
2026-06-26T08:35:14.831Z,BINANCE,ETHUSDT,1566.33,8630.4783,1,1782462863223
2026-06-26T08:35:14.831Z,BINANCE,ETHUSDT,1566.28,1290.61472,1,1782462860562
2026-06-26T08:35:14.831Z,BINANCE,ETHUSDT,1567.06,5973.63272,1,1782462856900
2026-06-26T08:35:14.831Z,BINANCE,ETHUSDT,1567,8618.5,1,1782462855283
2026-06-26T08:35:14.831Z,BINANCE,ETHUSDT,1567.33,79769.26035,1,1782462853230
2026-06-26T08:45:27.139Z,BINANCE,ETHUSDT,1566.1,159.7422,1,1782463479607
2026-06-26T08:46:29.979Z,BINANCE,ETHUSDT,1566.41,639.09528,1,1782463525192
2026-06-26T08:48:35.572Z,BINANCE,ETHUSDC,1564.08,148.5876,1,1782463669152
2026-06-26T08:49:43.559Z,BINANCE,ETHUSDT,1565.46,3259.28772,1,1782463764795
2026-06-26T08:50:51.560Z,BINANCE,ETHUSDT,1565.17,226.94965,1,1782463783236
2026-06-26T08:50:51.560Z,BINANCE,ETHUSDT,1564.78,2520.86058,1,1782463781578
2026-06-26T08:51:54.376Z,BINANCE,ETHUSDT,1564.37,2032.11663,1,1782463906387
2026-06-26T08:55:28.581Z,BINANCE,ETHUSDT,1563.5,2198.281,1,1782464120268
2026-06-26T08:55:28.581Z,BINANCE,ETHUSDT,1564.14,112.61808,1,1782464114131
2026-06-26T08:55:28.581Z,BINANCE,ETHUSDT,1564,73213.968,1,1782464106504
2026-06-26T08:56:31.488Z,BINANCE,ETHUSD_PERP,1560.71,7710,1,1782464162135
2026-06-26T08:56:31.488Z,BINANCE,ETHUSDT,1562.78,7485.7162,1,1782464161482
2026-06-26T08:56:31.488Z,BINANCE,ETHUSDT,1562.8,2981.8224,1,1782464159514
2026-06-26T08:56:31.488Z,BINANCE,ETHUSDT,1562.86,232.86614,1,1782464158398
2026-06-26T08:56:31.488Z,BINANCE,ETHUSDC,1561.1,4525.6289,1,1782464157759
2026-06-26T08:56:31.488Z,BINANCE,ETHUSDT,1562.85,212.5476,1,1782464155214
2026-06-26T08:58:42.120Z,BINANCE,ETHUSDT,1566.54,3065.71878,2,1782464292424
2026-06-26T09:01:03.476Z,BINANCE,ETHUSDT,1562.07,3214.74006,1,1782464460470
2026-06-26T09:01:03.476Z,BINANCE,ETHUSDT,1562.38,47532.28674,1,1782464460133
2026-06-26T09:03:14.964Z,BINANCE,ETHUSDT,1561.6,326.3744,1,1782464546627
2026-06-26T09:03:14.964Z,BINANCE,ETHUSDC,1559.85,170.02365,1,1782464546557
2026-06-26T09:03:14.964Z,BINANCE,ETHUSDT,1561.63,1906.75023,1,1782464545204
2026-06-26T09:04:17.748Z,BINANCE,ETHUSDT,1560.24,15602.4,1,1782464645575
2026-06-26T09:04:17.748Z,BINANCE,ETHUSDT,1560.24,986.07168,1,1782464644420
2026-06-26T09:04:17.748Z,BINANCE,ETHUSDT,1560.08,1973.5012,1,1782464641499
2026-06-26T09:04:17.748Z,BINANCE,ETHUSDT,1560.02,3965.57084,1,1782464638656
2026-06-26T09:04:17.748Z,BINANCE,ETHUSDT,1560.55,7395.44645,1,1782464635226
2026-06-26T09:04:17.748Z,BINANCE,ETHUSDT,1561.31,2354.45548,1,1782464621295
2026-06-26T09:05:20.746Z,BINANCE,ETHUSDT,1559.93,124.7944,1,1782464672465
2026-06-26T09:05:20.746Z,BINANCE,ETHUSDT,1559.8,2314.7432,1,1782464671266
2026-06-26T09:11:18.964Z,BINANCE,ETHUSDT,1562.29,1004.55247,2,1782465069716
2026-06-26T09:14:53.169Z,BINANCE,ETHUSDT,1563.2,2227.56,2,1782465278173
2026-06-26T09:23:06.677Z,BINANCE,ETHUSDT,1561.07,4214.889,1,1782465780341
2026-06-26T09:36:32.035Z,BINANCE,ETHUSDT,1564.1,47359.3839,2,1782466558460
2026-06-26T09:36:32.035Z,BINANCE,ETHUSDT,1563.85,239.26905,2,1782466550171
2026-06-26T09:36:32.035Z,BINANCE,ETHUSDT,1563.37,118.81612,2,1782466519139
2026-06-26T09:42:07.156Z,BINANCE,ETHUSDT,1566.31,4274.45999,2,1782466857676
2026-06-26T09:42:07.156Z,BINANCE,ETHUSDT,1565.57,1643.8485,2,1782466854410
2026-06-26T09:42:07.156Z,BINANCE,ETHUSDT,1565.47,190.98734,2,1782466853703
2026-06-26T09:47:42.213Z,BINANCE,ETHUSDT,1562.66,134.38876,1,1782467249519
2026-06-26T09:48:55.463Z,BINANCE,ETHUSDT,1557.87,380.12028,1,1782467304526
2026-06-26T09:48:55.463Z,BINANCE,ETHUSDT,1557.69,8291.58387,1,1782467300551
2026-06-26T09:48:55.463Z,BINANCE,ETHUSDT,1557.89,7789.45,1,1782467295658
2026-06-26T09:48:55.463Z,BINANCE,ETHUSDT,1557.67,74389.64619,1,1782467294614
2026-06-26T09:48:55.463Z,BINANCE,ETHUSDC,1555.84,421.63264,1,1782467294387
2026-06-26T09:48:55.463Z,BINANCE,ETHUSDT,1559.13,134872.54065,1,1782467290490
2026-06-26T09:50:04.375Z,BINANCE,ETHUSDT,1555.24,2559.92504,1,1782467390268
2026-06-26T09:50:04.375Z,BINANCE,ETHUSDT,1555.61,25530.67132,1,1782467385733
2026-06-26T09:50:04.375Z,BINANCE,ETHUSDT,1555.17,2455.61343,1,1782467384387
2026-06-26T09:50:04.375Z,BINANCE,ETHUSDT,1555.52,398.21312,1,1782467379978
2026-06-26T09:50:04.375Z,BINANCE,ETHUSDT,1555.58,23333.7,1,1782467378639
2026-06-26T09:50:04.375Z,BINANCE,ETHUSDT,1555.75,553.847,1,1782467378083
2026-06-26T09:50:04.375Z,BINANCE,ETHUSDC,1554.09,4873.62624,1,1782467377727
2026-06-26T09:50:04.375Z,BINANCE,ETHUSDT,1555.47,49896.36666,1,1782467376699
2026-06-26T09:50:04.375Z,BINANCE,ETHUSDT,1556.93,1662.80124,1,1782467370438
2026-06-26T09:50:04.375Z,BINANCE,ETHUSDT,1557.26,6229.04,1,1782467366851
2026-06-26T09:50:04.375Z,BINANCE,ETHUSDT,1557.65,124612,1,1782467350227
2026-06-26T09:50:04.375Z,BINANCE,ETHUSDT,1557.82,1456.5617,1,1782467347534
2026-06-26T09:55:18.360Z,BINANCE,ETHUSDT,1556.55,264.6135,2,1782467706318
2026-06-26T09:55:18.360Z,BINANCE,ETHUSDT,1556.2,339.2516,2,1782467704100
2026-06-26T09:55:18.360Z,BINANCE,ETHUSDT,1555.33,35284.21638,2,1782467701418
2026-06-26T09:55:18.360Z,BINANCE,ETHUSDT,1555.14,2996.75478,2,1782467692136
2026-06-26T09:55:18.360Z,BINANCE,ETHUSDT,1554.41,1613.47758,2,1782467673649
2026-06-26T09:55:18.360Z,BINANCE,ETHUSDT,1553.21,2519.30662,2,1782467671084
2026-06-26T09:55:18.360Z,BINANCE,ETHUSDT,1548.59,4645.77,1,1782467626147
2026-06-26T09:55:18.360Z,BINANCE,ETHUSDT,1548.86,442.97396,1,1782467579188
2026-06-26T09:55:18.360Z,BINANCE,ETHUSDT,1549.16,46474.8,1,1782467572482
2026-06-26T09:55:18.360Z,BINANCE,ETHUSDT,1549.41,87199.24539,1,1782467567399
2026-06-26T09:55:18.360Z,BINANCE,ETHUSDT,1549.44,46483.2,1,1782467567082
2026-06-26T09:55:18.360Z,BINANCE,ETHUSD_PERP,1546.86,950,1,1782467566031
2026-06-26T09:55:18.360Z,BINANCE,ETHUSDT,1550.49,5822.08995,1,1782467564580
2026-06-26T09:55:18.360Z,BINANCE,ETHUSDT,1550.36,21624.42128,1,1782467563454
2026-06-26T09:55:18.360Z,BINANCE,ETHUSDC,1548.93,297.39456,1,1782467562464
2026-06-26T09:55:18.360Z,BINANCE,ETHUSDT,1551.14,648.37652,1,1782467556243
2026-06-26T09:55:18.360Z,BINANCE,ETHUSDT,1550.52,1246.61808,1,1782467555186
2026-06-26T09:55:18.360Z,BINANCE,ETHUSDT,1551,291.588,1,1782467554176
2026-06-26T09:55:18.360Z,BINANCE,ETHUSDT,1551.61,1841.76107,1,1782467549459
2026-06-26T09:55:18.360Z,BINANCE,ETHUSDT,1551.58,775.79,1,1782467546144
2026-06-26T09:55:18.360Z,BINANCE,ETHUSDT,1551.35,1163.5125,1,1782467544881
2026-06-26T09:55:18.360Z,BINANCE,ETHUSDC,1549.74,244.85892,1,1782467544378
2026-06-26T09:55:18.360Z,BINANCE,ETHUSDT,1551.57,16286.83029,1,1782467542275
2026-06-26T09:55:18.360Z,BINANCE,ETHUSDT,1551.87,813.17988,1,1782467540355
2026-06-26T09:55:18.360Z,BINANCE,ETHUSDT,1551.89,4585.83495,1,1782467512433
2026-06-26T09:55:18.360Z,BINANCE,ETHUSDT,1552.07,155207,1,1782467512056
2026-06-26T09:55:18.360Z,BINANCE,ETHUSDT,1553.31,705.20274,1,1782467506653
2026-06-26T09:55:18.360Z,BINANCE,ETHUSDT,1553.42,122.72018,1,1782467506225
2026-06-26T09:55:18.360Z,BINANCE,ETHUSDT,1553.58,8557.11864,1,1782467501083
2026-06-26T09:55:18.360Z,BINANCE,ETHUSDT,1553.53,1781.89891,1,1782467494584
2026-06-26T09:55:18.360Z,BINANCE,ETHUSDT,1553.93,10457.9489,1,1782467493582
2026-06-26T09:55:18.360Z,BINANCE,ETHUSDC,1552.25,3574.83175,1,1782467493530
2026-06-26T09:59:55.175Z,BINANCE,ETHUSDT,1551.6,12488.8284,1,1782467920112
2026-06-26T10:01:03.411Z,BINANCE,ETHUSDT,1550.22,133.31892,1,1782468014681
2026-06-26T10:01:03.411Z,BINANCE,ETHUSDT,1550.66,234.14966,1,1782468013546
2026-06-26T10:02:06.298Z,BINANCE,ETHUSDT,1549.32,3884.14524,1,1782468121068
2026-06-26T10:02:06.298Z,BINANCE,ETHUSDT,1549.12,6966.39264,1,1782468109354
2026-06-26T10:03:14.299Z,BINANCE,ETHUSDT,1548.52,1361.14908,1,1782468150233
2026-06-26T10:03:14.299Z,BINANCE,ETHUSDT,1548.67,382.52149,1,1782468147611
2026-06-26T10:08:38.865Z,BINANCE,ETHUSDT,1552.14,327.50154,1,1782468506592
2026-06-26T10:14:05.968Z,BINANCE,ETHUSDT,1554.01,744.37079,2,1782468832124
2026-06-26T10:17:30.124Z,BINANCE,ETHUSDT,1554.67,413.54222,2,1782468979522
2026-06-26T10:34:40.943Z,BINANCE,ETHUSDT,1552.73,173.90576,1,1782470065344
2026-06-26T10:38:15.091Z,BINANCE,ETHUSDT,1550.15,996.74645,1,1782470272477
2026-06-26T10:38:15.091Z,BINANCE,ETHUSDT,1550.31,2303.76066,1,1782470268249
2026-06-26T10:39:17.904Z,BINANCE,ETHUSDT,1549.05,13530.95175,1,1782470307513
2026-06-26T10:39:17.904Z,BINANCE,ETHUSDT,1549.67,269.64258,1,1782470303057
2026-06-26T10:40:22.423Z,BINANCE,ETHUSDT,1544.73,386.1825,1,1782470386435
2026-06-26T10:40:22.423Z,BINANCE,ETHUSDT,1544.65,1031.8262,1,1782470385235
2026-06-26T10:40:22.423Z,BINANCE,ETHUSDT,1544.85,1544.85,1,1782470379444
2026-06-26T10:40:22.423Z,BINANCE,ETHUSDT,1544.64,705.90048,1,1782470377538
2026-06-26T10:40:22.423Z,BINANCE,ETHUSDT,1544.54,4224.3169,1,1782470376100
2026-06-26T10:40:22.423Z,BINANCE,ETHUSDT,1544.66,7125.51658,1,1782470373549
2026-06-26T10:40:22.423Z,BINANCE,ETHUSDT,1544.86,145263.1858,1,1782470372579
2026-06-26T10:40:22.423Z,BINANCE,ETHUSDC,1543.25,1515.4715,1,1782470372473
2026-06-26T10:40:22.423Z,BINANCE,ETHUSDT,1544.85,4262.24115,1,1782470371664
2026-06-26T10:40:22.423Z,BINANCE,ETHUSDT,1544.83,52349.65421,1,1782470370711
2026-06-26T10:40:22.423Z,BINANCE,ETHUSDC,1543.73,308.746,1,1782470367667
2026-06-26T10:40:22.423Z,BINANCE,ETHUSDT,1545.45,11751.6018,1,1782470367601
2026-06-26T10:40:22.423Z,BINANCE,ETHUSDT,1545.09,17291.10219,1,1782470366923
2026-06-26T10:40:22.423Z,BINANCE,ETHUSDC,1544.53,772.265,1,1782470365749
2026-06-26T10:40:22.423Z,BINANCE,ETHUSDT,1545.96,9190.7322,1,1782470365486
2026-06-26T10:40:22.423Z,BINANCE,ETHUSD_PERP,1543.19,20180,1,1782470365073
2026-06-26T10:40:22.423Z,BINANCE,ETHUSDT,1545.49,50981.07863,1,1782470364475
2026-06-26T10:47:56.402Z,BINANCE,ETHUSDT,1545.73,626.02065,1,1782470856459
2026-06-26T10:47:56.402Z,BINANCE,ETHUSDT,1546.17,1236.936,1,1782470848193
2026-06-26T10:49:04.787Z,BINANCE,ETHUSDT,1546.63,96969.06111,1,1782470876501
2026-06-26T10:52:18.900Z,BINANCE,ETHUSDT,1545.75,2088.30825,1,1782471120532
2026-06-26T10:58:03.654Z,BINANCE,ETHUSDT,1547.23,1047.47471,1,1782471478219
2026-06-26T10:59:06.682Z,BINANCE,ETHUSDT,1545.46,1316.73192,1,1782471537245
2026-06-26T10:59:06.682Z,BINANCE,ETHUSDT,1544.96,12875.69664,1,1782471531506
2026-06-26T10:59:06.682Z,BINANCE,ETHUSDC,1543.47,4020.73935,1,1782471524457
2026-06-26T10:59:06.682Z,BINANCE,ETHUSDT,1545.03,6947.99991,1,1782471522358
2026-06-26T10:59:06.682Z,BINANCE,ETHUSDT,1546.33,944.80763,1,1782471514104
2026-06-26T11:04:32.756Z,BINANCE,ETHUSDC,1551.64,791.3364,2,1782471840488
2026-06-26T11:04:32.756Z,BINANCE,ETHUSDT,1554.19,4698.31637,2,1782471838472
2026-06-26T11:04:32.756Z,BINANCE,ETHUSDT,1552.85,256.22025,2,1782471834196
2026-06-26T11:04:32.756Z,BINANCE,ETHUSDC,1550.81,2282.79232,2,1782471823454
2026-06-26T11:04:32.756Z,BINANCE,ETHUSDT,1552.79,776.395,2,1782471823083
2026-06-26T11:04:32.756Z,BINANCE,ETHUSDT,1553.38,100.9697,2,1782471821440
2026-06-26T11:04:32.756Z,BINANCE,ETHUSDT,1551.71,3595.31207,2,1782471819114
2026-06-26T11:04:32.756Z,BINANCE,ETHUSDT,1551,4724.346,2,1782471817560
2026-06-26T11:04:32.756Z,BINANCE,ETHUSDT,1549.87,14934.54732,2,1782471815610
2026-06-26T11:06:16.641Z,BINANCE,ETHUSDT,1554.21,4491.6669,2,1782471920324
2026-06-26T11:06:16.641Z,BINANCE,ETHUSDT,1553.64,31072.8,2,1782471910433
2026-06-26T11:09:50.961Z,BINANCE,ETHUSDT,1549.31,198.31168,1,1782472180527
2026-06-26T11:16:34.407Z,BINANCE,ETHUSDT,1548.09,1175.00031,1,1782472548421
2026-06-26T11:17:42.544Z,BINANCE,ETHUSDT,1548.57,145.56558,2,1782472616679
2026-06-26T11:18:56.713Z,BINANCE,ETHUSDT,1545.21,1494.21807,1,1782472700141
2026-06-26T11:18:56.713Z,BINANCE,ETHUSDT,1545.26,1401.55082,1,1782472699082
2026-06-26T11:18:56.713Z,BINANCE,ETHUSDT,1545.79,13488.56354,1,1782472678447
2026-06-26T11:18:56.713Z,BINANCE,ETHUSDT,1545.92,3030.0032,1,1782472676498
2026-06-26T11:18:56.713Z,BINANCE,ETHUSDT,1546,7655.792,1,1782472674523
2026-06-26T11:18:56.713Z,BINANCE,ETHUSDT,1546.88,7406.46144,1,1782472669420
2026-06-26T11:18:56.713Z,BINANCE,ETHUSDT,1547.51,767.56496,1,1782472667405
2026-06-26T11:18:56.713Z,BINANCE,ETHUSDT,1547.9,900.8778,1,1782472664180
2026-06-26T11:30:08.891Z,BINANCE,ETHUSDT,1545.16,115.887,1,1782473358191
2026-06-26T11:30:08.891Z,BINANCE,ETHUSDT,1544.58,976.17456,1,1782473344432
2026-06-26T11:32:30.309Z,BINANCE,ETHUSDT,1546.37,298.44941,1,1782473517605
2026-06-26T11:40:21.505Z,BINANCE,ETHUSDT,1546.33,995.83652,1,1782474016311
2026-06-26T11:51:43.207Z,BINANCE,ETHUSDC,1539.79,440.37994,1,1782474696328
2026-06-26T11:51:43.207Z,BINANCE,ETHUSDT,1542.24,146.5128,1,1782474660628
2026-06-26T11:51:43.207Z,BINANCE,ETHUSDC,1539.83,6627.42832,1,1782474659588
2026-06-26T11:51:43.207Z,BINANCE,ETHUSDT,1541.28,154128,1,1782474659149
2026-06-26T11:51:43.207Z,BINANCE,ETHUSDT,1542.09,4968.61398,1,1782474658198
2026-06-26T11:51:43.207Z,BINANCE,ETHUSD_PERP,1539.91,120,1,1782474658075
2026-06-26T11:54:09.671Z,BINANCE,ETHUSDT,1541.44,263.58624,1,1782474838091
2026-06-26T11:54:09.671Z,BINANCE,ETHUSDT,1540.71,159666.85872,1,1782474819587
2026-06-26T11:54:09.671Z,BINANCE,ETHUSDT,1540.66,127249.27204,1,1782474818522
2026-06-26T11:54:09.671Z,BINANCE,ETHUSD_PERP,1538.37,60000,1,1782474817031
2026-06-26T12:02:04.781Z,BINANCE,ETHUSDT,1546.28,199.47012,2,1782475308462
2026-06-26T12:05:54.135Z,BINANCE,ETHUSDT,1548.5,1003.428,2,1782475533407
2026-06-26T12:05:54.135Z,BINANCE,ETHUSDT,1547.89,216.7046,2,1782475531291
2026-06-26T12:05:54.135Z,BINANCE,ETHUSDT,1547.79,340.5138,2,1782475515448
2026-06-26T12:11:30.242Z,BINANCE,ETHUSDT,1542.11,1064.0559,1,1782475837563
2026-06-26T12:12:43.488Z,BINANCE,ETHUSDT,1544.78,398.55324,1,1782475956455
2026-06-26T12:16:07.516Z,BINANCE,ETHUSDT,1547.1,211.9527,2,1782476153102
2026-06-26T12:18:19.530Z,BINANCE,ETHUSDT,1548.67,173.45104,2,1782476287334
2026-06-26T12:27:41.336Z,BINANCE,ETHUSDT,1550.22,153.47178,2,1782476811209
2026-06-26T12:33:26.861Z,BINANCE,ETHUSDT,1552.44,99679.06752,2,1782477194474
2026-06-26T12:33:26.861Z,BINANCE,ETHUSDT,1551.95,147387.13955,2,1782477189193
2026-06-26T12:33:26.861Z,BINANCE,ETHUSDT,1551.81,965.22582,2,1782477185483
2026-06-26T12:33:26.861Z,BINANCE,ETHUSDT,1551.28,63070.39096,2,1782477183512
2026-06-26T12:34:29.849Z,BINANCE,ETHUSDT,1557.63,5386.28454,2,1782477245302
2026-06-26T12:34:29.849Z,BINANCE,ETHUSDT,1559.4,4609.5864,2,1782477243619
2026-06-26T12:34:29.849Z,BINANCE,ETHUSDT,1557.4,36307.6662,2,1782477240680
2026-06-26T12:34:29.849Z,BINANCE,ETHUSDT,1557.1,28111.8834,2,1782477237619
2026-06-26T12:34:29.849Z,BINANCE,ETHUSDT,1556.98,4183.60526,2,1782477235582
2026-06-26T12:34:29.849Z,BINANCE,ETHUSDT,1556.09,42568.39804,2,1782477231209
2026-06-26T12:34:29.849Z,BINANCE,ETHUSDT,1556.28,1481.57856,2,1782477230262
2026-06-26T12:34:29.849Z,BINANCE,ETHUSDT,1556.36,677.0166,2,1782477229841
2026-06-26T12:34:29.849Z,BINANCE,ETHUSD_PERP,1554.32,130,2,1782477229129
2026-06-26T12:34:29.849Z,BINANCE,ETHUSDT,1554,643.356,2,1782477223387
2026-06-26T12:35:40.597Z,BINANCE,ETHUSDT,1553.13,3204.10719,1,1782477313195
2026-06-26T12:36:53.823Z,BINANCE,ETHUSDT,1550,323.95,1,1782477391216
2026-06-26T12:38:07.016Z,BINANCE,ETHUSDT,1546.91,312.47582,1,1782477466505
2026-06-26T12:38:07.016Z,BINANCE,ETHUSDT,1547.01,3977.36271,1,1782477464355
2026-06-26T12:41:28.330Z,BINANCE,ETHUSDT,1533.39,11531.0928,2,1782477658509
2026-06-26T12:41:28.330Z,BINANCE,ETHUSDT,1532.29,720.1763,2,1782477654540
2026-06-26T12:41:28.330Z,BINANCE,ETHUSDT,1532.89,9047.11678,2,1782477653299
2026-06-26T12:41:28.330Z,BINANCE,ETHUSDT,1532.46,29844.6585,2,1782477652286
2026-06-26T12:41:28.330Z,BINANCE,ETHUSDT,1528.76,4442.57656,1,1782477645339
2026-06-26T12:41:28.330Z,BINANCE,ETHUSDT_261225,1546.84,306.27432,1,1782477638240
2026-06-26T12:41:28.330Z,BINANCE,ETHUSDT,1528.89,37333.96491,1,1782477637443
2026-06-26T12:41:28.330Z,BINANCE,ETHUSD_PERP,1526.31,9570,1,1782477637064
2026-06-26T12:41:28.330Z,BINANCE,ETHUSDT,1528.14,4917.55452,1,1782477635597
2026-06-26T12:41:28.330Z,BINANCE,ETHUSDT,1528.78,30575.6,1,1782477635105
2026-06-26T12:41:28.330Z,BINANCE,ETHUSDT,1528.7,7973.6992,1,1782477633617
2026-06-26T12:41:28.330Z,BINANCE,ETHUSDC,1527.19,6208.02735,1,1782477633617
2026-06-26T12:41:28.330Z,BINANCE,ETHUSDT,1528.8,3057.6,1,1782477632397
2026-06-26T12:41:28.330Z,BINANCE,ETHUSDC,1526.65,15266.5,1,1782477630560
2026-06-26T12:41:28.330Z,BINANCE,ETHUSDT,1528.7,125069.0618,1,1782477630252
2026-06-26T12:41:28.330Z,BINANCE,ETHUSDT,1529.13,57409.65672,1,1782477629586
2026-06-26T12:41:28.330Z,BINANCE,ETHUSD_PERP,1527.29,16290,1,1782477629104
2026-06-26T12:41:28.330Z,BINANCE,ETHUSDT,1530.3,1742884.6851,1,1782477627470
2026-06-26T12:41:28.330Z,BINANCE,ETHUSDT,1531.51,385.94052,1,1782477625548
2026-06-26T12:41:28.330Z,BINANCE,ETHUSDT,1531.24,22968.6,1,1782477624583
2026-06-26T12:41:28.330Z,BINANCE,ETHUSDT,1530.69,151460.24481,1,1782477623562
2026-06-26T12:41:28.330Z,BINANCE,ETHUSDT,1532.63,1226.104,1,1782477620593
2026-06-26T12:41:28.330Z,BINANCE,ETHUSDC,1530.37,108.65627,1,1782477620254
2026-06-26T12:41:28.330Z,BINANCE,ETHUSDT,1531.4,108132.154,1,1782477619486
2026-06-26T12:41:28.330Z,BINANCE,ETHUSDT,1530.76,2443.09296,1,1782477619083
2026-06-26T12:41:28.330Z,BINANCE,ETHUSDT,1533.12,3122.96544,1,1782477611538
2026-06-26T12:41:28.330Z,BINANCE,ETHUSDT,1533.64,509.16848,1,1782477605697
2026-06-26T12:41:28.330Z,BINANCE,ETHUSDC,1531.84,3688.67072,1,1782477605622
2026-06-26T12:41:28.330Z,BINANCE,ETHUSDC,1531.63,49621.74874,1,1782477604331
2026-06-26T12:41:28.330Z,BINANCE,ETHUSDT,1532.99,72695.91879,1,1782477604088
2026-06-26T12:41:28.330Z,BINANCE,ETHUSD_PERP,1530.69,3610,1,1782477604085
2026-06-26T12:41:28.330Z,BINANCE,ETHUSDT,1531.43,96921.14184,1,1782477602581
2026-06-26T12:41:28.330Z,BINANCE,ETHUSDT,1535.62,153562,1,1782477600727
2026-06-26T12:41:28.330Z,BINANCE,ETHUSDT,1536.31,4608.93,1,1782477598685
2026-06-26T12:41:28.330Z,BINANCE,ETHUSDC,1534.43,1195.32097,1,1782477598136
2026-06-26T12:41:28.330Z,BINANCE,ETHUSDT,1535.45,153545,1,1782477597615
2026-06-26T12:41:28.330Z,BINANCE,ETHUSDT,1536.72,149482.90128,1,1782477597291
2026-06-26T12:41:28.330Z,BINANCE,ETHUSDC,1535.14,27124.38866,1,1782477597282
2026-06-26T12:41:28.330Z,BINANCE,ETHUSD_PERP,1534.73,360,1,1782477597092
2026-06-26T12:41:28.330Z,BINANCE,ETHUSDT,1536.77,12693.7202,1,1782477596087
2026-06-26T12:41:28.330Z,BINANCE,ETHUSDT,1540.21,116851.11207,1,1782477594615
2026-06-26T12:41:28.330Z,BINANCE,ETHUSDT,1541.83,13460.1759,1,1782477589631
2026-06-26T12:41:28.330Z,BINANCE,ETHUSDT,1541.63,3399.29415,1,1782477588631
2026-06-26T12:41:28.330Z,BINANCE,ETHUSDT,1542.35,13506.35895,1,1782477585199
2026-06-26T12:41:28.330Z,BINANCE,ETHUSDT,1542.21,1613.15166,1,1782477584132
2026-06-26T12:41:28.330Z,BINANCE,ETHUSDT,1543.52,175.96128,1,1782477498343
2026-06-26T12:41:28.330Z,BINANCE,ETHUSDT,1543.49,16402.66823,1,1782477495292
2026-06-26T12:41:28.330Z,BINANCE,ETHUSDT,1545.31,3106.0731,1,1782477493057
2026-06-26T12:41:28.330Z,BINANCE,ETHUSDT,1546.08,10873.58064,1,1782477490210
2026-06-26T12:44:29.105Z,BINANCE,ETHUSDT,1531.95,211.4091,2,1782477865501
2026-06-26T12:44:29.105Z,BINANCE,ETHUSDC,1525.42,967.11628,1,1782477838603
2026-06-26T12:44:29.105Z,BINANCE,ETHUSDT,1526.82,6107.28,1,1782477838438
2026-06-26T12:44:29.105Z,BINANCE,ETHUSDT,1526.92,28373.22744,1,1782477837189
2026-06-26T12:44:29.105Z,BINANCE,ETHUSDT,1526.94,31366.40148,1,1782477835502
2026-06-26T12:44:29.105Z,BINANCE,ETHUSDC,1526.07,436.45602,1,1782477833493
2026-06-26T12:44:29.105Z,BINANCE,ETHUSDT,1528.51,2343.20583,1,1782477831338
2026-06-26T12:44:29.105Z,BINANCE,ETHUSDT,1528.27,3768.71382,1,1782477820513
2026-06-26T12:44:29.105Z,BINANCE,ETHUSDT,1528.36,6335.0522,1,1782477819368
2026-06-26T12:44:29.105Z,BINANCE,ETHUSDT,1528.66,15286.6,1,1782477818087
2026-06-26T12:44:29.105Z,BINANCE,ETHUSDT,1529.86,113.20964,1,1782477812763
2026-06-26T12:44:29.105Z,BINANCE,ETHUSDT,1529.35,1968.27345,1,1782477811662
2026-06-26T12:44:29.105Z,BINANCE,ETHUSDT,1529.64,305.928,1,1782477795093
2026-06-26T12:44:29.105Z,BINANCE,ETHUSDT,1530.53,15305.3,1,1782477757481
2026-06-26T12:44:29.105Z,BINANCE,ETHUSDT,1530.19,504.9627,1,1782477688432
2026-06-26T12:45:32.008Z,BINANCE,ETHUSDT,1529.37,103.99716,2,1782477917418
2026-06-26T12:45:32.008Z,BINANCE,ETHUSDT,1527.38,1263.14326,1,1782477910149
2026-06-26T12:45:32.008Z,BINANCE,ETHUSDT,1528.36,36492.65172,1,1782477906521
2026-06-26T12:46:55.503Z,BINANCE,ETHUSDT,1541.69,5892.33918,2,1782477979636
2026-06-26T12:46:55.503Z,BINANCE,ETHUSDC,1541.09,43338.53298,2,1782477975500
2026-06-26T12:46:55.503Z,BINANCE,ETHUSDT,1542.56,2341.60608,2,1782477975074
2026-06-26T12:46:55.503Z,BINANCE,ETHUSDT,1541.47,70907.62,2,1782477973398
2026-06-26T12:46:55.503Z,BINANCE,ETHUSDC,1537.22,20910.80366,2,1782477970198
2026-06-26T12:46:55.503Z,BINANCE,ETHUSDT,1538.84,6863.2264,2,1782477969460
2026-06-26T12:46:55.503Z,BINANCE,ETHUSDC,1537.72,307.544,2,1782477968369
2026-06-26T12:46:55.503Z,BINANCE,ETHUSDT,1539.74,209.40464,2,1782477968209
2026-06-26T12:46:55.503Z,BINANCE,ETHUSDT,1541.12,135271.808,2,1782477967157
2026-06-26T12:46:55.503Z,BINANCE,ETHUSDT,1538.79,33944.16861,2,1782477966559
2026-06-26T12:46:55.503Z,BINANCE,ETHUSDT,1536.54,13828.86,2,1782477957318
2026-06-26T12:46:55.503Z,BINANCE,ETHUSDT,1535.77,500.66102,2,1782477948329
2026-06-26T12:46:55.503Z,BINANCE,ETHUSDT,1534.53,851.66415,2,1782477946261
2026-06-26T12:49:56.451Z,BINANCE,ETHUSDT,1536.5,768.25,1,1782478148296
2026-06-26T13:00:54.861Z,BINANCE,ETHUSDT,1535.97,769.52097,1,1782478813415
2026-06-26T13:00:54.861Z,BINANCE,ETHUSDT,1535.19,26323.90293,1,1782478798156
2026-06-26T13:00:54.861Z,BINANCE,ETHUSDT,1535.19,1495.27506,1,1782478796583
2026-06-26T13:00:54.861Z,BINANCE,ETHUSDT,1535.22,2886.2136,1,1782478795570
2026-06-26T13:00:54.861Z,BINANCE,ETHUSDT,1536.38,3003.6229,1,1782478789172
2026-06-26T13:02:19.047Z,BINANCE,ETHUSDT,1534.99,155.03399,1,1782478879466
2026-06-26T13:05:39.320Z,BINANCE,ETHUSDT,1532.69,5948.36989,1,1782479129175
2026-06-26T13:05:39.320Z,BINANCE,ETHUSDT,1533.12,4121.02656,1,1782479111637
2026-06-26T13:05:39.320Z,BINANCE,ETHUSDT,1533.11,3743.85462,1,1782479110593
2026-06-26T13:05:39.320Z,BINANCE,ETHUSDT,1534.1,1768.8173,1,1782479081266
2026-06-26T13:10:26.282Z,BINANCE,ETHUSDT,1530.97,11408.78844,1,1782479400472
2026-06-26T13:10:26.282Z,BINANCE,ETHUSDT,1530.63,537.25113,1,1782479399085
2026-06-26T13:10:26.282Z,BINANCE,ETHUSDT,1530.89,162.27434,1,1782479388332
2026-06-26T13:10:26.282Z,BINANCE,ETHUSDT,1531.64,26191.044,1,1782479372161
2026-06-26T13:11:29.773Z,BINANCE,ETHUSDT,1530.35,1530.35,1,1782479439363
2026-06-26T13:11:29.773Z,BINANCE,ETHUSDC,1528.79,609.98721,1,1782479434662
2026-06-26T13:11:29.773Z,BINANCE,ETHUSDT,1530.36,15303.6,1,1782479433567
2026-06-26T13:12:42.890Z,BINANCE,ETHUSDC,1536.93,176.74695,2,1782479559407
2026-06-26T13:12:42.890Z,BINANCE,ETHUSDT,1539.31,6021.78072,2,1782479558189
2026-06-26T13:12:42.890Z,BINANCE,ETHUSDT,1539.61,1428.75808,2,1782479556550
2026-06-26T13:12:42.890Z,BINANCE,ETHUSDT,1535.24,291.6956,2,1782479524619
2026-06-26T13:18:03.916Z,BINANCE,ETHUSDT,1530.64,1278.0844,1,1782479829322
2026-06-26T13:18:03.916Z,BINANCE,ETHUSDT,1530.8,15781.0172,1,1782479826139
2026-06-26T13:18:03.916Z,BINANCE,ETHUSDT,1530.64,2885.2564,1,1782479824376
2026-06-26T13:18:03.916Z,BINANCE,ETHUSDT,1531.7,1525.5732,1,1782479821255
2026-06-26T13:18:03.916Z,BINANCE,ETHUSDT,1531.96,14048.0732,1,1782479816261
2026-06-26T13:18:03.916Z,BINANCE,ETHUSDT,1532.22,542.40588,1,1782479813439
2026-06-26T13:19:25.789Z,BINANCE,ETHUSDC,1524.32,440.52848,1,1782479941185
2026-06-26T13:19:25.789Z,BINANCE,ETHUSDT,1525.3,3226.0095,1,1782479940776
2026-06-26T13:19:25.789Z,BINANCE,ETHUSDT,1525.63,25935.71,1,1782479939543
2026-06-26T13:19:25.789Z,BINANCE,ETHUSDT,1525.74,1142.77926,1,1782479938580
2026-06-26T13:19:25.789Z,BINANCE,ETHUSDC,1524.56,138.73496,1,1782479937661
2026-06-26T13:19:25.789Z,BINANCE,ETHUSDT,1526.08,9060.33696,1,1782479936623
2026-06-26T13:19:25.789Z,BINANCE,ETHUSDC,1523.51,32467.52161,1,1782479934528
2026-06-26T13:19:25.789Z,BINANCE,ETHUSDT,1525.18,116635.09014,1,1782479934468
2026-06-26T13:19:25.789Z,BINANCE,ETHUSDT,1528.34,98591.68506,1,1782479929569
2026-06-26T13:19:25.789Z,BINANCE,ETHUSDC,1526.67,236.63385,1,1782479929330
2026-06-26T13:19:25.789Z,BINANCE,ETHUSDT,1527.26,1996.12882,1,1782479927466
2026-06-26T13:19:25.789Z,BINANCE,ETHUSDT,1528.06,1528.06,1,1782479923568
2026-06-26T13:19:25.789Z,BINANCE,ETHUSDT,1527.88,33498.769,1,1782479921504
2026-06-26T13:19:25.789Z,BINANCE,ETHUSDT,1529.39,21221.81564,1,1782479920305
2026-06-26T13:19:25.789Z,BINANCE,ETHUSDT,1529.37,1989.71037,1,1782479918363
2026-06-26T13:19:25.789Z,BINANCE,ETHUSDT,1530.14,2295.21,1,1782479915613
2026-06-26T13:20:44.896Z,BINANCE,ETHUSDT,1530.68,3246.57228,2,1782480025302
2026-06-26T13:20:44.896Z,BINANCE,ETHUSDT,1530.56,107604.49024,2,1782480024326
2026-06-26T13:20:44.896Z,BINANCE,ETHUSDT,1527.65,343.72125,2,1782480002274
2026-06-26T13:20:44.896Z,BINANCE,ETHUSDT,1523.35,450.9116,1,1782479975511
2026-06-26T13:20:44.896Z,BINANCE,ETHUSDT,1522.69,29512.77758,1,1782479974667
2026-06-26T13:20:44.896Z,BINANCE,ETHUSDC,1521.42,6085.68,1,1782479974236
2026-06-26T13:20:44.896Z,BINANCE,ETHUSDT,1523.24,31371.1278,1,1782479973641
2026-06-26T13:20:44.896Z,BINANCE,ETHUSDT,1522.59,14738.6712,1,1782479972696
2026-06-26T13:20:44.896Z,BINANCE,ETHUSDC,1520.39,252.38474,1,1782479972617
2026-06-26T13:20:44.896Z,BINANCE,ETHUSDC,1518.7,130523.1528,1,1782479972123
2026-06-26T13:20:44.896Z,BINANCE,ETHUSDT_261225,1537.66,868.7779,1,1782479971373
2026-06-26T13:20:44.896Z,BINANCE,ETHUSDT,1521.54,152154,1,1782479971350
2026-06-26T13:20:44.896Z,BINANCE,ETHUSDT,1522.06,43864.24714,1,1782479970227
2026-06-26T13:20:44.896Z,BINANCE,ETHUSDT,1523.29,20549.1821,1,1782479969368
2026-06-26T13:20:44.896Z,BINANCE,ETHUSD_PERP,1520.4,3000,1,1782479969042
2026-06-26T13:20:44.896Z,BINANCE,ETHUSDT,1525.74,33511.35336,1,1782479962353
2026-06-26T13:20:44.896Z,BINANCE,ETHUSDT,1525.77,7628.85,1,1782479955154
2026-06-26T13:21:53.096Z,BINANCE,ETHUSDT,1528.33,13754.97,1,1782480087143
2026-06-26T13:21:53.096Z,BINANCE,ETHUSDT,1532.18,153.218,2,1782480074170
2026-06-26T13:21:53.096Z,BINANCE,ETHUSDT,1532.51,150.18598,2,1782480072104
2026-06-26T13:21:53.096Z,BINANCE,ETHUSDT,1532.51,784.64512,2,1782480071065
2026-06-26T13:21:53.096Z,BINANCE,ETHUSDT,1532.11,441.24768,2,1782480068146
2026-06-26T13:21:53.096Z,BINANCE,ETHUSDT,1532.15,154.74715,2,1782480050335
2026-06-26T13:27:04.699Z,BINANCE,ETHUSDT,1534.36,133.48932,2,1782480417376
2026-06-26T13:30:20.339Z,BINANCE,ETHUSDT,1536.6,1223.1336,2,1782480617608
2026-06-26T13:30:20.339Z,BINANCE,ETHUSDT,1537.43,7687.15,2,1782480616400
2026-06-26T13:30:20.339Z,BINANCE,ETHUSDT,1537.22,2873.06418,2,1782480616097
2026-06-26T13:30:20.339Z,BINANCE,ETHUSDT,1535.79,4094.41614,2,1782480614153
2026-06-26T13:30:20.339Z,BINANCE,ETHUSDT,1534.74,3169.2381,2,1782480610771
2026-06-26T13:31:28.443Z,BINANCE,ETHUSDT,1533.14,5902.589,1,1782480683623
2026-06-26T13:32:34.052Z,BINANCE,ETHUSDT,1539.09,372.45978,2,1782480733392
2026-06-26T13:32:34.052Z,BINANCE,ETHUSDT,1539.14,2025.50824,2,1782480732083
2026-06-26T13:32:34.052Z,BINANCE,ETHUSDT,1538.01,249.15762,2,1782480717620
2026-06-26T13:33:35.741Z,BINANCE,ETHUSDT,1532.16,2108.25216,1,1782480808200
2026-06-26T13:34:40.100Z,BINANCE,ETHUSDT,1533.56,1585.70104,2,1782480875727
2026-06-26T13:34:40.100Z,BINANCE,ETHUSDT,1528.86,5239.40322,1,1782480848453
2026-06-26T13:34:40.100Z,BINANCE,ETHUSDT,1529.75,3337.9145,1,1782480839647
2026-06-26T13:34:40.100Z,BINANCE,ETHUSDC,1528.5,356.1405,1,1782480834387
2026-06-26T13:34:40.100Z,BINANCE,ETHUSDT,1530.38,148.44686,1,1782480834282
2026-06-26T13:34:40.100Z,BINANCE,ETHUSDT,1531.03,306.206,1,1782480815152
2026-06-26T13:34:40.100Z,BINANCE,ETHUSDC,1529.39,152.939,1,1782480815152
2026-06-26T13:35:47.382Z,BINANCE,ETHUSDT,1543.68,90543.00672,2,1782480938416
2026-06-26T13:35:47.382Z,BINANCE,ETHUSDT,1543.69,6174.76,2,1782480937374
2026-06-26T13:35:47.382Z,BINANCE,ETHUSDT,1543.09,2504.43507,2,1782480936629
2026-06-26T13:35:47.382Z,BINANCE,ETHUSDC,1541.98,100.2287,2,1782480936456
2026-06-26T13:35:47.382Z,BINANCE,ETHUSDT,1541.66,64745.09502,2,1782480934424
2026-06-26T13:35:47.382Z,BINANCE,ETHUSDT,1541.63,665.98416,2,1782480933347
2026-06-26T13:35:47.382Z,BINANCE,ETHUSDC,1540.19,9241.14,2,1782480932301
2026-06-26T13:35:47.382Z,BINANCE,ETHUSDT,1541.78,7708.9,2,1782480932301
2026-06-26T13:35:47.382Z,BINANCE,ETHUSDT,1541.21,7706.05,2,1782480931207
2026-06-26T13:35:47.382Z,BINANCE,ETHUSDT,1537.97,56432.73321,2,1782480926133
2026-06-26T13:35:47.382Z,BINANCE,ETHUSDT,1534.57,814.85667,2,1782480884147
2026-06-26T13:36:50.291Z,BINANCE,ETHUSDC,1540.7,116846.688,2,1782480944521
2026-06-26T13:36:50.291Z,BINANCE,ETHUSDT,1543.31,196.00037,2,1782480943403
2026-06-26T13:36:50.291Z,BINANCE,ETHUSDT,1543.79,1400.21753,2,1782480942366
2026-06-26T13:37:53.381Z,BINANCE,ETHUSDT,1538.46,1752.30594,1,1782481041651
2026-06-26T13:39:32.563Z,BINANCE,ETHUSDT,1541.74,294.47234,2,1782481123462
2026-06-26T13:40:40.732Z,BINANCE,ETHUSDT,1538.11,769.055,1,1782481182199
2026-06-26T13:41:43.675Z,BINANCE,ETHUSDT,1538.8,12596.6168,2,1782481266956
2026-06-26T13:42:57.067Z,BINANCE,ETHUSDT,1542.35,308.47,2,1782481337165
2026-06-26T13:42:57.067Z,BINANCE,ETHUSDT,1542.46,126.48172,2,1782481336149
2026-06-26T13:44:05.043Z,BINANCE,ETHUSDT,1547.14,563.15896,2,1782481426204
2026-06-26T13:44:05.043Z,BINANCE,ETHUSDC,1545.57,352.38996,2,1782481425704
2026-06-26T13:44:05.043Z,BINANCE,ETHUSDT,1547.61,29735.77854,2,1782481425389
2026-06-26T13:44:05.043Z,BINANCE,ETHUSDT_260925,1550.89,218.67549,2,1782481425165
2026-06-26T13:44:05.043Z,BINANCE,ETHUSDT,1547.91,3222.74862,2,1782481424069
2026-06-26T13:44:05.043Z,BINANCE,ETHUSDT,1547.47,742.7856,2,1782481422643
2026-06-26T13:44:05.043Z,BINANCE,ETHUSDT,1546.55,7525.5123,2,1782481421333
2026-06-26T13:44:05.043Z,BINANCE,ETHUSDT,1546.22,33834.38604,2,1782481408665
2026-06-26T13:44:05.043Z,BINANCE,ETHUSDT,1546.38,5692.22478,2,1782481408498
2026-06-26T13:44:05.043Z,BINANCE,ETHUSDT,1545.49,1004.5685,2,1782481399353
2026-06-26T13:44:05.043Z,BINANCE,ETHUSDT,1544.57,15445.7,2,1782481394390
2026-06-26T13:44:05.043Z,BINANCE,ETHUSDT,1544.82,5491.8351,2,1782481392216
2026-06-26T13:44:05.043Z,BINANCE,ETHUSDT,1544.98,268415.55532,2,1782481390426
2026-06-26T13:44:05.043Z,BINANCE,ETHUSDT,1543.7,145.1078,2,1782481385475
2026-06-26T13:44:05.043Z,BINANCE,ETHUSDT,1543.89,852.22728,2,1782481384448
2026-06-26T13:45:30.116Z,BINANCE,ETHUSDT,1543.11,163.56966,1,1782481513245
2026-06-26T13:46:46.663Z,BINANCE,ETHUSDT,1541.97,8120.01402,1,1782481558527
2026-06-26T13:47:44.703Z,BINANCE,ETHUSDT,1548.58,1517.6084,2,1782481642301
2026-06-26T13:47:44.703Z,BINANCE,ETHUSDT,1547.58,2514.8175,2,1782481630445
2026-06-26T13:47:44.703Z,BINANCE,ETHUSDT,1547.62,6055.83706,2,1782481629359
2026-06-26T13:49:55.833Z,BINANCE,ETHUSDT,1543.35,3108.3069,1,1782481754210
2026-06-26T13:49:55.833Z,BINANCE,ETHUSDT,1544.43,160.62072,1,1782481736597
2026-06-26T13:52:07.290Z,BINANCE,ETHUSDT,1549.41,40394.66811,2,1782481912434
2026-06-26T13:52:07.290Z,BINANCE,ETHUSDT,1548.94,5049.5444,2,1782481904339
2026-06-26T13:52:07.290Z,BINANCE,ETHUSDT,1549.07,3737.90591,1,1782481900180
2026-06-26T13:52:07.290Z,BINANCE,ETHUSDT,1548.29,106.83201,2,1782481886209
2026-06-26T13:52:07.290Z,BINANCE,ETHUSDT,1547.56,122.25724,2,1782481861173
2026-06-26T13:53:20.862Z,BINANCE,ETHUSDT,1549.81,2603.6808,2,1782481990535
2026-06-26T13:53:20.862Z,BINANCE,ETHUSDT,1549.87,103.84129,2,1782481990356
2026-06-26T13:53:20.862Z,BINANCE,ETHUSDT,1549.9,1173.2743,2,1782481988057
2026-06-26T13:53:20.862Z,BINANCE,ETHUSDT,1547.76,4035.01032,2,1782481980255
2026-06-26T13:55:09.554Z,BINANCE,ETHUSDT,1554.67,160145.00203,2,1782482093277
2026-06-26T13:55:09.554Z,BINANCE,ETHUSDT,1554.68,858.18336,2,1782482092647
2026-06-26T13:55:09.554Z,BINANCE,ETHUSDT,1554.12,41369.12028,2,1782482091166
2026-06-26T13:55:09.554Z,BINANCE,ETHUSDT,1553.43,2845.88376,2,1782482051496
2026-06-26T13:55:09.554Z,BINANCE,ETHUSDT,1554.02,31064.8598,2,1782482050552
2026-06-26T13:55:09.554Z,BINANCE,ETHUSDT,1552.86,100.9359,2,1782482049232
2026-06-26T13:55:09.554Z,BINANCE,ETHUSDT,1553.47,2050.5804,2,1782482020341
2026-06-26T13:55:09.554Z,BINANCE,ETHUSDT,1552.8,9113.3832,2,1782482019332
2026-06-26T13:55:09.554Z,BINANCE,ETHUSDT,1552.48,1552480,2,1782482016586
2026-06-26T13:55:09.554Z,BINANCE,ETHUSDT,1552.02,8248.9863,2,1782482015490
2026-06-26T13:55:09.554Z,BINANCE,ETHUSDT,1551.45,11837.5635,2,1782482013103
2026-06-26T13:55:09.554Z,BINANCE,ETHUSDC,1548.96,9326.28816,2,1782482006221
2026-06-26T13:55:09.554Z,BINANCE,ETHUSDT,1550.7,6030.6723,2,1782482004066
2026-06-26T13:59:32.274Z,BINANCE,ETHUSDT,1568.26,470.478,2,1782482333083
2026-06-26T13:59:32.274Z,BINANCE,ETHUSDT,1570.64,70141.64112,2,1782482224263
2026-06-26T13:59:32.274Z,BINANCE,ETHUSDT,1570.08,252.78288,2,1782482222432
2026-06-26T13:59:32.274Z,BINANCE,ETHUSDT,1566,1180.764,2,1782482204507
2026-06-26T13:59:32.274Z,BINANCE,ETHBTC,0.026134,9041.65529819,2,1782482144236
2026-06-26T13:59:32.274Z,BINANCE,ETHUSDT,1568.09,10976.63,2,1782482142609
2026-06-26T13:59:32.274Z,BINANCE,ETHUSDC,1566.78,5358.3876,2,1782482142463
2026-06-26T13:59:32.274Z,BINANCE,ETHUSDT,1569.5,110285.626,2,1782482141358
2026-06-26T13:59:32.274Z,BINANCE,ETHUSDT,1568.76,30578.26992,2,1782482140146
2026-06-26T13:59:32.274Z,BINANCE,ETHUSDT,1566.08,8163.97504,2,1782482133253
2026-06-26T13:59:32.274Z,BINANCE,ETHUSDT,1565.6,1371.4656,2,1782482128686
2026-06-26T13:59:32.274Z,BINANCE,ETHUSDT,1565.75,1409.175,2,1782482127668
2026-06-26T13:59:32.274Z,BINANCE,ETHUSDC,1563.86,168540.31992,2,1782482127574
2026-06-26T13:59:32.274Z,BINANCE,ETHUSDT,1565.67,940332.00798,2,1782482127202
2026-06-26T13:59:32.274Z,BINANCE,ETHUSDT,1566.39,69254.80107,2,1782482126297
2026-06-26T13:59:32.274Z,BINANCE,ETHUSDC,1565.48,51972.37052,2,1782482125196
2026-06-26T13:59:32.274Z,BINANCE,ETHUSDT,1566,1758.618,2,1782482124763
2026-06-26T13:59:32.274Z,BINANCE,ETHUSDT,1565.02,9725.03428,2,1782482124359
2026-06-26T13:59:32.274Z,BINANCE,ETHUSD_PERP,1561.92,1440,2,1782482124159
2026-06-26T13:59:32.274Z,BINANCE,ETHUSDT,1562.31,11350.18215,2,1782482119709
2026-06-26T13:59:32.274Z,BINANCE,ETHUSDC,1560.46,59437.9214,2,1782482119621
2026-06-26T13:59:32.274Z,BINANCE,ETHUSDC,1560.98,19368.63984,2,1782482118202
2026-06-26T13:59:32.274Z,BINANCE,ETHUSDT,1562.75,146454.679,2,1782482118187
2026-06-26T13:59:32.274Z,BINANCE,ETHUSDT_260925,1565.9,217.6601,2,1782482118137
2026-06-26T13:59:32.274Z,BINANCE,ETHUSD_PERP,1560.93,630,2,1782482117138
2026-06-26T13:59:32.274Z,BINANCE,ETHUSDT,1563.43,173473.50251,2,1782482117096
2026-06-26T13:59:32.274Z,BINANCE,ETHUSDT,1563.76,45544.51,2,1782482116471
2026-06-26T13:59:32.274Z,BINANCE,ETHUSDT,1559.42,46782.6,2,1782482114434
2026-06-26T13:59:32.274Z,BINANCE,ETHUSDT,1557.92,20133.00016,2,1782482112604
2026-06-26T13:59:32.274Z,BINANCE,ETHUSDT,1557.6,62304,2,1782482109457
2026-06-26T13:59:32.274Z,BINANCE,ETHUSDT,1557.57,80294.29107,2,1782482104548
2026-06-26T13:59:32.274Z,BINANCE,ETHUSDT,1557.24,507.66024,2,1782482103482
2026-06-26T13:59:32.274Z,BINANCE,ETHUSDT,1556.84,26973.80984,2,1782482102355
2026-06-26T13:59:32.274Z,BINANCE,ETHUSDT,1556.92,976.18884,2,1782482102115
2026-06-26T13:59:32.274Z,BINANCE,ETHUSDT,1555.4,15554,2,1782482095306
2026-06-26T14:01:03.983Z,BINANCE,ETHUSDT,1571.09,2289.07813,2,1782482421592
2026-06-26T14:01:03.983Z,BINANCE,ETHUSDT,1571.46,14576.86296,2,1782482421085
2026-06-26T14:01:03.983Z,BINANCE,ETHUSDC,1569.84,1569.84,2,1782482420686
2026-06-26T14:01:03.983Z,BINANCE,ETHUSDT,1572.49,61487.50398,2,1782482420136
2026-06-26T14:01:03.983Z,BINANCE,ETHUSDT,1570.6,152990.5754,2,1782482418154
2026-06-26T14:01:03.983Z,BINANCE,ETHUSDT,1570.53,6282.12,2,1782482417669
2026-06-26T14:01:03.983Z,BINANCE,ETHUSDT,1567.46,9224.5021,2,1782482395803
2026-06-26T14:01:03.983Z,BINANCE,ETHUSDT,1568.14,23907.86244,2,1782482381271
2026-06-26T14:01:03.983Z,BINANCE,ETHUSDT,1568.78,167.85946,2,1782482380249
2026-06-26T14:01:41.874Z,BINANCE,ETHUSDT,1564.14,791.45484,1,1782482485434
2026-06-26T14:03:00.744Z,BINANCE,ETHUSDT,1560.88,7151.95216,1,1782482553215
2026-06-26T14:03:00.744Z,BINANCE,ETHUSDT,1561.47,199.86816,1,1782482549107
2026-06-26T14:03:00.744Z,BINANCE,ETHUSDT,1563.66,129.78378,1,1782482528641
2026-06-26T14:03:00.744Z,BINANCE,ETHUSDT,1562.68,5227.1646,1,1782482514591
2026-06-26T14:04:56.467Z,BINANCE,ETHUSDT,1564.7,4138.6315,2,1782482678293
2026-06-26T14:04:56.467Z,BINANCE,ETHUSDT,1559.61,135.68607,1,1782482605274
2026-06-26T14:04:56.467Z,BINANCE,ETHUSDT,1559.58,935.748,1,1782482602073
2026-06-26T14:07:25.331Z,BINANCE,ETHUSDT,1559.25,154.36575,1,1782482794197
2026-06-26T14:07:25.331Z,BINANCE,ETHUSDT,1560.02,3981.17104,1,1782482776439
2026-06-26T14:09:20.106Z,BINANCE,ETHUSDT,1563.16,2560.45608,2,1782482898130
2026-06-26T14:09:20.106Z,BINANCE,ETHUSDT,1563.05,5134.61925,2,1782482892584
2026-06-26T14:10:28.481Z,BINANCE,ETHUSDT,1563.99,10006.40802,1,1782483020176
2026-06-26T14:12:51.874Z,BINANCE,ETHUSDT,1566.43,7741.29706,2,1782483159349
2026-06-26T14:12:51.874Z,BINANCE,ETHUSDT,1565.39,31307.8,2,1782483134578
2026-06-26T14:12:51.874Z,BINANCE,ETHUSDT,1565.43,216.02934,2,1782483133167
2026-06-26T14:12:51.874Z,BINANCE,ETHUSDT,1564.92,43701.95592,2,1782483131102
2026-06-26T14:13:54.605Z,BINANCE,ETHUSDT,1569.06,15690.6,2,1782483192349
2026-06-26T14:13:54.605Z,BINANCE,ETHUSDT,1569.06,698.2317,2,1782483190260
2026-06-26T14:13:54.605Z,BINANCE,ETHUSDT,1568.59,20051.28597,2,1782483188616
2026-06-26T14:13:54.605Z,BINANCE,ETHUSDT,1568.24,31364.8,2,1782483187243
2026-06-26T14:13:54.605Z,BINANCE,ETHUSDT,1568.61,15686.1,2,1782483186594
2026-06-26T14:13:54.605Z,BINANCE,ETHUSDT,1567.05,551.6016,2,1782483179599
2026-06-26T14:13:54.605Z,BINANCE,ETHUSDT,1566.44,1558.6078,2,1782483176200
2026-06-26T14:16:06.839Z,BINANCE,ETHUSDT,1563.17,1230.21479,1,1782483314545
2026-06-26T14:17:14.908Z,BINANCE,ETHUSDT,1566.47,1566.47,2,1782483400036
2026-06-26T14:19:30.799Z,BINANCE,ETHUSDT,1562.81,9229.95586,1,1782483517285
2026-06-26T14:20:41.686Z,BINANCE,ETHUSDT,1561.21,2966.299,1,1782483601753
2026-06-26T14:20:41.686Z,BINANCE,ETHUSDT,1560.96,780.48,1,1782483601232
2026-06-26T14:20:41.686Z,BINANCE,ETHUSDT,1561.84,2099.11296,1,1782483586316
2026-06-26T14:21:39.568Z,BINANCE,ETHUSDT,1568.78,3292.86922,2,1782483649069
2026-06-26T14:21:39.568Z,BINANCE,ETHUSDT,1568.98,7232.9978,2,1782483647358
2026-06-26T14:21:39.568Z,BINANCE,ETHUSDT,1567.35,181.8126,2,1782483643528
2026-06-26T14:22:43.829Z,BINANCE,ETHUSDT,1569.73,10906.48404,2,1782483727144
2026-06-26T14:22:43.829Z,BINANCE,ETHUSD_PERP,1567.68,2730,2,1782483702025
2026-06-26T14:22:43.829Z,BINANCE,ETHUSDT,1570.21,8516.81904,2,1782483701424
2026-06-26T14:25:08.357Z,BINANCE,ETHUSDT,1565.38,630.84814,1,1782483846086
2026-06-26T14:26:33.183Z,BINANCE,ETHUSDT,1571.17,1080.96496,2,1782483969208
2026-06-26T14:26:33.183Z,BINANCE,ETHUSDT,1571.39,2448.22562,2,1782483968254
2026-06-26T14:26:33.183Z,BINANCE,ETHUSDT,1570.94,43246.40726,2,1782483966539
2026-06-26T14:26:33.183Z,BINANCE,ETHUSDT,1570.62,719.34396,2,1782483966149
2026-06-26T14:26:33.183Z,BINANCE,ETHUSDT,1570.15,2012.9323,2,1782483956077
2026-06-26T14:27:32.805Z,BINANCE,ETHUSDT,1572.7,1133.9167,2,1782483980376
2026-06-26T14:27:32.805Z,BINANCE,ETHUSDT,1572.76,15727.6,2,1782483980106
2026-06-26T14:27:32.805Z,BINANCE,ETHUSDT,1571.58,647.49096,2,1782483976194
2026-06-26T14:28:40.881Z,BINANCE,ETHUSDT,1572.71,8659.34126,2,1782484098555
2026-06-26T14:28:40.881Z,BINANCE,ETHUSDT,1573.32,220538.55768,2,1782484097180
2026-06-26T14:28:40.881Z,BINANCE,ETHUSDT,1571.97,2200.758,2,1782484088580
2026-06-26T14:29:54.210Z,BINANCE,ETHUSDT,1571.41,252.99701,1,1782484153242
2026-06-26T14:29:54.210Z,BINANCE,ETHUSDT,1573.94,31478.8,2,1782484134642
2026-06-26T14:29:54.210Z,BINANCE,ETHUSDT,1574.73,4094.298,2,1782484133792
2026-06-26T14:29:54.210Z,BINANCE,ETHUSDT,1574.56,85300.21344,2,1782484133215
2026-06-26T14:29:54.210Z,BINANCE,ETHUSDT,1574.34,36908.82696,2,1782484131611
2026-06-26T14:29:54.210Z,BINANCE,ETHUSDT,1572.91,10192.4568,2,1782484128281
2026-06-26T14:31:35.124Z,BINANCE,ETHUSDT,1565.57,2008.62631,1,1782484223169
2026-06-26T14:31:35.124Z,BINANCE,ETHUSDT,1566.22,16445.31,1,1782484216399
2026-06-26T14:31:35.124Z,BINANCE,ETHUSDT,1566.29,842.66402,1,1782484212407
2026-06-26T14:31:35.124Z,BINANCE,ETHUSDT,1567.65,591.00405,1,1782484204194
2026-06-26T14:34:33.102Z,BINANCE,ETHUSDC,1562.17,471.77534,1,1782484400080
2026-06-26T14:34:33.102Z,BINANCE,ETHUSDC,1562.06,109.3442,1,1782484396363
2026-06-26T14:34:33.102Z,BINANCE,ETHUSDT,1563.69,839.70153,1,1782484394148
2026-06-26T14:34:33.102Z,BINANCE,ETHUSDT,1564.15,176.74895,1,1782484391297
2026-06-26T14:34:33.102Z,BINANCE,ETHUSDT,1565.34,660.57348,1,1782484357396
2026-06-26T14:34:33.102Z,BINANCE,ETHUSDT,1565.4,147.1476,1,1782484354663
2026-06-26T14:36:54.398Z,BINANCE,ETHUSDT,1555.91,672.15312,1,1782484602636
2026-06-26T14:36:54.398Z,BINANCE,ETHUSDT,1555.79,8934.90197,1,1782484600608
2026-06-26T14:36:54.398Z,BINANCE,ETHUSDT,1556.06,1207.50256,1,1782484599185
2026-06-26T14:36:54.398Z,BINANCE,ETHUSDT,1556.59,17466.49639,1,1782484598477
2026-06-26T14:36:54.398Z,BINANCE,ETHUSDT,1556.99,3310.16074,1,1782484597228
2026-06-26T14:36:54.398Z,BINANCE,ETHUSDT,1557.26,21005.88014,1,1782484594258
2026-06-26T14:36:54.398Z,BINANCE,ETHUSDT,1558.01,2148.49579,1,1782484593727
2026-06-26T14:36:54.398Z,BINANCE,ETHUSDT,1558.36,1435.24956,1,1782484590607
2026-06-26T14:36:54.398Z,BINANCE,ETHUSDC,1556.53,8876.89059,1,1782484590469
2026-06-26T14:36:54.398Z,BINANCE,ETHUSDT,1559.9,14911.0841,1,1782484583870
2026-06-26T14:36:54.398Z,BINANCE,ETHUSDT,1559.77,44211.68065,1,1782484583140
2026-06-26T14:36:54.398Z,BINANCE,ETHUSDT,1560,1135.68,1,1782484581184
2026-06-26T14:36:54.398Z,BINANCE,ETHUSDT,1561.08,291.92196,1,1782484577633
2026-06-26T14:36:54.398Z,BINANCE,ETHUSDT,1561.33,5242.94614,1,1782484577201
2026-06-26T14:36:54.398Z,BINANCE,ETHUSDT,1562.63,8860.1121,1,1782484562571
2026-06-26T14:36:54.398Z,BINANCE,ETHUSDT,1562.43,1843.6674,1,1782484561490
2026-06-26T14:36:54.398Z,BINANCE,ETHUSDT,1562.46,114.05958,1,1782484559594
2026-06-26T14:36:54.398Z,BINANCE,ETHUSDT,1563.24,106079.90316,1,1782484547426
2026-06-26T14:36:54.398Z,BINANCE,ETHUSDT,1563.32,29837.52552,1,1782484530640
2026-06-26T14:41:17.348Z,BINANCE,ETHUSDT,1555.03,578.47116,1,1782484857359
2026-06-26T14:41:17.348Z,BINANCE,ETHUSDC,1553.34,2982.4128,1,1782484857328
2026-06-26T14:41:17.348Z,BINANCE,ETHUSDT,1555.04,2337.22512,1,1782484856298
2026-06-26T14:41:17.348Z,BINANCE,ETHUSDC,1554.19,2960.73195,1,1782484666589
2026-06-26T14:41:17.348Z,BINANCE,ETHUSDT,1555.86,2196.87432,1,1782484666294
2026-06-26T14:41:17.348Z,BINANCE,ETHUSDT,1555.92,35756.59752,1,1782484663460
2026-06-26T14:46:59.141Z,BINANCE,ETHUSDT,1560.49,2921.23728,2,1782485199676
2026-06-26T14:46:59.141Z,BINANCE,ETHUSDT,1560.56,23804.78224,2,1782485187084
2026-06-26T14:46:59.141Z,BINANCE,ETHUSDT,1559.92,159.11184,2,1782485184208
2026-06-26T14:46:59.141Z,BINANCE,ETHUSDT,1560.06,294.85134,2,1782485183139
2026-06-26T14:48:07.282Z,BINANCE,ETHUSDT,1563.79,1753.00859,2,1782485284447
2026-06-26T14:48:07.282Z,BINANCE,ETHUSDT,1562.21,5213.09477,2,1782485276117
2026-06-26T14:48:07.282Z,BINANCE,ETHUSDT,1562.01,23039.6475,2,1782485267516
2026-06-26T14:51:19.861Z,BINANCE,ETHUSDT,1568.77,216.49026,2,1782485364454
2026-06-26T14:51:19.861Z,BINANCE,ETHUSDT,1569.04,23535.6,2,1782485355319
2026-06-26T14:51:19.861Z,BINANCE,ETHUSDT,1567.5,1011.0375,2,1782485340081
2026-06-26T14:51:19.861Z,BINANCE,ETHUSDT,1567.43,20277.84191,2,1782485339302
2026-06-26T14:51:19.861Z,BINANCE,ETHUSDT,1565.95,1205.7815,2,1782485333161
2026-06-26T14:51:19.861Z,BINANCE,ETHUSDT,1564.54,13782.03286,2,1782485291391
2026-06-26T14:51:19.861Z,BINANCE,ETHUSDT,1565.24,1474.45608,2,1782485290366
2026-06-26T14:51:19.861Z,BINANCE,ETHUSDT,1564.91,1740.17992,2,1782485289177
2026-06-26T14:51:19.861Z,BINANCE,ETHUSDC,1562.78,393.82056,2,1782485287869
2026-06-26T14:51:19.861Z,BINANCE,ETHUSDT,1563.67,659.86874,2,1782485285838
2026-06-26T14:54:31.916Z,BINANCE,ETHUSDT,1559.66,141.92906,1,1782485661357
2026-06-26T14:54:31.916Z,BINANCE,ETHUSDT,1559.85,201.22065,1,1782485660232
2026-06-26T14:54:31.916Z,BINANCE,ETHUSDT,1560.54,636.70032,1,1782485647411
2026-06-26T14:55:40.266Z,BINANCE,ETHUSDT,1557.1,406.4031,1,1782485737186
2026-06-26T14:55:40.266Z,BINANCE,ETHUSDT,1558.69,257.18385,1,1782485717622
2026-06-26T14:57:19.287Z,BINANCE,ETHUSDT,1558.75,2133.92875,2,1782485828136
2026-06-26T14:57:19.287Z,BINANCE,ETHUSDT,1558.33,467.499,2,1782485826369
2026-06-26T14:57:19.287Z,BINANCE,ETHUSDT,1553.29,11649.675,1,1782485775690
2026-06-26T14:57:19.287Z,BINANCE,ETHUSDT,1552.86,4411.67526,1,1782485774174
2026-06-26T14:57:19.287Z,BINANCE,ETHUSDT,1553.14,1428.8888,1,1782485772736
2026-06-26T14:57:19.287Z,BINANCE,ETHUSDT,1553.55,2984.36955,1,1782485771453
2026-06-26T14:57:19.287Z,BINANCE,ETHUSDT,1554.44,31088.8,1,1782485756562
2026-06-26T14:57:19.287Z,BINANCE,ETHUSD_PERP,1552.15,110,1,1782485756128
2026-06-26T14:57:19.287Z,BINANCE,ETHUSDT,1554.97,127.50754,1,1782485753292
2026-06-26T14:57:19.287Z,BINANCE,ETHUSDT,1555.55,4584.20585,1,1782485749291
2026-06-26T14:57:19.287Z,BINANCE,ETHUSDT,1556.29,55612.46686,1,1782485740546
2026-06-26T14:57:19.287Z,BINANCE,ETHUSDC,1554.47,377.73621,1,1782485740266
2026-06-26T14:57:19.287Z,BINANCE,ETHUSDT,1556.64,6293.49552,1,1782485738528
2026-06-26T15:03:55.198Z,BINANCE,ETHUSDT,1563.16,881.62224,2,1782486196169
2026-06-26T15:08:28.485Z,BINANCE,ETHUSDT,1565.14,4798.71924,2,1782486453264
2026-06-26T15:08:28.485Z,BINANCE,ETHUSDT,1564.99,300553.19952,2,1782486451517
2026-06-26T15:12:35.154Z,BINANCE,ETHUSDT,1567.37,1410.633,1,1782486702267
2026-06-26T15:12:35.154Z,BINANCE,ETHUSDC,1572.19,39304.75,2,1782486599228
2026-06-26T15:12:35.154Z,BINANCE,ETHUSDT,1573.63,109233.52645,2,1782486598306
2026-06-26T15:12:35.154Z,BINANCE,ETHUSDT,1573.79,37687.54913,2,1782486598137
2026-06-26T15:12:35.154Z,BINANCE,ETHUSDT,1571.46,124.14534,2,1782486594357
2026-06-26T15:12:35.154Z,BINANCE,ETHUSDT,1571.2,2639.616,2,1782486592242
2026-06-26T15:12:35.154Z,BINANCE,ETHUSDT,1571.17,15876.67285,2,1782486590156
2026-06-26T15:12:35.154Z,BINANCE,ETHUSDT,1571.01,47130.3,2,1782486589476
2026-06-26T15:12:35.154Z,BINANCE,ETHUSDT,1571.33,228790.36199,2,1782486588068
2026-06-26T15:12:35.154Z,BINANCE,ETHUSDT,1569.03,447.17355,2,1782486583668
2026-06-26T15:12:35.154Z,BINANCE,ETHUSDT,1569.04,527.19744,2,1782486582461
2026-06-26T15:12:35.154Z,BINANCE,ETHUSDT,1568.27,1361.25836,2,1782486580071
2026-06-26T15:12:35.154Z,BINANCE,ETHUSDT,1567.84,101.9096,2,1782486575707
2026-06-26T15:12:35.154Z,BINANCE,ETHUSDT,1567.54,210.05036,2,1782486569423
2026-06-26T15:15:55.934Z,BINANCE,ETHUSDT,1565.15,782.575,2,1782486912328
2026-06-26T15:20:18.843Z,BINANCE,ETHUSDT,1570.46,6438.886,2,1782487169656
2026-06-26T15:24:41.963Z,BINANCE,ETHUSDT,1577.46,10685.71404,2,1782487463591
2026-06-26T15:24:41.963Z,BINANCE,ETHUSDT,1577.83,59465.25704,2,1782487462851
2026-06-26T15:24:41.963Z,BINANCE,ETHUSD_PERP,1575.61,190,2,1782487462485
2026-06-26T15:24:41.963Z,BINANCE,ETHUSDT,1576.74,3153.48,2,1782487451299
2026-06-26T15:24:41.963Z,BINANCE,ETHUSDT,1576.83,25432.69107,2,1782487450294
2026-06-26T15:24:41.963Z,BINANCE,ETHUSDC,1575.23,403.25888,2,1782487450077
2026-06-26T15:24:41.963Z,BINANCE,ETHUSDT,1577.42,66434.62072,2,1782487448603
2026-06-26T15:24:41.963Z,BINANCE,ETHUSDT,1574.71,30476.93734,2,1782487446427
2026-06-26T15:29:06.505Z,BINANCE,ETHUSDC,1575.96,36332.18184,1,1782487695333
2026-06-26T15:29:06.505Z,BINANCE,ETHUSDC,1575.68,9950.4192,1,1782487692530
2026-06-26T15:29:06.505Z,BINANCE,ETHUSDT,1577.9,1022.4792,1,1782487690361
2026-06-26T15:29:06.505Z,BINANCE,ETHUSDT,1578.16,806.43976,1,1782487689359
2026-06-26T15:29:06.505Z,BINANCE,ETHUSDT,1580.13,148.53222,1,1782487684317
2026-06-26T15:29:06.505Z,BINANCE,ETHUSDT,1584.69,191568.42003,2,1782487585150
2026-06-26T15:29:06.505Z,BINANCE,ETHUSDT,1585.46,32086.53948,2,1782487583548
2026-06-26T15:29:06.505Z,BINANCE,ETHUSDT,1585.2,565797.51,2,1782487582369
2026-06-26T15:29:06.505Z,BINANCE,ETHUSDT,1584.77,79238.5,2,1782487581384
2026-06-26T15:29:06.505Z,BINANCE,ETHUSDT,1583.78,2375.67,2,1782487578202
2026-06-26T15:29:06.505Z,BINANCE,ETHUSDT,1583.35,35744.12625,2,1782487576556
2026-06-26T15:29:06.505Z,BINANCE,ETHUSDT,1583.34,4884.6039,2,1782487575528
2026-06-26T15:29:06.505Z,BINANCE,ETHUSDC,1581.63,586.78473,2,1782487575137
2026-06-26T15:29:06.505Z,BINANCE,ETHUSDT,1583.08,35297.93476,2,1782487574581
2026-06-26T15:29:06.505Z,BINANCE,ETHUSD_PERP,1580.81,2000,2,1782487574108
2026-06-26T15:29:06.505Z,BINANCE,ETHUSDT,1582.01,79100.5,2,1782487565114
2026-06-26T15:29:06.505Z,BINANCE,ETHUSDT_260925,1586.12,2027.06136,2,1782487563342
2026-06-26T15:29:06.505Z,BINANCE,ETHUSDT,1582.07,2017.13925,2,1782487563342
2026-06-26T15:29:06.505Z,BINANCE,ETHUSD_PERP,1580,20070,2,1782487563118
2026-06-26T15:29:06.505Z,BINANCE,ETHUSDT,1581.72,3277.32384,2,1782487558393
2026-06-26T15:29:06.505Z,BINANCE,ETHUSDC,1580.12,505.6384,2,1782487556522
2026-06-26T15:29:06.505Z,BINANCE,ETHUSDT,1581.75,5101.14375,2,1782487556448
2026-06-26T15:29:06.505Z,BINANCE,ETHUSDT,1581.89,1903.01367,2,1782487555364
2026-06-26T15:29:06.505Z,BINANCE,ETHUSDT,1581.78,1581.78,2,1782487554118
2026-06-26T15:29:06.505Z,BINANCE,ETHUSDT,1580.92,458.4668,2,1782487518208
2026-06-26T15:29:06.505Z,BINANCE,ETHUSDT,1579.79,56139.41744,2,1782487514463
2026-06-26T15:29:06.505Z,BINANCE,ETHUSDT,1580.42,54673.04948,2,1782487513125
2026-06-26T15:29:06.505Z,BINANCE,ETHUSDT_260925,1583.91,259.76124,2,1782487510523
2026-06-26T15:29:06.505Z,BINANCE,ETHUSD_PERP,1578.08,5290,2,1782487500075
2026-06-26T15:29:06.505Z,BINANCE,ETHUSDT,1580.23,22701.58418,2,1782487498656
2026-06-26T15:29:06.505Z,BINANCE,ETHUSDT,1579.97,226913.71143,2,1782487497346
2026-06-26T15:29:06.505Z,BINANCE,ETHUSDT,1579.57,3032.7744,2,1782487494399
2026-06-26T15:29:06.505Z,BINANCE,ETHUSDT,1579.62,25634.07336,2,1782487493298
2026-06-26T15:29:06.505Z,BINANCE,ETHUSDT,1578.83,14571.02207,2,1782487490369
2026-06-26T15:29:06.505Z,BINANCE,ETHUSDT,1579.09,14177.07002,2,1782487489328
2026-06-26T15:29:06.505Z,BINANCE,ETHUSDT,1578.89,14988.40277,2,1782487487416
2026-06-26T15:29:06.505Z,BINANCE,ETHUSDT,1579.96,9171.6678,2,1782487487115
2026-06-26T15:29:06.505Z,BINANCE,ETHUSDT,1577.85,52938.44535,2,1782487482425
2026-06-26T15:31:29.040Z,BINANCE,ETHUSDT,1582.89,163.03767,2,1782487835647
2026-06-26T15:31:29.040Z,BINANCE,ETHUSDT,1581.22,47436.6,2,1782487830169
2026-06-26T15:32:42.259Z,BINANCE,ETHUSDT,1583.46,2712.46698,2,1782487932075
2026-06-26T15:36:17.220Z,BINANCE,ETHUSDT,1580.08,2956.32968,1,1782488138413
2026-06-26T15:36:17.220Z,BINANCE,ETHUSDT,1579.99,1914.94788,2,1782488134406
2026-06-26T15:37:30.402Z,BINANCE,ETHUSDT,1585.57,391.63579,2,1782488202400
2026-06-26T15:37:30.402Z,BINANCE,ETHUSDT,1586.07,1927.07505,2,1782488200480
2026-06-26T15:37:30.402Z,BINANCE,ETHUSDC,1583.69,158.369,2,1782488199170
2026-06-26T15:37:30.402Z,BINANCE,ETHUSDT,1584.99,112.53429,2,1782488191113
2026-06-26T15:37:30.402Z,BINANCE,ETHUSDT,1584.96,145.81632,2,1782488187213
2026-06-26T15:37:30.402Z,BINANCE,ETHUSDT,1584.89,5716.69823,2,1782488186160
2026-06-26T15:37:30.402Z,BINANCE,ETHUSDT,1584.37,12779.52842,2,1782488185128
2026-06-26T15:37:30.402Z,BINANCE,ETHUSDT,1582.34,223.10994,2,1782488178299
2026-06-26T15:38:43.703Z,BINANCE,ETHUSDT,1584.75,1559.394,2,1782488304571
2026-06-26T15:38:43.703Z,BINANCE,ETHUSDT,1583.73,1065.85029,2,1782488301660
2026-06-26T15:40:01.054Z,BINANCE,ETHUSDT,1585.04,3984.79056,2,1782488359576
2026-06-26T15:40:01.054Z,BINANCE,ETHUSDT,1584.56,670.26888,2,1782488339385
2026-06-26T15:41:29.760Z,BINANCE,ETHUSDT,1586.35,1432.47405,2,1782488433521
2026-06-26T15:41:29.760Z,BINANCE,ETHUSDT_260925,1590.07,1272.056,2,1782488426655
2026-06-26T15:41:29.760Z,BINANCE,ETHUSDC,1584.53,11234.3177,2,1782488426385
2026-06-26T15:41:29.760Z,BINANCE,ETHUSDT,1586.85,22690.36815,2,1782488425628
2026-06-26T15:41:29.760Z,BINANCE,ETHUSDT,1587.43,98182.5455,2,1782488425162
2026-06-26T15:41:29.760Z,BINANCE,ETHUSDT,1585.71,252.12789,2,1782488415309
2026-06-26T15:41:29.760Z,BINANCE,ETHUSDT,1585.39,1078.0652,2,1782488393646
2026-06-26T15:43:51.093Z,BINANCE,ETHUSDT,1585.45,33043.9489,2,1782488590560
2026-06-26T15:43:51.093Z,BINANCE,ETHUSDT,1585.73,910.20902,2,1782488575207
2026-06-26T15:47:15.662Z,BINANCE,ETHUSDT,1580.43,372.98148,1,1782488777503
2026-06-26T15:47:15.662Z,BINANCE,ETHUSDT,1580.37,205.4481,1,1782488777062
2026-06-26T15:47:15.662Z,BINANCE,ETHUSDT,1581.06,2543.92554,1,1782488770280
2026-06-26T15:49:31.738Z,BINANCE,ETHUSDT,1579.72,51353.53776,1,1782488899600
2026-06-26T15:51:42.963Z,BINANCE,ETHUSDT,1572.65,30970.19645,1,1782489086561
2026-06-26T15:51:42.963Z,BINANCE,ETHUSDC,1570.31,4944.90619,1,1782489085804
2026-06-26T15:51:42.963Z,BINANCE,ETHUSDT,1572.02,16874.06268,1,1782489085206
2026-06-26T15:51:42.963Z,BINANCE,ETHUSDT,1571.93,473778.13007,1,1782489083780
2026-06-26T15:51:42.963Z,BINANCE,ETHUSDC,1570.46,4515.0725,1,1782489083382
2026-06-26T15:51:42.963Z,BINANCE,ETHUSDC,1570.62,44882.03712,1,1782489082747
2026-06-26T15:51:42.963Z,BINANCE,ETHUSDT,1572.77,10230.86885,1,1782489082688
2026-06-26T15:51:42.963Z,BINANCE,ETHUSDT,1574.12,15841.94368,1,1782489081565
2026-06-26T15:51:42.963Z,BINANCE,ETHUSDT,1573.17,53476.76781,1,1782489081072
2026-06-26T15:51:42.963Z,BINANCE,ETHUSDT,1575.81,37699.67844,1,1782489075623
2026-06-26T15:51:42.963Z,BINANCE,ETHUSDC,1573.91,377.7384,1,1782489075090
2026-06-26T15:51:42.963Z,BINANCE,ETHUSDT,1576.14,918.88962,1,1782489073490
2026-06-26T15:51:42.963Z,BINANCE,ETHUSDT,1575.93,1328.50899,1,1782489072279
2026-06-26T15:51:42.963Z,BINANCE,ETHUSDC,1574.21,2558.09125,1,1782489071746
2026-06-26T15:51:42.963Z,BINANCE,ETHUSDT,1576.2,39562.62,1,1782489070865
2026-06-26T15:51:42.963Z,BINANCE,ETHUSD_PERP,1574.84,280,1,1782489069064
2026-06-26T15:53:18.921Z,BINANCE,ETHUSDT,1576.87,6930.34365,2,1782489146170
2026-06-26T15:53:18.921Z,BINANCE,ETHUSDT,1573.66,149.4977,1,1782489113670
2026-06-26T15:53:18.921Z,BINANCE,ETHUSDT,1573.83,15738.3,1,1782489110377
2026-06-26T15:56:43.152Z,BINANCE,ETHUSDT,1578.51,167.32206,2,1782489346546
2026-06-26T15:57:56.435Z,BINANCE,ETHUSDT,1580.59,38142.79788,2,1782489470507
2026-06-26T15:57:56.435Z,BINANCE,ETHUSDT,1579.98,341.27568,2,1782489427360
2026-06-26T15:59:04.573Z,BINANCE,ETHUSDT,1580.67,131.19561,2,1782489479746
2026-06-26T16:02:09.307Z,BINANCE,ETHUSDT,1590.58,3879.42462,2,1782489662229
2026-06-26T16:02:09.307Z,BINANCE,ETHUSDT,1590.81,3436.1496,2,1782489658592
2026-06-26T16:02:09.307Z,BINANCE,ETHUSDT,1590.88,2874.72016,2,1782489658089
2026-06-26T16:02:09.307Z,BINANCE,ETHUSDC,1589.96,5479.00216,2,1782489656496
2026-06-26T16:02:09.307Z,BINANCE,ETHUSDT,1591.65,437466.59415,2,1782489656386
2026-06-26T16:02:09.307Z,BINANCE,ETHUSDT_260925,1596.03,1061.35995,2,1782489656241
2026-06-26T16:02:09.307Z,BINANCE,ETHUSDT,1591.82,44967.32318,2,1782489656069
2026-06-26T16:02:09.307Z,BINANCE,ETHUSD_PERP,1589.2,1500,2,1782489656038
2026-06-26T16:02:09.307Z,BINANCE,ETHUSDC,1590.44,3052.05436,2,1782489654940
2026-06-26T16:02:09.307Z,BINANCE,ETHUSDT,1592.17,1432.953,2,1782489654440
2026-06-26T16:02:09.307Z,BINANCE,ETHUSDT,1585.7,191.8697,2,1782489646202
2026-06-26T16:02:09.307Z,BINANCE,ETHUSDT,1585.76,6685.56416,2,1782489645199
2026-06-26T16:02:09.307Z,BINANCE,ETHUSDT,1585.7,11336.1693,2,1782489637794
2026-06-26T16:02:09.307Z,BINANCE,ETHUSDC,1584.21,503146.68021,2,1782489637538
2026-06-26T16:02:09.307Z,BINANCE,ETHUSDT,1585.8,51942.879,2,1782489637105
2026-06-26T16:02:09.307Z,BINANCE,ETHUSDT,1586.19,12207.31824,2,1782489636383
2026-06-26T16:02:09.307Z,BINANCE,ETHUSDC,1584.22,1554.11982,2,1782489636189
2026-06-26T16:02:09.307Z,BINANCE,ETHUSDT,1586.41,1427.769,2,1782489634177
2026-06-26T16:02:09.307Z,BINANCE,ETHUSDT,1583.88,8426.2416,2,1782489633138
2026-06-26T16:02:09.307Z,BINANCE,ETHUSDT,1582.59,3093.96345,2,1782489628728
2026-06-26T16:02:09.307Z,BINANCE,ETHUSDT,1582.58,3049.63166,2,1782489627142
2026-06-26T16:02:09.307Z,BINANCE,ETHUSDT,1582.33,41983.96189,2,1782489625574
2026-06-26T16:02:09.307Z,BINANCE,ETHUSDC,1579.79,513.43175,2,1782489624237
2026-06-26T16:02:09.307Z,BINANCE,ETHUSDT,1581.29,4603.13519,2,1782489623094
2026-06-26T16:08:03.115Z,BINANCE,ETHUSDT,1582.12,148.71928,1,1782490064550
2026-06-26T16:10:09.609Z,BINANCE,ETHUSDT,1581.61,14003.57494,1,1782490178422
2026-06-26T16:13:39.255Z,BINANCE,ETHUSDT,1577.92,408.68128,1,1782490373562
2026-06-26T16:13:39.255Z,BINANCE,ETHUSDT,1578.83,3231.86501,1,1782490369607
2026-06-26T16:19:20.439Z,BINANCE,ETHUSDT,1576.13,108.75297,1,1782490712720
2026-06-26T16:20:28.826Z,BINANCE,ETHUSDT,1574.53,61762.51378,1,1782490761356
2026-06-26T16:20:28.826Z,BINANCE,ETHUSDT,1574.36,1490.91892,1,1782490759706
2026-06-26T16:21:32.894Z,BINANCE,ETHUSDT,1572.95,5267.80955,1,1782490883422
2026-06-26T16:21:32.894Z,BINANCE,ETHUSDT,1573.97,429.69381,1,1782490876348
2026-06-26T16:21:32.894Z,BINANCE,ETHUSDT,1572.7,1011.2461,1,1782490872071
2026-06-26T16:21:32.894Z,BINANCE,ETHUSDT,1573.75,629.5,1,1782490864733
2026-06-26T16:21:32.894Z,BINANCE,ETHUSDT,1572.85,16848.3692,1,1782490862574
2026-06-26T16:21:32.894Z,BINANCE,ETHUSDT,1572.88,2802.87216,1,1782490861507
2026-06-26T16:24:29.751Z,BINANCE,ETHUSDT,1575.7,1175.4722,2,1782491058670
2026-06-26T16:31:29.870Z,BINANCE,ETHUSDT,1577.92,795.27168,2,1782491440226
2026-06-26T16:33:45.978Z,BINANCE,ETHUSDT,1581.5,19428.7275,2,1782491622618
2026-06-26T16:33:45.978Z,BINANCE,ETHUSDT,1580.73,316.146,2,1782491620153
2026-06-26T16:33:45.978Z,BINANCE,ETHUSDT,1580.39,121.69003,2,1782491617179
2026-06-26T16:33:45.978Z,BINANCE,ETHUSDT,1579.4,750.215,2,1782491592420
2026-06-26T16:34:54.039Z,BINANCE,ETHUSDT,1583.84,26833.41728,2,1782491691693
2026-06-26T16:34:54.039Z,BINANCE,ETHUSDT,1583.86,869.53914,2,1782491691134
2026-06-26T16:34:54.039Z,BINANCE,ETHUSDT,1582.17,12420.0345,2,1782491682252
2026-06-26T16:34:54.039Z,BINANCE,ETHUSDT,1581.9,58887.8094,2,1782491677571
2026-06-26T16:34:54.039Z,BINANCE,ETHUSDT,1581.82,9959.13872,2,1782491676120
2026-06-26T16:38:17.993Z,BINANCE,ETHUSDT,1583.52,148.85088,1,1782491791275
2026-06-26T16:38:17.993Z,BINANCE,ETHUSDT,1587.33,1014.30387,2,1782491738302
2026-06-26T16:38:17.993Z,BINANCE,ETHUSDT,1586.71,3056.00346,2,1782491735102
2026-06-26T16:38:17.993Z,BINANCE,ETHUSDT,1587.32,7122.30484,2,1782491731585
2026-06-26T16:38:17.993Z,BINANCE,ETHUSDT,1587,95319.981,2,1782491730354
2026-06-26T16:38:17.993Z,BINANCE,ETHUSDT,1586.7,19124.4951,2,1782491728288
2026-06-26T16:38:17.993Z,BINANCE,ETHUSDT,1584.93,9595.16622,2,1782491705584
2026-06-26T16:38:17.993Z,BINANCE,ETHUSDT,1585.02,1963.83978,2,1782491704189
2026-06-26T16:38:17.993Z,BINANCE,ETHUSDT,1585.89,10665.11025,2,1782491703530
2026-06-26T16:38:17.993Z,BINANCE,ETHUSDT,1584.23,2767.64981,2,1782491701703
2026-06-26T16:38:17.993Z,BINANCE,ETHUSDT,1583.8,999.3778,2,1782491692569
2026-06-26T16:41:39.448Z,BINANCE,ETHUSDT,1581.47,2796.03896,1,1782492084705
2026-06-26T16:43:55.519Z,BINANCE,ETHUSDT,1582.9,197.8625,1,1782492174547
2026-06-26T16:50:39.539Z,BINANCE,ETHUSDT,1578.52,1824.76912,1,1782492616366
2026-06-26T16:51:42.878Z,BINANCE,ETHUSDC,1575.08,351.24284,1,1782492698123
2026-06-26T16:51:42.878Z,BINANCE,ETHUSDT,1577.72,408.62948,1,1782492687610
2026-06-26T16:52:51.043Z,BINANCE,ETHUSDC,1573.77,829.37679,1,1782492767468
2026-06-26T16:52:51.043Z,BINANCE,ETHUSDT,1576.36,717.2438,1,1782492738495
2026-06-26T17:07:10.180Z,BINANCE,ETHUSDT,1580.22,6011.15688,2,1782493602406
2026-06-26T17:08:08.032Z,BINANCE,ETHUSDT,1580.84,72562.13684,2,1782493682102
2026-06-26T17:08:08.032Z,BINANCE,ETHUSDT,1580.44,2054.572,2,1782493632654
2026-06-26T17:09:16.011Z,BINANCE,ETHUSDT,1583.72,106.10924,2,1782493747665
2026-06-26T17:09:16.011Z,BINANCE,ETHUSDT,1582.52,425.69788,2,1782493738584
2026-06-26T17:12:22.766Z,BINANCE,ETHUSDT,1586,177.632,2,1782493848613
2026-06-26T17:12:22.766Z,BINANCE,ETHUSDT,1586.09,112.61239,2,1782493846382
2026-06-26T17:12:22.766Z,BINANCE,ETHUSDT,1585.79,2648.2693,2,1782493835126
2026-06-26T17:13:21.664Z,BINANCE,ETHUSDT,1586.49,226.86807,2,1782493951645
2026-06-26T17:13:21.664Z,BINANCE,ETHUSDT,1587.22,1179.30446,2,1782493948572
2026-06-26T17:22:18.840Z,BINANCE,ETHUSDT,1587.66,5929.9101,2,1782494528312
2026-06-26T17:29:07.285Z,BINANCE,ETHUSDT,1586.97,3808.728,2,1782494892795
2026-06-26T17:35:55.683Z,BINANCE,ETHUSDT,1585.37,250.48846,2,1782495301309
2026-06-26T17:37:03.843Z,BINANCE,ETHUSDT,1581.3,273.5649,1,1782495417548
2026-06-26T17:38:07.363Z,BINANCE,ETHUSDT,1579.4,15441.7938,1,1782495469138
2026-06-26T17:38:07.363Z,BINANCE,ETHUSDT,1580.83,488.47647,1,1782495425540
2026-06-26T17:43:15.612Z,BINANCE,ETHUSDT,1583.91,71645.00103,2,1782495792523
2026-06-26T17:43:15.612Z,BINANCE,ETHUSDT,1583.66,128.27646,2,1782495790201
2026-06-26T17:43:15.612Z,BINANCE,ETHUSDT,1584,3071.376,2,1782495788258
2026-06-26T17:44:18.310Z,BINANCE,ETHUSDT,1584.58,5203.76072,1,1782495814590
2026-06-26T17:44:18.310Z,BINANCE,ETHUSDT,1583.99,964.64991,2,1782495794370
2026-06-26T17:52:19.969Z,BINANCE,ETHUSDT,1580.13,224.37846,1,1782496322819
2026-06-26T18:06:50.736Z,BINANCE,ETHUSDT,1584.84,394.62516,2,1782497169198
2026-06-26T18:06:50.736Z,BINANCE,ETHUSDT,1584.29,40768.53457,2,1782497165853
2026-06-26T18:12:41.120Z,BINANCE,ETHUSDT,1583.72,536.88108,2,1782497537518
2026-06-26T18:18:31.662Z,BINANCE,ETHUSDT,1578.63,28852.62051,1,1782497896209
2026-06-26T18:27:26.718Z,BINANCE,ETHUSDT,1577.52,429.08544,1,1782498443135
2026-06-26T18:27:26.718Z,BINANCE,ETHUSDT,1577.56,24775.5798,1,1782498437149
2026-06-26T18:27:26.718Z,BINANCE,ETHUSDT,1577.8,126.224,1,1782498434646
2026-06-26T18:28:29.573Z,BINANCE,ETHUSDT,1576.35,788.175,1,1782498504222
2026-06-26T18:28:29.573Z,BINANCE,ETHUSDT,1576.21,1681.81607,1,1782498477416
2026-06-26T18:28:29.573Z,BINANCE,ETHUSDT,1576.42,39946.4828,1,1782498470826
2026-06-26T18:28:29.573Z,BINANCE,ETHUSDT,1576.54,304.27222,1,1782498455564
2026-06-26T18:28:29.573Z,BINANCE,ETHUSDT,1576.54,7006.14376,1,1782498454358
2026-06-26T18:29:32.346Z,BINANCE,ETHUSDT,1574.27,7787.91369,1,1782498537531
2026-06-26T18:29:32.346Z,BINANCE,ETHUSDT,1574.17,495.86355,1,1782498532216
2026-06-26T18:29:32.346Z,BINANCE,ETHUSDT,1574.47,314.894,1,1782498526518
2026-06-26T18:29:32.346Z,BINANCE,ETHUSDT,1574.82,6299.28,1,1782498523317
2026-06-26T18:29:32.346Z,BINANCE,ETHUSDC,1572.9,780.1584,1,1782498522619
2026-06-26T18:29:32.346Z,BINANCE,ETHUSDT,1575.61,21251.82768,1,1782498518159
2026-06-26T18:39:42.861Z,BINANCE,ETHUSDT,1573.3,910.9407,1,1782499175699
2026-06-26T18:39:42.861Z,BINANCE,ETHUSDT,1573.54,391.81146,1,1782499134233
2026-06-26T18:48:43.590Z,BINANCE,ETHUSDT,1572.22,449.65492,1,1782499711025
2026-06-26T18:48:43.590Z,BINANCE,ETHUSDC,1570.2,314.04,1,1782499669190
2026-06-26T18:48:43.590Z,BINANCE,ETHUSDT,1572.14,10439.0096,1,1782499668595
2026-06-26T18:48:43.590Z,BINANCE,ETHUSDT,1572.51,103.78566,1,1782499665610
2026-06-26T18:48:43.590Z,BINANCE,ETHUSDT,1572.85,12255.6472,1,1782499661271
2026-06-26T18:49:52.727Z,BINANCE,ETHUSDT,1571.93,1571.93,1,1782499747359
2026-06-26T18:52:04.092Z,BINANCE,ETHUSDT,1571.4,2199.96,1,1782499858551
2026-06-26T18:52:04.092Z,BINANCE,ETHUSDT,1571.93,9491.31334,1,1782499853638
2026-06-26T18:57:44.375Z,BINANCE,ETHUSDT,1570.17,18603.37416,1,1782500262076
2026-06-26T18:57:44.375Z,BINANCE,ETHUSDT,1570.31,505.63982,1,1782500260506
2026-06-26T18:57:44.375Z,BINANCE,ETHUSDT,1570.27,10294.69012,1,1782500259383
2026-06-26T18:58:52.550Z,BINANCE,ETHUSDT,1570.4,12662.1352,1,1782500264684
2026-06-26T18:58:52.550Z,BINANCE,ETHUSDC,1568.04,100.35456,1,1782500262579
2026-06-26T19:02:07.181Z,BINANCE,ETHUSDT,1570.12,1044.1298,1,1782500469598
2026-06-26T19:03:15.402Z,BINANCE,ETHUSDT,1571.58,304.88652,1,1782500552182
2026-06-26T19:05:26.649Z,BINANCE,ETHUSDT,1569.72,30772.79088,1,1782500691573
2026-06-26T19:07:32.562Z,BINANCE,ETHUSDT,1574.43,32864.65182,1,1782500843308
2026-06-26T19:07:32.562Z,BINANCE,ETHUSDT,1575.25,1624.08275,2,1782500830508
2026-06-26T19:07:32.562Z,BINANCE,ETHUSDT,1574.79,807.86727,2,1782500822183
2026-06-26T19:08:41.943Z,BINANCE,ETHUSDT,1577.68,659.47024,2,1782500899509
2026-06-26T19:08:41.943Z,BINANCE,ETHUSDT,1576.89,43246.20825,2,1782500895365
2026-06-26T19:12:39.427Z,BINANCE,ETHUSDT,1582.88,636.31776,2,1782500999153
2026-06-26T19:12:39.427Z,BINANCE,ETHUSDT,1582.65,129.7773,2,1782500992322
2026-06-26T19:12:39.427Z,BINANCE,ETHUSDC,1580.71,3520.24117,2,1782500992221
2026-06-26T19:12:39.427Z,BINANCE,ETHUSDT,1582.59,9826.30131,2,1782500991265
2026-06-26T19:12:39.427Z,BINANCE,ETHUSDT,1583.16,3392.71188,2,1782500990248
2026-06-26T19:12:39.427Z,BINANCE,ETHUSDT,1582.42,12814.43716,2,1782500989149
2026-06-26T19:12:39.427Z,BINANCE,ETHUSDT,1579.41,459.60831,2,1782500972727
2026-06-26T19:12:39.427Z,BINANCE,ETHUSDT,1579.35,205.3155,2,1782500970133
2026-06-26T19:12:39.427Z,BINANCE,ETHUSDT,1578.88,21616.44608,2,1782500959581
2026-06-26T19:12:39.427Z,BINANCE,ETHUSDT,1578.14,1917.4401,2,1782500954516
2026-06-26T19:12:39.427Z,BINANCE,ETHUSDT,1578.27,6118.95279,2,1782500949302
2026-06-26T19:18:15.173Z,BINANCE,ETHUSDT,1579.02,473.706,2,1782501463269
2026-06-26T19:20:31.507Z,BINANCE,ETHUSDT,1580.8,553.28,2,1782501583474
2026-06-26T19:31:53.316Z,BINANCE,ETHUSDT,1577.99,2570.54571,1,1782502253304
2026-06-26T19:33:06.605Z,BINANCE,ETHUSDT,1581.35,2593.414,2,1782502376090
2026-06-26T19:33:06.605Z,BINANCE,ETHUSDT,1581.49,166.05645,2,1782502338090
2026-06-26T19:34:19.903Z,BINANCE,ETHUSDT,1582.5,496.905,2,1782502433415
2026-06-26T19:34:19.903Z,BINANCE,ETHUSDT,1581.43,14482.73594,2,1782502405590
2026-06-26T19:37:44.234Z,BINANCE,ETHUSDT,1578.08,449.7528,2,1782502633160
2026-06-26T19:41:06.414Z,BINANCE,ETHUSDT,1580.37,790.185,1,1782502826144
2026-06-26T20:01:08.559Z,BINANCE,ETHUSDT,1581.97,75233.74729,2,1782504025425
2026-06-26T20:01:08.559Z,BINANCE,ETHUSDT,1581.07,2863.31777,2,1782504020552
2026-06-26T20:01:08.559Z,BINANCE,ETHUSDT,1582.63,26716.37703,2,1782504018308
2026-06-26T20:01:08.559Z,BINANCE,ETHUSDC,1572.65,48542.98755,1,1782504002775
2026-06-26T20:01:08.559Z,BINANCE,ETHUSDT,1574.38,24694.1503,1,1782504002384
2026-06-26T20:01:08.559Z,BINANCE,ETHUSDT,1574.49,1363.50834,1,1782504002313
2026-06-26T20:03:30.095Z,BINANCE,ETHUSDT,1578.58,6721.59364,2,1782504146554
2026-06-26T20:10:15.839Z,BINANCE,ETHUSDT,1574.3,9433.2056,1,1782504593659
2026-06-26T20:31:52.020Z,BINANCE,ETHUSDT,1571.81,6287.24,1,1782505879316
2026-06-26T20:31:52.020Z,BINANCE,ETHUSDT,1572.22,746.8045,1,1782505874437
2026-06-26T20:31:52.020Z,BINANCE,ETHUSDT,1572.59,14889.28212,1,1782505869453
2026-06-26T20:31:52.020Z,BINANCE,ETHUSDT,1572.99,8001.80013,1,1782505868444
2026-06-26T20:31:52.020Z,BINANCE,ETHUSDT,1573.04,242.24816,1,1782505865474
2026-06-26T20:31:52.020Z,BINANCE,ETHUSDT,1573.01,665.38323,1,1782505864502
2026-06-26T20:35:55.308Z,BINANCE,ETHUSDC,1567.12,407.4512,1,1782506038156
2026-06-26T20:35:55.308Z,BINANCE,ETHUSDT,1569.44,430.02656,1,1782506017252
2026-06-26T20:35:55.308Z,BINANCE,ETHUSDT,1569.63,19069.43487,1,1782505989518
2026-06-26T20:35:55.308Z,BINANCE,ETHUSDT,1569.42,14688.20178,1,1782505988351
2026-06-26T20:35:55.308Z,BINANCE,ETHUSDT,1569.38,1288.46098,1,1782505986624
2026-06-26T20:35:55.308Z,BINANCE,ETHUSDT,1570.27,1256.216,1,1782505974137
2026-06-26T20:35:55.308Z,BINANCE,ETHUSDT,1570.19,10418.21065,1,1782505972353
2026-06-26T20:35:55.308Z,BINANCE,ETHUSDC,1568.82,123.93678,1,1782505915350
2026-06-26T20:35:55.308Z,BINANCE,ETHUSDT,1570.91,16730.1915,1,1782505914441
2026-06-26T20:38:06.249Z,BINANCE,ETHUSDT,1568.83,1841.80642,1,1782506249051
2026-06-26T20:42:39.323Z,BINANCE,ETHUSDT,1568.42,130.17886,1,1782506543369
2026-06-26T20:42:39.323Z,BINANCE,ETHUSDT,1568.23,7660.80355,1,1782506537772
2026-06-26T20:42:39.323Z,BINANCE,ETHUSDT,1568.18,1574.45272,1,1782506536538
2026-06-26T20:42:39.323Z,BINANCE,ETHUSDT,1568.18,8308.21764,1,1782506536337
2026-06-26T20:42:39.323Z,BINANCE,ETHUSDT,1568.47,1016.36856,1,1782506534124
2026-06-26T20:42:39.323Z,BINANCE,ETHUSDT,1568.39,147.42866,1,1782506532273
2026-06-26T20:43:42.234Z,BINANCE,ETHUSDT,1568.01,130.14483,1,1782506618456
2026-06-26T20:45:06.022Z,BINANCE,ETHUSDT,1568.15,595235.2407,1,1782506637638
2026-06-26T20:46:09.159Z,BINANCE,ETHUSDT,1567.43,777.44528,1,1782506746606
2026-06-26T20:46:09.159Z,BINANCE,ETHUSDT,1567.49,570.56636,1,1782506707373
2026-06-26T21:02:19.234Z,BINANCE,ETHUSDC,1567.95,297.9105,1,1782507683112
2026-06-26T21:04:41.145Z,BINANCE,ETHUSDT,1567.96,235.194,1,1782507863254
2026-06-26T21:04:41.145Z,BINANCE,ETHUSDT,1567.72,109237.16188,1,1782507815378
2026-06-26T21:11:30.931Z,BINANCE,ETHUSDT,1572.8,353.88,2,1782508239535
2026-06-26T21:23:45.340Z,BINANCE,ETHUSDT,1574.02,146.38386,2,1782508994565
2026-06-26T21:30:39.569Z,BINANCE,ETHUSDT,1575.66,724.8036,2,1782509433095
2026-06-26T21:30:39.569Z,BINANCE,ETHUSDT,1574.88,444.11616,2,1782509413285
2026-06-26T21:32:50.756Z,BINANCE,ETHUSDT,1576.78,5107.19042,2,1782509544619
2026-06-26T21:32:50.756Z,BINANCE,ETHUSDT,1576.37,130759.8915,2,1782509542192
2026-06-26T21:32:50.756Z,BINANCE,ETHUSDT,1576.26,4470.27336,2,1782509541153
2026-06-26T21:43:19.243Z,BINANCE,ETHUSDT,1577.32,28306.58472,2,1782510167488
2026-06-26T21:44:27.300Z,BINANCE,ETHUSDT,1577.54,998.58282,2,1782510202185
2026-06-26T21:45:30.286Z,BINANCE,ETHUSDT,1578.61,4538.50375,2,1782510310220
2026-06-26T21:53:16.591Z,BINANCE,ETHUSDT,1575.33,236.2995,2,1782510787576
2026-06-26T22:02:11.409Z,BINANCE,ETHUSDT,1573,537.966,1,1782511269238
2026-06-26T22:04:28.876Z,BINANCE,ETHUSDT,1569.29,1727.78829,1,1782511456071
2026-06-26T22:04:28.876Z,BINANCE,ETHUSDT,1569.3,32351.1195,1,1782511452627
2026-06-26T22:11:30.792Z,BINANCE,ETHUSDT,1574.6,8795.7156,2,1782511867433
2026-06-26T22:12:38.912Z,BINANCE,ETHUSDT,1574.55,1574.55,2,1782511896105
2026-06-26T22:52:07.973Z,BINANCE,ETHUSDT,1577.4,3112.2102,2,1782514267466
2026-06-26T22:56:55.697Z,BINANCE,ETHUSDT,1578.59,4735.77,2,1782514603190
2026-06-26T22:56:55.697Z,BINANCE,ETHUSDT,1578.01,3722.52559,2,1782514590135
2026-06-26T22:56:55.697Z,BINANCE,ETHUSDT,1578.01,129.39682,2,1782514588344
2026-06-26T22:58:03.720Z,BINANCE,ETHUSDT,1578.6,48090.4704,2,1782514622415
2026-06-26T23:03:30.119Z,BINANCE,ETHUSDT,1578.71,1932.34104,2,1782515007301
2026-06-26T23:03:30.119Z,BINANCE,ETHUSDT,1578.74,102.6181,2,1782514991077
2026-06-26T23:04:43.366Z,BINANCE,ETHUSDT,1579.57,521.2581,2,1782515049247
2026-06-26T23:29:54.042Z,BINANCE,ETHUSDT,1574.9,1122.9037,1,1782516572311
2026-06-26T23:44:19.494Z,BINANCE,ETHUSDT,1579.54,311.16938,2,1782517426270
2026-06-26T23:45:32.711Z,BINANCE,ETHUSDT,1579.66,7898.3,2,1782517462202
2026-06-27T00:07:19.999Z,BINANCE,ETHUSDT,1580.47,2192.11189,2,1782518809264
2026-06-27T00:07:19.999Z,BINANCE,ETHUSDT,1579.2,10042.1328,2,1782518773403
2026-06-27T00:11:42.013Z,BINANCE,ETHUSDT,1580.21,195.94604,2,1782519076405
2026-06-27T00:11:42.013Z,BINANCE,ETHUSDT,1580.31,2237.71896,2,1782519046127
2026-06-27T00:14:03.256Z,BINANCE,ETHUSDT,1579.36,778.62448,2,1782519199063
2026-06-27T00:16:16.923Z,BINANCE,ETHUSDT,1578.32,7795.32248,2,1782519356546
2026-06-27T00:18:17.638Z,BINANCE,ETHUSDT,1578.42,2171.90592,2,1782519484241
2026-06-27T00:18:17.638Z,BINANCE,ETHUSDT,1578.42,726.0732,2,1782519480393
2026-06-27T00:26:20.066Z,BINANCE,ETHUSDT,1577.2,350.1384,2,1782519969567
2026-06-27T00:30:41.923Z,BINANCE,ETHUSDT,1575.99,532.68462,1,1782520229423
2026-06-27T00:31:54.903Z,BINANCE,ETHUSDT,1571.81,128.88842,1,1782520292499
2026-06-27T00:31:54.903Z,BINANCE,ETHUSDT,1573.17,122686.80879,1,1782520285298
2026-06-27T00:31:54.903Z,BINANCE,ETHUSDC,1571.35,5045.60485,1,1782520284235
2026-06-27T00:31:54.903Z,BINANCE,ETHUSDT,1573.09,3194.94579,1,1782520283400
2026-06-27T00:31:54.903Z,BINANCE,ETHUSDT,1574.21,7871.05,1,1782520278212
2026-06-27T00:31:54.903Z,BINANCE,ETHUSDT,1575.97,187.54043,1,1782520253200
2026-06-27T00:31:54.903Z,BINANCE,ETHUSDT,1575.93,148.13742,1,1782520247116
2026-06-27T00:33:09.230Z,BINANCE,ETHUSDT,1571.09,628.436,1,1782520333282
2026-06-27T00:33:09.230Z,BINANCE,ETHUSDT,1571.23,7856.15,1,1782520329655
2026-06-27T00:33:09.230Z,BINANCE,ETHUSDT,1571.23,485.51007,1,1782520328468
2026-06-27T00:33:09.230Z,BINANCE,ETHUSDT,1571.54,49883.82268,1,1782520326503
2026-06-27T00:33:09.230Z,BINANCE,ETHUSDT,1571.56,713.48824,1,1782520325686
2026-06-27T00:34:42.879Z,BINANCE,ETHUSDT,1571.3,9110.3974,1,1782520452400
2026-06-27T00:36:54.197Z,BINANCE,ETHUSDT,1571.79,141.4611,1,1782520574262
2026-06-27T00:37:57.000Z,BINANCE,ETHUSDT,1570.66,315.70266,1,1782520652608
2026-06-27T00:43:38.249Z,BINANCE,ETHUSDT,1572.31,1278.28803,1,1782521005128
2026-06-27T00:46:52.139Z,BINANCE,ETHUSDT,1572.27,8502.83616,1,1782521146483
2026-06-27T00:50:06.126Z,BINANCE,ETHUSDT,1576.3,111.9173,2,1782521395230
2026-06-27T00:55:51.634Z,BINANCE,ETHUSDT,1576.67,2292.47818,2,1782521682120
2026-06-27T01:08:19.266Z,BINANCE,ETHUSDT,1574.29,2315.78059,2,1782522428415
2026-06-27T01:56:26.971Z,BINANCE,ETHUSDT,1574.48,154.29904,1,1782525372381
2026-06-27T01:58:42.768Z,BINANCE,ETHUSDT,1575.06,3603.73728,2,1782525487189
2026-06-27T02:10:56.216Z,BINANCE,ETHUSDT,1578.15,213.05025,2,1782526185439
2026-06-27T02:10:56.216Z,BINANCE,ETHUSDT,1578,2064.024,2,1782526181676
2026-06-27T02:12:04.372Z,BINANCE,ETHUSDT,1578.78,164.19312,2,1782526318205
2026-06-27T02:13:07.228Z,BINANCE,ETHUSDT,1579.77,129.54114,2,1782526375438
2026-06-27T02:14:15.225Z,BINANCE,ETHUSDT,1580.18,159.59818,2,1782526401229
2026-06-27T02:14:15.225Z,BINANCE,ETHUSDT,1580.11,112.18781,2,1782526398450
2026-06-27T02:14:15.225Z,BINANCE,ETHUSDT,1579.85,170.6238,2,1782526391231
2026-06-27T02:15:18.164Z,BINANCE,ETHUSDT,1580.84,167.56904,2,1782526509355
2026-06-27T02:15:18.164Z,BINANCE,ETHUSDT,1580.79,682.90128,2,1782526474405
2026-06-27T02:16:31.300Z,BINANCE,ETHUSDT,1583.54,1429.93662,2,1782526551491
2026-06-27T02:16:31.300Z,BINANCE,ETHUSDT,1583.78,10465.61824,2,1782526549358
2026-06-27T02:16:31.300Z,BINANCE,ETHUSDT,1583.5,1900.2,2,1782526544579
2026-06-27T02:16:31.300Z,BINANCE,ETHUSDC,1581.49,1301.56627,2,1782526544176
2026-06-27T02:16:31.300Z,BINANCE,ETHUSDT,1583.11,3941.9439,2,1782526541451
2026-06-27T02:16:31.300Z,BINANCE,ETHUSDT,1582.86,1225.13364,2,1782526536200
2026-06-27T02:16:31.300Z,BINANCE,ETHUSDT,1582.72,596.68544,1,1782526534585
2026-06-27T02:16:31.300Z,BINANCE,ETHUSDT,1582.74,8567.37162,2,1782526532460
2026-06-27T02:16:31.300Z,BINANCE,ETHUSDC,1580.9,134.3765,2,1782526532390
2026-06-27T02:16:31.300Z,BINANCE,ETHUSDT,1583.11,7676.50039,2,1782526530554
2026-06-27T02:16:31.300Z,BINANCE,ETHUSDT,1581.58,330.55022,2,1782526528437
2026-06-27T02:16:31.300Z,BINANCE,ETHUSDT,1581.62,2378.75648,2,1782526525672
2026-06-27T02:21:03.275Z,BINANCE,ETHUSDT,1584.48,53175.1488,2,1782526850200
2026-06-27T02:22:06.226Z,BINANCE,ETHUSDT,1584.52,3010.588,2,1782526882476
2026-06-27T02:22:06.226Z,BINANCE,ETHUSDT,1585.06,3239.86264,2,1782526880666
2026-06-27T02:23:19.382Z,BINANCE,ETHUSDT,1585.18,396.295,2,1782526960295
2026-06-27T02:23:19.382Z,BINANCE,ETHUSDT,1585.21,3170.42,2,1782526957328
2026-06-27T02:23:19.382Z,BINANCE,ETHUSDC,1583.38,15833.8,2,1782526956202
2026-06-27T02:23:19.382Z,BINANCE,ETHUSDT,1585.19,8943.64198,2,1782526955332
2026-06-27T02:25:40.451Z,BINANCE,ETHUSDT,1586.12,3172.24,2,1782527095532
2026-06-27T02:25:40.451Z,BINANCE,ETHUSDT,1585.88,715.23188,2,1782527093234
2026-06-27T02:25:40.451Z,BINANCE,ETHUSDT,1585.82,46120.40306,2,1782527088207
2026-06-27T02:32:18.759Z,BINANCE,ETHUSDT,1581.48,1924.66116,1,1782527479375
2026-06-27T02:56:14.415Z,BINANCE,ETHUSDT,1583.93,1039.05808,2,1782528969297
2026-06-27T03:06:06.966Z,BINANCE,ETHUSDT,1580,14163.12,1,1782529529558
2026-06-27T03:07:15.413Z,BINANCE,ETHUSDT,1577.96,512.837,1,1782529631182
2026-06-27T03:07:15.413Z,BINANCE,ETHUSDT,1578.05,1166.17895,1,1782529624803
2026-06-27T03:07:15.413Z,BINANCE,ETHUSDT,1577.86,642.18902,1,1782529623444
2026-06-27T03:07:15.413Z,BINANCE,ETHUSDT,1578.4,4735.2,1,1782529622368
2026-06-27T03:09:21.273Z,BINANCE,ETHUSDT,1577.68,915.0544,1,1782529744133
2026-06-27T03:10:29.509Z,BINANCE,ETHUSDT,1578.57,20426.6958,2,1782529811215
2026-06-27T03:13:53.466Z,BINANCE,ETHUSDC,1577.25,3004.66125,2,1782530021254
2026-06-27T03:25:19.101Z,BINANCE,ETHUSDT,1583.64,1583.64,2,1782530652229
2026-06-27T04:05:51.432Z,BINANCE,ETHUSDT,1584.41,147.35013,2,1782533144304
2026-06-27T04:05:51.432Z,BINANCE,ETHUSDC,1582.66,993.91048,2,1782533142491
2026-06-27T04:05:51.432Z,BINANCE,ETHUSDT,1583.19,201.06513,2,1782533135256
2026-06-27T04:05:51.432Z,BINANCE,ETHUSDT,1583.01,34093.28637,2,1782533130838
2026-06-27T04:35:15.432Z,BINANCE,ETHUSDT,1583.07,182.05305,1,1782534856408
2026-06-27T04:35:15.432Z,BINANCE,ETHUSDT,1582.85,253.256,1,1782534847623
2026-06-27T04:38:39.255Z,BINANCE,ETHUSDT,1580.84,5504.48488,1,1782535053242
2026-06-27T04:55:30.340Z,BINANCE,ETHUSDT,1579.11,345.82509,1,1782536115390
2026-06-27T04:55:30.340Z,BINANCE,ETHUSDT,1579.73,2609.71396,1,1782536099634
2026-06-27T04:56:43.501Z,BINANCE,ETHUSDT,1578.78,216.29286,1,1782536175099
2026-06-27T05:21:20.737Z,BINANCE,ETHUSDT,1579.31,829.13775,1,1782537635208
2026-06-27T05:21:20.737Z,BINANCE,ETHUSDT,1582.84,39571,1,1782537633533
2026-06-27T05:21:20.737Z,BINANCE,ETHUSDT,1579.31,1579.31,1,1782537628184
2026-06-27T05:27:43.181Z,BINANCE,ETHUSDT,1578.99,1886.89305,1,1782538052528
2026-06-27T05:28:51.368Z,BINANCE,ETHUSDT,1577.83,788.915,1,1782538121181
2026-06-27T05:29:54.091Z,BINANCE,ETHUSDC,1574.86,1941.80238,1,1782538150623
2026-06-27T05:29:54.091Z,BINANCE,ETHUSDT,1576.69,10065.58896,1,1782538149357
2026-06-27T05:36:42.156Z,BINANCE,ETHUSDT,1578.44,1434.80196,1,1782538544652
2026-06-27T05:46:53.562Z,BINANCE,ETHUSDT,1580.11,369.74574,2,1782539210309
2026-06-27T06:02:51.265Z,BINANCE,ETHUSDT,1576.2,553.2462,1,1782540161284
2026-06-27T06:03:54.096Z,BINANCE,ETHUSDT,1575.71,359.26188,1,1782540178584
2026-06-27T06:08:31.727Z,BINANCE,ETHUSDT,1576.16,3372.9824,1,1782540442832
2026-06-27T06:10:43.529Z,BINANCE,ETHUSDT,1575.29,9476.94464,1,1782540623544
2026-06-27T06:10:43.529Z,BINANCE,ETHUSDT,1575.29,3690.90447,1,1782540621629
2026-06-27T06:10:43.529Z,BINANCE,ETHUSDT,1575.29,297.72981,1,1782540620582
2026-06-27T06:11:56.158Z,BINANCE,ETHUSDT,1574.85,1455.1614,1,1782540643530
2026-06-27T06:11:56.158Z,BINANCE,ETHUSDT,1575.24,445.79292,1,1782540641101
2026-06-27T06:13:04.238Z,BINANCE,ETHUSDT,1574.49,966.73686,1,1782540748489
2026-06-27T06:14:07.027Z,BINANCE,ETHUSDT,1574.57,1269.10342,1,1782540805476
2026-06-27T06:20:44.981Z,BINANCE,ETHUSDT,1576.73,5587.93112,2,1782541187295
2026-06-27T06:23:06.154Z,BINANCE,ETHUSDT,1577.59,1435.6069,2,1782541353555
2026-06-27T06:26:30.336Z,BINANCE,ETHUSDT,1578.49,411.98589,2,1782541582627
2026-06-27T06:27:43.357Z,BINANCE,ETHUSDT,1578.71,7446.77507,2,1782541588524
2026-06-27T06:31:07.432Z,BINANCE,ETHUSDT,1580.46,21002.73294,2,1782541857576
2026-06-27T06:31:07.432Z,BINANCE,ETHUSDT,1580.49,651.16188,2,1782541851241
2026-06-27T06:31:07.432Z,BINANCE,ETHUSDT,1579.93,41575.85795,2,1782541848508
2026-06-27T06:31:07.432Z,BINANCE,ETHUSDT,1578.88,1337.31136,2,1782541843269
2026-06-27T06:32:20.062Z,BINANCE,ETHUSDT,1581.88,1645.1552,2,1782541934215
2026-06-27T06:32:20.062Z,BINANCE,ETHUSDT,1581.47,676.86916,2,1782541929177
2026-06-27T06:32:20.062Z,BINANCE,ETHUSDT,1581.12,1846.74816,2,1782541927804
2026-06-27T06:41:15.299Z,BINANCE,ETHUSDT,1582.07,601.1866,2,1782542419135
2026-06-27T06:46:55.499Z,BINANCE,ETHUSDT,1582.79,466.92305,1,1782542783241
2026-06-27T06:48:03.635Z,BINANCE,ETHUSDT,1583.64,2337.45264,2,1782542872533
2026-06-27T06:48:03.635Z,BINANCE,ETHUSDC,1581.73,1874.35005,2,1782542839382
2026-06-27T06:48:03.635Z,BINANCE,ETHUSDT,1583.64,77071.00788,2,1782542838727
2026-06-27T06:48:03.635Z,BINANCE,ETHUSDT,1583.43,3977.57616,2,1782542837406
2026-06-27T07:42:03.454Z,BINANCE,ETHUSDT,1581.99,291.08616,1,1782546106527
2026-06-27T07:47:43.251Z,BINANCE,ETHUSDT,1584.12,258.21156,2,1782546421554
2026-06-27T07:52:04.843Z,BINANCE,ETHUSDT,1584.65,150685.95315,2,1782546702552
2026-06-27T07:52:04.843Z,BINANCE,ETHUSDT,1584.49,1492.58958,2,1782546699240
2026-06-27T07:52:04.843Z,BINANCE,ETHUSDT,1584.37,188.54003,2,1782546685386
2026-06-27T07:53:17.949Z,BINANCE,ETHUSDT,1583.95,121.96415,1,1782546784566
2026-06-27T07:53:17.949Z,BINANCE,ETHUSDT,1584.86,8642.24158,2,1782546743070
2026-06-27T07:55:39.303Z,BINANCE,ETHUSDT,1585.09,695.85451,2,1782546927168
2026-06-27T07:56:42.114Z,BINANCE,ETHUSDT,1585.57,21405.195,2,1782546956306
2026-06-27T07:56:42.114Z,BINANCE,ETHUSDT,1585.33,848.15155,2,1782546945259
2026-06-27T09:12:06.381Z,BINANCE,ETHUSDT,1580.16,142.2144,1,1782551517740
2026-06-27T09:14:27.337Z,BINANCE,ETHUSDT,1579.74,132.69816,1,1782551662549
2026-06-27T09:14:27.337Z,BINANCE,ETHUSDT,1579.49,2276.04509,1,1782551621364
2026-06-27T09:15:30.169Z,BINANCE,ETHUSDT,1578.78,286902.21672,1,1782551716061
2026-06-27T09:15:30.169Z,BINANCE,ETHUSDT,1578.81,33767.58828,1,1782551714399
2026-06-27T09:16:33.048Z,BINANCE,ETHUSDT,1578.97,309.47812,1,1782551732119
2026-06-27T09:18:54.794Z,BINANCE,ETHUSDT,1579.46,1220.92258,2,1782551910319
2026-06-27T09:18:54.794Z,BINANCE,ETHUSDT,1578.55,524.0786,1,1782551860298
2026-06-27T09:25:26.536Z,BINANCE,ETHUSDT,1579.08,3036.57084,1,1782552262396
2026-06-27T09:34:31.403Z,BINANCE,ETHUSDT,1582.2,194.6106,2,1782552808270
2026-06-27T09:42:19.203Z,BINANCE,ETHUSDT,1581.47,8106.61522,2,1782553316144
2026-06-27T10:19:42.934Z,BINANCE,ETHUSDT,1583.07,188467.64964,2,1782555563722
2026-06-27T10:24:32.454Z,BINANCE,ETHUSDT,1583.48,7421.77076,2,1782555810401
2026-06-27T10:24:32.454Z,BINANCE,ETHUSDT,1583.35,234.3358,1,1782555802295
2026-06-27T10:24:32.454Z,BINANCE,ETHUSDC,1581.47,362.15663,1,1782555801325
2026-06-27T10:27:51.291Z,BINANCE,ETHUSDC,1581.25,1617.61875,2,1782556031486
2026-06-27T10:27:51.291Z,BINANCE,ETHUSDT,1583.32,28528.25976,1,1782556030506
2026-06-27T10:27:51.291Z,BINANCE,ETHUSDT,1583.32,414.82984,1,1782556029390
2026-06-27T10:27:51.291Z,BINANCE,ETHUSDT,1583.51,1003.94534,2,1782556027123
2026-06-27T10:27:51.291Z,BINANCE,ETHUSDT,1583.5,3352.2695,1,1782556022136
2026-06-27T10:50:30.620Z,BINANCE,ETHUSDT,1584.18,259.80552,2,1782557362168
2026-06-27T11:28:17.432Z,BINANCE,ETHUSDT,1579.5,2988.414,1,1782559640239
2026-06-27T11:29:40.225Z,BINANCE,ETHUSDT,1578.73,389.94631,1,1782559699321
2026-06-27T11:38:39.768Z,BINANCE,ETHUSDT,1578.22,8602.87722,1,1782560275404
2026-06-27T11:43:06.701Z,BINANCE,ETHUSDT,1579.72,2631.81352,2,1782560578450
2026-06-27T11:46:30.848Z,BINANCE,ETHUSDT,1583.82,3864.5208,2,1782560740876
2026-06-27T11:46:30.848Z,BINANCE,ETHUSDT,1582.83,2744.62722,2,1782560735522
2026-06-27T11:46:30.848Z,BINANCE,ETHUSDT,1582.77,261.15705,2,1782560733526
2026-06-27T11:46:30.848Z,BINANCE,ETHUSDT,1581.42,656.2893,1,1782560729223
2026-06-27T11:53:19.083Z,BINANCE,ETHUSDT,1582.53,2990.9817,1,1782561159147
2026-06-27T11:58:56.799Z,BINANCE,ETHUSDT_260925,1587.45,160.33245,2,1782561494264
2026-06-27T12:33:41.568Z,BINANCE,ETHUSDT,1584.15,1105.7367,2,1782563572101
2026-06-27T12:52:14.384Z,BINANCE,ETHUSDT,1584.39,714.55989,2,1782564703540
2026-06-27T12:54:30.915Z,BINANCE,ETHUSDT,1584.8,3242.5008,2,1782564843501
2026-06-27T12:55:39.038Z,BINANCE,ETHUSDT,1585.19,99055.35272,2,1782564909089
2026-06-27T12:56:42.097Z,BINANCE,ETHUSDT,1584.34,4553.39316,1,1782564969245
2026-06-27T12:59:03.288Z,BINANCE,ETHUSDT,1585.77,902.30313,2,1782565113393
2026-06-27T12:59:03.288Z,BINANCE,ETHUSDT,1585.77,662.85186,2,1782565111589
2026-06-27T12:59:03.288Z,BINANCE,ETHUSDT,1585.63,46493.84286,2,1782565109387
2026-06-27T12:59:03.288Z,BINANCE,ETHUSDT,1585.59,10945.32777,2,1782565105635
2026-06-27T12:59:03.288Z,BINANCE,ETHUSDT,1585.51,2893.55575,2,1782565105224
2026-06-27T12:59:03.288Z,BINANCE,ETHUSDT,1585.5,864.0975,2,1782565083484
2026-06-27T13:04:33.476Z,BINANCE,ETHUSDT,1586.9,4509.9698,2,1782565425528
2026-06-27T13:04:33.476Z,BINANCE,ETHUSDT,1586.95,31870.71685,2,1782565424174
2026-06-27T13:05:41.730Z,BINANCE,ETHUSDT,1587.71,636.67171,2,1782565476483
2026-06-27T13:05:41.730Z,BINANCE,ETHUSDT,1587.88,571.6368,2,1782565475710
2026-06-27T13:05:41.730Z,BINANCE,ETHUSDT,1587.86,20102.3076,2,1782565475105
2026-06-27T13:05:41.730Z,BINANCE,ETHUSDT,1587.45,11593.14735,2,1782565472128
2026-06-27T13:32:04.169Z,BINANCE,ETHUSDT,1585.49,14770.42484,2,1782567061602
2026-06-27T13:32:04.169Z,BINANCE,ETHUSDT,1585.48,1293.75168,1,1782567060364
2026-06-27T13:38:54.921Z,BINANCE,ETHUSDT,1589.85,4710.72555,2,1782567526189
2026-06-27T13:38:54.921Z,BINANCE,ETHUSDT,1589.34,10780.49322,2,1782567521060
2026-06-27T13:38:54.921Z,BINANCE,ETHUSDC,1586.97,6154.26966,2,1782567520471
2026-06-27T13:38:54.921Z,BINANCE,ETHUSDT,1589.43,84645.09465,2,1782567519285
2026-06-27T13:40:03.605Z,BINANCE,ETHUSDT,1591.15,2076.45075,2,1782567587315
2026-06-27T13:40:03.605Z,BINANCE,ETHUSDC,1589.07,513.26961,2,1782567587240
2026-06-27T13:40:03.605Z,BINANCE,ETHUSDT,1591.15,140.0212,2,1782567585713
2026-06-27T13:40:03.605Z,BINANCE,ETHUSDC,1589.1,429.057,2,1782567585432
2026-06-27T13:40:03.605Z,BINANCE,ETHUSDT,1591.09,4171.83798,2,1782567584611
2026-06-27T13:40:03.605Z,BINANCE,ETHUSDT,1591.24,118970.64984,2,1782567583656
2026-06-27T13:40:03.605Z,BINANCE,ETHUSDT,1590.08,17947.23296,2,1782567574363
2026-06-27T13:45:40.364Z,BINANCE,ETHUSDT,1590.42,1335.9528,2,1782567935626
2026-06-27T13:45:40.364Z,BINANCE,ETHUSDT,1591.24,327.79544,2,1782567923418
2026-06-27T13:46:43.163Z,BINANCE,ETHUSDT,1590.89,4607.21744,2,1782567984329
2026-06-27T13:46:43.163Z,BINANCE,ETHUSDT,1591.17,1716.87243,2,1782567956331
2026-06-27T13:56:55.575Z,BINANCE,ETHUSDT,1590.46,179.72198,2,1782568570441
2026-06-27T14:00:20.378Z,BINANCE,ETHUSDT,1591.89,18155.50545,2,1782568784200
2026-06-27T14:00:20.378Z,BINANCE,ETHUSDT,1592.1,2276.703,2,1782568782552
2026-06-27T14:00:20.378Z,BINANCE,ETHUSDC,1590.18,17631.91584,2,1782568781114
2026-06-27T14:00:20.378Z,BINANCE,ETHUSDT,1591.98,2387.97,2,1782568780281
2026-06-27T14:00:20.378Z,BINANCE,ETHUSDT,1591.22,1591.22,2,1782568772148
2026-06-27T14:00:20.378Z,BINANCE,ETHUSDC,1589.61,3964.48734,2,1782568770580
2026-06-27T14:00:20.378Z,BINANCE,ETHUSDT,1591.94,6316.81792,2,1782568769766
2026-06-27T14:03:39.355Z,BINANCE,ETHUSDT_261225,1607.85,202.5891,1,1782569014352
2026-06-27T14:10:42.991Z,BINANCE,ETHUSDT,1591.85,2083.73165,2,1782569420472
2026-06-27T14:14:08.790Z,BINANCE,ETHUSDT,1596.38,1968.33654,2,1782569626821
2026-06-27T14:14:08.790Z,BINANCE,ETHUSDC,1594.51,1376.06213,2,1782569626115
2026-06-27T14:14:08.790Z,BINANCE,ETHUSDT,1596.92,239538,2,1782569625174
2026-06-27T14:14:08.790Z,BINANCE,ETHUSDT,1596.92,17289.85284,2,1782569625067
2026-06-27T14:14:08.790Z,BINANCE,ETHUSD_PERP,1594.37,890,2,1782569625066
2026-06-27T14:14:08.790Z,BINANCE,ETHUSDT,1597.42,82730.3818,2,1782569624111
2026-06-27T14:14:08.790Z,BINANCE,ETHUSDT,1594.42,271.0514,2,1782569619629
2026-06-27T14:14:08.790Z,BINANCE,ETHUSDT,1594.67,3551.33009,2,1782569617412
2026-06-27T14:14:08.790Z,BINANCE,ETHUSDT,1594.53,797.265,2,1782569607170
2026-06-27T14:14:08.790Z,BINANCE,ETHUSDC,1592.68,1011.3518,2,1782569606328
2026-06-27T14:14:08.790Z,BINANCE,ETHUSDT,1594.27,1594.27,2,1782569605683
2026-06-27T14:14:08.790Z,BINANCE,ETHUSDT,1594.15,12400.89285,2,1782569604991
2026-06-27T14:14:08.790Z,BINANCE,ETHUSDT,1593.66,16610.71818,2,1782569599296
2026-06-27T14:14:08.790Z,BINANCE,ETHUSDC,1591.47,525.1851,2,1782569597429
2026-06-27T14:14:08.790Z,BINANCE,ETHUSDT,1593.6,23531.0976,2,1782569596342
2026-06-27T14:14:08.790Z,BINANCE,ETHUSDT,1593.39,20027.31891,2,1782569594105
2026-06-27T14:14:08.790Z,BINANCE,ETHUSDT,1592.76,25167.20076,2,1782569591344
2026-06-27T14:14:08.790Z,BINANCE,ETHUSDT,1592.65,258289.6064,2,1782569589542
2026-06-27T14:14:08.790Z,BINANCE,ETHUSDT,1592.62,283.48636,2,1782569588520
2026-06-27T14:14:08.790Z,BINANCE,ETHUSDC,1590.68,795.34,2,1782569587490
2026-06-27T14:15:32.109Z,BINANCE,ETHUSDT,1597.5,56388.555,2,1782569671609
2026-06-27T14:15:32.109Z,BINANCE,ETHUSDT,1597.5,47925,2,1782569670647
2026-06-27T14:15:32.109Z,BINANCE,ETHUSDT,1597.5,15407.8875,2,1782569670425
2026-06-27T14:15:32.109Z,BINANCE,ETHUSDT,1598.21,28742.20864,2,1782569668541
2026-06-27T14:15:32.109Z,BINANCE,ETHUSDT,1597.35,13583.8644,2,1782569668062
2026-06-27T14:15:32.109Z,BINANCE,ETHUSDC,1594.78,582.0947,2,1782569654523
2026-06-27T14:25:39.633Z,BINANCE,ETHUSDT,1594.26,5246.70966,2,1782570330510
2026-06-27T14:25:39.633Z,BINANCE,ETHUSDT,1594.26,754.08498,2,1782570325659
2026-06-27T14:25:39.633Z,BINANCE,ETHUSDT,1594.21,3924.94502,1,1782570322082
2026-06-27T14:25:39.633Z,BINANCE,ETHUSDT,1593.71,1851.89102,2,1782570283421
2026-06-27T14:47:52.025Z,BINANCE,ETHUSDT,1595.36,484.98944,2,1782571626746
2026-06-27T14:54:30.743Z,BINANCE,ETHUSDT,1593.16,753.56468,2,1782572037523
2026-06-27T15:03:32.949Z,BINANCE,ETHUSDT,1594,374.59,1,1782572597234
2026-06-27T15:04:41.007Z,BINANCE,ETHUSDT,1593.39,7554.26199,1,1782572655455
2026-06-27T15:05:54.118Z,BINANCE,ETHUSDT,1594.43,7972.15,2,1782572681452
2026-06-27T15:07:07.404Z,BINANCE,ETHUSDT,1597.08,23924.2584,2,1782572816295
2026-06-27T15:07:07.404Z,BINANCE,ETHUSDT,1596.64,1128.82448,2,1782572810122
2026-06-27T15:08:16.006Z,BINANCE,ETHUSDT,1598.34,15152.2632,2,1782572884654
2026-06-27T15:08:16.006Z,BINANCE,ETHUSDT,1598.47,1015.02845,2,1782572884299
2026-06-27T15:08:16.006Z,BINANCE,ETHUSDT,1598.69,1790.5328,2,1782572882763
2026-06-27T15:08:16.006Z,BINANCE,ETHUSDC,1596.31,159.631,2,1782572877151
2026-06-27T15:08:16.006Z,BINANCE,ETHUSDT,1598.14,298.85218,2,1782572863391
2026-06-27T15:08:16.006Z,BINANCE,ETHUSDC,1596.15,595.36395,2,1782572863260
2026-06-27T15:08:16.006Z,BINANCE,ETHUSDT,1598.47,11921.38926,2,1782572862334
2026-06-27T15:08:16.006Z,BINANCE,ETHUSDT,1598.22,15374.8764,2,1782572856572
2026-06-27T15:08:16.006Z,BINANCE,ETHUSDC,1595.95,11671.18235,2,1782572838515
2026-06-27T15:08:16.006Z,BINANCE,ETHUSDT,1597.77,4536.06903,2,1782572838370
2026-06-27T15:08:16.006Z,BINANCE,ETHUSDT,1597.73,2716.141,2,1782572834598
2026-06-27T15:08:16.006Z,BINANCE,ETHUSDT,1597.69,1482.65632,2,1782572828533
2026-06-27T15:08:16.006Z,BINANCE,ETHUSDT,1597.58,902.6327,2,1782572827141
2026-06-27T15:09:18.833Z,BINANCE,ETHUSDT,1598.59,18689.11569,2,1782572949545
2026-06-27T15:09:18.833Z,BINANCE,ETHUSDT,1598.47,466374.40261,2,1782572948527
2026-06-27T15:09:18.833Z,BINANCE,ETHUSDT,1597.62,241.24062,2,1782572899234
2026-06-27T15:11:31.744Z,BINANCE,ETHUSDT,1604.2,240.63,2,1782573085603
2026-06-27T15:11:31.744Z,BINANCE,ETHUSDT,1603.81,24084.41477,2,1782573079819
2026-06-27T15:11:31.744Z,BINANCE,ETHUSDC,1602.06,124.96068,2,1782573078706
2026-06-27T15:11:31.744Z,BINANCE,ETHUSDT,1604.33,20646.12277,2,1782573078704
2026-06-27T15:11:31.744Z,BINANCE,ETHUSDT,1604.76,22325.42112,2,1782573077540
2026-06-27T15:11:31.744Z,BINANCE,ETHUSDT,1604.32,111866.02496,2,1782573076628
2026-06-27T15:11:31.744Z,BINANCE,ETHUSDC,1601.14,1524.28528,2,1782573062726
2026-06-27T15:11:31.744Z,BINANCE,ETHUSDT,1603.51,170292.762,2,1782573062432
2026-06-27T15:11:31.744Z,BINANCE,ETHUSDC,1602.42,1192.20048,2,1782573060745
2026-06-27T15:11:31.744Z,BINANCE,ETHUSDT,1604.81,40014.33254,2,1782573060588
2026-06-27T15:11:31.744Z,BINANCE,ETHUSDT,1604.77,257902.5867,2,1782573060334
2026-06-27T15:11:31.744Z,BINANCE,ETHUSDT,1603.84,7388.89088,2,1782573058552
2026-06-27T15:11:31.744Z,BINANCE,ETHUSDT,1603.72,8666.50288,2,1782573058076
2026-06-27T15:11:31.744Z,BINANCE,ETHUSDC,1600.87,1335.12558,2,1782573057625
2026-06-27T15:11:31.744Z,BINANCE,ETHUSDC,1600.89,30966.01527,2,1782573056602
2026-06-27T15:11:31.744Z,BINANCE,ETHUSDT,1603.29,365458.73247,2,1782573056196
2026-06-27T15:11:31.744Z,BINANCE,ETHUSDT,1603.5,160350,2,1782573055349
2026-06-27T15:11:31.744Z,BINANCE,ETHUSDT,1603.1,160310,2,1782573054949
2026-06-27T15:11:31.744Z,BINANCE,ETHUSD_PERP,1599.85,400,2,1782573054132
2026-06-27T15:11:31.744Z,BINANCE,ETHUSDC,1597.2,18719.184,2,1782573050695
2026-06-27T15:15:28.530Z,BINANCE,ETHUSDT,1607.89,18722.27116,2,1782573264868
2026-06-27T15:15:28.530Z,BINANCE,ETHUSDT,1607.99,31162.8462,2,1782573263274
2026-06-27T15:15:28.530Z,BINANCE,ETHUSDT,1607.35,482.205,2,1782573259410
2026-06-27T15:15:28.530Z,BINANCE,ETHUSDC,1605,3535.815,2,1782573256082
2026-06-27T15:15:28.530Z,BINANCE,ETHUSDT,1607.14,53538.65482,2,1782573255344
2026-06-27T15:15:28.530Z,BINANCE,ETHUSDT,1607.1,160710,2,1782573254653
2026-06-27T15:15:28.530Z,BINANCE,ETHUSDT,1606.32,7525.6092,2,1782573245138
2026-06-27T15:15:28.530Z,BINANCE,ETHUSDT,1606.14,1585.26018,2,1782573231589
2026-06-27T15:15:28.530Z,BINANCE,ETHUSDT,1606.44,81912.3756,2,1782573162566
2026-06-27T15:15:28.530Z,BINANCE,ETHUSDT,1606.32,1685.02968,2,1782573156289
2026-06-27T15:15:28.530Z,BINANCE,ETHUSDT,1606.37,7002.16683,2,1782573138218
2026-06-27T15:15:28.530Z,BINANCE,ETHUSDT,1606.44,11245.08,2,1782573137360
2026-06-27T15:15:28.530Z,BINANCE,ETHUSDC,1604.32,6417.28,2,1782573137215
2026-06-27T15:15:28.530Z,BINANCE,ETHUSDT,1606.5,8144.955,2,1782573136603
2026-06-27T15:15:28.530Z,BINANCE,ETHUSDT,1605.14,1303.37368,2,1782573127311
2026-06-27T15:15:28.530Z,BINANCE,ETHUSDT,1605.73,802.865,2,1782573123374
2026-06-27T15:15:28.530Z,BINANCE,ETHUSDT,1605.98,102185.29544,2,1782573122349
2026-06-27T15:15:28.530Z,BINANCE,ETHUSDT,1605.65,920.03745,2,1782573112425
2026-06-27T15:15:28.530Z,BINANCE,ETHUSDT,1605.68,3211.36,2,1782573108307
2026-06-27T15:15:28.530Z,BINANCE,ETHUSDT,1605.38,3344.00654,2,1782573107482
2026-06-27T15:15:28.530Z,BINANCE,ETHUSDC,1603.17,642.87117,2,1782573107403
2026-06-27T15:15:28.530Z,BINANCE,ETHUSDT,1605.76,5079.01888,2,1782573106078
2026-06-27T15:15:28.530Z,BINANCE,ETHUSDT,1605.37,67619.78977,2,1782573092291
2026-06-27T15:15:28.530Z,BINANCE,ETHUSDT,1605.37,23195.99113,2,1782573091191
2026-06-27T15:15:28.530Z,BINANCE,ETHUSDT,1605.44,5400.70016,2,1782573089345
2026-06-27T15:18:42.230Z,BINANCE,ETHUSDT,1602.3,531.9636,1,1782573493715
2026-06-27T15:18:42.230Z,BINANCE,ETHUSDT,1602.3,100.9449,1,1782573488371
2026-06-27T15:18:42.230Z,BINANCE,ETHUSDT,1603.46,1513.66624,1,1782573467570
2026-06-27T15:19:55.479Z,BINANCE,ETHUSDT,1601.82,2436.36822,1,1782573558153
2026-06-27T15:22:16.975Z,BINANCE,ETHUSDT,1600.32,25611.52128,1,1782573712269
2026-06-27T15:22:16.975Z,BINANCE,ETHUSDT,1601.15,222.55985,1,1782573669236
2026-06-27T15:34:41.759Z,BINANCE,ETHUSDT,1605.12,18441.22368,2,1782574421353
2026-06-27T15:34:41.759Z,BINANCE,ETHUSDT,1604.15,1166.21705,2,1782574410691
2026-06-27T15:37:02.849Z,BINANCE,ETHUSDT,1603.74,8294.54328,1,1782574573300
2026-06-27T15:38:10.869Z,BINANCE,ETHUSDT,1609.13,3218.26,2,1782574683678
2026-06-27T15:38:10.869Z,BINANCE,ETHUSDC,1607.03,964.218,2,1782574683139
2026-06-27T15:38:10.869Z,BINANCE,ETHUSDT,1609.47,117320.70618,2,1782574682595
2026-06-27T15:38:10.869Z,BINANCE,ETHUSDT,1609.53,210297.97074,2,1782574682311
2026-06-27T15:38:10.869Z,BINANCE,ETHUSDT,1609.42,16094.2,2,1782574681100
2026-06-27T15:38:10.869Z,BINANCE,ETHUSDT,1607.05,321.41,2,1782574677316
2026-06-27T15:38:10.869Z,BINANCE,ETHUSDT,1606.2,4269.2796,2,1782574641651
2026-06-27T15:39:18.975Z,BINANCE,ETHUSDT,1610.26,60917.74606,2,1782574694610
2026-06-27T15:39:18.975Z,BINANCE,ETHUSDC,1608.21,238.01508,2,1782574693598
2026-06-27T15:39:18.975Z,BINANCE,ETHUSDT,1610.25,53313.76725,2,1782574693548
2026-06-27T15:39:18.975Z,BINANCE,ETHUSDT,1609.29,902.81169,2,1782574690286
2026-06-27T15:41:41.364Z,BINANCE,ETHUSDT,1606.57,10156.73554,1,1782574836317
2026-06-27T16:03:30.227Z,BINANCE,ETHUSDT,1602.5,1365.33,1,1782576145413
2026-06-27T16:19:26.883Z,BINANCE,ETHUSDT,1600.74,128.0592,1,1782577122138
2026-06-27T16:19:26.883Z,BINANCE,ETHUSDT,1601.15,79505.10325,1,1782577120250
2026-06-27T16:26:15.559Z,BINANCE,ETHUSDT,1602.1,195.4562,1,1782577561418
2026-06-27T16:26:15.559Z,BINANCE,ETHUSDT,1602.09,4152.61728,2,1782577541216
2026-06-27T16:29:39.626Z,BINANCE,ETHUSDT,1602.12,504.6678,1,1782577745684
2026-06-27T16:34:06.334Z,BINANCE,ETHUSDT,1601.91,3307.94415,2,1782578027644
2026-06-27T16:40:56.199Z,BINANCE,ETHUSDT,1605.6,104.364,2,1782578445154
2026-06-27T16:40:56.199Z,BINANCE,ETHUSDT,1605.24,878.06628,2,1782578425273
2026-06-27T16:40:56.199Z,BINANCE,ETHUSDT,1604.87,545.6558,2,1782578404315
2026-06-27T16:40:56.199Z,BINANCE,ETHUSDT,1604.67,320.934,2,1782578392394
2026-06-27T16:47:54.300Z,BINANCE,ETHUSDT,1604.21,311.21674,1,1782578804326
2026-06-27T16:49:07.807Z,BINANCE,ETHUSDT,1607.16,1026.97524,2,1782578945707
2026-06-27T16:49:07.807Z,BINANCE,ETHUSDT,1607.3,162.3373,2,1782578944104
2026-06-27T16:49:07.807Z,BINANCE,ETHUSDT,1606.06,6213.84614,2,1782578920199
2026-06-27T17:02:30.910Z,BINANCE,ETHUSDT,1595.43,3774.78738,1,1782579741476
2026-06-27T17:02:30.910Z,BINANCE,ETHUSDT,1595.98,24812.70106,1,1782579738621
2026-06-27T17:02:30.910Z,BINANCE,ETHUSDT,1595.99,28632.0606,1,1782579737530
2026-06-27T17:02:30.910Z,BINANCE,ETHUSDC,1594.13,111.5891,1,1782579737129
2026-06-27T17:02:30.910Z,BINANCE,ETHUSDT,1596.95,130140.24635,1,1782579736183
2026-06-27T17:02:30.910Z,BINANCE,ETHUSDT,1596.84,118.16616,1,1782579735642
2026-06-27T17:02:30.910Z,BINANCE,ETHUSDT,1597.73,3305.70337,1,1782579730378
2026-06-27T17:02:30.910Z,BINANCE,ETHUSDT,1597.53,238.03197,1,1782579728602
2026-06-27T17:02:30.910Z,BINANCE,ETHUSDT,1598.1,95886,1,1782579728289
2026-06-27T17:02:30.910Z,BINANCE,ETHUSDC,1596.41,255.4256,1,1782579725585
2026-06-27T17:02:30.910Z,BINANCE,ETHUSDT,1598.63,1205.36702,1,1782579725219
2026-06-27T17:02:30.910Z,BINANCE,ETHUSDT,1598.76,5522.11704,1,1782579723172
2026-06-27T17:02:30.910Z,BINANCE,ETHUSDT,1598.73,23980.95,1,1782579720299
2026-06-27T17:02:30.910Z,BINANCE,ETHUSDT,1599.66,7958.3085,1,1782579713705
2026-06-27T17:02:30.910Z,BINANCE,ETHUSDT,1599.66,7486.4088,1,1782579713592
2026-06-27T17:02:30.910Z,BINANCE,ETHUSDT,1599.45,746.94315,1,1782579711637
2026-06-27T17:02:30.910Z,BINANCE,ETHUSDT,1599.75,23996.25,1,1782579710731
2026-06-27T17:02:30.910Z,BINANCE,ETHUSDT,1600.27,3807.04233,1,1782579709066
2026-06-27T17:02:30.910Z,BINANCE,ETHUSDT,1601.37,480.411,1,1782579705435
2026-06-27T17:02:30.910Z,BINANCE,ETHUSDT,1601.3,2198.5849,1,1782579703626
2026-06-27T17:02:30.910Z,BINANCE,ETHUSDT,1601.46,1250.74026,1,1782579702454
2026-06-27T17:06:53.833Z,BINANCE,ETHUSDC,1586.77,5799.64435,1,1782579899814
2026-06-27T17:06:53.833Z,BINANCE,ETHUSDT,1588.41,4765.23,1,1782579898638
2026-06-27T17:06:53.833Z,BINANCE,ETHUSDT,1589,11238.997,1,1782579890741
2026-06-27T17:06:53.833Z,BINANCE,ETHUSDT,1590.12,259.18956,1,1782579876381
2026-06-27T17:06:53.833Z,BINANCE,ETHUSDT,1589.66,100706.55066,1,1782579875190
2026-06-27T17:06:53.833Z,BINANCE,ETHUSDC,1587.79,6224.1368,1,1782579875083
2026-06-27T17:06:53.833Z,BINANCE,ETHUSDT,1590.73,8181.12439,1,1782579869192
2026-06-27T17:06:53.833Z,BINANCE,ETHUSDT,1590.95,6061.5195,1,1782579867227
2026-06-27T17:06:53.833Z,BINANCE,ETHUSDT,1592.03,1015.71514,1,1782579858441
2026-06-27T17:06:53.833Z,BINANCE,ETHUSDT,1591.75,347.0015,1,1782579854257
2026-06-27T17:06:53.833Z,BINANCE,ETHUSDT,1592.33,955.398,1,1782579850614
2026-06-27T17:06:53.833Z,BINANCE,ETHUSDC,1588.65,11120.55,1,1782579809864
2026-06-27T17:06:53.833Z,BINANCE,ETHUSDT,1590.53,19483.9925,1,1782579809367
2026-06-27T17:06:53.833Z,BINANCE,ETHUSDT,1590.61,2751.7553,1,1782579807479
2026-06-27T17:06:53.833Z,BINANCE,ETHUSDT,1590.93,79546.5,1,1782579806190
2026-06-27T17:06:53.833Z,BINANCE,ETHUSDT,1592.33,198340.6248,1,1782579796587
2026-06-27T17:06:53.833Z,BINANCE,ETHUSDC,1590.32,67870.08664,1,1782579781649
2026-06-27T17:06:53.833Z,BINANCE,ETHUSDT,1592.62,16192.16754,1,1782579780444
2026-06-27T17:06:53.833Z,BINANCE,ETHUSDT,1592.49,15924.9,1,1782579779099
2026-06-27T17:06:53.833Z,BINANCE,ETHUSDC,1591.56,3261.10644,1,1782579761263
2026-06-27T17:06:53.833Z,BINANCE,ETHUSDT,1593.37,225385.37324,1,1782579758601
2026-06-27T17:06:53.833Z,BINANCE,ETHUSDT,1593.39,95603.4,1,1782579758298
2026-06-27T17:06:53.833Z,BINANCE,ETHUSDC,1591.49,10570.67658,1,1782579757603
2026-06-27T17:06:53.833Z,BINANCE,ETHUSDT,1592.94,39700.84362,1,1782579757333
2026-06-27T17:06:53.833Z,BINANCE,ETHUSDT,1593.39,15027.26109,1,1782579756297
2026-06-27T17:06:53.833Z,BINANCE,ETHUSDC,1591.42,67453.92812,1,1782579755107
2026-06-27T17:06:53.833Z,BINANCE,ETHUSDT,1594.81,872.36107,1,1782579754447
2026-06-27T17:10:53.731Z,BINANCE,ETHUSDT,1594.4,3007.0384,2,1782580249251
2026-06-27T17:12:06.986Z,BINANCE,ETHUSDT,1595.58,210.61656,2,1782580324575
2026-06-27T17:12:06.986Z,BINANCE,ETHUSDT,1595.39,277.59786,2,1782580322265
2026-06-27T17:12:06.986Z,BINANCE,ETHUSDT,1594.47,184.95852,2,1782580261650
2026-06-27T17:13:14.993Z,BINANCE,ETHUSDT,1595.64,296.78904,2,1782580333613
2026-06-27T17:17:43.077Z,BINANCE,ETHUSDT,1596.14,2242.5767,2,1782580644421
2026-06-27T17:32:07.015Z,BINANCE,ETHUSDT,1590.06,195.57738,1,1782581519500
2026-06-27T17:32:07.015Z,BINANCE,ETHUSDT,1590.95,33704.27575,1,1782581474469
2026-06-27T17:32:07.015Z,BINANCE,ETHUSDT,1592.03,1219.49498,1,1782581465178
2026-06-27T17:34:28.123Z,BINANCE,ETHUSDT,1592.36,3713.38352,1,1782581644230
2026-06-27T17:42:14.936Z,BINANCE,ETHUSDT,1593.91,103.60415,1,1782582106599
2026-06-27T17:51:19.354Z,BINANCE,ETHUSDT,1592.28,156.04344,1,1782582647552
2026-06-27T17:51:19.354Z,BINANCE,ETHUSDT,1593.2,132.2356,1,1782582614456
2026-06-27T18:00:18.193Z,BINANCE,ETHUSDT,1590.5,868.413,1,1782583190639
2026-06-27T18:00:18.193Z,BINANCE,ETHUSDT,1590.93,1907.52507,1,1782583181174
2026-06-27T18:01:26.277Z,BINANCE,ETHUSDT,1589.63,42486.04101,1,1782583269545
2026-06-27T18:01:26.277Z,BINANCE,ETHUSDT,1590.26,103.3669,2,1782583260670
2026-06-27T18:02:29.020Z,BINANCE,ETHUSDT,1588.87,1965.43219,1,1782583292096
2026-06-27T18:02:29.020Z,BINANCE,ETHUSDT,1588.63,895.98732,1,1782583290518
2026-06-27T18:03:42.090Z,BINANCE,ETHUSDT,1588.43,792.62657,1,1782583363823
2026-06-27T18:03:42.090Z,BINANCE,ETHUSDT,1588.5,3177,1,1782583359324
2026-06-27T18:07:16.500Z,BINANCE,ETHUSDT,1589.98,1340.35314,2,1782583597189
2026-06-27T18:07:16.500Z,BINANCE,ETHUSDT,1589.8,354.5254,2,1782583588522
2026-06-27T18:07:16.500Z,BINANCE,ETHUSDT,1589.16,19052.43924,1,1782583580437
2026-06-27T18:15:15.580Z,BINANCE,ETHUSDT,1591.94,5067.14502,2,1782584113345
2026-06-27T18:15:15.580Z,BINANCE,ETHUSDT,1591.91,1591.91,2,1782584110132
2026-06-27T18:15:15.580Z,BINANCE,ETHUSDT,1591.39,741.58774,1,1782584108477
2026-06-27T18:15:15.580Z,BINANCE,ETHUSDT,1591.42,1153.7795,1,1782584086221
2026-06-27T18:16:18.489Z,BINANCE,ETHUSDT,1592.1,103.4865,2,1782584117543
2026-06-27T18:16:18.489Z,BINANCE,ETHUSDT,1591.93,566.72708,1,1782584115412
2026-06-27T18:16:18.489Z,BINANCE,ETHUSDT,1591.93,13795.66538,1,1782584113509
2026-06-27T18:17:31.569Z,BINANCE,ETHUSDT,1592.52,1934.9118,1,1782584199334
2026-06-27T18:27:54.356Z,BINANCE,ETHUSDC,1588.79,1251.96652,2,1782584835368
2026-06-27T18:37:02.807Z,BINANCE,ETHUSDT,1592.96,13624.58688,2,1782585376141
2026-06-27T18:40:16.739Z,BINANCE,ETHUSDT,1593.39,199.17375,2,1782585575633
2026-06-27T19:19:29.744Z,BINANCE,ETHUSDT,1590.12,152.65152,1,1782587943402
2026-06-27T19:19:29.744Z,BINANCE,ETHUSDT,1589.91,626.42454,1,1782587941332
2026-06-27T19:21:44.833Z,BINANCE,ETHUSDT,1589.2,1414.388,1,1782588067217
2026-06-27T19:22:42.639Z,BINANCE,ETHUSDT,1588.88,497.31944,1,1782588123321
2026-06-27T19:22:42.639Z,BINANCE,ETHUSDT,1588.88,179.54344,1,1782588122270
2026-06-27T19:23:55.554Z,BINANCE,ETHUSDT,1588.87,2148.15224,1,1782588214483
2026-06-27T19:25:05.073Z,BINANCE,ETHUSD_PERP,1575.9,660,1,1782588303110
2026-06-27T19:25:05.073Z,BINANCE,ETHUSDT,1578.71,156232.29902,1,1782588302750
2026-06-27T19:25:05.073Z,BINANCE,ETHUSDC,1577.85,639.02925,1,1782588302742
2026-06-27T19:25:05.073Z,BINANCE,ETHBTC,0.026162,76249.55819984,1,1782588302575
2026-06-27T19:25:05.073Z,BINANCE,ETHUSDT,1581.1,68682.984,1,1782588301561
2026-06-27T19:25:05.073Z,BINANCE,ETHUSDT,1587.34,4577.88856,1,1782588290472
2026-06-27T19:25:05.073Z,BINANCE,ETHUSDT,1587.78,196.88472,1,1782588287109
2026-06-27T19:25:05.073Z,BINANCE,ETHUSDT,1588.19,50450.44354,1,1782588282318
2026-06-27T19:25:05.073Z,BINANCE,ETHUSDT,1588.15,4126.0137,1,1782588271814
2026-06-27T19:25:05.073Z,BINANCE,ETHUSDT,1588.66,5962.24098,1,1782588267149
2026-06-27T19:29:07.454Z,BINANCE,ETHUSDT,1577.09,108934.33757,1,1782588449530
2026-06-27T19:29:07.454Z,BINANCE,ETHUSDT,1577.5,604.1825,1,1782588428230
2026-06-27T19:29:07.454Z,BINANCE,ETHUSDT,1576.94,916.20214,1,1782588427378
2026-06-27T19:29:07.454Z,BINANCE,ETHUSD_PERP,1574.37,240,1,1782588427114
2026-06-27T19:29:07.454Z,BINANCE,ETHUSDC,1575.14,7875.7,1,1782588426709
2026-06-27T19:29:07.454Z,BINANCE,ETHUSDT,1577.16,96206.76,1,1782588425841
2026-06-27T19:29:07.454Z,BINANCE,ETHUSDT,1577.67,8614.0782,1,1782588420512
2026-06-27T19:29:07.454Z,BINANCE,ETHUSDT_261225,1595.5,288.7855,1,1782588420177
2026-06-27T19:29:07.454Z,BINANCE,ETHUSDT,1577.67,51829.61484,1,1782588418256
2026-06-27T19:29:07.454Z,BINANCE,ETHUSDT,1578.32,129557.97552,1,1782588403653
2026-06-27T19:29:07.454Z,BINANCE,ETHUSDT,1578.66,42393.33564,1,1782588326437
2026-06-27T19:29:07.454Z,BINANCE,ETHUSDT_260925,1582.95,189.954,1,1782588324408
2026-06-27T19:29:07.454Z,BINANCE,ETHUSDT,1578.5,57364.2685,1,1782588322331
2026-06-27T19:29:07.454Z,BINANCE,ETHUSDT,1578.14,1835716.1201,1,1782588321520
2026-06-27T19:29:07.454Z,BINANCE,ETHUSDT,1579.57,44082.63956,1,1782588314176
2026-06-27T19:29:07.454Z,BINANCE,ETHUSDT,1578.65,1887669.15885,1,1782588313317
2026-06-27T19:29:07.454Z,BINANCE,ETHUSDT,1580,2576.98,1,1782588312265
2026-06-27T19:29:07.454Z,BINANCE,ETHUSDT,1579.86,439.20108,1,1782588308617
2026-06-27T19:29:07.454Z,BINANCE,ETHUSDT,1579.5,424.8855,1,1782588307170
2026-06-27T19:29:07.454Z,BINANCE,ETHUSDT,1579.15,295204.72185,1,1782588305591
2026-06-27T19:29:07.454Z,BINANCE,ETHUSDC,1577.96,17703.13324,1,1782588305461
2026-06-27T19:29:07.454Z,BINANCE,ETHUSD_PERP,1577.71,110,1,1782588305142
2026-06-27T19:29:07.454Z,BINANCE,ETHUSDT,1579.09,1339797.85958,1,1782588304580
2026-06-27T19:29:07.454Z,BINANCE,ETHUSDT,1578.89,797541.54792,1,1782588304334
2026-06-27T19:29:07.454Z,BINANCE,ETHUSDC,1577.86,17356.46,1,1782588304249
2026-06-27T19:30:20.756Z,BINANCE,ETHUSDT,1577.98,15779.8,1,1782588616277
2026-06-27T19:31:28.793Z,BINANCE,ETHUSDT,1573.93,1490.51171,1,1782588684536
2026-06-27T19:31:28.793Z,BINANCE,ETHUSDT,1574.03,12252.24952,1,1782588684063
2026-06-27T19:31:28.793Z,BINANCE,ETHUSDT,1574.76,15747.6,1,1782588674620
2026-06-27T19:31:28.793Z,BINANCE,ETHUSDT,1574.43,4657.16394,1,1782588673116
2026-06-27T19:31:28.793Z,BINANCE,ETHUSDT,1574.57,66131.94,1,1782588642214
2026-06-27T19:31:28.793Z,BINANCE,ETHUSDC,1572.75,2211.2865,1,1782588639595
2026-06-27T19:31:28.793Z,BINANCE,ETHUSDT,1574.45,25206.9445,1,1782588638230
2026-06-27T19:31:28.793Z,BINANCE,ETHUSDT,1574.68,298932.52716,1,1782588637158
2026-06-27T19:31:28.793Z,BINANCE,ETHUSDT,1576.24,38592.66016,1,1782588632509
2026-06-27T19:31:28.793Z,BINANCE,ETHUSDT,1575.7,40033.8099,1,1782588630679
2026-06-27T19:31:28.793Z,BINANCE,ETHUSDT,1575.59,2536.6999,1,1782588629434
2026-06-27T19:31:28.793Z,BINANCE,ETHUSDT,1575.21,7828.7937,1,1782588629129
2026-06-27T19:31:28.793Z,BINANCE,ETHUSDC,1574.91,305.53254,1,1782588626423
2026-06-27T19:31:28.793Z,BINANCE,ETHUSDT,1576.7,3735.2023,1,1782588626321
2026-06-27T19:31:28.793Z,BINANCE,ETHUSDT,1577.05,1577.05,1,1782588625156
2026-06-27T19:31:28.793Z,BINANCE,ETHUSDT,1577.05,1577.05,1,1782588625072
2026-06-27T19:32:31.542Z,BINANCE,ETHUSDT,1574.17,994.87544,1,1782588686285
2026-06-27T19:33:39.578Z,BINANCE,ETHUSDT,1574.67,535.3878,1,1782588757590
2026-06-27T19:34:42.424Z,BINANCE,ETHUSDT,1577.37,3192.59688,2,1782588829365
2026-06-27T19:35:50.627Z,BINANCE,ETHUSDT,1578,10346.946,2,1782588913473
2026-06-27T19:35:50.627Z,BINANCE,ETHUSDT,1577.8,1170.7276,2,1782588884525
2026-06-27T19:37:56.161Z,BINANCE,ETHUSDT,1572.27,9565.69068,1,1782589061436
2026-06-27T19:37:56.161Z,BINANCE,ETHUSDT,1572.18,6582.71766,1,1782589060406
2026-06-27T19:37:56.161Z,BINANCE,ETHUSDT,1572.58,9888.38304,1,1782589059197
2026-06-27T19:37:56.161Z,BINANCE,ETHUSDT,1573.24,33366.84716,1,1782589048151
2026-06-27T19:37:56.161Z,BINANCE,ETHUSD_PERP,1570.35,590,1,1782589047046
2026-06-27T19:37:56.161Z,BINANCE,ETHUSDT,1572.77,1327.41788,1,1782589046697
2026-06-27T19:37:56.161Z,BINANCE,ETHUSDT,1573.36,15733.6,1,1782589045419
2026-06-27T19:37:56.161Z,BINANCE,ETHUSDT,1573.48,5467.843,1,1782589045108
2026-06-27T19:37:56.161Z,BINANCE,ETHUSDT,1574.05,662.67505,1,1782589040521
2026-06-27T19:37:56.161Z,BINANCE,ETHUSDC,1571.97,46175.04678,1,1782589040282
2026-06-27T19:37:56.161Z,BINANCE,ETHUSDT,1574.12,32571.69104,1,1782589039447
2026-06-27T19:41:20.869Z,BINANCE,ETHUSDT,1576.41,105.61947,2,1782589206476
2026-06-27T19:46:56.569Z,BINANCE,ETHUSDT,1578.99,205.2687,2,1782589607403
2026-06-27T19:46:56.569Z,BINANCE,ETHUSDT,1578.84,1501.47684,2,1782589574185
2026-06-27T19:51:30.721Z,BINANCE,ETHUSDT,1577.86,574.34104,1,1782589845239
2026-06-27T20:05:07.328Z,BINANCE,ETHUSDT,1579.49,20242.74384,2,1782590698056
2026-06-27T20:10:42.451Z,BINANCE,ETHUSDT,1580.76,165.9798,2,1782590982095
2026-06-27T20:11:50.538Z,BINANCE,ETHUSDT,1581.78,4101.55554,2,1782591070581
2026-06-27T20:11:50.538Z,BINANCE,ETHUSDT,1581.64,1200.46476,2,1782591066601
2026-06-27T20:11:50.538Z,BINANCE,ETHUSDT,1581.61,1047.02582,2,1782591059369
2026-06-27T20:11:50.538Z,BINANCE,ETHUSDT,1581.44,548.75968,2,1782591056614
2026-06-27T20:11:50.538Z,BINANCE,ETHUSDT,1581.12,19324.44864,2,1782591044114
2026-06-27T20:21:15.272Z,BINANCE,ETHUSDT,1580.86,10993.30044,2,1782591612622
2026-06-27T20:43:51.461Z,BINANCE,ETHUSDT,1580.09,16055.29449,2,1782593001333
2026-06-27T20:52:50.903Z,BINANCE,ETHUSDT,1580.87,292.46095,1,1782593560202
2026-06-27T21:06:42.291Z,BINANCE,ETHUSDT,1583.58,1007.15688,2,1782594363487
2026-06-27T21:06:42.291Z,BINANCE,ETHUSDT,1583.2,1953.6688,2,1782594362081
2026-06-27T21:06:42.291Z,BINANCE,ETHUSDT,1582.56,216.81072,2,1782594346466
2026-06-27T21:22:20.786Z,BINANCE,ETHUSDT,1581.92,3738.07696,1,1782595298605
2026-06-27T21:31:15.121Z,BINANCE,ETHUSDT,1583.94,11683.14144,2,1782595805466
2026-06-27T21:40:29.835Z,BINANCE,ETHUSDT,1577.89,6712.34406,1,1782596425669
2026-06-27T21:40:29.835Z,BINANCE,ETHUSDT,1577.69,8705.69342,1,1782596424135
2026-06-27T21:40:29.835Z,BINANCE,ETHUSDT,1577.97,7954.54677,1,1782596422524
2026-06-27T21:40:29.835Z,BINANCE,ETHUSDT,1579.63,140.58707,1,1782596381229
2026-06-27T21:40:29.835Z,BINANCE,ETHUSDT,1579.72,2759.77084,1,1782596374165
2026-06-27T21:42:56.195Z,BINANCE,ETHUSDT,1577.85,18934.2,1,1782596523505
2026-06-27T21:45:07.593Z,BINANCE,ETHUSDT,1577.25,619.85925,1,1782596692526
2026-06-27T21:51:56.113Z,BINANCE,ETHUSDT,1575.67,387.61482,1,1782597082257
2026-06-27T21:51:56.113Z,BINANCE,ETHUSDT,1575.97,906.18275,1,1782597061448
2026-06-27T21:51:56.113Z,BINANCE,ETHUSDT,1575.55,370.25425,1,1782597060425
2026-06-27T21:51:56.113Z,BINANCE,ETHUSDT,1575.8,915.5398,1,1782597053362
2026-06-27T21:51:56.113Z,BINANCE,ETHUSDT,1576.65,171.85485,1,1782597051540
2026-06-27T21:53:04.167Z,BINANCE,ETHUSDT,1574.65,7473.2889,1,1782597140533
2026-06-27T21:53:04.167Z,BINANCE,ETHUSDT,1574.45,148856.37525,1,1782597139455
2026-06-27T21:53:04.167Z,BINANCE,ETHUSDT,1575.06,1329.35064,1,1782597127562
2026-06-27T21:53:04.167Z,BINANCE,ETHUSDT,1574.88,8206.69968,1,1782597119225
2026-06-27T21:53:04.167Z,BINANCE,ETHUSDT,1575.03,481.95918,1,1782597117561
2026-06-27T21:57:31.289Z,BINANCE,ETHUSDT,1573.78,3212.08498,1,1782597388288
2026-06-27T21:57:31.289Z,BINANCE,ETHUSDT,1573.81,1455.77425,1,1782597383194
2026-06-27T21:57:31.289Z,BINANCE,ETHUSD_PERP,1571.4,1410,1,1782597383085
2026-06-27T22:00:55.572Z,BINANCE,ETHUSDT,1572.25,2936.963,1,1782597642279
2026-06-27T22:00:55.572Z,BINANCE,ETHUSDC,1570.35,1158.9183,1,1782597637224
2026-06-27T22:00:55.572Z,BINANCE,ETHUSDT,1571.9,9983.1369,1,1782597635418
2026-06-27T22:00:55.572Z,BINANCE,ETHUSDC,1570.52,1170.0374,1,1782597633282
2026-06-27T22:00:55.572Z,BINANCE,ETHUSDT,1572.29,1177.64521,1,1782597633208
2026-06-27T22:00:55.572Z,BINANCE,ETHUSDT,1572.31,5003.09042,1,1782597630295
2026-06-27T22:00:55.572Z,BINANCE,ETHUSDT,1572.31,1166.65402,1,1782597629505
2026-06-27T22:00:55.572Z,BINANCE,ETHUSDT,1572.37,18130.99847,1,1782597616374
2026-06-27T22:00:55.572Z,BINANCE,ETHUSDT,1572.8,1464.2768,1,1782597611833
2026-06-27T22:00:55.572Z,BINANCE,ETHUSDT,1572.4,10063.36,1,1782597610086
2026-06-27T22:00:55.572Z,BINANCE,ETHUSDT,1572.62,992.32322,1,1782597609077
2026-06-27T22:06:30.650Z,BINANCE,ETHUSDT,1572.43,39065.45092,1,1782597948454
2026-06-27T22:15:29.991Z,BINANCE,ETHUSDT,1571.39,19634.51805,1,1782598527575
2026-06-27T22:15:29.991Z,BINANCE,ETHUSDT,1571.23,1588.51353,1,1782598526333
2026-06-27T22:16:44.268Z,BINANCE,ETHUSDC,1562.08,62483.2,1,1782598601577
2026-06-27T22:16:44.268Z,BINANCE,ETHUSDT,1563.85,23457.75,1,1782598601458
2026-06-27T22:16:44.268Z,BINANCE,ETHUSDT,1563.19,154980.90936,1,1782598600240
2026-06-27T22:16:44.268Z,BINANCE,ETHUSDC,1561.47,46442.80221,1,1782598599755
2026-06-27T22:16:44.268Z,BINANCE,ETHUSDT,1563.57,17597.98035,1,1782598599689
2026-06-27T22:16:44.268Z,BINANCE,ETHUSDT,1563.79,3753.096,1,1782598597697
2026-06-27T22:16:44.268Z,BINANCE,ETHUSDC,1562.74,245804.93734,1,1782598597530
2026-06-27T22:16:44.268Z,BINANCE,ETHUSD_PERP,1562.64,20190,1,1782598597067
2026-06-27T22:16:44.268Z,BINANCE,ETHUSDT,1565.09,626036,1,1782598596205
2026-06-27T22:16:44.268Z,BINANCE,ETHUSD_PERP,1563.43,2780,1,1782598596066
2026-06-27T22:16:44.268Z,BINANCE,ETHUSDC,1563.61,81204.52174,1,1782598595665
2026-06-27T22:16:44.268Z,BINANCE,ETHUSDT,1565.55,60453.71325,1,1782598595665
2026-06-27T22:16:44.268Z,BINANCE,ETHUSDT,1564.78,147334.99046,1,1782598594284
2026-06-27T22:16:44.268Z,BINANCE,ETHUSDT,1568.88,28032.74784,1,1782598568135
2026-06-27T22:16:44.268Z,BINANCE,ETHUSDT,1568.85,160.0227,1,1782598561448
2026-06-27T22:16:44.268Z,BINANCE,ETHUSDT,1568.84,22316.749,1,1782598560121
2026-06-27T22:16:44.268Z,BINANCE,ETHUSD_PERP,1567.03,3630,1,1782598558075
2026-06-27T22:16:44.268Z,BINANCE,ETHUSDT,1569.48,695.27964,1,1782598557484
2026-06-27T22:16:44.268Z,BINANCE,ETHUSDT,1569.55,149276.7614,1,1782598557072
2026-06-27T22:16:44.268Z,BINANCE,ETHUSDT,1569.43,2051541.63227,1,1782598554550
2026-06-27T22:16:44.268Z,BINANCE,ETHUSDT,1569.9,2920.014,1,1782598552641
2026-06-27T22:16:44.268Z,BINANCE,ETHUSDT,1569.93,12407.15679,1,1782598552456
2026-06-27T22:16:44.268Z,BINANCE,ETHUSDT,1570.16,1147.78696,1,1782598551172
2026-06-27T22:16:44.268Z,BINANCE,ETHUSDT,1570.6,491.5978,1,1782598547147
2026-06-27T22:16:44.268Z,BINANCE,ETHUSDT,1570.67,1210.98657,1,1782598542258
2026-06-27T22:16:44.268Z,BINANCE,ETHUSD_PERP,1568.23,86680,1,1782598541052
2026-06-27T22:16:44.268Z,BINANCE,ETHUSDT,1570.35,102782.5482,1,1782598540570
2026-06-27T22:16:44.268Z,BINANCE,ETHUSDT,1570.73,1256.584,1,1782598538584
2026-06-27T22:16:44.268Z,BINANCE,ETHUSDT,1570.87,213.63832,1,1782598537071
2026-06-27T22:16:44.268Z,BINANCE,ETHUSDT,1570.76,17278.36,1,1782598535407
2026-06-27T22:16:44.268Z,BINANCE,ETHUSDT,1570.87,4701.61391,1,1782598534372
2026-06-27T22:16:44.268Z,BINANCE,ETHUSDT,1570.85,8510.8653,1,1782598533309
2026-06-27T22:16:44.268Z,BINANCE,ETHUSDT,1571.08,785.54,1,1782598532181
2026-06-27T22:16:44.268Z,BINANCE,ETHUSDT,1571.08,3720.31744,1,1782598531115
2026-06-27T22:16:44.268Z,BINANCE,ETHUSDC,1569.59,222.88178,1,1782598527611
2026-06-27T22:19:29.598Z,BINANCE,ETHUSDC,1561.19,4708.54904,1,1782598607726
2026-06-27T22:19:29.598Z,BINANCE,ETHUSDT,1562.93,243.81708,1,1782598607717
2026-06-27T22:19:29.598Z,BINANCE,ETHUSDT,1562.63,31672.94747,1,1782598607224
2026-06-27T22:19:29.598Z,BINANCE,ETHUSDT_261225,1581.91,21934.76406,1,1782598606336
2026-06-27T22:19:29.598Z,BINANCE,ETHUSDT,1562.67,21211.68258,1,1782598605650
2026-06-27T22:19:29.598Z,BINANCE,ETHUSDT,1562.14,82899.64552,1,1782598605106
2026-06-27T22:19:29.598Z,BINANCE,ETHUSDT,1562.51,11015.6955,1,1782598604412
2026-06-27T22:19:29.598Z,BINANCE,ETHUSDC,1561.63,338.87371,1,1782598603442
2026-06-27T22:19:29.598Z,BINANCE,ETHUSDT,1563.75,78911.51625,1,1782598602763
2026-06-27T22:20:42.903Z,BINANCE,ETHUSDT,1569.09,4236.543,1,1782598811143
2026-06-27T22:22:54.403Z,BINANCE,ETHUSDT,1572.66,235647.3744,2,1782598948324
2026-06-27T22:22:54.403Z,BINANCE,ETHUSDT,1572.51,102.21315,2,1782598945496
2026-06-27T22:22:54.403Z,BINANCE,ETHUSDT,1571.81,3660.74549,2,1782598943391
2026-06-27T22:22:54.403Z,BINANCE,ETHUSDT,1571.58,584.62776,2,1782598941138
2026-06-27T22:28:29.382Z,BINANCE,ETHUSDT,1573.59,750.60243,2,1782599279237
2026-06-27T22:29:42.560Z,BINANCE,ETHUSDT,1574.8,8012.5824,2,1782599352584
2026-06-27T22:29:42.560Z,BINANCE,ETHUSDT,1574.79,814.16643,2,1782599346160
2026-06-27T22:29:42.560Z,BINANCE,ETHUSDT,1574.53,3575.75763,2,1782599344096
2026-06-27T22:30:55.896Z,BINANCE,ETHUSDT,1575.51,301050.02631,2,1782599441703
2026-06-27T22:32:04.075Z,BINANCE,ETHUSDT,1577.67,236.6505,2,1782599465576
2026-06-27T22:32:04.075Z,BINANCE,ETHUSDT,1577.81,1577.81,2,1782599464289
2026-06-27T22:32:04.075Z,BINANCE,ETHUSDT,1576.81,45110.95729,2,1782599459605
2026-06-27T22:32:04.075Z,BINANCE,ETHUSDC,1575.59,1150.1807,2,1782599457444
2026-06-27T22:39:50.526Z,BINANCE,ETHUSDT,1578.14,438.72292,2,1782599931087
2026-06-27T22:56:41.176Z,BINANCE,ETHUSDT,1578.57,104242.44852,2,1782600980176
2026-06-27T23:02:16.015Z,BINANCE,ETHUSDT,1578.9,137.3643,2,1782601329472
2026-06-27T23:03:18.793Z,BINANCE,ETHUSDT,1579.74,761.43468,2,1782601343298
2026-06-27T23:03:18.793Z,BINANCE,ETHUSDT,1579.35,143463.41595,2,1782601339461
2026-06-27T23:03:18.793Z,BINANCE,ETHUSDT,1579.42,601.75902,2,1782601334349
2026-06-27T23:06:42.822Z,BINANCE,ETHUSDT,1580.34,286251.72522,2,1782601577605
2026-06-27T23:07:50.891Z,BINANCE,ETHUSDT,1580.63,632.252,2,1782601639305
2026-06-27T23:12:18.526Z,BINANCE,ETHUSDC,1576.87,5990.52913,1,1782601904522
2026-06-27T23:12:18.526Z,BINANCE,ETHUSDT,1578.76,4736.28,2,1782601902335
2026-06-27T23:12:18.526Z,BINANCE,ETHUSDT,1578.89,9305.97766,1,1782601900250
2026-06-27T23:12:18.526Z,BINANCE,ETHUSDT,1578.96,292.1076,2,1782601895456
2026-06-27T23:14:29.496Z,BINANCE,ETHUSDT,1574.03,157.403,1,1782602062535
2026-06-27T23:14:29.496Z,BINANCE,ETHUSDT,1574.83,162.20749,1,1782602028596
2026-06-27T23:15:43.020Z,BINANCE,ETHUSDT,1571.9,297.0891,1,1782602102254
2026-06-27T23:15:43.020Z,BINANCE,ETHUSDT,1572.14,2513.85186,1,1782602084657
2026-06-27T23:15:43.020Z,BINANCE,ETHUSDT,1572.61,29241.11034,1,1782602079544
2026-06-27T23:15:43.020Z,BINANCE,ETHUSDT,1572.84,739.2348,1,1782602075268
2026-06-27T23:15:43.020Z,BINANCE,ETHUSDT,1572.62,149.3989,1,1782602074155
2026-06-27T23:15:43.020Z,BINANCE,ETHUSDT,1572.4,157.24,1,1782602073122
2026-06-27T23:17:32.044Z,BINANCE,ETHUSDT,1571.47,333.15164,1,1782602174097
2026-06-27T23:21:53.872Z,BINANCE,ETHUSDC,1569.02,801.76922,1,1782602491232
2026-06-27T23:21:53.872Z,BINANCE,ETHUSDT,1570.57,1303.5731,1,1782602490608
2026-06-27T23:23:07.146Z,BINANCE,ETHUSDC,1567.97,8103.26896,1,1782602563477
2026-06-27T23:23:07.146Z,BINANCE,ETHUSDT,1570,13877.23,1,1782602563405
2026-06-27T23:23:07.146Z,BINANCE,ETHUSDT,1571.21,2991.58384,2,1782602534316
2026-06-27T23:23:07.146Z,BINANCE,ETHUSDT,1571.2,4713.6,1,1782602533376
2026-06-27T23:50:20.124Z,BINANCE,ETHUSDT,1573.41,586.88193,2,1782604168573
2026-06-28T00:09:54.994Z,BINANCE,ETHUSDT,1575.3,311.9094,2,1782605333077
2026-06-28T00:18:54.021Z,BINANCE,ETHUSDT,1576.83,269.63793,2,1782605902422
2026-06-28T00:52:05.136Z,BINANCE,ETHUSDT,1572.99,132.13116,1,1782607907584
2026-06-28T01:04:03.662Z,BINANCE,ETHUSDT,1572.1,3144.2,1,1782608637062
2026-06-28T01:04:03.662Z,BINANCE,ETHUSDT,1572.15,39303.75,1,1782608635401
2026-06-28T01:05:06.655Z,BINANCE,ETHUSDT,1570.26,4822.26846,1,1782608692092
2026-06-28T01:05:06.655Z,BINANCE,ETHUSDT,1572,10310.748,1,1782608647500
2026-06-28T01:06:09.571Z,BINANCE,ETHUSDT,1569.4,8961.274,1,1782608747579
2026-06-28T01:06:09.571Z,BINANCE,ETHUSDT,1569.97,235.4955,1,1782608715184
2026-06-28T01:06:09.571Z,BINANCE,ETHUSDT,1569.99,339.11784,1,1782608714136
2026-06-28T01:11:50.699Z,BINANCE,ETHUSDT,1570.23,7843.29885,1,1782609072087
2026-06-28T01:14:07.099Z,BINANCE,ETHUSDT,1570.74,1727.814,1,1782609189678
2026-06-28T01:22:55.805Z,BINANCE,ETHUSDT,1573.62,2753.835,2,1782609731238
2026-06-28T01:25:06.670Z,BINANCE,ETHUSDT,1573.86,580.75434,2,1782609852508
2026-06-28T01:26:19.700Z,BINANCE,ETHUSDT,1575.1,1422.3153,2,1782609961239
2026-06-28T01:26:19.700Z,BINANCE,ETHUSDT,1574.89,5094.76915,2,1782609946359
2026-06-28T01:28:30.450Z,BINANCE,ETHUSDT,1575.5,9752.345,2,1782610051165
2026-06-28T01:57:55.168Z,BINANCE,ETHUSDT,1574.69,242.50226,2,1782611820643
2026-06-28T02:12:14.740Z,BINANCE,ETHUSDT,1577.45,621.5153,2,1782612723272
2026-06-28T02:13:17.698Z,BINANCE,ETHUSDT,1578.22,333.00442,2,1782612755198
2026-06-28T02:13:17.698Z,BINANCE,ETHUSDT,1578.2,151.5072,2,1782612751383
2026-06-28T02:13:17.698Z,BINANCE,ETHUSDT,1577.71,607.41835,2,1782612739205
2026-06-28T02:13:17.698Z,BINANCE,ETHUSDT,1577.44,914.9152,2,1782612735483
2026-06-28T02:14:30.910Z,BINANCE,ETHUSDT,1578.57,8162.78547,2,1782612860538
2026-06-28T02:15:39.229Z,BINANCE,ETHUSDT,1579.01,225.79843,2,1782612924476
2026-06-28T02:15:39.229Z,BINANCE,ETHUSDT,1579.02,355.2795,2,1782612918072
2026-06-28T02:22:18.964Z,BINANCE,ETHUSDT,1570.84,1168.70496,1,1782613335483
2026-06-28T02:22:18.964Z,BINANCE,ETHUSDT,1572.96,143.13936,1,1782613301236
2026-06-28T02:22:18.964Z,BINANCE,ETHUSDT,1573.24,689.07912,1,1782613299155
2026-06-28T02:22:18.964Z,BINANCE,ETHUSDT,1573.54,387.09084,1,1782613290626
2026-06-28T02:25:14.764Z,BINANCE,ETHUSDT,1568.49,2086.0917,1,1782613444110
2026-06-28T02:25:14.764Z,BINANCE,ETHUSDT,1568.72,847.1088,1,1782613442094
2026-06-28T02:25:14.764Z,BINANCE,ETHUSDT,1568.83,4794.34448,1,1782613439526
2026-06-28T02:25:14.764Z,BINANCE,ETHUSDT,1570.11,14419.89024,1,1782613356061
2026-06-28T02:25:14.764Z,BINANCE,ETHUSDT,1570.57,254.43234,1,1782613354449
2026-06-28T02:48:06.991Z,BINANCE,ETHUSDT,1571.44,1571.44,1,1782614868547
2026-06-28T02:49:14.953Z,BINANCE,ETHUSDT,1570.12,205.68572,1,1782614900431
2026-06-28T02:49:14.953Z,BINANCE,ETHUSDT,1570.12,186.84428,1,1782614896685
2026-06-28T03:00:30.734Z,BINANCE,ETHUSDT,1571.52,1898.39616,1,1782615592546
2026-06-28T03:11:41.794Z,BINANCE,ETHUSDT,1574.47,203.10663,2,1782616294563
2026-06-28T03:25:18.453Z,BINANCE,ETHUSDT,1573.57,151.06272,1,1782617099421
2026-06-28T03:57:51.191Z,BINANCE,ETHUSDT,1573.25,602.55475,1,1782619032789
2026-06-28T04:02:30.678Z,BINANCE,ETHUSDC,1572.44,7862.2,1,1782619311161
2026-06-28T04:17:20.292Z,BINANCE,ETHUSDT,1573.57,1573.57,1,1782620217160
2026-06-28T04:32:30.204Z,BINANCE,ETHUSDT,1570.81,785.405,1,1782621138710
2026-06-28T04:43:43.565Z,BINANCE,ETHUSDT,1574.46,100.76544,2,1782621780498
2026-06-28T04:45:54.678Z,BINANCE,ETHUSDT,1574.99,209.47367,1,1782621929305
2026-06-28T04:45:54.678Z,BINANCE,ETHUSDT,1575.38,2619.85694,2,1782621911502
2026-06-28T04:48:03.482Z,BINANCE,ETHUSDT,1576.17,108.75573,2,1782622075247
2026-06-28T04:49:06.300Z,BINANCE,ETHUSDT,1576.51,1584.39255,2,1782622088576
2026-06-28T04:49:06.300Z,BINANCE,ETHUSDT,1576.65,589.6671,2,1782622087326
2026-06-28T05:04:33.371Z,BINANCE,ETHUSDT,1569.52,230.71944,1,1782623064608
2026-06-28T05:04:33.371Z,BINANCE,ETHUSDT,1569.59,178.93326,1,1782623063097
2026-06-28T05:04:33.371Z,BINANCE,ETHUSDT,1569.86,1158.55668,1,1782623046437
2026-06-28T05:05:41.373Z,BINANCE,ETHUSDT,1568.9,1973.6762,1,1782623094281
2026-06-28T05:05:41.373Z,BINANCE,ETHUSDT,1569.03,541.31535,1,1782623085193
2026-06-28T05:25:14.956Z,BINANCE,ETHUSDT,1568.33,14891.29335,1,1782624293227
2026-06-28T05:25:14.956Z,BINANCE,ETHUSDT,1568.49,216.45162,1,1782624291446
2026-06-28T05:25:14.956Z,BINANCE,ETHUSDT,1568.75,1011.84375,1,1782624278433
2026-06-28T05:25:14.956Z,BINANCE,ETHUSDT,1569.04,572.6996,1,1782624272666
2026-06-28T05:25:14.956Z,BINANCE,ETHUSDT,1568.84,156.884,1,1782624269372
2026-06-28T05:26:17.815Z,BINANCE,ETHUSDC,1565.23,198.78421,1,1782624348599
2026-06-28T05:26:17.815Z,BINANCE,ETHUSDT,1566.77,12733.13979,1,1782624347656
2026-06-28T05:26:17.815Z,BINANCE,ETHUSDT,1565.99,247639.39464,1,1782624346628
2026-06-28T05:26:17.815Z,BINANCE,ETHUSDC,1564.34,7821.7,1,1782624346596
2026-06-28T05:26:17.815Z,BINANCE,ETHUSDT,1565.82,6878.64726,1,1782624345699
2026-06-28T05:26:17.815Z,BINANCE,ETHUSDC,1564.05,107.91945,1,1782624345207
2026-06-28T05:26:17.815Z,BINANCE,ETHUSDT,1567.11,13955.11455,1,1782624338496
2026-06-28T05:26:17.815Z,BINANCE,ETHUSDT,1567.04,416.83264,1,1782624336107
2026-06-28T05:26:17.815Z,BINANCE,ETHUSDT,1567.08,2450.91312,1,1782624319159
2026-06-28T05:26:17.815Z,BINANCE,ETHUSDT,1566.97,19878.58142,1,1782624317622
2026-06-28T05:26:17.815Z,BINANCE,ETHUSDT,1566.84,5201.9088,1,1782624316551
2026-06-28T05:26:17.815Z,BINANCE,ETHUSDT,1567.48,9926.85084,1,1782624315354
2026-06-28T05:28:39.314Z,BINANCE,ETHUSDC,1562.57,156.257,1,1782624504618
2026-06-28T05:28:39.314Z,BINANCE,ETHUSDT,1563.57,29826.66132,1,1782624504445
2026-06-28T05:28:39.314Z,BINANCE,ETHUSDT,1564.5,6258,1,1782624501396
2026-06-28T05:28:39.314Z,BINANCE,ETHUSDT,1566.26,1174.695,1,1782624458169
2026-06-28T05:30:55.413Z,BINANCE,ETHUSDC,1562.3,728.0318,1,1782624643450
2026-06-28T05:30:55.413Z,BINANCE,ETHUSDT,1563.77,52966.45367,1,1782624641592
2026-06-28T05:30:55.413Z,BINANCE,ETHUSDC,1562.3,30905.4186,2,1782624641516
2026-06-28T05:30:55.413Z,BINANCE,ETHUSDT,1563.6,7151.9064,1,1782624640221
2026-06-28T05:30:55.413Z,BINANCE,ETHUSDT,1564.27,2122.71439,1,1782624623578
2026-06-28T05:57:11.456Z,BINANCE,ETHUSDT,1569.35,502.192,2,1782626153786
2026-06-28T06:11:56.715Z,BINANCE,ETHUSDT,1566.8,625.1532,1,1782627061186
2026-06-28T06:13:04.758Z,BINANCE,ETHUSDT,1563.42,534.68964,1,1782627175440
2026-06-28T06:13:04.758Z,BINANCE,ETHUSDC,1562,8889.342,1,1782627168436
2026-06-28T06:13:04.758Z,BINANCE,ETHUSDT,1563.4,7449.601,1,1782627166280
2026-06-28T06:13:04.758Z,BINANCE,ETHUSDT,1564.03,253.37286,1,1782627144342
2026-06-28T06:13:04.758Z,BINANCE,ETHUSDT,1564.23,69434.60547,1,1782627141567
2026-06-28T06:13:04.758Z,BINANCE,ETHUSDT,1564.15,81439.0339,1,1782627139239
2026-06-28T06:13:04.758Z,BINANCE,ETHUSDC,1563.28,234.492,1,1782627131593
2026-06-28T06:13:04.758Z,BINANCE,ETHUSDT,1564.89,3129.78,1,1782627131119
2026-06-28T06:14:18.065Z,BINANCE,ETHUSDT,1563.21,392.36571,1,1782627255387
2026-06-28T06:14:18.065Z,BINANCE,ETHUSDT,1563.21,228.22866,1,1782627253519
2026-06-28T06:15:31.291Z,BINANCE,ETHUSDT,1562.58,1787.59152,1,1782627321514
2026-06-28T06:15:31.291Z,BINANCE,ETHUSDC,1561.13,376.23233,1,1782627299873
2026-06-28T06:15:31.291Z,BINANCE,ETHUSDT,1562.79,4879.03038,1,1782627296271
2026-06-28T06:15:31.291Z,BINANCE,ETHUSDT,1562.89,3924.41679,1,1782627294568
2026-06-28T06:15:31.291Z,BINANCE,ETHUSDT,1562.56,8531.5776,1,1782627292153
2026-06-28T06:15:31.291Z,BINANCE,ETHUSDT,1563.05,17335.78755,1,1782627290585
2026-06-28T06:15:31.291Z,BINANCE,ETHUSDC,1561.59,452.8611,1,1782627272308
2026-06-28T06:15:31.291Z,BINANCE,ETHUSDT,1563.16,17116.602,1,1782627272290
2026-06-28T06:16:39.384Z,BINANCE,ETHUSDT,1562.5,1264.0625,1,1782627396172
2026-06-28T06:17:42.219Z,BINANCE,ETHUSDT,1562.14,5101.94924,1,1782627456059
2026-06-28T06:17:42.219Z,BINANCE,ETHUSDT,1562.49,301.56057,1,1782627412525
2026-06-28T06:17:42.219Z,BINANCE,ETHUSD_PERP,1559.84,1000,1,1782627411097
2026-06-28T06:17:42.219Z,BINANCE,ETHUSDT,1562.36,4099.63264,1,1782627401398
2026-06-28T06:17:42.219Z,BINANCE,ETHUSDT,1562.1,6951.345,1,1782627398374
2026-06-28T06:35:20.612Z,BINANCE,ETHUSDT,1566.1,242.7455,1,1782628476419
2026-06-28T06:38:39.451Z,BINANCE,ETHUSDT,1566.01,2510.31403,2,1782628698452
2026-06-28T06:38:39.451Z,BINANCE,ETHUSDT,1565.99,383.66755,1,1782628676473
2026-06-28T06:38:39.451Z,BINANCE,ETHUSDT,1565.98,223.93514,2,1782628652286
2026-06-28T06:39:42.166Z,BINANCE,ETHUSDT,1566.01,305.37195,2,1782628761687
2026-06-28T06:39:42.166Z,BINANCE,ETHUSDT,1566,2009.178,1,1782628757392
2026-06-28T06:40:55.482Z,BINANCE,ETHUSDT,1566.09,1566.09,1,1782628786561
2026-06-28T06:40:55.482Z,BINANCE,ETHUSDT,1566.01,10323.13792,1,1782628784410
2026-06-28T06:42:03.400Z,BINANCE,ETHUSDT,1567.12,421.55528,1,1782628880352
2026-06-28T07:02:15.134Z,BINANCE,ETHUSDT,1572.26,7861.3,2,1782630126613
2026-06-28T07:02:15.134Z,BINANCE,ETHUSDT,1572.88,943.728,2,1782630125535
2026-06-28T07:02:15.134Z,BINANCE,ETHUSDT,1571.43,444.71469,2,1782630111224
2026-06-28T07:02:15.134Z,BINANCE,ETHUSDT,1570.07,956.17263,2,1782630093513
2026-06-28T07:02:15.134Z,BINANCE,ETHUSDT,1569.98,119.31848,2,1782630083483
2026-06-28T07:02:15.134Z,BINANCE,ETHUSDT,1569.48,258.9642,2,1782630074622
2026-06-28T07:02:15.134Z,BINANCE,ETHUSDT,1569.37,5855.31947,2,1782630073617
2026-06-28T07:03:18.001Z,BINANCE,ETHUSDT,1572.53,179.26842,2,1782630133187
2026-06-28T07:29:19.014Z,BINANCE,ETHUSDT,1570.37,585.74801,1,1782631718547
2026-06-28T07:29:19.014Z,BINANCE,ETHUSDT,1570.38,1234.31868,2,1782631717292
2026-06-28T07:38:40.688Z,BINANCE,ETHUSDT,1574.12,4945.88504,2,1782632307578
2026-06-28T07:38:40.688Z,BINANCE,ETHUSDT,1574.43,1645.27935,2,1782632266113
2026-06-28T07:38:40.688Z,BINANCE,ETHUSDT,1574.43,196.80375,2,1782632265324
2026-06-28T07:38:40.688Z,BINANCE,ETHUSDT,1574.01,2575.08036,2,1782632262686
2026-06-28T07:39:53.869Z,BINANCE,ETHUSDT,1574.04,166.84824,2,1782632328239
2026-06-28T07:41:06.974Z,BINANCE,ETHUSDT,1575.04,137.02848,2,1782632440134
2026-06-28T07:47:54.505Z,BINANCE,ETHUSDT,1575.5,206.3905,2,1782632834348
2026-06-28T07:47:54.505Z,BINANCE,ETHUSDT,1575.14,3696.85358,2,1782632801278
2026-06-28T07:49:02.442Z,BINANCE,ETHUSDT,1575.75,679.14825,2,1782632921603
2026-06-28T07:50:05.803Z,BINANCE,ETHUSDT,1575.05,4975.58295,2,1782632977563
2026-06-28T07:51:08.647Z,BINANCE,ETHUSDC,1574.17,4722.51,2,1782633038619
2026-06-28T08:02:39.160Z,BINANCE,ETHUSDT,1577.76,667.39248,2,1782633731118
2026-06-28T08:02:39.160Z,BINANCE,ETHUSDT,1577.48,839.21936,2,1782633714510
2026-06-28T08:02:39.160Z,BINANCE,ETHUSDT,1577.46,1593.2346,2,1782633713474
2026-06-28T08:02:39.160Z,BINANCE,ETHUSDT,1576.86,6034.64322,2,1782633710083
2026-06-28T08:37:30.001Z,BINANCE,ETHUSDT,1577.11,193.98453,2,1782635797273
2026-06-28T08:38:43.982Z,BINANCE,ETHUSDT,1582.96,5906.02376,2,1782635922331
2026-06-28T08:38:43.982Z,BINANCE,ETHUSDT,1582.71,9072.09372,2,1782635921200
2026-06-28T08:38:43.982Z,BINANCE,ETHUSDT,1582.68,326.03208,2,1782635919524
2026-06-28T08:38:43.982Z,BINANCE,ETHUSDC,1579.58,6531.5633,2,1782635897549
2026-06-28T08:38:43.982Z,BINANCE,ETHUSDT,1581.37,5670.79282,2,1782635897504
2026-06-28T08:38:43.982Z,BINANCE,ETHUSDT,1581.12,7905.6,2,1782635896619
2026-06-28T08:38:43.982Z,BINANCE,ETHUSDT,1582.9,42646.4918,2,1782635895414
2026-06-28T08:38:43.982Z,BINANCE,ETHUSDT,1582,752820.012,2,1782635894479
2026-06-28T08:38:43.982Z,BINANCE,ETHUSDT,1581.54,32375.70534,2,1782635893569
2026-06-28T08:38:43.982Z,BINANCE,ETHUSDT,1581.59,517.17993,2,1782635893135
2026-06-28T08:38:43.982Z,BINANCE,ETHUSDC,1579.53,9875.22156,2,1782635892602
2026-06-28T08:38:43.982Z,BINANCE,ETHUSDT,1581.05,14695.85975,2,1782635891609
2026-06-28T08:38:43.982Z,BINANCE,ETHUSDT,1580.39,5314.85157,2,1782635890082
2026-06-28T08:38:43.982Z,BINANCE,ETHUSDT,1577.85,788.925,2,1782635886119
2026-06-28T08:38:43.982Z,BINANCE,ETHUSDC,1576.47,234.89403,2,1782635884747
2026-06-28T08:38:43.982Z,BINANCE,ETHUSDT,1577.89,190.92469,2,1782635874897
2026-06-28T08:38:43.982Z,BINANCE,ETHUSDT,1577.83,2997.877,2,1782635870102
2026-06-28T08:42:30.963Z,BINANCE,ETHUSDT,1584.09,3391.53669,2,1782636004276
2026-06-28T08:42:30.963Z,BINANCE,ETHUSDT,1584.13,22692.66225,2,1782635938467
2026-06-28T08:42:30.963Z,BINANCE,ETHUSDT,1584.38,7921.9,2,1782635937103
2026-06-28T08:42:30.963Z,BINANCE,ETHUSDT,1582.62,79131,2,1782635929449
2026-06-28T08:42:30.963Z,BINANCE,ETHUSDC,1582.51,3165.02,2,1782635927283
2026-06-28T08:42:30.963Z,BINANCE,ETHUSDT,1584.29,1105.83442,2,1782635927082
2026-06-28T08:42:30.963Z,BINANCE,ETHUSDT,1583.64,16951.28256,2,1782635925179
2026-06-28T08:42:30.963Z,BINANCE,ETHUSDT,1583.55,2802.8835,2,1782635924144
2026-06-28T08:42:30.963Z,BINANCE,ETHUSDC,1581.54,502.92972,2,1782635923603
2026-06-28T08:43:43.888Z,BINANCE,ETHUSDT,1581.59,7907.95,2,1782636189448
2026-06-28T09:11:03.642Z,BINANCE,ETHUSDT,1583.01,9901.72755,2,1782637832524
2026-06-28T09:12:06.475Z,BINANCE,ETHUSDC,1582.97,14601.31528,2,1782637890613
2026-06-28T09:12:06.475Z,BINANCE,ETHUSDT,1584.89,24145.79915,2,1782637889300
2026-06-28T09:51:31.470Z,BINANCE,ETHUSDT,1579.75,29929.9435,1,1782640219573
2026-06-28T09:53:42.258Z,BINANCE,ETHUSDT,1577.89,9483.1189,1,1782640417616
2026-06-28T09:53:42.258Z,BINANCE,ETHUSDT,1578.51,186.26418,1,1782640360137
2026-06-28T09:54:55.422Z,BINANCE,ETHUSDT,1577.74,15777.4,1,1782640430318
2026-06-28T09:54:55.422Z,BINANCE,ETHUSDT,1577.61,1183.2075,1,1782640428691
2026-06-28T09:54:55.422Z,BINANCE,ETHUSDT,1577.72,107.28496,1,1782640423189
2026-06-28T10:05:03.712Z,BINANCE,ETHUSDT,1577.45,1492.2677,1,1782641057530
2026-06-28T10:06:06.663Z,BINANCE,ETHUSDT,1576.09,2364.135,1,1782641125441
2026-06-28T10:06:06.663Z,BINANCE,ETHUSDT,1576.43,288.48669,1,1782641119643
2026-06-28T10:06:06.663Z,BINANCE,ETHUSDT,1576.49,908.05824,1,1782641118558
2026-06-28T10:14:07.730Z,BINANCE,ETHUSDT,1580.72,697.09752,2,1782641576487
2026-06-28T10:25:05.792Z,BINANCE,ETHUSDT,1575.99,1429.42293,1,1782642275210
2026-06-28T10:25:05.792Z,BINANCE,ETHUSDT,1575.99,29174.72688,1,1782642274286
2026-06-28T10:26:18.959Z,BINANCE,ETHUSDC,1570.37,11672.56021,1,1782642357512
2026-06-28T10:26:18.959Z,BINANCE,ETHUSDT,1571.79,7858.95,1,1782642351448
2026-06-28T10:26:18.959Z,BINANCE,ETHUSDT,1571.93,985.60011,1,1782642351073
2026-06-28T10:26:18.959Z,BINANCE,ETHUSDT,1572.63,2420.27757,1,1782642348418
2026-06-28T10:26:18.959Z,BINANCE,ETHUSDT,1573.17,5391.25359,1,1782642346487
2026-06-28T10:26:18.959Z,BINANCE,ETHUSDC,1572.3,5337.9585,1,1782642340246
2026-06-28T10:26:18.959Z,BINANCE,ETHUSDT,1573.93,508.37939,1,1782642340157
2026-06-28T10:26:18.959Z,BINANCE,ETHUSDT,1573.61,3934.025,1,1782642338444
2026-06-28T10:26:18.959Z,BINANCE,ETHUSDT,1574.39,9446.34,1,1782642325236
2026-06-28T10:26:18.959Z,BINANCE,ETHUSDT,1574.52,1876.82784,1,1782642318573
2026-06-28T10:26:18.959Z,BINANCE,ETHUSDT,1574.31,2611.78029,1,1782642316345
2026-06-28T10:26:18.959Z,BINANCE,ETHUSDT,1574.77,944.862,1,1782642306188
2026-06-28T10:26:18.959Z,BINANCE,ETHUSDT,1574.61,1790.33157,1,1782642305247
2026-06-28T10:55:30.096Z,BINANCE,ETHUSDT,1576.72,4790.07536,2,1782644103694
2026-06-28T11:02:23.527Z,BINANCE,ETHUSDT,1578.62,7094.31828,2,1782644535593
2026-06-28T11:03:31.566Z,BINANCE,ETHUSDT,1580.39,864.47333,2,1782644575426
2026-06-28T11:03:31.566Z,BINANCE,ETHUSDT,1579.42,609.65612,2,1782644542591
2026-06-28T11:03:31.566Z,BINANCE,ETHUSDC,1577.38,1403.8682,2,1782644539371
2026-06-28T11:03:31.566Z,BINANCE,ETHUSDT,1578.75,473.625,2,1782644537177
2026-06-28T11:09:06.366Z,BINANCE,ETHUSDT,1576.28,244.3234,2,1782644896476
2026-06-28T11:22:43.358Z,BINANCE,ETHUSDT,1579.44,3158.88,2,1782645717204
2026-06-28T11:23:51.400Z,BINANCE,ETHUSDT,1580.8,2034.4896,2,1782645770710
2026-06-28T11:27:15.533Z,BINANCE,ETHUSDT,1582.47,629.82306,2,1782645991149
2026-06-28T11:27:15.533Z,BINANCE,ETHUSDT,1582.33,4732.74903,2,1782645989209
2026-06-28T11:53:42.563Z,BINANCE,ETHUSDT,1581.33,2843.23134,2,1782647612860
2026-06-28T11:53:42.563Z,BINANCE,ETHUSDT,1581.32,2468.44052,1,1782647610236
2026-06-28T11:54:50.413Z,BINANCE,ETHUSDT,1583.15,319.7963,2,1782647667472
2026-06-28T11:54:50.413Z,BINANCE,ETHUSDT,1583.04,317230.13472,2,1782647667149
2026-06-28T11:54:50.413Z,BINANCE,ETHUSDT,1582.88,1541.72512,2,1782647659202
2026-06-28T11:58:19.700Z,BINANCE,ETHUSDT,1581.87,2372.805,1,1782647865494
2026-06-28T11:58:19.700Z,BINANCE,ETHUSDT,1581.73,7916.55865,2,1782647855352
2026-06-28T11:58:19.700Z,BINANCE,ETHUSDT,1581.74,2688.958,1,1782647848638
2026-06-28T11:58:19.700Z,BINANCE,ETHUSDT,1581.75,316.35,2,1782647847487
2026-06-28T12:18:19.343Z,BINANCE,ETHUSDT,1577.47,5300.2992,1,1782649029377
2026-06-28T12:29:54.962Z,BINANCE,ETHUSDT,1583.67,316.734,2,1782649756644
2026-06-28T12:29:54.962Z,BINANCE,ETHUSDT,1583.84,199.56384,2,1782649755649
2026-06-28T12:29:54.962Z,BINANCE,ETHUSDT,1584.18,152.08128,2,1782649754600
2026-06-28T12:29:54.962Z,BINANCE,ETHUSDT,1583.48,94209.1426,2,1782649748353
2026-06-28T12:29:54.962Z,BINANCE,ETHUSDT,1582.56,188.32464,2,1782649730624
2026-06-28T12:31:04.382Z,BINANCE,ETHUSDC,1584.75,90826.77675,2,1782649840210
2026-06-28T12:31:04.382Z,BINANCE,ETHUSDC,1584.95,3288.77125,2,1782649839409
2026-06-28T12:31:04.382Z,BINANCE,ETHUSDT,1586.57,161427.15122,2,1782649839286
2026-06-28T12:31:04.382Z,BINANCE,ETHUSDT,1587.26,155851.47214,2,1782649838407
2026-06-28T12:31:04.382Z,BINANCE,ETHUSDT,1587.2,206.336,2,1782649836457
2026-06-28T12:31:04.382Z,BINANCE,ETHUSDT,1584.51,6054.41271,2,1782649827458
2026-06-28T12:31:04.382Z,BINANCE,ETHUSDT,1584.18,97972.02792,2,1782649821084
2026-06-28T12:36:17.874Z,BINANCE,ETHUSDT,1581.86,656.4719,1,1782650113509
2026-06-28T12:39:41.889Z,BINANCE,ETHUSDT,1580.27,214.91672,1,1782650337274
2026-06-28T12:42:03.225Z,BINANCE,ETHUSDT,1578.52,224.14984,1,1782650517548
2026-06-28T12:43:06.055Z,BINANCE,ETHUSDT,1578.45,994.4235,1,1782650521492
2026-06-28T12:46:29.785Z,BINANCE,ETHUSDT,1579.98,195.91752,1,1782650750496
2026-06-28T12:47:42.883Z,BINANCE,ETHUSDT,1580.19,3654.97947,2,1782650808318
2026-06-28T12:49:53.795Z,BINANCE,ETHUSDT,1581.44,956.7712,2,1782650946571
2026-06-28T12:53:17.866Z,BINANCE,ETHUSDT,1582.06,617.0034,1,1782651139614
2026-06-28T12:54:31.058Z,BINANCE,ETHUSDT,1583.07,175.72077,2,1782651223341
2026-06-28T13:02:27.675Z,BINANCE,ETHUSDT,1576.8,192.3696,1,1782651728150
2026-06-28T13:03:30.957Z,BINANCE,ETHUSDT,1574.63,3385.4545,1,1782651797202
2026-06-28T13:03:30.957Z,BINANCE,ETHUSDT,1575.65,7894.0065,1,1782651786659
2026-06-28T13:03:30.957Z,BINANCE,ETHUSDT,1575.65,44545.20115,1,1782651786403
2026-06-28T13:03:30.957Z,BINANCE,ETHUSDT,1576.51,1738.89053,1,1782651772466
2026-06-28T13:06:26.642Z,BINANCE,ETHUSDT,1575.31,6364.2524,1,1782651872560
2026-06-28T13:14:17.765Z,BINANCE,ETHUSDT,1579.11,6115.89303,2,1782652420245
2026-06-28T13:14:17.765Z,BINANCE,ETHUSDT,1578.79,896.75272,2,1782652414619
2026-06-28T13:14:17.765Z,BINANCE,ETHUSDT,1578.75,87571.68375,2,1782652413348
2026-06-28T13:15:31.028Z,BINANCE,ETHUSDT,1579.87,3758.51073,2,1782652457465
2026-06-28T13:25:44.017Z,BINANCE,ETHUSDT,1581.13,20644.81441,2,1782653111123
2026-06-28T13:31:30.973Z,BINANCE,ETHUSDT,1581.9,4427.7381,2,1782653482402
2026-06-28T13:33:51.976Z,BINANCE,ETHUSDT,1582.47,579.18402,2,1782653595531
2026-06-28T13:40:30.910Z,BINANCE,ETHUSDT,1577.91,1079.29044,1,1782654024186
2026-06-28T13:40:30.910Z,BINANCE,ETHUSDT,1578.04,108.88476,2,1782654020515
2026-06-28T13:40:30.910Z,BINANCE,ETHUSDT,1577.74,295.03738,1,1782654015537
2026-06-28T13:40:30.910Z,BINANCE,ETHUSDT,1577.67,831.43209,1,1782654014532
2026-06-28T13:40:30.910Z,BINANCE,ETHUSDT,1579.42,2056.40484,1,1782654008191
2026-06-28T14:06:39.466Z,BINANCE,ETHUSDT,1577.4,3154.8,1,1782655529496
2026-06-28T14:17:54.719Z,BINANCE,ETHUSDT,1580.16,14766.5952,1,1782656231544
2026-06-28T14:20:05.989Z,BINANCE,ETHUSDT,1585.22,22332.57936,2,1782656389244
2026-06-28T14:20:05.989Z,BINANCE,ETHUSDT,1584.58,6617.20608,2,1782656385660
2026-06-28T14:20:05.989Z,BINANCE,ETHUSDT,1583.63,20089.93018,2,1782656382298
2026-06-28T14:20:05.989Z,BINANCE,ETHUSDT,1583.47,511.46081,2,1782656374516
2026-06-28T14:20:05.989Z,BINANCE,ETHUSDT_260925,1588.69,2707.12776,2,1782656372795
2026-06-28T14:20:05.989Z,BINANCE,ETHUSDT,1582.85,4014.1076,2,1782656372770
2026-06-28T14:30:06.147Z,BINANCE,ETHUSDT,1581.82,501.43694,1,1782656964088
2026-06-28T14:31:19.340Z,BINANCE,ETHUSDT,1581.59,276.77825,1,1782657073116
2026-06-28T14:31:19.340Z,BINANCE,ETHUSDT,1581.6,305.2488,2,1782657072362
2026-06-28T14:48:39.010Z,BINANCE,ETHUSDC,1583.73,1903.64346,2,1782658103554
2026-06-28T14:48:39.010Z,BINANCE,ETHUSDT,1585.55,144.28505,2,1782658103354
2026-06-28T14:48:39.010Z,BINANCE,ETHUSDT,1584.98,13228.24308,2,1782658089519
2026-06-28T14:48:39.010Z,BINANCE,ETHUSDT,1584.93,3415.52415,2,1782658087729
2026-06-28T14:48:39.010Z,BINANCE,ETHUSDT,1584.8,329.6384,2,1782658084269
2026-06-28T15:02:38.093Z,BINANCE,ETHUSDT,1579.03,1076.89846,1,1782658904244
2026-06-28T15:02:38.093Z,BINANCE,ETHUSDT,1579.03,364.75593,1,1782658902431
2026-06-28T15:03:41.027Z,BINANCE,ETHUSDT,1583,338.762,2,1782658994404
2026-06-28T15:09:31.330Z,BINANCE,ETHUSDT,1578.04,632.79404,1,1782659353151
2026-06-28T15:09:31.330Z,BINANCE,ETHUSDT,1577.8,386.561,1,1782659352591
2026-06-28T15:09:31.330Z,BINANCE,ETHUSDT,1578.68,194427.07144,1,1782659346173
2026-06-28T15:09:31.330Z,BINANCE,ETHUSDT,1579.28,192.67216,1,1782659341974
2026-06-28T15:10:39.258Z,BINANCE,ETHUSDT,1577.09,220.7926,1,1782659432383
2026-06-28T15:10:39.258Z,BINANCE,ETHUSDT,1577.03,24704.17495,1,1782659431652
2026-06-28T15:10:39.258Z,BINANCE,ETHUSDT,1577.92,49848.07072,1,1782659425243
2026-06-28T15:15:17.874Z,BINANCE,ETHUSDT,1582.9,891.1727,2,1782659690285
2026-06-28T15:16:20.857Z,BINANCE,ETHUSDT,1583.33,2496.91141,2,1782659719662
2026-06-28T15:16:20.857Z,BINANCE,ETHUSDT,1583.19,12035.41038,2,1782659718360
2026-06-28T15:18:41.937Z,BINANCE,ETHUSDT,1584.41,1511.52714,2,1782659904206
2026-06-28T15:18:41.937Z,BINANCE,ETHUSDT,1584.36,432.53028,2,1782659898118
2026-06-28T15:37:39.462Z,BINANCE,ETHUSDT,1579.02,3034.87644,1,1782661007434
2026-06-28T15:37:39.462Z,BINANCE,ETHUSDT,1579.82,688.80152,1,1782660996379
2026-06-28T15:54:29.602Z,BINANCE,ETHUSDT,1576.58,583.3346,1,1782662059233
2026-06-28T15:54:29.602Z,BINANCE,ETHUSDT,1577.84,4073.98288,1,1782662029481
2026-06-28T16:10:32.497Z,BINANCE,ETHUSDT,1577.55,205.0815,1,1782663000124
2026-06-28T16:24:04.011Z,BINANCE,ETHUSDT,1576.6,482.4396,1,1782663779093
2026-06-28T16:25:07.109Z,BINANCE,ETHUSDT,1576.8,900.3528,2,1782663854180
2026-06-28T16:26:15.310Z,BINANCE,ETHUSDC,1571.75,334.78275,1,1782663960333
2026-06-28T16:26:15.310Z,BINANCE,ETHUSDT,1572.9,2082.5196,1,1782663959740
2026-06-28T16:26:15.310Z,BINANCE,ETHUSDT,1573.3,369.7255,1,1782663954756
2026-06-28T16:26:15.310Z,BINANCE,ETHUSDT,1573.25,6293,1,1782663951497
2026-06-28T16:26:15.310Z,BINANCE,ETHUSDT,1573.01,29138.43724,1,1782663950534
2026-06-28T16:26:15.310Z,BINANCE,ETHUSDT,1573.2,19665,1,1782663948508
2026-06-28T16:26:15.310Z,BINANCE,ETHUSD_PERP,1571.35,1800,1,1782663948055
2026-06-28T16:26:15.310Z,BINANCE,ETHUSDT,1575.79,7436.15301,1,1782663921241
2026-06-28T16:26:15.310Z,BINANCE,ETHUSDT,1575.81,348.25401,1,1782663915396
2026-06-28T16:26:15.310Z,BINANCE,ETHUSDT,1575.55,4090.1278,1,1782663914112
2026-06-28T16:26:15.310Z,BINANCE,ETHUSDT,1576.08,974.01744,1,1782663912198
2026-06-28T16:30:43.855Z,BINANCE,ETHUSDT,1574.6,3204.311,1,1782664233296
2026-06-28T16:32:07.212Z,BINANCE,ETHUSDT,1573.12,833.7536,1,1782664291446
2026-06-28T16:32:07.212Z,BINANCE,ETHUSDT,1574.55,297.58995,1,1782664265259
2026-06-28T16:33:20.401Z,BINANCE,ETHUSDT,1571.31,21393.38565,1,1782664397581
2026-06-28T16:33:20.401Z,BINANCE,ETHUSDT,1571.1,10509.0879,1,1782664395103
2026-06-28T16:33:20.401Z,BINANCE,ETHUSDT,1571.91,246.78987,1,1782664355197
2026-06-28T16:34:28.414Z,BINANCE,ETHUSDT,1568.44,5019.008,1,1782664465348
2026-06-28T16:34:28.414Z,BINANCE,ETHUSDC,1566.98,111.25558,1,1782664464638
2026-06-28T16:34:28.414Z,BINANCE,ETHUSDT,1569.15,3138.3,1,1782664462460
2026-06-28T16:34:28.414Z,BINANCE,ETHUSDT,1569.56,116527.27352,1,1782664456595
2026-06-28T16:34:28.414Z,BINANCE,ETHUSDT,1569.4,16226.0266,1,1782664453354
2026-06-28T16:34:28.414Z,BINANCE,ETHUSDT,1570.08,964.02912,1,1782664446637
2026-06-28T16:34:28.414Z,BINANCE,ETHUSDT,1569.91,1569.91,1,1782664445536
2026-06-28T16:34:28.414Z,BINANCE,ETHUSDT,1569.66,312.36234,1,1782664444120
2026-06-28T16:34:28.414Z,BINANCE,ETHUSDT,1570.28,152372.1198,1,1782664401305
2026-06-28T16:35:58.428Z,BINANCE,ETHUSDT,1569.66,784.83,1,1782664516426
2026-06-28T16:35:58.428Z,BINANCE,ETHUSDT,1567.28,3134.56,1,1782664479510
2026-06-28T16:35:58.428Z,BINANCE,ETHUSDT,1567.35,4448.1393,1,1782664477645
2026-06-28T16:35:58.428Z,BINANCE,ETHUSDT,1567.35,12684.56355,1,1782664477197
2026-06-28T16:35:58.428Z,BINANCE,ETHUSDT,1567.72,7159.77724,1,1782664474355
2026-06-28T16:35:58.428Z,BINANCE,ETHUSDT,1567.77,11708.10636,1,1782664472506
2026-06-28T16:35:58.428Z,BINANCE,ETHUSDT,1567.62,19005.82488,1,1782664472058
2026-06-28T16:35:58.428Z,BINANCE,ETHUSDT,1568.09,6272.36,1,1782664471113
2026-06-28T16:35:58.428Z,BINANCE,ETHUSDT,1568.72,2353.08,1,1782664466594
2026-06-28T16:37:02.503Z,BINANCE,ETHUSDT,1569.48,117.711,2,1782664567083
2026-06-28T16:42:18.118Z,BINANCE,ETHUSDT,1569.94,9606.46286,1,1782664889632
2026-06-28T16:44:28.840Z,BINANCE,ETHUSDC,1564.8,1405.1904,1,1782665026692
2026-06-28T16:44:28.840Z,BINANCE,ETHUSDT,1566.74,203.6762,1,1782665026570
2026-06-28T16:44:28.840Z,BINANCE,ETHUSDT,1566.77,12222.37277,1,1782665024259
2026-06-28T16:45:41.955Z,BINANCE,ETHUSDT,1565.9,1565.9,1,1782665114372
2026-06-28T16:45:41.955Z,BINANCE,ETHUSDT,1566.01,3225.9806,1,1782665111197
2026-06-28T16:45:41.955Z,BINANCE,ETHUSDC,1564.18,259.65388,1,1782665109718
2026-06-28T16:45:41.955Z,BINANCE,ETHUSDT,1565.99,642.0559,1,1782665108758
2026-06-28T16:45:41.955Z,BINANCE,ETHUSDT,1566.03,18158.11785,1,1782665107231
2026-06-28T16:46:55.159Z,BINANCE,ETHUSDT,1566.68,292.96916,1,1782665154502
2026-06-28T16:49:06.124Z,BINANCE,ETHUSDT,1571.01,133.53585,2,1782665326142
2026-06-28T16:49:06.124Z,BINANCE,ETHUSDT,1569.43,75386.00062,2,1782665286229
2026-06-28T17:06:28.488Z,BINANCE,ETHUSDT,1574.55,576.2853,2,1782666385270
2026-06-28T17:07:31.317Z,BINANCE,ETHUSDT,1576.71,433.59525,2,1782666429277
2026-06-28T17:07:31.317Z,BINANCE,ETHUSDT,1576.81,204.9853,2,1782666428153
2026-06-28T17:07:31.317Z,BINANCE,ETHUSDT,1575.38,3150.76,2,1782666398338
2026-06-28T17:07:31.317Z,BINANCE,ETHUSDT,1574.53,102.34445,2,1782666387436
2026-06-28T17:11:57.530Z,BINANCE,ETHUSDT,1569.08,15990.49428,1,1782666704225
2026-06-28T17:11:57.530Z,BINANCE,ETHUSDT,1569.26,349.94498,1,1782666697436
2026-06-28T17:11:57.530Z,BINANCE,ETHUSDT,1569.68,4402.9524,1,1782666695283
2026-06-28T17:11:57.530Z,BINANCE,ETHUSDT,1569.8,138.1424,1,1782666683264
2026-06-28T17:11:57.530Z,BINANCE,ETHUSDT,1569.94,221.36154,1,1782666670163
2026-06-28T17:11:57.530Z,BINANCE,ETHUSDT,1570.74,997.4199,1,1782666666100
2026-06-28T17:13:41.495Z,BINANCE,ETHUSDT,1568.22,8473.09266,1,1782666766382
2026-06-28T17:26:15.062Z,BINANCE,ETHUSDT,1567.11,130.07013,1,1782667569664
2026-06-28T17:26:15.062Z,BINANCE,ETHUSDT,1567.57,68930.75561,1,1782667556305
2026-06-28T17:26:15.062Z,BINANCE,ETHUSDT,1567.8,2353.2678,1,1782667553139
2026-06-28T17:27:17.899Z,BINANCE,ETHUSDC,1565.33,49345.46292,1,1782667590322
2026-06-28T17:27:17.899Z,BINANCE,ETHUSDT,1566.23,1231.05678,1,1782667577578
2026-06-28T17:27:17.899Z,BINANCE,ETHUSDT,1566.47,3392.97402,1,1782667575471
2026-06-28T17:31:40.125Z,BINANCE,ETHUSDT,1566.07,12563.01354,1,1782667834220
2026-06-28T17:36:07.083Z,BINANCE,ETHUSDT,1564.43,5062.49548,1,1782668135250
2026-06-28T17:36:07.083Z,BINANCE,ETHUSDT,1564.16,6790.01856,1,1782668134209
2026-06-28T17:36:07.083Z,BINANCE,ETHUSDT,1564.03,32724.19969,1,1782668133394
2026-06-28T17:36:07.083Z,BINANCE,ETHUSDT,1564.81,3448.84124,1,1782668122716
2026-06-28T17:36:07.083Z,BINANCE,ETHUSDT,1564.53,148253.29827,1,1782668121277
2026-06-28T17:36:07.083Z,BINANCE,ETHUSDT,1564.78,3295.42668,1,1782668119782
2026-06-28T17:36:07.083Z,BINANCE,ETHUSDC,1563.13,778.43874,1,1782668118533
2026-06-28T17:36:07.083Z,BINANCE,ETHUSDT,1565.09,593214.49761,1,1782668118399
2026-06-28T17:36:07.083Z,BINANCE,ETHUSDT,1564.82,4434.69988,1,1782668117220
2026-06-28T17:36:07.083Z,BINANCE,ETHUSDT,1566.46,14124.76982,1,1782668107310
2026-06-28T17:37:15.135Z,BINANCE,ETHUSDT,1563.18,203213.4,1,1782668224486
2026-06-28T17:37:15.135Z,BINANCE,ETHUSDT,1563,529.857,1,1782668222469
2026-06-28T17:37:15.135Z,BINANCE,ETHUSDT,1562.99,359.4877,1,1782668219744
2026-06-28T17:37:15.135Z,BINANCE,ETHUSDT,1563.09,788939.97879,1,1782668217479
2026-06-28T17:37:15.135Z,BINANCE,ETHUSDT,1563.75,199700.2575,1,1782668199602
2026-06-28T17:37:15.135Z,BINANCE,ETHUSDT,1564.24,642.90264,1,1782668175508
2026-06-28T17:37:15.135Z,BINANCE,ETHUSDT,1563.84,1826.56512,1,1782668172381
2026-06-28T17:38:55.203Z,BINANCE,ETHUSDT,1563.27,9920.51142,1,1782668281155
2026-06-28T17:41:07.137Z,BINANCE,ETHUSDT,1568.09,7501.74256,2,1782668440384
2026-06-28T17:53:25.802Z,BINANCE,ETHUSDT,1572.5,629,2,1782669185646
2026-06-28T18:02:26.723Z,BINANCE,ETHUSDT,1573.47,229.72662,2,1782669720313
2026-06-28T18:02:26.723Z,BINANCE,ETHUSDT,1573.15,412.1653,2,1782669702415
2026-06-28T18:03:29.595Z,BINANCE,ETHUSDC,1572.74,1144.95472,2,1782669788459
2026-06-28T18:03:29.595Z,BINANCE,ETHUSDC,1571.7,168.1719,2,1782669748537
2026-06-28T18:37:00.514Z,BINANCE,ETHUSDT,1568.43,112.92696,1,1782671810142
2026-06-28T18:40:19.600Z,BINANCE,ETHUSDT,1569.81,532.16559,1,1782671999473
2026-06-28T18:58:44.034Z,BINANCE,ETHUSDT,1572,664.956,2,1782673074347
2026-06-28T19:04:29.081Z,BINANCE,ETHUSDT,1566.77,224.04811,1,1782673459620
2026-06-28T19:04:29.081Z,BINANCE,ETHUSDT,1566.86,151.98542,1,1782673457570
2026-06-28T19:04:29.081Z,BINANCE,ETHUSDT,1567.01,1300.6183,1,1782673446218
2026-06-28T19:04:29.081Z,BINANCE,ETHUSDT,1567.15,586.1141,1,1782673437539
2026-06-28T19:21:41.402Z,BINANCE,ETHUSDT,1567.71,407.6046,1,1782674438518
2026-06-28T19:33:07.514Z,BINANCE,ETHUSDT,1572.53,4522.59628,2,1782675122227
2026-06-28T19:33:07.514Z,BINANCE,ETHUSDT,1572.77,1053.7559,2,1782675120201
2026-06-28T19:37:29.159Z,BINANCE,ETHUSDT,1568.15,88333.8895,1,1782675445322
2026-06-28T19:45:31.139Z,BINANCE,ETHUSDT,1566.89,1742.38168,2,1782675925568
2026-06-28T19:46:39.224Z,BINANCE,ETHUSDT,1564.27,797.7777,1,1782675979610
2026-06-28T19:46:39.224Z,BINANCE,ETHUSDT,1564.24,153.29552,1,1782675978396
2026-06-28T19:46:39.224Z,BINANCE,ETHUSDT,1564.24,4312.60968,1,1782675977500
2026-06-28T19:46:39.224Z,BINANCE,ETHUSDC,1562.77,35481.13008,1,1782675976592
2026-06-28T19:46:39.224Z,BINANCE,ETHUSDT,1564.49,117646.51902,1,1782675976444
2026-06-28T19:46:39.224Z,BINANCE,ETHUSDT,1564.45,943.36335,1,1782675975252
2026-06-28T19:46:39.224Z,BINANCE,ETHUSDT,1565.02,4978.32862,1,1782675973481
2026-06-28T19:46:39.224Z,BINANCE,ETHUSDT,1565.63,320.95415,1,1782675962695
2026-06-28T19:46:39.224Z,BINANCE,ETHUSDT,1565.88,49921.82028,1,1782675961567
2026-06-28T19:46:39.224Z,BINANCE,ETHUSDT,1565.44,1343.14752,1,1782675958066
2026-06-28T19:46:39.224Z,BINANCE,ETHUSDT,1565.73,665.43525,1,1782675955284
2026-06-28T19:46:39.224Z,BINANCE,ETHUSDT,1565.89,427.48797,1,1782675954124
2026-06-28T19:46:39.224Z,BINANCE,ETHUSDT,1566.71,473.14642,1,1782675947186
2026-06-28T19:46:39.224Z,BINANCE,ETHUSDT,1566.34,607.73992,1,1782675945090
2026-06-28T19:47:47.161Z,BINANCE,ETHUSD_PERP,1555.91,5810,1,1782676065039
2026-06-28T19:47:47.161Z,BINANCE,ETHUSDT,1562.43,33184.45077,1,1782676062619
2026-06-28T19:47:47.161Z,BINANCE,ETHUSDC,1561.04,14038.43272,1,1782676034345
2026-06-28T19:47:47.161Z,BINANCE,ETHUSDT,1562.61,19954.5297,1,1782676032442
2026-06-28T19:47:47.161Z,BINANCE,ETHUSDT,1562.5,255815.625,1,1782676031525
2026-06-28T19:47:47.161Z,BINANCE,ETHUSDT,1562.53,29867.76095,1,1782676031218
2026-06-28T19:47:47.161Z,BINANCE,ETHUSDT,1562.78,4971.20318,1,1782676028527
2026-06-28T19:47:47.161Z,BINANCE,ETHUSDT,1562.96,203.1848,1,1782676026136
2026-06-28T19:47:47.161Z,BINANCE,ETHUSDT,1563.33,2840.57061,1,1782676023309
2026-06-28T19:47:47.161Z,BINANCE,ETHUSDC,1561.59,6246.36,1,1782676023079
2026-06-28T19:47:47.161Z,BINANCE,ETHUSDT,1563.45,1008.42525,1,1782676016635
2026-06-28T19:47:47.161Z,BINANCE,ETHUSDT,1563.34,7816.7,1,1782676010265
2026-06-28T19:47:47.161Z,BINANCE,ETHUSDT,1563.7,312.74,1,1782676008513
2026-06-28T19:47:47.161Z,BINANCE,ETHUSDT,1563.77,8297.36362,1,1782676006328
2026-06-28T19:48:57.548Z,BINANCE,ETHUSD_PERP,1553.94,220,1,1782676127038
2026-06-28T19:48:57.548Z,BINANCE,ETHUSDT,1555.8,10112.7,1,1782676125255
2026-06-28T19:48:57.548Z,BINANCE,ETHUSDC,1553.95,63629.59065,1,1782676125167
2026-06-28T19:48:57.548Z,BINANCE,ETHUSDT,1556.3,19791.4671,1,1782676124422
2026-06-28T19:48:57.548Z,BINANCE,ETHUSDT,1556.24,6010.19888,1,1782676123154
2026-06-28T19:48:57.548Z,BINANCE,ETHUSDT,1557.27,331.69851,1,1782676118453
2026-06-28T19:48:57.548Z,BINANCE,ETHUSDT,1557.34,4324.73318,1,1782676117076
2026-06-28T19:48:57.548Z,BINANCE,ETHUSDC,1555.15,1805.52915,1,1782676116553
2026-06-28T19:48:57.548Z,BINANCE,ETHUSDC,1555.13,58374.91481,1,1782676115125
2026-06-28T19:48:57.548Z,BINANCE,ETHUSDT,1557.21,109004.7,1,1782676114510
2026-06-28T19:48:57.548Z,BINANCE,ETHUSDT,1557.39,269.42847,1,1782676079829
2026-06-28T19:48:57.548Z,BINANCE,ETHUSDT,1557.58,9797.1782,1,1782676078751
2026-06-28T19:48:57.548Z,BINANCE,ETHUSDC,1556.3,1764.8442,1,1782676073688
2026-06-28T19:48:57.548Z,BINANCE,ETHUSDT,1558.21,15582.1,1,1782676073630
2026-06-28T19:48:57.548Z,BINANCE,ETHUSDT,1557.18,71662.98078,1,1782676072480
2026-06-28T19:48:57.548Z,BINANCE,ETHUSDC,1555.18,1038.86024,1,1782676072074
2026-06-28T19:48:57.548Z,BINANCE,ETHUSDT,1556.73,34350.80418,1,1782676071652
2026-06-28T19:48:57.548Z,BINANCE,ETHUSD_PERP,1555.26,8590,1,1782676071068
2026-06-28T19:48:57.548Z,BINANCE,ETHUSDC,1556.58,1008.66384,1,1782676068476
2026-06-28T19:48:57.548Z,BINANCE,ETHUSDT,1558.33,35232.28297,1,1782676068468
2026-06-28T19:48:57.548Z,BINANCE,ETHUSDC,1556.82,1914.8886,1,1782676067383
2026-06-28T19:48:57.548Z,BINANCE,ETHUSDT,1558.26,456328.6497,1,1782676067245
2026-06-28T19:48:57.548Z,BINANCE,ETHUSDC,1557.11,21226.52352,1,1782676066668
2026-06-28T19:48:57.548Z,BINANCE,ETHUSDT,1558.85,175585.7463,1,1782676066652
2026-06-28T19:48:57.548Z,BINANCE,ETHUSDT,1558.36,137735.6486,1,1782676065800
2026-06-28T19:55:17.670Z,BINANCE,ETHUSDT,1564.63,3800.48627,2,1782676496398
2026-06-28T19:55:17.670Z,BINANCE,ETHUSDT,1563.04,3755.98512,2,1782676448392
2026-06-28T20:03:18.813Z,BINANCE,ETHUSDT,1566.59,452.74451,2,1782676958319
2026-06-28T20:03:18.813Z,BINANCE,ETHUSDT,1565.82,105071.21946,2,1782676925554
2026-06-28T20:14:30.508Z,BINANCE,ETHUSDT,1572.54,5536.91334,2,1782677660399
2026-06-28T20:14:30.508Z,BINANCE,ETHUSDT,1571.41,463.56595,2,1782677652495
2026-06-28T20:14:30.508Z,BINANCE,ETHUSDT,1570,1099,2,1782677627692
2026-06-28T20:14:30.508Z,BINANCE,ETHUSDT,1569.5,776.9025,2,1782677613609
2026-06-28T20:18:32.584Z,BINANCE,ETHUSDT,1575.07,5022.89823,2,1782677728400
2026-06-28T20:18:32.584Z,BINANCE,ETHUSDT,1575.07,1501.04171,2,1782677728283
2026-06-28T20:18:32.584Z,BINANCE,ETHUSDT,1575,2086.875,2,1782677727176
2026-06-28T20:18:32.584Z,BINANCE,ETHUSDT,1574.68,55932.6336,2,1782677725254
2026-06-28T20:18:32.584Z,BINANCE,ETHUSDT,1573.5,2528.6145,2,1782677723141
2026-06-28T20:18:32.584Z,BINANCE,ETHUSDT,1572.79,4624.0026,2,1782677720096
2026-06-28T20:25:28.051Z,BINANCE,ETHUSDT,1575.88,1575.88,2,1782678325330
2026-06-28T21:13:54.398Z,BINANCE,ETHUSDT,1568.54,235.281,1,1782681184568
2026-06-28T21:13:54.398Z,BINANCE,ETHUSDT,1568.54,1166.99376,1,1782681183480
2026-06-28T21:47:51.945Z,BINANCE,ETHUSDT,1564.56,1888.42392,1,1782683233249
2026-06-28T21:47:51.945Z,BINANCE,ETHUSD_PERP,1562.15,760,1,1782683230102
2026-06-28T21:47:51.945Z,BINANCE,ETHUSDT,1564.53,129.85599,1,1782683230092
2026-06-28T21:47:51.945Z,BINANCE,ETHUSDT,1564.71,821.47275,1,1782683224468
2026-06-28T21:47:51.945Z,BINANCE,ETHUSDT,1564.91,33670.60356,1,1782683223098
2026-06-28T21:47:51.945Z,BINANCE,ETHUSDT,1564.8,696.336,1,1782683221352
2026-06-28T21:47:51.945Z,BINANCE,ETHUSDT,1565.2,436.6908,1,1782683217707
2026-06-28T21:47:51.945Z,BINANCE,ETHUSDC,1563.43,2345.145,1,1782683217438
2026-06-28T21:47:51.945Z,BINANCE,ETHUSDT,1565.14,2721.77846,1,1782683217386
2026-06-28T21:47:51.945Z,BINANCE,ETHUSDT,1565.21,1189.5596,1,1782683214313
2026-06-28T21:47:51.945Z,BINANCE,ETHUSDT,1565.4,26472.4794,1,1782683211270
2026-06-28T21:47:51.945Z,BINANCE,ETHUSDT,1565.54,40528.69952,1,1782683211141
2026-06-28T21:47:51.945Z,BINANCE,ETHUSDT,1566.06,1907.46108,1,1782683208084
2026-06-28T21:50:04.806Z,BINANCE,ETHUSDT,1560.79,8620.24317,1,1782683401429
2026-06-28T21:50:04.806Z,BINANCE,ETHUSDT,1559.75,3484.4815,1,1782683400336
2026-06-28T21:50:04.806Z,BINANCE,ETHUSDT,1560.89,115.50586,1,1782683397638
2026-06-28T21:50:04.806Z,BINANCE,ETHUSDT,1561.04,1561.04,1,1782683393220
2026-06-28T21:50:04.806Z,BINANCE,ETHUSDT,1561.24,1545.6276,1,1782683392709
2026-06-28T21:50:04.806Z,BINANCE,ETHUSDT,1561.38,1783.09596,1,1782683391354
2026-06-28T21:50:04.806Z,BINANCE,ETHUSDT,1561.03,5463.605,1,1782683389060
2026-06-28T21:50:04.806Z,BINANCE,ETHUSDT,1561.53,532.48173,1,1782683387598
2026-06-28T21:50:04.806Z,BINANCE,ETHUSDT,1561.73,31707.80419,1,1782683386477
2026-06-28T21:50:04.806Z,BINANCE,ETHUSDT,1563,49883.145,1,1782683384414
2026-06-28T21:50:04.806Z,BINANCE,ETHUSDT,1564.04,164.2242,1,1782683380587
2026-06-28T21:50:04.806Z,BINANCE,ETHUSDC,1562.47,3159.31434,1,1782683364642
2026-06-28T21:50:04.806Z,BINANCE,ETHUSDT,1564.26,156.426,1,1782683363474
2026-06-28T21:51:14.233Z,BINANCE,ETHUSDT,1560.29,7620.45636,1,1782683408587
2026-06-28T21:54:43.275Z,BINANCE,ETHUSDT,1558.61,103315.58107,1,1782683617365
2026-06-28T21:54:43.275Z,BINANCE,ETHUSDC,1556.52,6842.46192,1,1782683615478
2026-06-28T21:54:43.275Z,BINANCE,ETHUSDT,1558.16,2924.66632,1,1782683615187
2026-06-28T21:54:43.275Z,BINANCE,ETHUSDT,1559.03,140.3127,1,1782683612117
2026-06-28T21:58:11.492Z,BINANCE,ETHUSDC,1558.62,501.87564,1,1782683821363
2026-06-28T21:58:11.492Z,BINANCE,ETHUSDT,1560.32,330.78784,1,1782683818563
2026-06-28T22:00:17.457Z,BINANCE,ETHUSDT,1566.11,723.54282,2,1782684013581
2026-06-28T22:00:17.457Z,BINANCE,ETHUSDT,1566.33,930.40002,2,1782684012779
2026-06-28T22:07:15.259Z,BINANCE,ETHUSDC,1575.21,1885.52637,2,1782684194474
2026-06-28T22:07:15.259Z,BINANCE,ETHUSDT,1578.06,51155.97102,2,1782684193477
2026-06-28T22:07:15.259Z,BINANCE,ETHUSDT,1578.5,197719.753,2,1782684192374
2026-06-28T22:07:15.259Z,BINANCE,ETHUSDC,1577.31,14195.79,2,1782684192144
2026-06-28T22:07:15.259Z,BINANCE,ETHUSDT,1581.09,3952.725,2,1782684191146
2026-06-28T22:07:15.259Z,BINANCE,ETHUSDC,1575.24,3068.56752,2,1782684185081
2026-06-28T22:07:15.259Z,BINANCE,ETHUSDT,1577.09,5215.43663,2,1782684184368
2026-06-28T22:07:15.259Z,BINANCE,ETHUSDT_260925,1580.01,802.64508,2,1782684174650
2026-06-28T22:07:15.259Z,BINANCE,ETHUSDT,1574.9,8737.5452,2,1782684173741
2026-06-28T22:07:15.259Z,BINANCE,ETHUSDC,1572.96,166.73376,2,1782684173160
2026-06-28T22:07:15.259Z,BINANCE,ETHUSDT,1575.84,24767.47728,2,1782684172499
2026-06-28T22:07:15.259Z,BINANCE,ETHUSDT,1575.78,1779.05562,2,1782684171499
2026-06-28T22:07:15.259Z,BINANCE,ETHUSDT,1571.45,942.87,2,1782684125226
2026-06-28T22:07:15.259Z,BINANCE,ETHUSDT,1570.94,383.30936,2,1782684114286
2026-06-28T22:07:15.259Z,BINANCE,ETHUSDT,1568.7,1127.8953,2,1782684051475
2026-06-28T22:07:15.259Z,BINANCE,ETHUSDT,1568.06,286.95498,2,1782684033623
2026-06-28T22:08:18.030Z,BINANCE,ETHUSDT,1580.31,5548.46841,2,1782684462066
2026-06-28T22:08:18.030Z,BINANCE,ETHUSDT,1580.54,3584.66472,2,1782684460468
2026-06-28T22:08:18.030Z,BINANCE,ETHUSDT,1579.01,32859.1981,2,1782684455742
2026-06-28T22:09:20.911Z,BINANCE,ETHUSDT,1574.99,15749.9,1,1782684520179
2026-06-28T22:11:42.194Z,BINANCE,ETHUSDT,1571.33,24102.63087,1,1782684690590
2026-06-28T22:13:06.804Z,BINANCE,ETHUSDT,1570.25,1490.16725,1,1782684710302
2026-06-28T22:13:06.804Z,BINANCE,ETHUSDT,1570.24,6799.1392,1,1782684703433
2026-06-28T22:19:06.064Z,BINANCE,ETHUSDT,1564.22,6472.74236,1,1782685141620
2026-06-28T22:19:06.064Z,BINANCE,ETHUSDT,1565.12,2230.296,1,1782685130428
2026-06-28T22:19:06.064Z,BINANCE,ETHUSDT,1566,7830,1,1782685123287
2026-06-28T22:19:06.064Z,BINANCE,ETHUSDT,1566.1,219.254,1,1782685121150
2026-06-28T22:19:06.064Z,BINANCE,ETHUSDT,1566.49,198.94423,1,1782685117519
2026-06-28T22:19:06.064Z,BINANCE,ETHUSDT,1566.69,5557.04943,1,1782685110303
2026-06-28T22:19:06.064Z,BINANCE,ETHUSDT,1566.56,12394.62272,1,1782685104661
2026-06-28T22:19:06.064Z,BINANCE,ETHUSDT,1567.06,1567.06,1,1782685100196
2026-06-28T22:19:25.373Z,BINANCE,ETHUSDT,1560.61,62424.4,1,1782685163664
2026-06-28T22:19:25.373Z,BINANCE,ETHUSDT,1561.62,932.28714,1,1782685160288
2026-06-28T22:19:25.373Z,BINANCE,ETHUSDT,1562.27,781135,1,1782685157402
2026-06-28T22:19:25.373Z,BINANCE,ETHUSDT,1562.16,403.03728,1,1782685155541
2026-06-28T22:19:25.373Z,BINANCE,ETHUSDT,1562.66,134.38876,1,1782685154350
2026-06-28T22:19:25.373Z,BINANCE,ETHUSDT,1564.22,6472.74236,1,1782685141620
2026-06-28T22:19:25.373Z,BINANCE,ETHUSDT,1565.12,2230.296,1,1782685130428
2026-06-28T22:19:25.373Z,BINANCE,ETHUSDT,1566,7830,1,1782685123287
2026-06-28T22:19:25.373Z,BINANCE,ETHUSDT,1566.1,219.254,1,1782685121150
2026-06-28T22:19:25.373Z,BINANCE,ETHUSDT,1566.49,198.94423,1,1782685117519
2026-06-28T22:19:25.373Z,BINANCE,ETHUSDT,1566.69,5557.04943,1,1782685110303
2026-06-28T22:19:25.373Z,BINANCE,ETHUSDT,1566.56,12394.62272,1,1782685104661
2026-06-28T22:20:28.516Z,BINANCE,ETHUSDT,1559.5,3058.1795,1,1782685178548
2026-06-28T22:20:28.516Z,BINANCE,ETHUSDT,1559.67,506.89275,1,1782685177223
2026-06-28T22:21:19.376Z,BINANCE,ETHUSDT,1559.98,100266.15452,1,1782685259463
2026-06-28T22:22:27.291Z,BINANCE,ETHUSDT,1565.42,176.89246,2,1782685344554
2026-06-28T22:23:31.211Z,BINANCE,ETHUSDT,1570.9,383.2996,2,1782685392635
2026-06-28T22:23:31.211Z,BINANCE,ETHUSDT,1570.01,131602.94823,2,1782685388655
2026-06-28T22:23:31.211Z,BINANCE,ETHUSDT,1567.37,22566.99326,2,1782685369650
2026-06-28T22:34:38.395Z,BINANCE,ETHUSDT,1562.85,126.59085,1,1782686062222
2026-06-28T22:34:38.395Z,BINANCE,ETHUSDT,1563.69,739.62537,1,1782686053082
2026-06-28T22:42:40.016Z,BINANCE,ETHUSDT,1561.62,15616.2,1,1782686514304
2026-06-28T22:42:40.016Z,BINANCE,ETHUSDT,1561.25,10641.48,1,1782686513488
2026-06-28T22:42:40.016Z,BINANCE,ETHUSDT,1562.41,1806.14596,1,1782686509626
2026-06-28T22:43:42.749Z,BINANCE,ETHUSDT,1560.66,2592.25626,1,1782686620278
2026-06-28T22:43:42.749Z,BINANCE,ETHUSDT,1561.01,1214.46578,1,1782686617155
2026-06-28T22:44:55.928Z,BINANCE,ETHUSDT,1559.8,1868.6404,1,1782686663576
2026-06-28T22:44:55.928Z,BINANCE,ETHUSDT,1560.5,14960.5135,1,1782686626088
2026-06-28T22:48:14.912Z,BINANCE,ETHUSDT,1560.38,6241.52,1,1782686878473
2026-06-28T22:48:14.912Z,BINANCE,ETHUSDT,1560.26,298.00966,1,1782686877342
2026-06-28T22:50:20.878Z,BINANCE,ETHUSDT,1558.87,15588.7,1,1782687018156
2026-06-28T22:51:29.118Z,BINANCE,ETHUSDT,1558.22,1326.04522,1,1782687086618
2026-06-28T22:51:29.118Z,BINANCE,ETHUSDT,1558.24,188.54704,1,1782687085187
2026-06-28T22:51:29.118Z,BINANCE,ETHUSDT,1558.97,1371.8936,1,1782687021209
2026-06-28T22:51:29.118Z,BINANCE,ETHUSDT,1559.04,8955.12576,1,1782687019594
2026-06-28T22:52:42.149Z,BINANCE,ETHUSDC,1553.43,2839.67004,1,1782687151704
2026-06-28T22:52:42.149Z,BINANCE,ETHUSDT,1554.78,159565.51662,1,1782687149519
2026-06-28T22:52:42.149Z,BINANCE,ETHUSDC,1553.16,501.67068,1,1782687148786
2026-06-28T22:52:42.149Z,BINANCE,ETHUSDT,1554.75,8171.766,1,1782687148456
2026-06-28T22:52:42.149Z,BINANCE,ETHUSDT,1555.18,7873.87634,1,1782687147793
2026-06-28T22:52:42.149Z,BINANCE,ETHUSDT,1555.64,155564,1,1782687144601
2026-06-28T22:52:42.149Z,BINANCE,ETHUSDC,1553.82,281.24142,1,1782687144470
2026-06-28T22:52:42.149Z,BINANCE,ETHUSDT,1555.47,388867.5,1,1782687144324
2026-06-28T22:52:42.149Z,BINANCE,ETHUSDT,1555.24,10754.4846,1,1782687142422
2026-06-28T22:52:42.149Z,BINANCE,ETHUSD_PERP,1552.59,1200,1,1782687142049
2026-06-28T22:52:42.149Z,BINANCE,ETHUSDT,1554.99,10144.75476,1,1782687141340
2026-06-28T22:52:42.149Z,BINANCE,ETHUSDT,1555.08,11135.92788,1,1782687140946
2026-06-28T22:52:42.149Z,BINANCE,ETHUSDT,1556.16,22334.00832,1,1782687138562
2026-06-28T22:52:42.149Z,BINANCE,ETHUSDC,1554.54,1190.77764,1,1782687136248
2026-06-28T22:52:42.149Z,BINANCE,ETHUSDT,1556.4,215271.9096,1,1782687136091
2026-06-28T22:52:42.149Z,BINANCE,ETHUSDT,1556.71,48198.85502,1,1782687133461
2026-06-28T22:52:42.149Z,BINANCE,ETHUSDT,1557.19,482.7289,1,1782687126494
2026-06-28T22:52:42.149Z,BINANCE,ETHUSDT,1557.68,663.57168,1,1782687120731
2026-06-28T22:52:42.149Z,BINANCE,ETHUSDT,1557.67,3115.34,1,1782687119278
2026-06-28T22:52:42.149Z,BINANCE,ETHUSDT,1557.7,1973.6059,1,1782687117392
2026-06-28T22:56:04.972Z,BINANCE,ETHUSDT,1550.09,678.93942,1,1782687279569
2026-06-28T22:56:04.972Z,BINANCE,ETHUSDT,1551.89,10531.12554,2,1782687243486
2026-06-28T22:56:04.972Z,BINANCE,ETHUSDT,1551.1,521.1696,1,1782687231321
2026-06-28T22:56:04.972Z,BINANCE,ETHUSDC,1548.76,1525.5286,1,1782687223410
2026-06-28T22:56:04.972Z,BINANCE,ETHUSDT,1549.7,23186.6114,1,1782687222459
2026-06-28T22:56:04.972Z,BINANCE,ETHUSDT,1549.62,649137.36762,1,1782687221714
2026-06-28T22:56:04.972Z,BINANCE,ETHUSD_PERP,1547.35,140,1,1782687221024
2026-06-28T22:56:04.972Z,BINANCE,ETHUSDT,1547.13,3867.825,1,1782687220120
2026-06-28T22:56:04.972Z,BINANCE,ETHUSDT,1550.49,34072.01775,1,1782687218545
2026-06-28T22:56:04.972Z,BINANCE,ETHUSD_PERP,1548.16,9900,1,1782687216103
2026-06-28T22:56:04.972Z,BINANCE,ETHUSDT,1550.37,19009.08657,1,1782687214610
2026-06-28T22:56:04.972Z,BINANCE,ETHUSDT,1551.03,155103,1,1782687214429
2026-06-28T22:56:04.972Z,BINANCE,ETHUSDC,1549.95,289.84065,1,1782687210477
2026-06-28T22:56:04.972Z,BINANCE,ETHUSDC,1549.36,9646.31536,1,1782687208683
2026-06-28T22:56:04.972Z,BINANCE,ETHUSDT,1551.23,22235.33082,1,1782687208643
2026-06-28T22:56:04.972Z,BINANCE,ETHUSDT,1550.88,652780.9008,1,1782687208613
2026-06-28T22:56:04.972Z,BINANCE,ETHUSD_PERP,1548.65,1410,1,1782687208087
2026-06-28T22:56:04.972Z,BINANCE,ETHUSDT,1550.37,322990.13247,1,1782687207385
2026-06-28T22:56:04.972Z,BINANCE,ETHUSDC,1548.71,162614.55,1,1782687206585
2026-06-28T22:56:04.972Z,BINANCE,ETHUSDT,1550.93,18082.29287,1,1782687206500
2026-06-28T22:56:04.972Z,BINANCE,ETHUSD_PERP,1549.3,1550,1,1782687206084
2026-06-28T22:56:04.972Z,BINANCE,ETHUSDT,1552.8,8574347.3136,1,1782687205254
2026-06-28T22:56:04.972Z,BINANCE,ETHUSDC,1551.95,245.2081,1,1782687205247
2026-06-28T22:56:04.972Z,BINANCE,ETHUSDT,1555.7,4667.1,1,1782687198439
2026-06-28T23:01:55.334Z,BINANCE,ETHUSDT,1563.65,6457.8745,2,1782687712162
2026-06-28T23:01:55.334Z,BINANCE,ETHUSDT,1562.79,2234.7897,2,1782687707105
2026-06-28T23:01:55.334Z,BINANCE,ETHUSDT,1563.27,7816.35,2,1782687705577
2026-06-28T23:01:55.334Z,BINANCE,ETHUSDT,1561.35,2146.85625,2,1782687687621
2026-06-28T23:01:55.334Z,BINANCE,ETHUSDC,1559.82,104.50794,2,1782687687501
2026-06-28T23:01:55.334Z,BINANCE,ETHUSDT,1559.56,31910.15716,2,1782687664652
2026-06-28T23:01:55.334Z,BINANCE,ETHUSDT,1559.31,7543.94178,2,1782687663604
2026-06-28T23:01:55.334Z,BINANCE,ETHUSDT,1559.15,3377.1189,2,1782687662156
2026-06-28T23:13:42.577Z,BINANCE,ETHUSDT,1564.4,4100.2924,2,1782688372382
2026-06-28T23:19:18.030Z,BINANCE,ETHUSDT,1565.35,3576.82475,2,1782688726070
2026-06-28T23:19:18.030Z,BINANCE,ETHUSDT,1564.27,162.68408,2,1782688717243
2026-06-28T23:23:55.262Z,BINANCE,ETHUSDT,1566.12,137.81856,2,1782688985225
2026-06-28T23:28:17.774Z,BINANCE,ETHUSDT,1566.98,256.98472,2,1782689291465
2026-06-28T23:29:30.864Z,BINANCE,ETHUSDT,1570.36,208.85788,2,1782689350500
2026-06-28T23:29:30.864Z,BINANCE,ETHUSDT,1570.16,21060.55608,2,1782689347284
2026-06-28T23:29:30.864Z,BINANCE,ETHUSDT,1570.2,9217.074,2,1782689346117
2026-06-28T23:29:30.864Z,BINANCE,ETHUSDT,1569.79,1036.0614,2,1782689343528
2026-06-28T23:29:30.864Z,BINANCE,ETHUSDT,1568.71,5027.71555,2,1782689338301
2026-06-28T23:29:30.864Z,BINANCE,ETHUSDT,1567.87,602.06208,2,1782689316506
2026-06-28T23:30:44.092Z,BINANCE,ETHUSDT,1570.83,4712.49,2,1782689427200
2026-06-28T23:31:47.987Z,BINANCE,ETHUSDT,1572.22,157.222,2,1782689496177
2026-06-28T23:31:47.987Z,BINANCE,ETHUSDT,1571.87,1005.9968,2,1782689482310
2026-06-28T23:31:47.987Z,BINANCE,ETHUSDT,1571.31,348.83082,2,1782689477100
2026-06-28T23:33:31.681Z,BINANCE,ETHUSDT,1573.46,10085.8786,2,1782689555527
2026-06-28T23:33:31.681Z,BINANCE,ETHUSDT,1573.93,7772.06634,2,1782689537664
2026-06-28T23:36:55.563Z,BINANCE,ETHUSDT,1576.49,4729.47,2,1782689796359
2026-06-28T23:36:55.563Z,BINANCE,ETHUSDT,1576,2740.664,2,1782689777973
2026-06-28T23:36:55.563Z,BINANCE,ETHUSDT,1574.88,351.19824,2,1782689741563
2026-06-28T23:39:16.670Z,BINANCE,ETHUSDT,1579.23,20116.23174,2,1782689930147
2026-06-28T23:39:16.670Z,BINANCE,ETHUSDT,1579.14,146.86002,2,1782689921603
2026-06-28T23:39:16.670Z,BINANCE,ETHUSDT,1579,1579,2,1782689915275
2026-06-28T23:39:16.670Z,BINANCE,ETHUSDC,1576.95,20773.16235,2,1782689913245
2026-06-28T23:39:16.670Z,BINANCE,ETHUSDT,1578.7,3158.9787,2,1782689913157
2026-06-28T23:39:16.670Z,BINANCE,ETHUSDT,1578.04,1480.20152,2,1782689910428
2026-06-28T23:39:16.670Z,BINANCE,ETHUSDT,1577.53,448.01852,2,1782689900520
2026-06-28T23:39:16.670Z,BINANCE,ETHUSDT,1577.43,2222.59887,2,1782689897556
2026-06-28T23:39:16.670Z,BINANCE,ETHUSDT,1576.77,11108.34465,2,1782689895177
2026-06-28T23:53:19.028Z,BINANCE,ETHUSDT,1572.15,2479.28055,1,1782690732522
2026-06-28T23:53:19.028Z,BINANCE,ETHUSDT,1572.26,1352.1436,1,1782690724477
2026-06-29T00:00:18.885Z,BINANCE,ETHUSDT,1568.7,8182.3392,1,1782691214338
2026-06-29T00:00:18.885Z,BINANCE,ETHUSDT,1569,600.927,1,1782691211355
2026-06-29T00:01:33.326Z,BINANCE,ETHUSDT,1567.85,177.16705,1,1782691234565
2026-06-29T00:01:33.326Z,BINANCE,ETHUSDT,1567.13,9285.24525,1,1782691233147
2026-06-29T00:01:33.326Z,BINANCE,ETHUSDT,1567.57,5538.22481,1,1782691230520
2026-06-29T00:01:33.326Z,BINANCE,ETHUSDT,1567.97,7996.647,2,1782691226980
2026-06-29T00:01:33.326Z,BINANCE,ETHUSDT,1567.85,5498.44995,1,1782691225392
2026-06-29T00:01:33.326Z,BINANCE,ETHUSDT,1567.75,1133.48325,1,1782691224314
2026-06-29T00:01:33.326Z,BINANCE,ETHUSDT,1567.69,139.52441,1,1782691221588
2026-06-29T00:02:52.530Z,BINANCE,ETHUSDT,1565.98,577.84662,1,1782691346139
2026-06-29T00:02:52.530Z,BINANCE,ETHUSDT,1565.87,844.00393,1,1782691334348
2026-06-29T00:02:52.530Z,BINANCE,ETHUSDT,1566.76,3133.52,1,1782691318365
2026-06-29T00:06:06.876Z,BINANCE,ETHUSDT,1564.21,4919.44045,1,1782691550100
2026-06-29T00:06:06.876Z,BINANCE,ETHUSDT,1564.76,1353.5174,1,1782691535526
2026-06-29T00:06:06.876Z,BINANCE,ETHUSDT,1565.02,627.57302,1,1782691532448
2026-06-29T00:07:14.892Z,BINANCE,ETHUSDT,1562.36,495.26812,1,1782691600420
2026-06-29T00:07:14.892Z,BINANCE,ETHUSDT,1563.12,1875.744,1,1782691576485
2026-06-29T00:12:55.593Z,BINANCE,ETHUSDT,1570.27,380.00534,2,1782691966305
2026-06-29T00:14:03.561Z,BINANCE,ETHUSDT,1573.08,159393.90408,2,1782691984269
2026-06-29T00:14:03.561Z,BINANCE,ETHUSDT,1572.48,6286.77504,2,1782691979055
2026-06-29T00:17:28.024Z,BINANCE,ETHUSDT,1563.02,32492.05976,1,1782692215256
2026-06-29T00:17:28.024Z,BINANCE,ETHUSDT,1562.85,426.65805,1,1782692212585
2026-06-29T00:17:28.024Z,BINANCE,ETHUSDT,1562.94,423.55674,1,1782692211394
2026-06-29T00:17:28.024Z,BINANCE,ETHUSDT,1563.79,3218.27982,1,1782692202575
2026-06-29T00:17:28.024Z,BINANCE,ETHUSDT,1564.82,21952.85978,1,1782692198106
2026-06-29T00:22:56.796Z,BINANCE,ETHUSDC,1557.89,503.19847,1,1782692522338
2026-06-29T00:22:56.796Z,BINANCE,ETHUSDT,1559.18,49383.90814,1,1782692520491
2026-06-29T00:22:56.796Z,BINANCE,ETHUSDT,1558.97,84176.58515,1,1782692511468
2026-06-29T00:22:56.796Z,BINANCE,ETHUSDT,1558.96,24117.1112,1,1782692510370
2026-06-29T00:22:56.796Z,BINANCE,ETHUSDT,1559.4,4958.892,1,1782692508134
2026-06-29T00:22:56.796Z,BINANCE,ETHUSDT,1560.7,433.8746,1,1782692504460
2026-06-29T00:22:56.796Z,BINANCE,ETHUSDT,1561.7,178.0338,1,1782692476484
2026-06-29T00:29:43.367Z,BINANCE,ETHUSDT,1561.64,1561.64,1,1782692915495
2026-06-29T00:30:51.558Z,BINANCE,ETHUSDT,1559.22,10775.76942,1,1782693013196
2026-06-29T00:30:51.558Z,BINANCE,ETHUSDT,1559.32,779.66,1,1782693008819
2026-06-29T00:30:51.558Z,BINANCE,ETHUSDT,1559.47,290.06142,1,1782693002955
2026-06-29T00:30:51.558Z,BINANCE,ETHUSDT,1559.52,968.46192,1,1782693000397
2026-06-29T00:30:51.558Z,BINANCE,ETHUSDT,1559.57,227.69722,1,1782692995458
2026-06-29T00:30:51.558Z,BINANCE,ETHUSDT,1560.52,101.4338,1,1782692990777
2026-06-29T00:31:55.587Z,BINANCE,ETHUSDT,1554.31,75374.70914,1,1782693101453
2026-06-29T00:31:55.587Z,BINANCE,ETHUSDT,1554.19,1554.19,1,1782693098472
2026-06-29T00:31:55.587Z,BINANCE,ETHUSDT,1553.7,17432.514,1,1782693097383
2026-06-29T00:31:55.587Z,BINANCE,ETHUSDT,1553.73,5728.60251,1,1782693097231
2026-06-29T00:31:55.587Z,BINANCE,ETHUSDC,1552.1,117.9596,1,1782693096626
2026-06-29T00:31:55.587Z,BINANCE,ETHUSD_PERP,1552,140,1,1782693096086
2026-06-29T00:31:55.587Z,BINANCE,ETHUSDT,1554.4,621.76,1,1782693095233
2026-06-29T00:31:55.587Z,BINANCE,ETHUSDT,1554.89,985.80026,1,1782693094228
2026-06-29T00:31:55.587Z,BINANCE,ETHUSDC,1553.24,3106.48,1,1782693093624
2026-06-29T00:31:55.587Z,BINANCE,ETHUSDT,1555.14,3110.28,1,1782693093161
2026-06-29T00:31:55.587Z,BINANCE,ETHUSDT,1555.17,538.08882,1,1782693092169
2026-06-29T00:31:55.587Z,BINANCE,ETHUSDT,1555.98,496.35762,1,1782693090084
2026-06-29T00:31:55.587Z,BINANCE,ETHUSDT,1556.85,1281.28755,1,1782693077480
2026-06-29T00:31:55.587Z,BINANCE,ETHUSDT,1556.5,1030.403,1,1782693076248
2026-06-29T00:31:55.587Z,BINANCE,ETHUSDC,1554.59,932.754,1,1782693076233
2026-06-29T00:31:55.587Z,BINANCE,ETHUSDT,1557.34,778.67,1,1782693073735
2026-06-29T00:31:55.587Z,BINANCE,ETHUSDT,1557.67,10944.18942,1,1782693072641
2026-06-29T00:31:55.587Z,BINANCE,ETHUSDT,1558.1,10632.4744,1,1782693070109
2026-06-29T00:31:55.587Z,BINANCE,ETHUSDT,1558.62,975.69612,1,1782693051670
2026-06-29T00:31:55.587Z,BINANCE,ETHUSDT,1558.44,138.70116,1,1782693050094
2026-06-29T00:34:56.422Z,BINANCE,ETHUSDT,1551.62,5736.33914,1,1782693159332
2026-06-29T00:34:56.422Z,BINANCE,ETHUSDT,1551.02,790457.17974,1,1782693158090
2026-06-29T00:34:56.422Z,BINANCE,ETHUSDC,1550.72,291.53536,1,1782693153105
2026-06-29T00:34:56.422Z,BINANCE,ETHUSDT,1552.15,23137.90005,1,1782693152188
2026-06-29T00:34:56.422Z,BINANCE,ETHUSD_PERP,1549.6,120,1,1782693152052
2026-06-29T00:34:56.422Z,BINANCE,ETHUSDT,1552.65,3105.3,1,1782693127454
2026-06-29T00:34:56.422Z,BINANCE,ETHUSDT,1553.91,2012.31345,1,1782693120158
2026-06-29T00:34:56.422Z,BINANCE,ETHUSDT,1553.45,100.97425,1,1782693118759
2026-06-29T00:34:56.422Z,BINANCE,ETHUSD_PERP,1550.94,2000,1,1782693118069
2026-06-29T00:34:56.422Z,BINANCE,ETHUSDT,1553.31,29584.34226,1,1782693116321
2026-06-29T00:37:18.404Z,BINANCE,ETHUSDT,1554.62,1495.54444,1,1782693432165
2026-06-29T00:38:26.491Z,BINANCE,ETHUSDT,1553.58,28578.1041,1,1782693455652
2026-06-29T00:39:29.487Z,BINANCE,ETHUSDT,1556.66,2725.71166,2,1782693545213
2026-06-29T00:42:09.183Z,BINANCE,ETHUSDT,1562.47,9820.12395,2,1782693724079
2026-06-29T00:49:06.415Z,BINANCE,ETHUSDT,1556.86,428.1365,1,1782694104324
2026-06-29T00:49:06.415Z,BINANCE,ETHUSDT,1557.8,193.1672,1,1782694101416
2026-06-29T00:50:14.868Z,BINANCE,ETHUSDT,1564.17,23462.55,2,1782694212182
2026-06-29T00:59:51.764Z,BINANCE,ETHUSDT,1574.25,4327.61325,2,1782694765162
2026-06-29T00:59:51.764Z,BINANCE,ETHUSDT,1574.04,119.62704,2,1782694762666
2026-06-29T00:59:51.764Z,BINANCE,ETHUSDT,1573.36,121.14872,2,1782694757574
2026-06-29T00:59:51.764Z,BINANCE,ETHUSDT,1572.61,226.45584,2,1782694751062
2026-06-29T00:59:51.764Z,BINANCE,ETHUSDT,1571.56,1345.25536,2,1782694538227
2026-06-29T00:59:51.764Z,BINANCE,ETHUSDC,1569.49,1779.80166,2,1782694537530
2026-06-29T00:59:51.764Z,BINANCE,ETHUSDT,1571.39,471.417,2,1782694536356
2026-06-29T00:59:51.764Z,BINANCE,ETHUSDT,1571.1,2188.5423,2,1782694534391
2026-06-29T00:59:51.764Z,BINANCE,ETHUSDT,1568.85,15650.8476,2,1782694516163
2026-06-29T00:59:51.764Z,BINANCE,ETHUSDT,1568.75,687.1125,2,1782694514138
2026-06-29T00:59:51.764Z,BINANCE,ETHUSDT,1568.15,103.4979,2,1782694513103
2026-06-29T00:59:51.764Z,BINANCE,ETHUSDT,1566.65,976.02295,2,1782694508423
2026-06-29T01:05:06.326Z,BINANCE,ETHUSDT,1565.47,222.29674,1,1782695080358
2026-06-29T01:05:06.326Z,BINANCE,ETHUSDT,1565.73,222.33366,1,1782695073457
2026-06-29T01:07:30.502Z,BINANCE,ETHUSDT,1569.52,8894.46984,2,1782695185581
2026-06-29T01:07:30.502Z,BINANCE,ETHUSDT,1570.17,3096.37524,2,1782695181574
2026-06-29T01:08:28.234Z,BINANCE,ETHUSDT,1570.44,9534.14124,2,1782695253454
2026-06-29T01:18:31.847Z,BINANCE,ETHUSDT,1559.87,6306.55441,1,1782695894208
2026-06-29T01:18:31.847Z,BINANCE,ETHUSDT,1561.79,207.71807,1,1782695865270
2026-06-29T01:18:31.847Z,BINANCE,ETHUSDT,1561.36,46840.8,1,1782695862506
2026-06-29T01:18:31.847Z,BINANCE,ETHUSDT,1562.39,3388.82391,1,1782695853623
2026-06-29T01:18:31.847Z,BINANCE,ETHUSDT,1562.51,15590.72478,1,1782695852150
2026-06-29T01:18:31.847Z,BINANCE,ETHUSDT,1563.26,298.58266,1,1782695848098
2026-06-29T01:18:31.847Z,BINANCE,ETHUSDT,1563.33,203.2329,1,1782695846427
2026-06-29T01:18:31.847Z,BINANCE,ETHUSDT,1563.19,395.48707,1,1782695845689
2026-06-29T01:19:40.040Z,BINANCE,ETHUSDC,1557.62,866.03672,1,1782695910380
2026-06-29T01:19:40.040Z,BINANCE,ETHUSDT,1559.53,294.75117,1,1782695910380
2026-06-29T01:21:55.945Z,BINANCE,ETHUSDT,1564.68,69346.6176,2,1782696076629
2026-06-29T01:26:28.283Z,BINANCE,ETHUSDT,1565.95,114762.2117,2,1782696334226
2026-06-29T01:26:28.283Z,BINANCE,ETHUSDT,1565.74,233.29526,2,1782696329447
2026-06-29T01:27:31.044Z,BINANCE,ETHUSDT,1566.71,47128.20351,2,1782696394230
2026-06-29T01:30:54.998Z,BINANCE,ETHUSDT,1563.67,10806.52337,2,1782696644150
2026-06-29T01:30:54.998Z,BINANCE,ETHUSDT,1559.44,121.63632,1,1782696618236
2026-06-29T01:30:54.998Z,BINANCE,ETHUSDT,1559.34,3118.68,1,1782696617177
2026-06-29T01:30:54.998Z,BINANCE,ETHUSDT,1560.16,1095.23232,1,1782696613483
2026-06-29T01:36:52.616Z,BINANCE,ETHUSDT,1566.21,299.14611,2,1782697004300
2026-06-29T01:42:05.736Z,BINANCE,ETHUSDT,1572.15,421.3362,2,1782697237438
2026-06-29T01:42:05.736Z,BINANCE,ETHUSDT,1572.01,88949.04183,2,1782697229105
2026-06-29T01:42:05.736Z,BINANCE,ETHUSDT,1571.31,309.54807,2,1782697209150
2026-06-29T01:43:56.078Z,BINANCE,ETHUSDT,1573.26,201.37728,2,1782697356230
2026-06-29T02:04:04.504Z,BINANCE,ETHUSDT,1568,156.8,1,1782698629185
2026-06-29T02:04:04.504Z,BINANCE,ETHUSDT,1569.93,34929.37257,2,1782698609144
2026-06-29T02:05:22.938Z,BINANCE,ETHUSDT,1565.35,19364.94485,1,1782698655537
2026-06-29T02:05:22.938Z,BINANCE,ETHUSDT,1565.73,6220.64529,1,1782698649306
2026-06-29T02:07:44.770Z,BINANCE,ETHUSDT,1563.25,456.469,1,1782698818134
2026-06-29T02:07:44.770Z,BINANCE,ETHUSDT,1564.73,2394.0369,1,1782698797294
2026-06-29T02:09:18.434Z,BINANCE,ETHUSDT,1562.39,162.48856,1,1782698914420
2026-06-29T02:09:18.434Z,BINANCE,ETHUSDT,1563.19,433.00363,1,1782698903129
2026-06-29T02:11:29.929Z,BINANCE,ETHUSDT,1561.19,4669.51929,1,1782699087480
2026-06-29T02:12:43.015Z,BINANCE,ETHUSDT,1560.35,867.5546,1,1782699134579
2026-06-29T02:12:43.015Z,BINANCE,ETHUSDC,1558.07,8553.8043,1,1782699130243
2026-06-29T02:12:43.015Z,BINANCE,ETHUSDT,1560.31,369.79347,1,1782699130183
2026-06-29T02:12:43.015Z,BINANCE,ETHUSDT,1561,3043.95,1,1782699125546
2026-06-29T02:16:40.231Z,BINANCE,ETHUSDT,1559.39,2442.00474,2,1782699364166
2026-06-29T02:16:40.231Z,BINANCE,ETHUSDT,1556.76,22597.92816,2,1782699350415
2026-06-29T02:16:40.231Z,BINANCE,ETHUSDT,1550.28,3100.56,1,1782699237553
2026-06-29T02:16:40.231Z,BINANCE,ETHUSDT,1549.58,1927.67752,1,1782699236175
2026-06-29T02:16:40.231Z,BINANCE,ETHUSDT,1550.57,155.057,1,1782699234634
2026-06-29T02:16:40.231Z,BINANCE,ETHUSDT,1550.79,15507.9,1,1782699233231
2026-06-29T02:16:40.231Z,BINANCE,ETHUSDT,1551.2,17063.2,1,1782699230599
2026-06-29T02:16:40.231Z,BINANCE,ETHUSDT,1551.57,9937.80585,1,1782699229655
2026-06-29T02:16:40.231Z,BINANCE,ETHUSDT,1551.42,17901.83538,1,1782699229092
2026-06-29T02:16:40.231Z,BINANCE,ETHUSDT,1552.33,3910.31927,1,1782699226545
2026-06-29T02:16:40.231Z,BINANCE,ETHUSDT,1551.92,33884.62128,1,1782699224287
2026-06-29T02:16:40.231Z,BINANCE,ETHUSDT,1553.76,4004.03952,1,1782699198591
2026-06-29T02:16:40.231Z,BINANCE,ETHUSDT,1553.36,5127.64136,1,1782699197105
2026-06-29T02:16:40.231Z,BINANCE,ETHUSDT,1554.43,1695.88313,1,1782699196353
2026-06-29T02:16:40.231Z,BINANCE,ETHUSDT,1554.81,15873.05529,1,1782699194720
2026-06-29T02:16:40.231Z,BINANCE,ETHUSDT,1555.33,2970.6803,1,1782699193247
2026-06-29T02:16:40.231Z,BINANCE,ETHUSDT,1555.13,15305.58946,1,1782699192142
2026-06-29T02:16:40.231Z,BINANCE,ETHUSDT,1556.11,704.91783,1,1782699189565
2026-06-29T02:16:40.231Z,BINANCE,ETHUSDC,1554.13,130.54692,1,1782699188173
2026-06-29T02:16:40.231Z,BINANCE,ETHUSDT,1556.14,2194.1574,1,1782699187632
2026-06-29T02:16:40.231Z,BINANCE,ETHUSDT,1556.14,6790.99496,1,1782699187469
2026-06-29T02:16:40.231Z,BINANCE,ETHUSDT,1556.36,33150.468,1,1782699185519
2026-06-29T02:16:40.231Z,BINANCE,ETHUSDT,1556.52,6493.80144,1,1782699184120
2026-06-29T02:16:40.231Z,BINANCE,ETHUSDT,1557.63,177.56982,1,1782699181574
2026-06-29T02:16:40.231Z,BINANCE,ETHUSDT,1557.93,3115.86,1,1782699179369
2026-06-29T02:16:40.231Z,BINANCE,ETHUSDC,1556.33,30297.07611,1,1782699178626
2026-06-29T02:16:40.231Z,BINANCE,ETHUSDT,1558.21,497.06899,1,1782699178150
2026-06-29T02:16:40.231Z,BINANCE,ETHUSDT,1558.43,8960.9725,1,1782699176225
2026-06-29T02:21:54.674Z,BINANCE,ETHUSDT,1563.21,343.9062,2,1782699707061
2026-06-29T02:21:54.674Z,BINANCE,ETHUSDT,1561.61,121.80558,2,1782699673321
2026-06-29T02:24:55.340Z,BINANCE,ETHUSDT,1566.79,3063.07445,2,1782699815208
2026-06-29T02:24:55.340Z,BINANCE,ETHUSDT,1566.85,783.425,2,1782699789565
2026-06-29T02:24:55.340Z,BINANCE,ETHUSDT,1565.61,206.66052,2,1782699780476
2026-06-29T02:27:16.856Z,BINANCE,ETHUSDT,1571.83,15484.09733,2,1782700034254
2026-06-29T02:27:16.856Z,BINANCE,ETHUSDC,1568.79,200.80512,2,1782700032387
2026-06-29T02:27:16.856Z,BINANCE,ETHUSDT,1569.97,4973.66496,2,1782700025212
2026-06-29T02:28:41.303Z,BINANCE,ETHUSDT,1573.77,1008.78657,2,1782700059561
2026-06-29T02:28:41.303Z,BINANCE,ETHUSDT,1572.88,449.84368,2,1782700043376
2026-06-29T02:28:41.303Z,BINANCE,ETHUSD_PERP,1570.14,1630,2,1782700043109
2026-06-29T02:28:41.303Z,BINANCE,ETHUSDT,1571.66,1750.82924,2,1782700037675
2026-06-29T02:28:41.303Z,BINANCE,ETHUSDT,1572.08,14022.9536,2,1782700035675
2026-06-29T02:38:42.253Z,BINANCE,ETHUSDT,1572,77039.004,2,1782700700066
2026-06-29T02:39:55.412Z,BINANCE,ETHUSDT,1574.4,541.5936,2,1782700751460
2026-06-29T02:39:55.412Z,BINANCE,ETHUSDT,1573.68,555.50904,2,1782700743326
2026-06-29T02:41:03.731Z,BINANCE,ETHUSDT,1572.6,11481.5526,2,1782700839376
2026-06-29T02:41:03.731Z,BINANCE,ETHUSDT,1572.43,6574.32983,2,1782700837549
2026-06-29T02:41:03.731Z,BINANCE,ETHUSDT,1572.32,3959.10176,2,1782700835521
2026-06-29T02:42:06.717Z,BINANCE,ETHUSDT,1573.96,786.98,2,1782700910205
2026-06-29T02:43:21.058Z,BINANCE,ETHUSDC,1575.34,185.89012,2,1782700981621
2026-06-29T02:43:21.058Z,BINANCE,ETHUSDT,1577.15,1409.9721,2,1782700981520
2026-06-29T02:43:21.058Z,BINANCE,ETHUSDT,1577.11,2923.96194,2,1782700981218
2026-06-29T02:43:21.058Z,BINANCE,ETHUSDT,1576.13,140.27557,2,1782700970275
2026-06-29T02:43:21.058Z,BINANCE,ETHUSDT,1576.13,157.613,2,1782700957109
2026-06-29T02:43:21.058Z,BINANCE,ETHUSDT,1576.42,33883.57148,2,1782700955732
2026-06-29T02:43:21.058Z,BINANCE,ETHUSDC,1574.75,788.94975,2,1782700955506
2026-06-29T02:43:21.058Z,BINANCE,ETHUSDT,1576.7,11915.1219,2,1782700954400
2026-06-29T02:43:21.058Z,BINANCE,ETHUSDT,1575.52,1507.77264,2,1782700953271
2026-06-29T02:43:21.058Z,BINANCE,ETHUSDT,1575.02,2261.72872,2,1782700952114
2026-06-29T02:47:54.322Z,BINANCE,ETHUSDT,1577.45,465.34775,2,1782701246279
2026-06-29T02:49:02.429Z,BINANCE,ETHUSDT,1576.14,531.15918,1,1782701333839
2026-06-29T02:50:15.775Z,BINANCE,ETHUSDT,1578.25,15058.08325,2,1782701398463
2026-06-29T02:51:18.745Z,BINANCE,ETHUSDT,1576.79,167.13974,2,1782701428609
2026-06-29T02:51:18.745Z,BINANCE,ETHUSDT,1576.55,2486.21935,1,1782701427254
2026-06-29T02:56:53.881Z,BINANCE,ETHUSDT,1577.13,34780.44789,2,1782701799187
2026-06-29T03:02:39.317Z,BINANCE,ETHUSDT,1580.55,87032.98575,2,1782702157308
2026-06-29T03:02:39.317Z,BINANCE,ETHUSDT,1580.78,51430.6773,2,1782702155571
2026-06-29T03:02:39.317Z,BINANCE,ETHUSDT,1580.43,790.215,2,1782702155144
2026-06-29T03:02:39.317Z,BINANCE,ETHUSDC,1576.98,7796.58912,2,1782702153125
2026-06-29T03:03:42.136Z,BINANCE,ETHUSDT,1580.56,641.70736,2,1782702158468
2026-06-29T03:06:06.140Z,BINANCE,ETHUSDT,1587.3,111.111,2,1782702339707
2026-06-29T03:06:06.140Z,BINANCE,ETHUSDT,1587.43,15215.51655,2,1782702339209
2026-06-29T03:06:06.140Z,BINANCE,ETHUSDC,1585.41,5536.25172,2,1782702339080
2026-06-29T03:06:06.140Z,BINANCE,ETHUSDT,1587.18,25375.83384,2,1782702337640
2026-06-29T03:06:06.140Z,BINANCE,ETHUSDT,1585.67,6593.21586,2,1782702335107
2026-06-29T03:06:06.140Z,BINANCE,ETHUSDT,1585.97,158597,2,1782702334656
2026-06-29T03:06:06.140Z,BINANCE,ETHUSDC,1583.61,30186.77382,2,1782702334272
2026-06-29T03:06:06.140Z,BINANCE,ETHUSDC,1583.58,4036.54542,2,1782702334147
2026-06-29T03:06:06.140Z,BINANCE,ETHUSDT,1585.87,20906.52421,2,1782702332815
2026-06-29T03:06:06.140Z,BINANCE,ETHUSDT,1581.82,330.60038,2,1782702328587
2026-06-29T03:06:06.140Z,BINANCE,ETHUSDT,1581.66,126532.8,2,1782702326437
2026-06-29T03:06:06.140Z,BINANCE,ETHUSDT,1581.77,35164.32887,2,1782702325286
2026-06-29T03:06:06.140Z,BINANCE,ETHUSDT,1581.56,5525.97064,2,1782702324225
2026-06-29T03:06:06.140Z,BINANCE,ETHUSDT,1581,17767.278,2,1782702321128
2026-06-29T03:09:40.707Z,BINANCE,ETHUSDT,1586.08,1080.12048,2,1782702563710
2026-06-29T03:09:40.707Z,BINANCE,ETHUSDT,1585.23,8948.62335,2,1782702546428
2026-06-29T03:10:43.705Z,BINANCE,ETHUSDT,1586.93,8356.77338,2,1782702632624
2026-06-29T03:10:43.705Z,BINANCE,ETHUSDT_260925,1592.25,25323.144,2,1782702628687
2026-06-29T03:15:16.025Z,BINANCE,ETHUSDT,1584.3,874.5336,2,1782702868595
2026-06-29T03:27:19.421Z,BINANCE,ETHUSDT,1587.76,26423.50192,2,1782703626568
2026-06-29T03:27:19.421Z,BINANCE,ETHUSDT_261225,1607.08,273.2036,2,1782703626227
2026-06-29T03:27:19.421Z,BINANCE,ETHUSDT,1587.57,21749.709,2,1782703625366
2026-06-29T03:27:19.421Z,BINANCE,ETHUSDT,1587.25,584.108,2,1782703623370
2026-06-29T03:27:19.421Z,BINANCE,ETHUSDT,1587.14,795.15714,2,1782703621349
2026-06-29T03:27:19.421Z,BINANCE,ETHUSDT,1587,185.679,2,1782703619592
2026-06-29T03:27:19.421Z,BINANCE,ETHUSDT,1586.8,2935.58,2,1782703618488
2026-06-29T03:27:19.421Z,BINANCE,ETHUSDT,1586.51,3100.04054,2,1782703616449
2026-06-29T03:27:19.421Z,BINANCE,ETHUSDT,1586.4,8399.988,2,1782703615434
2026-06-29T03:38:29.354Z,BINANCE,ETHUSDT,1578.24,298337.86368,1,1782704239279
2026-06-29T03:39:40.267Z,BINANCE,ETHUSDT,1577.44,659.36992,1,1782704324163
2026-06-29T03:39:40.267Z,BINANCE,ETHUSDT,1577.53,629.43447,1,1782704321523
2026-06-29T03:39:40.267Z,BINANCE,ETHUSDT,1577.53,198.76878,1,1782704320337
2026-06-29T03:52:54.744Z,BINANCE,ETHUSDT,1582.57,112.36247,2,1782705142354
2026-06-29T03:52:54.744Z,BINANCE,ETHUSDT,1582.08,1502.976,2,1782705123540
2026-06-29T03:54:07.956Z,BINANCE,ETHUSDT,1584.4,20419.7472,2,1782705194262
2026-06-29T04:14:18.479Z,BINANCE,ETHUSDT,1579.18,1155.95976,1,1782706449237
2026-06-29T04:26:42.574Z,BINANCE,ETHUSDT,1582.26,2629.71612,2,1782707143271
2026-06-29T04:37:08.278Z,BINANCE,ETHUSDT,1577.93,18722.13945,1,1782707816117
2026-06-29T04:40:32.812Z,BINANCE,ETHUSDT,1576.23,208.06236,1,1782708021652
2026-06-29T04:40:32.812Z,BINANCE,ETHUSDT,1577.03,1556.52861,1,1782708005697
2026-06-29T04:41:40.857Z,BINANCE,ETHUSDT,1574.93,217.34034,1,1782708081293
2026-06-29T04:41:40.857Z,BINANCE,ETHUSDT,1574.53,3797.76636,1,1782708070543
2026-06-29T04:41:40.857Z,BINANCE,ETHUSDT,1575.51,195.36324,1,1782708052360
2026-06-29T04:41:40.857Z,BINANCE,ETHUSDC,1573.81,2006.60775,1,1782708042390
2026-06-29T04:41:40.857Z,BINANCE,ETHUSDT,1575.73,4727.19,1,1782708041581
2026-06-29T04:41:40.857Z,BINANCE,ETHUSDT,1576.05,315.21,1,1782708032247
2026-06-29T04:48:19.176Z,BINANCE,ETHUSDT,1575.08,2413.02256,1,1782708491092
2026-06-29T04:48:19.176Z,BINANCE,ETHUSDT,1575.5,274.137,1,1782708483447
2026-06-29T04:49:32.481Z,BINANCE,ETHUSDT,1574.62,769.98918,1,1782708522463
2026-06-29T04:49:32.481Z,BINANCE,ETHUSDT,1574.27,198.35802,2,1782708521313
2026-06-29T04:49:32.481Z,BINANCE,ETHUSDT,1574.61,1280.15793,1,1782708517386
2026-06-29T04:49:32.481Z,BINANCE,ETHUSDT,1574.5,3149,1,1782708511398
2026-06-29T04:49:32.481Z,BINANCE,ETHUSDT,1574.84,650.40892,1,1782708506199
2026-06-29T04:49:32.481Z,BINANCE,ETHUSDT,1574.84,63136.91044,1,1782708503841
2026-06-29T04:49:32.481Z,BINANCE,ETHUSDT,1574.85,170.0838,2,1782708502400
2026-06-29T04:49:32.481Z,BINANCE,ETHUSDT,1575,103792.5,1,1782708499328
2026-06-29T04:55:08.402Z,BINANCE,ETHUSDT,1576,6155.856,1,1782708883251
2026-06-29T04:56:16.684Z,BINANCE,ETHUSDT,1574.31,62718.93609,1,1782708963333
2026-06-29T04:57:19.674Z,BINANCE,ETHUSDT,1573.86,55085.1,1,1782708976133
2026-06-29T05:01:41.999Z,BINANCE,ETHUSDT,1572.18,2773.32552,1,1782709277060
2026-06-29T05:01:41.999Z,BINANCE,ETHUSDT,1573.06,810.1259,1,1782709250458
2026-06-29T05:01:41.999Z,BINANCE,ETHUSDT,1572.96,835.24176,1,1782709248603
2026-06-29T05:02:56.322Z,BINANCE,ETHUSDT,1571.5,15715,1,1782709363545
2026-06-29T05:02:56.322Z,BINANCE,ETHUSDT,1571.58,743.35734,1,1782709353585
2026-06-29T05:02:56.322Z,BINANCE,ETHUSDT,1571.58,5057.34444,1,1782709350136
2026-06-29T05:02:56.322Z,BINANCE,ETHUSDT,1571.89,17878.67686,1,1782709334356
2026-06-29T05:04:04.451Z,BINANCE,ETHUSDT,1570.08,1950.03936,1,1782709387454
2026-06-29T05:04:04.451Z,BINANCE,ETHUSDT,1570.59,1862.71974,1,1782709384225
2026-06-29T05:05:07.790Z,BINANCE,ETHUSDT,1566.02,9209.76362,1,1782709505335
2026-06-29T05:05:07.790Z,BINANCE,ETHUSDT,1566.51,23190.61404,1,1782709505165
2026-06-29T05:05:07.790Z,BINANCE,ETHUSDT,1567.19,50477.62271,1,1782709503557
2026-06-29T05:05:07.790Z,BINANCE,ETHUSDT,1568.73,19954.2456,1,1782709492182
2026-06-29T05:05:07.790Z,BINANCE,ETHUSDT,1569.1,2712.9739,1,1782709455295
2026-06-29T05:05:07.790Z,BINANCE,ETHUSDT,1569.17,1045.06722,1,1782709454074
2026-06-29T05:05:07.790Z,BINANCE,ETHUSDT,1569.29,17042.4894,1,1782709446619
2026-06-29T05:05:07.790Z,BINANCE,ETHUSDT,1569.08,4861.00984,1,1782709445293
2026-06-29T05:05:07.790Z,BINANCE,ETHUSDT,1569.5,21222.779,1,1782709443541
2026-06-29T05:07:54.637Z,BINANCE,ETHUSDT,1564.86,2053.09632,1,1782709589400
2026-06-29T05:07:54.637Z,BINANCE,ETHUSDT,1562.6,18751.2,1,1782709546523
2026-06-29T05:07:54.637Z,BINANCE,ETHUSDT,1562.07,1493.33892,1,1782709545097
2026-06-29T05:07:54.637Z,BINANCE,ETHUSDT,1562.64,6248.99736,1,1782709542352
2026-06-29T05:07:54.637Z,BINANCE,ETHUSDT,1562.64,68706.15552,1,1782709541077
2026-06-29T05:07:54.637Z,BINANCE,ETHUSDT,1562.53,46875.9,1,1782709539491
2026-06-29T05:07:54.637Z,BINANCE,ETHUSDC,1561.57,4459.84392,1,1782709532261
2026-06-29T05:07:54.637Z,BINANCE,ETHUSDT,1563.88,2212.8902,1,1782709530402
2026-06-29T05:07:54.637Z,BINANCE,ETHUSD_PERP,1561.06,1000,1,1782709530103
2026-06-29T05:07:54.637Z,BINANCE,ETHUSDT,1562.73,987.64536,1,1782709529128
2026-06-29T05:07:54.637Z,BINANCE,ETHUSDT,1563.71,523.84285,1,1782709526644
2026-06-29T05:07:54.637Z,BINANCE,ETHUSDT,1564.01,2502.416,1,1782709524527
2026-06-29T05:07:54.637Z,BINANCE,ETHUSDT,1563.51,22745.94348,1,1782709523138
2026-06-29T05:07:54.637Z,BINANCE,ETHUSDT,1563.51,1375.8888,1,1782709523063
2026-06-29T05:07:54.637Z,BINANCE,ETHUSDC,1562.36,3759.03816,1,1782709519418
2026-06-29T05:07:54.637Z,BINANCE,ETHUSDT,1564.32,15643.2,1,1782709517696
2026-06-29T05:07:54.637Z,BINANCE,ETHUSDT,1564.11,29808.80838,1,1782709516774
2026-06-29T05:07:54.637Z,BINANCE,ETHUSDT,1564.26,44823.8703,1,1782709515834
2026-06-29T05:07:54.637Z,BINANCE,ETHUSDT,1565.19,86348.40192,1,1782709514081
2026-06-29T05:07:54.637Z,BINANCE,ETHUSDT,1566.05,46981.5,1,1782709507504
2026-06-29T05:13:31.023Z,BINANCE,ETHUSDC,1559.66,1559.66,1,1782709977283
2026-06-29T05:13:31.023Z,BINANCE,ETHUSDT,1561.32,218.5848,1,1782709975441
2026-06-29T05:13:31.023Z,BINANCE,ETHUSDT,1561.47,5308.998,1,1782709973541
2026-06-29T05:15:42.165Z,BINANCE,ETHUSDT,1567.83,1229.17872,2,1782710137302
2026-06-29T05:18:41.195Z,BINANCE,ETHUSDT,1570.97,11994.35595,2,1782710242449
2026-06-29T05:27:42.239Z,BINANCE,ETHUSDT,1570.13,2639.38853,1,1782710815141
2026-06-29T05:35:44.124Z,BINANCE,ETHUSDT,1573.37,7950.23861,2,1782711320265
2026-06-29T05:35:44.124Z,BINANCE,ETHUSDT,1572.26,147.79244,2,1782711276126
2026-06-29T05:35:44.124Z,BINANCE,ETHUSDT,1572.37,2168.29823,2,1782711274466
2026-06-29T05:43:43.366Z,BINANCE,ETHUSDT,1575.05,3087.098,2,1782711794463
2026-06-29T05:43:43.366Z,BINANCE,ETHUSDT,1574.35,105.48145,2,1782711789517
2026-06-29T05:43:43.366Z,BINANCE,ETHUSDT,1574.44,7461.27116,2,1782711787100
2026-06-29T05:44:53.433Z,BINANCE,ETHUSDT,1578.5,411.9885,2,1782711867553
2026-06-29T05:44:53.433Z,BINANCE,ETHUSDT,1578.84,454.70592,2,1782711865408
2026-06-29T05:44:53.433Z,BINANCE,ETHUSDT,1577.74,16089.79252,2,1782711863781
2026-06-29T05:44:53.433Z,BINANCE,ETHUSDT_260925,1582.35,666.16935,2,1782711863781
2026-06-29T05:44:53.433Z,BINANCE,ETHUSDC,1575.55,1410.11725,2,1782711863780
2026-06-29T05:44:53.433Z,BINANCE,ETHUSDT_261225,1596.84,977.26608,2,1782711863780
2026-06-29T05:44:53.433Z,BINANCE,ETHUSDT,1576.96,30476.32896,2,1782711860343
2026-06-29T05:44:53.433Z,BINANCE,ETHUSDT,1577.06,296389.50228,2,1782711859219
2026-06-29T05:44:53.433Z,BINANCE,ETHUSDT,1575.62,3195.35736,2,1782711847582
2026-06-29T05:47:39.003Z,BINANCE,ETHUSDC,1577.44,21074.5984,2,1782712050460
2026-06-29T05:47:39.003Z,BINANCE,ETHUSDT,1579.62,12897.5973,2,1782712050436
2026-06-29T05:47:39.003Z,BINANCE,ETHUSDT,1579.21,13350.64134,2,1782712047251
2026-06-29T05:48:41.954Z,BINANCE,ETHUSDT,1579.94,2769.63482,2,1782712065673
2026-06-29T05:48:41.954Z,BINANCE,ETHUSDT,1580.7,101.1648,2,1782712064062
2026-06-29T05:55:30.799Z,BINANCE,ETHUSDC,1578,5363.622,1,1782712519407
2026-06-29T05:55:30.799Z,BINANCE,ETHUSDT,1579.6,810.3348,2,1782712497269
2026-06-29T05:56:38.810Z,BINANCE,ETHUSDT,1579.44,473.832,1,1782712540212
2026-06-29T05:58:44.420Z,BINANCE,ETHUSDT,1581.5,316.3,2,1782712711740
2026-06-29T05:58:44.420Z,BINANCE,ETHUSDT,1581.37,474.411,2,1782712710367
2026-06-29T05:58:44.420Z,BINANCE,ETHUSDT,1581.14,5028.0252,2,1782712706265
2026-06-29T05:59:52.451Z,BINANCE,ETHUSDT,1582.1,6328.4,2,1782712727261
2026-06-29T06:00:56.733Z,BINANCE,ETHUSDT,1584.35,8414.48285,2,1782712846352
2026-06-29T06:00:56.733Z,BINANCE,ETHUSDT,1583.99,5016.49633,2,1782712833548
2026-06-29T06:00:56.733Z,BINANCE,ETHUSDT,1583.67,14642.61282,2,1782712832309
2026-06-29T06:00:56.733Z,BINANCE,ETHUSDC,1581.71,9964.773,2,1782712831612
2026-06-29T06:00:56.733Z,BINANCE,ETHUSDT,1582.9,15035.9671,2,1782712827544
2026-06-29T06:02:10.234Z,BINANCE,ETHUSDT,1586.28,1586.28,2,1782712878336
2026-06-29T06:02:10.234Z,BINANCE,ETHUSDT,1586.13,6344.52,2,1782712868615
2026-06-29T06:02:10.234Z,BINANCE,ETHUSDT,1586.39,237.9585,2,1782712867397
2026-06-29T06:02:10.234Z,BINANCE,ETHUSDT,1585.75,1201.9985,2,1782712865352
2026-06-29T06:02:10.234Z,BINANCE,ETHUSDT,1585.52,1518.92816,2,1782712862723
2026-06-29T06:02:10.234Z,BINANCE,ETHUSDC,1583.54,33784.8259,2,1782712862387
2026-06-29T06:02:10.234Z,BINANCE,ETHUSDT,1585.52,342.47232,2,1782712862187
2026-06-29T06:02:10.234Z,BINANCE,ETHUSDT,1584,1297.296,2,1782712858712
2026-06-29T06:02:10.234Z,BINANCE,ETHUSDC,1582.01,237.3015,2,1782712858163
2026-06-29T06:09:04.582Z,BINANCE,ETHUSDT,1584.52,2904.42516,2,1782713311158
2026-06-29T06:10:08.134Z,BINANCE,ETHUSDT,1583.97,1237.08057,1,1782713389488
2026-06-29T06:13:27.283Z,BINANCE,ETHUSDT,1584.31,1311.80868,1,1782713591207
2026-06-29T06:17:54.397Z,BINANCE,ETHUSDT,1587.41,366.69171,2,1782713856286
2026-06-29T06:17:54.397Z,BINANCE,ETHUSDT,1587.27,7936.35,2,1782713853167
2026-06-29T06:17:54.397Z,BINANCE,ETHUSDT,1587.29,754953.21896,2,1782713852446
2026-06-29T06:17:54.397Z,BINANCE,ETHUSDT,1586.94,3173.88,1,1782713850431
2026-06-29T06:19:07.538Z,BINANCE,ETHUSDT,1588.21,12705.68,2,1782713937189
2026-06-29T06:19:07.538Z,BINANCE,ETHUSDT,1587.57,9036.44844,2,1782713893427
2026-06-29T06:24:42.854Z,BINANCE,ETHUSDT,1585.99,474.21101,2,1782714219106
2026-06-29T06:28:07.502Z,BINANCE,ETHUSDT,1583.76,153.62472,1,1782714467429
2026-06-29T06:30:28.955Z,BINANCE,ETHUSDT,1582.36,148.74184,1,1782714596464
2026-06-29T06:37:27.018Z,BINANCE,ETHUSDT,1579.53,4029.38103,1,1782714999553
2026-06-29T06:37:27.018Z,BINANCE,ETHUSDT,1579.54,513.3505,1,1782714986360
2026-06-29T06:37:27.018Z,BINANCE,ETHUSDT,1580.14,184.87638,1,1782714980512
2026-06-29T06:39:43.470Z,BINANCE,ETHUSDT,1579.09,2335.47411,1,1782715142129
2026-06-29T07:02:04.669Z,BINANCE,ETHUSDT,1578.23,288.81609,1,1782716507609
2026-06-29T07:02:04.669Z,BINANCE,ETHUSDT,1578.91,431.04243,1,1782716497663
2026-06-29T07:03:17.699Z,BINANCE,ETHUSDT,1577.2,2509.3252,1,1782716536861
2026-06-29T07:03:17.699Z,BINANCE,ETHUSDT,1577.21,140.37169,1,1782716532425
2026-06-29T07:03:17.699Z,BINANCE,ETHUSDT,1577.31,1301.28075,1,1782716531226
2026-06-29T07:15:42.062Z,BINANCE,ETHUSDT,1583.37,69980.20389,2,1782717324381
2026-06-29T07:15:42.062Z,BINANCE,ETHUSDT,1582.81,220.01059,2,1782717320558
2026-06-29T07:15:42.062Z,BINANCE,ETHUSDT,1582.1,419.2565,2,1782717315486
2026-06-29T08:00:44.883Z,BINANCE,ETHUSDT,1579.81,126.3848,1,1782720023557
2026-06-29T08:08:52.813Z,BINANCE,ETHUSDT,1576.33,4710.07404,1,1782720469540
2026-06-29T08:08:52.813Z,BINANCE,ETHUSDT,1576.8,1865.3544,1,1782720465512
2026-06-29T08:08:52.813Z,BINANCE,ETHUSDT,1577.05,1730.02385,1,1782720462335
2026-06-29T08:23:15.478Z,BINANCE,ETHUSDT,1575.68,6182.96832,1,1782721384538
2026-06-29T08:25:31.741Z,BINANCE,ETHUSDT,1575.13,326.05191,1,1782721512628
2026-06-29T08:26:39.903Z,BINANCE,ETHUSDT,1572.95,2983.88615,1,1782721589232
2026-06-29T08:26:39.903Z,BINANCE,ETHUSDT,1573.24,173.0564,1,1782721586233
2026-06-29T08:26:39.903Z,BINANCE,ETHUSDT,1573.19,4151.64841,1,1782721585183
2026-06-29T08:26:39.903Z,BINANCE,ETHUSDT,1573.15,152.59555,1,1782721583615
2026-06-29T08:26:39.903Z,BINANCE,ETHUSDT,1574.09,4555.41646,1,1782721581411
2026-06-29T08:26:39.903Z,BINANCE,ETHUSDT,1574.43,18153.1779,1,1782721566101
2026-06-29T08:26:39.903Z,BINANCE,ETHUSDT,1574.43,705.34464,1,1782721565066
2026-06-29T08:26:39.903Z,BINANCE,ETHUSDT,1574.8,1806.2956,1,1782721560464
2026-06-29T08:26:39.903Z,BINANCE,ETHUSDT,1575,10758.825,1,1782721545624
2026-06-29T08:27:42.849Z,BINANCE,ETHUSDT,1572.78,335.00214,1,1782721653220
2026-06-29T08:28:50.678Z,BINANCE,ETHUSDT,1572.2,11783.639,1,1782721689573
2026-06-29T08:31:06.959Z,BINANCE,ETHUSDT,1571.42,157.142,1,1782721839374
2026-06-29T08:31:06.959Z,BINANCE,ETHUSDT,1571.45,370.8622,1,1782721821210
2026-06-29T08:31:06.959Z,BINANCE,ETHUSDT,1571.46,1584.03168,1,1782721817242
2026-06-29T08:33:17.875Z,BINANCE,ETHUSDT,1570.09,38338.45762,1,1782721958280
2026-06-29T08:33:17.875Z,BINANCE,ETHUSDT,1570.5,9953.829,1,1782721941621
2026-06-29T08:33:17.875Z,BINANCE,ETHUSDC,1568.79,13529.24496,1,1782721940213
2026-06-29T08:33:17.875Z,BINANCE,ETHUSDT,1570.5,213.588,1,1782721939528
2026-06-29T08:34:30.845Z,BINANCE,ETHUSDT,1569.52,3245.76736,1,1782721999522
2026-06-29T08:38:03.695Z,BINANCE,ETHUSDT,1575.15,47963.3175,2,1782722228212
2026-06-29T08:38:03.695Z,BINANCE,ETHUSDT,1575.26,326.07882,2,1782722222332
2026-06-29T08:42:31.728Z,BINANCE,ETHUSDT,1572.28,1014.1206,1,1782722529794
2026-06-29T08:47:56.674Z,BINANCE,ETHUSDT,1574.31,17167.85055,1,1782722812346
2026-06-29T09:08:08.019Z,BINANCE,ETHUSDT,1572.59,361.6957,1,1782724069472
2026-06-29T09:08:08.019Z,BINANCE,ETHUSDT,1573.35,465.7116,2,1782724044493
2026-06-29T09:15:54.879Z,BINANCE,ETHUSDT,1577.17,413.21854,2,1782724548677
2026-06-29T09:15:54.879Z,BINANCE,ETHUSDT,1577.1,2220.5568,2,1782724544606
2026-06-29T09:15:54.879Z,BINANCE,ETHUSDT,1576.85,115.11005,2,1782724544406
2026-06-29T09:15:54.879Z,BINANCE,ETHUSDT,1576.19,770.75691,2,1782724539288
2026-06-29T09:17:02.929Z,BINANCE,ETHUSDT,1577.33,186.12494,1,1782724583149
2026-06-29T09:18:05.802Z,BINANCE,ETHUSDT,1577.83,5893.19505,2,1782724643627
2026-06-29T09:19:18.999Z,BINANCE,ETHUSDT,1579.87,848.39019,2,1782724699145
2026-06-29T09:19:18.999Z,BINANCE,ETHUSDT,1579.38,325.35228,2,1782724697569
2026-06-29T09:25:05.813Z,BINANCE,ETHUSDT,1573.09,2793.80784,1,1782725058791
2026-06-29T09:25:05.813Z,BINANCE,ETHUSDT,1573.13,6031.38042,1,1782725055785
2026-06-29T09:25:05.813Z,BINANCE,ETHUSDT,1573.33,396.47916,1,1782725054362
2026-06-29T09:26:19.663Z,BINANCE,ETHUSDT,1570.04,23977.65088,1,1782725174475
2026-06-29T09:26:19.663Z,BINANCE,ETHUSDC,1569.2,624.5416,1,1782725172407
2026-06-29T09:26:19.663Z,BINANCE,ETHUSDT,1570.25,1001.8195,1,1782725169578
2026-06-29T09:26:19.663Z,BINANCE,ETHUSDT,1570.28,777.2886,1,1782725167259
2026-06-29T09:26:19.663Z,BINANCE,ETHUSDT,1571.5,2094.8095,1,1782725150261
2026-06-29T09:26:19.663Z,BINANCE,ETHUSDT,1571.5,29715.4935,1,1782725149168
2026-06-29T09:26:19.663Z,BINANCE,ETHUSDT,1572.31,174.52641,1,1782725121607
2026-06-29T09:28:30.609Z,BINANCE,ETHUSDT,1573.86,11017.02,2,1782725252359
2026-06-29T10:02:26.778Z,BINANCE,ETHUSDT,1578.93,1176.30285,2,1782727334265
2026-06-29T10:02:26.778Z,BINANCE,ETHUSDT,1579.06,1861.71174,2,1782727333099
2026-06-29T10:02:26.778Z,BINANCE,ETHUSDT,1576.98,12161.66976,2,1782727283212
2026-06-29T10:03:29.568Z,BINANCE,ETHUSDT,1579.45,254.29145,2,1782727355302
2026-06-29T10:07:51.302Z,BINANCE,ETHUSDT,1579.99,175.37889,2,1782727645516
2026-06-29T10:10:08.233Z,BINANCE,ETHUSDC,1583.89,25267.79717,2,1782727804457
2026-06-29T10:10:08.233Z,BINANCE,ETHUSDC,1584.47,55456.45,2,1782727803273
2026-06-29T10:10:08.233Z,BINANCE,ETHUSDT,1586.37,23037.26514,2,1782727803182
2026-06-29T10:10:08.233Z,BINANCE,ETHUSDT,1584.6,5508.0696,2,1782727799346
2026-06-29T10:10:08.233Z,BINANCE,ETHUSDT,1584.6,9466.4004,2,1782727798293
2026-06-29T10:10:08.233Z,BINANCE,ETHUSDT,1584.53,23192.76561,2,1782727797088
2026-06-29T10:10:08.233Z,BINANCE,ETHUSDT,1583.8,7919,2,1782727790540
2026-06-29T10:10:08.233Z,BINANCE,ETHUSDT,1581.81,325.85286,2,1782727768263
2026-06-29T10:10:08.233Z,BINANCE,ETHUSDT,1582.02,4951.7226,2,1782727762538
2026-06-29T10:10:08.233Z,BINANCE,ETHUSD_PERP,1579.69,13190,2,1782727761579
2026-06-29T10:10:08.233Z,BINANCE,ETHUSDT,1582.22,181.9553,2,1782727761381
2026-06-29T10:10:08.233Z,BINANCE,ETHUSDT,1581.97,10064.49314,2,1782727760195
2026-06-29T10:11:47.228Z,BINANCE,ETHUSDT,1585.35,954.3807,2,1782727819411
2026-06-29T10:11:47.228Z,BINANCE,ETHUSDT,1585.99,33329.57985,2,1782727814094
2026-06-29T10:19:40.327Z,BINANCE,ETHUSDT,1582.7,750.1998,2,1782728370136
2026-06-29T10:30:30.167Z,BINANCE,ETHUSDT,1580.9,521.697,1,1782728981600
2026-06-29T10:31:43.296Z,BINANCE,ETHUSDT,1578.72,156.29328,1,1782729100389
2026-06-29T10:36:06.714Z,BINANCE,ETHUSDT,1577.81,747.88194,1,1782729342572
2026-06-29T10:50:40.414Z,BINANCE,ETHUSDT,1576.87,788.435,1,1782730210318
2026-06-29T11:03:19.043Z,BINANCE,ETHUSDT,1575.44,1115.41152,1,1782730940598
2026-06-29T11:03:19.043Z,BINANCE,ETHUSDT,1575.46,218.98894,1,1782730931456
2026-06-29T11:11:16.096Z,BINANCE,ETHUSDT,1573.7,2742.9591,1,1782731427440
2026-06-29T11:11:16.096Z,BINANCE,ETHUSDT,1573.63,446.91092,1,1782731424196
2026-06-29T11:12:18.963Z,BINANCE,ETHUSDT,1573.04,5769.91072,1,1782731494182
2026-06-29T11:15:43.116Z,BINANCE,ETHUSDT,1572,896.04,1,1782731706085
2026-06-29T11:18:04.226Z,BINANCE,ETHUSDT,1570.27,496.20532,1,1782731880492
2026-06-29T11:18:04.226Z,BINANCE,ETHUSDT,1569.88,2197.832,1,1782731879418
2026-06-29T11:18:04.226Z,BINANCE,ETHUSDT,1570.08,6409.06656,1,1782731877269
2026-06-29T11:18:04.226Z,BINANCE,ETHUSDT,1570.58,959.62438,1,1782731874492
2026-06-29T11:18:04.226Z,BINANCE,ETHUSDT,1571.13,1002.38094,1,1782731870587
2026-06-29T11:18:04.226Z,BINANCE,ETHUSDT,1571.69,20347.09874,1,1782731819635
2026-06-29T11:21:18.728Z,BINANCE,ETHUSDT,1569.44,164.7912,1,1782732029568
2026-06-29T11:21:18.728Z,BINANCE,ETHUSDT,1569.44,15694.4,1,1782732028451
2026-06-29T11:23:29.534Z,BINANCE,ETHUSDT,1570.09,4022.57058,1,1782732151411
2026-06-29T11:31:32.747Z,BINANCE,ETHUSDT,1580.47,3562.37938,2,1782732683321
2026-06-29T11:31:32.747Z,BINANCE,ETHUSDT,1580.03,197.50375,2,1782732681853
2026-06-29T11:31:32.747Z,BINANCE,ETHUSDT,1580.36,38254.19416,2,1782732679681
2026-06-29T11:31:32.747Z,BINANCE,ETHUSDT,1578.65,22903.0542,2,1782732674628
2026-06-29T11:31:32.747Z,BINANCE,ETHUSDT,1577.21,66490.44197,2,1782732673373
2026-06-29T11:33:42.313Z,BINANCE,ETHUSDT,1575.31,178.01003,1,1782732782749
2026-06-29T11:40:30.641Z,BINANCE,ETHUSDT,1570.39,880.98879,1,1782733192166
2026-06-29T11:40:30.641Z,BINANCE,ETHUSDT,1569.67,7826.37462,1,1782733186582
2026-06-29T11:45:03.405Z,BINANCE,ETHUSDT,1571.33,1929.59324,1,1782733461467
2026-06-29T11:46:06.364Z,BINANCE,ETHUSDT,1571.37,245.13372,1,1782733515580
2026-06-29T11:48:17.261Z,BINANCE,ETHUSDT,1571.81,13808.35085,1,1782733660482
2026-06-29T11:48:17.261Z,BINANCE,ETHUSDT,1572.02,22055.4406,1,1782733658324
2026-06-29T11:48:17.261Z,BINANCE,ETHUSDT,1572.02,5173.51782,1,1782733657176
2026-06-29T11:55:16.444Z,BINANCE,ETHUSDT,1570.08,2647.15488,1,1782734098217
2026-06-29T11:59:43.292Z,BINANCE,ETHUSDT,1573.41,138.46008,2,1782734348509
2026-06-29T11:59:43.292Z,BINANCE,ETHUSDT,1573.01,127.41381,2,1782734335616
2026-06-29T12:00:56.739Z,BINANCE,ETHUSDC,1574.69,133.84865,2,1782734432166
2026-06-29T12:00:56.739Z,BINANCE,ETHUSDT,1576.02,2226.91626,2,1782734430419
2026-06-29T12:00:56.739Z,BINANCE,ETHUSDT,1576.26,23152.10688,2,1782734430072
2026-06-29T12:02:04.865Z,BINANCE,ETHUSDT,1566.99,501.4368,1,1782734482247
2026-06-29T12:02:04.865Z,BINANCE,ETHUSDT,1567.23,1493.57019,1,1782734469657
2026-06-29T12:02:04.865Z,BINANCE,ETHUSDT,1567.84,5648.92752,1,1782734468480
2026-06-29T12:02:04.865Z,BINANCE,ETHUSDC,1564.93,981.21111,1,1782734467430
2026-06-29T12:02:04.865Z,BINANCE,ETHUSDT,1566.63,1300.3029,1,1782734467335
2026-06-29T12:02:04.865Z,BINANCE,ETHUSDT,1565.93,607.58084,1,1782734466391
2026-06-29T12:02:04.865Z,BINANCE,ETHUSDT,1566.85,83812.37335,1,1782734465607
2026-06-29T12:03:08.942Z,BINANCE,ETHUSDC,1575.24,315.048,2,1782734572645
2026-06-29T12:03:08.942Z,BINANCE,ETHUSDT,1576.45,18491.7585,2,1782734571735
2026-06-29T12:03:08.942Z,BINANCE,ETHUSDT,1576.78,157.678,2,1782734571473
2026-06-29T12:03:08.942Z,BINANCE,ETHUSDT,1573.85,961.62235,2,1782734562581
2026-06-29T12:03:08.942Z,BINANCE,ETHUSDT,1572.1,2623.8349,2,1782734533807
2026-06-29T12:04:16.998Z,BINANCE,ETHUSDT,1578.68,1212.42624,2,1782734651621
2026-06-29T12:04:16.998Z,BINANCE,ETHUSDT,1579.54,353.81696,2,1782734639552
2026-06-29T12:04:16.998Z,BINANCE,ETHUSDT,1578.98,5027.47232,2,1782734621589
2026-06-29T12:07:08.667Z,BINANCE,ETHUSDT,1584.25,331.10825,2,1782734821116
2026-06-29T12:07:08.667Z,BINANCE,ETHUSDT,1583.75,139.37,2,1782734811430
2026-06-29T12:07:08.667Z,BINANCE,ETHUSDC,1582.1,150.2995,2,1782734811261
2026-06-29T12:07:08.667Z,BINANCE,ETHUSDT,1583.13,1526.13732,2,1782734766218
2026-06-29T12:07:08.667Z,BINANCE,ETHUSDT,1582.73,300899.13122,2,1782734712075
2026-06-29T12:07:08.667Z,BINANCE,ETHUSDT,1582.1,3164.2,2,1782734709055
2026-06-29T12:07:08.667Z,BINANCE,ETHUSDT,1580.78,25877.3686,2,1782734704557
2026-06-29T12:07:08.667Z,BINANCE,ETHUSDT,1581.11,5453.24839,2,1782734703594
2026-06-29T12:07:08.667Z,BINANCE,ETHUSDT,1580.68,59303.95224,2,1782734676463
2026-06-29T12:09:43.819Z,BINANCE,ETHUSDT,1590.09,4526.98623,2,1782734886064
2026-06-29T12:09:43.819Z,BINANCE,ETHUSDT,1591.05,47731.5,2,1782734884587
2026-06-29T12:09:43.819Z,BINANCE,ETHUSDT,1591.47,19450.94634,2,1782734884197
2026-06-29T12:09:43.819Z,BINANCE,ETHUSDT,1591.14,1261.77402,2,1782734883091
2026-06-29T12:09:43.819Z,BINANCE,ETHUSDT_261225,1610.75,868.19425,2,1782734882633
2026-06-29T12:09:43.819Z,BINANCE,ETHUSDT,1589.21,9018.76675,2,1782734850420
2026-06-29T12:09:43.819Z,BINANCE,ETHUSDT,1588.55,31771,2,1782734846614
2026-06-29T12:09:43.819Z,BINANCE,ETHUSDT,1588.91,228366.08975,2,1782734843438
2026-06-29T12:09:43.819Z,BINANCE,ETHUSDT,1588.62,302797.32648,2,1782734842717
2026-06-29T12:09:43.819Z,BINANCE,ETHUSDT,1588.37,45030.2895,2,1782734842110
2026-06-29T12:09:43.819Z,BINANCE,ETHUSDT,1588.64,67100.97632,2,1782734840403
2026-06-29T12:09:43.819Z,BINANCE,ETHUSDT,1583.35,725.1743,2,1782734828017
2026-06-29T12:09:43.819Z,BINANCE,ETHUSDT,1583.97,16232.52456,2,1782734827183
2026-06-29T12:13:07.915Z,BINANCE,ETHUSDT,1595.12,2191.69488,2,1782735156705
2026-06-29T12:13:07.915Z,BINANCE,ETHUSDC,1593.24,3364.92288,2,1782735156642
2026-06-29T12:13:07.915Z,BINANCE,ETHUSDT,1595.25,57575.763,2,1782735155427
2026-06-29T12:13:07.915Z,BINANCE,ETHUSDT,1595.32,36475.39648,2,1782735155232
2026-06-29T12:13:07.915Z,BINANCE,ETHUSDC,1592.17,940.97247,2,1782735148723
2026-06-29T12:13:07.915Z,BINANCE,ETHUSDT,1593.8,17002.6584,2,1782735147377
2026-06-29T12:13:07.915Z,BINANCE,ETHUSDT,1594.16,4643.78808,2,1782735145743
2026-06-29T12:13:07.915Z,BINANCE,ETHUSDT,1594.33,42321.48985,2,1782735145112
2026-06-29T12:13:07.915Z,BINANCE,ETHUSDC,1591.99,831.01878,2,1782735144210
2026-06-29T12:13:07.915Z,BINANCE,ETHUSDT,1593.79,32935.67035,2,1782735143219
2026-06-29T12:13:07.915Z,BINANCE,ETHUSDT,1593.71,1577.7729,2,1782735141625
2026-06-29T12:13:07.915Z,BINANCE,ETHUSDT,1593.01,2294477.61641,2,1782735140728
2026-06-29T12:13:07.915Z,BINANCE,ETHUSDT,1592.52,43690.7862,2,1782735139839
2026-06-29T12:13:07.915Z,BINANCE,ETHUSDT,1590,252.81,2,1782735135148
2026-06-29T12:13:07.915Z,BINANCE,ETHUSDT,1589.35,405.28425,2,1782735133322
2026-06-29T12:13:07.915Z,BINANCE,ETHUSDT,1589.18,298.76584,2,1782735131166
2026-06-29T12:16:56.030Z,BINANCE,ETHUSDT,1596.04,1619.9806,2,1782735322068
2026-06-29T12:16:56.030Z,BINANCE,ETHUSDC,1593.88,30000.00936,2,1782735318510
2026-06-29T12:16:56.030Z,BINANCE,ETHUSDT,1595.7,258.5034,2,1782735318456
2026-06-29T12:16:56.030Z,BINANCE,ETHUSDT,1595.96,20389.98496,2,1782735317377
2026-06-29T12:16:56.030Z,BINANCE,ETHUSDT,1595.79,75405.86487,2,1782735315329
2026-06-29T12:16:56.030Z,BINANCE,ETHUSDT,1594.68,7973.4,2,1782735265611
2026-06-29T12:24:42.864Z,BINANCE,ETHUSDT,1587.13,126.9704,1,1782735866546
2026-06-29T12:24:42.864Z,BINANCE,ETHUSDT,1588.22,532.0537,1,1782735834759
2026-06-29T12:24:42.864Z,BINANCE,ETHUSDT,1588.68,300.26052,1,1782735815136
2026-06-29T12:24:42.864Z,BINANCE,ETHUSDT,1589.74,12008.89596,1,1782735807438
2026-06-29T12:34:41.561Z,BINANCE,ETHUSDT,1587.67,168.29302,2,1782736436358
2026-06-29T12:34:41.561Z,BINANCE,ETHUSDC,1586,155.428,2,1782736436358
2026-06-29T12:36:52.514Z,BINANCE,ETHUSDT,1585.26,217.18062,1,1782736592227
2026-06-29T12:36:52.514Z,BINANCE,ETHUSDT,1585.21,557.99392,1,1782736568190
2026-06-29T12:37:55.434Z,BINANCE,ETHUSDT,1582.23,47466.9,1,1782736653243
2026-06-29T12:37:55.434Z,BINANCE,ETHUSDT,1581.25,834.9,1,1782736651317
2026-06-29T12:37:55.434Z,BINANCE,ETHUSDT,1582.5,3380.22,1,1782736649168
2026-06-29T12:37:55.434Z,BINANCE,ETHUSDT,1582.87,7934.92731,1,1782736647210
2026-06-29T12:37:55.434Z,BINANCE,ETHUSDT,1583.2,193.1504,1,1782736645235
2026-06-29T12:37:55.434Z,BINANCE,ETHUSDT,1584.25,727.17075,1,1782736639499
2026-06-29T12:37:55.434Z,BINANCE,ETHUSDT,1584.25,115.65025,1,1782736622719
2026-06-29T12:43:23.575Z,BINANCE,ETHUSDT,1571.35,4786.3321,1,1782736853235
2026-06-29T12:43:23.575Z,BINANCE,ETHUSDT,1571.19,1890.14157,1,1782736851449
2026-06-29T12:43:23.575Z,BINANCE,ETHUSDC,1570.54,6282.16,1,1782736835463
2026-06-29T12:43:23.575Z,BINANCE,ETHUSDT,1572.49,29874.16502,1,1782736772101
2026-06-29T12:43:23.575Z,BINANCE,ETHUSDT,1573.18,10124.98648,1,1782736757704
2026-06-29T12:43:23.575Z,BINANCE,ETHUSDC,1572.06,1386.55692,1,1782736749565
2026-06-29T12:43:23.575Z,BINANCE,ETHUSDT,1572.89,388.50383,1,1782736748084
2026-06-29T12:43:23.575Z,BINANCE,ETHUSDT,1572.47,1572.47,1,1782736746455
2026-06-29T12:43:23.575Z,BINANCE,ETHUSDT,1573.24,874.72144,1,1782736744382
2026-06-29T12:43:23.575Z,BINANCE,ETHUSDT,1573.9,3856.055,1,1782736738481
2026-06-29T12:43:23.575Z,BINANCE,ETHUSDT,1574.12,6296.48,1,1782736735594
2026-06-29T12:43:23.575Z,BINANCE,ETHUSDT,1575.67,14845.96274,1,1782736725143
2026-06-29T12:43:23.575Z,BINANCE,ETHUSDT,1576.6,1292.812,1,1782736718615
2026-06-29T12:43:23.575Z,BINANCE,ETHUSDT,1576.03,10735.91636,1,1782736717516
2026-06-29T12:43:23.575Z,BINANCE,ETHUSDT,1576.2,4790.0718,1,1782736715370
2026-06-29T12:43:23.575Z,BINANCE,ETHUSDC,1574.65,1574.65,1,1782736714508
2026-06-29T12:43:23.575Z,BINANCE,ETHUSDT,1576.44,3868.58376,1,1782736714309
2026-06-29T12:43:23.575Z,BINANCE,ETHUSDT,1576.55,29579.2311,1,1782736712383
2026-06-29T12:43:23.575Z,BINANCE,ETHUSDT,1576.83,1483.79703,1,1782736711218
2026-06-29T12:43:23.575Z,BINANCE,ETHUSDT,1577.55,35917.6584,1,1782736709446
2026-06-29T12:43:23.575Z,BINANCE,ETHUSDT,1577.64,642.09948,1,1782736707235
2026-06-29T12:43:23.575Z,BINANCE,ETHUSDT,1578.38,6719.16366,1,1782736701241
2026-06-29T12:43:23.575Z,BINANCE,ETHUSDC,1576.99,14432.61248,1,1782736690283
2026-06-29T12:43:23.575Z,BINANCE,ETHUSDT,1578.34,170.46072,1,1782736689617
2026-06-29T12:43:23.575Z,BINANCE,ETHUSDT,1578.32,789.16,1,1782736688293
2026-06-29T12:43:23.575Z,BINANCE,ETHUSDT,1578.81,1630.91073,1,1782736687560
2026-06-29T12:43:23.575Z,BINANCE,ETHUSDT,1579.45,1421.505,1,1782736686104
2026-06-29T12:43:23.575Z,BINANCE,ETHUSDC,1578.1,2420.8054,1,1782736685215
2026-06-29T12:43:23.575Z,BINANCE,ETHUSDT,1580.17,355.53825,1,1782736682639
2026-06-29T12:43:23.575Z,BINANCE,ETHUSDT,1580.3,4764.6045,1,1782736681462
2026-06-29T12:43:23.575Z,BINANCE,ETHUSDT,1580.49,214.94664,1,1782736680208
2026-06-29T12:43:23.575Z,BINANCE,ETHUSDT,1580.47,3149.87671,1,1782736679618
2026-06-29T12:46:27.052Z,BINANCE,ETHUSDT,1577.47,359.66316,2,1782737158259
2026-06-29T12:51:54.094Z,BINANCE,ETHUSDT,1571.03,439.8884,1,1782737507115
2026-06-29T12:51:54.094Z,BINANCE,ETHUSDT,1570.65,45286.55145,1,1782737506266
2026-06-29T12:51:54.094Z,BINANCE,ETHUSDT,1570.6,840.271,1,1782737504156
2026-06-29T12:51:54.094Z,BINANCE,ETHUSDT,1571.36,49379.988,1,1782737502610
2026-06-29T12:51:54.094Z,BINANCE,ETHUSDT,1571.79,144.60468,1,1782737501241
2026-06-29T12:53:18.908Z,BINANCE,ETHUSDT,1570.6,1146.538,1,1782737529418
2026-06-29T12:53:18.908Z,BINANCE,ETHUSDT,1570.56,15843.80928,1,1782737517103
2026-06-29T12:54:26.930Z,BINANCE,ETHUSDT,1574.63,111.79873,2,1782737639638
2026-06-29T12:54:26.930Z,BINANCE,ETHUSDT,1574.72,631.46272,2,1782737637636
2026-06-29T13:01:18.153Z,BINANCE,ETHUSDT,1576.76,79247.9576,2,1782738015490
2026-06-29T13:02:26.461Z,BINANCE,ETHUSDT,1578.1,225.6683,2,1782738103276
2026-06-29T13:03:30.588Z,BINANCE,ETHUSDT,1580.03,7533.58304,2,1782738191559
2026-06-29T13:03:30.588Z,BINANCE,ETHUSDT,1579.89,227.50416,2,1782738189544
2026-06-29T13:03:30.588Z,BINANCE,ETHUSDT,1579.47,5518.66818,2,1782738158219
2026-06-29T13:03:30.588Z,BINANCE,ETHUSDT,1578.9,137.3643,2,1782738149573
2026-06-29T13:06:08.072Z,BINANCE,ETHUSDT,1583.86,248.66602,2,1782738360203
2026-06-29T13:06:08.072Z,BINANCE,ETHUSDC,1581.91,2858.51137,2,1782738357348
2026-06-29T13:06:08.072Z,BINANCE,ETHUSDT,1583.39,70696.78011,2,1782738356490
2026-06-29T13:06:08.072Z,BINANCE,ETHUSDC,1580.91,6031.17165,2,1782738350502
2026-06-29T13:06:08.072Z,BINANCE,ETHUSDT,1582.61,26681.22199,2,1782738350482
2026-06-29T13:06:08.072Z,BINANCE,ETHUSDT,1581.59,158.159,2,1782738347847
2026-06-29T13:12:51.760Z,BINANCE,ETHUSDT,1587.78,4425.14286,2,1782738769235
2026-06-29T13:12:51.760Z,BINANCE,ETHUSDT,1586.34,136.42524,2,1782738762394
2026-06-29T13:12:51.760Z,BINANCE,ETHUSDT,1586,5711.186,2,1782738757813
2026-06-29T13:12:51.760Z,BINANCE,ETHUSDT,1584.21,18359.40969,2,1782738741275
2026-06-29T13:12:51.760Z,BINANCE,ETHUSDT,1583.24,277.067,2,1782738729346
2026-06-29T13:13:54.439Z,BINANCE,ETHUSDT,1587.62,6818.8279,2,1782738770327
2026-06-29T13:22:07.490Z,BINANCE,ETHUSDT,1581.45,746.4444,1,1782739272491
2026-06-29T13:22:07.490Z,BINANCE,ETHUSDT,1582.3,181.9645,1,1782739263250
2026-06-29T13:25:33.173Z,BINANCE,ETHUSDT,1577.7,261.8982,1,1782739505530
2026-06-29T13:27:55.947Z,BINANCE,ETHUSDT,1575.95,1503.4563,1,1782739655318
2026-06-29T13:27:55.947Z,BINANCE,ETHUSDT,1575.88,137.10156,1,1782739652240
2026-06-29T13:27:55.947Z,BINANCE,ETHUSDT,1575.84,1493.89632,1,1782739648627
2026-06-29T13:27:55.947Z,BINANCE,ETHUSDC,1574.2,155.8458,1,1782739648515
2026-06-29T13:27:55.947Z,BINANCE,ETHUSDT,1576.47,1429.85829,1,1782739646183
2026-06-29T13:30:07.645Z,BINANCE,ETHUSDT,1573.82,1207.11994,1,1782739804597
2026-06-29T13:30:07.645Z,BINANCE,ETHUSDT,1573.59,76408.80963,1,1782739803568
2026-06-29T13:30:07.645Z,BINANCE,ETHUSDT,1573,1431.43,1,1782739802259
2026-06-29T13:30:07.645Z,BINANCE,ETHUSDT,1574.94,7014.78276,1,1782739800433
2026-06-29T13:31:41.539Z,BINANCE,ETHUSDT,1577.04,788.52,2,1782739850285
2026-06-29T13:31:41.539Z,BINANCE,ETHUSDT,1576.44,914.3352,2,1782739849155
2026-06-29T13:31:41.539Z,BINANCE,ETHUSDT,1575.37,787.685,2,1782739846469
2026-06-29T13:31:41.539Z,BINANCE,ETHUSDT,1570.47,753.8256,1,1782739834576
2026-06-29T13:31:41.539Z,BINANCE,ETHUSDT,1569.43,20889.1133,1,1782739833069
2026-06-29T13:31:41.539Z,BINANCE,ETHUSDT,1570,10729.38,1,1782739830446
2026-06-29T13:31:41.539Z,BINANCE,ETHUSDT,1570.38,301.51296,1,1782739826106
2026-06-29T13:31:41.539Z,BINANCE,ETHUSDT,1570.63,201.04064,1,1782739822768
2026-06-29T13:31:41.539Z,BINANCE,ETHUSDT,1570.74,47247.8592,1,1782739821518
2026-06-29T13:31:41.539Z,BINANCE,ETHUSDT,1571.48,897.31508,1,1782739817672
2026-06-29T13:31:41.539Z,BINANCE,ETHUSD_PERP,1568.95,7840,1,1782739813373
2026-06-29T13:31:41.539Z,BINANCE,ETHUSDT,1571.34,23570.1,1,1782739813343
2026-06-29T13:31:41.539Z,BINANCE,ETHUSDT,1571.54,15715.4,1,1782739813215
2026-06-29T13:31:41.539Z,BINANCE,ETHUSDT,1571.33,4921.40556,1,1782739811077
2026-06-29T13:31:41.539Z,BINANCE,ETHUSDT,1573.07,2389.49333,1,1782739808457
2026-06-29T13:34:08.870Z,BINANCE,ETHUSDC,1579.5,1059.8445,2,1782740029592
2026-06-29T13:34:08.870Z,BINANCE,ETHUSDT,1583.47,83534.37638,2,1782740001288
2026-06-29T13:41:44.213Z,BINANCE,ETHUSDT,1573.87,963.20844,2,1782740451467
2026-06-29T13:41:44.213Z,BINANCE,ETHUSDT,1568.93,9758.7446,1,1782740423529
2026-06-29T13:41:44.213Z,BINANCE,ETHUSDT,1568.7,21941.4069,1,1782740422467
2026-06-29T13:41:44.213Z,BINANCE,ETHUSDT,1569.48,13830.25776,1,1782740407519
2026-06-29T13:41:44.213Z,BINANCE,ETHUSDC,1567.46,156.746,1,1782740407207
2026-06-29T13:41:44.213Z,BINANCE,ETHUSDT,1569.13,47571.31421,1,1782740406586
2026-06-29T13:41:44.213Z,BINANCE,ETHUSDT,1571.18,1572.75118,1,1782740323081
2026-06-29T13:41:44.213Z,BINANCE,ETHUSDT,1572,125.76,1,1782740320677
2026-06-29T13:41:44.213Z,BINANCE,ETHUSDT,1573.49,2276.84003,1,1782740302100
2026-06-29T13:41:44.213Z,BINANCE,ETHUSDT,1573.51,251.7616,1,1782740300632
2026-06-29T13:41:44.213Z,BINANCE,ETHUSDT,1574.74,1796.77834,1,1782740163631
2026-06-29T13:41:44.213Z,BINANCE,ETHUSDT,1575.49,1209.97632,1,1782740158644
2026-06-29T13:41:44.213Z,BINANCE,ETHUSDT,1576.36,21206.77108,1,1782740145531
2026-06-29T13:41:44.213Z,BINANCE,ETHUSDT,1576.43,7437.59674,1,1782740143520
2026-06-29T13:44:31.093Z,BINANCE,ETHUSDT,1565.91,1962.08523,1,1782740644450
2026-06-29T13:44:31.093Z,BINANCE,ETHUSDT,1565.74,775.0413,1,1782740643601
2026-06-29T13:44:31.093Z,BINANCE,ETHUSDT,1566.36,8934.51744,1,1782740636103
2026-06-29T13:44:31.093Z,BINANCE,ETHUSDT,1566.14,9880.77726,1,1782740634477
2026-06-29T13:44:31.093Z,BINANCE,ETHUSDT_261225,1584.87,595.91112,1,1782740634191
2026-06-29T13:44:31.093Z,BINANCE,ETHUSDT,1567.23,228.81558,1,1782740629369
2026-06-29T13:44:31.093Z,BINANCE,ETHUSDT,1567.32,3097.02432,1,1782740609636
2026-06-29T13:44:31.093Z,BINANCE,ETHUSDT,1568.23,360692.9,1,1782740597750
2026-06-29T13:44:31.093Z,BINANCE,ETHUSDT,1567.3,255490.2749,1,1782740595215
2026-06-29T13:44:31.093Z,BINANCE,ETHUSDT,1567.53,1062.78534,1,1782740593699
2026-06-29T13:44:31.093Z,BINANCE,ETHUSDC,1566.12,7567.49184,1,1782740592578
2026-06-29T13:44:31.093Z,BINANCE,ETHUSDT,1568.07,235.2105,1,1782740591774
2026-06-29T13:44:31.093Z,BINANCE,ETHUSDT,1568,478.24,2,1782740589521
2026-06-29T13:46:52.490Z,BINANCE,ETHUSDT,1564.26,13111.62732,1,1782740792402
2026-06-29T13:46:52.490Z,BINANCE,ETHUSDT,1564.74,2469.15972,1,1782740790343
2026-06-29T13:46:52.490Z,BINANCE,ETHUSDC,1563.31,204.79361,1,1782740788429
2026-06-29T13:46:52.490Z,BINANCE,ETHUSDT,1565.01,11778.26526,1,1782740786630
2026-06-29T13:46:52.490Z,BINANCE,ETHUSDT,1564.89,10949.53533,1,1782740785508
2026-06-29T13:46:52.490Z,BINANCE,ETHUSDT,1565.41,7305.76847,1,1782740784506
2026-06-29T13:46:52.490Z,BINANCE,ETHUSDT,1566.14,1381.33548,1,1782740781360
2026-06-29T13:51:18.544Z,BINANCE,ETHUSDC,1567.89,396.67617,2,1782741070675
2026-06-29T13:51:18.544Z,BINANCE,ETHUSDT,1565.63,4765.77772,1,1782741021397
2026-06-29T13:55:07.670Z,BINANCE,ETHUSDT,1570.6,1212.5032,1,1782741236695
2026-06-29T13:55:07.670Z,BINANCE,ETHUSDT,1574.29,692.6876,2,1782741166225
2026-06-29T13:55:07.670Z,BINANCE,ETHBTC,0.02641,41628.7400515,2,1782741162137
2026-06-29T13:55:07.670Z,BINANCE,ETHUSDT,1574.52,571.55076,2,1782741161584
2026-06-29T13:55:07.670Z,BINANCE,ETHUSDT,1573.14,832.19106,2,1782741160366
2026-06-29T13:55:07.670Z,BINANCE,ETHUSDT,1571.79,87767.18181,2,1782741154540
2026-06-29T13:56:15.818Z,BINANCE,ETHUSDT,1566.67,128.46694,1,1782741357599
2026-06-29T13:56:15.818Z,BINANCE,ETHUSDT,1566.88,1281.70784,1,1782741355283
2026-06-29T13:56:15.818Z,BINANCE,ETHUSDT,1567.76,60571.97536,1,1782741336571
2026-06-29T13:58:04.946Z,BINANCE,ETHUSDT,1567.08,1567.08,1,1782741447214
2026-06-29T13:58:04.946Z,BINANCE,ETHUSDC,1564.46,353.56796,1,1782741439433
2026-06-29T13:58:04.946Z,BINANCE,ETHUSDT,1567.1,1990.217,1,1782741436215
2026-06-29T13:58:04.946Z,BINANCE,ETHUSDT,1566.99,2381.8248,1,1782741434445
2026-06-29T13:58:04.946Z,BINANCE,ETHUSDT,1565.91,7829.55,1,1782741390167
2026-06-29T13:58:04.946Z,BINANCE,ETHUSDT,1565.58,1640.72784,1,1782741383500
2026-06-29T14:00:31.599Z,BINANCE,ETHUSDT,1572.36,6600.76728,2,1782741583309
2026-06-29T14:00:31.599Z,BINANCE,ETHUSDT,1570.24,617.10432,2,1782741558340
2026-06-29T14:02:52.981Z,BINANCE,ETHUSDT,1568.67,3871.47756,2,1782741761602
2026-06-29T14:06:17.867Z,BINANCE,ETHUSDT,1566.94,117.5205,2,1782741975006
2026-06-29T14:06:17.867Z,BINANCE,ETHUSDC,1562.25,15622.5,1,1782741942475
2026-06-29T14:06:17.867Z,BINANCE,ETHUSDT,1564.4,330.0884,1,1782741942469
2026-06-29T14:06:17.867Z,BINANCE,ETHUSDT,1564.21,4052.86811,1,1782741940654
2026-06-29T14:06:17.867Z,BINANCE,ETHUSDT,1564.51,47775.44187,1,1782741939379
2026-06-29T14:06:17.867Z,BINANCE,ETHUSDT,1564.83,18206.79705,1,1782741936089
2026-06-29T14:07:31.086Z,BINANCE,ETHUSDT,1563.55,15063.2407,1,1782742048126
2026-06-29T14:08:35.598Z,BINANCE,ETHUSDC,1559.81,1559.81,1,1782742103645
2026-06-29T14:08:35.598Z,BINANCE,ETHUSDT,1560.63,8276.02089,1,1782742099392
2026-06-29T14:08:35.598Z,BINANCE,ETHUSDT,1561.22,45938.8985,1,1782742087478
2026-06-29T14:08:35.598Z,BINANCE,ETHUSDT,1561.42,18203.03436,1,1782742086207
2026-06-29T14:08:35.598Z,BINANCE,ETHUSDC,1560.14,10490.38136,1,1782742081192
2026-06-29T14:08:35.598Z,BINANCE,ETHUSDT,1562.2,1288.815,1,1782742076236
2026-06-29T14:08:35.598Z,BINANCE,ETHUSDT,1562.24,945.1552,1,1782742073638
2026-06-29T14:08:35.598Z,BINANCE,ETHUSDT,1562.25,7811.25,1,1782742072529
2026-06-29T14:08:35.598Z,BINANCE,ETHUSDC,1560.6,1577.7666,1,1782742070440
2026-06-29T14:08:35.598Z,BINANCE,ETHUSDT,1562.65,1165.7369,1,1782742068639
2026-06-29T14:08:35.598Z,BINANCE,ETHUSDT,1562.65,43101.0123,1,1782742068549
2026-06-29T14:08:35.598Z,BINANCE,ETHUSDT,1563.9,46100.6442,1,1782742050314
2026-06-29T14:09:43.512Z,BINANCE,ETHUSDT,1564.32,1262.40624,2,1782742128070
2026-06-29T14:11:54.388Z,BINANCE,ETHUSDT,1561.72,228.01112,1,1782742293647
2026-06-29T14:11:54.388Z,BINANCE,ETHUSDT,1561.4,697.9458,1,1782742291281
2026-06-29T14:11:54.388Z,BINANCE,ETHUSDT,1561.8,367.023,1,1782742273176
2026-06-29T14:11:54.388Z,BINANCE,ETHUSDT,1562.91,1551.96963,1,1782742265050
2026-06-29T14:13:07.641Z,BINANCE,ETHUSDT,1560.8,3830.2032,1,1782742383675
2026-06-29T14:13:07.641Z,BINANCE,ETHUSDT,1561.09,1275.41053,1,1782742381626
2026-06-29T14:13:07.641Z,BINANCE,ETHUSDT,1561.66,1831.82718,1,1782742328355
2026-06-29T14:14:27.645Z,BINANCE,ETHUSDT,1559.45,187.134,1,1782742452388
2026-06-29T14:14:27.645Z,BINANCE,ETHUSDT,1559.45,854.5786,1,1782742451444
2026-06-29T14:14:27.645Z,BINANCE,ETHUSDT,1559.28,6617.58432,1,1782742450212
2026-06-29T14:14:27.645Z,BINANCE,ETHUSDT,1559.13,52700.15313,1,1782742449153
2026-06-29T14:14:27.645Z,BINANCE,ETHUSDT,1560.38,1560.38,1,1782742410415
2026-06-29T14:14:27.645Z,BINANCE,ETHUSDT,1560.73,21169.74172,1,1782742403275
2026-06-29T14:14:27.645Z,BINANCE,ETHUSDT,1561.11,4012.0527,1,1782742391621
2026-06-29T14:15:20.572Z,BINANCE,ETHUSDT,1559.44,1985.16712,1,1782742501848
2026-06-29T14:15:20.572Z,BINANCE,ETHUSDT,1560.36,4311.27468,2,1782742497361
2026-06-29T14:15:20.572Z,BINANCE,ETHUSDC,1558.32,3909.82488,1,1782742497361
2026-06-29T14:15:20.572Z,BINANCE,ETHUSDT,1560.3,1488.5262,1,1782742470298
2026-06-29T14:15:20.572Z,BINANCE,ETHUSDT,1559.44,4765.64864,1,1782742458560
2026-06-29T14:15:20.572Z,BINANCE,ETHUSDT,1559.05,527607.4648,1,1782742457229
2026-06-29T14:15:20.572Z,BINANCE,ETHUSDC,1557.18,1340.73198,1,1782742455662
2026-06-29T14:15:20.572Z,BINANCE,ETHUSDT,1559.21,10750.75295,1,1782742455560
2026-06-29T14:16:28.872Z,BINANCE,ETHUSDT,1563.1,23999.8374,2,1782742568176
2026-06-29T14:16:28.872Z,BINANCE,ETHUSDT,1563.06,3108.92634,2,1782742553224
2026-06-29T14:16:28.872Z,BINANCE,ETHUSDT,1561.6,153.0368,2,1782742547281
2026-06-29T14:16:28.872Z,BINANCE,ETHUSDT,1557.61,11956.21436,1,1782742540555
2026-06-29T14:16:28.872Z,BINANCE,ETHUSDT,1557.25,22703.14775,1,1782742539507
2026-06-29T14:16:28.872Z,BINANCE,ETHUSDT,1557.37,18851.96385,1,1782742538278
2026-06-29T14:16:28.872Z,BINANCE,ETHUSDC,1555.03,2985.6576,1,1782742537489
2026-06-29T14:16:28.872Z,BINANCE,ETHUSDT,1557.09,251158.617,1,1782742537275
2026-06-29T14:16:28.872Z,BINANCE,ETHUSDT,1557.02,19383.34198,1,1782742535577
2026-06-29T14:16:28.872Z,BINANCE,ETHUSDT,1558,2970193.012,1,1782742534345
2026-06-29T14:16:28.872Z,BINANCE,ETHUSDT,1559.07,40866.34284,1,1782742519532
2026-06-29T14:16:28.872Z,BINANCE,ETHUSDT,1558.93,23588.16983,1,1782742519192
2026-06-29T14:17:42.240Z,BINANCE,ETHUSDT,1557.6,1557.6,1,1782742629630
2026-06-29T14:17:42.240Z,BINANCE,ETHUSDT,1557.71,1805.38589,1,1782742628557
2026-06-29T14:23:18.683Z,BINANCE,ETHUSDT,1564.99,120.50423,2,1782742964320
2026-06-29T14:25:29.749Z,BINANCE,ETHUSDT,1566.5,7832.5,2,1782743126254
2026-06-29T14:30:06.089Z,BINANCE,ETHUSDC,1570.62,502.5984,2,1782743352101
2026-06-29T14:30:06.089Z,BINANCE,ETHUSDT,1571.59,71106.58955,2,1782743296367
2026-06-29T14:30:06.089Z,BINANCE,ETHUSDC,1568.96,47068.8,2,1782743291250
2026-06-29T14:30:06.089Z,BINANCE,ETHUSDT,1570.19,125.6152,2,1782743287075
2026-06-29T14:30:06.089Z,BINANCE,ETHUSDT,1569.74,1299.74472,2,1782743263211
2026-06-29T14:30:06.089Z,BINANCE,ETHUSDT,1569.6,4310.1216,2,1782743236173
2026-06-29T14:30:06.089Z,BINANCE,ETHUSDT,1568.93,167.87551,2,1782743226359
2026-06-29T14:30:06.089Z,BINANCE,ETHUSDT,1568.88,161.59464,2,1782743223287
2026-06-29T14:30:06.089Z,BINANCE,ETHUSDT,1567.7,498.5286,2,1782743219150
2026-06-29T14:34:11.505Z,BINANCE,ETHUSDT,1577.35,594.66095,2,1782743645273
2026-06-29T14:34:11.505Z,BINANCE,ETHUSDT,1577.17,89337.21748,2,1782743639333
2026-06-29T14:34:11.505Z,BINANCE,ETHUSDT,1577.26,2564.62476,2,1782743635093
2026-06-29T14:34:11.505Z,BINANCE,ETHUSDT,1577.06,107.24008,2,1782743633081
2026-06-29T14:34:11.505Z,BINANCE,ETHUSDT,1576.9,5856.6066,2,1782743630360
2026-06-29T14:34:11.505Z,BINANCE,ETHUSDC,1575.12,25068.0348,2,1782743629272
2026-06-29T14:34:11.505Z,BINANCE,ETHUSDT,1576.88,1006.04944,2,1782743627344
2026-06-29T14:34:11.505Z,BINANCE,ETHUSDT,1576.82,69506.2256,2,1782743626193
2026-06-29T14:34:11.505Z,BINANCE,ETHUSDT,1575.83,475.90066,2,1782743623767
2026-06-29T14:34:11.505Z,BINANCE,ETHUSDT,1575.83,1123.56679,2,1782743623530
2026-06-29T14:34:11.505Z,BINANCE,ETHUSDT,1574.33,11812.19799,2,1782743620156
2026-06-29T14:34:11.505Z,BINANCE,ETHUSDT,1573.19,319.35757,2,1782743611818
2026-06-29T14:34:11.505Z,BINANCE,ETHUSDT,1572.87,251.6592,2,1782743609445
2026-06-29T14:34:11.505Z,BINANCE,ETHUSDT,1572.99,7951.46445,2,1782743607898
2026-06-29T14:34:11.505Z,BINANCE,ETHUSDT,1573.1,1702.0942,2,1782743606346
2026-06-29T14:35:40.245Z,BINANCE,ETHUSDT,1577.34,1679.8671,2,1782743652825
2026-06-29T14:41:17.877Z,BINANCE,ETHUSDT,1569.93,987.48597,1,1782744018561
2026-06-29T14:44:31.934Z,BINANCE,ETHUSDT,1566.74,28201.32,1,1782744261399
2026-06-29T14:44:31.934Z,BINANCE,ETHUSDT,1566.7,22781.3847,1,1782744258321
2026-06-29T14:44:31.934Z,BINANCE,ETHUSDT,1566.77,126.90837,1,1782744257263
2026-06-29T14:44:31.934Z,BINANCE,ETHUSDC,1565,284.83,1,1782744255088
2026-06-29T14:44:31.934Z,BINANCE,ETHUSDT,1567.38,235.107,1,1782744253604
2026-06-29T14:49:04.326Z,BINANCE,ETHUSDT,1565.41,491.53874,1,1782744529612
2026-06-29T14:50:07.691Z,BINANCE,ETHUSDC,1561.87,780.935,1,1782744551273
2026-06-29T14:50:07.691Z,BINANCE,ETHUSDT,1563.96,511.41492,1,1782744551090
2026-06-29T14:50:07.691Z,BINANCE,ETHUSDT,1564.13,1870.69948,1,1782744549159
2026-06-29T14:50:07.691Z,BINANCE,ETHUSDT,1564.13,1706.46583,1,1782744547207
2026-06-29T14:51:16.146Z,BINANCE,ETHUSDT,1570.7,166.4942,2,1782744648579
2026-06-29T14:51:16.146Z,BINANCE,ETHUSDC,1568.75,315.31875,2,1782744646457
2026-06-29T14:54:41.959Z,BINANCE,ETHUSDT,1574.35,3343.9194,2,1782744856397
2026-06-29T14:54:41.959Z,BINANCE,ETHUSDT,1573.24,1088.68208,2,1782744849336
2026-06-29T14:54:41.959Z,BINANCE,ETHUSDT,1572.78,547.32744,2,1782744843306
2026-06-29T14:54:41.959Z,BINANCE,ETHUSDT,1572.82,16218.91984,2,1782744842074
2026-06-29T15:01:30.977Z,BINANCE,ETHUSDT,1568.53,613.29523,1,1782745282595
2026-06-29T15:01:30.977Z,BINANCE,ETHUSDT,1568.6,1523.1106,1,1782745280138
2026-06-29T15:03:54.371Z,BINANCE,ETHUSDT,1565.26,3753.49348,1,1782745393408
2026-06-29T15:03:54.371Z,BINANCE,ETHUSDC,1563.29,978.61954,1,1782745392622
2026-06-29T15:03:54.371Z,BINANCE,ETHUSDT,1564.96,12519.68,1,1782745391367
2026-06-29T15:03:54.371Z,BINANCE,ETHUSDT,1567.2,13460.6808,1,1782745386121
2026-06-29T15:03:54.371Z,BINANCE,ETHUSDT,1568.19,19701.17097,1,1782745381173
2026-06-29T15:05:08.421Z,BINANCE,ETHUSDT,1565.52,3555.29592,1,1782745495597
2026-06-29T15:07:29.515Z,BINANCE,ETHUSDT,1564.78,14083.02,1,1782745570128
2026-06-29T15:07:29.515Z,BINANCE,ETHUSDT,1562.77,8595.235,1,1782745535639
2026-06-29T15:07:29.515Z,BINANCE,ETHUSDT,1562.65,265.6505,1,1782745534499
2026-06-29T15:07:29.515Z,BINANCE,ETHUSDT,1563.34,312.668,1,1782745532228
2026-06-29T15:07:29.515Z,BINANCE,ETHUSDT,1563.11,4379.83422,1,1782745530749
2026-06-29T15:07:29.515Z,BINANCE,ETHUSDT,1564.56,530.38584,1,1782745524843
2026-06-29T15:07:29.515Z,BINANCE,ETHUSDT,1564.68,26349.2112,1,1782745512239
2026-06-29T15:11:05.708Z,BINANCE,ETHUSDT,1567.01,73635.36691,2,1782745803431
2026-06-29T15:11:05.708Z,BINANCE,ETHUSDT,1567.17,1499.78169,2,1782745802403
2026-06-29T15:13:16.688Z,BINANCE,ETHUSDT,1560.83,7804.15,1,1782745944355
2026-06-29T15:13:16.688Z,BINANCE,ETHUSDT,1560.89,15608.9,1,1782745943315
2026-06-29T15:13:16.688Z,BINANCE,ETHUSDT,1561,15610,1,1782745941231
2026-06-29T15:13:16.688Z,BINANCE,ETHUSDT,1561.89,787.19256,1,1782745939571
2026-06-29T15:24:39.822Z,BINANCE,ETHUSDT,1562.78,2080.06018,1,1782746638549
2026-06-29T15:33:55.581Z,BINANCE,ETHUSDT,1577.85,2204.25645,2,1782747142192
2026-06-29T15:33:55.581Z,BINANCE,ETHUSDT,1577.75,3270.67575,2,1782747141084
2026-06-29T15:33:55.581Z,BINANCE,ETHUSDT,1577.26,43822.59184,2,1782747132203
2026-06-29T15:33:55.581Z,BINANCE,ETHUSDT,1576.7,2992.5766,2,1782747128107
2026-06-29T15:33:55.581Z,BINANCE,ETHUSDC,1571.56,3143.12,1,1782747077075
2026-06-29T15:33:55.581Z,BINANCE,ETHUSDT,1575.75,70311.54075,2,1782747056338
2026-06-29T15:33:55.581Z,BINANCE,ETHUSDC,1573.49,1005.46011,2,1782747054148
2026-06-29T15:33:55.581Z,BINANCE,ETHUSDT,1574.94,592.17744,1,1782747050145
2026-06-29T15:33:55.581Z,BINANCE,ETHUSDT,1575.01,1699.43579,2,1782747047476
2026-06-29T15:33:55.581Z,BINANCE,ETHUSDT,1575.21,1879.22553,1,1782747017722
2026-06-29T15:33:55.581Z,BINANCE,ETHUSDT,1575.76,1006.91064,2,1782747015283
2026-06-29T15:33:55.581Z,BINANCE,ETHUSDT,1574.82,7773.31152,2,1782747008328
2026-06-29T15:33:55.581Z,BINANCE,ETHUSDT,1573.63,10035.03851,2,1782747002354
2026-06-29T15:33:55.581Z,BINANCE,ETHUSDC,1570.99,19082.81553,2,1782746982426
2026-06-29T15:33:55.581Z,BINANCE,ETHUSDT,1573.19,316.21119,2,1782746981492
2026-06-29T15:33:55.581Z,BINANCE,ETHUSDT,1573.19,3324.15047,2,1782746980440
2026-06-29T15:33:55.581Z,BINANCE,ETHUSDT,1572.63,149.39985,2,1782746977326
2026-06-29T15:33:55.581Z,BINANCE,ETHUSDT,1571.57,243.59335,2,1782746957597
2026-06-29T15:33:55.581Z,BINANCE,ETHUSDT,1570.73,133.51205,2,1782746955574
2026-06-29T15:36:17.087Z,BINANCE,ETHUSDT,1579.13,611.12331,2,1782747372633
2026-06-29T15:36:17.087Z,BINANCE,ETHUSDT,1579.43,30146.58041,2,1782747372211
2026-06-29T15:36:17.087Z,BINANCE,ETHUSDT,1578.6,6227.577,2,1782747367106
2026-06-29T15:36:17.087Z,BINANCE,ETHUSDT,1579,3080.629,2,1782747365613
2026-06-29T15:37:20.068Z,BINANCE,ETHUSDT,1580.05,3022.63565,2,1782747405139
2026-06-29T15:37:20.068Z,BINANCE,ETHUSDT,1580.04,254.38644,2,1782747397429
2026-06-29T15:37:20.068Z,BINANCE,ETHUSDT,1580.28,504.10932,2,1782747395605
2026-06-29T15:37:20.068Z,BINANCE,ETHUSDT,1580.02,2370.03,2,1782747394446
2026-06-29T15:37:20.068Z,BINANCE,ETHUSDT,1579.99,6522.19872,2,1782747393599
2026-06-29T15:37:20.068Z,BINANCE,ETHUSDT,1579.07,1001.13038,2,1782747376344
2026-06-29T15:38:28.113Z,BINANCE,ETHUSDT,1580.62,545.3139,2,1782747501658
2026-06-29T15:39:42.601Z,BINANCE,ETHUSDT,1581.91,2058.06491,2,1782747524726
2026-06-29T15:39:42.601Z,BINANCE,ETHUSDC,1579.42,154.78316,2,1782747517721
2026-06-29T15:39:42.601Z,BINANCE,ETHUSDT,1581.43,203994.98142,2,1782747517077
2026-06-29T15:39:42.601Z,BINANCE,ETHUSDT,1581.28,3581.5992,2,1782747513446
2026-06-29T15:39:42.601Z,BINANCE,ETHUSDT,1581.18,705.20628,2,1782747510095
2026-06-29T15:39:42.601Z,BINANCE,ETHUSDT,1580.84,7904.2,2,1782747506682
2026-06-29T15:41:53.856Z,BINANCE,ETHUSDT,1575.94,36512.95386,1,1782747680310
2026-06-29T15:53:41.014Z,BINANCE,ETHUSDT,1582.96,4589.00104,2,1782748416591
2026-06-29T15:53:41.014Z,BINANCE,ETHUSDT,1583.02,302.35682,2,1782748415699
2026-06-29T15:53:41.014Z,BINANCE,ETHUSDT,1581.56,10289.62936,2,1782748409182
2026-06-29T15:53:41.014Z,BINANCE,ETHUSDT,1579.95,126.396,2,1782748403620
2026-06-29T15:55:31.442Z,BINANCE,ETHUSDT,1584.01,52131.35311,2,1782748430373
2026-06-29T15:55:31.442Z,BINANCE,ETHUSDT,1584,33881.76,2,1782748429115
2026-06-29T15:55:31.442Z,BINANCE,ETHUSDT,1584.01,3039.71519,2,1782748428375
2026-06-29T15:55:31.442Z,BINANCE,ETHUSDT,1583.71,16225.10895,2,1782748426417
2026-06-29T15:57:42.366Z,BINANCE,ETHUSDT,1579.15,2537.69405,1,1782748634543
2026-06-29T16:12:31.693Z,BINANCE,ETHUSDT,1578.63,1850.15436,2,1782749486347
2026-06-29T16:14:42.575Z,BINANCE,ETHUSDT,1576.94,1299.39856,1,1782749643440
2026-06-29T16:14:42.575Z,BINANCE,ETHUSDT,1576.85,130.87855,1,1782749633107
2026-06-29T16:25:54.025Z,BINANCE,ETHUSDT,1573.51,24205.30433,1,1782750342544
2026-06-29T16:25:54.025Z,BINANCE,ETHUSDT,1573.46,49027.44014,1,1782750342224
2026-06-29T16:25:54.025Z,BINANCE,ETHUSDT,1574.64,39101.46048,1,1782750327602
2026-06-29T16:25:54.025Z,BINANCE,ETHUSDT,1574.34,366.82122,1,1782750325390
2026-06-29T16:31:40.107Z,BINANCE,ETHUSDT,1577.35,138.8068,2,1782750654461
2026-06-29T16:37:21.060Z,BINANCE,ETHUSDT,1577.97,197.24625,1,1782751025523
2026-06-29T16:40:40.289Z,BINANCE,ETHUSDT,1580.66,16683.8663,2,1782751213629
2026-06-29T16:40:40.289Z,BINANCE,ETHUSDT,1580.16,600.4608,2,1782751183454
2026-06-29T16:42:56.407Z,BINANCE,ETHUSDT,1582.63,215.23768,2,1782751349197
2026-06-29T16:42:56.407Z,BINANCE,ETHUSDT,1581.38,278.32288,2,1782751325129
2026-06-29T16:44:04.469Z,BINANCE,ETHUSDT,1582.91,4430.56509,2,1782751388559
2026-06-29T16:45:08.971Z,BINANCE,ETHUSDT,1586.42,1611.80272,2,1782751482123
2026-06-29T16:45:08.971Z,BINANCE,ETHUSDT,1586.23,79531.98597,2,1782751480538
2026-06-29T16:45:08.971Z,BINANCE,ETHUSDT,1586.39,20680.18004,2,1782751479564
2026-06-29T16:45:08.971Z,BINANCE,ETHUSDT,1586.24,9517.44,2,1782751478489
2026-06-29T16:45:08.971Z,BINANCE,ETHUSDT,1584.48,15924.024,2,1782751467593
2026-06-29T16:45:08.971Z,BINANCE,ETHUSDT,1584.37,22523.40392,2,1782751467059
2026-06-29T16:49:41.662Z,BINANCE,ETHUSDT,1585.92,2775.36,2,1782751779415
2026-06-29T16:50:55.073Z,BINANCE,ETHUSDT,1586.16,5970.30624,2,1782751825545
2026-06-29T17:01:03.287Z,BINANCE,ETHUSDT,1585.95,2464.5663,2,1782752437159
2026-06-29T17:03:19.422Z,BINANCE,ETHUSDT,1587.65,65897.0009,2,1782752594250
2026-06-29T17:03:19.422Z,BINANCE,ETHUSDT,1587.85,11889.8208,2,1782752593125
2026-06-29T17:03:19.422Z,BINANCE,ETHUSDT,1587.21,176.18031,2,1782752575074
2026-06-29T17:03:19.422Z,BINANCE,ETHUSDT,1587.18,12510.15276,2,1782752573453
2026-06-29T17:03:19.422Z,BINANCE,ETHUSDT,1587.11,1914.05466,2,1782752569325
2026-06-29T17:04:22.322Z,BINANCE,ETHUSDT,1588.83,4766.49,2,1782752647148
2026-06-29T17:04:22.322Z,BINANCE,ETHUSDT,1588.55,3378.84585,2,1782752621665
2026-06-29T17:04:22.322Z,BINANCE,ETHUSDT,1588.53,11713.82022,2,1782752618525
2026-06-29T17:04:22.322Z,BINANCE,ETHUSDT,1587.84,49380.23616,2,1782752605111
2026-06-29T17:05:31.432Z,BINANCE,ETHUSDT,1594.8,26060.6268,2,1782752728254
2026-06-29T17:05:31.432Z,BINANCE,ETHUSDC,1593.17,318.634,2,1782752728084
2026-06-29T17:05:31.432Z,BINANCE,ETHUSDT,1595.07,12679.21143,2,1782752728063
2026-06-29T17:05:31.432Z,BINANCE,ETHUSDT,1595.26,935497.15498,2,1782752726193
2026-06-29T17:05:31.432Z,BINANCE,ETHUSDT,1593.98,216.78128,2,1782752724248
2026-06-29T17:05:31.432Z,BINANCE,ETHUSD_PERP,1591.43,5570,2,1782752723162
2026-06-29T17:05:31.432Z,BINANCE,ETHUSDC,1592.32,27596.49792,2,1782752723091
2026-06-29T17:05:31.432Z,BINANCE,ETHUSDT,1594.18,88818.14452,2,1782752722505
2026-06-29T17:05:31.432Z,BINANCE,ETHUSDT,1593.98,16907.34586,2,1782752721310
2026-06-29T17:05:31.432Z,BINANCE,ETHUSDT,1594.22,768.41404,2,1782752720149
2026-06-29T17:05:31.432Z,BINANCE,ETHUSDT,1592.98,3600.1348,2,1782752716507
2026-06-29T17:05:31.432Z,BINANCE,ETHUSDT,1593,6058.179,2,1782752712725
2026-06-29T17:05:31.432Z,BINANCE,ETHUSDT,1592.95,404617.26475,2,1782752711365
2026-06-29T17:05:31.432Z,BINANCE,ETHUSDT,1592.72,1642.09432,2,1782752710257
2026-06-29T17:05:31.432Z,BINANCE,ETHUSDT,1590.82,15908.2,2,1782752708553
2026-06-29T17:05:31.432Z,BINANCE,ETHUSDT,1590.63,795315,2,1782752707813
2026-06-29T17:05:31.432Z,BINANCE,ETHUSDT,1590.6,1786.2438,2,1782752707149
2026-06-29T17:05:31.432Z,BINANCE,ETHUSDT,1589.69,2052.28979,2,1782752694088
2026-06-29T17:05:31.432Z,BINANCE,ETHUSDT,1589.27,6516.007,2,1782752691592
2026-06-29T17:05:31.432Z,BINANCE,ETHUSDT,1588.88,3104.67152,2,1782752689219
2026-06-29T17:10:43.667Z,BINANCE,ETHUSDT,1591.77,1415.08353,2,1782752975210
2026-06-29T17:11:56.839Z,BINANCE,ETHUSDT,1596.28,2787.10488,2,1782753104329
2026-06-29T17:11:56.839Z,BINANCE,ETHUSDT,1595.53,77542.758,2,1782753063220
2026-06-29T17:11:56.839Z,BINANCE,ETHUSDT,1595.51,6409.16367,2,1782753062502
2026-06-29T17:11:56.839Z,BINANCE,ETHUSDC,1593.44,956.064,2,1782753062487
2026-06-29T17:15:44.436Z,BINANCE,ETHUSDC,1624.14,2681.45514,2,1782753342340
2026-06-29T17:15:44.436Z,BINANCE,ETHUSDT,1626.31,52041.92,2,1782753342209
2026-06-29T17:15:44.436Z,BINANCE,ETHUSDT,1627.54,81377,2,1782753341078
2026-06-29T17:15:44.436Z,BINANCE,ETHUSDT,1627.37,71070.50264,2,1782753339369
2026-06-29T17:15:44.436Z,BINANCE,ETHUSDC,1624.13,4872.39,2,1782753338682
2026-06-29T17:15:44.436Z,BINANCE,ETHUSDT,1626.29,97577.4,2,1782753338334
2026-06-29T17:15:44.436Z,BINANCE,ETHUSD_PERP,1623.28,280,2,1782753338119
2026-06-29T17:15:44.436Z,BINANCE,ETHUSDT,1621.68,1378.428,2,1782753331410
2026-06-29T17:15:44.436Z,BINANCE,ETHUSDT,1623.85,10173.42025,2,1782753329223
2026-06-29T17:15:44.436Z,BINANCE,ETHUSDT,1624.57,7638.72814,2,1782753326588
2026-06-29T17:15:44.436Z,BINANCE,ETHUSDC,1622.14,21412.248,2,1782753326425
2026-06-29T17:15:44.436Z,BINANCE,ETHUSDT_261225,1644.39,639.66771,2,1782753325635
2026-06-29T17:15:44.436Z,BINANCE,ETHUSDC,1622.05,12976.4,2,1782753325550
2026-06-29T17:15:44.436Z,BINANCE,ETHUSDT,1623.81,63062.28516,2,1782753325275
2026-06-29T17:15:44.436Z,BINANCE,ETHUSD_PERP,1621.78,3730,2,1782753324379
2026-06-29T17:15:44.436Z,BINANCE,ETHUSDT_260925,1629.9,123.8724,2,1782753324374
2026-06-29T17:15:44.436Z,BINANCE,ETHUSDT,1625.23,120907.36062,2,1782753324238
2026-06-29T17:15:44.436Z,BINANCE,ETHUSDT,1626,56631.954,2,1782753323314
2026-06-29T17:15:44.436Z,BINANCE,ETHUSD_PERP,1621.4,3550,2,1782753323042
2026-06-29T17:15:44.436Z,BINANCE,ETHUSDT,1622.97,82367.35047,2,1782753322422
2026-06-29T17:15:44.436Z,BINANCE,ETHUSDT,1621.89,100450.13526,2,1782753321545
2026-06-29T17:15:44.436Z,BINANCE,ETHUSD_PERP,1618.96,23160,2,1782753320072
2026-06-29T17:15:44.436Z,BINANCE,ETHUSDT,1620.74,2705.01506,2,1782753318486
2026-06-29T17:15:44.436Z,BINANCE,ETHUSDC,1618.73,2298.5966,2,1782753318486
2026-06-29T17:15:44.436Z,BINANCE,ETHUSDT,1621.01,113470.7,2,1782753316420
2026-06-29T17:15:44.436Z,BINANCE,ETHUSDT,1621.21,53114.08202,2,1782753315831
2026-06-29T17:15:44.436Z,BINANCE,ETHUSDC,1619.47,432.39849,2,1782753315095
2026-06-29T17:15:44.436Z,BINANCE,ETHUSDT,1621.03,62493.94856,2,1782753314636
2026-06-29T17:15:44.436Z,BINANCE,ETHUSDT,1621.2,41635.6584,2,1782753314145
2026-06-29T17:15:44.436Z,BINANCE,ETHUSD_PERP,1617.14,1000,2,1782753313046
2026-06-29T17:15:44.436Z,BINANCE,ETHUSDC,1615.69,16305.54348,2,1782753308598
2026-06-29T17:15:44.436Z,BINANCE,ETHUSDT,1618.02,344.63826,2,1782753307754
2026-06-29T17:15:44.436Z,BINANCE,ETHUSDT,1618.34,22795.93724,2,1782753307573
2026-06-29T17:15:44.436Z,BINANCE,ETHUSDC,1616.44,496.24708,2,1782753307207
2026-06-29T17:15:44.436Z,BINANCE,ETHUSDT,1618.8,53101.4964,2,1782753305158
2026-06-29T17:15:44.436Z,BINANCE,ETHUSDC,1615.43,8380.85084,2,1782753286669
2026-06-29T17:15:44.436Z,BINANCE,ETHUSDT,1617.46,31216.978,2,1782753286506
2026-06-29T17:15:44.436Z,BINANCE,ETHUSDT,1617.4,86336.812,2,1782753285159
2026-06-29T17:15:44.436Z,BINANCE,ETHUSDT,1615.93,32231.33978,2,1782753275385
2026-06-29T17:15:44.436Z,BINANCE,ETHUSDT,1612.28,1533.27828,1,1782753227296
2026-06-29T17:15:44.436Z,BINANCE,ETHUSDT,1615.77,15779.60982,2,1782753206513
2026-06-29T17:15:44.436Z,BINANCE,ETHUSDT,1614.03,32280.6,2,1782753201693
2026-06-29T17:15:44.436Z,BINANCE,ETHUSDC,1612.44,187755.73848,2,1782753201621
2026-06-29T17:15:44.436Z,BINANCE,ETHUSDT,1614.58,163072.58,2,1782753200875
2026-06-29T17:15:44.436Z,BINANCE,ETHUSDC,1611.89,104577.81131,2,1782753200517
2026-06-29T17:15:44.436Z,BINANCE,ETHUSDT,1614.95,1645645.35465,2,1782753199559
2026-06-29T17:15:44.436Z,BINANCE,ETHUSDT,1615.07,733727.91607,2,1782753198990
2026-06-29T17:15:44.436Z,BINANCE,ETHBTC,0.026714,6446.8255064,2,1782753198794
2026-06-29T17:15:44.436Z,BINANCE,ETHUSDC,1614.38,306.7322,2,1782753198611
2026-06-29T17:15:44.436Z,BINANCE,ETHUSD_PERP,1615.42,4300,2,1782753198097
2026-06-29T17:15:44.436Z,BINANCE,ETHUSDT,1615.86,1454274,2,1782753197659
2026-06-29T17:15:44.436Z,BINANCE,ETHUSD_PERP,1612.06,500,2,1782753197076
2026-06-29T17:15:44.436Z,BINANCE,ETHUSDT,1611.89,161796.68253,2,1782753196373
2026-06-29T17:15:44.436Z,BINANCE,ETHUSD_260925,1613.45,630,2,1782753196105
2026-06-29T17:15:44.436Z,BINANCE,ETHUSDC,1608,1455.24,2,1782753195387
2026-06-29T17:15:44.436Z,BINANCE,ETHUSDT,1609.14,22796.68638,2,1782753195107
2026-06-29T17:15:44.436Z,BINANCE,ETHUSDT,1608.95,20702.35965,2,1782753194267
2026-06-29T17:15:44.436Z,BINANCE,ETHUSDC,1607.15,140092.0512,2,1782753193423
2026-06-29T17:15:44.436Z,BINANCE,ETHUSDC,1606.55,7814.2592,2,1782753192433
2026-06-29T17:15:44.436Z,BINANCE,ETHUSDT,1608.53,304491.51194,2,1782753192114
2026-06-29T17:15:44.436Z,BINANCE,ETHUSD_PERP,1605.59,1740,2,1782753192069
2026-06-29T17:15:44.436Z,BINANCE,ETHUSDT,1608.61,297592.85,2,1782753191162
2026-06-29T17:15:44.436Z,BINANCE,ETHUSDT,1607.3,66166.1118,2,1782753189311
2026-06-29T17:15:44.436Z,BINANCE,ETHUSDT,1604.78,19531.77738,2,1782753182484
2026-06-29T17:15:44.436Z,BINANCE,ETHUSDT,1605.96,7005.19752,2,1782753180471
2026-06-29T17:15:44.436Z,BINANCE,ETHUSDT,1605.62,1605620,2,1782753180193
2026-06-29T17:15:44.436Z,BINANCE,ETHUSDT,1605.62,920.02026,2,1782753179280
2026-06-29T17:15:44.436Z,BINANCE,ETHUSDC,1603.82,9622.92,2,1782753178604
2026-06-29T17:15:44.436Z,BINANCE,ETHUSDT,1605.44,4816.32,2,1782753177063
2026-06-29T17:15:44.436Z,BINANCE,ETHUSDC,1602.57,24038.55,2,1782753169349
2026-06-29T17:15:44.436Z,BINANCE,ETHUSDT,1604.76,32353.56636,2,1782753168503
2026-06-29T17:15:44.436Z,BINANCE,ETHUSDT,1605.19,24077.85,2,1782753167080
2026-06-29T17:15:44.436Z,BINANCE,ETHUSDC,1603.29,9619.74,2,1782753167080
2026-06-29T17:15:44.436Z,BINANCE,ETHUSDC,1603.32,3163.35036,2,1782753166278
2026-06-29T17:15:44.436Z,BINANCE,ETHUSDT,1604.74,82873.58782,2,1782753165409
2026-06-29T17:15:44.436Z,BINANCE,ETHUSD_PERP,1601.42,2240,2,1782753165121
2026-06-29T17:15:44.436Z,BINANCE,ETHUSDT,1604.32,316120.02576,2,1782753164578
2026-06-29T17:15:44.436Z,BINANCE,ETHUSDC,1602.04,1904.82556,2,1782753164222
2026-06-29T17:15:44.436Z,BINANCE,ETHUSDT,1603.81,11840.92923,2,1782753163552
2026-06-29T17:15:44.436Z,BINANCE,ETHUSD_PERP,1600.34,150,2,1782753162104
2026-06-29T17:15:44.436Z,BINANCE,ETHUSDC,1600.82,148.87626,2,1782753160644
2026-06-29T17:15:44.436Z,BINANCE,ETHUSDT,1602.92,13631.23168,2,1782753160597
2026-06-29T17:15:44.436Z,BINANCE,ETHUSDT,1602.64,3352.72288,2,1782753159426
2026-06-29T17:15:44.436Z,BINANCE,ETHUSDT,1602.64,24039.6,2,1782753159260
2026-06-29T17:15:44.436Z,BINANCE,ETHUSDT,1602.28,6447.57472,2,1782753157350
2026-06-29T17:15:44.436Z,BINANCE,ETHUSDT,1601.88,20824.44,2,1782753156572
2026-06-29T17:15:44.436Z,BINANCE,ETHUSDC,1600.03,230116.3146,2,1782753155679
2026-06-29T17:15:44.436Z,BINANCE,ETHUSDT,1600.83,33862.35699,2,1782753151238
2026-06-29T17:15:44.436Z,BINANCE,ETHUSDT,1600.85,101290.58205,2,1782753150336
2026-06-29T17:15:44.436Z,BINANCE,ETHUSDT_261225,1620.65,168.5476,2,1782753150294
2026-06-29T17:15:44.436Z,BINANCE,ETHUSDT,1600.22,38315.66768,2,1782753144545
2026-06-29T17:15:44.436Z,BINANCE,ETHUSDC,1597.88,6391.52,2,1782753143645
2026-06-29T17:15:44.436Z,BINANCE,ETHUSDT,1600.13,159923.39272,2,1782753142641
2026-06-29T17:15:44.436Z,BINANCE,ETHUSDC,1599.33,359849.25,2,1782753140469
2026-06-29T17:15:44.436Z,BINANCE,ETHUSDC,1598.97,3677.631,2,1782753140446
2026-06-29T17:15:44.436Z,BINANCE,ETHUSDT,1600.96,3201.92,2,1782753140412
2026-06-29T17:15:44.436Z,BINANCE,ETHUSDT,1598.92,2801.30784,2,1782753139468
2026-06-29T17:15:44.436Z,BINANCE,ETHUSDT,1598.96,308875.90008,2,1782753138654
2026-06-29T17:15:44.436Z,BINANCE,ETHUSDC,1596.12,4788.36,2,1782753135106
2026-06-29T17:15:44.436Z,BINANCE,ETHUSDT,1598.27,61961.73136,2,1782753134526
2026-06-29T17:15:44.436Z,BINANCE,ETHUSDT,1598.52,25744.1646,2,1782753134060
2026-06-29T17:15:44.436Z,BINANCE,ETHUSDT,1597.46,276.36058,2,1782753130085
2026-06-29T17:15:44.436Z,BINANCE,ETHUSDT,1597.51,185584.33421,2,1782753128452
2026-06-29T17:15:44.436Z,BINANCE,ETHUSDT,1597.46,79240.40584,2,1782753127177
2026-06-29T17:15:44.436Z,BINANCE,ETHUSDT,1597.46,2579.8979,2,1782753126286
2026-06-29T17:15:44.436Z,BINANCE,ETHUSDT,1597.72,14702.21944,2,1782753125206
2026-06-29T17:15:44.436Z,BINANCE,ETHUSDT,1596.9,5681.7702,2,1782753119459
2026-06-29T17:15:44.436Z,BINANCE,ETHUSDT,1596.96,3165.17472,2,1782753117644
2026-06-29T17:15:44.436Z,BINANCE,ETHUSDT,1596.86,188563.61624,2,1782753117236
2026-06-29T17:18:29.998Z,BINANCE,ETHUSDT,1630.35,8751.7188,2,1782753491156
2026-06-29T17:18:29.998Z,BINANCE,ETHUSDT,1630.83,106000.68834,2,1782753490695
2026-06-29T17:18:29.998Z,BINANCE,ETHUSDC,1628.97,3096.67197,2,1782753490383
2026-06-29T17:18:29.998Z,BINANCE,ETHUSDT,1630.44,81522,2,1782753490118
2026-06-29T17:18:29.998Z,BINANCE,ETHUSDT_261225,1652.1,1202.7288,2,1782753488456
2026-06-29T17:18:29.998Z,BINANCE,ETHUSDT_260925,1637.14,757.99582,2,1782753488456
2026-06-29T17:18:29.998Z,BINANCE,ETHUSDT,1631.37,193157.47074,2,1782753488136
2026-06-29T17:18:29.998Z,BINANCE,ETHUSD_PERP,1628.56,7700,2,1782753488084
2026-06-29T17:18:29.998Z,BINANCE,ETHUSDC,1625.06,1529.18146,2,1782753481520
2026-06-29T17:18:29.998Z,BINANCE,ETHUSDT,1627.98,152937.32514,2,1782753481113
2026-06-29T17:18:29.998Z,BINANCE,ETHUSDT,1628.6,506051.6208,2,1782753479366
2026-06-29T17:18:29.998Z,BINANCE,ETHUSDT,1628,12446.06,2,1782753478643
2026-06-29T17:18:29.998Z,BINANCE,ETHUSDC,1624.97,435.49196,2,1782753475617
2026-06-29T17:18:29.998Z,BINANCE,ETHUSDC,1624.73,281.07829,2,1782753473265
2026-06-29T17:18:29.998Z,BINANCE,ETHUSDT,1626.84,37796.37372,2,1782753473214
2026-06-29T17:18:29.998Z,BINANCE,ETHUSDT,1627.67,10394.30062,2,1782753471295
2026-06-29T17:18:29.998Z,BINANCE,ETHUSDT,1625.97,292959.14475,2,1782753456565
2026-06-29T17:18:29.998Z,BINANCE,ETHUSDT,1624.88,36272.19624,2,1782753442638
2026-06-29T17:18:29.998Z,BINANCE,ETHUSDT,1621.82,4174.56468,1,1782753389225
2026-06-29T17:18:29.998Z,BINANCE,ETHUSDC,1623.99,3247.98,2,1782753364455
2026-06-29T17:18:29.998Z,BINANCE,ETHUSDT,1625.93,50008.72901,2,1782753363416
2026-06-29T17:19:43.543Z,BINANCE,ETHUSDT,1629.17,3106.82719,2,1782753540419
2026-06-29T17:21:54.997Z,BINANCE,ETHUSDT,1621.34,2396.34052,1,1782753698596
2026-06-29T17:21:54.997Z,BINANCE,ETHUSDT,1623.05,496.6533,1,1782753670423
2026-06-29T17:21:54.997Z,BINANCE,ETHUSDT,1623.06,20601.50058,1,1782753669621
2026-06-29T17:26:05.632Z,BINANCE,ETHUSDT,1625.76,3909.9528,2,1782753957311
2026-06-29T17:26:05.632Z,BINANCE,ETHUSDT,1626.14,53817.1033,2,1782753955191
2026-06-29T17:26:05.632Z,BINANCE,ETHUSDT,1625.3,1001.1848,2,1782753953351
2026-06-29T17:26:05.632Z,BINANCE,ETHUSDT,1624.16,9454.23536,2,1782753948658
2026-06-29T17:29:50.795Z,BINANCE,ETHUSDT,1626.39,515.56563,2,1782754139207
2026-06-29T17:30:56.713Z,BINANCE,ETHUSDT,1629.6,16296,2,1782754252652
2026-06-29T17:30:56.713Z,BINANCE,ETHUSDT,1629.21,5702.235,2,1782754251583
2026-06-29T17:30:56.713Z,BINANCE,ETHUSDT,1628.01,3309.74433,2,1782754243237
2026-06-29T17:30:56.713Z,BINANCE,ETHUSDT,1627.12,1801.22184,2,1782754204507
2026-06-29T17:30:56.713Z,BINANCE,ETHUSDT,1627.12,5620.07248,2,1782754204126
2026-06-29T17:30:56.713Z,BINANCE,ETHUSDT,1626.97,1343.87722,2,1782754193179
2026-06-29T17:30:56.713Z,BINANCE,ETHUSDT,1626.93,1530.94113,2,1782754191597
2026-06-29T17:32:30.869Z,BINANCE,ETHUSDT,1631.93,310778.22148,2,1782754262874
2026-06-29T17:32:30.869Z,BINANCE,ETHUSDC,1629.5,4888.5,2,1782754262811
2026-06-29T17:32:30.869Z,BINANCE,ETHUSDT_261225,1652.04,1399.27788,2,1782754262636
2026-06-29T17:32:30.869Z,BINANCE,ETHUSDT,1631.92,61303.0748,2,1782754262233
2026-06-29T17:32:30.869Z,BINANCE,ETHUSD_PERP,1629.82,230,2,1782754262138
2026-06-29T17:32:30.869Z,BINANCE,ETHUSDT,1632.5,29127.065,2,1782754261483
2026-06-29T17:32:30.869Z,BINANCE,ETHUSDT,1631.29,639.46568,2,1782754260240
2026-06-29T17:32:30.869Z,BINANCE,ETHUSDT,1630.39,5385.17817,2,1782754258198
2026-06-29T17:32:30.869Z,BINANCE,ETHUSDT,1630.26,1630.26,2,1782754256240
2026-06-29T17:33:38.951Z,BINANCE,ETHUSDT,1625.72,1715.1346,1,1782754351181
2026-06-29T17:39:55.423Z,BINANCE,ETHUSDT,1622.1,115277.7807,1,1782754751479
2026-06-29T17:43:08.379Z,BINANCE,ETHUSDT,1627.15,4749.65085,2,1782754943624
2026-06-29T17:43:08.379Z,BINANCE,ETHUSDT,1627.16,2375.6536,2,1782754928273
2026-06-29T17:43:08.379Z,BINANCE,ETHUSDT,1626.51,691.26675,2,1782754926334
2026-06-29T17:45:20.233Z,BINANCE,ETHUSDC,1628.86,2097.97168,2,1782755093093
2026-06-29T17:45:20.233Z,BINANCE,ETHUSDT,1631.02,10789.1973,2,1782755092693
2026-06-29T17:45:20.233Z,BINANCE,ETHUSDT,1631,127351.742,2,1782755092201
2026-06-29T17:45:20.233Z,BINANCE,ETHUSDT,1628.55,293.139,2,1782755087110
2026-06-29T17:45:20.233Z,BINANCE,ETHUSDT,1628.48,104.22272,2,1782755081427
2026-06-29T17:45:20.233Z,BINANCE,ETHUSDT,1627.86,110.69448,2,1782755078423
2026-06-29T17:49:03.616Z,BINANCE,ETHUSDC,1633.19,3116.12652,2,1782755173216
2026-06-29T17:49:03.616Z,BINANCE,ETHUSDC,1632.67,2220.4312,2,1782755165449
2026-06-29T17:49:03.616Z,BINANCE,ETHUSDT,1634.58,47589.16212,2,1782755164762
2026-06-29T17:49:03.616Z,BINANCE,ETHUSDT_260925,1640.01,154.16094,2,1782755164694
2026-06-29T17:49:03.616Z,BINANCE,ETHUSDT,1635.41,269580.9844,2,1782755163586
2026-06-29T17:49:03.616Z,BINANCE,ETHUSDC,1634.04,4188.04452,2,1782755163244
2026-06-29T17:49:03.616Z,BINANCE,ETHUSDT,1636.11,72990.13932,2,1782755163196
2026-06-29T17:49:03.616Z,BINANCE,ETHUSDT_260925,1641.96,21345.48,2,1782755163138
2026-06-29T17:49:03.616Z,BINANCE,ETHUSD_PERP,1633.53,1990,2,1782755163078
2026-06-29T17:49:03.616Z,BINANCE,ETHUSDT,1636.01,123504.03091,2,1782755162386
2026-06-29T17:56:43.986Z,BINANCE,ETHUSDT,1631.5,4657.9325,2,1782755790402
2026-06-29T17:57:52.069Z,BINANCE,ETHUSDT,1631.01,2653.65327,2,1782755835452
2026-06-29T18:00:08.703Z,BINANCE,ETHUSDT,1627.04,1049.4408,1,1782755950419
2026-06-29T18:02:05.892Z,BINANCE,ETHUSDT,1623.9,134.7837,1,1782756036401
2026-06-29T18:02:05.892Z,BINANCE,ETHUSDT,1624.17,23350.69209,1,1782756035281
2026-06-29T18:02:05.892Z,BINANCE,ETHUSDT,1625.7,2888.8689,1,1782756020842
2026-06-29T18:24:18.788Z,BINANCE,ETHUSDT,1627.18,14019.78288,2,1782757397345
2026-06-29T18:27:43.177Z,BINANCE,ETHUSDT,1622.71,1014.19375,1,1782757649150
2026-06-29T18:28:51.280Z,BINANCE,ETHUSDT,1621.55,2691.773,1,1782757692250
2026-06-29T18:28:51.280Z,BINANCE,ETHUSDT,1621.84,3195.0248,1,1782757685295
2026-06-29T18:29:54.619Z,BINANCE,ETHUSDT,1618.43,8590.62644,1,1782757756481
2026-06-29T18:29:54.619Z,BINANCE,ETHUSDT,1618.5,3241.8555,1,1782757754452
2026-06-29T18:29:54.619Z,BINANCE,ETHUSDT,1619.23,11334.61,1,1782757750434
2026-06-29T18:29:54.619Z,BINANCE,ETHUSDT,1619.3,11435.4966,1,1782757741598
2026-06-29T18:29:54.619Z,BINANCE,ETHUSDT,1619.94,242.991,1,1782757738416
2026-06-29T18:29:54.619Z,BINANCE,ETHUSDT,1620.01,2640.6163,1,1782757737737
2026-06-29T18:29:54.619Z,BINANCE,ETHUSDT,1620.06,68024.69934,1,1782757736136
2026-06-29T18:35:18.694Z,BINANCE,ETHUSDT,1620.76,306.32364,2,1782758100612
2026-06-29T18:36:26.986Z,BINANCE,ETHUSDT,1622.04,13599.18336,2,1782758139446
2026-06-29T18:38:42.912Z,BINANCE,ETHUSDT,1622.34,751.14342,2,1782758268118
2026-06-29T18:39:51.099Z,BINANCE,ETHUSDT,1623.08,1496.47976,2,1782758331246
2026-06-29T19:02:31.222Z,BINANCE,ETHUSDT,1617.65,2243.68055,1,1782759748578
2026-06-29T19:03:47.334Z,BINANCE,ETHUSDT,1616.35,3979.4537,1,1782759817295
2026-06-29T19:03:47.334Z,BINANCE,ETHUSDT,1617.18,78580.39338,1,1782759796617
2026-06-29T19:04:40.247Z,BINANCE,ETHUSDT,1615.97,1666.06507,1,1782759822524
2026-06-29T19:10:16.882Z,BINANCE,ETHUSDT,1617.4,2081.5938,2,1782760214181
2026-06-29T19:11:30.350Z,BINANCE,ETHUSDT,1617.88,255.62504,2,1782760251438
2026-06-29T19:11:30.350Z,BINANCE,ETHUSDT,1617.4,634.0208,2,1782760215217
2026-06-29T19:20:31.510Z,BINANCE,ETHUSDT,1622.08,1503.66816,2,1782760818774
2026-06-29T19:20:31.510Z,BINANCE,ETHUSDT,1621.97,1458.15103,2,1782760816380
2026-06-29T19:20:31.510Z,BINANCE,ETHUSDT,1622.1,204.3846,2,1782760814371
2026-06-29T19:20:31.510Z,BINANCE,ETHUSDT,1620.78,12024.56682,2,1782760811237
2026-06-29T19:21:39.891Z,BINANCE,ETHUSDT,1622.4,1886.8512,2,1782760852202
2026-06-29T19:22:42.839Z,BINANCE,ETHUSDT,1622.9,736.7966,2,1782760959207
2026-06-29T19:22:42.839Z,BINANCE,ETHUSDT,1622.46,4474.74468,2,1782760952375
2026-06-29T19:23:50.861Z,BINANCE,ETHUSDT,1623.83,44228.25771,2,1782760999404
2026-06-29T19:23:50.861Z,BINANCE,ETHUSDT,1623.94,2772.06558,2,1782760998122
2026-06-29T19:23:50.861Z,BINANCE,ETHUSDC,1622.16,184.92624,2,1782760997521
2026-06-29T19:23:50.861Z,BINANCE,ETHUSDT,1623.19,384.69603,2,1782760976608
2026-06-29T19:24:53.563Z,BINANCE,ETHUSDT,1625.25,229.16025,2,1782761084439
2026-06-29T19:24:53.563Z,BINANCE,ETHUSDT,1624.49,860.9797,2,1782761081292
2026-06-29T19:24:53.563Z,BINANCE,ETHUSDT,1624.31,112.07739,2,1782761080271
2026-06-29T19:29:28.462Z,BINANCE,ETHUSDT,1626.45,10005.9204,2,1782761334566
2026-06-29T19:29:28.462Z,BINANCE,ETHUSDT,1626.25,487.875,2,1782761329736
2026-06-29T19:29:28.462Z,BINANCE,ETHUSDT,1626.25,2684.93875,2,1782761329065
2026-06-29T19:41:58.774Z,BINANCE,ETHUSDT,1622.64,1627.50792,2,1782762066572
2026-06-29T19:52:07.926Z,BINANCE,ETHUSDT,1626.28,229.30548,2,1782762694620
2026-06-29T19:55:32.407Z,BINANCE,ETHUSDT,1626.59,310.67869,2,1782762912475
2026-06-29T20:03:19.452Z,BINANCE,ETHUSDC,1623.27,332.77035,1,1782763344524
2026-06-29T20:03:19.452Z,BINANCE,ETHUSDT,1625.15,11130.65235,2,1782763344192
2026-06-29T20:31:54.521Z,BINANCE,ETHUSDT,1621.04,810.52,2,1782765097313
2026-06-29T20:37:32.587Z,BINANCE,ETHUSDT,1624.99,116.99928,2,1782765414561
2026-06-29T20:46:43.186Z,BINANCE,ETHUSDT,1619.26,270.41642,1,1782765946530
2026-06-29T20:54:56.050Z,BINANCE,ETHUSDT,1618.88,150.55584,1,1782766451503
2026-06-29T20:56:04.227Z,BINANCE,ETHUSDT,1618.43,255.71194,1,1782766514479
2026-06-29T20:57:07.247Z,BINANCE,ETHUSDT,1617.29,1059.32495,1,1782766607126
2026-06-29T21:00:31.680Z,BINANCE,ETHUSDT,1616.54,956.99168,1,1782766771339
2026-06-29T21:05:04.720Z,BINANCE,ETHUSDT,1611.7,2768.9006,1,1782767080080
2026-06-29T21:05:04.720Z,BINANCE,ETHUSDT,1611.7,125436.9993,1,1782767079121
2026-06-29T21:05:04.720Z,BINANCE,ETHUSDT,1611.67,794664.51523,1,1782767077249
2026-06-29T21:05:04.720Z,BINANCE,ETHUSDC,1610.81,330.21605,1,1782767076333
2026-06-29T21:05:04.720Z,BINANCE,ETHUSDT,1613.58,133.92714,1,1782767074163
2026-06-29T21:05:04.720Z,BINANCE,ETHUSDC,1612.93,343.55409,1,1782767073212
2026-06-29T21:05:04.720Z,BINANCE,ETHUSDT,1614.69,64513.32426,1,1782767071680
2026-06-29T21:05:04.720Z,BINANCE,ETHUSDT,1615,3230,1,1782767069067
2026-06-29T21:05:04.720Z,BINANCE,ETHUSDT,1615.54,159.93846,1,1782767067520
2026-06-29T21:05:04.720Z,BINANCE,ETHUSDT,1616.19,3689.76177,1,1782767045568
2026-06-29T21:14:04.300Z,BINANCE,ETHUSDT,1620.28,70162.98484,2,1782767584514
2026-06-29T21:34:28.722Z,BINANCE,ETHUSDT,1618.47,812.47194,2,1782768823290
2026-06-29T21:40:04.372Z,BINANCE,ETHUSDT,1620,110.16,2,1782769175568
2026-06-29T21:41:07.658Z,BINANCE,ETHUSDT,1620.23,157549.54497,2,1782769206599
2026-06-29T21:42:15.674Z,BINANCE,ETHUSDC,1619,361.037,2,1782769276448
2026-06-29T21:48:54.302Z,BINANCE,ETHUSDT,1621.25,810.625,2,1782769706225
2026-06-29T21:48:54.302Z,BINANCE,ETHUSDT,1621.67,131.35527,2,1782769699604
2026-06-29T21:55:53.543Z,BINANCE,ETHUSDT,1622.13,2465.6376,2,1782770091458
2026-06-29T21:55:53.543Z,BINANCE,ETHUSDT,1621.98,332.5059,2,1782770087089
2026-06-29T22:02:52.538Z,BINANCE,ETHUSDT,1618.75,1766.05625,2,1782770558275
2026-06-29T22:34:10.969Z,BINANCE,ETHUSDT,1615.5,308.5605,1,1782772391518
2026-06-29T22:35:19.133Z,BINANCE,ETHUSDT,1614.78,1225.61802,1,1782772480497
2026-06-29T22:35:19.133Z,BINANCE,ETHUSDT,1614.92,343.97796,1,1782772459089
2026-06-29T22:36:27.240Z,BINANCE,ETHUSDT,1613.38,1358.46596,1,1782772550422
2026-06-29T22:47:42.644Z,BINANCE,ETHUSDT,1614.75,6459,1,1782773230286
2026-06-29T22:47:42.644Z,BINANCE,ETHUSDT,1614.58,163.07258,1,1782773228759
2026-06-29T22:57:56.503Z,BINANCE,ETHUSDT,1612.08,23981.30208,1,1782773868724
2026-06-29T22:57:56.503Z,BINANCE,ETHUSDT,1611.99,322.398,1,1782773854497
2026-06-29T22:57:56.503Z,BINANCE,ETHUSDT,1612.51,278.96423,1,1782773849136
2026-06-29T23:12:07.813Z,BINANCE,ETHUSDT,1611.32,686.42232,1,1782774702246
2026-06-29T23:12:07.813Z,BINANCE,ETHUSDT,1611.42,2417.13,1,1782774685316
2026-06-29T23:18:55.750Z,BINANCE,ETHUSDT,1610.17,172.28819,1,1782775105236
2026-06-29T23:18:55.750Z,BINANCE,ETHUSDT,1610.17,805.085,1,1782775103053
2026-06-29T23:18:55.750Z,BINANCE,ETHUSDT,1610.3,16103,1,1782775077425
2026-06-29T23:18:55.750Z,BINANCE,ETHUSDT,1610.44,3407.69104,1,1782775075484
2026-06-29T23:21:07.883Z,BINANCE,ETHUSDT,1609.19,746.66416,1,1782775225721
2026-06-29T23:21:07.883Z,BINANCE,ETHUSDT,1609.19,11359.27221,1,1782775223687
2026-06-29T23:21:07.883Z,BINANCE,ETHUSDT,1609.35,1609.35,1,1782775214695
2026-06-29T23:21:07.883Z,BINANCE,ETHUSDT,1609.51,859.47834,1,1782775212439
2026-06-29T23:21:07.883Z,BINANCE,ETHUSDT,1609.51,8066.86412,1,1782775211532
2026-06-29T23:21:07.883Z,BINANCE,ETHUSDT,1609.62,11276.99772,1,1782775208427
2026-06-29T23:21:07.883Z,BINANCE,ETHUSDT,1609.83,402.4575,1,1782775207325
2026-06-29T23:21:07.883Z,BINANCE,ETHUSDC,1608.16,1609.76816,1,1782775207249
2026-06-29T23:23:18.990Z,BINANCE,ETHUSDT,1608.06,2162.8407,1,1782775392129
2026-06-29T23:23:18.990Z,BINANCE,ETHUSDT,1608.06,562.821,1,1782775390365
2026-06-29T23:23:18.990Z,BINANCE,ETHUSDT,1608.4,804.2,1,1782775388557
2026-06-29T23:23:18.990Z,BINANCE,ETHUSDT,1608.53,37208.51596,1,1782775386634
2026-06-29T23:23:18.990Z,BINANCE,ETHUSDC,1606.93,4094.45764,1,1782775384654
2026-06-29T23:23:18.990Z,BINANCE,ETHUSDT,1608.62,117.42926,1,1782775382647
2026-06-29T23:24:27.096Z,BINANCE,ETHUSDT,1607.45,236777.385,1,1782775456808
2026-06-29T23:24:27.096Z,BINANCE,ETHUSDT,1607.7,321.54,1,1782775423049
2026-06-29T23:24:27.096Z,BINANCE,ETHUSDC,1606.11,9636.66,1,1782775418206
2026-06-29T23:24:27.096Z,BINANCE,ETHUSDT,1607.7,567.5181,1,1782775417341
2026-06-29T23:26:43.151Z,BINANCE,ETHUSDT,1608.36,162.44436,2,1782775567289
2026-06-29T23:31:07.026Z,BINANCE,ETHUSDT,1606.9,401.725,1,1782775832587
2026-06-29T23:31:07.026Z,BINANCE,ETHUSDT,1607.13,332.67591,1,1782775823430
2026-06-29T23:31:07.026Z,BINANCE,ETHUSDT,1607,120.525,1,1782775820421
2026-06-29T23:31:07.026Z,BINANCE,ETHUSDC,1605.75,1249.2735,1,1782775810292
2026-06-30T00:06:06.498Z,BINANCE,ETHUSDT,1612.75,375.77075,2,1782777897502
2026-06-30T00:07:14.645Z,BINANCE,ETHUSDT,1612.42,23049.5439,1,1782778008556
2026-06-30T00:19:43.811Z,BINANCE,ETHUSDT,1608.69,13897.47291,1,1782778770723
2026-06-30T00:23:19.496Z,BINANCE,ETHUSDT,1607.43,851.9379,1,1782778996381
2026-06-30T00:26:43.616Z,BINANCE,ETHUSDT,1608.13,207.44877,2,1782779149577
2026-06-30T00:27:56.864Z,BINANCE,ETHUSDT,1606.16,1794.08072,1,1782779272378
2026-06-30T00:27:56.864Z,BINANCE,ETHUSDT,1606.3,24094.5,1,1782779268350
2026-06-30T00:27:56.864Z,BINANCE,ETHUSDT,1606.3,6532.8221,1,1782779267243
2026-06-30T00:27:56.864Z,BINANCE,ETHUSDC,1605.27,401.3175,1,1782779265646
2026-06-30T00:29:04.984Z,BINANCE,ETHUSDT,1602.94,149.07342,1,1782779332113
2026-06-30T00:29:04.984Z,BINANCE,ETHUSDT,1602.64,12039.03168,1,1782779331066
2026-06-30T00:29:04.984Z,BINANCE,ETHUSDT,1603.01,6721.42093,1,1782779328357
2026-06-30T00:29:04.984Z,BINANCE,ETHUSDT,1603.18,1436.44928,1,1782779326226
2026-06-30T00:29:04.984Z,BINANCE,ETHUSDT,1603.05,13125.7734,1,1782779324207
2026-06-30T00:29:04.984Z,BINANCE,ETHUSDT,1603.6,128.288,1,1782779322425
2026-06-30T00:29:04.984Z,BINANCE,ETHUSDT,1603.92,2964.04416,1,1782779317306
2026-06-30T00:29:04.984Z,BINANCE,ETHUSDC,1602.22,5721.52762,1,1782779317264
2026-06-30T00:29:04.984Z,BINANCE,ETHUSDT,1603.87,2614.3081,1,1782779315266
2026-06-30T00:29:04.984Z,BINANCE,ETHUSDT,1604.48,22130.59264,1,1782779298598
2026-06-30T00:29:04.984Z,BINANCE,ETHUSDT,1604.64,449299.2,1,1782779298258
2026-06-30T00:29:04.984Z,BINANCE,ETHUSDT,1605.02,574.59716,1,1782779293713
2026-06-30T00:29:04.984Z,BINANCE,ETHUSDT,1605.06,295854.28956,1,1782779291518
2026-06-30T00:29:04.984Z,BINANCE,ETHUSDT,1605.15,1374.0084,1,1782779291265
2026-06-30T00:29:04.984Z,BINANCE,ETHUSDT,1605.37,16053.7,1,1782779285237
2026-06-30T00:29:04.984Z,BINANCE,ETHUSDT,1606.2,1490.5536,1,1782779280492
2026-06-30T00:30:10.202Z,BINANCE,ETHUSDT,1600.69,3239.79656,1,1782779406345
2026-06-30T00:30:10.202Z,BINANCE,ETHUSDT,1601.22,723.75144,1,1782779405215
2026-06-30T00:30:10.202Z,BINANCE,ETHUSDT,1600.83,13621.46247,1,1782779404075
2026-06-30T00:30:10.202Z,BINANCE,ETHUSDT,1602.54,16025.4,1,1782779354258
2026-06-30T00:30:10.202Z,BINANCE,ETHUSDT,1602.7,171.4889,1,1782779351427
2026-06-30T00:35:19.732Z,BINANCE,ETHUSDC,1590.8,3418.6292,1,1782779531369
2026-06-30T00:35:19.732Z,BINANCE,ETHUSDT,1592.21,3908759.31867,1,1782779530304
2026-06-30T00:35:19.732Z,BINANCE,ETHUSDC,1591.38,141.63282,1,1782779530245
2026-06-30T00:35:19.732Z,BINANCE,ETHUSDT,1592.26,7767.04428,1,1782779529161
2026-06-30T00:35:19.732Z,BINANCE,ETHUSD_PERP,1590.5,380,1,1782779529069
2026-06-30T00:35:19.732Z,BINANCE,ETHUSDT,1592.64,21000.55104,1,1782779528346
2026-06-30T00:35:19.732Z,BINANCE,ETHUSDT,1593.65,2384.1004,1,1782779525185
2026-06-30T00:35:19.732Z,BINANCE,ETHUSDT,1593.89,19128.27389,1,1782779523503
2026-06-30T00:35:19.732Z,BINANCE,ETHUSD_PERP,1591.46,1260,1,1782779522116
2026-06-30T00:35:19.732Z,BINANCE,ETHUSDC,1591.97,132.13351,1,1782779522114
2026-06-30T00:35:19.732Z,BINANCE,ETHUSDT,1593.43,14224.54961,1,1782779521650
2026-06-30T00:35:19.732Z,BINANCE,ETHUSDT,1594.06,5120.12072,1,1782779520381
2026-06-30T00:35:19.732Z,BINANCE,ETHUSDC,1592.66,15130.27,1,1782779520223
2026-06-30T00:35:19.732Z,BINANCE,ETHUSDT,1594.52,116656.67772,1,1782779519418
2026-06-30T00:35:19.732Z,BINANCE,ETHUSDT,1595.3,16249.7258,1,1782779518287
2026-06-30T00:35:19.732Z,BINANCE,ETHUSDC,1594.06,108.39608,1,1782779517290
2026-06-30T00:35:19.732Z,BINANCE,ETHUSDT,1596.16,1845.16096,1,1782779515620
2026-06-30T00:35:19.732Z,BINANCE,ETHUSDT,1596.64,151680.8,1,1782779502464
2026-06-30T00:35:19.732Z,BINANCE,ETHUSDT,1597.1,223.594,1,1782779497178
2026-06-30T00:35:19.732Z,BINANCE,ETHUSDT,1597.1,1597.1,1,1782779496325
2026-06-30T00:35:19.732Z,BINANCE,ETHUSDT,1597.01,22439.58751,1,1782779491060
2026-06-30T00:35:19.732Z,BINANCE,ETHUSDT,1597.86,1636.20864,1,1782779479574
2026-06-30T00:35:19.732Z,BINANCE,ETHUSDT,1598.07,83388.89067,1,1782779478292
2026-06-30T00:35:19.732Z,BINANCE,ETHUSDT,1598.35,3466.82115,1,1782779476455
2026-06-30T00:35:19.732Z,BINANCE,ETHUSDT,1598.49,1873.43028,1,1782779470596
2026-06-30T00:35:19.732Z,BINANCE,ETHUSDT,1598.52,792622.94496,1,1782779463741
2026-06-30T00:35:19.732Z,BINANCE,ETHUSDT,1598.9,7994.5,1,1782779452186
2026-06-30T00:35:19.732Z,BINANCE,ETHUSDT,1599.17,239.8755,1,1782779449263
2026-06-30T00:35:19.732Z,BINANCE,ETHUSDT,1599.17,147030.88814,1,1782779448334
2026-06-30T00:35:19.732Z,BINANCE,ETHUSDT,1599.14,74735.8079,1,1782779447224
2026-06-30T00:35:19.732Z,BINANCE,ETHUSD_PERP,1597,1440,1,1782779446051
2026-06-30T00:35:19.732Z,BINANCE,ETHUSDT,1600.04,295936.99824,1,1782779445331
2026-06-30T00:35:19.732Z,BINANCE,ETHUSDT,1600.77,800.385,1,1782779419518
2026-06-30T00:35:19.732Z,BINANCE,ETHUSDT,1601.07,196878.77469,1,1782779412593
2026-06-30T00:35:19.732Z,BINANCE,ETHUSDT,1600.49,3202.58049,1,1782779411437
2026-06-30T00:35:19.732Z,BINANCE,ETHUSDT,1600.61,2954.72606,1,1782779409650
2026-06-30T00:35:19.732Z,BINANCE,ETHUSDC,1599.11,7004.1018,1,1782779409434
2026-06-30T00:35:19.732Z,BINANCE,ETHUSDT,1600.61,1523.78072,1,1782779408422
2026-06-30T00:39:52.900Z,BINANCE,ETHUSDT,1592.42,9009.91236,1,1782779972207
2026-06-30T00:41:06.612Z,BINANCE,ETHUSDC,1590.32,135.1772,1,1782780055388
2026-06-30T00:41:06.612Z,BINANCE,ETHUSDT,1592.08,288.16648,1,1782780043245
2026-06-30T00:41:06.612Z,BINANCE,ETHUSDT,1592.08,2747.93008,1,1782780042545
2026-06-30T00:41:06.612Z,BINANCE,ETHUSDT,1592.45,1796.2836,1,1782779994658
2026-06-30T00:46:42.216Z,BINANCE,ETHUSDT,1596.22,181.96908,2,1782780395533
2026-06-30T01:01:53.920Z,BINANCE,ETHUSDT,1593.61,1695.60104,1,1782781299400
2026-06-30T01:03:07.080Z,BINANCE,ETHUSDT,1591,10914.26,1,1782781384278
2026-06-30T01:03:07.080Z,BINANCE,ETHUSDT,1591.66,15916.6,1,1782781379330
2026-06-30T01:03:07.080Z,BINANCE,ETHUSDC,1590.2,3449.1438,1,1782781328619
2026-06-30T01:03:07.080Z,BINANCE,ETHUSDT,1591.79,2069.327,1,1782781327520
2026-06-30T01:03:07.080Z,BINANCE,ETHUSDT,1591.79,2869.99737,1,1782781327311
2026-06-30T01:03:07.080Z,BINANCE,ETHUSDT,1592.1,56267.9982,1,1782781324136
2026-06-30T01:04:20.107Z,BINANCE,ETHUSDT,1590.59,15309.42875,1,1782781401489
2026-06-30T01:04:20.107Z,BINANCE,ETHUSDC,1588.79,49373.23804,1,1782781400462
2026-06-30T01:04:20.107Z,BINANCE,ETHUSDT,1590.51,564.63105,1,1782781400127
2026-06-30T01:05:28.371Z,BINANCE,ETHUSDT,1594.77,178239.46905,2,1782781461416
2026-06-30T01:07:46.216Z,BINANCE,ETHUSDT,1591.56,4774.68,1,1782781657182
2026-06-30T01:07:46.216Z,BINANCE,ETHUSDT,1592.24,254.7584,1,1782781640017
2026-06-30T01:07:46.216Z,BINANCE,ETHUSDT,1592.15,1709.9691,1,1782781633097
2026-06-30T01:08:54.312Z,BINANCE,ETHUSDC,1588.55,11067.42785,1,1782781697577
2026-06-30T01:08:54.312Z,BINANCE,ETHUSDT,1590.2,1171.9774,1,1782781697106
2026-06-30T01:08:54.312Z,BINANCE,ETHUSDT,1590.5,157.4595,1,1782781693346
2026-06-30T01:08:54.312Z,BINANCE,ETHUSDT,1590.44,795.22,1,1782781692150
2026-06-30T01:08:54.312Z,BINANCE,ETHUSDT,1591.04,195.69792,1,1782781689412
2026-06-30T01:08:54.312Z,BINANCE,ETHUSDT,1591.11,16945.3215,1,1782781662410
2026-06-30T01:12:14.289Z,BINANCE,ETHUSDT,1590.65,448.5633,1,1782781914605
2026-06-30T01:12:14.289Z,BINANCE,ETHUSDT,1590.55,620.3145,1,1782781912528
2026-06-30T01:21:03.883Z,BINANCE,ETHUSDT,1595.17,15010.5497,2,1782782445642
2026-06-30T01:21:03.883Z,BINANCE,ETHUSDT,1595.44,1140.7396,2,1782782441261
2026-06-30T01:25:30.961Z,BINANCE,ETHUSDT,1596.01,1054.96261,2,1782782669163
2026-06-30T01:27:42.478Z,BINANCE,ETHUSDC,1596.47,137.29642,2,1782782810181
2026-06-30T01:27:42.478Z,BINANCE,ETHUSDT,1597.91,631.17445,2,1782782803177
2026-06-30T01:30:04.101Z,BINANCE,ETHUSDT,1598.31,246.13974,1,1782782936157
2026-06-30T01:39:04.079Z,BINANCE,ETHUSDT,1593.41,1418.1349,1,1782783537307
2026-06-30T01:39:04.079Z,BINANCE,ETHUSDT,1594.17,71804.60514,1,1782783497728
2026-06-30T01:41:18.236Z,BINANCE,ETHUSDT,1588.12,5425.01792,1,1782783669100
2026-06-30T01:41:18.236Z,BINANCE,ETHUSDT,1588.28,9273.96692,1,1782783666575
2026-06-30T01:41:18.236Z,BINANCE,ETHUSDC,1586.53,48385.99194,1,1782783662540
2026-06-30T01:41:18.236Z,BINANCE,ETHUSDT,1588.29,3661.00845,1,1782783662535
2026-06-30T01:41:18.236Z,BINANCE,ETHUSDT,1588.53,992.83125,1,1782783661577
2026-06-30T01:41:18.236Z,BINANCE,ETHUSDT,1588.87,15729.813,1,1782783659407
2026-06-30T01:41:18.236Z,BINANCE,ETHUSDT,1590.22,1590.22,1,1782783655404
2026-06-30T02:03:27.937Z,BINANCE,ETHUSDT,1590.88,1353.83888,1,1782784997287
2026-06-30T02:12:29.534Z,BINANCE,ETHUSDT,1587.72,2562.58008,1,1782785528377
2026-06-30T02:12:29.534Z,BINANCE,ETHUSDT,1587.17,8094.567,1,1782785491465
2026-06-30T02:12:29.534Z,BINANCE,ETHUSDC,1585.27,7446.01319,1,1782785490321
2026-06-30T02:12:29.534Z,BINANCE,ETHUSDT,1586.96,6178.03528,1,1782785489675
2026-06-30T02:13:32.508Z,BINANCE,ETHUSDT,1588.41,419.34024,1,1782785561337
2026-06-30T02:14:40.566Z,BINANCE,ETHUSDT,1586.9,598.2613,1,1782785664437
2026-06-30T02:14:40.566Z,BINANCE,ETHUSDT,1586.84,3644.97148,1,1782785651389
2026-06-30T02:14:40.566Z,BINANCE,ETHUSDC,1584.83,35197.48947,1,1782785647583
2026-06-30T02:14:40.566Z,BINANCE,ETHUSDT,1586.67,793.335,1,1782785646557
2026-06-30T02:15:43.569Z,BINANCE,ETHUSDC,1585.6,158.56,2,1782785706314
2026-06-30T02:16:51.740Z,BINANCE,ETHUSDT,1585.75,255.30575,1,1782785756159
2026-06-30T02:16:51.740Z,BINANCE,ETHUSDT,1586.07,2991.32802,1,1782785749101
2026-06-30T02:16:51.740Z,BINANCE,ETHUSDT,1586.13,5234.229,1,1782785747552
2026-06-30T02:16:51.740Z,BINANCE,ETHUSDT,1586.32,3172.64,1,1782785745152
2026-06-30T02:17:54.485Z,BINANCE,ETHUSDT,1585.74,158.574,1,1782785836792
2026-06-30T02:19:07.859Z,BINANCE,ETHUSDT,1586.83,466.52802,1,1782785894685
2026-06-30T02:23:40.342Z,BINANCE,ETHUSDT,1590.24,1257.87984,2,1782786170349
2026-06-30T02:25:56.435Z,BINANCE,ETHUSDT,1590.82,300224.32286,2,1782786351617
2026-06-30T03:01:52.646Z,BINANCE,ETHUSDT,1590.5,3181,2,1782788479514
2026-06-30T03:01:52.646Z,BINANCE,ETHUSDT,1590.58,645.77548,1,1782788467655
2026-06-30T03:01:52.646Z,BINANCE,ETHUSDT,1590.58,93570.64024,1,1782788465508
2026-06-30T03:01:52.646Z,BINANCE,ETHUSDT,1590.58,41627.06918,1,1782788464236
2026-06-30T03:01:52.646Z,BINANCE,ETHUSDT,1586.75,1269.4,2,1782788462361
2026-06-30T03:02:55.393Z,BINANCE,ETHUSDT,1591.3,111.391,2,1782788547316
2026-06-30T03:09:39.093Z,BINANCE,ETHUSDT,1590.5,1668.4345,1,1782788914275
2026-06-30T03:13:55.901Z,BINANCE,ETHUSDT,1591.41,537.89658,1,1782789218311
2026-06-30T03:19:31.991Z,BINANCE,ETHUSDT,1594.92,5799.12912,2,1782789545772
2026-06-30T03:19:31.991Z,BINANCE,ETHUSDT,1594.16,435.20568,2,1782789511594
2026-06-30T03:20:40.312Z,BINANCE,ETHUSDT,1595.19,500.88966,2,1782789596073
2026-06-30T03:34:43.435Z,BINANCE,ETHUSDT,1588.01,587.5637,1,1782790457578
2026-06-30T03:34:43.435Z,BINANCE,ETHUSDT,1588.2,223.9362,1,1782790445272
2026-06-30T03:34:43.435Z,BINANCE,ETHUSDT,1588.5,2487.591,1,1782790437393
2026-06-30T03:42:30.612Z,BINANCE,ETHUSDT,1589.66,6466.73688,1,1782790933123
2026-06-30T03:43:43.724Z,BINANCE,ETHUSDT,1589.5,246.3725,1,1782790971398
2026-06-30T03:54:07.156Z,BINANCE,ETHUSDT,1586.29,145.93868,1,1782791643690
2026-06-30T03:54:07.156Z,BINANCE,ETHUSDT,1586.51,3009.60947,1,1782791613269
2026-06-30T03:54:07.156Z,BINANCE,ETHUSDT,1586.51,136.43986,1,1782791611152
2026-06-30T03:54:07.156Z,BINANCE,ETHUSDT,1586.75,2991.02375,1,1782791606163
2026-06-30T03:55:15.329Z,BINANCE,ETHUSDT,1586.37,276.02838,1,1782791646558
2026-06-30T04:00:55.995Z,BINANCE,ETHUSDT,1585.48,211360.3388,1,1782792041660
2026-06-30T04:00:55.995Z,BINANCE,ETHUSDC,1583.48,292.9438,1,1782792041080
2026-06-30T04:00:55.995Z,BINANCE,ETHUSDT,1585.51,28269.6433,1,1782792035318
2026-06-30T04:02:05.220Z,BINANCE,ETHUSDT,1584.46,3168.92,1,1782792083458
2026-06-30T04:02:05.220Z,BINANCE,ETHUSDT,1584.42,212237.81226,1,1782792081201
2026-06-30T04:02:05.220Z,BINANCE,ETHUSDT,1584.74,3438.8858,1,1782792067266
2026-06-30T04:02:05.220Z,BINANCE,ETHUSDT,1585.29,171.21132,1,1782792061488
2026-06-30T04:02:05.220Z,BINANCE,ETHUSDT,1585.21,1266.58279,1,1782792058170
2026-06-30T04:03:18.545Z,BINANCE,ETHUSDT,1583.78,90421.16776,1,1782792188338
2026-06-30T04:03:18.545Z,BINANCE,ETHUSDT,1583.74,17322.94812,1,1782792185588
2026-06-30T04:03:18.545Z,BINANCE,ETHUSDT,1583.87,3167.74,1,1782792184504
2026-06-30T04:03:18.545Z,BINANCE,ETHUSDT,1584.36,6407.15184,1,1782792172505
2026-06-30T04:03:18.545Z,BINANCE,ETHUSDT,1584.41,1498.85186,1,1782792165302
2026-06-30T04:07:55.828Z,BINANCE,ETHUSDT,1582.26,1753.14408,1,1782792468183
2026-06-30T04:07:55.828Z,BINANCE,ETHUSDT,1582.55,12071.6914,1,1782792435611
2026-06-30T04:07:55.828Z,BINANCE,ETHUSDT,1582.57,7912.85,1,1782792434078
2026-06-30T04:07:55.828Z,BINANCE,ETHUSDT,1582.62,486062.1675,1,1782792429675
2026-06-30T04:07:55.828Z,BINANCE,ETHUSDT,1582.91,142078.83578,1,1782792429188
2026-06-30T04:07:55.828Z,BINANCE,ETHUSDT,1583.28,3389.80248,1,1782792427490
2026-06-30T04:07:55.828Z,BINANCE,ETHUSDC,1581.35,1687.30045,1,1782792425225
2026-06-30T04:07:55.828Z,BINANCE,ETHUSDT,1583.23,11044.61248,1,1782792424232
2026-06-30T04:07:55.828Z,BINANCE,ETHUSDT,1583.74,145.70408,1,1782792418604
2026-06-30T04:09:04.146Z,BINANCE,ETHUSDT,1581.14,113.84208,1,1782792518219
2026-06-30T04:09:04.146Z,BINANCE,ETHUSDT,1580.75,3738.47375,1,1782792517103
2026-06-30T04:09:04.146Z,BINANCE,ETHUSDT,1580.77,16342.00026,1,1782792516099
2026-06-30T04:09:04.146Z,BINANCE,ETHUSDC,1579.05,647.4105,1,1782792513416
2026-06-30T04:09:04.146Z,BINANCE,ETHUSDT,1581.13,51386.725,1,1782792513229
2026-06-30T04:09:04.146Z,BINANCE,ETHUSDT,1581.35,1320.42725,1,1782792510369
2026-06-30T04:09:04.146Z,BINANCE,ETHUSDC,1579.39,146.88327,1,1782792510315
2026-06-30T04:09:04.146Z,BINANCE,ETHUSDT,1581.35,871.32385,1,1782792508396
2026-06-30T04:09:04.146Z,BINANCE,ETHUSDT,1581.49,4122.94443,1,1782792489418
2026-06-30T04:09:04.146Z,BINANCE,ETHUSDT,1581.42,196.09608,1,1782792488298
2026-06-30T04:09:04.146Z,BINANCE,ETHUSDT,1581.47,246486.33273,1,1782792487446
2026-06-30T04:09:04.146Z,BINANCE,ETHUSDT,1581.68,474.504,1,1782792485298
2026-06-30T04:09:04.146Z,BINANCE,ETHUSDT,1581.71,3163.42,1,1782792484233
2026-06-30T04:09:04.146Z,BINANCE,ETHUSDT,1581.76,22772.59872,1,1782792483077
2026-06-30T04:09:04.146Z,BINANCE,ETHUSDT,1581.83,5798.98878,1,1782792482261
2026-06-30T04:09:04.146Z,BINANCE,ETHUSDC,1579.58,21626.02978,1,1782792482249
2026-06-30T04:09:04.146Z,BINANCE,ETHUSDT,1581.83,1483.75654,1,1782792480319
2026-06-30T04:10:07.508Z,BINANCE,ETHUSDT,1580.81,23791.1905,1,1782792594197
2026-06-30T04:10:07.508Z,BINANCE,ETHUSDT,1580.89,1636.22115,1,1782792592657
2026-06-30T04:10:07.508Z,BINANCE,ETHUSDT,1580.87,275.07138,1,1782792576613
2026-06-30T04:11:22.175Z,BINANCE,ETHUSDT,1578.96,2698.44264,1,1782792632221
2026-06-30T04:11:22.175Z,BINANCE,ETHUSDT,1578.86,246.30216,1,1782792630530
2026-06-30T04:11:22.175Z,BINANCE,ETHUSDT,1578.97,35141.55632,1,1782792628446
2026-06-30T04:11:22.175Z,BINANCE,ETHUSDT,1578.97,12484.91579,1,1782792628106
2026-06-30T04:11:22.175Z,BINANCE,ETHUSDT,1579.19,14451.16769,1,1782792626326
2026-06-30T04:11:22.175Z,BINANCE,ETHUSDT,1579.31,5527.585,1,1782792624131
2026-06-30T04:11:22.175Z,BINANCE,ETHUSDT,1579.44,497.5236,1,1782792622368
2026-06-30T04:11:22.175Z,BINANCE,ETHUSDT,1579.71,52754.41545,1,1782792621146
2026-06-30T04:11:22.175Z,BINANCE,ETHUSDT,1580.17,7262.46132,1,1782792618523
2026-06-30T04:16:27.612Z,BINANCE,ETHUSDT,1587.19,1587.19,2,1782792783223
2026-06-30T04:16:27.612Z,BINANCE,ETHUSDT,1585.74,161716.93668,2,1782792767710
2026-06-30T04:17:30.816Z,BINANCE,ETHUSDT,1585.66,217.23542,1,1782792998427
2026-06-30T04:30:42.498Z,BINANCE,ETHUSDT,1588.11,225241.6413,2,1782793834344
2026-06-30T04:31:55.515Z,BINANCE,ETHUSDT,1588.73,99641.96814,2,1782793856568
2026-06-30T04:35:19.552Z,BINANCE,ETHUSDT,1590.07,21136.80051,2,1782794105163
2026-06-30T04:56:42.686Z,BINANCE,ETHUSDC,1584.54,1045.7964,2,1782795368105
2026-06-30T05:22:05.728Z,BINANCE,ETHUSDT,1587.64,23701.87756,2,1782796884301
2026-06-30T05:25:30.295Z,BINANCE,ETHUSDT,1588.14,242.98542,1,1782797086481
2026-06-30T05:27:55.652Z,BINANCE,ETHUSDT,1585.13,2989.55518,1,1782797266556
2026-06-30T05:27:55.652Z,BINANCE,ETHUSDT,1585.12,31501.08976,1,1782797230277
2026-06-30T05:27:55.652Z,BINANCE,ETHUSDT,1585.32,494.61984,1,1782797227408
2026-06-30T05:27:55.652Z,BINANCE,ETHUSDT,1585.35,149.0229,1,1782797225256
2026-06-30T05:33:31.063Z,BINANCE,ETHUSDT,1585.01,530.97835,1,1782797566086
2026-06-30T05:36:55.080Z,BINANCE,ETHUSDT,1585.06,797.28518,1,1782797748089
2026-06-30T05:41:32.846Z,BINANCE,ETHUSDT,1590.15,12787.9863,2,1782798076263
2026-06-30T05:41:32.846Z,BINANCE,ETHUSDT,1589.7,1001.511,2,1782798057319
2026-06-30T05:56:04.991Z,BINANCE,ETHUSDT,1590.89,569.53862,2,1782798934349
2026-06-30T05:56:04.991Z,BINANCE,ETHUSDT,1590.89,13568.70081,2,1782798932528
2026-06-30T06:29:53.937Z,BINANCE,ETHUSDT,1593.56,1002.34924,2,1782800991573
2026-06-30T06:29:53.937Z,BINANCE,ETHUSDT,1593.56,1458.1074,2,1782800991277
2026-06-30T06:29:53.937Z,BINANCE,ETHUSDT,1592.71,19509.10479,2,1782800955084
2026-06-30T06:34:21.257Z,BINANCE,ETHUSDT,1591.52,3028.66256,1,1782801204431
2026-06-30T06:49:56.400Z,BINANCE,ETHUSDT,1593.98,745.98264,2,1782802166247
2026-06-30T07:03:05.459Z,BINANCE,ETHUSDT,1594.4,758.9344,2,1782802923395
2026-06-30T07:03:05.459Z,BINANCE,ETHUSDT,1594.4,20408.32,2,1782802922147
2026-06-30T07:09:54.668Z,BINANCE,ETHUSDT,1590.29,5397.44426,1,1782803376157
2026-06-30T07:14:32.686Z,BINANCE,ETHUSDT,1590.71,133.61964,1,1782803652171
2026-06-30T07:17:51.687Z,BINANCE,ETHUSDT,1591.34,149.58596,2,1782803851277
2026-06-30T07:21:06.028Z,BINANCE,ETHUSDT,1590.21,149.47974,1,1782804008576
2026-06-30T08:09:42.709Z,BINANCE,ETHUSDT,1591.59,7668.28062,1,1782806954306
2026-06-30T08:15:18.231Z,BINANCE,ETHUSDT,1588.57,133787.77683,1,1782807305402
2026-06-30T08:15:18.231Z,BINANCE,ETHUSDT,1588.7,2962.9255,1,1782807298156
2026-06-30T08:15:18.231Z,BINANCE,ETHUSDT,1589.56,208.23236,1,1782807273618
2026-06-30T08:16:31.721Z,BINANCE,ETHUSDT,1586.69,1459.7548,1,1782807374536
2026-06-30T08:16:31.721Z,BINANCE,ETHUSDT,1587.02,1453.71032,1,1782807352221
2026-06-30T08:16:31.721Z,BINANCE,ETHUSDT,1587.16,1587.16,1,1782807347079
2026-06-30T08:16:31.721Z,BINANCE,ETHUSDT,1588,357.3,1,1782807344300
2026-06-30T08:16:31.721Z,BINANCE,ETHUSDT,1588,3242.696,1,1782807321249
2026-06-30T08:17:39.574Z,BINANCE,ETHUSDT,1587.34,8949.42292,1,1782807456525
2026-06-30T08:33:15.423Z,BINANCE,ETHUSDT,1586.43,4819.57434,2,1782808385347
2026-06-30T08:33:15.423Z,BINANCE,ETHUSDT,1586.93,2012.22724,1,1782808342092
2026-06-30T08:34:18.415Z,BINANCE,ETHUSDT,1585.55,12684.4,1,1782808406239
2026-06-30T08:34:18.415Z,BINANCE,ETHUSDT,1585.55,298.0834,1,1782808405215
2026-06-30T08:35:31.525Z,BINANCE,ETHUSDT,1585.35,359.87445,1,1782808524384
2026-06-30T08:35:31.525Z,BINANCE,ETHUSDT,1585.48,198.185,1,1782808516341
2026-06-30T08:35:31.525Z,BINANCE,ETHUSDT,1585.52,320.27504,1,1782808507317
2026-06-30T08:36:45.888Z,BINANCE,ETHUSDT,1582.12,177643.59784,1,1782808581130
2026-06-30T08:36:45.888Z,BINANCE,ETHUSDC,1580.12,22614.67744,1,1782808580321
2026-06-30T08:36:45.888Z,BINANCE,ETHUSDC,1580.94,140.70366,1,1782808575519
2026-06-30T08:36:45.888Z,BINANCE,ETHUSDT,1582.69,126615.2,1,1782808575464
2026-06-30T08:36:45.888Z,BINANCE,ETHUSDT,1582.56,1337.2632,1,1782808574580
2026-06-30T08:36:45.888Z,BINANCE,ETHUSDT,1582.4,148.7456,1,1782808573061
2026-06-30T08:36:45.888Z,BINANCE,ETHUSDC,1581.63,6555.85635,1,1782808558520
2026-06-30T08:36:45.888Z,BINANCE,ETHUSDT,1583.39,8279.54631,1,1782808556402
2026-06-30T08:36:45.888Z,BINANCE,ETHUSDT,1583.39,44851.10514,1,1782808556213
2026-06-30T08:36:45.888Z,BINANCE,ETHUSDT,1583.9,714.3389,1,1782808554283
2026-06-30T08:36:45.888Z,BINANCE,ETHUSDT,1583.9,7010.3414,1,1782808552586
2026-06-30T08:36:45.888Z,BINANCE,ETHUSDT,1583.69,49045.29561,1,1782808551462
2026-06-30T08:38:19.626Z,BINANCE,ETHUSDT,1581.02,131.22466,1,1782808642335
2026-06-30T08:38:19.626Z,BINANCE,ETHUSDT,1581.29,2300.77695,2,1782808625736
2026-06-30T08:38:19.626Z,BINANCE,ETHUSDC,1577.99,4216.38928,1,1782808620191
2026-06-30T08:38:19.626Z,BINANCE,ETHUSDT,1579.3,5150.0973,1,1782808618605
2026-06-30T08:38:19.626Z,BINANCE,ETHUSDT,1579.12,22529.30504,1,1782808618117
2026-06-30T08:38:19.626Z,BINANCE,ETHUSDC,1576.87,1252.03478,1,1782808617170
2026-06-30T08:38:19.626Z,BINANCE,ETHUSDT,1579.57,22461.4854,1,1782808616649
2026-06-30T08:38:19.626Z,BINANCE,ETHUSDT,1580.18,1766.64124,1,1782808614254
2026-06-30T08:38:19.626Z,BINANCE,ETHUSDC,1578.27,306.18438,1,1782808614005
2026-06-30T08:38:19.626Z,BINANCE,ETHUSDT,1580.39,26866.63,1,1782808613351
2026-06-30T08:38:19.626Z,BINANCE,ETHUSDT,1580.86,79043,1,1782808611061
2026-06-30T08:44:20.733Z,BINANCE,ETHUSDT,1581.74,714.94648,1,1782809048269
2026-06-30T08:44:20.733Z,BINANCE,ETHUSDT,1581.95,689.7302,1,1782809000459
2026-06-30T08:46:31.959Z,BINANCE,ETHUSDT,1579.09,4737.27,1,1782809144631
2026-06-30T08:46:31.959Z,BINANCE,ETHUSDT,1579.33,993.39857,1,1782809143239
2026-06-30T08:46:31.959Z,BINANCE,ETHUSDT,1579.99,3910.47525,1,1782809140417
2026-06-30T08:49:51.006Z,BINANCE,ETHUSDT,1578.83,1561.46287,1,1782809353467
2026-06-30T08:49:51.006Z,BINANCE,ETHUSDT,1578.85,383.66055,1,1782809352345
2026-06-30T08:49:51.006Z,BINANCE,ETHUSDT,1579.03,1359.54483,1,1782809349268
2026-06-30T09:04:32.203Z,BINANCE,ETHUSDT,1585.58,843.52856,2,1782810244313
2026-06-30T09:04:32.203Z,BINANCE,ETHUSDT,1584.99,332.8479,2,1782810200703
2026-06-30T09:31:43.528Z,BINANCE,ETHUSDT,1581.62,279.94674,1,1782811899320
2026-06-30T09:31:43.528Z,BINANCE,ETHUSD_PERP,1579.42,3158.84,1,1782811863973
2026-06-30T09:32:51.512Z,BINANCE,ETHUSDT,1580.66,336.68058,1,1782811907349
2026-06-30T09:41:41.580Z,BINANCE,ETHUSDT,1584.19,3000.45586,2,1782812446277
2026-06-30T09:50:41.028Z,BINANCE,ETHUSDT,1585.92,237.888,2,1782813028346
2026-06-30T09:50:41.028Z,BINANCE,ETHUSDT,1585.82,196.64168,2,1782813025288
2026-06-30T10:09:51.049Z,BINANCE,ETHUSDT,1584.39,1088.47593,1,1782814161481
2026-06-30T10:10:54.090Z,BINANCE,ETHUSDT,1582.18,199.35468,1,1782814251316
2026-06-30T10:22:15.088Z,BINANCE,ETHUSDT,1582.66,1036.6423,1,1782814926567
2026-06-30T10:39:06.059Z,BINANCE,ETHUSDT,1581.47,1078.56254,1,1782815894522
2026-06-30T10:48:05.887Z,BINANCE,ETHUSDT,1585.73,103.07245,2,1782816449152
2026-06-30T10:54:55.260Z,BINANCE,ETHUSDT,1584.84,213.9534,1,1782816870313
2026-06-30T10:54:55.260Z,BINANCE,ETHUSDT,1584.3,133.0812,1,1782816846121
2026-06-30T10:54:55.260Z,BINANCE,ETHUSDT,1584.33,35582.46747,1,1782816843557
2026-06-30T11:01:28.917Z,BINANCE,ETHUSDT,1583.49,3379.16766,1,1782817230540
2026-06-30T11:04:52.850Z,BINANCE,ETHUSDT,1584.07,567.09706,1,1782817437278
2026-06-30T11:12:55.265Z,BINANCE,ETHUSDT,1584.28,190.1136,1,1782817917202
2026-06-30T11:18:33.361Z,BINANCE,ETHUSDT,1581.74,44209.633,1,1782818308352
2026-06-30T11:19:41.490Z,BINANCE,ETHUSDT,1580.93,7955.23976,1,1782818329602
2026-06-30T11:19:41.490Z,BINANCE,ETHUSDT,1581.6,1578.4368,1,1782818311655
2026-06-30T11:23:17.338Z,BINANCE,ETHUSDT,1579.52,586.00192,1,1782818535213
2026-06-30T11:23:17.338Z,BINANCE,ETHUSDT,1579.47,18566.66985,1,1782818534340
2026-06-30T11:23:17.338Z,BINANCE,ETHUSDT,1580.01,127.98081,1,1782818531586
2026-06-30T11:24:30.501Z,BINANCE,ETHUSDT,1579.29,140.55681,1,1782818643587
2026-06-30T11:24:30.501Z,BINANCE,ETHUSDT,1579.53,396.46203,1,1782818637432
2026-06-30T11:25:33.469Z,BINANCE,ETHUSDT,1578.73,21871.72542,1,1782818729100
2026-06-30T11:25:33.469Z,BINANCE,ETHUSDT,1578.77,260.49705,1,1782818708469
2026-06-30T11:27:44.382Z,BINANCE,ETHUSDT,1578.6,157.86,1,1782818855544
2026-06-30T11:27:44.382Z,BINANCE,ETHUSDT,1577.78,11707.1276,1,1782818826646
2026-06-30T11:27:44.382Z,BINANCE,ETHUSDT,1578.53,426.2031,1,1782818815265
2026-06-30T11:27:44.382Z,BINANCE,ETHUSDT,1578.56,915.5648,1,1782818808669
2026-06-30T11:29:55.250Z,BINANCE,ETHUSDT,1577.34,140.38326,1,1782818958262
2026-06-30T11:29:55.250Z,BINANCE,ETHUSDC,1575.41,990.93289,1,1782818958185
2026-06-30T11:29:55.250Z,BINANCE,ETHUSDT,1577.18,10063.98558,1,1782818957077
2026-06-30T11:29:55.250Z,BINANCE,ETHUSDC,1575.76,305.69744,1,1782818954275
2026-06-30T11:29:55.250Z,BINANCE,ETHUSDT,1577.67,2587.3788,1,1782818952329
2026-06-30T11:31:03.748Z,BINANCE,ETHUSDT,1578.41,1240.63026,1,1782819037111
2026-06-30T11:32:07.035Z,BINANCE,ETHUSDT,1578.06,112.04226,1,1782819120265
2026-06-30T11:33:15.305Z,BINANCE,ETHUSDT,1576.27,1145.94829,1,1782819181312
2026-06-30T11:33:15.305Z,BINANCE,ETHUSDC,1574.81,1611.03063,1,1782819166656
2026-06-30T11:33:15.305Z,BINANCE,ETHUSDT,1576.4,29716.7164,1,1782819163327
2026-06-30T11:33:15.305Z,BINANCE,ETHUSDT,1576.88,1280.42656,1,1782819160338
2026-06-30T11:33:15.305Z,BINANCE,ETHUSDT,1576.88,4320.6512,1,1782819159159
2026-06-30T11:33:15.305Z,BINANCE,ETHUSDT,1577.34,835.9902,1,1782819155122
2026-06-30T11:34:18.181Z,BINANCE,ETHUSDT,1575.35,157.535,1,1782819253568
2026-06-30T11:34:18.181Z,BINANCE,ETHUSDT,1575.35,2659.1908,1,1782819252532
2026-06-30T11:34:18.181Z,BINANCE,ETHUSD_PERP,1573.26,340,1,1782819243437
2026-06-30T11:34:18.181Z,BINANCE,ETHUSD_260925,1580.36,150,1,1782819243437
2026-06-30T11:34:18.181Z,BINANCE,ETHUSDT,1575.81,100.85184,1,1782819232645
2026-06-30T11:34:18.181Z,BINANCE,ETHUSDT,1575.66,4838.85186,1,1782819230749
2026-06-30T11:34:18.181Z,BINANCE,ETHUSDT,1576.18,274701.37894,1,1782819227786
2026-06-30T11:34:18.181Z,BINANCE,ETHUSDT,1576.42,610.07454,1,1782819222666
2026-06-30T11:34:18.181Z,BINANCE,ETHUSDT,1576.1,1576.1,1,1782819218433
2026-06-30T11:34:18.181Z,BINANCE,ETHUSDC,1574.22,20627.00466,1,1782819213350
2026-06-30T11:34:18.181Z,BINANCE,ETHUSDT,1576.15,387.7329,1,1782819213134
2026-06-30T11:34:18.181Z,BINANCE,ETHUSDT,1576.15,4181.52595,1,1782819211457
2026-06-30T11:34:18.181Z,BINANCE,ETHUSDC,1574.41,157.441,1,1782819198299
2026-06-30T11:34:18.181Z,BINANCE,ETHUSDT,1576.35,740.8845,1,1782819198195
2026-06-30T11:36:39.596Z,BINANCE,ETHUSDT,1578.78,500.47326,2,1782819341424
2026-06-30T11:43:31.556Z,BINANCE,ETHUSDT,1580.26,216.49562,2,1782819756066
2026-06-30T11:54:42.350Z,BINANCE,ETHUSDT,1577.99,196128.3771,1,1782820449529
2026-06-30T11:54:42.350Z,BINANCE,ETHUSDT,1578,350.316,1,1782820447634
2026-06-30T11:55:50.534Z,BINANCE,ETHUSDT,1577.33,1164.06954,1,1782820545245
2026-06-30T11:55:50.534Z,BINANCE,ETHUSDT,1577.08,17395.1924,1,1782820540769
2026-06-30T11:55:50.534Z,BINANCE,ETHUSDT,1576.43,36325.67649,1,1782820539268
2026-06-30T11:56:54.836Z,BINANCE,ETHUSDT,1576.46,4729.38,1,1782820585444
2026-06-30T11:56:54.836Z,BINANCE,ETHUSDT,1577.06,4731.18,1,1782820550462
2026-06-30T12:01:27.969Z,BINANCE,ETHUSDT,1576.64,38376.99424,1,1782820854581
2026-06-30T12:01:27.969Z,BINANCE,ETHUSDT,1576.83,141.9147,2,1782820851121
2026-06-30T12:02:42.502Z,BINANCE,ETHUSDT,1576.33,297.92637,1,1782820947616
2026-06-30T12:02:42.502Z,BINANCE,ETHUSDT,1576.35,3089.646,1,1782820944508
2026-06-30T12:02:42.502Z,BINANCE,ETHUSDT,1576.96,1487.07328,1,1782820891712
2026-06-30T12:03:45.631Z,BINANCE,ETHUSDC,1572.48,246.87936,1,1782820999586
2026-06-30T12:03:45.631Z,BINANCE,ETHUSDT,1574.41,78720.5,1,1782820999406
2026-06-30T12:03:45.631Z,BINANCE,ETHUSDT,1574.48,49837.01544,1,1782820998346
2026-06-30T12:03:45.631Z,BINANCE,ETHUSDT,1574.87,21037.11346,1,1782820996065
2026-06-30T12:03:45.631Z,BINANCE,ETHUSDC,1573.66,17135.58374,1,1782820990088
2026-06-30T12:03:45.631Z,BINANCE,ETHUSDT,1575.49,149.67155,1,1782820986250
2026-06-30T12:03:45.631Z,BINANCE,ETHUSDT,1575.82,1506.48392,1,1782820972654
2026-06-30T12:03:45.631Z,BINANCE,ETHUSDT,1575.73,2243.83952,1,1782820970664
2026-06-30T12:03:45.631Z,BINANCE,ETHUSDT,1575.75,234592.93275,1,1782820966069
2026-06-30T12:03:45.631Z,BINANCE,ETHUSDT,1575.92,315.184,1,1782820964461
2026-06-30T12:04:53.884Z,BINANCE,ETHUSDT,1574.55,27332.61345,1,1782821023672
2026-06-30T12:04:53.884Z,BINANCE,ETHUSDC,1572.52,18585.61388,1,1782821023672
2026-06-30T12:06:07.334Z,BINANCE,ETHUSDT,1574.15,4486.3275,1,1782821155214
2026-06-30T12:06:07.334Z,BINANCE,ETHUSDT,1574.23,10004.23165,1,1782821114213
2026-06-30T12:06:07.334Z,BINANCE,ETHUSDT,1574.65,13710.47755,1,1782821097196
2026-06-30T12:07:15.408Z,BINANCE,ETHUSDT,1572.15,5494.66425,1,1782821209450
2026-06-30T12:07:15.408Z,BINANCE,ETHUSDT,1572.46,2547.3852,1,1782821206225
2026-06-30T12:07:15.408Z,BINANCE,ETHUSDT,1572.48,742.21056,1,1782821198397
2026-06-30T12:07:15.408Z,BINANCE,ETHUSDT,1572.42,10701.89052,1,1782821195498
2026-06-30T12:07:15.408Z,BINANCE,ETHUSDT,1572.16,195150.64864,1,1782821194461
2026-06-30T12:07:15.408Z,BINANCE,ETHUSDT,1572.41,889.98406,1,1782821193237
2026-06-30T12:07:15.408Z,BINANCE,ETHUSDC,1570.7,3997.4315,1,1782821191640
2026-06-30T12:07:15.408Z,BINANCE,ETHUSDC,1570.35,146.04255,1,1782821190442
2026-06-30T12:07:15.408Z,BINANCE,ETHUSDT,1572.38,654.11008,1,1782821190265
2026-06-30T12:07:15.408Z,BINANCE,ETHUSDT,1572.18,294554.21172,1,1782821189266
2026-06-30T12:07:15.408Z,BINANCE,ETHUSDC,1570.49,11463.00651,1,1782821189149
2026-06-30T12:07:15.408Z,BINANCE,ETHUSDT,1572.18,71447.7201,1,1782821188278
2026-06-30T12:07:15.408Z,BINANCE,ETHUSDC,1570.95,1536.3891,1,1782821186166
2026-06-30T12:07:15.408Z,BINANCE,ETHUSDT,1572.87,4853.87682,1,1782821185656
2026-06-30T12:07:15.408Z,BINANCE,ETHUSDT,1573.38,149142.26358,1,1782821184358
2026-06-30T12:07:15.408Z,BINANCE,ETHUSDC,1570.81,348.71982,1,1782821183244
2026-06-30T12:07:15.408Z,BINANCE,ETHUSDT,1573.81,13369.51595,1,1782821181584
2026-06-30T12:10:27.090Z,BINANCE,ETHUSDT,1573.15,497.1154,1,1782821378168
2026-06-30T12:16:08.028Z,BINANCE,ETHUSDT,1571.43,5845.7196,1,1782821763455
2026-06-30T12:16:08.028Z,BINANCE,ETHUSDT,1571.47,39286.75,1,1782821759205
2026-06-30T12:16:08.028Z,BINANCE,ETHUSDT,1571.32,1704.8822,1,1782821757345
2026-06-30T12:16:08.028Z,BINANCE,ETHUSDT,1571.76,2942.33472,1,1782821746210
2026-06-30T12:16:08.028Z,BINANCE,ETHUSDT,1571.5,17264.499,1,1782821744754
2026-06-30T12:16:08.028Z,BINANCE,ETHUSDT,1571.36,157.136,1,1782821744184
2026-06-30T12:17:16.100Z,BINANCE,ETHUSDT,1571.33,144.56236,1,1782821804443
2026-06-30T12:17:16.100Z,BINANCE,ETHUSDT,1571.04,1018.03392,1,1782821801152
2026-06-30T12:20:30.485Z,BINANCE,ETHUSDT,1570.21,731.71786,1,1782822026323
2026-06-30T12:20:30.485Z,BINANCE,ETHUSDT,1570.28,114.63044,1,1782822024359
2026-06-30T12:20:30.485Z,BINANCE,ETHUSDT,1570.55,4011.1847,1,1782822019112
2026-06-30T12:20:30.485Z,BINANCE,ETHUSDT,1570.39,2396.41514,1,1782822016580
2026-06-30T12:20:30.485Z,BINANCE,ETHUSDC,1568.41,2730.60181,1,1782822016381
2026-06-30T12:20:30.485Z,BINANCE,ETHUSDT,1570.64,4711.92,1,1782822014365
2026-06-30T12:20:30.485Z,BINANCE,ETHUSDT,1570.64,4014.55584,1,1782822012474
2026-06-30T12:20:30.485Z,BINANCE,ETHUSDT,1570.64,6656.37232,1,1782822011475
2026-06-30T12:20:30.485Z,BINANCE,ETHUSDT,1570.66,17903.95334,1,1782822009072
2026-06-30T12:21:38.686Z,BINANCE,ETHUSDC,1566.99,667.53774,1,1782822090127
2026-06-30T12:21:38.686Z,BINANCE,ETHUSDT,1568.83,1098.181,1,1782822089076
2026-06-30T12:21:38.686Z,BINANCE,ETHUSDT,1569,141.21,1,1782822083394
2026-06-30T12:21:38.686Z,BINANCE,ETHUSDT,1569.19,2353.785,1,1782822078529
2026-06-30T12:21:38.686Z,BINANCE,ETHUSDT,1569.04,12411.1064,1,1782822069068
2026-06-30T12:21:38.686Z,BINANCE,ETHUSD_PERP,1566.36,110,1,1782822067724
2026-06-30T12:21:38.686Z,BINANCE,ETHUSDT,1569.04,7878.14984,1,1782822067515
2026-06-30T12:21:38.686Z,BINANCE,ETHUSDC,1567.2,1213.0128,1,1782822066702
2026-06-30T12:21:38.686Z,BINANCE,ETHUSDT,1569.04,6594.67512,1,1782822066378
2026-06-30T12:21:38.686Z,BINANCE,ETHUSDT,1569.41,4943.6415,1,1782822065226
2026-06-30T12:21:38.686Z,BINANCE,ETHUSDT,1569.46,13057.9072,1,1782822064382
2026-06-30T12:21:38.686Z,BINANCE,ETHUSDT,1569.9,1470.9963,1,1782822061738
2026-06-30T12:21:38.686Z,BINANCE,ETHUSDT,1569.95,12124.72385,1,1782822056204
2026-06-30T12:21:38.686Z,BINANCE,ETHUSDT,1569.6,152.2512,1,1782822055708
2026-06-30T12:21:38.686Z,BINANCE,ETHUSDC,1568,2729.888,1,1782822054083
2026-06-30T12:21:38.686Z,BINANCE,ETHUSDT,1570.21,5242.93119,1,1782822050050
2026-06-30T12:21:38.686Z,BINANCE,ETHUSDT,1570.16,76050.6996,1,1782822039448
2026-06-30T12:21:38.686Z,BINANCE,ETHUSDT,1570.18,891.86224,1,1782822034421
2026-06-30T12:21:38.686Z,BINANCE,ETHUSDT,1570.22,1764.92728,1,1782822030671
2026-06-30T12:22:41.771Z,BINANCE,ETHUSDT,1567.98,622.48806,1,1782822147262
2026-06-30T12:22:41.771Z,BINANCE,ETHUSDT,1568,33167.904,1,1782822145172
2026-06-30T12:22:41.771Z,BINANCE,ETHUSDT,1567.98,45027.68166,1,1782822144200
2026-06-30T12:22:41.771Z,BINANCE,ETHUSDT,1568.06,120646.5364,1,1782822142551
2026-06-30T12:22:41.771Z,BINANCE,ETHUSDT,1568.41,7842.05,1,1782822141197
2026-06-30T12:22:41.771Z,BINANCE,ETHUSDT,1568.32,4032.15072,1,1782822139447
2026-06-30T12:23:54.403Z,BINANCE,ETHUSDT,1566.1,103.3626,1,1782822222326
2026-06-30T12:23:54.403Z,BINANCE,ETHUSDT,1566.11,1542.61835,1,1782822216378
2026-06-30T12:23:54.403Z,BINANCE,ETHUSDT,1566,117.45,1,1782822210085
2026-06-30T12:23:54.403Z,BINANCE,ETHUSDT,1566.01,111963.45096,1,1782822200163
2026-06-30T12:23:54.403Z,BINANCE,ETHUSDT,1566.01,4010.55161,1,1782822199598
2026-06-30T12:23:54.403Z,BINANCE,ETHUSD_260925,1567.33,120910,1,1782822199239
2026-06-30T12:23:54.403Z,BINANCE,ETHUSDT,1566.16,26482.19944,1,1782822197610
2026-06-30T12:23:54.403Z,BINANCE,ETHUSDT,1566.59,87877.86605,1,1782822192272
2026-06-30T12:23:54.403Z,BINANCE,ETHUSDC,1564.24,1690.94344,1,1782822191489
2026-06-30T12:23:54.403Z,BINANCE,ETHUSDT,1566.4,46992,1,1782822190294
2026-06-30T12:23:54.403Z,BINANCE,ETHUSDT,1567.44,735.12936,1,1782822163589
2026-06-30T12:23:54.403Z,BINANCE,ETHUSDT,1567.39,2440.42623,1,1782822162638
2026-06-30T12:23:54.403Z,BINANCE,ETHUSDT,1567.55,6270.2,1,1782822160105
2026-06-30T12:23:54.403Z,BINANCE,ETHUSDC,1565.7,1565.7,2,1782822160105
2026-06-30T12:25:33.199Z,BINANCE,ETHUSDT,1564.8,901.3248,1,1782822313107
2026-06-30T12:25:33.199Z,BINANCE,ETHUSDT,1564.27,35695.07713,1,1782822251231
2026-06-30T12:25:33.199Z,BINANCE,ETHUSDT,1564.09,982.24852,1,1782822250109
2026-06-30T12:25:33.199Z,BINANCE,ETHUSDT,1564.08,4657.83024,1,1782822248692
2026-06-30T12:25:33.199Z,BINANCE,ETHUSDT,1564.18,4501.71004,1,1782822246792
2026-06-30T12:25:33.199Z,BINANCE,ETHUSDT,1564.54,14335.88002,1,1782822244832
2026-06-30T12:25:33.199Z,BINANCE,ETHUSDT,1564.16,3699.2384,1,1782822243592
2026-06-30T12:25:33.199Z,BINANCE,ETHUSDT,1564.5,44004.6915,1,1782822241554
2026-06-30T12:25:33.199Z,BINANCE,ETHUSDC,1562.47,4687.41,1,1782822241217
2026-06-30T12:25:33.199Z,BINANCE,ETHUSDT,1565.14,10085.76216,1,1782822238443
2026-06-30T12:25:33.199Z,BINANCE,ETHUSDC,1563.42,19230.066,1,1782822236515
2026-06-30T12:25:33.199Z,BINANCE,ETHUSDT,1565.27,2297.81636,1,1782822236325
2026-06-30T12:25:33.199Z,BINANCE,ETHUSDT,1565.16,55500.5736,1,1782822235420
2026-06-30T12:25:33.199Z,BINANCE,ETHUSDT,1565.11,9594.1243,1,1782822234462
2026-06-30T12:25:33.199Z,BINANCE,ETHUSDT,1565.51,19083.5669,1,1782822232284
2026-06-30T12:25:33.199Z,BINANCE,ETHUSDT,1565.93,5768.88612,1,1782822230491
2026-06-30T12:25:33.199Z,BINANCE,ETHUSD_PERP,1562.54,120760,1,1782822229251
2026-06-30T12:26:41.949Z,BINANCE,ETHUSDT,1563.27,694.09188,1,1782822387498
2026-06-30T12:26:41.949Z,BINANCE,ETHUSDT,1563.09,1125.4248,1,1782822386419
2026-06-30T12:26:41.949Z,BINANCE,ETHUSDT,1563.02,4328.00238,1,1782822383388
2026-06-30T12:26:41.949Z,BINANCE,ETHUSDT,1563.13,19489.10484,1,1782822382614
2026-06-30T12:26:41.949Z,BINANCE,ETHUSDT,1563.39,8351.62938,1,1782822380447
2026-06-30T12:26:41.949Z,BINANCE,ETHUSDT,1563.77,6947.83011,1,1782822376635
2026-06-30T12:26:41.949Z,BINANCE,ETHBTC,0.026594,1700.72616441,1,1782822376562
2026-06-30T12:26:41.949Z,BINANCE,ETHUSDT,1563.31,5870.22905,1,1782822374193
2026-06-30T12:26:41.949Z,BINANCE,ETHUSDT,1564.78,41906.37318,1,1782822351285
2026-06-30T12:26:41.949Z,BINANCE,ETHUSDT,1565.08,896.79084,1,1782822345077
2026-06-30T12:27:55.209Z,BINANCE,ETHUSDT,1567.32,159.86664,2,1782822447662
2026-06-30T12:31:19.773Z,BINANCE,ETHUSDT,1563.21,4533.309,1,1782822657512
2026-06-30T12:31:19.773Z,BINANCE,ETHUSDT,1563.59,267.37389,1,1782822638546
2026-06-30T12:34:54.524Z,BINANCE,ETHUSDT,1561.23,148.31685,1,1782822883521
2026-06-30T12:34:54.524Z,BINANCE,ETHUSDT,1561.11,7805.55,1,1782822882574
2026-06-30T12:34:54.524Z,BINANCE,ETHUSDC,1559.11,102.90126,1,1782822882133
2026-06-30T12:34:54.524Z,BINANCE,ETHUSDT,1561.99,1875.94999,1,1782822842387
2026-06-30T12:34:54.524Z,BINANCE,ETHUSDT,1561.9,423.2749,1,1782822837551
2026-06-30T12:34:54.524Z,BINANCE,ETHUSDT,1561.62,4684.86,1,1782822832338
2026-06-30T12:34:54.524Z,BINANCE,ETHUSDT,1561.62,9475.91016,1,1782822832091
2026-06-30T12:34:54.524Z,BINANCE,ETHUSDT,1561.34,26605.2336,1,1782822823588
2026-06-30T12:34:54.524Z,BINANCE,ETHUSDT,1561.44,8241.28032,1,1782822822807
2026-06-30T12:34:54.524Z,BINANCE,ETHUSDC,1559.32,218.3048,1,1782822822698
2026-06-30T12:34:54.524Z,BINANCE,ETHUSDT,1561.55,147910.016,1,1782822822232
2026-06-30T12:34:54.524Z,BINANCE,ETHUSDT,1561.97,17395.65989,1,1782822821108
2026-06-30T12:34:54.524Z,BINANCE,ETHUSDC,1560.19,149.77824,1,1782822820425
2026-06-30T12:34:54.524Z,BINANCE,ETHUSDT,1562.64,506.29536,1,1782822819337
2026-06-30T12:47:19.824Z,BINANCE,ETHUSDT,1561.07,788.34035,1,1782823636293
2026-06-30T12:47:19.824Z,BINANCE,ETHUSDT,1561.14,493.32024,1,1782823635502
2026-06-30T12:47:19.824Z,BINANCE,ETHUSDT,1561.68,410.72184,1,1782823614497
2026-06-30T12:47:19.824Z,BINANCE,ETHUSDT,1562,312.4,1,1782823604070
2026-06-30T12:48:27.640Z,BINANCE,ETHUSDT,1559.2,30423.1104,1,1782823675595
2026-06-30T12:48:27.640Z,BINANCE,ETHUSDC,1557.3,2951.0835,1,1782823663170
2026-06-30T12:48:27.640Z,BINANCE,ETHUSDT,1559.35,781.23435,1,1782823663168
2026-06-30T12:48:27.640Z,BINANCE,ETHUSDC,1557.28,2611.55856,1,1782823661648
2026-06-30T12:48:27.640Z,BINANCE,ETHUSDT,1559.37,15074.42979,1,1782823661576
2026-06-30T12:48:27.640Z,BINANCE,ETHUSDT,1559.37,4877.70936,1,1782823660293
2026-06-30T12:48:27.640Z,BINANCE,ETHUSDT,1559.6,13382.9276,1,1782823659484
2026-06-30T12:48:27.640Z,BINANCE,ETHUSDT,1560,826.8,1,1782823652849
2026-06-30T12:48:27.640Z,BINANCE,ETHUSDC,1558.13,179.18495,1,1782823650412
2026-06-30T12:48:27.640Z,BINANCE,ETHUSDT,1560.25,3131.42175,1,1782823649568
2026-06-30T12:48:27.640Z,BINANCE,ETHUSDT,1560.41,2340.615,1,1782823649246
2026-06-30T12:48:27.640Z,BINANCE,ETHUSDT,1560.63,4151.2758,1,1782823641566
2026-06-30T12:48:27.640Z,BINANCE,ETHUSDT,1560.57,42322.6584,1,1782823640491
2026-06-30T12:48:27.640Z,BINANCE,ETHUSD_PERP,1557.97,1499980,2,1782823640304
2026-06-30T12:48:27.640Z,BINANCE,ETHUSDT,1560.6,9797.4468,1,1782823639667
2026-06-30T12:48:27.640Z,BINANCE,ETHUSDC,1558.63,32513.0218,1,1782823639545
2026-06-30T12:48:27.640Z,BINANCE,ETHUSD_PERP,1558,1700,1,1782823639190
2026-06-30T12:48:27.640Z,BINANCE,ETHUSDT,1560.67,59884.46857,1,1782823639153
2026-06-30T12:49:32.331Z,BINANCE,ETHUSDT,1559.95,2679.9941,1,1782823763234
2026-06-30T12:50:40.883Z,BINANCE,ETHUSDC,1557.55,249.208,1,1782823833180
2026-06-30T12:50:40.883Z,BINANCE,ETHUSDT,1559.36,2452.87328,1,1782823826385
2026-06-30T12:50:40.883Z,BINANCE,ETHUSDT,1559.43,6730.49988,1,1782823823487
2026-06-30T12:51:48.800Z,BINANCE,ETHUSDT,1559.06,1127.20038,1,1782823883531
2026-06-30T12:51:48.800Z,BINANCE,ETHUSDC,1557.11,311.422,1,1782823875147
2026-06-30T12:51:48.800Z,BINANCE,ETHUSDT,1559.12,779.56,1,1782823853716
2026-06-30T12:51:48.800Z,BINANCE,ETHUSDT,1559.16,6746.48532,1,1782823848004
2026-06-30T12:51:48.800Z,BINANCE,ETHUSDT,1559.36,19153.61888,1,1782823843473
2026-06-30T12:51:48.800Z,BINANCE,ETHUSDT,1559.36,4812.18496,1,1782823838689
2026-06-30T12:53:55.081Z,BINANCE,ETHUSDT,1559.3,4348.8877,1,1782824015478
2026-06-30T12:53:55.081Z,BINANCE,ETHUSDT,1559.25,1615.383,1,1782824002254
2026-06-30T12:55:03.588Z,BINANCE,ETHUSDT,1560.37,979.91236,1,1782824053079
2026-06-30T12:57:15.051Z,BINANCE,ETHUSDT,1557.34,294.33726,1,1782824205408
2026-06-30T12:57:15.051Z,BINANCE,ETHUSDT,1557.23,5447.19054,1,1782824204521
2026-06-30T12:57:15.051Z,BINANCE,ETHUSDT,1557.29,13350.64717,1,1782824204113
2026-06-30T12:57:15.051Z,BINANCE,ETHUSDT,1558.03,1333.67368,1,1782824196300
2026-06-30T12:57:15.051Z,BINANCE,ETHUSDT,1557.38,3803.12196,1,1782824189678
2026-06-30T12:57:15.051Z,BINANCE,ETHUSDT,1557.49,19731.84081,1,1782824188293
2026-06-30T12:57:15.051Z,BINANCE,ETHUSDT,1557.96,412.8594,1,1782824185859
2026-06-30T12:57:15.051Z,BINANCE,ETHUSDT,1557.46,20340.4276,1,1782824184397
2026-06-30T12:57:15.051Z,BINANCE,ETHUSD_PERP,1555.82,200,1,1782824180145
2026-06-30T12:57:15.051Z,BINANCE,ETHUSDT,1558.28,39901.31768,1,1782824179712
2026-06-30T12:57:15.051Z,BINANCE,ETHUSDC,1555.72,9645.464,1,1782824178653
2026-06-30T12:57:15.051Z,BINANCE,ETHUSDT,1557.92,668.34768,1,1782824178546
2026-06-30T12:57:15.051Z,BINANCE,ETHUSD_PERP,1555.5,11710,1,1782824178161
2026-06-30T12:57:15.051Z,BINANCE,ETHUSDT,1558.28,12480.26452,1,1782824177170
2026-06-30T12:58:18.067Z,BINANCE,ETHUSDT,1557.43,18382.34629,1,1782824296408
2026-06-30T12:58:18.067Z,BINANCE,ETHUSDT,1557.83,24384.71299,1,1782824294723
2026-06-30T12:58:18.067Z,BINANCE,ETHUSD_260925,1561.54,1350,1,1782824289640
2026-06-30T12:58:18.067Z,BINANCE,ETHUSDT,1558.26,506.4345,1,1782824289284
2026-06-30T12:59:31.274Z,BINANCE,ETHUSDC,1552.59,6210.36,1,1782824367612
2026-06-30T12:59:31.274Z,BINANCE,ETHUSDT,1554.6,14765.5908,1,1782824367569
2026-06-30T12:59:31.274Z,BINANCE,ETHUSD_PERP,1552.39,180,1,1782824367262
2026-06-30T12:59:31.274Z,BINANCE,ETHUSDT,1554.73,208756.70656,1,1782824366306
2026-06-30T12:59:31.274Z,BINANCE,ETHUSDT_260925,1560.22,876.84364,1,1782824366280
2026-06-30T12:59:31.274Z,BINANCE,ETHUSDT,1556.72,362.71576,1,1782824353219
2026-06-30T12:59:31.274Z,BINANCE,ETHUSDT,1556.33,9376.88825,1,1782824351104
2026-06-30T12:59:31.274Z,BINANCE,ETHUSDT,1556.38,142136.4035,1,1782824343639
2026-06-30T12:59:31.274Z,BINANCE,ETHUSDT,1556.68,6226.72,1,1782824327162
2026-06-30T12:59:31.274Z,BINANCE,ETHUSDT,1556.35,4669.05,1,1782824315461
2026-06-30T12:59:31.274Z,BINANCE,ETHUSDT,1556.35,930.6973,1,1782824315309
2026-06-30T12:59:31.274Z,BINANCE,ETHUSDT,1556.47,13542.84547,1,1782824313633
2026-06-30T12:59:31.274Z,BINANCE,ETHUSDC,1554.69,4664.07,1,1782824312629
2026-06-30T12:59:31.274Z,BINANCE,ETHUSDT,1556.68,97680.11332,1,1782824312503
2026-06-30T12:59:31.274Z,BINANCE,ETHUSDC,1555.01,878.58065,1,1782824306223
2026-06-30T12:59:31.274Z,BINANCE,ETHUSDT,1557,837.666,1,1782824305171
2026-06-30T12:59:31.274Z,BINANCE,ETHUSDT,1557.05,29384.6476,1,1782824303543
2026-06-30T12:59:31.274Z,BINANCE,ETHUSDT,1557.09,11840.11236,1,1782824300717
2026-06-30T12:59:31.274Z,BINANCE,ETHUSDT,1557.64,87757.4376,1,1782824298536
2026-06-30T13:01:14.844Z,BINANCE,ETHUSDT,1555.49,6221.96,2,1782824440639
2026-06-30T13:01:14.844Z,BINANCE,ETHUSDC,1548.63,25005.72861,1,1782824415149
2026-06-30T13:01:14.844Z,BINANCE,ETHUSDT,1550.47,6437.55144,1,1782824414438
2026-06-30T13:01:14.844Z,BINANCE,ETHUSDT,1549.99,189838.12523,1,1782824414203
2026-06-30T13:01:14.844Z,BINANCE,ETHUSDT,1549.99,14915.55377,1,1782824413171
2026-06-30T13:01:14.844Z,BINANCE,ETHUSD_PERP,1547.52,713820,1,1782824412672
2026-06-30T13:01:14.844Z,BINANCE,ETHUSDT,1551.93,3103.86,1,1782824411398
2026-06-30T13:01:14.844Z,BINANCE,ETHUSDT,1551.5,9746.523,1,1782824410608
2026-06-30T13:01:14.844Z,BINANCE,ETHUSDT,1551.6,183.0888,1,1782824408569
2026-06-30T13:01:14.844Z,BINANCE,ETHUSDT,1551.65,1478.72245,1,1782824406504
2026-06-30T13:01:14.844Z,BINANCE,ETHUSDT,1551.89,775.945,1,1782824405400
2026-06-30T13:01:14.844Z,BINANCE,ETHUSDT,1551.93,12555.1137,1,1782824404147
2026-06-30T13:01:14.844Z,BINANCE,ETHUSDC,1549.94,167077.33224,1,1782824400639
2026-06-30T13:01:14.844Z,BINANCE,ETHUSDT,1551.8,26500.0886,1,1782824399850
2026-06-30T13:01:14.844Z,BINANCE,ETHUSDT_260925,1557.06,362.79498,1,1782824399484
2026-06-30T13:01:14.844Z,BINANCE,ETHUSDT,1551.53,526763.05336,1,1782824398537
2026-06-30T13:01:14.844Z,BINANCE,ETHUSDC,1549.73,44548.53858,1,1782824398517
2026-06-30T13:01:14.844Z,BINANCE,ETHUSDT,1551.17,775585,1,1782824397415
2026-06-30T13:01:14.844Z,BINANCE,ETHUSDT,1552.65,87819.43665,1,1782824395438
2026-06-30T13:01:14.844Z,BINANCE,ETHUSDT,1553.11,1374.50235,1,1782824394316
2026-06-30T13:01:14.844Z,BINANCE,ETHUSD_PERP,1550.42,7160,1,1782824393717
2026-06-30T13:01:14.844Z,BINANCE,ETHUSDT,1552.99,46987.26544,1,1782824393664
2026-06-30T13:01:14.844Z,BINANCE,ETHUSDT,1552.85,38549.50125,1,1782824393074
2026-06-30T13:01:14.844Z,BINANCE,ETHUSD_PERP,1550.52,3770,1,1782824392092
2026-06-30T13:01:14.844Z,BINANCE,ETHUSDC,1551.15,119.43855,1,1782824392054
2026-06-30T13:01:14.844Z,BINANCE,ETHUSDC,1551.06,8718.50826,1,1782824391483
2026-06-30T13:01:14.844Z,BINANCE,ETHUSDT,1552.76,91064.71572,1,1782824391249
2026-06-30T13:01:14.844Z,BINANCE,ETHUSDT,1554.84,1719.65304,1,1782824389205
2026-06-30T13:02:07.610Z,BINANCE,ETHUSDT,1557.62,147.9739,2,1782824521128
2026-06-30T13:03:15.724Z,BINANCE,ETHUSDT,1552.49,37310.99217,1,1782824575473
2026-06-30T13:03:15.724Z,BINANCE,ETHUSDT,1552.76,36409.11648,2,1782824571629
2026-06-30T13:04:29.117Z,BINANCE,ETHUSDT,1553.24,3106.48,1,1782824596396
2026-06-30T13:05:32.483Z,BINANCE,ETHUSDT,1556.31,199.20768,2,1782824670269
2026-06-30T13:06:40.593Z,BINANCE,ETHUSDT,1559.33,155.933,2,1782824792671
2026-06-30T13:06:40.593Z,BINANCE,ETHUSDT,1559.02,28190.19964,2,1782824789418
2026-06-30T13:06:40.593Z,BINANCE,ETHUSDT,1557.75,1655.88825,2,1782824774328
2026-06-30T13:09:18.310Z,BINANCE,ETHUSDT,1560.97,4378.52085,2,1782824892350
2026-06-30T13:09:18.310Z,BINANCE,ETHUSDT,1560.35,2359.2492,2,1782824890160
2026-06-30T13:09:18.310Z,BINANCE,ETHUSDT,1560,1503.84,2,1782824886203
2026-06-30T13:15:05.503Z,BINANCE,ETHUSDT,1557.73,74820.88736,1,1782825281136
2026-06-30T13:17:32.089Z,BINANCE,ETHUSDT,1558.99,442.75316,1,1782825444178
2026-06-30T13:20:52.427Z,BINANCE,ETHUSDT,1561.25,2888.3125,1,1782825613539
2026-06-30T13:21:55.527Z,BINANCE,ETHUSDT,1561.1,115.5214,1,1782825709337
2026-06-30T13:24:16.755Z,BINANCE,ETHUSDT,1559.01,770.15094,1,1782825810315
2026-06-30T13:27:31.191Z,BINANCE,ETHUSDT,1560.37,9096.9571,1,1782825988663
2026-06-30T13:31:06.583Z,BINANCE,ETHUSDT,1563.36,884.86176,2,1782826239217
2026-06-30T13:31:06.583Z,BINANCE,ETHUSDC,1563.26,523.6921,2,1782826221724
2026-06-30T13:31:06.583Z,BINANCE,ETHUSDT,1565.39,4923.15155,2,1782826221482
2026-06-30T13:31:06.583Z,BINANCE,ETHUSDT,1565.31,1308.59916,2,1782826220167
2026-06-30T13:31:06.583Z,BINANCE,ETHUSDT,1564.29,28133.75565,2,1782826216596
2026-06-30T13:31:06.583Z,BINANCE,ETHUSDT,1564.63,1724.22226,2,1782826212419
2026-06-30T13:31:06.583Z,BINANCE,ETHUSDT,1564.13,373.82707,2,1782826211193
2026-06-30T13:31:06.583Z,BINANCE,ETHUSDT,1563.92,3773.73896,2,1782826209514
2026-06-30T13:32:20.067Z,BINANCE,ETHUSDT,1556.81,279424.04285,1,1782826336384
2026-06-30T13:32:20.067Z,BINANCE,ETHUSDT,1556.9,201244.894,1,1782826335592
2026-06-30T13:32:20.067Z,BINANCE,ETHUSDT,1556.62,7783.1,1,1782826334146
2026-06-30T13:32:20.067Z,BINANCE,ETHUSDT,1556.61,14009.49,1,1782826332195
2026-06-30T13:32:20.067Z,BINANCE,ETHUSDT,1557.41,110842.42711,1,1782826330677
2026-06-30T13:32:20.067Z,BINANCE,ETHUSDT,1558.11,691.80084,1,1782826327129
2026-06-30T13:32:20.067Z,BINANCE,ETHUSDT,1559.18,15281.52318,1,1782826324467
2026-06-30T13:32:20.067Z,BINANCE,ETHUSDT,1558.82,8455.03968,1,1782826323255
2026-06-30T13:32:20.067Z,BINANCE,ETHUSDT,1566.47,1087.13018,2,1782826283489
2026-06-30T13:32:20.067Z,BINANCE,ETHUSDT,1566.23,548.1805,2,1782826282257
2026-06-30T13:32:20.067Z,BINANCE,ETHUSDT,1565.62,4723.47554,2,1782826275255
2026-06-30T13:33:28.169Z,BINANCE,ETHUSDT,1555.99,614.61605,1,1782826353220
2026-06-30T13:33:28.169Z,BINANCE,ETHUSDT,1555.8,2210.7918,1,1782826351172
2026-06-30T13:33:28.169Z,BINANCE,ETHUSDT,1555.65,2874.8412,1,1782826348682
2026-06-30T13:33:28.169Z,BINANCE,ETHUSDT,1556.66,4806.96608,1,1782826344208
2026-06-30T13:34:46.258Z,BINANCE,ETHUSDT,1553.9,1235.3505,1,1782826469604
2026-06-30T13:34:46.258Z,BINANCE,ETHUSDT,1553.9,5569.1776,1,1782826469225
2026-06-30T13:34:46.258Z,BINANCE,ETHUSDT,1553.35,25109.90275,1,1782826466488
2026-06-30T13:34:46.258Z,BINANCE,ETHUSDT,1553.55,9919.41675,1,1782826464657
2026-06-30T13:34:46.258Z,BINANCE,ETHUSDT,1553.87,1502.59229,1,1782826453232
2026-06-30T13:34:46.258Z,BINANCE,ETHUSDT,1553.62,14588.4918,1,1782826451841
2026-06-30T13:34:46.258Z,BINANCE,ETHUSDT,1553.85,1633.09635,1,1782826451077
2026-06-30T13:34:46.258Z,BINANCE,ETHUSDT,1554.45,29436.61965,1,1782826448736
2026-06-30T13:36:14.955Z,BINANCE,ETHUSDT,1551.83,1649.59529,1,1782826555569
2026-06-30T13:36:14.955Z,BINANCE,ETHUSDT,1553.33,14893.32804,1,1782826532910
2026-06-30T13:36:14.955Z,BINANCE,ETHUSDT,1555.27,1060.69414,2,1782826520259
2026-06-30T13:36:14.955Z,BINANCE,ETHUSDT,1551.08,158.21016,1,1782826491204
2026-06-30T13:36:14.955Z,BINANCE,ETHUSDT,1551.21,29441.9658,1,1782826489449
2026-06-30T13:36:14.955Z,BINANCE,ETHUSDT,1551.39,160685.21925,1,1782826488427
2026-06-30T13:36:14.955Z,BINANCE,ETHUSDT,1551.06,793584.3384,1,1782826485431
2026-06-30T13:36:14.955Z,BINANCE,ETHUSDT,1552.22,2997.33682,1,1782826482445
2026-06-30T13:36:14.955Z,BINANCE,ETHUSDT,1552.02,13704.3366,1,1782826480576
2026-06-30T13:36:14.955Z,BINANCE,ETHUSDT,1552.54,785933.00896,1,1782826477430
2026-06-30T13:36:14.955Z,BINANCE,ETHUSDT,1552.68,22381.8822,1,1782826476411
2026-06-30T13:36:14.955Z,BINANCE,ETHUSDT,1552.09,617.73182,1,1782826475064
2026-06-30T13:36:14.955Z,BINANCE,ETHUSDT,1552.53,1776.09432,1,1782826473405
2026-06-30T13:38:31.224Z,BINANCE,ETHUSDT,1551.64,28152.95616,1,1782826697512
2026-06-30T13:38:31.224Z,BINANCE,ETHUSD_PERP,1547.45,140,1,1782826696245
2026-06-30T13:38:31.224Z,BINANCE,ETHUSDT,1550.12,2889.42368,1,1782826696212
2026-06-30T13:38:31.224Z,BINANCE,ETHUSDT,1550.56,793.88672,1,1782826692529
2026-06-30T13:38:31.224Z,BINANCE,ETHUSDT,1550.7,114.7518,1,1782826691460
2026-06-30T13:39:39.385Z,BINANCE,ETHUSDT,1554.36,150266.19864,2,1782826748551
2026-06-30T13:39:39.385Z,BINANCE,ETHUSDC,1548.24,236.88072,1,1782826725547
2026-06-30T13:40:42.475Z,BINANCE,ETHUSDT,1559.18,4080.37406,2,1782826836485
2026-06-30T13:40:42.475Z,BINANCE,ETHUSDT,1558.77,6908.46864,2,1782826833483
2026-06-30T13:40:42.475Z,BINANCE,ETHUSDT,1558.1,18524.2509,2,1782826819481
2026-06-30T13:40:42.475Z,BINANCE,ETHUSDT,1558.62,4510.64628,2,1782826816262
2026-06-30T13:40:42.475Z,BINANCE,ETHUSDT,1558.39,124.6712,2,1782826815740
2026-06-30T13:40:42.475Z,BINANCE,ETHUSDT,1557.3,3796.6974,2,1782826813453
2026-06-30T13:44:40.079Z,BINANCE,ETHUSDC,1557.66,498.4512,2,1782826852648
2026-06-30T13:44:40.079Z,BINANCE,ETHUSDT,1559.72,22243.16692,2,1782826840481
2026-06-30T13:46:52.963Z,BINANCE,ETHUSDT,1556.46,743.98788,1,1782827180129
2026-06-30T13:46:52.963Z,BINANCE,ETHUSDT,1560.72,140.4648,2,1782827154513
2026-06-30T13:46:52.963Z,BINANCE,ETHUSDT,1560.53,2776.18287,2,1782827152518
2026-06-30T13:50:08.716Z,BINANCE,ETHUSDT,1555.47,2005.00083,1,1782827373266
2026-06-30T13:54:54.999Z,BINANCE,ETHUSDT,1566.36,7048.62,2,1782827514236
2026-06-30T13:54:54.999Z,BINANCE,ETHUSDT,1565.48,24145.96352,2,1782827478575
2026-06-30T13:54:54.999Z,BINANCE,ETHUSDT,1565.25,1804.73325,2,1782827478235
2026-06-30T13:54:54.999Z,BINANCE,ETHUSDC,1563.21,10942.47,2,1782827477805
2026-06-30T13:54:54.999Z,BINANCE,ETHUSDT,1565.89,256038.6739,2,1782827476870
2026-06-30T13:54:54.999Z,BINANCE,ETHUSDT,1564.75,7534.27125,2,1782827475140
2026-06-30T13:59:30.754Z,BINANCE,ETHUSDT,1566.17,6327.3268,2,1782827964656
2026-06-30T14:00:34.404Z,BINANCE,ETHUSDT,1566.61,31332.2,2,1782827984104
2026-06-30T14:00:34.404Z,BINANCE,ETHUSDT,1566.63,742.58262,2,1782827980447
2026-06-30T14:01:42.566Z,BINANCE,ETHUSDT,1565.96,1559.69616,1,1782828049471
2026-06-30T14:01:42.566Z,BINANCE,ETHUSDT,1567.03,7448.09359,2,1782828044265
2026-06-30T14:05:05.881Z,BINANCE,ETHUSDT,1571.22,2331.69048,1,1782828211283
2026-06-30T14:05:05.881Z,BINANCE,ETHUSDT,1571.12,180.6788,1,1782828208532
2026-06-30T14:05:05.881Z,BINANCE,ETHUSDT,1575.59,1509.41522,2,1782828165390
2026-06-30T14:05:05.881Z,BINANCE,ETHUSDT,1576.79,10091.456,2,1782828164173
2026-06-30T14:05:05.881Z,BINANCE,ETHUSDT,1577.13,9059.03472,2,1782828162540
2026-06-30T14:05:05.881Z,BINANCE,ETHUSDT,1576.64,2364.96,1,1782828160095
2026-06-30T14:05:05.881Z,BINANCE,ETHUSDT,1575.58,105.56386,2,1782828153698
2026-06-30T14:05:05.881Z,BINANCE,ETHUSDT,1577.01,16941.81843,2,1782828152347
2026-06-30T14:05:05.881Z,BINANCE,ETHUSDT_260925,1582.99,2178.19424,2,1782828151278
2026-06-30T14:05:05.881Z,BINANCE,ETHUSDT,1575.83,211.16122,2,1782828149474
2026-06-30T14:05:05.881Z,BINANCE,ETHUSDT,1574.71,121.25267,2,1782828128227
2026-06-30T14:05:05.881Z,BINANCE,ETHUSDT,1574.96,8517.38368,2,1782828121173
2026-06-30T14:05:05.881Z,BINANCE,ETHUSDT,1575.48,64802.64336,2,1782828120759
2026-06-30T14:05:05.881Z,BINANCE,ETHUSDT,1574.03,7870.15,2,1782828119119
2026-06-30T14:05:05.881Z,BINANCE,ETHUSDT,1573.85,89909.32895,2,1782828117273
2026-06-30T14:05:05.881Z,BINANCE,ETHUSD_PERP,1571.29,120,2,1782828116496
2026-06-30T14:05:05.881Z,BINANCE,ETHUSDT,1572.8,16287.9168,2,1782828115578
2026-06-30T14:05:05.881Z,BINANCE,ETHUSDC,1570.82,507.37486,2,1782828115577
2026-06-30T14:05:05.881Z,BINANCE,ETHUSDT,1573.29,115577.02998,2,1782828114680
2026-06-30T14:05:05.881Z,BINANCE,ETHUSDT,1571.95,1571950,2,1782828113089
2026-06-30T14:05:05.881Z,BINANCE,ETHUSDT,1571.22,46589.81544,2,1782828112460
2026-06-30T14:05:05.881Z,BINANCE,ETHUSDT,1570.15,896.55565,2,1782828110439
2026-06-30T14:05:05.881Z,BINANCE,ETHUSDT,1569.12,2510.592,2,1782828106824
2026-06-30T14:05:05.881Z,BINANCE,ETHUSDT,1568.67,30206.30952,2,1782828106061
2026-06-30T14:05:05.881Z,BINANCE,ETHUSDC,1567.2,2043.6288,2,1782828105630
2026-06-30T14:05:05.881Z,BINANCE,ETHUSDT,1569.07,729.61755,2,1782828104738
2026-06-30T14:06:19.278Z,BINANCE,ETHUSDT,1570.44,131.91696,1,1782828340342
2026-06-30T14:06:19.278Z,BINANCE,ETHUSDT,1570.23,11478.3813,1,1782828306374
2026-06-30T14:07:27.793Z,BINANCE,ETHUSDT,1574.08,201.48224,2,1782828426327
2026-06-30T14:10:42.044Z,BINANCE,ETHUSDT,1567.89,297.8991,1,1782828639693
2026-06-30T14:10:42.044Z,BINANCE,ETHUSDT,1568.53,961.50889,1,1782828630400
2026-06-30T14:10:42.044Z,BINANCE,ETHUSDT,1569.01,3316.88714,1,1782828628226
2026-06-30T14:14:06.545Z,BINANCE,ETHUSDT,1572.26,187.09894,2,1782828821567
2026-06-30T14:15:16.803Z,BINANCE,ETHUSDT,1572.52,149.3894,2,1782828874598
2026-06-30T14:17:48.198Z,BINANCE,ETHUSDT,1572.02,1208.88338,2,1782829044504
2026-06-30T14:23:25.714Z,BINANCE,ETHUSDT,1573.11,781.83567,2,1782829368089
2026-06-30T14:24:18.752Z,BINANCE,ETHUSDT,1574.27,103.90182,2,1782829425525
2026-06-30T14:24:18.752Z,BINANCE,ETHUSDT,1574.52,2361.78,2,1782829423429
2026-06-30T14:24:18.752Z,BINANCE,ETHUSDT,1574.41,1882.99436,2,1782829395663
2026-06-30T14:27:46.635Z,BINANCE,ETHUSDT,1574.15,14003.6384,1,1782829663421
2026-06-30T14:27:46.635Z,BINANCE,ETHUSDT,1572.59,1572.59,1,1782829622931
2026-06-30T14:28:55.847Z,BINANCE,ETHUSDT,1574.19,502.16661,1,1782829666245
2026-06-30T14:30:04.726Z,BINANCE,ETHUSDT,1572.64,191.86208,1,1782829734392
2026-06-30T14:35:56.450Z,BINANCE,ETHUSDT,1574.54,1880.00076,2,1782830090194
2026-06-30T14:37:04.557Z,BINANCE,ETHUSDT,1570.05,135.0243,1,1782830194660
2026-06-30T14:37:04.557Z,BINANCE,ETHUSDT,1571.13,7855.65,1,1782830188535
2026-06-30T14:38:15.222Z,BINANCE,ETHUSDT,1566.74,6492.57056,1,1782830278415
2026-06-30T14:38:15.222Z,BINANCE,ETHUSDT,1567.42,1706.92038,1,1782830257106
2026-06-30T14:38:15.222Z,BINANCE,ETHUSDT,1567.87,511.12562,1,1782830247666
2026-06-30T14:38:15.222Z,BINANCE,ETHUSDT,1567.63,14978.70465,1,1782830246392
2026-06-30T14:38:15.222Z,BINANCE,ETHUSDT,1568.05,746.3918,1,1782830232673
2026-06-30T14:41:18.739Z,BINANCE,ETHUSDT,1567.86,5235.08454,2,1782830463460
2026-06-30T14:41:18.739Z,BINANCE,ETHUSDC,1560.85,402.6993,1,1782830344442
2026-06-30T14:41:18.739Z,BINANCE,ETHUSDT,1563.1,3038.6664,1,1782830342310
2026-06-30T14:41:18.739Z,BINANCE,ETHUSDT,1563.34,9847.47866,1,1782830340437
2026-06-30T14:41:18.739Z,BINANCE,ETHUSDT,1563.33,1563.33,1,1782830338341
2026-06-30T14:41:18.739Z,BINANCE,ETHUSDT,1563.71,156.371,1,1782830337322
2026-06-30T14:41:18.739Z,BINANCE,ETHUSDT,1564.47,1522.22931,1,1782830329079
2026-06-30T14:41:18.739Z,BINANCE,ETHUSDT,1565.06,793.48542,1,1782830324492
2026-06-30T14:41:18.739Z,BINANCE,ETHUSDT,1565.28,86090.4,1,1782830301075
2026-06-30T14:41:18.739Z,BINANCE,ETHUSDT,1565.6,14051.26,1,1782830296521
2026-06-30T14:41:18.739Z,BINANCE,ETHUSD_PERP,1563.08,4520,1,1782830296382
2026-06-30T14:45:18.972Z,BINANCE,ETHUSDT,1572,1814.088,2,1782830688156
2026-06-30T14:45:18.972Z,BINANCE,ETHUSDT,1571.14,24904.14014,2,1782830672180
2026-06-30T14:45:18.972Z,BINANCE,ETHUSDT,1570.95,11400.38415,2,1782830653300
2026-06-30T14:45:18.972Z,BINANCE,ETHUSDT,1568.58,105.09486,2,1782830636363
2026-06-30T14:48:43.477Z,BINANCE,ETHUSDT,1564.65,1181.31075,1,1782830919653
2026-06-30T14:49:56.517Z,BINANCE,ETHUSDT,1563.94,95747.53468,1,1782830932403
2026-06-30T14:52:08.075Z,BINANCE,ETHUSDT,1563.83,882.00012,1,1782831076107
2026-06-30T14:52:08.075Z,BINANCE,ETHUSDT,1563.02,1563.02,1,1782831068614
2026-06-30T14:52:08.075Z,BINANCE,ETHUSDT,1562.99,312.598,1,1782831059529
2026-06-30T14:53:29.831Z,BINANCE,ETHUSDT,1564.21,159.54942,1,1782831146430
2026-06-30T14:54:27.878Z,BINANCE,ETHUSDT,1563.52,7927.0464,1,1782831218011
2026-06-30T14:55:30.843Z,BINANCE,ETHUSDT,1561.34,505.87416,1,1782831286628
2026-06-30T14:55:30.843Z,BINANCE,ETHUSDT,1561.5,494.9955,1,1782831283428
2026-06-30T14:55:30.843Z,BINANCE,ETHUSDT,1561.5,4732.9065,1,1782831269580
2026-06-30T14:55:30.843Z,BINANCE,ETHUSDT,1561.83,7390.57956,1,1782831266134
2026-06-30T14:56:39.171Z,BINANCE,ETHUSDT,1561.19,2029.547,1,1782831353082
2026-06-30T14:56:39.171Z,BINANCE,ETHUSDT,1561.18,4683.54,1,1782831351233
2026-06-30T14:57:42.128Z,BINANCE,ETHUSDT,1560.95,234.1425,1,1782831407064
2026-06-30T14:57:42.128Z,BINANCE,ETHUSDT,1560.89,224.76816,1,1782831402284
2026-06-30T14:57:42.128Z,BINANCE,ETHUSDT,1560.91,995.86058,1,1782831398628
2026-06-30T15:02:30.635Z,BINANCE,ETHUSDC,1564.37,1074.72219,2,1782831747379
2026-06-30T15:04:41.850Z,BINANCE,ETHUSDC,1559.12,779.56,1,1782831854441
2026-06-30T15:04:41.850Z,BINANCE,ETHUSDT,1561.88,23428.2,1,1782831847370
2026-06-30T15:04:41.850Z,BINANCE,ETHUSDT,1561.84,217.09576,1,1782831844578
2026-06-30T15:04:41.850Z,BINANCE,ETHUSDT,1563.82,2708.53624,1,1782831834428
2026-06-30T15:05:51.164Z,BINANCE,ETHUSDT,1558.84,2205.7586,1,1782831935544
2026-06-30T15:05:51.164Z,BINANCE,ETHUSDT,1558.84,85095.51676,1,1782831927151
2026-06-30T15:05:51.164Z,BINANCE,ETHUSDT,1559.22,6236.88,1,1782831922393
2026-06-30T15:05:51.164Z,BINANCE,ETHUSDT,1559.25,251.03925,1,1782831914101
2026-06-30T15:05:51.164Z,BINANCE,ETHUSDT,1558.77,238.49181,1,1782831913107
2026-06-30T15:05:51.164Z,BINANCE,ETHUSDT,1559.66,2058.7512,1,1782831909560
2026-06-30T15:05:51.164Z,BINANCE,ETHUSDT,1560.52,405.7352,1,1782831897475
2026-06-30T15:05:51.164Z,BINANCE,ETHUSDT,1561.08,5972.69208,1,1782831885535
2026-06-30T15:05:51.164Z,BINANCE,ETHUSDT,1561.01,992.80236,1,1782831884229
2026-06-30T15:08:37.562Z,BINANCE,ETHUSDT,1558.16,2228.1688,1,1782832034432
2026-06-30T15:08:37.562Z,BINANCE,ETHUSDT,1556.72,3113.44,1,1782831997324
2026-06-30T15:08:37.562Z,BINANCE,ETHUSDT,1557.01,186.8412,1,1782831994183
2026-06-30T15:08:37.562Z,BINANCE,ETHUSDT,1556.98,731.7806,1,1782831992107
2026-06-30T15:08:37.562Z,BINANCE,ETHUSDT,1556.82,5778.91584,1,1782831990426
2026-06-30T15:08:37.562Z,BINANCE,ETHUSDT,1557.41,4415.25735,1,1782831984201
2026-06-30T15:08:37.562Z,BINANCE,ETHUSDT,1557.28,95384.95728,1,1782831982316
2026-06-30T15:08:37.562Z,BINANCE,ETHUSDC,1555.04,1253.36224,1,1782831982264
2026-06-30T15:08:37.562Z,BINANCE,ETHUSDT,1558.7,2146.3299,1,1782831953656
2026-06-30T15:08:37.562Z,BINANCE,ETHUSDT,1558.58,7792.9,1,1782831948102
2026-06-30T15:14:21.914Z,BINANCE,ETHUSDT,1565.16,46954.8,2,1782832432520
2026-06-30T15:14:21.914Z,BINANCE,ETHUSDT,1564.8,2716.4928,2,1782832393068
2026-06-30T15:14:21.914Z,BINANCE,ETHUSDT,1564.34,991.79156,2,1782832387448
2026-06-30T15:14:21.914Z,BINANCE,ETHUSDT,1564.33,2352.75232,2,1782832385254
2026-06-30T15:16:43.124Z,BINANCE,ETHUSDT,1560.73,7226.1799,1,1782832576260
2026-06-30T15:16:43.124Z,BINANCE,ETHUSDT,1561.21,315.36442,1,1782832557125
2026-06-30T15:17:51.810Z,BINANCE,ETHUSDT,1560.08,7362.01752,2,1782832668665
2026-06-30T15:17:51.810Z,BINANCE,ETHUSDT,1560.76,494.76092,1,1782832656101
2026-06-30T15:17:51.810Z,BINANCE,ETHUSDT,1560.79,1620.10002,1,1782832626224
2026-06-30T15:19:55.694Z,BINANCE,ETHUSDT_260925,1566.73,3290.133,2,1782832741703
2026-06-30T15:19:55.694Z,BINANCE,ETHUSDC,1558.78,5267.11762,1,1782832741702
2026-06-30T15:19:55.694Z,BINANCE,ETHUSDT,1560.94,415.21004,2,1782832741702
2026-06-30T15:21:03.996Z,BINANCE,ETHUSDT,1567.13,985.72477,2,1782832861129
2026-06-30T15:21:03.996Z,BINANCE,ETHUSDT,1565.31,2621.89425,2,1782832810547
2026-06-30T15:21:03.996Z,BINANCE,ETHUSDT,1565.4,17061.2946,2,1782832809278
2026-06-30T15:21:03.996Z,BINANCE,ETHUSDT,1564.14,1564.14,2,1782832804585
2026-06-30T15:22:44.529Z,BINANCE,ETHUSDT,1567.31,100.30784,2,1782832870423
2026-06-30T15:23:52.520Z,BINANCE,ETHUSDT,1563.83,268.97876,2,1782832990425
2026-06-30T15:24:55.477Z,BINANCE,ETHUSDT,1567.67,848.10947,2,1782833080584
2026-06-30T15:24:55.477Z,BINANCE,ETHUSDT,1564.52,303.51688,1,1782833055551
2026-06-30T15:24:55.477Z,BINANCE,ETHUSDT,1565,771.545,1,1782833038282
2026-06-30T15:39:31.846Z,BINANCE,ETHUSDT,1563.25,211.03875,1,1782833948592
2026-06-30T15:39:31.846Z,BINANCE,ETHUSDT,1562,4750.042,1,1782833929263
2026-06-30T15:39:31.846Z,BINANCE,ETHUSDT,1562.75,298.48525,1,1782833923594
2026-06-30T15:46:31.775Z,BINANCE,ETHUSDT,1576.01,15520.54648,2,1782834376531
2026-06-30T15:46:31.775Z,BINANCE,ETHUSDC,1574.05,125.924,2,1782834375093
2026-06-30T15:46:31.775Z,BINANCE,ETHUSDT,1576.33,504.4256,2,1782834375069
2026-06-30T15:46:31.775Z,BINANCE,ETHUSDT,1575.71,31403.9003,2,1782834374370
2026-06-30T15:46:31.775Z,BINANCE,ETHUSDT,1575.43,1513.98823,2,1782834372519
2026-06-30T15:46:31.775Z,BINANCE,ETHUSDT,1574.85,41931.9561,2,1782834371368
2026-06-30T15:46:31.775Z,BINANCE,ETHUSDT,1575.44,10144.25816,2,1782834370525
2026-06-30T15:46:31.775Z,BINANCE,ETHUSD_PERP,1572.27,120,2,1782834370417
2026-06-30T15:46:31.775Z,BINANCE,ETHUSDC,1570.86,13550.23836,2,1782834364195
2026-06-30T15:46:31.775Z,BINANCE,ETHUSDT,1572.86,9048.66358,2,1782834364116
2026-06-30T15:46:31.775Z,BINANCE,ETHUSDC,1570.35,687.8133,2,1782834361712
2026-06-30T15:46:31.775Z,BINANCE,ETHUSDT,1572.56,39784.19544,2,1782834361438
2026-06-30T15:46:31.775Z,BINANCE,ETHUSDT,1572.44,24364.9578,2,1782834360420
2026-06-30T15:46:31.775Z,BINANCE,ETHUSDT,1569.54,425.34534,2,1782834356331
2026-06-30T15:46:31.775Z,BINANCE,ETHUSDC,1566.74,495.08984,1,1782834344158
2026-06-30T15:46:31.775Z,BINANCE,ETHUSDT,1568.9,2784.7975,2,1782834339437
2026-06-30T15:46:31.775Z,BINANCE,ETHUSDT,1569.14,101881.12192,2,1782834337453
2026-06-30T15:46:31.775Z,BINANCE,ETHUSDT,1568.01,141.1209,2,1782834331526
2026-06-30T15:46:31.775Z,BINANCE,ETHUSDT,1568.01,374.75439,2,1782834330401
2026-06-30T15:46:31.775Z,BINANCE,ETHUSDT,1568.1,1019.265,2,1782834329370
2026-06-30T15:51:55.788Z,BINANCE,ETHUSDT,1569.36,379.78512,1,1782834699542
2026-06-30T15:58:29.491Z,BINANCE,ETHUSDT,1566.03,181.65948,1,1782835105148
2026-06-30T15:58:29.491Z,BINANCE,ETHUSDT,1567.22,1496.6951,1,1782835075818
2026-06-30T15:59:48.382Z,BINANCE,ETHUSDT,1564.03,1496.77671,1,1782835150386
2026-06-30T15:59:48.382Z,BINANCE,ETHUSDT,1564.79,1211.14746,1,1782835119657
2026-06-30T15:59:48.382Z,BINANCE,ETHUSDT,1564.58,126.73098,1,1782835118200
2026-06-30T15:59:48.382Z,BINANCE,ETHUSDT,1564.99,123.63421,1,1782835109550
2026-06-30T15:59:48.382Z,BINANCE,ETHUSDT,1565.16,3019.19364,1,1782835108247
2026-06-30T16:04:06.038Z,BINANCE,ETHUSDT,1566.99,7534.08792,2,1782835423622
2026-06-30T16:07:30.923Z,BINANCE,ETHUSDT,1570.33,265.38577,2,1782835623125
2026-06-30T16:07:30.923Z,BINANCE,ETHUSDT,1570.27,477.36208,2,1782835601194
2026-06-30T16:14:20.229Z,BINANCE,ETHUSDT,1565.89,142.49599,1,1782836037550
2026-06-30T16:14:20.229Z,BINANCE,ETHUSDT,1566.08,928.68544,1,1782836033647
2026-06-30T16:14:20.229Z,BINANCE,ETHUSDT,1566.17,333.59421,1,1782836032078
2026-06-30T16:15:28.511Z,BINANCE,ETHUSDT,1563.21,479.90547,1,1782836124904
2026-06-30T16:15:28.511Z,BINANCE,ETHUSDT,1563.19,44865.11619,1,1782836118718
2026-06-30T16:15:28.511Z,BINANCE,ETHUSDT,1563.88,2744.6094,1,1782836112555
2026-06-30T16:15:28.511Z,BINANCE,ETHUSDT,1565.37,5888.92194,1,1782836103312
2026-06-30T16:19:50.826Z,BINANCE,ETHUSDC,1564.22,2884.42168,1,1782836331690
2026-06-30T16:23:05.801Z,BINANCE,ETHUSDT,1565.61,234.8415,2,1782836553370
2026-06-30T16:25:27.714Z,BINANCE,ETHUSDT,1561.63,4489.68625,1,1782836722801
2026-06-30T16:25:27.714Z,BINANCE,ETHUSDT,1561.53,173.32983,1,1782836720468
2026-06-30T16:25:27.714Z,BINANCE,ETHUSDT,1562.39,44606.2345,1,1782836716292
2026-06-30T16:25:27.714Z,BINANCE,ETHUSDT,1562.5,906.25,1,1782836712283
2026-06-30T16:25:27.714Z,BINANCE,ETHUSDT,1562.5,1175,1,1782836711379
2026-06-30T16:35:32.468Z,BINANCE,ETHUSDT,1565.67,1307.33445,2,1782837294465
2026-06-30T16:35:32.468Z,BINANCE,ETHUSDT,1561.46,252.95652,1,1782837258568
2026-06-30T16:39:07.607Z,BINANCE,ETHUSDT,1566.8,155.1132,2,1782837527680
2026-06-30T16:40:21.093Z,BINANCE,ETHUSDT,1568.7,3198.5793,2,1782837554096
2026-06-30T16:44:50.647Z,BINANCE,ETHUSDT,1565.66,627.82966,1,1782837861485
2026-06-30T16:50:31.974Z,BINANCE,ETHUSDT,1570.03,180.55345,2,1782838162341
2026-06-30T16:55:02.059Z,BINANCE,ETHUSDT,1572.59,295.64692,2,1782838465409
2026-06-30T16:55:02.059Z,BINANCE,ETHUSDT,1572.85,1204.8031,2,1782838464127
2026-06-30T16:55:02.059Z,BINANCE,ETHUSDT,1572.55,1632.3069,2,1782838460306
2026-06-30T16:55:02.059Z,BINANCE,ETHUSDT,1572.55,5472.474,2,1782838460180
2026-06-30T16:55:02.059Z,BINANCE,ETHUSDT,1572.26,987.37928,2,1782838457667
2026-06-30T16:56:05.232Z,BINANCE,ETHUSDT,1572.13,2300.02619,1,1782838537705
2026-06-30T16:56:05.232Z,BINANCE,ETHUSDT,1571.9,4685.8339,1,1782838520313
2026-06-30T16:57:26.936Z,BINANCE,ETHUSDT,1574.07,2803.41867,2,1782838619133
2026-06-30T16:57:26.936Z,BINANCE,ETHUSDT,1574.07,1071.94167,2,1782838593382
2026-06-30T16:57:26.936Z,BINANCE,ETHUSDT,1574.2,3024.0382,2,1782838591287
2026-06-30T16:57:26.936Z,BINANCE,ETHUSDT,1573.73,265396.97466,2,1782838580125
2026-06-30T16:57:26.936Z,BINANCE,ETHUSDT,1573.49,2959.73469,2,1782838572605
2026-06-30T16:57:26.936Z,BINANCE,ETHUSDT,1573.49,2067.56586,2,1782838571125
2026-06-30T16:58:30.065Z,BINANCE,ETHUSDT,1585.49,524.79719,1,1782838659759
2026-06-30T16:59:43.055Z,BINANCE,ETHUSDT,1571.49,2357.235,1,1782838761338
2026-06-30T17:05:39.286Z,BINANCE,ETHUSDT,1572.85,706.20965,1,1782839074432
2026-06-30T17:07:44.830Z,BINANCE,ETHUSDT,1575.09,149.63355,2,1782839260482
2026-06-30T17:07:44.830Z,BINANCE,ETHUSDT,1575.04,5986.72704,2,1782839259176
2026-06-30T17:08:52.902Z,BINANCE,ETHUSDC,1573.79,2511.76884,2,1782839265191
2026-06-30T17:08:52.902Z,BINANCE,ETHUSDT,1575.72,2012.19444,2,1782839265115
2026-06-30T17:08:52.902Z,BINANCE,ETHUSDT,1576.27,13732.46424,2,1782839263367
2026-06-30T17:14:18.807Z,BINANCE,ETHUSDT,1570.06,65454.23134,1,1782839624071
2026-06-30T17:18:52.600Z,BINANCE,ETHUSDT,1571.53,2330.57899,1,1782839921465
2026-06-30T17:21:08.918Z,BINANCE,ETHUSDT,1571.95,1112.9406,1,1782840028200
2026-06-30T17:21:08.918Z,BINANCE,ETHUSDT,1571.21,7856.05,1,1782840011134
2026-06-30T17:27:00.030Z,BINANCE,ETHUSDT,1571.56,194.87344,1,1782840392075
2026-06-30T17:30:31.232Z,BINANCE,ETHUSDC,1568.48,1874.3336,1,1782840583649
2026-06-30T17:32:42.370Z,BINANCE,ETHUSDT,1568.85,5122.29525,1,1782840720394
2026-06-30T17:32:42.370Z,BINANCE,ETHUSDT,1569.33,202.44357,1,1782840711122
2026-06-30T17:38:18.128Z,BINANCE,ETHUSDT,1569.94,483.54152,1,1782841038494
2026-06-30T17:48:42.971Z,BINANCE,ETHUSDT,1568.11,18682.46254,1,1782841679544
2026-06-30T17:48:42.971Z,BINANCE,ETHUSDT,1568.22,467.32956,1,1782841677360
2026-06-30T18:10:05.672Z,BINANCE,ETHUSDT,1572.86,8735.66444,2,1782842946375
2026-06-30T18:13:40.649Z,BINANCE,ETHUSDT,1573.04,3421.362,2,1782843207458
2026-06-30T18:18:30.018Z,BINANCE,ETHUSDT,1576.11,1030.77594,2,1782843499127
2026-06-30T18:18:30.018Z,BINANCE,ETHUSDC,1574.68,119.67568,2,1782843495161
2026-06-30T18:18:30.018Z,BINANCE,ETHUSDT,1576.13,1344.43889,2,1782843493216
2026-06-30T18:18:30.018Z,BINANCE,ETHUSDT,1575.16,141.7644,2,1782843489407
2026-06-30T18:18:30.018Z,BINANCE,ETHUSDT,1575.06,1056.86526,2,1782843487116
2026-06-30T18:18:30.018Z,BINANCE,ETHUSDT,1575.18,3018.04488,2,1782843470699
2026-06-30T18:18:30.018Z,BINANCE,ETHUSDT,1574.83,9938.75213,2,1782843468324
2026-06-30T18:18:30.018Z,BINANCE,ETHUSDT,1574.23,401.42865,2,1782843461219
2026-06-30T18:19:43.187Z,BINANCE,ETHUSDT,1576.76,630.704,2,1782843529430
2026-06-30T18:19:43.187Z,BINANCE,ETHUSDT,1576.66,29111.45024,2,1782843526553
2026-06-30T18:20:57.011Z,BINANCE,ETHUSDT,1580.74,1514.34892,2,1782843590619
2026-06-30T18:20:57.011Z,BINANCE,ETHUSDT,1581.35,1581350,2,1782843590092
2026-06-30T18:20:57.011Z,BINANCE,ETHUSDT,1580.45,31705.40745,2,1782843588262
2026-06-30T18:20:57.011Z,BINANCE,ETHUSDT,1580.5,5166.6545,2,1782843587301
2026-06-30T18:20:57.011Z,BINANCE,ETHUSDT,1580.5,56553.451,2,1782843587090
2026-06-30T18:20:57.011Z,BINANCE,ETHUSDC,1578.1,1234.0742,2,1782843586471
2026-06-30T18:20:57.011Z,BINANCE,ETHUSD_PERP,1576.79,2640,2,1782843585567
2026-06-30T18:20:57.011Z,BINANCE,ETHUSDT,1579.77,6105.81105,2,1782843584464
2026-06-30T18:20:57.011Z,BINANCE,ETHUSDT,1579.72,32597.5222,2,1782843583708
2026-06-30T18:25:39.744Z,BINANCE,ETHUSDT,1573.45,116.4353,1,1782843895033
2026-06-30T18:45:55.107Z,BINANCE,ETHUSDT,1573.89,1573.89,1,1782845094372
2026-06-30T18:48:06.798Z,BINANCE,ETHUSDT,1576.39,988.39653,2,1782845280238
2026-06-30T18:49:15.058Z,BINANCE,ETHUSDT,1577.66,1424.62698,2,1782845293644
2026-06-30T18:50:18.747Z,BINANCE,ETHUSDT,1578.49,1313.30368,2,1782845389322
2026-06-30T18:50:18.747Z,BINANCE,ETHUSDT,1578,1578,2,1782845385303
2026-06-30T18:58:15.639Z,BINANCE,ETHUSDT,1577.47,22813.37114,1,1782845842239
2026-06-30T19:02:43.304Z,BINANCE,ETHUSDT,1580.29,75103.28225,2,1782846129589
2026-06-30T19:08:05.859Z,BINANCE,ETHUSDT,1579.44,259.02816,2,1782846465320
2026-06-30T19:09:19.089Z,BINANCE,ETHUSDT,1579.6,126.368,1,1782846514337
2026-06-30T19:10:32.464Z,BINANCE,ETHUSDT,1579.2,205.296,1,1782846618616
2026-06-30T19:13:51.960Z,BINANCE,ETHUSDT,1577.18,935.26774,1,1782846829122
2026-06-30T19:13:51.960Z,BINANCE,ETHUSDT,1577.18,26939.81158,1,1782846827146
2026-06-30T19:14:54.678Z,BINANCE,ETHUSDT,1577.42,4621.8406,1,1782846860528
2026-06-30T19:32:56.063Z,BINANCE,ETHUSDT,1579.57,20166.37019,2,1782847930379
2026-06-30T19:32:56.063Z,BINANCE,ETHUSDT,1579.7,750.3575,2,1782847925398
2026-06-30T19:32:56.063Z,BINANCE,ETHUSDT,1579.8,1372.8462,2,1782847925192
2026-06-30T19:35:07.617Z,BINANCE,ETHUSDT,1580.97,528.04398,2,1782848103577
2026-06-30T19:50:03.905Z,BINANCE,ETHUSDT,1579.73,514.99198,2,1782848970607
2026-06-30T19:53:17.910Z,BINANCE,ETHUSDT,1577.42,946.452,2,1782849142347
2026-06-30T20:11:43.184Z,BINANCE,ETHUSDT,1581.72,62473.19484,2,1782850240663
2026-06-30T20:11:43.184Z,BINANCE,ETHUSDT,1582.12,1175.51516,2,1782850235483
2026-06-30T20:11:43.184Z,BINANCE,ETHUSDT,1582.12,10710.9524,2,1782850235023
2026-06-30T20:21:43.032Z,BINANCE,ETHUSDT,1576.21,4539.4848,1,1782850892622
2026-06-30T20:26:10.968Z,BINANCE,ETHUSDT,1575.44,1680.99448,1,1782851129637
2026-06-30T20:26:10.968Z,BINANCE,ETHUSDT,1575.5,36734.358,1,1782851111406
2026-06-30T20:26:10.968Z,BINANCE,ETHUSDT,1575.64,1044.64932,1,1782851102421
2026-06-30T20:31:43.877Z,BINANCE,ETHUSDT,1574.41,1125.70315,1,1782851493160
2026-06-30T20:31:43.877Z,BINANCE,ETHUSDT,1574.41,415.64424,1,1782851492127
2026-06-30T20:31:43.877Z,BINANCE,ETHUSDC,1573.14,302.04288,1,1782851482096
2026-06-30T20:31:43.877Z,BINANCE,ETHUSDC,1573.4,4226.1524,1,1782851456653
2026-06-30T20:32:57.354Z,BINANCE,ETHUSDT,1573.88,147.94472,1,1782851505363
2026-06-30T20:48:07.627Z,BINANCE,ETHUSDT,1577.76,151.46496,2,1782852467511
2026-06-30T20:48:07.627Z,BINANCE,ETHUSDT,1577.88,4009.39308,2,1782852465283
2026-06-30T20:58:10.473Z,BINANCE,ETHUSDT,1575.62,540.43766,1,1782853072407
2026-06-30T21:10:33.319Z,BINANCE,ETHUSDT,1573.23,121.13871,1,1782853803362
2026-06-30T21:11:31.193Z,BINANCE,ETHUSDT,1571.01,263.92968,1,1782853870202
2026-06-30T21:11:31.193Z,BINANCE,ETHUSDT,1571.41,1642.12345,1,1782853859521
2026-06-30T21:11:31.193Z,BINANCE,ETHUSDT,1571.46,238.86192,1,1782853858360
2026-06-30T21:11:31.193Z,BINANCE,ETHUSDT,1571.83,264.06744,1,1782853847584
2026-06-30T21:11:31.193Z,BINANCE,ETHUSD_PERP,1569.4,460,1,1782853846519
2026-06-30T21:11:31.193Z,BINANCE,ETHUSDT,1571.93,4093.30572,1,1782853846512
2026-06-30T21:11:31.193Z,BINANCE,ETHUSDT,1572.74,2094.88968,1,1782853840127
2026-06-30T21:23:04.395Z,BINANCE,ETHUSDT,1570.75,1949.30075,1,1782854581159
2026-06-30T21:24:07.455Z,BINANCE,ETHUSDT,1569.81,60310.53039,1,1782854630478
2026-06-30T21:24:07.455Z,BINANCE,ETHUSDT,1570.09,301.45728,1,1782854622271
2026-06-30T21:24:07.455Z,BINANCE,ETHUSDT,1569.86,313.972,1,1782854621132
2026-06-30T21:24:07.455Z,BINANCE,ETHUSDT,1570.02,2898.25692,1,1782854619386
2026-06-30T21:24:07.455Z,BINANCE,ETHUSDT,1570.45,2299.1388,1,1782854589245
2026-06-30T21:24:07.455Z,BINANCE,ETHUSDT,1570.31,10638.85025,1,1782854586659
2026-06-30T21:25:20.856Z,BINANCE,ETHUSDT,1569.74,11942.58192,1,1782854708489
2026-06-30T21:25:20.856Z,BINANCE,ETHUSDT,1569.45,944.8089,1,1782854707159
2026-06-30T21:45:38.515Z,BINANCE,ETHUSDT,1570.05,246.49785,1,1782855927237
2026-06-30T21:49:07.980Z,BINANCE,ETHUSDT,1569.7,243.3035,1,1782856140617
2026-06-30T21:50:16.393Z,BINANCE,ETHUSDC,1567.79,335.50706,1,1782856173214
2026-06-30T22:00:19.966Z,BINANCE,ETHUSDT,1570.84,10449.22768,2,1782856756210
2026-06-30T22:20:31.167Z,BINANCE,ETHUSDT,1574.15,514.74705,2,1782857989088
2026-06-30T22:30:54.605Z,BINANCE,ETHUSDT,1568,1241.856,1,1782858637452
2026-06-30T22:30:54.605Z,BINANCE,ETHUSDT,1568.31,4969.97439,1,1782858635320
2026-06-30T22:30:54.605Z,BINANCE,ETHUSDT,1568.55,203.9115,1,1782858630592
2026-06-30T22:30:54.605Z,BINANCE,ETHUSDT,1568.62,99218.35224,1,1782858628516
2026-06-30T22:30:54.605Z,BINANCE,ETHUSDT,1568.73,158.44173,1,1782858619415
2026-06-30T22:30:54.605Z,BINANCE,ETHUSDT,1568.95,33787.33825,1,1782858616521
2026-06-30T22:32:02.867Z,BINANCE,ETHUSDT,1567.07,10421.0155,1,1782858715463
2026-06-30T22:32:02.867Z,BINANCE,ETHUSDT,1567.19,15667.19843,1,1782858686622
2026-06-30T22:32:02.867Z,BINANCE,ETHUSDT,1567.19,9357.69149,1,1782858685612
2026-06-30T22:32:02.867Z,BINANCE,ETHUSDT,1567.41,4890.3192,1,1782858681331
2026-06-30T22:32:02.867Z,BINANCE,ETHUSDT,1567.57,7331.52489,1,1782858676543
2026-06-30T22:32:02.867Z,BINANCE,ETHUSDT,1568.41,4945.19673,1,1782858671146
2026-06-30T22:33:05.969Z,BINANCE,ETHUSDT,1566.22,2119.09566,1,1782858762170
2026-06-30T22:33:05.969Z,BINANCE,ETHUSDT,1566.22,273617.06778,1,1782858760212
2026-06-30T22:33:05.969Z,BINANCE,ETHUSDT,1566.37,16851.00846,1,1782858745514
2026-06-30T22:33:05.969Z,BINANCE,ETHUSDT,1566.45,6265.8,1,1782858743346
2026-06-30T22:33:05.969Z,BINANCE,ETHUSDT,1566.55,640.71895,1,1782858741502
2026-06-30T22:52:15.303Z,BINANCE,ETHUSDT,1566.82,181.75112,1,1782859887454
2026-06-30T23:01:07.678Z,BINANCE,ETHUSDT,1565.64,14889.2364,1,1782860459299
2026-06-30T23:01:07.678Z,BINANCE,ETHUSDT,1566.12,228.65352,1,1782860450298
2026-06-30T23:05:42.593Z,BINANCE,ETHUSDC,1563.64,642.65604,1,1782860713323
2026-06-30T23:05:42.593Z,BINANCE,ETHUSDT,1565.53,2969.81041,1,1782860695230
2026-06-30T23:17:03.741Z,BINANCE,ETHUSDT,1568.93,1568.93,2,1782861379221
2026-06-30T23:18:06.792Z,BINANCE,ETHUSDT,1570.41,2043.10341,2,1782861429266
2026-06-30T23:48:40.181Z,BINANCE,ETHUSDT,1571.47,149.28965,2,1782863253259
2026-06-30T23:59:50.573Z,BINANCE,ETHUSDT,1571.99,188.6388,2,1782863925642
