qld_time,timestamp,spot,net_gex_usd_1pct,zero_gamma,call_wall,put_wall,n_strikes
2026-07-04 11:20:01,2026-07-04T01:20:01.698Z,1749.31,7904862,1690.69,1750,1600,612
2026-07-04 11:35:01,2026-07-04T01:35:01.647Z,1748.01,7664858,1691.83,1750,1600,612
2026-07-04 11:50:01,2026-07-04T01:50:01.762Z,1744.69,6937926,1692.60,1750,1600,613
2026-07-04 12:05:01,2026-07-04T02:05:01.673Z,1746.12,7264575,1693.30,1750,1600,613
2026-07-04 12:20:01,2026-07-04T02:20:01.789Z,1745.98,7247204,1693.95,1750,1600,613
2026-07-04 12:35:01,2026-07-04T02:35:01.700Z,1743.34,6700407,1694.30,1750,1600,613
2026-07-04 12:50:01,2026-07-04T02:50:01.692Z,1745.75,7301568,1695.22,1750,1600,613
2026-07-04 13:05:01,2026-07-04T03:05:01.673Z,1747.19,7617832,1696.68,1750,1600,613
2026-07-04 13:20:01,2026-07-04T03:20:01.679Z,1747.02,7579191,1697.52,1750,1600,613
2026-07-04 13:35:01,2026-07-04T03:35:01.646Z,1750.13,8363137,1698.41,1750,1600,613
2026-07-04 13:50:01,2026-07-04T03:50:01.674Z,1753.61,9136904,1699.92,1750,1600,613
2026-07-04 14:05:01,2026-07-04T04:05:01.683Z,1752.10,8809430,1700.42,1750,1600,613
2026-07-04 14:20:01,2026-07-04T04:20:01.674Z,1750.79,8501613,1700.89,1750,1600,613
2026-07-04 14:35:01,2026-07-04T04:35:01.670Z,1754.50,9314663,1701.34,1750,1600,613
2026-07-04 14:50:01,2026-07-04T04:50:01.679Z,1758.53,10098608,1701.91,1750,1600,613
2026-07-04 15:05:01,2026-07-04T05:05:01.692Z,1757.61,9854928,1702.57,1750,1600,613
2026-07-04 15:20:01,2026-07-04T05:20:01.667Z,1753.72,9085179,1702.52,1750,1600,613
2026-07-04 15:35:01,2026-07-04T05:35:01.676Z,1754.18,9172126,1704.25,1750,1600,613
2026-07-04 15:50:01,2026-07-04T05:50:01.676Z,1757.41,9809542,1704.94,1750,1600,613
2026-07-04 16:05:01,2026-07-04T06:05:01.649Z,1756.05,9507119,1705.22,1750,1600,613
2026-07-04 16:20:01,2026-07-04T06:20:01.704Z,1755.72,9354645,1705.67,1750,1600,613
2026-07-04 16:35:01,2026-07-04T06:35:01.681Z,1753.81,9254928,1706.73,1750,1600,613
2026-07-04 16:50:01,2026-07-04T06:50:01.688Z,1753.31,9065862,1707.92,1750,1600,614
2026-07-04 17:05:01,2026-07-04T07:05:01.694Z,1752.52,8973319,1707.81,1750,1600,614
2026-07-04 17:20:01,2026-07-04T07:20:01.668Z,1754.10,8826508,1707.69,1750,1600,614
2026-07-04 17:35:01,2026-07-04T07:35:01.708Z,1753.68,8699243,1707.21,1750,1600,614
2026-07-04 17:50:01,2026-07-04T07:50:01.687Z,1755.57,7924760,1706.29,1800,1600,614
2026-07-04 18:05:01,2026-07-04T08:05:01.699Z,1757.02,8211036,1656.73,1800,1600,583
2026-07-04 18:20:01,2026-07-04T08:20:01.694Z,1758.27,8213730,1657.50,1800,1600,583
2026-07-04 18:35:01,2026-07-04T08:35:01.686Z,1759.35,8272474,1657.67,1800,1600,583
2026-07-04 18:50:01,2026-07-04T08:50:01.667Z,1762.34,8553776,1657.99,1800,1600,585
2026-07-04 19:05:01,2026-07-04T09:05:01.692Z,1758.19,8094678,1658.97,1800,1600,586
2026-07-04 19:20:01,2026-07-04T09:20:01.702Z,1759.60,8277940,1658.76,1800,1600,588
2026-07-04 19:35:01,2026-07-04T09:35:01.664Z,1756.28,7920712,1658.54,1800,1600,588
2026-07-04 19:50:01,2026-07-04T09:50:01.778Z,1755.44,7867008,1658.24,1800,1600,588
2026-07-04 20:05:01,2026-07-04T10:05:01.694Z,1756.51,7989338,1658.30,1800,1600,588
2026-07-04 20:20:01,2026-07-04T10:20:01.664Z,1758.83,8239648,1658.77,1800,1600,588
2026-07-04 20:35:01,2026-07-04T10:35:01.710Z,1757.80,8125039,1658.99,1800,1600,588
2026-07-04 20:50:01,2026-07-04T10:50:01.714Z,1757.76,8139409,1658.98,1800,1600,588
2026-07-04 21:05:01,2026-07-04T11:05:01.697Z,1755.83,7905505,1660.28,1800,1600,588
2026-07-04 21:20:01,2026-07-04T11:20:01.686Z,1755.81,7915076,1660.28,1800,1600,588
2026-07-04 21:35:01,2026-07-04T11:35:01.736Z,1758.63,8244953,1660.29,1800,1600,589
2026-07-04 21:50:02,2026-07-04T11:50:02.076Z,1756.33,7982676,1660.18,1800,1600,589
2026-07-04 22:05:01,2026-07-04T12:05:01.725Z,1759.72,8356119,1660.45,1800,1600,589
2026-07-04 22:20:01,2026-07-04T12:20:01.705Z,1759.47,8303967,1660.92,1800,1600,589
2026-07-04 22:35:01,2026-07-04T12:35:01.731Z,1763.01,9019450,1661.83,1800,1600,589
2026-07-04 22:50:01,2026-07-04T12:50:01.727Z,1761.46,8862612,1661.53,1800,1600,589
2026-07-04 23:05:01,2026-07-04T13:05:01.783Z,1761.30,8849341,1661.57,1800,1600,589
2026-07-04 23:20:01,2026-07-04T13:20:01.749Z,1763.31,9074931,1661.84,1800,1600,589
2026-07-04 23:35:01,2026-07-04T13:35:01.701Z,1764.15,9081848,1663.60,1800,1600,590
2026-07-04 23:50:01,2026-07-04T13:50:01.710Z,1762.17,8871374,1663.02,1800,1600,590
2026-07-05 00:05:01,2026-07-04T14:05:01.706Z,1765.63,9289712,1662.98,1800,1600,590
2026-07-05 00:20:01,2026-07-04T14:20:01.702Z,1770.99,9886386,1663.26,1800,1600,591
2026-07-05 00:35:01,2026-07-04T14:35:01.729Z,1768.39,9606651,1663.63,1800,1600,592
2026-07-05 00:50:01,2026-07-04T14:50:01.723Z,1768.27,9593529,1663.59,1800,1600,592
2026-07-05 01:05:01,2026-07-04T15:05:01.737Z,1773.41,10190228,1665.64,1800,1600,592
2026-07-05 01:20:01,2026-07-04T15:20:01.746Z,1785.43,10521798,1675.00,1800,1600,597
2026-07-05 01:35:01,2026-07-04T15:35:01.711Z,1793.07,10907795,1680.40,1800,1600,597
2026-07-05 01:50:01,2026-07-04T15:50:01.705Z,1792.35,10831073,1680.77,1800,1600,597
2026-07-05 02:05:01,2026-07-04T16:05:01.731Z,1789.43,10601208,1680.95,1800,1600,598
2026-07-05 02:20:01,2026-07-04T16:20:01.723Z,1785.20,10277157,1680.98,1800,1600,600
2026-07-05 02:35:01,2026-07-04T16:35:01.714Z,1788.10,10509229,1681.31,1800,1600,600
2026-07-05 02:50:01,2026-07-04T16:50:01.741Z,1786.04,10291148,1683.68,1800,1600,600
2026-07-05 03:05:01,2026-07-04T17:05:01.733Z,1781.23,9857196,1684.26,1800,1600,601
2026-07-05 03:20:01,2026-07-04T17:20:01.750Z,1782.34,10013187,1684.31,1800,1600,602
2026-07-05 03:35:01,2026-07-04T17:35:01.744Z,1788.39,10889850,1686.48,1800,1600,602
2026-07-05 03:50:01,2026-07-04T17:50:01.742Z,1793.01,11378970,1687.71,1800,1600,603
2026-07-05 04:05:01,2026-07-04T18:05:01.698Z,1797.87,11720297,1686.97,1800,1600,607
2026-07-05 04:20:01,2026-07-04T18:20:01.828Z,1800.13,11815099,1687.11,1800,1600,608
2026-07-05 04:35:01,2026-07-04T18:35:01.707Z,1793.01,11286802,1686.59,1800,1600,608
2026-07-05 04:50:01,2026-07-04T18:50:01.801Z,1791.88,11178394,1687.10,1800,1600,608
2026-07-05 05:05:01,2026-07-04T19:05:01.702Z,1793.10,11241038,1687.16,1800,1600,608
2026-07-05 05:20:01,2026-07-04T19:20:01.827Z,1790.43,11039820,1687.11,1800,1600,608
2026-07-05 05:35:01,2026-07-04T19:35:01.761Z,1795.06,11456200,1687.20,1800,1600,608
2026-07-05 05:50:01,2026-07-04T19:50:01.769Z,1793.37,11288914,1687.32,1800,1600,608
2026-07-05 06:05:01,2026-07-04T20:05:01.754Z,1793.79,11398493,1687.44,1800,1600,608
2026-07-05 06:20:01,2026-07-04T20:20:01.869Z,1785.67,10613526,1687.99,1800,1600,608
2026-07-05 06:35:01,2026-07-04T20:35:01.711Z,1785.69,10692571,1686.90,1800,1600,608
2026-07-05 06:50:02,2026-07-04T20:50:02.133Z,1787.55,10917432,1687.23,1800,1600,608
2026-07-05 07:05:01,2026-07-04T21:05:01.747Z,1785.80,10748810,1687.32,1800,1600,608
2026-07-05 07:20:01,2026-07-04T21:20:01.767Z,1789.55,11171720,1687.54,1800,1600,608
2026-07-05 07:35:01,2026-07-04T21:35:01.746Z,1791.00,11343473,1688.14,1800,1600,608
2026-07-05 07:50:01,2026-07-04T21:50:01.736Z,1788.06,10985426,1688.61,1800,1600,608
2026-07-05 08:05:01,2026-07-04T22:05:01.751Z,1785.28,10690936,1688.81,1800,1600,608
2026-07-05 08:20:01,2026-07-04T22:20:01.776Z,1786.66,10902561,1689.12,1800,1600,608
2026-07-05 08:35:01,2026-07-04T22:35:01.739Z,1784.03,10612482,1688.96,1800,1600,608
2026-07-05 08:50:01,2026-07-04T22:50:01.729Z,1782.04,10285972,1692.26,1800,1600,608
2026-07-05 09:05:01,2026-07-04T23:05:01.765Z,1782.97,10414732,1692.53,1800,1600,608
2026-07-05 09:20:01,2026-07-04T23:20:01.818Z,1774.94,9348246,1693.56,1800,1600,609
2026-07-05 09:35:01,2026-07-04T23:35:01.796Z,1779.21,9950170,1697.10,1800,1600,609
2026-07-05 09:50:01,2026-07-04T23:50:01.749Z,1779.98,10082310,1697.65,1800,1600,609
2026-07-05 10:05:01,2026-07-05T00:05:01.861Z,1775.56,9391742,1701.20,1800,1600,609
2026-07-05 10:20:01,2026-07-05T00:20:01.799Z,1774.79,9271302,1705.26,1800,1600,609
2026-07-05 10:35:01,2026-07-05T00:35:01.770Z,1771.80,8822353,1709.79,1800,1600,609
2026-07-05 10:50:01,2026-07-05T00:50:01.790Z,1773.28,9026238,1710.72,1800,1600,609
2026-07-05 11:05:01,2026-07-05T01:05:01.838Z,1771.56,8792858,1711.36,1800,1600,609
2026-07-05 11:20:01,2026-07-05T01:20:01.763Z,1763.02,7446331,1712.49,1800,1600,609
2026-07-05 11:35:01,2026-07-05T01:35:01.731Z,1761.41,7322235,1715.84,1800,1600,609
2026-07-05 11:50:01,2026-07-05T01:50:01.760Z,1763.36,7689575,1716.55,1800,1600,609
2026-07-05 12:05:01,2026-07-05T02:05:01.780Z,1763.52,7686055,1717.01,1800,1600,609
2026-07-05 12:20:01,2026-07-05T02:20:01.773Z,1761.18,7361246,1719.01,1800,1600,609
2026-07-05 12:35:01,2026-07-05T02:35:01.791Z,1763.95,7797013,1721.30,1800,1600,609
2026-07-05 12:50:01,2026-07-05T02:50:01.793Z,1757.54,6686914,1724.82,1800,1600,609
2026-07-05 13:05:01,2026-07-05T03:05:01.778Z,1760.09,7215566,1725.65,1800,1600,609
2026-07-05 13:20:01,2026-07-05T03:20:01.789Z,1760.41,7296182,1726.49,1800,1600,609
2026-07-05 13:35:01,2026-07-05T03:35:01.764Z,1758.24,6945604,1727.42,1800,1600,609
2026-07-05 13:50:01,2026-07-05T03:50:01.784Z,1760.70,7349004,1728.04,1800,1600,609
2026-07-05 14:05:01,2026-07-05T04:05:01.770Z,1760.10,7302758,1728.51,1800,1600,609
2026-07-05 14:20:01,2026-07-05T04:20:01.781Z,1764.83,8043264,1729.64,1800,1600,609
2026-07-05 14:35:01,2026-07-05T04:35:01.748Z,1768.60,8703180,1729.75,1800,1600,609
2026-07-05 14:50:01,2026-07-05T04:50:01.770Z,1767.78,8554437,1730.28,1800,1600,609
2026-07-05 15:05:01,2026-07-05T05:05:01.787Z,1764.90,8063627,1730.72,1800,1600,609
2026-07-05 15:20:01,2026-07-05T05:20:01.814Z,1764.70,8029954,1731.14,1800,1600,609
2026-07-05 15:35:01,2026-07-05T05:35:01.766Z,1764.21,7902998,1731.63,1800,1600,610
2026-07-05 15:50:01,2026-07-05T05:50:01.865Z,1761.93,7569084,1732.10,1800,1600,610
2026-07-05 16:05:01,2026-07-05T06:05:01.802Z,1762.44,7584105,1732.47,1800,1600,610
2026-07-05 16:20:01,2026-07-05T06:20:01.817Z,1762.95,7604383,1732.82,1800,1600,610
2026-07-05 16:35:01,2026-07-05T06:35:01.779Z,1766.38,7986179,1733.08,1800,1600,610
2026-07-05 16:50:01,2026-07-05T06:50:01.813Z,1763.77,7478105,1733.37,1800,1600,610
2026-07-05 17:05:01,2026-07-05T07:05:01.782Z,1763.20,7236930,1733.49,1800,1600,610
2026-07-05 17:20:01,2026-07-05T07:20:01.787Z,1762.11,6865238,1733.44,1800,1600,610
2026-07-05 17:35:01,2026-07-05T07:35:01.798Z,1764.20,6726501,1732.80,1800,1600,610
2026-07-05 17:50:01,2026-07-05T07:50:01.765Z,1765.25,6547198,1731.71,1800,1600,610
2026-07-05 18:05:01,2026-07-05T08:05:01.809Z,1768.24,6709626,1676.36,1800,1600,576
2026-07-05 18:20:01,2026-07-05T08:20:01.821Z,1766.82,6523930,1676.57,1800,1600,577
2026-07-05 18:35:01,2026-07-05T08:35:01.801Z,1766.92,6368138,1678.81,1800,1600,578
2026-07-05 18:50:01,2026-07-05T08:50:01.760Z,1768.19,6454673,1678.74,1800,1600,579
2026-07-05 19:05:01,2026-07-05T09:05:01.793Z,1765.03,6193468,1680.11,1800,1600,581
2026-07-05 19:20:01,2026-07-05T09:20:01.875Z,1765.38,6222921,1680.05,1800,1600,582
2026-07-05 19:35:01,2026-07-05T09:35:01.800Z,1759.31,5820548,1680.25,1800,1600,583
2026-07-05 19:50:01,2026-07-05T09:50:01.793Z,1752.85,5351316,1680.03,1800,1600,583
2026-07-05 20:05:01,2026-07-05T10:05:01.820Z,1757.16,5667101,1680.46,1800,1600,583
2026-07-05 20:20:01,2026-07-05T10:20:01.809Z,1758.65,5791148,1680.86,1800,1600,585
2026-07-05 20:35:01,2026-07-05T10:35:01.825Z,1757.50,5700644,1680.99,1800,1600,585
2026-07-05 20:50:01,2026-07-05T10:50:01.811Z,1759.32,5835059,1680.92,1800,1600,586
2026-07-05 21:05:01,2026-07-05T11:05:01.797Z,1760.40,5907784,1681.46,1800,1600,587
2026-07-05 21:20:01,2026-07-05T11:20:01.789Z,1761.09,5962458,1681.62,1800,1600,587
2026-07-05 21:35:01,2026-07-05T11:35:01.835Z,1760.22,5908365,1681.63,1800,1600,587
2026-07-05 21:50:01,2026-07-05T11:50:01.822Z,1759.25,5827449,1681.66,1800,1600,587
2026-07-05 22:05:01,2026-07-05T12:05:01.884Z,1755.88,5595459,1681.51,1800,1600,587
2026-07-05 22:20:01,2026-07-05T12:20:01.798Z,1760.14,5869576,1682.00,1800,1600,587
2026-07-05 22:35:01,2026-07-05T12:35:01.791Z,1763.23,6081090,1682.17,1800,1600,587
2026-07-05 22:50:01,2026-07-05T12:50:01.815Z,1764.52,6194747,1681.64,1800,1600,587
2026-07-05 23:05:01,2026-07-05T13:05:01.805Z,1763.66,6098744,1681.38,1800,1600,587
2026-07-05 23:20:01,2026-07-05T13:20:01.829Z,1764.30,6132937,1681.64,1800,1600,587
2026-07-05 23:35:01,2026-07-05T13:35:01.782Z,1762.07,5941019,1681.78,1800,1600,587
2026-07-05 23:50:01,2026-07-05T13:50:01.837Z,1764.87,6296913,1681.94,1800,1600,587
2026-07-06 00:05:01,2026-07-05T14:05:01.896Z,1764.47,6301877,1682.35,1800,1600,587
2026-07-06 00:20:01,2026-07-05T14:20:01.804Z,1764.02,6263174,1682.35,1800,1600,587
2026-07-06 00:35:01,2026-07-05T14:35:01.828Z,1763.80,6248977,1682.25,1800,1600,588
2026-07-06 00:50:01,2026-07-05T14:50:01.817Z,1766.37,6479168,1682.42,1800,1600,588
2026-07-06 01:05:01,2026-07-05T15:05:01.837Z,1775.85,7265795,1682.43,1800,1600,590
2026-07-06 01:20:01,2026-07-05T15:20:01.802Z,1773.39,7054453,1682.46,1800,1600,590
2026-07-06 01:35:01,2026-07-05T15:35:01.852Z,1774.76,7158721,1682.37,1800,1600,590
2026-07-06 01:50:01,2026-07-05T15:50:01.845Z,1771.35,6875403,1682.37,1800,1600,590
2026-07-06 02:05:01,2026-07-05T16:05:01.827Z,1774.25,7115116,1682.38,1800,1600,590
2026-07-06 02:20:01,2026-07-05T16:20:01.874Z,1772.47,6957687,1682.40,1800,1600,590
2026-07-06 02:35:01,2026-07-05T16:35:01.914Z,1771.82,6897719,1682.33,1800,1600,590
2026-07-06 02:50:01,2026-07-05T16:50:01.850Z,1770.09,6742635,1682.82,1800,1600,590
2026-07-06 03:05:01,2026-07-05T17:05:01.824Z,1774.87,7091959,1683.85,1800,1500,591
2026-07-06 03:20:01,2026-07-05T17:20:01.876Z,1775.09,7112114,1684.07,1800,1500,591
2026-07-06 03:35:01,2026-07-05T17:35:01.874Z,1779.03,7412702,1685.86,1800,1500,591
2026-07-06 03:50:01,2026-07-05T17:50:01.842Z,1778.82,7390726,1685.92,1800,1500,591
2026-07-06 04:05:01,2026-07-05T18:05:01.846Z,1778.77,7389456,1686.00,1800,1500,591
2026-07-06 04:20:01,2026-07-05T18:20:01.906Z,1778.31,7341874,1686.05,1800,1500,591
2026-07-06 04:35:01,2026-07-05T18:35:01.878Z,1778.44,7359160,1685.88,1800,1500,591
2026-07-06 04:50:01,2026-07-05T18:50:01.899Z,1780.74,7507300,1685.97,1800,1500,592
2026-07-06 05:05:01,2026-07-05T19:05:01.868Z,1782.04,7618109,1686.04,1800,1500,592
2026-07-06 05:20:01,2026-07-05T19:20:01.914Z,1781.98,7610661,1686.52,1800,1500,592
2026-07-06 05:35:01,2026-07-05T19:35:01.897Z,1780.13,7465556,1686.54,1800,1500,592
2026-07-06 05:50:01,2026-07-05T19:50:01.945Z,1780.13,7469206,1686.62,1800,1500,592
2026-07-06 06:05:01,2026-07-05T20:05:01.893Z,1779.01,7372761,1686.64,1800,1500,592
2026-07-06 06:20:01,2026-07-05T20:20:01.937Z,1776.56,7163906,1686.64,1800,1500,592
2026-07-06 06:35:01,2026-07-05T20:35:01.904Z,1776.52,7199938,1686.48,1800,1500,592
2026-07-06 06:50:01,2026-07-05T20:50:01.985Z,1776.28,7199449,1686.42,1800,1500,592
2026-07-06 07:05:01,2026-07-05T21:05:01.919Z,1772.13,6797622,1687.03,1800,1600,592
2026-07-06 07:20:01,2026-07-05T21:20:01.890Z,1778.44,7409320,1686.91,1800,1500,592
2026-07-06 07:35:01,2026-07-05T21:35:01.960Z,1779.38,7442649,1687.04,1800,1500,592
2026-07-06 07:50:01,2026-07-05T21:50:01.890Z,1780.49,7525243,1687.83,1800,1500,592
2026-07-06 08:05:01,2026-07-05T22:05:01.941Z,1785.74,7817837,1689.23,1800,1500,593
2026-07-06 08:20:01,2026-07-05T22:20:01.931Z,1793.13,8478591,1689.51,1800,1500,593
2026-07-06 08:35:01,2026-07-05T22:35:01.934Z,1795.63,8695673,1688.77,1800,1500,593
2026-07-06 08:50:01,2026-07-05T22:50:01.900Z,1785.26,7730969,1689.59,1800,1500,593
2026-07-06 09:05:01,2026-07-05T23:05:01.922Z,1791.42,8365867,1689.41,1800,1500,593
2026-07-06 09:20:01,2026-07-05T23:20:01.933Z,1798.27,8986407,1690.18,1800,1500,593
2026-07-06 09:35:01,2026-07-05T23:35:01.946Z,1788.77,8101505,1690.08,1800,1500,593
2026-07-06 09:50:01,2026-07-05T23:50:01.922Z,1784.34,7670461,1689.89,1800,1500,593
2026-07-06 10:05:01,2026-07-06T00:05:01.940Z,1786.05,7911157,1689.62,1800,1500,594
2026-07-06 10:20:01,2026-07-06T00:20:01.934Z,1781.64,7446621,1689.60,1800,1500,595
2026-07-06 10:35:01,2026-07-06T00:35:01.922Z,1778.89,7222100,1688.11,1800,1500,596
2026-07-06 10:50:01,2026-07-06T00:50:01.943Z,1787.49,8120218,1688.83,1800,1500,596
2026-07-06 11:05:01,2026-07-06T01:05:01.929Z,1790.77,8444285,1689.07,1800,1500,596
2026-07-06 11:20:01,2026-07-06T01:20:01.986Z,1790.67,8433370,1689.20,1800,1500,596
2026-07-06 11:35:02,2026-07-06T01:35:02.059Z,1795.64,8984543,1689.25,1800,1500,596
2026-07-06 11:50:01,2026-07-06T01:50:01.921Z,1785.55,7922431,1689.11,1800,1500,596
2026-07-06 12:05:01,2026-07-06T02:05:01.930Z,1785.65,8039684,1688.69,1800,1500,596
2026-07-06 12:20:01,2026-07-06T02:20:01.931Z,1782.24,7728097,1688.39,1800,1500,597
2026-07-06 12:35:01,2026-07-06T02:35:01.932Z,1783.37,7823685,1688.55,1800,1500,597
2026-07-06 12:50:01,2026-07-06T02:50:01.947Z,1780.19,7478480,1688.48,1800,1500,598
2026-07-06 13:05:01,2026-07-06T03:05:01.947Z,1782.89,7810503,1688.54,1800,1500,598
2026-07-06 13:20:01,2026-07-06T03:20:01.926Z,1779.89,7449672,1688.59,1800,1500,598
2026-07-06 13:35:02,2026-07-06T03:35:02.016Z,1774.28,6889718,1688.15,1800,1600,598
2026-07-06 13:50:01,2026-07-06T03:50:01.948Z,1776.35,7152524,1688.21,1800,1600,598
2026-07-06 14:05:01,2026-07-06T04:05:01.923Z,1780.19,7606045,1688.58,1800,1500,598
2026-07-06 14:20:01,2026-07-06T04:20:01.939Z,1779.91,7554039,1688.73,1800,1500,598
2026-07-06 14:35:01,2026-07-06T04:35:01.946Z,1776.96,7191765,1688.66,1800,1500,598
2026-07-06 14:50:01,2026-07-06T04:50:01.937Z,1780.37,7571161,1688.95,1800,1500,598
2026-07-06 15:05:01,2026-07-06T05:05:01.938Z,1774.19,6821472,1688.94,1800,1500,598
2026-07-06 15:20:01,2026-07-06T05:20:01.985Z,1774.29,6828977,1689.06,1800,1500,598
2026-07-06 15:35:01,2026-07-06T05:35:01.955Z,1766.96,5986433,1690.00,1800,1600,598
2026-07-06 15:50:01,2026-07-06T05:50:01.928Z,1771.73,6619446,1690.18,1800,1600,598
2026-07-06 16:05:02,2026-07-06T06:05:02.020Z,1772.53,6742143,1690.41,1800,1600,598
2026-07-06 16:20:01,2026-07-06T06:20:01.930Z,1770.31,6459616,1690.99,1800,1600,598
2026-07-06 16:35:02,2026-07-06T06:35:02.018Z,1768.62,6407686,1689.30,1800,1600,598
2026-07-06 16:50:01,2026-07-06T06:50:01.928Z,1770.76,6690132,1689.33,1800,1600,599
2026-07-06 17:05:01,2026-07-06T07:05:01.911Z,1766.42,6188480,1688.56,1800,1600,599
2026-07-06 17:20:01,2026-07-06T07:20:01.957Z,1768.96,6654852,1688.09,1800,1600,599
2026-07-06 17:35:01,2026-07-06T07:35:01.942Z,1769.31,6798675,1686.26,1800,1600,599
2026-07-06 17:50:01,2026-07-06T07:50:01.942Z,1771.55,7228926,1682.97,1800,1600,599
2026-07-06 18:05:01,2026-07-06T08:05:01.936Z,1773.92,7354533,1666.82,1800,1500,574
2026-07-06 18:20:01,2026-07-06T08:20:01.945Z,1771.01,7180573,1666.16,1800,1600,574
2026-07-06 18:35:01,2026-07-06T08:35:01.927Z,1765.33,6756174,1667.14,1800,1600,574
2026-07-06 18:50:01,2026-07-06T08:50:01.921Z,1764.66,6731039,1667.13,1800,1600,575
2026-07-06 19:05:01,2026-07-06T09:05:01.942Z,1763.12,6556627,1669.38,1800,1600,575
2026-07-06 19:20:01,2026-07-06T09:20:01.915Z,1762.61,6537483,1669.33,1800,1600,575
2026-07-06 19:35:01,2026-07-06T09:35:01.953Z,1756.39,6062758,1669.89,1800,1500,577
2026-07-06 19:50:01,2026-07-06T09:50:01.992Z,1754.16,5866479,1671.03,1800,1500,578
2026-07-06 20:05:02,2026-07-06T10:05:02.007Z,1761.18,6472325,1671.21,1800,1500,579
2026-07-06 20:20:01,2026-07-06T10:20:01.956Z,1764.65,6748947,1671.67,1800,1500,579
2026-07-06 20:35:01,2026-07-06T10:35:01.989Z,1768.15,7023558,1672.07,1800,1500,580
2026-07-06 20:50:01,2026-07-06T10:50:01.957Z,1768.98,7076510,1672.34,1800,1500,580
2026-07-06 21:05:01,2026-07-06T11:05:01.962Z,1769.35,7123967,1672.13,1800,1500,580
2026-07-06 21:20:02,2026-07-06T11:20:02.021Z,1767.92,7070689,1671.81,1800,1500,580
2026-07-06 21:35:01,2026-07-06T11:35:01.978Z,1772.59,7309479,1673.29,1800,1500,582
2026-07-06 21:50:01,2026-07-06T11:50:01.998Z,1771.02,7185207,1673.18,1800,1500,582
2026-07-06 22:05:02,2026-07-06T12:05:02.061Z,1737.94,4420548,1674.92,1800,1600,582
2026-07-06 22:20:01,2026-07-06T12:20:01.978Z,1749.20,5357462,1674.34,1800,1600,582
2026-07-06 22:35:02,2026-07-06T12:35:02.069Z,1750.90,5582378,1675.95,1800,1600,582
2026-07-06 22:50:01,2026-07-06T12:50:01.982Z,1738.01,4451317,1677.02,1800,1600,582
2026-07-06 23:05:02,2026-07-06T13:05:02.005Z,1731.70,4057475,1677.31,1800,1600,582
2026-07-06 23:20:01,2026-07-06T13:20:01.993Z,1733.99,4285975,1677.45,1800,1600,582
2026-07-06 23:35:01,2026-07-06T13:35:01.984Z,1739.04,4709596,1677.71,1800,1600,583
2026-07-06 23:50:01,2026-07-06T13:50:01.968Z,1747.84,5255693,1683.04,1800,1600,583
2026-07-07 00:05:02,2026-07-06T14:05:02.045Z,1744.15,4852660,1685.35,1800,1600,583
2026-07-07 00:20:02,2026-07-06T14:20:02.057Z,1743.33,4747965,1687.48,1800,1600,583
2026-07-07 00:35:02,2026-07-06T14:35:02.013Z,1750.99,5527729,1687.45,1800,1600,583
2026-07-07 00:50:02,2026-07-06T14:50:02.049Z,1747.24,5136004,1687.46,1800,1600,583
2026-07-07 01:05:02,2026-07-06T15:05:02.018Z,1755.60,6033085,1687.85,1800,1600,583
2026-07-07 01:20:02,2026-07-06T15:20:02.034Z,1760.75,6673653,1687.59,1800,1600,584
2026-07-07 01:35:01,2026-07-06T15:35:01.998Z,1760.90,6685519,1688.24,1800,1600,584
2026-07-07 01:50:02,2026-07-06T15:50:02.027Z,1773.31,8089553,1689.35,1800,1600,586
2026-07-07 02:05:02,2026-07-06T16:05:02.007Z,1785.06,9717729,1690.99,1800,1600,586
2026-07-07 02:20:02,2026-07-06T16:20:02.052Z,1803.67,10956263,1689.12,1800,1600,586
2026-07-07 02:35:02,2026-07-06T16:35:02.051Z,1790.86,10030737,1689.11,1800,1600,587
2026-07-07 02:50:02,2026-07-06T16:50:02.008Z,1792.28,10185867,1689.59,1800,1600,587
2026-07-07 03:05:02,2026-07-06T17:05:02.034Z,1790.08,10008643,1689.66,1800,1600,587
2026-07-07 03:20:02,2026-07-06T17:20:02.035Z,1794.78,10499898,1689.79,1800,1600,587
2026-07-07 03:35:02,2026-07-06T17:35:02.101Z,1792.26,10325176,1689.85,1800,1600,587
2026-07-07 03:50:02,2026-07-06T17:50:02.048Z,1788.72,10032340,1690.33,1800,1600,587
2026-07-07 04:05:02,2026-07-06T18:05:02.066Z,1788.94,10110344,1690.47,1800,1600,587
2026-07-07 04:20:02,2026-07-06T18:20:02.056Z,1788.12,10046487,1690.82,1800,1600,587
2026-07-07 04:35:02,2026-07-06T18:35:02.068Z,1790.24,10213305,1691.74,1800,1600,587
2026-07-07 04:50:02,2026-07-06T18:50:02.116Z,1792.76,10267303,1691.96,1800,1600,587
2026-07-07 05:05:02,2026-07-06T19:05:02.068Z,1790.54,10040566,1691.72,1800,1600,587
2026-07-07 05:20:02,2026-07-06T19:20:02.031Z,1794.92,10560522,1691.83,1800,1600,587
2026-07-07 05:35:02,2026-07-06T19:35:02.034Z,1793.70,10434191,1692.17,1800,1600,587
2026-07-07 05:50:02,2026-07-06T19:50:02.064Z,1795.03,10557259,1693.73,1800,1600,587
2026-07-07 06:05:02,2026-07-06T20:05:02.026Z,1787.24,9829753,1693.14,1800,1600,587
2026-07-07 06:20:02,2026-07-06T20:20:02.000Z,1786.95,9841708,1693.17,1800,1600,587
2026-07-07 06:35:02,2026-07-06T20:35:02.052Z,1795.00,10720394,1693.18,1800,1600,587
2026-07-07 06:50:02,2026-07-06T20:50:02.046Z,1792.63,10488343,1693.11,1800,1600,587
2026-07-07 07:05:02,2026-07-06T21:05:02.037Z,1792.38,10470531,1693.15,1800,1600,587
2026-07-07 07:20:02,2026-07-06T21:20:02.033Z,1816.31,11576866,1693.79,1800,1600,598
2026-07-07 07:35:02,2026-07-06T21:35:02.122Z,1812.28,11419183,1693.92,1800,1600,598
2026-07-07 07:50:02,2026-07-06T21:50:02.030Z,1812.56,11492630,1694.04,1800,1600,598
2026-07-07 08:05:02,2026-07-06T22:05:02.083Z,1813.01,11514299,1694.12,1800,1600,598
2026-07-07 08:20:02,2026-07-06T22:20:02.060Z,1811.89,11500998,1694.14,1800,1600,598
2026-07-07 08:35:02,2026-07-06T22:35:02.064Z,1806.24,11312607,1693.74,1800,1600,598
2026-07-07 08:50:02,2026-07-06T22:50:02.038Z,1807.51,11510208,1694.04,1800,1600,599
2026-07-07 09:05:02,2026-07-06T23:05:02.068Z,1807.53,11576107,1694.35,1800,1600,599
2026-07-07 09:20:02,2026-07-06T23:20:02.112Z,1804.92,11421403,1694.49,1800,1600,599
2026-07-07 09:35:02,2026-07-06T23:35:02.029Z,1802.09,11271202,1694.56,1800,1600,600
2026-07-07 09:50:02,2026-07-06T23:50:02.054Z,1799.52,11160633,1694.82,1800,1600,600
2026-07-07 10:05:02,2026-07-07T00:05:02.012Z,1798.21,11055172,1694.91,1800,1600,600
2026-07-07 10:20:02,2026-07-07T00:20:02.045Z,1799.11,11189900,1695.02,1800,1600,601
2026-07-07 10:35:02,2026-07-07T00:35:02.084Z,1805.33,11660339,1695.69,1800,1600,600
2026-07-07 10:50:02,2026-07-07T00:50:02.042Z,1802.17,11383069,1695.81,1800,1600,600
2026-07-07 11:05:02,2026-07-07T01:05:02.128Z,1789.82,10106160,1695.40,1800,1600,600
2026-07-07 11:20:02,2026-07-07T01:20:02.028Z,1794.34,10688952,1696.07,1800,1600,602
2026-07-07 11:35:02,2026-07-07T01:35:02.182Z,1790.55,10287248,1696.23,1800,1600,602
2026-07-07 11:50:02,2026-07-07T01:50:02.042Z,1795.65,10945761,1698.77,1800,1600,602
2026-07-07 12:05:02,2026-07-07T02:05:02.156Z,1792.77,10684979,1698.93,1800,1600,602
2026-07-07 12:20:02,2026-07-07T02:20:02.138Z,1789.14,10244619,1699.00,1800,1600,602
2026-07-07 12:35:02,2026-07-07T02:35:02.057Z,1779.12,8677055,1699.20,1800,1600,602
2026-07-07 12:50:02,2026-07-07T02:50:02.052Z,1778.91,8702715,1699.60,1800,1600,602
2026-07-07 13:05:02,2026-07-07T03:05:02.028Z,1778.41,8656486,1699.65,1800,1600,602
2026-07-07 13:20:02,2026-07-07T03:20:02.042Z,1774.43,7953068,1699.83,1800,1600,602
2026-07-07 13:35:02,2026-07-07T03:35:02.035Z,1773.72,7940891,1699.68,1800,1600,602
2026-07-07 13:50:02,2026-07-07T03:50:02.055Z,1768.63,7006817,1699.24,1800,1600,602
2026-07-07 14:05:02,2026-07-07T04:05:02.052Z,1769.23,7120023,1699.49,1800,1600,602
2026-07-07 14:20:02,2026-07-07T04:20:02.011Z,1768.55,6985350,1699.91,1800,1600,602
2026-07-07 14:35:02,2026-07-07T04:35:02.058Z,1769.51,7213834,1700.08,1800,1600,602
2026-07-07 14:50:02,2026-07-07T04:50:02.030Z,1762.10,5983042,1700.01,1800,1600,602
2026-07-07 15:05:02,2026-07-07T05:05:02.016Z,1764.93,6544466,1700.74,1800,1600,602
2026-07-07 15:20:02,2026-07-07T05:20:02.053Z,1757.92,5285734,1701.77,1800,1600,602
2026-07-07 15:35:02,2026-07-07T05:35:02.059Z,1766.59,7518147,1702.59,1800,1600,602
2026-07-07 15:50:02,2026-07-07T05:50:02.057Z,1768.40,8045484,1703.64,1800,1600,602
2026-07-07 16:05:02,2026-07-07T06:05:02.060Z,1770.53,8679188,1704.46,1800,1600,602
2026-07-07 16:20:02,2026-07-07T06:20:02.090Z,1767.51,7852426,1705.01,1800,1600,602
2026-07-07 16:35:02,2026-07-07T06:35:02.090Z,1771.98,9237773,1706.10,1775,1600,602
2026-07-07 16:50:02,2026-07-07T06:50:02.088Z,1777.27,10456292,1707.49,1775,1600,602
2026-07-07 17:05:02,2026-07-07T07:05:02.073Z,1778.49,10442271,1707.91,1775,1600,602
2026-07-07 17:20:02,2026-07-07T07:20:02.096Z,1778.37,10549895,1708.06,1775,1600,602
2026-07-07 17:35:02,2026-07-07T07:35:02.086Z,1774.14,11085784,1707.79,1775,1600,602
2026-07-07 17:50:02,2026-07-07T07:50:02.089Z,1772.69,11540264,1725.12,1775,1600,603
2026-07-07 18:05:02,2026-07-07T08:05:02.048Z,1769.79,7045120,1674.05,1850,1600,578
2026-07-07 18:20:02,2026-07-07T08:20:02.066Z,1772.75,7186898,1676.19,1850,1600,579
2026-07-07 18:35:02,2026-07-07T08:35:02.093Z,1768.30,6875231,1676.35,1850,1600,584
2026-07-07 18:50:02,2026-07-07T08:50:02.086Z,1769.38,6916598,1677.11,1850,1600,586
2026-07-07 20:35:02,2026-07-07T10:35:02.253Z,1775.12,7446182,1678.04,1850,1600,586
2026-07-07 20:50:02,2026-07-07T10:50:02.157Z,1773.94,7300566,1678.37,1850,1600,588
2026-07-07 21:05:02,2026-07-07T11:05:02.173Z,1772.05,7136675,1679.03,1850,1600,590
2026-07-07 21:20:02,2026-07-07T11:20:02.163Z,1773.19,7212375,1679.32,1850,1600,590
2026-07-07 21:35:02,2026-07-07T11:35:02.132Z,1774.57,7309825,1679.67,1850,1600,590
2026-07-07 21:50:02,2026-07-07T11:50:02.188Z,1781.41,7815595,1680.59,1850,1600,591
2026-07-07 22:05:02,2026-07-07T12:05:02.160Z,1781.08,7803526,1680.36,1850,1600,591
2026-07-07 22:20:02,2026-07-07T12:20:02.120Z,1787.16,8250390,1680.48,1850,1600,591
2026-07-07 22:35:02,2026-07-07T12:35:02.134Z,1786.18,8149846,1681.18,1850,1600,592
2026-07-07 22:50:02,2026-07-07T12:50:02.138Z,1779.96,7730537,1679.59,1850,1600,593
2026-07-07 23:05:02,2026-07-07T13:05:02.147Z,1777.16,7523956,1679.66,1850,1600,593
2026-07-07 23:20:02,2026-07-07T13:20:02.112Z,1775.09,7374662,1679.59,1850,1600,593
2026-07-07 23:35:02,2026-07-07T13:35:02.158Z,1771.63,7115564,1678.94,1850,1600,593
2026-07-07 23:50:02,2026-07-07T13:50:02.150Z,1777.14,7641243,1682.28,1850,1600,596
2026-07-08 00:05:02,2026-07-07T14:05:02.141Z,1772.23,7264001,1682.29,1850,1600,597
2026-07-08 00:20:02,2026-07-07T14:20:02.147Z,1769.57,7050871,1682.35,1850,1600,598
2026-07-08 00:35:02,2026-07-07T14:35:02.150Z,1773.98,7564369,1680.93,1800,1600,598
2026-07-08 00:50:02,2026-07-07T14:50:02.144Z,1777.24,7885302,1680.90,1850,1600,598
2026-07-08 01:05:02,2026-07-07T15:05:02.184Z,1784.93,8475407,1681.64,1850,1600,598
2026-07-08 01:20:02,2026-07-07T15:20:02.241Z,1786.76,8638587,1682.17,1850,1600,598
2026-07-08 01:35:02,2026-07-07T15:35:02.143Z,1791.52,9035894,1683.07,1850,1600,599
2026-07-08 01:50:02,2026-07-07T15:50:02.154Z,1796.24,9379652,1686.99,1850,1600,601
2026-07-08 02:05:02,2026-07-07T16:05:02.177Z,1794.71,9310485,1687.08,1850,1600,601
2026-07-08 02:20:02,2026-07-07T16:20:02.178Z,1793.37,8855435,1690.63,1850,1600,601
2026-07-08 02:35:02,2026-07-07T16:35:02.124Z,1799.46,9384289,1690.17,1850,1600,602
2026-07-08 02:50:02,2026-07-07T16:50:02.187Z,1803.32,9755132,1690.58,1850,1600,603
2026-07-08 03:05:02,2026-07-07T17:05:02.149Z,1801.12,9533652,1690.98,1850,1600,604
2026-07-08 03:20:02,2026-07-07T17:20:02.171Z,1801.29,9579456,1691.16,1850,1600,604
2026-07-08 03:35:02,2026-07-07T17:35:02.169Z,1804.49,9957757,1691.02,1850,1600,605
2026-07-08 03:50:02,2026-07-07T17:50:02.179Z,1805.01,10050913,1690.76,1850,1600,605
2026-07-08 04:05:02,2026-07-07T18:05:02.249Z,1805.10,10049860,1690.83,1850,1600,605
2026-07-08 04:20:02,2026-07-07T18:20:02.162Z,1803.36,9952826,1690.34,1850,1600,605
2026-07-08 04:35:02,2026-07-07T18:35:02.175Z,1799.46,9586071,1690.10,1850,1600,605
2026-07-08 04:50:02,2026-07-07T18:50:02.182Z,1795.55,9209804,1689.76,1850,1600,605
2026-07-08 05:05:02,2026-07-07T19:05:02.158Z,1784.57,8121830,1690.92,1850,1600,608
2026-07-08 05:20:02,2026-07-07T19:20:02.172Z,1778.37,7482544,1690.68,1850,1600,608
2026-07-08 05:35:02,2026-07-07T19:35:02.158Z,1787.63,8442119,1691.01,1850,1600,608
2026-07-08 05:50:02,2026-07-07T19:50:02.210Z,1790.02,8692460,1691.19,1850,1600,608
2026-07-08 06:05:02,2026-07-07T20:05:02.180Z,1790.42,8735151,1691.23,1850,1600,608
2026-07-08 06:20:02,2026-07-07T20:20:02.136Z,1786.22,8303135,1691.33,1850,1600,608
2026-07-08 06:35:02,2026-07-07T20:35:02.171Z,1784.32,8124576,1690.93,1850,1600,608
2026-07-08 06:50:02,2026-07-07T20:50:02.143Z,1780.93,7773012,1690.87,1800,1600,608
2026-07-08 07:05:02,2026-07-07T21:05:02.153Z,1786.58,8401523,1691.32,1850,1600,608
2026-07-08 07:20:02,2026-07-07T21:20:02.170Z,1777.86,7445632,1691.97,1800,1600,609
2026-07-08 07:35:02,2026-07-07T21:35:02.166Z,1775.41,7178202,1692.96,1800,1600,609
2026-07-08 07:50:02,2026-07-07T21:50:02.181Z,1776.21,7273850,1693.50,1800,1600,609
2026-07-08 08:05:02,2026-07-07T22:05:02.179Z,1772.25,6806435,1695.79,1800,1600,609
2026-07-08 08:20:02,2026-07-07T22:20:02.276Z,1774.59,7057435,1696.27,1800,1600,609
2026-07-08 08:35:02,2026-07-07T22:35:02.218Z,1774.85,7135463,1695.27,1800,1600,609
2026-07-08 08:50:02,2026-07-07T22:50:02.181Z,1774.08,7011250,1696.72,1800,1600,609
2026-07-08 09:05:02,2026-07-07T23:05:02.253Z,1776.45,7325363,1697.10,1800,1600,609
2026-07-08 09:20:02,2026-07-07T23:20:02.178Z,1779.50,7688778,1697.51,1800,1600,609
2026-07-08 09:35:02,2026-07-07T23:35:02.186Z,1776.81,7365640,1697.60,1800,1600,609
2026-07-08 09:50:02,2026-07-07T23:50:02.194Z,1771.16,6732657,1697.41,1800,1600,609
2026-07-08 10:05:02,2026-07-08T00:05:02.182Z,1772.80,6961245,1697.32,1800,1600,609
2026-07-08 10:20:02,2026-07-08T00:20:02.183Z,1773.92,7093553,1697.66,1800,1600,609
2026-07-08 10:35:02,2026-07-08T00:35:02.188Z,1777.11,7439920,1698.48,1800,1600,610
2026-07-08 10:50:02,2026-07-08T00:50:02.194Z,1779.76,7765501,1698.91,1800,1600,610
2026-07-08 11:05:02,2026-07-08T01:05:02.232Z,1776.65,7361122,1698.90,1800,1600,610
2026-07-08 11:20:02,2026-07-08T01:20:02.258Z,1775.10,7170083,1699.44,1800,1600,610
2026-07-08 11:35:02,2026-07-08T01:35:02.217Z,1768.34,6405650,1699.41,1800,1600,610
2026-07-08 11:50:02,2026-07-08T01:50:02.189Z,1759.59,5616891,1699.11,1800,1600,611
2026-07-08 12:05:02,2026-07-08T02:05:02.224Z,1752.22,4834391,1698.85,1850,1600,611
2026-07-08 12:20:02,2026-07-08T02:20:02.254Z,1751.75,4782273,1699.26,1850,1600,611
2026-07-08 12:35:02,2026-07-08T02:35:02.236Z,1745.99,4170677,1698.31,1850,1600,611
2026-07-08 12:50:02,2026-07-08T02:50:02.258Z,1756.72,5361241,1697.77,1800,1600,611
2026-07-08 13:05:02,2026-07-08T03:05:02.205Z,1759.35,5626273,1698.99,1800,1600,611
2026-07-08 13:20:02,2026-07-08T03:20:02.236Z,1760.13,5656392,1700.49,1800,1600,611
2026-07-08 13:35:02,2026-07-08T03:35:02.212Z,1757.45,5294442,1701.39,1850,1600,611
2026-07-08 13:50:02,2026-07-08T03:50:02.253Z,1754.01,4882251,1700.87,1850,1600,611
2026-07-08 14:05:02,2026-07-08T04:05:02.223Z,1750.80,4552442,1700.46,1850,1600,611
2026-07-08 14:20:02,2026-07-08T04:20:02.232Z,1753.81,4903757,1701.25,1850,1600,611
2026-07-08 14:35:02,2026-07-08T04:35:02.217Z,1752.93,4766799,1702.13,1850,1600,612
2026-07-08 14:50:02,2026-07-08T04:50:02.218Z,1751.28,4587940,1702.33,1850,1600,612
2026-07-08 15:05:02,2026-07-08T05:05:02.242Z,1755.31,5049669,1703.15,1850,1600,612
2026-07-08 15:20:02,2026-07-08T05:20:02.223Z,1755.72,5083276,1704.01,1850,1600,612
2026-07-08 15:35:02,2026-07-08T05:35:02.242Z,1753.34,4784092,1704.95,1850,1600,612
2026-07-08 15:50:02,2026-07-08T05:50:02.230Z,1750.50,4466270,1705.17,1850,1600,612
2026-07-08 16:05:02,2026-07-08T06:05:02.243Z,1751.45,4556331,1706.39,1850,1600,612
2026-07-08 16:20:02,2026-07-08T06:20:02.303Z,1750.15,4413869,1707.14,1850,1600,612
2026-07-08 16:35:02,2026-07-08T06:35:02.223Z,1747.01,4016485,1707.62,1850,1600,612
2026-07-08 16:50:02,2026-07-08T06:50:02.222Z,1750.06,4370674,1707.95,1850,1600,612
2026-07-08 17:05:02,2026-07-08T07:05:02.269Z,1745.76,4006704,1708.50,1850,1600,612
2026-07-08 17:20:02,2026-07-08T07:20:02.209Z,1747.77,4134038,1708.60,1850,1600,612
2026-07-08 17:35:02,2026-07-08T07:35:02.230Z,1755.15,4981957,1708.31,1850,1600,613
2026-07-08 17:50:02,2026-07-08T07:50:02.235Z,1754.28,5055063,1725.88,1850,1600,613
2026-07-08 18:05:02,2026-07-08T08:05:02.296Z,1754.94,6239518,1674.40,1800,1600,583
2026-07-08 18:20:02,2026-07-08T08:20:02.303Z,1742.14,5083689,1676.81,1800,1600,584
2026-07-08 18:35:02,2026-07-08T08:35:02.276Z,1734.91,4487121,1677.70,1800,1600,586
2026-07-08 18:50:02,2026-07-08T08:50:02.280Z,1737.90,4703901,1680.03,1800,1600,590
2026-07-08 19:05:02,2026-07-08T09:05:02.258Z,1736.09,4507913,1681.08,1800,1600,590
2026-07-08 19:20:02,2026-07-08T09:20:02.312Z,1730.49,4051649,1680.79,1800,1600,590
2026-07-08 19:35:02,2026-07-08T09:35:02.274Z,1737.91,4707120,1681.08,1800,1600,591
2026-07-08 19:50:02,2026-07-08T09:50:02.288Z,1737.17,4608243,1682.21,1800,1600,593
2026-07-08 20:05:02,2026-07-08T10:05:02.318Z,1733.54,4238168,1682.61,1800,1600,593
2026-07-08 20:20:02,2026-07-08T10:20:02.285Z,1735.76,4437316,1682.62,1800,1600,594
2026-07-08 20:35:02,2026-07-08T10:35:02.301Z,1739.99,4779352,1683.08,1800,1600,594
2026-07-08 20:50:02,2026-07-08T10:50:02.368Z,1738.09,4572693,1683.82,1800,1600,594
2026-07-08 21:05:02,2026-07-08T11:05:02.292Z,1736.68,4446717,1683.85,1800,1600,594
2026-07-08 21:20:02,2026-07-08T11:20:02.320Z,1738.40,4535789,1684.36,1800,1600,594
2026-07-08 21:35:02,2026-07-08T11:35:02.384Z,1737.32,4427449,1684.75,1800,1600,595
2026-07-08 21:50:02,2026-07-08T11:50:02.289Z,1747.03,5429279,1684.34,1800,1600,596
2026-07-08 22:05:02,2026-07-08T12:05:02.326Z,1745.06,5230782,1684.21,1800,1600,596
2026-07-08 22:20:02,2026-07-08T12:20:02.382Z,1747.73,5496031,1684.31,1800,1600,597
2026-07-08 22:35:02,2026-07-08T12:35:02.288Z,1744.32,5289547,1682.98,1800,1600,597
2026-07-08 22:50:02,2026-07-08T12:50:02.295Z,1741.40,5015717,1683.06,1800,1600,597
2026-07-08 23:05:02,2026-07-08T13:05:02.329Z,1738.33,4753053,1683.04,1800,1600,597
2026-07-08 23:20:02,2026-07-08T13:20:02.294Z,1736.66,4636398,1682.81,1800,1600,597
2026-07-08 23:35:02,2026-07-08T13:35:02.354Z,1739.18,4873912,1682.93,1800,1600,597
2026-07-08 23:50:02,2026-07-08T13:50:02.284Z,1732.11,4105958,1683.65,1800,1600,597
2026-07-09 00:05:02,2026-07-08T14:05:02.316Z,1735.12,4439982,1683.30,1800,1600,598
2026-07-09 00:20:02,2026-07-08T14:20:02.300Z,1729.60,3942941,1683.38,1800,1600,598
2026-07-09 00:35:02,2026-07-08T14:35:02.402Z,1730.69,3998665,1684.75,1800,1600,598
2026-07-09 00:50:02,2026-07-08T14:50:02.360Z,1724.47,3619629,1683.50,1800,1600,599
2026-07-09 01:05:02,2026-07-08T15:05:02.348Z,1723.92,3524301,1684.29,1800,1600,599
2026-07-09 01:20:02,2026-07-08T15:20:02.330Z,1717.79,3023201,1683.55,1800,1600,599
2026-07-09 01:35:02,2026-07-08T15:35:02.326Z,1718.92,3162227,1683.37,1800,1600,599
2026-07-09 01:50:02,2026-07-08T15:50:02.340Z,1720.54,3314299,1683.55,1800,1600,599
2026-07-09 02:05:02,2026-07-08T16:05:02.298Z,1722.88,3520286,1684.03,1800,1600,599
2026-07-09 02:20:02,2026-07-08T16:20:02.362Z,1725.04,3727894,1684.12,1800,1600,600
2026-07-09 02:35:02,2026-07-08T16:35:02.328Z,1727.43,3974955,1684.10,1800,1600,600
2026-07-09 02:50:02,2026-07-08T16:50:02.361Z,1733.04,4545771,1684.29,1800,1600,601
2026-07-09 03:05:02,2026-07-08T17:05:02.362Z,1732.58,4492297,1684.30,1800,1600,601
2026-07-09 03:20:02,2026-07-08T17:20:02.329Z,1735.41,4782963,1684.45,1800,1600,601
2026-07-09 03:35:02,2026-07-08T17:35:02.328Z,1742.73,5543340,1685.19,1800,1600,601
2026-07-09 03:50:02,2026-07-08T17:50:02.415Z,1737.69,4961690,1685.07,1800,1600,601
2026-07-09 04:05:02,2026-07-08T18:05:02.370Z,1736.48,4790352,1685.38,1800,1600,601
2026-07-09 04:20:02,2026-07-08T18:20:02.365Z,1737.41,5039547,1685.69,1800,1600,601
2026-07-09 04:35:02,2026-07-08T18:35:02.366Z,1731.10,4314309,1685.12,1800,1600,601
2026-07-09 04:50:02,2026-07-08T18:50:02.348Z,1735.88,4685444,1686.94,1800,1600,601
2026-07-09 05:05:02,2026-07-08T19:05:02.349Z,1735.62,4511140,1688.45,1800,1600,601
2026-07-09 05:20:02,2026-07-08T19:20:02.345Z,1732.51,4156329,1688.41,1800,1600,601
2026-07-09 05:35:02,2026-07-08T19:35:02.335Z,1737.30,4634679,1689.02,1800,1600,601
2026-07-09 05:50:02,2026-07-08T19:50:02.346Z,1734.73,4257935,1690.03,1800,1600,601
2026-07-09 06:05:02,2026-07-08T20:05:02.338Z,1737.33,4572649,1690.00,1800,1600,601
2026-07-09 06:20:02,2026-07-08T20:20:02.344Z,1733.72,4152859,1689.86,1800,1600,601
2026-07-09 06:35:02,2026-07-08T20:35:02.361Z,1736.17,4498774,1689.53,1800,1600,601
2026-07-09 06:50:02,2026-07-08T20:50:02.354Z,1736.08,4490630,1689.63,1800,1600,601
2026-07-09 07:05:02,2026-07-08T21:05:02.335Z,1735.17,4359939,1690.16,1800,1600,601
2026-07-09 07:20:02,2026-07-08T21:20:02.331Z,1732.14,4029604,1690.07,1800,1600,601
2026-07-09 07:35:02,2026-07-08T21:35:02.361Z,1733.89,4224589,1690.15,1800,1600,601
2026-07-09 07:50:02,2026-07-08T21:50:02.378Z,1737.09,4575326,1690.43,1800,1600,601
2026-07-09 08:05:02,2026-07-08T22:05:02.354Z,1739.20,4767312,1690.65,1800,1600,601
2026-07-09 08:20:02,2026-07-08T22:20:02.381Z,1736.64,4429614,1690.81,1800,1600,601
2026-07-09 08:35:02,2026-07-08T22:35:02.445Z,1738.80,4682140,1690.82,1800,1600,601
2026-07-09 08:50:02,2026-07-08T22:50:02.381Z,1738.76,4657582,1690.99,1800,1600,601
2026-07-09 09:05:02,2026-07-08T23:05:02.421Z,1739.67,4720294,1690.88,1800,1600,601
2026-07-09 09:20:02,2026-07-08T23:20:02.435Z,1738.91,4604439,1690.97,1800,1600,601
2026-07-09 09:35:02,2026-07-08T23:35:02.392Z,1740.08,4748712,1690.96,1800,1600,601
2026-07-09 09:50:02,2026-07-08T23:50:02.389Z,1740.19,4751752,1691.23,1800,1600,601
2026-07-09 10:05:02,2026-07-09T00:05:02.364Z,1740.66,4820248,1691.25,1800,1600,601
2026-07-09 10:20:02,2026-07-09T00:20:02.340Z,1739.10,4606235,1691.20,1800,1600,601
2026-07-09 10:35:02,2026-07-09T00:35:02.373Z,1739.69,4688526,1691.00,1800,1600,601
2026-07-09 10:50:02,2026-07-09T00:50:02.362Z,1739.31,4645462,1690.93,1800,1600,601
2026-07-09 11:05:02,2026-07-09T01:05:02.397Z,1737.90,4473941,1690.56,1800,1600,601
2026-07-09 11:20:02,2026-07-09T01:20:02.409Z,1749.24,6071053,1690.63,1800,1600,601
2026-07-09 11:35:02,2026-07-09T01:35:02.374Z,1740.60,4804230,1690.47,1800,1600,601
2026-07-09 11:50:02,2026-07-09T01:50:02.455Z,1734.07,4075043,1689.87,1800,1600,601
2026-07-09 12:05:02,2026-07-09T02:05:02.376Z,1732.32,3794710,1689.74,1800,1600,601
2026-07-09 12:20:02,2026-07-09T02:20:02.467Z,1735.08,4085052,1689.70,1800,1600,601
2026-07-09 12:35:02,2026-07-09T02:35:02.376Z,1728.15,3529256,1688.86,1850,1600,601
2026-07-09 12:50:02,2026-07-09T02:50:02.343Z,1724.75,3210406,1688.59,1850,1600,601
2026-07-09 13:05:02,2026-07-09T03:05:02.457Z,1723.20,3069254,1688.37,1750,1600,601
2026-07-09 13:20:02,2026-07-09T03:20:02.391Z,1722.86,2994733,1688.59,1750,1600,601
2026-07-09 13:35:02,2026-07-09T03:35:02.492Z,1730.95,3696825,1689.13,1850,1600,601
2026-07-09 13:50:02,2026-07-09T03:50:02.470Z,1727.91,3409214,1688.97,1850,1600,601
2026-07-09 14:05:02,2026-07-09T04:05:02.379Z,1730.60,3597911,1692.16,1850,1600,601
2026-07-09 14:20:02,2026-07-09T04:20:02.354Z,1730.03,3532220,1692.45,1850,1600,601
2026-07-09 14:35:02,2026-07-09T04:35:02.398Z,1735.69,4051174,1692.79,1800,1600,601
2026-07-09 14:50:02,2026-07-09T04:50:02.465Z,1737.82,4234455,1692.61,1800,1600,601
2026-07-09 15:05:02,2026-07-09T05:05:02.384Z,1741.03,4423610,1692.98,1800,1600,601
2026-07-09 15:20:02,2026-07-09T05:20:02.413Z,1741.52,4431349,1693.46,1800,1600,602
2026-07-09 15:35:02,2026-07-09T05:35:02.394Z,1738.67,4223633,1693.29,1850,1600,602
2026-07-09 15:50:02,2026-07-09T05:50:02.535Z,1744.90,4663054,1693.82,1800,1600,602
2026-07-09 16:05:02,2026-07-09T06:05:02.410Z,1748.91,4827793,1694.91,1800,1600,602
2026-07-09 16:20:02,2026-07-09T06:20:02.406Z,1746.43,4330907,1694.68,1800,1600,602
2026-07-09 16:35:02,2026-07-09T06:35:02.439Z,1750.89,4720015,1694.95,1800,1600,602
2026-07-09 16:50:02,2026-07-09T06:50:02.398Z,1751.86,4607410,1695.15,1800,1600,602
2026-07-09 17:05:02,2026-07-09T07:05:02.497Z,1754.38,4887791,1696.03,1800,1600,602
2026-07-09 17:20:02,2026-07-09T07:20:02.407Z,1755.46,5070963,1696.82,1800,1600,603
2026-07-09 17:35:02,2026-07-09T07:35:02.411Z,1750.99,2417907,1700.46,1800,1750,604
2026-07-09 17:50:02,2026-07-09T07:50:02.417Z,1753.41,3528137,1749.96,1800,1750,604
2026-07-09 18:05:02,2026-07-09T08:05:02.401Z,1751.63,7056616,1671.37,1750,1600,578
2026-07-09 18:20:02,2026-07-09T08:20:02.413Z,1753.92,7110307,1673.21,1750,1600,578
2026-07-09 18:35:02,2026-07-09T08:35:02.397Z,1755.17,7201488,1674.37,1750,1600,585
2026-07-09 18:50:02,2026-07-09T08:50:02.490Z,1753.83,7039865,1674.81,1750,1600,586
2026-07-09 19:05:02,2026-07-09T09:05:02.450Z,1751.55,6927215,1674.59,1750,1600,587
2026-07-09 19:20:02,2026-07-09T09:20:02.436Z,1750.35,6860859,1674.86,1750,1600,587
2026-07-09 19:35:02,2026-07-09T09:35:02.454Z,1752.88,7083181,1674.85,1750,1600,587
2026-07-09 19:50:02,2026-07-09T09:50:02.430Z,1750.51,6928603,1674.53,1750,1600,587
2026-07-09 20:05:02,2026-07-09T10:05:02.569Z,1753.78,7317725,1674.77,1750,1600,589
2026-07-09 20:20:02,2026-07-09T10:20:02.422Z,1753.61,7293663,1674.82,1750,1600,589
2026-07-09 20:35:02,2026-07-09T10:35:02.514Z,1751.30,7113044,1674.79,1750,1600,589
2026-07-09 20:50:02,2026-07-09T10:50:02.513Z,1748.93,6946751,1674.64,1750,1600,590
2026-07-09 21:05:02,2026-07-09T11:05:02.470Z,1745.07,6503259,1676.42,1750,1600,590
2026-07-09 21:20:02,2026-07-09T11:20:02.438Z,1741.44,6160429,1676.15,1750,1600,591
2026-07-09 21:35:02,2026-07-09T11:35:02.456Z,1741.05,6155583,1676.01,1750,1600,591
2026-07-09 21:50:02,2026-07-09T11:50:02.543Z,1741.27,6166612,1676.01,1750,1600,591
2026-07-09 22:05:02,2026-07-09T12:05:02.440Z,1739.31,5973545,1675.68,1750,1600,591
2026-07-09 22:20:02,2026-07-09T12:20:02.446Z,1739.54,6004498,1675.99,1750,1600,591
2026-07-09 22:35:02,2026-07-09T12:35:02.447Z,1741.27,6299685,1675.34,1750,1600,591
2026-07-09 22:50:02,2026-07-09T12:50:02.450Z,1737.26,6052798,1674.75,1750,1600,591
2026-07-09 23:05:02,2026-07-09T13:05:02.457Z,1745.52,6766561,1675.25,1750,1600,592
2026-07-09 23:20:02,2026-07-09T13:20:02.466Z,1745.32,6722120,1675.43,1750,1600,592
2026-07-09 23:35:02,2026-07-09T13:35:02.449Z,1738.62,6168805,1675.14,1750,1600,592
2026-07-09 23:50:02,2026-07-09T13:50:02.450Z,1741.95,6436806,1675.43,1750,1600,592
2026-07-10 00:05:02,2026-07-09T14:05:02.457Z,1745.80,6842208,1676.42,1750,1600,593
2026-07-10 00:20:02,2026-07-09T14:20:02.427Z,1736.00,5994716,1675.84,1750,1600,593
2026-07-10 00:35:02,2026-07-09T14:35:02.461Z,1736.10,6005466,1675.90,1750,1600,594
2026-07-10 00:50:02,2026-07-09T14:50:02.484Z,1740.24,6381401,1676.18,1750,1600,594
2026-07-10 01:05:02,2026-07-09T15:05:02.425Z,1739.63,6314344,1676.51,1750,1600,594
2026-07-10 01:20:02,2026-07-09T15:20:02.476Z,1743.10,6665241,1676.88,1750,1600,594
2026-07-10 01:35:02,2026-07-09T15:35:02.465Z,1740.37,6381256,1677.17,1750,1600,594
2026-07-10 01:50:02,2026-07-09T15:50:02.459Z,1740.93,6510135,1677.48,1750,1600,594
2026-07-10 02:05:02,2026-07-09T16:05:02.493Z,1740.69,6510518,1677.48,1750,1600,595
2026-07-10 02:20:02,2026-07-09T16:20:02.498Z,1735.70,6053717,1677.81,1750,1600,595
2026-07-10 02:35:02,2026-07-09T16:35:02.463Z,1734.20,5938320,1677.56,1750,1600,595
2026-07-10 02:50:02,2026-07-09T16:50:02.465Z,1734.93,5964707,1677.88,1750,1600,595
2026-07-10 03:05:02,2026-07-09T17:05:02.473Z,1738.50,6328275,1678.09,1750,1600,595
2026-07-10 03:20:02,2026-07-09T17:20:02.491Z,1742.12,6697306,1678.35,1750,1600,595
2026-07-10 03:35:02,2026-07-09T17:35:02.466Z,1739.85,6475735,1678.53,1750,1600,595
2026-07-10 03:50:02,2026-07-09T17:50:02.555Z,1747.25,7245611,1679.06,1750,1600,595
2026-07-10 04:05:02,2026-07-09T18:05:02.502Z,1746.98,7216391,1679.21,1750,1600,595
2026-07-10 04:20:02,2026-07-09T18:20:02.471Z,1757.97,8389499,1679.64,1750,1600,595
2026-07-10 04:35:02,2026-07-09T18:35:02.493Z,1752.20,7749219,1679.47,1750,1600,595
2026-07-10 04:50:02,2026-07-09T18:50:02.454Z,1752.38,7751668,1679.39,1750,1600,595
2026-07-10 05:05:02,2026-07-09T19:05:02.560Z,1750.32,7472583,1679.38,1750,1600,595
2026-07-10 05:20:02,2026-07-09T19:20:02.503Z,1747.48,7173555,1679.27,1750,1600,595
2026-07-10 05:35:02,2026-07-09T19:35:02.469Z,1747.72,7256422,1679.14,1750,1600,595
2026-07-10 05:50:02,2026-07-09T19:50:02.473Z,1748.27,7335294,1679.83,1750,1600,595
2026-07-10 06:05:02,2026-07-09T20:05:02.472Z,1744.99,6955943,1679.73,1750,1600,595
2026-07-10 06:20:02,2026-07-09T20:20:02.560Z,1745.00,7005853,1680.53,1750,1600,595
2026-07-10 06:35:02,2026-07-09T20:35:02.472Z,1748.62,7484586,1680.09,1750,1600,595
2026-07-10 06:50:02,2026-07-09T20:50:02.478Z,1747.53,7316835,1679.97,1750,1600,595
2026-07-10 07:05:02,2026-07-09T21:05:02.514Z,1749.54,7619094,1679.87,1750,1600,595
2026-07-10 07:20:02,2026-07-09T21:20:02.560Z,1747.68,7411335,1679.76,1750,1600,595
2026-07-10 07:35:02,2026-07-09T21:35:02.476Z,1745.29,7168373,1679.70,1750,1600,595
2026-07-10 07:50:02,2026-07-09T21:50:02.588Z,1745.39,7224956,1679.53,1750,1600,595
2026-07-10 08:05:02,2026-07-09T22:05:02.462Z,1747.08,7479047,1679.68,1750,1600,595
2026-07-10 08:20:02,2026-07-09T22:20:02.480Z,1748.16,7630113,1679.73,1750,1600,595
2026-07-10 08:35:02,2026-07-09T22:35:02.570Z,1745.78,7407518,1679.65,1750,1600,595
2026-07-10 08:50:02,2026-07-09T22:50:02.482Z,1748.42,7729036,1679.97,1750,1600,595
2026-07-10 09:05:02,2026-07-09T23:05:02.484Z,1747.55,7619558,1680.08,1750,1600,595
2026-07-10 09:20:02,2026-07-09T23:20:02.479Z,1741.48,6825521,1679.83,1750,1600,595
2026-07-10 09:35:02,2026-07-09T23:35:02.499Z,1743.87,7187660,1679.83,1750,1600,595
2026-07-10 09:50:02,2026-07-09T23:50:02.484Z,1744.79,7142727,1681.96,1750,1600,595
2026-07-10 10:05:02,2026-07-10T00:05:02.461Z,1742.56,6735135,1681.53,1750,1600,595
2026-07-10 10:20:02,2026-07-10T00:20:02.584Z,1743.72,6789578,1683.79,1750,1600,595
2026-07-10 10:35:02,2026-07-10T00:35:02.512Z,1737.12,5712030,1684.38,1750,1600,596
2026-07-10 10:50:02,2026-07-10T00:50:02.489Z,1738.86,6026932,1684.23,1750,1600,596
2026-07-10 11:05:02,2026-07-10T01:05:02.673Z,1736.90,5688520,1683.93,1750,1600,596
2026-07-10 11:20:02,2026-07-10T01:20:02.494Z,1747.21,7402735,1684.58,1750,1600,596
2026-07-10 11:35:02,2026-07-10T01:35:02.523Z,1747.05,7314269,1684.84,1750,1600,597
2026-07-10 11:50:02,2026-07-10T01:50:02.514Z,1768.88,9165453,1686.39,1750,1600,597
2026-07-10 12:05:02,2026-07-10T02:05:02.531Z,1767.57,8599550,1687.62,1750,1600,597
2026-07-10 12:20:02,2026-07-10T02:20:02.487Z,1768.99,8782355,1687.38,1750,1600,597
2026-07-10 12:35:02,2026-07-10T02:35:02.509Z,1766.12,8468168,1687.44,1750,1600,597
2026-07-10 12:50:02,2026-07-10T02:50:02.532Z,1770.62,8850041,1687.29,1750,1600,597
2026-07-10 13:05:02,2026-07-10T03:05:02.521Z,1769.07,8653944,1687.35,1750,1600,597
2026-07-10 13:20:02,2026-07-10T03:20:02.510Z,1769.67,8723077,1687.13,1750,1600,597
2026-07-10 13:35:02,2026-07-10T03:35:02.515Z,1769.31,8625812,1687.14,1750,1600,597
2026-07-10 13:50:02,2026-07-10T03:50:02.529Z,1776.51,9274130,1687.58,1800,1600,597
2026-07-10 14:05:02,2026-07-10T04:05:02.500Z,1776.17,9206888,1687.43,1800,1600,597
2026-07-10 14:20:02,2026-07-10T04:20:02.534Z,1776.95,9173474,1687.45,1800,1600,597
2026-07-10 14:35:02,2026-07-10T04:35:02.564Z,1773.95,8876552,1687.30,1800,1600,597
2026-07-10 14:50:02,2026-07-10T04:50:02.513Z,1775.89,8997429,1687.20,1800,1600,597
2026-07-10 15:05:02,2026-07-10T05:05:02.525Z,1772.37,8747938,1688.13,1750,1600,597
2026-07-10 15:20:02,2026-07-10T05:20:02.511Z,1773.12,8905874,1688.51,1775,1600,598
2026-07-10 15:35:02,2026-07-10T05:35:02.602Z,1776.43,9186064,1688.28,1800,1600,598
2026-07-10 15:50:02,2026-07-10T05:50:02.555Z,1777.57,9218597,1687.93,1800,1600,598
2026-07-10 16:05:02,2026-07-10T06:05:02.547Z,1776.17,9081536,1688.98,1775,1600,599
2026-07-10 16:20:02,2026-07-10T06:20:02.592Z,1773.28,8889093,1688.50,1775,1600,601
2026-07-10 16:35:02,2026-07-10T06:35:02.546Z,1770.31,8415433,1690.61,1775,1600,602
2026-07-10 16:50:02,2026-07-10T06:50:02.512Z,1772.27,8923674,1689.54,1775,1600,602
2026-07-10 17:05:02,2026-07-10T07:05:02.530Z,1769.41,7926440,1688.56,1775,1600,602
2026-07-10 17:20:02,2026-07-10T07:20:02.590Z,1773.83,9452871,1687.73,1775,1600,602
2026-07-10 17:35:02,2026-07-10T07:35:02.544Z,1773.32,9548991,1688.00,1775,1600,602
2026-07-10 17:50:02,2026-07-10T07:50:02.548Z,1771.75,7968074,1729.35,1775,1600,602
2026-07-10 18:05:02,2026-07-10T08:05:02.535Z,1772.42,5141346,1707.97,1850,1600,559
2026-07-10 18:20:02,2026-07-10T08:20:02.572Z,1784.39,6024456,1712.33,1850,1600,563
2026-07-10 18:35:02,2026-07-10T08:35:02.594Z,1787.13,6255120,1713.43,1850,1600,568
2026-07-10 18:50:02,2026-07-10T08:50:02.681Z,1784.43,5919388,1714.26,1850,1600,569
2026-07-10 19:05:02,2026-07-10T09:05:02.581Z,1783.30,5709073,1717.59,1850,1600,570
2026-07-10 19:20:02,2026-07-10T09:20:02.588Z,1784.81,5818836,1718.48,1850,1600,570
2026-07-10 19:35:02,2026-07-10T09:35:02.594Z,1789.92,6210937,1718.88,1850,1600,570
2026-07-10 19:50:02,2026-07-10T09:50:02.570Z,1791.24,6280082,1719.97,1850,1600,570
2026-07-10 20:05:02,2026-07-10T10:05:02.567Z,1789.13,6120888,1720.19,1850,1600,571
2026-07-10 20:20:02,2026-07-10T10:20:02.579Z,1791.47,6319268,1720.41,1850,1600,572
2026-07-10 20:35:02,2026-07-10T10:35:02.612Z,1798.19,7119746,1718.70,1850,1600,575
2026-07-10 20:50:02,2026-07-10T10:50:02.575Z,1797.34,7149902,1717.55,1850,1600,576
2026-07-10 21:05:02,2026-07-10T11:05:02.544Z,1797.15,7241337,1717.04,1850,1600,577
2026-07-10 21:20:02,2026-07-10T11:20:02.574Z,1796.09,7142981,1718.28,1850,1600,577
2026-07-10 21:35:02,2026-07-10T11:35:02.563Z,1794.23,6997302,1718.57,1850,1600,577
2026-07-10 21:50:02,2026-07-10T11:50:02.588Z,1800.11,7630433,1718.73,1850,1600,577
2026-07-10 22:05:02,2026-07-10T12:05:02.585Z,1798.55,7455066,1719.42,1850,1600,577
2026-07-10 22:20:02,2026-07-10T12:20:02.604Z,1800.38,7582758,1719.44,1850,1600,577
2026-07-10 22:35:02,2026-07-10T12:35:02.577Z,1797.87,7363909,1719.37,1850,1600,577
2026-07-10 22:50:02,2026-07-10T12:50:02.579Z,1794.14,7222090,1717.82,1850,1600,577
2026-07-10 23:05:02,2026-07-10T13:05:02.677Z,1794.51,7294504,1718.05,1850,1600,578
2026-07-10 23:20:02,2026-07-10T13:20:02.621Z,1794.23,7276141,1718.45,1850,1600,580
2026-07-10 23:35:02,2026-07-10T13:35:02.671Z,1796.22,7477400,1719.01,1850,1600,582
2026-07-10 23:50:02,2026-07-10T13:50:02.598Z,1803.56,8147179,1720.25,1850,1600,584
2026-07-11 00:05:02,2026-07-10T14:05:02.581Z,1797.12,7584060,1720.33,1850,1600,586
2026-07-11 00:20:02,2026-07-10T14:20:02.721Z,1785.55,6558647,1720.52,1850,1600,586
2026-07-11 00:35:02,2026-07-10T14:35:02.612Z,1782.11,6276044,1721.80,1850,1600,586
2026-07-11 00:50:02,2026-07-10T14:50:02.614Z,1787.36,6870085,1722.39,1850,1600,586
2026-07-11 01:05:02,2026-07-10T15:05:02.593Z,1785.51,6711428,1722.41,1850,1600,586
2026-07-11 01:20:02,2026-07-10T15:20:02.562Z,1789.78,7149512,1722.67,1850,1600,586
2026-07-11 01:35:02,2026-07-10T15:35:02.557Z,1792.11,7399195,1722.84,1850,1600,586
2026-07-11 01:50:02,2026-07-10T15:50:02.589Z,1788.19,6930073,1724.07,1850,1600,586
2026-07-11 02:05:02,2026-07-10T16:05:02.643Z,1788.05,6910129,1724.79,1850,1600,586
2026-07-11 02:20:02,2026-07-10T16:20:02.607Z,1792.61,7235802,1728.37,1850,1600,586
2026-07-11 02:35:02,2026-07-10T16:35:02.591Z,1791.42,7153550,1728.81,1850,1600,587
2026-07-11 02:50:02,2026-07-10T16:50:02.604Z,1789.90,7003300,1729.13,1850,1600,587
2026-07-11 03:05:02,2026-07-10T17:05:02.597Z,1797.03,7839719,1728.68,1850,1600,587
2026-07-11 03:20:02,2026-07-10T17:20:02.590Z,1788.48,6684283,1731.30,1850,1600,587
2026-07-11 03:35:02,2026-07-10T17:35:02.603Z,1789.20,6814890,1731.65,1850,1600,587
2026-07-11 03:50:02,2026-07-10T17:50:02.618Z,1789.57,6927841,1731.80,1850,1600,587
2026-07-11 04:05:02,2026-07-10T18:05:02.597Z,1789.06,6905415,1732.57,1850,1600,587
2026-07-11 04:20:02,2026-07-10T18:20:02.571Z,1788.46,6883306,1734.41,1850,1600,587
2026-07-11 04:35:02,2026-07-10T18:35:02.623Z,1787.80,6831892,1734.75,1850,1600,587
2026-07-11 04:50:02,2026-07-10T18:50:02.621Z,1785.79,6581813,1734.28,1850,1600,587
2026-07-11 05:05:02,2026-07-10T19:05:02.609Z,1784.82,6517865,1734.77,1850,1600,587
2026-07-11 05:20:02,2026-07-10T19:20:02.597Z,1785.04,6583860,1735.16,1850,1600,587
2026-07-11 05:35:02,2026-07-10T19:35:02.605Z,1791.10,7488466,1734.84,1850,1600,587
2026-07-11 05:50:02,2026-07-10T19:50:02.615Z,1793.70,7772984,1735.11,1850,1600,587
2026-07-11 06:05:02,2026-07-10T20:05:02.702Z,1789.38,7274986,1736.38,1850,1600,587
2026-07-11 06:20:02,2026-07-10T20:20:02.626Z,1791.21,7623851,1736.44,1800,1600,587
2026-07-11 06:35:02,2026-07-10T20:35:02.632Z,1791.65,7657759,1737.05,1800,1600,587
2026-07-11 06:50:02,2026-07-10T20:50:02.613Z,1791.15,7548326,1737.12,1800,1600,587
2026-07-11 07:05:02,2026-07-10T21:05:02.707Z,1790.68,7480145,1737.26,1800,1600,587
2026-07-11 07:20:02,2026-07-10T21:20:02.626Z,1790.29,7412836,1737.25,1800,1600,587
2026-07-11 07:35:02,2026-07-10T21:35:02.634Z,1793.40,7892254,1737.22,1800,1600,587
2026-07-11 07:50:02,2026-07-10T21:50:02.616Z,1793.36,7886000,1737.21,1800,1600,587
2026-07-11 08:05:02,2026-07-10T22:05:02.609Z,1793.42,7908417,1737.62,1800,1600,587
2026-07-11 08:20:02,2026-07-10T22:20:02.620Z,1793.89,7995290,1737.71,1800,1600,587
2026-07-11 08:35:02,2026-07-10T22:35:02.693Z,1793.18,7936014,1737.87,1800,1600,587
2026-07-11 08:50:02,2026-07-10T22:50:02.705Z,1793.04,7923142,1737.99,1800,1600,587
2026-07-11 09:05:02,2026-07-10T23:05:02.609Z,1791.92,7769063,1738.19,1800,1600,587
2026-07-11 09:20:02,2026-07-10T23:20:02.697Z,1795.16,8293705,1738.33,1800,1600,587
2026-07-11 09:35:02,2026-07-10T23:35:02.606Z,1794.98,8277152,1738.50,1800,1600,587
2026-07-11 09:50:02,2026-07-10T23:50:02.606Z,1794.75,8262473,1738.73,1800,1600,587
2026-07-11 10:05:02,2026-07-11T00:05:02.988Z,1793.64,8116319,1739.47,1800,1600,587
2026-07-11 10:20:02,2026-07-11T00:20:02.624Z,1790.80,7620289,1739.94,1800,1600,587
2026-07-11 10:35:02,2026-07-11T00:35:02.637Z,1791.84,7881067,1740.09,1800,1600,587
2026-07-11 10:50:02,2026-07-11T00:50:02.613Z,1790.67,7630715,1740.45,1800,1600,587
2026-07-11 11:05:02,2026-07-11T01:05:02.592Z,1791.74,7828513,1740.49,1800,1600,587
2026-07-11 11:20:02,2026-07-11T01:20:02.671Z,1795.54,8513784,1740.56,1800,1600,587
2026-07-11 11:35:02,2026-07-11T01:35:02.607Z,1794.47,8329228,1740.74,1800,1600,587
2026-07-11 11:50:02,2026-07-11T01:50:02.659Z,1791.43,7761974,1740.72,1800,1600,587
2026-07-11 12:05:02,2026-07-11T02:05:02.618Z,1789.93,7532581,1740.85,1800,1600,587
2026-07-11 12:20:02,2026-07-11T02:20:02.613Z,1790.40,7618417,1740.53,1800,1600,587
2026-07-11 12:35:02,2026-07-11T02:35:02.644Z,1790.82,7702100,1740.46,1800,1600,587
2026-07-11 12:50:02,2026-07-11T02:50:02.620Z,1794.00,8286726,1740.95,1800,1600,587
2026-07-11 13:05:02,2026-07-11T03:05:02.632Z,1793.61,8117664,1741.51,1800,1600,587
2026-07-11 13:20:02,2026-07-11T03:20:02.652Z,1795.57,8522080,1742.02,1800,1600,587
2026-07-11 13:35:02,2026-07-11T03:35:02.620Z,1794.38,8314181,1742.27,1800,1600,587
2026-07-11 13:50:02,2026-07-11T03:50:02.665Z,1796.06,8684177,1742.66,1800,1600,587
2026-07-11 14:05:02,2026-07-11T04:05:02.654Z,1795.52,8612094,1742.90,1800,1600,587
2026-07-11 14:20:02,2026-07-11T04:20:02.626Z,1796.13,8739349,1743.21,1800,1600,588
2026-07-11 14:35:02,2026-07-11T04:35:02.703Z,1797.29,8965817,1743.66,1800,1600,588
2026-07-11 14:50:02,2026-07-11T04:50:02.667Z,1796.88,8974390,1744.24,1800,1600,588
2026-07-11 15:05:02,2026-07-11T05:05:02.638Z,1794.88,8429679,1745.64,1800,1600,588
2026-07-11 15:20:02,2026-07-11T05:20:02.628Z,1796.60,8932624,1746.05,1800,1600,588
2026-07-11 15:35:02,2026-07-11T05:35:02.629Z,1799.52,9551585,1747.85,1800,1600,588
2026-07-11 15:50:02,2026-07-11T05:50:02.619Z,1797.00,9144696,1748.60,1800,1600,588
2026-07-11 16:05:02,2026-07-11T06:05:02.638Z,1795.81,8825713,1749.42,1800,1600,588
2026-07-11 16:20:02,2026-07-11T06:20:02.667Z,1798.75,9620483,1750.66,1800,1600,588
2026-07-11 16:35:02,2026-07-11T06:35:02.644Z,1801.03,9830899,1751.96,1800,1600,588
2026-07-11 16:50:02,2026-07-11T06:50:02.629Z,1798.81,9773762,1752.88,1800,1600,588
2026-07-11 17:05:02,2026-07-11T07:05:02.645Z,1797.76,9785698,1753.91,1800,1600,588
2026-07-11 17:20:02,2026-07-11T07:20:02.631Z,1799.12,10554946,1754.67,1800,1600,588
2026-07-11 17:35:02,2026-07-11T07:35:02.648Z,1798.97,11222041,1755.00,1800,1600,588
2026-07-11 17:50:02,2026-07-11T07:50:02.634Z,1799.18,13719164,1754.35,1800,1600,588
2026-07-11 18:05:02,2026-07-11T08:05:02.629Z,1798.57,7700560,1714.55,1900,1600,564
2026-07-11 18:20:02,2026-07-11T08:20:02.640Z,1799.88,7758684,1715.68,1900,1600,566
2026-07-11 18:35:02,2026-07-11T08:35:02.624Z,1800.25,7844677,1715.68,1850,1600,567
2026-07-11 18:50:02,2026-07-11T08:50:02.718Z,1799.68,7809935,1716.31,1850,1600,567
2026-07-11 19:05:02,2026-07-11T09:05:02.644Z,1801.15,7963125,1716.23,1850,1600,568
2026-07-11 19:20:02,2026-07-11T09:20:02.634Z,1797.47,7641613,1716.37,1850,1600,568
2026-07-11 19:35:02,2026-07-11T09:35:02.642Z,1796.86,7718066,1716.34,1850,1600,571
2026-07-11 19:50:02,2026-07-11T09:50:02.671Z,1797.27,7768477,1716.58,1850,1600,572
2026-07-11 20:05:02,2026-07-11T10:05:02.609Z,1795.25,7564370,1716.59,1850,1600,572
2026-07-11 20:20:02,2026-07-11T10:20:02.651Z,1794.38,7491723,1716.45,1850,1600,572
2026-07-11 20:35:02,2026-07-11T10:35:02.656Z,1796.82,7743657,1716.50,1850,1600,573
2026-07-11 20:50:02,2026-07-11T10:50:02.645Z,1797.22,7798144,1716.62,1850,1600,573
2026-07-11 21:05:02,2026-07-11T11:05:02.675Z,1796.53,7732323,1716.47,1850,1600,573
2026-07-11 21:20:02,2026-07-11T11:20:02.634Z,1796.90,7800033,1716.54,1850,1600,574
2026-07-11 21:35:02,2026-07-11T11:35:02.655Z,1798.21,7954654,1716.49,1850,1600,575
2026-07-11 21:50:02,2026-07-11T11:50:02.675Z,1798.84,8020615,1716.33,1850,1600,575
2026-07-11 22:05:02,2026-07-11T12:05:02.641Z,1799.72,8117503,1716.62,1850,1600,575
2026-07-11 22:20:02,2026-07-11T12:20:02.653Z,1797.61,7897872,1716.64,1850,1600,575
2026-07-11 22:35:02,2026-07-11T12:35:02.660Z,1797.92,7940751,1716.50,1850,1600,575
2026-07-11 22:50:02,2026-07-11T12:50:02.644Z,1798.86,8076279,1715.95,1850,1600,575
2026-07-11 23:05:02,2026-07-11T13:05:02.745Z,1797.74,7940694,1716.31,1850,1600,575
2026-07-11 23:20:02,2026-07-11T13:20:02.738Z,1800.74,8265208,1716.32,1850,1600,576
2026-07-11 23:35:02,2026-07-11T13:35:02.658Z,1801.57,9453457,1715.47,1900,1600,577
2026-07-11 23:50:02,2026-07-11T13:50:02.755Z,1803.30,9727502,1715.46,1900,1600,577
2026-07-12 00:05:02,2026-07-11T14:05:02.655Z,1802.33,9636414,1715.29,1900,1600,577
2026-07-12 00:20:02,2026-07-11T14:20:02.739Z,1802.47,9649265,1715.34,1900,1600,577
2026-07-12 00:35:02,2026-07-11T14:35:02.674Z,1806.37,10081985,1715.90,1900,1600,577
2026-07-12 00:50:02,2026-07-11T14:50:02.673Z,1811.26,10259635,1717.70,1900,1600,578
2026-07-12 01:05:02,2026-07-11T15:05:02.667Z,1813.01,10690234,1717.08,1900,1600,578
2026-07-12 01:20:02,2026-07-11T15:20:02.661Z,1818.47,11269479,1717.33,1900,1600,579
2026-07-12 01:35:02,2026-07-11T15:35:02.680Z,1822.36,11665153,1717.05,1900,1600,579
2026-07-12 01:50:02,2026-07-11T15:50:02.659Z,1810.59,10257898,1717.78,1900,1600,582
2026-07-12 02:05:02,2026-07-11T16:05:02.657Z,1812.76,10519244,1718.50,1900,1600,582
2026-07-12 02:20:02,2026-07-11T16:20:02.668Z,1815.17,10782482,1719.10,1900,1600,582
2026-07-12 02:35:02,2026-07-11T16:35:02.656Z,1820.21,11337611,1720.13,1900,1600,582
2026-07-12 02:50:02,2026-07-11T16:50:02.670Z,1818.23,11040723,1721.01,1900,1600,583
2026-07-12 03:05:02,2026-07-11T17:05:02.677Z,1820.24,11269876,1720.93,1900,1600,583
2026-07-12 03:20:02,2026-07-11T17:20:02.660Z,1819.97,11231238,1721.05,1900,1600,583
2026-07-12 03:35:02,2026-07-11T17:35:02.715Z,1825.68,11994510,1721.98,1900,1600,583
2026-07-12 03:50:02,2026-07-11T17:50:02.689Z,1823.77,11695924,1722.57,1900,1600,583
2026-07-12 04:05:02,2026-07-11T18:05:02.705Z,1823.36,11660608,1723.08,1900,1600,583
2026-07-12 04:20:02,2026-07-11T18:20:02.745Z,1824.99,11906100,1723.27,1900,1600,583
2026-07-12 04:35:02,2026-07-11T18:35:02.687Z,1825.45,11739513,1723.88,1900,1600,583
2026-07-12 04:50:02,2026-07-11T18:50:02.702Z,1824.93,11566991,1725.92,1900,1600,583
2026-07-12 05:05:02,2026-07-11T19:05:02.748Z,1823.65,11408592,1726.00,1900,1600,583
2026-07-12 05:20:02,2026-07-11T19:20:02.724Z,1824.24,11528724,1726.16,1900,1600,583
2026-07-12 05:35:02,2026-07-11T19:35:02.721Z,1818.95,10817403,1726.17,1900,1600,583
2026-07-12 05:50:02,2026-07-11T19:50:02.702Z,1821.71,11275184,1726.13,1900,1600,583
2026-07-12 06:05:02,2026-07-11T20:05:02.732Z,1824.12,11597335,1726.22,1900,1600,583
2026-07-12 06:20:02,2026-07-11T20:20:02.737Z,1824.59,11644869,1726.35,1900,1600,583
2026-07-12 06:35:02,2026-07-11T20:35:02.706Z,1824.55,11632352,1726.42,1900,1600,583
2026-07-12 06:50:02,2026-07-11T20:50:02.743Z,1824.67,11633099,1726.54,1900,1600,583
2026-07-12 07:05:02,2026-07-11T21:05:02.726Z,1827.18,12044236,1726.64,1900,1600,583
2026-07-12 07:20:02,2026-07-11T21:20:02.742Z,1826.08,11860554,1726.61,1900,1600,583
2026-07-12 07:35:02,2026-07-11T21:35:02.710Z,1823.88,11542219,1726.65,1900,1600,583
2026-07-12 07:50:02,2026-07-11T21:50:02.705Z,1822.93,11483529,1726.83,1900,1600,583
2026-07-12 08:05:02,2026-07-11T22:05:02.734Z,1821.69,11290383,1726.86,1900,1600,583
2026-07-12 08:20:02,2026-07-11T22:20:02.756Z,1818.92,10798837,1727.43,1900,1600,583
2026-07-12 08:35:02,2026-07-11T22:35:02.747Z,1814.52,10114883,1726.52,1900,1600,583
2026-07-12 08:50:02,2026-07-11T22:50:02.747Z,1812.25,9641514,1727.07,1900,1600,583
2026-07-12 09:05:02,2026-07-11T23:05:02.801Z,1814.04,9958873,1727.02,1900,1600,583
2026-07-12 09:20:02,2026-07-11T23:20:02.710Z,1808.17,9011949,1726.59,1900,1600,583
2026-07-12 09:35:02,2026-07-11T23:35:02.721Z,1788.99,6172255,1724.75,1900,1600,584
2026-07-12 09:50:02,2026-07-11T23:50:02.726Z,1793.11,6757216,1725.10,1900,1600,584
2026-07-12 10:05:02,2026-07-12T00:05:02.721Z,1787.65,5922188,1724.59,1900,1600,584
2026-07-12 10:20:02,2026-07-12T00:20:02.723Z,1786.05,5726141,1723.96,1900,1600,584
2026-07-12 10:35:02,2026-07-12T00:35:02.732Z,1784.74,5580773,1724.06,1900,1600,584
2026-07-12 10:50:02,2026-07-12T00:50:02.715Z,1784.40,5481797,1724.10,1900,1600,584
2026-07-12 11:05:02,2026-07-12T01:05:02.753Z,1792.23,6586498,1724.76,1900,1600,584
2026-07-12 11:20:02,2026-07-12T01:20:02.764Z,1799.15,7539962,1727.25,1900,1600,584
2026-07-12 11:35:02,2026-07-12T01:35:02.741Z,1802.29,8029890,1727.85,1900,1600,584
2026-07-12 11:50:02,2026-07-12T01:50:02.693Z,1805.79,8556254,1728.16,1900,1600,584
2026-07-12 12:05:02,2026-07-12T02:05:02.756Z,1802.66,7984794,1728.37,1900,1600,584
2026-07-12 12:20:02,2026-07-12T02:20:02.753Z,1803.69,8172278,1728.29,1900,1600,584
2026-07-12 12:35:02,2026-07-12T02:35:02.820Z,1804.36,8358720,1727.13,1900,1600,584
2026-07-12 12:50:02,2026-07-12T02:50:02.816Z,1803.81,8245019,1727.33,1900,1600,584
2026-07-12 13:05:02,2026-07-12T03:05:02.762Z,1803.60,8193285,1727.26,1900,1600,584
2026-07-12 13:20:02,2026-07-12T03:20:02.756Z,1805.30,8479391,1727.61,1900,1600,584
2026-07-12 13:35:02,2026-07-12T03:35:02.757Z,1810.78,9417276,1727.86,1900,1600,584
2026-07-12 13:50:02,2026-07-12T03:50:02.744Z,1809.11,9097331,1728.23,1900,1600,584
2026-07-12 14:05:02,2026-07-12T04:05:02.765Z,1809.29,9128840,1728.92,1900,1600,584
2026-07-12 14:20:02,2026-07-12T04:20:02.782Z,1808.12,8898700,1729.28,1900,1600,584
2026-07-12 14:35:02,2026-07-12T04:35:02.819Z,1806.25,8562552,1729.61,1900,1600,584
2026-07-12 14:50:02,2026-07-12T04:50:02.828Z,1804.74,8287033,1730.38,1900,1600,584
2026-07-12 15:05:02,2026-07-12T05:05:02.752Z,1805.36,8428569,1730.46,1900,1600,584
2026-07-12 15:20:02,2026-07-12T05:20:02.753Z,1802.51,7890209,1731.39,1900,1600,584
2026-07-12 15:35:02,2026-07-12T05:35:02.743Z,1801.95,7738497,1732.72,1900,1600,584
2026-07-12 15:50:02,2026-07-12T05:50:02.741Z,1803.50,7991510,1733.23,1900,1600,584
2026-07-12 16:05:02,2026-07-12T06:05:02.835Z,1795.65,6668160,1733.27,1900,1600,584
2026-07-12 16:20:02,2026-07-12T06:20:02.760Z,1793.22,6483461,1733.16,1900,1600,584
2026-07-12 16:35:02,2026-07-12T06:35:02.842Z,1792.62,6487267,1736.02,1900,1600,584
2026-07-12 16:50:02,2026-07-12T06:50:02.850Z,1793.87,6725511,1736.11,1900,1600,585
2026-07-12 17:05:02,2026-07-12T07:05:02.744Z,1795.75,6941531,1735.73,1900,1600,585
2026-07-12 17:20:02,2026-07-12T07:20:02.778Z,1796.75,7107183,1731.34,1900,1600,586
2026-07-12 17:35:02,2026-07-12T07:35:02.741Z,1796.23,7039201,1747.19,1900,1600,586
2026-07-12 17:50:02,2026-07-12T07:50:02.758Z,1796.50,7029838,1753.79,1900,1600,586
2026-07-12 18:05:02,2026-07-12T08:05:02.771Z,1799.70,7786640,1725.51,1900,1600,562
2026-07-12 18:20:02,2026-07-12T08:20:02.756Z,1805.39,8423281,1727.29,1900,1600,566
2026-07-12 18:35:02,2026-07-12T08:35:02.789Z,1804.24,8440614,1723.73,1900,1600,566
2026-07-12 18:50:02,2026-07-12T08:50:02.759Z,1803.15,8218584,1725.42,1900,1600,567
2026-07-12 19:05:02,2026-07-12T09:05:02.755Z,1803.43,8335416,1725.68,1900,1600,567
2026-07-12 19:20:02,2026-07-12T09:20:02.785Z,1799.47,7860356,1725.75,1900,1600,567
2026-07-12 19:35:02,2026-07-12T09:35:02.839Z,1799.38,7880046,1725.66,1900,1600,567
2026-07-12 19:50:02,2026-07-12T09:50:02.754Z,1801.78,8168079,1725.89,1900,1600,567
2026-07-12 20:05:02,2026-07-12T10:05:02.736Z,1800.21,7965503,1725.93,1900,1600,568
2026-07-12 20:20:02,2026-07-12T10:20:02.768Z,1799.99,7952141,1725.98,1900,1600,568
2026-07-12 20:35:02,2026-07-12T10:35:02.781Z,1800.32,7994551,1726.14,1900,1600,568
2026-07-12 20:50:02,2026-07-12T10:50:02.797Z,1797.96,7680937,1726.67,1900,1600,570
2026-07-12 21:05:02,2026-07-12T11:05:02.727Z,1799.86,7861728,1727.32,1900,1600,570
2026-07-12 21:20:02,2026-07-12T11:20:02.781Z,1799.69,7845661,1727.27,1900,1600,570
2026-07-12 21:35:02,2026-07-12T11:35:02.811Z,1803.04,8302324,1727.16,1900,1600,570
2026-07-12 21:50:02,2026-07-12T11:50:02.773Z,1804.25,8427834,1727.79,1900,1600,570
2026-07-12 22:05:02,2026-07-12T12:05:02.775Z,1802.16,8152336,1727.81,1900,1600,570
2026-07-12 22:20:02,2026-07-12T12:20:02.760Z,1805.02,8507896,1727.87,1900,1600,570
2026-07-12 22:35:02,2026-07-12T12:35:02.841Z,1804.94,8499494,1727.38,1900,1600,570
2026-07-12 22:50:02,2026-07-12T12:50:02.762Z,1806.55,8700072,1727.37,1900,1600,570
2026-07-12 23:05:02,2026-07-12T13:05:02.762Z,1806.99,8764622,1727.19,1900,1600,570
2026-07-12 23:20:02,2026-07-12T13:20:02.735Z,1808.16,8914923,1727.39,1900,1600,570
2026-07-12 23:35:02,2026-07-12T13:35:02.860Z,1807.01,8782220,1728.15,1900,1600,570
2026-07-12 23:50:02,2026-07-12T13:50:02.760Z,1805.03,8507871,1728.31,1900,1600,570
2026-07-13 00:05:02,2026-07-12T14:05:02.810Z,1805.99,8628284,1729.53,1900,1600,571
2026-07-13 00:20:02,2026-07-12T14:20:02.769Z,1804.38,8412039,1729.73,1900,1600,571
2026-07-13 00:35:02,2026-07-12T14:35:02.806Z,1808.32,8930976,1729.35,1900,1600,571
2026-07-13 00:50:02,2026-07-12T14:50:02.777Z,1814.94,9885168,1729.29,1900,1600,572
2026-07-13 01:05:02,2026-07-12T15:05:02.741Z,1817.96,10226720,1729.05,1900,1600,572
2026-07-13 01:20:02,2026-07-12T15:20:02.784Z,1818.49,10264412,1729.18,1900,1600,572
2026-07-13 01:35:02,2026-07-12T15:35:02.813Z,1819.42,9877423,1730.12,1900,1600,573
2026-07-13 01:50:02,2026-07-12T15:50:02.815Z,1822.56,10528802,1730.00,1900,1600,573
2026-07-13 02:05:02,2026-07-12T16:05:02.763Z,1818.65,10033805,1729.92,1900,1600,573
2026-07-13 02:20:02,2026-07-12T16:20:02.762Z,1819.03,10099452,1730.07,1900,1600,573
2026-07-13 02:35:02,2026-07-12T16:35:02.794Z,1818.84,10059258,1729.64,1900,1600,573
2026-07-13 02:50:02,2026-07-12T16:50:02.771Z,1820.60,10312510,1729.74,1900,1600,573
2026-07-13 03:05:02,2026-07-12T17:05:02.816Z,1819.79,10199394,1729.74,1900,1600,573
2026-07-13 03:20:02,2026-07-12T17:20:02.800Z,1819.97,10221030,1729.77,1900,1600,573
2026-07-13 03:35:02,2026-07-12T17:35:02.791Z,1818.80,10077221,1729.98,1900,1600,573
2026-07-13 03:50:02,2026-07-12T17:50:02.802Z,1819.53,10009871,1730.51,1900,1600,573
2026-07-13 04:05:02,2026-07-12T18:05:02.807Z,1819.14,9972637,1730.53,1900,1600,573
2026-07-13 04:20:02,2026-07-12T18:20:02.786Z,1814.94,9417056,1730.58,1900,1600,573
2026-07-13 04:35:02,2026-07-12T18:35:02.900Z,1817.80,9890990,1730.40,1900,1600,573
2026-07-13 04:50:02,2026-07-12T18:50:02.817Z,1820.80,10266012,1730.65,1900,1600,573
2026-07-13 05:05:02,2026-07-12T19:05:02.805Z,1820.63,10080624,1731.24,1900,1600,573
2026-07-13 05:20:02,2026-07-12T19:20:02.805Z,1819.17,9899663,1731.43,1900,1600,574
2026-07-13 05:35:02,2026-07-12T19:35:02.795Z,1818.91,9879161,1731.53,1900,1600,574
2026-07-13 05:50:02,2026-07-12T19:50:02.800Z,1819.47,9969283,1731.37,1900,1600,574
2026-07-13 06:05:02,2026-07-12T20:05:02.809Z,1819.19,9917907,1731.54,1900,1600,574
2026-07-13 06:20:02,2026-07-12T20:20:02.812Z,1818.99,9906282,1731.90,1900,1600,574
2026-07-13 06:35:02,2026-07-12T20:35:02.785Z,1818.80,9892874,1731.87,1900,1600,574
2026-07-13 06:50:02,2026-07-12T20:50:02.851Z,1822.06,10329788,1731.95,1900,1600,574
2026-07-13 07:05:02,2026-07-12T21:05:02.811Z,1821.72,10160635,1732.34,1900,1600,575
2026-07-13 07:20:02,2026-07-12T21:20:02.804Z,1815.19,8628299,1734.07,1850,1600,575
2026-07-13 07:35:02,2026-07-12T21:35:02.826Z,1812.49,8144348,1736.47,1850,1600,575
2026-07-13 07:50:02,2026-07-12T21:50:02.851Z,1812.54,8134681,1736.67,1850,1600,575
2026-07-13 08:05:02,2026-07-12T22:05:02.815Z,1800.95,6601414,1737.03,1850,1600,576
2026-07-13 08:20:02,2026-07-12T22:20:02.818Z,1797.47,6174129,1736.87,1850,1600,576
2026-07-13 08:35:02,2026-07-12T22:35:02.829Z,1801.17,6582442,1737.67,1850,1600,576
2026-07-13 08:50:02,2026-07-12T22:50:02.835Z,1798.45,6234196,1737.79,1850,1600,576
2026-07-13 09:05:02,2026-07-12T23:05:02.866Z,1801.63,6644808,1738.16,1850,1600,576
2026-07-13 09:20:02,2026-07-12T23:20:02.841Z,1802.32,6737479,1738.44,1850,1600,576
2026-07-13 09:35:02,2026-07-12T23:35:02.820Z,1807.27,7419848,1738.86,1850,1600,576
2026-07-13 09:50:02,2026-07-12T23:50:02.820Z,1804.15,7075309,1738.35,1850,1600,577
2026-07-13 10:05:02,2026-07-13T00:05:02.787Z,1812.15,8242997,1738.99,1850,1600,577
2026-07-13 10:20:02,2026-07-13T00:20:02.910Z,1835.54,11346881,1739.88,1850,1600,580
2026-07-13 10:35:02,2026-07-13T00:35:02.815Z,1825.55,9859192,1738.96,1850,1600,582
2026-07-13 10:50:02,2026-07-13T00:50:02.785Z,1819.18,8946048,1740.08,1850,1600,582
2026-07-13 11:05:02,2026-07-13T01:05:02.826Z,1824.84,9746526,1740.32,1850,1600,582
2026-07-13 11:20:02,2026-07-13T01:20:02.827Z,1819.23,8912258,1740.60,1850,1600,582
2026-07-13 11:35:02,2026-07-13T01:35:02.911Z,1812.98,8004255,1740.73,1850,1600,582
2026-07-13 11:50:02,2026-07-13T01:50:02.830Z,1811.29,7832055,1740.56,1850,1600,582
2026-07-13 12:05:02,2026-07-13T02:05:02.826Z,1802.81,6546263,1739.54,1850,1600,582
2026-07-13 12:20:02,2026-07-13T02:20:02.846Z,1807.83,7393501,1739.42,1850,1600,582
2026-07-13 12:35:02,2026-07-13T02:35:02.844Z,1808.97,7547409,1739.67,1850,1600,582
2026-07-13 12:50:02,2026-07-13T02:50:02.822Z,1809.29,7584291,1739.97,1850,1600,582
2026-07-13 13:05:02,2026-07-13T03:05:02.860Z,1801.63,6456351,1740.53,1850,1600,582
2026-07-13 13:20:02,2026-07-13T03:20:02.822Z,1789.36,4681990,1743.08,1850,1600,582
2026-07-13 13:35:02,2026-07-13T03:35:02.836Z,1774.88,2915301,1742.81,1850,1600,582
2026-07-13 13:50:02,2026-07-13T03:50:02.827Z,1780.25,3514343,1744.25,1850,1600,582
2026-07-13 14:05:02,2026-07-13T04:05:02.841Z,1776.62,3013487,1745.28,1850,1600,582
2026-07-13 14:20:02,2026-07-13T04:20:02.919Z,1781.05,3565115,1745.99,1850,1600,582
2026-07-13 14:35:02,2026-07-13T04:35:02.840Z,1780.56,3620330,1744.86,1850,1600,584
2026-07-13 14:50:02,2026-07-13T04:50:02.835Z,1780.34,3614305,1745.17,1850,1600,584
2026-07-13 15:05:02,2026-07-13T05:05:02.838Z,1782.54,4003717,1745.56,1850,1600,585
2026-07-13 15:20:02,2026-07-13T05:20:02.838Z,1783.60,4119166,1745.84,1850,1600,585
2026-07-13 15:35:02,2026-07-13T05:35:02.822Z,1780.54,3714137,1746.82,1850,1600,586
2026-07-13 15:50:02,2026-07-13T05:50:02.842Z,1780.33,3630556,1747.73,1850,1600,586
2026-07-13 16:05:02,2026-07-13T06:05:02.845Z,1781.84,3832278,1747.79,1850,1600,586
2026-07-13 16:20:02,2026-07-13T06:20:02.821Z,1776.28,3047169,1748.36,1850,1600,586
2026-07-13 16:35:02,2026-07-13T06:35:02.893Z,1775.71,2963358,1748.63,1850,1775,586
2026-07-13 16:50:02,2026-07-13T06:50:02.852Z,1776.80,3072899,1749.25,1850,1775,586
2026-07-13 17:05:02,2026-07-13T07:05:02.875Z,1776.26,2935302,1749.86,1850,1775,586
2026-07-13 17:20:02,2026-07-13T07:20:02.881Z,1778.56,3241211,1751.91,1850,1775,586
2026-07-13 17:35:02,2026-07-13T07:35:02.883Z,1789.43,5181077,1754.30,1850,1600,586
2026-07-13 17:50:02,2026-07-13T07:50:02.868Z,1786.38,4721280,1756.08,1850,1600,586
2026-07-13 18:05:02,2026-07-13T08:05:02.852Z,1786.35,4602529,1734.48,1850,1600,560
2026-07-13 18:20:02,2026-07-13T08:20:02.859Z,1783.97,4310396,1735.04,1850,1600,560
2026-07-13 18:35:02,2026-07-13T08:35:02.855Z,1785.64,4431249,1735.63,1850,1600,560
2026-07-13 18:50:02,2026-07-13T08:50:02.878Z,1790.48,4884872,1736.65,1850,1600,560
2026-07-13 19:05:02,2026-07-13T09:05:02.903Z,1787.65,4541425,1737.76,1850,1600,560
2026-07-13 19:20:02,2026-07-13T09:20:02.879Z,1784.61,4082697,1740.30,1850,1600,560
2026-07-13 19:35:02,2026-07-13T09:35:02.901Z,1785.66,4197424,1740.54,1850,1600,560
2026-07-13 19:50:02,2026-07-13T09:50:02.948Z,1785.32,4150284,1740.99,1850,1600,561
2026-07-13 20:05:02,2026-07-13T10:05:02.899Z,1783.09,3885473,1741.45,1850,1600,561
2026-07-13 20:20:02,2026-07-13T10:20:02.948Z,1783.57,4030912,1741.16,1850,1600,561
2026-07-13 20:35:02,2026-07-13T10:35:02.859Z,1780.77,3706953,1741.07,1850,1600,561
2026-07-13 20:50:02,2026-07-13T10:50:02.923Z,1777.87,3438143,1740.80,1850,1600,561
2026-07-13 21:05:02,2026-07-13T11:05:02.870Z,1779.60,3632232,1740.70,1850,1600,561
2026-07-13 21:20:02,2026-07-13T11:20:02.883Z,1778.39,3490711,1740.88,1850,1600,561
2026-07-13 21:35:02,2026-07-13T11:35:02.869Z,1781.25,3823629,1740.91,1850,1600,561
2026-07-13 21:50:02,2026-07-13T11:50:02.865Z,1781.95,3927387,1740.76,1850,1600,561
2026-07-13 22:05:02,2026-07-13T12:05:02.839Z,1778.55,3584102,1740.37,1850,1600,561
2026-07-13 22:20:02,2026-07-13T12:20:02.904Z,1779.97,3755094,1740.26,1850,1600,561
2026-07-13 22:35:02,2026-07-13T12:35:02.951Z,1773.45,3296390,1738.74,1850,1600,561
2026-07-13 22:50:02,2026-07-13T12:50:02.957Z,1770.38,3077478,1737.47,1850,1600,562
2026-07-13 23:05:02,2026-07-13T13:05:02.862Z,1770.25,3107523,1737.03,1850,1600,562
2026-07-13 23:20:02,2026-07-13T13:20:02.881Z,1766.85,2723292,1737.67,1850,1600,562
2026-07-13 23:35:02,2026-07-13T13:35:02.875Z,1773.09,3349764,1738.29,1850,1600,562
2026-07-13 23:50:02,2026-07-13T13:50:02.957Z,1766.35,2688726,1737.64,1850,1600,562
2026-07-14 00:05:02,2026-07-13T14:05:02.893Z,1767.86,2709101,1739.59,1850,1600,562
2026-07-14 00:20:02,2026-07-13T14:20:02.883Z,1770.74,3027493,1739.92,1850,1600,562
2026-07-14 00:35:02,2026-07-13T14:35:02.905Z,1771.28,2964083,1740.30,1850,1600,563
2026-07-14 00:50:02,2026-07-13T14:50:02.867Z,1776.33,3432122,1741.80,1850,1775,563
2026-07-14 01:05:02,2026-07-13T15:05:02.865Z,1777.53,3460217,1743.27,1850,1775,563
2026-07-14 01:20:02,2026-07-13T15:20:02.901Z,1781.67,3922685,1744.19,1850,1775,563
2026-07-14 01:35:02,2026-07-13T15:35:02.891Z,1778.44,3523081,1744.28,1850,1775,563
2026-07-14 01:50:02,2026-07-13T15:50:02.876Z,1776.55,3353758,1743.72,1850,1775,563
2026-07-14 02:05:02,2026-07-13T16:05:02.883Z,1777.50,3482141,1743.61,1850,1775,563
2026-07-14 02:20:03,2026-07-13T16:20:03.001Z,1772.35,2833026,1743.49,1850,1775,563
2026-07-14 02:35:02,2026-07-13T16:35:02.902Z,1768.33,2379463,1743.24,1850,1775,563
2026-07-14 02:50:02,2026-07-13T16:50:02.922Z,1771.68,2747789,1743.45,1850,1775,563
2026-07-14 03:05:02,2026-07-13T17:05:02.919Z,1770.65,2628374,1743.37,1850,1775,563
2026-07-14 03:20:02,2026-07-13T17:20:02.920Z,1772.48,2828372,1743.39,1850,1775,563
2026-07-14 03:35:02,2026-07-13T17:35:02.974Z,1769.85,2463620,1743.82,1850,1775,563
2026-07-14 03:50:02,2026-07-13T17:50:02.875Z,1764.27,1806622,1744.43,1850,1775,563
2026-07-14 04:05:02,2026-07-13T18:05:02.919Z,1755.66,1050656,1743.69,1850,1600,563
2026-07-14 04:20:02,2026-07-13T18:20:02.905Z,1751.36,626814,1743.99,1850,1600,564
2026-07-14 04:35:02,2026-07-13T18:35:02.905Z,1756.51,1045030,1744.53,1850,1600,564
2026-07-14 04:50:02,2026-07-13T18:50:02.894Z,1761.57,1422672,1745.44,1850,1775,564
2026-07-14 05:05:02,2026-07-13T19:05:02.910Z,1764.35,1986314,1744.21,1850,1775,564
2026-07-14 05:20:02,2026-07-13T19:20:02.918Z,1764.06,1912152,1744.41,1850,1775,564
2026-07-14 05:35:02,2026-07-13T19:35:02.915Z,1770.03,2609811,1744.80,1850,1775,564
2026-07-14 05:50:02,2026-07-13T19:50:02.919Z,1769.10,2633926,1743.87,1850,1775,564
2026-07-14 06:05:02,2026-07-13T20:05:02.919Z,1774.12,3280288,1744.38,1850,1775,564
2026-07-14 06:20:02,2026-07-13T20:20:02.892Z,1766.82,2309424,1744.17,1850,1775,564
2026-07-14 06:35:02,2026-07-13T20:35:02.927Z,1767.53,2564138,1743.34,1850,1775,564
2026-07-14 06:50:02,2026-07-13T20:50:02.927Z,1763.74,2080589,1743.22,1850,1775,564
2026-07-14 07:05:02,2026-07-13T21:05:02.893Z,1763.65,2086681,1743.11,1850,1775,564
2026-07-14 07:20:02,2026-07-13T21:20:02.933Z,1760.78,1754786,1743.01,1850,1600,564
2026-07-14 07:35:02,2026-07-13T21:35:02.926Z,1757.04,1505645,1742.27,1850,1600,564
2026-07-14 07:50:02,2026-07-13T21:50:02.930Z,1756.20,1441475,1742.16,1850,1600,564
2026-07-14 08:05:02,2026-07-13T22:05:02.939Z,1762.60,2083132,1743.19,1850,1775,564
2026-07-14 08:20:02,2026-07-13T22:20:02.926Z,1765.98,2461443,1743.86,1850,1775,564
2026-07-14 08:35:02,2026-07-13T22:35:02.936Z,1761.45,1794453,1744.19,1850,1775,564
2026-07-14 08:50:03,2026-07-13T22:50:03.008Z,1760.82,1724930,1744.02,1850,1775,564
2026-07-14 09:05:02,2026-07-13T23:05:02.940Z,1756.76,1288996,1743.89,1850,1600,564
2026-07-14 09:20:02,2026-07-13T23:20:02.946Z,1762.95,2129782,1743.28,1850,1775,564
2026-07-14 09:35:03,2026-07-13T23:35:03.008Z,1765.53,2462363,1743.38,1850,1775,564
2026-07-14 09:50:03,2026-07-13T23:50:03.085Z,1770.84,3198061,1743.60,1850,1775,564
2026-07-14 10:05:02,2026-07-14T00:05:02.948Z,1773.94,3659147,1743.66,1850,1775,564
2026-07-14 10:20:02,2026-07-14T00:20:02.977Z,1776.03,4017224,1743.76,1850,1775,564
2026-07-14 10:35:02,2026-07-14T00:35:02.947Z,1779.15,4625611,1743.61,1850,1775,564
2026-07-14 10:50:02,2026-07-14T00:50:02.979Z,1778.95,4496762,1745.19,1850,1775,564
2026-07-14 11:05:02,2026-07-14T01:05:02.923Z,1782.98,5358603,1745.57,1850,1775,564
2026-07-14 11:20:02,2026-07-14T01:20:02.922Z,1786.92,6269855,1745.81,1850,1775,564
2026-07-14 11:35:03,2026-07-14T01:35:03.008Z,1784.08,5578872,1746.15,1850,1775,564
2026-07-14 11:50:03,2026-07-14T01:50:03.038Z,1783.38,5200447,1746.90,1850,1775,564
2026-07-14 12:05:02,2026-07-14T02:05:02.957Z,1784.05,5340089,1746.81,1850,1775,564
2026-07-14 12:20:02,2026-07-14T02:20:02.980Z,1779.37,4127297,1747.02,1850,1775,564
2026-07-14 12:35:02,2026-07-14T02:35:02.990Z,1776.60,3481101,1746.06,1850,1775,564
2026-07-14 12:50:02,2026-07-14T02:50:02.959Z,1783.30,5049697,1746.44,1800,1775,564
2026-07-14 13:05:02,2026-07-14T03:05:02.964Z,1779.81,4029267,1746.28,1850,1775,564
2026-07-14 13:20:02,2026-07-14T03:20:02.969Z,1775.73,2964097,1745.68,1850,1775,564
2026-07-14 13:35:02,2026-07-14T03:35:02.945Z,1777.05,3143734,1745.45,1850,1775,564
2026-07-14 13:50:02,2026-07-14T03:50:02.995Z,1779.47,3694931,1745.43,1850,1775,564
2026-07-14 14:05:02,2026-07-14T04:05:02.946Z,1783.93,5062561,1745.47,1800,1775,564
2026-07-14 14:20:03,2026-07-14T04:20:03.013Z,1781.77,4248519,1744.99,1850,1775,564
2026-07-14 14:35:02,2026-07-14T04:35:02.942Z,1785.80,5704481,1744.75,1800,1775,564
2026-07-14 14:50:03,2026-07-14T04:50:03.047Z,1783.86,4686225,1743.94,1800,1775,564
2026-07-14 15:05:02,2026-07-14T05:05:02.970Z,1784.59,4961270,1743.36,1800,1775,564
2026-07-14 15:20:02,2026-07-14T05:20:02.967Z,1787.33,6273060,1743.56,1800,1775,564
2026-07-14 15:35:02,2026-07-14T05:35:02.992Z,1788.43,6838825,1743.80,1800,1775,564
2026-07-14 15:50:02,2026-07-14T05:50:02.984Z,1785.89,5528428,1743.32,1800,1775,564
2026-07-14 16:05:02,2026-07-14T06:05:02.988Z,1783.39,4051653,1743.18,1850,1775,564
2026-07-14 16:20:02,2026-07-14T06:20:02.969Z,1783.75,4205000,1775.15,1850,1775,564
2026-07-14 16:35:02,2026-07-14T06:35:02.958Z,1785.04,5199669,1776.16,1850,1775,564
2026-07-14 16:50:03,2026-07-14T06:50:03.013Z,1781.81,2991489,1776.70,1850,1775,564
2026-07-14 17:05:02,2026-07-14T07:05:02.980Z,1780.79,1874234,1777.92,1850,1775,564
2026-07-14 17:20:02,2026-07-14T07:20:02.997Z,1781.55,2413680,1778.92,1850,1775,564
2026-07-14 17:35:02,2026-07-14T07:35:02.999Z,1782.24,3338488,1779.78,1850,1775,564
2026-07-14 17:50:02,2026-07-14T07:50:02.993Z,1779.51,1948437,1778.87,1850,1775,564
2026-07-14 18:05:03,2026-07-14T08:05:03.005Z,1780.02,5386899,1728.58,1850,1600,540
2026-07-14 18:20:02,2026-07-14T08:20:02.961Z,1781.54,5525121,1729.33,1850,1600,540
2026-07-14 18:35:02,2026-07-14T08:35:02.983Z,1783.88,5714885,1731.02,1850,1600,541
2026-07-14 18:50:03,2026-07-14T08:50:03.001Z,1783.71,5619359,1733.01,1850,1600,541
2026-07-14 19:05:02,2026-07-14T09:05:02.963Z,1786.30,5951825,1733.21,1850,1600,542
2026-07-14 19:20:03,2026-07-14T09:20:03.042Z,1786.31,5940539,1733.68,1850,1600,546
2026-07-14 19:35:03,2026-07-14T09:35:03.000Z,1784.01,5719076,1733.54,1850,1600,546
2026-07-14 19:50:02,2026-07-14T09:50:02.991Z,1783.54,5745390,1733.26,1850,1600,546
2026-07-14 20:05:03,2026-07-14T10:05:03.044Z,1786.02,6073008,1733.17,1850,1600,546
2026-07-14 20:20:03,2026-07-14T10:20:03.027Z,1787.54,6229325,1733.42,1850,1600,548
2026-07-14 20:35:02,2026-07-14T10:35:02.974Z,1785.17,5926953,1733.27,1850,1600,548
2026-07-14 20:50:03,2026-07-14T10:50:03.000Z,1795.83,7225048,1733.87,1850,1600,549
2026-07-14 21:05:03,2026-07-14T11:05:03.020Z,1794.18,7224882,1733.31,1850,1600,549
2026-07-14 21:20:03,2026-07-14T11:20:03.018Z,1796.67,7540031,1732.72,1850,1600,549
2026-07-14 21:35:02,2026-07-14T11:35:02.983Z,1798.48,7752375,1732.65,1850,1600,549
2026-07-14 21:50:02,2026-07-14T11:50:02.987Z,1796.28,7491329,1732.63,1850,1600,549
2026-07-14 22:05:03,2026-07-14T12:05:03.017Z,1795.63,7420942,1732.62,1850,1600,549
2026-07-14 22:20:03,2026-07-14T12:20:03.049Z,1798.16,7731897,1733.11,1850,1600,549
2026-07-14 22:35:03,2026-07-14T12:35:03.123Z,1820.48,10832690,1735.20,1850,1600,551
2026-07-14 22:50:03,2026-07-14T12:50:03.001Z,1841.39,12956673,1735.37,1850,1600,554
2026-07-14 23:05:03,2026-07-14T13:05:03.025Z,1858.34,14526334,1736.55,1850,1500,557
2026-07-14 23:20:03,2026-07-14T13:20:03.104Z,1861.57,14683558,1738.67,1850,1500,557
2026-07-14 23:35:03,2026-07-14T13:35:03.036Z,1871.98,14899387,1739.93,1900,1500,560
2026-07-14 23:50:03,2026-07-14T13:50:03.014Z,1869.41,14461293,1740.85,1900,1500,561
2026-07-15 00:05:03,2026-07-14T14:05:03.011Z,1860.96,13772609,1742.01,1900,1600,562
2026-07-15 00:20:03,2026-07-14T14:20:03.017Z,1863.37,14073126,1742.80,1900,1500,562
2026-07-15 00:35:03,2026-07-14T14:35:03.035Z,1868.36,14670071,1742.66,1900,1500,563
2026-07-15 00:50:02,2026-07-14T14:50:02.974Z,1871.22,15083055,1744.36,1900,1500,563
2026-07-15 01:05:02,2026-07-14T15:05:02.971Z,1878.70,15662567,1744.84,1900,1500,563
2026-07-15 01:20:03,2026-07-14T15:20:03.040Z,1876.12,15548444,1745.25,1900,1500,563
2026-07-15 01:35:02,2026-07-14T15:35:02.978Z,1881.67,16019841,1745.43,1900,1500,563
2026-07-15 01:50:03,2026-07-14T15:50:03.111Z,1880.13,15736123,1748.95,1900,1500,563
2026-07-15 02:05:03,2026-07-14T16:05:03.024Z,1869.98,14812864,1749.67,1900,1500,564
2026-07-15 02:20:03,2026-07-14T16:20:03.012Z,1871.62,14994289,1749.89,1900,1500,564
2026-07-15 02:35:03,2026-07-14T16:35:03.115Z,1874.38,15266658,1749.31,1900,1500,565
2026-07-15 02:50:03,2026-07-14T16:50:03.029Z,1872.04,15084109,1749.74,1900,1500,565
2026-07-15 03:05:03,2026-07-14T17:05:03.025Z,1869.30,14853071,1749.85,1900,1500,565
2026-07-15 03:20:03,2026-07-14T17:20:03.038Z,1863.58,14277148,1749.72,1900,1500,566
2026-07-15 03:35:03,2026-07-14T17:35:03.016Z,1866.32,14551566,1749.76,1900,1500,567
2026-07-15 03:50:03,2026-07-14T17:50:03.011Z,1866.15,14500779,1750.12,1900,1500,567
2026-07-15 04:05:03,2026-07-14T18:05:03.104Z,1870.95,15000005,1750.14,1900,1500,567
2026-07-15 04:20:03,2026-07-14T18:20:03.031Z,1870.09,14946006,1750.24,1900,1500,567
2026-07-15 04:35:03,2026-07-14T18:35:03.043Z,1871.97,15127242,1749.88,1900,1500,567
2026-07-15 04:50:03,2026-07-14T18:50:03.058Z,1874.10,15417480,1749.98,1900,1500,567
2026-07-15 05:05:02,2026-07-14T19:05:02.998Z,1874.52,15396279,1750.47,1900,1500,567
2026-07-15 05:20:03,2026-07-14T19:20:03.117Z,1876.47,15601750,1750.74,1900,1500,568
2026-07-15 05:35:03,2026-07-14T19:35:03.003Z,1875.42,15490384,1750.66,1900,1500,568
2026-07-15 05:50:03,2026-07-14T19:50:03.102Z,1879.21,15900221,1750.54,1900,1500,569
2026-07-15 06:05:03,2026-07-14T20:05:03.026Z,1874.89,15516624,1751.22,1900,1500,569
2026-07-15 06:20:03,2026-07-14T20:20:03.021Z,1875.98,15687965,1751.43,1900,1500,569
2026-07-15 06:35:03,2026-07-14T20:35:03.030Z,1875.81,15696381,1750.47,1900,1500,569
2026-07-15 06:50:03,2026-07-14T20:50:03.036Z,1874.06,15549106,1750.76,1900,1500,571
2026-07-15 07:05:03,2026-07-14T21:05:03.045Z,1875.09,15690899,1750.83,1900,1500,571
2026-07-15 07:20:03,2026-07-14T21:20:03.053Z,1876.86,15843868,1751.24,1900,1500,571
2026-07-15 07:35:03,2026-07-14T21:35:03.031Z,1876.50,15828209,1751.68,1900,1500,571
2026-07-15 07:50:03,2026-07-14T21:50:03.025Z,1876.36,15853789,1751.82,1900,1500,571
2026-07-15 08:05:03,2026-07-14T22:05:03.086Z,1873.41,15556608,1752.12,1900,1500,571
2026-07-15 08:20:03,2026-07-14T22:20:03.136Z,1874.98,15800916,1752.25,1900,1500,571
2026-07-15 08:35:03,2026-07-14T22:35:03.025Z,1892.75,17720561,1752.05,1900,1500,571
2026-07-15 08:50:03,2026-07-14T22:50:03.034Z,1884.42,17012179,1753.07,1900,1500,571
2026-07-15 09:05:03,2026-07-14T23:05:03.081Z,1881.26,16948248,1753.32,1900,1500,571
2026-07-15 09:20:03,2026-07-14T23:20:03.043Z,1884.11,17327990,1753.72,1900,1500,571
2026-07-15 09:35:03,2026-07-14T23:35:03.051Z,1884.09,17372554,1753.88,1900,1500,571
2026-07-15 09:50:03,2026-07-14T23:50:03.038Z,1890.09,18087812,1753.75,1900,1500,571
2026-07-15 10:05:03,2026-07-15T00:05:03.061Z,1889.37,17980176,1753.47,1900,1500,571
2026-07-15 10:20:03,2026-07-15T00:20:03.038Z,1884.21,17385816,1754.41,1900,1500,571
2026-07-15 10:35:03,2026-07-15T00:35:03.040Z,1879.00,16579030,1754.52,1900,1500,571
2026-07-15 10:50:03,2026-07-15T00:50:03.070Z,1879.14,16367918,1754.63,1900,1500,571
2026-07-15 11:05:03,2026-07-15T01:05:03.081Z,1876.42,15920302,1754.76,1900,1500,571
2026-07-15 11:20:03,2026-07-15T01:20:03.081Z,1874.01,15638334,1754.95,1900,1500,571
2026-07-15 11:35:03,2026-07-15T01:35:03.045Z,1876.00,15874966,1755.55,1900,1500,571
2026-07-15 11:50:03,2026-07-15T01:50:03.020Z,1867.18,14750432,1755.91,1900,1500,571
2026-07-15 12:05:03,2026-07-15T02:05:03.080Z,1867.91,14848865,1756.51,1900,1500,571
2026-07-15 12:20:03,2026-07-15T02:20:03.047Z,1866.91,14662228,1756.96,1900,1600,571
2026-07-15 12:35:03,2026-07-15T02:35:03.073Z,1864.49,14408761,1756.94,1900,1600,571
2026-07-15 12:50:03,2026-07-15T02:50:03.020Z,1864.96,14496815,1757.21,1900,1600,571
2026-07-15 13:05:03,2026-07-15T03:05:03.077Z,1866.32,14725596,1757.34,1900,1500,571
2026-07-15 13:20:03,2026-07-15T03:20:03.082Z,1868.30,15000147,1757.78,1900,1500,571
2026-07-15 13:35:03,2026-07-15T03:35:03.013Z,1872.79,15722060,1758.14,1900,1500,571
2026-07-15 13:50:03,2026-07-15T03:50:03.051Z,1872.80,15670827,1758.59,1900,1500,571
2026-07-15 14:05:03,2026-07-15T04:05:03.036Z,1874.71,15883334,1759.65,1900,1500,571
2026-07-15 14:20:03,2026-07-15T04:20:03.051Z,1874.76,15927569,1760.02,1900,1500,571
2026-07-15 14:35:03,2026-07-15T04:35:03.075Z,1874.75,15935977,1760.33,1900,1500,571
2026-07-15 14:50:03,2026-07-15T04:50:03.064Z,1876.34,16094421,1760.76,1900,1500,571
2026-07-15 15:05:03,2026-07-15T05:05:03.078Z,1874.99,15941915,1761.24,1900,1500,572
2026-07-15 15:20:03,2026-07-15T05:20:03.066Z,1872.92,15682402,1761.59,1900,1500,572
2026-07-15 15:35:03,2026-07-15T05:35:03.091Z,1874.01,15845346,1762.05,1900,1500,572
2026-07-15 15:50:03,2026-07-15T05:50:03.026Z,1875.59,16022516,1762.63,1900,1500,572
2026-07-15 16:05:03,2026-07-15T06:05:03.038Z,1881.88,16550725,1763.30,1900,1500,572
2026-07-15 16:20:03,2026-07-15T06:20:03.091Z,1885.56,16726036,1763.90,1900,1500,572
2026-07-15 16:35:03,2026-07-15T06:35:03.099Z,1889.03,17110718,1764.30,1900,1500,574
2026-07-15 16:50:03,2026-07-15T06:50:03.065Z,1881.81,16114676,1764.81,1900,1500,574
2026-07-15 17:05:03,2026-07-15T07:05:03.088Z,1875.19,16506705,1765.23,1875,1500,574
2026-07-15 17:20:03,2026-07-15T07:20:03.083Z,1873.47,16853015,1765.25,1875,1500,574
2026-07-15 17:35:03,2026-07-15T07:35:03.067Z,1866.08,13214461,1764.57,1900,1500,574
2026-07-15 17:50:03,2026-07-15T07:50:03.069Z,1868.20,13242964,1761.81,1900,1500,574
2026-07-15 18:05:03,2026-07-15T08:05:03.057Z,1873.52,12656540,1740.95,1900,1500,549
2026-07-15 18:20:03,2026-07-15T08:20:03.035Z,1872.71,12599206,1741.09,1900,1500,550
2026-07-15 18:35:03,2026-07-15T08:35:03.048Z,1873.77,12723184,1741.50,1900,1500,551
2026-07-15 18:50:03,2026-07-15T08:50:03.142Z,1876.02,12859424,1742.30,1900,1500,552
2026-07-15 19:05:03,2026-07-15T09:05:03.061Z,1880.25,13155154,1743.87,1900,1500,553
2026-07-15 19:20:03,2026-07-15T09:20:03.056Z,1883.70,13537269,1744.27,1900,1500,553
2026-07-15 19:35:03,2026-07-15T09:35:03.035Z,1879.41,13212106,1744.65,1900,1500,554
2026-07-15 19:50:03,2026-07-15T09:50:03.038Z,1881.30,13409747,1745.02,1900,1500,554
2026-07-15 20:05:03,2026-07-15T10:05:03.060Z,1881.96,13492635,1745.10,1900,1500,555
2026-07-15 20:20:03,2026-07-15T10:20:03.044Z,1881.57,13550590,1745.24,1900,1500,555
2026-07-15 20:35:03,2026-07-15T10:35:03.063Z,1874.70,12971098,1745.03,1900,1500,557
2026-07-15 20:50:03,2026-07-15T10:50:03.063Z,1878.18,13323793,1744.98,1900,1500,557
2026-07-15 21:05:03,2026-07-15T11:05:03.071Z,1878.67,13374305,1744.99,1900,1500,557
2026-07-15 21:20:03,2026-07-15T11:20:03.177Z,1877.89,13259026,1745.34,1900,1500,557
2026-07-15 21:35:03,2026-07-15T11:35:03.107Z,1879.38,13428537,1745.37,1900,1500,557
2026-07-15 21:50:03,2026-07-15T11:50:03.096Z,1879.88,13470262,1745.45,1900,1500,557
2026-07-15 22:05:03,2026-07-15T12:05:03.163Z,1881.64,14189692,1745.22,1900,1500,557
2026-07-15 22:20:03,2026-07-15T12:20:03.083Z,1882.55,14109466,1745.51,1900,1500,557
2026-07-15 22:35:03,2026-07-15T12:35:03.169Z,1888.03,14618884,1744.78,1900,1500,559
2026-07-15 22:50:03,2026-07-15T12:50:03.110Z,1904.79,15896157,1744.38,1900,1500,559
2026-07-15 23:05:03,2026-07-15T13:05:03.069Z,1935.92,15676117,1744.85,1900,1500,562
2026-07-15 23:20:03,2026-07-15T13:20:03.100Z,1938.99,15303604,1746.49,1900,1500,564
2026-07-15 23:35:03,2026-07-15T13:35:03.097Z,1939.07,15149727,1746.41,1900,1500,566
2026-07-15 23:50:03,2026-07-15T13:50:03.104Z,1919.26,14918754,1745.56,1900,1500,568
2026-07-16 00:05:03,2026-07-15T14:05:03.133Z,1927.71,15351390,1745.64,1900,1500,569
2026-07-16 00:20:03,2026-07-15T14:20:03.144Z,1929.80,15506571,1746.08,1900,1500,570
2026-07-16 00:35:03,2026-07-15T14:35:03.096Z,1931.41,15992407,1744.64,1900,1500,571
2026-07-16 00:50:03,2026-07-15T14:50:03.163Z,1928.69,15788550,1744.74,1900,1500,571
2026-07-16 01:05:03,2026-07-15T15:05:03.180Z,1928.44,15817453,1745.22,1900,1500,572
2026-07-16 01:20:03,2026-07-15T15:20:03.105Z,1930.89,15935517,1745.51,1900,1500,572
2026-07-16 01:35:03,2026-07-15T15:35:03.121Z,1930.81,15858187,1745.41,1900,1500,572
2026-07-16 01:50:03,2026-07-15T15:50:03.102Z,1933.07,15971712,1745.40,1900,1500,572
2026-07-16 02:05:03,2026-07-15T16:05:03.118Z,1925.28,15698993,1746.03,1900,1500,572
2026-07-16 02:20:03,2026-07-15T16:20:03.114Z,1919.58,15237606,1752.17,1900,1500,572
2026-07-16 02:35:03,2026-07-15T16:35:03.117Z,1912.95,14846857,1752.25,1900,1500,572
2026-07-16 02:50:03,2026-07-15T16:50:03.133Z,1914.09,14869292,1754.96,1900,1500,572
2026-07-16 03:05:03,2026-07-15T17:05:03.129Z,1920.35,15346449,1756.09,1900,1500,572
2026-07-16 03:20:03,2026-07-15T17:20:03.155Z,1919.71,15342563,1756.16,1900,1500,573
2026-07-16 03:35:03,2026-07-15T17:35:03.108Z,1921.92,15528905,1756.30,1900,1500,573
2026-07-16 03:50:03,2026-07-15T17:50:03.188Z,1923.85,15693731,1756.52,1900,1500,573
2026-07-16 04:05:03,2026-07-15T18:05:03.138Z,1927.38,15949899,1756.69,1900,1500,573
2026-07-16 04:20:03,2026-07-15T18:20:03.155Z,1929.43,16053829,1756.57,1900,1500,574
2026-07-16 04:35:03,2026-07-15T18:35:03.141Z,1932.33,16249213,1755.85,1900,1500,575
2026-07-16 04:50:03,2026-07-15T18:50:03.128Z,1927.24,16027833,1755.41,1900,1500,575
2026-07-16 05:05:03,2026-07-15T19:05:03.150Z,1927.12,16058154,1754.08,1900,1500,575
2026-07-16 05:20:03,2026-07-15T19:20:03.159Z,1920.63,15697773,1754.11,1900,1500,575
2026-07-16 05:35:03,2026-07-15T19:35:03.084Z,1923.66,15998586,1754.21,1900,1500,575
2026-07-16 05:50:03,2026-07-15T19:50:03.149Z,1923.99,16016530,1754.54,1900,1500,575
2026-07-16 06:05:03,2026-07-15T20:05:03.208Z,1920.38,15842099,1754.86,1900,1500,575
2026-07-16 06:20:03,2026-07-15T20:20:03.225Z,1924.20,16176057,1754.94,1900,1500,575
2026-07-16 06:35:03,2026-07-15T20:35:03.142Z,1925.93,16354609,1754.96,1900,1500,575
2026-07-16 06:50:03,2026-07-15T20:50:03.155Z,1923.56,16245402,1754.95,1900,1500,575
2026-07-16 07:05:03,2026-07-15T21:05:03.166Z,1924.63,16411674,1755.11,1900,1500,575
2026-07-16 07:20:03,2026-07-15T21:20:03.134Z,1921.81,16261817,1755.35,1900,1500,575
2026-07-16 07:35:03,2026-07-15T21:35:03.156Z,1919.87,16182745,1755.32,1900,1500,575
2026-07-16 07:50:03,2026-07-15T21:50:03.140Z,1919.75,16230022,1755.88,1900,1500,575
2026-07-16 08:05:03,2026-07-15T22:05:03.305Z,1921.36,16461581,1755.97,1900,1500,575
2026-07-16 08:20:03,2026-07-15T22:20:03.128Z,1919.24,16317130,1756.06,1900,1500,575
2026-07-16 08:35:03,2026-07-15T22:35:03.180Z,1922.61,16590676,1755.38,1900,1500,575
2026-07-16 08:50:03,2026-07-15T22:50:03.154Z,1923.27,16665629,1755.44,1900,1500,575
2026-07-16 09:05:03,2026-07-15T23:05:03.119Z,1925.10,16808388,1755.46,1900,1500,575
2026-07-16 09:20:03,2026-07-15T23:20:03.237Z,1923.60,16720525,1755.48,1900,1500,575
2026-07-16 09:35:03,2026-07-15T23:35:03.124Z,1920.85,16527159,1755.58,1900,1500,575
2026-07-16 09:50:03,2026-07-15T23:50:03.153Z,1915.53,16040426,1755.65,1900,1500,575
2026-07-16 10:05:03,2026-07-16T00:05:03.158Z,1920.94,16212401,1755.43,1900,1500,575
2026-07-16 10:20:03,2026-07-16T00:20:03.134Z,1918.45,15968296,1755.23,1900,1500,575
2026-07-16 10:35:03,2026-07-16T00:35:03.153Z,1915.71,15754494,1755.13,1900,1500,575
2026-07-16 10:50:03,2026-07-16T00:50:03.200Z,1914.39,15156480,1755.17,1900,1500,575
2026-07-16 11:05:03,2026-07-16T01:05:03.178Z,1914.60,15276493,1754.96,1900,1500,575
2026-07-16 11:20:03,2026-07-16T01:20:03.176Z,1907.44,14376120,1755.15,1900,1500,575
2026-07-16 11:35:03,2026-07-16T01:35:03.170Z,1916.19,15674088,1754.95,1900,1500,575
2026-07-16 11:50:03,2026-07-16T01:50:03.157Z,1921.78,16336043,1754.74,1900,1500,575
2026-07-16 12:05:03,2026-07-16T02:05:03.153Z,1920.41,16181252,1755.78,1900,1500,575
2026-07-16 12:20:03,2026-07-16T02:20:03.122Z,1920.74,16234835,1755.76,1900,1500,575
2026-07-16 12:35:03,2026-07-16T02:35:03.155Z,1920.17,16183477,1754.04,1900,1500,575
2026-07-16 12:50:03,2026-07-16T02:50:03.178Z,1922.97,16561545,1753.83,1900,1500,576
2026-07-16 13:05:03,2026-07-16T03:05:03.161Z,1922.74,16628941,1753.69,1900,1500,576
2026-07-16 13:20:03,2026-07-16T03:20:03.157Z,1922.58,16721870,1753.56,1900,1500,577
2026-07-16 13:35:03,2026-07-16T03:35:03.224Z,1924.18,17002892,1753.45,1900,1500,577
2026-07-16 13:50:03,2026-07-16T03:50:03.179Z,1916.52,16039950,1753.67,1900,1500,577
2026-07-16 14:05:03,2026-07-16T04:05:03.175Z,1916.92,16222848,1753.49,1900,1500,577
2026-07-16 14:20:03,2026-07-16T04:20:03.170Z,1914.77,15866823,1753.36,1900,1500,577
2026-07-16 14:35:03,2026-07-16T04:35:03.149Z,1917.46,16523328,1753.18,1900,1500,577
2026-07-16 14:50:03,2026-07-16T04:50:03.153Z,1918.06,16770686,1753.07,1900,1500,577
2026-07-16 15:05:03,2026-07-16T05:05:03.163Z,1917.43,16853450,1753.63,1900,1500,577
2026-07-16 15:20:03,2026-07-16T05:20:03.193Z,1920.58,17788819,1753.47,1900,1500,577
2026-07-16 15:35:03,2026-07-16T05:35:03.172Z,1922.41,18126097,1753.20,1900,1500,577
2026-07-16 15:50:03,2026-07-16T05:50:03.173Z,1924.17,18691953,1751.51,1925,1500,577
2026-07-16 16:05:03,2026-07-16T06:05:03.252Z,1923.84,19037268,1752.32,1925,1500,577
2026-07-16 16:20:03,2026-07-16T06:20:03.215Z,1924.34,20151405,1752.22,1925,1500,577
2026-07-16 16:35:03,2026-07-16T06:35:03.177Z,1920.03,19014136,1752.27,1925,1500,578
2026-07-16 16:50:03,2026-07-16T06:50:03.197Z,1920.16,19118939,1752.66,1925,1500,578
2026-07-16 17:05:03,2026-07-16T07:05:03.283Z,1920.13,19129204,1752.60,1925,1500,578
2026-07-16 17:20:03,2026-07-16T07:20:03.174Z,1917.17,16855668,1752.74,1900,1500,578
2026-07-16 17:35:03,2026-07-16T07:35:03.297Z,1914.17,15081587,1753.09,1900,1500,578
2026-07-16 17:50:03,2026-07-16T07:50:03.176Z,1908.98,14287930,1753.80,1900,1500,579
2026-07-16 18:05:03,2026-07-16T08:05:03.164Z,1909.22,14325885,1749.09,1900,1500,552
2026-07-16 18:20:03,2026-07-16T08:20:03.173Z,1876.98,11933769,1748.80,1900,1500,553
2026-07-16 18:35:03,2026-07-16T08:35:03.155Z,1891.73,13171415,1749.82,1900,1500,560
2026-07-16 18:50:03,2026-07-16T08:50:03.207Z,1887.04,13015213,1750.16,1900,1500,560
2026-07-16 19:05:03,2026-07-16T09:05:03.200Z,1887.19,12897398,1751.10,1900,1500,562
2026-07-16 19:20:03,2026-07-16T09:20:03.212Z,1885.18,12771661,1751.39,1900,1500,563
2026-07-16 19:35:03,2026-07-16T09:35:03.195Z,1882.71,12411888,1752.35,1900,1500,564
2026-07-16 19:50:03,2026-07-16T09:50:03.220Z,1883.01,12422288,1752.16,1900,1500,564
2026-07-16 20:05:03,2026-07-16T10:05:03.271Z,1884.30,12544739,1752.14,1900,1500,566
2026-07-16 20:20:03,2026-07-16T10:20:03.168Z,1888.25,12838569,1752.18,1900,1500,566
2026-07-16 20:35:03,2026-07-16T10:35:03.193Z,1890.54,13341311,1751.57,1900,1500,569
2026-07-16 20:50:03,2026-07-16T10:50:03.223Z,1885.37,13001697,1751.58,1900,1500,569
2026-07-16 21:05:03,2026-07-16T11:05:03.246Z,1885.50,13099110,1751.78,1900,1500,569
2026-07-16 21:20:03,2026-07-16T11:20:03.193Z,1883.78,12978063,1752.01,1900,1500,571
2026-07-16 21:35:03,2026-07-16T11:35:03.226Z,1883.36,12953165,1751.90,1900,1500,571
2026-07-16 21:50:03,2026-07-16T11:50:03.211Z,1880.67,12745471,1751.87,1900,1500,571
2026-07-16 22:05:03,2026-07-16T12:05:03.210Z,1880.78,12809909,1751.58,1900,1500,571
2026-07-16 22:20:03,2026-07-16T12:20:03.209Z,1881.12,13311069,1749.68,1900,1700,572
2026-07-16 22:35:03,2026-07-16T12:35:03.216Z,1879.85,13483417,1748.27,1900,1700,574
2026-07-16 22:50:03,2026-07-16T12:50:03.244Z,1872.21,12726371,1748.51,1900,1700,577
2026-07-16 23:05:03,2026-07-16T13:05:03.207Z,1870.91,12619569,1748.70,1900,1700,577
2026-07-16 23:20:03,2026-07-16T13:20:03.327Z,1876.67,13206051,1748.89,1900,1700,577
2026-07-16 23:35:03,2026-07-16T13:35:03.188Z,1883.08,13748136,1749.32,1900,1500,577
2026-07-16 23:50:03,2026-07-16T13:50:03.214Z,1877.91,13380380,1749.62,1900,1700,578
2026-07-17 00:05:03,2026-07-16T14:05:03.219Z,1881.77,13682675,1751.15,1900,1700,578
2026-07-17 00:20:03,2026-07-16T14:20:03.247Z,1890.04,14476650,1752.47,1900,1500,579
2026-07-17 00:35:03,2026-07-16T14:35:03.187Z,1887.71,14462494,1752.72,1900,1500,579
2026-07-17 00:50:03,2026-07-16T14:50:03.247Z,1886.30,14393723,1753.01,1900,1500,579
2026-07-17 01:05:03,2026-07-16T15:05:03.610Z,1877.66,13568674,1753.18,1900,1700,579
2026-07-17 01:20:03,2026-07-16T15:20:03.247Z,1878.24,13693427,1752.81,1900,1700,579
2026-07-17 01:35:03,2026-07-16T15:35:03.244Z,1887.41,14556853,1752.73,1900,1500,580
2026-07-17 01:50:03,2026-07-16T15:50:03.224Z,1883.58,14442799,1751.56,1900,1500,580
2026-07-17 02:05:03,2026-07-16T16:05:03.225Z,1877.40,13791567,1751.85,1900,1700,582
2026-07-17 02:20:03,2026-07-16T16:20:03.201Z,1876.19,13770479,1751.77,1900,1700,582
2026-07-17 02:35:03,2026-07-16T16:35:03.217Z,1880.23,14304267,1750.96,1900,1500,582
2026-07-17 02:50:03,2026-07-16T16:50:03.279Z,1875.81,13908296,1751.03,1900,1700,582
2026-07-17 03:05:03,2026-07-16T17:05:03.208Z,1875.47,14396042,1751.85,1900,1700,582
2026-07-17 03:20:03,2026-07-16T17:20:03.264Z,1870.35,13733075,1755.50,1900,1700,583
2026-07-17 03:35:03,2026-07-16T17:35:03.220Z,1872.71,14026455,1755.87,1900,1700,583
2026-07-17 03:50:03,2026-07-16T17:50:03.233Z,1869.59,13631859,1755.86,1900,1700,583
2026-07-17 04:05:03,2026-07-16T18:05:03.196Z,1869.22,13628403,1755.62,1900,1700,583
2026-07-17 04:20:03,2026-07-16T18:20:03.203Z,1876.26,14588760,1755.63,1900,1700,583
2026-07-17 04:35:03,2026-07-16T18:35:03.242Z,1873.46,14342413,1754.76,1900,1700,583
2026-07-17 04:50:03,2026-07-16T18:50:03.227Z,1874.69,14550490,1754.71,1900,1700,583
2026-07-17 05:05:03,2026-07-16T19:05:03.243Z,1875.76,14739173,1754.56,1900,1700,583
2026-07-17 05:20:03,2026-07-16T19:20:03.233Z,1873.51,14451924,1755.83,1900,1700,583
2026-07-17 05:35:03,2026-07-16T19:35:03.251Z,1873.52,14484279,1755.83,1900,1700,583
2026-07-17 05:50:03,2026-07-16T19:50:03.264Z,1872.29,14332936,1755.86,1900,1700,583
2026-07-17 06:05:03,2026-07-16T20:05:03.240Z,1873.23,14524092,1756.30,1900,1700,584
2026-07-17 06:20:03,2026-07-16T20:20:03.244Z,1873.73,14601981,1756.24,1900,1700,584
2026-07-17 06:35:03,2026-07-16T20:35:03.258Z,1873.15,14294453,1755.09,1900,1700,585
2026-07-17 06:50:03,2026-07-16T20:50:03.217Z,1872.47,14187389,1755.16,1900,1700,585
2026-07-17 07:05:03,2026-07-16T21:05:03.239Z,1873.57,13838611,1754.85,1900,1700,585
2026-07-17 07:20:03,2026-07-16T21:20:03.344Z,1876.78,14271487,1754.59,1900,1700,585
2026-07-17 07:35:03,2026-07-16T21:35:03.208Z,1877.89,14480263,1754.40,1900,1700,585
2026-07-17 07:50:03,2026-07-16T21:50:03.256Z,1876.96,14166450,1754.04,1900,1700,585
2026-07-17 08:05:03,2026-07-16T22:05:03.240Z,1879.64,14700344,1753.88,1900,1700,585
2026-07-17 08:20:03,2026-07-16T22:20:03.338Z,1877.79,14357784,1753.70,1900,1700,585
2026-07-17 08:35:03,2026-07-16T22:35:03.336Z,1873.97,13678559,1753.83,1900,1700,585
2026-07-17 08:50:03,2026-07-16T22:50:03.259Z,1870.14,13009001,1753.96,1900,1700,585
2026-07-17 09:05:03,2026-07-16T23:05:03.251Z,1865.60,12289796,1754.30,1900,1700,585
2026-07-17 09:20:03,2026-07-16T23:20:03.262Z,1862.23,10890167,1757.08,1900,1825,585
2026-07-17 09:35:03,2026-07-16T23:35:03.281Z,1860.14,10112918,1759.14,1900,1825,587
2026-07-17 09:50:03,2026-07-16T23:50:03.260Z,1862.27,10490419,1759.19,1900,1825,587
2026-07-17 10:05:03,2026-07-17T00:05:03.273Z,1863.56,10704985,1759.25,1900,1825,589
2026-07-17 10:20:03,2026-07-17T00:20:03.268Z,1863.19,10592895,1759.74,1900,1825,589
2026-07-17 10:35:03,2026-07-17T00:35:03.255Z,1854.46,9057711,1758.59,1900,1825,589
2026-07-17 10:50:03,2026-07-17T00:50:03.294Z,1861.11,10144752,1764.43,1900,1825,591
2026-07-17 11:05:03,2026-07-17T01:05:03.244Z,1866.72,10906133,1772.40,1900,1700,591
2026-07-17 11:20:03,2026-07-17T01:20:03.274Z,1861.60,9707358,1773.89,1900,1825,592
2026-07-17 11:35:03,2026-07-17T01:35:03.273Z,1856.34,8625686,1774.27,1900,1825,592
2026-07-17 11:50:03,2026-07-17T01:50:03.399Z,1853.22,8001741,1777.93,1900,1825,592
2026-07-17 12:05:03,2026-07-17T02:05:03.287Z,1852.25,7947135,1778.21,1900,1825,592
2026-07-17 12:20:03,2026-07-17T02:20:03.286Z,1851.67,7728059,1778.62,1900,1825,592
2026-07-17 12:35:03,2026-07-17T02:35:03.241Z,1846.42,7163270,1775.56,1850,1825,592
2026-07-17 12:50:03,2026-07-17T02:50:03.250Z,1845.10,7109474,1776.18,1850,1825,592
2026-07-17 13:05:03,2026-07-17T03:05:03.271Z,1849.41,8171997,1777.12,1850,1825,592
2026-07-17 13:20:03,2026-07-17T03:20:03.269Z,1856.07,9342810,1778.26,1850,1700,593
2026-07-17 13:35:03,2026-07-17T03:35:03.238Z,1856.65,9418102,1778.71,1850,1700,593
2026-07-17 13:50:03,2026-07-17T03:50:03.275Z,1851.18,8456911,1778.11,1850,1825,593
2026-07-17 14:05:03,2026-07-17T04:05:03.364Z,1848.91,8007392,1778.57,1850,1825,593
2026-07-17 14:20:03,2026-07-17T04:20:03.283Z,1843.80,6791528,1782.04,1850,1825,593
2026-07-17 14:35:03,2026-07-17T04:35:03.282Z,1844.63,6720322,1782.88,1850,1825,593
2026-07-17 14:50:03,2026-07-17T04:50:03.318Z,1850.38,7872440,1784.93,1850,1700,593
2026-07-17 15:05:03,2026-07-17T05:05:03.272Z,1845.76,6901189,1784.62,1850,1825,593
2026-07-17 15:20:03,2026-07-17T05:20:03.286Z,1845.30,6876712,1784.22,1850,1825,593
2026-07-17 15:35:03,2026-07-17T05:35:03.282Z,1833.75,3455618,1783.26,1850,1825,593
2026-07-17 15:50:03,2026-07-17T05:50:03.265Z,1826.63,1714017,1784.03,1900,1825,594
2026-07-17 16:05:03,2026-07-17T06:05:03.262Z,1825.64,1669055,1784.68,1900,1825,594
2026-07-17 16:20:03,2026-07-17T06:20:03.685Z,1827.92,1801903,1785.89,1900,1825,594
2026-07-17 16:35:03,2026-07-17T06:35:03.310Z,1833.02,3197436,1784.71,1850,1825,594
2026-07-17 16:50:03,2026-07-17T06:50:03.291Z,1830.99,2266865,1784.44,1900,1825,594
2026-07-17 17:05:03,2026-07-17T07:05:03.293Z,1830.75,2024435,1784.48,1900,1825,594
2026-07-17 17:20:03,2026-07-17T07:20:03.292Z,1828.35,1025058,1824.14,1900,1825,594
2026-07-17 17:35:03,2026-07-17T07:35:03.287Z,1826.56,-1258351,1828.41,1900,1825,595
2026-07-17 17:50:03,2026-07-17T07:50:03.260Z,1828.15,-1909698,1829.55,1900,1825,595
2026-07-17 18:05:03,2026-07-17T08:05:03.288Z,1828.26,4482552,1774.64,1900,1700,546
2026-07-17 18:20:03,2026-07-17T08:20:03.317Z,1823.08,3989755,1775.97,1900,1700,547
2026-07-17 18:35:03,2026-07-17T08:35:03.286Z,1822.30,3855586,1779.27,1900,1700,552
2026-07-17 18:50:03,2026-07-17T08:50:03.285Z,1828.79,4595572,1779.41,1900,1700,556
2026-07-17 19:20:03,2026-07-17T09:20:03.268Z,1828.28,4501376,1780.40,1900,1700,558
2026-07-17 19:35:03,2026-07-17T09:35:03.401Z,1829.39,4612464,1781.10,1900,1700,562
2026-07-17 19:50:03,2026-07-17T09:50:03.261Z,1831.00,4766639,1781.61,1900,1700,563
2026-07-17 20:05:03,2026-07-17T10:05:03.328Z,1836.39,5536850,1781.63,1900,1700,563
2026-07-17 20:20:03,2026-07-17T10:20:03.290Z,1836.33,5485204,1782.27,1900,1700,563
2026-07-17 20:35:03,2026-07-17T10:35:03.318Z,1836.25,5518992,1781.16,1900,1700,563
2026-07-17 20:50:03,2026-07-17T10:50:03.322Z,1836.20,5723821,1781.53,1900,1700,564
2026-07-17 21:05:03,2026-07-17T11:05:03.308Z,1834.19,5776008,1780.83,1900,1700,565
2026-07-17 21:20:03,2026-07-17T11:20:03.293Z,1833.72,5749543,1780.95,1900,1700,565
2026-07-17 21:35:03,2026-07-17T11:35:03.268Z,1835.84,6010239,1781.25,1900,1700,565
2026-07-17 21:50:03,2026-07-17T11:50:03.307Z,1838.71,6365988,1781.32,1900,1700,567
2026-07-17 22:05:03,2026-07-17T12:05:03.299Z,1836.01,6019080,1781.44,1900,1700,567
2026-07-17 22:20:03,2026-07-17T12:20:03.296Z,1833.40,5758670,1781.21,1900,1700,568
2026-07-17 22:35:03,2026-07-17T12:35:03.298Z,1832.41,5659968,1781.12,1900,1700,568
2026-07-17 22:50:03,2026-07-17T12:50:03.387Z,1826.10,5002531,1780.36,1900,1700,568
2026-07-17 23:05:03,2026-07-17T13:05:03.282Z,1825.11,4758502,1781.82,1900,1700,568
2026-07-17 23:20:03,2026-07-17T13:20:03.316Z,1813.17,3462240,1780.80,1900,1700,569
2026-07-17 23:35:03,2026-07-17T13:35:03.279Z,1808.41,3068829,1779.37,1900,1700,569
2026-07-17 23:50:03,2026-07-17T13:50:03.338Z,1812.26,4170006,1776.30,1850,1700,569
2026-07-18 00:05:03,2026-07-17T14:05:03.330Z,1824.31,5966884,1775.92,1850,1700,569
2026-07-18 00:20:03,2026-07-17T14:20:03.318Z,1825.48,6085159,1776.72,1850,1700,569
2026-07-18 00:35:03,2026-07-17T14:35:03.335Z,1819.47,5258333,1777.41,1850,1700,570
2026-07-18 00:50:03,2026-07-17T14:50:03.319Z,1818.45,5077055,1779.22,1850,1700,570
2026-07-18 01:05:03,2026-07-17T15:05:03.350Z,1818.51,5460612,1779.45,1850,1700,570
2026-07-18 01:20:03,2026-07-17T15:20:03.314Z,1812.93,4606310,1779.57,1850,1700,570
2026-07-18 01:35:03,2026-07-17T15:35:03.333Z,1819.35,5579070,1781.17,1850,1700,570
2026-07-18 01:50:03,2026-07-17T15:50:03.410Z,1822.90,6089632,1782.55,1850,1700,570
2026-07-18 02:05:03,2026-07-17T16:05:03.338Z,1828.49,7020912,1783.60,1850,1700,570
2026-07-18 02:20:03,2026-07-17T16:20:03.349Z,1834.23,8183112,1783.74,1850,1700,571
2026-07-18 02:35:03,2026-07-17T16:35:03.345Z,1831.17,7596231,1785.78,1850,1700,571
2026-07-18 02:50:03,2026-07-17T16:50:03.409Z,1837.91,8957719,1786.82,1850,1700,571
2026-07-18 03:05:03,2026-07-17T17:05:03.399Z,1839.21,9284241,1787.77,1850,1700,571
2026-07-18 03:20:03,2026-07-17T17:20:03.371Z,1842.48,9803681,1788.66,1850,1700,572
2026-07-18 03:35:03,2026-07-17T17:35:03.353Z,1845.61,10530092,1789.56,1850,1700,572
2026-07-18 03:50:03,2026-07-17T17:50:03.352Z,1845.82,10611476,1789.95,1850,1700,572
2026-07-18 04:05:03,2026-07-17T18:05:03.371Z,1841.30,9542489,1790.78,1850,1700,572
2026-07-18 04:20:03,2026-07-17T18:20:03.334Z,1837.70,8764420,1791.94,1850,1700,572
2026-07-18 04:35:03,2026-07-17T18:35:03.376Z,1837.66,8991867,1791.55,1850,1700,572
2026-07-18 04:50:03,2026-07-17T18:50:03.350Z,1844.98,10531223,1791.43,1850,1700,572
2026-07-18 05:05:03,2026-07-17T19:05:03.323Z,1845.02,10456972,1791.52,1850,1700,572
2026-07-18 05:20:03,2026-07-17T19:20:03.370Z,1838.40,9014083,1792.15,1850,1700,572
2026-07-18 05:35:03,2026-07-17T19:35:03.383Z,1839.37,9273403,1792.39,1850,1700,572
2026-07-18 05:50:03,2026-07-17T19:50:03.440Z,1843.75,10284254,1792.70,1850,1700,572
2026-07-18 06:05:03,2026-07-17T20:05:03.346Z,1838.41,9052999,1795.12,1850,1700,572
2026-07-18 06:20:03,2026-07-17T20:20:03.361Z,1838.18,8946549,1796.68,1850,1700,572
2026-07-18 06:35:03,2026-07-17T20:35:03.407Z,1839.36,9363384,1795.02,1850,1700,572
2026-07-18 06:50:03,2026-07-17T20:50:03.348Z,1840.65,9806675,1795.07,1850,1700,572
2026-07-18 07:05:03,2026-07-17T21:05:03.357Z,1843.66,9740874,1800.33,1850,1825,572
2026-07-18 07:20:03,2026-07-17T21:20:03.349Z,1843.25,9438287,1803.80,1850,1825,572
2026-07-18 07:35:03,2026-07-17T21:35:03.360Z,1840.72,8569554,1805.82,1850,1825,572
2026-07-18 07:50:03,2026-07-17T21:50:03.373Z,1841.44,8909256,1806.14,1850,1825,572
2026-07-18 08:05:03,2026-07-17T22:05:03.355Z,1839.94,8468234,1806.51,1850,1825,572
2026-07-18 08:20:03,2026-07-17T22:20:03.375Z,1839.13,8275226,1807.02,1850,1825,572
2026-07-18 08:35:03,2026-07-17T22:35:03.355Z,1838.01,8104348,1806.42,1850,1825,572
2026-07-18 08:50:03,2026-07-17T22:50:03.352Z,1837.66,8102943,1806.44,1850,1825,572
2026-07-18 09:05:03,2026-07-17T23:05:03.366Z,1836.53,7767758,1806.43,1850,1825,572
2026-07-18 09:20:03,2026-07-17T23:20:03.372Z,1836.67,7906136,1806.54,1850,1825,572
2026-07-18 09:35:03,2026-07-17T23:35:03.397Z,1842.87,9886857,1806.46,1850,1825,572
2026-07-18 09:50:03,2026-07-17T23:50:03.418Z,1840.77,9123785,1806.71,1850,1825,572
2026-07-18 10:05:03,2026-07-18T00:05:03.369Z,1839.42,8607282,1807.69,1850,1825,572
2026-07-18 10:20:03,2026-07-18T00:20:03.408Z,1843.34,10254732,1808.03,1850,1825,572
2026-07-18 10:35:03,2026-07-18T00:35:03.742Z,1839.85,8869247,1808.55,1850,1825,572
2026-07-18 10:50:03,2026-07-18T00:50:03.391Z,1841.68,9727342,1808.71,1850,1825,572
2026-07-18 11:05:03,2026-07-18T01:05:03.375Z,1839.81,9033438,1808.18,1850,1825,572
2026-07-18 11:20:03,2026-07-18T01:20:03.375Z,1839.05,8752633,1808.19,1850,1825,572
2026-07-18 11:35:03,2026-07-18T01:35:03.368Z,1839.24,8812377,1808.07,1850,1825,572
2026-07-18 11:50:03,2026-07-18T01:50:03.451Z,1841.12,9621469,1808.14,1850,1825,572
2026-07-18 12:05:03,2026-07-18T02:05:03.437Z,1841.45,9742715,1808.35,1850,1825,572
2026-07-18 12:20:03,2026-07-18T02:20:03.381Z,1841.95,10014867,1808.31,1850,1825,572
2026-07-18 12:35:03,2026-07-18T02:35:03.392Z,1843.76,10785980,1808.45,1850,1825,572
2026-07-18 12:50:03,2026-07-18T02:50:03.350Z,1841.51,9837329,1808.55,1850,1825,572
2026-07-18 13:05:03,2026-07-18T03:05:03.369Z,1840.75,9523714,1808.69,1850,1825,572
2026-07-18 13:20:03,2026-07-18T03:20:03.374Z,1842.62,10359209,1808.69,1850,1825,572
2026-07-18 13:35:03,2026-07-18T03:35:03.376Z,1841.95,10080960,1808.79,1850,1825,572
2026-07-18 13:50:03,2026-07-18T03:50:03.372Z,1842.18,10197821,1808.82,1850,1825,572
2026-07-18 14:05:03,2026-07-18T04:05:03.364Z,1843.95,11009963,1808.98,1850,1825,572
2026-07-18 14:20:03,2026-07-18T04:20:03.404Z,1842.97,10560060,1809.15,1850,1825,572
2026-07-18 14:35:03,2026-07-18T04:35:03.352Z,1842.60,10366803,1809.06,1850,1825,572
2026-07-18 14:50:03,2026-07-18T04:50:03.406Z,1842.60,10372758,1809.10,1850,1825,572
2026-07-18 15:05:03,2026-07-18T05:05:03.741Z,1843.40,10773930,1809.18,1850,1825,572
2026-07-18 15:20:03,2026-07-18T05:20:03.353Z,1842.22,10183378,1809.26,1850,1825,572
2026-07-18 15:35:03,2026-07-18T05:35:03.402Z,1844.97,14228137,1809.53,1850,1825,572
2026-07-18 15:50:03,2026-07-18T05:50:03.384Z,1845.93,15450304,1809.83,1850,1825,572
2026-07-18 16:05:03,2026-07-18T06:05:03.387Z,1844.53,14457687,1809.81,1850,1825,572
2026-07-18 16:20:03,2026-07-18T06:20:03.408Z,1846.23,15781941,1809.81,1850,1825,572
2026-07-18 16:35:03,2026-07-18T06:35:03.443Z,1842.54,12667137,1809.77,1850,1825,572
2026-07-18 16:50:03,2026-07-18T06:50:03.427Z,1843.70,13422467,1809.64,1850,1825,572
2026-07-18 17:05:03,2026-07-18T07:05:03.354Z,1843.42,12975621,1809.62,1850,1825,572
2026-07-18 17:20:03,2026-07-18T07:20:03.418Z,1842.92,11864211,1809.23,1850,1825,572
2026-07-18 17:35:03,2026-07-18T07:35:03.413Z,1843.87,12116696,1808.57,1850,1825,572
2026-07-18 17:50:03,2026-07-18T07:50:03.386Z,1843.60,8589289,1806.48,1850,1825,572
2026-07-18 18:05:03,2026-07-18T08:05:03.399Z,1841.38,7343605,1777.83,1850,1825,543
2026-07-18 18:20:03,2026-07-18T08:20:03.426Z,1843.96,7780732,1778.23,1850,1825,544
2026-07-18 18:35:03,2026-07-18T08:35:03.403Z,1847.50,8403924,1778.25,1900,1825,545
2026-07-18 18:50:03,2026-07-18T08:50:03.361Z,1846.67,8257446,1778.26,1850,1825,545
2026-07-18 19:05:03,2026-07-18T09:05:03.388Z,1845.40,8054076,1778.34,1850,1825,546
2026-07-18 19:20:03,2026-07-18T09:20:03.364Z,1842.95,7622384,1778.22,1850,1825,548
2026-07-18 19:35:03,2026-07-18T09:35:03.406Z,1843.37,7719009,1778.62,1850,1825,549
2026-07-18 19:50:03,2026-07-18T09:50:03.380Z,1843.81,7795907,1778.57,1850,1825,550
2026-07-18 20:05:03,2026-07-18T10:05:03.377Z,1843.87,7804227,1778.58,1850,1825,552
2026-07-18 20:20:03,2026-07-18T10:20:03.371Z,1843.68,7773585,1778.52,1850,1825,554
2026-07-18 20:35:03,2026-07-18T10:35:03.399Z,1845.16,8047550,1778.13,1850,1825,554
2026-07-18 20:50:03,2026-07-18T10:50:03.407Z,1843.73,7784107,1778.33,1850,1825,554
2026-07-18 21:05:03,2026-07-18T11:05:03.398Z,1843.71,7771042,1778.51,1850,1825,554
2026-07-18 21:20:03,2026-07-18T11:20:03.382Z,1843.63,7760463,1778.63,1850,1825,554
2026-07-18 21:35:03,2026-07-18T11:35:03.386Z,1843.97,7819701,1778.61,1850,1825,555
2026-07-18 21:50:03,2026-07-18T11:50:03.372Z,1844.35,7874822,1778.41,1850,1825,555
2026-07-18 22:05:03,2026-07-18T12:05:03.372Z,1846.51,8252252,1778.16,1850,1825,555
2026-07-18 22:20:03,2026-07-18T12:20:03.392Z,1843.08,7561300,1778.38,1850,1825,557
2026-07-18 22:35:03,2026-07-18T12:35:03.381Z,1841.26,7205670,1779.00,1850,1825,557
2026-07-18 22:50:03,2026-07-18T12:50:03.422Z,1844.63,7828245,1778.81,1850,1825,557
2026-07-18 23:05:03,2026-07-18T13:05:03.374Z,1842.14,7345751,1779.08,1850,1825,559
2026-07-18 23:20:03,2026-07-18T13:20:03.378Z,1837.63,6476062,1779.23,1850,1825,559
2026-07-18 23:35:03,2026-07-18T13:35:03.368Z,1840.16,6984640,1779.29,1850,1825,560
2026-07-18 23:50:03,2026-07-18T13:50:03.423Z,1839.94,6960961,1779.24,1850,1825,560
2026-07-19 00:05:03,2026-07-18T14:05:03.368Z,1840.95,7124864,1780.12,1850,1825,560
2026-07-19 00:20:03,2026-07-18T14:20:03.411Z,1841.55,7260937,1780.49,1850,1825,560
2026-07-19 00:35:03,2026-07-18T14:35:03.376Z,1844.67,7817092,1780.33,1850,1825,560
2026-07-19 00:50:03,2026-07-18T14:50:03.405Z,1844.18,7697839,1780.23,1850,1825,560
2026-07-19 01:05:03,2026-07-18T15:05:03.373Z,1844.25,7715083,1780.19,1850,1825,560
2026-07-19 01:20:03,2026-07-18T15:20:03.463Z,1842.89,7437470,1780.79,1850,1825,560
2026-07-19 01:35:03,2026-07-18T15:35:03.447Z,1842.52,7363678,1781.46,1850,1825,560
2026-07-19 01:50:03,2026-07-18T15:50:03.400Z,1843.80,7611928,1783.87,1850,1825,560
2026-07-19 02:05:03,2026-07-18T16:05:03.421Z,1840.83,7002549,1784.00,1850,1825,560
2026-07-19 02:20:03,2026-07-18T16:20:03.419Z,1842.81,7425643,1784.36,1850,1825,560
2026-07-19 02:35:03,2026-07-18T16:35:03.420Z,1842.53,7396473,1784.90,1850,1825,560
2026-07-19 02:50:03,2026-07-18T16:50:03.419Z,1843.12,7516639,1785.17,1850,1825,560
2026-07-19 03:05:03,2026-07-18T17:05:03.444Z,1844.27,7732911,1785.40,1850,1825,560
2026-07-19 03:20:03,2026-07-18T17:20:03.399Z,1845.53,7919649,1789.19,1850,1825,560
2026-07-19 03:35:03,2026-07-18T17:35:03.402Z,1844.40,7700019,1789.10,1850,1825,560
2026-07-19 03:50:03,2026-07-18T17:50:03.422Z,1850.40,8876699,1788.80,1850,1825,561
2026-07-19 04:05:03,2026-07-18T18:05:03.448Z,1851.17,8989225,1788.92,1850,1825,561
2026-07-19 04:20:03,2026-07-18T18:20:03.410Z,1850.45,8869365,1789.16,1850,1825,561
2026-07-19 04:35:03,2026-07-18T18:35:03.464Z,1854.85,9653264,1788.53,1900,1825,562
2026-07-19 04:50:03,2026-07-18T18:50:03.443Z,1855.23,9726207,1790.06,1900,1825,562
2026-07-19 05:05:03,2026-07-18T19:05:03.424Z,1857.42,10096182,1790.02,1900,1825,562
2026-07-19 05:20:03,2026-07-18T19:20:03.443Z,1858.06,10263533,1790.21,1900,1825,562
2026-07-19 05:35:03,2026-07-18T19:35:03.442Z,1856.56,10033135,1790.47,1900,1825,562
2026-07-19 05:50:03,2026-07-18T19:50:03.424Z,1857.12,10138294,1790.57,1900,1825,562
2026-07-19 06:05:03,2026-07-18T20:05:03.435Z,1856.97,10132194,1790.30,1900,1825,562
2026-07-19 06:20:03,2026-07-18T20:20:03.447Z,1860.05,10638526,1790.54,1900,1825,562
2026-07-19 06:35:03,2026-07-18T20:35:03.465Z,1857.55,10401914,1790.54,1900,1825,563
2026-07-19 06:50:03,2026-07-18T20:50:03.518Z,1855.20,10060816,1790.44,1900,1825,563
2026-07-19 07:05:03,2026-07-18T21:05:03.435Z,1856.79,10395838,1790.43,1900,1825,564
2026-07-19 07:20:03,2026-07-18T21:20:03.427Z,1860.93,11075179,1790.63,1900,1825,564
2026-07-19 07:35:03,2026-07-18T21:35:03.451Z,1858.22,10621096,1790.62,1900,1825,564
2026-07-19 07:50:03,2026-07-18T21:50:03.429Z,1857.51,10540465,1790.65,1900,1825,564
2026-07-19 08:05:03,2026-07-18T22:05:03.436Z,1862.09,11313923,1790.84,1900,1700,564
2026-07-19 08:20:03,2026-07-18T22:20:03.463Z,1861.99,11284641,1790.28,1900,1825,564
2026-07-19 08:35:03,2026-07-18T22:35:03.435Z,1860.62,11089198,1790.26,1900,1825,564
2026-07-19 08:50:03,2026-07-18T22:50:03.459Z,1861.43,11265346,1790.32,1900,1825,564
2026-07-19 09:05:03,2026-07-18T23:05:03.448Z,1862.46,11240668,1793.16,1875,1825,567
2026-07-19 09:20:03,2026-07-18T23:20:03.503Z,1860.79,11029659,1792.87,1875,1825,567
2026-07-19 09:35:03,2026-07-18T23:35:03.452Z,1860.82,11049343,1793.34,1875,1825,567
2026-07-19 09:50:03,2026-07-18T23:50:03.449Z,1861.04,11117471,1793.57,1875,1825,567
2026-07-19 10:05:03,2026-07-19T00:05:03.429Z,1861.12,11166982,1793.89,1875,1825,567
2026-07-19 10:20:03,2026-07-19T00:20:03.443Z,1861.13,11208527,1794.18,1875,1825,567
2026-07-19 10:35:03,2026-07-19T00:35:03.447Z,1859.08,10894139,1794.08,1875,1825,567
2026-07-19 10:50:03,2026-07-19T00:50:03.463Z,1860.03,11155884,1793.84,1875,1825,567
2026-07-19 11:05:03,2026-07-19T01:05:03.449Z,1859.52,11000550,1794.28,1900,1825,567
2026-07-19 11:20:03,2026-07-19T01:20:03.461Z,1859.43,11046500,1794.37,1900,1825,567
2026-07-19 11:35:03,2026-07-19T01:35:03.537Z,1859.11,11030721,1794.70,1900,1825,568
2026-07-19 11:50:03,2026-07-19T01:50:03.567Z,1857.71,10911231,1794.45,1850,1825,568
2026-07-19 12:05:03,2026-07-19T02:05:03.430Z,1861.45,11599928,1794.92,1875,1700,568
2026-07-19 12:20:03,2026-07-19T02:20:03.465Z,1866.41,12303110,1796.30,1875,1700,568
2026-07-19 12:35:03,2026-07-19T02:35:03.446Z,1872.19,13164742,1796.72,1875,1700,568
2026-07-19 12:50:03,2026-07-19T02:50:03.450Z,1870.83,13000785,1797.29,1875,1700,567
2026-07-19 13:05:03,2026-07-19T03:05:03.457Z,1869.22,12802724,1797.57,1875,1700,567
2026-07-19 13:20:03,2026-07-19T03:20:03.472Z,1864.38,12127343,1797.76,1875,1700,567
2026-07-19 13:35:03,2026-07-19T03:35:03.478Z,1864.66,12215265,1797.86,1875,1700,567
2026-07-19 13:50:03,2026-07-19T03:50:03.460Z,1865.21,12317249,1797.96,1875,1700,567
2026-07-19 14:05:03,2026-07-19T04:05:03.450Z,1865.62,12373096,1798.13,1875,1700,567
2026-07-19 14:20:03,2026-07-19T04:20:03.451Z,1864.75,12254613,1798.21,1875,1700,567
2026-07-19 14:35:03,2026-07-19T04:35:03.465Z,1865.87,12394617,1798.23,1875,1700,567
2026-07-19 14:50:03,2026-07-19T04:50:03.420Z,1867.70,12647498,1798.49,1875,1700,567
2026-07-19 15:05:03,2026-07-19T05:05:03.456Z,1868.16,12721277,1798.59,1875,1700,567
2026-07-19 15:20:03,2026-07-19T05:20:03.420Z,1868.05,12682027,1798.89,1875,1700,567
2026-07-19 15:35:03,2026-07-19T05:35:03.440Z,1865.78,12313438,1798.96,1875,1700,567
2026-07-19 15:50:03,2026-07-19T05:50:03.436Z,1867.70,12593602,1799.05,1875,1700,567
2026-07-19 16:05:03,2026-07-19T06:05:03.474Z,1867.63,12536525,1799.33,1875,1700,567
2026-07-19 16:20:03,2026-07-19T06:20:03.434Z,1867.90,12530147,1799.72,1875,1700,567
2026-07-19 16:35:03,2026-07-19T06:35:03.553Z,1869.16,12744633,1800.33,1875,1700,567
2026-07-19 16:50:03,2026-07-19T06:50:03.455Z,1867.95,12295386,1801.38,1875,1700,567
2026-07-19 17:05:03,2026-07-19T07:05:03.458Z,1867.45,11993147,1802.94,1875,1700,567
2026-07-19 17:20:03,2026-07-19T07:20:03.458Z,1867.42,11722424,1825.48,1875,1700,567
2026-07-19 17:35:03,2026-07-19T07:35:03.848Z,1868.03,11579969,1827.67,1875,1700,567
2026-07-19 17:50:03,2026-07-19T07:50:03.433Z,1868.68,11227453,1828.85,1900,1700,567
2026-07-19 18:05:03,2026-07-19T08:05:03.456Z,1868.09,10995425,1748.81,1900,1700,541
2026-07-19 18:20:03,2026-07-19T08:20:03.460Z,1867.39,10889099,1748.99,1900,1700,542
2026-07-19 18:35:03,2026-07-19T08:35:03.463Z,1867.58,10904389,1749.26,1900,1700,543
2026-07-19 18:50:03,2026-07-19T08:50:03.475Z,1871.59,11257270,1749.33,1900,1700,543
2026-07-19 19:05:03,2026-07-19T09:05:03.465Z,1872.30,11281698,1749.69,1900,1700,543
2026-07-19 19:20:03,2026-07-19T09:20:03.473Z,1865.68,10668385,1749.56,1900,1700,543
2026-07-19 19:35:03,2026-07-19T09:35:03.479Z,1867.91,10898444,1749.26,1900,1700,543
2026-07-19 19:50:03,2026-07-19T09:50:03.473Z,1866.21,10748995,1749.26,1900,1700,543
2026-07-19 20:05:03,2026-07-19T10:05:03.489Z,1866.25,10762103,1749.14,1900,1700,545
2026-07-19 20:20:03,2026-07-19T10:20:03.488Z,1866.05,10751220,1749.24,1900,1700,545
2026-07-19 20:35:03,2026-07-19T10:35:03.484Z,1866.68,10818242,1749.00,1900,1700,546
2026-07-19 20:50:03,2026-07-19T10:50:03.498Z,1872.51,11229913,1750.18,1900,1700,546
2026-07-19 21:05:03,2026-07-19T11:05:03.487Z,1873.30,11320203,1750.23,1900,1700,546
2026-07-19 21:20:03,2026-07-19T11:20:03.579Z,1875.11,11418198,1750.94,1900,1700,546
2026-07-19 21:35:03,2026-07-19T11:35:03.497Z,1875.12,11410122,1751.17,1900,1700,546
2026-07-19 21:50:03,2026-07-19T11:50:03.541Z,1871.68,11094848,1751.26,1900,1700,547
2026-07-19 22:05:03,2026-07-19T12:05:03.528Z,1867.84,10737915,1750.90,1900,1700,547
2026-07-19 22:20:03,2026-07-19T12:20:03.495Z,1866.84,10637706,1750.73,1900,1700,552
2026-07-19 22:35:03,2026-07-19T12:35:03.507Z,1869.93,10885611,1750.59,1900,1700,554
2026-07-19 22:50:03,2026-07-19T12:50:03.603Z,1868.03,10576315,1750.65,1900,1700,556
2026-07-19 23:05:03,2026-07-19T13:05:03.508Z,1866.76,10195592,1753.88,1900,1825,556
2026-07-19 23:20:03,2026-07-19T13:20:03.517Z,1865.94,10185271,1753.70,1900,1825,556
2026-07-19 23:35:03,2026-07-19T13:35:03.605Z,1870.25,10691452,1753.85,1900,1825,556
2026-07-19 23:50:03,2026-07-19T13:50:03.511Z,1870.35,10696898,1753.85,1900,1825,557
2026-07-20 00:05:03,2026-07-19T14:05:03.516Z,1872.46,10915658,1753.93,1900,1825,558
2026-07-20 00:20:03,2026-07-19T14:20:03.562Z,1870.16,10642885,1754.04,1900,1825,559
2026-07-20 00:35:03,2026-07-19T14:35:03.599Z,1873.18,10950097,1753.98,1900,1825,559
2026-07-20 00:50:03,2026-07-19T14:50:03.525Z,1875.04,11125635,1754.30,1900,1825,559
2026-07-20 01:05:03,2026-07-19T15:05:03.510Z,1872.82,10892292,1754.57,1900,1825,559
2026-07-20 01:20:03,2026-07-19T15:20:03.525Z,1871.64,10783854,1754.61,1900,1825,559
2026-07-20 01:35:03,2026-07-19T15:35:03.520Z,1869.58,10388271,1755.85,1900,1825,559
2026-07-20 01:50:03,2026-07-19T15:50:03.545Z,1870.29,10479021,1756.02,1900,1825,559
2026-07-20 02:05:03,2026-07-19T16:05:03.530Z,1870.83,10562561,1756.27,1900,1825,559
2026-07-20 02:20:03,2026-07-19T16:20:03.527Z,1868.66,10313568,1756.07,1900,1825,559
2026-07-20 02:35:03,2026-07-19T16:35:03.608Z,1866.88,10100673,1756.12,1900,1825,559
2026-07-20 02:50:03,2026-07-19T16:50:03.568Z,1866.72,10105035,1756.11,1900,1825,559
2026-07-20 03:05:03,2026-07-19T17:05:03.510Z,1862.52,9605987,1756.04,1900,1825,559
2026-07-20 03:20:03,2026-07-19T17:20:03.541Z,1867.19,10220503,1756.43,1900,1825,559
2026-07-20 03:35:03,2026-07-19T17:35:03.564Z,1870.74,10662015,1756.62,1900,1825,559
2026-07-20 03:50:03,2026-07-19T17:50:03.573Z,1868.00,10326155,1756.73,1900,1825,559
2026-07-20 04:05:03,2026-07-19T18:05:03.549Z,1861.63,9570690,1756.19,1900,1825,559
2026-07-20 04:20:03,2026-07-19T18:20:03.629Z,1861.69,9678280,1756.02,1900,1825,559
2026-07-20 04:35:03,2026-07-19T18:35:03.911Z,1858.43,9150737,1756.15,1900,1825,559
2026-07-20 04:50:03,2026-07-19T18:50:03.548Z,1859.01,9047445,1756.11,1900,1825,559
2026-07-20 05:05:03,2026-07-19T19:05:03.550Z,1856.28,8670280,1756.06,1900,1825,559
2026-07-20 05:20:03,2026-07-19T19:20:03.550Z,1858.38,8958446,1756.06,1900,1825,559
2026-07-20 05:35:03,2026-07-19T19:35:03.544Z,1858.17,8934015,1755.96,1900,1825,559
2026-07-20 05:50:03,2026-07-19T19:50:03.564Z,1858.32,8967033,1755.82,1900,1825,559
2026-07-20 06:05:03,2026-07-19T20:05:03.570Z,1862.77,9589626,1755.98,1900,1825,559
2026-07-20 06:20:03,2026-07-19T20:20:03.646Z,1861.65,9439749,1756.20,1900,1825,559
2026-07-20 06:35:03,2026-07-19T20:35:03.537Z,1863.71,9749785,1756.20,1900,1825,559
2026-07-20 06:50:03,2026-07-19T20:50:03.573Z,1863.72,9759629,1756.21,1900,1825,559
2026-07-20 07:05:03,2026-07-19T21:05:03.540Z,1865.92,10082281,1756.36,1900,1825,559
2026-07-20 07:20:03,2026-07-19T21:20:03.555Z,1862.37,9575690,1756.38,1900,1825,559
2026-07-20 07:35:03,2026-07-19T21:35:03.612Z,1860.89,9261818,1756.80,1900,1825,559
2026-07-20 07:50:03,2026-07-19T21:50:03.601Z,1859.84,9017187,1757.09,1900,1825,559
2026-07-20 08:05:03,2026-07-19T22:05:03.631Z,1860.89,9169567,1757.57,1900,1825,559
2026-07-20 08:20:03,2026-07-19T22:20:03.605Z,1873.46,11024601,1758.05,1900,1825,560
2026-07-20 08:35:03,2026-07-19T22:35:03.624Z,1869.72,10638903,1757.58,1900,1825,560
2026-07-20 08:50:03,2026-07-19T22:50:03.608Z,1870.34,10647777,1758.05,1900,1825,560
2026-07-20 09:05:03,2026-07-19T23:05:03.613Z,1865.21,9904608,1757.85,1900,1825,560
2026-07-20 09:20:03,2026-07-19T23:20:03.604Z,1869.00,10523422,1757.62,1900,1825,560
2026-07-20 09:35:03,2026-07-19T23:35:03.642Z,1871.50,11089633,1757.73,1900,1825,560
2026-07-20 09:50:03,2026-07-19T23:50:03.633Z,1868.64,10640491,1757.70,1900,1825,560
2026-07-20 10:05:03,2026-07-20T00:05:03.606Z,1868.21,10634001,1757.54,1900,1825,560
2026-07-20 10:20:03,2026-07-20T00:20:03.591Z,1886.36,13068224,1759.45,1900,1825,561
2026-07-20 10:35:03,2026-07-20T00:35:03.580Z,1875.29,11759297,1758.86,1900,1825,561
2026-07-20 10:50:03,2026-07-20T00:50:03.628Z,1872.63,11438556,1758.74,1900,1825,562
2026-07-20 11:05:03,2026-07-20T01:05:03.606Z,1872.65,11512369,1758.64,1900,1825,563
2026-07-20 11:20:03,2026-07-20T01:20:03.640Z,1873.76,11669891,1759.56,1900,1825,563
2026-07-20 11:35:03,2026-07-20T01:35:03.605Z,1875.72,12009832,1760.01,1900,1825,563
2026-07-20 11:50:03,2026-07-20T01:50:03.637Z,1873.42,11797544,1759.30,1900,1825,563
2026-07-20 12:05:03,2026-07-20T02:05:03.606Z,1879.03,12692165,1759.76,1900,1825,563
2026-07-20 12:20:03,2026-07-20T02:20:03.592Z,1868.60,10915556,1759.73,1875,1825,563
2026-07-20 12:35:03,2026-07-20T02:35:03.630Z,1874.12,12037953,1759.05,1875,1825,563
2026-07-20 12:50:03,2026-07-20T02:50:03.620Z,1880.53,12998727,1759.80,1900,1825,563
2026-07-20 13:05:03,2026-07-20T03:05:03.618Z,1879.08,12808795,1759.94,1900,1825,563
2026-07-20 13:20:03,2026-07-20T03:20:03.615Z,1876.61,12432764,1760.02,1875,1825,563
2026-07-20 13:35:03,2026-07-20T03:35:03.633Z,1872.65,11974459,1759.07,1875,1825,563
2026-07-20 13:50:03,2026-07-20T03:50:03.660Z,1877.64,12827857,1759.36,1875,1825,563
2026-07-20 14:05:03,2026-07-20T04:05:03.617Z,1876.36,12691029,1759.42,1875,1825,563
2026-07-20 14:20:03,2026-07-20T04:20:03.620Z,1869.36,11605020,1758.80,1875,1825,563
2026-07-20 14:35:03,2026-07-20T04:35:03.629Z,1873.98,12590304,1758.72,1875,1825,563
2026-07-20 14:50:03,2026-07-20T04:50:03.616Z,1872.09,12225161,1758.94,1875,1825,563
2026-07-20 15:05:03,2026-07-20T05:05:03.731Z,1865.24,10843154,1758.17,1875,1825,563
2026-07-20 15:20:03,2026-07-20T05:20:03.660Z,1862.05,10103059,1758.92,1875,1825,563
2026-07-20 15:35:03,2026-07-20T05:35:03.686Z,1856.93,8612454,1759.68,1900,1825,563
2026-07-20 15:50:03,2026-07-20T05:50:03.693Z,1856.24,8361864,1759.46,1900,1825,565
2026-07-20 16:05:03,2026-07-20T06:05:03.737Z,1854.50,8023657,1759.21,1900,1825,565
2026-07-20 16:20:03,2026-07-20T06:20:03.725Z,1856.13,8732979,1760.65,1875,1825,565
2026-07-20 16:35:03,2026-07-20T06:35:03.726Z,1849.44,6611139,1759.68,1900,1825,566
2026-07-20 16:50:03,2026-07-20T06:50:03.742Z,1847.19,6085898,1758.16,1900,1825,566
2026-07-20 17:05:03,2026-07-20T07:05:03.699Z,1851.09,6995725,1758.21,1900,1825,566
2026-07-20 17:20:03,2026-07-20T07:20:03.769Z,1850.98,6898196,1758.23,1900,1825,566
2026-07-20 17:35:03,2026-07-20T07:35:03.689Z,1858.15,8523177,1760.62,1900,1700,566
2026-07-20 17:50:03,2026-07-20T07:50:03.768Z,1858.98,9241748,1830.06,1900,1700,566
2026-07-20 18:05:03,2026-07-20T08:05:03.685Z,1862.65,9824534,1756.18,1900,1700,542
2026-07-20 18:20:03,2026-07-20T08:20:03.724Z,1863.91,9939695,1756.50,1900,1700,542
2026-07-20 18:35:03,2026-07-20T08:35:03.678Z,1861.30,9657315,1756.17,1900,1700,542
2026-07-20 18:50:03,2026-07-20T08:50:03.679Z,1859.54,9458253,1759.43,1900,1700,542
2026-07-20 19:05:03,2026-07-20T09:05:03.716Z,1857.32,9211519,1759.50,1900,1700,542
2026-07-20 19:20:03,2026-07-20T09:20:03.813Z,1858.95,9400350,1759.87,1900,1700,542
2026-07-20 19:35:03,2026-07-20T09:35:03.740Z,1863.10,9867367,1760.15,1900,1700,542
2026-07-20 19:50:03,2026-07-20T09:50:03.741Z,1863.89,9934966,1760.77,1900,1700,542
2026-07-20 20:05:03,2026-07-20T10:05:03.720Z,1864.15,9996208,1760.77,1900,1700,542
2026-07-20 20:20:03,2026-07-20T10:20:03.799Z,1863.50,9921928,1760.66,1900,1700,542
2026-07-20 20:35:03,2026-07-20T10:35:03.780Z,1867.17,10351143,1760.81,1900,1700,542
2026-07-20 20:50:03,2026-07-20T10:50:03.730Z,1867.92,10455567,1761.06,1900,1700,542
2026-07-20 21:05:03,2026-07-20T11:05:03.748Z,1868.98,10589184,1761.16,1900,1700,542
2026-07-20 21:20:03,2026-07-20T11:20:03.718Z,1871.88,10856359,1761.52,1900,1700,542
2026-07-20 21:35:03,2026-07-20T11:35:03.715Z,1885.85,11941364,1764.41,1900,1700,542
2026-07-20 21:50:03,2026-07-20T11:50:03.734Z,1887.91,12054829,1764.90,1900,1700,542
2026-07-20 22:05:03,2026-07-20T12:05:03.728Z,1880.84,11372175,1765.31,1900,1700,543
2026-07-20 22:20:03,2026-07-20T12:20:03.716Z,1877.35,11150494,1764.66,1900,1700,543
2026-07-20 22:35:03,2026-07-20T12:35:03.717Z,1875.37,11123261,1762.32,1900,1700,543
2026-07-20 22:50:03,2026-07-20T12:50:03.724Z,1873.66,10945857,1762.36,1900,1700,543
2026-07-20 23:05:03,2026-07-20T13:05:03.731Z,1871.58,10743921,1762.19,1900,1700,543
2026-07-20 23:20:03,2026-07-20T13:20:03.765Z,1873.30,10940476,1762.20,1900,1700,543
2026-07-20 23:35:03,2026-07-20T13:35:03.723Z,1874.71,11097566,1762.62,1900,1700,543
2026-07-20 23:50:03,2026-07-20T13:50:03.828Z,1873.99,11063605,1763.44,1900,1700,543
2026-07-21 00:05:03,2026-07-20T14:05:03.711Z,1862.41,9755197,1763.44,1900,1825,543
2026-07-21 00:20:03,2026-07-20T14:20:03.776Z,1856.89,9084211,1763.59,1900,1825,543
2026-07-21 00:35:03,2026-07-20T14:35:03.735Z,1865.53,10226877,1763.81,1900,1825,543
2026-07-21 00:50:03,2026-07-20T14:50:03.728Z,1862.22,9814527,1764.18,1900,1825,543
2026-07-21 01:05:03,2026-07-20T15:05:03.750Z,1873.34,11262617,1764.39,1900,1700,543
2026-07-21 01:20:03,2026-07-20T15:20:03.707Z,1882.85,12194683,1765.11,1900,1700,543
2026-07-21 01:35:03,2026-07-20T15:35:03.740Z,1882.25,12115721,1765.41,1900,1700,543
2026-07-21 01:50:03,2026-07-20T15:50:03.739Z,1895.12,13242958,1769.54,1900,1700,543
2026-07-21 02:05:03,2026-07-20T16:05:03.712Z,1896.61,13408342,1768.57,1900,1700,546
2026-07-21 02:20:03,2026-07-20T16:20:03.733Z,1898.79,13719386,1769.16,1900,1700,546
2026-07-21 02:35:03,2026-07-20T16:35:03.767Z,1899.21,14130653,1764.06,2000,1700,547
2026-07-21 02:50:03,2026-07-20T16:50:03.750Z,1897.96,14051110,1763.78,1900,1700,547
2026-07-21 03:05:03,2026-07-20T17:05:03.834Z,1896.19,13929209,1763.79,1900,1700,547
2026-07-21 03:20:03,2026-07-20T17:20:03.751Z,1897.67,14092564,1763.81,1900,1700,547
2026-07-21 03:35:03,2026-07-20T17:35:03.736Z,1896.10,13982055,1763.77,1900,1700,547
2026-07-21 03:50:03,2026-07-20T17:50:03.792Z,1901.39,14512775,1764.03,2000,1700,547
2026-07-21 04:05:03,2026-07-20T18:05:03.741Z,1910.61,15192698,1764.72,2000,1700,548
2026-07-21 04:20:03,2026-07-20T18:20:03.751Z,1911.40,15366936,1763.12,2000,1700,549
2026-07-21 04:35:03,2026-07-20T18:35:03.734Z,1905.00,14927971,1761.48,2000,1700,550
2026-07-21 04:50:03,2026-07-20T18:50:03.768Z,1899.12,14455072,1761.40,2000,1700,550
2026-07-21 05:05:03,2026-07-20T19:05:03.744Z,1894.21,14156678,1760.70,1900,1700,550
2026-07-21 05:20:03,2026-07-20T19:20:03.756Z,1892.94,14165862,1760.45,1900,1700,550
2026-07-21 05:35:03,2026-07-20T19:35:03.737Z,1894.31,14326579,1760.45,1900,1700,550
2026-07-21 05:50:03,2026-07-20T19:50:03.740Z,1896.94,14583350,1760.83,1900,1700,550
2026-07-21 06:05:03,2026-07-20T20:05:03.742Z,1896.54,14600000,1760.68,1900,1700,550
2026-07-21 06:20:03,2026-07-20T20:20:03.830Z,1899.98,14881709,1760.81,1900,1700,550
2026-07-21 06:35:03,2026-07-20T20:35:03.813Z,1904.23,15218407,1760.96,1900,1700,550
2026-07-21 06:50:03,2026-07-20T20:50:03.822Z,1902.55,15352582,1761.28,1900,1700,550
2026-07-21 07:05:03,2026-07-20T21:05:03.732Z,1904.37,15533967,1761.98,1900,1700,550
2026-07-21 07:20:03,2026-07-20T21:20:03.748Z,1904.75,15582428,1762.15,1900,1700,550
2026-07-21 07:35:03,2026-07-20T21:35:03.759Z,1904.77,15605210,1762.14,1900,1700,550
2026-07-21 07:50:03,2026-07-20T21:50:03.722Z,1902.03,15392059,1762.13,1900,1700,550
2026-07-21 08:05:03,2026-07-20T22:05:03.801Z,1899.00,15192832,1761.96,1900,1700,550
2026-07-21 08:20:03,2026-07-20T22:20:03.890Z,1897.45,15135077,1761.98,1900,1700,550
2026-07-21 08:35:03,2026-07-20T22:35:03.780Z,1894.29,14923759,1761.99,1900,1700,550
2026-07-21 08:50:03,2026-07-20T22:50:03.758Z,1894.72,15022048,1761.90,1900,1700,550
2026-07-21 09:05:03,2026-07-20T23:05:03.842Z,1895.67,15097860,1762.07,1900,1700,550
2026-07-21 09:20:03,2026-07-20T23:20:03.897Z,1901.57,15507563,1763.00,1900,1700,550
2026-07-21 09:35:03,2026-07-20T23:35:03.750Z,1901.70,15449619,1763.67,1900,1700,550
2026-07-21 09:50:03,2026-07-20T23:50:03.944Z,1901.02,15398490,1763.68,1900,1700,550
2026-07-21 10:05:03,2026-07-21T00:05:03.820Z,1903.23,15579773,1763.84,1900,1700,550
2026-07-21 10:20:03,2026-07-21T00:20:03.855Z,1907.04,15906902,1764.01,1900,1700,550
2026-07-21 10:35:03,2026-07-21T00:35:03.779Z,1909.58,16120597,1764.36,1900,1700,550
2026-07-21 10:50:03,2026-07-21T00:50:03.835Z,1914.09,16496468,1765.47,2000,1700,550
2026-07-21 11:05:03,2026-07-21T01:05:03.810Z,1914.35,16754346,1764.44,2000,1700,550
2026-07-21 11:20:03,2026-07-21T01:20:03.812Z,1910.21,16355549,1764.75,2000,1700,550
2026-07-21 11:35:03,2026-07-21T01:35:03.801Z,1911.49,16493444,1764.77,2000,1700,550
2026-07-21 11:50:03,2026-07-21T01:50:03.908Z,1908.66,16222992,1764.77,2000,1700,550
2026-07-21 12:05:03,2026-07-21T02:05:03.801Z,1908.60,16201262,1764.61,2000,1700,550
2026-07-21 12:20:03,2026-07-21T02:20:03.962Z,1903.90,15832564,1764.70,1900,1700,550
2026-07-21 12:35:03,2026-07-21T02:35:03.818Z,1910.59,16379075,1764.95,2000,1700,550
2026-07-21 12:50:03,2026-07-21T02:50:03.804Z,1910.61,16392797,1765.28,2000,1700,550
2026-07-21 13:05:04,2026-07-21T03:05:04.203Z,1922.04,18034553,1765.92,2000,1700,550
2026-07-21 13:20:03,2026-07-21T03:20:03.866Z,1921.92,18060321,1766.41,2000,1700,551
2026-07-21 13:35:03,2026-07-21T03:35:03.850Z,1925.54,18417355,1766.67,2000,1700,551
2026-07-21 13:50:03,2026-07-21T03:50:03.931Z,1923.83,18142942,1766.90,2000,1700,551
2026-07-21 14:05:03,2026-07-21T04:05:03.861Z,1928.79,18652756,1767.19,1950,1700,551
2026-07-21 14:20:03,2026-07-21T04:20:03.860Z,1924.23,18177602,1767.57,2000,1700,551
2026-07-21 14:35:03,2026-07-21T04:35:03.834Z,1921.81,17993783,1767.55,2000,1700,551
2026-07-21 14:50:03,2026-07-21T04:50:03.854Z,1923.21,18232118,1767.73,2000,1700,551
2026-07-21 15:05:03,2026-07-21T05:05:03.815Z,1924.70,18502045,1768.13,2000,1700,551
2026-07-21 15:20:03,2026-07-21T05:20:03.838Z,1920.92,18024775,1768.48,2000,1700,551
2026-07-21 15:35:03,2026-07-21T05:35:03.952Z,1923.35,18436040,1768.94,1925,1700,551
2026-07-21 15:50:03,2026-07-21T05:50:03.908Z,1930.57,19026172,1769.31,1950,1700,552
2026-07-21 16:05:03,2026-07-21T06:05:03.836Z,1931.05,18925599,1770.14,1950,1700,552
2026-07-21 16:20:03,2026-07-21T06:20:03.841Z,1928.92,18906672,1770.67,1925,1700,552
2026-07-21 16:35:03,2026-07-21T06:35:03.839Z,1935.16,18505828,1771.36,1950,1700,552
2026-07-21 16:50:03,2026-07-21T06:50:03.869Z,1934.23,18231679,1772.00,1950,1700,552
2026-07-21 17:05:03,2026-07-21T07:05:03.833Z,1934.48,17994597,1772.64,1950,1700,552
2026-07-21 17:20:03,2026-07-21T07:20:03.884Z,1936.30,17599522,1773.38,1950,1700,552
2026-07-21 17:35:03,2026-07-21T07:35:03.860Z,1935.44,16287956,1775.36,2000,1700,552
2026-07-21 17:50:03,2026-07-21T07:50:03.866Z,1934.80,15107331,1829.36,2000,1700,553
2026-07-21 18:05:03,2026-07-21T08:05:03.839Z,1934.28,15114466,1747.54,2000,1700,529
2026-07-21 18:20:03,2026-07-21T08:20:03.861Z,1940.64,15266901,1748.29,2000,1700,530
2026-07-21 18:35:03,2026-07-21T08:35:03.847Z,1939.42,15434262,1745.86,2000,1700,533
2026-07-21 18:50:03,2026-07-21T08:50:03.881Z,1939.40,15586937,1745.45,2000,1700,536
2026-07-21 19:35:03,2026-07-21T09:35:03.893Z,1939.20,15565440,1746.45,2000,1700,540
2026-07-21 19:50:03,2026-07-21T09:50:03.860Z,1940.07,15704543,1746.67,2000,1700,540
2026-07-21 20:05:03,2026-07-21T10:05:03.888Z,1941.93,15842488,1747.42,2000,1700,540
2026-07-21 20:20:03,2026-07-21T10:20:03.882Z,1942.79,15947641,1747.11,2000,1700,540
2026-07-21 20:35:03,2026-07-21T10:35:03.847Z,1940.90,15811315,1747.24,2000,1700,542
2026-07-21 20:50:03,2026-07-21T10:50:03.998Z,1936.15,15474200,1747.17,2000,1700,542
2026-07-21 21:05:03,2026-07-21T11:05:03.881Z,1930.67,15102666,1746.54,2000,1700,544
2026-07-21 21:20:03,2026-07-21T11:20:03.883Z,1927.82,14877266,1746.48,2000,1700,544
2026-07-21 21:35:03,2026-07-21T11:35:03.894Z,1930.78,15070131,1746.72,2000,1700,544
2026-07-21 21:50:03,2026-07-21T11:50:03.896Z,1935.05,15376476,1746.90,2000,1700,544
2026-07-21 22:05:03,2026-07-21T12:05:03.974Z,1932.16,15114366,1747.16,2000,1700,545
2026-07-21 22:20:03,2026-07-21T12:20:03.884Z,1939.40,15677105,1747.28,2000,1700,547
2026-07-21 22:35:03,2026-07-21T12:35:03.895Z,1940.94,16176695,1747.07,2000,1700,548
2026-07-21 22:50:03,2026-07-21T12:50:03.894Z,1940.95,16480129,1744.92,2000,1700,548
2026-07-21 23:05:03,2026-07-21T13:05:03.887Z,1940.88,16453240,1743.28,2000,1700,548
2026-07-21 23:20:03,2026-07-21T13:20:03.860Z,1937.81,16178507,1742.28,2000,1700,548
2026-07-21 23:35:03,2026-07-21T13:35:03.889Z,1933.98,16000466,1741.97,2000,1700,548
2026-07-21 23:50:03,2026-07-21T13:50:03.950Z,1933.89,16579437,1742.85,2000,1700,548
2026-07-22 00:05:03,2026-07-21T14:05:03.895Z,1939.63,17049089,1742.75,2000,1700,549
2026-07-22 00:20:03,2026-07-21T14:20:03.901Z,1935.74,16785140,1742.73,2000,1700,549
2026-07-22 00:35:03,2026-07-21T14:35:03.902Z,1935.43,16861652,1743.60,2000,1700,549
2026-07-22 00:50:03,2026-07-21T14:50:03.939Z,1934.74,16823876,1743.87,2000,1700,549
2026-07-22 01:05:03,2026-07-21T15:05:03.894Z,1924.75,16001549,1744.63,2000,1700,549
2026-07-22 01:20:03,2026-07-21T15:20:03.866Z,1928.70,16359404,1744.78,2000,1700,549
2026-07-22 01:35:03,2026-07-21T15:35:03.903Z,1924.99,16289857,1745.10,2000,1700,549
2026-07-22 01:50:04,2026-07-21T15:50:04.001Z,1928.36,16929075,1744.54,2000,1700,549
2026-07-22 02:05:03,2026-07-21T16:05:03.903Z,1933.87,17404808,1744.96,2000,1925,549
2026-07-22 02:20:03,2026-07-21T16:20:03.887Z,1926.87,16772397,1745.39,2000,1925,549
2026-07-22 02:35:03,2026-07-21T16:35:03.900Z,1924.96,16626828,1745.72,2000,1925,549
2026-07-22 02:50:03,2026-07-21T16:50:03.909Z,1923.68,16211000,1745.98,2000,1925,549
2026-07-22 03:05:03,2026-07-21T17:05:03.901Z,1925.88,16402597,1746.23,2000,1925,549
2026-07-22 03:20:03,2026-07-21T17:20:03.921Z,1922.61,16041079,1746.16,2000,1925,551
2026-07-22 03:35:03,2026-07-21T17:35:03.883Z,1923.81,16098661,1748.03,2000,1925,551
2026-07-22 03:50:03,2026-07-21T17:50:03.876Z,1920.15,15565888,1748.23,2000,1925,553
2026-07-22 04:05:03,2026-07-21T18:05:03.915Z,1918.45,15453596,1748.41,2000,1925,553
2026-07-22 04:20:03,2026-07-21T18:20:03.923Z,1918.66,15477897,1748.53,2000,1925,553
2026-07-22 04:35:03,2026-07-21T18:35:03.916Z,1918.10,15364374,1748.93,2000,1925,553
2026-07-22 04:50:03,2026-07-21T18:50:03.910Z,1919.67,15515556,1749.08,2000,1925,553
2026-07-22 05:05:03,2026-07-21T19:05:03.927Z,1921.22,15678172,1749.25,2000,1925,553
2026-07-22 05:20:03,2026-07-21T19:20:03.925Z,1920.70,15548602,1750.40,2000,1925,553
2026-07-22 05:35:03,2026-07-21T19:35:03.948Z,1922.53,15919028,1750.55,2000,1925,553
2026-07-22 05:50:03,2026-07-21T19:50:03.953Z,1922.29,15893736,1750.81,2000,1925,553
2026-07-22 06:05:03,2026-07-21T20:05:03.908Z,1921.78,15880520,1751.29,2000,1925,553
2026-07-22 06:20:03,2026-07-21T20:20:03.928Z,1921.51,15691655,1751.91,2000,1925,553
2026-07-22 06:35:03,2026-07-21T20:35:03.928Z,1923.99,16013347,1751.04,2000,1925,553
2026-07-22 06:50:04,2026-07-21T20:50:04.014Z,1922.83,15833927,1751.32,2000,1925,553
2026-07-22 07:05:03,2026-07-21T21:05:03.937Z,1919.26,14816195,1762.49,2000,1925,553
2026-07-22 07:20:03,2026-07-21T21:20:03.932Z,1921.97,15109802,1763.30,2000,1925,553
2026-07-22 07:35:03,2026-07-21T21:35:03.926Z,1924.21,15390140,1763.28,2000,1925,553
2026-07-22 07:50:03,2026-07-21T21:50:03.930Z,1923.44,15253166,1763.25,2000,1925,553
2026-07-22 08:05:03,2026-07-21T22:05:03.918Z,1921.32,14976414,1763.30,2000,1925,553
2026-07-22 08:20:04,2026-07-21T22:20:04.221Z,1920.07,14814647,1763.37,2000,1925,553
2026-07-22 08:35:04,2026-07-21T22:35:04.074Z,1921.98,15081379,1763.37,2000,1925,553
2026-07-22 08:50:04,2026-07-21T22:50:04.000Z,1918.29,14581928,1763.54,2000,1925,553
2026-07-22 09:05:04,2026-07-21T23:05:04.011Z,1917.91,14541672,1763.51,2000,1925,553
2026-07-22 09:20:04,2026-07-21T23:20:04.102Z,1919.82,14807238,1763.70,2000,1925,553
2026-07-22 09:35:03,2026-07-21T23:35:03.990Z,1921.95,15046096,1763.86,2000,1925,554
2026-07-22 09:50:04,2026-07-21T23:50:04.062Z,1923.55,15228108,1764.04,2000,1925,554
2026-07-22 10:05:03,2026-07-22T00:05:03.985Z,1930.92,16177221,1764.26,2000,1925,554
2026-07-22 10:20:03,2026-07-22T00:20:03.980Z,1938.22,17132908,1765.03,2000,1925,554
2026-07-22 10:35:03,2026-07-22T00:35:03.950Z,1938.90,17338859,1764.26,2000,1925,554
2026-07-22 10:50:04,2026-07-22T00:50:04.012Z,1940.23,17450299,1764.35,2000,1925,554
2026-07-22 11:05:03,2026-07-22T01:05:03.971Z,1937.74,17099937,1764.47,2000,1925,554
2026-07-22 11:20:03,2026-07-22T01:20:03.951Z,1931.31,16130840,1764.47,2000,1925,554
2026-07-22 11:35:03,2026-07-22T01:35:03.987Z,1932.55,16349974,1764.51,1950,1925,554
2026-07-22 11:50:04,2026-07-22T01:50:04.061Z,1935.16,16779520,1764.43,1950,1925,554
2026-07-22 12:05:03,2026-07-22T02:05:03.981Z,1931.35,16160780,1764.48,1950,1925,554
2026-07-22 12:20:03,2026-07-22T02:20:03.986Z,1932.94,16429241,1764.60,1950,1925,554
2026-07-22 12:35:03,2026-07-22T02:35:03.993Z,1928.93,15780321,1764.55,1950,1925,554
2026-07-22 12:50:04,2026-07-22T02:50:04.068Z,1928.70,15786912,1764.68,1950,1925,554
2026-07-22 13:05:04,2026-07-22T03:05:04.014Z,1929.83,15920451,1766.03,1950,1925,554
2026-07-22 13:20:04,2026-07-22T03:20:04.008Z,1928.36,15653878,1766.83,1950,1925,555
2026-07-22 13:35:04,2026-07-22T03:35:04.080Z,1928.82,15669810,1767.00,1950,1925,555
2026-07-22 13:50:04,2026-07-22T03:50:04.027Z,1933.66,16552532,1767.15,1950,1925,555
2026-07-22 14:05:04,2026-07-22T04:05:04.018Z,1931.87,16179701,1768.29,1950,1925,555
2026-07-22 14:20:04,2026-07-22T04:20:04.025Z,1933.14,16377796,1771.22,1950,1925,555
2026-07-22 14:35:04,2026-07-22T04:35:04.044Z,1934.22,16571105,1771.98,1950,1925,555
2026-07-22 14:50:04,2026-07-22T04:50:04.090Z,1935.46,16929158,1772.33,1950,1925,555
2026-07-22 15:05:03,2026-07-22T05:05:03.999Z,1931.81,16032746,1772.55,1950,1925,555
2026-07-22 15:20:03,2026-07-22T05:20:03.978Z,1927.30,14901594,1773.04,1950,1925,555
2026-07-22 15:35:04,2026-07-22T05:35:04.006Z,1924.20,14580913,1771.45,2000,1925,555
2026-07-22 15:50:04,2026-07-22T05:50:04.122Z,1919.53,14432722,1769.22,2000,1925,555
2026-07-22 16:05:04,2026-07-22T06:05:04.059Z,1918.36,14353509,1769.38,2000,1925,555
2026-07-22 16:20:04,2026-07-22T06:20:04.030Z,1917.46,14335445,1769.18,2000,1925,555
2026-07-22 16:35:03,2026-07-22T06:35:03.992Z,1916.73,14650724,1769.31,2000,1925,555
2026-07-22 16:50:04,2026-07-22T06:50:04.082Z,1916.24,14718131,1769.74,2000,1925,555
2026-07-22 17:05:04,2026-07-22T07:05:04.010Z,1916.65,14840434,1769.99,2000,1925,555
2026-07-22 17:20:04,2026-07-22T07:20:04.027Z,1913.86,15388492,1770.42,2000,1600,555
2026-07-22 17:35:04,2026-07-22T07:35:04.014Z,1914.27,15892753,1770.90,2000,1600,555
2026-07-22 17:50:04,2026-07-22T07:50:04.017Z,1911.71,16066868,1772.61,2000,1600,555
2026-07-22 18:05:04,2026-07-22T08:05:04.006Z,1916.95,16745122,1767.72,2000,1600,532
2026-07-22 18:20:04,2026-07-22T08:20:04.129Z,1920.49,17100221,1768.35,2000,1600,534
2026-07-22 18:35:04,2026-07-22T08:35:04.055Z,1921.33,16544324,1769.28,2000,1600,534
