timestamp,block,unique_pairs,signal_count,eth_price,eth_delta,eth_direction,bias_score,bias_label,funding_rate,oi_h1_change,vol_h1_change,ls_long_pct,liq_long_pct,liq_total_usd,max_pain,max_pain_dist,pc_ratio,nq_price
2026-08-01T18:21:20.336Z,25661778,4,32,1851.81,-6.36,DOWN,0,↔️ NEUTRAL,0.004236,-0.75,1.61,40.9,95.2,4375283,1880,-28,0.912,0.00
2026-08-01T18:31:39.231Z,25661830,4,55,1832.63,-20.06,DOWN,0.5,↗️ LEAN LONG,0.003981,-1.9,13.54,37.44,94.9,35062760,1880,-47,0.917,0.00
2026-08-01T18:44:08.116Z,25661892,4,36,1833.03,-6.36,DOWN,-0.5,↘️ LEAN SHORT,0.003561,-2.24,22.47,40,95.1,47898229,1880,-47,0.914,0.00
2026-08-01T18:56:06.593Z,25661952,4,48,1828.45,5.12,UP,3.5,⬆️⬆️ STRONG LONG,0.002635,-2.6,33.39,41.54,95.9,67316435,1880,-52,0.916,0.00
2026-08-02T02:08:39.840Z,25664110,3,18,1873.09,19.72,UP,-2,⬇️ SHORT,0.00663,0.53,11.2,55.16,7.6,9453445,1900,-27,1.180,0.00
2026-08-02T02:20:19.199Z,25664168,4,44,1879.52,6.30,UP,-2,⬇️ SHORT,0.007622,0.56,12.37,56.34,6.6,10638882,1900,-20,1.180,0.00
2026-08-02T08:41:03.367Z,25666068,3,17,1865.28,-5.35,DOWN,-2,⬇️ SHORT,0.003948,-0.8,2.34,44.73,85.3,753219,1900,-35,1.235,0.00
2026-08-02T09:11:06.248Z,25666217,4,39,1866.77,5.04,UP,2,⬆️ LONG,0.004125,-0.62,4.23,43.06,92.7,1599606,1880,-13,1.216,0.00
2026-08-02T11:44:30.442Z,25666980,3,29,1852.75,-8.28,DOWN,0,↔️ NEUTRAL,0.005196,-0.64,2.05,38.2,95.0,5096801,1880,-27,1.187,0.00
2026-08-02T11:54:39.582Z,25667031,4,31,1849.34,-5.13,DOWN,0,↔️ NEUTRAL,0.004825,-0.84,4.72,39.7,96.3,7137383,1880,-31,1.200,0.00
2026-08-02T18:42:02.575Z,25669061,4,21,1883.36,5.86,UP,-2,⬇️ SHORT,0.001958,0.26,-10.68,59.06,1.7,1586731,1860,23,1.129,0.00
2026-08-02T21:42:15.784Z,25669958,3,31,1890.98,5.86,UP,-1,↘️ LEAN SHORT,0.01,-0.06,0.58,57.34,11.8,1213711,1860,31,1.126,0.00
2026-08-02T22:03:03.645Z,25670061,4,45,1893.72,5.47,UP,-3,⬇️⬇️ STRONG SHORT,0.01,0,6.39,59.58,5.9,5607465,1860,34,1.124,0.00
2026-08-03T02:29:08.075Z,25671382,4,26,1862.64,-5.55,DOWN,-3,⬇️⬇️ STRONG SHORT,0.008303,0.12,-6.35,52.9,73.3,1917813,1860,3,0.858,0.00
2026-08-03T03:47:41.689Z,25671772,3,14,1850.77,-8.71,DOWN,-2,⬇️ SHORT,0.006573,-0.2,0.29,40.76,86.0,5278622,1860,-9,0.949,0.00
2026-08-03T07:16:27.461Z,25672813,3,23,1838.62,-5.17,DOWN,-1,↘️ LEAN SHORT,0.000174,-0.77,6.06,41.27,89.4,4372403,1860,-21,1.187,0.00
2026-08-03T08:22:06.296Z,25673141,4,62,1829.91,-9.15,DOWN,2,⬆️ LONG,-0.001358,0.21,3.83,44.25,96.3,3826430,1860,-30,1.190,0.00
2026-08-03T09:57:54.443Z,25673617,3,18,1849.81,5.68,UP,0,↔️ NEUTRAL,-0.002115,0.87,2.07,57.84,2.1,901093,1860,-10,1.188,0.00
2026-08-03T13:18:41.397Z,25674619,3,19,1846.54,5.77,UP,-1,↘️ LEAN SHORT,-0.000879,0.77,0.15,59.97,2.8,113694,1860,-13,1.193,0.00
2026-08-03T13:28:42.186Z,25674669,4,37,1841.67,-5.48,DOWN,-2,⬇️ SHORT,-0.000763,0.3,1.54,54.9,0.8,730327,1860,-18,1.194,0.00
2026-08-03T13:52:05.944Z,25674786,4,61,1849.42,6.02,UP,1,↗️ LEAN LONG,-0.000645,0.59,4.63,52.84,40.2,1556928,1840,9,1.180,0.00
2026-08-03T14:13:55.088Z,25674895,3,35,1853.17,5.13,UP,2,⬆️ LONG,0.000134,0.28,9.44,51.87,21.6,3553314,1840,13,1.154,0.00
2026-08-03T14:23:56.042Z,25674945,3,33,1849.89,-5.76,DOWN,-1,↘️ LEAN SHORT,0.000342,-0.02,8.96,50,31.9,3142694,1840,10,1.128,0.00
2026-08-03T14:56:52.198Z,25675110,4,53,1869.86,5.54,UP,-1,↘️ LEAN SHORT,0.001815,-0.34,10.04,51.31,1.7,29741030,1840,30,1.090,0.00
2026-08-03T15:07:17.686Z,25675162,4,48,1863.46,-5.70,DOWN,-3,⬇️⬇️ STRONG SHORT,0.001863,-0.47,9.98,50.86,2.1,29492141,1840,23,1.090,0.00
2026-08-03T16:03:15.618Z,25675440,3,19,1864.68,5.20,UP,1,↗️ LEAN LONG,0.003734,-0.17,2.63,45.26,93.7,355175,1840,25,1.099,0.00
2026-08-03T22:05:28.191Z,25677248,4,38,1856.85,-5.21,DOWN,-2,⬇️ SHORT,0.005583,-0.64,-3.95,41,80.6,677952,1860,-3,1.146,0.00
2026-08-03T22:18:30.873Z,25677313,4,51,1861.30,5.42,UP,0,↔️ NEUTRAL,0.005727,-0.57,-2.89,42.06,89.7,2631069,1860,1,1.146,0.00
2026-08-04T01:32:15.794Z,25678279,4,29,1857.33,5.48,UP,-1,↘️ LEAN SHORT,0.006145,0,1.13,52.18,85.5,1155280,1860,-3,0.839,0.00
2026-08-04T01:42:29.547Z,25678330,4,29,1864.65,5.21,UP,-2,⬇️ SHORT,0.006313,0.4,1.43,56.49,6.0,1466326,1860,5,0.845,0.00
2026-08-04T02:37:43.078Z,25678603,3,25,1866.73,5.44,UP,-1,↘️ LEAN SHORT,0.007316,0.08,0.87,54.14,6.7,978363,1860,7,1.012,0.00
2026-08-04T03:15:19.491Z,25678791,4,44,1857.00,-5.76,DOWN,-2,⬇️ SHORT,0.007053,-0.22,-0.58,49.16,69.0,621737,1860,-3,1.014,0.00
2026-08-04T03:31:06.474Z,25678869,4,26,1863.88,6.22,UP,-1,↘️ LEAN SHORT,0.006868,-0.08,0.26,53.74,71.3,680600,1860,4,1.014,0.00
2026-08-04T06:40:31.194Z,25679814,3,17,1855.55,-5.26,DOWN,-1,↘️ LEAN SHORT,0.006127,-0.51,-0.22,48.32,94.3,459299,1860,-4,1.080,0.00
2026-08-04T07:33:07.782Z,25680077,3,33,1860.92,6.80,UP,-1,↘️ LEAN SHORT,0.005438,-0.2,-3.29,51.3,89.1,1094594,1860,1,1.080,0.00
2026-08-04T10:45:44.401Z,25681038,4,45,1865.47,10.86,UP,-2,⬇️ SHORT,0.009628,0.49,-2.11,56.66,6.2,742853,1860,5,1.008,0.00
2026-08-04T11:45:51.093Z,25681338,3,22,1870.31,5.08,UP,-1,↘️ LEAN SHORT,0.007967,0.55,2.02,49.58,6.0,758319,1860,10,1.003,0.00
2026-08-04T12:37:31.436Z,25681595,4,38,1874.68,5.45,UP,1,↗️ LEAN LONG,0.008542,0.75,1.08,50.54,17.6,1100967,1860,15,1.029,0.00
2026-08-04T13:47:43.116Z,25681946,4,45,1863.59,-8.63,DOWN,-2,⬇️ SHORT,0.008235,-0.58,-1,49.45,67.3,713433,1860,4,1.068,0.00
2026-08-04T14:06:08.379Z,25682038,3,44,1864.80,7.41,UP,-1,↘️ LEAN SHORT,0.007987,-0.52,-1.33,49.55,80.3,1472230,1860,5,1.183,0.00
2026-08-04T14:29:17.677Z,25682154,3,36,1864.00,5.10,UP,-1,↘️ LEAN SHORT,0.008316,-0.36,-2.28,50.78,74.6,1203581,1860,4,1.184,0.00
2026-08-04T14:42:41.922Z,25682220,3,35,1872.05,5.49,UP,0,↔️ NEUTRAL,0.00824,-0.46,-2.44,50.88,39.9,2117205,1860,12,1.137,0.00
2026-08-04T15:45:39.318Z,25682535,3,39,1869.22,6.30,UP,-1,↘️ LEAN SHORT,0.007299,-0.22,-3.01,48.34,81.3,638558,1860,9,1.131,0.00
2026-08-04T17:52:31.921Z,25683168,4,42,1866.68,-6.98,DOWN,-1,↘️ LEAN SHORT,0.007279,-0.03,0.13,50.09,16.7,251448,1860,7,1.070,0.00
2026-08-04T20:17:42.248Z,25683893,4,42,1865.99,-5.41,DOWN,-3,⬇️⬇️ STRONG SHORT,0.006098,-0.73,0.57,51.84,71.6,336640,1860,6,0.991,0.00
2026-08-04T23:28:16.791Z,25684840,3,32,1870.06,-5.47,DOWN,-3,⬇️⬇️ STRONG SHORT,0.005209,-0.04,0.02,46.27,9.3,935140,1860,10,0.994,0.00
2026-08-05T03:20:06.900Z,25685997,3,30,1863.10,-6.51,DOWN,-2,⬇️ SHORT,0.004798,-0.49,-0.09,46.6,64.2,401329,1840,23,1.119,0.00
2026-08-05T08:00:10.068Z,25687390,4,24,1869.42,5.25,UP,0.5,↗️ LEAN LONG,0.000572,0.1,0.27,57.42,99.1,499779,1860,9,1.360,0.00
2026-08-05T12:20:52.548Z,25688688,4,45,1876.63,6.89,UP,1,↗️ LEAN LONG,0.000422,0.64,-1.07,57.61,14.8,441769,1860,17,1.028,0.00
2026-08-05T13:12:04.251Z,25688944,4,32,1866.38,-7.24,DOWN,-2,⬇️ SHORT,0.001424,-0.11,3.17,53.32,35.7,4133507,1860,6,0.985,0.00
2026-08-05T13:32:30.241Z,25689046,4,53,1856.60,-12.05,DOWN,-1,↘️ LEAN SHORT,0.001207,-1.2,0,45.37,91.6,3288451,1860,-3,1.009,0.00
2026-08-05T13:42:42.781Z,25689096,4,67,1868.02,10.84,UP,-1,↘️ LEAN SHORT,0.001166,-0.87,6.15,48,88.2,4533443,1860,8,0.960,0.00
2026-08-05T13:54:06.685Z,25689153,4,58,1873.93,6.02,UP,0,↔️ NEUTRAL,0.001111,-0.46,6.49,49.68,69.7,5743673,1860,14,0.960,0.00
2026-08-05T14:06:18.022Z,25689213,4,47,1879.41,6.37,UP,0,↔️ NEUTRAL,0.001285,-0.31,6.91,50.44,60.0,6661193,1860,19,0.973,0.00
2026-08-05T14:24:05.304Z,25689302,4,59,1872.04,-5.72,DOWN,-2,⬇️ SHORT,0.001924,0.25,6.12,49.16,49.9,5388121,1860,12,0.972,0.00
2026-08-05T14:58:15.593Z,25689471,3,26,1875.81,5.83,UP,0,↔️ NEUTRAL,0.002324,-0.04,0.06,49.84,33.4,839546,1860,16,0.983,0.00
2026-08-05T15:16:03.479Z,25689560,3,50,1874.11,-5.51,DOWN,-1,↘️ LEAN SHORT,0.002804,-0.06,0.07,49.33,28.8,908316,1860,14,0.983,0.00
2026-08-05T16:22:42.176Z,25689892,4,36,1886.29,6.92,UP,-2,⬇️ SHORT,0.003325,0.65,1.12,55.74,1.9,3561153,1860,26,0.953,0.00
2026-08-05T17:00:39.688Z,25690081,4,65,1893.23,5.13,UP,-0.5,↘️ LEAN SHORT,0.004679,1.9,8.15,54.62,3.1,9044008,1860,33,0.643,0.00
2026-08-05T17:38:54.919Z,25690270,4,36,1901.54,11.17,UP,0,↔️ NEUTRAL,0.004126,0.16,3.69,55.7,26.1,611367,1860,42,0.640,0.00
2026-08-05T18:15:55.596Z,25690455,4,58,1920.36,6.37,UP,-2.5,⬇️ SHORT,0.005301,1.38,10.25,57.45,3.5,19441959,1860,60,0.704,0.00
2026-08-05T18:26:03.653Z,25690506,4,76,1917.46,-6.57,DOWN,-4,⬇️⬇️ STRONG SHORT,0.004791,0.93,11.29,57.59,4.5,21898187,1860,57,0.638,0.00
2026-08-05T21:01:51.403Z,25691285,4,54,1909.43,-7.14,DOWN,-1.5,⬇️ SHORT,0.005223,-0.29,0.31,47.39,38.0,999979,1880,29,0.646,0.00
2026-08-06T02:16:38.530Z,25692854,4,49,1901.17,-6.19,DOWN,-1,↘️ LEAN SHORT,-0.001944,-0.34,0.96,48.78,75.9,572886,1900,1,0.715,0.00
2026-08-06T05:08:50.497Z,25693714,3,15,1913.08,7.38,UP,0,↔️ NEUTRAL,-0.002789,0.66,2.12,57.22,7.4,2288326,1880,33,0.714,0.00
2026-08-06T09:15:40.997Z,25694945,4,34,1904.96,-5.06,DOWN,-2,⬇️ SHORT,0.002595,-0.26,2.47,51.5,57.2,817420,1900,5,0.741,0.00
2026-08-06T13:09:29.439Z,25696114,4,40,1891.25,-5.81,DOWN,0,↔️ NEUTRAL,-0.000452,-0.66,-3.77,47.43,98.1,1430555,1900,-9,0.733,0.00
2026-08-06T13:38:03.773Z,25696257,4,44,1899.17,6.40,UP,0,↔️ NEUTRAL,-0.000219,-0.1,-3.43,49.8,89.6,3038365,1900,-1,0.738,0.00
2026-08-06T14:35:17.245Z,25696543,4,58,1907.68,5.31,UP,0,↔️ NEUTRAL,0.000362,0.51,-2.85,49.81,5.0,1054972,1900,8,0.739,0.00
2026-08-07T01:40:30.848Z,25699861,4,23,1897.47,-5.35,DOWN,-1.5,⬇️ SHORT,0.000579,-0.18,-2.51,55.12,65.6,182836,1880,17,0.277,0.00
2026-08-07T02:16:40.847Z,25700042,4,35,1905.05,7.91,UP,0.5,↗️ LEAN LONG,0.00017,-0.05,-2.85,55.21,59.1,353907,1880,25,0.315,0.00
2026-08-07T08:44:43.814Z,25701975,3,10,1911.29,6.62,UP,-1.5,⬇️ SHORT,0.006633,-0.14,1.21,57.83,5.6,414826,1880,31,0.365,0.00
2026-08-07T12:08:18.028Z,25702988,4,54,1926.62,10.28,UP,-0.5,↘️ LEAN SHORT,0.01,0.68,0.56,60.15,28.1,2553654,1900,27,0.342,0.00
2026-08-07T12:35:42.973Z,25703125,4,60,1922.95,-5.48,DOWN,-3.5,⬇️⬇️ STRONG SHORT,0.01,1.04,13.32,54.35,7.0,19271390,1900,23,0.349,0.00
2026-08-07T13:35:41.999Z,25703425,4,41,1930.53,5.13,UP,-0.5,↘️ LEAN SHORT,0.009992,0.84,1.77,50.82,7.2,507474,1900,31,0.329,0.00
2026-08-07T13:48:40.598Z,25703490,4,62,1924.27,-6.06,DOWN,-0.5,↘️ LEAN SHORT,0.009197,0.07,-0.93,47.52,24.9,316365,1900,24,0.329,0.00
2026-08-07T14:05:30.273Z,25703573,3,30,1912.15,-8.38,DOWN,-2.5,⬇️ SHORT,0.008392,-1.5,-0.55,45.77,88.3,2105436,1900,12,0.358,0.00
2026-08-07T14:19:39.875Z,25703644,3,41,1915.30,5.11,UP,-0.5,↘️ LEAN SHORT,0.007828,-1.15,2.95,47.63,86.6,2874853,1900,15,0.358,0.00
2026-08-07T14:52:30.233Z,25703808,3,40,1910.85,-6.41,DOWN,-2.5,⬇️ SHORT,0.006355,-1.35,4.32,47.77,83.2,3515509,1900,11,0.338,0.00
2026-08-07T16:24:03.355Z,25704261,4,58,1912.89,-5.41,DOWN,-2.5,⬇️ SHORT,0.003255,0.07,-1.02,47.99,2.5,208350,1900,13,0.331,0.00
2026-08-07T17:55:17.263Z,25704715,4,42,1917.50,8.39,UP,2.5,⬆️ LONG,0.000838,-0.8,3.5,48,90.7,1397510,1900,18,0.338,0.00
2026-08-08T09:31:06.474Z,25709359,4,14,1920.22,6.10,UP,0.5,↗️ LEAN LONG,0.003323,0.31,-4.17,61.42,11.9,506169,1900,20,0.457,0.00
2026-08-09T08:42:30.457Z,25716298,4,41,1913.48,-5.80,DOWN,-3.5,⬇️⬇️ STRONG SHORT,0.004714,-0.44,5.87,47.47,9.3,1231475,1920,-7,1.643,0.00
2026-08-09T22:15:18.484Z,25720345,4,14,1932.29,8.32,UP,-2.5,⬇️ SHORT,0.008009,0.2,5.96,60.81,7.8,3348823,1920,12,1.611,0.00
2026-08-09T22:34:05.730Z,25720438,4,31,1920.63,-7.45,DOWN,-1.5,⬇️ SHORT,0.00744,-0.19,11.44,54.84,17.1,4706636,1920,1,1.569,0.00
2026-08-09T23:30:43.938Z,25720721,4,19,1908.12,-6.36,DOWN,-1.5,⬇️ SHORT,0.005717,-1.45,12.01,47.44,98.1,2347371,1920,-12,1.620,0.00
2026-08-10T00:09:39.964Z,25720915,4,40,1913.47,5.02,UP,0.5,↗️ LEAN LONG,0.004732,-0.58,10.36,49.51,90.8,2047932,1920,-7,1.494,0.00
2026-08-10T00:51:14.729Z,25721121,3,34,1911.89,6.18,UP,-0.5,↘️ LEAN SHORT,0.00354,-0.4,13.51,50.52,49.3,1879059,1920,-8,1.493,0.00
2026-08-10T01:06:53.370Z,25721199,4,22,1906.62,-5.21,DOWN,-2.5,⬇️ SHORT,0.002434,-0.77,13.33,49.67,45.9,1781187,1920,-13,1.493,0.00
2026-08-10T01:49:14.504Z,25721410,3,16,1918.66,6.27,UP,-0.5,↘️ LEAN SHORT,0.001644,0.3,5.4,52.22,51.4,170942,1920,-1,1.620,0.00
2026-08-10T02:18:29.624Z,25721556,4,30,1913.24,-6.66,DOWN,-1.5,⬇️ SHORT,0.001934,-0.15,7.49,48.55,29.3,1275741,1920,-7,1.620,0.00
2026-08-10T02:44:06.896Z,25721683,4,40,1922.23,7.98,UP,-0.5,↘️ LEAN SHORT,0.001635,0.19,9.74,50.9,34.4,1393061,1920,2,1.620,0.00
2026-08-10T03:14:31.129Z,25721835,4,47,1914.01,-6.05,DOWN,-3.5,⬇️⬇️ STRONG SHORT,0.002405,-0.23,5.51,49.28,84.1,528511,1920,-6,1.608,0.00
2026-08-10T03:30:32.111Z,25721915,4,32,1916.33,-5.07,DOWN,-2.5,⬇️ SHORT,0.002875,0.28,5.64,49.25,50.3,207076,1920,-4,1.608,0.00
2026-08-10T04:41:17.838Z,25722268,4,16,1912.39,-5.07,DOWN,-1.5,⬇️ SHORT,0.002666,-0.2,1.26,44.87,78.1,94891,1920,-8,1.608,0.00
2026-08-10T13:35:27.593Z,25724929,4,11,1898.18,-7.40,DOWN,0,↔️ NEUTRAL,0.003035,0.3,8.25,44.06,94.8,3953559,1920,-22,1.240,0.00
2026-08-10T15:13:31.670Z,25725417,3,37,1875.70,-13.66,DOWN,-0.5,↘️ LEAN SHORT,0.002995,-0.2,8.93,42.01,93.7,12665007,1900,-24,1.316,0.00
2026-08-11T11:03:19.207Z,25731333,3,24,1889.61,5.34,UP,1,↗️ LEAN LONG,0.006002,-0.35,2.23,50.82,18.5,1213043,1900,-10,1.033,0.00
2026-08-11T13:41:05.406Z,25732117,4,69,1888.00,5.44,UP,1,↗️ LEAN LONG,0.007217,-0.38,-6.25,48.44,97.7,631632,1900,-12,0.986,0.00
2026-08-11T14:24:52.829Z,25732335,4,46,1878.41,-7.75,DOWN,-3,⬇️⬇️ STRONG SHORT,0.007693,-0.33,-5.45,51.03,84.9,915682,1900,-22,0.957,0.00
2026-08-11T14:41:08.923Z,25732415,4,37,1872.66,-5.39,DOWN,-3,⬇️⬇️ STRONG SHORT,0.007246,-0.73,-1.39,47.83,80.8,2598324,1900,-27,0.954,0.00
2026-08-11T14:52:39.372Z,25732472,3,37,1870.33,-5.04,DOWN,-3,⬇️⬇️ STRONG SHORT,0.007313,-0.73,0.16,47.97,88.2,3815364,1900,-30,0.954,0.00
2026-08-11T15:22:15.756Z,25732617,4,54,1873.45,6.03,UP,1,↗️ LEAN LONG,0.006949,-0.3,-5.52,47,91.5,5366460,1900,-27,1.009,0.00
2026-08-11T15:36:44.275Z,25732689,3,39,1865.68,-8.50,DOWN,-1,↘️ LEAN SHORT,0.00648,-0.15,-9.42,45.26,91.3,5999684,1900,-34,1.073,0.00
2026-08-11T15:59:30.974Z,25732803,4,45,1860.89,5.52,UP,1.5,⬆️ LONG,0.005324,-0.42,-4.99,45.62,94.3,16923576,1900,-39,1.158,0.00
2026-08-12T04:23:27.847Z,25736502,3,27,1890.15,5.50,UP,-3,⬇️⬇️ STRONG SHORT,0.01,0.49,1.47,60.45,5.5,1019564,1880,10,1.236,0.00
2026-08-12T09:25:27.792Z,25738004,4,42,1901.51,7.89,UP,0,↔️ NEUTRAL,0.006783,0.12,1.01,60.78,11.6,7103584,1880,22,1.057,0.00
2026-08-12T10:03:29.332Z,25738194,4,37,1910.46,8.40,UP,-2,⬇️ SHORT,0.006682,0.36,7.81,57.23,9.6,11637977,1900,10,1.074,0.00
2026-08-12T12:30:17.442Z,25738926,4,54,1906.33,-5.93,DOWN,-3,⬇️⬇️ STRONG SHORT,0.009262,0.33,2.25,51.96,8.5,3785576,1900,6,0.950,0.00
2026-08-12T12:53:54.258Z,25739044,3,35,1910.16,5.77,UP,1,↗️ LEAN LONG,0.009377,0.13,8.33,52.13,24.6,5617353,1900,10,0.979,0.00
2026-08-12T14:02:57.691Z,25739388,4,40,1892.85,-7.67,DOWN,-3,⬇️⬇️ STRONG SHORT,0.008462,-0.49,2.46,46.52,76.2,2400827,1900,-7,0.948,0.00
2026-08-12T14:13:03.992Z,25739439,4,65,1899.95,10.75,UP,0,↔️ NEUTRAL,0.008211,-0.52,5.91,47.79,69.8,4246893,1900,-0,1.085,0.00
2026-08-12T14:55:26.638Z,25739649,4,56,1885.96,-5.97,DOWN,-3,⬇️⬇️ STRONG SHORT,0.00724,-1.2,4.7,47.5,82.2,4489041,1900,-14,1.186,0.00
2026-08-12T15:05:42.270Z,25739700,4,59,1888.57,6.13,UP,-1,↘️ LEAN SHORT,0.006721,-0.38,2.2,49.98,75.8,3269634,1900,-11,1.186,0.00
2026-08-12T21:27:40.015Z,25741605,4,51,1877.68,-5.69,DOWN,-3,⬇️⬇️ STRONG SHORT,0.005902,-0.41,-0.84,53.1,73.6,742228,1900,-22,1.236,0.00
2026-08-12T22:02:10.905Z,25741777,4,57,1873.94,-5.09,DOWN,0,↔️ NEUTRAL,0.006467,-0.8,1.04,44.55,92.2,2975685,1880,-6,1.214,0.00
2026-08-13T10:03:42.469Z,25745375,4,55,1880.77,-6.46,DOWN,-1,↘️ LEAN SHORT,0.004413,-0.99,-4.34,48.55,95.8,1805432,1900,-19,0.931,0.00
2026-08-13T12:36:31.440Z,25746137,4,62,1885.29,5.17,UP,0,↔️ NEUTRAL,0.00226,0.69,-5.69,55.97,14.2,648601,1900,-15,0.942,0.00
2026-08-13T14:35:32.770Z,25746732,3,32,1893.05,5.42,UP,-1,↘️ LEAN SHORT,0.004059,0.15,-7.23,50.9,8.5,604358,1900,-7,0.917,0.00
2026-08-13T15:29:18.680Z,25747001,4,26,1880.71,-8.64,DOWN,-2,⬇️ SHORT,0.005712,-0.75,-5.03,48.38,45.9,3398456,1900,-19,0.919,0.00
2026-08-13T15:59:54.440Z,25747154,3,36,1879.63,-5.32,DOWN,-3,⬇️⬇️ STRONG SHORT,0.005999,-0.8,-1.09,47.1,71.8,3962359,1900,-20,0.924,0.00
2026-08-13T16:40:16.016Z,25747355,4,32,1866.37,-11.37,DOWN,0,↔️ NEUTRAL,0.005909,-0.88,6.09,42.39,93.1,9021509,1900,-34,0.935,0.00
2026-08-13T16:50:16.716Z,25747405,3,60,1873.27,6.18,UP,1,↗️ LEAN LONG,0.005613,0.1,11.72,46.48,94.9,14455938,1900,-27,0.963,0.00
2026-08-13T19:09:50.707Z,25748103,3,15,1888.04,5.70,UP,-1,↘️ LEAN SHORT,0.006569,0.15,1.95,54.39,3.7,1666257,1900,-12,0.966,0.00
2026-08-14T15:23:38.925Z,25754148,4,39,1871.36,5.53,UP,1.5,⬆️ LONG,-0.000211,0.71,-0.15,54,90.0,248282,1880,-9,1.416,0.00
2026-08-16T21:40:38.289Z,25770379,4,14,1870.21,-7.70,DOWN,-2.5,⬇️ SHORT,0.002402,-0.94,-0.17,40.75,86.6,6737938,1880,-10,1.887,0.00
2026-08-17T01:02:08.291Z,25771382,4,38,1885.89,12.21,UP,-2.5,⬇️ SHORT,0.003029,0.33,3.82,55.39,7.7,767799,1880,6,3.233,0.00
2026-08-17T02:53:06.097Z,25771935,3,14,1901.78,8.72,UP,-0.5,↘️ LEAN SHORT,0.007076,0.35,6.79,57.45,13.6,4859233,1880,22,1.900,0.00
2026-08-17T06:48:41.671Z,25773107,3,15,1905.38,5.62,UP,-2.5,⬇️ SHORT,0.008346,0.41,1.67,61.18,2.2,434688,1880,25,1.397,0.00
2026-08-17T10:31:16.295Z,25774218,4,17,1896.24,5.94,UP,-0.5,↘️ LEAN SHORT,0.003362,0.21,1.55,53.4,26.7,93124,1880,16,1.557,0.00
2026-08-17T13:32:42.218Z,25775122,4,31,1901.10,6.99,UP,-0.5,↘️ LEAN SHORT,0.00538,0.15,3.88,53.81,65.1,101308,1880,21,1.542,0.00
2026-08-17T14:51:54.661Z,25775517,4,50,1904.79,6.59,UP,0.5,↗️ LEAN LONG,0.005596,0.22,3.6,53.5,20.1,786196,1880,25,1.493,0.00
2026-08-17T17:21:39.522Z,25776264,4,41,1909.61,6.10,UP,0,↔️ NEUTRAL,0.007656,0.03,-0.4,53.12,26.2,88758,1900,10,1.151,0.00
2026-08-18T02:46:51.632Z,25779080,3,15,1889.45,-6.34,DOWN,-1,↘️ LEAN SHORT,0.002724,-1.75,1.39,46.78,96.8,5493547,1880,9,0.903,0.00
2026-08-18T14:21:22.018Z,25782537,3,27,1900.81,5.21,UP,0,↔️ NEUTRAL,0.001986,0.14,-0.89,51.14,43.6,374298,1880,21,0.888,0.00
2026-08-18T14:31:32.048Z,25782588,4,52,1918.21,5.63,UP,-1,↘️ LEAN SHORT,0.00242,1.12,6.25,54.5,7.0,5344716,1880,38,0.880,0.00
2026-08-18T15:12:23.453Z,25782790,4,57,1909.49,-5.44,DOWN,-3,⬇️⬇️ STRONG SHORT,0.003004,1.16,13.55,51.37,7.4,5463345,1880,29,0.891,0.00
2026-08-19T08:39:18.593Z,25788014,4,33,1926.03,10.11,UP,0,↔️ NEUTRAL,0.004177,0.29,1.78,59.06,13.2,3489685,1920,6,1.147,0.00
2026-08-19T12:46:19.097Z,25789244,3,38,1933.50,8.45,UP,-1,↘️ LEAN SHORT,0.009525,0.71,3.92,53.77,6.8,4888943,1920,14,1.096,0.00
2026-08-19T13:37:26.292Z,25789498,4,75,1929.80,-6.92,DOWN,-4,⬇️⬇️ STRONG SHORT,0.01,1.87,13.18,51.81,5.4,12038248,1920,10,0.719,0.00
2026-08-19T14:51:31.784Z,25789868,4,39,1943.92,5.00,UP,-1,↘️ LEAN SHORT,0.008271,1.06,-1.9,53.72,7.1,4715725,1920,24,0.791,0.00
2026-08-19T15:02:42.397Z,25789923,4,90,1966.86,-7.11,DOWN,-1.5,⬇️ SHORT,0.008913,1.4,9.34,54.71,12.5,81111961,1920,47,0.778,0.00
2026-08-19T15:15:44.225Z,25789988,4,83,2013.20,6.82,UP,-1.5,⬇️ SHORT,0.00954,2.23,27.09,56.16,8.7,188996433,1960,53,0.798,0.00
2026-08-19T15:25:52.259Z,25790039,4,75,2023.22,11.77,UP,-1.5,⬇️ SHORT,0.009556,2.39,35.66,55.99,8.3,208116749,1960,63,0.846,0.00
2026-08-19T15:36:06.128Z,25790090,4,89,2071.02,6.71,UP,-3.5,⬇️⬇️ STRONG SHORT,0.01,1.82,72.79,55.34,9.6,422902001,1960,111,0.784,0.00
2026-08-19T15:47:54.771Z,25790149,4,88,2078.40,-5.50,DOWN,-4.5,⬇️⬇️ STRONG SHORT,0.01,1.81,80.26,54.74,9.5,430569778,1960,118,0.867,0.00
2026-08-19T15:59:08.856Z,25790205,4,69,2083.19,6.35,UP,-2.5,⬇️ SHORT,0.01,1.51,63.18,53.62,9.0,347148826,1960,123,0.867,0.00
2026-08-19T16:09:14.340Z,25790255,4,83,2095.23,-7.22,DOWN,-2.5,⬇️ SHORT,0.01,1.28,49.74,52.79,10.4,246086370,1960,135,0.785,0.00
2026-08-19T16:19:19.712Z,25790305,4,81,2096.70,8.51,UP,1.5,⬆️ LONG,0,1.41,43.58,53.18,10.6,244102827,1980,117,0.802,0.00
2026-08-19T16:40:42.944Z,25790412,3,33,2090.98,-5.11,DOWN,-2.5,⬇️ SHORT,0.01,1.4,12.42,49.83,13.0,13273276,1980,111,0.801,0.00
2026-08-19T17:03:07.137Z,25790523,4,79,2082.32,-5.20,DOWN,-2.5,⬇️ SHORT,0.01,0.46,8.3,46.13,18.8,10091312,1980,102,0.818,0.00
2026-08-19T17:20:04.004Z,25790607,4,59,2068.78,-8.92,DOWN,-3.5,⬇️⬇️ STRONG SHORT,0.01,-1.46,5.43,42.77,82.2,2898375,1980,89,0.844,0.00
2026-08-19T17:30:15.819Z,25790658,4,77,2075.96,5.61,UP,0.5,↗️ LEAN LONG,0.01,-1.61,5.42,44.83,92.7,2559761,1980,96,0.842,0.00
2026-08-19T17:40:28.245Z,25790708,4,73,2082.49,6.25,UP,-1.5,⬇️ SHORT,0.01,-1.23,5.87,47.7,52.3,4766111,1980,102,0.832,0.00
2026-08-19T18:09:41.674Z,25790854,4,64,2082.12,-6.48,DOWN,-3.5,⬇️⬇️ STRONG SHORT,0.01,-0.34,4.65,50.4,36.4,4531101,1980,102,0.872,0.00
2026-08-19T19:14:31.416Z,25791176,4,71,2090.11,5.06,UP,-2.5,⬇️ SHORT,0.01,0.87,2.37,53.59,1.3,7759845,1980,110,0.952,0.00
2026-08-19T19:29:41.581Z,25791251,4,61,2090.57,-5.80,DOWN,-4.5,⬇️⬇️ STRONG SHORT,0.01,0.46,3,51.6,2.8,9041176,1980,111,0.952,0.00
2026-08-19T20:07:20.196Z,25791438,3,22,2110.62,7.59,UP,-2.5,⬇️ SHORT,0.01,0.59,3.72,52.98,3.3,10984825,1980,131,0.912,0.00
2026-08-19T20:25:42.571Z,25791530,4,55,2119.79,9.02,UP,-2.5,⬇️ SHORT,0.01,1.21,4.36,54.23,6.1,13460317,1980,140,0.938,0.00
2026-08-19T20:50:30.650Z,25791653,4,56,2139.29,16.74,UP,-3.5,⬇️⬇️ STRONG SHORT,0.01,1.53,6.19,57.03,6.3,22828441,1980,159,0.906,0.00
2026-08-19T21:00:39.235Z,25791704,4,86,2217.38,9.48,UP,-2.5,⬇️ SHORT,0.01,2.91,17.56,56.71,7.3,228131021,2000,217,0.862,0.00
2026-08-19T21:10:42.059Z,25791754,4,92,2281.18,28.33,UP,-1.5,⬇️ SHORT,0.01,4.09,27.35,54.59,5.4,421463799,2000,281,0.899,0.00
2026-08-19T21:20:42.198Z,25791804,4,95,2269.45,7.86,UP,-1.5,⬇️ SHORT,0.01,2.67,31.13,53.56,7.4,432039165,2000,269,0.912,0.00
2026-08-19T21:30:43.551Z,25791854,4,68,2287.01,20.86,UP,-1.5,⬇️ SHORT,0.01,2.36,30.72,52.81,7.5,421839366,2000,287,0.922,0.00
2026-08-19T21:40:51.757Z,25791905,4,87,2276.15,-8.31,DOWN,-4.5,⬇️⬇️ STRONG SHORT,0.01,1.87,32.03,52.98,7.6,423964980,2000,276,0.926,0.00
2026-08-19T21:51:06.363Z,25791956,4,86,2287.49,-5.68,DOWN,-4.5,⬇️⬇️ STRONG SHORT,0.01,1.96,33.22,51.39,7.7,416072986,2000,287,0.923,0.00
2026-08-19T22:01:39.856Z,25792009,4,77,2271.90,-17.44,DOWN,-4.5,⬇️⬇️ STRONG SHORT,0.01,0.08,20.31,49.86,8.4,220615188,2000,272,0.928,0.00
2026-08-19T22:15:52.823Z,25792080,4,74,2268.20,-5.62,DOWN,-3.5,⬇️⬇️ STRONG SHORT,0.01,0.48,8.65,49,42.0,12134070,2000,268,0.935,0.00
2026-08-19T22:25:53.663Z,25792130,4,65,2258.29,-7.88,DOWN,-3.5,⬇️⬇️ STRONG SHORT,0.01,-0.47,7.19,48.57,44.6,11853933,2000,258,0.934,0.00
2026-08-19T22:35:53.907Z,25792180,4,77,2246.15,-10.17,DOWN,-3.5,⬇️⬇️ STRONG SHORT,0.01,-1.25,6.11,46.96,64.0,11637002,2000,246,0.934,0.00
2026-08-19T22:46:03.842Z,25792231,4,70,2252.63,-8.01,DOWN,-3.5,⬇️⬇️ STRONG SHORT,0.01,-0.82,6.35,47.96,61.8,11665041,2000,253,0.938,0.00
2026-08-19T22:56:05.531Z,25792281,4,71,2245.29,-5.04,DOWN,-4.5,⬇️⬇️ STRONG SHORT,0.01,-1.54,5.34,47.45,88.7,8003361,2000,245,0.950,0.00
2026-08-19T23:17:07.299Z,25792386,4,42,2242.59,-6.45,DOWN,-4.5,⬇️⬇️ STRONG SHORT,0.01,-0.84,3.87,48.76,84.0,5109380,2000,243,0.952,0.00
2026-08-19T23:28:05.076Z,25792441,4,63,2251.54,6.19,UP,-2.5,⬇️ SHORT,0.01,0.16,3.61,51,81.4,4681258,2000,252,0.952,0.00
2026-08-19T23:40:18.475Z,25792502,4,66,2249.57,5.00,UP,-1.5,⬇️ SHORT,0.01,-0.08,2.25,50.55,50.8,1474475,2000,250,0.952,0.00
2026-08-19T23:50:18.838Z,25792552,4,45,2246.71,-6.85,DOWN,-2.5,⬇️ SHORT,0.01,0.2,2.07,52.02,29.0,1658256,2000,247,0.953,0.00
2026-08-20T00:04:53.839Z,25792625,4,57,2256.21,6.11,UP,-2.5,⬇️ SHORT,0.01,0.86,1.8,52.9,5.6,1259024,1950,306,0.751,0.00
2026-08-20T00:18:14.385Z,25792692,4,43,2261.84,7.46,UP,-2.5,⬇️ SHORT,0.01,1.14,1.68,52.69,3.2,1568182,1950,312,0.752,0.00
2026-08-20T00:40:03.242Z,25792801,4,73,2270.20,6.12,UP,-2.5,⬇️ SHORT,0.01,1.29,2.11,52.04,1.7,3489765,1950,320,0.737,0.00
2026-08-20T00:52:29.801Z,25792863,4,49,2261.88,-7.04,DOWN,-4.5,⬇️⬇️ STRONG SHORT,0.01,1.02,1.99,51.21,1.9,3281495,1950,312,0.733,0.00
2026-08-20T01:03:15.216Z,25792917,4,63,2264.20,5.88,UP,-0.5,↘️ LEAN SHORT,0.01,0.93,2.25,50.19,18.1,3919432,1950,314,0.731,0.00
2026-08-20T01:15:44.812Z,25792978,4,58,2256.88,6.70,UP,-1.5,⬇️ SHORT,0.01,-0.11,2.51,48.76,30.2,4861223,1950,307,0.732,0.00
2026-08-20T01:35:29.670Z,25793077,4,52,2258.42,6.45,UP,-1.5,⬇️ SHORT,0.01,-0.42,2.04,47.51,56.2,2639489,1950,308,0.733,0.00
2026-08-20T01:50:17.535Z,25793151,4,23,2267.36,5.17,UP,-1.5,⬇️ SHORT,0.01,-0.36,2.02,47.65,67.9,2158811,1950,317,0.733,0.00
2026-08-20T02:11:29.282Z,25793257,4,58,2256.02,-9.25,DOWN,-3.5,⬇️⬇️ STRONG SHORT,0.01,0.6,1.41,51.26,34.6,803132,1950,306,0.733,0.00
2026-08-20T02:21:50.871Z,25793309,4,50,2258.49,-7.20,DOWN,-2.5,⬇️ SHORT,0.01,0.11,0.79,50.5,21.1,484132,1950,308,0.733,0.00
2026-08-20T03:01:30.415Z,25793506,4,68,2244.41,-6.16,DOWN,-2.5,⬇️ SHORT,0.01,-0.02,0.69,47.43,99.3,2404950,1950,294,0.731,0.00
2026-08-20T03:11:40.533Z,25793557,4,53,2223.15,-19.34,DOWN,-1.5,⬇️ SHORT,0.01,-1.37,1.31,43.46,98.7,10348246,1950,273,0.744,0.00
2026-08-20T03:21:55.250Z,25793608,4,73,2239.26,8.32,UP,-0.5,↘️ LEAN SHORT,0.01,-0.58,2.29,47.07,95.3,11773678,1950,289,0.744,0.00
2026-08-20T03:33:28.724Z,25793666,4,46,2240.53,6.41,UP,-0.5,↘️ LEAN SHORT,0.01,-0.71,2.47,47.88,95.2,11816566,1950,291,0.745,0.00
2026-08-20T03:45:55.671Z,25793728,3,28,2251.81,6.88,UP,-0.5,↘️ LEAN SHORT,0.01,-0.33,3.05,50.21,91.1,12295725,1950,302,0.753,0.00
2026-08-20T06:05:07.214Z,25794422,4,44,2239.04,-5.98,DOWN,-4.5,⬇️⬇️ STRONG SHORT,0.01,1.79,2.6,46.59,88.9,503774,1950,289,0.755,0.00
2026-08-20T06:22:54.079Z,25794510,4,53,2249.10,6.61,UP,-2.5,⬇️ SHORT,0.01,0.48,0.82,49.62,86.4,1558488,1950,299,0.760,0.00
2026-08-20T06:36:17.283Z,25794577,4,35,2256.85,7.42,UP,-1.5,⬇️ SHORT,0.01,0.64,1.26,53.03,60.5,2264611,1950,307,0.766,0.00
2026-08-20T07:13:26.036Z,25794763,4,49,2254.48,-5.23,DOWN,-5,⬇️⬇️ STRONG SHORT,0.01,0.75,1.45,56.59,4.5,2122715,1950,304,0.770,0.00
2026-08-20T07:33:41.496Z,25794864,3,40,2244.23,-6.50,DOWN,-3.5,⬇️⬇️ STRONG SHORT,0.01,-0.57,1.04,53.86,34.3,2427395,1950,294,0.770,0.00
2026-08-20T08:08:41.923Z,25795037,3,30,2257.08,8.99,UP,-1.5,⬇️ SHORT,0.01,-0.47,0.81,51.96,64.8,1396501,1950,307,0.773,0.00
2026-08-20T08:22:56.210Z,25795108,4,60,2272.26,-6.24,DOWN,-2.5,⬇️ SHORT,0.01,0.19,3.77,53.65,16.8,10990285,1950,322,0.780,0.00
2026-08-20T08:33:38.091Z,25795162,4,69,2269.50,-6.70,DOWN,-2.5,⬇️ SHORT,0.01,0.63,3.91,53.54,12.9,10782370,1950,320,0.761,0.00
2026-08-20T08:48:16.968Z,25795235,4,59,2275.67,5.06,UP,-0.5,↘️ LEAN SHORT,0.01,0.52,3.57,52.3,15.0,11251981,1950,326,0.763,0.00
2026-08-20T08:58:17.844Z,25795285,4,54,2281.02,5.64,UP,-1.5,⬇️ SHORT,0.01,0.54,3.71,52.82,49.1,20748910,1950,331,0.760,0.00
2026-08-20T09:08:30.223Z,25795335,4,61,2283.82,9.16,UP,-1.5,⬇️ SHORT,0.01,0.22,4.06,51.23,45.2,22646398,1950,334,0.728,0.00
2026-08-20T09:29:18.459Z,25795439,4,36,2284.55,-6.07,DOWN,-3.5,⬇️⬇️ STRONG SHORT,0.01,-0.07,2.05,50.94,54.1,16852910,1950,335,0.719,0.00
2026-08-20T09:50:42.533Z,25795546,4,42,2281.99,-5.73,DOWN,-2.5,⬇️ SHORT,0.01,0.34,3.05,50.91,12.0,9022950,1950,332,0.725,0.00
2026-08-20T10:06:39.720Z,25795624,4,53,2279.14,5.35,UP,-0.5,↘️ LEAN SHORT,0.01,0.01,3.07,50.67,16.5,8263854,1950,329,0.745,0.00
2026-08-20T10:16:41.849Z,25795674,4,52,2285.62,7.55,UP,-1.5,⬇️ SHORT,0.01,0.1,2.45,48.66,32.9,3407417,1950,336,0.740,0.00
2026-08-20T11:02:08.269Z,25795899,4,53,2287.72,9.26,UP,-2.5,⬇️ SHORT,0.01,0.58,1.44,53.49,6.0,1300737,1950,338,0.742,0.00
2026-08-20T11:12:05.129Z,25795949,4,62,2284.31,-5.55,DOWN,-4.5,⬇️⬇️ STRONG SHORT,0.01,0.15,1.34,51.92,5.8,1580919,1950,334,0.742,0.00
2026-08-20T11:32:18.876Z,25796049,3,47,2306.07,14.50,UP,-1.5,⬇️ SHORT,0.01,1.02,1.36,56.19,10.5,3625827,1950,356,0.749,0.00
2026-08-20T11:49:05.737Z,25796133,4,50,2312.15,5.09,UP,-3.5,⬇️⬇️ STRONG SHORT,0.01,1.3,2.58,55.54,8.7,10843244,1950,362,0.749,0.00
2026-08-20T11:59:15.863Z,25796184,4,84,2293.80,-9.24,DOWN,-2.5,⬇️ SHORT,0.01,0.2,3.22,53.85,22.2,14421939,1950,344,0.748,0.00
2026-08-20T12:09:29.623Z,25796234,4,60,2270.19,-16.71,DOWN,-3.5,⬇️⬇️ STRONG SHORT,0.01,-1.45,3.52,49.64,37.7,17492683,1950,320,0.766,0.00
2026-08-20T12:35:54.322Z,25796366,3,43,2272.92,-6.45,DOWN,-4.5,⬇️⬇️ STRONG SHORT,0.01,-1.44,3.23,48.05,74.7,8542808,1950,323,0.766,0.00
2026-08-20T12:47:09.409Z,25796422,4,58,2273.45,-5.71,DOWN,-4.5,⬇️⬇️ STRONG SHORT,0.01,-1.65,2.17,47.33,79.6,8264675,1950,323,0.756,0.00
2026-08-20T12:57:17.469Z,25796473,4,75,2288.15,7.87,UP,-2.5,⬇️ SHORT,0.01,-0.22,1.46,47.84,79.0,6725428,1950,338,0.756,0.00
2026-08-20T13:07:19.029Z,25796522,4,49,2293.80,7.96,UP,-1.5,⬇️ SHORT,0.01,0.87,0.55,51.25,66.9,4995935,1950,344,0.759,0.00
2026-08-20T13:25:54.180Z,25796615,4,46,2285.73,-6.69,DOWN,-3.5,⬇️⬇️ STRONG SHORT,0.01,0.46,-0.36,49.47,43.5,2908299,1950,336,0.761,0.00
2026-08-20T13:38:07.486Z,25796676,4,60,2257.74,-14.24,DOWN,-4.5,⬇️⬇️ STRONG SHORT,0.01,-0.93,0.11,48.84,86.3,13015400,1950,308,0.773,0.00
2026-08-20T13:49:26.940Z,25796733,4,54,2265.41,-6.48,DOWN,-4.5,⬇️⬇️ STRONG SHORT,0.01,-0.53,0.73,48.56,85.2,12277881,1950,315,0.773,0.00
2026-08-20T14:02:56.566Z,25796800,4,50,2278.43,5.24,UP,-2.5,⬇️ SHORT,0.01,-0.54,0.63,48,85.1,12333883,1950,328,0.775,0.00
2026-08-20T14:17:04.754Z,25796871,3,55,2277.07,-6.76,DOWN,-4.5,⬇️⬇️ STRONG SHORT,0.01,-0.85,0.37,47.83,85.8,12259058,1950,327,0.779,0.00
2026-08-20T14:29:17.099Z,25796932,4,63,2271.37,-5.10,DOWN,-4.5,⬇️⬇️ STRONG SHORT,0.01,-0.85,0.18,48.53,85.8,12324953,1950,321,0.787,0.00
2026-08-20T14:46:51.157Z,25797019,4,64,2271.37,-5.22,DOWN,-2.5,⬇️ SHORT,0.01,0.08,-0.55,51.48,20.1,1575817,1950,321,0.803,0.00
2026-08-20T15:01:22.747Z,25797091,4,69,2282.03,6.37,UP,-1.5,⬇️ SHORT,0.01,0.43,-4.56,50.94,34.7,779194,1950,332,0.803,0.00
2026-08-20T15:14:14.818Z,25797156,4,83,2295.13,5.97,UP,-0.5,↘️ LEAN SHORT,0.01,0.45,-7.49,50.8,28.9,5577651,1950,345,0.806,0.00
2026-08-20T15:24:53.073Z,25797209,4,86,2295.98,-11.86,DOWN,-2.5,⬇️ SHORT,0.01,0.88,-8.29,51.81,22.8,8917671,1950,346,0.800,0.00
2026-08-20T15:36:35.520Z,25797267,4,67,2302.55,-8.96,DOWN,-2.5,⬇️ SHORT,0.01,1,-14.09,51.58,10.4,19575870,1950,353,0.805,0.00
2026-08-20T15:47:43.546Z,25797323,4,66,2307.73,6.50,UP,-0.5,↘️ LEAN SHORT,0.01,1.18,-14.91,51.97,10.8,19789350,1950,358,0.813,0.00
2026-08-20T16:01:27.685Z,25797392,4,96,2319.52,-7.77,DOWN,-4.5,⬇️⬇️ STRONG SHORT,0.01,1.49,-11.07,51.74,8.4,28011123,1960,360,0.850,0.00
2026-08-20T16:12:40.888Z,25797448,4,70,2318.82,-7.61,DOWN,-4.5,⬇️⬇️ STRONG SHORT,0.01,1.61,-9.41,51.79,3.5,23067836,1960,359,0.863,0.00
2026-08-20T16:29:42.397Z,25797533,4,60,2323.80,6.48,UP,-2.5,⬇️ SHORT,0.01,1.14,-5.76,50.96,4.6,20962954,1960,364,0.863,0.00
2026-08-20T16:40:42.548Z,25797588,4,79,2331.59,5.51,UP,-2.5,⬇️ SHORT,0.01,1.88,-2.45,51.96,3.3,21978367,1960,372,0.861,0.00
2026-08-20T16:53:21.636Z,25797651,4,79,2338.66,-5.88,DOWN,-4.5,⬇️⬇️ STRONG SHORT,0.01,0.92,-1.02,52,9.5,24696763,1960,379,0.842,0.00
2026-08-20T17:25:41.343Z,25797813,4,63,2340.98,6.39,UP,-0.5,↘️ LEAN SHORT,0.01,0.83,0.49,53.74,10.1,22544668,1960,381,0.794,0.00
2026-08-20T17:37:14.250Z,25797870,4,61,2338.42,-5.74,DOWN,-4.5,⬇️⬇️ STRONG SHORT,0.01,0.35,0.39,53.38,8.0,29106198,1960,378,0.794,0.00
2026-08-20T18:02:56.250Z,25797998,4,68,2336.12,-6.37,DOWN,-4.5,⬇️⬇️ STRONG SHORT,0.01,-0.45,-1.15,47.89,8.9,7291219,1960,376,0.799,0.00
2026-08-20T18:21:19.272Z,25798090,4,55,2330.08,6.49,UP,-0.5,↘️ LEAN SHORT,0.01,-0.93,0.21,47.06,29.7,9412156,1960,370,0.799,0.00
2026-08-20T18:31:30.202Z,25798141,4,65,2321.36,-5.62,DOWN,-2.5,⬇️ SHORT,0.01,-1.45,0.28,45.85,29.9,9443632,1960,361,0.799,0.00
2026-08-20T18:42:43.167Z,25798197,3,44,2310.09,-5.12,DOWN,-3.5,⬇️⬇️ STRONG SHORT,0.01,-1.93,0.88,45.23,41.2,10819657,1960,350,0.802,0.00
2026-08-20T18:52:54.846Z,25798248,4,69,2320.14,5.16,UP,-2.5,⬇️ SHORT,0.01,-1.53,1.21,46.38,88.1,5075595,1960,360,0.815,0.00
2026-08-20T19:02:54.640Z,25798298,4,51,2313.90,-6.07,DOWN,-4.5,⬇️⬇️ STRONG SHORT,0.01,-1.5,1.1,45.68,88.2,5001293,2000,314,0.817,0.00
2026-08-20T19:17:29.508Z,25798371,4,55,2324.41,5.29,UP,-2.5,⬇️ SHORT,0.01,0.2,0.19,51.43,78.6,2338515,2000,324,0.817,0.00
2026-08-20T19:49:26.216Z,25798530,4,42,2323.23,-5.59,DOWN,-1.5,⬇️ SHORT,0.00962,0.44,-0.6,51.9,26.9,925067,2000,323,0.817,0.00
2026-08-20T20:16:16.523Z,25798663,4,68,2317.33,-6.85,DOWN,-1.5,⬇️ SHORT,0.009241,-0.18,-1.93,50.58,23.1,801216,2000,317,0.817,0.00
2026-08-20T20:26:18.116Z,25798713,3,43,2325.80,5.27,UP,-0.5,↘️ LEAN SHORT,0.009394,-0.09,-2.17,49.2,34.7,576081,2000,326,0.817,0.00
2026-08-20T20:40:42.509Z,25798785,4,50,2320.32,-6.54,DOWN,-1.5,⬇️ SHORT,0.009561,-0.67,-2.91,49.55,24.1,794228,2000,320,0.817,0.00
2026-08-20T21:13:28.898Z,25798948,4,47,2318.67,5.14,UP,-0.5,↘️ LEAN SHORT,0.009892,-0.59,-16.12,50.24,37.1,618186,2000,319,0.818,0.00
2026-08-20T21:23:42.855Z,25798999,4,66,2316.04,-5.15,DOWN,-1.5,⬇️ SHORT,0.00988,-0.89,-17.4,50.29,28.9,739215,2000,316,0.818,0.00
2026-08-20T21:34:39.808Z,25799054,3,48,2319.01,5.33,UP,-0.5,↘️ LEAN SHORT,0.009552,-0.92,-18.03,48.4,53.4,523190,2000,319,0.817,0.00
2026-08-20T22:04:04.794Z,25799201,3,26,2308.11,-8.06,DOWN,-2.5,⬇️ SHORT,0.009214,-0.71,-14.3,48.1,36.6,295286,2000,308,0.818,0.00
2026-08-20T23:23:14.242Z,25799596,4,43,2327.09,5.24,UP,-2.5,⬇️ SHORT,0.009345,0.83,-3.66,57.31,1.2,767288,2000,327,0.821,0.00
2026-08-20T23:38:42.802Z,25799673,4,44,2326.26,-5.27,DOWN,-4.5,⬇️⬇️ STRONG SHORT,0.009353,0.44,-1.62,56.58,5.7,2385981,2000,326,0.823,0.00
2026-08-21T00:07:53.935Z,25799818,4,54,2331.31,5.50,UP,-0.5,↘️ LEAN SHORT,0.0092,0.58,-0.29,55.07,24.3,3071485,2100,231,0.797,0.00
2026-08-21T00:19:18.156Z,25799875,4,64,2344.90,14.66,UP,-2.5,⬇️ SHORT,0.009287,0.41,0.37,57.57,8.1,9947238,2100,245,0.796,0.00
2026-08-21T00:30:55.766Z,25799933,3,40,2337.47,-5.57,DOWN,-2.5,⬇️ SHORT,0.009545,0.5,0.03,56.47,11.4,8897786,2100,237,0.798,0.00
2026-08-21T00:41:26.360Z,25799986,4,56,2331.75,-5.02,DOWN,-4.5,⬇️⬇️ STRONG SHORT,0.009424,0.55,0.46,56.21,7.0,10558276,2100,232,0.799,0.00
2026-08-21T00:51:31.084Z,25800036,4,55,2344.29,9.26,UP,-2.5,⬇️ SHORT,0.009802,0.72,0.94,56.46,6.9,11514130,2100,244,0.797,0.00
2026-08-21T01:17:16.627Z,25800165,4,35,2350.49,6.33,UP,-3.5,⬇️⬇️ STRONG SHORT,0.01,0.47,0.59,55.05,6.1,9321304,2100,250,0.797,0.00
2026-08-21T01:28:51.140Z,25800223,4,71,2345.88,5.36,UP,-0.5,↘️ LEAN SHORT,0.01,-0.65,2.15,52.75,12.4,15008055,2100,246,0.798,0.00
2026-08-21T01:47:30.109Z,25800316,4,66,2361.85,5.87,UP,-0.5,↘️ LEAN SHORT,0.01,0.75,3.26,52.33,11.3,15961661,2100,262,0.832,0.00
2026-08-21T01:58:06.497Z,25800369,4,68,2360.76,-5.81,DOWN,-4.5,⬇️⬇️ STRONG SHORT,0.01,0.87,5.27,53.3,7.9,33568658,2100,261,0.832,0.00
2026-08-21T02:08:17.503Z,25800420,4,71,2356.86,10.48,UP,-0.5,↘️ LEAN SHORT,0.01,0.47,6.75,52.52,12.1,35727278,2100,257,0.833,0.00
2026-08-21T02:28:04.697Z,25800518,4,63,2354.83,5.69,UP,-0.5,↘️ LEAN SHORT,0.01,1.05,5.51,52.22,11.6,24073851,2100,255,0.827,0.00
2026-08-21T02:46:05.847Z,25800607,4,26,2349.06,-7.84,DOWN,-2.5,⬇️ SHORT,0.01,0.15,5.48,50.49,13.0,21133772,2100,249,0.828,0.00
2026-08-21T03:07:26.658Z,25800713,3,39,2336.97,-5.46,DOWN,-3.5,⬇️⬇️ STRONG SHORT,0.01,-0.56,2.25,47.33,60.5,1820090,2100,237,0.827,0.00
2026-08-21T03:38:37.770Z,25800867,4,47,2345.54,-5.28,DOWN,-3.5,⬇️⬇️ STRONG SHORT,0.01,-0.35,-0.27,47.73,61.4,1606569,2120,226,0.823,0.00
2026-08-21T04:00:18.800Z,25800975,4,50,2341.02,-6.95,DOWN,-3.5,⬇️⬇️ STRONG SHORT,0.01,0.06,-2.37,49.4,46.3,1108960,2120,221,0.807,0.00
2026-08-21T04:47:03.059Z,25801208,3,41,2350.58,5.61,UP,-1.5,⬇️ SHORT,0.01,0.34,0.12,46.56,62.2,295964,2120,231,0.807,0.00
2026-08-21T05:14:52.888Z,25801347,3,50,2355.33,5.41,UP,-2.5,⬇️ SHORT,0.01,0.71,0.5,50.9,4.8,224817,2120,235,0.806,0.00
2026-08-21T05:24:53.703Z,25801397,4,42,2354.20,-5.07,DOWN,-4.5,⬇️⬇️ STRONG SHORT,0.01,0.51,2,50.82,1.9,875650,2100,254,0.805,0.00
2026-08-21T05:51:31.405Z,25801530,4,49,2355.82,5.66,UP,-1.5,⬇️ SHORT,0.00982,0.35,2.29,50.21,7.6,958787,2100,256,0.794,0.00
2026-08-21T06:03:30.432Z,25801590,4,61,2370.13,7.93,UP,0.5,↗️ LEAN LONG,0.009853,0.69,2.85,53.28,12.8,2356983,2100,270,0.800,0.00
2026-08-21T06:13:38.269Z,25801641,4,59,2364.24,-8.16,DOWN,-2.5,⬇️ SHORT,0.01,0.7,3.23,52.5,21.2,4979804,2100,264,0.804,0.00
2026-08-21T06:23:40.669Z,25801690,4,69,2355.54,-7.70,DOWN,-3.5,⬇️⬇️ STRONG SHORT,0.01,0.19,1.66,50.62,32.5,4857098,2100,256,0.804,0.00
2026-08-21T06:33:44.586Z,25801740,4,61,2365.61,6.45,UP,-0.5,↘️ LEAN SHORT,0.009823,0.85,1.64,52.57,33.0,4989330,2100,266,0.804,0.00
2026-08-21T06:43:53.356Z,25801791,4,46,2362.95,-5.78,DOWN,-2.5,⬇️ SHORT,0.009938,0.7,1.28,53.41,32.2,5186673,2120,243,0.809,0.00
2026-08-21T06:54:20.246Z,25801843,4,69,2368.68,-6.63,DOWN,-1.5,⬇️ SHORT,0.009813,0.62,1.84,54.59,29.0,6190551,2120,249,0.807,0.00
2026-08-21T07:11:19.863Z,25801928,4,59,2377.08,5.48,UP,-0.5,↘️ LEAN SHORT,0.00999,0.63,1.24,53.52,37.5,3705518,2120,257,0.812,0.00
2026-08-21T07:21:32.018Z,25801978,4,64,2381.40,-12.98,DOWN,-4.5,⬇️⬇️ STRONG SHORT,0.01,1.44,3.43,54.52,7.8,27470360,2120,261,0.780,0.00
2026-08-21T07:32:19.062Z,25802032,4,63,2384.18,6.89,UP,-1.5,⬇️ SHORT,0.009962,1.9,3.8,54.05,7.4,27505492,2120,264,0.780,0.00
2026-08-21T07:42:29.189Z,25802083,4,62,2378.51,6.35,UP,-2.5,⬇️ SHORT,0.01,1.26,4.44,53.29,8.6,27783588,2140,239,0.796,0.00
2026-08-21T07:52:31.520Z,25802133,4,51,2372.38,-6.58,DOWN,-4.5,⬇️⬇️ STRONG SHORT,0.01,1.04,3.97,51.39,8.8,27282957,2140,232,0.803,0.00
2026-08-21T08:03:27.698Z,25802188,4,66,2376.29,6.17,UP,-2.5,⬇️ SHORT,0.01,1.01,3.81,51.19,9.5,26960554,2140,236,0.806,0.00
2026-08-21T08:20:13.733Z,25802271,4,62,2388.66,6.43,UP,-1.5,⬇️ SHORT,0.01,0.71,-0.53,50.5,38.5,3315241,2140,249,0.823,0.00
2026-08-21T08:32:31.147Z,25802332,4,26,2391.00,6.57,UP,-0.5,↘️ LEAN SHORT,0.01,0.39,-0.55,53.32,20.7,5227803,2140,251,0.820,0.00
2026-08-21T08:42:31.541Z,25802382,4,87,2410.71,11.64,UP,-3.5,⬇️⬇️ STRONG SHORT,0.01,1,1.02,55.92,3.6,29623415,2150,261,0.737,0.00
2026-08-21T08:52:38.582Z,25802433,4,69,2434.16,8.97,UP,-3,⬇️⬇️ STRONG SHORT,0.01,1.75,3.66,55.37,2.4,56491835,2150,284,0.693,0.00
2026-08-21T09:02:39.077Z,25802482,4,83,2405.19,-32.37,DOWN,-4,⬇️⬇️ STRONG SHORT,0.01,0.03,5.85,53.18,8.0,73894762,2150,255,0.691,0.00
2026-08-21T09:12:44.693Z,25802532,4,87,2401.21,13.57,UP,0,↔️ NEUTRAL,0.01,-0.69,9.29,51.08,21.6,94392495,2150,251,0.662,0.00
2026-08-21T09:23:27.191Z,25802586,4,79,2386.57,-5.76,DOWN,-2,⬇️ SHORT,0.01,-1.18,11.19,50.63,23.8,97282680,2150,237,0.688,0.00
2026-08-21T09:33:28.080Z,25802636,4,69,2396.04,5.62,UP,0,↔️ NEUTRAL,0.01,-1.08,10.05,49.85,24.3,95759533,2150,246,0.691,0.00
2026-08-21T09:44:03.712Z,25802689,4,72,2406.50,8.09,UP,-1,↘️ LEAN SHORT,0.01,-0.75,7.98,48.67,32.7,71368921,2150,257,0.691,0.00
2026-08-21T09:56:50.886Z,25802753,4,71,2403.63,-6.96,DOWN,-3,⬇️⬇️ STRONG SHORT,0.01,-1.42,4.8,46.84,63.3,36119443,2150,254,0.693,0.00
2026-08-21T10:11:54.375Z,25802827,4,72,2402.37,5.73,UP,-2.5,⬇️ SHORT,0.01,1.1,0.93,48.9,73.8,7628709,2180,222,0.728,0.00
2026-08-21T10:27:26.738Z,25802905,4,64,2391.27,-13.72,DOWN,-3.5,⬇️⬇️ STRONG SHORT,0.01,0.57,0.59,48.77,57.4,5224513,2180,211,0.732,0.00
2026-08-21T10:39:17.795Z,25802964,4,55,2395.82,5.68,UP,-1.5,⬇️ SHORT,0.01,0.38,0.91,48.41,66.5,4939401,2200,196,0.735,0.00
2026-08-21T10:51:53.606Z,25803027,4,42,2395.60,-6.39,DOWN,-4.5,⬇️⬇️ STRONG SHORT,0.01,-0.14,0.45,47.6,73.2,4488638,2200,196,0.743,0.00
2026-08-21T11:10:03.451Z,25803118,4,56,2389.85,-5.57,DOWN,-3.5,⬇️⬇️ STRONG SHORT,0.01,0,-0.06,47.78,54.1,1281929,2200,190,0.745,0.00
2026-08-21T11:20:18.596Z,25803169,4,69,2377.90,-5.11,DOWN,-3.5,⬇️⬇️ STRONG SHORT,0.01,-0.94,0.82,44.24,89.9,5502872,2200,178,0.752,0.00
2026-08-21T11:32:54.497Z,25803232,4,65,2369.34,-11.59,DOWN,-1.5,⬇️ SHORT,0.01,-0.94,0.81,44.84,90.0,7059565,2200,169,0.754,0.00
2026-08-21T11:48:32.090Z,25803310,4,51,2361.81,-9.08,DOWN,-1.5,⬇️ SHORT,0.01,-1.5,0.92,44.86,91.5,10348567,2200,162,0.732,0.00
2026-08-21T12:00:06.709Z,25803368,4,51,2367.62,-6.43,DOWN,-4.5,⬇️⬇️ STRONG SHORT,0.01,-1.03,0.53,45.58,88.5,10987272,2200,168,0.736,0.00
2026-08-21T12:14:27.526Z,25803440,3,41,2376.66,5.01,UP,-2.5,⬇️ SHORT,0.01,0.1,-1.14,47.32,79.7,7038113,2200,177,0.737,0.00
2026-08-21T12:36:58.687Z,25803552,3,23,2380.55,6.69,UP,-0.5,↘️ LEAN SHORT,0.01,0.81,-1.68,51.15,28.4,1521075,2200,181,0.745,0.00
2026-08-21T12:55:03.126Z,25803643,3,55,2385.64,-7.88,DOWN,-4.5,⬇️⬇️ STRONG SHORT,0.01,0.84,-1.23,51.8,9.9,3105165,2200,186,0.748,0.00
2026-08-21T13:07:38.616Z,25803706,3,51,2390.88,7.02,UP,-2.5,⬇️ SHORT,0.01,1.09,-0.7,52.54,5.4,2619990,2200,191,0.748,0.00
2026-08-21T13:20:57.351Z,25803772,4,58,2381.70,-6.04,DOWN,-2.5,⬇️ SHORT,0.01,0.48,0.01,52.59,12.6,2874432,2200,182,0.744,0.00
2026-08-21T13:31:14.968Z,25803822,4,62,2376.95,-7.33,DOWN,-2.5,⬇️ SHORT,0.01,0.24,-0.39,51.46,15.2,3538224,2200,177,0.739,0.00
2026-08-21T13:41:16.497Z,25803871,4,73,2389.02,16.94,UP,-1.5,⬇️ SHORT,0.01,0.16,-0.95,50.28,51.1,4764039,2200,189,0.738,0.00
2026-08-21T13:51:26.033Z,25803922,4,87,2399.39,7.87,UP,-1.5,⬇️ SHORT,0.01,0.46,-0.5,50.43,52.3,4677623,2200,199,0.738,0.00
2026-08-21T14:02:29.766Z,25803977,4,77,2378.93,-6.29,DOWN,-3.5,⬇️⬇️ STRONG SHORT,0.01,-0.07,0.4,49.43,59.7,5683324,2220,159,0.741,0.00
2026-08-21T14:15:03.701Z,25804040,4,66,2376.43,-5.88,DOWN,-3.5,⬇️⬇️ STRONG SHORT,0.01,-0.23,0.76,48.86,64.0,6364120,2220,156,0.741,0.00
2026-08-21T14:25:07.625Z,25804090,4,72,2378.74,6.04,UP,-1.5,⬇️ SHORT,0.01,-0.15,1.25,50.03,63.8,7036735,2220,159,0.741,0.00
2026-08-21T14:38:02.222Z,25804155,4,76,2387.47,-5.91,DOWN,-3.5,⬇️⬇️ STRONG SHORT,0.01,0.76,2.02,51.24,45.5,4863961,2220,167,0.736,0.00
2026-08-21T14:48:03.202Z,25804205,4,73,2388.43,7.01,UP,-1.5,⬇️ SHORT,0.01,-0.62,2.03,50.41,58.1,4479962,2220,168,0.734,0.00
2026-08-21T15:05:41.677Z,25804293,4,21,2396.38,6.05,UP,-1.5,⬇️ SHORT,0.01,0.72,0.27,52.51,47.4,2618599,2220,176,0.737,0.00
2026-08-21T15:16:17.988Z,25804346,4,53,2402.15,5.36,UP,-0.5,↘️ LEAN SHORT,0.01,0.87,0.22,51.99,29.4,3219693,2220,182,0.737,0.00
2026-08-21T15:37:30.298Z,25804452,3,48,2395.89,-5.90,DOWN,-3.5,⬇️⬇️ STRONG SHORT,0.01,0.3,-2.84,52.54,31.3,2212330,2220,176,0.751,0.00
2026-08-21T15:56:05.988Z,25804545,4,76,2392.69,-5.15,DOWN,-2.5,⬇️ SHORT,0.01,0.55,-4.75,51.92,15.9,1910569,2220,173,0.752,0.00
2026-08-21T16:06:43.024Z,25804598,3,45,2388.72,-5.07,DOWN,-2.5,⬇️ SHORT,0.01,-0.33,-5.11,49.13,29.5,1431400,2220,169,0.753,0.00
2026-08-21T16:17:53.689Z,25804654,4,57,2393.29,6.84,UP,-2.5,⬇️ SHORT,0.01,-0.78,-5.11,50.22,72.7,843708,2220,173,0.756,0.00
2026-08-21T16:30:40.312Z,25804718,4,48,2399.98,5.34,UP,-1.5,⬇️ SHORT,0.01,-0.13,-3.91,51.3,48.2,891933,2220,180,0.753,0.00
2026-08-21T16:49:26.919Z,25804812,3,15,2404.81,6.11,UP,-1.5,⬇️ SHORT,0.01,0.12,-4.48,52.53,51.7,988615,2220,185,0.768,0.00
2026-08-21T17:08:43.459Z,25804907,4,41,2414.20,7.38,UP,-3.5,⬇️⬇️ STRONG SHORT,0.01,1.09,-2.15,58.36,3.0,2618349,2220,194,0.772,0.00
2026-08-21T17:20:53.991Z,25804968,4,53,2406.67,-5.72,DOWN,-4.5,⬇️⬇️ STRONG SHORT,0.01,0.58,-1.7,54.08,8.6,5509224,2220,187,0.772,0.00
2026-08-21T17:31:06.962Z,25805019,4,79,2416.79,9.47,UP,-0.5,↘️ LEAN SHORT,0.01,0.52,-1.51,52.4,11.5,5612000,2220,197,0.773,0.00
2026-08-21T17:41:19.314Z,25805070,4,60,2422.40,5.97,UP,-0.5,↘️ LEAN SHORT,0.01,0.94,-0.7,54.27,10.4,6383723,2220,202,0.768,0.00
2026-08-21T17:51:27.353Z,25805121,4,62,2422.74,6.26,UP,-0.5,↘️ LEAN SHORT,0.01,0.48,1.16,53.17,11.4,5849199,2220,203,0.769,0.00
2026-08-21T18:12:55.132Z,25805228,3,57,2418.48,-5.26,DOWN,-2.5,⬇️ SHORT,0.01,0.2,0.17,51.57,16.3,1606390,2220,198,0.770,0.00
2026-08-21T18:26:17.537Z,25805295,4,60,2422.57,-5.90,DOWN,-4.5,⬇️⬇️ STRONG SHORT,0.01,0.88,-0.14,54.24,5.5,2101406,2220,203,0.776,0.00
2026-08-21T18:38:19.025Z,25805355,4,54,2415.80,-5.19,DOWN,-2.5,⬇️ SHORT,0.01,0,-0.98,53.1,14.8,2075716,2220,196,0.778,0.00
2026-08-21T18:48:29.275Z,25805406,4,75,2400.84,-8.38,DOWN,-3.5,⬇️⬇️ STRONG SHORT,0.01,-1.1,-0.77,47,61.4,2458414,2220,181,0.768,0.00
2026-08-21T18:58:41.936Z,25805457,4,86,2414.56,9.68,UP,-1.5,⬇️ SHORT,0.01,-0.88,-0.25,47.83,57.2,2937168,2220,195,0.767,0.00
2026-08-21T19:18:53.248Z,25805556,4,69,2407.97,-5.10,DOWN,-3.5,⬇️⬇️ STRONG SHORT,0.01,-0.89,0.89,46.42,54.8,3165960,2220,188,0.768,0.00
2026-08-21T19:29:02.617Z,25805607,4,46,2416.14,6.03,UP,-1.5,⬇️ SHORT,0.01,-0.63,0.77,45.48,67.9,2557610,2220,196,0.780,0.00
2026-08-21T20:02:05.736Z,25805772,4,54,2407.89,-6.78,DOWN,-4.5,⬇️⬇️ STRONG SHORT,0.01,-0.26,-0.52,46.33,74.0,464284,2240,168,0.796,0.00
2026-08-21T20:18:52.068Z,25805855,4,64,2428.89,5.13,UP,-0.5,↘️ LEAN SHORT,0.01,0.72,0.42,53.14,16.9,2062717,2240,189,0.796,0.00
2026-08-21T20:35:06.909Z,25805936,4,66,2435.91,-6.55,DOWN,-5,⬇️⬇️ STRONG SHORT,0.01,0.99,1.64,55.49,6.0,7986510,2240,196,0.813,0.00
2026-08-21T20:47:18.415Z,25805997,4,36,2429.98,-6.23,DOWN,-5,⬇️⬇️ STRONG SHORT,0.01,0.82,1.92,55.35,7.4,8136718,2240,190,0.813,0.00
2026-08-21T21:12:04.463Z,25806121,4,56,2448.11,13.15,UP,-3.5,⬇️⬇️ STRONG SHORT,0.01,0.88,1.62,57.41,5.1,7272884,2240,208,0.811,0.00
2026-08-21T21:24:26.275Z,25806182,4,66,2472.86,20.45,UP,-3.5,⬇️⬇️ STRONG SHORT,0.01,1.49,3,57.44,4.2,13254387,2240,233,0.810,0.00
2026-08-21T21:34:26.754Z,25806232,4,77,2488.57,11.40,UP,-3.5,⬇️⬇️ STRONG SHORT,0.01,1.49,4.51,56.73,2.7,40058879,2240,249,0.810,0.00
2026-08-21T21:44:28.111Z,25806282,4,31,2482.03,5.60,UP,-3.5,⬇️⬇️ STRONG SHORT,0.01,1.22,5.01,55.23,2.8,42321215,2240,242,0.813,0.00
2026-08-21T21:54:30.753Z,25806332,4,72,2507.83,14.91,UP,-2.5,⬇️ SHORT,0.01,1.77,6.36,54.88,3.0,51681239,2240,268,0.817,0.00
2026-08-21T22:04:38.224Z,25806383,4,75,2526.26,12.75,UP,-2.5,⬇️ SHORT,0.01,2.61,8.42,56.6,3.3,74305052,2250,276,0.835,0.00
2026-08-21T22:15:30.075Z,25806437,4,75,2537.03,5.59,UP,-2.5,⬇️ SHORT,0.01,3.1,9.08,55.64,3.5,75891748,2250,287,0.834,0.00
2026-08-21T22:31:28.140Z,25806517,4,58,2511.05,-20.50,DOWN,-4.5,⬇️⬇️ STRONG SHORT,0.01,1.02,7.17,51.62,5.2,55495347,2250,261,0.831,0.00
2026-08-21T22:46:39.729Z,25806591,4,63,2521.82,-6.43,DOWN,-4.5,⬇️⬇️ STRONG SHORT,0.01,1.06,6.89,51.58,7.3,44024368,2250,272,0.830,0.00
2026-08-21T23:01:54.872Z,25806667,4,51,2518.68,-6.18,DOWN,-2.5,⬇️ SHORT,0.01,0.38,4.78,48.33,11.0,25856428,2250,269,0.825,0.00
2026-08-21T23:12:04.128Z,25806718,4,51,2524.00,6.98,UP,-0.5,↘️ LEAN SHORT,0.01,-0.03,3.17,44.67,62.7,2656987,2250,274,0.825,0.00
2026-08-21T23:23:06.733Z,25806773,4,63,2542.46,9.70,UP,-1.5,⬇️ SHORT,0.01,0.64,2.96,47.95,31.4,4349619,2250,292,0.834,0.00
2026-08-21T23:33:08.769Z,25806823,4,56,2527.75,5.02,UP,-0.5,↘️ LEAN SHORT,0.01,1.31,2.33,48.23,17.0,3573210,2250,278,0.836,0.00
2026-08-21T23:44:17.672Z,25806879,4,51,2522.44,6.31,UP,-0.5,↘️ LEAN SHORT,0.01,0.5,1.88,47.97,25.9,3264666,2250,272,0.837,0.00
2026-08-21T23:54:26.024Z,25806930,4,59,2513.34,-6.15,DOWN,-2.5,⬇️ SHORT,0.01,0.17,1.65,46.79,29.5,3308931,2250,263,0.839,0.00
2026-08-22T00:04:39.310Z,25806981,4,42,2506.59,-7.41,DOWN,-3,⬇️⬇️ STRONG SHORT,0.01,0.04,1.55,47.51,31.2,3455508,2320,187,0.691,0.00
2026-08-22T00:17:31.545Z,25807045,4,41,2504.07,6.07,UP,-1,↘️ LEAN SHORT,0.01,-0.74,1.68,45.9,68.7,9502144,2320,184,0.691,0.00
2026-08-22T00:41:54.952Z,25807167,4,43,2504.70,-5.53,DOWN,-4,⬇️⬇️ STRONG SHORT,0.01,-0.38,0.19,48.1,85.3,7133763,2320,185,0.691,0.00
2026-08-22T00:52:42.538Z,25807221,4,38,2512.35,8.25,UP,-2,⬇️ SHORT,0.01,0.03,-0.08,48.73,81.2,7157642,2320,192,0.693,0.00
2026-08-22T01:05:50.790Z,25807287,4,30,2525.51,6.51,UP,-2,⬇️ SHORT,0.01,0.79,-0.48,50.36,77.7,7161574,2320,206,0.699,0.00
2026-08-22T01:17:40.755Z,25807345,4,51,2519.28,5.02,UP,-2.5,⬇️ SHORT,0.01,1.17,-1.23,52.84,8.4,902331,2320,199,0.701,0.00
2026-08-22T01:33:53.125Z,25807424,3,19,2526.04,8.97,UP,-2.5,⬇️ SHORT,0.01,1.07,-2.45,52.4,9.6,1229645,2320,206,0.704,0.00
2026-08-22T01:56:27.023Z,25807536,4,50,2517.60,5.19,UP,-0.5,↘️ LEAN SHORT,0.01,0.39,-4.15,48.87,23.7,1067418,2320,198,0.704,0.00
2026-08-22T02:17:54.056Z,25807641,4,63,2512.56,5.52,UP,-0.5,↘️ LEAN SHORT,0.01,-0.66,-5.19,43.93,42.0,2469418,2320,193,0.705,0.00
2026-08-22T02:33:38.984Z,25807720,4,44,2510.30,-6.77,DOWN,-2.5,⬇️ SHORT,0.01,-1.11,-3.59,44.45,42.0,3013353,2320,190,0.705,0.00
2026-08-22T03:04:54.435Z,25807876,4,47,2517.39,5.13,UP,-1.5,⬇️ SHORT,0.01,-0.15,-2.17,50.64,54.6,3088621,2320,197,0.706,0.00
2026-08-22T03:18:40.339Z,25807945,4,61,2517.73,5.40,UP,-1.5,⬇️ SHORT,0.01,-0.28,-1.8,49.25,51.6,3075852,2320,198,0.706,0.00
2026-08-22T03:31:18.992Z,25808008,4,60,2519.32,-5.21,DOWN,-3.5,⬇️⬇️ STRONG SHORT,0.01,-0.46,-1.6,48.61,39.2,4028513,2320,199,0.706,0.00
2026-08-22T03:52:53.975Z,25808116,4,67,2519.74,5.03,UP,-2.5,⬇️ SHORT,0.01,0.33,-0.52,49.77,6.2,2718601,2320,200,0.706,0.00
2026-08-22T04:03:18.920Z,25808168,4,45,2510.79,-6.24,DOWN,-4.5,⬇️⬇️ STRONG SHORT,0.01,-0.21,-0.56,47.72,7.2,2518127,2320,191,0.706,0.00
2026-08-22T04:17:20.035Z,25808237,4,43,2510.44,-6.86,DOWN,-2.5,⬇️ SHORT,0.01,-0.35,-0.39,47.19,17.0,2294331,2320,190,0.711,0.00
2026-08-22T04:35:11.823Z,25808326,4,57,2520.46,6.12,UP,-0.5,↘️ LEAN SHORT,0.01,-0.08,-0.15,47.23,22.8,3033283,2320,200,0.715,0.00
2026-08-22T04:48:41.445Z,25808394,4,42,2521.12,-5.31,DOWN,-2.5,⬇️ SHORT,0.01,0,0.31,48.29,16.1,5171851,2320,201,0.707,0.00
2026-08-22T05:08:30.440Z,25808492,4,32,2502.82,-12.33,DOWN,-2.5,⬇️ SHORT,0.01,-0.67,0.71,47.06,24.0,5447999,2340,163,0.712,0.00
2026-08-22T05:19:02.402Z,25808544,4,83,2436.73,-8.14,DOWN,-5,⬇️⬇️ STRONG SHORT,0.01,-5.06,6.43,45.77,89.1,109620363,2340,97,0.718,0.00
2026-08-22T05:29:05.236Z,25808594,4,89,2437.47,7.95,UP,-1.5,⬇️ SHORT,0.01,-5.09,6.8,46.58,88.8,110923474,2340,97,0.722,0.00
2026-08-22T05:39:18.892Z,25808645,4,71,2432.49,-6.34,DOWN,-3.5,⬇️⬇️ STRONG SHORT,0.01,-5.63,6.91,46.7,90.2,109239932,2340,92,0.725,0.00
2026-08-22T05:49:50.324Z,25808698,4,75,2439.76,9.17,UP,0.5,↗️ LEAN LONG,0.01,-5.11,7.04,46.95,91.5,108180438,2340,100,0.724,0.00
2026-08-22T06:01:18.370Z,25808755,4,61,2438.83,5.07,UP,0.5,↗️ LEAN LONG,0.01,-4.66,6.59,47.24,91.5,108139014,2340,99,0.722,0.00
2026-08-22T06:13:30.775Z,25808816,4,61,2428.99,-5.06,DOWN,-4.5,⬇️⬇️ STRONG SHORT,0.01,-0.37,1.75,51.38,81.2,12234298,2340,89,0.726,0.00
2026-08-22T06:24:31.017Z,25808871,3,53,2433.13,5.75,UP,-2.5,⬇️ SHORT,0.01,0.67,-0.04,51.62,71.3,3220416,2340,93,0.726,0.00
2026-08-22T06:34:39.525Z,25808922,4,54,2418.39,-10.20,DOWN,-4.5,⬇️⬇️ STRONG SHORT,0.01,-0.31,-0.51,48.84,86.6,5291318,2340,78,0.726,0.00
2026-08-22T06:45:31.355Z,25808976,4,70,2431.48,-5.49,DOWN,-4.5,⬇️⬇️ STRONG SHORT,0.01,0.38,-0.66,48.36,82.0,4906559,2340,91,0.727,0.00
2026-08-22T07:03:14.337Z,25809064,4,60,2442.35,6.88,UP,-2.5,⬇️ SHORT,0.01,0.34,-1.53,48.32,86.1,4682430,2340,102,0.727,0.00
2026-08-22T07:13:18.747Z,25809114,4,58,2428.94,-13.69,DOWN,-3.5,⬇️⬇️ STRONG SHORT,0.01,0.1,-1.16,48.06,69.6,4020925,2340,89,0.728,0.00
2026-08-22T07:23:27.701Z,25809165,4,56,2435.53,7.80,UP,-1.5,⬇️ SHORT,0.01,0.2,-2.62,48.68,67.6,4261944,2340,96,0.728,0.00
2026-08-22T08:10:06.301Z,25809398,4,52,2434.85,5.70,UP,-2.5,⬇️ SHORT,0.01,-0.3,-4.51,48.62,74.0,1005456,2340,95,0.761,0.00
2026-08-22T08:20:16.379Z,25809449,4,65,2433.08,-5.21,DOWN,-3.5,⬇️⬇️ STRONG SHORT,0.01,0.32,-3.26,51.28,54.0,690926,2340,93,0.774,0.00
2026-08-22T08:30:17.845Z,25809499,4,65,2425.31,-7.46,DOWN,-4.5,⬇️⬇️ STRONG SHORT,0.01,-0.25,-3.57,47.25,88.8,710125,2340,85,0.783,0.00
2026-08-22T09:03:30.868Z,25809664,4,61,2416.71,-6.40,DOWN,-4.5,⬇️⬇️ STRONG SHORT,0.01,-0.24,-8.79,46.17,86.3,2546679,2340,77,0.788,0.00
2026-08-22T09:13:37.614Z,25809715,3,40,2423.76,6.27,UP,-2.5,⬇️ SHORT,0.01,-0.24,-11.07,45.43,87.8,2467022,2340,84,0.784,0.00
2026-08-22T09:48:41.547Z,25809889,4,34,2415.23,-5.32,DOWN,-4.5,⬇️⬇️ STRONG SHORT,0.01,0.04,-9.85,47.03,87.9,554218,2340,75,0.782,0.00
2026-08-22T10:03:16.656Z,25809962,4,37,2414.01,-5.41,DOWN,-2.5,⬇️ SHORT,0.01,0.12,-5.96,49.07,91.1,652942,2340,74,0.782,0.00
2026-08-22T10:13:18.969Z,25810012,4,65,2403.51,-6.07,DOWN,-2.5,⬇️ SHORT,0.01,-0.57,-2.75,46.2,97.5,2268668,2340,64,0.746,0.00
2026-08-22T10:23:19.134Z,25810062,4,56,2392.19,-9.63,DOWN,-1.5,⬇️ SHORT,0.01,-0.96,-1.72,42.75,98.7,5586624,2340,52,0.718,0.00
2026-08-22T10:38:14.009Z,25810137,4,46,2408.06,5.15,UP,-2.5,⬇️ SHORT,0.01,-0.07,-0.44,47.1,81.2,8224477,2350,58,0.718,0.00
2026-08-22T11:04:03.480Z,25810266,4,59,2404.35,-7.11,DOWN,-3.5,⬇️⬇️ STRONG SHORT,0.01,-0.01,0.57,48.85,66.6,7819361,2350,54,0.715,0.00
2026-08-22T12:09:44.080Z,25810593,3,31,2426.58,5.33,UP,-2.5,⬇️ SHORT,0.01,0.55,-4.06,50.47,7.1,1856869,2350,77,0.701,0.00
2026-08-22T14:07:14.474Z,25811178,3,39,2420.95,-7.16,DOWN,-3,⬇️⬇️ STRONG SHORT,0.01,-0.04,-4.91,48.03,53.0,224320,2350,71,0.697,0.00
2026-08-22T14:40:30.735Z,25811342,4,48,2416.32,-5.00,DOWN,-4.5,⬇️⬇️ STRONG SHORT,0.01,-0.38,-4.46,48.18,79.2,1015370,2350,66,0.707,0.00
2026-08-22T16:17:16.098Z,25811825,3,39,2415.21,5.71,UP,-2,⬇️ SHORT,0.01,0.18,-1.35,52.23,7.3,253878,2350,65,0.692,0.00
2026-08-22T17:29:29.645Z,25812185,4,25,2418.16,-6.04,DOWN,-4,⬇️⬇️ STRONG SHORT,0.01,-0.02,-2.52,49.19,2.8,3834629,2350,68,0.693,0.00
2026-08-22T17:51:20.169Z,25812294,3,27,2428.02,5.47,UP,-2,⬇️ SHORT,0.01,0.17,-3.46,47.82,2.7,3709440,2350,78,0.693,0.00
2026-08-22T19:47:41.556Z,25812874,3,12,2436.62,5.80,UP,-1,↘️ LEAN SHORT,0.01,0.36,-1.67,55.51,12.6,455115,2350,87,0.693,0.00
2026-08-22T21:03:03.815Z,25813245,4,69,2423.04,-6.66,DOWN,-3,⬇️⬇️ STRONG SHORT,0.01,-0.73,-4.24,39.99,86.0,601962,2350,73,0.694,0.00
2026-08-22T21:14:08.673Z,25813298,4,38,2415.16,-5.22,DOWN,-1,↘️ LEAN SHORT,0.01,-1.46,-4.22,36.65,96.2,1551630,2350,65,0.695,0.00
2026-08-22T21:34:52.400Z,25813402,4,59,2415.40,-5.21,DOWN,-1,↘️ LEAN SHORT,0.01,-1.22,-6.04,40.57,99.1,4410393,2350,65,0.695,0.00
2026-08-22T22:06:27.709Z,25813560,4,60,2416.02,6.01,UP,0,↔️ NEUTRAL,0.01,-0.26,-10.07,47.3,96.8,4669413,2350,66,0.697,0.00
2026-08-22T22:32:43.117Z,25813691,4,44,2413.90,-8.57,DOWN,-3,⬇️⬇️ STRONG SHORT,0.01,-0.01,-10.23,50.61,61.7,2417725,2350,64,0.693,0.00
2026-08-23T00:25:40.216Z,25814254,4,32,2424.91,5.05,UP,-2.5,⬇️ SHORT,0.01,0.2,-5.42,53.83,0.9,248494,2400,25,1.862,0.00
2026-08-23T00:51:30.018Z,25814383,4,34,2431.43,5.61,UP,-2.5,⬇️ SHORT,0.01,0.13,-4.25,54.43,2.1,918984,2400,31,1.859,0.00
2026-08-23T01:03:41.493Z,25814444,3,48,2426.50,-6.20,DOWN,-4.5,⬇️⬇️ STRONG SHORT,0.01,0.07,-3.67,52.48,3.0,1202015,2400,26,1.859,0.00
2026-08-23T01:23:07.354Z,25814541,4,55,2429.85,5.52,UP,-2.5,⬇️ SHORT,0.01,0.15,-1.87,54.21,3.9,1224479,2400,30,1.852,0.00
2026-08-23T01:34:26.964Z,25814598,4,43,2421.61,-7.40,DOWN,-4.5,⬇️⬇️ STRONG SHORT,0.01,-0.41,-1.81,49.4,7.7,1110305,2400,22,1.852,0.00
2026-08-23T01:56:53.065Z,25814710,4,43,2420.94,-5.05,DOWN,-3.5,⬇️⬇️ STRONG SHORT,0.01,-0.65,-2.07,43.55,85.5,238563,2400,21,1.852,0.00
2026-08-23T02:24:15.062Z,25814846,4,51,2410.42,-6.61,DOWN,-1.5,⬇️ SHORT,0.01,-0.91,-1.42,42.82,98.4,831003,2400,10,1.858,0.00
2026-08-23T03:32:03.936Z,25815184,3,39,2406.41,-6.10,DOWN,-4.5,⬇️⬇️ STRONG SHORT,0.01,-0.11,-1.49,47.56,74.0,382570,2400,6,1.921,0.00
2026-08-23T04:08:14.812Z,25815362,4,64,2406.13,-6.98,DOWN,-2.5,⬇️ SHORT,0.01,-0.17,-1.57,49.7,98.6,401195,2400,6,1.763,0.00
2026-08-23T04:20:31.877Z,25815423,3,55,2405.36,-6.17,DOWN,-2.5,⬇️ SHORT,0.01,-0.35,-0.82,48.63,92.3,641593,2400,5,1.739,0.00
2026-08-23T04:34:26.381Z,25815493,4,36,2404.17,-5.20,DOWN,-4.5,⬇️⬇️ STRONG SHORT,0.01,-0.1,-0.56,49.38,76.4,353628,2400,4,1.733,0.00
2026-08-23T04:46:53.666Z,25815555,4,33,2393.44,-10.51,DOWN,-1.5,⬇️ SHORT,0.01,-0.79,-0.53,44.99,98.5,14199728,2400,-7,1.740,0.00
2026-08-23T05:00:02.081Z,25815621,4,56,2378.27,-6.24,DOWN,-1.5,⬇️ SHORT,0.01,-1.52,3.31,44.77,91.3,26970680,2400,-22,1.793,0.00
2026-08-23T05:10:02.843Z,25815671,4,62,2370.36,-10.38,DOWN,-2.5,⬇️ SHORT,0.01,-1.59,1.35,47.36,92.2,31595037,2400,-30,1.797,0.00
2026-08-23T05:20:06.654Z,25815721,4,78,2377.32,11.08,UP,-0.5,↘️ LEAN SHORT,0.01,-1.46,-6.87,47.19,91.6,38537035,2400,-23,1.797,0.00
2026-08-23T05:39:27.408Z,25815817,4,55,2372.95,-6.61,DOWN,-4.5,⬇️⬇️ STRONG SHORT,0.01,-1.14,-7.75,47.83,88.8,39579913,2400,-27,1.788,0.00
2026-08-23T06:15:05.408Z,25815995,4,47,2377.44,6.80,UP,-2.5,⬇️ SHORT,0.01,0.41,-4.26,50.86,70.8,7107712,2400,-23,1.804,0.00
2026-08-23T06:32:43.340Z,25816083,3,33,2392.65,6.27,UP,-0.5,↘️ LEAN SHORT,0.01,0.71,-1.41,54.05,13.0,1580584,2400,-7,1.802,0.00
2026-08-23T08:08:49.876Z,25816563,3,33,2393.13,6.05,UP,-0.5,↘️ LEAN SHORT,0.01,0.28,-1.58,47.03,12.5,147446,2400,-7,1.770,0.00
2026-08-23T08:35:18.688Z,25816695,4,33,2411.62,5.60,UP,-1.5,⬇️ SHORT,0.01,1.24,0.99,55.65,26.1,4730484,2400,12,1.749,0.00
2026-08-23T11:20:56.015Z,25817520,4,29,2423.25,5.07,UP,-3.5,⬇️⬇️ STRONG SHORT,0.01,0.32,-3.1,55.56,2.4,447965,2400,23,1.592,0.00
2026-08-23T11:39:32.334Z,25817613,4,45,2433.82,6.07,UP,-3.5,⬇️⬇️ STRONG SHORT,0.01,0.64,0.01,58.51,2.6,3317704,2400,34,1.559,0.00
2026-08-23T11:49:38.301Z,25817664,4,54,2427.86,-5.50,DOWN,-5,⬇️⬇️ STRONG SHORT,0.01,0.41,0.94,56.02,5.1,4070413,2400,28,1.588,0.00
2026-08-23T12:06:27.790Z,25817748,4,32,2424.85,-5.03,DOWN,-5,⬇️⬇️ STRONG SHORT,0.01,0.53,2.09,56.3,6.3,4118526,2400,25,1.578,0.00
2026-08-23T13:18:15.326Z,25818106,4,40,2456.10,26.66,UP,-4,⬇️⬇️ STRONG SHORT,0.01,0.83,-0.15,63.75,2.3,2196321,2400,56,1.580,0.00
2026-08-23T13:29:18.098Z,25818161,4,66,2456.12,-6.90,DOWN,-4,⬇️⬇️ STRONG SHORT,0.01,1.08,6.79,55.22,11.4,26657028,2400,56,1.602,0.00
2026-08-23T13:57:16.982Z,25818301,4,56,2457.67,5.16,UP,-1,↘️ LEAN SHORT,0.01,1.04,9.08,53.37,12.4,27013960,2400,58,1.599,0.00
2026-08-23T14:07:18.030Z,25818351,4,69,2456.75,-5.14,DOWN,-3,⬇️⬇️ STRONG SHORT,0.01,1.15,10.31,53.35,12.8,27549431,2400,57,1.597,0.00
2026-08-23T14:23:30.330Z,25818431,4,35,2458.90,-5.58,DOWN,-3.5,⬇️⬇️ STRONG SHORT,0.01,0.45,3.51,48.45,50.2,1613239,2420,39,1.575,0.00
2026-08-23T14:42:31.167Z,25818525,4,20,2443.36,-8.60,DOWN,-3.5,⬇️⬇️ STRONG SHORT,0.01,0.32,1.37,45.81,52.6,1408706,2420,23,1.583,0.00
2026-08-23T14:54:40.792Z,25818586,4,65,2441.30,7.03,UP,-2.5,⬇️ SHORT,0.01,-0.83,8.16,47.63,83.7,27323563,2420,21,1.621,0.00
2026-08-23T15:06:10.011Z,25818643,4,65,2437.93,5.88,UP,-2.5,⬇️ SHORT,0.01,-1.09,8.83,46.41,84.3,27657599,2420,18,1.621,0.00
2026-08-23T15:19:29.096Z,25818709,4,53,2422.38,-10.67,DOWN,-4.5,⬇️⬇️ STRONG SHORT,0.01,-1.35,8.76,46.03,85.2,27237661,2420,2,1.621,0.00
2026-08-23T15:41:06.011Z,25818817,4,52,2445.21,7.82,UP,-2.5,⬇️ SHORT,0.01,-0.29,9.54,48.36,83.7,27306678,2420,25,1.621,0.00
2026-08-23T15:58:07.795Z,25818902,4,63,2438.01,-5.80,DOWN,-3.5,⬇️⬇️ STRONG SHORT,0.01,0.44,2.68,49.37,51.1,1497167,2420,18,1.621,0.00
2026-08-23T16:52:04.563Z,25819171,4,30,2454.38,7.95,UP,-1.5,⬇️ SHORT,0.01,0.33,-0.45,54.44,33.4,1070491,2420,34,1.617,0.00
2026-08-23T17:03:08.013Z,25819226,4,44,2444.29,-6.93,DOWN,-4.5,⬇️⬇️ STRONG SHORT,0.01,0.03,0.25,52.98,9.8,1166756,2420,24,1.617,0.00
2026-08-23T17:15:19.917Z,25819287,4,54,2442.92,-5.59,DOWN,-2.5,⬇️ SHORT,0.01,-0.17,1.27,48.46,17.9,1467959,2420,23,1.617,0.00
2026-08-23T17:27:27.700Z,25819348,4,52,2442.05,-5.58,DOWN,-2.5,⬇️ SHORT,0.01,-0.69,2.02,48.52,18.8,1502510,2420,22,1.617,0.00
2026-08-23T17:46:42.812Z,25819444,4,47,2443.67,5.49,UP,-1.5,⬇️ SHORT,0.01,-0.84,2.29,47.54,42.2,1492477,2420,24,1.617,0.00
2026-08-23T18:11:44.082Z,25819569,4,63,2442.84,5.52,UP,-1.5,⬇️ SHORT,0.01,-0.64,0.92,45.39,68.5,563004,2420,23,1.628,0.00
2026-08-23T19:12:42.618Z,25819873,4,38,2441.51,-5.14,DOWN,-4.5,⬇️⬇️ STRONG SHORT,0.01,-0.07,-0.19,47.59,7.9,237416,2420,22,1.635,0.00
2026-08-23T19:46:19.657Z,25820039,4,56,2450.21,5.39,UP,-1.5,⬇️ SHORT,0.01,0.05,0.11,51.25,40.9,380775,2420,30,1.660,0.00
2026-08-23T20:03:06.144Z,25820122,4,50,2437.94,-7.33,DOWN,-3.5,⬇️⬇️ STRONG SHORT,0.01,-0.32,-0.36,47.24,42.8,393179,2420,18,1.660,0.00
2026-08-23T21:03:30.216Z,25820423,4,30,2455.56,7.72,UP,-2.5,⬇️ SHORT,0.01,0.75,-0.11,54.58,2.0,565558,2420,36,1.655,0.00
2026-08-23T21:16:40.219Z,25820488,4,34,2472.28,9.05,UP,-3,⬇️⬇️ STRONG SHORT,0.009867,1.27,0.79,62.06,2.0,11726627,2420,52,1.649,0.00
2026-08-23T21:30:17.143Z,25820556,4,52,2477.11,8.87,UP,-4,⬇️⬇️ STRONG SHORT,0.01,1.39,1.42,59.62,1.8,14286903,2420,57,1.626,0.00
2026-08-23T21:40:27.184Z,25820607,4,76,2460.46,-7.34,DOWN,-5,⬇️⬇️ STRONG SHORT,0.01,0.33,2.42,55.02,5.4,15720649,2420,40,1.623,0.00
2026-08-23T21:52:26.414Z,25820667,4,42,2469.95,5.14,UP,-3,⬇️⬇️ STRONG SHORT,0.01,0.76,2.63,54.65,5.4,15744009,2420,50,1.615,0.00
2026-08-23T22:02:28.781Z,25820717,4,77,2460.89,-9.31,DOWN,-4.5,⬇️⬇️ STRONG SHORT,0.01,0.2,3.11,51.53,6.4,15987389,2420,41,1.588,0.00
2026-08-23T23:04:07.118Z,25821025,3,35,2447.16,-7.29,DOWN,-2.5,⬇️ SHORT,0.01,-0.57,0.18,47.88,94.0,363416,2420,27,1.627,0.00
2026-08-23T23:18:43.088Z,25821098,4,25,2451.86,5.02,UP,-0.5,↘️ LEAN SHORT,0.01,-0.44,0.57,46.29,96.1,696665,2420,32,1.566,0.00
2026-08-23T23:29:55.949Z,25821154,3,37,2456.22,6.33,UP,-2.5,⬇️ SHORT,0.01,-0.43,0.69,47.65,85.5,783137,2420,36,1.581,0.00
2026-08-23T23:40:14.077Z,25821206,4,50,2454.50,-6.09,DOWN,-3.5,⬇️⬇️ STRONG SHORT,0.01,-0.32,1.85,50.52,42.2,1627433,2420,35,1.581,0.00
2026-08-23T23:51:43.755Z,25821263,4,43,2462.32,7.30,UP,-1.5,⬇️ SHORT,0.01,0.12,2.04,52,46.2,2132941,2420,42,1.581,0.00
2026-08-24T00:04:53.591Z,25821329,4,47,2457.47,-5.87,DOWN,-3,⬇️⬇️ STRONG SHORT,0.01,0.6,2.02,54.12,35.2,1755704,2420,37,0.964,0.00
2026-08-24T00:23:30.329Z,25821421,4,41,2450.73,-5.29,DOWN,-2,⬇️ SHORT,0.01,0.18,1.65,53.73,27.2,1492497,2420,31,0.964,0.00
2026-08-24T00:36:18.540Z,25821484,4,61,2457.35,6.88,UP,-2,⬇️ SHORT,0.01,0.04,1.05,49.33,72.6,1051121,2420,37,0.964,0.00
2026-08-24T00:46:27.964Z,25821535,4,52,2444.53,-6.99,DOWN,-4,⬇️⬇️ STRONG SHORT,0.01,-0.08,0.94,49.02,77.5,764685,2420,25,0.965,0.00
2026-08-24T01:00:03.116Z,25821603,4,48,2462.60,6.59,UP,-1,↘️ LEAN SHORT,0.01,0.15,1,48.07,69.6,872778,2420,43,0.965,0.00
2026-08-24T01:10:04.318Z,25821653,3,37,2454.29,-7.19,DOWN,-3,⬇️⬇️ STRONG SHORT,0.01,0.17,1.22,47.93,67.2,874657,2420,34,0.965,0.00
2026-08-24T01:24:41.567Z,25821726,4,50,2444.97,-5.35,DOWN,-4,⬇️⬇️ STRONG SHORT,0.01,-0.01,1.36,48.24,72.5,891846,2420,25,0.953,0.00
2026-08-24T01:37:41.044Z,25821791,4,57,2439.57,-5.31,DOWN,-4,⬇️⬇️ STRONG SHORT,0.01,-0.23,1.46,47.93,84.0,1398683,2420,20,0.954,0.00
2026-08-24T01:58:16.721Z,25821894,3,35,2429.32,-6.57,DOWN,-2,⬇️ SHORT,0.01,-1.03,2.15,46.47,94.3,2373473,2420,9,0.954,0.00
2026-08-24T02:08:19.016Z,25821943,4,55,2432.55,6.97,UP,0,↔️ NEUTRAL,0.01,-0.94,2.59,46.29,95.5,2990637,2420,13,0.955,0.00
2026-08-24T02:47:06.445Z,25822137,4,31,2440.61,-5.02,DOWN,-4,⬇️⬇️ STRONG SHORT,0.01,0.05,0.32,46.89,74.5,2082737,2420,21,0.965,0.00
2026-08-24T03:25:53.234Z,25822330,4,35,2440.67,6.41,UP,-2,⬇️ SHORT,0.01,-0.16,-0.68,49.12,88.2,303423,2420,21,0.986,0.00
2026-08-24T03:54:51.438Z,25822474,4,40,2433.21,-5.09,DOWN,-2,⬇️ SHORT,0.01,-0.57,0.81,48.43,96.6,893376,2420,13,0.969,0.00
2026-08-24T04:18:29.097Z,25822592,4,36,2442.68,6.50,UP,-2,⬇️ SHORT,0.01,-0.04,-0.46,49.1,78.6,916370,2440,3,0.975,0.00
2026-08-24T04:52:07.775Z,25822760,3,54,2432.88,-6.37,DOWN,-2,⬇️ SHORT,0.01,-0.09,-4.78,48.94,28.7,310557,2440,-7,1.026,0.00
2026-08-24T05:10:03.088Z,25822850,3,40,2441.66,5.30,UP,-1,↘️ LEAN SHORT,0.01,0.24,-6.66,49.44,35.6,519457,2440,2,1.028,0.00
2026-08-24T05:31:39.159Z,25822957,4,42,2442.21,-8.72,DOWN,-2,⬇️ SHORT,0.01,-0.2,-7.55,51.34,21.0,1558685,2440,2,1.022,0.00
2026-08-24T05:41:42.789Z,25823006,4,58,2449.97,7.31,UP,0,↔️ NEUTRAL,0.01,0.35,-7.39,52.55,22.5,1767784,2440,10,1.022,0.00
2026-08-24T06:05:29.985Z,25823125,4,49,2443.79,-5.34,DOWN,-2,⬇️ SHORT,0.01,0.36,-2.6,53.7,16.3,1661264,2440,4,1.033,0.00
2026-08-24T06:15:40.014Z,25823176,3,38,2455.47,7.45,UP,-1,↘️ LEAN SHORT,0.01,0.24,-2.32,52.54,52.5,485100,2440,15,1.030,0.00
2026-08-24T06:48:18.854Z,25823339,4,34,2450.46,5.79,UP,-1,↘️ LEAN SHORT,0.01,0.28,-1.64,54.52,66.5,270460,2440,10,0.903,0.00
2026-08-24T07:10:51.067Z,25823451,4,34,2463.30,5.68,UP,-2,⬇️ SHORT,0.01,0.67,-0.46,56.01,34.4,515260,2440,23,0.913,0.00
2026-08-24T08:08:38.533Z,25823740,4,52,2454.64,5.88,UP,0,↔️ NEUTRAL,0.01,0.35,1.11,51.79,15.2,1278431,2440,15,0.877,0.00
2026-08-24T08:18:54.825Z,25823791,4,47,2443.97,-6.56,DOWN,-2,⬇️ SHORT,0.01,-1.13,-1.08,46.79,97.4,521846,2440,4,0.918,0.00
2026-08-24T08:29:21.382Z,25823843,3,33,2436.59,-5.43,DOWN,-2,⬇️ SHORT,0.01,-1.26,-0.75,45.18,97.9,1166391,2440,-3,0.980,0.00
2026-08-24T08:40:05.281Z,25823897,4,42,2449.98,7.70,UP,0,↔️ NEUTRAL,0.01,-0.48,-1.22,48.1,94.0,1195510,2440,10,0.980,0.00
2026-08-24T09:32:41.121Z,25824159,4,48,2461.90,5.17,UP,-2,⬇️ SHORT,0.01,0.78,-0.81,49.2,9.8,692643,2440,22,0.946,0.00
2026-08-24T10:04:06.813Z,25824316,4,40,2476.06,15.42,UP,-2,⬇️ SHORT,0.01,0.62,1.64,53.75,6.7,3197476,2440,36,0.946,0.00
2026-08-24T10:39:41.296Z,25824494,3,60,2468.15,-6.28,DOWN,-4,⬇️⬇️ STRONG SHORT,0.01,0.53,4.22,54.22,7.1,5482789,2440,28,0.819,0.00
2026-08-24T10:53:27.431Z,25824563,3,45,2461.65,-5.55,DOWN,-2,⬇️ SHORT,0.01,0.3,5.08,53.39,13.9,5921871,2440,22,0.819,0.00
2026-08-24T11:03:42.500Z,25824612,4,40,2455.48,-5.93,DOWN,-3,⬇️⬇️ STRONG SHORT,0.01,-0.17,5.48,53.27,46.0,6060964,2440,15,0.824,0.00
2026-08-24T11:32:09.573Z,25824754,4,41,2474.55,5.27,UP,-2,⬇️ SHORT,0.01,0,1.44,50.46,71.5,3445725,2440,35,0.817,0.00
2026-08-24T11:42:25.223Z,25824805,4,66,2500.47,7.51,UP,-1.5,⬇️ SHORT,0.01,1.48,3.79,55.06,22.1,11520796,2440,60,0.806,0.00
2026-08-24T12:03:51.651Z,25824913,4,61,2485.69,-5.93,DOWN,-5,⬇️⬇️ STRONG SHORT,0.01,1.55,5.02,55.22,6.0,18823368,2440,46,0.798,0.00
2026-08-24T12:16:17.370Z,25824975,4,50,2478.12,-7.65,DOWN,-4,⬇️⬇️ STRONG SHORT,0.01,1.42,3.85,52.81,6.5,18443624,2440,38,0.795,0.00
2026-08-24T12:31:54.865Z,25825053,3,35,2496.32,5.29,UP,-0.5,↘️ LEAN SHORT,0.01,1.68,6.18,53.45,14.4,20330367,2440,56,0.800,0.00
2026-08-24T12:43:03.986Z,25825109,4,60,2500.30,7.78,UP,-0.5,↘️ LEAN SHORT,0.01,0.65,4.49,50.09,28.1,9366210,2440,60,0.826,0.00
2026-08-24T12:53:05.471Z,25825159,3,37,2506.63,8.64,UP,0,↔️ NEUTRAL,0.01,1.3,4.92,50.77,21.3,12399148,2460,47,0.825,0.00
2026-08-24T13:03:40.271Z,25825212,4,62,2503.46,-6.99,DOWN,-2,⬇️ SHORT,0.01,1.26,5.24,52.66,20.0,12410483,2460,43,0.824,0.00
2026-08-24T13:14:39.981Z,25825267,4,58,2514.39,5.12,UP,-0.5,↘️ LEAN SHORT,0.01,1.94,6.74,53.17,19.3,13384309,2460,54,0.823,0.00
2026-08-24T13:25:18.781Z,25825320,4,65,2507.00,-5.15,DOWN,-4,⬇️⬇️ STRONG SHORT,0.01,1.36,2.04,52.29,7.6,11662473,2460,47,0.870,0.00
2026-08-24T13:36:44.914Z,25825377,4,71,2496.25,-5.28,DOWN,-2,⬇️ SHORT,0.01,0.39,1.77,50.51,21.1,13724800,2460,36,0.865,0.00
2026-08-24T13:46:54.691Z,25825428,4,87,2485.92,-10.40,DOWN,-2,⬇️ SHORT,0.01,-0.64,2.67,50.27,29.8,14831659,2460,26,0.854,0.00
2026-08-24T13:57:48.534Z,25825482,4,77,2491.87,11.99,UP,-1,↘️ LEAN SHORT,0.01,-0.89,1.48,48.75,68.4,6082784,2460,32,0.861,0.00
2026-08-24T14:09:06.292Z,25825539,4,67,2498.42,6.29,UP,-1,↘️ LEAN SHORT,0.01,-0.35,0.91,49.6,62.4,6558337,2460,38,0.829,0.00
2026-08-24T14:20:16.086Z,25825595,3,29,2505.44,-5.68,DOWN,-3,⬇️⬇️ STRONG SHORT,0.01,0.03,3.35,50.27,57.9,6923296,2460,45,0.817,0.00
2026-08-24T14:30:18.658Z,25825645,4,53,2513.99,10.36,UP,-1,↘️ LEAN SHORT,0.01,0.43,7.34,50.98,38.1,11943488,2480,34,0.839,0.00
2026-08-24T14:43:03.951Z,25825709,4,68,2520.97,-6.51,DOWN,-2,⬇️ SHORT,0.01,1.6,6.66,51.92,20.7,11854154,2480,41,0.844,0.00
2026-08-24T14:53:07.647Z,25825759,4,71,2509.80,-7.38,DOWN,-2,⬇️ SHORT,0.01,1.11,2.03,50.03,13.4,11073614,2480,30,0.847,0.00
2026-08-24T15:07:19.424Z,25825830,4,52,2518.17,6.35,UP,0,↔️ NEUTRAL,0.01,0.86,0.63,51.19,12.4,9993687,2480,38,0.854,0.00
2026-08-24T15:18:06.112Z,25825884,4,43,2516.93,-5.36,DOWN,-2,⬇️ SHORT,0.01,0.07,-0.25,50.48,14.4,8649752,2480,37,0.855,0.00
2026-08-24T15:29:18.148Z,25825940,4,72,2524.33,-5.08,DOWN,-2,⬇️ SHORT,0.01,0.24,-1.38,49.86,15.8,4945299,2480,44,0.862,0.00
2026-08-24T15:39:29.459Z,25825991,4,67,2506.01,-8.66,DOWN,-3,⬇️⬇️ STRONG SHORT,0.01,-1.23,-1.72,46.91,45.6,2808531,2480,26,0.862,0.00
2026-08-24T15:51:15.618Z,25826050,3,51,2493.18,-5.66,DOWN,-4,⬇️⬇️ STRONG SHORT,0.01,-1.34,3.51,47.14,73.1,6085115,2480,13,0.854,0.00
2026-08-24T16:01:43.629Z,25826102,4,81,2487.60,6.98,UP,-2,⬇️ SHORT,0.01,-1.76,6.29,46.78,82.4,8786451,2480,8,0.849,0.00
2026-08-24T16:19:27.489Z,25826191,4,99,2502.72,7.21,UP,-2,⬇️ SHORT,0.01,-1.25,8.09,47.91,81.2,10673410,2480,23,0.851,0.00
2026-08-24T16:42:08.719Z,25826303,3,51,2489.61,-5.43,DOWN,-4,⬇️⬇️ STRONG SHORT,0.01,-0.82,6.21,49.94,89.7,9121929,2480,10,0.855,0.00
2026-08-24T16:52:54.469Z,25826357,4,55,2481.94,-5.43,DOWN,-4,⬇️⬇️ STRONG SHORT,0.01,-0.24,4.15,50.66,72.8,3074457,2480,2,0.853,0.00
2026-08-24T17:03:05.770Z,25826408,4,80,2465.09,-11.66,DOWN,-2,⬇️ SHORT,0.01,-1.04,4.13,47.78,90.4,7492128,2480,-15,0.858,0.00
2026-08-24T17:15:28.335Z,25826470,4,82,2470.35,-9.52,DOWN,-2,⬇️ SHORT,0.01,-1.21,3.42,47.57,93.9,7139183,2480,-10,0.864,0.00
2026-08-24T17:25:41.626Z,25826521,4,85,2455.74,-12.50,DOWN,-1,↘️ LEAN SHORT,0.01,-2.27,4.43,44.92,95.1,10607610,2480,-24,0.871,0.00
2026-08-24T17:37:55.469Z,25826582,3,55,2464.97,7.76,UP,0,↔️ NEUTRAL,0.01,-1.82,5.17,46.12,94.1,10779507,2480,-15,0.875,0.00
2026-08-24T17:50:29.718Z,25826645,3,50,2464.01,5.39,UP,0,↔️ NEUTRAL,0.01,-1.38,5.13,46.46,93.1,10425484,2480,-16,0.872,0.00
2026-08-24T18:00:32.416Z,25826695,4,76,2470.14,7.81,UP,0,↔️ NEUTRAL,0.01,-0.6,4.26,48.48,90.8,7207843,2480,-10,0.873,0.00
2026-08-24T18:38:06.270Z,25826882,3,49,2472.08,-7.07,DOWN,-3,⬇️⬇️ STRONG SHORT,0.01,0.19,2.16,53.17,63.4,1176536,2480,-8,0.870,0.00
2026-08-24T19:06:18.277Z,25827023,4,76,2467.95,-6.46,DOWN,-3,⬇️⬇️ STRONG SHORT,0.01,-0.17,1.52,50.27,66.3,1226178,2480,-12,0.840,0.00
2026-08-24T19:19:30.563Z,25827088,3,58,2464.13,-8.10,DOWN,-3,⬇️⬇️ STRONG SHORT,0.01,-0.5,1.77,46.7,64.3,555861,2480,-16,0.842,0.00
2026-08-24T20:04:02.422Z,25827310,4,59,2465.14,-5.97,DOWN,-2,⬇️ SHORT,0.01,-0.52,1.16,46.78,92.2,411727,2480,-15,0.848,0.00
2026-08-24T20:37:06.876Z,25827475,3,42,2473.24,6.91,UP,-1,↘️ LEAN SHORT,0.01,0,0.41,49.82,68.0,101822,2480,-7,0.848,0.00
2026-08-24T21:03:07.398Z,25827605,4,58,2477.38,5.69,UP,0,↔️ NEUTRAL,0.009956,0.53,0.08,57.92,21.5,169360,2480,-3,0.842,0.00
2026-08-24T23:49:26.282Z,25828430,4,59,2478.35,-6.33,DOWN,-2,⬇️ SHORT,0.009534,0.06,-1.12,48.3,41.2,124703,2480,-2,0.847,0.00
2026-08-25T00:16:42.994Z,25828564,3,40,2474.42,-6.54,DOWN,-1.5,⬇️ SHORT,0.009317,-0.32,-0.74,50.97,18.4,493971,2520,-46,2.519,0.00
2026-08-25T00:39:05.465Z,25828676,4,47,2483.82,6.81,UP,0.5,↗️ LEAN LONG,0.009367,-0.2,-0.47,50.46,25.8,616567,2520,-36,2.612,0.00
2026-08-25T00:51:03.216Z,25828736,4,68,2492.80,-8.71,DOWN,-3.5,⬇️⬇️ STRONG SHORT,0.009496,0.02,0.74,53.84,4.1,4883614,2520,-27,1.932,0.00
2026-08-25T01:08:42.615Z,25828824,3,42,2490.31,-5.55,DOWN,-3.5,⬇️⬇️ STRONG SHORT,0.009794,0.9,1.01,51.42,4.7,5406284,2520,-30,1.937,0.00
2026-08-25T01:19:41.815Z,25828879,4,57,2491.65,5.58,UP,-1.5,⬇️ SHORT,0.009762,1.03,1.03,50.78,7.0,5311839,2520,-28,1.937,0.00
2026-08-25T01:29:49.936Z,25828929,4,57,2497.79,5.76,UP,-1.5,⬇️ SHORT,0.009525,1.07,1.42,51.52,6.8,5646506,2520,-22,1.937,0.00
2026-08-25T01:45:14.165Z,25829006,3,38,2492.56,-5.32,DOWN,-3.5,⬇️⬇️ STRONG SHORT,0.009407,0.48,0.5,51,8.7,4258546,2520,-27,1.936,0.00
2026-08-25T02:18:52.423Z,25829173,4,45,2515.37,22.99,UP,-1.5,⬇️ SHORT,0.009869,0.66,-0.5,53.91,1.2,46030275,2520,-5,1.941,0.00
2026-08-25T02:29:02.119Z,25829224,4,66,2527.53,17.36,UP,-2.5,⬇️ SHORT,0.01,0.65,0.74,53.04,1.2,53048418,2520,8,1.939,0.00
2026-08-25T02:42:15.393Z,25829290,4,63,2524.98,10.86,UP,-2.5,⬇️ SHORT,0.01,0.73,2.56,52.24,1.5,56295118,2520,5,1.938,0.00
2026-08-25T02:52:16.915Z,25829340,4,65,2503.60,-14.12,DOWN,-4.5,⬇️⬇️ STRONG SHORT,0.01,0.05,3.76,51.74,4.9,58527621,2520,-16,1.939,0.00
2026-08-25T03:07:08.316Z,25829414,3,37,2510.89,5.29,UP,-2.5,⬇️ SHORT,0.01,0.25,5.3,51.13,4.9,58503537,2520,-9,1.889,0.00
2026-08-25T03:45:41.300Z,25829607,3,29,2495.60,-7.68,DOWN,-2.5,⬇️ SHORT,0.01,-0.9,1.2,46.62,92.5,1495879,2520,-24,1.814,0.00
2026-08-25T04:19:07.484Z,25829774,4,46,2492.58,-5.38,DOWN,-4.5,⬇️⬇️ STRONG SHORT,0.01,-0.37,1.22,45.21,76.7,1391520,2520,-27,1.851,0.00
2026-08-25T04:43:18.966Z,25829895,4,44,2487.35,-6.31,DOWN,-4.5,⬇️⬇️ STRONG SHORT,0.01,-0.44,1.71,45.19,76.4,1268780,2520,-33,1.851,0.00
2026-08-25T05:02:15.447Z,25829990,3,45,2496.61,6.54,UP,-1.5,⬇️ SHORT,0.01,0.12,0.49,50.26,39.1,403305,2520,-23,1.851,0.00
2026-08-25T06:32:04.442Z,25830438,4,23,2505.55,-5.15,DOWN,-3.5,⬇️⬇️ STRONG SHORT,0.008198,0.03,-0.36,48.03,0.5,174585,2520,-14,1.769,0.00
2026-08-25T07:01:41.620Z,25830585,3,23,2501.30,5.68,UP,-1.5,⬇️ SHORT,0.007122,-0.21,-0.26,47.34,74.8,624900,2520,-19,1.741,0.00
2026-08-25T07:19:38.580Z,25830673,4,45,2500.52,-5.50,DOWN,-2.5,⬇️ SHORT,0.006988,-0.43,-0.48,46,67.0,700101,2520,-19,1.742,0.00
2026-08-25T07:50:06.369Z,25830825,4,32,2478.95,-17.44,DOWN,-3.5,⬇️⬇️ STRONG SHORT,0.006969,-0.84,-0.52,46.56,79.7,2175735,2520,-41,1.752,0.00
2026-08-25T08:01:30.856Z,25830882,4,54,2476.29,-5.07,DOWN,-3.5,⬇️⬇️ STRONG SHORT,0.006736,-0.94,1.8,45.69,88.8,7936506,2520,-44,1.690,0.00
2026-08-25T08:13:54.198Z,25830944,3,21,2483.92,5.34,UP,0.5,↗️ LEAN LONG,0.006634,-0.69,2.16,46.31,90.7,7998357,2520,-36,1.776,0.00
2026-08-25T08:24:54.014Z,25830999,3,32,2491.78,5.15,UP,-1.5,⬇️ SHORT,0.0066,-0.24,2.62,47.91,88.1,8236645,2520,-28,1.875,0.00
2026-08-25T09:51:07.057Z,25831428,3,36,2477.75,-6.11,DOWN,-3.5,⬇️⬇️ STRONG SHORT,0.007155,-0.04,-0.31,48.8,89.2,321914,2520,-42,1.428,0.00
2026-08-25T10:06:54.575Z,25831507,3,28,2475.27,5.31,UP,0.5,↗️ LEAN LONG,0.006915,0.06,-0.07,46.78,97.4,4556552,2520,-45,1.479,0.00
2026-08-25T10:48:05.270Z,25831713,3,28,2481.87,5.93,UP,0.5,↗️ LEAN LONG,0.00751,0.15,-1.63,47.99,96.2,4610900,2520,-38,1.484,0.00
2026-08-25T11:11:43.058Z,25831830,3,35,2474.71,-6.44,DOWN,-2.5,⬇️ SHORT,0.007441,-0.2,-3.15,51.57,29.9,71817,2520,-45,1.485,0.00
2026-08-25T12:06:38.630Z,25832105,4,48,2471.14,-5.25,DOWN,-3.5,⬇️⬇️ STRONG SHORT,0.008667,-0.21,-4.35,48.98,86.1,157637,2520,-49,1.472,0.00
2026-08-25T12:19:02.871Z,25832167,4,64,2469.81,-5.17,DOWN,-1,↘️ LEAN SHORT,0.009285,-0.13,-4.32,49.81,93.5,746384,2520,-50,1.472,0.00
2026-08-25T12:40:28.267Z,25832274,4,43,2463.11,-5.19,DOWN,-1,↘️ LEAN SHORT,0.009336,-0.62,-2.85,45.75,96.9,4264788,2520,-57,1.448,0.00
2026-08-25T12:51:31.642Z,25832329,4,43,2473.34,5.51,UP,0.5,↗️ LEAN LONG,0.009866,-0.35,-1.55,47.23,95.5,4385735,2520,-47,1.453,0.00
2026-08-25T13:11:40.362Z,25832429,3,30,2467.03,-6.06,DOWN,-2,⬇️ SHORT,0.01,-0.08,-3.27,47.53,93.2,3770120,2520,-53,1.456,0.00
2026-08-25T13:26:53.655Z,25832505,4,63,2457.11,-6.51,DOWN,-2,⬇️ SHORT,0.01,-0.23,-3.34,48.24,91.8,3270332,2520,-63,1.443,0.00
2026-08-25T13:37:03.151Z,25832556,4,56,2470.79,10.53,UP,-1.5,⬇️ SHORT,0.009811,0.34,-3.63,49.71,76.7,3206890,2520,-49,1.443,0.00
2026-08-25T13:47:04.224Z,25832606,4,74,2461.14,-12.34,DOWN,-3,⬇️⬇️ STRONG SHORT,0.009255,-0.17,-4.15,50.54,79.3,3684008,2520,-59,1.444,0.00
2026-08-25T13:57:05.119Z,25832656,4,77,2454.02,8.75,UP,-1.5,⬇️ SHORT,0.009101,-0.61,-1.93,47.95,84.7,11332945,2500,-46,1.397,0.00
2026-08-25T14:07:15.136Z,25832707,4,72,2461.52,6.76,UP,-1.5,⬇️ SHORT,0.009131,-0.39,-1.2,48.57,83.7,11452336,2500,-38,1.349,0.00
2026-08-25T14:25:18.860Z,25832795,3,47,2472.42,6.70,UP,-1.5,⬇️ SHORT,0.008879,0.58,-2.35,50.96,78.8,9747549,2500,-28,1.323,0.00
2026-08-25T14:41:39.663Z,25832876,4,46,2472.79,-5.46,DOWN,-3.5,⬇️⬇️ STRONG SHORT,0.008888,-0.11,-3.05,50.36,74.0,10404699,2500,-27,1.328,0.00
2026-08-25T15:14:42.672Z,25833038,4,68,2467.45,-5.09,DOWN,-1,↘️ LEAN SHORT,0.007963,-0.49,-4.19,51.68,21.0,1514368,2500,-33,1.205,0.00
2026-08-25T15:25:42.076Z,25833093,4,55,2468.91,-5.91,DOWN,-2,⬇️ SHORT,0.007964,-0.73,-3.5,49.77,31.1,1034346,2500,-31,1.207,0.00
2026-08-25T15:37:41.367Z,25833153,4,55,2477.15,5.25,UP,-1,↘️ LEAN SHORT,0.007825,-0.36,-4.01,49.21,72.2,331532,2500,-23,1.207,0.00
2026-08-25T15:56:40.368Z,25833248,4,58,2479.21,6.37,UP,0,↔️ NEUTRAL,0.007409,-0.42,-6.21,49.97,64.6,293785,2500,-21,1.182,0.00
2026-08-25T16:11:03.309Z,25833319,4,59,2474.87,-5.49,DOWN,-1,↘️ LEAN SHORT,0.007039,0.04,-7.29,50.9,24.2,841460,2500,-25,1.157,0.00
2026-08-25T16:24:29.200Z,25833386,4,38,2468.82,-5.70,DOWN,-1,↘️ LEAN SHORT,0.006753,-0.24,-7.55,50.07,16.4,752824,2500,-31,1.150,0.00
2026-08-25T17:02:43.227Z,25833575,4,47,2464.60,-5.37,DOWN,-2,⬇️ SHORT,0.006567,-0.64,-4.93,47.71,42.7,589619,2500,-35,1.051,0.00
2026-08-25T17:16:30.948Z,25833643,4,58,2462.32,5.85,UP,1,↗️ LEAN LONG,0.006149,-0.67,-4.36,46.18,90.5,2090017,2480,-18,0.936,0.00
2026-08-25T17:26:54.973Z,25833695,4,41,2457.67,-5.87,DOWN,-3,⬇️⬇️ STRONG SHORT,0.005652,-0.49,-6.06,46.18,89.4,2012626,2480,-22,0.937,0.00
2026-08-25T19:31:14.239Z,25834317,4,43,2459.80,-5.05,DOWN,-2,⬇️ SHORT,0.003118,-0.34,-2.28,47.39,61.6,128553,2480,-20,0.981,0.00
2026-08-25T20:05:17.081Z,25834486,4,38,2453.42,-8.49,DOWN,-3,⬇️⬇️ STRONG SHORT,0.002902,-0.39,-1.07,48.12,86.7,1698089,2480,-27,0.941,0.00
2026-08-25T20:31:17.416Z,25834616,3,55,2452.71,-6.29,DOWN,-1,↘️ LEAN SHORT,0.002454,-0.2,0.23,49.92,91.6,1694664,2480,-27,0.941,0.00
2026-08-25T20:41:17.675Z,25834666,4,50,2445.76,-7.84,DOWN,-1,↘️ LEAN SHORT,0.001955,-0.5,0.24,48.5,91.3,2077082,2480,-34,0.940,0.00
2026-08-25T20:53:30.833Z,25834727,4,42,2439.29,5.36,UP,2,⬆️ LONG,0.00204,-1.1,1.62,43.8,90.5,8463351,2480,-41,0.955,0.00
2026-08-25T21:07:41.685Z,25834798,3,34,2428.28,-8.45,DOWN,0.5,↗️ LEAN LONG,0.001882,-0.98,1.98,42.5,91.0,7647680,2480,-52,0.955,0.00
2026-08-25T21:17:52.207Z,25834849,3,44,2430.13,5.67,UP,2.5,⬆️ LONG,0.002036,-1.64,4.64,43.58,93.4,30343238,2480,-50,0.988,0.00
2026-08-25T21:29:26.974Z,25834907,4,56,2431.35,5.10,UP,2.5,⬆️ LONG,0.002034,-1.48,5.17,44.65,93.1,30725423,2480,-49,0.989,0.00
2026-08-26T00:09:27.184Z,25835704,3,60,2435.52,-6.13,DOWN,-1,↘️ LEAN SHORT,0.003164,-0.3,-0.13,45.49,99.2,630785,2480,-44,0.999,0.00
2026-08-26T00:38:17.054Z,25835847,3,33,2437.73,-5.67,DOWN,-1,↘️ LEAN SHORT,0.004538,0.05,-0.12,47.39,99.3,1650855,2480,-42,0.999,0.00
2026-08-26T00:50:54.480Z,25835910,4,24,2444.80,5.11,UP,1,↗️ LEAN LONG,0.004457,0.45,-1.38,51.48,99.2,1464475,2480,-35,0.999,0.00
2026-08-26T01:05:42.324Z,25835984,3,27,2451.77,5.74,UP,-1,↘️ LEAN SHORT,0.004982,0.41,-1.98,53.11,74.2,1452513,2480,-28,1.013,0.00
2026-08-26T02:18:06.783Z,25836345,4,30,2459.12,6.02,UP,-1,↘️ LEAN SHORT,0.007389,0.31,-1.83,51.38,3.2,561404,2480,-21,1.014,0.00
2026-08-26T03:37:14.327Z,25836740,4,45,2464.47,6.16,UP,0,↔️ NEUTRAL,0.008358,-0.11,-3.89,45,83.5,40094,2480,-16,1.024,0.00
2026-08-26T04:10:02.024Z,25836904,3,25,2470.10,8.17,UP,1,↗️ LEAN LONG,0.008747,0.33,-2.79,54.77,15.6,213278,2480,-10,1.031,0.00
2026-08-26T05:07:40.248Z,25837191,3,14,2451.23,-5.22,DOWN,-2,⬇️ SHORT,0.008316,-0.45,-1.02,47.51,54.5,1149427,2480,-29,1.036,0.00
2026-08-26T05:25:21.339Z,25837278,3,30,2460.30,6.66,UP,1,↗️ LEAN LONG,0.008535,0.56,-2.1,46.93,90.5,683675,2480,-20,0.993,0.00
2026-08-26T06:43:17.961Z,25837668,4,43,2458.10,5.06,UP,0,↔️ NEUTRAL,0.009911,-0.16,-0.86,50.96,51.2,212408,2480,-22,1.021,0.00
2026-08-26T07:05:30.208Z,25837779,4,33,2462.77,5.08,UP,-1,↘️ LEAN SHORT,0.01,0.04,-1.68,54.59,43.9,234879,2480,-17,1.022,0.00
2026-08-26T08:10:15.454Z,25838101,3,30,2464.64,5.58,UP,-1,↘️ LEAN SHORT,0.01,0.2,-5.16,51.27,94.1,92438,2480,-15,1.051,0.00
2026-08-26T09:17:38.639Z,25838436,3,37,2447.75,-9.06,DOWN,-3,⬇️⬇️ STRONG SHORT,0.008951,-0.59,-1.74,47.82,84.9,465360,2480,-32,1.119,0.00
2026-08-26T10:15:39.229Z,25838725,3,33,2447.66,5.16,UP,1,↗️ LEAN LONG,0.008424,0.19,-1.3,48.95,96.3,1972069,2480,-32,1.136,0.00
2026-08-26T10:36:54.306Z,25838831,3,35,2457.78,5.61,UP,-1,↘️ LEAN SHORT,0.009843,0.53,-1.9,53.17,74.9,655048,2480,-22,1.135,0.00
2026-08-26T10:50:06.054Z,25838896,3,16,2472.70,9.71,UP,-2,⬇️ SHORT,0.01,1.08,-0.84,53.19,8.6,1263887,2480,-7,1.048,0.00
2026-08-26T11:38:43.766Z,25839139,4,45,2457.26,-5.45,DOWN,-2,⬇️ SHORT,0.01,0.04,1.82,46.03,16.1,1834391,2480,-23,1.045,0.00
2026-08-26T11:55:17.128Z,25839222,3,35,2464.89,6.02,UP,0,↔️ NEUTRAL,0.008736,-0.08,0.07,47.45,69.3,405576,2480,-15,0.984,0.00
2026-08-26T12:23:38.521Z,25839364,4,26,2464.44,6.15,UP,-1,↘️ LEAN SHORT,0.008937,0.01,-1.46,49.59,75.0,397798,2480,-16,0.984,0.00
2026-08-26T12:33:43.452Z,25839414,4,58,2461.76,-6.58,DOWN,-3,⬇️⬇️ STRONG SHORT,0.008921,-0.13,-0.22,49.7,85.6,2635671,2480,-18,0.991,0.00
2026-08-26T13:10:40.932Z,25839598,3,40,2445.18,-5.91,DOWN,-3,⬇️⬇️ STRONG SHORT,0.009596,-0.41,0.24,49.92,85.7,2474260,2480,-35,1.014,0.00
2026-08-26T13:30:52.477Z,25839699,4,72,2446.69,5.57,UP,1,↗️ LEAN LONG,0.009212,-0.58,2.53,47.72,96.9,11442342,2480,-33,1.011,0.00
2026-08-26T13:46:05.761Z,25839775,4,41,2459.23,6.63,UP,1,↗️ LEAN LONG,0.008475,0.35,0.68,50.46,91.5,11714835,2480,-21,1.014,0.00
2026-08-26T14:02:53.454Z,25839859,3,52,2459.32,6.42,UP,-1,↘️ LEAN SHORT,0.008208,0.19,-2.25,50.29,88.2,12162405,2480,-21,1.012,0.00
2026-08-26T14:26:26.786Z,25839977,3,46,2449.68,-6.70,DOWN,-3,⬇️⬇️ STRONG SHORT,0.008025,0.17,-4.62,53.31,7.9,1476650,2480,-30,1.016,0.00
2026-08-26T14:57:17.010Z,25840131,4,55,2438.87,-5.55,DOWN,-1,↘️ LEAN SHORT,0.007027,-0.38,-2.75,48.78,95.5,998860,2480,-41,1.011,0.00
2026-08-26T15:08:50.498Z,25840188,4,82,2440.00,7.88,UP,1,↗️ LEAN LONG,0.006717,-1.05,-0.6,47.25,90.6,2752455,2480,-40,1.011,0.00
2026-08-26T15:26:44.414Z,25840276,4,51,2448.73,8.05,UP,-1,↘️ LEAN SHORT,0.006878,-0.4,0.62,50.41,85.2,2971890,2480,-31,1.025,0.00
2026-08-26T15:36:53.464Z,25840327,4,56,2443.33,-5.63,DOWN,-3,⬇️⬇️ STRONG SHORT,0.006977,-0.6,2.62,50.63,78.0,2978789,2480,-37,1.025,0.00
2026-08-26T16:08:26.459Z,25840485,3,44,2453.05,5.45,UP,1,↗️ LEAN LONG,0.007555,0.51,0.94,53.57,19.0,507815,2480,-27,1.064,0.00
2026-08-26T16:40:04.604Z,25840642,4,62,2441.98,-5.37,DOWN,-2,⬇️ SHORT,0.007737,0.18,-0.5,46.7,56.7,20887,2480,-38,1.066,0.00
2026-08-26T16:50:14.300Z,25840693,4,68,2448.37,7.90,UP,1,↗️ LEAN LONG,0.007611,-0.06,0.39,46.65,94.8,631973,2480,-32,1.066,0.00
2026-08-26T17:28:07.652Z,25840879,4,50,2459.62,8.18,UP,-1,↘️ LEAN SHORT,0.008597,0.37,-0.05,55.5,43.1,1611942,2480,-20,1.068,0.00
2026-08-26T17:47:26.080Z,25840976,4,31,2456.51,-6.20,DOWN,-4,⬇️⬇️ STRONG SHORT,0.008921,0.26,0.1,56.06,4.3,2581878,2480,-23,1.026,0.00
2026-08-26T18:13:14.706Z,25841105,4,73,2467.70,5.89,UP,-2,⬇️ SHORT,0.009399,0.8,1.91,55.77,4.7,3219551,2480,-12,1.071,0.00
2026-08-26T18:50:51.871Z,25841292,4,65,2468.47,5.32,UP,-3,⬇️⬇️ STRONG SHORT,0.01,0.76,0.72,55.09,2.0,635607,2480,-12,1.034,0.00
2026-08-26T19:26:44.691Z,25841470,3,11,2479.37,9.00,UP,-1,↘️ LEAN SHORT,0.01,0.61,1.17,57.46,10.1,451726,2480,-1,1.128,0.00
2026-08-26T19:40:17.782Z,25841538,4,70,2468.41,-5.85,DOWN,-1,↘️ LEAN SHORT,0.009777,0,2.59,54.39,15.1,4500521,2480,-12,1.172,0.00
2026-08-26T20:23:03.781Z,25841750,4,42,2460.35,-7.23,DOWN,-1,↘️ LEAN SHORT,0.009552,-0.96,1.22,51.64,25.7,4615885,2480,-20,1.170,0.00
2026-08-26T21:08:08.232Z,25841974,4,51,2479.03,9.91,UP,-1,↘️ LEAN SHORT,0.01,0.08,-2.85,49.12,44.9,1264306,2480,-1,1.171,0.00
2026-08-26T21:30:42.930Z,25842086,3,54,2498.96,5.97,UP,-3,⬇️⬇️ STRONG SHORT,0.01,0.73,-2.47,57.87,2.7,18444907,2480,19,1.212,0.00
2026-08-26T22:05:19.066Z,25842257,4,50,2501.06,5.56,UP,-3,⬇️⬇️ STRONG SHORT,0.01,0.84,0.48,57.19,2.8,18829360,2480,21,1.222,0.00
2026-08-26T22:16:28.875Z,25842313,4,41,2506.65,6.71,UP,-3,⬇️⬇️ STRONG SHORT,0.01,0.41,1.25,55.58,2.1,14812256,2480,27,1.223,0.00
2026-08-26T22:26:42.790Z,25842364,4,63,2506.28,-6.89,DOWN,-5,⬇️⬇️ STRONG SHORT,0.01,0.39,2.02,56.75,2.2,16497402,2480,26,1.223,0.00
2026-08-26T22:51:38.277Z,25842489,4,38,2491.03,-5.09,DOWN,-2,⬇️ SHORT,0.01,-0.5,2.1,51.35,14.5,8980515,2480,11,1.225,0.00
2026-08-26T23:39:53.922Z,25842728,4,36,2503.49,5.22,UP,-2,⬇️ SHORT,0.01,0.44,1.84,55.3,39.7,987466,2480,23,1.219,0.00
2026-08-26T23:51:52.215Z,25842788,4,57,2503.14,-6.23,DOWN,-5,⬇️⬇️ STRONG SHORT,0.01,0.75,2.23,57.05,2.8,1658225,2480,23,1.221,0.00
2026-08-27T00:09:14.563Z,25842875,4,48,2507.20,5.96,UP,-3.5,⬇️⬇️ STRONG SHORT,0.01,1.26,1.76,55.21,4.0,1728827,2000,507,0.922,0.00
2026-08-27T00:39:02.701Z,25843023,4,59,2493.45,-5.25,DOWN,-2.5,⬇️ SHORT,0.01,0.07,1.14,49.37,11.2,1581658,2000,493,0.922,0.00
2026-08-27T01:24:41.854Z,25843250,4,55,2494.22,5.03,UP,-0.5,↘️ LEAN SHORT,0.01,-0.18,0.29,49.73,97.0,918077,2000,494,0.922,0.00
2026-08-27T01:45:05.918Z,25843352,4,36,2492.74,-5.15,DOWN,-3.5,⬇️⬇️ STRONG SHORT,0.01,-0.13,0.92,49.62,50.0,1486226,2000,493,0.922,0.00
2026-08-27T02:26:41.068Z,25843560,4,24,2494.26,-5.72,DOWN,-2.5,⬇️ SHORT,0.01,0.2,1.14,46.96,11.4,999496,2050,444,0.935,0.00
2026-08-27T05:25:39.706Z,25844455,4,31,2488.29,5.07,UP,-1.5,⬇️ SHORT,0.006144,0.84,-1.9,49,80.3,463602,2050,438,0.933,0.00
2026-08-27T05:41:30.501Z,25844534,3,33,2487.48,5.37,UP,0.5,↗️ LEAN LONG,0.005733,1.24,-2.09,51.98,90.2,393932,2050,437,0.934,0.00
2026-08-27T06:13:38.710Z,25844693,4,37,2486.04,-5.05,DOWN,-3.5,⬇️⬇️ STRONG SHORT,0.005287,1.2,-0.97,50.53,82.8,361362,2050,436,0.937,0.00
2026-08-27T08:03:55.135Z,25845240,3,8,2505.43,5.60,UP,-2.5,⬇️ SHORT,0.006366,0.51,0.66,57.64,2.6,1213581,2050,455,0.939,0.00
2026-08-27T08:14:03.777Z,25845291,4,70,2518.68,7.90,UP,-2.5,⬇️ SHORT,0.006865,1.32,5.56,58.95,2.6,24623628,2050,469,0.937,0.00
2026-08-27T08:27:19.788Z,25845357,4,43,2520.53,6.46,UP,-2.5,⬇️ SHORT,0.007145,1.63,7.2,56.17,2.6,25031015,2050,471,0.938,0.00
2026-08-27T08:37:27.749Z,25845407,4,55,2528.10,-10.80,DOWN,-4.5,⬇️⬇️ STRONG SHORT,0.007675,1.95,12.36,57.83,3.6,39765737,2050,478,0.939,0.00
2026-08-27T08:56:26.219Z,25845501,4,47,2529.24,-6.12,DOWN,-5,⬇️⬇️ STRONG SHORT,0.008358,2.15,14.27,55.37,3.8,39559665,2050,479,0.938,0.00
2026-08-27T09:11:14.751Z,25845575,4,44,2533.82,8.17,UP,-1.5,⬇️ SHORT,0.008476,1.2,10.54,53.06,6.5,15935031,2050,484,0.939,0.00
2026-08-27T09:21:15.691Z,25845625,4,33,2537.96,5.63,UP,-1.5,⬇️ SHORT,0.008674,1.78,9.02,53.34,5.9,15613903,2050,488,0.939,0.00
2026-08-27T09:31:28.193Z,25845676,4,70,2551.52,-5.14,DOWN,-1.5,⬇️ SHORT,0.00904,0.77,10.05,51.45,10.5,27081659,2050,502,0.928,0.00
2026-08-27T09:43:04.651Z,25845734,4,42,2538.12,-5.53,DOWN,-1.5,⬇️ SHORT,0.009501,0.44,8.51,50.09,10.7,27117909,2050,488,0.935,0.00
2026-08-27T09:53:17.224Z,25845785,3,36,2536.44,-7.21,DOWN,-1.5,⬇️ SHORT,0.009731,-0.02,7.56,50.99,12.5,27604122,2050,486,0.936,0.00
2026-08-27T10:07:54.757Z,25845858,4,34,2536.55,5.09,UP,0.5,↗️ LEAN LONG,0.009758,0.28,8.18,51.41,13.1,27797447,2050,487,0.944,0.00
2026-08-27T10:24:54.940Z,25845943,3,19,2522.93,-5.38,DOWN,-1.5,⬇️ SHORT,0.009621,-1.1,8.29,50.63,15.8,28061277,2050,473,0.946,0.00
2026-08-27T10:37:15.789Z,25846005,4,60,2499.01,-10.80,DOWN,-1.5,⬇️ SHORT,0.009037,-3.35,7.9,44.94,97.0,26664980,2050,449,0.953,0.00
2026-08-27T11:29:38.191Z,25846267,3,35,2500.36,-6.31,DOWN,-3.5,⬇️⬇️ STRONG SHORT,0.007353,-0.12,1.28,50.99,86.1,1186987,2050,450,0.951,0.00
2026-08-27T12:36:39.336Z,25846600,3,24,2498.41,-5.28,DOWN,-0.5,↘️ LEAN SHORT,0.005874,-0.14,-0.93,41.19,94.5,1395872,2050,448,0.951,0.00
2026-08-27T13:26:15.121Z,25846848,4,47,2503.23,5.31,UP,1.5,⬆️ LONG,0.00404,-0.1,-2.82,43.69,96.8,256250,2050,453,0.950,0.00
2026-08-27T13:42:28.831Z,25846929,4,72,2485.41,-5.07,DOWN,-1.5,⬇️ SHORT,0.003533,-0.46,-1.51,47.13,96.7,2235802,2050,435,0.949,0.00
2026-08-27T13:52:41.337Z,25846980,4,63,2491.41,5.46,UP,-1.5,⬇️ SHORT,0.003066,-0.24,-0.6,46.38,87.3,4440457,2050,441,0.949,0.00
2026-08-27T14:04:17.150Z,25847038,4,74,2499.69,5.09,UP,-1.5,⬇️ SHORT,0.002736,0.1,0.22,48.21,85.3,4644421,2050,450,0.955,0.00
2026-08-27T14:17:38.835Z,25847105,3,58,2493.47,5.00,UP,-1.5,⬇️ SHORT,0.002044,-0.19,1.73,47.58,81.5,4974177,2050,443,0.941,0.00
2026-08-27T14:36:03.812Z,25847197,4,25,2511.88,6.87,UP,-0.5,↘️ LEAN SHORT,0.001649,0.98,3.38,49.57,62.3,4623668,2050,462,0.964,0.00
2026-08-27T14:48:06.251Z,25847257,3,24,2511.48,-7.97,DOWN,-1.5,⬇️ SHORT,0.001583,1.05,4.1,50.41,26.8,6303001,2050,461,0.958,0.00
2026-08-27T15:12:50.002Z,25847381,4,50,2521.55,6.35,UP,-1.5,⬇️ SHORT,0.001266,0.73,2.4,52.15,7.6,4704266,2050,472,0.956,0.00
2026-08-27T15:22:51.575Z,25847431,4,48,2516.89,-8.46,DOWN,-1.5,⬇️ SHORT,0.001089,0.07,2.42,51.34,10.0,5984546,2050,467,0.957,0.00
2026-08-27T15:34:38.718Z,25847490,4,43,2515.79,-6.29,DOWN,-3.5,⬇️⬇️ STRONG SHORT,0.001001,-0.12,1.45,50.94,9.4,5231675,2050,466,0.957,0.00
2026-08-27T15:45:05.175Z,25847542,4,75,2525.61,5.33,UP,0.5,↗️ LEAN LONG,0.001031,-0.16,0.73,51.48,18.2,2587754,2050,476,0.957,0.00
2026-08-27T16:08:17.783Z,25847656,4,52,2517.96,-5.15,DOWN,-1.5,⬇️ SHORT,0.001242,-0.79,1.23,50.59,24.4,2219389,2050,468,0.964,0.00
2026-08-27T16:41:15.825Z,25847821,4,69,2526.42,7.14,UP,-0.5,↘️ LEAN SHORT,0.001736,-0.2,0.87,48.46,35.3,667887,2050,476,0.964,0.00
2026-08-27T17:02:33.986Z,25847927,4,42,2517.41,-5.61,DOWN,-1.5,⬇️ SHORT,0.001942,-0.4,0.64,50.87,14.3,985171,2050,467,0.964,0.00
2026-08-27T17:12:40.413Z,25847978,4,57,2525.39,5.13,UP,0.5,↗️ LEAN LONG,0.002154,-0.03,0.81,51.98,16.3,904262,2050,475,0.964,0.00
2026-08-27T18:12:38.994Z,25848277,4,32,2507.64,-7.18,DOWN,-1.5,⬇️ SHORT,0.003311,-0.89,-0.31,48.04,27.1,1051606,2050,458,0.965,0.00
2026-08-27T18:59:39.107Z,25848512,4,62,2504.41,5.41,UP,1.5,⬆️ LONG,0.002784,-0.97,2.68,44.98,91.3,5828890,2050,454,0.980,0.00
2026-08-27T19:51:41.110Z,25848771,4,62,2504.02,-5.03,DOWN,-1.5,⬇️ SHORT,0.002053,-0.13,-0.69,53.83,22.7,634744,2050,454,0.981,0.00
2026-08-27T20:01:39.663Z,25848821,4,62,2498.82,-5.45,DOWN,-2.5,⬇️ SHORT,0.001893,-0.62,-0.77,49.32,43.4,642720,2050,449,0.981,0.00
2026-08-28T01:04:07.678Z,25850329,4,50,2520.06,5.17,UP,-0.5,↘️ LEAN SHORT,0.002437,0.57,-0.42,54.93,7.5,218893,2500,20,0.700,0.00
2026-08-28T01:19:51.007Z,25850408,3,21,2526.75,5.33,UP,-1.5,⬇️ SHORT,0.002475,0.66,0.12,56.48,0.5,1199052,2500,27,0.700,0.00
2026-08-28T01:37:50.419Z,25850498,3,41,2524.60,-5.78,DOWN,-3,⬇️⬇️ STRONG SHORT,0.003202,0.6,0.47,53.35,1.3,3671916,2500,25,0.701,0.00
2026-08-28T01:52:17.654Z,25850569,4,46,2511.19,-6.20,DOWN,-3,⬇️⬇️ STRONG SHORT,0.003247,-0.06,0.82,50.76,6.2,3933885,2500,11,0.701,0.00
2026-08-28T02:15:40.881Z,25850686,3,8,2502.10,-5.22,DOWN,-1,↘️ LEAN SHORT,0.003515,-0.58,1.95,48.54,17.7,4213973,2500,2,0.716,0.00
2026-08-28T02:47:19.234Z,25850844,3,30,2490.78,-6.00,DOWN,-1,↘️ LEAN SHORT,0.002969,-0.46,2.54,47.18,91.7,3145518,2500,-9,0.714,0.00
2026-08-28T04:10:08.002Z,25851256,4,35,2479.91,-8.23,DOWN,-2,⬇️ SHORT,0.001248,-0.24,0.54,44.3,88.3,2092557,2500,-20,0.709,0.00
2026-08-28T04:23:16.720Z,25851322,4,43,2489.03,-5.04,DOWN,0,↔️ NEUTRAL,0.001319,-0.04,1.32,43.3,93.3,2685506,2500,-11,0.709,0.00
2026-08-28T05:32:07.469Z,25851666,4,53,2490.45,5.46,UP,1.5,⬆️ LONG,0.000739,-0.24,-0.58,54.44,24.2,64564,2500,-10,0.667,0.00
2026-08-28T07:07:17.998Z,25852140,3,37,2496.48,-5.12,DOWN,0.5,↗️ LEAN LONG,-0.000632,-0.2,0.39,47.46,20.4,383030,2500,-4,0.670,0.00
2026-08-28T08:03:08.103Z,25852415,3,31,2498.82,5.21,UP,1,↗️ LEAN LONG,-0.000067,-0.23,-1.08,44.56,72.2,130191,2500,-1,0.714,0.00
2026-08-28T08:49:31.883Z,25852647,3,33,2487.56,-6.74,DOWN,-2,⬇️ SHORT,0.002045,-0.65,-9.96,42.63,76.7,330017,2500,-12,0.741,0.00
2026-08-28T09:07:42.354Z,25852738,4,54,2490.70,5.63,UP,2,⬆️ LONG,0.0024,-0.37,-9.26,43.31,99.6,582180,2500,-9,0.745,0.00
2026-08-28T10:05:37.927Z,25853028,4,41,2483.58,-5.46,DOWN,-1,↘️ LEAN SHORT,0.002204,-0.02,-9.17,51.67,95.1,331670,2500,-16,0.727,0.00
2026-08-28T10:31:38.492Z,25853158,3,29,2489.72,5.32,UP,-1,↘️ LEAN SHORT,0.002421,0,-9.91,49.42,89.1,584221,2500,-10,0.721,0.00
2026-08-28T12:19:26.530Z,25853696,4,43,2505.46,5.39,UP,0,↔️ NEUTRAL,0.008008,-0.15,-2.02,46.82,42.3,22583,2500,5,0.715,0.00
2026-08-28T13:41:01.941Z,25854100,3,34,2496.97,-5.98,DOWN,-2,⬇️ SHORT,0.009278,0.16,-2.74,54.56,51.6,138366,2500,-3,0.706,0.00
2026-08-28T13:51:05.640Z,25854149,3,38,2503.07,5.14,UP,1,↗️ LEAN LONG,0.009284,0.28,-3.79,54.19,21.6,120127,2500,3,0.709,0.00
2026-08-28T14:02:30.971Z,25854205,4,55,2492.59,-18.06,DOWN,-1,↘️ LEAN SHORT,0.009637,-0.32,-1.57,51.4,14.5,3213689,2500,-7,0.700,0.00
2026-08-28T14:13:05.514Z,25854258,4,84,2477.52,-9.52,DOWN,-1.5,⬇️ SHORT,0.009224,-1.22,1.48,49.94,41.7,6793968,2500,-22,0.688,0.00
2026-08-28T14:23:05.817Z,25854307,4,57,2490.33,8.79,UP,0.5,↗️ LEAN LONG,0.009028,-0.86,4.62,50.15,55.9,10771360,2500,-10,0.689,0.00
2026-08-28T14:33:18.758Z,25854358,4,55,2494.12,11.09,UP,0.5,↗️ LEAN LONG,0.008554,-0.35,6.08,50.12,55.3,11021754,2500,-6,0.690,0.00
2026-08-28T14:43:33.201Z,25854409,4,81,2507.37,-14.48,DOWN,-1.5,⬇️ SHORT,0.008598,0.07,10.56,51.01,35.4,19068258,2500,7,0.692,0.00
2026-08-28T14:54:17.487Z,25854463,4,47,2508.89,8.45,UP,0,↔️ NEUTRAL,0.008224,-0.18,11.78,50.8,37.0,19463589,2500,9,0.702,0.00
2026-08-28T15:04:52.802Z,25854516,4,62,2508.05,-8.65,DOWN,-2,⬇️ SHORT,0.007805,0.73,9.83,51.21,38.4,16161772,2500,8,0.703,0.00
2026-08-28T15:27:30.918Z,25854629,4,39,2509.02,5.20,UP,1,↗️ LEAN LONG,0.007103,1.03,4.15,53.2,12.6,9442789,2500,9,0.722,0.00
2026-08-28T15:41:17.253Z,25854698,4,33,2496.15,-7.57,DOWN,-2,⬇️ SHORT,0.006766,-0.69,0.1,49.95,54.1,1368690,2500,-4,0.722,0.00
2026-08-28T15:51:19.548Z,25854748,4,56,2484.47,-5.89,DOWN,-3,⬇️⬇️ STRONG SHORT,0.006294,-0.82,0.97,49.46,72.5,2539014,2500,-16,0.725,0.00
2026-08-28T16:01:27.025Z,25854799,4,44,2458.60,-8.29,DOWN,-3,⬇️⬇️ STRONG SHORT,0.005622,-1.75,2.55,45.01,82.4,3603569,2500,-41,0.718,0.00
2026-08-28T16:11:42.362Z,25854850,4,73,2454.18,-7.15,DOWN,-2,⬇️ SHORT,0.004906,-2.41,6.99,45.77,93.0,18834576,2500,-46,0.768,0.00
2026-08-28T16:24:18.223Z,25854912,4,76,2432.78,-7.64,DOWN,-0.5,↘️ LEAN SHORT,0.004297,-2.81,9.95,44.36,93.9,25973655,2500,-67,0.775,0.00
2026-08-28T16:34:25.829Z,25854962,4,91,2432.72,8.71,UP,2.5,⬆️ LONG,0.003694,-3.02,17.31,46.31,95.6,62246968,2500,-67,0.774,0.00
2026-08-28T16:52:07.476Z,25855049,4,55,2438.82,-5.48,DOWN,-0.5,↘️ LEAN SHORT,0.00282,-1.8,17.99,48.35,95.4,60804549,2500,-61,0.784,0.00
2026-08-28T17:02:42.619Z,25855102,4,64,2437.30,-5.25,DOWN,-0.5,↘️ LEAN SHORT,0.002488,-0.8,15.02,49.17,95.9,53303975,2500,-63,0.784,0.00
2026-08-28T17:26:19.100Z,25855220,3,45,2439.28,-6.37,DOWN,-1.5,⬇️ SHORT,0.001479,1.85,5.05,55.17,16.1,2393263,2500,-61,0.777,0.00
2026-08-28T18:21:32.512Z,25855496,3,41,2431.48,-5.88,DOWN,-1.5,⬇️ SHORT,-0.000066,-0.46,-1.89,46.22,80.0,502748,2500,-69,0.775,0.00
2026-08-28T18:39:16.547Z,25855585,4,36,2420.43,-9.59,DOWN,1.5,⬆️ LONG,-0.00054,-0.9,-1.76,43.17,93.7,1967674,2500,-80,0.797,0.00
2026-08-28T18:53:53.684Z,25855657,3,43,2423.80,5.51,UP,4.5,⬆️⬆️ STRONG LONG,-0.001091,-0.92,-1.01,44.9,94.7,3743444,2500,-76,0.809,0.00
2026-08-28T19:04:03.875Z,25855708,4,50,2429.13,5.67,UP,3.5,⬆️⬆️ STRONG LONG,-0.001186,-0.64,-0.61,47.54,94.0,3773222,2500,-71,0.813,0.00
2026-08-28T19:22:26.927Z,25855799,4,43,2437.81,5.12,UP,1.5,⬆️ LONG,-0.001887,0.29,1.39,52.49,81.6,3741636,2500,-62,0.813,0.00
2026-08-28T20:34:51.059Z,25856159,4,39,2424.40,-5.53,DOWN,1.5,⬆️ LONG,-0.003244,-0.7,-0.82,46.8,93.1,187184,2500,-76,0.815,0.00
2026-08-29T14:43:38.763Z,25861580,3,27,2444.91,5.49,UP,-1,↘️ LEAN SHORT,0.006752,0.13,-19.28,66.13,41.9,372513,2460,-15,1.246,0.00
2026-08-29T18:41:14.491Z,25862766,3,25,2451.81,5.14,UP,-1,↘️ LEAN SHORT,0.00397,0.81,-6.91,57.41,0.0,19465,2460,-8,1.192,0.00
2026-08-29T18:59:26.362Z,25862857,4,23,2447.04,-6.12,DOWN,-4,⬇️⬇️ STRONG SHORT,0.003063,0.05,-9.75,55.44,1.9,123697,2460,-13,1.192,0.00
2026-08-30T00:18:44.626Z,25864451,3,19,2465.42,11.37,UP,-0.5,↘️ LEAN SHORT,0.002944,0.35,1,56.86,16.8,2106451,2480,-15,1.370,0.00
2026-08-30T12:06:04.917Z,25867975,3,39,2464.71,5.95,UP,0,↔️ NEUTRAL,0.008178,0.26,2.58,57.54,12.2,766521,2480,-15,0.964,0.00
2026-08-30T12:36:43.242Z,25868127,4,53,2461.09,-5.70,DOWN,-2,⬇️ SHORT,0.008476,-0.11,11.16,50.89,40.6,2941266,2480,-19,0.958,0.00
2026-08-30T16:05:07.762Z,25869166,4,33,2486.32,7.63,UP,-1,↘️ LEAN SHORT,0.004158,0.23,2.91,54.4,3.9,2089341,2480,6,0.974,0.00
2026-08-30T16:15:09.041Z,25869216,4,38,2507.51,23.79,UP,-2,⬇️ SHORT,0.003545,0.5,11.01,55.41,9.0,15415470,2480,28,0.939,0.00
2026-08-30T16:36:14.632Z,25869322,4,40,2519.67,7.02,UP,1,↗️ LEAN LONG,0.005269,1.6,22.04,53.95,10.3,22334361,2480,40,0.944,0.00
2026-08-30T16:51:52.950Z,25869400,4,65,2521.44,-6.32,DOWN,-4,⬇️⬇️ STRONG SHORT,0.006126,2.04,29.37,53.63,6.6,41681700,2480,41,0.801,0.00
2026-08-30T17:16:06.834Z,25869521,4,39,2515.01,-6.54,DOWN,-3,⬇️⬇️ STRONG SHORT,0.007008,1.07,22.98,49.41,4.5,21904454,2480,35,0.798,0.00
2026-08-30T17:26:16.657Z,25869571,4,27,2495.08,-9.16,DOWN,-1,↘️ LEAN SHORT,0.007095,-0.75,18.74,49.65,12.9,23821285,2480,15,0.798,0.00
2026-08-30T17:36:27.770Z,25869622,3,37,2504.06,6.67,UP,1,↗️ LEAN LONG,0.007371,-0.41,18.75,48.63,12.9,22680439,2480,24,0.798,0.00
2026-08-30T18:09:09.831Z,25869785,4,37,2499.74,-5.59,DOWN,-1,↘️ LEAN SHORT,0.007908,-0.76,10.97,46.92,90.2,2775481,2480,20,0.818,0.00
2026-08-30T18:30:15.867Z,25869891,3,56,2509.90,8.32,UP,1,↗️ LEAN LONG,0.008159,0.31,5.51,53.79,21.9,597985,2480,30,0.820,0.00
2026-08-30T20:02:18.540Z,25870350,4,31,2504.45,5.54,UP,-1,↘️ LEAN SHORT,0.008965,-0.14,0.87,50.07,81.3,474655,2480,24,0.913,0.00
2026-08-30T20:31:17.294Z,25870493,4,22,2500.07,-5.50,DOWN,-3,⬇️⬇️ STRONG SHORT,0.008755,-0.37,0.59,51.35,78.7,444494,2480,20,0.912,0.00
2026-08-30T20:41:18.659Z,25870543,4,40,2493.64,-6.90,DOWN,-3,⬇️⬇️ STRONG SHORT,0.008919,-0.49,1.64,49.28,86.6,887866,2480,14,0.913,0.00
2026-08-30T20:52:21.343Z,25870598,3,35,2495.25,5.03,UP,1,↗️ LEAN LONG,0.008783,-0.61,3.08,46.14,92.7,2344233,2480,15,0.922,0.00
2026-08-30T21:02:27.768Z,25870649,4,69,2462.35,-29.55,DOWN,-1,↘️ LEAN SHORT,0.008741,-2.65,7.21,41.92,95.5,14310427,2480,-18,0.922,0.00
2026-08-30T21:56:52.717Z,25870921,4,44,2480.31,5.22,UP,1,↗️ LEAN LONG,0.008025,-1.18,9.75,49.11,94.1,13049754,2480,0,0.922,0.00
2026-08-30T22:07:06.720Z,25870972,4,55,2480.57,-5.65,DOWN,-2,⬇️ SHORT,0.008464,0.78,5.27,55.16,12.1,517335,2480,1,0.926,0.00
2026-08-30T22:25:42.258Z,25871065,3,37,2465.45,-7.28,DOWN,-2,⬇️ SHORT,0.007372,-0.11,4.47,51.24,59.3,1122939,2480,-15,0.929,0.00
2026-08-30T22:40:29.645Z,25871138,4,31,2469.85,5.65,UP,-1,↘️ LEAN SHORT,0.00683,-0.2,5.19,50.94,84.8,1796106,2480,-10,0.926,0.00
2026-08-30T23:18:15.365Z,25871326,4,65,2455.55,-10.68,DOWN,-1,↘️ LEAN SHORT,0.005039,-0.84,4.98,46.6,94.3,4002160,2480,-24,0.930,0.00
2026-08-30T23:29:18.285Z,25871381,3,53,2432.70,-5.49,DOWN,0,↔️ NEUTRAL,0.004985,-1.62,9.14,44.39,92.7,29073069,2480,-47,0.935,0.00
2026-08-30T23:39:38.650Z,25871433,4,58,2409.05,-11.80,DOWN,-0.5,↘️ LEAN SHORT,0.004216,-2.65,14.09,43.89,92.4,36676641,2480,-71,0.941,0.00
2026-08-30T23:49:38.735Z,25871483,4,87,2397.42,-17.70,DOWN,-0.5,↘️ LEAN SHORT,0.002974,-3.66,18.91,44.69,92.8,49523901,2480,-83,0.958,0.00
2026-08-30T23:59:42.317Z,25871533,4,64,2417.16,5.44,UP,2.5,⬆️ LONG,0.002458,-2.74,21.28,46.19,92.2,49912438,2480,-63,0.998,0.00
2026-08-31T00:09:50.481Z,25871584,4,60,2407.55,-8.82,DOWN,-1.5,⬇️ SHORT,0.001909,-2.67,22.43,45.67,92.2,50217622,2480,-72,1.128,0.00
2026-08-31T00:19:54.320Z,25871634,4,54,2426.59,6.89,UP,1.5,⬆️ LONG,0.001523,-0.88,22.13,47.16,91.7,47718286,2480,-53,1.127,0.00
2026-08-31T00:37:29.895Z,25871722,3,16,2436.31,7.94,UP,0,↔️ NEUTRAL,0.00094,1.61,13.26,50.25,84.2,16412314,2480,-44,1.132,0.00
2026-08-31T01:05:05.211Z,25871859,4,42,2420.37,-6.15,DOWN,-0.5,↘️ LEAN SHORT,0.00067,1.35,4.43,50.54,34.3,2187248,2480,-60,1.137,0.00
2026-08-31T01:40:05.591Z,25872032,3,28,2421.61,6.30,UP,2.5,⬆️ LONG,0.000783,-0.23,2.9,48.32,97.7,2501302,2480,-58,1.177,0.00
2026-08-31T02:00:03.574Z,25872132,4,53,2410.26,-5.10,DOWN,0.5,↗️ LEAN LONG,0.000311,-0.52,2.96,48.16,94.7,3327928,2480,-70,1.175,0.00
2026-08-31T02:12:52.086Z,25872196,4,47,2419.37,5.01,UP,0.5,↗️ LEAN LONG,0.000751,0.45,3.01,52.44,85.8,2405077,2480,-61,1.174,0.00
2026-08-31T02:51:18.478Z,25872387,3,35,2403.19,-8.83,DOWN,-2.5,⬇️ SHORT,0.001134,-0.45,2.7,46.59,74.9,1755904,2480,-77,1.171,0.00
2026-08-31T03:25:13.868Z,25872555,4,50,2419.05,5.68,UP,1.5,⬆️ LONG,0.001953,0.29,2.52,50.33,94.4,3007978,2480,-61,1.173,0.00
2026-08-31T04:03:42.913Z,25872747,4,33,2414.11,-6.05,DOWN,-0.5,↘️ LEAN SHORT,0.002623,0.43,1.99,50.12,22.5,196205,2480,-66,1.172,0.00
2026-08-31T05:07:06.489Z,25873063,4,48,2419.33,5.64,UP,0.5,↗️ LEAN LONG,0.003228,0.15,1.6,52.24,46.5,53314,2480,-61,1.176,0.00
2026-08-31T05:20:03.749Z,25873128,3,47,2429.03,8.14,UP,-1.5,⬇️ SHORT,0.003466,0.75,2.14,55.06,4.9,432313,2480,-51,1.187,0.00
2026-08-31T05:30:07.517Z,25873178,4,56,2432.47,-5.11,DOWN,-3,⬇️⬇️ STRONG SHORT,0.003585,0.59,3.56,54.07,5.1,910279,2480,-48,1.194,0.00
2026-08-31T05:40:18.775Z,25873229,3,42,2429.29,-5.04,DOWN,-2.5,⬇️ SHORT,0.003669,0.38,4.04,52.13,5.6,914208,2480,-51,1.194,0.00
2026-08-31T06:19:54.192Z,25873427,4,34,2441.04,6.33,UP,-1,↘️ LEAN SHORT,0.004319,0.4,4.7,51.73,9.7,1028176,2480,-39,1.202,0.00
2026-08-31T08:12:42.822Z,25873990,3,40,2442.93,9.20,UP,1,↗️ LEAN LONG,0.002689,0.32,1.53,50.51,15.3,289324,2480,-37,1.123,0.00
2026-08-31T08:43:30.226Z,25874143,3,36,2444.56,8.64,UP,1,↗️ LEAN LONG,0.001575,0.14,1.51,52.55,10.4,424794,2480,-35,1.111,0.00
2026-08-31T09:09:28.919Z,25874273,4,44,2450.30,6.68,UP,-1,↘️ LEAN SHORT,0.000374,0.62,2.02,55.24,4.1,1134927,2480,-30,1.121,0.00
2026-08-31T09:47:02.862Z,25874459,4,27,2452.69,6.76,UP,-1,↘️ LEAN SHORT,0.001284,0.5,1.82,53.64,6.5,1209831,2480,-27,1.084,0.00
2026-08-31T10:14:29.434Z,25874595,4,59,2446.05,5.02,UP,1,↗️ LEAN LONG,0.000857,0.25,1.85,51.65,36.1,832837,2480,-34,1.086,0.00
2026-08-31T12:03:31.324Z,25875137,3,21,2449.60,6.36,UP,1,↗️ LEAN LONG,0.001692,-0.21,0.22,48.78,28.2,385882,2480,-30,1.084,0.00
2026-08-31T12:21:06.406Z,25875225,3,33,2458.35,6.50,UP,-1,↘️ LEAN SHORT,0.002252,-0.11,0.05,51.35,5.1,2100706,2480,-22,1.077,0.00
2026-08-31T12:31:06.668Z,25875275,3,51,2451.09,5.64,UP,-1,↘️ LEAN SHORT,0.002942,-0.1,0.71,53.89,6.4,2175606,2480,-29,1.088,0.00
2026-08-31T12:41:22.771Z,25875326,3,38,2447.45,-7.61,DOWN,-3,⬇️⬇️ STRONG SHORT,0.00333,0.05,0.64,53.84,8.7,2229763,2480,-33,1.072,0.00
2026-08-31T13:01:42.277Z,25875427,3,39,2453.11,6.51,UP,-1,↘️ LEAN SHORT,0.004635,0.45,1.03,54.2,8.8,2258535,2480,-27,1.079,0.00
2026-08-31T13:31:31.555Z,25875574,4,46,2452.50,7.28,UP,0,↔️ NEUTRAL,0.005499,0.31,0.44,49.03,60.1,353153,2480,-28,1.079,0.00
2026-08-31T13:41:44.317Z,25875624,4,63,2450.35,5.22,UP,0,↔️ NEUTRAL,0.005835,0.22,0.97,49.34,36.1,386620,2480,-30,1.078,0.00
2026-08-31T13:53:04.433Z,25875681,4,61,2436.97,-9.19,DOWN,-2,⬇️ SHORT,0.006012,-0.46,0.65,48.24,61.3,1139389,2480,-43,1.078,0.00
2026-08-31T14:04:06.588Z,25875736,4,58,2444.03,5.83,UP,0,↔️ NEUTRAL,0.006615,-0.43,1.33,47.42,68.8,1126757,2480,-36,1.077,0.00
2026-08-31T14:14:06.966Z,25875786,3,36,2439.48,-5.34,DOWN,-2,⬇️ SHORT,0.007012,-0.37,1.79,47.87,68.7,1175216,2480,-41,1.077,0.00
2026-08-31T14:25:54.586Z,25875845,3,53,2437.46,-5.45,DOWN,-2,⬇️ SHORT,0.007427,-0.31,1.97,48.8,65.0,1243186,2480,-43,1.075,0.00
2026-08-31T14:37:46.383Z,25875904,4,31,2451.27,7.54,UP,0,↔️ NEUTRAL,0.008007,0.27,1.99,50.91,50.7,1370813,2480,-29,1.076,0.00
2026-08-31T14:47:53.180Z,25875955,4,53,2463.59,-5.54,DOWN,-1,↘️ LEAN SHORT,0.008421,0.58,4.2,52.63,10.8,7300316,2480,-16,1.074,0.00
2026-08-31T14:58:41.282Z,25876009,3,47,2466.91,6.02,UP,-1,↘️ LEAN SHORT,0.008718,0.93,4.6,53.16,4.9,6717115,2480,-13,1.075,0.00
2026-08-31T15:13:54.484Z,25876085,3,44,2459.43,-5.43,DOWN,-3,⬇️⬇️ STRONG SHORT,0.008642,0.46,4.4,53.34,4.4,6637083,2480,-21,1.074,0.00
2026-08-31T15:23:55.408Z,25876135,4,57,2464.26,5.49,UP,-1,↘️ LEAN SHORT,0.008524,0.46,4.54,53.15,4.7,6707370,2480,-16,1.077,0.00
2026-08-31T15:43:26.134Z,25876233,3,32,2473.95,5.49,UP,1,↗️ LEAN LONG,0.008521,0.41,2.76,50.65,18.2,956603,2480,-6,1.070,0.00
2026-08-31T16:16:43.640Z,25876399,4,63,2462.51,-5.31,DOWN,-3,⬇️⬇️ STRONG SHORT,0.007425,0.19,-3.16,50.64,9.5,1031389,2480,-17,1.075,0.00
2026-08-31T16:44:53.292Z,25876540,4,47,2469.59,5.23,UP,1,↗️ LEAN LONG,0.008168,-0.54,-7.55,47.54,27.9,283507,2480,-10,1.074,0.00
2026-08-31T17:18:50.454Z,25876709,3,30,2464.63,-6.30,DOWN,-3,⬇️⬇️ STRONG SHORT,0.007273,-0.3,-5.75,50.14,1.5,349819,2480,-15,1.106,0.00
2026-08-31T17:30:03.938Z,25876763,4,53,2460.98,-5.64,DOWN,-1,↘️ LEAN SHORT,0.006982,-0.4,-6.08,49.99,11.2,341240,2480,-19,1.101,0.00
2026-08-31T17:40:26.841Z,25876815,4,24,2467.31,5.24,UP,1,↗️ LEAN LONG,0.006804,-0.2,-5.38,48.33,11.3,356632,2480,-13,1.100,0.00
2026-08-31T18:17:05.017Z,25876997,4,33,2476.04,5.83,UP,-1,↘️ LEAN SHORT,0.00695,0.1,-2.84,52.05,6.8,710674,2480,-4,1.104,0.00
2026-08-31T18:27:05.171Z,25877047,4,44,2467.92,-5.45,DOWN,-3,⬇️⬇️ STRONG SHORT,0.006553,-0.07,-0.92,52.39,4.1,1493277,2480,-12,1.106,0.00
2026-08-31T18:45:31.197Z,25877139,4,47,2483.94,10.58,UP,-2,⬇️ SHORT,0.006715,0.39,-0.1,55.71,5.7,10464600,2480,4,1.025,0.00
2026-08-31T19:10:20.709Z,25877262,4,44,2484.43,5.91,UP,-1,↘️ LEAN SHORT,0.006724,0.18,1.11,54.71,5.8,10428010,2480,4,1.082,0.00
2026-08-31T20:21:05.204Z,25877613,3,40,2483.18,5.73,UP,-1,↘️ LEAN SHORT,0.005419,0.16,-0.15,52.03,5.7,213267,2480,3,1.112,0.00
2026-08-31T21:10:41.353Z,25877861,4,72,2472.58,5.23,UP,1,↗️ LEAN LONG,0.006072,-0.26,-4.37,47.1,92.4,215989,2480,-7,1.106,0.00
2026-08-31T21:30:31.540Z,25877960,4,39,2477.29,6.19,UP,-1,↘️ LEAN SHORT,0.006142,0.03,-5.15,50.35,73.7,207137,2480,-3,1.106,0.00
