qld_time,timestamp,spot,net_gex_usd_1pct,zero_gamma,call_wall,put_wall,n_strikes
2026-09-01 10:07:20,2026-09-01T00:07:20.149Z,2466.80,16036955,2228.19,2500,2100,659
2026-09-01 10:22:20,2026-09-01T00:22:20.141Z,2476.22,17375884,2229.48,2500,2100,659
2026-09-01 10:37:20,2026-09-01T00:37:20.139Z,2473.53,16947754,2230.85,2500,2100,659
2026-09-01 10:52:20,2026-09-01T00:52:20.155Z,2472.57,16868407,2231.77,2500,2100,659
2026-09-01 11:07:20,2026-09-01T01:07:20.131Z,2473.92,17095649,2232.62,2500,2100,659
2026-09-01 11:22:20,2026-09-01T01:22:20.141Z,2468.12,16292490,2233.05,2500,2100,659
2026-09-01 11:37:20,2026-09-01T01:37:20.153Z,2465.13,15863287,2234.47,2500,2100,660
2026-09-01 11:52:20,2026-09-01T01:52:20.144Z,2463.63,15632398,2235.30,2500,2100,662
2026-09-01 12:07:20,2026-09-01T02:07:20.141Z,2458.67,14916461,2236.61,2500,2100,662
2026-09-01 12:22:20,2026-09-01T02:22:20.152Z,2457.86,14832845,2237.29,2500,2100,662
2026-09-01 12:37:20,2026-09-01T02:37:20.151Z,2459.93,15129715,2237.99,2500,2100,662
2026-09-01 12:52:20,2026-09-01T02:52:20.141Z,2461.99,15470901,2239.05,2500,2100,662
2026-09-01 13:07:20,2026-09-01T03:07:20.262Z,2463.74,15748252,2240.43,2500,2100,663
2026-09-01 13:22:20,2026-09-01T03:22:20.136Z,2463.00,15638831,2242.22,2500,2100,664
2026-09-01 13:37:20,2026-09-01T03:37:20.205Z,2480.59,18317796,2243.22,2500,2100,664
2026-09-01 13:52:20,2026-09-01T03:52:20.151Z,2473.26,17179439,2244.05,2500,2100,665
2026-09-01 14:07:20,2026-09-01T04:07:20.153Z,2469.31,16557889,2244.64,2500,2100,665
2026-09-01 14:22:20,2026-09-01T04:22:20.137Z,2474.88,17505449,2246.05,2500,2100,665
2026-09-01 14:37:20,2026-09-01T04:37:20.151Z,2472.58,17135965,2246.56,2500,2100,665
2026-09-01 14:52:20,2026-09-01T04:52:20.139Z,2469.64,16852696,2248.41,2500,2100,665
2026-09-01 15:07:20,2026-09-01T05:07:20.143Z,2474.58,17840993,2250.35,2500,2100,665
2026-09-01 15:22:20,2026-09-01T05:22:20.148Z,2470.93,17194755,2251.29,2500,2100,665
2026-09-01 15:37:20,2026-09-01T05:37:20.144Z,2479.60,18763372,2252.28,2500,2100,665
2026-09-01 15:52:20,2026-09-01T05:52:20.143Z,2482.42,19140180,2253.60,2500,2100,665
2026-09-01 16:07:20,2026-09-01T06:07:20.153Z,2480.88,18934736,2254.66,2500,2100,665
2026-09-01 16:22:20,2026-09-01T06:22:20.156Z,2475.06,18077675,2256.30,2500,2100,665
2026-09-01 16:37:20,2026-09-01T06:37:20.150Z,2474.85,18003265,2257.09,2500,2100,665
2026-09-01 16:52:20,2026-09-01T06:52:20.304Z,2473.47,17770525,2258.50,2500,2100,665
2026-09-01 17:07:20,2026-09-01T07:07:20.287Z,2471.53,17432584,2259.93,2500,2100,665
2026-09-01 17:22:20,2026-09-01T07:22:20.166Z,2475.47,18297631,2260.98,2500,2100,665
2026-09-01 17:37:20,2026-09-01T07:37:20.133Z,2471.39,17179291,2260.99,2500,2100,665
2026-09-01 17:52:20,2026-09-01T07:52:20.152Z,2471.35,16968533,2259.72,2500,2100,665
2026-09-01 18:07:20,2026-09-01T08:07:20.198Z,2463.94,16083073,2199.21,2500,2100,618
2026-09-01 18:22:20,2026-09-01T08:22:20.264Z,2461.56,15584774,2200.10,2500,2100,620
2026-09-01 18:37:20,2026-09-01T08:37:20.124Z,2454.82,14798421,2201.56,2500,2100,626
2026-09-01 18:52:20,2026-09-01T08:52:20.154Z,2447.15,13636968,2208.68,2500,2100,632
2026-09-01 19:07:20,2026-09-01T09:07:20.205Z,2445.11,13347333,2209.89,2500,2100,634
2026-09-01 19:22:20,2026-09-01T09:22:20.147Z,2447.91,13676861,2208.10,2500,2100,635
2026-09-01 19:37:20,2026-09-01T09:37:20.148Z,2449.53,13838687,2207.98,2500,2100,636
2026-09-01 19:52:20,2026-09-01T09:52:20.147Z,2453.59,14344589,2208.01,2500,2100,636
2026-09-01 20:07:20,2026-09-01T10:07:20.153Z,2452.68,14260486,2208.27,2500,2100,637
2026-09-01 20:22:20,2026-09-01T10:22:20.151Z,2454.79,14558455,2208.72,2500,2100,637
2026-09-01 20:37:20,2026-09-01T10:37:20.152Z,2460.30,15183982,2210.28,2500,2100,638
2026-09-01 20:52:20,2026-09-01T10:52:20.168Z,2457.00,14737663,2210.54,2500,2100,638
2026-09-01 21:07:20,2026-09-01T11:07:20.161Z,2455.15,14528282,2210.32,2500,2100,638
2026-09-01 21:22:20,2026-09-01T11:22:20.167Z,2452.04,14132269,2209.81,2500,2100,638
2026-09-01 21:37:20,2026-09-01T11:37:20.146Z,2460.98,15326177,2208.74,2500,2100,638
2026-09-01 21:52:20,2026-09-01T11:52:20.266Z,2462.44,15479092,2208.64,2500,2100,639
2026-09-01 22:07:20,2026-09-01T12:07:20.130Z,2456.74,14768220,2208.25,2500,2100,639
2026-09-01 22:22:20,2026-09-01T12:22:20.158Z,2453.50,14333534,2208.14,2500,2100,639
2026-09-01 22:37:20,2026-09-01T12:37:20.260Z,2443.43,13063116,2209.59,2500,2100,639
2026-09-01 22:52:20,2026-09-01T12:52:20.155Z,2445.82,13424938,2214.74,2500,2100,639
2026-09-01 23:07:20,2026-09-01T13:07:20.167Z,2433.10,11136749,2214.33,2500,2100,642
2026-09-01 23:22:20,2026-09-01T13:22:20.157Z,2440.67,11986264,2213.95,2500,2100,642
2026-09-01 23:37:20,2026-09-01T13:37:20.159Z,2437.21,11478806,2214.54,2500,2100,642
2026-09-01 23:52:20,2026-09-01T13:52:20.184Z,2445.77,12595055,2212.71,2500,2100,643
2026-09-02 00:07:20,2026-09-01T14:07:20.271Z,2451.62,13368922,2215.80,2500,2100,646
2026-09-02 00:22:20,2026-09-01T14:22:20.188Z,2448.39,12844743,2218.64,2500,2100,649
2026-09-02 00:37:20,2026-09-01T14:37:20.172Z,2453.65,13533421,2218.24,2500,2100,649
2026-09-02 00:52:20,2026-09-01T14:52:20.133Z,2452.25,13287963,2218.83,2500,2100,649
2026-09-02 01:07:20,2026-09-01T15:07:20.174Z,2439.22,11311798,2220.52,2500,2420,653
2026-09-02 01:22:20,2026-09-01T15:22:20.160Z,2439.52,11370881,2221.72,2500,2420,654
2026-09-02 01:37:20,2026-09-01T15:37:20.222Z,2445.11,12132379,2221.40,2500,2420,654
2026-09-02 01:52:20,2026-09-01T15:52:20.193Z,2451.99,13229324,2222.10,2500,2100,654
2026-09-02 02:07:20,2026-09-01T16:07:20.192Z,2443.27,11825670,2222.34,2500,2420,655
2026-09-02 02:22:20,2026-09-01T16:22:20.163Z,2427.82,9606665,2222.74,2500,2420,655
2026-09-02 02:37:20,2026-09-01T16:37:20.185Z,2425.12,9227220,2221.94,2500,2420,655
2026-09-02 02:52:20,2026-09-01T16:52:20.167Z,2431.31,10034055,2222.61,2500,2420,655
2026-09-02 03:07:20,2026-09-01T17:07:20.181Z,2430.32,9746908,2223.57,2500,2420,655
2026-09-02 03:22:20,2026-09-01T17:22:20.153Z,2434.08,10292992,2223.00,2500,2420,655
2026-09-02 03:37:20,2026-09-01T17:37:20.139Z,2436.43,10586967,2222.89,2500,2420,655
2026-09-02 03:52:20,2026-09-01T17:52:20.156Z,2422.47,8545254,2223.81,2500,2420,655
2026-09-02 04:07:20,2026-09-01T18:07:20.188Z,2415.23,7778436,2224.59,2500,2420,655
2026-09-02 04:22:20,2026-09-01T18:22:20.182Z,2413.27,7685247,2229.36,2500,2420,655
2026-09-02 04:37:20,2026-09-01T18:37:20.179Z,2402.44,6120001,2231.29,2500,2420,656
2026-09-02 04:52:20,2026-09-01T18:52:20.170Z,2403.06,6440692,2227.82,2500,2420,659
2026-09-02 05:07:20,2026-09-01T19:07:20.190Z,2414.31,7632949,2228.16,2500,2420,660
2026-09-02 05:22:20,2026-09-01T19:22:20.172Z,2418.81,8190645,2228.00,2500,2420,660
2026-09-02 05:37:20,2026-09-01T19:37:20.173Z,2418.38,8042278,2228.72,2500,2420,660
2026-09-02 05:52:20,2026-09-01T19:52:20.186Z,2415.28,7677044,2229.13,2500,2420,660
2026-09-02 06:07:20,2026-09-01T20:07:20.172Z,2413.77,7490740,2229.70,2500,2420,660
2026-09-02 06:22:20,2026-09-01T20:22:20.176Z,2419.15,8170959,2228.97,2500,2420,661
2026-09-02 06:37:20,2026-09-01T20:37:20.291Z,2421.68,8462743,2228.77,2500,2420,661
2026-09-02 06:52:20,2026-09-01T20:52:20.176Z,2416.94,7758761,2230.09,2500,2420,661
2026-09-02 07:07:20,2026-09-01T21:07:20.194Z,2414.45,7345016,2229.90,2500,2420,661
2026-09-02 07:22:20,2026-09-01T21:22:20.180Z,2411.19,7059721,2237.88,2500,2420,663
2026-09-02 07:37:20,2026-09-01T21:37:20.184Z,2408.88,6293276,2259.34,2500,2420,664
2026-09-02 07:52:20,2026-09-01T21:52:20.292Z,2416.43,7084030,2261.63,2500,2420,664
2026-09-02 08:07:20,2026-09-01T22:07:20.305Z,2413.19,6697899,2263.37,2500,2420,664
2026-09-02 08:22:20,2026-09-01T22:22:20.158Z,2411.98,6452506,2263.46,2500,2420,664
2026-09-02 08:37:20,2026-09-01T22:37:20.172Z,2407.58,6032924,2264.61,2500,2420,665
2026-09-02 08:52:20,2026-09-01T22:52:20.180Z,2412.87,6622434,2269.36,2500,2420,665
2026-09-02 09:07:20,2026-09-01T23:07:20.183Z,2413.71,6563462,2270.43,2500,2420,665
2026-09-02 09:22:20,2026-09-01T23:22:20.143Z,2412.01,6383824,2271.86,2500,2420,665
2026-09-02 09:37:20,2026-09-01T23:37:20.196Z,2424.24,8004560,2273.49,2500,2420,666
2026-09-02 09:52:20,2026-09-01T23:52:20.199Z,2419.42,7131576,2274.91,2500,2420,666
2026-09-02 10:07:20,2026-09-02T00:07:20.194Z,2419.25,7049042,2276.22,2500,2420,666
2026-09-02 10:22:20,2026-09-02T00:22:20.190Z,2416.21,6512555,2276.87,2500,2420,667
2026-09-02 10:37:20,2026-09-02T00:37:20.193Z,2410.88,5927703,2271.48,2500,2420,667
2026-09-02 10:52:20,2026-09-02T00:52:20.190Z,2407.83,5691419,2271.95,2500,2420,668
2026-09-02 11:07:20,2026-09-02T01:07:20.192Z,2407.74,5667967,2272.12,2500,2420,668
2026-09-02 11:22:20,2026-09-02T01:22:20.286Z,2412.04,6009320,2272.77,2500,2420,668
2026-09-02 11:37:20,2026-09-02T01:37:20.201Z,2402.19,5080620,2272.83,2500,2420,668
2026-09-02 11:52:20,2026-09-02T01:52:20.190Z,2387.99,4204150,2283.63,2500,2100,672
2026-09-02 12:07:20,2026-09-02T02:07:20.186Z,2403.42,5227735,2290.50,2500,2420,672
2026-09-02 12:22:20,2026-09-02T02:22:20.187Z,2406.15,5451459,2291.34,2500,2420,672
2026-09-02 12:37:20,2026-09-02T02:37:20.152Z,2408.81,5647602,2291.43,2500,2420,672
2026-09-02 12:52:20,2026-09-02T02:52:20.180Z,2406.98,5420411,2292.53,2500,2420,672
2026-09-02 13:07:20,2026-09-02T03:07:20.205Z,2411.33,5722218,2293.45,2500,2420,673
2026-09-02 13:22:20,2026-09-02T03:22:20.185Z,2417.22,6264856,2294.46,2500,2420,673
2026-09-02 13:37:20,2026-09-02T03:37:20.216Z,2415.59,5975380,2295.31,2500,2420,673
2026-09-02 13:52:20,2026-09-02T03:52:20.285Z,2413.12,5675027,2295.49,2500,2420,673
2026-09-02 14:07:20,2026-09-02T04:07:20.177Z,2411.96,5506869,2297.19,2500,2420,673
2026-09-02 14:22:20,2026-09-02T04:22:20.255Z,2410.84,5668868,2296.78,2500,2420,673
2026-09-02 14:37:20,2026-09-02T04:37:20.204Z,2414.26,5941043,2297.35,2500,2420,673
2026-09-02 14:52:20,2026-09-02T04:52:20.297Z,2414.43,5900221,2299.93,2500,2420,673
2026-09-02 15:07:20,2026-09-02T05:07:20.170Z,2408.54,5377178,2300.15,2500,2420,673
2026-09-02 15:22:20,2026-09-02T05:22:20.207Z,2418.87,6195385,2301.28,2500,2420,673
2026-09-02 15:37:20,2026-09-02T05:37:20.186Z,2420.15,6144639,2302.08,2500,2420,673
2026-09-02 15:52:20,2026-09-02T05:52:20.188Z,2422.49,6432354,2302.66,2500,2420,673
2026-09-02 16:07:20,2026-09-02T06:07:20.192Z,2419.20,5948361,2301.32,2500,2420,674
2026-09-02 16:22:20,2026-09-02T06:22:20.282Z,2417.10,5602252,2301.26,2500,2420,674
2026-09-02 16:37:20,2026-09-02T06:37:20.194Z,2416.65,5399547,2300.97,2500,2420,674
2026-09-02 16:52:20,2026-09-02T06:52:20.160Z,2419.62,5044133,2301.53,2500,2420,674
2026-09-02 17:07:20,2026-09-02T07:07:20.197Z,2420.89,4889862,2301.49,2500,2420,674
2026-09-02 17:22:20,2026-09-02T07:22:20.157Z,2423.41,5155249,2301.25,2500,2420,675
2026-09-02 17:37:20,2026-09-02T07:37:20.210Z,2421.54,3369081,2300.64,2500,2420,675
2026-09-02 17:52:20,2026-09-02T07:52:20.220Z,2421.10,-2941375,2422.35,2500,2420,675
2026-09-02 18:07:20,2026-09-02T08:07:20.193Z,2418.85,10664922,2273.62,2500,2100,634
2026-09-02 18:22:20,2026-09-02T08:22:20.217Z,2412.76,9716772,2277.39,2500,2100,634
2026-09-02 18:37:20,2026-09-02T08:37:20.201Z,2406.63,9125033,2279.86,2500,2100,637
2026-09-02 18:52:20,2026-09-02T08:52:20.199Z,2392.45,7336229,2288.41,2500,2100,639
2026-09-02 19:07:20,2026-09-02T09:07:20.197Z,2398.95,7979471,2288.62,2500,2100,639
2026-09-02 19:22:20,2026-09-02T09:22:20.203Z,2389.69,6900722,2289.63,2500,2100,642
2026-09-02 19:37:20,2026-09-02T09:37:20.191Z,2370.44,5365679,2288.76,2500,2100,648
2026-09-02 19:52:20,2026-09-02T09:52:20.302Z,2374.87,5900362,2288.85,2500,2100,650
2026-09-02 20:07:20,2026-09-02T10:07:20.242Z,2370.67,5465919,2288.48,2500,2100,651
2026-09-02 20:22:20,2026-09-02T10:22:20.206Z,2374.97,5807457,2289.44,2500,2100,652
2026-09-02 20:37:20,2026-09-02T10:37:20.173Z,2366.64,5067985,2290.55,2500,2100,654
2026-09-02 20:52:20,2026-09-02T10:52:20.216Z,2359.42,4432471,2291.31,2500,2100,655
2026-09-02 21:07:20,2026-09-02T11:07:20.189Z,2366.98,5051216,2292.99,2500,2100,661
2026-09-02 21:22:20,2026-09-02T11:22:20.166Z,2371.16,5447602,2294.16,2500,2100,662
2026-09-02 21:37:20,2026-09-02T11:37:20.201Z,2380.07,6385919,2295.04,2500,2100,662
2026-09-02 21:52:20,2026-09-02T11:52:20.206Z,2378.05,6126736,2295.51,2500,2100,662
2026-09-02 22:07:20,2026-09-02T12:07:20.198Z,2378.01,6098693,2296.03,2500,2100,662
2026-09-02 22:22:20,2026-09-02T12:22:20.214Z,2388.90,7306843,2296.17,2500,2100,662
2026-09-02 22:37:20,2026-09-02T12:37:20.325Z,2382.26,6476514,2296.70,2500,2100,662
2026-09-02 22:52:20,2026-09-02T12:52:20.179Z,2378.26,6240315,2299.87,2500,2100,663
2026-09-02 23:07:20,2026-09-02T13:07:20.201Z,2383.88,6941824,2300.86,2500,2100,664
2026-09-02 23:22:20,2026-09-02T13:22:20.201Z,2384.77,7014182,2300.71,2500,2100,664
2026-09-02 23:37:20,2026-09-02T13:37:20.202Z,2380.45,6482506,2301.38,2500,2100,664
2026-09-02 23:52:20,2026-09-02T13:52:20.312Z,2404.76,9642024,2306.48,2500,2100,665
2026-09-03 00:07:20,2026-09-02T14:07:20.177Z,2404.52,9606871,2309.56,2500,2100,673
2026-09-03 00:22:20,2026-09-02T14:22:20.206Z,2410.21,10369350,2311.36,2500,2100,674
2026-09-03 00:37:20,2026-09-02T14:37:20.222Z,2395.42,8015245,2317.38,2500,2100,674
2026-09-03 00:52:20,2026-09-02T14:52:20.228Z,2397.66,8300763,2318.06,2500,2100,674
2026-09-03 01:07:20,2026-09-02T15:07:20.190Z,2391.48,7346603,2320.46,2500,2100,675
2026-09-03 01:22:20,2026-09-02T15:22:20.216Z,2386.55,6711916,2320.70,2500,2100,675
2026-09-03 01:37:20,2026-09-02T15:37:20.312Z,2392.70,7581810,2321.98,2500,2100,676
2026-09-03 01:52:20,2026-09-02T15:52:20.213Z,2384.95,6390437,2322.85,2500,2100,676
2026-09-03 02:07:20,2026-09-02T16:07:20.214Z,2388.19,6848037,2323.35,2500,2100,676
2026-09-03 02:22:20,2026-09-02T16:22:20.318Z,2398.61,8386568,2325.01,2500,2100,676
2026-09-03 02:37:20,2026-09-02T16:37:20.246Z,2395.12,7743695,2326.32,2500,2100,676
2026-09-03 02:52:20,2026-09-02T16:52:20.265Z,2388.14,6727654,2326.99,2500,2100,677
2026-09-03 03:07:20,2026-09-02T17:07:20.314Z,2378.27,5287764,2327.92,2500,2350,679
2026-09-03 03:22:20,2026-09-02T17:22:20.211Z,2376.59,4914730,2331.55,2500,2350,680
2026-09-03 03:37:20,2026-09-02T17:37:20.319Z,2384.66,6057554,2331.37,2500,2100,680
2026-09-03 03:52:20,2026-09-02T17:52:20.222Z,2393.05,7224929,2331.72,2500,2100,680
2026-09-03 04:07:20,2026-09-02T18:07:20.229Z,2391.93,6881905,2333.38,2500,2100,680
2026-09-03 04:22:21,2026-09-02T18:22:21.113Z,2394.21,7179703,2336.43,2500,2100,680
2026-09-03 04:37:20,2026-09-02T18:37:20.246Z,2391.94,6907941,2334.13,2500,2100,680
2026-09-03 04:52:20,2026-09-02T18:52:20.210Z,2392.58,7065251,2333.81,2500,2100,680
2026-09-03 05:07:20,2026-09-02T19:07:20.239Z,2394.97,7447049,2334.26,2500,2100,680
2026-09-03 05:22:20,2026-09-02T19:22:20.229Z,2391.37,6797370,2335.16,2500,2350,680
2026-09-03 05:37:20,2026-09-02T19:37:20.226Z,2383.90,5760820,2335.99,2500,2350,680
2026-09-03 05:52:20,2026-09-02T19:52:20.224Z,2388.19,6502344,2337.29,2500,2350,680
2026-09-03 06:07:20,2026-09-02T20:07:20.196Z,2397.76,7991499,2338.89,2500,2100,680
2026-09-03 06:22:20,2026-09-02T20:22:20.204Z,2392.80,7198921,2339.89,2500,2350,680
2026-09-03 06:37:20,2026-09-02T20:37:20.187Z,2394.66,7429731,2341.26,2500,2350,680
2026-09-03 06:52:20,2026-09-02T20:52:20.211Z,2392.20,6980694,2342.56,2500,2350,680
2026-09-03 07:07:20,2026-09-02T21:07:20.171Z,2390.87,6726739,2342.84,2500,2350,680
2026-09-03 07:22:20,2026-09-02T21:22:20.265Z,2391.67,6894211,2342.96,2500,2350,680
2026-09-03 07:37:20,2026-09-02T21:37:20.264Z,2390.45,6670809,2343.46,2500,2350,680
2026-09-03 07:52:20,2026-09-02T21:52:20.230Z,2391.22,6775038,2343.83,2500,2350,680
2026-09-03 08:07:20,2026-09-02T22:07:20.208Z,2383.39,5436633,2344.62,2500,2350,680
2026-09-03 08:22:20,2026-09-02T22:22:20.202Z,2381.27,5105391,2343.86,2500,2350,680
2026-09-03 08:37:20,2026-09-02T22:37:20.644Z,2382.74,5432079,2343.77,2500,2350,680
2026-09-03 08:52:20,2026-09-02T22:52:20.275Z,2380.06,4921300,2344.28,2500,2350,680
2026-09-03 09:07:20,2026-09-02T23:07:20.230Z,2385.42,5885192,2344.37,2500,2350,680
2026-09-03 09:22:20,2026-09-02T23:22:20.215Z,2384.12,5716545,2343.60,2500,2350,680
2026-09-03 09:37:20,2026-09-02T23:37:20.240Z,2383.99,5690975,2344.13,2500,2350,680
2026-09-03 09:52:20,2026-09-02T23:52:20.223Z,2391.19,6988360,2344.28,2500,2350,680
2026-09-03 10:07:20,2026-09-03T00:07:20.226Z,2390.35,6679646,2343.81,2500,2350,680
2026-09-03 10:22:20,2026-09-03T00:22:20.227Z,2384.22,5662213,2345.77,2500,2350,680
2026-09-03 10:37:20,2026-09-03T00:37:20.235Z,2379.41,4917230,2346.52,2500,2350,680
2026-09-03 10:52:20,2026-09-03T00:52:20.224Z,2382.18,5446001,2346.75,2500,2350,680
2026-09-03 11:07:20,2026-09-03T01:07:20.225Z,2385.93,6143328,2349.25,2500,2350,680
2026-09-03 11:22:20,2026-09-03T01:22:20.231Z,2386.85,6103604,2349.14,2500,2350,680
2026-09-03 11:37:20,2026-09-03T01:37:20.251Z,2387.74,6155944,2349.65,2500,2350,681
2026-09-03 11:52:20,2026-09-03T01:52:20.232Z,2385.67,5853403,2350.76,2500,2350,681
2026-09-03 12:07:20,2026-09-03T02:07:20.231Z,2386.18,6038673,2351.69,2500,2350,681
2026-09-03 12:22:20,2026-09-03T02:22:20.232Z,2389.76,6736738,2352.58,2500,2350,681
2026-09-03 12:37:20,2026-09-03T02:37:20.249Z,2400.89,8556993,2352.85,2500,2100,681
2026-09-03 12:52:20,2026-09-03T02:52:20.254Z,2408.86,9462795,2354.23,2500,2100,682
2026-09-03 13:07:20,2026-09-03T03:07:20.351Z,2402.63,8241919,2354.61,2500,2100,682
2026-09-03 13:22:20,2026-09-03T03:22:20.248Z,2405.43,8710891,2354.95,2500,2100,682
2026-09-03 13:37:20,2026-09-03T03:37:20.204Z,2401.21,7993032,2355.39,2500,2100,682
2026-09-03 13:52:20,2026-09-03T03:52:20.241Z,2401.68,8116993,2356.06,2500,2100,682
2026-09-03 14:07:20,2026-09-03T04:07:20.244Z,2404.92,8657863,2356.70,2500,2100,683
2026-09-03 14:22:20,2026-09-03T04:22:20.240Z,2398.61,7440344,2356.83,2500,2350,683
2026-09-03 14:37:20,2026-09-03T04:37:20.206Z,2397.70,7262275,2357.14,2500,2350,683
2026-09-03 14:52:20,2026-09-03T04:52:20.209Z,2403.99,8343717,2357.63,2500,2100,683
2026-09-03 15:07:20,2026-09-03T05:07:20.332Z,2404.74,8321235,2358.92,2500,2100,683
2026-09-03 15:22:20,2026-09-03T05:22:20.245Z,2388.50,5646153,2358.83,2500,2350,683
2026-09-03 15:37:20,2026-09-03T05:37:20.243Z,2392.16,6406209,2359.68,2500,2350,683
2026-09-03 15:52:20,2026-09-03T05:52:20.249Z,2402.28,7938324,2360.96,2500,2100,683
2026-09-03 16:07:20,2026-09-03T06:07:20.242Z,2400.41,7520056,2361.55,2500,2100,683
2026-09-03 16:22:20,2026-09-03T06:22:20.368Z,2403.95,8123565,2362.38,2500,2100,683
2026-09-03 16:37:20,2026-09-03T06:37:20.248Z,2408.39,8991192,2363.02,2500,2100,683
2026-09-03 16:52:20,2026-09-03T06:52:20.245Z,2408.10,8876935,2363.36,2500,2100,683
2026-09-03 17:07:20,2026-09-03T07:07:20.243Z,2414.03,10235170,2364.19,2500,2100,683
2026-09-03 17:22:20,2026-09-03T07:22:20.249Z,2410.86,9661596,2364.95,2500,2100,683
2026-09-03 17:37:20,2026-09-03T07:37:20.354Z,2405.55,8237219,2365.80,2500,2100,683
2026-09-03 17:52:20,2026-09-03T07:52:20.264Z,2403.61,7558590,2365.67,2500,2100,683
2026-09-03 18:07:20,2026-09-03T08:07:20.248Z,2410.36,9422334,2312.47,2500,2100,641
2026-09-03 18:22:20,2026-09-03T08:22:20.247Z,2401.31,7921012,2318.36,2500,2350,642
2026-09-03 18:37:20,2026-09-03T08:37:20.246Z,2406.50,8667069,2321.21,2500,2100,642
2026-09-03 18:52:20,2026-09-03T08:52:20.251Z,2400.85,7385375,2328.80,2500,2350,645
2026-09-03 19:07:20,2026-09-03T09:07:20.250Z,2401.65,7600578,2329.46,2500,2350,646
2026-09-03 19:22:20,2026-09-03T09:22:20.251Z,2402.54,7696626,2330.87,2500,2100,646
2026-09-03 19:37:20,2026-09-03T09:37:20.255Z,2398.20,7071501,2332.83,2500,2350,648
2026-09-03 19:52:20,2026-09-03T09:52:20.253Z,2396.42,6799363,2333.55,2500,2350,652
2026-09-03 20:07:20,2026-09-03T10:07:20.247Z,2394.86,6707122,2332.97,2500,2350,652
2026-09-03 20:22:20,2026-09-03T10:22:20.245Z,2398.47,7252889,2335.21,2500,2350,652
2026-09-03 20:37:20,2026-09-03T10:37:20.246Z,2390.65,5923385,2336.04,2500,2350,652
2026-09-03 20:52:20,2026-09-03T10:52:20.271Z,2392.89,6321773,2335.90,2500,2350,652
2026-09-03 21:07:20,2026-09-03T11:07:20.248Z,2397.36,7087274,2334.38,2500,2350,652
2026-09-03 21:22:20,2026-09-03T11:22:20.247Z,2400.80,7559271,2332.54,2500,2350,652
2026-09-03 21:37:20,2026-09-03T11:37:20.359Z,2404.72,8189328,2332.72,2500,2100,652
2026-09-03 21:52:20,2026-09-03T11:52:20.256Z,2407.13,8564056,2332.33,2500,2100,652
2026-09-03 22:07:20,2026-09-03T12:07:20.241Z,2405.96,8354527,2331.63,2500,2100,652
2026-09-03 22:22:20,2026-09-03T12:22:20.264Z,2406.40,8419992,2331.97,2500,2100,652
2026-09-03 22:37:20,2026-09-03T12:37:20.258Z,2415.24,9720650,2331.64,2500,2100,653
2026-09-03 22:52:20,2026-09-03T12:52:20.258Z,2418.62,10368567,2330.03,2500,2100,654
2026-09-03 23:07:20,2026-09-03T13:07:20.270Z,2417.50,10328180,2329.84,2500,2100,661
2026-09-03 23:22:20,2026-09-03T13:22:20.221Z,2420.47,10864250,2329.90,2500,2100,661
2026-09-03 23:37:20,2026-09-03T13:37:20.244Z,2423.66,11448620,2330.89,2500,2100,661
2026-09-03 23:52:20,2026-09-03T13:52:20.265Z,2429.12,11997897,2337.64,2500,2100,661
2026-09-04 00:07:20,2026-09-03T14:07:20.260Z,2432.97,12807246,2340.26,2500,2100,662
2026-09-04 00:22:20,2026-09-03T14:22:20.272Z,2441.43,14345418,2339.25,2500,2100,663
2026-09-04 00:37:20,2026-09-03T14:37:20.257Z,2458.03,16952439,2335.71,2500,2100,669
2026-09-04 00:52:20,2026-09-03T14:52:20.265Z,2474.62,19130711,2335.12,2500,2100,673
2026-09-04 01:07:20,2026-09-03T15:07:20.250Z,2491.16,21044743,2326.90,2500,2100,678
2026-09-04 01:22:20,2026-09-03T15:22:20.234Z,2485.23,20198855,2326.20,2500,2100,680
2026-09-04 01:37:20,2026-09-03T15:37:20.260Z,2492.90,21115746,2328.38,2500,2100,680
2026-09-04 01:52:20,2026-09-03T15:52:20.258Z,2508.92,23262718,2330.14,2500,2100,680
2026-09-04 02:07:20,2026-09-03T16:07:20.257Z,2498.75,21807796,2326.96,2500,2100,683
2026-09-04 02:22:20,2026-09-03T16:22:20.261Z,2494.95,21310683,2328.08,2500,2100,683
2026-09-04 02:37:20,2026-09-03T16:37:20.260Z,2494.08,21221485,2329.09,2500,2100,683
2026-09-04 02:52:20,2026-09-03T16:52:20.273Z,2494.71,21418218,2332.58,2500,2100,683
2026-09-04 03:07:20,2026-09-03T17:07:20.261Z,2494.56,21414058,2333.40,2500,2100,683
2026-09-04 03:22:20,2026-09-03T17:22:20.261Z,2498.50,22025598,2336.08,2500,2100,683
2026-09-04 03:37:20,2026-09-03T17:37:20.268Z,2505.17,23072028,2337.88,2500,2100,683
2026-09-04 03:52:20,2026-09-03T17:52:20.267Z,2502.79,22810949,2339.09,2500,2100,684
2026-09-04 04:07:20,2026-09-03T18:07:20.246Z,2506.39,23405410,2340.51,2500,2100,685
2026-09-04 04:22:20,2026-09-03T18:22:20.284Z,2505.63,23286598,2340.55,2500,2100,685
2026-09-04 04:37:20,2026-09-03T18:37:20.236Z,2500.19,22464410,2339.97,2500,2100,685
2026-09-04 04:52:20,2026-09-03T18:52:20.243Z,2508.43,23635190,2339.85,2500,2100,686
2026-09-04 05:07:20,2026-09-03T19:07:20.279Z,2512.84,23934029,2340.56,2500,2100,688
2026-09-04 05:22:20,2026-09-03T19:22:20.265Z,2517.91,24698660,2339.31,2500,2100,688
2026-09-04 05:37:20,2026-09-03T19:37:20.285Z,2509.75,23624417,2339.61,2500,2100,688
2026-09-04 05:52:20,2026-09-03T19:52:20.278Z,2515.70,24383411,2339.85,2500,2100,688
2026-09-04 06:07:20,2026-09-03T20:07:20.263Z,2513.54,24055153,2340.27,2500,2100,689
2026-09-04 06:22:20,2026-09-03T20:22:20.227Z,2507.71,23042305,2342.24,2500,2100,689
2026-09-04 06:37:20,2026-09-03T20:37:20.260Z,2502.86,20768689,2343.67,2500,2100,689
2026-09-04 06:52:20,2026-09-03T20:52:20.271Z,2507.73,22453941,2344.33,2500,2100,689
2026-09-04 07:07:20,2026-09-03T21:07:20.236Z,2503.65,21745702,2345.67,2500,2100,689
2026-09-04 07:22:20,2026-09-03T21:22:20.309Z,2509.69,22957489,2345.34,2500,2100,689
2026-09-04 07:37:20,2026-09-03T21:37:20.279Z,2516.26,24293322,2346.25,2500,2100,689
2026-09-04 07:52:20,2026-09-03T21:52:20.266Z,2513.42,23736391,2350.68,2500,2100,689
2026-09-04 08:07:20,2026-09-03T22:07:20.277Z,2508.02,22682133,2351.40,2500,2100,690
2026-09-04 08:22:20,2026-09-03T22:22:20.276Z,2504.81,22020389,2352.03,2500,2100,690
2026-09-04 08:37:20,2026-09-03T22:37:20.262Z,2495.54,20155295,2352.62,2500,2100,690
2026-09-04 08:52:20,2026-09-03T22:52:20.275Z,2499.44,20957055,2352.99,2500,2100,690
2026-09-04 09:07:20,2026-09-03T23:07:20.271Z,2497.52,20550480,2353.92,2500,2100,690
2026-09-04 09:22:20,2026-09-03T23:22:20.274Z,2497.12,20437636,2354.94,2500,2100,690
2026-09-04 09:37:20,2026-09-03T23:37:20.287Z,2504.58,21954937,2355.50,2500,2100,690
2026-09-04 09:52:20,2026-09-03T23:52:20.283Z,2506.65,22322509,2356.10,2500,2100,690
2026-09-04 10:07:20,2026-09-04T00:07:20.287Z,2503.69,21802899,2356.77,2500,2100,691
2026-09-04 10:22:20,2026-09-04T00:22:20.268Z,2508.88,22916715,2357.00,2500,2100,691
2026-09-04 10:37:20,2026-09-04T00:37:20.273Z,2513.12,23809408,2357.14,2500,2100,691
2026-09-04 10:52:20,2026-09-04T00:52:20.264Z,2503.31,21778013,2357.94,2500,2100,691
2026-09-04 11:07:20,2026-09-04T01:07:20.262Z,2504.05,22013415,2360.05,2500,2100,691
2026-09-04 11:22:20,2026-09-04T01:22:20.287Z,2507.99,22715883,2360.98,2500,2100,691
2026-09-04 11:37:20,2026-09-04T01:37:20.268Z,2503.86,21861140,2362.14,2500,2100,691
2026-09-04 11:52:20,2026-09-04T01:52:20.257Z,2503.06,21695434,2363.63,2500,2100,691
2026-09-04 12:07:20,2026-09-04T02:07:20.282Z,2500.91,21203829,2364.71,2500,2100,691
2026-09-04 12:22:20,2026-09-04T02:22:20.283Z,2501.08,21286567,2365.35,2500,2100,691
2026-09-04 12:37:20,2026-09-04T02:37:20.279Z,2499.00,20974948,2366.22,2500,2100,691
2026-09-04 12:52:20,2026-09-04T02:52:20.401Z,2501.96,21854681,2367.45,2500,2100,691
2026-09-04 13:07:20,2026-09-04T03:07:20.297Z,2514.76,24184043,2369.99,2500,2100,691
2026-09-04 13:22:20,2026-09-04T03:22:20.390Z,2510.87,23408848,2370.92,2500,2100,691
2026-09-04 13:37:20,2026-09-04T03:37:20.282Z,2505.95,22447663,2371.76,2500,2100,691
2026-09-04 13:52:20,2026-09-04T03:52:20.275Z,2505.82,22422320,2373.04,2500,2100,691
2026-09-04 14:07:20,2026-09-04T04:07:20.401Z,2503.70,21869159,2373.88,2500,2100,691
2026-09-04 14:22:20,2026-09-04T04:22:20.282Z,2511.42,23412045,2374.81,2500,2100,691
2026-09-04 14:37:20,2026-09-04T04:37:20.284Z,2519.13,24934381,2375.29,2500,2100,691
2026-09-04 14:52:20,2026-09-04T04:52:20.300Z,2507.78,22299140,2375.98,2500,2100,691
2026-09-04 15:07:20,2026-09-04T05:07:20.259Z,2510.24,22834512,2376.62,2500,2100,691
2026-09-04 15:22:20,2026-09-04T05:22:20.291Z,2512.03,22921139,2377.47,2500,2100,691
2026-09-04 15:37:20,2026-09-04T05:37:20.281Z,2511.41,22573842,2378.34,2500,2100,692
2026-09-04 15:52:20,2026-09-04T05:52:20.290Z,2504.92,21307716,2379.13,2500,2100,692
2026-09-04 16:07:20,2026-09-04T06:07:20.297Z,2508.73,21902496,2379.85,2500,2100,692
2026-09-04 16:22:20,2026-09-04T06:22:20.314Z,2510.39,21719531,2380.67,2500,2100,692
2026-09-04 16:37:20,2026-09-04T06:37:20.285Z,2500.96,21396528,2381.46,2500,2100,692
2026-09-04 16:52:20,2026-09-04T06:52:20.287Z,2504.43,21767104,2382.04,2500,2100,692
2026-09-04 17:07:20,2026-09-04T07:07:20.261Z,2513.31,20330682,2381.56,2500,2100,692
2026-09-04 17:22:20,2026-09-04T07:22:20.289Z,2511.29,20258544,2379.78,2500,2100,692
2026-09-04 17:37:20,2026-09-04T07:37:20.302Z,2506.80,22112988,2374.46,2500,2100,693
2026-09-04 17:52:20,2026-09-04T07:52:20.394Z,2506.19,20654788,2402.18,2500,2100,693
2026-09-04 18:07:20,2026-09-04T08:07:20.306Z,2507.91,17451545,2254.87,2500,2100,629
2026-09-04 18:22:20,2026-09-04T08:22:20.295Z,2513.03,18353822,2256.84,2500,2100,635
2026-09-04 18:37:20,2026-09-04T08:37:20.292Z,2520.37,18839371,2257.49,2500,2100,636
2026-09-04 18:52:20,2026-09-04T08:52:20.274Z,2524.11,20262721,2258.87,2500,2100,642
2026-09-04 19:07:20,2026-09-04T09:07:20.294Z,2529.59,21713951,2255.28,2500,2100,642
2026-09-04 19:22:20,2026-09-04T09:22:20.277Z,2526.28,21415761,2251.50,2500,2100,651
2026-09-04 19:37:20,2026-09-04T09:37:20.408Z,2528.55,21874302,2252.38,2500,2100,652
2026-09-04 19:52:20,2026-09-04T09:52:20.295Z,2521.24,21056849,2252.81,2500,2100,652
2026-09-04 20:07:20,2026-09-04T10:07:20.293Z,2519.31,20866494,2252.59,2500,2100,652
2026-09-04 20:22:20,2026-09-04T10:22:20.295Z,2517.16,20708431,2252.60,2500,2100,652
2026-09-04 20:37:20,2026-09-04T10:37:20.292Z,2526.35,21726318,2253.15,2500,2100,652
2026-09-04 20:52:20,2026-09-04T10:52:20.288Z,2523.56,21437903,2253.87,2500,2100,654
2026-09-04 21:07:20,2026-09-04T11:07:20.294Z,2524.13,21429921,2254.40,2500,2100,654
2026-09-04 21:22:20,2026-09-04T11:22:20.291Z,2525.99,21638619,2254.13,2500,2100,654
2026-09-04 21:37:20,2026-09-04T11:37:20.343Z,2525.68,21535450,2254.03,2500,2100,656
2026-09-04 21:52:20,2026-09-04T11:52:20.302Z,2527.50,21735205,2255.03,2500,2100,656
2026-09-04 22:07:20,2026-09-04T12:07:20.300Z,2521.10,20987018,2255.00,2500,2100,656
2026-09-04 22:22:20,2026-09-04T12:22:20.291Z,2521.22,21013828,2257.70,2500,2100,656
2026-09-04 22:37:20,2026-09-04T12:37:20.291Z,2441.77,10975633,2268.38,2500,2100,658
2026-09-04 22:52:20,2026-09-04T12:52:20.290Z,2455.83,13430453,2270.12,2500,2100,661
2026-09-04 23:07:20,2026-09-04T13:07:20.259Z,2450.45,12340327,2285.15,2500,2100,662
2026-09-04 23:22:20,2026-09-04T13:22:20.299Z,2454.44,12734396,2285.81,2500,2100,665
2026-09-04 23:37:20,2026-09-04T13:37:20.304Z,2440.81,10984165,2293.40,2500,2100,667
2026-09-04 23:52:20,2026-09-04T13:52:20.294Z,2456.99,12723628,2294.04,2500,2100,669
2026-09-05 00:07:20,2026-09-04T14:07:20.303Z,2454.06,12410763,2295.72,2500,2100,670
2026-09-05 00:22:20,2026-09-04T14:22:20.300Z,2453.49,12413469,2299.03,2500,2100,672
2026-09-05 00:37:20,2026-09-04T14:37:20.306Z,2450.24,11788530,2300.19,2500,2100,672
2026-09-05 00:52:20,2026-09-04T14:52:20.301Z,2440.96,10480991,2300.91,2500,2100,673
2026-09-05 01:07:20,2026-09-04T15:07:20.318Z,2443.45,10667031,2302.17,2500,2100,674
2026-09-05 01:22:20,2026-09-04T15:22:20.309Z,2450.18,11549208,2302.49,2500,2100,675
2026-09-05 01:37:20,2026-09-04T15:37:20.283Z,2455.23,12198799,2303.68,2500,2100,675
2026-09-05 01:52:20,2026-09-04T15:52:20.305Z,2454.89,12006560,2304.25,2500,2100,675
2026-09-05 02:07:20,2026-09-04T16:07:20.423Z,2451.59,11362390,2306.35,2500,2100,675
2026-09-05 02:22:20,2026-09-04T16:22:20.322Z,2453.32,11597594,2306.82,2500,2100,675
2026-09-05 02:37:20,2026-09-04T16:37:20.283Z,2458.25,12322698,2308.23,2500,2100,675
2026-09-05 02:52:20,2026-09-04T16:52:20.330Z,2464.02,13316649,2308.79,2500,2100,677
2026-09-05 03:07:20,2026-09-04T17:07:20.315Z,2456.96,12187049,2309.14,2500,2100,677
2026-09-05 03:22:20,2026-09-04T17:22:20.322Z,2451.65,11270031,2310.61,2500,2100,677
2026-09-05 03:37:20,2026-09-04T17:37:20.305Z,2447.39,10552552,2310.71,2500,2100,677
2026-09-05 03:52:20,2026-09-04T17:52:20.307Z,2443.81,9970045,2311.34,2500,2100,677
2026-09-05 04:07:20,2026-09-04T18:07:20.311Z,2449.87,10940624,2311.81,2500,2100,677
2026-09-05 04:22:20,2026-09-04T18:22:20.316Z,2449.54,10911235,2313.18,2500,2100,677
2026-09-05 04:37:20,2026-09-04T18:37:20.421Z,2449.63,10983017,2317.37,2500,2100,677
2026-09-05 04:52:20,2026-09-04T18:52:20.314Z,2450.05,10969109,2317.81,2500,2100,677
2026-09-05 05:07:20,2026-09-04T19:07:20.328Z,2454.59,11796369,2318.50,2500,2100,677
2026-09-05 05:22:20,2026-09-04T19:22:20.320Z,2456.15,12102669,2318.58,2500,2100,677
2026-09-05 05:37:20,2026-09-04T19:37:20.277Z,2455.54,11926718,2318.60,2500,2100,677
2026-09-05 05:52:20,2026-09-04T19:52:20.348Z,2455.57,11903825,2319.43,2500,2100,677
2026-09-05 06:07:20,2026-09-04T20:07:20.283Z,2455.40,11809108,2320.15,2500,2100,677
2026-09-05 06:22:20,2026-09-04T20:22:20.326Z,2454.95,11208468,2320.57,2500,2100,677
2026-09-05 06:37:20,2026-09-04T20:37:20.314Z,2454.91,11235528,2320.77,2500,2100,677
2026-09-05 06:52:20,2026-09-04T20:52:20.321Z,2453.04,10818013,2320.58,2500,2420,677
2026-09-05 07:07:20,2026-09-04T21:07:20.327Z,2454.19,11170947,2320.35,2500,2100,677
2026-09-05 07:22:20,2026-09-04T21:22:20.309Z,2455.24,11391005,2320.45,2500,2100,677
2026-09-05 07:37:20,2026-09-04T21:37:20.334Z,2456.43,11605807,2321.90,2500,2100,678
2026-09-05 07:52:20,2026-09-04T21:52:20.304Z,2454.21,11014422,2322.69,2500,2100,678
2026-09-05 08:07:20,2026-09-04T22:07:20.322Z,2453.24,10968766,2322.95,2500,2420,678
2026-09-05 08:22:20,2026-09-04T22:22:20.316Z,2452.81,10842034,2323.24,2500,2420,678
2026-09-05 08:37:20,2026-09-04T22:37:20.310Z,2454.88,11358853,2324.34,2500,2100,678
2026-09-05 08:52:20,2026-09-04T22:52:20.285Z,2453.13,10872447,2324.33,2500,2420,678
2026-09-05 09:07:20,2026-09-04T23:07:20.314Z,2451.38,10479871,2324.56,2500,2420,678
2026-09-05 09:22:20,2026-09-04T23:22:20.325Z,2454.91,11345529,2324.68,2500,2100,678
2026-09-05 09:37:20,2026-09-04T23:37:20.330Z,2454.39,11203343,2324.96,2500,2100,678
2026-09-05 09:52:20,2026-09-04T23:52:20.329Z,2454.55,11245747,2325.16,2500,2100,678
2026-09-05 10:07:20,2026-09-05T00:07:20.330Z,2454.47,10987865,2325.63,2500,2420,678
2026-09-05 10:22:20,2026-09-05T00:22:20.329Z,2454.06,10633089,2325.87,2500,2420,678
2026-09-05 10:37:20,2026-09-05T00:37:20.332Z,2453.45,10545986,2325.98,2500,2420,678
2026-09-05 10:52:20,2026-09-05T00:52:20.360Z,2454.86,10927476,2326.15,2500,2420,678
2026-09-05 11:07:20,2026-09-05T01:07:20.321Z,2454.58,10880248,2326.13,2500,2420,678
2026-09-05 11:22:20,2026-09-05T01:22:20.328Z,2453.44,10576253,2326.11,2500,2420,679
2026-09-05 11:37:20,2026-09-05T01:37:20.322Z,2455.58,11168445,2326.51,2500,2420,679
2026-09-05 11:52:20,2026-09-05T01:52:20.323Z,2454.25,10828097,2326.54,2500,2420,679
2026-09-05 12:07:20,2026-09-05T02:07:20.437Z,2451.66,10171982,2326.69,2500,2420,679
2026-09-05 12:22:20,2026-09-05T02:22:20.336Z,2453.39,10669462,2327.41,2500,2420,679
2026-09-05 12:37:20,2026-09-05T02:37:20.352Z,2453.29,10140680,2327.96,2500,2420,679
2026-09-05 12:52:20,2026-09-05T02:52:20.321Z,2451.84,9789672,2327.99,2500,2420,680
2026-09-05 13:07:20,2026-09-05T03:07:20.381Z,2452.78,10137946,2327.93,2500,2420,680
2026-09-05 13:22:20,2026-09-05T03:22:20.379Z,2452.85,10202666,2328.48,2500,2420,680
2026-09-05 13:37:20,2026-09-05T03:37:20.303Z,2455.70,11071771,2407.77,2500,2420,682
2026-09-05 13:52:20,2026-09-05T03:52:20.323Z,2454.37,10748466,2411.78,2500,2420,682
2026-09-05 14:07:20,2026-09-05T04:07:20.319Z,2452.74,10423458,2413.10,2500,2420,682
2026-09-05 14:22:20,2026-09-05T04:22:20.325Z,2452.97,10637514,2414.97,2500,2420,682
2026-09-05 14:37:20,2026-09-05T04:37:20.334Z,2451.09,10176207,2416.18,2500,2420,682
2026-09-05 14:52:20,2026-09-05T04:52:20.327Z,2450.32,10027918,2417.31,2500,2420,682
2026-09-05 15:07:20,2026-09-05T05:07:20.319Z,2446.10,8807936,2418.19,2500,2420,682
2026-09-05 15:22:20,2026-09-05T05:22:20.355Z,2449.58,10080825,2419.86,2500,2420,683
2026-09-05 15:37:20,2026-09-05T05:37:20.327Z,2450.82,10575203,2420.53,2500,2420,683
2026-09-05 15:52:20,2026-09-05T05:52:20.328Z,2451.18,10853919,2421.31,2500,2100,683
2026-09-05 16:07:20,2026-09-05T06:07:20.289Z,2451.98,11277522,2422.21,2500,2100,683
2026-09-05 16:22:20,2026-09-05T06:22:20.322Z,2452.56,11652071,2423.04,2500,2100,683
2026-09-05 16:37:20,2026-09-05T06:37:20.325Z,2452.86,11925654,2423.81,2500,2100,683
2026-09-05 16:52:20,2026-09-05T06:52:20.336Z,2453.97,12336500,2424.69,2500,2100,683
2026-09-05 17:07:20,2026-09-05T07:07:20.327Z,2455.34,12617768,2425.49,2500,2100,683
2026-09-05 17:22:20,2026-09-05T07:22:20.333Z,2455.35,12699530,2426.07,2500,2100,683
2026-09-05 17:37:20,2026-09-05T07:37:20.329Z,2459.18,9287240,2426.03,2500,2460,683
2026-09-05 17:52:20,2026-09-05T07:52:20.324Z,2458.57,12643393,2425.82,2500,2460,684
2026-09-05 18:07:20,2026-09-05T08:07:20.435Z,2455.23,13946112,2297.23,2500,2100,636
2026-09-05 18:22:20,2026-09-05T08:22:20.322Z,2454.64,13917676,2299.62,2500,2100,636
2026-09-05 18:37:20,2026-09-05T08:37:20.348Z,2454.16,13928910,2301.97,2500,2100,640
2026-09-05 18:52:20,2026-09-05T08:52:20.312Z,2454.93,14008995,2302.64,2500,2100,641
2026-09-05 19:37:20,2026-09-05T09:37:20.343Z,2459.02,14719577,2301.05,2500,2100,642
2026-09-05 19:52:20,2026-09-05T09:52:20.318Z,2459.58,14713560,2302.50,2500,2100,643
2026-09-05 20:07:20,2026-09-05T10:07:20.328Z,2457.82,14452359,2303.44,2500,2100,643
2026-09-05 20:22:20,2026-09-05T10:22:20.361Z,2455.34,14141857,2303.54,2500,2100,643
2026-09-05 20:37:20,2026-09-05T10:37:20.340Z,2454.90,14087230,2304.13,2500,2100,644
2026-09-05 20:52:20,2026-09-05T10:52:20.433Z,2455.45,14171036,2304.43,2500,2100,645
2026-09-05 21:07:20,2026-09-05T11:07:20.382Z,2455.24,14138074,2304.58,2500,2100,645
2026-09-05 21:22:20,2026-09-05T11:22:20.393Z,2453.08,13867101,2304.62,2500,2100,646
2026-09-05 21:37:20,2026-09-05T11:37:20.331Z,2454.09,14015122,2304.55,2500,2100,646
2026-09-05 21:52:20,2026-09-05T11:52:20.341Z,2454.83,14116187,2304.27,2500,2100,648
2026-09-05 22:07:20,2026-09-05T12:07:20.324Z,2455.51,14228017,2304.16,2500,2100,648
2026-09-05 22:22:20,2026-09-05T12:22:20.346Z,2454.69,14183682,2304.17,2500,2100,649
2026-09-05 22:37:20,2026-09-05T12:37:20.344Z,2457.07,14512117,2303.99,2500,2100,649
2026-09-05 22:52:20,2026-09-05T12:52:20.344Z,2458.47,14703694,2303.48,2500,2100,649
2026-09-05 23:07:20,2026-09-05T13:07:20.334Z,2459.66,14877063,2304.15,2500,2100,649
2026-09-05 23:22:20,2026-09-05T13:22:20.337Z,2459.70,14905051,2304.06,2500,2100,649
2026-09-05 23:37:20,2026-09-05T13:37:20.351Z,2458.46,14728385,2303.77,2500,2100,650
2026-09-05 23:52:20,2026-09-05T13:52:20.341Z,2451.70,13867430,2303.08,2500,2100,650
2026-09-06 00:07:20,2026-09-05T14:07:20.303Z,2455.42,14433910,2302.82,2500,2100,650
2026-09-06 00:22:20,2026-09-05T14:22:20.340Z,2454.38,14452656,2302.63,2500,2100,650
2026-09-06 00:37:20,2026-09-05T14:37:20.341Z,2457.27,14835556,2302.76,2500,2100,651
2026-09-06 00:52:20,2026-09-05T14:52:20.346Z,2456.76,14763529,2302.96,2500,2100,651
2026-09-06 01:07:20,2026-09-05T15:07:20.375Z,2457.98,14930502,2302.75,2500,2100,651
2026-09-06 01:22:20,2026-09-05T15:22:20.356Z,2457.99,14940810,2302.59,2500,2100,651
2026-09-06 01:37:20,2026-09-05T15:37:20.470Z,2458.33,15022694,2302.41,2500,2100,651
2026-09-06 01:52:20,2026-09-05T15:52:20.341Z,2458.24,15005746,2302.33,2500,2100,652
2026-09-06 02:07:20,2026-09-05T16:07:20.344Z,2459.42,15167208,2302.16,2500,2100,652
2026-09-06 02:22:20,2026-09-05T16:22:20.317Z,2461.65,15474069,2302.22,2500,2100,653
2026-09-06 02:37:20,2026-09-05T16:37:20.362Z,2467.09,16191862,2301.50,2500,2100,655
2026-09-06 02:52:20,2026-09-05T16:52:20.348Z,2469.68,16815978,2301.39,2500,2100,655
2026-09-06 03:07:20,2026-09-05T17:07:20.364Z,2475.18,17597772,2301.53,2500,2100,656
2026-09-06 03:22:20,2026-09-05T17:22:20.359Z,2478.92,18103185,2301.89,2500,2100,659
2026-09-06 03:37:20,2026-09-05T17:37:20.345Z,2478.38,18006787,2302.19,2500,2100,659
2026-09-06 03:52:20,2026-09-05T17:52:20.321Z,2479.23,18181313,2301.75,2500,2100,659
2026-09-06 04:07:20,2026-09-05T18:07:20.402Z,2479.77,18248408,2301.74,2500,2100,660
2026-09-06 04:22:20,2026-09-05T18:22:20.361Z,2478.97,18151032,2301.66,2500,2100,660
2026-09-06 04:37:20,2026-09-05T18:37:20.355Z,2477.87,17932136,2299.00,2500,2100,661
2026-09-06 04:52:20,2026-09-05T18:52:20.347Z,2477.13,17831058,2299.20,2500,2100,661
2026-09-06 05:07:20,2026-09-05T19:07:20.373Z,2478.19,17987229,2299.62,2500,2100,661
2026-09-06 05:22:20,2026-09-05T19:22:20.352Z,2477.52,17897862,2300.12,2500,2100,661
2026-09-06 05:37:20,2026-09-05T19:37:20.363Z,2474.32,17368071,2300.39,2500,2100,662
2026-09-06 05:52:20,2026-09-05T19:52:20.343Z,2475.04,17515637,2300.46,2500,2100,662
2026-09-06 06:07:20,2026-09-05T20:07:20.383Z,2477.82,17956229,2300.50,2500,2100,662
2026-09-06 06:22:20,2026-09-05T20:22:20.358Z,2476.82,17783258,2300.93,2500,2100,662
2026-09-06 06:37:20,2026-09-05T20:37:20.359Z,2478.46,18055831,2300.82,2500,2100,662
2026-09-06 06:52:20,2026-09-05T20:52:20.358Z,2478.57,18125220,2301.15,2500,2100,662
2026-09-06 07:07:20,2026-09-05T21:07:20.378Z,2477.17,17926558,2301.16,2500,2100,662
2026-09-06 07:22:20,2026-09-05T21:22:20.354Z,2479.90,18342289,2301.31,2500,2100,662
2026-09-06 07:37:20,2026-09-05T21:37:20.354Z,2480.67,18432980,2301.61,2500,2100,662
2026-09-06 07:52:20,2026-09-05T21:52:20.368Z,2490.61,19804129,2300.63,2500,2100,662
2026-09-06 08:07:20,2026-09-05T22:07:20.366Z,2487.27,19269920,2300.42,2500,2100,662
2026-09-06 08:22:20,2026-09-05T22:22:20.373Z,2484.14,18758731,2300.51,2500,2100,662
2026-09-06 08:37:20,2026-09-05T22:37:20.357Z,2482.09,18477059,2300.65,2500,2100,663
2026-09-06 08:52:20,2026-09-05T22:52:20.360Z,2479.60,18081270,2300.20,2500,2100,663
2026-09-06 09:07:20,2026-09-05T23:07:20.353Z,2478.03,17845442,2299.85,2500,2100,663
2026-09-06 09:22:20,2026-09-05T23:22:20.370Z,2479.59,18132896,2299.67,2500,2100,663
2026-09-06 09:37:20,2026-09-05T23:37:20.350Z,2480.00,18174937,2299.73,2500,2100,663
2026-09-06 09:52:20,2026-09-05T23:52:20.415Z,2482.44,18703181,2298.94,2500,2100,663
2026-09-06 10:07:20,2026-09-06T00:07:20.353Z,2479.38,18132802,2299.16,2500,2100,663
2026-09-06 10:22:20,2026-09-06T00:22:20.357Z,2482.85,18752929,2299.54,2500,2100,664
2026-09-06 10:37:20,2026-09-06T00:37:20.397Z,2487.16,19471481,2299.92,2500,2100,664
2026-09-06 10:52:20,2026-09-06T00:52:20.368Z,2491.21,20211053,2300.35,2500,2100,664
2026-09-06 11:07:20,2026-09-06T01:07:20.382Z,2497.02,21231941,2300.40,2500,2100,666
2026-09-06 11:22:20,2026-09-06T01:22:20.326Z,2491.87,20355999,2300.56,2500,2100,666
2026-09-06 11:37:20,2026-09-06T01:37:20.349Z,2501.54,22094736,2300.90,2500,2100,667
2026-09-06 11:52:20,2026-09-06T01:52:20.364Z,2505.74,22681124,2299.16,2500,2100,667
2026-09-06 12:07:20,2026-09-06T02:07:20.363Z,2506.16,22770681,2299.47,2500,2100,670
2026-09-06 12:22:20,2026-09-06T02:22:20.370Z,2501.59,22171627,2299.22,2500,2100,671
2026-09-06 12:37:20,2026-09-06T02:37:20.365Z,2500.47,22130096,2299.50,2500,2100,671
2026-09-06 12:52:20,2026-09-06T02:52:20.365Z,2500.52,22224645,2300.02,2500,2100,671
2026-09-06 13:07:20,2026-09-06T03:07:20.370Z,2502.57,22621115,2300.65,2500,2100,671
2026-09-06 13:22:20,2026-09-06T03:22:20.374Z,2503.92,23020076,2299.84,2500,2100,671
2026-09-06 13:37:20,2026-09-06T03:37:20.376Z,2504.93,23127884,2299.02,2500,2100,671
2026-09-06 13:52:20,2026-09-06T03:52:20.364Z,2508.39,23436738,2298.17,2500,2100,672
2026-09-06 14:07:20,2026-09-06T04:07:20.416Z,2506.32,23229578,2298.61,2500,2100,672
2026-09-06 14:22:20,2026-09-06T04:22:20.384Z,2502.65,22879786,2299.25,2500,2100,672
2026-09-06 14:37:20,2026-09-06T04:37:20.368Z,2502.17,22939644,2299.34,2500,2100,672
2026-09-06 14:52:20,2026-09-06T04:52:20.379Z,2503.23,23124473,2299.75,2500,2100,672
2026-09-06 15:07:20,2026-09-06T05:07:20.370Z,2505.60,23520173,2300.35,2500,2100,672
2026-09-06 15:22:20,2026-09-06T05:22:20.334Z,2503.49,23460320,2301.01,2500,2100,672
2026-09-06 15:37:20,2026-09-06T05:37:20.375Z,2516.60,24462528,2300.98,2500,2100,672
2026-09-06 15:52:20,2026-09-06T05:52:20.378Z,2514.83,24593591,2299.73,2500,2100,673
2026-09-06 16:07:20,2026-09-06T06:07:20.363Z,2510.73,24183920,2300.30,2500,2100,673
2026-09-06 16:22:20,2026-09-06T06:22:20.416Z,2506.82,23942656,2300.64,2500,2100,673
2026-09-06 16:37:20,2026-09-06T06:37:20.376Z,2506.37,23930264,2301.59,2500,2100,673
2026-09-06 16:52:20,2026-09-06T06:52:20.478Z,2506.37,23922234,2301.82,2500,2100,674
2026-09-06 17:07:20,2026-09-06T07:07:20.374Z,2506.89,23658660,2302.12,2500,2100,674
2026-09-06 17:22:20,2026-09-06T07:22:20.376Z,2498.73,24895940,2305.25,2500,2100,676
2026-09-06 17:37:20,2026-09-06T07:37:20.365Z,2493.12,20008587,2305.23,2500,2100,676
2026-09-06 17:52:20,2026-09-06T07:52:20.374Z,2495.14,20042944,2320.93,2500,2100,676
2026-09-06 18:07:20,2026-09-06T08:07:20.376Z,2497.70,19248255,2273.03,2500,2100,629
2026-09-06 18:22:20,2026-09-06T08:22:20.373Z,2496.87,19011587,2273.38,2500,2100,629
2026-09-06 18:37:20,2026-09-06T08:37:20.407Z,2493.74,18665808,2274.31,2500,2100,629
2026-09-06 18:52:20,2026-09-06T08:52:20.340Z,2494.13,18681028,2274.32,2500,2100,631
2026-09-06 19:07:20,2026-09-06T09:07:20.376Z,2496.60,18963087,2274.21,2500,2100,633
2026-09-06 19:22:20,2026-09-06T09:22:20.364Z,2503.55,19804239,2274.21,2500,2100,633
2026-09-06 19:37:20,2026-09-06T09:37:20.356Z,2500.86,19439708,2274.79,2500,2100,633
2026-09-06 19:52:20,2026-09-06T09:52:20.372Z,2496.95,18972321,2274.49,2500,2100,634
2026-09-06 20:07:20,2026-09-06T10:07:20.377Z,2501.03,19477070,2274.19,2500,2100,636
2026-09-06 20:22:20,2026-09-06T10:22:20.373Z,2500.09,19367974,2274.89,2500,2100,637
2026-09-06 20:37:20,2026-09-06T10:37:20.347Z,2499.47,19309904,2275.08,2500,2100,637
2026-09-06 20:52:20,2026-09-06T10:52:20.353Z,2500.81,19458596,2275.25,2500,2100,637
2026-09-06 21:07:20,2026-09-06T11:07:20.378Z,2504.63,19932437,2275.68,2500,2100,637
2026-09-06 21:22:20,2026-09-06T11:22:20.380Z,2502.50,19689420,2276.19,2500,2100,637
2026-09-06 21:37:20,2026-09-06T11:37:20.366Z,2500.79,19465538,2276.24,2500,2100,637
2026-09-06 21:52:20,2026-09-06T11:52:20.374Z,2502.66,19684328,2276.86,2500,2100,640
2026-09-06 22:07:20,2026-09-06T12:07:20.425Z,2499.95,19354557,2276.73,2500,2100,640
2026-09-06 22:22:20,2026-09-06T12:22:20.379Z,2503.39,19796641,2277.28,2500,2100,640
2026-09-06 22:37:20,2026-09-06T12:37:20.381Z,2503.10,19786931,2277.10,2500,2100,641
2026-09-06 22:52:20,2026-09-06T12:52:20.376Z,2501.11,19561180,2277.27,2500,2100,642
2026-09-06 23:07:20,2026-09-06T13:07:20.379Z,2499.19,19333306,2277.54,2500,2100,642
2026-09-06 23:22:20,2026-09-06T13:22:20.382Z,2494.18,19094196,2278.70,2500,2100,643
2026-09-06 23:37:20,2026-09-06T13:37:20.426Z,2492.39,18921293,2279.46,2500,2100,645
2026-09-06 23:52:20,2026-09-06T13:52:20.381Z,2494.28,19163965,2279.17,2500,2100,645
2026-09-07 00:07:20,2026-09-06T14:07:20.399Z,2491.61,18770682,2278.95,2500,2100,646
2026-09-07 00:22:20,2026-09-06T14:22:20.387Z,2481.70,17444335,2279.89,2500,2100,648
2026-09-07 00:37:20,2026-09-06T14:37:20.406Z,2480.07,17256458,2281.10,2500,2100,651
2026-09-07 00:52:20,2026-09-06T14:52:20.489Z,2484.76,17959303,2280.92,2500,2100,652
2026-09-07 01:07:20,2026-09-06T15:07:20.352Z,2477.47,16942808,2281.32,2500,2100,652
2026-09-07 01:22:20,2026-09-06T15:22:20.381Z,2481.10,17493346,2281.51,2500,2100,652
2026-09-07 01:37:20,2026-09-06T15:37:20.388Z,2479.09,17204080,2281.72,2500,2100,652
2026-09-07 01:52:20,2026-09-06T15:52:20.353Z,2481.05,17496439,2281.30,2500,2100,652
2026-09-07 02:07:20,2026-09-06T16:07:20.387Z,2477.07,16945089,2281.93,2500,2100,653
2026-09-07 02:22:20,2026-09-06T16:22:20.384Z,2480.83,17469651,2282.56,2500,2100,653
2026-09-07 02:37:20,2026-09-06T16:37:20.382Z,2483.23,17846564,2282.66,2500,2100,653
2026-09-07 02:52:20,2026-09-06T16:52:20.419Z,2483.08,17805410,2282.85,2500,2100,653
2026-09-07 03:07:20,2026-09-06T17:07:20.395Z,2486.02,18252191,2282.82,2500,2100,653
2026-09-07 03:22:20,2026-09-06T17:22:20.358Z,2491.00,18975623,2283.01,2500,2100,655
2026-09-07 03:37:20,2026-09-06T17:37:20.392Z,2494.16,19389433,2283.47,2500,2100,655
2026-09-07 03:52:20,2026-09-06T17:52:20.397Z,2492.43,19097847,2284.12,2500,2100,655
2026-09-07 04:07:20,2026-09-06T18:07:20.356Z,2493.17,19215351,2284.67,2500,2100,655
2026-09-07 04:22:20,2026-09-06T18:22:20.387Z,2495.31,19548205,2284.95,2500,2100,655
2026-09-07 04:37:20,2026-09-06T18:37:20.392Z,2497.55,19890934,2284.84,2500,2100,655
2026-09-07 04:52:20,2026-09-06T18:52:20.401Z,2495.07,19514727,2284.40,2500,2100,655
2026-09-07 05:07:20,2026-09-06T19:07:20.396Z,2492.04,19060392,2284.98,2500,2100,655
2026-09-07 05:22:20,2026-09-06T19:22:20.364Z,2490.54,18880917,2286.26,2500,2100,655
2026-09-07 05:37:20,2026-09-06T19:37:20.395Z,2490.42,18860825,2286.27,2500,2100,655
2026-09-07 05:52:20,2026-09-06T19:52:20.364Z,2490.21,18807593,2285.97,2500,2100,655
2026-09-07 06:07:20,2026-09-06T20:07:20.408Z,2489.16,18664950,2285.67,2500,2100,655
2026-09-07 06:22:20,2026-09-06T20:22:20.390Z,2495.12,19589148,2286.34,2500,2100,655
2026-09-07 06:37:20,2026-09-06T20:37:20.396Z,2496.39,19745890,2285.46,2500,2100,655
2026-09-07 06:52:20,2026-09-06T20:52:20.394Z,2499.00,20158742,2285.31,2500,2100,655
2026-09-07 07:07:20,2026-09-06T21:07:20.395Z,2503.88,21741355,2285.43,2500,2100,655
2026-09-07 07:22:20,2026-09-06T21:22:20.401Z,2510.90,22809362,2283.99,2500,2100,655
2026-09-07 07:37:20,2026-09-06T21:37:20.405Z,2508.62,22319320,2284.26,2500,2100,655
2026-09-07 07:52:20,2026-09-06T21:52:20.403Z,2507.37,22021924,2284.71,2500,2100,655
2026-09-07 08:07:20,2026-09-06T22:07:20.404Z,2503.04,21296944,2285.12,2500,2100,655
2026-09-07 08:22:20,2026-09-06T22:22:20.401Z,2495.28,19926264,2284.65,2500,2100,655
2026-09-07 08:37:20,2026-09-06T22:37:20.398Z,2506.87,22020813,2284.02,2500,2100,655
2026-09-07 08:52:20,2026-09-06T22:52:20.399Z,2507.39,22120368,2284.29,2500,2100,655
2026-09-07 09:07:20,2026-09-06T23:07:20.437Z,2509.35,22273708,2284.92,2500,2100,655
2026-09-07 09:22:20,2026-09-06T23:22:20.399Z,2512.95,23001689,2285.52,2500,2100,655
2026-09-07 09:37:20,2026-09-06T23:37:20.403Z,2518.57,23917468,2285.70,2500,2100,655
2026-09-07 09:52:20,2026-09-06T23:52:20.397Z,2517.10,23526001,2287.48,2500,2100,655
2026-09-07 10:07:20,2026-09-07T00:07:20.373Z,2515.31,23437225,2289.67,2500,2100,655
2026-09-07 10:22:20,2026-09-07T00:22:20.378Z,2514.31,23390609,2290.07,2500,2100,655
2026-09-07 10:37:20,2026-09-07T00:37:20.453Z,2515.67,23699642,2290.13,2500,2100,655
2026-09-07 10:52:20,2026-09-07T00:52:20.400Z,2515.47,23745585,2290.15,2500,2100,655
2026-09-07 11:07:20,2026-09-07T01:07:20.399Z,2507.54,22093032,2291.96,2500,2100,656
2026-09-07 11:22:20,2026-09-07T01:22:20.369Z,2504.94,21665210,2295.87,2500,2100,658
2026-09-07 11:37:20,2026-09-07T01:37:20.369Z,2504.37,21558073,2297.02,2500,2100,658
2026-09-07 11:52:20,2026-09-07T01:52:20.405Z,2502.19,20964296,2297.66,2500,2100,658
2026-09-07 12:07:20,2026-09-07T02:07:20.412Z,2500.76,20732735,2298.93,2500,2100,658
2026-09-07 12:22:20,2026-09-07T02:22:20.401Z,2504.83,21830799,2299.43,2500,2100,658
2026-09-07 12:37:20,2026-09-07T02:37:20.430Z,2519.28,25130420,2302.48,2500,2100,658
2026-09-07 12:52:20,2026-09-07T02:52:20.394Z,2521.41,25266128,2304.93,2500,2100,661
2026-09-07 13:07:20,2026-09-07T03:07:20.420Z,2512.32,23411928,2306.75,2500,2100,662
2026-09-07 13:22:20,2026-09-07T03:22:20.415Z,2510.17,22917126,2307.86,2500,2100,663
2026-09-07 13:37:20,2026-09-07T03:37:20.382Z,2500.50,20376562,2309.08,2500,2100,663
2026-09-07 13:52:20,2026-09-07T03:52:20.459Z,2497.75,19686239,2310.76,2500,2100,663
2026-09-07 14:07:20,2026-09-07T04:07:20.377Z,2496.09,19270435,2312.52,2500,2100,663
2026-09-07 14:22:20,2026-09-07T04:22:20.419Z,2498.26,19813731,2313.45,2500,2100,664
2026-09-07 14:37:20,2026-09-07T04:37:20.398Z,2495.46,18824471,2317.76,2500,2100,665
2026-09-07 14:52:20,2026-09-07T04:52:20.414Z,2494.61,18529298,2318.79,2500,2100,665
2026-09-07 15:07:20,2026-09-07T05:07:20.476Z,2503.01,21324593,2320.24,2500,2100,665
2026-09-07 15:22:20,2026-09-07T05:22:20.434Z,2508.07,22930802,2321.19,2500,2100,665
2026-09-07 15:37:20,2026-09-07T05:37:20.426Z,2511.03,23707091,2322.27,2500,2100,666
2026-09-07 15:52:20,2026-09-07T05:52:20.386Z,2505.49,21765909,2322.93,2500,2100,666
2026-09-07 16:07:20,2026-09-07T06:07:20.380Z,2503.32,20968128,2323.18,2500,2100,666
2026-09-07 16:22:20,2026-09-07T06:22:20.412Z,2505.41,21604744,2324.46,2500,2100,666
2026-09-07 16:37:20,2026-09-07T06:37:20.429Z,2502.66,20631643,2324.08,2500,2100,667
2026-09-07 16:52:20,2026-09-07T06:52:20.432Z,2498.83,19420144,2323.37,2500,2100,667
2026-09-07 17:07:20,2026-09-07T07:07:20.416Z,2498.53,19383758,2321.93,2500,2100,668
2026-09-07 17:22:20,2026-09-07T07:22:20.427Z,2495.97,18819150,2319.44,2500,2100,669
2026-09-07 17:37:20,2026-09-07T07:37:20.383Z,2484.48,14932023,2316.51,2500,2480,673
2026-09-07 17:52:20,2026-09-07T07:52:20.419Z,2486.14,15933062,2462.05,2500,2100,673
2026-09-07 18:07:20,2026-09-07T08:07:20.513Z,2489.73,17200453,2268.79,2500,2100,626
2026-09-07 18:22:20,2026-09-07T08:22:20.406Z,2489.40,17119548,2270.21,2500,2100,627
2026-09-07 18:37:20,2026-09-07T08:37:20.415Z,2490.54,17295028,2270.78,2500,2100,630
2026-09-07 18:52:20,2026-09-07T08:52:20.414Z,2491.32,17436068,2271.61,2500,2100,630
2026-09-07 19:07:20,2026-09-07T09:07:20.374Z,2491.14,17424949,2271.84,2500,2100,630
2026-09-07 19:22:20,2026-09-07T09:22:20.412Z,2493.68,17812142,2272.03,2500,2100,631
2026-09-07 19:37:20,2026-09-07T09:37:20.426Z,2489.42,17323213,2272.36,2500,2100,633
2026-09-07 19:52:20,2026-09-07T09:52:20.369Z,2488.77,17230573,2272.36,2500,2100,633
2026-09-07 20:07:20,2026-09-07T10:07:20.416Z,2488.45,17227939,2273.20,2500,2100,635
2026-09-07 20:22:20,2026-09-07T10:22:20.467Z,2489.32,17325413,2273.25,2500,2100,636
2026-09-07 20:37:20,2026-09-07T10:37:20.413Z,2488.75,17157417,2272.97,2500,2100,636
2026-09-07 20:52:20,2026-09-07T10:52:20.414Z,2491.27,17463460,2272.58,2500,2100,636
2026-09-07 21:07:20,2026-09-07T11:07:20.528Z,2487.86,17121696,2272.54,2500,2100,636
2026-09-07 21:22:20,2026-09-07T11:22:20.385Z,2491.67,17641377,2272.24,2500,2100,636
2026-09-07 21:37:20,2026-09-07T11:37:20.431Z,2491.21,17564630,2271.82,2500,2100,637
2026-09-07 21:52:20,2026-09-07T11:52:20.430Z,2491.10,17557098,2271.60,2500,2100,637
2026-09-07 22:07:20,2026-09-07T12:07:20.421Z,2491.73,17636394,2271.58,2500,2100,637
2026-09-07 22:22:20,2026-09-07T12:22:20.387Z,2493.01,18279090,2271.31,2500,2100,637
2026-09-07 22:37:20,2026-09-07T12:37:20.430Z,2493.94,18325145,2270.96,2500,2100,637
2026-09-07 22:52:20,2026-09-07T12:52:20.416Z,2498.87,18954275,2270.65,2500,2100,637
2026-09-07 23:07:20,2026-09-07T13:07:20.444Z,2504.38,19640847,2270.81,2500,2100,639
2026-09-07 23:22:20,2026-09-07T13:22:20.425Z,2508.78,20145395,2270.45,2500,2100,639
2026-09-07 23:37:20,2026-09-07T13:37:20.522Z,2497.11,18724742,2270.32,2500,2100,639
2026-09-07 23:52:20,2026-09-07T13:52:20.423Z,2496.99,18750788,2270.14,2500,2100,639
2026-09-08 00:07:20,2026-09-07T14:07:20.421Z,2488.61,17630651,2270.26,2500,2100,642
2026-09-08 00:22:20,2026-09-07T14:22:20.398Z,2485.17,17196094,2269.83,2500,2100,642
2026-09-08 00:37:20,2026-09-07T14:37:20.438Z,2480.93,16605932,2269.88,2500,2100,643
2026-09-08 00:52:20,2026-09-07T14:52:20.431Z,2486.24,17408161,2270.08,2500,2100,644
2026-09-08 01:07:20,2026-09-07T15:07:20.453Z,2484.78,17183332,2270.18,2500,2100,644
2026-09-08 01:22:20,2026-09-07T15:22:20.439Z,2485.20,17283376,2270.24,2500,2100,644
2026-09-08 01:37:20,2026-09-07T15:37:20.450Z,2474.56,15702949,2270.24,2500,2100,644
2026-09-08 01:52:20,2026-09-07T15:52:20.485Z,2472.36,15429244,2270.88,2500,2100,645
2026-09-08 02:07:20,2026-09-07T16:07:20.436Z,2473.11,15519201,2272.93,2500,2100,645
2026-09-08 02:22:20,2026-09-07T16:22:20.423Z,2472.16,15361100,2273.16,2500,2100,645
2026-09-08 02:37:20,2026-09-07T16:37:20.437Z,2477.57,16256367,2274.75,2500,2100,645
2026-09-08 02:52:20,2026-09-07T16:52:20.441Z,2480.80,16760424,2274.31,2500,2100,645
2026-09-08 03:07:20,2026-09-07T17:07:20.398Z,2485.23,17428069,2274.39,2500,2100,645
2026-09-08 03:22:20,2026-09-07T17:22:20.451Z,2488.93,17919169,2274.58,2500,2100,645
2026-09-08 03:37:20,2026-09-07T17:37:20.429Z,2486.89,17587989,2274.65,2500,2100,645
2026-09-08 03:52:20,2026-09-07T17:52:20.431Z,2497.46,19178834,2273.94,2500,2100,645
2026-09-08 04:07:20,2026-09-07T18:07:20.437Z,2496.20,19021752,2274.42,2500,2100,645
2026-09-08 04:22:20,2026-09-07T18:22:20.431Z,2494.53,18782378,2274.45,2500,2100,645
2026-09-08 04:37:20,2026-09-07T18:37:20.432Z,2487.23,17736873,2273.87,2500,2100,645
2026-09-08 04:52:20,2026-09-07T18:52:20.434Z,2493.81,18808327,2273.56,2500,2100,645
2026-09-08 05:07:20,2026-09-07T19:07:20.434Z,2490.37,18239273,2273.50,2500,2100,645
2026-09-08 05:22:20,2026-09-07T19:22:20.436Z,2492.36,18605484,2273.61,2500,2100,645
2026-09-08 05:37:20,2026-09-07T19:37:20.398Z,2496.92,19328959,2273.72,2500,2100,645
2026-09-08 05:52:20,2026-09-07T19:52:20.441Z,2495.44,19103260,2273.50,2500,2100,645
2026-09-08 06:07:20,2026-09-07T20:07:20.427Z,2490.08,18245006,2273.47,2500,2100,645
2026-09-08 06:22:20,2026-09-07T20:22:20.427Z,2487.68,17857790,2273.77,2500,2100,645
2026-09-08 06:37:20,2026-09-07T20:37:20.438Z,2490.29,18346936,2273.89,2500,2100,646
2026-09-08 06:52:20,2026-09-07T20:52:20.422Z,2495.62,19243470,2273.84,2500,2100,646
2026-09-08 07:07:20,2026-09-07T21:07:20.428Z,2492.87,18788253,2274.42,2500,2100,646
2026-09-08 07:22:20,2026-09-07T21:22:20.419Z,2494.49,19096528,2274.76,2500,2100,647
2026-09-08 07:37:20,2026-09-07T21:37:20.456Z,2491.57,18588725,2275.03,2500,2100,647
2026-09-08 07:52:20,2026-09-07T21:52:20.436Z,2490.16,18351086,2275.01,2500,2100,647
2026-09-08 08:07:20,2026-09-07T22:07:20.450Z,2488.98,18258263,2274.98,2500,2100,647
2026-09-08 08:22:20,2026-09-07T22:22:20.424Z,2486.55,17830446,2275.28,2500,2100,647
2026-09-08 08:37:20,2026-09-07T22:37:20.411Z,2481.35,16823237,2275.72,2500,2100,648
2026-09-08 08:52:20,2026-09-07T22:52:20.455Z,2481.33,16821678,2276.36,2500,2100,648
2026-09-08 09:07:20,2026-09-07T23:07:20.444Z,2485.50,17667723,2276.33,2500,2100,648
2026-09-08 09:22:20,2026-09-07T23:22:20.427Z,2484.78,17548706,2276.63,2500,2100,648
2026-09-08 09:37:20,2026-09-07T23:37:20.411Z,2485.41,17723408,2276.82,2500,2100,648
2026-09-08 09:52:20,2026-09-07T23:52:20.458Z,2491.99,18995408,2276.92,2500,2100,648
2026-09-08 10:07:20,2026-09-08T00:07:20.457Z,2487.80,18222558,2277.03,2500,2100,648
2026-09-08 10:22:20,2026-09-08T00:22:20.447Z,2484.50,17566613,2277.17,2500,2100,648
2026-09-08 10:37:20,2026-09-08T00:37:20.448Z,2491.11,18967675,2277.67,2500,2100,648
2026-09-08 10:52:20,2026-09-08T00:52:20.440Z,2492.22,19165847,2278.92,2500,2100,648
2026-09-08 11:07:20,2026-09-08T01:07:20.457Z,2492.75,19267390,2279.33,2500,2100,648
2026-09-08 11:22:20,2026-09-08T01:22:20.447Z,2498.73,20464609,2279.45,2500,2100,648
2026-09-08 11:37:20,2026-09-08T01:37:20.448Z,2498.98,21309250,2278.05,2500,2100,648
2026-09-08 11:52:20,2026-09-08T01:52:20.453Z,2500.49,21692129,2277.68,2500,2100,648
2026-09-08 12:07:21,2026-09-08T02:07:21.972Z,2497.50,21070094,2277.68,2500,2100,648
2026-09-08 12:22:20,2026-09-08T02:22:20.448Z,2499.88,21699425,2278.56,2500,2100,649
2026-09-08 12:37:20,2026-09-08T02:37:20.451Z,2491.54,19908659,2279.69,2500,2100,649
2026-09-08 12:52:20,2026-09-08T02:52:20.451Z,2488.18,19202892,2279.90,2500,2100,649
2026-09-08 13:07:20,2026-09-08T03:07:20.450Z,2484.37,18268464,2279.53,2500,2100,649
2026-09-08 13:22:20,2026-09-08T03:22:20.475Z,2477.81,16707572,2279.55,2500,2100,649
2026-09-08 13:37:20,2026-09-08T03:37:20.453Z,2486.21,18719472,2279.29,2500,2100,649
2026-09-08 13:52:20,2026-09-08T03:52:20.442Z,2484.73,18395612,2279.41,2500,2100,649
2026-09-08 14:07:20,2026-09-08T04:07:20.433Z,2483.25,18037726,2280.27,2500,2100,649
2026-09-08 14:22:20,2026-09-08T04:22:20.448Z,2482.48,17849590,2281.48,2500,2100,649
2026-09-08 14:37:20,2026-09-08T04:37:20.419Z,2482.07,17895712,2281.88,2500,2100,649
2026-09-08 14:52:20,2026-09-08T04:52:20.551Z,2481.70,17757253,2282.31,2500,2100,649
2026-09-08 15:07:20,2026-09-08T05:07:20.462Z,2482.11,17927178,2284.42,2500,2100,649
2026-09-08 15:22:20,2026-09-08T05:22:20.453Z,2481.13,17707284,2285.38,2500,2100,649
2026-09-08 15:37:20,2026-09-08T05:37:20.424Z,2476.10,16488320,2286.95,2500,2100,649
2026-09-08 15:52:20,2026-09-08T05:52:20.454Z,2475.00,16253399,2287.28,2500,2100,649
2026-09-08 16:07:20,2026-09-08T06:07:20.453Z,2471.13,15206827,2290.23,2500,2100,649
2026-09-08 16:22:20,2026-09-08T06:22:20.454Z,2463.28,13050222,2288.84,2500,2460,650
2026-09-08 16:37:20,2026-09-08T06:37:20.479Z,2465.08,13484942,2288.41,2500,2460,650
2026-09-08 16:52:20,2026-09-08T06:52:20.456Z,2464.71,13322986,2288.65,2500,2460,650
2026-09-08 17:07:20,2026-09-08T07:07:20.454Z,2474.07,16432699,2289.31,2500,2100,650
2026-09-08 17:22:20,2026-09-08T07:22:20.462Z,2475.71,17128769,2290.61,2500,2100,650
2026-09-08 17:37:20,2026-09-08T07:37:20.455Z,2480.36,18616822,2291.30,2500,2100,650
2026-09-08 17:52:20,2026-09-08T07:52:20.456Z,2475.73,17161136,2289.14,2500,2100,650
2026-09-08 18:07:20,2026-09-08T08:07:20.418Z,2473.71,15686128,2271.27,2500,2100,608
2026-09-08 18:22:20,2026-09-08T08:22:20.443Z,2472.02,15570828,2273.86,2500,2100,608
2026-09-08 18:37:20,2026-09-08T08:37:20.472Z,2479.89,16660506,2273.21,2500,2100,610
2026-09-08 18:52:20,2026-09-08T08:52:20.421Z,2477.00,16358553,2272.55,2500,2100,614
2026-09-08 19:07:20,2026-09-08T09:07:20.473Z,2476.25,16170402,2271.78,2500,2100,614
2026-09-08 19:22:20,2026-09-08T09:22:20.565Z,2476.56,16247039,2271.34,2500,2100,615
2026-09-08 19:37:20,2026-09-08T09:37:20.443Z,2493.17,18303794,2270.75,2500,2100,615
2026-09-08 19:52:20,2026-09-08T09:52:20.464Z,2491.21,18015923,2272.10,2500,2100,619
2026-09-08 20:07:20,2026-09-08T10:07:20.463Z,2489.43,17805057,2272.61,2500,2100,622
2026-09-08 20:22:20,2026-09-08T10:22:20.476Z,2494.27,18402591,2273.61,2500,2100,622
2026-09-08 20:37:20,2026-09-08T10:37:20.461Z,2484.19,17132560,2273.46,2500,2100,622
2026-09-08 20:52:20,2026-09-08T10:52:20.423Z,2483.05,16995124,2273.05,2500,2100,622
2026-09-08 21:07:20,2026-09-08T11:07:20.426Z,2477.51,16250753,2272.62,2500,2100,623
2026-09-08 21:22:20,2026-09-08T11:22:20.453Z,2475.37,16026463,2272.97,2500,2100,623
2026-09-08 21:37:20,2026-09-08T11:37:20.429Z,2476.64,16175923,2272.90,2500,2100,623
2026-09-08 21:52:20,2026-09-08T11:52:20.463Z,2472.14,15603418,2273.10,2500,2100,623
2026-09-08 22:07:20,2026-09-08T12:07:20.468Z,2470.28,15336933,2275.74,2500,2100,623
2026-09-08 22:22:20,2026-09-08T12:22:20.429Z,2473.66,15776478,2275.64,2500,2100,623
2026-09-08 22:37:20,2026-09-08T12:37:20.466Z,2472.85,15810450,2276.70,2500,2100,624
2026-09-08 22:52:20,2026-09-08T12:52:20.461Z,2471.45,15628132,2276.82,2500,2100,624
2026-09-08 23:07:20,2026-09-08T13:07:20.474Z,2473.82,15952127,2277.25,2500,2100,624
2026-09-08 23:22:20,2026-09-08T13:22:20.474Z,2466.01,14886652,2277.41,2500,2100,625
2026-09-08 23:37:20,2026-09-08T13:37:20.468Z,2451.87,12484540,2280.55,2500,2100,626
2026-09-08 23:52:20,2026-09-08T13:52:20.466Z,2448.29,12195684,2281.58,2500,2100,632
2026-09-09 00:07:20,2026-09-08T14:07:20.436Z,2459.21,13687790,2281.56,2500,2100,633
2026-09-09 00:22:20,2026-09-08T14:22:20.473Z,2478.79,16565200,2282.94,2500,2100,636
2026-09-09 00:37:20,2026-09-08T14:37:20.481Z,2477.36,16381849,2283.45,2500,2100,637
2026-09-09 00:52:20,2026-09-08T14:52:20.501Z,2481.10,16959462,2284.26,2500,2100,637
2026-09-09 01:07:20,2026-09-08T15:07:20.501Z,2486.36,17801480,2284.91,2500,2100,637
2026-09-09 01:22:20,2026-09-08T15:22:20.533Z,2483.85,17789817,2284.07,2500,2100,637
2026-09-09 01:37:20,2026-09-08T15:37:20.539Z,2488.03,18531232,2284.42,2500,2100,638
2026-09-09 01:52:20,2026-09-08T15:52:20.506Z,2498.64,20200573,2285.29,2500,2100,638
2026-09-09 02:07:20,2026-09-08T16:07:20.512Z,2495.31,19657818,2285.43,2500,2100,638
2026-09-09 02:22:20,2026-09-08T16:22:20.454Z,2491.68,19186936,2285.45,2500,2100,638
2026-09-09 02:37:20,2026-09-08T16:37:20.513Z,2493.67,19522059,2285.46,2500,2100,638
2026-09-09 02:52:20,2026-09-08T16:52:20.501Z,2496.14,19820318,2286.08,2500,2100,638
2026-09-09 03:07:20,2026-09-08T17:07:20.591Z,2500.84,20609089,2285.86,2500,2100,638
2026-09-09 03:22:20,2026-09-08T17:22:20.498Z,2491.53,19151994,2284.65,2500,2100,638
2026-09-09 03:37:20,2026-09-08T17:37:20.495Z,2493.82,19542712,2284.57,2500,2100,638
2026-09-09 03:52:20,2026-09-08T17:52:20.460Z,2490.87,19089294,2284.41,2500,2100,638
2026-09-09 04:07:20,2026-09-08T18:07:20.504Z,2495.59,19879923,2284.26,2500,2100,639
2026-09-09 04:22:20,2026-09-08T18:22:20.498Z,2501.89,20848945,2284.47,2500,2100,640
2026-09-09 04:37:20,2026-09-08T18:37:20.459Z,2495.75,19857992,2283.63,2500,2100,640
2026-09-09 04:52:20,2026-09-08T18:52:20.524Z,2482.52,17786119,2282.22,2500,2100,640
2026-09-09 05:07:20,2026-09-08T19:07:20.517Z,2486.30,18494632,2282.61,2500,2100,641
2026-09-09 05:22:20,2026-09-08T19:22:20.512Z,2484.04,18089175,2283.21,2500,2100,641
2026-09-09 05:37:20,2026-09-08T19:37:20.523Z,2483.18,18009747,2282.38,2500,2100,641
2026-09-09 05:52:20,2026-09-08T19:52:20.504Z,2477.66,17092405,2282.40,2500,2100,641
2026-09-09 06:07:20,2026-09-08T20:07:20.487Z,2484.54,18426400,2282.32,2500,2100,641
2026-09-09 06:22:20,2026-09-08T20:22:20.508Z,2485.24,18501283,2282.73,2500,2100,641
2026-09-09 06:37:20,2026-09-08T20:37:20.505Z,2483.82,18257007,2282.77,2500,2100,641
2026-09-09 06:52:20,2026-09-08T20:52:20.476Z,2484.75,18459182,2282.62,2500,2100,641
2026-09-09 07:07:20,2026-09-08T21:07:20.506Z,2484.53,18456658,2282.77,2500,2100,641
2026-09-09 07:22:20,2026-09-08T21:22:20.530Z,2482.26,18031880,2283.05,2500,2100,641
2026-09-09 07:37:20,2026-09-08T21:37:20.491Z,2481.58,17907618,2283.78,2500,2100,641
2026-09-09 07:52:20,2026-09-08T21:52:20.519Z,2479.13,17365179,2284.37,2500,2100,641
2026-09-09 08:07:20,2026-09-08T22:07:20.512Z,2484.77,18589116,2283.99,2500,2100,641
2026-09-09 08:22:20,2026-09-08T22:22:20.511Z,2485.53,18766145,2284.15,2500,2100,641
2026-09-09 08:37:20,2026-09-08T22:37:20.504Z,2483.69,17817145,2283.75,2500,2100,641
2026-09-09 08:52:20,2026-09-08T22:52:20.522Z,2487.42,18681600,2283.99,2500,2100,641
2026-09-09 09:07:20,2026-09-08T23:07:20.526Z,2486.51,18484078,2285.02,2500,2100,641
2026-09-09 09:22:20,2026-09-08T23:22:20.522Z,2482.91,17687131,2285.23,2500,2100,641
2026-09-09 09:37:20,2026-09-08T23:37:20.493Z,2485.11,18203797,2285.52,2500,2100,641
2026-09-09 09:52:20,2026-09-08T23:52:20.510Z,2485.33,18332782,2287.07,2500,2100,641
2026-09-09 10:07:20,2026-09-09T00:07:20.474Z,2492.46,19786136,2286.57,2500,2100,641
2026-09-09 10:22:20,2026-09-09T00:22:20.515Z,2492.43,19728813,2286.26,2500,2100,641
2026-09-09 10:37:20,2026-09-09T00:37:20.506Z,2487.83,18435601,2287.86,2500,2100,641
2026-09-09 10:52:20,2026-09-09T00:52:20.516Z,2495.06,20284908,2289.90,2500,2100,641
2026-09-09 11:07:20,2026-09-09T01:07:20.526Z,2494.24,20129453,2289.12,2500,2100,641
2026-09-09 11:22:20,2026-09-09T01:22:20.514Z,2489.15,18845201,2289.72,2500,2100,641
2026-09-09 11:37:20,2026-09-09T01:37:20.517Z,2494.58,20316470,2290.47,2500,2100,642
2026-09-09 11:52:20,2026-09-09T01:52:20.515Z,2495.92,20683107,2290.96,2500,2100,642
2026-09-09 12:07:20,2026-09-09T02:07:20.512Z,2496.62,20908056,2291.21,2500,2100,642
2026-09-09 12:22:20,2026-09-09T02:22:20.609Z,2491.41,19596784,2291.50,2500,2100,642
2026-09-09 12:37:20,2026-09-09T02:37:20.497Z,2495.39,20515369,2291.86,2500,2100,642
2026-09-09 12:52:20,2026-09-09T02:52:20.516Z,2495.34,20552962,2292.33,2500,2100,642
2026-09-09 13:07:20,2026-09-09T03:07:20.529Z,2492.45,19887781,2293.57,2500,2100,642
2026-09-09 13:22:20,2026-09-09T03:22:20.558Z,2488.43,18905416,2293.75,2500,2100,642
2026-09-09 13:37:20,2026-09-09T03:37:20.580Z,2488.71,19106969,2294.04,2500,2100,642
2026-09-09 13:52:20,2026-09-09T03:52:20.497Z,2487.28,18816960,2294.05,2500,2100,642
2026-09-09 14:07:20,2026-09-09T04:07:20.538Z,2500.24,22325694,2293.16,2500,2100,642
2026-09-09 14:22:20,2026-09-09T04:22:20.498Z,2497.37,21830993,2293.90,2500,2100,642
2026-09-09 14:37:20,2026-09-09T04:37:20.537Z,2498.17,22150183,2294.76,2500,2100,642
2026-09-09 14:52:20,2026-09-09T04:52:20.541Z,2510.22,24281226,2292.79,2500,2100,643
2026-09-09 15:07:20,2026-09-09T05:07:20.535Z,2504.06,23406830,2292.47,2500,2100,643
2026-09-09 15:22:20,2026-09-09T05:22:20.524Z,2505.64,23732172,2293.95,2500,2100,644
2026-09-09 15:37:20,2026-09-09T05:37:20.531Z,2497.31,22378345,2292.75,2500,2100,644
2026-09-09 15:52:20,2026-09-09T05:52:20.524Z,2493.62,21553388,2292.60,2500,2100,644
2026-09-09 16:07:20,2026-09-09T06:07:20.535Z,2494.73,22048032,2294.26,2500,2100,644
2026-09-09 16:22:20,2026-09-09T06:22:20.558Z,2501.67,24025165,2295.81,2500,2100,644
2026-09-09 16:37:20,2026-09-09T06:37:20.538Z,2500.57,24047930,2296.63,2500,2100,644
2026-09-09 16:52:20,2026-09-09T06:52:20.546Z,2500.05,24196745,2295.11,2500,2100,644
2026-09-09 17:07:20,2026-09-09T07:07:20.554Z,2512.64,24396368,2294.62,2500,2100,644
2026-09-09 17:22:20,2026-09-09T07:22:20.555Z,2511.70,24074947,2306.64,2500,2100,645
2026-09-09 17:37:20,2026-09-09T07:37:20.507Z,2512.99,23881418,2438.69,2500,2100,646
2026-09-09 17:52:20,2026-09-09T07:52:20.534Z,2510.86,21185725,2444.37,2500,2100,646
2026-09-09 18:07:20,2026-09-09T08:07:20.535Z,2514.95,21358103,2271.38,2500,2100,607
2026-09-09 18:22:20,2026-09-09T08:22:20.546Z,2519.22,21813029,2271.29,2500,2100,607
2026-09-09 18:37:20,2026-09-09T08:37:20.541Z,2517.95,21576027,2270.39,2500,2100,607
2026-09-09 18:52:20,2026-09-09T08:52:20.538Z,2517.90,21575257,2270.65,2500,2100,607
2026-09-09 19:07:20,2026-09-09T09:07:20.499Z,2516.62,21427542,2270.40,2500,2100,608
2026-09-09 19:22:20,2026-09-09T09:22:20.551Z,2510.29,20679203,2271.46,2500,2100,608
2026-09-09 19:37:20,2026-09-09T09:37:20.539Z,2504.00,19901089,2271.36,2500,2100,608
2026-09-09 19:52:20,2026-09-09T09:52:20.550Z,2495.50,18697132,2270.49,2500,2100,608
2026-09-09 20:07:20,2026-09-09T10:07:20.560Z,2493.25,18410375,2270.01,2500,2100,610
2026-09-09 20:22:20,2026-09-09T10:22:20.542Z,2491.79,18208126,2269.06,2500,2100,613
2026-09-09 20:37:20,2026-09-09T10:37:20.535Z,2489.70,17816601,2268.82,2500,2100,613
2026-09-09 20:52:20,2026-09-09T10:52:20.542Z,2484.19,16915164,2269.07,2500,2100,614
2026-09-09 21:07:20,2026-09-09T11:07:20.516Z,2483.60,16854744,2271.09,2500,2100,614
2026-09-09 21:22:20,2026-09-09T11:22:20.572Z,2484.75,17025492,2270.65,2500,2100,614
2026-09-09 21:37:20,2026-09-09T11:37:20.514Z,2494.08,18332714,2270.23,2500,2100,615
2026-09-09 21:52:20,2026-09-09T11:52:20.535Z,2503.27,19522432,2268.31,2500,2100,615
2026-09-09 22:07:20,2026-09-09T12:07:20.538Z,2501.47,19269268,2268.05,2500,2100,616
2026-09-09 22:22:20,2026-09-09T12:22:20.546Z,2502.22,19353830,2268.48,2500,2100,617
2026-09-09 22:37:20,2026-09-09T12:37:20.510Z,2505.60,19788665,2268.32,2500,2100,617
2026-09-09 22:52:20,2026-09-09T12:52:20.559Z,2510.21,20356073,2266.50,2500,2100,617
2026-09-09 23:07:20,2026-09-09T13:07:20.554Z,2512.22,21025431,2266.74,2500,2100,617
2026-09-09 23:22:20,2026-09-09T13:22:20.552Z,2514.58,21356435,2266.46,2500,2100,617
2026-09-09 23:37:20,2026-09-09T13:37:20.507Z,2507.11,20297029,2266.88,2500,2100,617
2026-09-09 23:52:20,2026-09-09T13:52:20.542Z,2510.39,20984603,2266.62,2500,2100,618
2026-09-10 00:07:20,2026-09-09T14:07:20.660Z,2502.44,19897474,2267.19,2500,2100,622
2026-09-10 00:22:20,2026-09-09T14:22:20.552Z,2496.03,19018067,2267.16,2500,2100,622
2026-09-10 00:37:20,2026-09-09T14:37:20.657Z,2509.83,21147428,2267.14,2500,2100,624
2026-09-10 00:52:20,2026-09-09T14:52:20.585Z,2501.86,19986204,2267.80,2500,2100,624
2026-09-10 01:07:20,2026-09-09T15:07:20.788Z,2485.26,17419028,2269.86,2500,2100,625
2026-09-10 01:22:20,2026-09-09T15:22:20.624Z,2475.82,16000790,2270.07,2500,2100,627
2026-09-10 01:37:20,2026-09-09T15:37:20.557Z,2491.05,18486979,2270.83,2500,2100,627
2026-09-10 01:52:20,2026-09-09T15:52:20.585Z,2491.51,18525096,2272.77,2500,2100,627
2026-09-10 02:07:20,2026-09-09T16:07:20.913Z,2495.49,19173993,2273.22,2500,2100,627
2026-09-10 02:22:20,2026-09-09T16:22:20.776Z,2488.53,17988787,2273.66,2500,2100,627
2026-09-10 02:37:20,2026-09-09T16:37:20.835Z,2496.09,19254053,2272.80,2500,2100,627
2026-09-10 02:52:20,2026-09-09T16:52:20.588Z,2496.36,19285574,2272.96,2500,2100,627
2026-09-10 03:07:20,2026-09-09T17:07:20.559Z,2495.89,19489247,2274.49,2500,2100,627
2026-09-10 03:22:20,2026-09-09T17:22:20.631Z,2495.70,19414208,2274.34,2500,2100,627
2026-09-10 03:37:20,2026-09-09T17:37:20.665Z,2494.20,19123237,2273.93,2500,2100,627
2026-09-10 03:52:20,2026-09-09T17:52:20.587Z,2491.29,18569749,2274.26,2500,2100,627
2026-09-10 04:07:20,2026-09-09T18:07:20.583Z,2492.41,18759516,2274.56,2500,2100,627
2026-09-10 04:22:20,2026-09-09T18:22:20.572Z,2490.62,18486142,2275.15,2500,2100,627
2026-09-10 04:37:20,2026-09-09T18:37:20.587Z,2488.20,17977103,2275.26,2500,2100,627
2026-09-10 04:52:20,2026-09-09T18:52:20.572Z,2486.18,17563437,2275.25,2500,2100,627
2026-09-10 05:07:20,2026-09-09T19:07:20.607Z,2480.31,16405951,2276.84,2500,2100,627
2026-09-10 05:22:20,2026-09-09T19:22:20.597Z,2482.70,16850215,2277.02,2500,2100,627
2026-09-10 05:37:20,2026-09-09T19:37:20.573Z,2475.26,15350615,2277.49,2500,2460,627
2026-09-10 05:52:20,2026-09-09T19:52:20.549Z,2468.35,14118093,2278.61,2500,2460,627
2026-09-10 06:07:20,2026-09-09T20:07:20.562Z,2464.72,13461110,2281.20,2500,2460,627
2026-09-10 06:22:20,2026-09-09T20:22:20.579Z,2468.13,14105297,2281.88,2500,2460,627
2026-09-10 06:37:20,2026-09-09T20:37:20.574Z,2469.71,14430832,2282.72,2500,2460,628
2026-09-10 06:52:20,2026-09-09T20:52:20.575Z,2465.17,13525605,2282.90,2500,2460,628
2026-09-10 07:07:20,2026-09-09T21:07:20.526Z,2469.77,14263419,2283.72,2500,2460,628
2026-09-10 07:22:20,2026-09-09T21:22:20.577Z,2464.31,13137823,2283.75,2500,2460,628
2026-09-10 07:37:20,2026-09-09T21:37:20.553Z,2463.87,12997267,2283.64,2500,2460,628
2026-09-10 07:52:20,2026-09-09T21:52:20.568Z,2457.30,11847506,2286.43,2500,2460,630
2026-09-10 08:07:20,2026-09-09T22:07:20.580Z,2455.78,11553644,2286.87,2500,2460,630
2026-09-10 08:22:20,2026-09-09T22:22:20.547Z,2453.06,11358528,2286.38,2500,2460,630
2026-09-10 08:37:20,2026-09-09T22:37:20.545Z,2454.68,11529134,2286.30,2500,2460,631
2026-09-10 08:52:20,2026-09-09T22:52:20.580Z,2452.85,11165395,2286.72,2500,2460,631
2026-09-10 09:07:20,2026-09-09T23:07:20.577Z,2457.48,11988194,2286.49,2500,2460,631
2026-09-10 09:22:20,2026-09-09T23:22:20.544Z,2461.14,12519749,2286.70,2500,2460,631
2026-09-10 09:37:20,2026-09-09T23:37:20.594Z,2465.23,13245252,2287.55,2500,2460,631
2026-09-10 09:52:20,2026-09-09T23:52:20.600Z,2467.43,13587311,2287.61,2500,2460,631
2026-09-10 10:07:20,2026-09-10T00:07:20.617Z,2468.91,13852290,2287.75,2500,2460,631
2026-09-10 10:22:20,2026-09-10T00:22:20.573Z,2465.54,13051904,2287.66,2500,2460,632
2026-09-10 10:37:20,2026-09-10T00:37:20.548Z,2469.03,13842894,2290.09,2500,2460,633
2026-09-10 10:52:20,2026-09-10T00:52:20.566Z,2467.67,13595792,2289.13,2500,2460,633
2026-09-10 11:07:20,2026-09-10T01:07:20.616Z,2473.93,14849206,2296.98,2500,2460,633
2026-09-10 11:22:20,2026-09-10T01:22:20.594Z,2463.48,12476384,2300.06,2500,2460,634
2026-09-10 11:37:20,2026-09-10T01:37:20.554Z,2458.41,11450004,2301.21,2500,2460,635
2026-09-10 11:52:20,2026-09-10T01:52:20.633Z,2458.91,11548463,2301.82,2500,2460,635
2026-09-10 12:07:20,2026-09-10T02:07:20.598Z,2463.34,12483555,2301.25,2500,2460,635
2026-09-10 12:22:20,2026-09-10T02:22:20.556Z,2459.88,11684220,2300.38,2500,2460,635
2026-09-10 12:37:20,2026-09-10T02:37:20.586Z,2467.68,13471434,2300.09,2500,2460,635
2026-09-10 12:52:20,2026-09-10T02:52:20.557Z,2473.27,14730996,2299.79,2500,2460,635
2026-09-10 13:07:20,2026-09-10T03:07:20.578Z,2475.47,15167263,2299.59,2500,2460,635
2026-09-10 13:22:20,2026-09-10T03:22:20.570Z,2475.54,15120464,2299.31,2500,2460,635
2026-09-10 13:37:20,2026-09-10T03:37:20.601Z,2473.88,14725372,2298.38,2500,2460,637
2026-09-10 13:52:20,2026-09-10T03:52:20.695Z,2473.81,14773427,2297.92,2500,2460,637
2026-09-10 14:07:20,2026-09-10T04:07:20.592Z,2476.97,15526474,2298.67,2500,2460,637
2026-09-10 14:22:20,2026-09-10T04:22:20.595Z,2476.13,15309314,2297.72,2500,2460,637
2026-09-10 14:37:20,2026-09-10T04:37:20.574Z,2477.03,15527521,2299.38,2500,2460,637
2026-09-10 14:52:20,2026-09-10T04:52:20.586Z,2475.70,15190702,2300.02,2500,2460,637
2026-09-10 15:07:20,2026-09-10T05:07:20.597Z,2474.17,14774169,2299.08,2500,2460,637
2026-09-10 15:22:20,2026-09-10T05:22:20.596Z,2477.26,15590378,2298.88,2500,2460,637
2026-09-10 15:37:20,2026-09-10T05:37:20.592Z,2481.71,16806513,2297.53,2500,2100,637
2026-09-10 15:52:20,2026-09-10T05:52:20.596Z,2479.88,16341558,2295.92,2500,2100,637
2026-09-10 16:07:20,2026-09-10T06:07:20.618Z,2477.73,15788526,2294.24,2500,2460,637
2026-09-10 16:22:20,2026-09-10T06:22:20.629Z,2472.86,14514926,2293.70,2500,2460,637
2026-09-10 16:37:20,2026-09-10T06:37:20.613Z,2472.60,14496922,2292.68,2500,2460,638
2026-09-10 16:52:20,2026-09-10T06:52:20.588Z,2481.41,16752296,2292.61,2500,2100,638
2026-09-10 17:07:20,2026-09-10T07:07:20.575Z,2474.44,15009181,2291.17,2500,2460,638
2026-09-10 17:22:20,2026-09-10T07:22:20.630Z,2471.03,13969438,2348.58,2500,2460,638
2026-09-10 17:37:20,2026-09-10T07:37:20.594Z,2464.78,10923177,2351.03,2500,2460,638
2026-09-10 17:52:20,2026-09-10T07:52:20.565Z,2469.26,15601002,2350.29,2500,2100,638
2026-09-10 18:07:20,2026-09-10T08:07:20.590Z,2469.99,15843168,2291.59,2500,2100,601
2026-09-10 18:22:20,2026-09-10T08:22:20.595Z,2472.55,16255741,2292.22,2500,2100,603
2026-09-10 18:37:20,2026-09-10T08:37:20.603Z,2472.71,16330503,2293.24,2500,2100,603
2026-09-10 18:52:20,2026-09-10T08:52:20.618Z,2471.38,16126420,2293.22,2500,2100,603
2026-09-10 19:07:20,2026-09-10T09:07:20.603Z,2472.71,16331816,2293.66,2500,2100,608
2026-09-10 19:22:20,2026-09-10T09:22:20.567Z,2474.92,16726251,2293.63,2500,2100,608
2026-09-10 19:37:20,2026-09-10T09:37:20.594Z,2470.53,16009289,2293.83,2500,2100,610
2026-09-10 19:52:20,2026-09-10T09:52:20.597Z,2468.95,15513838,2295.92,2500,2100,610
2026-09-10 20:07:20,2026-09-10T10:07:20.605Z,2469.92,15469540,2295.71,2500,2100,611
2026-09-10 20:22:20,2026-09-10T10:22:20.598Z,2469.90,15556324,2293.72,2500,2100,611
2026-09-10 20:37:20,2026-09-10T10:37:20.578Z,2466.65,15038168,2293.01,2500,2100,613
2026-09-10 20:52:20,2026-09-10T10:52:20.705Z,2466.31,14939758,2292.67,2500,2100,613
2026-09-10 21:07:20,2026-09-10T11:07:20.602Z,2460.25,13980617,2293.23,2500,2100,616
2026-09-10 21:22:20,2026-09-10T11:22:20.601Z,2465.31,14818068,2294.97,2500,2100,618
2026-09-10 21:37:20,2026-09-10T11:37:20.599Z,2467.09,15257838,2295.84,2500,2100,618
2026-09-10 21:52:20,2026-09-10T11:52:20.594Z,2463.03,14551211,2295.95,2500,2100,620
2026-09-10 22:07:20,2026-09-10T12:07:20.610Z,2458.37,13106505,2301.86,2500,2420,623
2026-09-10 22:22:20,2026-09-10T12:22:20.587Z,2456.09,12691820,2301.88,2500,2420,624
2026-09-10 22:37:20,2026-09-10T12:37:20.591Z,2437.01,9642899,2303.03,2500,2420,627
2026-09-10 22:52:20,2026-09-10T12:52:20.578Z,2423.69,7423577,2315.15,2500,2400,632
2026-09-10 23:07:20,2026-09-10T13:07:20.615Z,2421.15,6845419,2328.64,2500,2420,633
2026-09-10 23:22:20,2026-09-10T13:22:20.577Z,2415.96,5960327,2333.35,2500,2400,635
2026-09-10 23:37:20,2026-09-10T13:37:20.592Z,2427.92,7278948,2340.06,2500,2420,635
2026-09-10 23:52:20,2026-09-10T13:52:20.610Z,2428.81,7276381,2340.56,2500,2420,635
2026-09-11 00:07:20,2026-09-10T14:07:20.602Z,2432.89,7895826,2341.72,2500,2420,637
2026-09-11 00:22:20,2026-09-10T14:22:20.602Z,2435.30,8261139,2342.51,2500,2420,638
2026-09-11 00:37:20,2026-09-10T14:37:20.624Z,2441.37,9221377,2344.27,2500,2420,640
2026-09-11 00:52:20,2026-09-10T14:52:20.714Z,2438.68,8665199,2343.25,2500,2420,641
2026-09-11 01:07:20,2026-09-10T15:07:20.624Z,2441.02,8987591,2342.61,2500,2420,641
2026-09-11 01:22:20,2026-09-10T15:22:20.605Z,2437.65,8210357,2341.86,2500,2420,642
2026-09-11 01:37:20,2026-09-10T15:37:20.939Z,2442.06,8924822,2343.46,2500,2420,644
2026-09-11 01:52:20,2026-09-10T15:52:20.624Z,2437.43,7908371,2344.31,2500,2420,644
2026-09-11 02:07:20,2026-09-10T16:07:20.600Z,2438.66,8413549,2334.02,2500,2420,645
2026-09-11 02:22:20,2026-09-10T16:22:20.627Z,2439.68,8570438,2334.11,2500,2420,646
2026-09-11 02:37:20,2026-09-10T16:37:20.607Z,2436.88,7999264,2332.97,2500,2420,646
2026-09-11 02:52:20,2026-09-10T16:52:20.607Z,2444.19,9433915,2336.06,2500,2420,647
2026-09-11 03:07:20,2026-09-10T17:07:20.575Z,2449.17,10363799,2338.74,2500,2420,647
2026-09-11 03:22:20,2026-09-10T17:22:20.652Z,2456.29,11835681,2340.80,2500,2420,647
2026-09-11 03:37:20,2026-09-10T17:37:20.618Z,2468.90,14436660,2341.36,2500,2420,649
2026-09-11 03:52:20,2026-09-10T17:52:20.590Z,2469.25,14503429,2341.20,2500,2420,649
2026-09-11 04:07:20,2026-09-10T18:07:20.649Z,2460.74,12576802,2339.84,2500,2420,649
2026-09-11 04:22:20,2026-09-10T18:22:20.624Z,2460.68,12643269,2337.16,2500,2420,650
2026-09-11 04:37:20,2026-09-10T18:37:20.603Z,2460.40,12539269,2334.21,2500,2420,650
2026-09-11 04:52:20,2026-09-10T18:52:20.577Z,2463.50,13204559,2330.25,2500,2420,650
2026-09-11 05:07:20,2026-09-10T19:07:20.604Z,2463.82,13079804,2329.53,2500,2420,650
2026-09-11 05:22:20,2026-09-10T19:22:20.624Z,2463.36,12937730,2329.94,2500,2420,650
2026-09-11 05:37:20,2026-09-10T19:37:20.591Z,2463.86,12648163,2340.75,2500,2420,650
2026-09-11 05:52:20,2026-09-10T19:52:20.611Z,2461.97,12160458,2336.16,2500,2420,650
2026-09-11 06:07:20,2026-09-10T20:07:20.602Z,2462.24,12411064,2334.23,2500,2420,650
2026-09-11 06:22:20,2026-09-10T20:22:20.577Z,2467.85,13691093,2334.61,2500,2420,650
2026-09-11 06:37:20,2026-09-10T20:37:20.631Z,2463.89,12671573,2334.17,2500,2420,650
2026-09-11 06:52:20,2026-09-10T20:52:20.610Z,2461.51,12059152,2334.08,2500,2420,650
2026-09-11 07:07:20,2026-09-10T21:07:20.576Z,2459.73,11600396,2332.99,2500,2420,650
2026-09-11 07:22:20,2026-09-10T21:22:20.618Z,2459.29,11273801,2336.33,2500,2420,650
2026-09-11 07:37:20,2026-09-10T21:37:20.612Z,2458.89,11099400,2337.01,2500,2420,650
2026-09-11 07:52:20,2026-09-10T21:52:20.628Z,2459.12,11185862,2334.23,2500,2420,650
2026-09-11 08:07:20,2026-09-10T22:07:20.669Z,2457.70,10805920,2332.04,2500,2420,650
2026-09-11 08:22:20,2026-09-10T22:22:20.626Z,2457.84,10796098,2331.44,2500,2420,650
2026-09-11 08:37:20,2026-09-10T22:37:20.663Z,2448.37,8855162,2330.10,2500,2420,650
2026-09-11 08:52:20,2026-09-10T22:52:20.636Z,2448.70,8875160,2331.74,2500,2420,650
2026-09-11 09:07:20,2026-09-10T23:07:20.618Z,2442.26,7582975,2330.81,2500,2420,650
2026-09-11 09:22:20,2026-09-10T23:22:20.630Z,2443.80,8129401,2329.74,2500,2420,650
2026-09-11 09:37:20,2026-09-10T23:37:20.638Z,2443.36,7963886,2329.99,2500,2420,650
2026-09-11 09:52:20,2026-09-10T23:52:20.583Z,2438.69,6988191,2328.95,2500,2420,650
2026-09-11 10:07:20,2026-09-11T00:07:20.623Z,2443.30,7922650,2328.35,2500,2420,650
2026-09-11 10:22:20,2026-09-11T00:22:20.588Z,2448.91,8864540,2327.09,2500,2420,650
2026-09-11 10:37:20,2026-09-11T00:37:20.644Z,2450.48,9186531,2329.69,2500,2420,650
2026-09-11 10:52:20,2026-09-11T00:52:20.628Z,2454.17,9932389,2329.81,2500,2420,650
2026-09-11 11:07:20,2026-09-11T01:07:20.586Z,2457.66,10598912,2331.66,2500,2420,650
2026-09-11 11:22:20,2026-09-11T01:22:20.624Z,2451.53,9135629,2331.97,2500,2420,650
2026-09-11 11:37:20,2026-09-11T01:37:20.629Z,2451.12,9203268,2329.52,2500,2420,650
2026-09-11 11:52:20,2026-09-11T01:52:20.625Z,2452.32,9754078,2328.44,2500,2420,650
2026-09-11 12:07:20,2026-09-11T02:07:20.622Z,2451.15,9477147,2328.31,2500,2420,650
2026-09-11 12:22:20,2026-09-11T02:22:20.624Z,2449.25,9083201,2328.11,2500,2420,650
2026-09-11 12:37:20,2026-09-11T02:37:20.597Z,2448.32,8998606,2325.89,2500,2420,651
2026-09-11 12:52:20,2026-09-11T02:52:20.697Z,2449.03,9133329,2325.65,2500,2420,651
2026-09-11 13:07:20,2026-09-11T03:07:20.644Z,2441.49,7387876,2339.00,2500,2420,653
2026-09-11 13:22:20,2026-09-11T03:22:20.687Z,2442.68,7634965,2388.46,2500,2420,655
2026-09-11 13:37:20,2026-09-11T03:37:20.646Z,2443.70,7836841,2391.79,2500,2420,655
2026-09-11 13:52:20,2026-09-11T03:52:20.649Z,2442.45,7619901,2394.56,2500,2420,655
2026-09-11 14:07:20,2026-09-11T04:07:20.667Z,2450.14,9022619,2394.57,2500,2420,655
2026-09-11 14:22:20,2026-09-11T04:22:20.627Z,2451.86,9246671,2392.05,2500,2420,655
2026-09-11 14:37:20,2026-09-11T04:37:20.641Z,2459.57,10579380,2398.23,2500,2420,656
2026-09-11 14:52:20,2026-09-11T04:52:20.611Z,2458.17,10282565,2399.80,2500,2420,656
2026-09-11 15:07:20,2026-09-11T05:07:20.632Z,2458.55,10290116,2402.33,2500,2420,656
2026-09-11 15:22:20,2026-09-11T05:22:20.627Z,2457.52,10053773,2404.20,2500,2420,656
2026-09-11 15:37:20,2026-09-11T05:37:20.629Z,2461.68,10611388,2406.23,2500,2420,656
2026-09-11 15:52:20,2026-09-11T05:52:20.683Z,2465.72,11261719,2407.65,2500,2470,656
2026-09-11 16:07:20,2026-09-11T06:07:20.598Z,2466.38,11152056,2409.51,2500,2470,657
2026-09-11 16:22:20,2026-09-11T06:22:20.636Z,2466.95,11008720,2410.81,2500,2470,657
2026-09-11 16:37:20,2026-09-11T06:37:20.627Z,2465.54,10451251,2411.82,2500,2470,657
2026-09-11 16:52:20,2026-09-11T06:52:20.646Z,2466.79,9401907,2412.54,2500,2470,657
2026-09-11 17:07:20,2026-09-11T07:07:20.639Z,2467.60,9317198,2412.84,2500,2470,657
2026-09-11 17:22:20,2026-09-11T07:22:20.649Z,2469.22,9245999,2412.68,2500,2470,657
2026-09-11 17:37:20,2026-09-11T07:37:20.620Z,2468.18,7982692,2411.67,2500,2470,657
2026-09-11 17:52:20,2026-09-11T07:52:20.628Z,2466.97,7647058,2409.13,2500,2470,657
2026-09-11 18:07:20,2026-09-11T08:07:20.680Z,2465.39,12658801,2218.32,2500,2420,608
2026-09-11 18:22:20,2026-09-11T08:22:20.639Z,2467.63,13055550,2223.98,2500,2420,612
2026-09-11 18:37:20,2026-09-11T08:37:20.608Z,2476.89,14069633,2226.91,2500,2420,620
2026-09-11 18:52:20,2026-09-11T08:52:20.636Z,2476.31,13942725,2231.82,2500,2420,621
2026-09-11 19:07:20,2026-09-11T09:07:20.622Z,2474.70,13871584,2234.60,2500,2420,625
2026-09-11 19:22:20,2026-09-11T09:22:20.635Z,2473.96,13823599,2235.26,2500,2420,627
2026-09-11 19:37:20,2026-09-11T09:37:20.636Z,2465.22,12902011,2235.16,2500,2420,630
2026-09-11 19:52:20,2026-09-11T09:52:20.734Z,2467.82,13305719,2234.18,2500,2420,631
2026-09-11 20:07:20,2026-09-11T10:07:20.626Z,2471.91,13812039,2234.35,2500,2420,631
2026-09-11 20:22:20,2026-09-11T10:22:20.608Z,2466.12,13187038,2235.77,2500,2420,633
2026-09-11 20:37:20,2026-09-11T10:37:20.643Z,2463.99,12977555,2236.09,2500,2420,634
2026-09-11 20:52:20,2026-09-11T10:52:20.638Z,2464.45,13069640,2233.75,2500,2420,634
2026-09-11 21:07:20,2026-09-11T11:07:20.638Z,2453.64,11921531,2233.95,2500,2420,636
2026-09-11 21:22:20,2026-09-11T11:22:20.635Z,2454.38,12059702,2233.29,2500,2420,637
2026-09-11 21:37:20,2026-09-11T11:37:20.758Z,2454.23,12102620,2232.67,2500,2420,637
2026-09-11 21:52:20,2026-09-11T11:52:20.636Z,2456.22,12310930,2233.11,2500,2420,637
2026-09-11 22:07:20,2026-09-11T12:07:20.648Z,2452.97,12050562,2232.28,2500,2420,637
2026-09-11 22:22:20,2026-09-11T12:22:20.634Z,2457.29,12534201,2236.79,2500,2420,640
2026-09-11 22:37:20,2026-09-11T12:37:20.678Z,2493.62,16969004,2259.67,2500,2420,643
2026-09-11 22:52:20,2026-09-11T12:52:20.638Z,2509.03,18322978,2270.54,2500,2420,647
2026-09-11 23:07:20,2026-09-11T13:07:20.649Z,2505.16,17653610,2277.28,2500,2420,651
2026-09-11 23:22:20,2026-09-11T13:22:20.633Z,2509.00,18805881,2280.56,2500,2420,651
2026-09-11 23:37:20,2026-09-11T13:37:20.602Z,2495.78,17213693,2280.34,2500,2420,654
2026-09-11 23:52:20,2026-09-11T13:52:20.635Z,2598.73,27797474,2283.66,2600,2100,666
2026-09-12 00:07:20,2026-09-11T14:07:20.652Z,2627.14,29105036,2280.70,2800,2100,692
2026-09-12 00:22:20,2026-09-11T14:22:20.656Z,2612.76,28417069,2282.66,2800,2100,695
2026-09-12 00:37:20,2026-09-11T14:37:20.649Z,2604.78,28422892,2277.23,2800,2100,699
2026-09-12 00:52:20,2026-09-11T14:52:20.662Z,2602.19,28360743,2283.90,2800,2100,701
2026-09-12 01:07:20,2026-09-11T15:07:20.663Z,2609.82,29011436,2286.61,2800,2100,703
2026-09-12 01:22:20,2026-09-11T15:22:20.649Z,2613.98,29117781,2286.48,2800,2100,704
2026-09-12 01:37:20,2026-09-11T15:37:20.655Z,2608.49,28788405,2283.38,2800,2100,705
2026-09-12 01:52:20,2026-09-11T15:52:20.656Z,2585.93,26865521,2284.52,2800,2100,706
2026-09-12 02:07:20,2026-09-11T16:07:20.637Z,2574.44,25491696,2288.86,2800,2100,706
2026-09-12 02:22:20,2026-09-11T16:22:20.667Z,2549.69,21969114,2290.01,2500,2100,706
2026-09-12 02:37:20,2026-09-11T16:37:20.654Z,2567.66,24623583,2296.55,2800,2100,707
2026-09-12 02:52:20,2026-09-11T16:52:20.665Z,2576.67,25821975,2297.61,2800,2100,707
2026-09-12 03:07:20,2026-09-11T17:07:20.673Z,2579.99,26230268,2298.39,2800,2100,708
2026-09-12 03:22:20,2026-09-11T17:22:20.683Z,2571.42,25220492,2300.58,2800,2100,708
2026-09-12 03:37:20,2026-09-11T17:37:20.667Z,2570.90,25209737,2300.92,2800,2100,708
2026-09-12 03:52:20,2026-09-11T17:52:20.664Z,2566.54,24671795,2301.66,2800,2100,709
2026-09-12 04:07:20,2026-09-11T18:07:20.682Z,2542.90,20836131,2307.62,2500,2100,709
2026-09-12 04:22:20,2026-09-11T18:22:20.670Z,2545.86,21268269,2303.95,2500,2100,709
2026-09-12 04:37:20,2026-09-11T18:37:20.625Z,2546.15,21388948,2304.18,2500,2100,709
2026-09-12 04:52:20,2026-09-11T18:52:20.617Z,2535.78,19664337,2303.23,2500,2100,710
2026-09-12 05:07:20,2026-09-11T19:07:20.655Z,2542.33,20722368,2303.50,2500,2100,710
2026-09-12 05:22:20,2026-09-11T19:22:20.660Z,2542.22,20729507,2304.79,2500,2100,710
2026-09-12 05:37:20,2026-09-11T19:37:20.694Z,2545.74,21432139,2305.11,2500,2100,710
2026-09-12 05:52:20,2026-09-11T19:52:20.649Z,2541.44,20788608,2304.28,2500,2100,710
2026-09-12 06:07:20,2026-09-11T20:07:20.631Z,2544.52,21350724,2302.29,2500,2100,710
2026-09-12 06:22:20,2026-09-11T20:22:20.655Z,2538.68,20385454,2300.89,2500,2100,710
2026-09-12 06:37:20,2026-09-11T20:37:20.674Z,2534.13,19695657,2298.32,2500,2100,710
2026-09-12 06:52:20,2026-09-11T20:52:20.678Z,2524.68,17954807,2305.00,2500,2100,710
2026-09-12 07:07:20,2026-09-11T21:07:20.669Z,2532.92,18779038,2307.47,2600,2100,710
2026-09-12 07:22:20,2026-09-11T21:22:20.643Z,2536.73,19278275,2309.35,2600,2520,710
2026-09-12 07:37:20,2026-09-11T21:37:20.672Z,2534.27,18800771,2308.97,2600,2100,710
2026-09-12 07:52:20,2026-09-11T21:52:20.630Z,2527.19,17531439,2307.43,2600,2100,710
2026-09-12 08:07:20,2026-09-11T22:07:20.665Z,2514.97,15201597,2304.09,2600,2420,711
2026-09-12 08:22:20,2026-09-11T22:22:20.630Z,2520.63,16344705,2304.47,2600,2100,711
2026-09-12 08:37:20,2026-09-11T22:37:20.673Z,2516.11,15506959,2303.98,2600,2100,711
2026-09-12 08:52:20,2026-09-11T22:52:20.664Z,2509.22,14000630,2305.55,2600,2480,711
2026-09-12 09:07:20,2026-09-11T23:07:20.672Z,2510.51,14301314,2305.52,2600,2480,712
2026-09-12 09:22:20,2026-09-11T23:22:20.651Z,2513.68,15032430,2305.75,2600,2480,712
2026-09-12 09:37:20,2026-09-11T23:37:20.666Z,2511.87,14656331,2305.37,2600,2480,712
2026-09-12 09:52:20,2026-09-11T23:52:20.631Z,2512.87,14915460,2305.06,2600,2480,712
2026-09-12 10:07:20,2026-09-12T00:07:20.795Z,2512.32,14783076,2305.05,2600,2480,712
2026-09-12 10:22:20,2026-09-12T00:22:20.629Z,2515.75,15605965,2305.77,2600,2100,712
2026-09-12 10:37:20,2026-09-12T00:37:20.677Z,2514.43,15316585,2305.77,2600,2100,712
2026-09-12 10:52:20,2026-09-12T00:52:20.653Z,2510.31,14354350,2305.23,2600,2480,712
2026-09-12 11:07:20,2026-09-12T01:07:20.645Z,2513.40,15196180,2304.73,2600,2100,712
2026-09-12 11:22:20,2026-09-12T01:22:20.629Z,2515.39,15626037,2304.94,2600,2100,712
2026-09-12 11:37:20,2026-09-12T01:37:20.677Z,2515.01,15547646,2304.43,2600,2100,712
2026-09-12 11:52:20,2026-09-12T01:52:20.674Z,2516.66,16043269,2303.73,2600,2100,712
2026-09-12 12:07:20,2026-09-12T02:07:20.674Z,2513.02,15190971,2303.27,2600,2100,713
2026-09-12 12:22:20,2026-09-12T02:22:20.670Z,2513.49,15205486,2394.65,2600,2100,713
2026-09-12 12:37:20,2026-09-12T02:37:20.671Z,2513.24,15212840,2400.37,2600,2100,713
2026-09-12 12:52:20,2026-09-12T02:52:20.643Z,2512.94,15145222,2404.75,2600,2100,713
2026-09-12 13:07:20,2026-09-12T03:07:20.637Z,2512.92,15255761,2407.37,2600,2100,713
2026-09-12 13:22:20,2026-09-12T03:22:20.677Z,2509.67,14274307,2409.20,2600,2480,713
2026-09-12 13:37:20,2026-09-12T03:37:20.703Z,2512.72,15312723,2411.60,2600,2100,713
2026-09-12 13:52:20,2026-09-12T03:52:20.677Z,2512.90,15394786,2414.10,2600,2100,713
2026-09-12 14:07:20,2026-09-12T04:07:20.679Z,2512.50,15283657,2416.23,2600,2100,713
2026-09-12 14:22:20,2026-09-12T04:22:20.648Z,2510.30,14477702,2417.94,2600,2100,713
2026-09-12 14:37:20,2026-09-12T04:37:20.665Z,2513.92,15812131,2419.10,2600,2100,713
2026-09-12 14:52:20,2026-09-12T04:52:20.788Z,2513.21,15673465,2420.45,2600,2100,713
2026-09-12 15:07:20,2026-09-12T05:07:20.676Z,2511.20,14998449,2421.92,2600,2100,713
2026-09-12 15:22:20,2026-09-12T05:22:20.671Z,2510.13,14635705,2423.33,2600,2100,713
2026-09-12 15:37:20,2026-09-12T05:37:20.682Z,2511.71,15317385,2424.87,2600,2100,713
2026-09-12 15:52:20,2026-09-12T05:52:20.641Z,2511.88,15417471,2426.49,2600,2100,713
2026-09-12 16:07:20,2026-09-12T06:07:20.676Z,2510.09,14597301,2427.94,2600,2100,714
2026-09-12 16:22:20,2026-09-12T06:22:20.639Z,2511.28,15270227,2428.97,2600,2100,714
2026-09-12 16:37:20,2026-09-12T06:37:20.689Z,2514.11,17198140,2429.99,2600,2100,714
2026-09-12 16:52:20,2026-09-12T06:52:20.681Z,2520.46,20544634,2430.83,2500,2100,715
2026-09-12 17:07:20,2026-09-12T07:07:20.686Z,2522.47,21013015,2431.38,2500,2100,716
2026-09-12 17:22:20,2026-09-12T07:22:20.805Z,2523.43,21072332,2431.55,2500,2100,716
2026-09-12 17:37:20,2026-09-12T07:37:20.696Z,2522.81,21971619,2431.14,2500,2100,716
2026-09-12 17:52:20,2026-09-12T07:52:20.680Z,2522.27,23093344,2428.75,2520,2100,716
2026-09-12 18:07:20,2026-09-12T08:07:20.679Z,2525.04,16998871,2284.15,2500,2520,666
2026-09-12 18:22:20,2026-09-12T08:22:20.695Z,2528.53,17174629,2284.34,2500,2520,666
2026-09-12 18:37:20,2026-09-12T08:37:20.689Z,2530.80,17464892,2284.45,2500,2520,666
2026-09-12 18:52:20,2026-09-12T08:52:20.677Z,2535.24,18203690,2284.34,2500,2520,668
2026-09-12 19:07:20,2026-09-12T09:07:20.697Z,2533.31,17633124,2284.28,2500,2520,668
2026-09-12 19:22:20,2026-09-12T09:22:20.695Z,2533.53,17729597,2284.33,2500,2520,668
2026-09-12 19:37:20,2026-09-12T09:37:20.670Z,2532.93,17649375,2284.64,2500,2520,668
2026-09-12 19:52:20,2026-09-12T09:52:20.688Z,2530.88,17242315,2285.00,2500,2520,668
2026-09-12 20:07:20,2026-09-12T10:07:20.668Z,2535.66,18120940,2285.23,2600,2520,668
2026-09-12 20:22:20,2026-09-12T10:22:20.683Z,2532.13,17411130,2285.48,2500,2520,668
2026-09-12 20:37:20,2026-09-12T10:37:20.683Z,2531.22,17222281,2285.92,2500,2520,668
2026-09-12 20:52:20,2026-09-12T10:52:20.684Z,2533.01,17367360,2286.54,2500,2520,671
2026-09-12 21:07:20,2026-09-12T11:07:20.685Z,2532.87,17312062,2286.66,2500,2520,671
2026-09-12 21:22:20,2026-09-12T11:22:20.705Z,2531.97,17103932,2286.63,2500,2520,671
2026-09-12 21:37:20,2026-09-12T11:37:20.687Z,2534.83,17615060,2286.80,2600,2520,671
2026-09-12 21:52:20,2026-09-12T11:52:20.690Z,2536.15,17949282,2287.87,2600,2520,673
2026-09-12 22:07:20,2026-09-12T12:07:20.799Z,2535.27,17825439,2288.18,2600,2520,673
2026-09-12 22:22:20,2026-09-12T12:22:20.694Z,2533.67,17497344,2288.14,2600,2520,673
2026-09-12 22:37:20,2026-09-12T12:37:20.679Z,2534.72,17669288,2288.12,2600,2520,673
2026-09-12 22:52:20,2026-09-12T12:52:20.674Z,2532.86,17175111,2288.31,2600,2520,673
2026-09-12 23:07:20,2026-09-12T13:07:20.686Z,2535.19,17730911,2288.22,2600,2520,673
2026-09-12 23:22:20,2026-09-12T13:22:20.692Z,2539.86,19186424,2287.51,2600,2520,673
2026-09-12 23:37:20,2026-09-12T13:37:20.689Z,2539.30,19118877,2287.75,2600,2520,674
2026-09-12 23:52:20,2026-09-12T13:52:20.690Z,2538.47,18926395,2288.19,2600,2520,674
2026-09-13 00:07:20,2026-09-12T14:07:20.685Z,2544.44,20516947,2286.77,2600,2520,675
2026-09-13 00:22:20,2026-09-12T14:22:20.687Z,2541.92,19924160,2286.72,2600,2520,675
2026-09-13 00:37:20,2026-09-12T14:37:20.696Z,2541.69,19862210,2286.60,2600,2520,675
2026-09-13 00:52:20,2026-09-12T14:52:20.678Z,2540.85,19675687,2287.05,2600,2520,675
2026-09-13 01:07:20,2026-09-12T15:07:20.692Z,2539.48,19357610,2287.36,2600,2520,676
2026-09-13 01:22:20,2026-09-12T15:22:20.667Z,2540.59,19647772,2287.78,2600,2520,677
2026-09-13 01:37:20,2026-09-12T15:37:20.693Z,2536.76,18702050,2288.27,2600,2520,678
2026-09-13 01:52:20,2026-09-12T15:52:20.700Z,2532.98,17923988,2287.94,2600,2520,678
2026-09-13 02:07:20,2026-09-12T16:07:20.695Z,2532.93,17964076,2288.40,2600,2520,678
2026-09-13 02:22:20,2026-09-12T16:22:20.693Z,2533.75,18130847,2288.62,2600,2520,678
2026-09-13 02:37:20,2026-09-12T16:37:20.690Z,2531.59,17659223,2288.67,2600,2520,679
2026-09-13 02:52:20,2026-09-12T16:52:20.696Z,2530.77,17405403,2288.77,2600,2520,679
2026-09-13 03:07:20,2026-09-12T17:07:20.687Z,2532.61,17833222,2289.01,2600,2520,679
2026-09-13 03:22:20,2026-09-12T17:22:20.691Z,2527.85,16749442,2289.34,2600,2520,679
2026-09-13 03:37:20,2026-09-12T17:37:20.686Z,2526.18,16406591,2289.43,2600,2520,679
2026-09-13 03:52:20,2026-09-12T17:52:20.697Z,2525.66,16322964,2289.79,2600,2520,679
2026-09-13 04:07:20,2026-09-12T18:07:20.700Z,2526.31,16441844,2290.27,2600,2520,679
2026-09-13 04:22:20,2026-09-12T18:22:20.698Z,2524.43,16054610,2290.65,2500,2520,679
2026-09-13 04:37:20,2026-09-12T18:37:20.697Z,2521.50,15408866,2290.84,2500,2520,679
2026-09-13 04:52:20,2026-09-12T18:52:20.694Z,2522.47,15598448,2290.83,2500,2520,679
2026-09-13 05:07:20,2026-09-12T19:07:20.696Z,2522.13,15644675,2290.65,2500,2520,680
2026-09-13 05:22:20,2026-09-12T19:22:20.699Z,2520.23,15365697,2290.33,2500,2520,680
2026-09-13 05:37:20,2026-09-12T19:37:20.754Z,2518.77,15239072,2290.55,2500,2520,680
2026-09-13 05:52:20,2026-09-12T19:52:20.722Z,2517.69,15288557,2290.46,2500,2520,681
2026-09-13 06:07:20,2026-09-12T20:07:20.810Z,2522.21,15793019,2290.55,2500,2520,681
2026-09-13 06:22:20,2026-09-12T20:22:20.702Z,2521.92,15605716,2290.89,2500,2520,681
2026-09-13 06:37:20,2026-09-12T20:37:20.676Z,2521.70,15481353,2291.26,2500,2520,681
2026-09-13 06:52:20,2026-09-12T20:52:20.716Z,2523.38,15707613,2291.37,2500,2520,681
2026-09-13 07:07:20,2026-09-12T21:07:20.702Z,2523.90,15974067,2290.65,2500,2520,681
2026-09-13 07:22:20,2026-09-12T21:22:20.692Z,2523.14,15718994,2290.23,2500,2520,681
2026-09-13 07:37:20,2026-09-12T21:37:20.703Z,2525.39,16091469,2290.42,2600,2520,682
2026-09-13 07:52:20,2026-09-12T21:52:20.703Z,2522.91,15499155,2290.62,2500,2520,682
2026-09-13 08:07:20,2026-09-12T22:07:20.706Z,2523.53,15564095,2291.19,2500,2520,682
2026-09-13 08:22:20,2026-09-12T22:22:20.714Z,2525.07,15813424,2291.80,2600,2520,682
2026-09-13 08:37:20,2026-09-12T22:37:20.711Z,2521.31,15032061,2291.95,2500,2520,682
2026-09-13 08:52:20,2026-09-12T22:52:20.759Z,2523.01,15319655,2292.02,2500,2520,682
2026-09-13 09:07:20,2026-09-12T23:07:20.711Z,2524.34,15400527,2292.74,2500,2520,682
2026-09-13 09:22:20,2026-09-12T23:22:20.714Z,2524.25,15285961,2292.93,2500,2520,683
2026-09-13 09:37:20,2026-09-12T23:37:20.703Z,2524.18,15152869,2293.30,2500,2520,683
2026-09-13 09:52:20,2026-09-12T23:52:20.724Z,2526.02,15464954,2294.19,2600,2520,683
2026-09-13 10:07:20,2026-09-13T00:07:20.718Z,2525.90,15348201,2294.55,2600,2520,683
2026-09-13 10:22:20,2026-09-13T00:22:20.705Z,2525.28,15041269,2294.42,2500,2520,683
2026-09-13 10:37:20,2026-09-13T00:37:20.710Z,2526.09,15188702,2294.79,2600,2520,683
2026-09-13 10:52:20,2026-09-13T00:52:20.674Z,2525.00,14785785,2295.58,2500,2520,683
2026-09-13 11:07:20,2026-09-13T01:07:20.727Z,2523.52,14265392,2296.10,2500,2520,683
2026-09-13 11:22:20,2026-09-13T01:22:20.716Z,2526.29,14417153,2296.54,2600,2520,683
2026-09-13 11:37:20,2026-09-13T01:37:20.697Z,2522.74,13362859,2297.09,2500,2520,683
2026-09-13 11:52:20,2026-09-13T01:52:20.723Z,2525.99,14265852,2297.86,2600,2520,683
2026-09-13 12:07:20,2026-09-13T02:07:20.716Z,2523.57,13450528,2298.05,2500,2520,683
2026-09-13 12:22:20,2026-09-13T02:22:20.724Z,2522.63,13085884,2298.28,2500,2520,684
2026-09-13 12:37:20,2026-09-13T02:37:20.714Z,2523.11,13105965,2299.25,2500,2520,685
2026-09-13 12:52:20,2026-09-13T02:52:20.722Z,2523.19,12996152,2300.13,2500,2520,685
2026-09-13 13:07:20,2026-09-13T03:07:20.712Z,2520.18,12102695,2300.93,2500,2520,685
2026-09-13 13:22:20,2026-09-13T03:22:20.680Z,2521.79,12286401,2301.88,2500,2520,685
2026-09-13 13:37:20,2026-09-13T03:37:20.716Z,2520.60,11866858,2302.58,2500,2520,685
2026-09-13 13:52:20,2026-09-13T03:52:20.718Z,2520.04,11546313,2303.45,2500,2520,685
2026-09-13 14:07:20,2026-09-13T04:07:20.712Z,2520.63,11331166,2304.30,2500,2520,685
2026-09-13 14:22:20,2026-09-13T04:22:20.722Z,2521.56,11333685,2305.40,2500,2520,685
2026-09-13 14:37:20,2026-09-13T04:37:20.716Z,2519.99,10572489,2306.55,2500,2520,685
2026-09-13 14:52:20,2026-09-13T04:52:20.683Z,2519.68,10313439,2307.30,2500,2520,685
2026-09-13 15:07:20,2026-09-13T05:07:20.682Z,2520.91,10169036,2308.26,2500,2520,685
2026-09-13 15:22:20,2026-09-13T05:22:20.724Z,2522.04,10520435,2309.23,2500,2520,685
2026-09-13 15:37:20,2026-09-13T05:37:20.734Z,2522.99,10823861,2310.26,2500,2520,685
2026-09-13 15:52:20,2026-09-13T05:52:20.714Z,2523.28,10638866,2311.41,2600,2520,685
2026-09-13 16:07:20,2026-09-13T06:07:20.717Z,2522.44,9724129,2312.45,2600,2520,685
2026-09-13 16:22:20,2026-09-13T06:22:20.738Z,2521.65,8877366,2313.60,2500,2520,685
2026-09-13 16:37:20,2026-09-13T06:37:20.724Z,2520.61,8499087,2314.35,2500,2520,685
2026-09-13 16:52:20,2026-09-13T06:52:20.715Z,2515.12,10400030,2314.91,2500,2520,686
2026-09-13 17:07:20,2026-09-13T07:07:20.685Z,2514.35,11760813,2315.39,2500,2520,687
2026-09-13 17:22:20,2026-09-13T07:22:20.722Z,2515.14,10890972,2315.55,2500,2520,687
2026-09-13 17:37:20,2026-09-13T07:37:20.726Z,2515.03,12423515,2402.18,2500,2520,687
2026-09-13 17:52:20,2026-09-13T07:52:20.722Z,2517.19,8695927,2443.38,2500,2520,687
2026-09-13 18:07:20,2026-09-13T08:07:20.697Z,2517.71,16801687,2254.54,2600,2100,642
2026-09-13 18:22:20,2026-09-13T08:22:20.724Z,2511.68,15935548,2255.95,2600,2100,643
2026-09-13 18:37:20,2026-09-13T08:37:20.711Z,2500.89,14873039,2259.43,2600,2100,649
2026-09-13 18:52:20,2026-09-13T08:52:20.737Z,2495.03,13933546,2268.19,2600,2100,653
2026-09-13 19:07:20,2026-09-13T09:07:20.722Z,2496.55,13839067,2268.48,2600,2100,658
2026-09-13 19:22:20,2026-09-13T09:22:20.721Z,2492.93,13450715,2268.68,2600,2100,658
2026-09-13 19:37:20,2026-09-13T09:37:20.727Z,2481.20,12616229,2267.61,2600,2100,659
2026-09-13 19:52:20,2026-09-13T09:52:20.728Z,2482.89,12745196,2267.61,2600,2100,661
2026-09-13 20:07:20,2026-09-13T10:07:20.763Z,2484.55,12868717,2267.60,2600,2100,661
2026-09-13 20:22:20,2026-09-13T10:22:20.720Z,2480.44,12500799,2267.54,2600,2100,661
2026-09-13 20:37:20,2026-09-13T10:37:20.729Z,2482.08,12630610,2267.51,2600,2100,661
2026-09-13 20:52:20,2026-09-13T10:52:20.732Z,2475.75,12042617,2267.72,2600,2100,662
2026-09-13 21:07:20,2026-09-13T11:07:20.694Z,2474.76,12077142,2267.22,2600,2100,664
2026-09-13 21:22:20,2026-09-13T11:22:20.734Z,2472.77,11939881,2266.29,2600,2100,665
2026-09-13 21:37:20,2026-09-13T11:37:20.724Z,2477.86,12419905,2266.26,2600,2100,666
2026-09-13 21:52:20,2026-09-13T11:52:20.698Z,2481.13,12658950,2266.34,2600,2100,667
2026-09-13 22:07:20,2026-09-13T12:07:20.744Z,2479.48,12524617,2266.35,2600,2100,667
2026-09-13 22:22:20,2026-09-13T12:22:20.723Z,2481.67,12727557,2266.25,2600,2100,667
2026-09-13 22:37:20,2026-09-13T12:37:20.730Z,2476.09,12212088,2266.05,2600,2100,667
2026-09-13 22:52:20,2026-09-13T12:52:20.729Z,2476.05,12267128,2265.65,2600,2100,667
2026-09-13 23:07:20,2026-09-13T13:07:20.730Z,2473.71,12060224,2265.56,2600,2100,668
2026-09-13 23:22:20,2026-09-13T13:22:20.731Z,2470.79,11816067,2265.71,2600,2100,668
2026-09-13 23:37:20,2026-09-13T13:37:20.729Z,2473.36,12232705,2265.56,2600,2100,668
2026-09-13 23:52:20,2026-09-13T13:52:20.725Z,2478.60,12587763,2266.13,2600,2100,669
2026-09-14 00:07:20,2026-09-13T14:07:20.843Z,2481.86,12904559,2266.43,2600,2100,669
2026-09-14 00:22:20,2026-09-13T14:22:20.717Z,2489.51,13690149,2266.10,2600,2100,669
2026-09-14 00:37:20,2026-09-13T14:37:20.718Z,2492.11,13978135,2266.21,2600,2100,669
2026-09-14 00:52:20,2026-09-13T14:52:20.732Z,2490.07,13730703,2266.11,2600,2100,669
2026-09-14 01:07:20,2026-09-13T15:07:20.742Z,2486.50,13376753,2266.20,2600,2100,670
2026-09-14 01:22:20,2026-09-13T15:22:20.733Z,2485.61,13032327,2266.58,2600,2100,671
2026-09-14 01:37:20,2026-09-13T15:37:20.759Z,2487.45,13079218,2267.21,2600,2100,675
2026-09-14 01:52:20,2026-09-13T15:52:20.744Z,2489.68,13261865,2267.51,2600,2100,675
2026-09-14 02:07:20,2026-09-13T16:07:20.734Z,2497.48,14083996,2268.01,2600,2100,675
2026-09-14 02:22:20,2026-09-13T16:22:20.740Z,2500.01,14377288,2268.87,2600,2100,675
2026-09-14 02:37:20,2026-09-13T16:37:20.734Z,2501.27,14482000,2269.90,2600,2100,675
2026-09-14 02:52:20,2026-09-13T16:52:20.707Z,2504.94,14879738,2271.18,2600,2100,675
2026-09-14 03:07:20,2026-09-13T17:07:20.736Z,2506.73,15007995,2275.43,2600,2100,678
2026-09-14 03:22:20,2026-09-13T17:22:20.721Z,2507.39,14729323,2277.02,2600,2100,678
2026-09-14 03:37:20,2026-09-13T17:37:20.733Z,2504.17,14231282,2277.34,2600,2100,678
2026-09-14 03:52:20,2026-09-13T17:52:20.739Z,2505.50,14411487,2277.54,2600,2100,678
2026-09-14 04:07:20,2026-09-13T18:07:20.739Z,2505.07,14290227,2277.84,2600,2100,678
2026-09-14 04:22:20,2026-09-13T18:22:20.702Z,2507.43,14551734,2278.28,2600,2520,678
2026-09-14 04:37:20,2026-09-13T18:37:20.703Z,2508.09,14612993,2278.50,2600,2520,678
2026-09-14 04:52:20,2026-09-13T18:52:20.708Z,2508.66,14607851,2278.12,2600,2520,678
2026-09-14 05:07:20,2026-09-13T19:07:20.748Z,2513.29,15818907,2276.67,2600,2520,681
2026-09-14 05:22:20,2026-09-13T19:22:20.734Z,2506.42,14692401,2275.45,2600,2520,681
2026-09-14 05:37:20,2026-09-13T19:37:20.746Z,2502.55,14231353,2274.71,2600,2100,681
2026-09-14 05:52:20,2026-09-13T19:52:20.757Z,2503.26,14324818,2274.42,2600,2100,681
2026-09-14 06:07:20,2026-09-13T20:07:20.742Z,2505.91,14681655,2274.28,2600,2520,681
2026-09-14 06:22:20,2026-09-13T20:22:20.732Z,2507.13,14844666,2274.21,2600,2520,681
2026-09-14 06:37:20,2026-09-13T20:37:20.717Z,2508.82,15094733,2274.63,2600,2520,681
2026-09-14 06:52:20,2026-09-13T20:52:20.742Z,2512.86,15883096,2274.43,2600,2520,681
2026-09-14 07:07:20,2026-09-13T21:07:20.708Z,2511.04,15634111,2273.40,2600,2520,681
2026-09-14 07:22:20,2026-09-13T21:22:20.723Z,2513.75,16093818,2273.09,2600,2520,681
2026-09-14 07:37:20,2026-09-13T21:37:20.739Z,2511.03,15685373,2272.70,2600,2520,681
2026-09-14 07:52:20,2026-09-13T21:52:20.747Z,2509.05,15340077,2272.67,2600,2520,681
2026-09-14 08:07:20,2026-09-13T22:07:20.764Z,2491.81,13380677,2272.23,2600,2100,683
2026-09-14 08:22:20,2026-09-13T22:22:20.756Z,2478.27,13248567,2270.02,2600,2460,683
2026-09-14 08:37:20,2026-09-13T22:37:20.759Z,2480.31,13583647,2269.74,2600,2100,685
2026-09-14 08:52:20,2026-09-13T22:52:20.754Z,2476.56,13174924,2270.95,2600,2460,685
2026-09-14 09:07:20,2026-09-13T23:07:20.724Z,2477.28,13240550,2271.41,2600,2460,685
2026-09-14 09:22:20,2026-09-13T23:22:20.714Z,2473.91,12922329,2271.68,2600,2460,685
2026-09-14 09:37:20,2026-09-13T23:37:20.754Z,2476.41,13381168,2272.22,2600,2460,686
2026-09-14 09:52:20,2026-09-13T23:52:20.720Z,2474.66,12919953,2272.54,2600,2460,686
2026-09-14 10:07:20,2026-09-14T00:07:20.754Z,2479.80,13396591,2272.99,2600,2460,686
2026-09-14 10:22:20,2026-09-14T00:22:20.863Z,2477.33,13045854,2273.64,2600,2460,686
2026-09-14 10:37:20,2026-09-14T00:37:20.749Z,2480.34,13416971,2273.52,2600,2460,687
2026-09-14 10:52:20,2026-09-14T00:52:20.766Z,2483.24,13612479,2273.99,2600,2100,687
2026-09-14 11:07:20,2026-09-14T01:07:20.762Z,2480.09,13106855,2275.68,2600,2460,687
2026-09-14 11:22:20,2026-09-14T01:22:20.776Z,2476.80,13008380,2274.11,2600,2460,687
2026-09-14 11:37:20,2026-09-14T01:37:20.759Z,2478.82,13308874,2274.18,2600,2460,687
2026-09-14 11:52:20,2026-09-14T01:52:20.778Z,2483.70,13840108,2273.57,2600,2480,687
2026-09-14 12:07:20,2026-09-14T02:07:20.753Z,2493.36,15051322,2273.74,2600,2100,687
2026-09-14 12:22:20,2026-09-14T02:22:20.793Z,2502.77,16493920,2274.01,2600,2100,688
2026-09-14 12:37:20,2026-09-14T02:37:20.777Z,2502.09,17044068,2270.23,2600,2100,690
2026-09-14 12:52:20,2026-09-14T02:52:20.770Z,2509.95,18675586,2269.73,2600,2100,690
2026-09-14 13:07:20,2026-09-14T03:07:20.768Z,2514.31,19599552,2269.87,2600,2100,691
2026-09-14 13:22:20,2026-09-14T03:22:20.760Z,2515.96,20008067,2269.66,2600,2100,691
2026-09-14 13:37:20,2026-09-14T03:37:20.777Z,2511.57,19468478,2269.19,2600,2100,691
2026-09-14 13:52:20,2026-09-14T03:52:20.740Z,2509.25,18838445,2270.07,2600,2100,691
2026-09-14 14:07:20,2026-09-14T04:07:20.767Z,2513.91,20104301,2269.79,2600,2100,691
2026-09-14 14:22:20,2026-09-14T04:22:20.809Z,2513.70,20477837,2269.34,2600,2100,691
2026-09-14 14:37:20,2026-09-14T04:37:20.787Z,2512.88,20238951,2268.82,2600,2100,691
2026-09-14 14:52:20,2026-09-14T04:52:20.760Z,2514.43,20534799,2268.48,2600,2100,691
2026-09-14 15:07:20,2026-09-14T05:07:20.777Z,2513.15,20224758,2268.99,2600,2100,692
2026-09-14 15:22:20,2026-09-14T05:22:20.770Z,2511.64,19772039,2269.19,2600,2100,693
2026-09-14 15:37:20,2026-09-14T05:37:20.748Z,2511.26,19553614,2269.83,2600,2100,693
2026-09-14 15:52:20,2026-09-14T05:52:20.782Z,2510.37,19096688,2270.09,2600,2100,693
2026-09-14 16:07:20,2026-09-14T06:07:20.777Z,2523.78,22848452,2269.71,2600,2520,693
2026-09-14 16:22:20,2026-09-14T06:22:20.773Z,2518.93,21352748,2269.13,2600,2520,693
2026-09-14 16:37:20,2026-09-14T06:37:20.737Z,2512.58,19565459,2268.96,2600,2520,693
2026-09-14 16:52:20,2026-09-14T06:52:20.793Z,2515.11,20156466,2268.21,2600,2520,693
2026-09-14 17:07:20,2026-09-14T07:07:20.739Z,2516.83,20742424,2266.77,2600,2520,693
2026-09-14 17:22:20,2026-09-14T07:22:20.779Z,2520.22,21726666,2264.91,2600,2520,694
2026-09-14 17:37:20,2026-09-14T07:37:20.762Z,2519.65,21314604,2261.29,2600,2520,695
2026-09-14 17:52:20,2026-09-14T07:52:20.772Z,2519.70,18981013,2255.40,2600,2520,695
2026-09-14 18:07:20,2026-09-14T08:07:20.778Z,2522.04,24697303,2227.06,2600,2100,640
2026-09-14 18:22:20,2026-09-14T08:22:20.772Z,2523.83,25921381,2231.25,2600,2100,641
2026-09-14 18:37:20,2026-09-14T08:37:20.842Z,2520.44,25056994,2231.73,2600,2100,642
2026-09-14 18:52:20,2026-09-14T08:52:20.743Z,2516.47,24724132,2231.10,2600,2100,643
2026-09-14 19:07:20,2026-09-14T09:07:20.779Z,2515.75,24751167,2230.95,2600,2100,644
2026-09-14 19:22:20,2026-09-14T09:22:20.776Z,2512.14,24424662,2230.00,2600,2100,644
2026-09-14 19:37:20,2026-09-14T09:37:20.737Z,2519.28,25490408,2230.02,2600,2100,644
2026-09-14 19:52:20,2026-09-14T09:52:20.773Z,2533.21,27530626,2230.11,2600,2100,645
2026-09-14 20:07:20,2026-09-14T10:07:20.783Z,2521.34,26398924,2231.78,2600,2100,646
2026-09-14 20:22:20,2026-09-14T10:22:20.784Z,2518.03,25780789,2235.35,2600,2100,646
2026-09-14 20:37:20,2026-09-14T10:37:20.772Z,2517.17,25604649,2236.86,2600,2100,647
2026-09-14 20:52:20,2026-09-14T10:52:20.780Z,2513.90,25030668,2237.28,2600,2100,647
2026-09-14 21:07:20,2026-09-14T11:07:20.770Z,2509.25,24177420,2238.06,2600,2100,647
2026-09-14 21:22:20,2026-09-14T11:22:20.789Z,2512.65,24671799,2240.56,2600,2100,647
2026-09-14 21:37:20,2026-09-14T11:37:20.803Z,2513.12,24760455,2241.27,2600,2100,647
2026-09-14 21:52:20,2026-09-14T11:52:20.775Z,2509.69,24142015,2240.39,2600,2100,647
2026-09-14 22:07:20,2026-09-14T12:07:20.779Z,2509.31,24115526,2241.59,2600,2100,647
2026-09-14 22:22:20,2026-09-14T12:22:20.784Z,2512.99,24764048,2241.94,2600,2100,647
2026-09-14 22:37:20,2026-09-14T12:37:20.771Z,2505.67,23100152,2242.28,2600,2100,647
2026-09-14 22:52:20,2026-09-14T12:52:20.791Z,2504.75,22913423,2242.59,2600,2100,649
2026-09-14 23:07:20,2026-09-14T13:07:20.787Z,2492.79,20890829,2241.69,2600,2480,649
2026-09-14 23:22:20,2026-09-14T13:22:20.780Z,2501.15,22352697,2244.20,2600,2100,649
2026-09-14 23:37:20,2026-09-14T13:37:20.774Z,2500.72,22255495,2243.56,2600,2100,650
2026-09-14 23:52:20,2026-09-14T13:52:20.780Z,2505.70,23154733,2243.07,2600,2100,651
2026-09-15 00:07:20,2026-09-14T14:07:20.799Z,2508.15,23722333,2243.07,2600,2100,652
2026-09-15 00:22:20,2026-09-14T14:22:20.781Z,2506.31,23799393,2242.29,2600,2100,652
2026-09-15 00:37:20,2026-09-14T14:37:20.782Z,2502.98,23133830,2244.41,2600,2480,654
2026-09-15 00:52:20,2026-09-14T14:52:20.784Z,2503.72,23383218,2244.77,2600,2480,654
2026-09-15 01:07:20,2026-09-14T15:07:20.795Z,2506.69,23902026,2247.31,2600,2480,655
2026-09-15 01:22:20,2026-09-14T15:22:20.782Z,2505.31,23175330,2248.92,2600,2480,656
2026-09-15 01:37:20,2026-09-14T15:37:20.791Z,2503.29,22868792,2250.04,2600,2480,656
2026-09-15 01:52:20,2026-09-14T15:52:20.783Z,2508.51,24211866,2251.51,2600,2480,656
2026-09-15 02:07:20,2026-09-14T16:07:20.788Z,2505.69,23686680,2251.87,2600,2480,656
2026-09-15 02:22:20,2026-09-14T16:22:20.757Z,2527.31,28602541,2253.05,2600,2100,657
2026-09-15 02:37:20,2026-09-14T16:37:20.800Z,2522.32,27472464,2253.35,2600,2100,658
2026-09-15 02:52:20,2026-09-14T16:52:20.783Z,2536.94,30654534,2253.78,2600,2100,658
2026-09-15 03:07:20,2026-09-14T17:07:20.770Z,2526.87,28396553,2253.65,2600,2100,660
2026-09-15 03:22:20,2026-09-14T17:22:20.799Z,2530.79,29337851,2252.44,2600,2100,660
2026-09-15 03:37:20,2026-09-14T17:37:20.796Z,2526.28,28458368,2252.23,2600,2100,660
2026-09-15 03:52:20,2026-09-14T17:52:20.795Z,2529.67,29287917,2252.31,2600,2100,660
2026-09-15 04:07:20,2026-09-14T18:07:20.799Z,2533.94,30280134,2253.10,2600,2100,660
2026-09-15 04:22:20,2026-09-14T18:22:20.801Z,2536.92,30872720,2253.00,2600,2100,660
2026-09-15 04:37:20,2026-09-14T18:37:20.800Z,2540.03,31355872,2253.33,2600,2100,660
2026-09-15 04:52:20,2026-09-14T18:52:20.843Z,2540.34,31355884,2253.74,2600,2100,660
2026-09-15 05:07:20,2026-09-14T19:07:20.817Z,2537.31,31249900,2253.69,2600,2100,660
2026-09-15 05:22:20,2026-09-14T19:22:20.816Z,2542.54,31568792,2249.94,2600,2100,660
2026-09-15 05:37:20,2026-09-14T19:37:20.780Z,2537.77,30809445,2250.05,2600,2100,660
2026-09-15 05:52:20,2026-09-14T19:52:20.814Z,2543.34,32065364,2249.72,2600,2100,660
2026-09-15 06:07:20,2026-09-14T20:07:20.840Z,2542.89,32035967,2249.45,2600,2100,660
2026-09-15 06:22:20,2026-09-14T20:22:20.769Z,2596.57,36006161,2231.04,2600,2100,664
2026-09-15 06:37:20,2026-09-14T20:37:20.804Z,2596.52,35877482,2227.81,2600,2100,664
2026-09-15 06:52:20,2026-09-14T20:52:20.802Z,2581.43,35066532,2231.53,2600,2100,665
2026-09-15 07:07:20,2026-09-14T21:07:20.753Z,2558.25,34521750,2233.30,2600,2100,665
2026-09-15 07:22:20,2026-09-14T21:22:20.814Z,2557.65,36594716,2232.24,2600,2100,665
2026-09-15 07:37:20,2026-09-14T21:37:20.798Z,2545.74,34696482,2233.69,2600,2100,665
2026-09-15 07:52:20,2026-09-14T21:52:20.802Z,2546.52,35095288,2234.25,2600,2100,665
2026-09-15 08:07:20,2026-09-14T22:07:20.807Z,2547.96,35524211,2235.46,2600,2100,666
2026-09-15 08:22:20,2026-09-14T22:22:20.804Z,2543.83,34972362,2239.20,2600,2100,666
2026-09-15 08:37:20,2026-09-14T22:37:20.805Z,2540.65,34308576,2239.46,2600,2100,667
2026-09-15 08:52:20,2026-09-14T22:52:20.800Z,2533.84,32772433,2239.20,2600,2100,667
2026-09-15 09:07:20,2026-09-14T23:07:20.807Z,2526.18,31865723,2238.79,2600,2480,667
2026-09-15 09:22:20,2026-09-14T23:22:20.809Z,2524.12,31952557,2238.11,2600,2480,667
2026-09-15 09:37:20,2026-09-14T23:37:20.821Z,2517.45,29896854,2237.93,2600,2480,667
2026-09-15 09:52:20,2026-09-14T23:52:20.800Z,2513.19,28536847,2237.75,2600,2480,667
2026-09-15 10:07:20,2026-09-15T00:07:20.778Z,2511.32,27932106,2238.73,2600,2480,667
2026-09-15 10:22:20,2026-09-15T00:22:20.803Z,2508.47,26995397,2239.18,2600,2480,667
2026-09-15 10:37:20,2026-09-15T00:37:20.813Z,2514.33,28995626,2240.21,2600,2480,667
2026-09-15 10:52:20,2026-09-15T00:52:20.820Z,2516.19,29617883,2240.56,2600,2480,667
2026-09-15 11:07:20,2026-09-15T01:07:20.808Z,2511.94,30978911,2239.47,2600,2480,667
2026-09-15 11:22:20,2026-09-15T01:22:20.806Z,2514.96,32107745,2240.74,2600,2480,667
2026-09-15 11:37:20,2026-09-15T01:37:20.820Z,2512.61,31158564,2240.80,2600,2480,668
2026-09-15 11:52:20,2026-09-15T01:52:20.803Z,2516.55,32680499,2241.21,2600,2480,668
2026-09-15 12:07:20,2026-09-15T02:07:20.773Z,2515.12,32150612,2241.95,2600,2480,668
2026-09-15 12:22:20,2026-09-15T02:22:20.828Z,2516.33,32657914,2241.75,2600,2480,668
2026-09-15 12:37:20,2026-09-15T02:37:20.787Z,2512.94,31535049,2241.85,2600,2480,668
2026-09-15 12:52:20,2026-09-15T02:52:20.772Z,2510.46,30756324,2241.56,2600,2480,668
2026-09-15 13:07:20,2026-09-15T03:07:20.838Z,2503.11,27559676,2242.18,2600,2480,669
2026-09-15 13:22:20,2026-09-15T03:22:20.811Z,2500.32,26472748,2242.42,2600,2480,669
2026-09-15 13:37:20,2026-09-15T03:37:20.813Z,2503.91,27881855,2242.47,2600,2480,669
2026-09-15 13:52:20,2026-09-15T03:52:20.821Z,2500.99,26574085,2242.76,2600,2480,669
2026-09-15 14:07:20,2026-09-15T04:07:20.816Z,2499.13,25808558,2242.85,2600,2480,669
2026-09-15 14:22:20,2026-09-15T04:22:20.817Z,2497.46,25047097,2242.41,2600,2480,669
2026-09-15 14:37:20,2026-09-15T04:37:20.817Z,2489.74,21868132,2242.60,2600,2480,669
2026-09-15 14:52:20,2026-09-15T04:52:20.830Z,2491.38,22461354,2242.45,2600,2480,669
2026-09-15 15:07:20,2026-09-15T05:07:20.830Z,2491.94,22649468,2242.39,2600,2480,669
2026-09-15 15:22:20,2026-09-15T05:22:20.814Z,2482.24,19208930,2242.02,2600,2480,669
2026-09-15 15:37:20,2026-09-15T05:37:20.827Z,2486.31,20518143,2241.59,2600,2480,669
2026-09-15 15:52:20,2026-09-15T05:52:20.813Z,2495.23,24158200,2243.38,2600,2480,669
2026-09-15 16:07:20,2026-09-15T06:07:20.791Z,2498.16,25413114,2246.38,2600,2480,669
2026-09-15 16:22:20,2026-09-15T06:22:20.872Z,2490.34,21802127,2248.09,2600,2480,669
2026-09-15 16:37:20,2026-09-15T06:37:20.832Z,2487.68,20441081,2248.56,2600,2480,669
2026-09-15 16:52:20,2026-09-15T06:52:20.814Z,2483.97,18619645,2247.21,2600,2480,670
2026-09-15 17:07:20,2026-09-15T07:07:20.818Z,2482.46,17537004,2247.23,2600,2480,670
2026-09-15 17:22:20,2026-09-15T07:22:20.814Z,2482.00,16657430,2246.26,2600,2480,671
2026-09-15 17:37:20,2026-09-15T07:37:20.811Z,2479.27,13881117,2245.25,2600,2480,671
2026-09-15 17:52:20,2026-09-15T07:52:20.819Z,2476.90,12695594,2246.60,2600,2480,671
2026-09-15 18:07:20,2026-09-15T08:07:20.820Z,2467.32,21348839,2248.21,2600,2100,621
2026-09-15 18:22:20,2026-09-15T08:22:20.805Z,2470.93,22026512,2248.57,2600,2520,622
2026-09-15 18:37:20,2026-09-15T08:37:20.819Z,2472.30,22601380,2250.29,2600,2100,622
2026-09-15 18:52:20,2026-09-15T08:52:20.793Z,2472.83,22658857,2251.05,2600,2100,623
2026-09-15 19:52:20,2026-09-15T09:52:20.819Z,2477.99,23997444,2251.07,2600,2100,625
2026-09-15 20:07:20,2026-09-15T10:07:20.834Z,2474.47,23408239,2250.81,2600,2100,625
2026-09-15 20:22:20,2026-09-15T10:22:20.813Z,2474.93,23486209,2250.87,2600,2100,629
2026-09-15 20:37:20,2026-09-15T10:37:20.823Z,2475.10,23531256,2250.56,2600,2100,630
2026-09-15 20:52:20,2026-09-15T10:52:20.827Z,2484.54,25437265,2250.71,2600,2100,630
2026-09-15 21:07:20,2026-09-15T11:07:20.826Z,2483.78,25236021,2249.86,2600,2100,630
2026-09-15 21:22:20,2026-09-15T11:22:20.828Z,2480.81,24711240,2246.65,2600,2100,630
2026-09-15 21:37:20,2026-09-15T11:37:20.787Z,2475.09,23665219,2245.91,2600,2100,630
2026-09-15 21:52:20,2026-09-15T11:52:20.835Z,2474.83,23744127,2247.15,2600,2100,630
2026-09-15 22:07:20,2026-09-15T12:07:20.812Z,2477.41,24281948,2245.65,2600,2100,630
2026-09-15 22:22:20,2026-09-15T12:22:20.803Z,2478.39,24590394,2246.13,2600,2100,630
2026-09-15 22:37:20,2026-09-15T12:37:20.832Z,2476.98,24303081,2244.85,2600,2100,630
2026-09-15 22:52:20,2026-09-15T12:52:20.794Z,2481.98,25244137,2244.22,2600,2100,631
2026-09-15 23:07:20,2026-09-15T13:07:20.828Z,2483.79,25562932,2244.26,2600,2100,632
2026-09-15 23:22:20,2026-09-15T13:22:20.934Z,2478.38,24537118,2244.34,2600,2100,632
2026-09-15 23:37:20,2026-09-15T13:37:20.836Z,2453.93,19780480,2247.72,2600,2100,634
2026-09-15 23:52:20,2026-09-15T13:52:20.825Z,2440.12,17604872,2248.16,2600,2100,636
2026-09-16 00:07:20,2026-09-15T14:07:20.811Z,2446.44,18508761,2251.41,2600,2100,637
2026-09-16 00:22:20,2026-09-15T14:22:20.826Z,2443.73,18021429,2252.32,2600,2100,637
2026-09-16 00:37:20,2026-09-15T14:37:20.841Z,2425.51,14715710,2256.24,2600,2100,640
2026-09-16 00:52:20,2026-09-15T14:52:20.795Z,2393.15,10442708,2265.15,2600,2100,642
2026-09-16 01:07:20,2026-09-15T15:07:20.838Z,2411.71,12814484,2257.74,2600,2100,648
2026-09-16 01:22:20,2026-09-15T15:22:20.849Z,2413.60,14649876,2257.99,2600,2100,650
2026-09-16 01:37:20,2026-09-15T15:37:20.849Z,2425.86,17798027,2255.99,2600,2100,654
2026-09-16 01:52:20,2026-09-15T15:52:20.832Z,2428.41,18223831,2258.40,2600,2100,654
2026-09-16 02:07:20,2026-09-15T16:07:20.839Z,2421.05,16843883,2260.79,2600,2100,655
2026-09-16 02:22:20,2026-09-15T16:22:20.838Z,2421.51,16780334,2262.69,2600,2100,657
2026-09-16 02:37:20,2026-09-15T16:37:20.854Z,2420.11,16469094,2263.81,2600,2100,658
2026-09-16 02:52:20,2026-09-15T16:52:20.800Z,2422.72,16948170,2264.81,2600,2100,658
2026-09-16 03:07:20,2026-09-15T17:07:20.849Z,2416.12,15719997,2265.30,2600,2100,658
2026-09-16 03:22:20,2026-09-15T17:22:20.953Z,2415.24,15145588,2273.22,2600,2100,658
2026-09-16 03:37:20,2026-09-15T17:37:20.850Z,2440.39,20258462,2273.00,2600,2100,658
2026-09-16 03:52:20,2026-09-15T17:52:20.796Z,2440.33,20460336,2272.60,2600,2100,660
2026-09-16 04:07:20,2026-09-15T18:07:20.843Z,2437.97,20033793,2271.63,2600,2100,661
2026-09-16 04:22:20,2026-09-15T18:22:20.873Z,2425.61,17463861,2269.48,2600,2100,661
2026-09-16 04:37:20,2026-09-15T18:37:20.999Z,2392.00,10381159,2274.12,2600,2100,663
2026-09-16 04:52:20,2026-09-15T18:52:20.837Z,2382.23,8334323,2280.73,2600,2100,666
2026-09-16 05:07:20,2026-09-15T19:07:20.831Z,2405.95,11209207,2306.46,2600,2100,668
2026-09-16 05:22:20,2026-09-15T19:22:20.848Z,2404.85,10694763,2309.82,2600,2400,671
2026-09-16 05:37:20,2026-09-15T19:37:20.846Z,2404.36,10403463,2314.66,2600,2400,672
2026-09-16 05:52:20,2026-09-15T19:52:20.836Z,2405.10,9841489,2324.61,2600,2400,672
2026-09-16 06:07:20,2026-09-15T20:07:20.852Z,2405.73,9650381,2327.12,2600,2400,672
2026-09-16 06:22:20,2026-09-15T20:22:20.837Z,2400.08,8209021,2331.21,2600,2400,672
2026-09-16 06:37:20,2026-09-15T20:37:20.856Z,2401.70,8374083,2335.34,2600,2400,672
2026-09-16 06:52:20,2026-09-15T20:52:20.825Z,2406.91,9401246,2337.58,2600,2400,673
2026-09-16 07:07:20,2026-09-15T21:07:20.838Z,2399.54,7330688,2341.64,2600,2400,673
2026-09-16 07:22:20,2026-09-15T21:22:20.813Z,2398.23,6799777,2345.00,2600,2400,673
2026-09-16 07:37:20,2026-09-15T21:37:20.840Z,2398.36,6731295,2347.87,2600,2400,674
2026-09-16 07:52:20,2026-09-15T21:52:20.857Z,2394.70,5628030,2350.24,2600,2400,675
2026-09-16 08:07:20,2026-09-15T22:07:20.845Z,2388.92,4496838,2351.29,2600,2380,675
2026-09-16 08:22:20,2026-09-15T22:22:20.853Z,2383.68,3794720,2352.18,2600,2380,675
2026-09-16 08:37:20,2026-09-15T22:37:20.841Z,2395.92,5918227,2353.49,2600,2380,676
2026-09-16 08:52:20,2026-09-15T22:52:20.850Z,2399.85,6605096,2354.40,2600,2400,677
2026-09-16 09:07:20,2026-09-15T23:07:20.805Z,2401.45,6623910,2357.96,2600,2400,677
2026-09-16 09:22:20,2026-09-15T23:22:20.850Z,2410.21,8691161,2361.39,2600,2400,677
2026-09-16 09:37:20,2026-09-15T23:37:20.817Z,2398.39,5269602,2366.35,2600,2400,677
2026-09-16 09:52:20,2026-09-15T23:52:20.967Z,2398.50,5174433,2367.85,2600,2400,677
2026-09-16 10:07:20,2026-09-16T00:07:20.862Z,2401.76,5737723,2369.35,2600,2400,677
2026-09-16 10:22:20,2026-09-16T00:22:20.849Z,2401.44,5418412,2370.37,2600,2400,677
2026-09-16 10:37:20,2026-09-16T00:37:20.857Z,2402.21,5451420,2371.83,2600,2400,677
2026-09-16 10:52:21,2026-09-16T00:52:21.100Z,2401.96,5301559,2372.76,2600,2400,678
2026-09-16 11:07:20,2026-09-16T01:07:20.857Z,2397.94,4182313,2374.32,2600,2400,678
2026-09-16 11:22:20,2026-09-16T01:22:20.815Z,2402.14,5082140,2376.44,2600,2400,678
2026-09-16 11:37:20,2026-09-16T01:37:20.830Z,2393.29,2893132,2376.99,2600,2380,678
2026-09-16 11:52:20,2026-09-16T01:52:20.843Z,2391.45,2270861,2378.50,2600,2380,679
2026-09-16 12:07:20,2026-09-16T02:07:20.963Z,2391.69,2234339,2379.46,2600,2380,679
2026-09-16 12:22:20,2026-09-16T02:22:20.850Z,2397.99,3742832,2379.79,2600,2400,679
2026-09-16 12:37:20,2026-09-16T02:37:20.857Z,2406.46,5996730,2378.44,2600,2400,679
2026-09-16 12:52:20,2026-09-16T02:52:20.857Z,2404.59,5124175,2380.77,2600,2400,679
2026-09-16 13:07:20,2026-09-16T03:07:20.826Z,2402.50,4296590,2382.62,2600,2400,679
2026-09-16 13:22:20,2026-09-16T03:22:20.855Z,2408.66,6219144,2382.88,2600,2400,679
2026-09-16 13:37:20,2026-09-16T03:37:20.860Z,2400.10,3199962,2385.04,2600,2400,679
2026-09-16 13:52:20,2026-09-16T03:52:20.858Z,2399.32,2722305,2387.16,2600,2400,680
2026-09-16 14:07:20,2026-09-16T04:07:20.866Z,2402.26,3375808,2388.57,2600,2400,680
2026-09-16 14:22:20,2026-09-16T04:22:20.843Z,2404.97,4276192,2389.24,2600,2400,680
2026-09-16 14:37:20,2026-09-16T04:37:20.859Z,2404.01,4022315,2389.41,2600,2400,680
2026-09-16 14:52:20,2026-09-16T04:52:20.907Z,2402.33,3387192,2390.24,2600,2400,680
2026-09-16 15:07:20,2026-09-16T05:07:20.866Z,2395.13,1364786,2389.73,2600,2400,680
2026-09-16 15:22:20,2026-09-16T05:22:20.862Z,2402.21,3661371,2390.07,2600,2400,680
2026-09-16 15:37:20,2026-09-16T05:37:20.915Z,2403.71,3890421,2391.88,2600,2400,680
2026-09-16 15:52:20,2026-09-16T05:52:20.860Z,2402.55,3307995,2392.00,2600,2400,680
2026-09-16 16:07:20,2026-09-16T06:07:20.875Z,2404.06,3880566,2392.07,2600,2400,680
2026-09-16 16:22:20,2026-09-16T06:22:20.943Z,2400.75,2628826,2391.65,2600,2400,680
2026-09-16 16:37:20,2026-09-16T06:37:20.867Z,2394.81,740355,2391.06,2500,2400,680
2026-09-16 16:52:20,2026-09-16T06:52:20.870Z,2397.88,1384343,2390.79,2500,2400,680
2026-09-16 17:07:20,2026-09-16T07:07:20.864Z,2405.66,4659548,2389.81,2600,2400,681
2026-09-16 17:22:20,2026-09-16T07:22:20.847Z,2397.23,560766,2387.88,2500,2400,681
2026-09-16 17:37:20,2026-09-16T07:37:20.865Z,2398.52,-1526985,2396.75,2600,2400,681
2026-09-16 17:52:20,2026-09-16T07:52:20.875Z,2396.90,-2239997,2395.65,2600,2400,681
2026-09-16 18:07:20,2026-09-16T08:07:20.868Z,2387.16,8294861,2302.39,2500,2100,639
2026-09-16 18:22:20,2026-09-16T08:22:20.869Z,2390.20,8752972,2303.65,2500,2100,644
2026-09-16 18:37:20,2026-09-16T08:37:20.880Z,2389.56,8600729,2304.64,2500,2100,645
2026-09-16 18:52:20,2026-09-16T08:52:20.866Z,2393.14,9315421,2302.53,2500,2100,647
2026-09-16 19:07:20,2026-09-16T09:07:20.873Z,2400.94,9525480,2317.51,2600,2100,650
2026-09-16 19:22:20,2026-09-16T09:22:20.865Z,2401.79,9995596,2316.23,2600,2100,650
2026-09-16 19:37:20,2026-09-16T09:37:20.883Z,2402.33,10115947,2316.03,2600,2100,650
2026-09-16 19:52:20,2026-09-16T09:52:20.888Z,2402.00,10553411,2313.83,2600,2100,651
2026-09-16 20:07:20,2026-09-16T10:07:20.866Z,2401.01,10492939,2313.12,2600,2100,651
2026-09-16 20:22:20,2026-09-16T10:22:20.875Z,2401.74,10693086,2312.43,2600,2100,652
2026-09-16 20:37:20,2026-09-16T10:37:20.874Z,2401.82,10762074,2311.63,2600,2100,652
2026-09-16 20:52:20,2026-09-16T10:52:20.835Z,2402.80,10930175,2310.93,2600,2100,652
2026-09-16 21:07:20,2026-09-16T11:07:20.931Z,2405.29,11438245,2309.94,2600,2100,652
2026-09-16 21:22:20,2026-09-16T11:22:20.884Z,2402.54,11096568,2309.54,2600,2100,652
2026-09-16 21:37:20,2026-09-16T11:37:20.945Z,2414.66,13048541,2308.97,2600,2100,653
2026-09-16 21:52:20,2026-09-16T11:52:20.883Z,2419.04,13867053,2307.07,2600,2100,653
2026-09-16 22:07:20,2026-09-16T12:07:20.874Z,2417.58,13569113,2307.12,2600,2100,653
2026-09-16 22:22:20,2026-09-16T12:22:20.880Z,2411.33,12813405,2305.14,2600,2100,653
2026-09-16 22:37:20,2026-09-16T12:37:20.880Z,2405.43,12010585,2304.43,2600,2100,653
2026-09-16 22:52:20,2026-09-16T12:52:20.872Z,2406.79,12294589,2303.91,2600,2100,653
2026-09-16 23:07:20,2026-09-16T13:07:20.864Z,2398.29,10960469,2303.82,2600,2100,653
2026-09-16 23:22:20,2026-09-16T13:22:20.876Z,2400.96,11444599,2303.25,2600,2100,654
2026-09-16 23:37:20,2026-09-16T13:37:20.871Z,2392.46,10106995,2302.99,2600,2100,654
2026-09-16 23:52:20,2026-09-16T13:52:20.884Z,2396.97,10722354,2304.03,2600,2100,654
2026-09-17 00:07:20,2026-09-16T14:07:20.841Z,2388.84,9524597,2305.32,2600,2100,658
2026-09-17 00:22:20,2026-09-16T14:22:20.888Z,2390.53,9978762,2304.79,2600,2100,662
2026-09-17 00:37:20,2026-09-16T14:37:20.890Z,2388.33,9826001,2305.03,2600,2100,662
2026-09-17 00:52:20,2026-09-16T14:52:20.891Z,2381.62,9312242,2300.44,2600,2100,664
2026-09-17 01:07:20,2026-09-16T15:07:20.895Z,2385.58,9947778,2299.81,2600,2100,664
2026-09-17 01:22:20,2026-09-16T15:22:20.889Z,2392.25,10938860,2301.33,2600,2100,664
2026-09-17 01:37:20,2026-09-16T15:37:20.891Z,2390.80,10644535,2302.44,2600,2100,664
2026-09-17 01:52:20,2026-09-16T15:52:20.854Z,2395.22,10842309,2307.99,2600,2100,664
2026-09-17 02:07:20,2026-09-16T16:07:20.844Z,2392.41,10262340,2309.17,2600,2100,664
2026-09-17 02:22:20,2026-09-16T16:22:20.853Z,2394.55,10532915,2309.89,2600,2100,664
2026-09-17 02:37:20,2026-09-16T16:37:20.845Z,2390.08,9880292,2309.41,2600,2100,664
2026-09-17 02:52:20,2026-09-16T16:52:20.883Z,2393.28,10404003,2309.96,2600,2100,664
2026-09-17 03:07:20,2026-09-16T17:07:20.891Z,2389.73,9823157,2309.83,2600,2100,666
2026-09-17 03:22:20,2026-09-16T17:22:20.844Z,2386.75,9380491,2309.59,2600,2100,666
2026-09-17 03:37:20,2026-09-16T17:37:20.846Z,2376.39,8001658,2307.77,2600,2300,666
2026-09-17 03:52:20,2026-09-16T17:52:20.879Z,2373.02,7546222,2307.48,2600,2300,666
2026-09-17 04:07:21,2026-09-16T18:07:21.316Z,2416.59,15116747,2309.40,2600,2100,668
2026-09-17 04:22:20,2026-09-16T18:22:20.887Z,2405.74,12699410,2319.15,2600,2100,669
2026-09-17 04:37:20,2026-09-16T18:37:20.870Z,2376.57,7048472,2322.32,2500,2300,671
2026-09-17 04:52:20,2026-09-16T18:52:20.901Z,2397.46,10165053,2335.12,2500,2350,672
2026-09-17 05:07:20,2026-09-16T19:07:20.936Z,2407.58,11888584,2347.44,2500,2350,672
2026-09-17 05:22:20,2026-09-16T19:22:20.886Z,2394.19,8390498,2349.91,2500,2350,672
2026-09-17 05:37:20,2026-09-16T19:37:20.894Z,2394.18,7903528,2354.42,2500,2350,673
2026-09-17 05:52:20,2026-09-16T19:52:20.848Z,2404.60,10341185,2356.19,2500,2350,673
2026-09-17 06:07:20,2026-09-16T20:07:20.894Z,2412.20,12030948,2357.87,2500,2350,673
2026-09-17 06:22:20,2026-09-16T20:22:20.906Z,2415.24,12837992,2359.34,2500,2350,673
2026-09-17 06:37:20,2026-09-16T20:37:20.893Z,2409.26,11074898,2361.24,2500,2350,674
2026-09-17 06:52:20,2026-09-16T20:52:20.999Z,2405.54,9939966,2363.06,2500,2350,674
2026-09-17 07:07:20,2026-09-16T21:07:20.889Z,2410.13,11102901,2364.40,2500,2350,674
2026-09-17 07:22:20,2026-09-16T21:22:20.893Z,2406.74,10033443,2365.96,2500,2350,674
2026-09-17 07:37:20,2026-09-16T21:37:20.894Z,2404.65,9411019,2366.77,2500,2350,674
2026-09-17 07:52:20,2026-09-16T21:52:20.947Z,2400.67,8436726,2367.26,2500,2350,674
2026-09-17 08:07:20,2026-09-16T22:07:20.917Z,2389.11,5259190,2367.05,2500,2350,675
2026-09-17 08:22:20,2026-09-16T22:22:20.891Z,2393.01,6209237,2367.92,2500,2350,675
2026-09-17 08:37:20,2026-09-16T22:37:20.855Z,2391.05,5652510,2368.36,2500,2350,675
2026-09-17 08:52:20,2026-09-16T22:52:20.898Z,2389.63,5100924,2369.18,2500,2350,675
2026-09-17 09:07:20,2026-09-16T23:07:20.899Z,2394.31,6310631,2370.79,2500,2350,675
2026-09-17 09:22:20,2026-09-16T23:22:20.869Z,2412.19,11516362,2370.40,2500,2350,675
2026-09-17 09:37:20,2026-09-16T23:37:20.941Z,2411.11,11365588,2370.09,2500,2350,676
2026-09-17 09:52:20,2026-09-16T23:52:20.898Z,2418.39,13593874,2370.50,2500,2350,676
2026-09-17 10:07:20,2026-09-17T00:07:20.895Z,2417.69,13350826,2370.76,2500,2350,676
2026-09-17 10:22:20,2026-09-17T00:22:20.900Z,2422.37,14661932,2370.56,2500,2380,676
2026-09-17 10:37:20,2026-09-17T00:37:20.886Z,2420.99,14143105,2371.20,2500,2380,676
2026-09-17 10:52:20,2026-09-17T00:52:20.903Z,2420.20,13906473,2370.23,2500,2350,676
2026-09-17 11:07:20,2026-09-17T01:07:20.913Z,2418.50,13502570,2370.77,2500,2350,676
2026-09-17 11:22:20,2026-09-17T01:22:20.895Z,2420.65,14358462,2370.71,2500,2380,676
2026-09-17 11:37:20,2026-09-17T01:37:20.907Z,2437.14,19127297,2366.71,2500,2380,677
2026-09-17 11:52:20,2026-09-17T01:52:20.900Z,2432.20,17742141,2368.22,2500,2380,677
2026-09-17 12:07:20,2026-09-17T02:07:20.910Z,2420.24,14020226,2368.52,2500,2350,677
2026-09-17 12:22:20,2026-09-17T02:22:20.907Z,2414.23,12347703,2368.83,2500,2350,677
2026-09-17 12:37:20,2026-09-17T02:37:20.909Z,2425.60,16083430,2369.67,2500,2380,677
2026-09-17 12:52:20,2026-09-17T02:52:20.902Z,2429.88,17389635,2369.98,2500,2380,677
2026-09-17 13:07:20,2026-09-17T03:07:20.895Z,2433.22,18276476,2371.95,2500,2380,677
2026-09-17 13:22:20,2026-09-17T03:22:20.904Z,2431.77,17809432,2372.29,2500,2380,677
2026-09-17 13:37:20,2026-09-17T03:37:20.909Z,2435.35,18936640,2372.55,2500,2380,677
2026-09-17 13:52:20,2026-09-17T03:52:20.913Z,2435.09,18774484,2373.42,2500,2100,677
2026-09-17 14:07:20,2026-09-17T04:07:20.930Z,2430.67,16969247,2376.95,2500,2380,678
2026-09-17 14:22:20,2026-09-17T04:22:20.869Z,2426.65,15906161,2377.37,2500,2380,678
2026-09-17 14:37:20,2026-09-17T04:37:20.910Z,2429.34,17017343,2378.21,2500,2380,678
2026-09-17 14:52:20,2026-09-17T04:52:20.909Z,2439.07,20099498,2383.23,2500,2380,678
2026-09-17 15:07:20,2026-09-17T05:07:20.910Z,2439.52,20099043,2383.20,2500,2380,678
2026-09-17 15:22:20,2026-09-17T05:22:20.917Z,2438.31,19551157,2383.54,2500,2380,678
2026-09-17 15:37:20,2026-09-17T05:37:20.939Z,2438.12,19222449,2383.08,2500,2380,678
2026-09-17 15:52:20,2026-09-17T05:52:20.901Z,2438.07,19033107,2382.38,2500,2380,678
2026-09-17 16:07:20,2026-09-17T06:07:20.924Z,2437.61,18709635,2381.61,2500,2380,678
2026-09-17 16:22:20,2026-09-17T06:22:20.910Z,2434.27,17887784,2378.52,2500,2380,678
2026-09-17 16:37:20,2026-09-17T06:37:20.910Z,2441.49,19880390,2376.13,2500,2380,678
2026-09-17 16:52:20,2026-09-17T06:52:20.895Z,2440.19,19616092,2374.11,2500,2380,678
2026-09-17 17:07:20,2026-09-17T07:07:20.926Z,2446.06,21783670,2373.08,2500,2380,679
2026-09-17 17:22:20,2026-09-17T07:22:20.906Z,2446.22,21330128,2370.48,2500,2380,679
2026-09-17 17:37:20,2026-09-17T07:37:20.917Z,2445.02,19847200,2368.79,2500,2380,679
2026-09-17 17:52:20,2026-09-17T07:52:20.905Z,2443.70,19676530,2403.63,2500,2380,680
2026-09-17 18:07:20,2026-09-17T08:07:20.864Z,2442.81,15946048,2330.92,2500,2380,632
2026-09-17 18:22:20,2026-09-17T08:22:20.897Z,2440.90,15691928,2329.71,2500,2380,635
2026-09-17 18:37:20,2026-09-17T08:37:20.898Z,2439.63,15434805,2332.56,2500,2380,638
2026-09-17 18:52:20,2026-09-17T08:52:20.874Z,2442.27,15823010,2333.68,2500,2380,639
2026-09-17 19:07:20,2026-09-17T09:07:20.917Z,2444.77,16252939,2334.80,2500,2380,642
2026-09-17 19:22:20,2026-09-17T09:22:20.913Z,2444.68,16211416,2334.62,2500,2380,643
2026-09-17 19:37:20,2026-09-17T09:37:20.911Z,2446.95,16682204,2334.65,2500,2380,643
2026-09-17 19:52:20,2026-09-17T09:52:20.910Z,2437.26,14673103,2337.39,2500,2380,643
2026-09-17 20:07:20,2026-09-17T10:07:20.915Z,2434.46,14113120,2339.16,2500,2380,643
2026-09-17 20:22:20,2026-09-17T10:22:20.920Z,2430.33,13126740,2340.15,2500,2380,646
2026-09-17 20:37:20,2026-09-17T10:37:20.870Z,2433.68,13771953,2339.75,2500,2380,647
2026-09-17 20:52:20,2026-09-17T10:52:20.874Z,2431.78,13380020,2340.62,2500,2380,647
2026-09-17 21:07:20,2026-09-17T11:07:20.937Z,2433.62,13865717,2341.55,2500,2380,649
2026-09-17 21:22:20,2026-09-17T11:22:20.881Z,2434.77,14184844,2341.85,2500,2380,650
2026-09-17 21:37:20,2026-09-17T11:37:20.901Z,2431.22,13498114,2342.34,2500,2380,650
2026-09-17 21:52:20,2026-09-17T11:52:20.913Z,2428.88,12938985,2343.66,2500,2380,654
2026-09-17 22:07:20,2026-09-17T12:07:20.899Z,2440.48,15072484,2342.92,2500,2380,655
2026-09-17 22:22:20,2026-09-17T12:22:20.913Z,2461.26,19377278,2342.98,2500,2100,658
2026-09-17 22:37:20,2026-09-17T12:37:20.914Z,2465.35,20122905,2340.02,2500,2100,664
2026-09-17 22:52:20,2026-09-17T12:52:20.913Z,2462.42,19932663,2339.47,2500,2100,666
2026-09-17 23:07:20,2026-09-17T13:07:20.937Z,2456.82,18638948,2337.69,2500,2100,667
2026-09-17 23:22:21,2026-09-17T13:22:21.034Z,2453.75,18021127,2338.80,2500,2100,667
2026-09-17 23:37:20,2026-09-17T13:37:20.903Z,2436.95,14419880,2343.82,2500,2380,667
2026-09-17 23:52:20,2026-09-17T13:52:20.918Z,2450.69,17892813,2342.27,2500,2380,667
2026-09-18 00:07:20,2026-09-17T14:07:20.953Z,2454.56,18670982,2342.27,2500,2100,669
2026-09-18 00:22:20,2026-09-17T14:22:20.948Z,2474.01,23000827,2338.59,2500,2100,672
2026-09-18 00:37:20,2026-09-17T14:37:20.927Z,2470.50,22160503,2342.05,2500,2100,673
2026-09-18 00:52:20,2026-09-17T14:52:20.926Z,2460.44,19848129,2347.62,2500,2100,675
2026-09-18 01:07:20,2026-09-17T15:07:20.927Z,2447.56,16810717,2351.06,2500,2380,677
2026-09-18 01:22:20,2026-09-17T15:22:20.888Z,2449.72,17274198,2354.81,2500,2380,678
2026-09-18 01:37:20,2026-09-17T15:37:20.932Z,2463.95,21071045,2355.91,2500,2100,678
2026-09-18 01:52:21,2026-09-17T15:52:21.125Z,2467.02,21860433,2354.37,2500,2100,678
2026-09-18 02:07:20,2026-09-17T16:07:20.933Z,2466.88,21581728,2356.71,2500,2100,679
2026-09-18 02:22:22,2026-09-17T16:22:22.154Z,2468.40,22038635,2357.47,2500,2100,679
2026-09-18 02:37:21,2026-09-17T16:37:21.592Z,2460.60,19771541,2358.41,2500,2100,680
2026-09-18 02:52:20,2026-09-17T16:52:20.922Z,2461.45,19994191,2358.88,2500,2100,680
2026-09-18 03:07:20,2026-09-17T17:07:20.909Z,2471.34,22693776,2358.82,2500,2100,681
2026-09-18 03:22:20,2026-09-17T17:22:20.979Z,2471.50,22477745,2360.85,2500,2100,681
2026-09-18 03:37:20,2026-09-17T17:37:20.941Z,2468.83,21424752,2362.69,2500,2100,682
2026-09-18 03:52:21,2026-09-17T17:52:21.574Z,2459.43,18882104,2362.34,2500,2100,685
2026-09-18 04:07:20,2026-09-17T18:07:20.937Z,2457.71,18427919,2363.14,2500,2380,685
2026-09-18 04:22:20,2026-09-17T18:22:20.943Z,2461.08,19456342,2363.72,2500,2100,685
2026-09-18 04:37:20,2026-09-17T18:37:20.933Z,2453.76,17173670,2364.18,2500,2380,685
2026-09-18 04:52:20,2026-09-17T18:52:20.962Z,2453.26,17000241,2364.91,2500,2380,686
2026-09-18 05:07:20,2026-09-17T19:07:20.897Z,2452.64,16862028,2365.23,2500,2380,686
2026-09-18 05:22:20,2026-09-17T19:22:20.928Z,2451.32,16586121,2365.80,2500,2380,687
2026-09-18 05:37:20,2026-09-17T19:37:20.930Z,2447.89,15464667,2366.58,2500,2380,687
2026-09-18 05:52:20,2026-09-17T19:52:20.946Z,2450.28,16251646,2367.68,2500,2380,687
2026-09-18 06:07:20,2026-09-17T20:07:20.936Z,2451.25,16461184,2368.38,2500,2380,687
2026-09-18 06:22:20,2026-09-17T20:22:20.932Z,2454.47,17194150,2369.58,2500,2450,687
2026-09-18 06:37:20,2026-09-17T20:37:20.935Z,2454.06,17025432,2369.94,2500,2450,687
2026-09-18 06:52:20,2026-09-17T20:52:20.906Z,2449.32,15777623,2370.16,2500,2450,687
2026-09-18 07:07:20,2026-09-17T21:07:20.948Z,2450.05,15892672,2370.05,2500,2450,687
2026-09-18 07:22:20,2026-09-17T21:22:20.934Z,2450.40,15983458,2370.28,2500,2450,687
2026-09-18 07:37:20,2026-09-17T21:37:20.966Z,2450.84,15883708,2369.49,2500,2450,687
2026-09-18 07:52:20,2026-09-17T21:52:20.934Z,2447.40,14841637,2369.46,2500,2450,687
2026-09-18 08:07:20,2026-09-17T22:07:20.919Z,2446.54,14695254,2369.68,2500,2450,687
2026-09-18 08:22:20,2026-09-17T22:22:20.965Z,2440.06,13273956,2369.83,2500,2380,687
2026-09-18 08:37:20,2026-09-17T22:37:20.938Z,2442.88,14057117,2369.72,2500,2380,687
2026-09-18 08:52:20,2026-09-17T22:52:20.932Z,2441.93,13641320,2370.56,2500,2380,687
2026-09-18 09:07:20,2026-09-17T23:07:20.900Z,2447.67,15075429,2370.97,2500,2450,687
2026-09-18 09:22:20,2026-09-17T23:22:20.899Z,2447.33,14907813,2371.48,2500,2450,687
2026-09-18 09:37:21,2026-09-17T23:37:21.046Z,2444.68,14269934,2371.72,2500,2450,687
2026-09-18 09:52:20,2026-09-17T23:52:20.950Z,2446.41,14590170,2371.81,2500,2450,687
2026-09-18 10:07:20,2026-09-18T00:07:20.950Z,2444.36,14337417,2371.66,2500,2450,687
2026-09-18 10:22:20,2026-09-18T00:22:20.952Z,2437.35,12873790,2372.25,2500,2380,687
2026-09-18 10:37:20,2026-09-18T00:37:20.914Z,2439.51,13375049,2372.75,2500,2450,687
2026-09-18 10:52:20,2026-09-18T00:52:20.942Z,2442.17,13871434,2373.09,2500,2450,687
2026-09-18 11:07:20,2026-09-18T01:07:20.902Z,2446.01,14317427,2373.91,2500,2450,687
2026-09-18 11:22:20,2026-09-18T01:22:20.950Z,2449.02,14962672,2374.21,2500,2450,687
2026-09-18 11:37:20,2026-09-18T01:37:20.945Z,2451.76,15657316,2374.40,2500,2450,687
2026-09-18 11:52:20,2026-09-18T01:52:20.945Z,2454.88,16236685,2374.03,2500,2450,687
2026-09-18 12:07:20,2026-09-18T02:07:20.947Z,2454.10,16308085,2372.60,2500,2450,687
2026-09-18 12:22:20,2026-09-18T02:22:20.938Z,2455.50,16900276,2372.41,2500,2450,687
2026-09-18 12:37:20,2026-09-18T02:37:20.970Z,2463.64,19721453,2372.59,2500,2450,688
2026-09-18 12:52:20,2026-09-18T02:52:20.953Z,2461.10,18755103,2372.75,2500,2450,688
2026-09-18 13:07:20,2026-09-18T03:07:20.948Z,2464.33,20053535,2373.10,2500,2450,688
2026-09-18 13:22:20,2026-09-18T03:22:20.946Z,2474.03,23513240,2370.54,2500,2420,689
2026-09-18 13:37:20,2026-09-18T03:37:20.948Z,2471.08,22872853,2370.75,2500,2420,690
2026-09-18 13:52:21,2026-09-18T03:52:21.028Z,2477.38,25614161,2370.70,2500,2420,690
2026-09-18 14:07:20,2026-09-18T04:07:20.945Z,2473.56,24029279,2371.00,2500,2420,691
