qld_time,timestamp,eth_price,nq_price,yellow_count,funding_open,funding_high,funding_low,funding_close,oi_open,oi_high,oi_low,oi_close,cvd_agg_buy,cvd_agg_sell,cvd_delta
2026-06-29 08:14:49,2026-06-28T22:14:49.739Z,1568.95,29720.00,0,0.001251,0.001251,0.001098,0.001098,3628469194.99,3628700047.87,3626791855.48,3626791855.48,9294531.27,3740608.62,6853088.97
2026-06-29 08:15:52,2026-06-28T22:15:52.624Z,1568.91,29720.00,0,0.001098,0.001098,0.001098,0.001098,3626791855.48,3628124401.44,3625980811.53,3627031857.93,4385189.65,3112987.89,7471819.62
2026-06-29 08:16:55,2026-06-28T22:16:55.433Z,1568.57,29720.00,0,0.001098,0.001098,0.000971,0.000971,3627031857.93,3627242269.63,3624227770.43,3624737199.76,3521806.64,1802425.04,12628560.38
2026-06-29 08:18:03,2026-06-28T22:18:03.324Z,1568.52,29720.00,1,0.000909,0.000971,0.000909,0.000909,3623017641.78,3623017641.78,3623017641.78,3623017641.78,45565.18,375911.57,11125486.96
2026-06-29 08:19:06,2026-06-28T22:19:06.064Z,1563.10,29720.00,2,0.000909,0.000909,0.00081,0.00081,3625347666.21,3625347666.21,3625347666.21,3625347666.21,3181971.61,2564241.86,-4138346.78
2026-06-29 08:19:25,2026-06-28T22:19:25.373Z,1562.21,29720.00,0,0.000909,0.000909,0.00081,0.00081,3625347666.21,3626649178.38,3612156951.29,3612156951.29,12156467.96,13273770.08,-5873378.66
2026-06-29 08:20:28,2026-06-28T22:20:28.516Z,1560.40,29720.00,0,0.00081,0.00081,0.000803,0.000803,3612156951.29,3612156951.29,3598137177.73,3601696699.66,9321764.98,9173375.43,-2602324.67
2026-06-29 08:21:19,2026-06-28T22:21:19.375Z,1559.81,29720.00,0,0.000803,0.000803,0.000508,0.000508,3601696699.66,3605456388.1,3601696699.66,3604841896.56,6108616.87,5240099.67,-3695904.68
2026-06-29 08:22:27,2026-06-28T22:22:27.291Z,1562.67,29720.00,0,0.000508,0.000508,0.000508,0.000508,3604841896.56,3608080343.91,3598160135.4,3607093722.9,3452266.24,1873926.87,-3227092.12
2026-06-29 08:23:31,2026-06-28T22:23:31.211Z,1567.36,29720.00,3,0.000508,0.000508,0.000472,0.000472,3607093722.9,3614759243.65,3605200264.29,3614759243.65,15042238.19,14946469.00,7533308.54
2026-06-29 08:26:31,2026-06-28T22:26:31.914Z,1565.53,29720.00,1,0.000543,0.000712,0.000543,0.000712,3616301195.19,3616652764.22,3612492731.61,3613345856.47,1653058.19,3447949.72,-6059665.84
2026-06-29 08:27:46,2026-06-28T22:27:46.906Z,1563.48,29720.00,1,0.000712,0.000741,0.000712,0.000741,3613345856.47,3614203769.08,3609503805.59,3609503805.59,3167542.73,5518518.62,-10402841.81
2026-06-29 08:28:57,2026-06-28T22:28:57.964Z,1564.68,29720.00,1,0.000741,0.000741,0.000696,0.000696,3609503805.59,3610683986.01,3604853414.04,3609407181.51,4905375.95,3516991.11,-4924513.44
2026-06-29 08:30:06,2026-06-28T22:30:06.116Z,1564.66,29720.00,0,0.000696,0.000697,0.000696,0.000697,3611686399.08,3611686399.08,3611686399.08,3611686399.08,1444242.23,454241.98,-1939450.06
2026-06-29 08:31:19,2026-06-28T22:31:19.364Z,1566.32,29720.00,1,0.000697,0.000697,0.000685,0.000685,3611617557.15,3618936171.37,3611617557.15,3618122499.26,477955.38,710531.10,456309.51
2026-06-29 08:32:27,2026-06-28T22:32:27.389Z,1566.32,29720.00,2,0.000685,0.000685,0.000685,0.000685,3618122499.26,3618122499.26,3613814885.9,3617576618.75,901935.14,894869.93,3368690.13
2026-06-29 08:33:30,2026-06-28T22:33:30.233Z,1565.25,29720.00,2,0.000685,0.00075,0.000685,0.00075,3617576618.75,3617576618.75,3615215308.43,3615215308.43,1912312.77,3959898.02,-2533143.66
2026-06-29 08:34:38,2026-06-28T22:34:38.394Z,1561.84,29720.00,2,0.00075,0.000776,0.00075,0.000776,3615215308.43,3615215308.43,3609926160.78,3610428398.08,4097018.38,9463044.39,-9321851.15
2026-06-29 08:35:41,2026-06-28T22:35:41.460Z,1561.84,29720.00,2,0.000776,0.000776,0.000684,0.000684,3610428398.08,3610428398.08,3602246669.35,3604466702.93,5068606.09,5619131.07,-12077429.95
2026-06-29 08:36:54,2026-06-28T22:36:54.529Z,1564.33,29720.00,1,0.000684,0.000684,0.000684,0.000684,3604466702.93,3605747873.06,3603757545.12,3605092521.77,9746109.88,18315812.98,-19361443.15
2026-06-29 08:38:07,2026-06-28T22:38:07.587Z,1563.86,29720.00,2,0.000535,0.000574,0.000535,0.000574,3610415810.74,3610415810.74,3610415810.74,3610415810.74,782092.01,97944.43,-14635850.30
2026-06-29 08:39:15,2026-06-28T22:39:15.725Z,1563.86,29720.00,1,0.000574,0.000574,0.000574,0.000574,3608684783.29,3611265794.09,3608684783.29,3610905342.79,837610.02,622026.11,-6918971.41
2026-06-29 08:40:18,2026-06-28T22:40:18.603Z,1563.86,29720.00,0,0.000574,0.000574,0.000555,0.000555,3610905342.79,3611932692.58,3609816283.62,3611932692.58,402480.95,2467441.25,-8416186.34
2026-06-29 08:41:31,2026-06-28T22:41:31.795Z,1562.81,29720.00,3,0.000555,0.000608,0.000555,0.000608,3611932692.58,3612002698.87,3606171273.82,3607047347.12,3301836.62,2053471.57,1814215.42
2026-06-29 08:42:40,2026-06-28T22:42:40.016Z,1560.57,29720.00,2,0.000608,0.000608,0.000566,0.000566,3607047347.12,3608870087.31,3601747435.78,3601747435.78,4713556.42,4132113.40,-6727304.13
2026-06-29 08:43:42,2026-06-28T22:43:42.748Z,1560.63,29720.00,1,0.000566,0.000566,0.000566,0.000566,3601747435.78,3602640290.42,3600119624.73,3602539077.33,3223527.01,4722471.21,-8206928.98
2026-06-29 08:44:55,2026-06-28T22:44:55.928Z,1559.41,29720.00,2,0.000566,0.000566,0.000477,0.000477,3602539077.33,3602772566.73,3598488087.62,3599345134.71,10811998.27,14791028.04,-12086228.02
2026-06-29 08:46:04,2026-06-28T22:46:04.032Z,1559.05,29720.00,2,0.000371,0.000371,0.000371,0.000371,3603375612.05,3603375612.05,3603375612.05,3603375612.05,856762.50,48706.29,1162058.41
2026-06-29 08:47:06,2026-06-28T22:47:06.845Z,1559.52,29720.00,1,0.000371,0.000371,0.00034,0.00034,3600433831.16,3600433831.16,3600433831.16,3600433831.16,1899144.35,64135.12,8128365.11
2026-06-29 08:48:14,2026-06-28T22:48:14.911Z,1560.16,29720.00,0,0.00034,0.00034,0.000324,0.000324,3606933159.02,3611598721.75,3606933159.02,3609693071.83,1131945.13,1863483.76,7809440.75
2026-06-29 08:49:17,2026-06-28T22:49:17.739Z,1559.90,29720.00,1,0.000324,0.000324,0.000311,0.000311,3609693071.83,3609693071.83,3604574132.02,3604574132.02,1110584.96,381300.81,13588472.89
2026-06-29 08:50:20,2026-06-28T22:50:20.878Z,1559.96,29720.00,1,0.000311,0.000311,0.000311,0.000311,3604574132.02,3609908438.44,3604574132.02,3609908438.44,2660949.29,9732005.27,2657237.22
2026-06-29 08:51:29,2026-06-28T22:51:29.118Z,1557.39,29720.00,4,0.000311,0.000311,0.000258,0.000258,3609908438.44,3609908438.44,3601452939.75,3603905878.37,2428337.38,5177629.07,-6863925.66
2026-06-29 08:52:42,2026-06-28T22:52:42.148Z,1554.33,29720.00,4,0.000258,0.000258,0.000206,0.000206,3603905878.37,3603905878.37,3600088558.48,3603434775.59,23680563.28,57437804.22,-47879657.64
2026-06-29 08:56:04,2026-06-28T22:56:04.972Z,1552.36,29720.00,2,-0.00012,-0.00012,-0.00012,-0.00012,3559704884.69,3559704884.69,3559704884.69,3559704884.69,1075849.78,270016.46,-93913218.28
2026-06-29 08:57:18,2026-06-28T22:57:18.028Z,1552.63,29720.00,3,-0.000354,-0.000354,-0.000354,-0.000354,3568097752,3572256749.86,3568097752,3570795295.81,1623250.10,1895480.53,-64075913.81
2026-06-29 08:58:31,2026-06-28T22:58:31.216Z,1553.43,29720.00,4,-0.000354,-0.000323,-0.000354,-0.000323,3570795295.81,3575208858.96,3570795295.81,3573935775.22,3562611.49,3159024.38,20895770.31
2026-06-29 08:59:44,2026-06-28T22:59:44.263Z,1553.81,29720.00,2,-0.000323,-0.000314,-0.000323,-0.000314,3573935775.22,3575227791.44,3571449812.47,3574953055.99,6224571.69,2011465.55,19857612.71
2026-06-29 09:00:52,2026-06-28T23:00:52.427Z,1554.22,29720.00,2,-0.000314,-0.000314,-0.000314,-0.000314,3574953055.99,3577056688.33,3573827101,3577056688.33,7205881.59,7245333.79,7848025.29
2026-06-29 09:01:55,2026-06-28T23:01:55.334Z,1560.40,29720.00,4,-0.000314,-0.000301,-0.000314,-0.000301,3577056688.33,3578058013.17,3572799927.81,3578058013.17,45168369.64,18168134.91,34976837.88
2026-06-29 09:03:30,2026-06-28T23:03:30.516Z,1558.99,29720.00,4,-0.000287,-0.00015,-0.000287,-0.00015,3589537775.83,3591249315.38,3587904841.97,3587923894.77,5294969.79,8876381.16,24013781.03
2026-06-29 09:04:43,2026-06-28T23:04:43.498Z,1558.23,29720.00,2,-0.00015,-0.00015,-0.00015,-0.00015,3587923894.77,3587923894.77,3583564098.51,3585658040.55,4267856.69,6993972.73,18619254.89
2026-06-29 09:05:51,2026-06-28T23:05:51.546Z,1556.77,29720.00,4,-0.00015,-0.00015,-0.000164,-0.000164,3585658040.55,3586774003.51,3582380935.5,3582771711.5,5010987.22,3520798.19,18543723.89
2026-06-29 09:06:54,2026-06-28T23:06:54.484Z,1556.77,29720.00,2,-0.000164,-0.000164,-0.000223,-0.000223,3582771711.5,3586212686.09,3580177567.38,3580177567.38,3578735.95,1745052.26,-6039089.36
2026-06-29 09:08:07,2026-06-28T23:08:07.451Z,1560.16,29720.00,1,-0.000223,-0.000223,-0.000233,-0.000233,3585767729.07,3585767729.07,3585767729.07,3585767729.07,373727.49,502460.93,11493194.34
2026-06-29 09:09:15,2026-06-28T23:09:15.346Z,1560.53,29720.00,2,-0.000233,-0.000151,-0.000233,-0.000151,3588973179.42,3590897847.06,3587847006.4,3590024033.13,841103.33,825319.89,20360155.10
2026-06-29 09:10:18,2026-06-28T23:10:18.596Z,1560.49,29720.00,2,-0.000151,-0.000109,-0.000151,-0.000109,3590024033.13,3592355941.42,3589815303.89,3591316767.22,1070187.41,561972.02,17870405.71
2026-06-29 09:11:26,2026-06-28T23:11:26.481Z,1560.49,29720.00,1,-0.000109,-0.000109,-0.000109,-0.000109,3591316767.22,3592294815.08,3588240987.85,3588240987.85,1197617.01,615251.92,13790253.82
2026-06-29 09:12:34,2026-06-28T23:12:34.488Z,1561.59,29720.00,2,-0.000109,-0.000109,-0.000113,-0.000113,3588240987.85,3591706275.69,3588240987.85,3591706275.69,4578332.70,2307380.61,6262629.69
2026-06-29 09:13:42,2026-06-28T23:13:42.576Z,1561.70,29720.00,2,-0.000113,-0.000113,-0.000127,-0.000127,3591706275.69,3594346353.88,3591603464.52,3594337527.98,2756537.31,2005867.28,-152813.18
2026-06-29 09:14:50,2026-06-28T23:14:50.621Z,1560.60,29720.00,1,-0.000127,-0.000127,-0.000127,-0.000127,3594337527.98,3594337527.98,3591211041.37,3591211041.37,1220464.09,2628987.77,-8046427.55
2026-06-29 09:15:53,2026-06-28T23:15:53.629Z,1559.87,29720.00,2,-0.000127,-0.000075,-0.000127,-0.000075,3591211041.37,3591211041.37,3588291482.71,3588291482.71,3294135.98,3291202.39,-10366910.15
2026-06-29 09:16:56,2026-06-28T23:16:56.585Z,1558.91,29720.00,2,-0.000075,-0.000075,-0.000145,-0.000145,3588291482.71,3589190711.95,3586769983.9,3587780560.88,2264341.74,4861240.02,-13615182.31
2026-06-29 09:18:04,2026-06-28T23:18:04.908Z,1559.35,29720.00,3,-0.000145,-0.000145,-0.000145,-0.000145,3585142196.24,3585142196.24,3585142196.24,3585142196.24,83841.17,115174.42,-6132110.89
2026-06-29 09:19:18,2026-06-28T23:19:18.022Z,1562.48,29720.00,2,-0.000223,-0.000223,-0.000304,-0.000304,3588257290.62,3595214158.9,3587961145.23,3595214158.9,1695610.60,2434987.89,3629009.40
2026-06-29 09:20:21,2026-06-28T23:20:21.018Z,1562.67,29720.00,2,-0.000304,-0.00019,-0.000304,-0.00019,3595214158.9,3595544459.62,3593685368.24,3594444514.88,1420083.36,884393.59,5184272.68
2026-06-29 09:21:29,2026-06-28T23:21:29.025Z,1562.67,29720.00,2,-0.00019,-0.00019,-0.00019,-0.00019,3594444514.88,3596679078.39,3593352033.08,3593352033.08,1600853.84,695818.53,8614258.75
2026-06-29 09:22:42,2026-06-28T23:22:42.132Z,1561.76,29720.00,1,-0.00019,-0.00015,-0.00019,-0.00015,3593352033.08,3595762680.66,3591357867.3,3591357867.3,2692106.24,1015912.31,9381995.30
2026-06-29 09:23:55,2026-06-28T23:23:55.262Z,1563.37,29720.00,3,-0.00015,-0.00015,-0.000193,-0.000193,3591357867.3,3594867430.12,3590863100.96,3594867430.12,3706024.82,3225770.77,5390933.52
2026-06-29 09:25:03,2026-06-28T23:25:03.600Z,1563.39,29720.00,1,-0.000193,-0.000193,-0.000193,-0.000193,3597184359.59,3597184359.59,3597184359.59,3597184359.59,47800.92,104803.21,6042406.46
2026-06-29 09:26:06,2026-06-28T23:26:06.809Z,1564.10,29720.00,2,-0.000274,-0.000209,-0.000274,-0.000209,3596001829.91,3596001829.91,3596001829.91,3596001829.91,60041.24,49373.85,3660430.08
2026-06-29 09:27:14,2026-06-28T23:27:14.773Z,1564.10,29720.00,1,-0.000209,-0.000207,-0.000209,-0.000207,3598928242.36,3598928242.36,3596699118.27,3598406156.99,974213.77,1116147.34,3753748.90
2026-06-29 09:28:17,2026-06-28T23:28:17.773Z,1564.41,29720.00,1,-0.000207,-0.000207,-0.000207,-0.000207,3598406156.99,3599957227.81,3598287916.63,3599708434.23,6250316.29,1033209.46,11034806.66
2026-06-29 09:29:30,2026-06-28T23:29:30.864Z,1567.89,29720.00,0,-0.000207,-0.000207,-0.000225,-0.000225,3599708434.23,3601223940.59,3597621766.94,3600475680.81,13624802.04,8334673.14,36617183.86
2026-06-29 09:30:44,2026-06-28T23:30:44.092Z,1568.30,29720.00,1,-0.000225,-0.000208,-0.000225,-0.000208,3600475680.81,3606103341.78,3600475680.81,3602742260.23,10359881.89,6307678.84,42534730.07
2026-06-29 09:31:47,2026-06-28T23:31:47.986Z,1570.57,29720.00,1,-0.000208,-0.000208,-0.000208,-0.000208,3602742260.23,3605825278.98,3601619532.11,3604962653.44,15115722.80,8315439.72,46418090.94
2026-06-29 09:33:31,2026-06-28T23:33:31.681Z,1571.47,29720.00,2,-0.000172,-0.000074,-0.000172,-0.000074,3610988441.85,3612895335.48,3607503741.72,3607503741.72,3234616.73,3306682.84,21302596.19
2026-06-29 09:34:39,2026-06-28T23:34:39.584Z,1571.38,29720.00,2,-0.000074,-0.000074,-0.000074,-0.000074,3607503741.72,3610973934.43,3607503741.72,3609874396.28,1875544.04,5364455.49,2476043.39
2026-06-29 09:35:42,2026-06-28T23:35:42.396Z,1571.65,29720.00,3,-0.000074,-0.000031,-0.000074,-0.000031,3609874396.28,3610047440.79,3606256143.89,3610047440.79,5461665.20,3488991.49,840599.32
2026-06-29 09:36:55,2026-06-28T23:36:55.562Z,1573.83,29720.00,1,-0.000031,-0.000031,-0.00004,-0.00004,3610047440.79,3613147844.53,3609191051.94,3611344543.68,20121268.52,11754653.59,3483692.25
2026-06-29 09:38:08,2026-06-28T23:38:08.558Z,1573.83,29720.00,0,-0.000023,-0.000023,-0.000023,-0.000023,3614727738.62,3614727738.62,3614727738.62,3614727738.62,292622.96,592786.28,6828776.06
2026-06-29 09:39:16,2026-06-28T23:39:16.669Z,1576.38,29720.00,1,-0.000023,0.000081,-0.000023,0.000081,3613487772.7,3622489473.06,3612960363.93,3622489473.06,2026348.10,8761041.02,21691959.66
2026-06-29 09:40:29,2026-06-28T23:40:29.895Z,1574.04,29720.00,2,0.000081,0.000159,0.000081,0.000159,3622489473.06,3622489473.06,3612634482.72,3615130664.12,7235170.97,2640659.59,18410600.27
2026-06-29 09:41:43,2026-06-28T23:41:43.082Z,1574.16,29720.00,3,0.000159,0.000159,0.000159,0.000159,3615130664.12,3615818222.71,3613389525.89,3614827530.35,7226028.66,4335506.37,12603820.43
2026-06-29 09:42:56,2026-06-28T23:42:56.470Z,1574.64,29720.00,0,0.000159,0.000159,0.000147,0.000147,3614827530.35,3619596369.5,3614827530.35,3618048067.42,5462690.81,4227319.43,14306446.51
2026-06-29 09:44:04,2026-06-28T23:44:04.396Z,1574.07,29720.00,1,0.000144,0.000147,0.000121,0.000121,3617293398.53,3617293398.53,3617293398.53,3617293398.53,15237.99,39789.44,5426369.62
2026-06-29 09:45:07,2026-06-28T23:45:07.330Z,1573.69,29720.00,2,0.000121,0.000121,0.000121,0.000121,3615960662.81,3615960662.81,3615960662.81,3615960662.81,1750940.73,1605241.31,891770.20
2026-06-29 09:46:15,2026-06-28T23:46:15.426Z,1572.43,29720.00,2,0.000121,0.000121,0.000081,0.000081,3615131332.09,3616111481.69,3612524219.04,3612524219.04,1318925.89,986079.50,-2639379.18
2026-06-29 09:47:18,2026-06-28T23:47:18.155Z,1573.40,29720.00,3,0.000081,0.000081,0.000057,0.000057,3612524219.04,3619297831.93,3611459359.81,3619286883.85,768711.80,1058317.71,5057859.67
2026-06-29 09:48:31,2026-06-28T23:48:31.178Z,1573.20,29720.00,1,0.000057,0.000057,0.000057,0.000057,3619286883.85,3619286883.85,3615230871.23,3615249308.1,1591386.62,768433.55,7958616.91
2026-06-29 09:49:44,2026-06-28T23:49:44.179Z,1572.98,29720.00,1,0.000057,0.000057,0.000041,0.000041,3615249308.1,3616960358.3,3614531489.84,3615520664.15,1884907.06,2103278.08,7416876.63
2026-06-29 09:50:57,2026-06-28T23:50:57.569Z,1572.90,29720.00,1,0.000041,0.000041,0.000001,0.000001,3615520664.15,3616079781.06,3614422028.62,3614422028.62,3590336.47,3658828.06,10433443.37
2026-06-29 09:52:05,2026-06-28T23:52:05.566Z,1572.34,29720.00,3,0.000001,0.000001,0.000001,0.000001,3616281454.39,3616281454.39,3616281454.39,3616281454.39,305715.71,2176173.17,-1329524.03
2026-06-29 09:53:19,2026-06-28T23:53:19.028Z,1570.87,29720.00,3,-0.000034,-0.000031,-0.000034,-0.000031,3614083777.05,3614083777.05,3610578447.11,3612876490.53,789973.06,811027.92,-7602347.36
2026-06-29 09:54:27,2026-06-28T23:54:27.189Z,1571.10,29720.00,2,-0.000031,-0.000031,-0.000069,-0.000069,3612876490.53,3615099339.45,3612876490.53,3614960795.72,658976.14,1854572.35,-8720990.06
2026-06-29 09:55:30,2026-06-28T23:55:30.076Z,1570.75,29720.00,1,-0.000069,-0.000069,-0.000069,-0.000069,3614960795.72,3616150666.53,3611231669.22,3611707887.31,1095938.56,740778.62,-8816949.01
2026-06-29 09:56:54,2026-06-28T23:56:54.161Z,1570.75,29720.00,1,-0.000069,-0.000048,-0.000069,-0.000048,3611707887.31,3612665577.6,3611454538.57,3611846553.28,1038751.63,2274639.04,-9025185.34
2026-06-29 09:58:07,2026-06-28T23:58:07.309Z,1570.75,29720.00,1,-0.000099,-0.000099,-0.000099,-0.000099,3612106977.71,3612106977.71,3612106977.71,3612106977.71,86242.14,25484.10,-2947788.97
2026-06-29 09:59:15,2026-06-28T23:59:15.334Z,1570.11,29720.00,2,-0.000099,-0.000099,-0.000102,-0.000102,3612130867.39,3612130867.39,3610005289.25,3611988944.14,154373.35,2964463.41,-292813.01
2026-06-29 10:00:18,2026-06-29T00:00:18.884Z,1567.98,29720.00,2,-0.000102,-0.000102,-0.000123,-0.000123,3611988944.14,3611988944.14,3608843788.17,3609906014.56,3349749.61,11362246.77,-8208617.91
2026-06-29 10:01:33,2026-06-29T00:01:33.325Z,1566.54,29720.00,1,-0.000123,-0.000123,-0.000185,-0.000185,3609906014.56,3609906014.56,3595937200.27,3597903871.26,4235114.28,4210634.35,-4326053.32
2026-06-29 10:02:52,2026-06-29T00:02:52.530Z,1564.61,29720.00,1,-0.000185,-0.000185,-0.000185,-0.000185,3597903871.26,3599412458.1,3595792401.92,3596402396.53,14781785.69,14043952.48,-4525879.54
2026-06-29 10:03:55,2026-06-29T00:03:55.467Z,1565.53,29720.00,2,-0.000185,-0.000185,-0.000371,-0.000371,3596402396.53,3596402396.53,3592297966.1,3596254215.19,13874777.42,3261413.04,2960894.16
2026-06-29 10:05:03,2026-06-29T00:05:03.930Z,1565.79,29720.00,2,-0.000489,-0.000489,-0.000489,-0.000489,3597400249.15,3597400249.15,3597400249.15,3597400249.15,27878.47,467586.75,9953746.94
2026-06-29 10:06:06,2026-06-29T00:06:06.875Z,1563.77,29720.00,2,-0.000489,-0.000489,-0.000502,-0.000502,3596386548.27,3596386548.27,3596386548.27,3596386548.27,875309.77,832400.91,14717817.30
2026-06-29 10:07:14,2026-06-29T00:07:14.892Z,1562.40,29720.00,1,-0.000502,-0.000502,-0.000671,-0.000671,3589550305.63,3592077331.85,3585852179.85,3587554839.54,2384598.54,628292.64,5172589.36
2026-06-29 10:08:17,2026-06-29T00:08:17.582Z,1561.25,29720.00,0,-0.000671,-0.000671,-0.000853,-0.000853,3587554839.54,3589325944.18,3585249757.98,3589325944.18,1769306.26,1032032.13,-3397826.11
2026-06-29 10:09:30,2026-06-29T00:09:30.773Z,1564.14,29720.00,2,-0.000853,-0.000853,-0.000853,-0.000853,3589325944.18,3595635677.37,3589325944.18,3594625124.38,4440967.84,3446129.76,3424316.56
2026-06-29 10:10:39,2026-06-29T00:10:39.124Z,1565.40,29720.00,2,-0.000853,-0.000853,-0.000932,-0.000932,3594625124.38,3597614116.01,3593799525.72,3596729122.7,3919194.45,4101394.98,1403415.43
2026-06-29 10:11:41,2026-06-29T00:11:41.957Z,1566.86,29720.00,1,-0.000932,-0.000843,-0.000932,-0.000843,3596729122.7,3599561963.25,3596729122.7,3597932498.79,8055858.38,5739560.73,13735195.69
2026-06-29 10:12:55,2026-06-29T00:12:55.593Z,1567.59,29720.00,2,-0.000843,-0.000843,-0.000843,-0.000843,3597932498.79,3602801566.42,3597254770.97,3601709963.05,9940149.27,4552544.24,16225375.08
2026-06-29 10:14:03,2026-06-29T00:14:03.561Z,1568.89,29720.00,2,-0.000788,-0.000788,-0.000788,-0.000788,3603497758.35,3603497758.35,3603497758.35,3603497758.35,119751.09,272117.54,3539251.07
2026-06-29 10:15:06,2026-06-29T00:15:06.752Z,1567.76,29720.00,3,-0.0007,-0.00055,-0.0007,-0.00055,3602457842.45,3602457842.45,3602457842.45,3602457842.45,1128806.12,349247.23,6227360.79
2026-06-29 10:16:19,2026-06-29T00:16:19.989Z,1564.63,29720.00,3,-0.00055,-0.00055,-0.00055,-0.00055,3600399147.49,3601499400.77,3594874891.68,3594874891.68,1724927.90,789596.26,1433762.81
2026-06-29 10:17:28,2026-06-29T00:17:28.024Z,1563.86,29720.00,4,-0.00055,-0.00055,-0.000611,-0.000611,3594874891.68,3597701416.97,3587651977.43,3587651977.43,5113950.58,1078632.09,503928.40
2026-06-29 10:19:06,2026-06-29T00:19:06.669Z,1563.85,29720.00,1,-0.000842,-0.000842,-0.000842,-0.000842,3592109798.62,3592109798.62,3592109798.62,3592109798.62,591975.67,489903.96,3954900.81
2026-06-29 10:20:14,2026-06-29T00:20:14.977Z,1563.23,29720.00,2,-0.000842,-0.000842,-0.000851,-0.000851,3594370763.98,3596441160.04,3590637670.49,3593461052.53,427309.70,3091416.05,1897986.26
2026-06-29 10:21:17,2026-06-29T00:21:17.979Z,1561.65,29720.00,1,-0.000851,-0.000851,-0.000965,-0.000965,3593461052.53,3593461052.53,3588740589.79,3588740589.79,5174187.06,3497967.26,2143965.95
2026-06-29 10:22:56,2026-06-29T00:22:56.796Z,1559.10,29720.00,2,-0.000965,-0.000965,-0.000965,-0.000965,3588740589.79,3588740589.79,3576609127.18,3576609127.18,10773689.21,5594747.52,-6946129.68
2026-06-29 10:24:18,2026-06-29T00:24:18.565Z,1559.27,29720.00,2,-0.001137,-0.000965,-0.001265,-0.001265,3580845467.1,3580845467.1,3580845467.1,3580845467.1,730549.50,247386.53,-5015548.50
2026-06-29 10:25:06,2026-06-29T00:25:06.363Z,1560.74,29720.00,1,-0.001265,-0.001265,-0.001265,-0.001265,3581624276.57,3581624276.57,3581624276.57,3581624276.57,203527.97,1225878.79,-4577801.00
2026-06-29 10:26:19,2026-06-29T00:26:19.534Z,1560.21,29720.00,2,-0.001265,-0.001265,-0.001331,-0.001331,3585449703.13,3587586200.76,3582991386.11,3586470307.73,1029088.49,2390632.21,-363462.89
2026-06-29 10:27:27,2026-06-29T00:27:27.492Z,1560.32,29720.00,1,-0.001331,-0.001302,-0.001331,-0.001302,3586470307.73,3586470307.73,3581613368.41,3584093673.27,2618619.90,943052.85,-3578214.84
2026-06-29 10:28:30,2026-06-29T00:28:30.316Z,1560.31,29720.00,0,-0.001302,-0.001302,-0.001415,-0.001415,3584093673.27,3585287663.77,3582541653.75,3583404007.06,1037105.46,1732963.82,-4076862.86
2026-06-29 10:29:43,2026-06-29T00:29:43.365Z,1559.41,29720.00,2,-0.001415,-0.001415,-0.001415,-0.001415,3583404007.06,3584954929.15,3582115666.72,3582670230.06,4271663.29,2967082.59,-2541093.49
2026-06-29 10:30:51,2026-06-29T00:30:51.555Z,1557.67,29720.00,1,-0.001415,-0.001415,-0.001493,-0.001493,3582670230.06,3582670230.06,3579147326.63,3580560031.76,13083296.57,8765699.01,4440870.21
2026-06-29 10:31:55,2026-06-29T00:31:55.587Z,1553.23,29720.00,3,-0.001493,-0.001493,-0.001584,-0.001584,3580560031.76,3580560031.76,3574633519.05,3574633519.05,21048938.36,55552711.33,-29642157.59
2026-06-29 10:34:56,2026-06-29T00:34:56.421Z,1556.50,29720.00,4,-0.001792,-0.001792,-0.002033,-0.002033,3564460192.72,3571610687.01,3561989580.01,3570192641.01,12001887.52,6181513.02,-30128038.44
2026-06-29 10:36:05,2026-06-29T00:36:05.372Z,1554.93,29720.00,2,-0.002033,-0.002033,-0.002033,-0.002033,3576054807.39,3576054807.39,3576054807.39,3576054807.39,397362.42,437755.12,5832231.66
2026-06-29 10:37:18,2026-06-29T00:37:18.404Z,1553.40,29720.00,3,-0.002006,-0.001989,-0.002006,-0.001989,3569668046.1,3572555196.51,3569601379.88,3572332584.76,3046647.67,7965755.39,17760528.99
2026-06-29 10:38:26,2026-06-29T00:38:26.489Z,1552.59,29720.00,3,-0.001989,-0.001989,-0.002156,-0.002156,3572332584.76,3574038393.58,3562427156.65,3563808036.68,4402127.67,2932989.03,-5018096.02
2026-06-29 10:39:29,2026-06-29T00:39:29.484Z,1554.22,29720.00,2,-0.002156,-0.002156,-0.002156,-0.002156,3563808036.68,3569847607.46,3563095736,3567577547.9,3959370.86,2513638.18,-9415780.81
2026-06-29 10:40:44,2026-06-29T00:40:44.407Z,1554.84,29720.00,1,-0.002156,-0.002156,-0.0023,-0.0023,3567577547.9,3573295069,3567577547.9,3569445665.15,4557240.71,3320216.66,-4217671.83
2026-06-29 10:42:09,2026-06-29T00:42:09.182Z,1559.69,29720.00,4,-0.002318,-0.002318,-0.002318,-0.002318,3574840587.4,3574840587.4,3574840587.4,3574840587.4,2821863.00,3055596.98,4612945.02
2026-06-29 10:45:51,2026-06-29T00:45:51.547Z,1560.28,29720.00,1,-0.002049,-0.002049,-0.002049,-0.002049,3581899166.73,3584066668.75,3577954742.79,3584066668.75,4761955.81,4687748.09,1807669.45
2026-06-29 10:46:54,2026-06-29T00:46:54.583Z,1559.33,29720.00,1,-0.002049,-0.002049,-0.002111,-0.002111,3584066668.75,3585040774.17,3581028537.57,3582692538.05,3462775.49,4428077.55,475736.65
2026-06-29 10:48:02,2026-06-29T00:48:02.488Z,1556.92,29720.00,3,-0.002187,-0.002111,-0.002282,-0.002282,3581846755.25,3581846755.25,3581846755.25,3581846755.25,93457.37,92620.35,-3327019.22
2026-06-29 10:49:06,2026-06-29T00:49:06.414Z,1557.69,29720.00,1,-0.002282,-0.002282,-0.002282,-0.002282,3578032634.77,3578032634.77,3578032634.77,3578032634.77,41839.82,716013.46,-4097314.44
2026-06-29 10:50:14,2026-06-29T00:50:14.866Z,1561.65,29720.00,3,-0.002282,-0.002282,-0.002428,-0.002428,3581194019.56,3581194019.56,3581194019.56,3581194019.56,5135716.53,2119556.32,43658.58
2026-06-29 10:51:17,2026-06-29T00:51:17.719Z,1560.52,29720.00,2,-0.002428,-0.002362,-0.002428,-0.002362,3582262411.62,3593223678.99,3582262411.62,3588176880.23,3738449.00,825213.55,3201284.36
2026-06-29 10:52:30,2026-06-29T00:52:30.806Z,1562.26,29720.00,1,-0.002362,-0.002362,-0.002362,-0.002362,3588176880.23,3592875067.61,3585369852.22,3592875067.61,3451543.10,2719924.45,11285282.52
2026-06-29 10:53:39,2026-06-29T00:53:39.953Z,1562.50,29720.00,1,-0.002362,-0.002292,-0.002362,-0.002292,3592875067.61,3593132675.03,3590152003.27,3591860574.59,1830102.36,1740746.94,6693182.22
2026-06-29 10:54:42,2026-06-29T00:54:42.893Z,1563.12,29720.00,1,-0.002292,-0.002248,-0.002292,-0.002248,3591860574.59,3592483072.89,3590815259.94,3592224060.53,4667417.14,2611797.49,5910321.95
2026-06-29 10:59:51,2026-06-29T00:59:51.759Z,1571.42,29720.00,2,-0.002054,-0.001946,-0.002054,-0.001946,3602766552.91,3607246075.43,3602064015.69,3607246075.43,9490077.95,9906732.97,10876077.54
2026-06-29 11:00:54,2026-06-29T01:00:54.927Z,1570.26,29720.00,4,-0.001946,-0.001946,-0.001958,-0.001958,3607246075.43,3612380307.15,3607246075.43,3610149991.15,7990708.00,8304062.00,-6684532.98
2026-06-29 11:02:08,2026-06-29T01:02:08.067Z,1568.16,29720.00,3,-0.001849,-0.001849,-0.001849,-0.001849,3609340458.4,3609340458.4,3609340458.4,3609340458.4,1654491.33,1475453.18,-7596834.01
2026-06-29 11:03:21,2026-06-29T01:03:21.169Z,1565.47,29720.00,3,-0.001849,-0.001849,-0.001852,-0.001852,3602363116.36,3602762238.45,3596028697.48,3596028697.48,1354232.60,1874857.68,-12226744.04
2026-06-29 11:05:06,2026-06-29T01:05:06.323Z,1564.31,29720.00,1,-0.001997,-0.001997,-0.001997,-0.001997,3597082103.79,3597082103.79,3597082103.79,3597082103.79,410177.02,102642.55,-8248556.36
2026-06-29 11:06:19,2026-06-29T01:06:19.536Z,1566.35,29720.00,3,-0.001997,-0.001997,-0.002117,-0.002117,3594131628.57,3597026206.43,3594131628.57,3596961644.49,4242004.33,760710.82,1935596.46
2026-06-29 11:07:30,2026-06-29T01:07:30.502Z,1567.36,29720.00,2,-0.002117,-0.002117,-0.002184,-0.002184,3596961644.49,3604730132.78,3596353579.9,3603237490.04,1525635.66,1275957.87,5073697.00
2026-06-29 11:08:28,2026-06-29T01:08:28.234Z,1566.78,29720.00,1,-0.002184,-0.002184,-0.002184,-0.002184,3603237490.04,3605814482.26,3602114604.14,3602114604.14,1878542.25,2285540.48,5400440.91
2026-06-29 11:09:31,2026-06-29T01:09:31.140Z,1566.39,29720.00,1,-0.002184,-0.002114,-0.002184,-0.002114,3602114604.14,3603002163.39,3599511721.45,3600656028.32,687828.70,1341904.35,3297477.10
2026-06-29 11:10:39,2026-06-29T01:10:39.187Z,1566.33,29720.00,0,-0.002114,-0.002114,-0.002166,-0.002166,3600656028.32,3603336439.99,3600656028.32,3603336439.99,1100565.78,1919489.48,550698.03
2026-06-29 11:11:41,2026-06-29T01:11:41.863Z,1566.33,29720.00,0,-0.002166,-0.002166,-0.002268,-0.002268,3603336439.99,3603336439.99,3600869454.39,3603020401.29,1036327.88,1578230.08,-3801216.11
2026-06-29 11:12:55,2026-06-29T01:12:55.118Z,1565.52,29720.00,1,-0.002268,-0.002268,-0.002268,-0.002268,3603020401.29,3603020401.29,3600188043.79,3600489090.16,1433285.12,1817238.74,-3536092.61
2026-06-29 11:14:08,2026-06-29T01:14:08.155Z,1564.29,29720.00,1,-0.002268,-0.002268,-0.0023,-0.0023,3601788053.16,3601788053.16,3601788053.16,3601788053.16,118428.26,141712.69,-1456140.70
2026-06-29 11:15:16,2026-06-29T01:15:16.142Z,1564.29,29720.00,2,-0.0023,-0.0023,-0.0023,-0.0023,3596993835.58,3598995856.45,3596933687.08,3598370987.35,506073.56,425811.09,84537.02
2026-06-29 11:16:18,2026-06-29T01:16:18.835Z,1564.77,29720.00,2,-0.0023,-0.0023,-0.002361,-0.002361,3598370987.35,3599558764.09,3597756634.75,3598489436.8,697124.81,526618.39,1373889.86
2026-06-29 11:17:28,2026-06-29T01:17:28.960Z,1562.59,29720.00,3,-0.002361,-0.002356,-0.002361,-0.002356,3598489436.8,3602095453.46,3597187913.13,3597187913.13,2228483.95,5225192.34,1031843.52
2026-06-29 11:18:31,2026-06-29T01:18:31.845Z,1559.26,29720.00,1,-0.002356,-0.002356,-0.002356,-0.002356,3597187913.13,3597187913.13,3587309868.98,3587309868.98,8018231.49,10209022.58,-2210284.93
2026-06-29 11:19:40,2026-06-29T01:19:40.039Z,1559.44,29720.00,1,-0.002356,-0.002349,-0.002356,-0.002349,3587309868.98,3587309868.98,3581202345.42,3582725174.31,5592298.26,2215298.09,7928843.31
2026-06-29 11:20:42,2026-06-29T01:20:42.988Z,1559.68,29720.00,1,-0.002349,-0.002349,-0.002656,-0.002656,3582725174.31,3585842040.25,3582428697.95,3585782529.54,6779685.52,3288450.09,11520180.24
2026-06-29 11:21:55,2026-06-29T01:21:55.944Z,1561.63,29720.00,3,-0.002656,-0.002656,-0.002813,-0.002813,3585782529.54,3589987517.42,3583673398.68,3588180615.63,4395064.20,6868784.35,8069955.98
2026-06-29 11:23:04,2026-06-29T01:23:04.212Z,1561.62,29720.00,2,-0.002813,-0.002813,-0.002813,-0.002813,3587634082.56,3587634082.56,3587634082.56,3587634082.56,210449.36,1310428.97,7035240.53
2026-06-29 11:24:07,2026-06-29T01:24:07.107Z,1561.14,29720.00,1,-0.002818,-0.002818,-0.002851,-0.002851,3591262401.15,3591262401.15,3591262401.15,3591262401.15,265116.56,110010.41,2201086.67
2026-06-29 11:25:20,2026-06-29T01:25:20.234Z,1562.61,29720.00,2,-0.002851,-0.002851,-0.002851,-0.002851,3589025937.96,3592671631.49,3588694552.17,3592671631.49,2087246.25,766189.60,437612.94
2026-06-29 11:26:28,2026-06-29T01:26:28.282Z,1563.13,29720.00,1,-0.002851,-0.002851,-0.002866,-0.002866,3592671631.49,3595428037.83,3591408400.47,3595173813.68,2129126.26,2599782.54,136254.67
2026-06-29 11:27:31,2026-06-29T01:27:31.044Z,1562.59,29720.00,3,-0.002866,-0.002774,-0.002866,-0.002774,3595173813.68,3596977340.11,3591676631.7,3594355459.45,706611.74,4406853.60,-4355830.42
2026-06-29 11:28:38,2026-06-29T01:28:38.942Z,1561.76,29720.00,1,-0.002774,-0.002774,-0.002776,-0.002776,3594355459.45,3594928224.31,3588435588.3,3588435588.3,2068725.93,1950728.50,-2785548.67
2026-06-29 11:29:41,2026-06-29T01:29:41.714Z,1560.86,29720.00,2,-0.002776,-0.002776,-0.002776,-0.002776,3588435588.3,3591946999.79,3587520262.4,3588481515.07,1606925.21,1530860.04,-4901471.45
2026-06-29 11:30:54,2026-06-29T01:30:54.995Z,1560.49,29720.00,2,-0.002776,-0.002776,-0.002994,-0.002994,3588481515.07,3589253578.92,3586578680.56,3587322058.45,8291582.48,5723290.89,-1240964.03
2026-06-29 11:32:08,2026-06-29T01:32:08.292Z,1560.85,29720.00,1,-0.003116,-0.003116,-0.003116,-0.003116,3589375119.53,3589375119.53,3589375119.53,3589375119.53,1164877.68,129439.01,5420575.01
2026-06-29 11:33:21,2026-06-29T01:33:21.390Z,1562.82,29720.00,1,-0.003116,-0.003116,-0.003229,-0.003229,3589223130.2,3593494136.38,3587643083.96,3593286098.7,530903.17,1161052.70,6257014.15
2026-06-29 11:34:29,2026-06-29T01:34:29.384Z,1562.54,29720.00,1,-0.003229,-0.00319,-0.003229,-0.00319,3593286098.7,3596036685.09,3591671773.21,3592689329.38,690887.00,906384.89,5951410.17
2026-06-29 11:35:42,2026-06-29T01:35:42.506Z,1560.51,29720.00,2,-0.00319,-0.00319,-0.0032,-0.0032,3592689329.38,3593025975.87,3587819856.6,3587819856.6,4158360.55,1084976.54,6501044.89
2026-06-29 11:36:52,2026-06-29T01:36:52.616Z,1563.04,29720.00,2,-0.0032,-0.0032,-0.0032,-0.0032,3587819856.6,3591633550.06,3584974260.89,3591633550.06,3912071.01,4417881.77,6161827.68
2026-06-29 11:38:05,2026-06-29T01:38:05.952Z,1564.92,29720.00,1,-0.003287,-0.003273,-0.003287,-0.003273,3596454100.25,3596454100.25,3596454100.25,3596454100.25,145060.24,283210.64,4278549.47
2026-06-29 11:39:19,2026-06-29T01:39:19.044Z,1565.60,29720.00,2,-0.003273,-0.003273,-0.003273,-0.003273,3598855389.12,3600342054.14,3595732649.3,3599299152.28,1854823.12,2984393.13,2692024.50
2026-06-29 11:42:05,2026-06-29T01:42:05.736Z,1570.03,29720.00,4,-0.003197,-0.003197,-0.003197,-0.003197,3611194232.26,3611194232.26,3611194232.26,3611194232.26,986981.00,959321.53,-7945077.36
2026-06-29 11:43:56,2026-06-29T01:43:56.077Z,1569.96,29720.00,4,-0.003197,-0.003124,-0.003197,-0.003124,3614817639.67,3616478835.69,3613976411.74,3613976411.74,1817872.30,7480571.88,-16358473.09
2026-06-29 11:45:05,2026-06-29T01:45:05.379Z,1569.96,29720.00,3,-0.003035,-0.003035,-0.003124,-0.003085,3612525727.61,3612525727.61,3612525727.61,3612525727.61,590408.21,279922.84,-15283264.05
2026-06-29 11:46:17,2026-06-29T01:46:17.072Z,1568.51,29720.00,2,-0.003085,-0.003085,-0.003085,-0.003085,3613169292.5,3613169292.5,3613169292.5,3613169292.5,103120.78,256549.75,-14354205.83
2026-06-29 11:47:14,2026-06-29T01:47:14.963Z,1568.42,29720.00,1,-0.003085,-0.003085,-0.003101,-0.003101,3610328397.24,3613603617.01,3610259401.28,3611495288.89,1687056.59,1043145.67,-10352607.81
2026-06-29 11:48:17,2026-06-29T01:48:17.762Z,1567.92,29720.00,1,-0.003101,-0.003101,-0.003143,-0.003143,3611495288.89,3611495288.89,3608643317.19,3608643317.19,736370.20,219018.27,-8672000.72
2026-06-29 11:49:30,2026-06-29T01:49:30.784Z,1567.51,29720.00,2,-0.003143,-0.003143,-0.003143,-0.003143,3608643317.19,3610947497.63,3607262125.51,3607875021.64,805939.04,1622377.50,-8197604.31
2026-06-29 11:50:38,2026-06-29T01:50:38.931Z,1569.11,29720.00,2,-0.003143,-0.003143,-0.003179,-0.003179,3607875021.64,3609614633.54,3607342617.85,3609449745.82,2473510.60,2789190.94,5358805.82
2026-06-29 11:51:41,2026-06-29T01:51:41.653Z,1567.75,29720.00,1,-0.003179,-0.003171,-0.003179,-0.003171,3609449745.82,3616347207.41,3609449745.82,3611345886.9,1226943.49,1442449.15,6001882.96
2026-06-29 11:52:54,2026-06-29T01:52:54.665Z,1568.20,29720.00,0,-0.003171,-0.003146,-0.003171,-0.003146,3611345886.9,3611838108.39,3608037813.33,3608037813.33,2871724.34,1549935.11,10758412.07
2026-06-29 11:54:07,2026-06-29T01:54:07.755Z,1567.65,29720.00,1,-0.003146,-0.003146,-0.003187,-0.003187,3613707636.31,3613707636.31,3613707636.31,3613707636.31,1121071.75,52971.35,2023838.98
2026-06-29 11:55:16,2026-06-29T01:55:16.027Z,1567.66,29720.00,0,-0.003187,-0.003076,-0.003187,-0.003076,3610790456.95,3611752733.63,3609215343.69,3611257755.96,159294.64,734390.85,957776.11
2026-06-29 11:56:18,2026-06-29T01:56:18.769Z,1567.66,29720.00,0,-0.003076,-0.003076,-0.003076,-0.003076,3611257755.96,3611641864.13,3609336629.74,3609697993.72,742140.77,758018.13,992276.33
2026-06-29 11:57:26,2026-06-29T01:57:26.723Z,1567.28,29720.00,1,-0.003076,-0.003076,-0.00308,-0.00308,3609697993.72,3613309121.45,3609490154.97,3613309121.45,615770.84,444087.58,-1044959.09
2026-06-29 11:58:29,2026-06-29T01:58:29.486Z,1566.66,29720.00,2,-0.00308,-0.003076,-0.00308,-0.003076,3613309121.45,3613309121.45,3607465437.99,3608762581.39,759055.03,1159942.29,-1230449.57
2026-06-29 11:59:42,2026-06-29T01:59:42.672Z,1566.68,29720.00,2,-0.003076,-0.003076,-0.003118,-0.003118,3608762581.39,3611326936.76,3608161968.39,3611324502.89,1000469.10,1020030.66,-2166806.87
2026-06-29 12:00:50,2026-06-29T02:00:50.915Z,1565.34,29720.00,2,-0.003118,-0.003118,-0.003118,-0.003118,3611324502.89,3611324502.89,3607708768.98,3608041530.3,5663030.60,4292506.25,145585.78
2026-06-29 12:01:53,2026-06-29T02:01:53.785Z,1565.34,29720.00,2,-0.003118,-0.003029,-0.003118,-0.003029,3608041530.3,3608365726.76,3603947621.09,3605786242.99,2181265.06,951898.32,4922082.99
2026-06-29 12:02:56,2026-06-29T02:02:56.543Z,1566.99,29720.00,2,-0.003029,-0.003029,-0.003071,-0.003071,3605786242.99,3606976912.7,3604905872.35,3606365649.79,1733125.09,1927653.41,6062081.11
2026-06-29 12:04:04,2026-06-29T02:04:04.503Z,1566.14,29720.00,1,-0.003071,-0.003071,-0.003071,-0.003071,3611158828.26,3611158828.26,3611158828.26,3611158828.26,309396.13,568461.66,6147492.53
2026-06-29 12:05:22,2026-06-29T02:05:22.936Z,1564.54,29720.00,2,-0.003035,-0.002891,-0.003035,-0.002891,3607431398.8,3610109388.8,3600981133.99,3601395871.25,1440203.14,833456.40,4695863.76
2026-06-29 12:06:31,2026-06-29T02:06:31.075Z,1564.14,29720.00,2,-0.002891,-0.002891,-0.002891,-0.002891,3601395871.25,3603376649.65,3601395871.25,3603293181.76,1912699.61,3209697.63,1833411.20
2026-06-29 12:07:44,2026-06-29T02:07:44.769Z,1561.79,29720.00,2,-0.002891,-0.002891,-0.002988,-0.002988,3603293181.76,3604673242.73,3598153695.89,3598153695.89,8838331.96,5417620.87,4258880.83
2026-06-29 12:09:18,2026-06-29T02:09:18.434Z,1560.92,29720.00,3,-0.002995,-0.002995,-0.003145,-0.003145,3593793751.06,3594604183.21,3588869817.77,3589374091.42,1503989.14,1026146.87,6036655.82
2026-06-29 12:10:26,2026-06-29T02:10:26.754Z,1561.08,29720.00,2,-0.003145,-0.003145,-0.003145,-0.003145,3589374091.42,3591164911.2,3587982234.65,3588780075.79,3279298.98,891098.32,11337863.92
2026-06-29 12:11:29,2026-06-29T02:11:29.924Z,1560.37,29720.00,1,-0.003145,-0.003145,-0.00324,-0.00324,3588780075.79,3592464004.31,3588780075.79,3589859734.32,1961711.62,2508634.00,14471519.03
2026-06-29 12:12:43,2026-06-29T02:12:43.013Z,1559.06,29720.00,1,-0.00324,-0.00324,-0.003312,-0.003312,3589859734.32,3590573962.64,3588749848.02,3589947723.12,6377913.89,4794055.63,16988154.55
2026-06-29 12:16:40,2026-06-29T02:16:40.227Z,1555.78,29720.00,1,-0.003717,-0.003717,-0.003717,-0.003717,3575577250.02,3584087035.28,3575577250.02,3584087035.28,16345279.83,9140014.29,-10741684.74
2026-06-29 12:17:43,2026-06-29T02:17:43.076Z,1556.64,29720.00,2,-0.003717,-0.003717,-0.003844,-0.003844,3584087035.28,3592947335.71,3581769665.36,3587156140.28,8649174.56,3346722.41,-6111083.90
2026-06-29 12:19:43,2026-06-29T02:19:43.496Z,1556.69,29720.00,1,-0.003803,-0.003803,-0.00382,-0.00382,3590414117.07,3592123100.83,3586949773.78,3590131738.56,2708695.96,3131198.45,16433652.45
2026-06-29 12:20:51,2026-06-29T02:20:51.736Z,1557.62,29720.00,3,-0.00382,-0.00382,-0.00382,-0.00382,3590131738.56,3591690989.44,3589174296.49,3589174296.49,11052558.82,8104410.25,10620178.80
2026-06-29 12:21:54,2026-06-29T02:21:54.671Z,1560.46,29720.00,4,-0.00382,-0.00382,-0.003847,-0.003847,3589174296.49,3595121467.84,3589174296.49,3594983207.23,7451619.55,12125924.96,4018385.32
2026-06-29 12:24:55,2026-06-29T02:24:55.339Z,1563.67,29720.00,3,-0.003867,-0.003746,-0.003867,-0.003746,3604559610.02,3610303865.02,3602909138.32,3606806268.62,2563188.26,5964314.56,-6161252.16
2026-06-29 12:26:08,2026-06-29T02:26:08.662Z,1564.60,29720.00,3,-0.003593,-0.003593,-0.003593,-0.003593,3606102929.78,3606102929.78,3606102929.78,3606102929.78,1254218.97,2241152.02,-6451530.39
2026-06-29 12:27:16,2026-06-29T02:27:16.852Z,1567.82,29720.00,3,-0.003593,-0.003559,-0.003593,-0.003559,3606404888.4,3610354132.78,3606404888.4,3610354132.78,25232278.73,14697077.74,6238072.05
2026-06-29 12:28:41,2026-06-29T02:28:41.297Z,1570.44,29720.00,1,-0.003559,-0.003488,-0.003559,-0.003488,3610354132.78,3627231152.88,3609816355.1,3625498912.84,13026451.87,19506606.97,1535705.48
2026-06-29 12:30:56,2026-06-29T02:30:56.033Z,1569.29,29720.00,3,-0.003341,-0.003341,-0.003341,-0.003341,3623706063.31,3624638969.06,3622281120.41,3622281120.41,16603521.63,27637213.21,-16174262.58
2026-06-29 12:32:04,2026-06-29T02:32:04.152Z,1568.35,29720.00,3,-0.003283,-0.003283,-0.003283,-0.003283,3619854974.53,3619854974.53,3619854974.53,3619854974.53,1025760.20,366384.87,-36230274.16
2026-06-29 12:33:07,2026-06-29T02:33:07.338Z,1568.09,29720.00,2,-0.003315,-0.003315,-0.003315,-0.003315,3622707106.27,3622707106.27,3622707106.27,3622707106.27,1167962.49,965018.46,-25662090.33
2026-06-29 12:34:20,2026-06-29T02:34:20.346Z,1568.09,29720.00,3,-0.003315,-0.003315,-0.003358,-0.003358,3624196174.99,3626770976.36,3624196174.99,3625164395.14,1742509.98,560733.25,-7749689.88
2026-06-29 12:35:28,2026-06-29T02:35:28.395Z,1568.35,29720.00,2,-0.003358,-0.003358,-0.003362,-0.003362,3625164395.14,3626161187.38,3623069715.14,3625274024.05,1619209.15,1857220.85,9708306.49
2026-06-29 12:36:31,2026-06-29T02:36:31.254Z,1568.17,29720.00,2,-0.003362,-0.003362,-0.003362,-0.003362,3625274024.05,3628976428.96,3625274024.05,3627617064.54,8938260.52,1650434.07,17779278.49
2026-06-29 12:37:39,2026-06-29T02:37:39.377Z,1567.84,29720.00,2,-0.003362,-0.003362,-0.003403,-0.003403,3627617064.54,3629658804.15,3626683574.03,3628399053.34,1744202.09,8101655.30,7036172.90
2026-06-29 12:38:42,2026-06-29T02:38:42.253Z,1569.39,29720.00,3,-0.003403,-0.003375,-0.003403,-0.003375,3628399053.34,3628893878.35,3624980211.96,3627368219.79,8976769.48,3382568.69,5285362.24
2026-06-29 12:39:55,2026-06-29T02:39:55.412Z,1571.43,29720.00,3,-0.003375,-0.003375,-0.003405,-0.003405,3627368219.79,3632631901.68,3627368219.79,3632631901.68,31139543.34,21348015.47,13683902.50
2026-06-29 12:41:03,2026-06-29T02:41:03.731Z,1569.90,29720.00,2,-0.003405,-0.003318,-0.003405,-0.003318,3634633938.57,3634633938.57,3634633938.57,3634633938.57,99574.31,153150.70,12069909.63
2026-06-29 12:42:06,2026-06-29T02:42:06.717Z,1571.40,29720.00,3,-0.003318,-0.003318,-0.00338,-0.00338,3634283693.77,3634283693.77,3634283693.77,3634283693.77,715225.58,818977.36,23615744.21
2026-06-29 12:43:21,2026-06-29T02:43:21.057Z,1574.50,29720.00,2,-0.00338,-0.00338,-0.00338,-0.00338,3638833023.83,3644286504.21,3638833023.83,3644286504.21,6680999.63,5886285.17,30694069.84
2026-06-29 12:44:29,2026-06-29T02:44:29.228Z,1572.88,29720.00,3,-0.00338,-0.003316,-0.00338,-0.003316,3644286504.21,3647020825.8,3642615740.62,3643165151.68,5046381.16,4943304.62,20760897.14
2026-06-29 12:45:43,2026-06-29T02:45:43.455Z,1572.94,29720.00,3,-0.003316,-0.003216,-0.003316,-0.003216,3643165151.68,3644572342.2,3642518593.51,3644268788.5,2169789.38,4590931.33,17995663.08
2026-06-29 12:46:51,2026-06-29T02:46:51.420Z,1574.05,29720.00,1,-0.003216,-0.003212,-0.003216,-0.003212,3644268788.5,3646587961.28,3643467236.06,3646587961.28,3026261.59,4057453.17,13318371.87
2026-06-29 12:47:54,2026-06-29T02:47:54.321Z,1574.11,29720.00,1,-0.003212,-0.003212,-0.003212,-0.003212,3646587961.28,3648221166.81,3645774508.37,3647603946,8916619.84,4694332.66,5597431.18
2026-06-29 12:49:02,2026-06-29T02:49:02.425Z,1574.11,29720.00,1,-0.003176,-0.003122,-0.003212,-0.003122,3646487121.05,3646487121.05,3646487121.05,3646487121.05,13184.89,56206.82,-8391746.07
2026-06-29 12:50:15,2026-06-29T02:50:15.774Z,1574.21,29720.00,1,-0.003122,-0.003122,-0.003122,-0.003122,3649684788,3653358604.3,3649684788,3653358604.3,1129719.17,1454085.84,1251211.31
2026-06-29 12:51:18,2026-06-29T02:51:18.743Z,1574.92,29720.00,3,-0.003122,-0.00311,-0.003122,-0.00311,3653358604.3,3654593657.11,3650430076.94,3653331399.02,882496.36,833866.18,2041082.27
2026-06-29 12:52:31,2026-06-29T02:52:31.961Z,1574.32,29720.00,0,-0.00311,-0.003036,-0.00311,-0.003036,3653331399.02,3654293641.97,3650169725.89,3650169725.89,861351.33,1552185.70,912205.01
2026-06-29 12:53:39,2026-06-29T02:53:39.870Z,1574.20,29720.00,1,-0.003036,-0.003025,-0.003036,-0.003025,3650169725.89,3651130158.57,3650169725.89,3651061177.86,1288405.88,2080857.86,3112119.90
2026-06-29 12:54:42,2026-06-29T02:54:42.687Z,1574.21,29720.00,0,-0.003025,-0.003025,-0.003025,-0.003025,3651061177.86,3651585955.61,3650629729.08,3651585955.61,1336608.38,2005760.36,-6509797.10
2026-06-29 12:55:50,2026-06-29T02:55:50.849Z,1574.21,29720.00,0,-0.003025,-0.003025,-0.003043,-0.003043,3651585955.61,3653189756.73,3651444440.17,3651879288.02,2125699.15,3124810.79,-7086017.53
2026-06-29 12:56:53,2026-06-29T02:56:53.881Z,1574.21,29720.00,0,-0.003043,-0.003015,-0.003043,-0.003015,3651879288.02,3654154008.46,3651521284.85,3654070721.68,8520197.84,4443284.43,-1028935.39
2026-06-29 12:58:07,2026-06-29T02:58:07.003Z,1574.35,29720.00,0,-0.003015,-0.003001,-0.003015,-0.003001,3653870409.81,3653870409.81,3653870409.81,3653870409.81,345348.56,218132.84,228732.09
2026-06-29 12:59:14,2026-06-29T02:59:14.877Z,1574.27,29720.00,0,-0.003001,-0.002993,-0.003001,-0.002993,3652612694.52,3652612694.52,3652612694.52,3652612694.52,134789.17,457330.69,-3435664.11
2026-06-29 13:00:17,2026-06-29T03:00:17.921Z,1574.27,29720.00,0,-0.002993,-0.002993,-0.002993,-0.002993,3652107907.06,3652767044.38,3650920698.03,3652306722.29,5065534.47,3074499.39,-972933.82
2026-06-29 13:01:31,2026-06-29T03:01:31.116Z,1575.12,29720.00,2,-0.002993,-0.002993,-0.003086,-0.003086,3652306722.29,3657507915.63,3652306722.29,3657322440.1,2321871.20,4968856.00,-6240458.35
2026-06-29 13:02:39,2026-06-29T03:02:39.317Z,1577.93,29720.00,2,-0.003086,-0.003049,-0.003086,-0.003049,3657322440.1,3658802530,3655426255.49,3656633315.24,28335867.68,5953691.68,16301599.59
2026-06-29 13:03:42,2026-06-29T03:03:42.136Z,1576.09,29720.00,4,-0.003049,-0.003025,-0.003049,-0.003025,3656633315.24,3667678455.75,3656253993.43,3665426300.35,3672319.87,4027748.00,21320382.39
2026-06-29 13:04:55,2026-06-29T03:04:55.444Z,1576.88,29720.00,2,-0.003025,-0.003025,-0.003025,-0.003025,3665426300.35,3665426300.35,3660748676.34,3662032111.54,6646433.27,2966798.04,25775862.45
2026-06-29 13:06:06,2026-06-29T03:06:06.136Z,1582.18,29720.00,3,-0.00298,-0.00298,-0.003004,-0.003004,3665733472.65,3665733472.65,3665733472.65,3665733472.65,1716609.87,2250307.23,85666988.23
2026-06-29 13:07:19,2026-06-29T03:07:19.297Z,1580.41,29720.00,2,-0.003004,-0.003004,-0.003004,-0.003004,3669125323.03,3669125323.03,3663511815.48,3663676125.84,4080855.93,2074724.29,56040684.30
2026-06-29 13:08:32,2026-06-29T03:08:32.470Z,1580.56,29720.00,1,-0.003004,-0.002802,-0.003004,-0.002802,3663676125.84,3667883794.57,3662845022.44,3664727390.84,2663381.10,2473114.73,57489472.47
2026-06-29 13:09:40,2026-06-29T03:09:40.707Z,1583.29,29720.00,3,-0.002802,-0.002799,-0.002802,-0.002799,3664727390.84,3671554267.51,3664727390.84,3671554267.51,12389031.98,9876435.21,61359742.18
2026-06-29 13:10:43,2026-06-29T03:10:43.705Z,1583.62,29720.00,2,-0.002799,-0.002799,-0.002799,-0.002799,3671554267.51,3673820657.94,3670188638.22,3670224680.24,11420615.95,11951686.76,2461740.41
2026-06-29 13:11:56,2026-06-29T03:11:56.861Z,1582.82,29720.00,1,-0.002799,-0.002697,-0.002799,-0.002697,3670224680.24,3675998995.81,3670176343.15,3672070327.94,5574091.24,5292261.66,11538433.97
2026-06-29 13:13:04,2026-06-29T03:13:04.881Z,1580.96,29720.00,3,-0.002718,-0.002697,-0.00273,-0.00273,3672875265.66,3672875265.66,3672875265.66,3672875265.66,389888.91,249641.04,-704006.38
2026-06-29 13:14:07,2026-06-29T03:14:07.924Z,1580.96,29720.00,3,-0.00273,-0.00273,-0.00273,-0.00273,3667991003.75,3667991003.75,3667991003.75,3667991003.75,561891.52,455806.87,-4091774.03
2026-06-29 13:15:16,2026-06-29T03:15:16.025Z,1581.41,29720.00,4,-0.00273,-0.00273,-0.002789,-0.002789,3671311537.88,3673881353.6,3671221690.33,3671221690.33,1125266.76,1343142.81,-519903.81
2026-06-29 13:16:18,2026-06-29T03:16:18.984Z,1581.41,29720.00,2,-0.002789,-0.00273,-0.002789,-0.00273,3671221690.33,3672532781.96,3670894947.65,3671961523.98,855041.31,2079135.86,-2307854.12
2026-06-29 13:17:26,2026-06-29T03:17:26.968Z,1580.90,29720.00,2,-0.00273,-0.00273,-0.00273,-0.00273,3671961523.98,3672352532.81,3670596058.3,3672291586.19,1168418.20,1215076.84,2877070.02
2026-06-29 13:18:29,2026-06-29T03:18:29.802Z,1581.82,29720.00,0,-0.00273,-0.0027,-0.00273,-0.0027,3672291586.19,3674181242.06,3671252059.82,3674181242.06,2013014.12,2654200.07,4041063.14
2026-06-29 13:19:32,2026-06-29T03:19:32.736Z,1581.30,29720.00,0,-0.0027,-0.0027,-0.002706,-0.002706,3674181242.06,3674396486.4,3672288632.41,3673751617.53,1066266.25,2804317.58,-1337936.86
2026-06-29 13:20:40,2026-06-29T03:20:40.934Z,1581.15,29720.00,0,-0.002706,-0.002664,-0.002706,-0.002664,3673751617.53,3674093799.09,3671914802.79,3673919217.73,1978355.35,2374151.74,-1188029.31
2026-06-29 13:21:43,2026-06-29T03:21:43.902Z,1581.70,29720.00,2,-0.002664,-0.002664,-0.002664,-0.002664,3673919217.73,3677164391.31,3672244486.91,3674106857.78,2995822.73,2347285.69,467323.48
2026-06-29 13:22:52,2026-06-29T03:22:52.158Z,1582.22,29720.00,2,-0.002664,-0.002664,-0.002687,-0.002687,3674106857.78,3678622433.44,3674106857.78,3678622433.44,2192258.70,3146641.30,-2610181.91
2026-06-29 13:23:54,2026-06-29T03:23:54.895Z,1581.68,29720.00,1,-0.002687,-0.002586,-0.002687,-0.002586,3678622433.44,3678622433.44,3677183093.59,3677535516.15,2213648.75,4326843.90,-3403074.59
2026-06-29 13:25:03,2026-06-29T03:25:03.251Z,1582.98,29720.00,2,-0.002586,-0.002488,-0.002586,-0.002488,3675138406.09,3675138406.09,3675138406.09,3675138406.09,132159.14,301156.87,1577070.03
2026-06-29 13:26:06,2026-06-29T03:26:06.356Z,1582.97,29720.00,1,-0.002488,-0.00244,-0.002488,-0.00244,3683291085.9,3683291085.9,3683291085.9,3683291085.9,1219524.49,223538.41,2498640.66
2026-06-29 13:27:19,2026-06-29T03:27:19.420Z,1584.34,29720.00,2,-0.00244,-0.00244,-0.00244,-0.00244,3680825636.08,3683203077.26,3680089879.1,3683203077.26,20249505.67,11738295.71,15334682.87
2026-06-29 13:28:32,2026-06-29T03:28:32.404Z,1584.12,29720.00,1,-0.00244,-0.002294,-0.00244,-0.002294,3683203077.26,3690483027.99,3683203077.26,3690181678.2,2239003.74,3054751.80,13114099.05
2026-06-29 13:29:40,2026-06-29T03:29:40.385Z,1584.12,29720.00,1,-0.002294,-0.002161,-0.002294,-0.002161,3690181678.2,3690604533.2,3685801367.66,3687881079.82,2196456.63,2556926.76,9731609.81
2026-06-29 13:30:43,2026-06-29T03:30:43.654Z,1584.22,29720.00,0,-0.002161,-0.002137,-0.002161,-0.002137,3687881079.82,3688897287.55,3687247853.08,3688454667.28,3154515.82,4664298.88,8010613.01
2026-06-29 13:31:51,2026-06-29T03:31:51.624Z,1583.16,29720.00,1,-0.002137,-0.002137,-0.002137,-0.002137,3688454667.28,3689624637.79,3687564086.85,3687822656.44,2431804.91,5239464.89,-1472822.28
2026-06-29 13:32:57,2026-06-29T03:32:57.478Z,1581.73,29720.00,1,-0.002137,-0.002098,-0.002137,-0.002098,3687822656.44,3687822656.44,3685915253.5,3685965471.95,3472322.75,8425398.95,-11497486.02
2026-06-29 13:33:55,2026-06-29T03:33:55.265Z,1581.31,29720.00,3,-0.002098,-0.002098,-0.002134,-0.002134,3685965471.95,3686462954.99,3680386427.88,3681166326.89,2347006.87,3980580.00,-13017885.70
2026-06-29 13:34:58,2026-06-29T03:34:58.099Z,1580.89,29720.00,3,-0.002134,-0.002134,-0.002134,-0.002134,3681166326.89,3682034703.1,3679786189.67,3681466557.96,1932578.88,2106177.32,-12884646.38
2026-06-29 13:36:06,2026-06-29T03:36:06.049Z,1579.74,29720.00,4,-0.002159,-0.002159,-0.00218,-0.00218,3682426448.27,3682426448.27,3682426448.27,3682426448.27,690948.44,515131.27,-18270638.03
2026-06-29 13:37:21,2026-06-29T03:37:21.460Z,1577.44,29720.00,3,-0.00218,-0.00218,-0.00218,-0.00218,3679593774.17,3679593774.17,3663390725.09,3663390725.09,2180915.59,8828938.92,-32258225.25
2026-06-29 13:38:29,2026-06-29T03:38:29.353Z,1576.85,29720.00,3,-0.00218,-0.00218,-0.002257,-0.002257,3663390725.09,3664281918.4,3658534310.37,3660451708.74,4452401.17,2035895.61,-28370199.73
2026-06-29 13:39:40,2026-06-29T03:39:40.267Z,1576.02,29720.00,2,-0.002257,-0.002257,-0.002336,-0.002336,3660451708.74,3660451708.74,3656023083.74,3656023083.74,3508677.29,2399717.46,-30286771.93
2026-06-29 13:40:43,2026-06-29T03:40:43.530Z,1575.81,29720.00,2,-0.002336,-0.002336,-0.002376,-0.002376,3656023083.74,3658698367.3,3655389501.25,3658698367.3,3568529.22,2127298.76,-12992688.27
2026-06-29 13:41:51,2026-06-29T03:41:51.934Z,1575.66,29720.00,3,-0.002376,-0.002376,-0.002376,-0.002376,3658698367.3,3658846205.58,3656426352.51,3656767681,5298786.72,11145711.06,-7388869.60
2026-06-29 13:42:56,2026-06-29T03:42:56.458Z,1575.42,29720.00,1,-0.002376,-0.002376,-0.002398,-0.002398,3656767681,3659954799.95,3656160387.77,3656465850.71,3256900.67,2484758.52,538756.67
2026-06-29 13:44:04,2026-06-29T03:44:04.735Z,1575.42,29720.00,2,-0.002433,-0.002398,-0.002433,-0.002433,3656187088.55,3656187088.55,3656187088.55,3656187088.55,45708.62,70632.99,-4184333.88
2026-06-29 13:45:08,2026-06-29T03:45:08.009Z,1574.02,29720.00,3,-0.002433,-0.002433,-0.002496,-0.002496,3657039437.02,3657039437.02,3657039437.02,3657039437.02,1008414.98,440852.93,-3441261.39
2026-06-29 13:46:16,2026-06-29T03:46:16.173Z,1575.94,29720.00,1,-0.002496,-0.002462,-0.002496,-0.002462,3657468883.47,3657788780.98,3656174162.75,3657788780.98,3283057.84,728692.11,4960927.89
2026-06-29 13:47:19,2026-06-29T03:47:19.089Z,1576.50,29720.00,2,-0.002462,-0.002462,-0.002492,-0.002492,3657788780.98,3659242922.15,3657526231.96,3659242922.15,1962678.40,648679.97,9440058.94
2026-06-29 13:48:27,2026-06-29T03:48:27.196Z,1578.30,29720.00,3,-0.002492,-0.002492,-0.002492,-0.002492,3659242922.15,3663773606.07,3658801146.06,3663773606.07,1401870.79,1955730.39,13188762.59
2026-06-29 13:49:30,2026-06-29T03:49:30.017Z,1578.33,29720.00,2,-0.002492,-0.002459,-0.002492,-0.002459,3663773606.07,3664680038.3,3661703664.7,3661703664.7,1768400.99,765210.36,12482491.42
2026-06-29 13:50:43,2026-06-29T03:50:43.606Z,1577.98,29720.00,2,-0.002459,-0.002412,-0.002459,-0.002412,3661703664.7,3664300783.96,3661309709.2,3664186719.55,997370.30,1077581.82,10288200.19
2026-06-29 13:51:51,2026-06-29T03:51:51.688Z,1578.47,29720.00,2,-0.002412,-0.002412,-0.002412,-0.002412,3664186719.55,3664440695.78,3662920149.09,3664432397.17,2109582.25,1330943.20,4769864.65
2026-06-29 13:52:54,2026-06-29T03:52:54.744Z,1579.74,29720.00,3,-0.002412,-0.002392,-0.002412,-0.002392,3664432397.17,3665317203.18,3663100199.34,3664493453.57,4930919.57,2044283.02,7069890.83
2026-06-29 13:54:07,2026-06-29T03:54:07.956Z,1581.21,29720.00,4,-0.002382,-0.002382,-0.002382,-0.002382,3668426976.11,3668426976.11,3668426976.11,3668426976.11,394077.58,307641.34,9928917.83
2026-06-29 13:55:16,2026-06-29T03:55:16.178Z,1581.21,29720.00,2,-0.002382,-0.002301,-0.002382,-0.002301,3669822903.27,3670199007.96,3667707398.11,3669131090.1,315245.65,748804.38,4939164.12
2026-06-29 13:56:19,2026-06-29T03:56:19.177Z,1581.21,29720.00,2,-0.002301,-0.002301,-0.002307,-0.002307,3669131090.1,3669131090.1,3667575089.3,3668972402.97,586410.68,652694.39,-553897.76
2026-06-29 13:57:27,2026-06-29T03:57:27.276Z,1580.80,29720.00,2,-0.002307,-0.002307,-0.002338,-0.002338,3668972402.97,3668998795.34,3666977974.3,3666977974.3,852484.89,434219.48,-3879801.40
2026-06-29 13:58:30,2026-06-29T03:58:30.133Z,1580.80,29720.00,1,-0.002338,-0.002338,-0.002338,-0.002338,3666977974.3,3668704350.42,3666120342.65,3668015070.67,722842.13,435663.55,-4827896.71
2026-06-29 13:59:43,2026-06-29T03:59:43.233Z,1580.80,29720.00,1,-0.002338,-0.002338,-0.002394,-0.002394,3668015070.67,3671165042.87,3668015070.67,3671165042.87,2890662.62,2055736.15,-426486.29
2026-06-29 14:00:51,2026-06-29T04:00:51.691Z,1581.61,29720.00,3,-0.002394,-0.002394,-0.002413,-0.002413,3671165042.87,3673551700.73,3670492050.58,3673551700.73,3717088.26,6307544.71,-1942665.34
2026-06-29 14:01:54,2026-06-29T04:01:54.587Z,1581.24,29720.00,0,-0.002413,-0.002413,-0.002413,-0.002413,3673551700.73,3673551700.73,3670234784.45,3670666969.4,2210256.61,9401377.29,-7651747.65
2026-06-29 14:03:07,2026-06-29T04:03:07.835Z,1581.15,29720.00,0,-0.002358,-0.002358,-0.002379,-0.002379,3669650077.09,3669650077.09,3669650077.09,3669650077.09,162963.06,370920.82,-6712084.46
2026-06-29 14:04:16,2026-06-29T04:04:16.048Z,1580.99,29720.00,1,-0.002379,-0.002379,-0.002379,-0.002379,3670491564.64,3671669995.7,3670008650.07,3670816260.07,550550.63,675134.04,-7489717.69
2026-06-29 14:05:18,2026-06-29T04:05:18.940Z,1580.95,29720.00,1,-0.002379,-0.002379,-0.002388,-0.002388,3670816260.07,3671131609.89,3668847424.42,3670465204.36,565892.69,1220729.36,-5851794.90
2026-06-29 14:06:27,2026-06-29T04:06:27.047Z,1579.76,29720.00,2,-0.002388,-0.002363,-0.002388,-0.002363,3670465204.36,3670465204.36,3667557772.35,3667814245.68,333378.34,2148789.22,-840120.30
2026-06-29 14:07:29,2026-06-29T04:07:29.903Z,1578.77,29720.00,2,-0.002363,-0.002363,-0.002397,-0.002397,3667814245.68,3667917923.65,3662240785.7,3662240785.7,7296862.43,2210116.84,-1966856.09
2026-06-29 14:08:43,2026-06-29T04:08:43.040Z,1578.80,29720.00,1,-0.002397,-0.002397,-0.002397,-0.002397,3662240785.7,3666141791.26,3662240785.7,3665915767.24,1371794.50,1032771.15,-2436522.49
2026-06-29 14:09:51,2026-06-29T04:09:51.094Z,1579.19,29720.00,1,-0.002397,-0.002397,-0.002498,-0.002498,3665915767.24,3666311803.79,3665276387.9,3666311803.79,1541065.93,1114625.13,-3736410.02
2026-06-29 14:10:54,2026-06-29T04:10:54.185Z,1578.74,29720.00,1,-0.002498,-0.002467,-0.002498,-0.002467,3666311803.79,3668358899.73,3664894797.58,3665158568.85,1933802.95,4489186.21,-6762106.76
2026-06-29 14:12:02,2026-06-29T04:12:02.288Z,1577.89,29720.00,1,-0.002467,-0.002467,-0.002467,-0.002467,3664100446.68,3664100446.68,3664100446.68,3664100446.68,16872.03,0.00,-5974501.26
2026-06-29 14:13:05,2026-06-29T04:13:05.263Z,1577.92,29720.00,1,-0.002485,-0.002467,-0.002539,-0.002539,3662800259.9,3662800259.9,3662800259.9,3662800259.9,39562.44,4249.87,-4269814.22
2026-06-29 14:14:18,2026-06-29T04:14:18.477Z,1577.89,29720.00,1,-0.002539,-0.002539,-0.002557,-0.002557,3662993637.67,3664425430.68,3662973871.77,3663486613.61,490820.66,1184668.42,-3390356.42
2026-06-29 14:15:26,2026-06-29T04:15:26.560Z,1577.89,29720.00,1,-0.002557,-0.002557,-0.002557,-0.002557,3663486613.61,3664176404.75,3662584913.9,3664176404.75,258979.04,1125866.64,-1843260.42
2026-06-29 14:16:29,2026-06-29T04:16:29.586Z,1577.89,29720.00,0,-0.002557,-0.002557,-0.00257,-0.00257,3664176404.75,3664192820.37,3662862815.88,3663333074,642704.61,784368.49,-834335.77
2026-06-29 14:17:42,2026-06-29T04:17:42.858Z,1578.19,29720.00,1,-0.00257,-0.002562,-0.00257,-0.002562,3663333074,3665554210.93,3663333074,3664439075.87,1832498.34,511927.65,638308.60
2026-06-29 14:18:50,2026-06-29T04:18:50.862Z,1578.44,29720.00,1,-0.002562,-0.002562,-0.002562,-0.002562,3664439075.87,3668506015.6,3664439075.87,3668506015.6,1421884.22,1526963.20,4248269.12
2026-06-29 14:20:04,2026-06-29T04:20:04.289Z,1578.44,29720.00,0,-0.002546,-0.002546,-0.002546,-0.002546,3665802902.52,3665802902.52,3665802902.52,3665802902.52,23538.70,15163.10,5516432.45
2026-06-29 14:21:07,2026-06-29T04:21:07.285Z,1577.85,29720.00,0,-0.002442,-0.002442,-0.002442,-0.002442,3666847151.8,3666847151.8,3666847151.8,3666847151.8,55872.16,235915.56,4513159.27
2026-06-29 14:22:15,2026-06-29T04:22:15.246Z,1577.68,29720.00,0,-0.002442,-0.002442,-0.002482,-0.002482,3664226761.11,3664657991.94,3662600273.84,3662850814.51,207680.23,589622.19,-1553895.87
2026-06-29 14:23:18,2026-06-29T04:23:18.300Z,1577.04,29720.00,2,-0.002482,-0.002482,-0.002555,-0.002555,3662850814.51,3663319237.8,3660953982.05,3662018414.21,706796.81,498078.94,-3396754.91
2026-06-29 14:24:31,2026-06-29T04:24:31.444Z,1577.53,29720.00,0,-0.002555,-0.002555,-0.002646,-0.002646,3662018414.21,3662986671.35,3661141161.09,3662524361.46,1424841.87,366087.64,-815794.19
2026-06-29 14:25:39,2026-06-29T04:25:39.736Z,1578.84,29720.00,2,-0.002646,-0.002646,-0.002646,-0.002646,3662524361.46,3666676722.03,3662461202.89,3666622527.95,2338157.86,1671526.45,2078103.51
2026-06-29 14:26:42,2026-06-29T04:26:42.573Z,1579.70,29720.00,2,-0.002646,-0.002639,-0.002646,-0.002639,3666622527.95,3670001781,3666622527.95,3670001781,2435953.77,687070.48,5939109.32
2026-06-29 14:27:55,2026-06-29T04:27:55.746Z,1579.61,29720.00,1,-0.002639,-0.002416,-0.002639,-0.002416,3670001781,3670001781,3668243497.99,3668529344.55,2309550.69,978120.41,10158137.49
2026-06-29 14:29:03,2026-06-29T04:29:03.896Z,1578.39,29720.00,2,-0.002416,-0.002358,-0.002416,-0.002358,3667599507.99,3667599507.99,3667599507.99,3667599507.99,46077.21,6810.71,3802469.02
2026-06-29 14:30:07,2026-06-29T04:30:07.252Z,1578.96,29720.00,0,-0.002358,-0.002358,-0.002396,-0.002396,3666799312.76,3666799312.76,3666799312.76,3666799312.76,233139.87,129628.72,2523484.03
2026-06-29 14:31:15,2026-06-29T04:31:15.450Z,1579.18,29720.00,1,-0.002396,-0.00234,-0.002396,-0.00234,3668086501.41,3668534048.21,3665611211.45,3667372157.08,885296.73,85889.22,-457913.86
2026-06-29 14:32:18,2026-06-29T04:32:18.357Z,1579.21,29720.00,0,-0.00234,-0.00234,-0.00234,-0.00234,3667372157.08,3669597801.91,3666789340.14,3667502244.8,229491.16,391720.56,-1699856.98
2026-06-29 14:33:33,2026-06-29T04:33:33.493Z,1578.67,29720.00,1,-0.00234,-0.002298,-0.00234,-0.002298,3667502244.8,3667577377.57,3666157656.64,3666157656.64,341488.92,971680.04,-378608.42
2026-06-29 14:34:41,2026-06-29T04:34:41.659Z,1578.57,29720.00,1,-0.002298,-0.002298,-0.002306,-0.002306,3666157656.64,3667111671.96,3664775270.25,3665362762.67,508954.86,1151336.50,-2254997.97
2026-06-29 14:35:54,2026-06-29T04:35:54.954Z,1578.13,29720.00,2,-0.002306,-0.002306,-0.002306,-0.002306,3665362762.67,3665535880.06,3663988131.49,3664723458.46,1138832.07,1939912.42,-1184505.15
2026-06-29 14:37:08,2026-06-29T04:37:08.275Z,1577.01,29720.00,1,-0.002305,-0.002305,-0.002355,-0.002355,3663349070.36,3663349070.36,3663349070.36,3663349070.36,97994.87,1274824.11,-6427063.87
2026-06-29 14:38:16,2026-06-29T04:38:16.544Z,1576.84,29720.00,1,-0.002355,-0.002355,-0.002355,-0.002355,3661509109.62,3663762778.87,3659744880.96,3663762778.87,162279.51,1372653.78,-6975333.93
2026-06-29 14:39:19,2026-06-29T04:39:19.564Z,1576.84,29720.00,1,-0.002355,-0.002355,-0.002455,-0.002455,3663762778.87,3665547273.82,3663740095.98,3665547273.82,72770.85,587327.88,-7684010.08
2026-06-29 14:40:32,2026-06-29T04:40:32.811Z,1574.82,29720.00,2,-0.002455,-0.002455,-0.002515,-0.002515,3665547273.82,3665547273.82,3660163332.69,3660163332.69,3234332.63,7126017.05,-14131617.03
2026-06-29 14:41:40,2026-06-29T04:41:40.856Z,1573.44,29720.00,1,-0.002515,-0.002515,-0.002597,-0.002597,3660163332.69,3660163332.69,3653357059.44,3653357059.44,5941938.68,11913316.02,-19196367.38
2026-06-29 14:42:43,2026-06-29T04:42:43.579Z,1572.77,29720.00,3,-0.002597,-0.002597,-0.002597,-0.002597,3653357059.44,3653553639.13,3650239984.7,3651883800.86,4064573.11,3133172.81,-15917539.72
2026-06-29 14:43:51,2026-06-29T04:43:51.665Z,1572.84,29720.00,1,-0.002597,-0.002597,-0.002725,-0.002725,3651883800.86,3653330222.69,3651248731.09,3651349085.42,1724223.77,1709522.19,-14069298.81
2026-06-29 14:44:54,2026-06-29T04:44:54.613Z,1573.23,29720.00,0,-0.002725,-0.002725,-0.002821,-0.002821,3651349085.42,3652758253.48,3651157690.28,3652200571.15,6127627.38,1742553.21,-6097428.30
2026-06-29 14:46:03,2026-06-29T04:46:03.091Z,1573.94,29720.00,2,-0.002821,-0.002821,-0.002917,-0.002917,3652778651.27,3652778651.27,3652778651.27,3652778651.27,162493.28,9130.55,9350416.02
2026-06-29 14:47:05,2026-06-29T04:47:05.941Z,1573.94,29720.00,2,-0.002917,-0.002917,-0.002944,-0.002944,3656445178.79,3656445178.79,3656445178.79,3656445178.79,438935.32,109211.21,7086881.88
2026-06-29 14:48:19,2026-06-29T04:48:19.176Z,1573.46,29720.00,1,-0.002944,-0.002944,-0.002944,-0.002944,3654303025.78,3656127395.54,3654303025.78,3655956377.68,556074.26,1171472.53,7199577.89
2026-06-29 14:49:32,2026-06-29T04:49:32.480Z,1573.32,29720.00,0,-0.002944,-0.002944,-0.002951,-0.002951,3655956377.68,3655956377.68,3651298930.61,3651332732.99,1415067.16,2393182.71,-6959550.16
2026-06-29 14:50:40,2026-06-29T04:50:40.708Z,1573.24,29720.00,0,-0.002951,-0.002951,-0.002982,-0.002982,3651332732.99,3654442517.82,3651170066.41,3654442517.82,1015932.61,1187415.39,-4925314.98
2026-06-29 14:51:43,2026-06-29T04:51:43.550Z,1573.04,29720.00,0,-0.002982,-0.002979,-0.002982,-0.002979,3654442517.82,3654442517.82,3652562978.52,3653002736.31,1260459.15,696591.88,-472234.45
2026-06-29 14:52:51,2026-06-29T04:52:51.788Z,1574.75,29720.00,2,-0.002979,-0.002979,-0.002979,-0.002979,3653002736.31,3653581936.31,3651454134.13,3653581936.31,3350291.43,1907095.42,2489565.94
2026-06-29 14:53:54,2026-06-29T04:53:54.706Z,1574.69,29720.00,3,-0.002979,-0.002908,-0.002979,-0.002908,3653581936.31,3656698901.6,3653581936.31,3655215581.42,1316554.13,929052.62,6643402.33
2026-06-29 14:55:08,2026-06-29T04:55:08.401Z,1573.93,29720.00,1,-0.002793,-0.002793,-0.002793,-0.002793,3654368721.95,3654368721.95,3654368721.95,3654368721.95,50233.07,880588.62,3553157.96
2026-06-29 14:56:16,2026-06-29T04:56:16.679Z,1571.57,29720.00,4,-0.002793,-0.002788,-0.002793,-0.002788,3653479709.38,3654230674.2,3650111620.47,3650111620.47,593462.12,2992267.98,-3272352.85
2026-06-29 14:57:19,2026-06-29T04:57:19.673Z,1571.77,29720.00,3,-0.002788,-0.002788,-0.002843,-0.002843,3650111620.47,3650111620.47,3648154625.67,3649049458.37,681086.35,148640.08,-3509087.15
2026-06-29 14:58:27,2026-06-29T04:58:27.887Z,1572.28,29720.00,2,-0.002843,-0.002843,-0.002843,-0.002843,3649049458.37,3649145283.71,3648318984.9,3649145283.71,461528.73,220787.10,-3163216.89
2026-06-29 14:59:30,2026-06-29T04:59:30.826Z,1571.88,29720.00,2,-0.002843,-0.002843,-0.002904,-0.002904,3649145283.71,3649804549.09,3648672816.39,3648693352.55,440141.67,460940.70,-3421733.51
2026-06-29 15:00:39,2026-06-29T05:00:39.090Z,1572.07,29720.00,2,-0.002904,-0.002844,-0.002904,-0.002844,3648693352.55,3649132369.56,3648674318.56,3648972620.58,9698372.45,3534476.78,5603097.03
2026-06-29 15:01:41,2026-06-29T05:01:41.998Z,1571.34,29720.00,3,-0.002844,-0.002806,-0.002844,-0.002806,3648972620.58,3650900347.8,3644439809.7,3644439809.7,4607872.69,5127339.14,2201804.82
2026-06-29 15:02:56,2026-06-29T05:02:56.322Z,1569.91,29720.00,3,-0.002806,-0.002806,-0.002806,-0.002806,3644439809.7,3644439809.7,3642050805,3642802793.05,4601686.57,15769807.09,-14028738.20
2026-06-29 15:04:04,2026-06-29T05:04:04.450Z,1568.97,29720.00,1,-0.002852,-0.002806,-0.002911,-0.002911,3637866304.87,3637866304.87,3637866304.87,3637866304.87,3691207.77,10323220.15,-35851579.67
2026-06-29 15:05:07,2026-06-29T05:05:07.790Z,1566.46,29720.00,3,-0.002911,-0.002911,-0.002911,-0.002911,3638905177.16,3638905177.16,3638905177.16,3638905177.16,4438603.36,17061617.80,-56923658.12
2026-06-29 15:07:54,2026-06-29T05:07:54.637Z,1564.18,29720.00,3,-0.002993,-0.002993,-0.003189,-0.003189,3611151452.46,3614604278.77,3611151452.46,3614072576.67,13028225.27,7767424.36,-42272815.47
2026-06-29 15:09:02,2026-06-29T05:09:02.769Z,1564.85,29720.00,3,-0.003319,-0.003189,-0.003319,-0.003319,3615918740.11,3615918740.11,3615918740.11,3615918740.11,80918.87,382064.30,-7599964.58
2026-06-29 15:10:06,2026-06-29T05:10:06.398Z,1564.64,29720.00,4,-0.003319,-0.003222,-0.003319,-0.003222,3619049607.98,3619049607.98,3619049607.98,3619049607.98,240241.52,1387140.30,5331114.28
2026-06-29 15:11:14,2026-06-29T05:11:14.938Z,1562.29,29720.00,3,-0.003222,-0.003182,-0.003222,-0.003182,3618815119.84,3621099026.61,3617628315.56,3620389178.88,1754594.20,4687324.90,4725561.34
2026-06-29 15:12:17,2026-06-29T05:12:17.874Z,1562.96,29720.00,1,-0.003182,-0.003182,-0.003182,-0.003182,3620389178.88,3620389178.88,3615306186.37,3617104347.38,3023411.45,3912638.90,-3440541.24
2026-06-29 15:13:31,2026-06-29T05:13:31.019Z,1560.89,29720.00,2,-0.003182,-0.003182,-0.003192,-0.003192,3617104347.38,3619192745.06,3614150607.55,3614150607.55,6275116.81,4469197.74,-32450430.66
2026-06-29 15:14:39,2026-06-29T05:14:39.080Z,1563.34,29720.00,2,-0.003192,-0.003192,-0.003247,-0.003247,3614150607.55,3621083843.17,3612325144.79,3619867321.95,5864376.50,2794649.93,-29709133.44
2026-06-29 15:15:42,2026-06-29T05:15:42.163Z,1564.52,29720.00,2,-0.003247,-0.003247,-0.003247,-0.003247,3619867321.95,3624454334.7,3619867321.95,3624454334.7,6040880.60,2457906.08,-24632346.21
2026-06-29 15:16:55,2026-06-29T05:16:55.821Z,1566.37,29720.00,3,-0.003247,-0.003247,-0.003297,-0.003297,3624454334.7,3628203444.54,3623300204.18,3627563528.05,12854707.94,7167914.62,-9627421.28
2026-06-29 15:18:41,2026-06-29T05:18:41.194Z,1566.42,29720.00,3,-0.003179,-0.003019,-0.003179,-0.003019,3627658164.59,3632383796.25,3625156370.39,3625156370.39,1577192.42,3129610.51,18080686.26
2026-06-29 15:19:54,2026-06-29T05:19:54.301Z,1565.85,29720.00,2,-0.003019,-0.003019,-0.003019,-0.003019,3625156370.39,3625755957.8,3622945652.94,3623888773.28,3606102.44,3317588.21,13606820.40
2026-06-29 15:21:04,2026-06-29T05:21:04.524Z,1566.26,29720.00,1,-0.003033,-0.003033,-0.003033,-0.003033,3624066797.52,3624066797.52,3624066797.52,3624066797.52,47762.70,19123.36,2146426.71
2026-06-29 15:22:07,2026-06-29T05:22:07.412Z,1566.26,29720.00,1,-0.00325,-0.00325,-0.00325,-0.00325,3626592076.43,3626592076.43,3626592076.43,3626592076.43,138407.94,168580.17,5288741.49
2026-06-29 15:23:15,2026-06-29T05:23:15.370Z,1566.32,29720.00,2,-0.00325,-0.00325,-0.003343,-0.003343,3626747054.97,3628928760.97,3626747054.97,3627731945.9,513851.36,558482.40,7542360.23
2026-06-29 15:24:18,2026-06-29T05:24:18.228Z,1566.63,29720.00,1,-0.003343,-0.003343,-0.003433,-0.003433,3627731945.9,3628207423.51,3626108090.27,3628125804.65,679744.19,526562.91,7953944.97
2026-06-29 15:25:31,2026-06-29T05:25:31.343Z,1568.40,29720.00,2,-0.003433,-0.003433,-0.003534,-0.003534,3628125804.65,3629797185.4,3628125804.65,3629430667.65,3111070.31,1391383.56,8023228.36
2026-06-29 15:26:39,2026-06-29T05:26:39.402Z,1568.36,29720.00,1,-0.003534,-0.003534,-0.003534,-0.003534,3629430667.65,3631576059.36,3629120496.01,3631207635.43,2186279.07,2043894.47,3914911.17
2026-06-29 15:27:42,2026-06-29T05:27:42.239Z,1568.36,29720.00,1,-0.003534,-0.003487,-0.003534,-0.003487,3631207635.43,3633323112.47,3631165288.53,3631186173.71,850840.32,999781.40,2666139.90
2026-06-29 15:28:55,2026-06-29T05:28:55.597Z,1568.36,29720.00,1,-0.003487,-0.003394,-0.003487,-0.003394,3631186173.71,3632337233.54,3631175838.22,3632337233.54,2243754.36,1207215.08,3761712.62
2026-06-29 15:30:09,2026-06-29T05:30:09.046Z,1567.64,29720.00,1,-0.003394,-0.003334,-0.003394,-0.003334,3631222039.02,3631222039.02,3631222039.02,3631222039.02,447009.08,520537.67,-1185814.88
2026-06-29 15:31:17,2026-06-29T05:31:17.344Z,1567.11,29720.00,3,-0.003334,-0.003307,-0.003334,-0.003307,3630444094.79,3632177344.09,3627871556.87,3627871556.87,684288.04,947591.36,-1193742.71
2026-06-29 15:32:20,2026-06-29T05:32:20.167Z,1567.11,29720.00,1,-0.003307,-0.003307,-0.003307,-0.003307,3627871556.87,3630565221.21,3627296050.84,3629481440.01,1707288.92,336947.04,-328315.16
2026-06-29 15:33:28,2026-06-29T05:33:28.208Z,1567.82,29720.00,0,-0.003307,-0.003305,-0.003307,-0.003305,3629481440.01,3633668053.74,3629481440.01,3632023536.49,2682396.60,876128.58,3642449.75
2026-06-29 15:34:31,2026-06-29T05:34:31.056Z,1568.45,29720.00,2,-0.003305,-0.003196,-0.003305,-0.003196,3632023536.49,3634187758.63,3630832247.09,3633738919.39,1847426.57,957477.74,6038374.90
2026-06-29 15:35:44,2026-06-29T05:35:44.124Z,1570.85,29720.00,1,-0.003196,-0.003194,-0.003196,-0.003194,3633738919.39,3638747096.41,3633738919.39,3638747096.41,5869212.01,3758976.01,15382708.21
2026-06-29 15:36:59,2026-06-29T05:36:59.374Z,1569.99,29720.00,0,-0.003194,-0.003194,-0.003194,-0.003194,3638747096.41,3639506994.01,3637474681.21,3637474681.21,2650391.01,2238832.44,15219339.43
2026-06-29 15:38:02,2026-06-29T05:38:02.304Z,1569.64,29720.00,1,-0.003083,-0.003083,-0.003194,-0.003124,3634899040.06,3634899040.06,3634899040.06,3634899040.06,1932.19,138.26,8385835.16
2026-06-29 15:39:05,2026-06-29T05:39:05.457Z,1569.05,29720.00,2,-0.003124,-0.003124,-0.003124,-0.003124,3634476099.6,3634476099.6,3634476099.6,3634476099.6,164426.14,34021.74,1283000.82
2026-06-29 15:40:19,2026-06-29T05:40:19.146Z,1569.12,29720.00,2,-0.003124,-0.003124,-0.003231,-0.003231,3636397626.14,3636723506.34,3635657003.57,3636362529.54,11125044.30,1732150.06,11910128.55
2026-06-29 15:41:27,2026-06-29T05:41:27.308Z,1569.52,29720.00,0,-0.003231,-0.003231,-0.003267,-0.003267,3636362529.54,3636443125.55,3634680052.02,3635111103.85,490197.52,230838.14,10879996.14
2026-06-29 15:42:30,2026-06-29T05:42:30.277Z,1570.01,29720.00,1,-0.003267,-0.003267,-0.003267,-0.003267,3635111103.85,3636335945.17,3634972354.74,3635847072.23,1387812.76,911976.17,11060425.23
2026-06-29 15:43:43,2026-06-29T05:43:43.366Z,1571.95,29720.00,2,-0.003267,-0.003267,-0.003293,-0.003293,3635847072.23,3637440661.18,3635338105.74,3637009033.27,7983949.04,4047312.57,16280836.30
2026-06-29 15:44:53,2026-06-29T05:44:53.432Z,1574.70,29720.00,3,-0.003293,-0.003253,-0.003293,-0.003253,3637009033.27,3641485470.01,3636971710.7,3641257493.03,19244452.33,12372094.06,21352413.84
2026-06-29 15:47:39,2026-06-29T05:47:39.003Z,1576.45,29720.00,4,-0.003154,-0.002998,-0.003154,-0.002998,3650839473.99,3652184382.77,3650192202.05,3651336732.77,10862526.17,6107689.54,8711093.42
2026-06-29 15:48:41,2026-06-29T05:48:41.954Z,1576.44,29720.00,2,-0.002998,-0.002922,-0.002998,-0.002922,3651336732.77,3657567957.84,3651279503.66,3657567957.84,4349243.22,12523808.48,-11072747.28
2026-06-29 15:49:55,2026-06-29T05:49:55.008Z,1574.85,29720.00,3,-0.002922,-0.002922,-0.002922,-0.002922,3657567957.84,3659617458.46,3656071363.46,3657565294.13,2519437.49,3863225.82,-19193043.08
2026-06-29 15:51:03,2026-06-29T05:51:03.510Z,1574.96,29720.00,2,-0.002882,-0.002882,-0.002882,-0.002882,3656617901.47,3656617901.47,3656617901.47,3656617901.47,11801.69,49975.07,-11562480.94
2026-06-29 15:52:06,2026-06-29T05:52:06.625Z,1575.49,29720.00,1,-0.002904,-0.002889,-0.002904,-0.002889,3656867106.77,3656867106.77,3656867106.77,3656867106.77,240563.59,164364.28,-8311239.75
2026-06-29 15:53:19,2026-06-29T05:53:19.769Z,1575.78,29720.00,0,-0.002889,-0.002889,-0.002889,-0.002889,3660416472.14,3660782682.15,3658591512.33,3658591512.33,1504958.80,851922.70,203272.27
2026-06-29 15:54:27,2026-06-29T05:54:27.929Z,1576.98,29720.00,2,-0.002889,-0.00276,-0.002889,-0.00276,3658591512.33,3661173408.24,3658583025.36,3660727035.71,766918.57,1026696.79,1365437.69
2026-06-29 15:55:30,2026-06-29T05:55:30.799Z,1577.28,29720.00,1,-0.00276,-0.002693,-0.00276,-0.002693,3660727035.71,3662112183.82,3659261508.45,3661853625.61,2621563.24,2937311.41,752920.88
2026-06-29 15:56:38,2026-06-29T05:56:38.810Z,1578.11,29720.00,3,-0.002693,-0.002693,-0.002693,-0.002693,3661853625.61,3662870034.92,3661109263.34,3661945491.71,7737195.09,4833802.69,4991948.90
2026-06-29 15:57:41,2026-06-29T05:57:41.570Z,1578.14,29720.00,1,-0.002693,-0.002609,-0.002693,-0.002609,3661945491.71,3665817597.78,3661945491.71,3664134119.49,4951260.67,2521070.62,8036465.66
2026-06-29 15:58:44,2026-06-29T05:58:44.415Z,1578.69,29720.00,1,-0.002609,-0.002507,-0.002609,-0.002507,3664134119.49,3666130869.54,3664134119.49,3664669068.74,5567104.10,2195302.72,11384430.15
2026-06-29 15:59:52,2026-06-29T05:59:52.450Z,1579.38,29720.00,0,-0.002507,-0.002507,-0.002507,-0.002507,3664669068.74,3670508835.59,3664669068.74,3670378385.13,3881270.43,4715792.67,17897412.77
2026-06-29 16:00:56,2026-06-29T06:00:56.731Z,1580.92,29720.00,2,-0.002507,-0.002507,-0.002519,-0.002519,3670378385.13,3671657789.67,3669133564.86,3671657789.67,21223778.78,9454291.20,28701873.53
2026-06-29 16:02:10,2026-06-29T06:02:10.233Z,1583.05,29720.00,4,-0.002503,-0.002423,-0.002503,-0.002423,3674846436.85,3674846436.85,3674846436.85,3674846436.85,635533.79,3582166.52,33603534.12
2026-06-29 16:03:18,2026-06-29T06:03:18.664Z,1581.08,29720.00,2,-0.002423,-0.002423,-0.002423,-0.002423,3678511295.42,3678511295.42,3672087317.2,3672087317.2,1357021.91,3232568.73,17974036.73
2026-06-29 16:04:31,2026-06-29T06:04:31.806Z,1581.25,29720.00,1,-0.002423,-0.002312,-0.002423,-0.002312,3672087317.2,3675196817.84,3670901304.03,3675196817.84,3707612.82,3728013.41,21342710.93
2026-06-29 16:05:39,2026-06-29T06:05:39.964Z,1582.24,29720.00,2,-0.002312,-0.002312,-0.002373,-0.002373,3675196817.84,3677365484.61,3673107733.37,3677365484.61,3454437.67,6978183.19,5074959.51
2026-06-29 16:06:42,2026-06-29T06:06:42.651Z,1581.04,29720.00,1,-0.002373,-0.002373,-0.002373,-0.002373,3677365484.61,3677561600.59,3676140901.68,3676140901.68,3506536.73,5039565.31,-4238855.46
2026-06-29 16:07:55,2026-06-29T06:07:55.852Z,1581.48,29720.00,1,-0.002373,-0.002324,-0.002373,-0.002324,3676140901.68,3676960159.27,3674169145.24,3676960159.27,6918084.80,5796675.69,2711807.81
2026-06-29 16:09:04,2026-06-29T06:09:04.566Z,1581.79,29720.00,0,-0.002343,-0.002343,-0.002343,-0.002343,3680773555.99,3680773555.99,3680773555.99,3680773555.99,416746.72,156542.06,-4734816.16
2026-06-29 16:10:08,2026-06-29T06:10:08.132Z,1582.16,29720.00,0,-0.002278,-0.002278,-0.002278,-0.002278,3679391605.65,3679391605.65,3679391605.65,3679391605.65,453091.25,466547.24,-1502299.20
2026-06-29 16:11:16,2026-06-29T06:11:16.315Z,1581.09,29720.00,2,-0.002278,-0.002278,-0.002294,-0.002294,3679404993.21,3681720885.5,3678433481.43,3678805117.79,366185.16,785793.09,-4286453.63
2026-06-29 16:12:19,2026-06-29T06:12:19.156Z,1581.10,29720.00,2,-0.002294,-0.002294,-0.002324,-0.002324,3678805117.79,3679943626.26,3678285260.85,3678957883.11,344539.64,1793813.99,-7965750.69
2026-06-29 16:13:27,2026-06-29T06:13:27.283Z,1581.61,29720.00,0,-0.002324,-0.002324,-0.002324,-0.002324,3678957883.11,3681030520.61,3678415504.61,3680368076.47,889047.25,2838417.88,-9568274.37
2026-06-29 16:14:30,2026-06-29T06:14:30.386Z,1581.61,29720.00,0,-0.002324,-0.002324,-0.002374,-0.002374,3680368076.47,3681313836.27,3680360523.83,3680562603.81,1882947.65,976065.53,-8319258.80
2026-06-29 16:15:38,2026-06-29T06:15:38.539Z,1581.84,29720.00,1,-0.002374,-0.00237,-0.002374,-0.00237,3680562603.81,3682081267.92,3680019264.92,3682081267.92,1636009.90,3641914.10,-1234703.04
2026-06-29 16:16:41,2026-06-29T06:16:41.232Z,1581.41,29720.00,1,-0.00237,-0.00237,-0.00237,-0.00237,3682081267.92,3683906369.02,3681933683.08,3682241935,4596000.60,2891353.66,1113411.87
2026-06-29 16:17:54,2026-06-29T06:17:54.397Z,1584.85,29720.00,4,-0.00237,-0.00233,-0.00237,-0.00233,3682241935,3686249070.55,3682241935,3685341085.96,17301433.63,10023529.40,12728265.96
2026-06-29 16:19:07,2026-06-29T06:19:07.536Z,1585.36,29720.00,4,-0.002329,-0.002216,-0.002329,-0.002216,3693502459.05,3693502459.05,3693502459.05,3693502459.05,828859.05,4936611.45,8431660.47
2026-06-29 16:20:15,2026-06-29T06:20:15.799Z,1584.04,29720.00,2,-0.002216,-0.002216,-0.002216,-0.002216,3695654945.38,3698785187.63,3695328230.97,3696331151.76,951122.67,2432443.08,8433636.96
2026-06-29 16:21:28,2026-06-29T06:21:28.959Z,1583.75,29720.00,2,-0.002216,-0.002132,-0.002216,-0.002132,3696331151.76,3700030230.72,3694514869.56,3700030230.72,1807206.51,4727136.03,1897433.62
2026-06-29 16:22:31,2026-06-29T06:22:31.860Z,1583.03,29720.00,3,-0.002132,-0.002132,-0.002168,-0.002168,3700030230.72,3700453721.87,3694637910.87,3696062436.51,2583748.60,1318531.03,-9398661.46
2026-06-29 16:23:39,2026-06-29T06:23:39.929Z,1583.18,29720.00,2,-0.002168,-0.002168,-0.002168,-0.002168,3696062436.51,3699605169.03,3696062436.51,3699453176.83,1899079.52,2992851.04,-16511115.89
2026-06-29 16:24:42,2026-06-29T06:24:42.853Z,1583.22,29720.00,1,-0.002168,-0.002168,-0.00223,-0.00223,3699453176.83,3701363937.76,3698621982.21,3701363937.76,1782390.99,3255184.55,-12410811.69
2026-06-29 16:25:51,2026-06-29T06:25:51.234Z,1583.22,29720.00,1,-0.00223,-0.002099,-0.00223,-0.002099,3701363937.76,3701363937.76,3697746813.77,3698109191.71,2108457.93,2736656.50,-12354970.91
2026-06-29 16:26:54,2026-06-29T06:26:54.273Z,1582.94,29720.00,0,-0.002099,-0.002033,-0.002099,-0.002033,3698109191.71,3700361292.81,3697826427.13,3700361292.81,5112669.83,3272239.19,-3778231.37
2026-06-29 16:28:07,2026-06-29T06:28:07.497Z,1582.51,29720.00,2,-0.002033,-0.001985,-0.002033,-0.001985,3698109827.78,3698109827.78,3698109827.78,3698109827.78,71268.15,358988.05,-9041722.17
2026-06-29 16:29:20,2026-06-29T06:29:20.538Z,1581.31,29720.00,1,-0.001985,-0.001946,-0.001985,-0.001946,3696277203.19,3696587267.36,3692229194.59,3692742387.46,4037443.07,1320768.21,-10109595.97
2026-06-29 16:30:28,2026-06-29T06:30:28.953Z,1580.33,29720.00,3,-0.001946,-0.001946,-0.001946,-0.001946,3692742387.46,3692879063.65,3691397830.59,3691397830.59,1696908.26,2025866.28,-10610369.94
2026-06-29 16:31:42,2026-06-29T06:31:42.177Z,1580.67,29720.00,1,-0.001946,-0.001941,-0.001946,-0.001941,3691397830.59,3691984441.34,3690324953.23,3691836843,4476108.24,2777594.96,-9854070.23
2026-06-29 16:32:58,2026-06-29T06:32:58.317Z,1581.05,29720.00,1,-0.001941,-0.001941,-0.001967,-0.001967,3691836843,3693275307.63,3691755016.59,3692734915.98,1710321.71,4099348.23,-5315742.92
2026-06-29 16:33:56,2026-06-29T06:33:56.090Z,1580.88,29720.00,1,-0.001967,-0.001935,-0.001967,-0.001935,3692734915.98,3693841114.48,3691030509.21,3692532216.16,2906749.07,7005309.89,-3617122.19
2026-06-29 16:35:05,2026-06-29T06:35:05.124Z,1580.13,29720.00,2,-0.001935,-0.001916,-0.001935,-0.001916,3689652793.78,3689652793.78,3689652793.78,3689652793.78,490110.16,326830.74,-8069656.05
2026-06-29 16:36:18,2026-06-29T06:36:18.319Z,1579.40,29720.00,1,-0.001916,-0.001916,-0.001996,-0.001996,3687646935.1,3688486736.23,3687206817.03,3687538091.85,1286276.31,5076569.93,-16487619.96
2026-06-29 16:37:27,2026-06-29T06:37:27.017Z,1578.41,29720.00,3,-0.001996,-0.001996,-0.001996,-0.001996,3687538091.85,3687538091.85,3681876514.34,3681876514.34,1573630.50,1642213.86,-19659373.52
2026-06-29 16:38:29,2026-06-29T06:38:29.978Z,1578.05,29720.00,2,-0.001996,-0.001996,-0.002089,-0.002089,3681876514.34,3683314947.43,3681558999.29,3683258523.9,1093354.76,1815484.12,-15855865.83
2026-06-29 16:39:43,2026-06-29T06:39:43.468Z,1577.69,29720.00,1,-0.002089,-0.002089,-0.002108,-0.002108,3683258523.9,3683258523.9,3680832851.62,3681408693.78,1402531.10,724680.73,-12370048.06
2026-06-29 16:40:51,2026-06-29T06:40:51.737Z,1577.14,29720.00,1,-0.002108,-0.002108,-0.002108,-0.002108,3681408693.78,3681408693.78,3680837635.7,3681079573.25,2281095.57,1333327.20,-9901293.67
2026-06-29 16:41:57,2026-06-29T06:41:57.685Z,1578.99,29720.00,1,-0.002108,-0.002088,-0.002108,-0.002088,3681079573.25,3682645255.61,3681079573.25,3682526587.98,7790693.12,3896923.36,3480576.11
2026-06-29 16:42:55,2026-06-29T06:42:55.433Z,1578.99,29720.00,1,-0.002088,-0.002049,-0.002088,-0.002049,3682526587.98,3686799522.65,3682526587.98,3684336087.49,2214521.78,2419271.66,3366413.05
2026-06-29 16:44:03,2026-06-29T06:44:03.475Z,1578.64,29720.00,2,-0.001993,-0.001993,-0.002049,-0.001993,3686098787.11,3686098787.11,3686098787.11,3686098787.11,60337.98,3743.88,4668667.32
2026-06-29 16:45:06,2026-06-29T06:45:06.666Z,1577.76,29720.00,2,-0.001993,-0.001934,-0.001993,-0.001934,3683010735.36,3683010735.36,3683010735.36,3683010735.36,68553.99,30994.93,3641448.54
2026-06-29 16:46:19,2026-06-29T06:46:19.967Z,1578.43,29720.00,1,-0.001934,-0.001934,-0.001954,-0.001954,3684015249.55,3685916892.55,3683796601.03,3683989324.17,171109.04,470668.09,1868761.77
2026-06-29 16:47:27,2026-06-29T06:47:27.973Z,1579.80,29720.00,2,-0.001954,-0.001954,-0.001954,-0.001954,3683989324.17,3685010086.4,3683345812.61,3684768680.99,923900.26,824937.02,1701348.64
2026-06-29 16:48:30,2026-06-29T06:48:30.922Z,1579.80,29720.00,2,-0.001954,-0.00191,-0.001954,-0.00191,3684768680.99,3685623503.77,3684651679.47,3685046639.59,1617066.38,866379.34,2660164.51
2026-06-29 16:49:44,2026-06-29T06:49:44.141Z,1578.70,29720.00,1,-0.00191,-0.001865,-0.00191,-0.001865,3685046639.59,3687252041.2,3683501489.42,3685118300.49,583463.15,2050952.59,728565.73
2026-06-29 16:50:52,2026-06-29T06:50:52.691Z,1578.70,29720.00,2,-0.001865,-0.001865,-0.001865,-0.001865,3685118300.49,3685118300.49,3681733776.71,3681898081.84,1225015.72,1893031.71,-2905696.36
2026-06-29 16:51:55,2026-06-29T06:51:55.533Z,1579.17,29720.00,2,-0.001865,-0.001771,-0.001865,-0.001771,3681898081.84,3683106042.45,3681288333.93,3681533570.12,7661812.01,1695549.30,3959192.23
2026-06-29 16:53:03,2026-06-29T06:53:03.696Z,1579.90,29720.00,1,-0.001815,-0.001771,-0.001815,-0.001776,3686474593.14,3686474593.14,3686474593.14,3686474593.14,54322.79,278974.95,2907237.23
2026-06-29 16:54:06,2026-06-29T06:54:06.534Z,1580.02,29720.00,1,-0.001776,-0.001776,-0.001776,-0.001776,3687833572.54,3687833572.54,3687833572.54,3687833572.54,195306.36,177963.32,4054130.19
2026-06-29 16:55:14,2026-06-29T06:55:14.673Z,1579.63,29720.00,0,-0.001776,-0.001674,-0.001776,-0.001674,3687200988.4,3688996220.09,3687059406.5,3687098047.19,446169.35,420016.02,2416426.30
2026-06-29 16:56:17,2026-06-29T06:56:17.606Z,1578.84,29720.00,1,-0.001674,-0.001585,-0.001674,-0.001585,3687098047.19,3687720565.99,3686349814.64,3686349814.64,264190.46,658077.76,-5888417.62
2026-06-29 16:57:30,2026-06-29T06:57:30.758Z,1579.05,29720.00,1,-0.001585,-0.001585,-0.001585,-0.001585,3686349814.64,3686729456.19,3685511416.21,3685748285.87,587828.60,1220370.66,-6512656.51
2026-06-29 16:58:38,2026-06-29T06:58:38.782Z,1579.44,29720.00,0,-0.001585,-0.001563,-0.001585,-0.001563,3685748285.87,3686738481.04,3685371074.76,3686234515.63,857350.51,1245529.40,-5638012.36
2026-06-29 16:59:46,2026-06-29T06:59:46.703Z,1579.59,29720.00,1,-0.001563,-0.001506,-0.001563,-0.001506,3686234515.63,3688192435.78,3686234515.63,3687991068.64,542167.21,1055321.90,-4086348.68
2026-06-29 17:00:56,2026-06-29T07:00:56.720Z,1579.21,29720.00,2,-0.001506,-0.001378,-0.001506,-0.001378,3687991068.64,3687991068.64,3687415503.33,3687488944.11,2783417.30,5503674.55,-4607250.49
2026-06-29 17:02:04,2026-06-29T07:02:04.669Z,1576.53,29720.00,2,-0.001378,-0.001298,-0.001378,-0.001298,3683690129.93,3683690129.93,3683690129.93,3683690129.93,275023.72,355099.82,-13225174.44
2026-06-29 17:03:17,2026-06-29T07:03:17.699Z,1575.65,29720.00,1,-0.001298,-0.001298,-0.001361,-0.001361,3675796249.2,3675829998.77,3672304379.14,3675829998.77,652530.76,1638356.72,-17246165.65
2026-06-29 17:04:30,2026-06-29T07:04:30.753Z,1576.18,29720.00,1,-0.001361,-0.001361,-0.001361,-0.001361,3675829998.77,3677195962.07,3673342473.47,3677195962.07,2360531.86,1400346.72,-15389090.39
2026-06-29 17:05:43,2026-06-29T07:05:43.953Z,1577.06,29720.00,1,-0.001361,-0.001361,-0.001388,-0.001388,3677195962.07,3679750992.59,3675547044.45,3679672178.35,2213884.74,6646911.57,-13412646.31
2026-06-29 17:06:52,2026-06-29T07:06:52.110Z,1577.14,29720.00,1,-0.001388,-0.001322,-0.001388,-0.001322,3679672178.35,3679697285.73,3677165556.04,3678122091.71,2116727.29,1198100.82,-2531366.78
2026-06-29 17:07:55,2026-06-29T07:07:55.037Z,1577.14,29720.00,1,-0.001322,-0.001322,-0.001322,-0.001322,3678122091.71,3678845498.93,3677223413.03,3678041366.33,1565594.32,1219511.72,1601914.69
2026-06-29 17:09:03,2026-06-29T07:09:03.414Z,1577.22,29720.00,0,-0.001293,-0.00124,-0.001322,-0.00124,3680274645.31,3680274645.31,3680274645.31,3680274645.31,20441.20,92823.01,-3880685.54
2026-06-29 17:10:06,2026-06-29T07:10:06.781Z,1577.22,29720.00,2,-0.00124,-0.001184,-0.00124,-0.001184,3677128567.46,3677128567.46,3677128567.46,3677128567.46,237511.75,65956.24,463959.07
2026-06-29 17:11:14,2026-06-29T07:11:14.907Z,1577.22,29720.00,1,-0.001184,-0.001184,-0.001184,-0.001184,3678317821.04,3678317821.04,3678317821.04,3678317821.04,317592.79,185843.33,-715864.01
2026-06-29 17:12:17,2026-06-29T07:12:17.749Z,1576.69,29720.00,0,-0.001184,-0.001184,-0.001186,-0.001186,3677937424.98,3678213012.94,3676235129.41,3676235129.41,2578309.84,324919.02,-288238.16
2026-06-29 17:13:31,2026-06-29T07:13:31.004Z,1576.00,29720.00,2,-0.001186,-0.001176,-0.001186,-0.001176,3676235129.41,3680354474.53,3676037081.26,3680354474.53,634548.38,623215.17,1735904.85
2026-06-29 17:14:38,2026-06-29T07:14:38.897Z,1576.63,29720.00,0,-0.001176,-0.001176,-0.001176,-0.001176,3680354474.53,3681476628.11,3680185896.97,3680998162.16,10369980.21,3951483.92,8648760.11
2026-06-29 17:15:42,2026-06-29T07:15:42.057Z,1580.84,29720.00,2,-0.001176,-0.001174,-0.001176,-0.001174,3680998162.16,3684880085.59,3680977284.76,3684880085.59,10982337.02,3313901.46,17933730.89
2026-06-29 17:16:55,2026-06-29T07:16:55.154Z,1579.26,29720.00,2,-0.001174,-0.001163,-0.001174,-0.001163,3684880085.59,3691513423.64,3684880085.59,3688046718.6,2072274.08,1257596.33,18787320.28
2026-06-29 17:18:03,2026-06-29T07:18:03.332Z,1579.05,29720.00,3,-0.001059,-0.001059,-0.001163,-0.001059,3688750142.39,3688750142.39,3688750142.39,3688750142.39,6063.56,14832.26,15144230.76
2026-06-29 17:19:06,2026-06-29T07:19:06.408Z,1579.38,29720.00,1,-0.001059,-0.001009,-0.001059,-0.001009,3686688796.46,3686688796.46,3686688796.46,3686688796.46,21709.34,649210.36,7043242.37
2026-06-29 17:20:20,2026-06-29T07:20:20.379Z,1577.74,29720.00,2,-0.001009,-0.000967,-0.001009,-0.000967,3686898100.42,3686898100.42,3681623647.22,3681623647.22,156100.31,518815.22,-318292.53
2026-06-29 17:21:28,2026-06-29T07:21:28.519Z,1576.91,29720.00,3,-0.000967,-0.000967,-0.000967,-0.000967,3681623647.22,3683888120.23,3681623647.22,3683880067.48,939056.13,919542.34,-968579.74
2026-06-29 17:22:31,2026-06-29T07:22:31.409Z,1577.08,29720.00,2,-0.000967,-0.000967,-0.001039,-0.001039,3683880067.48,3684520143.8,3681674505.35,3681674505.35,677283.18,1048515.83,-982848.24
2026-06-29 17:23:39,2026-06-29T07:23:39.383Z,1577.08,29720.00,1,-0.001039,-0.001034,-0.001039,-0.001034,3681674505.35,3684096248.31,3681238325.89,3681238325.89,993005.83,1574808.46,-3614233.10
2026-06-29 17:24:42,2026-06-29T07:24:42.269Z,1577.08,29720.00,0,-0.001034,-0.001001,-0.001034,-0.001001,3681238325.89,3682492480.22,3680818606.94,3681840185.01,858772.11,894080.88,-2368204.38
2026-06-29 17:25:55,2026-06-29T07:25:55.400Z,1577.16,29720.00,0,-0.001001,-0.001001,-0.001001,-0.001001,3681840185.01,3682518667.18,3681539315.99,3682518667.18,1037120.09,930441.43,-1722643.11
2026-06-29 17:27:03,2026-06-29T07:27:03.531Z,1577.25,29720.00,0,-0.000934,-0.000847,-0.001001,-0.000847,3683617824.27,3683617824.27,3683617824.27,3683617824.27,4379.27,16065.99,208816.07
2026-06-29 17:28:06,2026-06-29T07:28:06.322Z,1576.98,29720.00,0,-0.000847,-0.000847,-0.000847,-0.000847,3683371340.33,3683371340.33,3683371340.33,3683371340.33,103706.06,16121.72,687088.46
2026-06-29 17:29:19,2026-06-29T07:29:19.355Z,1579.46,29720.00,3,-0.000847,-0.000831,-0.000847,-0.000831,3682233198.62,3686342830.24,3682233198.62,3686342830.24,413451.65,1006433.05,4508420.86
2026-06-29 17:30:27,2026-06-29T07:30:27.809Z,1579.22,29720.00,3,-0.000831,-0.000747,-0.000831,-0.000747,3686342830.24,3688174096.63,3686342830.24,3686531551.17,873191.79,334162.70,-3193922.57
2026-06-29 17:31:30,2026-06-29T07:31:30.824Z,1578.57,29720.00,1,-0.000747,-0.000747,-0.000747,-0.000747,3686531551.17,3687326484.03,3684308267.05,3685174851.82,1746648.29,1143200.35,-3059809.07
2026-06-29 17:32:38,2026-06-29T07:32:38.758Z,1578.37,29720.00,0,-0.000747,-0.000669,-0.000747,-0.000669,3685174851.82,3685327525.41,3683280791.95,3684066072.13,725673.93,787943.59,-3582581.14
2026-06-29 17:33:41,2026-06-29T07:33:41.597Z,1578.10,29720.00,0,-0.000669,-0.000667,-0.000669,-0.000667,3684066072.13,3684066072.13,3683185539.96,3683364275.06,2222023.01,1161171.00,-7538421.64
2026-06-29 17:34:44,2026-06-29T07:34:44.473Z,1577.49,29720.00,3,-0.000667,-0.000624,-0.000667,-0.000624,3683364275.06,3684361715.73,3682818739.7,3683396330.53,647894.77,1487251.95,52610.86
2026-06-29 17:35:52,2026-06-29T07:35:52.723Z,1577.48,29720.00,0,-0.000624,-0.000624,-0.000624,-0.000624,3683396330.53,3683396330.53,3681472021.51,3682610355.11,1185638.69,972530.83,203456.17
2026-06-29 17:37:05,2026-06-29T07:37:05.872Z,1578.44,29720.00,2,-0.00061,-0.000574,-0.00061,-0.000574,3684047103.62,3684047103.62,3684047103.62,3684047103.62,146147.25,27580.11,3373207.57
2026-06-29 17:38:08,2026-06-29T07:38:08.671Z,1578.63,29720.00,3,-0.000574,-0.000574,-0.000574,-0.000574,3685902591.23,3685902591.23,3685902591.23,3685902591.23,65213.86,69611.62,-295830.81
2026-06-29 17:39:16,2026-06-29T07:39:16.733Z,1578.80,29720.00,2,-0.000574,-0.000454,-0.000574,-0.000454,3684359961.86,3687258647.7,3684023383.09,3685384440.86,926986.62,158296.05,1033575.54
2026-06-29 17:40:30,2026-06-29T07:40:30.382Z,1578.39,29720.00,1,-0.000454,-0.000358,-0.000454,-0.000358,3685384440.86,3686799227.18,3684310316.63,3686799227.18,524666.03,655861.00,1229725.83
2026-06-29 17:41:43,2026-06-29T07:41:43.828Z,1578.09,29720.00,0,-0.000358,-0.00026,-0.000358,-0.00026,3686799227.18,3686819802.02,3685477188.56,3686581424.34,595641.93,1061634.94,-1818327.12
2026-06-29 17:42:52,2026-06-29T07:42:52.076Z,1578.09,29720.00,1,-0.00026,-0.00026,-0.00026,-0.00026,3686581424.34,3686816546.52,3685262721.69,3685266841.87,1477597.09,2704081.15,-541499.57
2026-06-29 17:43:54,2026-06-29T07:43:54.951Z,1577.98,29720.00,0,-0.00026,-0.000168,-0.00026,-0.000168,3685266841.87,3685539900.74,3682420815.89,3685539900.74,412399.25,1123087.97,-1243700.75
2026-06-29 17:45:03,2026-06-29T07:45:03.665Z,1577.62,29720.00,0,-0.000175,-0.000168,-0.000175,-0.000175,3682942485.84,3682942485.84,3682942485.84,3682942485.84,6137.09,209351.17,-2340163.03
2026-06-29 17:46:06,2026-06-29T07:46:06.800Z,1577.62,29720.00,0,-0.000175,-0.000156,-0.000175,-0.000156,3683803314.34,3683803314.34,3683803314.34,3683803314.34,506702.85,71818.10,-1490387.17
2026-06-29 17:47:14,2026-06-29T07:47:14.964Z,1577.69,29720.00,1,-0.000156,-0.000145,-0.000156,-0.000145,3682572543.74,3685956911.84,3682572543.74,3685956911.84,266094.48,189374.32,671940.64
2026-06-29 17:48:17,2026-06-29T07:48:17.847Z,1577.70,29720.00,1,-0.000145,-0.000145,-0.000145,-0.000145,3685956911.84,3685956911.84,3684745248.83,3685475185.67,187297.28,705796.90,1503376.05
2026-06-29 17:49:30,2026-06-29T07:49:30.998Z,1577.95,29720.00,1,-0.000145,-0.000117,-0.000145,-0.000117,3685475185.67,3686868590.92,3684495327.95,3686520584.02,569795.55,611368.55,1256422.06
2026-06-29 17:50:39,2026-06-29T07:50:39.440Z,1578.28,29720.00,1,-0.000117,-0.000063,-0.000117,-0.000063,3686520584.02,3686535114.76,3684587995.64,3686439046.01,2069919.54,1442589.12,3262081.25
2026-06-29 17:51:52,2026-06-29T07:51:52.805Z,1578.92,29720.00,2,-0.000063,0.000007,-0.000063,0.000007,3686439046.01,3689189016.97,3686439046.01,3686966298.65,2354315.60,736746.24,3735724.62
2026-06-29 17:52:56,2026-06-29T07:52:56.308Z,1579.44,29720.00,2,0.000007,0.000007,0.000007,0.000007,3686966298.65,3688962771.9,3686966298.65,3688962771.9,1763113.26,1457312.83,3545272.31
2026-06-29 17:54:05,2026-06-29T07:54:05.393Z,1579.21,29720.00,2,0.000083,0.000083,0.000083,0.000083,3688147320.48,3688147320.48,3688147320.48,3688147320.48,33740.43,362179.42,3486454.22
2026-06-29 17:55:08,2026-06-29T07:55:08.641Z,1578.24,29720.00,1,0.000133,0.000133,0.000133,0.000133,3687924831.81,3687924831.81,3687924831.81,3687924831.81,315407.14,178699.76,2891361.38
2026-06-29 17:56:16,2026-06-29T07:56:16.789Z,1578.55,29720.00,0,0.000133,0.000166,0.000133,0.000166,3686204472.42,3688117581.98,3686156688.55,3686189411.43,583217.71,106618.99,1542926.37
2026-06-29 17:57:19,2026-06-29T07:57:19.722Z,1578.55,29720.00,0,0.000166,0.000192,0.000166,0.000192,3686189411.43,3687628046.82,3685842614.72,3686769105.99,339950.78,524448.10,725404.30
2026-06-29 17:58:27,2026-06-29T07:58:27.900Z,1578.55,29720.00,0,0.000192,0.000192,0.000192,0.000192,3686769105.99,3686816749.12,3685134556.28,3685677312.55,610797.82,665695.36,-637297.66
2026-06-29 17:59:31,2026-06-29T07:59:31.408Z,1578.55,29720.00,1,0.000192,0.000209,0.000192,0.000209,3685677312.55,3685840576.22,3684934303.49,3684934303.49,576508.84,527033.18,-755835.85
2026-06-29 18:00:44,2026-06-29T08:00:44.883Z,1578.09,29720.00,2,0.000209,0.000228,0.000209,0.000228,3684934303.49,3685036928.84,3683409443.94,3683429785.81,2798348.46,2265813.19,-1864137.32
2026-06-29 18:01:53,2026-06-29T08:01:53.075Z,1578.09,29720.00,1,0.000228,0.000228,0.000216,0.000216,3683429785.81,3685840226.86,3682904320.37,3684367659.42,1749189.60,1465431.58,-1258666.64
2026-06-29 18:03:16,2026-06-29T08:03:16.889Z,1578.93,29720.00,1,0.000216,0.000222,0.000216,0.000222,3685159993.94,3685159993.94,3685159993.94,3685159993.94,178765.93,222284.50,4555994.58
2026-06-29 18:04:14,2026-06-29T08:04:14.814Z,1576.96,29720.00,2,0.000222,0.0003,0.000222,0.0003,3687833488.25,3687833488.25,3687833488.25,3687833488.25,895812.75,405940.85,4201645.36
2026-06-29 18:05:18,2026-06-29T08:05:18.150Z,1577.96,29720.00,0,0.0003,0.0003,0.0003,0.0003,3681884607.92,3686415118.82,3680655355.69,3686415118.82,218808.50,683631.62,1774555.38
2026-06-29 18:06:31,2026-06-29T08:06:31.320Z,1577.88,29720.00,0,0.0003,0.0003,0.000191,0.000191,3686415118.82,3687581596.48,3683592010.26,3685217049.13,471088.08,655220.57,-396551.89
2026-06-29 18:07:44,2026-06-29T08:07:44.759Z,1576.33,29720.00,2,0.000191,0.000279,0.000191,0.000279,3685217049.13,3685217049.13,3680699418.81,3680699418.81,2400366.81,7467047.95,-8783494.98
2026-06-29 18:08:52,2026-06-29T08:08:52.811Z,1575.63,29720.00,3,0.000279,0.000279,0.000273,0.000273,3680699418.81,3681963920.47,3674262574.81,3674262574.81,3638521.57,2161552.86,-2618404.07
2026-06-29 18:09:55,2026-06-29T08:09:55.710Z,1576.45,29720.00,1,0.000273,0.000273,0.000273,0.000273,3674262574.81,3678981675.1,3674187051.27,3678981675.1,4943248.29,3211081.41,-564162.95
2026-06-29 18:11:05,2026-06-29T08:11:05.086Z,1576.88,29720.00,1,0.000257,0.000389,0.000257,0.000389,3681450318.23,3681450318.23,3681450318.23,3681450318.23,66278.12,20535.06,1219921.30
2026-06-29 18:12:09,2026-06-29T08:12:09.036Z,1576.87,29720.00,0,0.000389,0.000389,0.000389,0.000389,3682714632.33,3682714632.33,3682714632.33,3682714632.33,99949.73,158113.54,3288446.21
2026-06-29 18:13:17,2026-06-29T08:13:17.120Z,1577.23,29720.00,0,0.000389,0.00042,0.000389,0.00042,3680535450.06,3681290759.02,3679547152.31,3681287593.32,147135.28,216570.21,2384027.69
2026-06-29 18:14:19,2026-06-29T08:14:19.983Z,1576.89,29720.00,0,0.00042,0.00042,0.000412,0.000412,3681287593.32,3681518005.81,3678948095.94,3680306969.81,1090830.98,1123680.01,-371359.25
2026-06-29 18:15:28,2026-06-29T08:15:28.224Z,1576.66,29720.00,1,0.000412,0.000412,0.000412,0.000412,3680306969.81,3681323764.19,3679133806.03,3681323764.19,772787.52,503632.40,-1529898.41
2026-06-29 18:16:31,2026-06-29T08:16:31.228Z,1576.81,29720.00,1,0.000412,0.000422,0.000412,0.000422,3681323764.19,3682843890.23,3681010341.49,3681010341.49,933222.79,470827.93,-983079.72
2026-06-29 18:17:39,2026-06-29T08:17:39.179Z,1577.32,29720.00,1,0.000422,0.000518,0.000422,0.000518,3681010341.49,3683910166.28,3680797447.4,3682180029.69,1348506.76,562621.16,-689014.77
2026-06-29 18:18:42,2026-06-29T08:18:42.113Z,1577.45,29720.00,1,0.000518,0.000598,0.000518,0.000598,3682180029.69,3683961673.81,3682060442.31,3683539542.94,2027814.33,1498926.99,1535210.70
2026-06-29 18:19:55,2026-06-29T08:19:55.174Z,1577.80,29720.00,1,0.000598,0.000598,0.000598,0.000598,3683539542.94,3686950513.09,3683539542.94,3686950513.09,1732708.69,4186428.37,2467771.73
2026-06-29 18:21:04,2026-06-29T08:21:04.537Z,1575.94,29720.00,2,0.000721,0.00081,0.000598,0.00081,3682214691.94,3682214691.94,3682214691.94,3682214691.94,188118.83,86215.96,1810608.06
2026-06-29 18:22:07,2026-06-29T08:22:07.434Z,1576.11,29720.00,2,0.00081,0.00081,0.00081,0.00081,3680745987.92,3680745987.92,3680745987.92,3680745987.92,178619.12,6033012.49,-11628327.77
2026-06-29 18:23:15,2026-06-29T08:23:15.477Z,1575.00,29720.00,3,0.00081,0.00081,0.000673,0.000673,3681812788.42,3681812788.42,3678773601.45,3679299082.8,1040558.19,5462594.36,-20805729.29
2026-06-29 18:24:18,2026-06-29T08:24:18.476Z,1573.97,29720.00,3,0.000673,0.000673,0.000657,0.000657,3679299082.8,3680728269.95,3677589303.42,3677589303.42,1044023.27,949276.70,-17876688.39
2026-06-29 18:25:31,2026-06-29T08:25:31.739Z,1573.85,29720.00,1,0.000657,0.000696,0.000657,0.000696,3677589303.42,3678921652.4,3675863693.57,3678921652.4,2054216.75,2816299.19,-18816812.08
2026-06-29 18:26:39,2026-06-29T08:26:39.899Z,1571.97,29720.00,2,0.000696,0.000696,0.000696,0.000696,3678921652.4,3679173036.72,3675319644.16,3675319644.16,6157096.48,19494792.82,-28615903.89
2026-06-29 18:27:42,2026-06-29T08:27:42.848Z,1571.76,29720.00,2,0.000696,0.000712,0.000696,0.000712,3675319644.16,3675742233.02,3666143833,3666636275.13,7285285.57,14067388.14,-26076012.41
2026-06-29 18:28:50,2026-06-29T08:28:50.677Z,1571.30,29720.00,1,0.000712,0.000712,0.000654,0.000654,3666636275.13,3667004884.48,3664328469.15,3665810851.83,2950649.17,3572856.24,-20499198.92
2026-06-29 18:29:53,2026-06-29T08:29:53.546Z,1571.38,29720.00,0,0.000654,0.000654,0.000654,0.000654,3665810851.83,3666013800.36,3662260308.46,3666013800.36,2743025.64,2986718.16,-20505446.71
2026-06-29 18:31:06,2026-06-29T08:31:06.958Z,1570.28,29720.00,0,0.000622,0.000657,0.000622,0.000657,3664063854.8,3664063854.8,3664063854.8,3664063854.8,991026.41,127684.67,-9465522.50
2026-06-29 18:32:15,2026-06-29T08:32:15.009Z,1570.56,29720.00,0,0.000657,0.000657,0.000657,0.000657,3661302536.73,3662773869.55,3657742189.44,3657742189.44,889854.01,1041217.81,-1187504.77
2026-06-29 18:33:17,2026-06-29T08:33:17.870Z,1569.03,29720.00,1,0.000657,0.000657,0.000636,0.000636,3657742189.44,3658154944.48,3653124515.46,3653239627.1,3849700.80,9484338.46,-14634233.05
2026-06-29 18:34:30,2026-06-29T08:34:30.844Z,1568.89,29720.00,1,0.000636,0.000638,0.000636,0.000638,3653239627.1,3653828984.38,3649932570.57,3653440763.4,4143356.87,1678449.16,-7281192.76
2026-06-29 18:35:43,2026-06-29T08:35:43.935Z,1570.94,29720.00,3,0.000638,0.000638,0.000557,0.000557,3653440763.4,3659560928.09,3653440763.4,3659560928.09,5932906.14,5235426.00,5132824.75
2026-06-29 18:36:52,2026-06-29T08:36:52.050Z,1571.65,29720.00,2,0.000557,0.000557,0.000557,0.000557,3659560928.09,3660013987.96,3656898618.04,3656898618.04,9951221.31,3546346.83,7876063.30
2026-06-29 18:38:03,2026-06-29T08:38:03.695Z,1573.41,29720.00,3,0.000557,0.000732,0.000557,0.000732,3656898618.04,3661948289.31,3656658380.62,3660785085.57,8657116.55,10422022.75,15599289.00
2026-06-29 18:39:06,2026-06-29T08:39:06.781Z,1572.05,29720.00,2,0.00091,0.00091,0.00091,0.00091,3661829182.1,3661829182.1,3661829182.1,3661829182.1,412443.48,186332.74,-3583385.31
2026-06-29 18:40:15,2026-06-29T08:40:15.471Z,1572.28,29720.00,1,0.00091,0.001041,0.00091,0.001041,3660671650.66,3660671650.66,3660671650.66,3660671650.66,519028.94,820335.26,-4200932.78
2026-06-29 18:41:18,2026-06-29T08:41:18.707Z,1571.59,29720.00,1,0.001041,0.001041,0.000926,0.000926,3663307340.19,3664158814.95,3661390490.13,3661390490.13,835524.87,7528949.33,-20638379.48
2026-06-29 18:42:31,2026-06-29T08:42:31.727Z,1569.97,29720.00,3,0.000926,0.000926,0.000907,0.000907,3661390490.13,3663539968.98,3661306034.81,3661704125.51,1837944.32,3354530.26,-12214166.63
2026-06-29 18:43:39,2026-06-29T08:43:39.796Z,1570.63,29720.00,1,0.000907,0.000907,0.000907,0.000907,3661704125.51,3661704125.51,3656426991.46,3661348651.78,1765755.98,1401333.93,-9745443.20
2026-06-29 18:44:42,2026-06-29T08:44:42.684Z,1570.76,29720.00,1,0.000907,0.000907,0.000869,0.000869,3661348651.78,3661654471.97,3660685531.75,3661654471.97,851590.90,450562.28,-9819386.51
2026-06-29 18:45:50,2026-06-29T08:45:50.851Z,1571.66,29720.00,2,0.000869,0.000869,0.000848,0.000848,3661654471.97,3662115101.74,3660971520.35,3662095632.62,4400883.19,3349753.14,-6333353.46
2026-06-29 18:46:53,2026-06-29T08:46:53.679Z,1571.53,29720.00,1,0.000848,0.000848,0.000848,0.000848,3662095632.62,3664858614.22,3661395707.26,3663418491.35,2161936.70,719609.41,3335800.12
2026-06-29 18:47:56,2026-06-29T08:47:56.674Z,1568.49,29720.00,3,0.000848,0.00085,0.000848,0.00085,3663418491.35,3664247012.62,3662472310.82,3664247012.62,3510990.13,1603465.36,5579001.05
2026-06-29 18:49:05,2026-06-29T08:49:05.261Z,1573.48,29720.00,3,0.000895,0.000895,0.000895,0.000895,3666072360.4,3666072360.4,3666072360.4,3666072360.4,122086.89,410082.63,7831534.69
2026-06-29 18:50:08,2026-06-29T08:50:08.431Z,1573.11,29720.00,1,0.000974,0.000974,0.000974,0.000974,3666549355.82,3666549355.82,3666549355.82,3666549355.82,130826.98,236538.35,4009685.27
2026-06-29 18:51:16,2026-06-29T08:51:16.417Z,1573.11,29720.00,1,0.000974,0.001014,0.000974,0.001014,3664360092.48,3665339266.11,3664360092.48,3664864775.24,414207.53,967495.96,2585425.66
2026-06-29 18:52:19,2026-06-29T08:52:19.292Z,1573.03,29720.00,1,0.001014,0.001038,0.001014,0.001038,3664864775.24,3665056941.07,3663274639.84,3665031559.45,625330.85,240788.80,99371.90
2026-06-29 18:53:32,2026-06-29T08:53:32.490Z,1572.49,29720.00,0,0.001038,0.001038,0.001038,0.001038,3665031559.45,3666364072.05,3665031559.45,3666364072.05,599500.26,1661716.67,-2022137.70
2026-06-29 18:54:40,2026-06-29T08:54:40.532Z,1571.98,29720.00,2,0.001038,0.00106,0.001038,0.00106,3666364072.05,3666364072.05,3663503954.85,3664187446.79,784917.52,3110617.53,-1218415.44
2026-06-29 18:55:43,2026-06-29T08:55:43.310Z,1570.85,29720.00,3,0.00106,0.001119,0.00106,0.001119,3664187446.79,3664335034.77,3662739914.34,3663404597.43,1022826.75,4929630.58,-5579824.72
2026-06-29 18:56:51,2026-06-29T08:56:51.411Z,1570.46,29720.00,2,0.001119,0.001119,0.001119,0.001119,3663404597.43,3663490944.26,3660497912.5,3661308129.81,2245356.37,3786280.85,-6505251.91
2026-06-29 18:57:54,2026-06-29T08:57:54.178Z,1570.46,29720.00,1,0.001119,0.001119,0.001096,0.001096,3661308129.81,3662506934.59,3659200986.64,3659200986.64,2539095.99,1928094.35,-8846425.23
2026-06-29 18:59:07,2026-06-29T08:59:07.393Z,1570.18,29720.00,2,0.001046,0.001046,0.001044,0.001044,3658661150.23,3658661150.23,3658661150.23,3658661150.23,259726.79,33562.36,-1382175.71
2026-06-29 19:00:15,2026-06-29T09:00:15.855Z,1570.18,29720.00,1,0.001044,0.001044,0.001044,0.001044,3660119112.56,3660319666.51,3659824970.54,3659824970.54,1213839.40,689383.26,2691202.36
2026-06-29 19:01:18,2026-06-29T09:01:18.963Z,1570.58,29720.00,0,0.001044,0.001094,0.001044,0.001094,3659824970.54,3660758432.41,3659148572.64,3660758432.41,371696.92,265940.48,5845363.97
2026-06-29 19:02:27,2026-06-29T09:02:27.159Z,1570.55,29720.00,0,0.001094,0.001094,0.00109,0.00109,3660758432.41,3663185745.69,3660758432.41,3661218250.39,345255.06,799345.11,5184739.52
2026-06-29 19:03:30,2026-06-29T09:03:30.106Z,1571.05,29720.00,1,0.00109,0.00109,0.00109,0.00109,3661218250.39,3661519868.87,3658244780.8,3658244780.8,806388.71,492553.87,-1441593.35
2026-06-29 19:04:43,2026-06-29T09:04:43.286Z,1571.05,29720.00,0,0.00109,0.001119,0.00109,0.001119,3658244780.8,3662566736.2,3658244780.8,3661821888.33,1633176.15,1798797.46,-2127627.00
2026-06-29 19:05:51,2026-06-29T09:05:51.321Z,1571.05,29720.00,0,0.001119,0.001119,0.001091,0.001091,3661821888.33,3663059805.34,3661408277.86,3662237770.99,858922.76,1093094.45,-2196867.46
2026-06-29 19:06:54,2026-06-29T09:06:54.412Z,1570.76,29720.00,0,0.001091,0.001091,0.001091,0.001091,3662237770.99,3662717156.08,3660858659.84,3661025627.68,1267980.31,1076704.97,-3111532.44
2026-06-29 19:08:08,2026-06-29T09:08:08.018Z,1570.82,29720.00,0,0.001113,0.001115,0.001113,0.001115,3660099727.39,3660099727.39,3660099727.39,3660099727.39,174716.58,115216.41,1349411.39
2026-06-29 19:09:16,2026-06-29T09:09:16.151Z,1570.82,29720.00,0,0.001115,0.001123,0.001115,0.001123,3661274624,3662756454.34,3660437679.29,3662756454.34,357209.04,381183.55,1918111.42
2026-06-29 19:10:19,2026-06-29T09:10:19.439Z,1570.46,29720.00,0,0.001123,0.001123,0.001123,0.001123,3662756454.34,3663195585.59,3661596805.75,3661756278.22,360072.13,126328.08,3949446.41
2026-06-29 19:11:27,2026-06-29T09:11:27.674Z,1570.46,29720.00,0,0.001123,0.001141,0.001123,0.001141,3661756278.22,3662367355.7,3661137722.5,3662192224.07,536150.20,263132.14,3748614.30
2026-06-29 19:12:30,2026-06-29T09:12:30.611Z,1570.47,29720.00,0,0.001141,0.001158,0.001141,0.001158,3662192224.07,3662570626.45,3660373957.98,3660373957.98,752363.05,2100947.00,1959122.02
2026-06-29 19:13:38,2026-06-29T09:13:38.621Z,1570.48,29720.00,0,0.001158,0.001158,0.001158,0.001158,3660373957.98,3660501474.04,3659510481.56,3659934177.59,2653606.61,544816.24,3227407.61
2026-06-29 19:14:41,2026-06-29T09:14:41.503Z,1571.46,29720.00,2,0.001158,0.001171,0.001158,0.001171,3659934177.59,3661396211.2,3659934177.59,3661396211.2,2198204.86,1454834.56,5263287.60
2026-06-29 19:15:54,2026-06-29T09:15:54.879Z,1574.50,29720.00,3,0.001171,0.001171,0.001155,0.001155,3661396211.2,3664246254.49,3661396211.2,3664246254.49,17239419.93,4888289.96,18028183.77
2026-06-29 19:17:02,2026-06-29T09:17:02.914Z,1574.78,29720.00,1,0.001155,0.001254,0.001155,0.001254,3668735929.06,3668735929.06,3668735929.06,3668735929.06,61047.98,95700.28,18736440.31
2026-06-29 19:18:05,2026-06-29T09:18:05.802Z,1575.20,29720.00,1,0.001254,0.001419,0.001254,0.001419,3668528681.12,3668528681.12,3668528681.12,3668528681.12,226413.83,4888633.25,11360196.28
2026-06-29 19:19:18,2026-06-29T09:19:18.999Z,1575.97,29720.00,3,0.001419,0.001498,0.001419,0.001498,3669884428,3672652624.15,3668640195.29,3669096072.1,421622.84,1282852.04,13330112.29
2026-06-29 19:20:32,2026-06-29T09:20:32.424Z,1574.85,29720.00,0,0.001498,0.001498,0.001498,0.001498,3669096072.1,3669096072.1,3664681069.87,3664950281.35,1657604.52,1059537.34,-2494613.83
2026-06-29 19:21:40,2026-06-29T09:21:40.551Z,1574.85,29720.00,0,0.001498,0.001511,0.001498,0.001511,3664950281.35,3666112188.93,3664375332.98,3665837427.8,2211000.84,1123312.09,-2073649.73
2026-06-29 19:22:53,2026-06-29T09:22:53.530Z,1574.32,29720.00,1,0.001511,0.001511,0.001488,0.001488,3665837427.8,3667231932.11,3664746198.83,3664746198.83,2736314.80,2495718.85,-5865413.36
2026-06-29 19:23:56,2026-06-29T09:23:56.201Z,1574.17,29720.00,1,0.001488,0.001488,0.001488,0.001488,3664746198.83,3664746198.83,3662886376.15,3662921301.34,481854.94,1117324.15,-6031939.02
2026-06-29 19:25:05,2026-06-29T09:25:05.811Z,1572.14,29720.00,3,0.001521,0.001521,0.001451,0.001451,3662460562.62,3662460562.62,3662460562.62,3662460562.62,42309.85,30714.39,-6389134.52
2026-06-29 19:26:19,2026-06-29T09:26:19.663Z,1569.76,29720.00,3,0.001451,0.001451,0.001348,0.001348,3656854471.48,3658027935.23,3653969241.25,3653969241.25,5702115.28,14636653.78,-20421314.01
2026-06-29 19:27:27,2026-06-29T09:27:27.757Z,1570.46,29720.00,3,0.001348,0.001348,0.001348,0.001348,3653969241.25,3653969241.25,3648567462.71,3651728275.07,5046834.03,2121032.58,-14501281.50
2026-06-29 19:28:30,2026-06-29T09:28:30.609Z,1573.83,29720.00,2,0.001348,0.001348,0.001193,0.001193,3651728275.07,3664280075.26,3651631834.96,3664280075.26,2725996.19,7498839.34,-14853848.86
2026-06-29 19:29:38,2026-06-29T09:29:38.708Z,1573.83,29720.00,3,0.001193,0.001273,0.001193,0.001273,3664280075.26,3664280075.26,3659347929.73,3662714002.68,2782969.22,3456531.13,-10209115.05
2026-06-29 19:31:28,2026-06-29T09:31:28.114Z,1574.55,29720.00,2,0.001273,0.001356,0.001273,0.001356,3661455097.68,3665811046.34,3661455097.68,3665702438.41,1760834.06,5076499.21,-1960140.54
2026-06-29 19:32:31,2026-06-29T09:32:31.022Z,1574.89,29720.00,1,0.001356,0.001421,0.001356,0.001421,3665702438.41,3665702438.41,3661387348.18,3663457075.44,178206.13,916663.13,-9197014.59
2026-06-29 19:33:44,2026-06-29T09:33:44.235Z,1573.60,29720.00,1,0.001421,0.001421,0.001417,0.001417,3663457075.44,3663658986.84,3661774693.2,3662406251.34,364659.39,1856789.75,-8881055.37
2026-06-29 19:34:52,2026-06-29T09:34:52.668Z,1573.51,29720.00,0,0.001417,0.001417,0.001417,0.001417,3662406251.34,3663537919.76,3660873991.33,3661791119.99,2284106.04,1820811.39,-8084732.22
2026-06-29 19:35:55,2026-06-29T09:35:55.622Z,1572.25,29720.00,3,0.001417,0.001417,0.001397,0.001397,3661791119.99,3663787206.91,3661710541.23,3662860553.46,1616860.08,8753850.79,-14073405.99
2026-06-29 19:37:03,2026-06-29T09:37:03.943Z,1571.99,29720.00,1,0.001408,0.001408,0.001397,0.001408,3656289514.48,3656289514.48,3656289514.48,3656289514.48,175074.53,60818.37,-8782068.44
2026-06-29 19:38:06,2026-06-29T09:38:06.817Z,1570.87,29720.00,4,0.001408,0.001408,0.001372,0.001372,3656920481.84,3656920481.84,3656920481.84,3656920481.84,367876.60,121836.43,-8245199.36
2026-06-29 19:39:20,2026-06-29T09:39:20.022Z,1571.30,29720.00,2,0.001372,0.001372,0.001365,0.001365,3655365920.2,3656102120.33,3653501432.34,3656102120.33,597033.12,346734.57,-8677482.43
2026-06-29 19:40:28,2026-06-29T09:40:28.336Z,1572.14,29720.00,2,0.001365,0.001383,0.001365,0.001383,3656102120.33,3657224239.22,3655757066.55,3657077540.1,473710.87,1400714.63,-395816.76
2026-06-29 19:41:31,2026-06-29T09:41:31.284Z,1572.13,29720.00,2,0.001383,0.001383,0.001383,0.001383,3657077540.1,3657077540.1,3654787116.98,3654787116.98,562194.45,131361.22,1042685.88
2026-06-29 19:42:39,2026-06-29T09:42:39.459Z,1571.75,29720.00,1,0.001383,0.001449,0.001383,0.001449,3654787116.98,3655423663.6,3654787116.98,3655184767.48,3924361.13,617654.79,4866098.85
2026-06-29 19:43:42,2026-06-29T09:43:42.288Z,1572.19,29720.00,2,0.001449,0.001471,0.001449,0.001471,3655184767.48,3659151362.22,3654858168.2,3657609991.02,881030.23,1254540.18,2882050.01
2026-06-29 19:44:55,2026-06-29T09:44:55.367Z,1572.19,29720.00,1,0.001471,0.001471,0.001471,0.001471,3657609991.02,3658700693.47,3657609991.02,3658275133.11,1368746.18,2184603.86,-324237.05
2026-06-29 19:46:08,2026-06-29T09:46:08.550Z,1572.39,29720.00,1,0.001569,0.001585,0.001569,0.001585,3655347394.07,3655347394.07,3655347394.07,3655347394.07,645623.76,101755.08,4804847.52
2026-06-29 19:47:16,2026-06-29T09:47:16.639Z,1572.40,29720.00,0,0.001585,0.001585,0.001585,0.001585,3660285062.84,3660285062.84,3659212517.93,3660047131.74,251727.46,317255.06,3371862.42
2026-06-29 19:48:29,2026-06-29T09:48:29.867Z,1573.74,29720.00,2,0.001585,0.001638,0.001585,0.001638,3660047131.74,3663433858.55,3660047131.74,3663433858.55,1782958.14,4084309.82,6273754.95
2026-06-29 19:49:42,2026-06-29T09:49:42.935Z,1573.43,29720.00,1,0.001638,0.001707,0.001638,0.001707,3663433858.55,3663696480.92,3661735444.8,3661951405.44,1729986.61,685590.44,4158120.21
2026-06-29 19:50:56,2026-06-29T09:50:56.216Z,1573.24,29720.00,0,0.001707,0.001789,0.001707,0.001789,3661951405.44,3661951405.44,3660716278.12,3661064890.69,3308968.13,5421147.00,2043810.78
2026-06-29 19:52:04,2026-06-29T09:52:04.107Z,1572.05,29720.00,2,0.001789,0.001789,0.001789,0.001789,3661730887.93,3661730887.93,3661730887.93,3661730887.93,164515.80,196786.26,-7023803.14
2026-06-29 19:53:07,2026-06-29T09:53:07.038Z,1571.37,29720.00,2,0.001748,0.001758,0.001748,0.001758,3657283646.22,3657283646.22,3657283646.22,3657283646.22,197302.77,42058.46,-4151794.69
2026-06-29 19:54:20,2026-06-29T09:54:20.148Z,1571.89,29720.00,2,0.001758,0.001758,0.001758,0.001758,3657344613.21,3659321644.16,3656840584.08,3658097353.64,1242976.25,480092.35,-4735809.20
2026-06-29 19:55:28,2026-06-29T09:55:28.194Z,1572.58,29720.00,0,0.001758,0.001758,0.00173,0.00173,3658097353.64,3659754407.77,3657834221.23,3658822131.26,2164525.42,602184.56,-1239242.50
2026-06-29 19:56:31,2026-06-29T09:56:31.055Z,1573.55,29720.00,2,0.00173,0.001764,0.00173,0.001764,3658822131.26,3662422036.91,3658819682.77,3662422036.91,1554511.02,985627.28,2835163.44
2026-06-29 19:57:44,2026-06-29T09:57:44.067Z,1573.59,29720.00,2,0.001764,0.001813,0.001764,0.001813,3662422036.91,3663174552.66,3661064930.43,3661273311.34,3890354.37,2074123.44,4293195.97
2026-06-29 19:59:01,2026-06-29T09:59:01.821Z,1573.59,29720.00,1,0.001813,0.001813,0.001813,0.001813,3661273311.34,3663361414.01,3660690187.93,3661975614.55,776274.47,1120508.25,4042432.50
2026-06-29 20:00:05,2026-06-29T10:00:05.311Z,1573.60,29720.00,1,0.001836,0.001836,0.001784,0.001784,3661561642.59,3661561642.59,3661561642.59,3661561642.59,187559.12,86456.21,3031467.21
2026-06-29 20:01:18,2026-06-29T10:01:18.630Z,1574.42,29720.00,2,0.001784,0.001784,0.001784,0.001784,3662039268.29,3664848559.82,3662009035.96,3664375691.84,829840.56,1088365.16,5071838.64
2026-06-29 20:02:26,2026-06-29T10:02:26.777Z,1576.66,29720.00,2,0.001784,0.001784,0.001729,0.001729,3664375691.84,3667850927.54,3664375691.84,3667850927.54,5108431.54,1971782.63,9027478.17
2026-06-29 20:03:29,2026-06-29T10:03:29.568Z,1576.70,29720.00,1,0.001729,0.001806,0.001729,0.001806,3667850927.54,3669754282.5,3667850927.54,3669635179.09,1818224.80,3149810.24,7191054.01
2026-06-29 20:04:32,2026-06-29T10:04:32.263Z,1576.70,29720.00,1,0.001806,0.001806,0.001806,0.001806,3669635179.09,3669889775.62,3667619992.62,3667619992.62,1433817.53,3484945.90,2276660.47
2026-06-29 20:05:40,2026-06-29T10:05:40.405Z,1576.58,29720.00,1,0.001806,0.002,0.001806,0.002,3667619992.62,3668786536.4,3666754595.65,3666946109.86,1056502.59,1349797.99,-1242099.40
2026-06-29 20:06:43,2026-06-29T10:06:43.282Z,1576.51,29720.00,1,0.002,0.002129,0.002,0.002129,3666946109.86,3669352936.91,3666946109.86,3669352936.91,5063287.39,5205870.86,-4248973.67
2026-06-29 20:07:51,2026-06-29T10:07:51.302Z,1577.59,29720.00,1,0.002129,0.002233,0.002129,0.002233,3669352936.91,3669767874.15,3667516930.6,3667516930.6,8599901.00,4791032.29,-2551703.38
2026-06-29 20:08:54,2026-06-29T10:08:54.045Z,1577.58,29720.00,0,0.002233,0.002233,0.002233,0.002233,3667516930.6,3673315917.57,3667516930.6,3672700806.89,2549151.26,3904523.08,-793494.80
2026-06-29 20:10:08,2026-06-29T10:10:08.233Z,1581.91,29720.00,3,0.002257,0.002359,0.002257,0.002359,3672979851.86,3672979851.86,3672979851.86,3672979851.86,23889224.31,9302806.79,57722137.55
2026-06-29 20:11:47,2026-06-29T10:11:47.227Z,1581.84,29720.00,3,0.002359,0.002359,0.002359,0.002359,3680076228.98,3684214236.22,3679841502.1,3680209008.22,3573103.13,8121458.69,39287830.68
2026-06-29 20:12:55,2026-06-29T10:12:55.296Z,1580.58,29720.00,4,0.002359,0.002542,0.002359,0.002542,3680209008.22,3680589337.93,3678139470.66,3678139470.66,4502477.69,9327889.97,26465575.69
2026-06-29 20:14:03,2026-06-29T10:14:03.311Z,1581.01,29720.00,3,0.002693,0.00278,0.002542,0.00278,3681647889.42,3681647889.42,3681647889.42,3681647889.42,360370.90,64262.75,-16690170.76
2026-06-29 20:15:06,2026-06-29T10:15:06.397Z,1581.09,29720.00,1,0.00278,0.00278,0.00278,0.00278,3681560774.5,3681560774.5,3681560774.5,3681560774.5,66385.49,207437.97,-20633113.17
2026-06-29 20:16:19,2026-06-29T10:16:19.644Z,1580.21,29720.00,1,0.00278,0.002831,0.00278,0.002831,3681329896.47,3682186755.3,3678450264.56,3678601425.07,3427016.32,8926080.49,-23052014.90
2026-06-29 20:17:27,2026-06-29T10:17:27.604Z,1580.21,29720.00,1,0.002831,0.002837,0.002831,0.002837,3678601425.07,3683445604.6,3678212943.56,3683445604.6,2982683.44,3254734.68,-14530863.36
2026-06-29 20:18:30,2026-06-29T10:18:30.903Z,1580.21,29720.00,2,0.002837,0.002837,0.002837,0.002837,3683445604.6,3684414997.47,3682320920.59,3683081449.34,1761037.01,1578713.54,-12160074.47
2026-06-29 20:19:40,2026-06-29T10:19:40.327Z,1580.36,29720.00,2,0.002837,0.002855,0.002837,0.002855,3683081449.34,3685077248.34,3682754354.75,3684840757,3458551.97,5036161.77,-11257206.35
2026-06-29 20:20:43,2026-06-29T10:20:43.269Z,1580.79,29720.00,1,0.002855,0.002951,0.002855,0.002951,3684840757,3686402070.18,3684835876.11,3686402070.18,1579652.94,2410215.92,-4712791.36
2026-06-29 20:21:51,2026-06-29T10:21:51.339Z,1580.79,29720.00,0,0.002951,0.002951,0.002951,0.002951,3686402070.18,3687389442.38,3684562881.6,3684562881.6,2187545.14,1461535.69,-787413.12
2026-06-29 20:22:54,2026-06-29T10:22:54.265Z,1580.15,29720.00,3,0.002951,0.003072,0.002951,0.003072,3684562881.6,3685693655.28,3684271357.81,3684480162.84,2376991.05,3028882.11,-1431110.26
2026-06-29 20:23:57,2026-06-29T10:23:57.199Z,1579.47,29720.00,3,0.003072,0.003151,0.003072,0.003151,3684480162.84,3684680801.77,3682301398.65,3683103948.28,3560618.27,3623633.67,-1599432.14
2026-06-29 20:25:05,2026-06-29T10:25:05.444Z,1579.47,29720.00,2,0.003128,0.003128,0.003128,0.003128,3681003033.53,3681003033.53,3681003033.53,3681003033.53,191813.96,268039.92,-2012006.31
2026-06-29 20:26:08,2026-06-29T10:26:08.207Z,1579.35,29720.00,1,0.003128,0.003128,0.003089,0.003089,3681165509.19,3681165509.19,3681165509.19,3681165509.19,101714.42,244461.10,-4907570.52
2026-06-29 20:27:16,2026-06-29T10:27:16.209Z,1579.35,29720.00,0,0.003089,0.00309,0.003089,0.00309,3682740706.93,3683540680.38,3681605602.78,3682456895.26,127175.24,152579.03,-3592333.59
2026-06-29 20:28:19,2026-06-29T10:28:19.089Z,1579.35,29720.00,0,0.00309,0.00309,0.00309,0.00309,3682456895.26,3683145596,3682456895.26,3683145596,210667.13,1229914.18,-5111976.03
2026-06-29 20:29:27,2026-06-29T10:29:27.001Z,1579.11,29720.00,0,0.00309,0.003101,0.00309,0.003101,3683145596,3683145596,3680881641.09,3682884467.48,176782.98,536886.87,-3230399.25
2026-06-29 20:30:30,2026-06-29T10:30:30.167Z,1579.08,29720.00,0,0.003101,0.003104,0.003101,0.003104,3682884467.48,3683511593.19,3682658085.57,3683511593.19,944282.39,1279293.42,-1125583.18
2026-06-29 20:31:43,2026-06-29T10:31:43.294Z,1578.29,29720.00,2,0.003104,0.003104,0.003104,0.003104,3683511593.19,3683511593.19,3679871568.73,3680137133.28,2648008.17,4200226.19,-3846348.62
2026-06-29 20:32:51,2026-06-29T10:32:51.306Z,1577.22,29720.00,2,0.003104,0.00313,0.003104,0.00313,3680137133.28,3683640276.34,3678944193.11,3679591247.55,2169671.99,2106364.84,-2493418.25
2026-06-29 20:33:54,2026-06-29T10:33:54.142Z,1577.22,29720.00,2,0.00313,0.00313,0.003127,0.003127,3679591247.55,3681955280.01,3679274553.68,3681690910.54,1338269.63,1662977.24,-2812105.80
2026-06-29 20:35:03,2026-06-29T10:35:03.605Z,1577.09,29720.00,2,0.003158,0.003158,0.003127,0.003158,3680153296.28,3680153296.28,3680153296.28,3680153296.28,342.75,33690.25,-2820129.58
2026-06-29 20:36:06,2026-06-29T10:36:06.713Z,1576.90,29720.00,2,0.003158,0.003178,0.003158,0.003178,3681640025.54,3681640025.54,3681640025.54,3681640025.54,179625.69,169461.88,-4939316.09
2026-06-29 20:37:19,2026-06-29T10:37:19.755Z,1576.71,29720.00,1,0.003178,0.003214,0.003178,0.003214,3677820197.65,3679216283.38,3677567381.08,3679216283.38,865443.33,1450177.56,-5920479.95
2026-06-29 20:38:27,2026-06-29T10:38:27.819Z,1577.27,29720.00,1,0.003214,0.003214,0.003214,0.003214,3679216283.38,3682276707.05,3677448760.49,3682276707.05,1879647.92,1322730.12,-5487576.51
2026-06-29 20:39:30,2026-06-29T10:39:30.652Z,1577.27,29720.00,1,0.003214,0.003234,0.003214,0.003234,3682276707.05,3682276707.05,3679880037.38,3680342904.16,458641.04,923664.77,-4068034.74
2026-06-29 20:40:38,2026-06-29T10:40:38.801Z,1577.27,29720.00,0,0.003234,0.003315,0.003234,0.003315,3680342904.16,3681005350.33,3680179975.59,3680816176.97,990064.38,862543.86,-805330.22
2026-06-29 20:41:41,2026-06-29T10:41:41.532Z,1577.14,29720.00,0,0.003315,0.003345,0.003315,0.003345,3680816176.97,3682306051.54,3680285639.35,3680682172.88,914671.94,966485.63,-167121.50
2026-06-29 20:42:44,2026-06-29T10:42:44.298Z,1577.14,29720.00,1,0.003345,0.003345,0.003345,0.003345,3680682172.88,3680931618.08,3679576846.18,3679576846.18,479307.20,521770.06,389756.68
2026-06-29 20:43:47,2026-06-29T10:43:47.223Z,1577.01,29720.00,0,0.003345,0.003402,0.003345,0.003402,3679576846.18,3679644539.87,3678855637.22,3679636715.05,522404.03,662985.38,-199704.60
2026-06-29 20:44:55,2026-06-29T10:44:55.112Z,1577.00,29720.00,0,0.003402,0.003402,0.003385,0.003385,3679636715.05,3679657861.24,3678571147.71,3678782917.87,867616.71,818727.56,9259.51
2026-06-29 20:46:03,2026-06-29T10:46:03.275Z,1577.00,29720.00,0,0.003385,0.003385,0.003383,0.003383,3679263727.42,3679263727.42,3679263727.42,3679263727.42,10660.13,5340.38,1244065.37
2026-06-29 20:47:06,2026-06-29T10:47:06.129Z,1577.00,29720.00,0,0.003383,0.003411,0.003383,0.003411,3680034215.7,3680034215.7,3680034215.7,3680034215.7,372397.25,149619.04,1834029.45
2026-06-29 20:48:19,2026-06-29T10:48:19.197Z,1576.17,29720.00,2,0.003411,0.003443,0.003411,0.003443,3679938612.8,3679998579.3,3675784784.56,3677020636.59,789211.34,133554.92,-2317190.03
2026-06-29 20:49:32,2026-06-29T10:49:32.259Z,1576.09,29720.00,2,0.003443,0.003443,0.003443,0.003443,3677020636.59,3677272963.21,3675524554.09,3676571363.19,421315.34,1016896.90,-3458731.23
2026-06-29 20:50:40,2026-06-29T10:50:40.414Z,1575.94,29720.00,2,0.003443,0.003443,0.003432,0.003432,3676571363.19,3676940630.73,3675845697.71,3675924220.28,1410986.40,2195631.82,-5535440.54
2026-06-29 20:51:53,2026-06-29T10:51:53.595Z,1575.59,29720.00,1,0.003432,0.003432,0.003421,0.003421,3675924220.28,3676231020.12,3675588205.52,3675913034.38,1780123.83,902657.66,-3436359.93
2026-06-29 20:53:06,2026-06-29T10:53:06.691Z,1575.72,29720.00,0,0.003421,0.003429,0.003421,0.003429,3677766523.87,3677766523.87,3677766523.87,3677766523.87,1733734.09,203185.59,4140997.77
2026-06-29 20:54:14,2026-06-29T10:54:14.736Z,1575.72,29720.00,0,0.003429,0.003459,0.003429,0.003459,3676204856.11,3678430911.56,3676204856.11,3677466378.63,449537.56,227317.69,7740750.76
2026-06-29 20:55:17,2026-06-29T10:55:17.523Z,1575.72,29720.00,0,0.003459,0.003459,0.003459,0.003459,3677466378.63,3678441110.69,3676763864.55,3677247780.45,100033.99,348798.23,6186703.77
2026-06-29 20:56:30,2026-06-29T10:56:30.713Z,1575.70,29720.00,0,0.003459,0.003459,0.00343,0.00343,3677247780.45,3678383329.31,3677145958.7,3677659063.33,1666376.12,1763604.27,5119818.05
2026-06-29 20:57:38,2026-06-29T10:57:38.642Z,1575.70,29720.00,0,0.00343,0.00343,0.003395,0.003395,3677659063.33,3678282107.35,3675941282.04,3675941282.04,769033.63,1833175.89,2847666.35
2026-06-29 20:58:41,2026-06-29T10:58:41.493Z,1575.73,29720.00,0,0.003395,0.003398,0.003395,0.003398,3675941282.04,3677487249.92,3675748604.36,3676114618,1474175.83,1371949.65,-1426088.00
2026-06-29 20:59:44,2026-06-29T10:59:44.429Z,1575.73,29720.00,0,0.003398,0.003398,0.003398,0.003398,3676114618,3676782136.2,3675123253.06,3676782136.2,584789.42,683307.22,-1677874.57
2026-06-29 21:00:52,2026-06-29T11:00:52.780Z,1576.02,29720.00,0,0.003398,0.003398,0.003387,0.003387,3676782136.2,3676812868.19,3675579152.64,3676334312.38,2260165.74,1643221.47,-1120876.25
2026-06-29 21:02:05,2026-06-29T11:02:05.757Z,1576.05,29720.00,0,0.00337,0.00337,0.00337,0.00337,3675975749.75,3675975749.75,3675975749.75,3675975749.75,22026.06,385796.26,-395618.09
2026-06-29 21:03:19,2026-06-29T11:03:19.039Z,1574.48,29720.00,3,0.00337,0.00337,0.003367,0.003367,3674990290.16,3674990290.16,3665201548.45,3665201548.45,3831670.06,722914.88,-5610704.00
2026-06-29 21:04:32,2026-06-29T11:04:32.244Z,1574.67,29720.00,2,0.003367,0.003367,0.003282,0.003282,3665201548.45,3666566579.11,3664017039.32,3664547552.83,890344.07,2703343.21,-7988570.18
2026-06-29 21:05:40,2026-06-29T11:05:40.351Z,1574.03,29720.00,1,0.003282,0.003282,0.003239,0.003239,3664547552.83,3666441612.06,3663898047.94,3665615849.9,1302972.47,2191878.62,-8956797.94
2026-06-29 21:06:43,2026-06-29T11:06:43.321Z,1573.35,29720.00,2,0.003239,0.003239,0.003239,0.003239,3665615849.9,3665760464.01,3662521523.2,3662949398.33,2909407.29,2657629.09,-7380450.73
2026-06-29 21:07:51,2026-06-29T11:07:51.358Z,1573.42,29720.00,0,0.003239,0.003256,0.003239,0.003256,3662949398.33,3663770052.8,3661679085.28,3662899393.55,1537845.02,1429098.24,1655120.10
2026-06-29 21:08:54,2026-06-29T11:08:54.532Z,1573.61,29720.00,0,0.003256,0.003256,0.003178,0.003178,3662899393.55,3663950925.48,3662893314.07,3662904823.33,2374119.06,602140.71,1338405.99
2026-06-29 21:10:07,2026-06-29T11:10:07.801Z,1573.62,29720.00,0,0.003178,0.003178,0.003148,0.003148,3664881128.19,3664881128.19,3664881128.19,3664881128.19,165652.08,303472.55,549702.60
2026-06-29 21:11:16,2026-06-29T11:11:16.095Z,1572.63,29720.00,1,0.003148,0.003148,0.003124,0.003124,3664666631.24,3664666631.24,3658103542.53,3662108411.88,1578678.60,494310.58,-448996.39
2026-06-29 21:12:18,2026-06-29T11:12:18.963Z,1572.39,29720.00,0,0.003124,0.003124,0.003027,0.003027,3662108411.88,3662108411.88,3656041630.62,3656776039.6,1838074.03,2983659.67,-235650.00
2026-06-29 21:13:26,2026-06-29T11:13:26.995Z,1571.82,29720.00,1,0.003027,0.003027,0.003027,0.003027,3656776039.6,3656776039.6,3654639643.78,3655910891.94,3898694.52,1582028.22,2818122.99
2026-06-29 21:14:29,2026-06-29T11:14:29.840Z,1571.66,29720.00,0,0.003027,0.003027,0.002914,0.002914,3655910891.94,3656997614.82,3655043700.12,3655858166.74,2297084.02,1059067.27,4451560.79
2026-06-29 21:15:43,2026-06-29T11:15:43.116Z,1570.69,29720.00,3,0.002914,0.002914,0.002893,0.002893,3655858166.74,3656141718.1,3655241916.27,3655588937.5,7034413.04,9126884.69,-768542.41
2026-06-29 21:16:56,2026-06-29T11:16:56.233Z,1570.69,29720.00,1,0.002893,0.002893,0.002893,0.002893,3655588937.5,3656989847.75,3653501284.91,3653501284.91,4905335.70,4082458.01,-2340160.18
2026-06-29 21:18:04,2026-06-29T11:18:04.226Z,1569.04,29720.00,1,0.002816,0.002816,0.002816,0.002816,3652337955.81,3652337955.81,3652337955.81,3652337955.81,577908.91,365362.66,-9724996.51
2026-06-29 21:19:07,2026-06-29T11:19:07.188Z,1569.05,29720.00,0,0.002799,0.002799,0.002799,0.002799,3650923269.02,3650923269.02,3650923269.02,3650923269.02,916785.20,498134.58,-4262460.46
2026-06-29 21:20:15,2026-06-29T11:20:15.637Z,1569.09,29720.00,0,0.002799,0.002799,0.002718,0.002718,3648317201.79,3648322772.1,3646051632.41,3646058419.98,1869142.76,1506216.85,-1404585.60
2026-06-29 21:21:18,2026-06-29T11:21:18.728Z,1569.04,29720.00,0,0.002718,0.002718,0.002708,0.002708,3646058419.98,3646334945.32,3642992602.98,3644989189.44,1371099.33,1017965.10,-3417559.46
2026-06-29 21:22:26,2026-06-29T11:22:26.761Z,1569.04,29720.00,0,0.002708,0.002708,0.002626,0.002626,3644989189.44,3645253535.09,3644102150.39,3644789275.08,3376019.75,1915017.50,6810141.50
2026-06-29 21:23:29,2026-06-29T11:23:29.533Z,1569.04,29720.00,0,0.002626,0.002626,0.002626,0.002626,3644789275.08,3646532274.49,3644178895.75,3645748439.56,2320735.07,982658.23,9412716.99
2026-06-29 21:24:42,2026-06-29T11:24:42.619Z,1569.04,29720.00,0,0.002626,0.002626,0.002572,0.002572,3645748439.56,3646392776.97,3644810623.46,3645299321.9,2467374.13,1019467.69,9831321.97
2026-06-29 21:25:56,2026-06-29T11:25:56.005Z,1569.81,29720.00,2,0.002572,0.002572,0.00253,0.00253,3645299321.9,3646329702.7,3644682217.77,3646113078.22,7613766.76,4387643.48,14802313.54
2026-06-29 21:27:04,2026-06-29T11:27:04.076Z,1570.58,29720.00,2,0.00253,0.00253,0.002527,0.002527,3647028188.91,3647028188.91,3647028188.91,3647028188.91,203353.90,69445.53,17896732.19
2026-06-29 21:28:06,2026-06-29T11:28:06.943Z,1570.57,29720.00,1,0.002527,0.002541,0.002527,0.002541,3648138432.55,3648138432.55,3648138432.55,3648138432.55,151349.97,294013.06,18103965.52
2026-06-29 21:29:20,2026-06-29T11:29:20.045Z,1570.57,29720.00,1,0.002541,0.002541,0.002541,0.002541,3648185014.29,3648327371.65,3646202650.62,3646973038.18,880899.60,62347.08,17532491.63
2026-06-29 21:30:28,2026-06-29T11:30:28.492Z,1571.15,29720.00,3,0.002541,0.002541,0.00252,0.00252,3646973038.18,3648537416.96,3646313136.77,3648196118.43,2532421.67,1394429.93,17958614.64
2026-06-29 21:31:32,2026-06-29T11:31:32.747Z,1576.97,29720.00,2,0.00252,0.00252,0.00246,0.00246,3648196118.43,3648485195.26,3647235745.66,3647526736.79,61261154.82,45645017.21,21898149.98
2026-06-29 21:33:42,2026-06-29T11:33:42.313Z,1573.77,29720.00,3,0.002449,0.002449,0.002449,0.002449,3660292850.98,3660292850.98,3654787394.09,3654787394.09,4884898.23,6090862.35,13366904.93
2026-06-29 21:34:55,2026-06-29T11:34:55.281Z,1573.07,29720.00,1,0.002449,0.002581,0.002449,0.002581,3654787394.09,3655552482.14,3650355920.34,3651221026.05,4024416.95,4032871.22,10677613.18
2026-06-29 21:36:08,2026-06-29T11:36:08.513Z,1572.57,29720.00,3,0.002449,0.002449,0.002449,0.002449,3648719840.33,3648719840.33,3648719840.33,3648719840.33,424964.06,2201237.06,-2860783.45
2026-06-29 21:37:16,2026-06-29T11:37:16.704Z,1572.02,29720.00,3,0.002449,0.002449,0.002328,0.002328,3649790444.94,3649790444.94,3644695287.55,3648450159.5,361856.02,468834.88,-1401717.43
2026-06-29 21:38:19,2026-06-29T11:38:19.519Z,1571.99,29720.00,2,0.002328,0.002328,0.00223,0.00223,3648450159.5,3649600629.6,3646012958.31,3646012958.31,354704.11,638436.56,-1055409.13
2026-06-29 21:39:27,2026-06-29T11:39:27.536Z,1570.56,29720.00,2,0.00223,0.00223,0.002161,0.002161,3646012958.31,3646739701.06,3644872193.8,3644872193.8,3305585.10,3263976.50,-3092814.36
2026-06-29 21:40:30,2026-06-29T11:40:30.641Z,1569.04,29720.00,2,0.002161,0.002161,0.002161,0.002161,3644872193.8,3644878762.67,3638047419.28,3638047419.28,6698112.41,2870087.45,-2745918.87
2026-06-29 21:41:43,2026-06-29T11:41:43.799Z,1568.54,29720.00,3,0.002161,0.002161,0.002002,0.002002,3638047419.28,3641060225.7,3637260754.44,3638608521.11,3108760.25,1288146.49,544159.09
2026-06-29 21:42:51,2026-06-29T11:42:51.930Z,1570.03,29720.00,0,0.002002,0.002002,0.001829,0.001829,3638608521.11,3639667153.05,3637974928.14,3639667153.05,7475101.17,4204122.38,5909490.82
2026-06-29 21:43:54,2026-06-29T11:43:54.875Z,1570.55,29720.00,2,0.001829,0.001829,0.001829,0.001829,3639667153.05,3642406683.65,3639667153.05,3641136483.37,2503579.08,1393313.22,8959623.13
2026-06-29 21:45:03,2026-06-29T11:45:03.404Z,1569.57,29720.00,1,0.001748,0.001829,0.001748,0.001764,3643146628.74,3643146628.74,3643146628.74,3643146628.74,139710.22,51553.74,7736070.55
2026-06-29 21:46:06,2026-06-29T11:46:06.360Z,1569.97,29720.00,0,0.001764,0.001764,0.001764,0.001764,3639876505.12,3639876505.12,3639876505.12,3639876505.12,22271.39,1385187.50,2191898.79
2026-06-29 21:47:14,2026-06-29T11:47:14.386Z,1570.31,29720.00,0,0.001764,0.001764,0.001706,0.001706,3640818140.12,3640818140.12,3640818140.12,3640818140.12,284656.41,1764489.09,-1403639.22
2026-06-29 21:48:17,2026-06-29T11:48:17.258Z,1570.32,29720.00,0,0.001706,0.001706,0.001683,0.001683,3640970496.13,3641540460.57,3639973936.84,3640613543.14,346947.37,435213.18,-1656207.11
2026-06-29 21:49:30,2026-06-29T11:49:30.380Z,1570.32,29720.00,1,0.001683,0.001683,0.001674,0.001674,3640613543.14,3642758517.13,3639900970.52,3642637738.05,661717.69,1796278.41,-88128.09
2026-06-29 21:50:38,2026-06-29T11:50:38.487Z,1569.54,29720.00,2,0.001674,0.001674,0.001674,0.001674,3642637738.05,3643157383.61,3639046498.58,3639046498.58,4109101.97,2402119.31,644531.12
2026-06-29 21:51:41,2026-06-29T11:51:41.275Z,1569.41,29720.00,3,0.001674,0.001682,0.001674,0.001682,3639046498.58,3640925433.15,3636733294.21,3640253914.34,821054.44,1025842.16,584376.10
2026-06-29 21:52:55,2026-06-29T11:52:55.262Z,1568.25,29720.00,3,0.001682,0.001682,0.001595,0.001595,3640253914.34,3640253914.34,3638981915.14,3639356620.07,2363801.00,4229620.86,-733347.64
2026-06-29 21:54:08,2026-06-29T11:54:08.356Z,1568.26,29720.00,2,0.001595,0.001595,0.00152,0.00152,3637752086.32,3637752086.32,3637752086.32,3637752086.32,191397.39,79447.39,-1721328.70
2026-06-29 21:55:16,2026-06-29T11:55:16.442Z,1568.26,29720.00,1,0.00152,0.00152,0.001392,0.001392,3635993152.29,3637674577.75,3635960207.77,3637566560.38,1252963.43,598764.67,-2414947.72
2026-06-29 21:56:19,2026-06-29T11:56:19.327Z,1569.38,29720.00,1,0.001392,0.001392,0.001331,0.001331,3637566560.38,3639742332.97,3637275216.07,3639486947.73,411389.61,489504.66,1002558.66
2026-06-29 21:57:27,2026-06-29T11:57:27.397Z,1569.73,29720.00,2,0.001331,0.001331,0.001331,0.001331,3639486947.73,3642379657.71,3639486947.73,3640919031.27,1346671.56,749807.96,7815429.12
2026-06-29 21:58:30,2026-06-29T11:58:30.192Z,1570.20,29720.00,2,0.001331,0.001337,0.001331,0.001337,3640919031.27,3644260457.21,3640919031.27,3643715929.78,2598380.12,4986873.27,3551803.72
2026-06-29 21:59:43,2026-06-29T11:59:43.292Z,1571.70,29720.00,1,0.001337,0.00134,0.001337,0.00134,3643715929.78,3648283533.18,3643715929.78,3648283533.18,5348090.03,2591633.84,6002654.59
2026-06-29 22:00:56,2026-06-29T12:00:56.736Z,1570.83,29720.00,3,0.00134,0.00134,0.00134,0.00134,3648283533.18,3651410774.63,3648203961.4,3651410774.63,21596997.25,26079372.58,-1429850.05
2026-06-29 22:02:04,2026-06-29T12:02:04.865Z,1568.06,29720.00,3,0.001373,0.001484,0.00134,0.001484,3649346266.58,3649346266.58,3649346266.58,3649346266.58,1262790.27,607136.10,-28619698.51
2026-06-29 22:03:08,2026-06-29T12:03:08.933Z,1575.46,29720.00,2,0.001484,0.001484,0.001367,0.001367,3637944816.15,3637944816.15,3637944816.15,3637944816.15,9840789.68,15351570.19,262358.24
2026-06-29 22:04:16,2026-06-29T12:04:16.996Z,1574.94,29720.00,3,0.001367,0.001367,0.001367,0.001367,3658927297.37,3665114664.22,3655435262.34,3665114664.22,9213371.92,7674606.84,12221488.20
2026-06-29 22:07:08,2026-06-29T12:07:08.667Z,1581.15,29720.00,4,0.001746,0.001746,0.001746,0.001746,3670835537.87,3670835537.87,3670835537.87,3670835537.87,9372808.05,2650934.47,31695657.78
2026-06-29 22:09:43,2026-06-29T12:09:43.818Z,1584.13,29720.00,3,0.001887,0.002109,0.001887,0.002109,3684478313.49,3684478313.49,3675205664.77,3675205664.77,13136725.82,25992696.18,38030503.65
2026-06-29 22:10:52,2026-06-29T12:10:52.032Z,1583.25,29720.00,4,0.002109,0.002109,0.002109,0.002109,3675205664.77,3676572954.36,3672003805.92,3676572954.36,15960282.36,23413533.83,13427544.41
2026-06-29 22:11:54,2026-06-29T12:11:54.756Z,1584.28,29720.00,2,0.002109,0.002211,0.002109,0.002211,3676572954.36,3681279774.94,3672685674.77,3681279774.94,14253572.28,17291113.50,10660928.98
2026-06-29 22:13:07,2026-06-29T12:13:07.913Z,1591.50,29720.00,3,0.002178,0.002272,0.002178,0.002272,3685421131.24,3685421131.24,3685421131.24,3685421131.24,2979884.16,1890244.14,32376121.65
2026-06-29 22:16:56,2026-06-29T12:16:56.030Z,1591.70,29720.00,2,0.002475,0.002511,0.002475,0.002511,3707141608.6,3710262609.09,3704377912.81,3706517335.78,8090983.61,16638466.63,38072263.55
2026-06-29 22:18:04,2026-06-29T12:18:04.110Z,1590.11,29720.00,3,0.002511,0.002557,0.002511,0.002557,3708571411.05,3708571411.05,3708571411.05,3708571411.05,600527.16,918838.19,-24343129.10
2026-06-29 22:19:07,2026-06-29T12:19:07.283Z,1592.13,29720.00,3,0.002557,0.002565,0.002557,0.002565,3704326647.58,3704326647.58,3704326647.58,3704326647.58,2256369.55,1067763.46,-10310404.33
2026-06-29 22:20:15,2026-06-29T12:20:15.712Z,1591.86,29720.00,1,0.002565,0.002575,0.002565,0.002575,3707777205.23,3712315541.61,3707777205.23,3707894263.94,3853899.83,2516658.22,-12214082.55
2026-06-29 22:21:18,2026-06-29T12:21:18.857Z,1590.95,29720.00,2,0.002575,0.002575,0.002575,0.002575,3707894263.94,3713513206.82,3707894263.94,3710491516.72,1577141.48,3547247.64,-10478551.28
2026-06-29 22:22:26,2026-06-29T12:22:26.753Z,1590.59,29720.00,2,0.002575,0.002582,0.002575,0.002582,3710491516.72,3713271838.85,3707115087.4,3709793093.73,2584848.63,7327037.72,-17968475.73
2026-06-29 22:23:29,2026-06-29T12:23:29.658Z,1590.30,29720.00,4,0.002582,0.002582,0.002555,0.002555,3709793093.73,3709793093.73,3705699387.89,3705699387.89,4303487.72,10890011.27,-38144724.62
2026-06-29 22:24:42,2026-06-29T12:24:42.863Z,1586.24,29720.00,2,0.002555,0.002555,0.002555,0.002555,3705699387.89,3709097380.63,3700034410.72,3701204610.52,11026944.18,14439260.85,-49360822.92
2026-06-29 22:25:50,2026-06-29T12:25:50.909Z,1586.90,29720.00,3,0.002555,0.002555,0.002535,0.002535,3701204610.52,3701204610.52,3696885266.35,3697034439.21,11475952.75,7271643.30,-36057656.79
2026-06-29 22:27:03,2026-06-29T12:27:03.903Z,1586.53,29720.00,3,0.002535,0.002535,0.00237,0.00237,3697034439.21,3702469456.83,3696910685.74,3700637364.51,10295838.64,7052669.36,-23242091.91
2026-06-29 22:28:07,2026-06-29T12:28:07.117Z,1586.65,29720.00,1,0.00237,0.002396,0.00237,0.002396,3700785048.64,3700785048.64,3700785048.64,3700785048.64,309096.86,229415.66,11088791.61
2026-06-29 22:29:31,2026-06-29T12:29:31.049Z,1587.89,29720.00,3,0.002396,0.002434,0.002396,0.002434,3702986974.79,3705476178.71,3702986974.79,3705476178.71,3661313.19,2468111.56,16507996.62
2026-06-29 22:30:29,2026-06-29T12:30:29.222Z,1587.31,29720.00,2,0.002434,0.002499,0.002434,0.002499,3705476178.71,3707957184.16,3704668786.51,3707675076.42,4621172.53,6947902.71,8420008.16
2026-06-29 22:31:32,2026-06-29T12:31:32.503Z,1586.78,29720.00,3,0.002499,0.002499,0.002499,0.002499,3707675076.42,3710891392.54,3707675076.42,3708727615.78,1448918.64,8962463.75,-3069436.10
2026-06-29 22:32:35,2026-06-29T12:32:35.735Z,1586.12,29720.00,3,0.002499,0.002546,0.002499,0.002546,3708727615.78,3710331399.52,3705840100.3,3707522866.86,4082105.33,7600873.17,-12015094.93
2026-06-29 22:33:38,2026-06-29T12:33:38.706Z,1585.71,29720.00,3,0.002546,0.002546,0.0025,0.0025,3707522866.86,3707778435.15,3703956496.36,3704579423.21,3186289.74,2671251.13,-14463962.33
2026-06-29 22:34:41,2026-06-29T12:34:41.559Z,1586.28,29720.00,1,0.0025,0.0025,0.0025,0.0025,3704579423.21,3706007389.54,3703998662.57,3704736472.81,8848302.95,3494735.87,-10333347.94
2026-06-29 22:35:44,2026-06-29T12:35:44.319Z,1585.82,29720.00,3,0.0025,0.0025,0.002418,0.002418,3704736472.81,3709069768.31,3704736472.81,3709069768.31,6954242.35,5483722.89,-6120207.80
2026-06-29 22:36:52,2026-06-29T12:36:52.514Z,1584.07,29720.00,2,0.002418,0.002455,0.002418,0.002455,3709069768.31,3709904155.88,3704650757.6,3704650757.6,6016622.92,11313759.65,-3994869.10
2026-06-29 22:37:55,2026-06-29T12:37:55.429Z,1580.89,29720.00,4,0.002455,0.002467,0.002455,0.002467,3704650757.6,3704650757.6,3700482581.5,3700959682.9,15503815.50,25612549.48,-11474676.26
2026-06-29 22:43:23,2026-06-29T12:43:23.575Z,1572.31,29720.00,1,0.002024,0.002024,0.002007,0.002007,3653436188.3,3653436188.3,3653436188.3,3653436188.3,1517473.43,387090.75,26349101.32
2026-06-29 22:44:16,2026-06-29T12:44:16.097Z,1572.41,29720.00,1,0.002007,0.002007,0.002007,0.002007,3652687149.48,3652687149.48,3648942663.61,3652219150.96,1560892.82,1407141.92,17625646.69
2026-06-29 22:45:18,2026-06-29T12:45:18.965Z,1573.02,29720.00,2,0.002007,0.002007,0.001983,0.001983,3652219150.96,3654062518.05,3650897483.9,3654062518.05,4471547.35,6203053.09,29120395.57
2026-06-29 22:46:27,2026-06-29T12:46:27.050Z,1574.94,29720.00,2,0.001983,0.00204,0.001983,0.00204,3654062518.05,3656515768.57,3652696520.8,3655389462.29,10986700.72,6642825.56,27867171.69
2026-06-29 22:47:30,2026-06-29T12:47:30.013Z,1575.94,29720.00,4,0.00204,0.002073,0.00204,0.002073,3655389462.29,3658833086.1,3655389462.29,3657247714.75,7887740.91,2242881.39,35986789.39
2026-06-29 22:48:43,2026-06-29T12:48:43.083Z,1574.91,29720.00,3,0.002073,0.002073,0.002073,0.002073,3657247714.75,3660996170.37,3657247714.75,3659233971.71,4584650.77,9851508.49,23654585.07
2026-06-29 22:49:51,2026-06-29T12:49:51.117Z,1574.33,29720.00,1,0.002073,0.00212,0.002073,0.00212,3659233971.71,3659431037.8,3654430727.49,3654672667,5086047.69,5744922.00,12627358.87
2026-06-29 22:50:56,2026-06-29T12:50:56.296Z,1573.51,29720.00,0,0.00212,0.002122,0.00212,0.002122,3654672667,3657746232.75,3653336593.29,3653939679.95,7802787.23,5205793.95,8625915.67
2026-06-29 22:51:54,2026-06-29T12:51:54.091Z,1569.95,29720.00,2,0.002122,0.002122,0.002122,0.002122,3653939679.95,3656453941.09,3652079534.84,3656453941.09,13519988.12,48445604.61,-36359643.99
2026-06-29 22:53:18,2026-06-29T12:53:18.908Z,1570.94,29720.00,2,0.002073,0.002073,0.002058,0.002058,3643783116.17,3649848164.43,3642355466.42,3649848164.43,2704336.39,1117025.85,-35488977.46
2026-06-29 22:54:26,2026-06-29T12:54:26.930Z,1572.83,29720.00,2,0.002058,0.002058,0.001985,0.001985,3649848164.43,3651335333.25,3648350069.53,3650867018.9,3213890.14,1067826.28,-29001564.81
2026-06-29 22:55:30,2026-06-29T12:55:30.070Z,1573.00,29720.00,3,0.001985,0.001985,0.001985,0.001985,3650867018.9,3653595658.83,3650867018.9,3652851785.94,3203597.45,2096060.15,-32849758.01
2026-06-29 22:56:43,2026-06-29T12:56:43.175Z,1573.02,29720.00,3,0.001985,0.002059,0.001985,0.002059,3652851785.94,3655034122.52,3652011302.65,3654150102.82,1582391.65,3041232.72,5122181.20
2026-06-29 22:57:52,2026-06-29T12:57:52.583Z,1573.31,29720.00,3,0.002059,0.002059,0.002059,0.002059,3654150102.82,3654421509.37,3652864305.55,3654421509.37,5022990.45,2312072.72,9811904.34
2026-06-29 22:58:55,2026-06-29T12:58:55.872Z,1573.11,29720.00,1,0.002059,0.002059,0.002059,0.002059,3654421509.37,3656164459.67,3654019485.93,3655944300.52,1313444.86,2247249.38,3346650.35
2026-06-29 23:00:04,2026-06-29T13:00:04.705Z,1573.25,29720.00,0,0.002047,0.002047,0.002047,0.002047,3654468189.72,3654468189.72,3654468189.72,3654468189.72,257226.13,370805.44,1560307.43
2026-06-29 23:01:18,2026-06-29T13:01:18.151Z,1574.95,29720.00,2,0.002086,0.002086,0.002086,0.002086,3654090109.57,3660884691.15,3654090109.57,3660884691.15,1464123.72,1430375.20,7396647.42
2026-06-29 23:02:26,2026-06-29T13:02:26.457Z,1576.08,29720.00,3,0.002086,0.002086,0.002032,0.002032,3660884691.15,3663557160.02,3660218134.91,3663557160.02,3979623.73,3004754.57,8846571.38
2026-06-29 23:03:30,2026-06-29T13:03:30.587Z,1578.37,29720.00,2,0.002032,0.002071,0.002032,0.002071,3663557160.02,3666669241.89,3663333501.18,3666012976.74,10637564.33,6986572.23,20469810.21
2026-06-29 23:05:04,2026-06-29T13:05:04.930Z,1578.66,29720.00,1,0.002099,0.002099,0.002071,0.002099,3668248857.27,3668248857.27,3668248857.27,3668248857.27,1467113.94,506924.42,14222341.95
2026-06-29 23:06:08,2026-06-29T13:06:08.071Z,1581.60,29720.00,1,0.002099,0.002099,0.002054,0.002054,3669466948.28,3669466948.28,3669466948.28,3669466948.28,5612111.24,2077471.02,29186318.09
2026-06-29 23:07:16,2026-06-29T13:07:16.131Z,1579.71,29720.00,4,0.002054,0.002054,0.002005,0.002005,3671717714.44,3675553411.15,3668909701.23,3669136180.07,2458993.07,2937052.79,14868094.67
2026-06-29 23:08:19,2026-06-29T13:08:19.082Z,1580.67,29720.00,2,0.002005,0.002005,0.002005,0.002005,3669136180.07,3672385534.37,3667222916.12,3672066412.2,606713.99,1603759.53,15600118.79
2026-06-29 23:09:32,2026-06-29T13:09:32.440Z,1578.86,29720.00,2,0.002005,0.002005,0.002004,0.002004,3672066412.2,3672066412.2,3667142589.19,3667289749.44,905855.57,7334552.05,2339914.76
2026-06-29 23:10:40,2026-06-29T13:10:40.708Z,1578.39,29720.00,1,0.002004,0.002004,0.001847,0.001847,3667289749.44,3668269114.71,3665520499.9,3667827289.14,4687776.46,2432441.17,-11835065.33
2026-06-29 23:11:43,2026-06-29T13:11:43.533Z,1579.46,29720.00,1,0.001847,0.001847,0.001653,0.001653,3667827289.14,3670488732.58,3667827289.14,3670488732.58,2261531.97,2849190.19,-8731683.69
2026-06-29 23:12:51,2026-06-29T13:12:51.760Z,1583.24,29720.00,2,0.001653,0.001653,0.001653,0.001653,3670488732.58,3673343156.13,3669199968.7,3673109770.7,31137407.59,13813282.19,9175786.09
2026-06-29 23:13:54,2026-06-29T13:13:54.438Z,1583.74,29720.00,2,0.001653,0.001653,0.001645,0.001645,3673109770.7,3680648603.52,3673109770.7,3680648603.52,6588411.05,13103850.67,6199958.92
2026-06-29 23:15:19,2026-06-29T13:15:19.041Z,1583.20,29720.00,1,0.001763,0.001763,0.001763,0.001763,3678409939.47,3679327974.26,3675848002.46,3676167204.94,1337656.19,1097345.55,6070814.46
2026-06-29 23:16:27,2026-06-29T13:16:27.158Z,1581.57,29720.00,3,0.001763,0.001763,0.001716,0.001716,3676167204.94,3678771666.98,3676167204.94,3678302928.56,1085276.10,3821919.66,2152988.91
2026-06-29 23:17:29,2026-06-29T13:17:29.969Z,1582.30,29720.00,2,0.001716,0.001716,0.001574,0.001574,3678302928.56,3683287582.31,3676436570.78,3683058894.19,2052810.19,1458810.45,-19825388.52
2026-06-29 23:18:43,2026-06-29T13:18:43.054Z,1582.86,29720.00,0,0.001574,0.001574,0.001523,0.001523,3683058894.19,3684304842.82,3682620140.54,3684252654.43,5507048.17,2951844.87,-14792038.41
2026-06-29 23:19:51,2026-06-29T13:19:51.167Z,1582.80,29720.00,1,0.001523,0.001523,0.001523,0.001523,3684252654.43,3685726137.48,3683152450.82,3684479500.79,1946201.48,3667488.85,-12621723.68
2026-06-29 23:20:54,2026-06-29T13:20:54.208Z,1582.30,29720.00,1,0.001523,0.001523,0.001523,0.001523,3684479500.79,3684861281.37,3683045115.87,3684144565.05,1972591.95,7612034.87,-19568638.65
2026-06-29 23:22:07,2026-06-29T13:22:07.489Z,1579.71,29720.00,3,0.001496,0.001496,0.001496,0.001496,3681134676.35,3681134676.35,3681134676.35,3681134676.35,1762634.98,281147.61,-10719530.38
2026-06-29 23:23:15,2026-06-29T13:23:15.581Z,1578.06,29720.00,2,0.001496,0.001496,0.001446,0.001446,3677276022.99,3679549353.89,3674042919.6,3674042919.6,2085750.31,5924771.43,-23253973.68
2026-06-29 23:24:19,2026-06-29T13:24:19.873Z,1577.52,29720.00,3,0.001446,0.001446,0.001318,0.001318,3674042919.6,3674042919.6,3670452673.24,3671010259.43,984068.26,737064.54,-23052707.18
2026-06-29 23:25:33,2026-06-29T13:25:33.172Z,1576.52,29720.00,4,0.001318,0.001318,0.001318,0.001318,3671010259.43,3671950220.01,3670265052.21,3670265052.21,7923686.58,11796596.55,-21800497.67
2026-06-29 23:26:42,2026-06-29T13:26:42.717Z,1576.71,29720.00,1,0.001318,0.001318,0.001162,0.001162,3670265052.21,3670391785.61,3664595296.69,3668897530.04,2023590.12,3783502.54,-11109525.30
2026-06-29 23:27:55,2026-06-29T13:27:55.947Z,1575.00,29720.00,2,0.001162,0.001162,0.001126,0.001126,3668897530.04,3670258973.76,3668897530.04,3669563892.32,5941597.19,14446075.28,-11392761.93
2026-06-29 23:29:04,2026-06-29T13:29:04.198Z,1575.00,29720.00,1,0.001125,0.001126,0.001125,0.001125,3663469987.57,3663469987.57,3663469987.57,3663469987.57,262590.54,38726.33,847600.28
2026-06-29 23:30:07,2026-06-29T13:30:07.644Z,1573.55,29720.00,4,0.001125,0.001125,0.001082,0.001082,3663560519.05,3663560519.05,3663560519.05,3663560519.05,4156109.83,5615724.13,-907499.44
2026-06-29 23:31:41,2026-06-29T13:31:41.539Z,1579.30,29720.00,4,0.001082,0.001082,0.00105,0.00105,3660326155.26,3661498525.19,3647135379.6,3658819307.36,32847500.69,26332054.32,21463207.63
2026-06-29 23:32:55,2026-06-29T13:32:55.819Z,1579.49,29720.00,2,0.00105,0.00105,0.00105,0.00105,3658819307.36,3668179621.31,3657472076.92,3663463410.75,20612678.15,18536492.81,31745075.09
2026-06-29 23:34:08,2026-06-29T13:34:08.870Z,1578.85,29720.00,3,0.00103,0.001185,0.00103,0.001185,3662858393.3,3662858393.3,3662858393.3,3662858393.3,856476.61,1532356.16,16976529.85
2026-06-29 23:35:43,2026-06-29T13:35:43.779Z,1578.20,29720.00,3,0.001185,0.001185,0.001102,0.001102,3664375313.69,3667065161.26,3660424919.85,3664153743.74,6722035.72,10188467.99,637399.51
2026-06-29 23:41:44,2026-06-29T13:41:44.212Z,1568.64,29720.00,3,0.000926,0.000926,0.000832,0.000832,3645404137.67,3647566503.94,3638805459.82,3647566503.94,8877045.84,10260876.43,4400562.26
2026-06-29 23:42:57,2026-06-29T13:42:57.474Z,1568.04,29720.00,2,0.000832,0.000832,0.000832,0.000832,3647566503.94,3650496892.08,3638496254.64,3638496254.64,20980933.63,30012556.41,-9979470.59
2026-06-29 23:44:31,2026-06-29T13:44:31.092Z,1565.44,29720.00,2,0.000774,0.000774,0.000662,0.000662,3640260850.94,3640260850.94,3632420599.73,3634274561.33,20474215.78,14915599.92,-8320781.18
2026-06-29 23:45:39,2026-06-29T13:45:39.169Z,1566.62,29720.00,1,0.000662,0.000662,0.000612,0.000612,3634274561.33,3634274561.33,3625774242.71,3631162847.07,11371743.67,9816371.20,-8967462.51
2026-06-29 23:46:52,2026-06-29T13:46:52.490Z,1564.07,29720.00,3,0.000612,0.000612,0.000612,0.000612,3631162847.07,3634248987.39,3627017820.64,3634248987.39,27329377.11,36900881.79,-1862570.60
2026-06-29 23:47:55,2026-06-29T13:47:55.382Z,1567.41,29720.00,2,0.000612,0.000612,0.000571,0.000571,3634248987.39,3634445678.65,3626177805.03,3629349082.65,22812547.68,14255331.09,11737696.66
2026-06-29 23:49:05,2026-06-29T13:49:05.202Z,1565.64,29720.00,1,0.000549,0.000571,0.000549,0.000549,3636511039.18,3636511039.18,3636511039.18,3636511039.18,371956.90,186482.74,9982036.14
2026-06-29 23:50:09,2026-06-29T13:50:09.381Z,1563.82,29720.00,2,0.000549,0.000558,0.000549,0.000558,3635475087.87,3635475087.87,3635475087.87,3635475087.87,3206606.47,1994929.88,5398596.32
2026-06-29 23:51:18,2026-06-29T13:51:18.542Z,1567.09,29720.00,2,0.000558,0.000558,0.000558,0.000558,3627106685.36,3633905133.09,3627106685.36,3630953053.06,7527220.16,4683478.47,27170562.26
2026-06-29 23:52:31,2026-06-29T13:52:31.661Z,1567.23,29720.00,2,0.000558,0.000558,0.000558,0.000558,3630953053.06,3639157275.78,3630953053.06,3636257415.25,10709876.68,4086241.22,25850573.02
2026-06-29 23:55:07,2026-06-29T13:55:07.669Z,1567.29,29720.00,2,0.000689,0.000795,0.000689,0.000795,3635572230.73,3635572230.73,3635572230.73,3635572230.73,1270627.92,868454.20,31227507.35
2026-06-29 23:56:15,2026-06-29T13:56:15.818Z,1565.25,29720.00,4,0.000795,0.000795,0.000795,0.000795,3631803755.34,3634842735.8,3630175807.65,3630175807.65,2972913.90,2583836.36,30121332.89
2026-06-29 23:58:04,2026-06-29T13:58:04.946Z,1565.67,29720.00,2,0.00069,0.00069,0.00069,0.00069,3626035332.91,3626035332.91,3626035332.91,3626035332.91,644800.72,94072.51,3612586.06
2026-06-29 23:59:18,2026-06-29T13:59:18.074Z,1567.00,29720.00,4,0.000606,0.000606,0.000606,0.000606,3627599853.37,3632718740.77,3626430237.71,3632145875.38,2659802.18,1584022.68,15193806.86
2026-06-30 00:00:31,2026-06-29T14:00:31.593Z,1568.28,29720.00,3,0.000606,0.000653,0.000606,0.000653,3632145875.38,3637238885.93,3629998178.68,3636078998.2,7860479.21,8646991.78,20453260.26
2026-06-30 00:01:44,2026-06-29T14:01:44.867Z,1567.59,29720.00,1,0.000653,0.000712,0.000653,0.000712,3636078998.2,3636078998.2,3628867336.45,3628867336.45,8923180.71,4196710.43,30233557.73
2026-06-30 00:02:52,2026-06-29T14:02:52.981Z,1567.57,29720.00,2,0.000712,0.000712,0.000674,0.000674,3628867336.45,3634048168.8,3628478940.75,3628862731.3,15008988.72,6702728.33,39515765.25
2026-06-30 00:04:06,2026-06-29T14:04:06.033Z,1565.77,29720.00,3,0.000674,0.000674,0.000645,0.000645,3632721722.96,3632721722.96,3632721722.96,3632721722.96,670090.27,804624.06,19488298.02
2026-06-30 00:05:09,2026-06-29T14:05:09.929Z,1567.54,29720.00,1,0.000645,0.000645,0.000595,0.000595,3629468336.72,3629468336.72,3629468336.72,3629468336.72,997911.92,2657409.08,26508937.92
2026-06-30 00:06:17,2026-06-29T14:06:17.867Z,1564.55,29720.00,3,0.000595,0.000595,0.000595,0.000595,3633440900.08,3634757503.48,3620573386.47,3621183402.13,5031964.13,3180062.86,16877892.99
2026-06-30 00:07:31,2026-06-29T14:07:31.086Z,1563.16,29720.00,2,0.000595,0.000595,0.000595,0.000595,3621183402.13,3627911783.92,3621183402.13,3623286098.79,6711523.73,9599657.73,7846109.59
2026-06-30 00:08:35,2026-06-29T14:08:35.598Z,1559.99,29720.00,4,0.000595,0.000595,0.000493,0.000493,3623286098.79,3623286098.79,3614388007.65,3614388007.65,16949898.07,32495357.40,-22388251.24
2026-06-30 00:09:43,2026-06-29T14:09:43.512Z,1562.76,29720.00,3,0.000493,0.000493,0.000412,0.000412,3614388007.65,3622136922.95,3611658622.39,3622136922.95,10693850.35,6304561.15,-16031162.52
2026-06-30 00:10:51,2026-06-29T14:10:51.629Z,1561.99,29720.00,1,0.000412,0.000412,0.000412,0.000412,3622136922.95,3626916968.47,3621383316.73,3623662847.22,8774676.46,11106789.31,-9082986.70
2026-06-30 00:11:54,2026-06-29T14:11:54.388Z,1560.11,29720.00,3,0.000412,0.000412,0.000391,0.000391,3623662847.22,3629624920.46,3622020199.49,3622020199.49,14313810.19,19077410.28,-17725401.59
2026-06-30 00:13:07,2026-06-29T14:13:07.638Z,1558.77,29720.00,3,0.000466,0.000466,0.000466,0.000466,3618712755.23,3618712755.23,3618712755.23,3618712755.23,1194803.78,1252669.84,-10520957.39
2026-06-30 00:14:27,2026-06-29T14:14:27.644Z,1558.72,29720.00,2,0.000466,0.000466,0.000372,0.000372,3616607846.51,3618159154.82,3615285624.53,3617356535.16,4433851.81,22092951.80,-31725415.39
2026-06-30 00:15:20,2026-06-29T14:15:20.571Z,1558.29,29720.00,1,0.000372,0.000382,0.000372,0.000382,3617356535.16,3618647005.36,3611571688.84,3615315409.82,6698813.76,5901878.90,-16776877.76
2026-06-30 00:16:28,2026-06-29T14:16:28.872Z,1561.24,29720.00,3,0.000382,0.000382,0.000382,0.000382,3615315409.82,3620322756.81,3609877244.77,3620322756.81,19283767.17,8633427.90,-5894551.00
2026-06-30 00:17:42,2026-06-29T14:17:42.239Z,1558.12,29720.00,0,0.000382,0.000382,0.00031,0.00031,3620322756.81,3628941816.99,3620322756.81,3622062345.77,10967047.50,17340098.89,-4658390.46
2026-06-30 00:18:55,2026-06-29T14:18:55.385Z,1557.40,29720.00,4,0.00031,0.000466,0.00031,0.000466,3622062345.77,3622062345.77,3612726243.21,3620398383.78,15216563.70,17305162.71,-9184749.73
2026-06-30 00:20:04,2026-06-29T14:20:04.103Z,1560.42,29720.00,2,0.00049,0.00049,0.00049,0.00049,3621643364.21,3621643364.21,3621643364.21,3621643364.21,174022.70,688233.62,825815.33
2026-06-30 00:21:07,2026-06-29T14:21:07.175Z,1559.13,29720.00,2,0.00049,0.000514,0.00049,0.000514,3627760441.34,3627760441.34,3627760441.34,3627760441.34,1055017.84,644310.52,-6790739.82
2026-06-30 00:22:15,2026-06-29T14:22:15.718Z,1560.60,29720.00,3,0.000514,0.000525,0.000514,0.000525,3625316301.96,3631516361.03,3625316301.96,3629895426.29,2946548.95,993342.56,4185459.59
2026-06-30 00:23:18,2026-06-29T14:23:18.683Z,1558.37,29720.00,2,0.000525,0.000525,0.000525,0.000525,3629895426.29,3633197111.45,3627365399.16,3632964375.24,6113960.64,3556484.00,11203055.59
2026-06-30 00:24:26,2026-06-29T14:24:26.712Z,1559.26,29720.00,2,0.000525,0.00063,0.000525,0.00063,3632964375.24,3632964375.24,3623370879.48,3625588541.73,3718518.17,4251835.06,7746509.71
2026-06-30 00:25:29,2026-06-29T14:25:29.744Z,1563.21,29720.00,3,0.00063,0.00063,0.000601,0.000601,3625588541.73,3630196988.3,3623790093.73,3630196988.3,13499660.14,6086895.30,20351786.70
2026-06-30 00:26:43,2026-06-29T14:26:43.012Z,1564.00,29720.00,3,0.000601,0.000601,0.000601,0.000601,3630196988.3,3636639233.83,3630196988.3,3636314148.28,8496828.42,7805813.61,19127144.54
2026-06-30 00:30:06,2026-06-29T14:30:06.089Z,1568.06,29720.00,2,0.000904,0.000904,0.000806,0.000904,3646718945.55,3646718945.55,3646718945.55,3646718945.55,494370.22,582905.88,15874105.44
2026-06-30 00:31:55,2026-06-29T14:31:55.197Z,1568.52,29720.00,1,0.000904,0.001057,0.000904,0.001057,3645150499.85,3648465165.11,3644901760.66,3648465165.11,9813014.54,11638502.68,10148708.75
2026-06-30 00:33:03,2026-06-29T14:33:03.355Z,1566.69,29720.00,3,0.001018,0.001057,0.001018,0.001018,3645692736.26,3645692736.26,3645692736.26,3645692736.26,1003694.61,107514.30,-15886607.43
2026-06-30 00:34:11,2026-06-29T14:34:11.505Z,1574.27,29720.00,4,0.001018,0.001018,0.000998,0.000998,3639201923.12,3639201923.12,3639201923.12,3639201923.12,7520961.41,6634549.35,9318820.06
2026-06-30 00:35:40,2026-06-29T14:35:40.244Z,1571.80,29720.00,3,0.000998,0.000998,0.000923,0.000923,3656619286.16,3656619286.16,3649134436.08,3649134436.08,7634252.84,11719502.28,-16866102.73
2026-06-30 00:36:43,2026-06-29T14:36:43.193Z,1571.87,29720.00,2,0.000923,0.000923,0.000923,0.000923,3649134436.08,3649538979.58,3643830341.51,3643830341.51,5344914.95,4560070.89,-15749487.80
2026-06-30 00:37:51,2026-06-29T14:37:51.441Z,1571.40,29720.00,3,0.000923,0.001128,0.000923,0.001128,3643830341.51,3648145367.26,3643830341.51,3648145367.26,8800317.57,8224569.20,-5974305.67
2026-06-30 00:38:54,2026-06-29T14:38:54.847Z,1570.85,29720.00,3,0.001128,0.001128,0.001115,0.001115,3648145367.26,3648213764.11,3643903360.14,3644831872.79,7140462.76,10508889.45,-29273257.63
2026-06-30 00:40:14,2026-06-29T14:40:14.815Z,1570.59,29720.00,3,0.001113,0.001113,0.001113,0.001113,3640719125.15,3640719125.15,3640719125.15,3640719125.15,1110255.79,1552190.83,217755.77
2026-06-30 00:41:17,2026-06-29T14:41:17.877Z,1568.72,29720.00,3,0.001113,0.001113,0.001103,0.001103,3643269790.32,3644541126.3,3635004332.92,3635004332.92,4110169.19,1050901.02,7804597.45
2026-06-30 00:42:35,2026-06-29T14:42:35.084Z,1569.69,29720.00,3,0.001103,0.001103,0.001037,0.001037,3635004332.92,3642529063.56,3635004332.92,3640587565.63,1242744.09,1644714.81,5761941.28
2026-06-30 00:43:27,2026-06-29T14:43:27.881Z,1568.57,29720.00,3,0.001037,0.001037,0.001037,0.001037,3640587565.63,3642155829.88,3639633180.79,3639803218.86,3938187.03,6564997.11,6421015.64
2026-06-30 00:44:31,2026-06-29T14:44:31.934Z,1565.02,29720.00,3,0.001037,0.00113,0.001037,0.00113,3639803218.86,3639803218.86,3631868023.34,3632939533.29,4365792.58,8992100.38,-4238115.40
2026-06-30 00:45:40,2026-06-29T14:45:40.066Z,1565.06,29720.00,3,0.00113,0.00113,0.001117,0.001117,3632939533.29,3634259492.46,3626408899.16,3627666893.86,3430825.37,5929524.84,-10939452.88
2026-06-30 00:46:42,2026-06-29T14:46:42.981Z,1565.41,29720.00,1,0.001117,0.001117,0.001055,0.001055,3627666893.86,3629857568.8,3626393528.66,3629857568.8,6834123.06,6705205.33,-13129317.05
2026-06-30 00:47:56,2026-06-29T14:47:56.046Z,1565.73,29720.00,0,0.001055,0.001055,0.001055,0.001055,3629857568.8,3634495286.6,3629857568.8,3634495286.6,4313070.45,4843524.67,-13342274.16
2026-06-30 00:49:04,2026-06-29T14:49:04.325Z,1563.61,29720.00,3,0.001056,0.001076,0.001055,0.001076,3632941882.94,3632941882.94,3632941882.94,3632941882.94,746407.07,2566931.22,-11445285.42
2026-06-30 00:50:07,2026-06-29T14:50:07.691Z,1564.64,29720.00,3,0.001076,0.001076,0.001076,0.001076,3627585383.04,3627585383.04,3627585383.04,3627585383.04,1765217.70,1207097.74,-6226577.35
2026-06-30 00:51:16,2026-06-29T14:51:16.144Z,1567.23,29720.00,3,0.001076,0.001076,0.001007,0.001007,3631392729.25,3641314982.18,3631392729.25,3639941033.01,1548948.30,1997339.16,-3397436.08
2026-06-30 00:52:19,2026-06-29T14:52:19.051Z,1566.22,29720.00,3,0.001007,0.001113,0.001007,0.001113,3639941033.01,3639941033.01,3633463349.7,3633463349.7,540591.60,461752.96,-1337434.54
2026-06-30 00:53:21,2026-06-29T14:53:21.799Z,1567.05,29720.00,3,0.001113,0.001113,0.001113,0.001113,3633463349.7,3638524402.96,3633463349.7,3638524402.96,2124801.40,1923806.46,5244352.15
2026-06-30 00:54:41,2026-06-29T14:54:41.959Z,1571.95,29720.00,2,0.001113,0.001171,0.001113,0.001171,3638524402.96,3642814456.93,3638043193.04,3642496812.19,12343089.51,11194562.60,8286939.88
2026-06-30 00:55:55,2026-06-29T14:55:55.041Z,1570.50,29720.00,2,0.001171,0.001253,0.001171,0.001253,3642496812.19,3649968985.95,3642196917.45,3646588290.2,8337414.74,9858670.21,-3183594.72
2026-06-30 00:57:08,2026-06-29T14:57:08.254Z,1570.23,29720.00,2,0.00139,0.00139,0.00139,0.00139,3642478831.14,3642478831.14,3642478831.14,3642478831.14,251618.36,241611.76,-5394669.03
2026-06-30 00:58:16,2026-06-29T14:58:16.466Z,1568.01,29720.00,3,0.00139,0.001414,0.00139,0.001414,3642524150.13,3643656375.52,3638391755.38,3638391755.38,536215.13,1653959.54,-12223618.94
2026-06-30 00:59:19,2026-06-29T14:59:19.388Z,1568.01,29720.00,3,0.001414,0.001414,0.001376,0.001376,3638391755.38,3639797800.02,3635837872.74,3636039783.23,642419.89,569822.51,-7206439.53
2026-06-30 01:00:27,2026-06-29T15:00:27.941Z,1568.96,29720.00,2,0.001376,0.001376,0.001376,0.001376,3636039783.23,3643786175.29,3636039783.23,3642576440.32,2764566.95,2578264.68,-1621187.27
2026-06-30 01:01:30,2026-06-29T15:01:30.977Z,1567.45,29720.00,3,0.001376,0.001376,0.001287,0.001287,3642576440.32,3644460540.52,3640203236.89,3640717702.82,2687791.19,3591942.07,-1467256.26
2026-06-30 01:02:46,2026-06-29T15:02:46.193Z,1567.29,29720.00,4,0.001287,0.001333,0.001287,0.001333,3640717702.82,3640717702.82,3635449925.7,3636303791.99,1637927.38,2018848.74,1960443.54
2026-06-30 01:03:54,2026-06-29T15:03:54.371Z,1564.29,29720.00,2,0.001333,0.001333,0.001283,0.001283,3636303791.99,3637385008.55,3635534034.3,3636210900.41,11038669.28,12073963.83,891901.77
2026-06-30 01:05:08,2026-06-29T15:05:08.421Z,1564.12,29720.00,1,0.001283,0.001283,0.001229,0.001229,3631242987.03,3631242987.03,3631242987.03,3631242987.03,1051048.13,3895102.26,-9641375.55
2026-06-30 01:07:29,2026-06-29T15:07:29.515Z,1561.41,29720.00,3,0.001216,0.001216,0.001216,0.001216,3622791245.46,3626694526.55,3621442549.39,3623045208.45,4941142.74,3492170.13,-5262254.62
2026-06-30 01:08:53,2026-06-29T15:08:53.939Z,1562.80,29720.00,3,0.001216,0.001216,0.001141,0.001141,3623045208.45,3624870302.4,3620792409.64,3623897339.72,7405791.79,4931755.09,-4233149.26
2026-06-30 01:09:52,2026-06-29T15:09:52.238Z,1563.73,29720.00,3,0.001141,0.001141,0.00107,0.00107,3623897339.72,3628749727.09,3622972806.31,3627278514.58,5406890.48,2442961.16,3742670.16
2026-06-30 01:11:05,2026-06-29T15:11:05.708Z,1563.14,29720.00,2,0.00107,0.00107,0.00107,0.00107,3630365111.86,3630365111.86,3630365111.86,3630365111.86,487190.04,758608.66,3437217.78
2026-06-30 01:12:08,2026-06-29T15:12:08.709Z,1561.32,29720.00,3,0.001085,0.001134,0.001085,0.001134,3628490342.96,3628490342.96,3628490342.96,3628490342.96,774404.20,992157.40,3832294.79
2026-06-30 01:13:16,2026-06-29T15:13:16.683Z,1560.17,29720.00,3,0.001134,0.001134,0.001004,0.001004,3622314235.72,3622314235.72,3617137850.54,3617815700.07,2188830.08,1930553.92,-4433868.15
2026-06-30 01:14:19,2026-06-29T15:14:19.776Z,1561.13,29720.00,1,0.001004,0.001004,0.001004,0.001004,3617815700.07,3623557355.19,3617815700.07,3623479380.15,2499221.15,907335.82,-2477493.96
2026-06-30 01:15:27,2026-06-29T15:15:27.928Z,1562.52,29720.00,3,0.001004,0.001004,0.000903,0.000903,3623479380.15,3628556562.19,3623087114.12,3628249557.53,3146160.58,2279552.52,2044753.98
2026-06-30 01:16:30,2026-06-29T15:16:30.777Z,1563.08,29720.00,2,0.000903,0.000959,0.000903,0.000959,3628249557.53,3631730645.74,3627565964.09,3631730645.74,3384290.91,2704276.86,2148674.22
2026-06-30 01:17:43,2026-06-29T15:17:43.997Z,1563.86,29720.00,2,0.000959,0.000959,0.000959,0.000959,3631730645.74,3632518343.3,3627966177.71,3632518343.3,4084153.55,5970277.09,6727051.14
2026-06-30 01:18:57,2026-06-29T15:18:57.244Z,1565.03,29720.00,3,0.000959,0.001057,0.000959,0.001057,3632518343.3,3632518343.3,3629992521.88,3629992521.88,8658331.93,3426762.00,6836439.46
2026-06-30 01:20:05,2026-06-29T15:20:05.957Z,1566.26,29720.00,3,0.001077,0.001077,0.001077,0.001077,3633571596.03,3633571596.03,3633571596.03,3633571596.03,71777.83,622988.83,-617394.87
2026-06-30 01:21:09,2026-06-29T15:21:09.164Z,1565.22,29720.00,2,0.001116,0.001116,0.001116,0.001116,3633046838.34,3633046838.34,3633046838.34,3633046838.34,248789.73,192870.47,-2455957.26
2026-06-30 01:22:17,2026-06-29T15:22:17.342Z,1564.98,29720.00,1,0.001116,0.00113,0.001116,0.00113,3629131508.57,3631525849.9,3628650357.08,3628878242.49,416103.07,568174.19,-188576.84
2026-06-30 01:23:30,2026-06-29T15:23:30.400Z,1561.97,29720.00,3,0.00113,0.00113,0.001077,0.001077,3628878242.49,3631444314.41,3624220059.45,3625756740.64,880817.54,1619499.23,-5778927.46
2026-06-30 01:24:39,2026-06-29T15:24:39.822Z,1561.18,29720.00,3,0.001077,0.001077,0.001077,0.001077,3625756740.64,3625803266.24,3623502930.33,3623502930.33,8530321.13,7601157.92,-1866781.10
2026-06-30 01:25:42,2026-06-29T15:25:42.877Z,1563.23,29720.00,1,0.001077,0.001077,0.001022,0.001022,3623502930.33,3624440209.87,3619773647.51,3624440209.87,2466929.81,1804951.80,-1037860.01
2026-06-30 01:26:50,2026-06-29T15:26:50.900Z,1564.06,29720.00,3,0.001022,0.001022,0.000943,0.000943,3624440209.87,3626980998.63,3624159842.77,3624384926.05,2649125.85,1370237.33,838598.39
2026-06-30 01:27:53,2026-06-29T15:27:53.945Z,1564.99,29720.00,3,0.000943,0.000992,0.000943,0.000992,3624384926.05,3629918228.66,3624384926.05,3629918228.66,2679590.83,6616661.02,-2555274.64
2026-06-30 01:29:07,2026-06-29T15:29:07.051Z,1565.94,29720.00,2,0.000992,0.001043,0.000992,0.001043,3632420267.95,3632420267.95,3632420267.95,3632420267.95,2143972.92,687653.41,-278187.67
2026-06-30 01:33:55,2026-06-29T15:33:55.575Z,1571.65,29720.00,1,0.001353,0.001398,0.001353,0.001398,3644584894.86,3651306715.75,3643491474.07,3644267466.63,12096622.22,15211472.45,2329265.86
2026-06-30 01:35:09,2026-06-29T15:35:09.002Z,1571.42,29720.00,4,0.001398,0.001466,0.001398,0.001466,3644653848.16,3644653848.16,3644653848.16,3644653848.16,1344281.07,3141086.71,-3458755.01
2026-06-30 01:36:17,2026-06-29T15:36:17.083Z,1576.44,29720.00,3,0.001466,0.001466,0.001465,0.001465,3644461871.47,3645029513.48,3641228979.12,3645029513.48,42633301.96,17902314.84,30953880.23
2026-06-30 01:37:20,2026-06-29T15:37:20.066Z,1577.29,29720.00,2,0.001465,0.001466,0.001465,0.001466,3645029513.48,3654219271.03,3644425691.63,3652028343.78,5253932.76,7575501.11,28807746.42
2026-06-30 01:38:28,2026-06-29T15:38:28.113Z,1577.65,29720.00,2,0.001466,0.001466,0.001466,0.001466,3652028343.78,3652028343.78,3649662552.41,3651296580.62,12395838.43,10745275.08,32586113.27
2026-06-30 01:39:42,2026-06-29T15:39:42.601Z,1578.42,29720.00,0,0.001466,0.001704,0.001466,0.001704,3651296580.62,3658339298.15,3651296580.62,3656420474.67,4593343.96,8656134.28,33048031.82
2026-06-30 01:40:45,2026-06-29T15:40:45.618Z,1577.97,29720.00,0,0.001704,0.001784,0.001704,0.001784,3656420474.67,3656467781.68,3653502229.56,3655905077.79,6837742.27,13021023.94,24018295.45
2026-06-30 01:41:53,2026-06-29T15:41:53.852Z,1573.78,29720.00,2,0.001784,0.001784,0.001784,0.001784,3655905077.79,3657301785.32,3652597998.11,3653420544.8,10386364.44,12922114.36,-15339008.55
2026-06-30 01:43:07,2026-06-29T15:43:07.038Z,1575.29,29720.00,1,0.001866,0.001866,0.001777,0.001777,3647124880.78,3647124880.78,3647124880.78,3647124880.78,659705.46,1403103.31,-21683355.82
2026-06-30 01:44:15,2026-06-29T15:44:15.168Z,1575.28,29720.00,2,0.001777,0.001777,0.001777,0.001777,3647710020.89,3649684068.96,3647451544.49,3647451544.49,2586434.65,1885218.84,-5546837.17
2026-06-30 01:45:17,2026-06-29T15:45:17.951Z,1575.07,29720.00,2,0.001777,0.001802,0.001777,0.001802,3647451544.49,3651689796.41,3646919603.27,3651238686.59,2953546.97,3124954.72,3983032.68
2026-06-30 01:46:31,2026-06-29T15:46:31.023Z,1574.71,29720.00,2,0.001802,0.001802,0.00179,0.00179,3651238686.59,3652397777.67,3647280367.74,3647599540.35,6083627.68,12678374.85,-2071349.63
2026-06-30 01:47:43,2026-06-29T15:47:43.972Z,1575.13,29720.00,2,0.00179,0.00179,0.001781,0.001781,3647599540.35,3647769485.99,3641493844.66,3641493844.66,19761691.08,11437618.19,10032444.20
2026-06-30 01:48:57,2026-06-29T15:48:57.298Z,1575.36,29720.00,2,0.001781,0.001781,0.001781,0.001781,3641493844.66,3649508684.88,3641493844.66,3647849862.02,8849881.38,5502350.99,1641632.02
2026-06-30 01:50:05,2026-06-29T15:50:05.711Z,1574.61,29720.00,2,0.00179,0.001854,0.001781,0.001854,3646992466.69,3646992466.69,3646992466.69,3646992466.69,704640.25,154070.35,5916857.26
2026-06-30 01:51:19,2026-06-29T15:51:19.111Z,1576.77,29720.00,4,0.001854,0.001854,0.001854,0.001854,3646048365.47,3650053404.92,3645825268.87,3650053404.92,677960.33,874512.09,15198735.66
2026-06-30 01:52:32,2026-06-29T15:52:32.287Z,1575.42,29720.00,2,0.001854,0.001871,0.001854,0.001871,3650053404.92,3650053404.92,3646328989.31,3647130631.65,3665710.60,5748753.61,6406404.52
2026-06-30 01:53:41,2026-06-29T15:53:41.011Z,1579.86,29720.00,3,0.001871,0.001915,0.001871,0.001915,3647130631.65,3648270145.84,3643556091.05,3645336254.87,106149491.97,42479839.97,68627955.69
2026-06-30 01:55:31,2026-06-29T15:55:31.441Z,1578.90,29720.00,3,0.001899,0.001899,0.001899,0.001899,3656099206.66,3656099206.66,3650326303.4,3651205484.94,3421190.96,9491301.29,65704145.48
2026-06-30 01:56:39,2026-06-29T15:56:39.428Z,1578.84,29720.00,1,0.001899,0.002111,0.001899,0.002111,3651205484.94,3652126873.68,3646439657.41,3646824161.53,4278927.13,3373065.70,68354916.61
2026-06-30 01:57:42,2026-06-29T15:57:42.361Z,1577.45,29720.00,3,0.002111,0.002167,0.002111,0.002167,3646824161.53,3646824161.53,3643288204.89,3643288204.89,2018875.14,3955093.87,64871237.08
2026-06-30 01:58:55,2026-06-29T15:58:55.623Z,1577.62,29720.00,3,0.002167,0.002167,0.002167,0.002167,3643288204.89,3644118227.87,3642049011.58,3642231814.51,2688725.04,4850758.95,-14674541.38
2026-06-30 02:00:21,2026-06-29T16:00:21.434Z,1577.62,29720.00,1,0.002127,0.002144,0.002127,0.002144,3643094464.09,3643094464.09,3643094464.09,3643094464.09,2233760.76,865588.56,-5931011.85
2026-06-30 02:01:09,2026-06-29T16:01:09.527Z,1576.97,29720.00,2,0.002144,0.002144,0.002144,0.002144,3642813410.13,3642813410.13,3642813410.13,3642813410.13,285485.46,308879.50,-5943499.78
2026-06-30 02:02:17,2026-06-29T16:02:17.730Z,1576.66,29720.00,1,0.002144,0.002178,0.002144,0.002178,3642905378.26,3643174212.16,3642030750.76,3642391789.81,1687442.97,2210872.80,-3696418.63
2026-06-30 02:03:30,2026-06-29T16:03:30.883Z,1576.83,29720.00,0,0.002178,0.002199,0.002178,0.002199,3642391789.81,3644021518.75,3641191367.67,3641967392.82,2428739.58,1104339.40,404775.93
2026-06-30 02:04:44,2026-06-29T16:04:44.270Z,1577.13,29720.00,1,0.002199,0.002199,0.002196,0.002196,3641967392.82,3644186094.02,3640779151.76,3642852100.88,3524225.75,2352319.50,2329455.32
2026-06-30 02:05:52,2026-06-29T16:05:52.482Z,1579.82,29720.00,2,0.002196,0.002196,0.002196,0.002196,3642852100.88,3643525615.85,3642341559.22,3642979359.74,11330779.10,5127634.29,8906791.52
2026-06-30 02:06:55,2026-06-29T16:06:55.310Z,1577.69,29720.00,1,0.002196,0.002289,0.002196,0.002289,3642979359.74,3648966516.57,3642092703.6,3648966516.57,6766741.53,9776279.78,5359103.36
2026-06-30 02:08:03,2026-06-29T16:08:03.425Z,1577.69,29720.00,1,0.002345,0.002345,0.002289,0.002345,3644499913.12,3644499913.12,3644499913.12,3644499913.12,438264.38,24597.15,8602224.42
2026-06-30 02:09:06,2026-06-29T16:09:06.529Z,1576.98,29720.00,2,0.002345,0.002379,0.002345,0.002379,3646344098.69,3646344098.69,3646344098.69,3646344098.69,69375.65,182803.53,3180151.49
2026-06-30 02:10:09,2026-06-29T16:10:09.906Z,1576.49,29720.00,2,0.002379,0.002383,0.002379,0.002383,3643228633.62,3643228633.62,3643228633.62,3643228633.62,651146.00,1144678.42,-8007612.51
2026-06-30 02:11:18,2026-06-29T16:11:18.328Z,1575.49,29720.00,3,0.002383,0.002383,0.002355,0.002355,3641066590.78,3643034658.65,3638657761.77,3640027359.16,1301133.17,1660774.15,892182.46
2026-06-30 02:12:31,2026-06-29T16:12:31.692Z,1576.53,29720.00,0,0.002355,0.002355,0.002355,0.002355,3640027359.16,3641866596.91,3639035045.04,3641782542.9,1483974.24,1734940.05,-2802801.11
2026-06-30 02:13:39,2026-06-29T16:13:39.672Z,1574.52,29720.00,3,0.002355,0.002355,0.002345,0.002345,3641782542.9,3643838503.12,3641440477.69,3641966140.23,1240244.02,2102984.91,-3445635.47
2026-06-30 02:14:42,2026-06-29T16:14:42.574Z,1574.61,29720.00,2,0.002345,0.002453,0.002345,0.002453,3641966140.23,3642719148.78,3638333309.28,3638333309.28,3095479.10,5762436.45,-715129.33
2026-06-30 02:15:55,2026-06-29T16:15:55.798Z,1575.47,29720.00,1,0.002453,0.002453,0.002453,0.002453,3638333309.28,3638333309.28,3636485831,3636813924.89,5964463.36,6089040.90,-6970217.39
2026-06-30 02:16:58,2026-06-29T16:16:58.855Z,1575.33,29720.00,0,0.002453,0.002453,0.002452,0.002452,3636813924.89,3638925450.92,3636572848.18,3638764116.96,4674027.62,5681072.23,-7049050.38
2026-06-30 02:18:07,2026-06-29T16:18:07.086Z,1575.61,29720.00,1,0.002474,0.002538,0.002474,0.002538,3639078789.8,3639078789.8,3639078789.8,3639078789.8,77577.32,111430.18,-2741574.44
2026-06-30 02:19:15,2026-06-29T16:19:15.022Z,1575.61,29720.00,0,0.002538,0.002538,0.002538,0.002538,3640154186.24,3641646663.41,3640154186.24,3640462009.3,665311.35,580517.54,226115.46
2026-06-30 02:20:18,2026-06-29T16:20:18.453Z,1576.10,29720.00,2,0.002538,0.002637,0.002538,0.002637,3640462009.3,3643538134.19,3640347431.07,3643538134.19,551669.26,757086.48,1779033.10
2026-06-30 02:21:26,2026-06-29T16:21:26.637Z,1574.49,29720.00,2,0.002637,0.002749,0.002637,0.002749,3643538134.19,3644128675.67,3637180811.4,3638423682.01,1588868.17,698287.41,2912355.87
2026-06-30 02:22:29,2026-06-29T16:22:29.455Z,1574.38,29720.00,2,0.002749,0.002749,0.002749,0.002749,3638423682.01,3639150360.37,3636384516.97,3636384516.97,902932.07,1575301.99,-2386835.67
2026-06-30 02:23:32,2026-06-29T16:23:32.380Z,1573.39,29720.00,2,0.002749,0.002749,0.002719,0.002719,3636384516.97,3637864608.89,3635662263.97,3636890187.44,944735.06,896952.09,-1973677.66
2026-06-30 02:24:45,2026-06-29T16:24:45.583Z,1574.50,29720.00,1,0.002719,0.002719,0.002633,0.002633,3636890187.44,3637927265.22,3636330806.45,3637567172.86,761077.23,1741933.22,-4834458.42
2026-06-30 02:25:54,2026-06-29T16:25:54.025Z,1572.18,29720.00,2,0.002633,0.002713,0.002633,0.002713,3637567172.86,3639099968.14,3636204511.73,3636204511.73,11243842.28,23593859.54,-12341226.25
2026-06-30 02:27:07,2026-06-29T16:27:07.220Z,1572.01,29720.00,1,0.002713,0.002761,0.002713,0.002761,3627811031.62,3627811031.62,3627811031.62,3627811031.62,399525.40,788612.50,-11153274.49
2026-06-30 02:28:20,2026-06-29T16:28:20.403Z,1572.00,29720.00,1,0.002761,0.002761,0.002696,0.002696,3626383046.56,3626456472.56,3625567706.81,3626165684.84,583430.58,573660.73,-14329525.58
2026-06-30 02:29:23,2026-06-29T16:29:23.341Z,1571.97,29720.00,1,0.002696,0.002696,0.002696,0.002696,3626165684.84,3626514904.61,3625009039.3,3625700522.34,1012295.05,963177.62,-17232316.65
2026-06-30 02:30:31,2026-06-29T16:30:31.861Z,1573.14,29720.00,3,0.002696,0.002747,0.002696,0.002747,3625700522.34,3627043361.91,3624167972.52,3627043361.91,7121417.70,2931358.54,-164347.45
2026-06-30 02:31:40,2026-06-29T16:31:40.106Z,1574.06,29720.00,2,0.002747,0.002785,0.002747,0.002785,3627043361.91,3631808085.89,3625833982.74,3631808085.89,1442813.73,2659462.92,533663.41
2026-06-30 02:32:42,2026-06-29T16:32:42.969Z,1573.94,29720.00,1,0.002785,0.002785,0.002785,0.002785,3631808085.89,3631966628.96,3628228752.35,3629170432.64,3342399.50,1901946.52,5765481.11
2026-06-30 02:33:56,2026-06-29T16:33:56.191Z,1573.93,29720.00,0,0.002785,0.002932,0.002785,0.002932,3629170432.64,3630378241.4,3628203337.42,3630378241.4,1284953.17,1470742.97,5522652.29
2026-06-30 02:35:04,2026-06-29T16:35:04.847Z,1573.93,29720.00,0,0.002947,0.002947,0.002947,0.002947,3629322885.75,3629322885.75,3629322885.75,3629322885.75,26034.07,248787.93,1773957.95
2026-06-30 02:36:07,2026-06-29T16:36:07.924Z,1574.22,29720.00,0,0.00302,0.00302,0.00302,0.00302,3630335820.31,3630335820.31,3630335820.31,3630335820.31,60069.82,880690.88,2136968.09
2026-06-30 02:37:21,2026-06-29T16:37:21.060Z,1575.41,29720.00,3,0.00302,0.003067,0.00302,0.003067,3631517197.41,3631670602.6,3630314903.7,3631452548.91,1827156.41,372581.12,2196750.66
2026-06-30 02:38:29,2026-06-29T16:38:29.122Z,1576.26,29720.00,2,0.003067,0.00313,0.003067,0.00313,3631452548.91,3636743209.29,3631420250.02,3636587494.44,1251725.55,1488823.93,-430521.83
2026-06-30 02:39:32,2026-06-29T16:39:32.010Z,1576.21,29720.00,2,0.00313,0.00313,0.00313,0.00313,3636587494.44,3636587494.44,3634027903.32,3634027903.32,784076.02,1876047.27,171431.56
2026-06-30 02:40:40,2026-06-29T16:40:40.287Z,1577.69,29720.00,3,0.00313,0.003251,0.00313,0.003251,3634027903.32,3640310507.3,3634027903.32,3640310507.3,7789873.42,3014729.76,9541711.91
2026-06-30 02:41:43,2026-06-29T16:41:43.237Z,1577.86,29720.00,2,0.003251,0.003279,0.003251,0.003279,3640310507.3,3641027013.18,3638524034.13,3640911195.1,1651341.29,6400969.27,5284738.48
2026-06-30 02:42:56,2026-06-29T16:42:56.406Z,1579.77,29720.00,4,0.003279,0.003279,0.003279,0.003279,3640911195.1,3641984093.41,3640827676.81,3641984093.41,7496973.51,5884719.72,8591289.09
2026-06-30 02:44:04,2026-06-29T16:44:04.468Z,1580.21,29720.00,3,0.003397,0.003397,0.003397,0.003397,3646389102.49,3646389102.49,3646389102.49,3646389102.49,120304.59,471700.54,1323307.21
2026-06-30 02:45:08,2026-06-29T16:45:08.964Z,1582.97,29720.00,4,0.003479,0.003578,0.003479,0.003578,3648346517.28,3648346517.28,3648346517.28,3648346517.28,1210044.82,2041895.91,35184320.24
2026-06-30 02:46:17,2026-06-29T16:46:17.197Z,1581.18,29720.00,2,0.003578,0.003578,0.003578,0.003578,3684792938.66,3684792938.66,3678426135.57,3678426135.57,1188542.08,996690.84,30129448.10
2026-06-30 02:47:30,2026-06-29T16:47:30.681Z,1581.06,29720.00,1,0.003578,0.003644,0.003578,0.003644,3678426135.57,3680414653.4,3678185657.89,3679090597.49,3343431.29,8338495.93,22107702.01
2026-06-30 02:48:33,2026-06-29T16:48:33.571Z,1583.20,29720.00,4,0.003644,0.003676,0.003644,0.003676,3679090597.49,3684933723.79,3679090597.49,3684933723.79,11842096.07,10933174.23,22565389.40
2026-06-30 02:49:41,2026-06-29T16:49:41.661Z,1583.11,29720.00,2,0.003676,0.003676,0.003676,0.003676,3684933723.79,3689008344.7,3684647788.09,3688773322.15,2483489.90,4983603.94,-18459565.37
2026-06-30 02:50:55,2026-06-29T16:50:55.073Z,1583.51,29720.00,0,0.003676,0.003802,0.003676,0.003802,3688773322.15,3692182199.35,3688773322.15,3692182199.35,11909851.16,11803279.17,-7931433.03
2026-06-30 02:52:03,2026-06-29T16:52:03.846Z,1582.72,29720.00,1,0.003863,0.003894,0.003802,0.003894,3688115725.51,3688115725.51,3688115725.51,3688115725.51,327959.77,67205.81,-2614043.94
2026-06-30 02:53:11,2026-06-29T16:53:11.605Z,1581.83,29720.00,3,0.003894,0.003894,0.003894,0.003894,3689586708.77,3689586708.77,3689586708.77,3689586708.77,81282.83,88604.32,-6811140.26
2026-06-30 02:54:19,2026-06-29T16:54:19.607Z,1580.41,29720.00,2,0.003894,0.003894,0.003892,0.003892,3685906298.08,3687380762.63,3683451783.36,3684195154.18,1843697.15,910321.32,-6599560.48
2026-06-30 02:55:27,2026-06-29T16:55:27.841Z,1580.33,29720.00,2,0.003892,0.003892,0.003853,0.003853,3684195154.18,3686626070.69,3683558647.85,3686626070.69,1339970.09,1174549.24,-10586313.62
2026-06-30 02:56:30,2026-06-29T16:56:30.725Z,1580.96,29720.00,1,0.003853,0.003853,0.003853,0.003853,3686626070.69,3686626070.69,3684164777.18,3684164777.18,1656517.68,673196.91,-6701346.50
2026-06-30 02:57:38,2026-06-29T16:57:38.819Z,1581.08,29720.00,1,0.003853,0.003907,0.003853,0.003907,3684164777.18,3688458932.38,3684129431.62,3688362444.83,1890953.56,2100397.76,-3748822.58
2026-06-30 02:58:41,2026-06-29T16:58:41.685Z,1582.69,29720.00,3,0.003907,0.003972,0.003907,0.003972,3688362444.83,3689078140.42,3687940900.52,3689078140.42,2814948.99,3071811.65,1032538.55
2026-06-30 02:59:54,2026-06-29T16:59:54.813Z,1582.10,29720.00,0,0.003972,0.004069,0.003972,0.004069,3689078140.42,3691803227.77,3688946084.7,3688946084.7,1756670.28,1555618.18,3162926.47
2026-06-30 03:01:03,2026-06-29T17:01:03.287Z,1582.91,29720.00,3,0.004069,0.00412,0.004069,0.00412,3691158636.71,3691158636.71,3691158636.71,3691158636.71,11290.64,41623.82,3730608.43
2026-06-30 03:02:06,2026-06-29T17:02:06.312Z,1582.91,29720.00,2,0.00412,0.004206,0.00412,0.004206,3693530254.23,3693530254.23,3693530254.23,3693530254.23,1004142.83,82184.07,4425280.28
2026-06-30 03:03:19,2026-06-29T17:03:19.420Z,1584.66,29720.00,1,0.004206,0.004206,0.004206,0.004206,3693523707.5,3695796332.53,3693523707.5,3695796332.53,3211995.00,2101674.14,9970271.46
2026-06-30 03:04:22,2026-06-29T17:04:22.322Z,1585.79,29720.00,4,0.004206,0.004285,0.004206,0.004285,3695796332.53,3701092574.09,3695796332.53,3699815658.56,4702617.92,3322086.91,21672003.48
2026-06-30 03:05:31,2026-06-29T17:05:31.429Z,1591.03,29720.00,3,0.004285,0.00438,0.004285,0.00438,3699815658.56,3702429313.11,3699608675.87,3702429313.11,101968540.28,34994782.77,100079973.94
2026-06-30 03:08:27,2026-06-29T17:08:27.334Z,1589.94,29720.00,2,0.004495,0.004815,0.004495,0.004815,3708150185.7,3709788322.04,3706754599.29,3709711020.57,5155185.73,7137566.12,50198843.05
2026-06-30 03:09:30,2026-06-29T17:09:30.231Z,1588.99,29720.00,2,0.004815,0.004834,0.004815,0.004834,3709711020.57,3710395820.61,3704184899.02,3707238338.09,4242169.74,4291280.44,34821222.52
2026-06-30 03:10:43,2026-06-29T17:10:43.665Z,1591.52,29720.00,2,0.004834,0.004834,0.004834,0.004834,3707238338.09,3708898931.56,3706356350.6,3708563104.61,11735676.50,13510135.16,-27828131.82
2026-06-30 03:11:56,2026-06-29T17:11:56.836Z,1592.88,29720.00,1,0.004834,0.004855,0.004834,0.004855,3708563104.61,3713772596.94,3708273975.19,3713725750.7,29762506.47,26393447.04,-5497837.52
2026-06-30 03:15:44,2026-06-29T17:15:44.436Z,1621.10,29720.00,3,0.005144,0.005625,0.005144,0.005625,3733433499.5,3747342964.68,3733433499.5,3744004500.99,178430842.53,98530304.93,284205634.85
2026-06-30 03:18:29,2026-06-29T17:18:29.997Z,1626.32,29720.00,0,0.005868,0.006293,0.005868,0.006293,3760003163.42,3763438741.11,3739158075.98,3760014653.73,50889576.47,33854632.10,75253063.68
2026-06-30 03:19:43,2026-06-29T17:19:43.543Z,1628.25,29720.00,3,0.006293,0.006359,0.006293,0.006359,3760014653.73,3772587438.54,3759296685.22,3766671907.38,19975040.83,21274141.48,69870327.25
2026-06-30 03:20:52,2026-06-29T17:20:52.021Z,1625.78,29720.00,3,0.006359,0.006359,0.006359,0.006359,3766671907.38,3769706216.67,3763820878.24,3765061796.36,14304533.97,20336643.94,-11094578.17
2026-06-30 03:21:54,2026-06-29T17:21:54.996Z,1619.57,29720.00,3,0.006359,0.006615,0.006359,0.006615,3765061796.36,3768192010.86,3763334167.09,3766348003.27,22981333.44,60253394.76,-43484854.98
2026-06-30 03:24:57,2026-06-29T17:24:57.130Z,1618.96,29720.00,3,0.006723,0.006723,0.006595,0.006595,3750515520.05,3751763281.83,3746599271.38,3748684355.74,14681998.31,10942255.97,-45126432.56
2026-06-30 03:26:05,2026-06-29T17:26:05.632Z,1622.72,29720.00,4,0.006668,0.006668,0.006668,0.006668,3751362084.37,3751362084.37,3751362084.37,3751362084.37,1565068.09,1177725.73,15293517.28
2026-06-30 03:27:19,2026-06-29T17:27:19.272Z,1621.43,29720.00,2,0.006693,0.006693,0.006693,0.006693,3757531655.84,3760058940.82,3753165881.38,3753165881.38,3120726.86,4094773.55,-122549.43
2026-06-30 03:28:42,2026-06-29T17:28:42.571Z,1621.41,29720.00,1,0.006693,0.006846,0.006693,0.006846,3753165881.38,3757951662.44,3753165881.38,3757272634.34,15587094.30,7602739.25,13613106.49
2026-06-30 03:29:50,2026-06-29T17:29:50.794Z,1623.81,29720.00,3,0.006846,0.006879,0.006846,0.006879,3757272634.34,3764888506.03,3756968297.85,3764203477.05,6201866.70,6232748.50,9549069.36
2026-06-30 03:30:56,2026-06-29T17:30:56.713Z,1625.71,29720.00,3,0.006879,0.006879,0.006879,0.006879,3764203477.05,3764937239.81,3761854091.52,3764937239.81,23211490.21,13746063.58,6607499.07
2026-06-30 03:32:30,2026-06-29T17:32:30.869Z,1624.97,29720.00,0,0.006974,0.007059,0.006974,0.007059,3768297792.89,3775987495.27,3767734368.75,3768544383.56,3485943.02,7901284.00,52738592.12
2026-06-30 03:33:38,2026-06-29T17:33:38.951Z,1623.85,29720.00,3,0.007059,0.007206,0.007059,0.007206,3768544383.56,3770124264.81,3762738329.65,3762738329.65,3082182.46,12592538.98,28564525.75
2026-06-30 03:34:41,2026-06-29T17:34:41.913Z,1622.21,29720.00,4,0.007206,0.007206,0.007206,0.007206,3762738329.65,3765512587.62,3759689297.15,3759689297.15,5660116.15,11473202.97,14230081.26
2026-06-30 03:36:31,2026-06-29T17:36:31.205Z,1622.65,29720.00,2,0.007106,0.007129,0.007106,0.007129,3755438932,3756352277.78,3753639858.08,3755431534.71,4774364.67,8181756.44,-48555248.12
2026-06-30 03:37:44,2026-06-29T17:37:44.329Z,1622.80,29720.00,2,0.007129,0.007129,0.007129,0.007129,3755431534.71,3756223011.04,3754745148.17,3755162089.5,6661447.32,5481223.35,-34861714.07
2026-06-30 03:38:52,2026-06-29T17:38:52.524Z,1621.82,29720.00,2,0.007129,0.007193,0.007129,0.007193,3755162089.5,3758933829.39,3755162089.5,3756452866.86,7080122.61,10014863.48,-23348598.62
2026-06-30 03:39:55,2026-06-29T17:39:55.419Z,1620.47,29720.00,3,0.007193,0.00727,0.007193,0.00727,3756452866.86,3756452866.86,3752899132.98,3752899132.98,9842751.75,9250057.12,-7852309.46
2026-06-30 03:41:03,2026-06-29T17:41:03.804Z,1622.62,29720.00,3,0.00727,0.00727,0.00727,0.00727,3755169619.16,3755169619.16,3755169619.16,3755169619.16,457593.59,25012.15,-2424327.96
2026-06-30 03:42:15,2026-06-29T17:42:15.558Z,1622.79,29720.00,3,0.007213,0.007287,0.007213,0.007287,3757950638.88,3757950638.88,3757950638.88,3757950638.88,3081226.36,631464.38,1869531.64
2026-06-30 03:43:08,2026-06-29T17:43:08.375Z,1625.15,29720.00,3,0.007287,0.007351,0.007287,0.007351,3759178424.89,3759178424.89,3759178424.89,3759178424.89,5194415.01,974351.86,8825947.41
2026-06-30 03:44:16,2026-06-29T17:44:16.502Z,1624.32,29720.00,2,0.007351,0.007351,0.007351,0.007351,3762927871.29,3766697142.16,3761765710.42,3766099613.86,862732.42,1211936.72,7383856.00
2026-06-30 03:45:20,2026-06-29T17:45:20.233Z,1627.32,29720.00,3,0.007351,0.007435,0.007351,0.007435,3766099613.86,3786503925.24,3764909147.7,3786503925.24,3519951.30,6239143.85,25692923.30
2026-06-30 03:49:03,2026-06-29T17:49:03.615Z,1629.29,29720.00,3,0.007698,0.0078,0.007487,0.0078,3793336273.89,3793336273.89,3793336273.89,3793336273.89,160820.32,115628.41,36401666.55
2026-06-30 03:50:06,2026-06-29T17:50:06.861Z,1630.30,29720.00,2,0.0078,0.0078,0.007776,0.007776,3796196797.68,3796196797.68,3796196797.68,3796196797.68,761737.43,740712.63,10435801.46
2026-06-30 03:51:22,2026-06-29T17:51:22.870Z,1628.75,29720.00,3,0.007776,0.007776,0.007776,0.007776,3800424073.29,3800424073.29,3792281255.65,3792281255.65,1597033.30,1949426.28,-36996239.05
2026-06-30 03:52:20,2026-06-29T17:52:20.664Z,1628.26,29720.00,2,0.007776,0.007824,0.007776,0.007824,3792281255.65,3794553312.58,3791988035.92,3792710413.33,2443215.18,2585859.23,-23815092.11
2026-06-30 03:53:28,2026-06-29T17:53:28.839Z,1629.12,29720.00,1,0.007824,0.007824,0.007778,0.007778,3792710413.33,3798201163.84,3792424230.49,3797223140.89,1282055.06,2754048.44,-12891721.44
2026-06-30 03:54:31,2026-06-29T17:54:31.738Z,1630.25,29720.00,3,0.007778,0.007778,0.007778,0.007778,3797223140.89,3797674835.98,3794519237.31,3795664927.76,2983136.27,1718252.37,-11648281.61
2026-06-30 03:55:39,2026-06-29T17:55:39.958Z,1628.93,29720.00,2,0.007778,0.00791,0.007778,0.00791,3795664927.76,3797471037.6,3794539213.68,3794540765.86,5555562.55,3857106.36,-1744723.86
2026-06-30 03:56:43,2026-06-29T17:56:43.985Z,1628.93,29720.00,0,0.00791,0.008023,0.00791,0.008023,3794540765.86,3795888933.99,3793051153.66,3795014169.99,2097834.23,5481541.69,-2961836.73
2026-06-30 03:57:52,2026-06-29T17:57:52.068Z,1628.15,29720.00,2,0.008023,0.008062,0.008023,0.008062,3795014169.99,3795768798.35,3794774083.18,3795287830.25,2155297.30,7882862.34,-12390709.02
2026-06-30 03:58:54,2026-06-29T17:58:54.970Z,1626.16,29720.00,2,0.008062,0.008062,0.008062,0.008062,3795287830.25,3795990676.59,3791020662.45,3791505151.77,7894545.26,14363658.55,-15676880.72
2026-06-30 04:00:08,2026-06-29T18:00:08.702Z,1625.81,29720.00,2,0.008139,0.008139,0.008055,0.008055,3785877379.75,3785877379.75,3785877379.75,3785877379.75,4242051.22,2089283.55,-15089598.98
2026-06-30 04:02:05,2026-06-29T18:02:05.892Z,1625.02,29720.00,4,0.008055,0.008055,0.008055,0.008055,3778516218.48,3778516218.48,3778516218.48,3778516218.48,959329.26,715618.41,-6615303.17
2026-06-30 04:03:08,2026-06-29T18:03:08.896Z,1623.66,29720.00,0,0.00806,0.00806,0.008034,0.008034,3784065528.96,3784065528.96,3784065528.96,3784065528.96,357622.10,1791193.05,-3287926.30
2026-06-30 04:04:16,2026-06-29T18:04:16.868Z,1623.70,29720.00,1,0.008034,0.008034,0.008034,0.008034,3779265712.54,3783029236,3779265712.54,3783019528.78,721678.02,2006441.58,-1698111.25
2026-06-30 04:05:19,2026-06-29T18:05:19.836Z,1624.02,29720.00,1,0.008034,0.008063,0.008034,0.008063,3783019528.78,3783019528.78,3779868123.55,3781855616.52,1818465.09,1160299.65,7505158.97
2026-06-30 04:06:27,2026-06-29T18:06:27.991Z,1624.02,29720.00,1,0.008063,0.008082,0.008063,0.008082,3781855616.52,3784483821.73,3781811137.57,3782627899.11,3502462.76,2301363.41,-6594784.43
2026-06-30 04:07:30,2026-06-29T18:07:30.890Z,1623.53,29720.00,1,0.008082,0.00813,0.008082,0.00813,3782627899.11,3782627899.11,3780148563.83,3780452754,1804980.23,1798537.27,-7224299.42
2026-06-30 04:08:39,2026-06-29T18:08:39.065Z,1624.29,29720.00,3,0.00813,0.00813,0.00813,0.00813,3780452754,3781300750.42,3779925622.7,3781300750.42,6265201.67,2336586.11,-2852010.94
2026-06-30 04:09:41,2026-06-29T18:09:41.939Z,1624.05,29720.00,2,0.00813,0.00813,0.008095,0.008095,3781300750.42,3784609520.5,3780954691.19,3782777090.55,5633809.60,2552759.01,5122765.45
2026-06-30 04:10:45,2026-06-29T18:10:45.118Z,1624.06,29720.00,2,0.008095,0.008165,0.008095,0.008165,3782777090.55,3782777090.55,3779833654.71,3780163514.67,3124678.60,1915667.76,8157904.60
2026-06-30 04:11:54,2026-06-29T18:11:54.241Z,1624.06,29720.00,1,0.008165,0.008165,0.008165,0.008165,3780163514.67,3782058669.07,3779956331.97,3780753685.74,2262242.79,2499238.39,8855394.57
2026-06-30 04:13:07,2026-06-29T18:13:07.661Z,1624.06,29720.00,0,0.008155,0.008213,0.008155,0.008213,3781341028.35,3781341028.35,3781341028.35,3781341028.35,392505.60,446092.01,3496909.02
2026-06-30 04:14:20,2026-06-29T18:14:20.941Z,1625.00,29720.00,2,0.008213,0.008269,0.008213,0.008269,3780206059.54,3784647888.7,3780206059.54,3783142902.55,1083055.09,381664.44,2066698.09
2026-06-30 04:15:29,2026-06-29T18:15:29.048Z,1625.00,29720.00,2,0.008269,0.008269,0.008269,0.008269,3783142902.55,3783157286.22,3782579680.98,3782803386.95,2183960.92,3340148.51,1013561.82
2026-06-30 04:16:32,2026-06-29T18:16:32.082Z,1624.24,29720.00,0,0.008269,0.008372,0.008269,0.008372,3782803386.95,3782809192.28,3778022187.89,3778022187.89,2137933.51,4343417.87,-3283912.47
2026-06-30 04:17:40,2026-06-29T18:17:40.230Z,1622.37,29720.00,2,0.008372,0.00842,0.008372,0.00842,3778022187.89,3778785426.59,3774568144.87,3774667148.4,2598914.24,6927480.04,-10686015.79
2026-06-30 04:18:43,2026-06-29T18:18:43.285Z,1622.44,29720.00,1,0.00842,0.00842,0.00842,0.00842,3774667148.4,3775248347.8,3772881739.4,3775248347.8,2911294.89,4223462.65,-12932039.62
2026-06-30 04:19:51,2026-06-29T18:19:51.328Z,1624.03,29720.00,2,0.00842,0.00842,0.008342,0.008342,3775248347.8,3775248347.8,3771951252.65,3774736048.51,4989688.23,2332650.91,-12021789.67
2026-06-30 04:20:54,2026-06-29T18:20:54.452Z,1624.03,29720.00,2,0.008342,0.008342,0.008304,0.008304,3774736048.51,3780461031.8,3774736048.51,3780171114.74,3060649.15,4264280.64,-9550735.23
2026-06-30 04:21:57,2026-06-29T18:21:57.349Z,1624.32,29720.00,3,0.008304,0.008304,0.008304,0.008304,3780171114.74,3780179674.29,3776636982.74,3776636982.74,3741470.45,4491720.91,-4641890.83
2026-06-30 04:23:05,2026-06-29T18:23:05.538Z,1625.11,29720.00,3,0.008422,0.00845,0.008422,0.00845,3779928810.4,3779928810.4,3779928810.4,3779928810.4,46529.83,675350.34,3953387.38
2026-06-30 04:24:18,2026-06-29T18:24:18.786Z,1624.77,29720.00,3,0.00845,0.008573,0.00845,0.008573,3780280527.14,3780435420,3777114692.26,3777349960.73,2433983.45,432230.33,483605.01
2026-06-30 04:25:32,2026-06-29T18:25:32.013Z,1623.65,29720.00,2,0.008573,0.008573,0.008573,0.008573,3777349960.73,3778039025.31,3775957496.6,3777974056.71,963242.62,4938640.13,-5527200.99
2026-06-30 04:26:40,2026-06-29T18:26:40.178Z,1623.31,29720.00,2,0.008573,0.008626,0.008573,0.008626,3777974056.71,3777974056.71,3771544046.63,3771544046.63,1423879.10,1078389.01,-4797949.08
2026-06-30 04:27:43,2026-06-29T18:27:43.176Z,1622.13,29720.00,3,0.008626,0.008626,0.008596,0.008596,3771544046.63,3772543187.16,3771404902.05,3772248197.22,3976489.98,7880472.31,-11911941.07
2026-06-30 04:28:51,2026-06-29T18:28:51.280Z,1620.44,29720.00,2,0.008596,0.008596,0.008596,0.008596,3772248197.22,3772298473.2,3766347964.23,3767404107.86,2989312.54,9193214.66,-15535620.51
2026-06-30 04:29:54,2026-06-29T18:29:54.616Z,1616.91,29720.00,3,0.008596,0.008596,0.008547,0.008547,3767404107.86,3767404107.86,3764099197.71,3764125747.44,29242227.60,48138633.51,-44949815.12
2026-06-30 04:32:04,2026-06-29T18:32:04.478Z,1617.47,29720.00,1,0.008408,0.008493,0.008408,0.008408,3753327922.32,3753327922.32,3753327922.32,3753327922.32,465236.48,185954.73,-20251648.03
2026-06-30 04:33:07,2026-06-29T18:33:07.628Z,1618.45,29720.00,4,0.008408,0.00845,0.008408,0.00845,3754610921.54,3754610921.54,3754610921.54,3754610921.54,625027.50,366693.42,2112451.49
2026-06-30 04:34:15,2026-06-29T18:34:15.755Z,1617.99,29720.00,2,0.00845,0.008588,0.00845,0.008588,3759138791.39,3759395636.61,3753913211.25,3754883214.2,1231688.70,1114401.51,19306323.36
2026-06-30 04:35:18,2026-06-29T18:35:18.694Z,1618.53,29720.00,2,0.008588,0.008588,0.008588,0.008588,3754883214.2,3758771945.69,3754883214.2,3755959942.3,1733759.89,820818.00,16752929.75
2026-06-30 04:36:26,2026-06-29T18:36:26.984Z,1619.17,29720.00,2,0.008588,0.008711,0.008588,0.008711,3755959942.3,3760760446.07,3755959942.3,3760208902.8,3922941.91,2601701.23,7397595.05
2026-06-30 04:37:29,2026-06-29T18:37:29.724Z,1618.82,29720.00,2,0.008711,0.008765,0.008711,0.008765,3760208902.8,3760208902.8,3755929978.7,3757272831.31,2383725.18,3378071.93,4390181.79
2026-06-30 04:38:42,2026-06-29T18:38:42.911Z,1619.56,29720.00,2,0.008765,0.008803,0.008765,0.008803,3757272831.31,3761464591.01,3756616192.09,3761464591.01,9586532.66,2420655.50,9473496.02
2026-06-30 04:39:51,2026-06-29T18:39:51.099Z,1620.30,29720.00,2,0.008803,0.008803,0.008803,0.008803,3761464591.01,3763638858.18,3759268040.1,3763638858.18,2047888.33,4484860.36,13878336.74
2026-06-30 04:40:54,2026-06-29T18:40:54.152Z,1620.63,29720.00,3,0.008803,0.008862,0.008803,0.008862,3763638858.18,3763638858.18,3760517282.88,3762926548.47,4658112.51,5342167.53,10435111.82
2026-06-30 04:42:07,2026-06-29T18:42:07.424Z,1620.25,29720.00,2,0.008877,0.008877,0.008877,0.008877,3764370435.13,3764370435.13,3764370435.13,3764370435.13,141649.20,131697.93,9380359.79
2026-06-30 04:43:15,2026-06-29T18:43:15.482Z,1619.59,29720.00,0,0.008877,0.0089,0.008877,0.0089,3760783897.94,3762069640.01,3760783897.94,3760909557.7,736257.58,2509672.15,-6229774.09
2026-06-30 04:44:18,2026-06-29T18:44:18.372Z,1619.73,29720.00,0,0.0089,0.0089,0.008847,0.008847,3760909557.7,3762401386.22,3760859064.28,3760939825.59,582475.64,740701.04,-4095246.87
2026-06-30 04:45:21,2026-06-29T18:45:21.800Z,1620.24,29720.00,1,0.008847,0.008847,0.008847,0.008847,3760939825.59,3763283670.41,3760939825.59,3762860944.33,1126929.87,851210.47,-2490596.82
2026-06-30 04:46:30,2026-06-29T18:46:30.053Z,1620.24,29720.00,1,0.008847,0.008847,0.008846,0.008846,3762860944.33,3764333029.37,3762725972.57,3763697175.45,702074.69,1665277.81,-2767615.12
2026-06-30 04:47:43,2026-06-29T18:47:43.386Z,1620.59,29720.00,2,0.008846,0.008914,0.008846,0.008914,3763697175.45,3764357715.57,3762330846.86,3762330846.86,2163831.22,1271476.27,-3092693.49
2026-06-30 04:48:57,2026-06-29T18:48:57.199Z,1620.44,29720.00,1,0.008914,0.008914,0.008909,0.008909,3762330846.86,3762520045.93,3761061744.69,3761361301.71,2496525.49,1909015.81,-113263.29
2026-06-30 04:50:10,2026-06-29T18:50:10.682Z,1620.36,29720.00,1,0.008909,0.008909,0.008888,0.008888,3763220499.73,3763220499.73,3763220499.73,3763220499.73,421667.10,545922.83,-451769.29
2026-06-30 04:51:18,2026-06-29T18:51:18.980Z,1618.59,29720.00,1,0.008888,0.008888,0.008878,0.008878,3762328901.08,3762328901.08,3756236410.84,3756236410.84,226320.94,465421.31,-151828.34
2026-06-30 04:52:26,2026-06-29T18:52:26.995Z,1618.22,29720.00,1,0.008878,0.008878,0.008878,0.008878,3756236410.84,3757602205.16,3755919140.24,3756452263.98,981409.44,900691.86,-3712182.21
2026-06-30 04:53:30,2026-06-29T18:53:30.123Z,1618.22,29720.00,1,0.008878,0.008878,0.008805,0.008805,3756452263.98,3757454489.29,3755123512.35,3756334917.87,1153790.32,2086717.68,-5860999.39
2026-06-30 04:54:43,2026-06-29T18:54:43.221Z,1618.18,29720.00,1,0.008805,0.008813,0.008805,0.008813,3756334917.87,3757393041.29,3756258672.2,3756470450.88,2329767.30,1958483.41,-4359863.13
2026-06-30 04:55:46,2026-06-29T18:55:46.160Z,1618.18,29720.00,1,0.008813,0.008828,0.008813,0.008828,3756470450.88,3757613119.63,3756129548.89,3756129548.89,2237790.16,3064448.46,-2400547.59
2026-06-30 04:56:54,2026-06-29T18:56:54.140Z,1618.18,29720.00,0,0.008828,0.008828,0.008828,0.008828,3756129548.89,3757617508.73,3755497817.95,3755497817.95,1509714.31,900021.36,4551029.87
2026-06-30 04:58:07,2026-06-29T18:58:07.446Z,1618.18,29720.00,1,0.008858,0.008881,0.008858,0.008881,3756087362.8,3756087362.8,3756087362.8,3756087362.8,296884.63,42727.46,4000376.32
2026-06-30 04:59:15,2026-06-29T18:59:15.595Z,1618.18,29720.00,1,0.008881,0.008881,0.008881,0.008881,3755314091.39,3755314091.39,3754495607.25,3754764086.98,1221282.11,364977.62,4797843.68
2026-06-30 05:00:19,2026-06-29T19:00:19.600Z,1618.17,29720.00,1,0.008881,0.008908,0.008881,0.008908,3754764086.98,3756050225.62,3754516458.82,3756050225.62,2068681.16,1382350.90,4138416.90
2026-06-30 05:01:28,2026-06-29T19:01:28.138Z,1617.64,29720.00,2,0.008908,0.008936,0.008908,0.008936,3756050225.62,3756793506.09,3751611673.45,3751611673.45,2467516.44,1764642.66,-1354433.52
2026-06-30 05:02:31,2026-06-29T19:02:31.222Z,1616.55,29720.00,3,0.008936,0.008982,0.008936,0.008982,3751611673.45,3753343530.66,3749614961.33,3749614961.33,2679584.19,3440630.95,-1852024.50
2026-06-30 05:03:47,2026-06-29T19:03:47.334Z,1615.31,29720.00,4,0.008982,0.008982,0.008982,0.008982,3749614961.33,3750413210.92,3745547720.56,3746594421.2,2520721.84,10033018.30,-18540007.33
2026-06-30 05:04:40,2026-06-29T19:04:40.245Z,1614.69,29720.00,2,0.008982,0.008982,0.008965,0.008965,3746594421.2,3746843884.66,3741508417.35,3741508417.35,5300694.11,1814903.03,-24037916.37
2026-06-30 05:05:43,2026-06-29T19:05:43.358Z,1614.73,29720.00,3,0.008965,0.008965,0.008932,0.008932,3741508417.35,3746124739.97,3741508417.35,3744679762.98,7477509.06,3357466.01,-13629050.43
2026-06-30 05:06:51,2026-06-29T19:06:51.660Z,1614.86,29720.00,2,0.008932,0.008932,0.008932,0.008932,3744679762.98,3745906847.07,3744260710.38,3744988630.6,3668123.42,2105722.42,-11915348.16
2026-06-30 05:07:54,2026-06-29T19:07:54.713Z,1615.60,29720.00,1,0.008932,0.00894,0.008932,0.00894,3744988630.6,3745893874.8,3744010985.39,3744608056.62,3213759.10,1345627.71,-1617455.62
2026-06-30 05:09:08,2026-06-29T19:09:08.084Z,1615.65,29720.00,1,0.008989,0.008989,0.008989,0.008989,3748330833.79,3748330833.79,3748330833.79,3748330833.79,346331.70,1581141.89,6796606.96
2026-06-30 05:10:16,2026-06-29T19:10:16.882Z,1615.59,29720.00,0,0.008989,0.009084,0.008989,0.009084,3745810611.11,3747886467.53,3745747755.6,3747842758.31,550478.66,410635.85,1690760.24
2026-06-30 05:11:30,2026-06-29T19:11:30.350Z,1615.70,29720.00,0,0.009084,0.009106,0.009084,0.009106,3747842758.31,3747842758.31,3745208088.53,3746622860.42,971088.49,327457.62,1281895.75
2026-06-30 05:12:43,2026-06-29T19:12:43.540Z,1617.07,29720.00,2,0.009106,0.009153,0.009106,0.009153,3746622860.42,3750495965.22,3746622860.42,3750495965.22,1488567.33,4212287.43,1145245.83
2026-06-30 05:13:51,2026-06-29T19:13:51.521Z,1616.36,29720.00,1,0.009153,0.009153,0.009153,0.009153,3750495965.22,3750495965.22,3746160050.74,3746160050.74,2809415.84,4194624.22,57056.86
2026-06-30 05:15:00,2026-06-29T19:15:00.360Z,1616.36,29720.00,1,0.009153,0.009231,0.009153,0.009231,3746160050.74,3746160050.74,3744177217,3744707545.49,1940480.21,1747005.89,2499057.95
2026-06-30 05:16:03,2026-06-29T19:16:03.425Z,1615.78,29720.00,0,0.009168,0.009168,0.009168,0.009168,3745533113.96,3745533113.96,3745533113.96,3745533113.96,18582.42,27976.76,-4520286.50
2026-06-30 05:17:06,2026-06-29T19:17:06.449Z,1615.90,29720.00,1,0.009168,0.009168,0.009098,0.009098,3744221314.56,3744221314.56,3744221314.56,3744221314.56,200375.82,55434.74,139359.73
2026-06-30 05:18:14,2026-06-29T19:18:14.753Z,1616.53,29720.00,0,0.009098,0.009145,0.009098,0.009145,3746456651.93,3748377252.84,3745863711.9,3748376755.76,302555.42,376205.08,5307985.84
2026-06-30 05:19:17,2026-06-29T19:19:17.717Z,1616.53,29720.00,0,0.009145,0.009207,0.009145,0.009207,3748376755.76,3748376755.76,3745744947.8,3747604143.52,497540.45,153101.33,5393654.33
2026-06-30 05:20:31,2026-06-29T19:20:31.510Z,1619.37,29720.00,2,0.009207,0.009207,0.009207,0.009207,3747604143.52,3750172672.86,3746360562.53,3749754639.53,9578247.94,2330119.72,15489433.45
2026-06-30 05:21:39,2026-06-29T19:21:39.890Z,1619.39,29720.00,1,0.009207,0.009225,0.009207,0.009225,3749754639.53,3754664389.82,3749754639.53,3753992288.73,2138962.04,2030417.03,14294787.35
2026-06-30 05:22:42,2026-06-29T19:22:42.839Z,1619.81,29720.00,1,0.009225,0.00934,0.009225,0.00934,3753992288.73,3754944750.47,3753748304.22,3754195702.88,9206174.01,2647432.61,17450564.73
2026-06-30 05:23:50,2026-06-29T19:23:50.860Z,1620.84,29720.00,2,0.00934,0.00934,0.00934,0.00934,3754195702.88,3755974426.34,3753281270.72,3753989554.38,8138475.56,4574983.03,19723428.26
2026-06-30 05:24:53,2026-06-29T19:24:53.563Z,1622.37,29720.00,2,0.00934,0.009391,0.00934,0.009391,3753989554.38,3757063793.08,3753989554.38,3756295721.36,21558569.22,16090128.79,24222595.80
2026-06-30 05:26:09,2026-06-29T19:26:09.244Z,1621.52,29720.00,3,0.009446,0.00946,0.009446,0.00946,3759782781.86,3759782781.86,3759782781.86,3759782781.86,494334.28,189318.23,8407067.33
2026-06-30 05:27:07,2026-06-29T19:27:07.123Z,1621.51,29720.00,1,0.00946,0.00946,0.00946,0.00946,3753605857.54,3753605857.54,3753605857.54,3753605857.54,180863.00,236274.25,2852932.64
2026-06-30 05:28:20,2026-06-29T19:28:20.264Z,1621.98,29720.00,1,0.00946,0.00946,0.009413,0.009413,3756403617.24,3758701503.24,3756403617.24,3758081886.99,431405.26,449782.55,-1503245.97
2026-06-30 05:29:28,2026-06-29T19:29:28.462Z,1623.43,29720.00,2,0.009413,0.009473,0.009413,0.009473,3758081886.99,3759758899.89,3757048927.38,3759758899.89,1867940.40,2443677.18,4607259.46
2026-06-30 05:30:31,2026-06-29T19:30:31.854Z,1623.26,29720.00,3,0.009473,0.009473,0.009473,0.009473,3759758899.89,3761289482.42,3758686229.07,3759066605.36,1451611.35,1842758.92,6479872.23
2026-06-30 05:31:40,2026-06-29T19:31:40.097Z,1623.26,29720.00,1,0.009473,0.009508,0.009473,0.009508,3759066605.36,3759155735.17,3756952599.09,3758780921.36,1804199.36,2202992.31,5293750.83
2026-06-30 05:32:43,2026-06-29T19:32:43.075Z,1622.88,29720.00,1,0.009508,0.009508,0.009463,0.009463,3758780921.36,3759233597.64,3756574583.04,3757811043.89,1060767.41,2381133.69,3036310.93
2026-06-30 05:33:51,2026-06-29T19:33:51.133Z,1621.26,29720.00,2,0.009463,0.009463,0.009463,0.009463,3757811043.89,3757938704.77,3755630997.6,3755859695.41,2024234.42,9604414.22,-11173837.98
2026-06-30 05:34:59,2026-06-29T19:34:59.237Z,1619.86,29720.00,3,0.009463,0.009463,0.00944,0.00944,3755859695.41,3755859695.41,3752866397.03,3752896800.81,1655635.27,4546096.18,-13912157.91
2026-06-30 05:36:07,2026-06-29T19:36:07.575Z,1619.88,29720.00,1,0.009377,0.009377,0.009316,0.009316,3749897792,3749897792,3749897792,3749897792,243112.27,647420.50,-11168269.58
2026-06-30 05:37:15,2026-06-29T19:37:15.874Z,1619.88,29720.00,1,0.009316,0.009316,0.009316,0.009316,3750296950.79,3750296950.79,3748718290.49,3749562723.64,884455.02,1050982.29,-8992184.27
2026-06-30 05:38:18,2026-06-29T19:38:18.813Z,1620.33,29720.00,1,0.009316,0.009325,0.009316,0.009325,3749562723.64,3752207774.63,3749562723.64,3751475620.74,341521.41,244700.11,-1644111.27
2026-06-30 05:39:32,2026-06-29T19:39:32.071Z,1620.47,29720.00,1,0.009325,0.009397,0.009325,0.009397,3751475620.74,3753293078.31,3751470330.25,3751930997.26,615098.87,798349.59,618501.68
2026-06-30 05:40:45,2026-06-29T19:40:45.716Z,1620.50,29720.00,0,0.009397,0.009397,0.009397,0.009397,3751930997.26,3753269203.44,3751923668,3752039799.71,794599.24,578344.80,-249415.59
2026-06-30 05:41:58,2026-06-29T19:41:58.772Z,1620.90,29720.00,0,0.009397,0.009422,0.009397,0.009422,3752039799.71,3753748491.39,3752039799.71,3753443862.59,1890028.16,1344680.48,452720.71
2026-06-30 05:43:06,2026-06-29T19:43:06.806Z,1620.50,29720.00,0,0.009436,0.009485,0.009436,0.009485,3754652335.7,3754652335.7,3754652335.7,3754652335.7,5309.62,198273.43,-1116393.97
2026-06-30 05:44:20,2026-06-29T19:44:20.048Z,1620.74,29720.00,0,0.009485,0.009485,0.009485,0.009485,3750177733.92,3752039287.91,3750177733.92,3751661913.37,1658037.73,496858.04,2627236.41
2026-06-30 05:45:28,2026-06-29T19:45:28.184Z,1621.52,29720.00,3,0.009485,0.009485,0.009437,0.009437,3751661913.37,3755651954.06,3751546938.1,3755384909.48,1861042.52,2461060.82,4339163.03
2026-06-30 05:46:31,2026-06-29T19:46:31.092Z,1621.89,29720.00,2,0.009437,0.009485,0.009437,0.009485,3755384909.48,3756653653.48,3754759604.93,3755778423.43,1120863.20,583941.20,3637642.33
2026-06-30 05:47:44,2026-06-29T19:47:44.257Z,1622.85,29720.00,3,0.009485,0.009485,0.009485,0.009485,3755778423.43,3758205416.52,3755778423.43,3758205416.52,1942293.54,2084073.62,8135572.18
2026-06-30 05:48:52,2026-06-29T19:48:52.566Z,1622.87,29720.00,3,0.009485,0.009533,0.009485,0.009533,3758205416.52,3759080896.92,3757077677.05,3757077677.05,1016823.92,2267176.49,3563235.71
2026-06-30 05:49:56,2026-06-29T19:49:56.482Z,1622.95,29720.00,3,0.009533,0.009599,0.009533,0.009599,3757077677.05,3757077677.05,3754223574.88,3755633060.8,2379439.91,1085208.77,445030.96
2026-06-30 05:51:04,2026-06-29T19:51:04.995Z,1622.36,29720.00,0,0.009486,0.009599,0.009486,0.009486,3759049719.82,3759049719.82,3759049719.82,3759049719.82,35559.82,93785.52,-8859296.66
2026-06-30 05:52:07,2026-06-29T19:52:07.926Z,1623.37,29720.00,3,0.009486,0.009486,0.009459,0.009459,3754278221.68,3754278221.68,3754278221.68,3754278221.68,104883.88,168665.18,-6434892.15
2026-06-30 05:53:16,2026-06-29T19:53:16.078Z,1623.37,29720.00,1,0.009459,0.009472,0.009459,0.009472,3758633847.95,3758633847.95,3756181060.34,3756937751.37,1400843.65,275940.40,-5052064.04
2026-06-30 05:54:19,2026-06-29T19:54:19.055Z,1622.83,29720.00,1,0.009472,0.009472,0.009472,0.009472,3756937751.37,3758786628.7,3755366162.88,3758605686.16,5570688.14,2030228.21,-1734572.37
2026-06-30 05:55:32,2026-06-29T19:55:32.406Z,1623.61,29720.00,1,0.009472,0.009472,0.00945,0.00945,3758605686.16,3758605686.16,3752742307.92,3757771559.74,3689193.12,2756593.56,4693582.49
2026-06-30 05:56:40,2026-06-29T19:56:40.586Z,1623.61,29720.00,1,0.00945,0.00945,0.009408,0.009408,3757771559.74,3760049277.61,3756746659.16,3758037269.38,4877940.67,2343387.35,4900871.70
2026-06-30 05:57:43,2026-06-29T19:57:43.458Z,1623.09,29720.00,2,0.009408,0.009408,0.009408,0.009408,3758037269.38,3758855285.18,3755750883.66,3755750883.66,1272342.75,863692.49,5559116.01
2026-06-30 05:58:51,2026-06-29T19:58:51.637Z,1623.09,29720.00,1,0.009408,0.009409,0.009408,0.009409,3755750883.66,3756252549.23,3755119701.25,3755517249.67,1193125.41,905998.98,3631406.25
2026-06-30 05:59:54,2026-06-29T19:59:54.379Z,1623.09,29720.00,0,0.009409,0.009409,0.009392,0.009392,3755517249.67,3757062602.52,3755517249.67,3756841212.85,5781262.13,2892401.47,4612345.45
2026-06-30 06:01:08,2026-06-29T20:01:08.069Z,1622.78,29720.00,0,0.009395,0.009395,0.009395,0.009395,3756407948.39,3756407948.39,3756407948.39,3756407948.39,144277.80,140281.05,-747559.62
2026-06-30 06:02:16,2026-06-29T20:02:16.480Z,1622.76,29720.00,0,0.009395,0.009395,0.009384,0.009384,3756024553.1,3758253670.43,3754749959.42,3758253670.43,248506.08,408793.22,-245376.70
2026-06-30 06:03:19,2026-06-29T20:03:19.451Z,1622.76,29720.00,1,0.009384,0.009389,0.009384,0.009389,3758253670.43,3758988849.29,3757084752.48,3758988849.29,1774154.00,1190191.20,101673.83
2026-06-30 06:04:32,2026-06-29T20:04:32.598Z,1621.82,29720.00,3,0.009389,0.009389,0.009389,0.009389,3758988849.29,3759814514.21,3754216877.95,3754216877.95,1030328.34,1020501.67,-244561.14
2026-06-30 06:05:41,2026-06-29T20:05:41.046Z,1621.62,29720.00,3,0.009389,0.009436,0.009389,0.009436,3754216877.95,3754574276.62,3753339836.68,3753440102.64,3137379.76,3061294.27,1932262.14
2026-06-30 06:06:59,2026-06-29T20:06:59.314Z,1621.62,29720.00,3,0.009436,0.009436,0.009399,0.009399,3753440102.64,3754236172.04,3751837015.99,3753866069.76,3405097.30,1525738.66,2546745.52
2026-06-30 06:08:07,2026-06-29T20:08:07.630Z,1620.59,29720.00,3,0.009422,0.009422,0.009422,0.009422,3753952353.57,3753952353.57,3753952353.57,3753952353.57,236743.03,73396.30,-22053.13
2026-06-30 06:09:21,2026-06-29T20:09:21.055Z,1620.59,29720.00,3,0.009422,0.009469,0.009422,0.009469,3750547341,3752401095.31,3749114471.4,3751880310,515152.95,902037.40,265526.89
2026-06-30 06:10:29,2026-06-29T20:10:29.552Z,1620.70,29720.00,2,0.009469,0.009486,0.009469,0.009486,3751880310,3752564254.01,3751205230.06,3752019374.9,640461.96,304313.75,693107.34
2026-06-30 06:11:32,2026-06-29T20:11:32.620Z,1620.70,29720.00,1,0.009486,0.009486,0.009486,0.009486,3752019374.9,3752881457.92,3749443270.65,3749443270.65,312921.24,576761.09,-7041480.59
2026-06-30 06:12:40,2026-06-29T20:12:40.855Z,1620.55,29720.00,2,0.009486,0.009535,0.009486,0.009535,3749443270.65,3749655851.04,3746447261.79,3747700549.24,1255512.31,1105389.44,-4940344.23
2026-06-30 06:13:43,2026-06-29T20:13:43.846Z,1620.55,29720.00,0,0.009535,0.009564,0.009535,0.009564,3747700549.24,3750731752.6,3747474619.49,3750731752.6,909469.14,1024838.64,-6021232.85
2026-06-30 06:14:51,2026-06-29T20:14:51.840Z,1620.56,29720.00,0,0.009564,0.009564,0.009564,0.009564,3750731752.6,3750731752.6,3748951176.52,3749585943.4,1583509.58,1944352.21,-6527895.16
2026-06-30 06:15:54,2026-06-29T20:15:54.790Z,1619.31,29720.00,2,0.009564,0.009636,0.009564,0.009636,3749585943.4,3749585943.4,3748051464.73,3749288962.16,620867.38,1418735.80,-2210257.41
2026-06-30 06:17:03,2026-06-29T20:17:03.006Z,1618.70,29720.00,2,0.009635,0.009635,0.009635,0.009635,3746762056.57,3746762056.57,3746762056.57,3746762056.57,828.51,33806.74,-2096200.84
2026-06-30 06:18:05,2026-06-29T20:18:05.904Z,1618.95,29720.00,2,0.009595,0.009595,0.009595,0.009595,3746610281.38,3746610281.38,3746610281.38,3746610281.38,26827.35,241339.17,-159337.70
2026-06-30 06:19:19,2026-06-29T20:19:19.256Z,1619.00,29720.00,1,0.009595,0.009595,0.009592,0.009592,3747787702.51,3747834767.29,3745139030.61,3745441528.88,411082.50,355685.24,-915491.28
2026-06-30 06:20:32,2026-06-29T20:20:32.774Z,1619.00,29720.00,0,0.009592,0.009598,0.009592,0.009598,3745441528.88,3746395969.96,3745441528.88,3746367109.92,1563114.57,415060.48,893097.66
2026-06-30 06:21:40,2026-06-29T20:21:40.973Z,1619.00,29720.00,0,0.009598,0.009598,0.009598,0.009598,3746367109.92,3747799324.39,3746219350.7,3746669378.24,1133490.89,718917.82,178636.13
2026-06-30 06:22:43,2026-06-29T20:22:43.859Z,1619.95,29720.00,3,0.009598,0.009598,0.009565,0.009565,3746669378.24,3747216074.18,3746273316.47,3746777985.58,9648576.67,2965880.95,5643655.12
2026-06-30 06:23:51,2026-06-29T20:23:51.918Z,1620.95,29720.00,2,0.009565,0.009565,0.009557,0.009557,3746777985.58,3752227581.95,3746777985.58,3752227581.95,1795247.46,661264.88,8124880.32
2026-06-30 06:24:54,2026-06-29T20:24:54.946Z,1621.61,29720.00,3,0.009557,0.009609,0.009557,0.009609,3752227581.95,3753308047.74,3752227581.95,3753169591.37,2401617.63,1298989.77,9326794.71
2026-06-30 06:26:08,2026-06-29T20:26:08.240Z,1621.28,29720.00,3,0.009609,0.009735,0.009609,0.009735,3754781099.44,3754781099.44,3754781099.44,3754781099.44,474789.71,31795.99,10121318.28
2026-06-30 06:27:16,2026-06-29T20:27:16.428Z,1621.53,29720.00,3,0.009735,0.009837,0.009735,0.009837,3753828861.07,3754711108.07,3749699173.95,3750704842.16,484430.46,432035.53,2836693.89
2026-06-30 06:28:19,2026-06-29T20:28:19.423Z,1621.45,29720.00,2,0.009837,0.009837,0.009837,0.009837,3750704842.16,3751091891.66,3749565162.22,3749820293.24,38333.12,274948.69,1703490.20
2026-06-30 06:29:32,2026-06-29T20:29:32.621Z,1619.43,29720.00,3,0.009837,0.00992,0.009837,0.00992,3749820293.24,3750838955.2,3749573620.78,3749573620.78,436369.06,282252.35,574920.99
2026-06-30 06:30:41,2026-06-29T20:30:41.158Z,1619.49,29720.00,3,0.00992,0.00992,0.009893,0.009893,3749573620.78,3749573620.78,3748636874.57,3748636874.57,865630.22,876939.89,-1003551.12
2026-06-30 06:31:54,2026-06-29T20:31:54.518Z,1619.04,29720.00,2,0.009893,0.009893,0.00985,0.00985,3748636874.57,3749286320.46,3748095625.41,3748711721.79,1203105.81,934491.01,-506411.51
2026-06-30 06:33:02,2026-06-29T20:33:02.631Z,1619.36,29720.00,1,0.00985,0.00985,0.009796,0.009796,3747111905.56,3747111905.56,3747111905.56,3747111905.56,0.00,7048.73,625867.71
2026-06-30 06:34:05,2026-06-29T20:34:05.527Z,1620.25,29720.00,1,0.009796,0.009796,0.009742,0.009742,3748698430.76,3748698430.76,3748698430.76,3748698430.76,4699445.43,175855.15,5602860.36
2026-06-30 06:35:21,2026-06-29T20:35:21.417Z,1621.93,29720.00,2,0.009742,0.009742,0.009742,0.009742,3750352646.2,3750352646.2,3750352646.2,3750352646.2,113449.99,245046.05,5917419.84
2026-06-30 06:36:19,2026-06-29T20:36:19.364Z,1622.09,29720.00,2,0.009742,0.009762,0.009742,0.009762,3754532558.73,3754532558.73,3753741607.27,3753998458.12,392410.87,650966.01,5477741.92
2026-06-30 06:37:32,2026-06-29T20:37:32.586Z,1621.16,29720.00,1,0.009762,0.009804,0.009762,0.009804,3753998458.12,3754879145.52,3753703485.58,3754879145.52,1409292.97,2472987.27,4819067.07
2026-06-30 06:38:40,2026-06-29T20:38:40.699Z,1621.16,29720.00,0,0.009804,0.009804,0.009745,0.009745,3754879145.52,3755188021.21,3748894254.49,3750026738.01,2720652.50,546823.91,6951048.50
2026-06-30 06:39:53,2026-06-29T20:39:53.977Z,1621.16,29720.00,1,0.009745,0.009745,0.009745,0.009745,3750026738.01,3752403503.64,3750026738.01,3751563271.3,3316776.23,1164458.99,3674313.36
2026-06-30 06:41:07,2026-06-29T20:41:07.626Z,1621.25,29720.00,0,0.009707,0.009707,0.009672,0.009672,3751244162.72,3751244162.72,3751244162.72,3751244162.72,380437.69,12535.82,-599227.10
2026-06-30 06:42:20,2026-06-29T20:42:20.265Z,1620.56,29720.00,1,0.009672,0.009672,0.009672,0.009672,3748546763.53,3748546763.53,3748546763.53,3748546763.53,36493.62,197902.25,-5526476.51
2026-06-30 06:43:18,2026-06-29T20:43:18.308Z,1620.56,29720.00,0,0.009672,0.009672,0.009604,0.009604,3746206461.52,3746565716.46,3746188080.15,3746259460.88,249474.66,188247.65,-7426101.30
2026-06-30 06:44:31,2026-06-29T20:44:31.530Z,1620.29,29720.00,0,0.009604,0.009604,0.009543,0.009543,3746259460.88,3747035539.51,3745578831.14,3745578831.14,761051.88,603826.44,-10066883.46
2026-06-30 06:45:39,2026-06-29T20:45:39.824Z,1619.15,29720.00,3,0.009543,0.009543,0.009511,0.009511,3745578831.14,3745814102.41,3744533818.75,3745467262.93,1219123.09,7127652.49,-12042077.40
2026-06-30 06:46:43,2026-06-29T20:46:43.186Z,1618.09,29720.00,1,0.009511,0.009511,0.009511,0.009511,3745467262.93,3745467262.93,3738270988.17,3738270988.17,1388249.84,3522207.78,-11573449.48
2026-06-30 06:47:56,2026-06-29T20:47:56.441Z,1618.09,29720.00,1,0.009511,0.009511,0.009433,0.009433,3738270988.17,3740326768.77,3738270988.17,3739467644.68,855176.62,2064218.02,-12258587.69
2026-06-30 06:49:04,2026-06-29T20:49:04.646Z,1618.09,29720.00,1,0.009326,0.009433,0.009326,0.009326,3738906230.99,3738906230.99,3738906230.99,3738906230.99,37676.31,54598.19,-12072530.77
2026-06-30 06:50:18,2026-06-29T20:50:18.056Z,1618.19,29720.00,1,0.009326,0.009326,0.009299,0.009299,3740123561.97,3742090308.35,3740098704.34,3741818952.2,103837.85,1288085.00,-5437155.79
2026-06-30 06:51:31,2026-06-29T20:51:31.520Z,1618.36,29720.00,0,0.009299,0.009299,0.009299,0.009299,3741818952.2,3742208511.97,3741058667.82,3741084112.36,527386.32,371879.38,-3927157.61
2026-06-30 06:52:39,2026-06-29T20:52:39.766Z,1617.39,29720.00,2,0.009299,0.009299,0.009264,0.009264,3741084112.36,3741803725.65,3739055054.96,3739055054.96,1668787.99,865532.99,-3692001.13
2026-06-30 06:53:43,2026-06-29T20:53:43.025Z,1616.77,29720.00,3,0.009264,0.009264,0.009264,0.009264,3739055054.96,3739855157.04,3738126067.63,3738767077.35,290932.41,1025112.73,-4462448.47
2026-06-30 06:54:56,2026-06-29T20:54:56.047Z,1616.91,29720.00,2,0.009264,0.009264,0.009208,0.009208,3738767077.35,3738767077.35,3737711813.39,3737734876.94,1754818.87,8621203.34,-10167457.66
2026-06-30 06:56:04,2026-06-29T20:56:04.227Z,1616.93,29720.00,2,0.009138,0.009138,0.009138,0.009138,3735047685.68,3735047685.68,3735047685.68,3735047685.68,151108.55,136052.73,-10793492.44
2026-06-30 06:57:07,2026-06-29T20:57:07.244Z,1616.41,29720.00,1,0.009138,0.009138,0.009077,0.009077,3729778677.85,3729778677.85,3729778677.85,3729778677.85,544403.82,2260138.19,-19266987.23
2026-06-30 06:58:10,2026-06-29T20:58:10.145Z,1615.97,29720.00,2,0.009077,0.009077,0.008968,0.008968,3724233476.26,3724233476.26,3724233476.26,3724233476.26,77573.43,761313.79,-17450013.49
2026-06-30 06:59:18,2026-06-29T20:59:18.185Z,1615.97,29720.00,2,0.008968,0.008968,0.008968,0.008968,3718210775.49,3719181705.98,3717411500.26,3717411500.26,206366.93,287751.81,-12770065.98
2026-06-30 07:00:31,2026-06-29T21:00:31.680Z,1615.75,29720.00,1,0.008968,0.008968,0.008871,0.008871,3717411500.26,3717687371.54,3715411513.63,3716132508.64,2240644.11,2673829.99,-9525448.45
2026-06-30 07:01:40,2026-06-29T21:01:40.057Z,1615.75,29720.00,2,0.008871,0.008871,0.008784,0.008784,3716132508.64,3716786107.4,3714939571.49,3714939571.49,1515614.41,4145324.71,-5258122.60
2026-06-30 07:02:42,2026-06-29T21:02:42.995Z,1615.63,29720.00,3,0.008784,0.008784,0.008685,0.008685,3714939571.49,3716061592.86,3713971231.88,3714711145.48,584608.33,838259.83,-5931310.35
2026-06-30 07:03:56,2026-06-29T21:03:56.136Z,1615.63,29720.00,1,0.008685,0.008685,0.008685,0.008685,3714711145.48,3714711145.48,3713485847.15,3713846995.94,5663174.02,5599394.31,-2528906.78
2026-06-30 07:05:04,2026-06-29T21:05:04.715Z,1611.16,29720.00,3,0.008614,0.008614,0.008614,0.008614,3711655109.16,3711655109.16,3711655109.16,3711655109.16,183217.35,1399320.95,-51682430.44
2026-06-30 07:06:07,2026-06-29T21:06:07.592Z,1611.16,29720.00,0,0.008537,0.008537,0.008537,0.008537,3681173719.47,3681173719.47,3681173719.47,3681173719.47,830340.50,317002.74,-45320513.63
2026-06-30 07:07:20,2026-06-29T21:07:20.806Z,1611.23,29720.00,0,0.008537,0.008537,0.008374,0.008374,3678472214.05,3681352354.18,3678472214.05,3681352354.18,2148619.13,1194868.08,-43834531.95
2026-06-30 07:08:28,2026-06-29T21:08:28.912Z,1612.44,29720.00,3,0.008374,0.008374,0.008256,0.008256,3681352354.18,3684005506.38,3681352354.18,3683802345.33,1962461.75,549076.85,-29889544.27
2026-06-30 07:09:31,2026-06-29T21:09:31.850Z,1612.45,29720.00,2,0.008256,0.008256,0.008249,0.008249,3683802345.33,3683927236.9,3682437643.24,3682782600.88,1321792.58,970262.21,13190731.77
2026-06-30 07:10:40,2026-06-29T21:10:40.134Z,1612.55,29720.00,2,0.008249,0.008249,0.008249,0.008249,3682782600.88,3683959186.74,3682414047.41,3682863121.68,1974468.83,978281.08,12325984.92
2026-06-30 07:11:43,2026-06-29T21:11:43.189Z,1613.12,29720.00,2,0.008249,0.008249,0.008186,0.008186,3682863121.68,3683710446.68,3682419161.81,3683663980.52,3932650.32,2547258.00,12762410.13
2026-06-30 07:12:56,2026-06-29T21:12:56.356Z,1613.74,29720.00,2,0.008186,0.008186,0.008149,0.008149,3683663980.52,3685566965.57,3683663980.52,3685234756.73,4323119.19,1827049.68,7704431.51
2026-06-30 07:14:04,2026-06-29T21:14:04.300Z,1616.24,29720.00,4,0.008149,0.008151,0.008149,0.008151,3686260104.05,3686260104.05,3686260104.05,3686260104.05,10190.99,8861.45,17916075.75
2026-06-30 07:15:07,2026-06-29T21:15:07.566Z,1616.32,29720.00,3,0.008151,0.008162,0.008151,0.008162,3690528941.75,3690528941.75,3690528941.75,3690528941.75,142621.32,257165.46,16750311.03
2026-06-30 07:16:20,2026-06-29T21:16:20.852Z,1616.32,29720.00,2,0.008162,0.008162,0.008162,0.008162,3689636906.84,3689662267.63,3687864569.6,3688700277.77,1724645.29,1203230.53,15229029.08
2026-06-30 07:17:23,2026-06-29T21:17:23.614Z,1616.31,29720.00,1,0.008162,0.008162,0.008095,0.008095,3688700277.77,3689289020.26,3685894968.45,3686119179.61,682977.20,1059589.34,12351522.08
2026-06-30 07:18:32,2026-06-29T21:18:32.291Z,1615.04,29720.00,2,0.008095,0.008095,0.008047,0.008047,3686119179.61,3686119179.61,3684259254.52,3684259254.52,519896.10,301929.55,-29174.84
2026-06-30 07:19:40,2026-06-29T21:19:40.332Z,1614.48,29720.00,2,0.008047,0.008047,0.007935,0.007935,3684259254.52,3684841689.45,3684256533.11,3684273600.55,2160425.72,1356690.63,201612.37
2026-06-30 07:20:43,2026-06-29T21:20:43.681Z,1616.00,29720.00,3,0.007935,0.007935,0.007935,0.007935,3684273600.55,3684710135.86,3682436991.17,3682436991.17,225545.55,506385.89,644872.63
2026-06-30 07:21:51,2026-06-29T21:21:51.641Z,1613.28,29720.00,2,0.007935,0.007935,0.007856,0.007856,3682436991.17,3683135699.77,3682436991.17,3682749798.95,625525.98,1432818.64,444811.12
2026-06-30 07:22:56,2026-06-29T21:22:56.523Z,1613.77,29720.00,1,0.007856,0.007856,0.00773,0.00773,3682749798.95,3683720551.83,3680879648.35,3681557624.28,990424.44,298028.85,2273192.91
2026-06-30 07:24:04,2026-06-29T21:24:04.539Z,1614.22,29720.00,1,0.00773,0.00773,0.007677,0.007677,3682679861.78,3682679861.78,3682679861.78,3682679861.78,19763.92,42987.53,1163021.02
2026-06-30 07:25:17,2026-06-29T21:25:17.981Z,1613.51,29720.00,1,0.007677,0.007716,0.007677,0.007716,3682258357.65,3682379237.8,3680559135.03,3680559135.03,438686.02,965835.79,-705808.08
2026-06-30 07:26:31,2026-06-29T21:26:31.109Z,1613.04,29720.00,1,0.007716,0.007716,0.00768,0.00768,3680559135.03,3680728716.14,3679837939.7,3680654381.38,294338.06,339621.59,-791005.61
2026-06-30 07:27:33,2026-06-29T21:27:33.973Z,1613.04,29720.00,2,0.00768,0.00768,0.00768,0.00768,3680654381.38,3683443705.84,3680096988.96,3683033059.72,940564.38,2069065.54,-11988124.54
2026-06-30 07:28:41,2026-06-29T21:28:41.953Z,1613.03,29720.00,2,0.00768,0.00768,0.007634,0.007634,3683033059.72,3684883363.1,3683033059.72,3684867328.26,449493.57,389448.73,-10923419.76
2026-06-30 07:29:44,2026-06-29T21:29:44.955Z,1613.03,29720.00,0,0.007634,0.007634,0.007592,0.007592,3684867328.26,3684892857,3684442455.4,3684716259.32,2224608.60,711528.23,-8836677.77
2026-06-30 07:30:54,2026-06-29T21:30:54.171Z,1613.93,29720.00,2,0.007592,0.007592,0.007592,0.007592,3684716259.32,3686094225.4,3684715107.9,3685605060.17,4163046.65,1083489.88,-4747627.57
2026-06-30 07:32:07,2026-06-29T21:32:07.341Z,1614.69,29720.00,2,0.007599,0.007637,0.007599,0.007637,3687384914.17,3687384914.17,3687384914.17,3687384914.17,522880.57,18175.36,7252867.14
2026-06-30 07:33:20,2026-06-29T21:33:20.558Z,1615.34,29720.00,2,0.007637,0.007699,0.007637,0.007699,3688189313.44,3689529598.32,3686907181.39,3687492859.73,337905.72,1029822.83,5765588.79
2026-06-30 07:34:28,2026-06-29T21:34:28.722Z,1615.94,29720.00,1,0.007699,0.007699,0.007699,0.007699,3687492859.73,3689594655.41,3687449577.38,3689594655.41,397276.40,1858202.88,4606861.67
2026-06-30 07:35:31,2026-06-29T21:35:31.698Z,1615.94,29720.00,1,0.007699,0.007758,0.007699,0.007758,3689594655.41,3689747150.05,3688453341.21,3688478117.36,1337525.04,809202.20,-64239.61
2026-06-30 07:36:34,2026-06-29T21:36:34.572Z,1616.17,29720.00,1,0.007758,0.007813,0.007758,0.007813,3688478117.36,3688496081.9,3687830998.29,3687830998.29,432258.65,106436.74,-76281.74
2026-06-30 07:37:42,2026-06-29T21:37:42.791Z,1616.17,29720.00,1,0.007813,0.007813,0.007813,0.007813,3687830998.29,3688990742.48,3687813776.13,3688990742.48,634128.84,2668258.18,-1740569.02
2026-06-30 07:38:55,2026-06-29T21:38:55.850Z,1616.22,29720.00,0,0.007813,0.007851,0.007813,0.007851,3688990742.48,3688990742.48,3685740391.6,3687017277.11,1941365.78,1099688.22,-1882208.63
2026-06-30 07:40:04,2026-06-29T21:40:04.372Z,1617.51,29720.00,1,0.007874,0.007884,0.007851,0.007884,3688187845.39,3688187845.39,3688187845.39,3688187845.39,2793857.41,1935246.77,3079669.01
2026-06-30 07:41:07,2026-06-29T21:41:07.657Z,1617.60,29720.00,1,0.007884,0.007884,0.007884,0.007884,3690990408.55,3690990408.55,3690990408.55,3690990408.55,32809.17,27098.64,2387649.75
2026-06-30 07:42:15,2026-06-29T21:42:15.672Z,1618.47,29720.00,1,0.007884,0.007931,0.007884,0.007931,3690383170.86,3692640217.37,3690341569.67,3690505085.42,284468.47,891542.65,6775420.02
2026-06-30 07:43:18,2026-06-29T21:43:18.935Z,1617.75,29720.00,1,0.007931,0.007956,0.007931,0.007956,3690505085.42,3690753472.08,3685528547.81,3685754389.19,467131.85,160678.00,3826216.09
2026-06-30 07:44:32,2026-06-29T21:44:32.035Z,1618.15,29720.00,2,0.007956,0.007956,0.007956,0.007956,3685754389.19,3688040057.94,3685754389.19,3688027337.7,4793814.26,684409.39,5667067.67
2026-06-30 07:45:40,2026-06-29T21:45:40.489Z,1618.25,29720.00,0,0.007956,0.007956,0.007917,0.007917,3688027337.7,3689574687.69,3687502318.72,3687502318.72,1117938.11,255219.40,6260154.12
2026-06-30 07:46:43,2026-06-29T21:46:43.260Z,1618.25,29720.00,0,0.007917,0.007917,0.007908,0.007908,3687502318.72,3688640701.02,3687492895.81,3688606658.43,877231.97,731764.31,3682331.96
2026-06-30 07:47:51,2026-06-29T21:47:51.261Z,1618.45,29720.00,0,0.007908,0.007908,0.007851,0.007851,3688606658.43,3689050648.23,3688588313.13,3688588313.13,2325007.16,780008.39,8237058.14
2026-06-30 07:48:54,2026-06-29T21:48:54.302Z,1618.93,29720.00,0,0.007851,0.007851,0.007851,0.007851,3688588313.13,3689905493.5,3688218463.04,3689905493.5,1498402.08,790732.89,8337478.63
2026-06-30 07:50:07,2026-06-29T21:50:07.968Z,1618.86,29720.00,0,0.007848,0.007895,0.007848,0.007895,3689802563.69,3689802563.69,3689802563.69,3689802563.69,1428071.40,213142.62,-716098.90
2026-06-30 07:51:16,2026-06-29T21:51:16.187Z,1618.67,29720.00,1,0.007895,0.007895,0.007895,0.007895,3687423619.78,3687474786.68,3685444796.37,3687179810.04,975340.82,286770.40,-1771214.88
2026-06-30 07:52:19,2026-06-29T21:52:19.190Z,1618.67,29720.00,1,0.007895,0.007895,0.00789,0.00789,3687179810.04,3689506398.7,3687158141.08,3688265672.67,144317.94,161711.84,-3162479.94
2026-06-30 07:53:32,2026-06-29T21:53:32.176Z,1618.87,29720.00,0,0.00789,0.00789,0.007871,0.007871,3688265672.67,3688328807.24,3687348031.07,3687348031.07,128864.37,749730.50,-4111463.42
2026-06-30 07:54:45,2026-06-29T21:54:45.322Z,1618.85,29720.00,0,0.007871,0.007871,0.007866,0.007866,3687348031.07,3688287187.51,3686255108.1,3687327186.83,1000551.54,368249.48,989865.80
2026-06-30 07:55:53,2026-06-29T21:55:53.542Z,1619.40,29720.00,0,0.007866,0.007866,0.007866,0.007866,3687327186.83,3691406217.49,3687322682.69,3691406217.49,1271835.53,1232230.51,3229908.11
2026-06-30 07:57:06,2026-06-29T21:57:06.741Z,1619.12,29720.00,1,0.007824,0.00788,0.007824,0.00788,3689170335.63,3689170335.63,3689170335.63,3689170335.63,9593.77,12719.64,1039768.55
2026-06-30 07:58:19,2026-06-29T21:58:19.901Z,1618.24,29720.00,2,0.00788,0.00788,0.00788,0.00788,3687657838.65,3687657838.65,3684464468.42,3685211834.79,473735.99,78213.69,1165949.74
2026-06-30 07:59:27,2026-06-29T21:59:27.947Z,1617.66,29720.00,2,0.00788,0.00788,0.007857,0.007857,3685211834.79,3686201477.6,3685211834.79,3685362602.51,909349.22,1019751.34,-1619769.47
2026-06-30 08:00:31,2026-06-29T22:00:31.209Z,1617.66,29720.00,2,0.007857,0.007857,0.007803,0.007803,3685362602.51,3685475860.93,3684191154.02,3685275815.96,568330.14,1422316.41,-2486385.96
2026-06-30 08:01:44,2026-06-29T22:01:44.441Z,1617.66,29720.00,2,0.007803,0.007803,0.007745,0.007745,3685275815.96,3686339414.55,3684291354.83,3685629060.13,178924.07,478490.36,-1725982.70
2026-06-30 08:02:52,2026-06-29T22:02:52.538Z,1617.43,29720.00,1,0.007745,0.007745,0.007745,0.007745,3685629060.13,3686004684.75,3684407347.92,3684407347.92,1428814.08,1590164.11,-1475879.39
2026-06-30 08:03:55,2026-06-29T22:03:55.534Z,1617.43,29720.00,1,0.007745,0.007745,0.007723,0.007723,3684407347.92,3685383514.08,3684233182.53,3685317466.84,1806479.34,1172155.13,-1037397.90
2026-06-30 08:05:04,2026-06-29T22:05:04.154Z,1617.64,29720.00,0,0.007689,0.007723,0.007689,0.007689,3684277506.63,3684277506.63,3684277506.63,3684277506.63,270389.37,195878.40,233982.68
2026-06-30 08:06:07,2026-06-29T22:06:07.328Z,1617.07,29720.00,1,0.007689,0.007689,0.00765,0.00765,3686644138.18,3686644138.18,3686644138.18,3686644138.18,99984.85,226396.02,3081411.70
2026-06-30 08:07:15,2026-06-29T22:07:15.534Z,1617.07,29720.00,0,0.00765,0.00765,0.007615,0.007615,3686878598.83,3687356598.35,3681997088.06,3682662575.02,269934.36,292974.10,2804146.62
2026-06-30 08:08:18,2026-06-29T22:08:18.557Z,1617.17,29720.00,1,0.007615,0.007615,0.007526,0.007526,3682662575.02,3684758987.77,3682662575.02,3683272367,300929.91,593724.50,1200659.54
2026-06-30 08:09:31,2026-06-29T22:09:31.785Z,1617.10,29720.00,1,0.007526,0.007526,0.007526,0.007526,3683272367,3684063203.9,3682564258.02,3684063203.9,812997.56,312229.83,1752315.51
2026-06-30 08:10:40,2026-06-29T22:10:40.059Z,1617.23,29720.00,0,0.007526,0.007526,0.007458,0.007458,3684063203.9,3686476990.81,3683886125.43,3686236056.1,519966.19,370957.00,-648425.84
2026-06-30 08:11:42,2026-06-29T22:11:42.904Z,1617.19,29720.00,0,0.007458,0.007458,0.007432,0.007432,3686236056.1,3686314437.78,3685054057.23,3685172729.77,644483.17,438221.30,-714273.43
2026-06-30 08:12:56,2026-06-29T22:12:56.228Z,1615.98,29720.00,2,0.007432,0.007432,0.007432,0.007432,3685172729.77,3685172729.77,3683630141.51,3683630141.51,2291933.15,3436902.06,-2410431.86
2026-06-30 08:14:04,2026-06-29T22:14:04.420Z,1616.02,29720.00,1,0.007413,0.007413,0.007413,0.007413,3682701367.35,3682701367.35,3682701367.35,3682701367.35,4958.30,161716.19,-3103694.43
2026-06-30 08:15:08,2026-06-29T22:15:08.032Z,1616.06,29720.00,1,0.007319,0.007319,0.007306,0.007306,3683475396.25,3683475396.25,3683475396.25,3683475396.25,480206.63,63716.08,-812176.75
2026-06-30 08:16:16,2026-06-29T22:16:16.704Z,1617.07,29720.00,1,0.007306,0.007306,0.007306,0.007306,3683795333.99,3686758300.32,3683795333.99,3686758300.32,156704.82,166750.17,-60457.88
2026-06-30 08:17:23,2026-06-29T22:17:23.001Z,1617.08,29720.00,1,0.007306,0.007306,0.007285,0.007285,3686758300.32,3687275597.24,3685353788.13,3685353788.13,641885.78,257602.74,1236899.39
2026-06-30 08:18:31,2026-06-29T22:18:31.147Z,1616.92,29720.00,0,0.007285,0.00732,0.007285,0.00732,3685353788.13,3685607446.94,3684129959.69,3685607446.94,990756.16,2295640.77,-57749.60
2026-06-30 08:19:44,2026-06-29T22:19:44.404Z,1616.93,29720.00,0,0.00732,0.00732,0.00732,0.00732,3685607446.94,3686826855.25,3684815575.56,3685427747.52,1381918.29,691991.41,-792953.54
2026-06-30 08:20:52,2026-06-29T22:20:52.727Z,1618.53,29720.00,2,0.00732,0.00732,0.007287,0.007287,3685427747.52,3688162491.97,3685333083.39,3687928445.85,4441444.98,1052390.63,2068190.88
2026-06-30 08:21:55,2026-06-29T22:21:55.824Z,1618.53,29720.00,1,0.007287,0.007287,0.007264,0.007264,3687928445.85,3693502237.85,3687928445.85,3693502237.85,2791810.82,1186190.28,3916044.65
2026-06-30 08:23:04,2026-06-29T22:23:04.036Z,1618.17,29720.00,3,0.007338,0.007338,0.007338,0.007338,3692843528.14,3692843528.14,3692843528.14,3692843528.14,53073.11,135234.02,5565550.33
2026-06-30 08:24:07,2026-06-29T22:24:07.146Z,1617.36,29720.00,1,0.007338,0.007338,0.007304,0.007304,3689034047.5,3689034047.5,3689034047.5,3689034047.5,58695.45,83807.09,5461601.01
2026-06-30 08:25:15,2026-06-29T22:25:15.454Z,1616.73,29720.00,2,0.007304,0.007304,0.007168,0.007168,3686779487.66,3687228888.24,3685415229.75,3685417726.88,846981.33,1021499.58,1863242.79
2026-06-30 08:26:18,2026-06-29T22:26:18.533Z,1615.72,29720.00,2,0.007168,0.007168,0.007168,0.007168,3685417726.88,3685915413.06,3683918074.53,3684010364.35,116398.11,366958.18,-679954.50
2026-06-30 08:27:31,2026-06-29T22:27:31.789Z,1615.64,29720.00,2,0.007168,0.007168,0.007076,0.007076,3684010364.35,3684010364.35,3681693556.29,3683261889.16,512671.64,88822.22,188684.49
2026-06-30 08:28:40,2026-06-29T22:28:40.061Z,1615.64,29720.00,2,0.007076,0.007076,0.006965,0.006965,3683261889.16,3684480948.58,3683261889.16,3684087467.39,278265.42,801529.38,-851214.84
2026-06-30 08:29:42,2026-06-29T22:29:42.941Z,1615.64,29720.00,1,0.006965,0.006965,0.006965,0.006965,3684087467.39,3684429390.91,3683401987.98,3683689455.31,231949.89,1730277.54,-1840059.96
2026-06-30 08:30:56,2026-06-29T22:30:56.455Z,1615.96,29720.00,0,0.006965,0.006983,0.006965,0.006983,3683689455.31,3683689455.31,3682221102.62,3682676534.45,1133609.29,2178281.76,-1326153.32
2026-06-30 08:32:04,2026-06-29T22:32:04.713Z,1614.63,29720.00,3,0.006959,0.006959,0.006959,0.006959,3681882205.31,3681882205.31,3681882205.31,3681882205.31,330474.29,410514.90,-3479021.81
2026-06-30 08:33:08,2026-06-29T22:33:08.022Z,1614.41,29720.00,1,0.006895,0.006895,0.006895,0.006895,3679781134.49,3679781134.49,3679781134.49,3679781134.49,42788.59,112430.83,-4558077.92
2026-06-30 08:34:10,2026-06-29T22:34:10.969Z,1613.18,29720.00,3,0.006895,0.006895,0.006764,0.006764,3679128256.95,3679128256.95,3679128256.95,3679128256.95,621096.47,121666.11,-3879419.73
2026-06-30 08:35:19,2026-06-29T22:35:19.132Z,1613.18,29720.00,2,0.006764,0.006764,0.006662,0.006662,3676490717.68,3677419140.14,3675672701.05,3676569000.25,954953.83,2394515.81,-4270263.50
2026-06-30 08:36:27,2026-06-29T22:36:27.240Z,1612.75,29720.00,2,0.006662,0.006662,0.006662,0.006662,3676569000.25,3676569000.25,3671641503.34,3671641503.34,1717219.90,1206425.37,-4637954.08
2026-06-30 08:37:30,2026-06-29T22:37:30.239Z,1612.17,29720.00,3,0.006662,0.006662,0.006527,0.006527,3671641503.34,3673666526.57,3671221820.87,3671671983.43,1202430.83,933706.28,-5093680.99
2026-06-30 08:38:37,2026-06-29T22:38:37.930Z,1612.17,29720.00,2,0.006527,0.006527,0.006413,0.006413,3671671983.43,3672968398.57,3671671983.43,3671967662.09,775315.96,1042495.23,-3617335.84
2026-06-30 08:39:40,2026-06-29T22:39:40.992Z,1611.97,29720.00,2,0.006413,0.006413,0.006334,0.006334,3671967662.09,3672986477.46,3671805048.12,3672986477.46,1149871.00,2337853.55,-5157007.01
2026-06-30 08:40:54,2026-06-29T22:40:54.275Z,1611.95,29720.00,1,0.006334,0.006334,0.006334,0.006334,3672986477.46,3673037316.27,3671654003.66,3671799244.35,3369310.24,5462931.29,-4048660.93
2026-06-30 08:42:07,2026-06-29T22:42:07.445Z,1611.95,29720.00,1,0.006333,0.006333,0.006289,0.006289,3670176606.06,3670176606.06,3670176606.06,3670176606.06,2571241.00,230826.20,-5274813.22
2026-06-30 08:43:20,2026-06-29T22:43:20.749Z,1612.25,29720.00,0,0.006289,0.006289,0.006289,0.006289,3669454318.01,3672018567.76,3668861850.97,3670890836.92,3680613.68,3204988.09,-2669506.71
2026-06-30 08:44:28,2026-06-29T22:44:28.729Z,1612.35,29720.00,0,0.006289,0.006289,0.00625,0.00625,3670890836.92,3673392092.66,3670773473.92,3672417337.2,1038400.64,266956.81,-557730.25
2026-06-30 08:45:31,2026-06-29T22:45:31.636Z,1612.35,29720.00,0,0.00625,0.006287,0.00625,0.006287,3672417337.2,3672785271.54,3671651372.41,3671707275.97,1345795.20,77569.90,1905868.07
2026-06-30 08:46:39,2026-06-29T22:46:39.696Z,1612.55,29720.00,0,0.006287,0.006287,0.006287,0.006287,3671707275.97,3673390585.39,3671707275.97,3672140392.29,583630.23,310488.87,6777293.10
2026-06-30 08:47:42,2026-06-29T22:47:42.643Z,1612.55,29720.00,0,0.006287,0.006307,0.006287,0.006307,3672140392.29,3672140392.29,3672009684.53,3672066502.89,1095408.25,210338.76,2279040.64
2026-06-30 08:48:45,2026-06-29T22:48:45.429Z,1612.55,29720.00,0,0.006307,0.006307,0.006296,0.006296,3672066502.89,3673082109.19,3672066502.89,3673068704.38,682624.97,2622725.21,378345.02
2026-06-30 08:49:58,2026-06-29T22:49:58.598Z,1612.55,29720.00,0,0.006296,0.006296,0.006257,0.006257,3673068704.38,3673090893.58,3672518852.63,3672822176.35,3077623.88,2012891.84,1836403.03
2026-06-30 08:51:06,2026-06-29T22:51:06.917Z,1612.55,29720.00,0,0.006257,0.006257,0.006242,0.006242,3673231093.5,3673231093.5,3673231093.5,3673231093.5,19489.53,65321.34,-3490656.30
2026-06-30 08:52:10,2026-06-29T22:52:10.764Z,1612.09,29720.00,1,0.006242,0.006242,0.006153,0.006153,3670458474.15,3670458474.15,3670458474.15,3670458474.15,48297.48,639318.19,-6326140.61
2026-06-30 08:53:24,2026-06-29T22:53:24.002Z,1611.66,29720.00,2,0.006153,0.006153,0.006153,0.006153,3668894011.48,3670389294.07,3668274283.58,3670389294.07,702807.03,457826.84,-4398006.00
2026-06-30 08:54:32,2026-06-29T22:54:32.043Z,1613.02,29720.00,2,0.006153,0.006153,0.006022,0.006022,3670389294.07,3670750402.66,3670274630.43,3670750402.66,2417659.97,517222.79,-3020386.24
2026-06-30 08:55:40,2026-06-29T22:55:40.275Z,1613.02,29720.00,1,0.006022,0.006022,0.005916,0.005916,3670750402.66,3674644088.01,3670740016.63,3674532008.06,248533.00,570601.56,2203343.17
2026-06-30 08:56:43,2026-06-29T22:56:43.291Z,1612.69,29720.00,1,0.005916,0.005916,0.005885,0.005885,3674532008.06,3674651959.46,3671776635.06,3671779013.07,841013.86,423050.63,3227184.65
2026-06-30 08:57:56,2026-06-29T22:57:56.503Z,1611.14,29720.00,1,0.005885,0.005885,0.005885,0.005885,3671779013.07,3671779013.07,3670468187.97,3671287153.28,5461837.59,19035959.51,-9721196.67
2026-06-30 08:59:04,2026-06-29T22:59:04.966Z,1611.14,29720.00,2,0.005808,0.005885,0.005679,0.005679,3666014229.32,3666014229.32,3666014229.32,3666014229.32,73112.90,18965.97,-10822465.75
2026-06-30 09:00:08,2026-06-29T23:00:08.846Z,1611.20,29720.00,1,0.005679,0.005679,0.005679,0.005679,3666840557.63,3666840557.63,3666840557.63,3666840557.63,521425.21,520492.12,-10579547.75
2026-06-30 09:01:17,2026-06-29T23:01:17.523Z,1611.07,29720.00,0,0.005679,0.005679,0.005639,0.005639,3666106219.23,3667296557.32,3665600010.59,3667266222.12,381655.17,280881.50,-11904068.40
2026-06-30 09:02:20,2026-06-29T23:02:20.543Z,1611.07,29720.00,0,0.005639,0.005639,0.005626,0.005626,3667266222.12,3667266222.12,3665640085.07,3667229213.17,862852.65,606022.55,3102695.50
2026-06-30 09:03:28,2026-06-29T23:03:28.565Z,1611.07,29720.00,0,0.005626,0.005637,0.005626,0.005637,3667229213.17,3668456214.58,3666741090.96,3667784640.54,173788.54,176213.65,-342513.84
2026-06-30 09:04:31,2026-06-29T23:04:31.383Z,1611.08,29720.00,0,0.005637,0.005637,0.005637,0.005637,3667784640.54,3668448020.92,3667775831.48,3668448020.92,552553.20,832021.16,2399251.41
2026-06-30 09:05:39,2026-06-29T23:05:39.645Z,1611.10,29720.00,1,0.005637,0.005664,0.005637,0.005664,3668448020.92,3668869420.13,3668448020.92,3668742117.66,2351413.09,572449.76,4460235.52
2026-06-30 09:06:42,2026-06-29T23:06:42.557Z,1610.96,29720.00,0,0.005664,0.005685,0.005664,0.005685,3668742117.66,3668742117.66,3665864806.34,3665864806.34,845333.26,2010214.23,2111218.35
2026-06-30 09:07:45,2026-06-29T23:07:45.391Z,1610.96,29720.00,0,0.005685,0.005685,0.005685,0.005685,3665864806.34,3666127859.78,3665332803.73,3666096307.38,1057135.52,582104.94,3739881.63
2026-06-30 09:08:53,2026-06-29T23:08:53.704Z,1610.96,29720.00,0,0.005685,0.005685,0.005556,0.005556,3666096307.38,3666923440.44,3665704672.12,3666923440.44,1291529.31,805691.44,1049746.27
2026-06-30 09:09:56,2026-06-29T23:09:56.571Z,1610.96,29720.00,0,0.005556,0.005556,0.005446,0.005446,3666923440.44,3667526340.55,3666091038.32,3666771691.68,755671.31,1697765.08,487144.63
2026-06-30 09:11:04,2026-06-29T23:11:04.723Z,1610.63,29720.00,0,0.005378,0.005446,0.005378,0.005378,3667645344.79,3667645344.79,3667645344.79,3667645344.79,233301.65,177964.01,-1797962.70
2026-06-30 09:12:07,2026-06-29T23:12:07.813Z,1610.48,29720.00,0,0.005378,0.005378,0.005334,0.005334,3664560598.36,3664560598.36,3664560598.36,3664560598.36,183016.62,1160660.80,-1768668.34
2026-06-30 09:13:15,2026-06-29T23:13:15.928Z,1610.03,29720.00,1,0.005334,0.005334,0.005178,0.005178,3664747419.04,3665430173.5,3663713377.13,3665270968.17,281392.46,773048.56,-3481247.42
2026-06-30 09:14:18,2026-06-29T23:14:18.826Z,1610.03,29720.00,0,0.005178,0.005178,0.005178,0.005178,3665270968.17,3666113389.55,3664297417.42,3665279643.96,161941.80,182728.65,-2150112.06
2026-06-30 09:15:27,2026-06-29T23:15:27.201Z,1610.03,29720.00,0,0.005178,0.005178,0.005111,0.005111,3665279643.96,3665279643.96,3664024844.37,3664702985.47,827080.06,686504.44,-3195776.77
2026-06-30 09:16:39,2026-06-29T23:16:39.739Z,1610.03,29720.00,0,0.005111,0.005131,0.005111,0.005131,3664702985.47,3664702985.47,3662150255.35,3662150255.35,471288.72,1559007.02,-2618904.68
2026-06-30 09:17:42,2026-06-29T23:17:42.715Z,1610.03,29720.00,0,0.005131,0.005131,0.005081,0.005081,3662150255.35,3663230892.21,3661791809.74,3662257572.13,3113498.79,3794454.57,-1820249.73
2026-06-30 09:18:55,2026-06-29T23:18:55.748Z,1609.50,29720.00,0,0.005081,0.005081,0.005081,0.005081,3662257572.13,3662511800.71,3661485082.37,3661485082.37,3967212.78,1690527.48,-626012.17
2026-06-30 09:20:04,2026-06-29T23:20:04.465Z,1609.48,29720.00,0,0.005021,0.005081,0.004916,0.004916,3660861774.89,3660861774.89,3660861774.89,3660861774.89,237105.61,763765.35,-254625.38
2026-06-30 09:21:07,2026-06-29T23:21:07.878Z,1608.08,29720.00,1,0.004916,0.004916,0.004916,0.004916,3660354208.93,3660354208.93,3660354208.93,3660354208.93,166589.63,208993.76,-6512311.10
2026-06-30 09:22:16,2026-06-29T23:22:16.128Z,1608.10,29720.00,1,0.004916,0.004916,0.004872,0.004872,3655191832.76,3655319001.83,3653329460.04,3653912860.07,615835.40,344079.26,-4265907.46
2026-06-30 09:23:18,2026-06-29T23:23:18.990Z,1607.14,29720.00,0,0.004872,0.004872,0.004779,0.004779,3653912860.07,3653937206.58,3653265081.09,3653928927.93,3322738.54,2392764.57,-10543691.88
2026-06-30 09:24:27,2026-06-29T23:24:27.096Z,1606.46,29720.00,1,0.004779,0.004779,0.004721,0.004721,3653928927.93,3655781181.57,3647726983.87,3648933243.56,2901288.23,1884376.89,-11563163.41
2026-06-30 09:25:29,2026-06-29T23:25:29.992Z,1606.46,29720.00,1,0.004721,0.004721,0.004721,0.004721,3648933243.56,3649199078.67,3647574305.35,3649051961.06,1840921.84,1595493.97,-1352006.67
2026-06-30 09:26:43,2026-06-29T23:26:43.149Z,1606.46,29720.00,1,0.004721,0.004721,0.004617,0.004617,3649051961.06,3651455195.15,3649051961.06,3650557084.64,1967454.27,5455515.75,-8011415.92
2026-06-30 09:27:51,2026-06-29T23:27:51.219Z,1607.46,29720.00,3,0.004617,0.00465,0.004617,0.00465,3650557084.64,3651225141.93,3649054790.78,3649054790.78,3421321.61,3231150.67,-6558160.95
2026-06-30 09:28:54,2026-06-29T23:28:54.182Z,1606.97,29720.00,1,0.00465,0.00465,0.00465,0.00465,3649054790.78,3650877028.98,3648957633.29,3650633745.15,1428718.47,803405.93,-3911121.77
2026-06-30 09:30:03,2026-06-29T23:30:03.088Z,1606.77,29720.00,1,0.004693,0.004733,0.00465,0.004733,3649866163.52,3649866163.52,3649866163.52,3649866163.52,9223.41,37622.42,-4047806.31
2026-06-30 09:31:07,2026-06-29T23:31:07.025Z,1606.09,29720.00,1,0.004733,0.004733,0.004733,0.004733,3650042435.01,3650042435.01,3650042435.01,3650042435.01,1513613.07,551671.86,1875681.41
2026-06-30 09:32:20,2026-06-29T23:32:20.102Z,1606.77,29720.00,1,0.004733,0.004742,0.004733,0.004742,3648978396.06,3650808978.09,3648978396.06,3650332989.79,2408322.95,1033681.75,10564919.77
2026-06-30 09:33:28,2026-06-29T23:33:28.263Z,1607.15,29720.00,2,0.004742,0.004742,0.004742,0.004742,3650332989.79,3652962832.03,3650332989.79,3652008361.37,2283638.65,381742.67,12292458.36
2026-06-30 09:34:31,2026-06-29T23:34:31.128Z,1609.95,29720.00,4,0.004742,0.004791,0.004742,0.004791,3652008361.37,3652650329.93,3651500006.61,3652570758.9,1830083.14,2370499.65,13922034.28
2026-06-30 09:35:44,2026-06-29T23:35:44.355Z,1608.43,29720.00,1,0.004791,0.004791,0.004791,0.004791,3652570758.9,3654599472.27,3652570758.9,3652889847.32,1464102.34,1080795.53,13772915.76
2026-06-30 09:36:52,2026-06-29T23:36:52.612Z,1607.86,29720.00,1,0.004791,0.004823,0.004791,0.004823,3652889847.32,3652957880.18,3651710688.61,3651760867.99,2877370.13,1679199.53,5814818.29
2026-06-30 09:37:55,2026-06-29T23:37:55.616Z,1608.45,29720.00,2,0.004823,0.004823,0.004799,0.004799,3651760867.99,3653674178.36,3650824863.21,3653267995.25,3429190.87,1089584.51,6310664.71
2026-06-30 09:39:04,2026-06-29T23:39:04.373Z,1610.05,29720.00,2,0.004799,0.004799,0.004799,0.004799,3655907780.88,3655907780.88,3655907780.88,3655907780.88,38183.47,52563.75,4926477.11
2026-06-30 09:40:07,2026-06-29T23:40:07.788Z,1609.29,29720.00,2,0.004754,0.004807,0.004754,0.004807,3656152205.47,3656152205.47,3656152205.47,3656152205.47,51347.42,858235.34,5161907.87
2026-06-30 09:41:15,2026-06-29T23:41:15.924Z,1609.22,29720.00,2,0.004807,0.004807,0.004738,0.004738,3656245959.26,3656245959.26,3654021000.74,3655319533.14,97080.83,479449.55,3777500.13
2026-06-30 09:42:18,2026-06-29T23:42:18.705Z,1609.22,29720.00,1,0.004738,0.004738,0.004738,0.004738,3655319533.14,3655516608.98,3654471402.06,3655516608.98,753390.54,224825.60,1377096.86
2026-06-30 09:43:31,2026-06-29T23:43:31.920Z,1609.15,29720.00,0,0.004738,0.004738,0.004646,0.004646,3655516608.98,3655581723.11,3655092642.69,3655129171.25,1578320.00,675045.53,2572388.10
2026-06-30 09:44:40,2026-06-29T23:44:40.095Z,1609.15,29720.00,0,0.004646,0.004646,0.00461,0.00461,3655129171.25,3656676607.71,3655129171.25,3656282866.15,388699.72,1001016.75,511417.13
2026-06-30 09:45:43,2026-06-29T23:45:43.112Z,1609.15,29720.00,0,0.00461,0.00461,0.00461,0.00461,3656282866.15,3656670880.24,3655290431.13,3655342203.96,2302639.51,2804601.98,-1127321.41
2026-06-30 09:46:51,2026-06-29T23:46:51.496Z,1609.39,29720.00,1,0.00461,0.00461,0.004605,0.004605,3655342203.96,3657435620.92,3654003686,3657153891.5,6783666.48,1480055.88,3794030.54
2026-06-30 09:47:54,2026-06-29T23:47:54.264Z,1609.39,29720.00,1,0.004605,0.004605,0.004544,0.004544,3657153891.5,3657640901.43,3656321666.89,3657209289.65,1242371.82,2550696.75,2341911.71
2026-06-30 09:49:07,2026-06-29T23:49:07.554Z,1609.34,29720.00,0,0.004559,0.004559,0.004559,0.004559,3655878092.63,3655878092.63,3655878092.63,3655878092.63,70152.26,1401356.42,5162439.12
2026-06-30 09:50:16,2026-06-29T23:50:16.311Z,1609.34,29720.00,0,0.004559,0.004559,0.004538,0.004538,3656222202.95,3656222202.95,3656222202.95,3656222202.95,361390.06,161236.23,6647169.56
2026-06-30 09:51:19,2026-06-29T23:51:19.227Z,1609.99,29720.00,3,0.004538,0.004538,0.004506,0.004506,3656877145.67,3659116169.93,3656877145.67,3658826992.87,474629.45,803353.80,1263359.72
2026-06-30 09:52:27,2026-06-29T23:52:27.272Z,1609.39,29720.00,0,0.004506,0.004506,0.004506,0.004506,3658826992.87,3658913498.15,3655954185.37,3657065792.7,231842.13,1507937.70,1604462.77
2026-06-30 09:53:30,2026-06-29T23:53:30.110Z,1609.71,29720.00,1,0.004506,0.004554,0.004506,0.004554,3657065792.7,3658171360.15,3655195701.26,3658037878.91,353031.45,634886.67,6538.95
2026-06-30 09:54:43,2026-06-29T23:54:43.020Z,1609.52,29720.00,0,0.004554,0.004554,0.004472,0.004472,3658037878.91,3658888106.17,3656224009.68,3656290538.04,1601269.32,1898847.23,-145654.11
2026-06-30 09:55:51,2026-06-29T23:55:51.194Z,1609.53,29720.00,1,0.004472,0.004489,0.004472,0.004489,3656290538.04,3658022289.32,3656186027.44,3658022289.32,732407.54,1128367.50,-1239370.62
2026-06-30 09:56:54,2026-06-29T23:56:54.356Z,1609.52,29720.00,1,0.004489,0.004489,0.004489,0.004489,3658022289.32,3658193657.36,3657116384.16,3658193657.36,1100778.07,1314346.58,-1272302.20
2026-06-30 09:58:02,2026-06-29T23:58:02.553Z,1609.91,29720.00,1,0.004475,0.004489,0.004475,0.004484,3657991315.56,3657991315.56,3657991315.56,3657991315.56,10985.46,217728.81,-1280297.29
2026-06-30 09:59:05,2026-06-29T23:59:05.487Z,1609.62,29720.00,1,0.004484,0.004484,0.004484,0.004484,3658676379.32,3658676379.32,3658676379.32,3658676379.32,86434.67,91528.84,-2436728.51
2026-06-30 10:00:19,2026-06-30T00:00:19.848Z,1609.80,29720.00,0,0.004484,0.004509,0.004484,0.004509,3657396530.83,3657853353.97,3657112787.88,3657603928.25,1343648.49,2494357.94,-544436.30
2026-06-30 10:01:28,2026-06-30T00:01:28.878Z,1609.78,29720.00,0,0.004509,0.004509,0.00449,0.00449,3657603928.25,3658703044.86,3656481226.3,3656707927.99,905168.15,947407.49,929484.38
2026-06-30 10:02:42,2026-06-30T00:02:42.162Z,1609.72,29720.00,0,0.00449,0.00449,0.004423,0.004423,3656707927.99,3658892332.79,3656698226.97,3658036738.16,2013087.70,757100.98,2802149.87
2026-06-30 10:03:45,2026-06-30T00:03:45.127Z,1609.72,29720.00,0,0.004423,0.004423,0.004423,0.004423,3658036738.16,3659380226.27,3657900665.02,3659212892.94,1621505.61,513866.27,3823019.95
2026-06-30 10:04:53,2026-06-30T00:04:53.330Z,1610.01,29720.00,1,0.004423,0.004423,0.004421,0.004421,3659212892.94,3660024407.36,3657922098.04,3659620419.46,1554672.01,1349439.88,1663472.14
2026-06-30 10:06:06,2026-06-30T00:06:06.498Z,1610.90,29720.00,3,0.004421,0.004421,0.004421,0.004421,3660933593.24,3660933593.24,3660933593.24,3660933593.24,655215.22,652479.79,749246.02
2026-06-30 10:07:14,2026-06-30T00:07:14.645Z,1610.72,29720.00,3,0.004421,0.004446,0.004421,0.004446,3659053429.84,3660437303.77,3657626713.18,3658056714.39,150299.68,709596.07,81325.93
2026-06-30 10:08:17,2026-06-30T00:08:17.573Z,1610.27,29720.00,0,0.004446,0.004446,0.004426,0.004426,3658056714.39,3658058257.49,3654436954.87,3654443221.42,117090.40,698815.30,-957280.75
2026-06-30 10:09:30,2026-06-30T00:09:30.737Z,1609.88,29720.00,0,0.004426,0.004426,0.004367,0.004367,3654443221.42,3655375242.39,3654101474.51,3654101474.51,2093737.11,1515053.01,-3604151.48
2026-06-30 10:10:39,2026-06-30T00:10:39.193Z,1608.12,29720.00,3,0.004367,0.004367,0.004367,0.004367,3654101474.51,3655301643.82,3653771710.86,3653771710.86,1187487.78,2900638.51,-4035592.66
2026-06-30 10:11:42,2026-06-30T00:11:42.041Z,1610.36,29720.00,2,0.004367,0.004367,0.004285,0.004285,3653771710.86,3653771710.86,3650219476.08,3652740694.93,13032502.08,15987424.45,-5987224.85
2026-06-30 10:12:45,2026-06-30T00:12:45.052Z,1610.37,29720.00,1,0.004285,0.004285,0.004148,0.004148,3652740694.93,3662536754.6,3652719142.51,3660669424.38,1784988.50,1542558.77,-6342941.65
2026-06-30 10:14:03,2026-06-30T00:14:03.265Z,1610.38,29720.00,0,0.004148,0.004148,0.004148,0.004148,3660669424.38,3660669424.38,3658869882.06,3659332159.35,1104018.55,1385313.10,-4682470.37
2026-06-30 10:15:06,2026-06-30T00:15:06.512Z,1609.38,29720.00,2,0.004118,0.004118,0.004006,0.004006,3657785113.57,3657785113.57,3657785113.57,3657785113.57,143036.97,335122.42,-2146237.18
2026-06-30 10:16:14,2026-06-30T00:16:14.767Z,1609.57,29720.00,1,0.004006,0.004006,0.003945,0.003945,3657948707.35,3657948707.35,3657948707.35,3657948707.35,395435.34,156259.88,551598.30
2026-06-30 10:17:17,2026-06-30T00:17:17.532Z,1609.57,29720.00,0,0.003945,0.003945,0.003945,0.003945,3659945604.35,3659945604.35,3657789854.37,3659162146.44,167133.04,168872.91,-29949.37
2026-06-30 10:18:30,2026-06-30T00:18:30.769Z,1609.57,29720.00,1,0.003945,0.003961,0.003945,0.003961,3659162146.44,3659388590.34,3658391698.05,3658770032.18,442709.09,705325.61,431573.98
2026-06-30 10:19:43,2026-06-30T00:19:43.809Z,1607.70,29720.00,1,0.003961,0.003961,0.003952,0.003952,3658770032.18,3658772075.34,3657168716.37,3657168716.37,3516262.55,16745937.08,-13747674.87
2026-06-30 10:20:53,2026-06-30T00:20:53.081Z,1607.42,29720.00,1,0.003952,0.003952,0.003952,0.003952,3657168716.37,3657193473.36,3653162184.52,3654721096.79,3287305.06,6062126.37,-15397251.45
2026-06-30 10:22:06,2026-06-30T00:22:06.332Z,1607.43,29720.00,1,0.003907,0.003907,0.003857,0.003857,3653770345.63,3653770345.63,3653770345.63,3653770345.63,4333712.22,1469426.66,-14400947.75
2026-06-30 10:23:19,2026-06-30T00:23:19.495Z,1606.69,29720.00,2,0.003857,0.003857,0.003857,0.003857,3652804616.74,3653541489.39,3651404731.37,3652106974.05,608440.62,1288753.94,-17352397.45
2026-06-30 10:24:27,2026-06-30T00:24:27.619Z,1606.12,29720.00,2,0.003857,0.003857,0.003805,0.003805,3652106974.05,3652136011.52,3650126534.27,3650218467.36,3031110.64,1662715.65,-4711266.77
2026-06-30 10:25:30,2026-06-30T00:25:30.601Z,1606.12,29720.00,1,0.003805,0.003805,0.003743,0.003743,3650218467.36,3650466597.27,3649507489.87,3650095208.17,1525539.70,1349814.28,-1836011.90
2026-06-30 10:26:43,2026-06-30T00:26:43.608Z,1606.12,29720.00,1,0.003743,0.003743,0.00367,0.00367,3650095208.17,3651367165.4,3649241318.04,3650616904.43,1134364.91,1084914.53,-407819.31
2026-06-30 10:27:56,2026-06-30T00:27:56.864Z,1605.21,29720.00,2,0.00367,0.00367,0.00367,0.00367,3650616904.43,3650941382.98,3650101438.04,3650800047.92,3527265.97,18328194.94,-14839077.47
2026-06-30 10:29:04,2026-06-30T00:29:04.983Z,1601.47,29720.00,2,0.003685,0.003685,0.003666,0.003666,3643331588.98,3643331588.98,3643331588.98,3643331588.98,938502.80,1828462.18,-40156145.04
2026-06-30 10:30:10,2026-06-30T00:30:10.198Z,1600.93,29720.00,2,0.003666,0.003666,0.003666,0.003666,3631627955.72,3631627955.72,3631627955.72,3631627955.72,3861366.59,10156370.45,-51549790.30
2026-06-30 10:35:19,2026-06-30T00:35:19.727Z,1595.39,29720.00,4,0.003158,0.003169,0.003158,0.003169,3605905676.94,3606161299.17,3601595592.79,3605280394.33,7899975.71,6943047.44,-51939788.61
2026-06-30 10:36:27,2026-06-30T00:36:27.981Z,1595.18,29720.00,2,0.003169,0.003169,0.003129,0.003129,3605280394.33,3605280394.33,3601074503.8,3602117002.26,6832100.16,4501045.35,2196646.83
2026-06-30 10:37:30,2026-06-30T00:37:30.969Z,1593.30,29720.00,2,0.003129,0.003129,0.003129,0.003129,3602117002.26,3602259691.29,3595589748.51,3595589748.51,5523982.48,6316903.09,26243642.94
2026-06-30 10:38:44,2026-06-30T00:38:44.698Z,1592.24,29720.00,2,0.003129,0.003129,0.003007,0.003007,3595589748.51,3595589748.51,3592726160.12,3594238332,6822003.22,6349154.96,27143341.24
2026-06-30 10:39:52,2026-06-30T00:39:52.897Z,1591.95,29720.00,1,0.003007,0.003007,0.002796,0.002796,3594238332,3595989614.54,3592568119.78,3594973086.01,5870297.09,15460839.09,12964249.66
2026-06-30 10:41:06,2026-06-30T00:41:06.612Z,1591.56,29720.00,2,0.002796,0.002796,0.002629,0.002629,3592376282.19,3592376282.19,3592376282.19,3592376282.19,483959.20,713746.46,-7206646.69
2026-06-30 10:42:09,2026-06-30T00:42:09.708Z,1591.60,29720.00,1,0.002629,0.002629,0.002432,0.002432,3592018739.43,3592018739.43,3592018739.43,3592018739.43,882273.64,1682325.15,-7108783.85
2026-06-30 10:43:17,2026-06-30T00:43:17.886Z,1591.26,29720.00,1,0.002432,0.002432,0.002432,0.002432,3596163909.86,3596163909.86,3592041114.19,3594008331.03,1632655.94,1208587.10,-9319922.85
2026-06-30 10:44:31,2026-06-30T00:44:31.043Z,1591.26,29720.00,0,0.002432,0.002432,0.002381,0.002381,3594008331.03,3597336598.42,3593302109.8,3596155780.74,2392664.48,1804015.84,7002941.40
2026-06-30 10:45:39,2026-06-30T00:45:39.293Z,1591.50,29720.00,0,0.002381,0.002381,0.002337,0.002337,3596155780.74,3599568865.29,3594786043.93,3598999994.61,2911349.20,5298520.17,7375810.21
2026-06-30 10:46:42,2026-06-30T00:46:42.215Z,1593.77,29720.00,3,0.002337,0.002337,0.002325,0.002325,3598999994.61,3602505529.31,3597577069.42,3602500699.85,12067610.18,8351856.82,15312005.73
2026-06-30 10:47:55,2026-06-30T00:47:55.339Z,1593.27,29720.00,2,0.002325,0.002325,0.002325,0.002325,3602500699.85,3607967263.31,3601851427.4,3607967263.31,11456936.26,9757614.33,20542693.22
2026-06-30 10:49:08,2026-06-30T00:49:08.520Z,1592.95,29720.00,1,0.002295,0.002311,0.002295,0.002311,3604548252.85,3604548252.85,3604548252.85,3604548252.85,1521907.36,3794414.01,9033432.69
2026-06-30 10:50:17,2026-06-30T00:50:17.104Z,1594.66,29720.00,2,0.002311,0.002311,0.002311,0.002311,3606619893.59,3610109515.7,3606480743.22,3607385350.69,2972592.65,1563854.52,13144126.81
2026-06-30 10:51:30,2026-06-30T00:51:30.592Z,1592.29,29720.00,2,0.002311,0.002311,0.002264,0.002264,3607385350.69,3611169649.54,3600637606.47,3600688566.67,2676521.16,1731051.73,3429433.34
2026-06-30 10:52:38,2026-06-30T00:52:38.722Z,1593.56,29720.00,1,0.002264,0.002264,0.002222,0.002222,3600688566.67,3604363928.67,3600688566.67,3604137491.34,2898920.90,1135187.32,3645259.10
2026-06-30 10:53:41,2026-06-30T00:53:41.679Z,1594.46,29720.00,1,0.002222,0.002222,0.002008,0.002008,3604137491.34,3607140933.32,3604137491.34,3607096734.32,2685551.27,1183258.37,8983522.76
2026-06-30 10:54:59,2026-06-30T00:54:59.916Z,1594.57,29720.00,1,0.002008,0.002008,0.002008,0.002008,3607096734.32,3609311496.16,3606635399.14,3608320205.95,2941621.75,4036932.50,5027183.49
2026-06-30 10:56:07,2026-06-30T00:56:07.879Z,1594.57,29720.00,1,0.002008,0.002008,0.001957,0.001957,3605372590.98,3605372590.98,3605372590.98,3605372590.98,75153.32,366875.87,5113477.45
2026-06-30 10:57:15,2026-06-30T00:57:15.820Z,1593.03,29720.00,3,0.001957,0.001957,0.001957,0.001957,3604965307.23,3605644724.38,3602842015.66,3602850440.22,616426.48,1033699.81,-3190251.00
2026-06-30 10:58:18,2026-06-30T00:58:18.615Z,1592.81,29720.00,1,0.001957,0.001957,0.001879,0.001879,3602850440.22,3602901708.21,3600584828.77,3601662126.68,533116.62,697536.44,-5559674.97
2026-06-30 10:59:31,2026-06-30T00:59:31.831Z,1592.63,29720.00,1,0.001879,0.001879,0.001704,0.001704,3601662126.68,3601662126.68,3600457678.61,3600648675.23,1089279.39,832240.02,-4162671.92
2026-06-30 11:00:40,2026-06-30T01:00:40.538Z,1592.41,29720.00,1,0.001704,0.001704,0.001535,0.001535,3600648675.23,3601687639.29,3600182140.98,3601200320.09,2727460.54,3767035.53,-4235281.07
2026-06-30 11:01:53,2026-06-30T01:01:53.916Z,1592.08,29720.00,2,0.001535,0.001535,0.001535,0.001535,3601200320.09,3602029403.77,3598864368.77,3598864368.77,4618355.91,6987449.66,-5027610.78
2026-06-30 11:03:07,2026-06-30T01:03:07.079Z,1590.79,29720.00,1,0.002008,0.002008,0.001422,0.001422,3601810579.94,3601810579.94,3601810579.94,3601810579.94,12362075.64,28129441.48,-33191587.25
2026-06-30 11:04:20,2026-06-30T01:04:20.106Z,1590.59,29720.00,0,0.001422,0.001422,0.001377,0.001377,3601898981.69,3601898981.69,3592935539.29,3598666911.09,5065157.32,842861.49,-28440514.64
2026-06-30 11:05:28,2026-06-30T01:05:28.371Z,1592.40,29720.00,3,0.001377,0.001377,0.001358,0.001358,3598666911.09,3609013754.74,3597989279.51,3607850342.36,2354400.80,1123570.19,-14870589.17
2026-06-30 11:06:31,2026-06-30T01:06:31.295Z,1592.40,29720.00,4,0.001358,0.001393,0.001358,0.001393,3607850342.36,3609481945.21,3607411934.33,3608762294.99,1972399.09,2967347.49,-13594716.25
2026-06-30 11:07:46,2026-06-30T01:07:46.216Z,1590.51,29720.00,3,0.001393,0.001393,0.001393,0.001393,3608762294.99,3608811385.62,3606073752.89,3606102144.36,3676524.24,6277539.62,-7125907.58
2026-06-30 11:08:54,2026-06-30T01:08:54.312Z,1590.49,29720.00,2,0.001393,0.001393,0.001296,0.001296,3606102144.36,3606513124.86,3601770013.54,3604170430.18,6981778.05,8734709.51,7880018.25
2026-06-30 11:10:02,2026-06-30T01:10:02.878Z,1589.87,29720.00,1,0.001181,0.001296,0.001181,0.001181,3607943236.99,3607943236.99,3607943236.99,3607943236.99,105459.73,373368.47,-6759103.10
2026-06-30 11:11:06,2026-06-30T01:11:06.104Z,1588.96,29720.00,2,0.001181,0.001181,0.00117,0.00117,3603650441.31,3603650441.31,3603650441.31,3603650441.31,155697.15,97375.90,-5212282.55
2026-06-30 11:12:14,2026-06-30T01:12:14.289Z,1588.96,29720.00,2,0.00117,0.00117,0.001117,0.001117,3603176634.4,3603176634.4,3603176634.4,3603176634.4,2975362.43,523805.66,-1299035.16
2026-06-30 11:13:17,2026-06-30T01:13:17.627Z,1589.89,29720.00,0,0.001117,0.001117,0.001073,0.001073,3601792622.22,3606803921.83,3601699246.62,3605383502.96,2445818.64,4012641.06,875829.03
2026-06-30 11:14:20,2026-06-30T01:14:20.515Z,1589.60,29720.00,0,0.001073,0.001073,0.001073,0.001073,3605383502.96,3605383502.96,3600803292.16,3602109273.14,1346081.93,594111.00,363029.69
2026-06-30 11:15:28,2026-06-30T01:15:28.808Z,1589.60,29720.00,0,0.001073,0.001073,0.00107,0.00107,3602109273.14,3603585192.24,3599696837.29,3603585192.24,1166956.49,2714466.41,1158988.96
2026-06-30 11:16:31,2026-06-30T01:16:31.798Z,1589.82,29720.00,0,0.00107,0.00107,0.001056,0.001056,3603585192.24,3604510760.45,3601650932.77,3604510760.45,1712714.71,1932619.71,3041970.59
2026-06-30 11:17:39,2026-06-30T01:17:39.913Z,1590.44,29720.00,3,0.001056,0.001056,0.001056,0.001056,3604510760.45,3605258438.82,3603030104.94,3603657833.03,3178681.92,1198313.06,1438485.69
2026-06-30 11:18:42,2026-06-30T01:18:42.647Z,1591.08,29720.00,2,0.001056,0.001056,0.00102,0.00102,3603657833.03,3608223649.93,3603657833.03,3608070832.75,4168522.41,1675854.11,7093842.37
2026-06-30 11:19:55,2026-06-30T01:19:55.757Z,1592.66,29720.00,1,0.00102,0.00102,0.000968,0.000968,3608070832.75,3610501928.69,3604197331.08,3610501928.69,8234603.57,9927730.38,6700999.00
2026-06-30 11:21:03,2026-06-30T01:21:03.883Z,1592.75,29720.00,1,0.000968,0.000968,0.000961,0.000961,3610626233.46,3610626233.46,3610626233.46,3610626233.46,848722.90,148559.82,9877174.99
2026-06-30 11:22:06,2026-06-30T01:22:06.999Z,1592.75,29720.00,2,0.000961,0.000986,0.000961,0.000986,3611542775.22,3611542775.22,3611542775.22,3611542775.22,256164.77,100047.74,6427385.86
2026-06-30 11:23:14,2026-06-30T01:23:14.974Z,1592.74,29720.00,1,0.000986,0.000986,0.000977,0.000977,3608813193.53,3609895504.24,3608314092.55,3609636945.73,944579.49,1732933.60,1341166.43
2026-06-30 11:24:17,2026-06-30T01:24:17.797Z,1592.74,29720.00,2,0.000977,0.000977,0.000977,0.000977,3609636945.73,3612482932.88,3609563642.59,3611906955.89,486552.19,335654.05,3825017.75
2026-06-30 11:25:30,2026-06-30T01:25:30.959Z,1593.32,29720.00,2,0.000977,0.00098,0.000977,0.00098,3611906955.89,3613775170.09,3611906955.89,3612832661.95,3023958.54,1467544.45,563746.10
2026-06-30 11:26:39,2026-06-30T01:26:39.619Z,1594.17,29720.00,3,0.00098,0.001053,0.00098,0.001053,3612832661.95,3613118212.71,3611169216.85,3613118212.71,4423760.42,2256287.78,3508804.37
2026-06-30 11:27:42,2026-06-30T01:27:42.478Z,1596.65,29720.00,3,0.001053,0.001053,0.001053,0.001053,3613118212.71,3616260252.41,3612549137.38,3616260252.41,3761438.62,4981587.77,6284063.73
2026-06-30 11:28:55,2026-06-30T01:28:55.457Z,1596.64,29720.00,3,0.001053,0.001115,0.001053,0.001115,3616260252.41,3618807348.98,3616260252.41,3616459772.44,4211683.89,3242999.09,6254383.42
2026-06-30 11:30:04,2026-06-30T01:30:04.099Z,1596.64,29720.00,1,0.001187,0.00122,0.001115,0.00122,3617521892.68,3617521892.68,3617521892.68,3617521892.68,200861.01,510309.54,6219847.92
2026-06-30 11:31:07,2026-06-30T01:31:07.352Z,1596.54,29720.00,1,0.00122,0.00122,0.00122,0.00122,3616665816.22,3616665816.22,3616665816.22,3616665816.22,507550.59,180211.65,-2758219.63
2026-06-30 11:32:15,2026-06-30T01:32:15.406Z,1596.54,29720.00,1,0.00122,0.001273,0.00122,0.001273,3614817359.08,3616224516.15,3614674314.52,3615047522.22,594798.38,776652.65,-921505.73
2026-06-30 11:33:18,2026-06-30T01:33:18.297Z,1596.54,29720.00,1,0.001273,0.001354,0.001273,0.001354,3615047522.22,3616044200.74,3615047522.22,3615614438.83,463813.00,2078981.21,-3454585.04
2026-06-30 11:34:26,2026-06-30T01:34:26.444Z,1596.12,29720.00,1,0.001354,0.001354,0.001354,0.001354,3615614438.83,3615614438.83,3613100451.27,3613100451.27,455505.65,755181.31,-7773185.54
2026-06-30 11:35:29,2026-06-30T01:35:29.383Z,1594.62,29720.00,3,0.001354,0.001414,0.001354,0.001414,3613100451.27,3613436480.27,3611915358.45,3611926866.02,425007.67,876820.47,-10990078.50
2026-06-30 11:36:42,2026-06-30T01:36:42.626Z,1594.49,29720.00,2,0.001414,0.001414,0.001412,0.001412,3611926866.02,3612481617.44,3611926866.02,3612004393.67,746453.32,974556.16,-10523433.12
2026-06-30 11:37:55,2026-06-30T01:37:55.779Z,1594.35,29720.00,1,0.001412,0.001419,0.001412,0.001419,3612004393.67,3612387871.41,3611199942.85,3611795831.69,11082334.81,13802047.98,-12296018.68
2026-06-30 11:39:04,2026-06-30T01:39:04.078Z,1592.40,29720.00,1,0.001419,0.001419,0.001397,0.001397,3612111476.45,3612111476.45,3612111476.45,3612111476.45,74566.66,139050.01,-9668502.02
2026-06-30 11:40:07,2026-06-30T01:40:07.694Z,1592.40,29720.00,1,0.001397,0.00141,0.001397,0.00141,3607017249.31,3607017249.31,3607017249.31,3607017249.31,212308.48,48566.30,-3826077.63
2026-06-30 11:41:18,2026-06-30T01:41:18.236Z,1587.59,29720.00,3,0.00141,0.00141,0.00141,0.00141,3608175861.09,3609058250.11,3607072947.05,3607072947.05,6606815.74,6972148.01,-41148572.33
2026-06-30 11:43:07,2026-06-30T01:43:07.335Z,1588.40,29720.00,3,0.00144,0.00144,0.001424,0.001424,3609260150.12,3609260150.12,3609260150.12,3609260150.12,198739.01,224610.46,-19628362.56
2026-06-30 11:44:15,2026-06-30T01:44:15.420Z,1588.56,29720.00,2,0.001424,0.00147,0.001424,0.00147,3610816559.41,3611343668.8,3610360048.47,3611314623.12,723765.14,882793.98,-24213736.11
2026-06-30 11:45:18,2026-06-30T01:45:18.499Z,1588.59,29720.00,1,0.00147,0.00147,0.00147,0.00147,3611314623.12,3611314623.12,3610216887.43,3610241990.9,1256778.08,715152.03,13313573.88
2026-06-30 11:46:21,2026-06-30T01:46:21.470Z,1589.11,29720.00,1,0.00147,0.001521,0.00147,0.001521,3610241990.9,3612152539.42,3609608335.55,3612152539.42,1102508.02,524424.95,7806453.59
2026-06-30 11:47:29,2026-06-30T01:47:29.442Z,1589.28,29720.00,1,0.001521,0.001572,0.001521,0.001572,3612152539.42,3613056044.39,3611940458.43,3612751247.15,699238.34,1859950.72,3311278.16
2026-06-30 11:48:42,2026-06-30T01:48:42.679Z,1589.56,29720.00,0,0.001572,0.001572,0.001572,0.001572,3612751247.15,3612898427.99,3611439690.67,3612190714,7420747.60,965842.90,9165610.32
2026-06-30 11:49:50,2026-06-30T01:49:50.705Z,1590.23,29720.00,2,0.001572,0.001654,0.001572,0.001654,3612190714,3616282360.8,3612173411.5,3615360047.33,3651761.95,1454259.41,11719785.51
2026-06-30 11:50:53,2026-06-30T01:50:53.727Z,1590.95,29720.00,2,0.001654,0.001699,0.001654,0.001699,3615360047.33,3618715774.51,3615298325.57,3618715774.51,2172213.46,3189678.19,8815160.09
2026-06-30 11:52:06,2026-06-30T01:52:06.991Z,1590.93,29720.00,2,0.001699,0.001713,0.001699,0.001713,3616260958.27,3616260958.27,3616260958.27,3616260958.27,53696.53,24531.83,7295158.18
2026-06-30 11:53:14,2026-06-30T01:53:14.995Z,1590.92,29720.00,1,0.001713,0.001713,0.001702,0.001702,3615358511.56,3615358511.56,3614473554.49,3615253146.06,356423.21,62025.17,822749.10
2026-06-30 11:54:17,2026-06-30T01:54:17.785Z,1590.92,29720.00,0,0.001702,0.001702,0.001688,0.001688,3615253146.06,3616447554.67,3615234542.9,3616447554.67,608497.74,702705.35,-1382255.57
2026-06-30 11:55:20,2026-06-30T01:55:20.779Z,1590.92,29720.00,0,0.001688,0.001688,0.001688,0.001688,3616447554.67,3616461672.45,3614787540.89,3615086137.03,543711.76,237799.91,625058.35
2026-06-30 11:56:28,2026-06-30T01:56:28.817Z,1590.63,29720.00,0,0.001688,0.001712,0.001688,0.001712,3615086137.03,3615178628.17,3614922980.25,3615125317.29,1430264.55,1195896.86,1378177.52
2026-06-30 11:57:31,2026-06-30T01:57:31.591Z,1590.85,29720.00,0,0.001712,0.001712,0.00171,0.00171,3615125317.29,3617151380.08,3614868202.63,3617151380.08,810463.38,399727.61,1725711.63
2026-06-30 11:58:44,2026-06-30T01:58:44.683Z,1591.05,29720.00,0,0.00171,0.00171,0.00171,0.00171,3617151380.08,3617626268.05,3616821063.04,3617626268.05,900303.69,1051166.25,2104701.12
2026-06-30 11:59:52,2026-06-30T01:59:52.902Z,1591.05,29720.00,0,0.00171,0.00175,0.00171,0.00175,3617626268.05,3617954790.68,3616824413.8,3617058966.75,817461.94,352963.32,2005870.21
2026-06-30 12:01:06,2026-06-30T02:01:06.379Z,1591.16,29720.00,1,0.001765,0.001765,0.001753,0.001753,3617003514.49,3617003514.49,3617003514.49,3617003514.49,79736.80,1050427.37,-1453316.85
2026-06-30 12:02:19,2026-06-30T02:02:19.719Z,1589.96,29720.00,2,0.001753,0.001753,0.001753,0.001753,3614476863.68,3614499508.78,3612211808.75,3612211808.75,307343.83,794162.11,-4450933.65
2026-06-30 12:03:27,2026-06-30T02:03:27.937Z,1589.88,29720.00,1,0.001753,0.001753,0.001714,0.001714,3612211808.75,3612797279.15,3611435809.66,3612797279.15,330384.97,840430.94,-1384270.87
2026-06-30 12:04:30,2026-06-30T02:04:30.846Z,1589.32,29720.00,2,0.001714,0.001714,0.001619,0.001619,3612797279.15,3612797279.15,3610016531.82,3610447977.77,3075195.65,1256750.86,-2551499.05
2026-06-30 12:05:39,2026-06-30T02:05:39.970Z,1589.32,29720.00,1,0.001619,0.001619,0.001619,0.001619,3610447977.77,3610447977.77,3608915899.86,3609622310.81,3420425.01,1086931.01,3004225.61
2026-06-30 12:06:42,2026-06-30T02:06:42.904Z,1589.26,29720.00,1,0.001619,0.001619,0.001512,0.001512,3609622310.81,3612226176.34,3609622310.81,3611870491.16,694930.64,650347.37,5633203.49
2026-06-30 12:07:51,2026-06-30T02:07:51.036Z,1589.37,29720.00,1,0.001512,0.001512,0.001511,0.001511,3611870491.16,3611954355.28,3611355490.43,3611954355.28,1750010.77,1040446.59,4412062.24
2026-06-30 12:08:54,2026-06-30T02:08:54.036Z,1588.83,29720.00,2,0.001511,0.00153,0.001511,0.00153,3611954355.28,3613842808.2,3611954285.27,3613720325.67,976534.03,1179567.86,6953226.79
2026-06-30 12:10:07,2026-06-30T02:10:07.639Z,1588.83,29720.00,1,0.00153,0.001559,0.00153,0.001559,3610731915.28,3610731915.28,3610731915.28,3610731915.28,340202.07,76568.72,2053726.84
2026-06-30 12:11:15,2026-06-30T02:11:15.929Z,1589.69,29720.00,1,0.001559,0.001572,0.001559,0.001572,3611617397.48,3612524534.55,3611617397.48,3611918618.79,2187158.11,1951595.30,2045922.24
2026-06-30 12:12:29,2026-06-30T02:12:29.531Z,1586.48,29720.00,1,0.001572,0.001572,0.001572,0.001572,3611918618.79,3613100542.17,3607748686.38,3608804508.68,1281609.27,4939020.53,-36219408.59
2026-06-30 12:13:32,2026-06-30T02:13:32.507Z,1585.92,29720.00,2,0.001572,0.001578,0.001572,0.001578,3608804508.68,3609400558.74,3606364202.69,3608406017.79,2439490.15,4751546.82,-37911427.17
2026-06-30 12:14:40,2026-06-30T02:14:40.565Z,1585.57,29720.00,1,0.001578,0.001578,0.00157,0.00157,3608406017.79,3608664739.55,3607084542.92,3608502945.93,6879533.72,4564524.63,-35034343.81
2026-06-30 12:15:43,2026-06-30T02:15:43.569Z,1585.56,29720.00,1,0.00157,0.00158,0.00157,0.00158,3608502945.93,3608502945.93,3605549387.32,3607643192.2,2357660.83,4439878.52,-37654617.85
2026-06-30 12:16:51,2026-06-30T02:16:51.740Z,1585.02,29720.00,0,0.00158,0.00158,0.00158,0.00158,3607643192.2,3607688641.11,3602070946.77,3602070946.77,6682423.79,7054234.66,-12526390.31
2026-06-30 12:17:54,2026-06-30T02:17:54.484Z,1584.78,29720.00,0,0.00158,0.00158,0.001578,0.001578,3602070946.77,3602070946.77,3599985720.84,3600418886.68,6208072.14,4172624.19,-7701754.49
2026-06-30 12:19:07,2026-06-30T02:19:07.858Z,1584.83,29720.00,0,0.001508,0.001508,0.001508,0.001508,3598331314.37,3598331314.37,3598331314.37,3598331314.37,337702.78,25814.65,3598185.02
2026-06-30 12:20:16,2026-06-30T02:20:16.257Z,1586.07,29720.00,2,0.001508,0.001508,0.001473,0.001473,3600440596.38,3600910625.23,3599434016.39,3600681540.46,2233035.24,6027998.06,11616667.77
2026-06-30 12:21:19,2026-06-30T02:21:19.273Z,1586.73,29720.00,3,0.001473,0.001473,0.001459,0.001459,3600681540.46,3602211822.38,3600681540.46,3602211822.38,1080803.36,888566.68,9934005.12
2026-06-30 12:22:32,2026-06-30T02:22:32.276Z,1586.72,29720.00,2,0.001459,0.001459,0.001446,0.001446,3602211822.38,3602442134.62,3601687235.1,3602207475.97,4783606.65,2117514.27,9028967.14
2026-06-30 12:23:40,2026-06-30T02:23:40.342Z,1587.95,29720.00,2,0.001446,0.001446,0.001446,0.001446,3602207475.97,3607249984.72,3602207475.97,3607249984.72,1883864.28,2876012.23,721362.81
2026-06-30 12:24:43,2026-06-30T02:24:43.303Z,1588.04,29720.00,1,0.001446,0.001446,0.001426,0.001426,3607249984.72,3607511562.79,3606864497.12,3607411674.04,1109262.59,1170599.88,-42928.62
2026-06-30 12:25:56,2026-06-30T02:25:56.434Z,1588.33,29720.00,1,0.001426,0.00149,0.001426,0.00149,3607411674.04,3608056025.95,3607291889,3607966253.67,4330360.91,1477641.68,10206630.84
2026-06-30 12:27:04,2026-06-30T02:27:04.520Z,1589.21,29720.00,2,0.00149,0.00149,0.00149,0.00149,3609126147.27,3609126147.27,3609126147.27,3609126147.27,60689.57,2280654.90,6320276.24
2026-06-30 12:28:07,2026-06-30T02:28:07.438Z,1589.18,29720.00,2,0.001461,0.001463,0.001461,0.001463,3610777556.42,3610777556.42,3610777556.42,3610777556.42,74814.78,230950.62,5010352.09
2026-06-30 12:29:15,2026-06-30T02:29:15.551Z,1588.53,29720.00,1,0.001463,0.001473,0.001463,0.001473,3611193792.3,3612254216.52,3610816975.1,3611067600.23,250866.82,276936.40,4982593.86
2026-06-30 12:30:19,2026-06-30T02:30:19.383Z,1588.53,29720.00,0,0.001473,0.001473,0.001473,0.001473,3611067600.23,3611469565.14,3611067600.23,3611469565.14,203261.56,1073210.75,211282.57
2026-06-30 12:31:32,2026-06-30T02:31:32.618Z,1588.55,29720.00,0,0.001473,0.001509,0.001473,0.001509,3611469565.14,3611596543.66,3609750744.87,3609842004.26,819018.91,1099796.63,-6731021.39
2026-06-30 12:32:40,2026-06-30T02:32:40.665Z,1588.30,29720.00,0,0.001509,0.001509,0.001508,0.001508,3609842004.26,3610457961.41,3608478685.3,3610457961.41,1463341.08,2578535.33,-4073745.20
2026-06-30 12:33:43,2026-06-30T02:33:43.498Z,1588.30,29720.00,0,0.001508,0.001508,0.001508,0.001508,3610457961.41,3610457961.41,3608262578.62,3608325733.87,1314648.76,811136.91,-4476960.61
2026-06-30 12:34:51,2026-06-30T02:34:51.411Z,1588.15,29720.00,0,0.001508,0.001508,0.00146,0.00146,3608325733.87,3608830359.97,3607885767.31,3608670944.63,1152231.82,1924508.37,-5165147.99
2026-06-30 12:35:54,2026-06-30T02:35:54.307Z,1588.15,29720.00,0,0.00146,0.00146,0.001432,0.001432,3608670944.63,3608670944.63,3607628068.57,3608399257.84,2526506.71,1005311.99,1040581.64
2026-06-30 12:36:58,2026-06-30T02:36:58.087Z,1588.17,29720.00,0,0.001432,0.001432,0.001432,0.001432,3608399257.84,3610231720.24,3608399257.84,3609588230.64,3541328.37,1709237.56,2596350.70
2026-06-30 12:38:07,2026-06-30T02:38:07.264Z,1588.17,29720.00,0,0.001403,0.001419,0.001403,0.001419,3610757032.77,3610757032.77,3610757032.77,3610757032.77,161247.79,186935.44,3509773.55
2026-06-30 12:39:15,2026-06-30T02:39:15.339Z,1589.01,29720.00,3,0.001419,0.001419,0.001404,0.001404,3611621992.97,3613793189.37,3611621992.97,3613792329.87,2935866.76,604771.00,8482857.15
2026-06-30 12:40:18,2026-06-30T02:40:18.447Z,1589.23,29720.00,2,0.001404,0.001404,0.001404,0.001404,3613792329.87,3613792329.87,3613001541.28,3613007856.11,993490.90,62090.26,9097146.81
2026-06-30 12:41:31,2026-06-30T02:41:31.625Z,1589.07,29720.00,0,0.001404,0.001465,0.001404,0.001465,3613007856.11,3614248495.46,3611656173.71,3611656173.71,1598500.50,263263.09,10757243.44
2026-06-30 12:42:44,2026-06-30T02:42:44.748Z,1588.86,29720.00,0,0.001465,0.001524,0.001465,0.001524,3611656173.71,3612047480.73,3611059074.21,3611268894.07,786168.27,245704.34,11535042.77
2026-06-30 12:43:47,2026-06-30T02:43:47.688Z,1588.86,29720.00,0,0.001524,0.001524,0.001524,0.001524,3611268894.07,3611281473.06,3611239203.32,3611270691.25,651048.98,560190.90,8407427.62
2026-06-30 12:44:55,2026-06-30T02:44:55.616Z,1588.85,29720.00,0,0.001524,0.001524,0.001453,0.001453,3611270691.25,3611337829.66,3610342971.48,3610342971.48,2078191.01,601750.27,6797921.94
2026-06-30 12:46:03,2026-06-30T02:46:03.965Z,1589.36,29720.00,0,0.001438,0.001453,0.001416,0.001416,3611324749.34,3611324749.34,3611324749.34,3611324749.34,54972.17,80717.81,3338830.84
2026-06-30 12:47:06,2026-06-30T02:47:06.790Z,1589.88,29720.00,1,0.001416,0.001416,0.001416,0.001416,3612977842.53,3612977842.53,3612977842.53,3612977842.53,602904.35,240811.79,5815576.00
2026-06-30 12:48:14,2026-06-30T02:48:14.780Z,1590.22,29720.00,1,0.001416,0.001416,0.001398,0.001398,3614232562.18,3615755344.03,3614232562.18,3615188263.98,1811745.58,11242.35,8173538.09
2026-06-30 12:49:17,2026-06-30T02:49:17.689Z,1590.48,29720.00,1,0.001398,0.0014,0.001398,0.0014,3615188263.98,3616034376.47,3615188263.98,3615928081.11,1027806.30,859516.43,9926730.09
2026-06-30 12:50:30,2026-06-30T02:50:30.961Z,1590.52,29720.00,1,0.0014,0.001451,0.0014,0.001451,3615928081.11,3616176561.9,3615499601.38,3616155267.35,1826565.87,431498.23,9369060.16
2026-06-30 12:51:39,2026-06-30T02:51:39.095Z,1590.52,29720.00,0,0.001451,0.001451,0.001451,0.001451,3616155267.35,3616417008.94,3615995350.42,3616334933.35,1306245.96,920231.79,6566818.85
2026-06-30 12:52:41,2026-06-30T02:52:41.840Z,1590.21,29720.00,0,0.001451,0.001504,0.001451,0.001504,3616334933.35,3616573882.82,3615444678.73,3615526735.36,595794.23,663700.74,5805417.30
2026-06-30 12:53:54,2026-06-30T02:53:54.937Z,1590.21,29720.00,0,0.001504,0.00154,0.001504,0.00154,3615526735.36,3616070669.44,3615470644.54,3615471372.22,1605567.86,860632.13,1509003.01
2026-06-30 12:55:03,2026-06-30T02:55:03.103Z,1590.21,29720.00,0,0.00154,0.00154,0.001539,0.001539,3615553009,3615553009,3615553009,3615553009,54035.35,2240.17,914514.29
2026-06-30 12:56:06,2026-06-30T02:56:06.162Z,1590.21,29720.00,0,0.001539,0.001545,0.001539,0.001545,3614960749.98,3614960749.98,3614960749.98,3614960749.98,32053.92,24344.11,-1022549.26
2026-06-30 12:57:15,2026-06-30T02:57:15.195Z,1589.80,29720.00,1,0.001545,0.001592,0.001545,0.001592,3615567866.68,3615567866.68,3615567866.68,3615567866.68,428121.17,562993.51,-5347067.33
2026-06-30 12:58:18,2026-06-30T02:58:18.046Z,1589.32,29720.00,3,0.001592,0.001592,0.001592,0.001592,3612888219.31,3612888219.31,3611362476.08,3611362476.08,320290.16,300471.07,-6907619.40
2026-06-30 12:59:31,2026-06-30T02:59:31.283Z,1588.84,29720.00,2,0.001592,0.001592,0.001558,0.001558,3611362476.08,3611718919.24,3610336157.39,3610380841.73,1067118.32,1998055.89,-7725638.40
2026-06-30 13:00:44,2026-06-30T03:00:44.482Z,1588.74,29720.00,3,0.001558,0.001558,0.00151,0.00151,3610380841.73,3610473074.13,3609157971.57,3610328839.01,1558804.04,880606.87,-6781789.61
2026-06-30 13:01:52,2026-06-30T03:01:52.646Z,1588.74,29720.00,2,0.00151,0.00151,0.00151,0.00151,3610328839.01,3610328839.01,3609638085.75,3609894910.64,3779962.80,879889.65,447788.76
2026-06-30 13:02:55,2026-06-30T03:02:55.393Z,1588.74,29720.00,1,0.00151,0.00151,0.001431,0.001431,3609894910.64,3612465791.71,3609879434.97,3612292522.85,3855139.33,1231522.46,4502204.34
2026-06-30 13:04:03,2026-06-30T03:04:03.451Z,1589.27,29720.00,2,0.001346,0.001346,0.001346,0.001346,3613987232.91,3613987232.91,3613987232.91,3613987232.91,18961.15,1486.45,8083989.30
2026-06-30 13:05:06,2026-06-30T03:05:06.751Z,1589.27,29720.00,1,0.001349,0.001349,0.001349,0.001349,3614463351.27,3614463351.27,3614463351.27,3614463351.27,60196.64,15619.88,7284118.33
2026-06-30 13:06:15,2026-06-30T03:06:15.029Z,1589.17,29720.00,2,0.001349,0.001379,0.001349,0.001379,3614475273.31,3614475273.31,3613651760.9,3613654790.79,679567.50,141570.41,5333900.10
2026-06-30 13:07:17,2026-06-30T03:07:17.902Z,1590.15,29720.00,3,0.001379,0.001408,0.001379,0.001408,3613654790.79,3616459974.38,3613578187.35,3616459974.38,468622.11,196284.58,5493201.03
2026-06-30 13:08:31,2026-06-30T03:08:31.024Z,1589.97,29720.00,2,0.001408,0.001408,0.001408,0.001408,3616459974.38,3617422200.33,3616227060.5,3616538970.36,749349.92,2316489.80,2659194.46
2026-06-30 13:09:39,2026-06-30T03:09:39.093Z,1589.26,29720.00,3,0.001408,0.001478,0.001408,0.001478,3616538970.36,3616538970.36,3611812773.51,3612006710.72,2192233.87,456915.46,4042057.94
2026-06-30 13:10:42,2026-06-30T03:10:42.274Z,1589.44,29720.00,2,0.001478,0.001511,0.001478,0.001511,3612006710.72,3615265940.01,3611987497.11,3615199743.98,826758.37,715566.42,4293933.42
2026-06-30 13:11:50,2026-06-30T03:11:50.256Z,1589.53,29720.00,1,0.001511,0.001519,0.001511,0.001519,3615199743.98,3615529212.95,3613585674,3615513551.67,916232.67,424044.24,1629664.54
2026-06-30 13:12:52,2026-06-30T03:12:52.994Z,1589.38,29720.00,1,0.001519,0.001519,0.001519,0.001519,3615513551.67,3615513551.67,3614549239.26,3614929181.49,418747.42,779726.12,480117.14
2026-06-30 13:13:55,2026-06-30T03:13:55.898Z,1589.56,29720.00,0,0.001519,0.001519,0.001482,0.001482,3614929181.49,3614936525.11,3614504358.27,3614518652.01,2285151.40,646125.23,4387747.06
2026-06-30 13:15:04,2026-06-30T03:15:04.522Z,1589.50,29720.00,0,0.001479,0.001482,0.001479,0.001479,3614047183.51,3614047183.51,3614047183.51,3614047183.51,14232.89,5186.43,1964101.83
2026-06-30 13:16:07,2026-06-30T03:16:07.599Z,1589.58,29720.00,0,0.001479,0.001479,0.001452,0.001452,3613720530.11,3613720530.11,3613720530.11,3613720530.11,159053.82,23856.00,2705134.93
2026-06-30 13:17:15,2026-06-30T03:17:15.845Z,1590.76,29720.00,2,0.001452,0.001452,0.001433,0.001433,3614234979.94,3617570818.34,3614234979.94,3617570818.34,3789955.88,1085194.96,6629296.21
2026-06-30 13:18:18,2026-06-30T03:18:18.718Z,1591.01,29720.00,2,0.001433,0.00145,0.001433,0.00145,3617570818.34,3618529978.16,3617570405.76,3618510951.29,1334602.35,283881.13,6769273.23
2026-06-30 13:19:31,2026-06-30T03:19:31.990Z,1592.00,29720.00,1,0.00145,0.00145,0.00145,0.00145,3618510951.29,3621045412.92,3618474182.39,3621045412.92,3752058.02,1267482.96,11981228.89
2026-06-30 13:20:40,2026-06-30T03:20:40.311Z,1592.55,29720.00,2,0.00145,0.001572,0.00145,0.001572,3621045412.92,3622639572.26,3620897931.01,3622639572.26,2881142.48,4123865.45,11770584.74
2026-06-30 13:21:53,2026-06-30T03:21:53.452Z,1592.28,29720.00,1,0.001572,0.001632,0.001572,0.001632,3622639572.26,3622946986.52,3622182729.03,3622299741.32,4083947.41,15881299.57,-3089168.94
2026-06-30 13:23:06,2026-06-30T03:23:06.627Z,1592.25,29720.00,1,0.001632,0.001633,0.001632,0.001633,3621137271.24,3621137271.24,3621137271.24,3621137271.24,21628.01,139915.26,-10332072.85
2026-06-30 13:24:19,2026-06-30T03:24:19.785Z,1590.40,29720.00,3,0.001633,0.001677,0.001633,0.001677,3622261686.12,3622261686.12,3620602496.41,3620602496.41,1609805.51,3325336.57,-18399997.04
2026-06-30 13:25:32,2026-06-30T03:25:32.947Z,1589.03,29720.00,2,0.001677,0.001677,0.001629,0.001629,3620602496.41,3620602496.41,3614689449.08,3614689449.08,3515115.49,853962.57,-14066195.57
2026-06-30 13:26:41,2026-06-30T03:26:41.104Z,1589.04,29720.00,2,0.001629,0.001629,0.001629,0.001629,3614689449.08,3615536175.26,3613423183.72,3615427164.58,3264294.90,951266.07,-1297782.73
2026-06-30 13:27:54,2026-06-30T03:27:54.277Z,1588.70,29720.00,2,0.001629,0.001629,0.001539,0.001539,3615427164.58,3615691397.02,3614708481.61,3614738646.19,1446675.10,814049.16,393114.11
2026-06-30 13:29:07,2026-06-30T03:29:07.314Z,1588.70,29720.00,2,0.001494,0.001494,0.001494,0.001494,3613956293.69,3613956293.69,3613956293.69,3613956293.69,312515.43,56342.51,7375537.64
2026-06-30 13:30:15,2026-06-30T03:30:15.651Z,1588.78,29720.00,3,0.001494,0.001494,0.001422,0.001422,3614615082.51,3616407688.33,3614615082.51,3616407688.33,258774.93,432030.40,3756715.93
2026-06-30 13:31:19,2026-06-30T03:31:19.187Z,1588.78,29720.00,1,0.001422,0.001439,0.001422,0.001439,3616407688.33,3616407688.33,3614181664.04,3614181664.04,938647.42,1546928.73,-1358073.85
2026-06-30 13:32:27,2026-06-30T03:32:27.240Z,1588.44,29720.00,3,0.001439,0.001445,0.001439,0.001445,3614181664.04,3614181664.04,3611820908.56,3611820908.56,2187009.76,1329710.31,-3082757.85
2026-06-30 13:33:30,2026-06-30T03:33:30.269Z,1588.00,29720.00,2,0.001445,0.001445,0.001445,0.001445,3611820908.56,3612810231.11,3611640389.07,3612692155.38,3938843.76,12953277.07,-13865568.03
2026-06-30 13:34:43,2026-06-30T03:34:43.433Z,1586.90,29720.00,2,0.001445,0.001445,0.001412,0.001412,3612692155.38,3612692155.38,3609838483.13,3610332413.24,2201391.34,4296226.99,-17830907.22
2026-06-30 13:35:51,2026-06-30T03:35:51.888Z,1586.90,29720.00,2,0.001412,0.001412,0.001389,0.001389,3610332413.24,3610332413.24,3607130487.56,3608083574.8,6164723.03,744579.73,-9603385.16
2026-06-30 13:36:54,2026-06-30T03:36:54.762Z,1587.53,29720.00,1,0.001389,0.001389,0.001335,0.001335,3608083574.8,3610498327.9,3608083574.8,3610314279.2,2481183.13,838592.53,-5784783.57
2026-06-30 13:38:02,2026-06-30T03:38:02.888Z,1587.96,29720.00,2,0.001335,0.001335,0.001335,0.001335,3612413424.51,3612413424.51,3612413424.51,3612413424.51,358931.75,109072.94,6904936.82
2026-06-30 13:39:05,2026-06-30T03:39:05.996Z,1588.39,29720.00,2,0.001362,0.001447,0.001362,0.001447,3613189723.01,3613189723.01,3613189723.01,3613189723.01,50620.80,83871.75,12832377.87
2026-06-30 13:40:19,2026-06-30T03:40:19.507Z,1587.24,29720.00,2,0.001447,0.001447,0.001447,0.001447,3613236739.08,3613258823.31,3611354126.28,3612048066.52,143387.30,67258.78,4571418.65
2026-06-30 13:41:22,2026-06-30T03:41:22.456Z,1587.64,29720.00,2,0.001447,0.00147,0.001447,0.00147,3612048066.52,3612331556.77,3612048066.52,3612314457.35,924117.15,452636.96,5720707.46
2026-06-30 13:42:30,2026-06-30T03:42:30.612Z,1587.63,29720.00,2,0.00147,0.00147,0.001461,0.001461,3612314457.35,3613202215.1,3611561361.68,3611561361.68,606139.39,655730.45,2308756.19
2026-06-30 13:43:43,2026-06-30T03:43:43.723Z,1587.63,29720.00,1,0.001461,0.001461,0.001441,0.001441,3611561361.68,3611654311.33,3610513633.16,3610513633.16,437799.01,2102446.32,-4161882.38
2026-06-30 13:44:51,2026-06-30T03:44:51.940Z,1587.53,29720.00,0,0.001441,0.001441,0.001441,0.001441,3610513633.16,3610519713.04,3609546670.63,3609888271.28,1149541.93,594015.73,-1170703.77
2026-06-30 13:46:05,2026-06-30T03:46:05.183Z,1587.66,29720.00,0,0.001388,0.001388,0.001388,0.001388,3611775913.61,3611775913.61,3611775913.61,3611775913.61,143385.32,162725.49,-832294.73
2026-06-30 13:47:18,2026-06-30T03:47:18.396Z,1586.40,29720.00,2,0.001328,0.001328,0.001328,0.001328,3611646727.44,3611646727.44,3607477310.17,3607477310.17,1356034.56,1927456.52,-6773966.27
2026-06-30 13:48:31,2026-06-30T03:48:31.773Z,1586.40,29720.00,2,0.001328,0.001328,0.001279,0.001279,3607477310.17,3608580279.75,3606468300.84,3606468300.84,1274492.61,1979593.80,-3047294.88
2026-06-30 13:49:39,2026-06-30T03:49:39.760Z,1586.64,29720.00,1,0.001279,0.001279,0.001235,0.001235,3606468300.84,3610367661.55,3606468300.84,3609298418.11,2978891.38,1115828.94,-1035361.25
2026-06-30 13:50:42,2026-06-30T03:50:42.830Z,1586.64,29720.00,0,0.001235,0.001235,0.001155,0.001155,3609298418.11,3610411081.24,3608721475.45,3609518829.86,2143417.33,830383.44,20483.77
2026-06-30 13:51:56,2026-06-30T03:51:56.077Z,1586.64,30123.00,0,0.001155,0.001155,0.001155,0.001155,3609518829.86,3611020087.61,3609518829.86,3610394439.86,1000919.76,312189.35,6049872.60
2026-06-30 13:53:04,2026-06-30T03:53:04.222Z,1586.64,30122.75,0,0.001155,0.001162,0.001155,0.001162,3610745092.39,3610745092.39,3610745092.39,3610745092.39,6663.89,53465.78,4874177.45
2026-06-30 13:54:07,2026-06-30T03:54:07.156Z,1585.35,30110.75,2,0.001162,0.001162,0.001162,0.001162,3610352191.97,3610352191.97,3610352191.97,3610352191.97,1748653.92,5332757.16,-5285731.49
2026-06-30 13:55:15,2026-06-30T03:55:15.328Z,1584.73,30106.00,1,0.001162,0.001182,0.001162,0.001182,3608297230.22,3608297230.22,3603935904.88,3607120579.16,485493.43,283726.26,-1763760.98
2026-06-30 13:56:18,2026-06-30T03:56:18.217Z,1585.10,30096.75,1,0.001182,0.001182,0.001137,0.001137,3607120579.16,3607315343.44,3606254878.7,3606274817.8,1781608.58,1005781.65,-1924969.29
2026-06-30 13:57:31,2026-06-30T03:57:31.333Z,1585.07,30098.50,2,0.001137,0.001155,0.001137,0.001155,3606274817.8,3609393477.75,3606212807.93,3608751192.33,1435907.19,1773680.41,-4870167.21
2026-06-30 13:58:44,2026-06-30T03:58:44.471Z,1585.07,30100.75,1,0.001155,0.001155,0.001155,0.001155,3608751192.33,3608751192.33,3606244368.45,3606316969.96,1533590.60,1144667.31,-26587.32
2026-06-30 13:59:52,2026-06-30T03:59:52.485Z,1585.07,30103.00,0,0.001155,0.001203,0.001155,0.001203,3606316969.96,3607662546.51,3606316969.96,3607621145.65,1653825.74,2006256.61,-1364114.44
2026-06-30 14:00:55,2026-06-30T04:00:55.994Z,1584.48,30096.25,1,0.001203,0.001203,0.001189,0.001189,3607621145.65,3608073126.81,3606780566.97,3607866949.14,4270277.09,10987974.21,-8274984.31
2026-06-30 14:02:05,2026-06-30T04:02:05.220Z,1583.47,30133.00,3,0.001189,0.001189,0.001151,0.001151,3603826529.82,3603826529.82,3603826529.82,3603826529.82,102391.73,386977.23,-21999027.77
2026-06-30 14:03:18,2026-06-30T04:03:18.543Z,1582.94,30131.75,2,0.001151,0.001151,0.001096,0.001096,3599376335.1,3599944042.16,3597823751.36,3597823751.36,6894147.28,6374774.61,-23503025.63
2026-06-30 14:04:31,2026-06-30T04:04:31.696Z,1582.93,30135.25,0,0.001096,0.001096,0.001051,0.001051,3597823751.36,3599717208.23,3596362106.82,3596362106.82,2845466.23,1748531.70,-21309856.84
2026-06-30 14:05:39,2026-06-30T04:05:39.912Z,1582.75,30144.75,0,0.001051,0.001051,0.001051,0.001051,3596362106.82,3599740576.2,3596362106.82,3597685473.05,2532349.74,5716940.85,-16983404.38
2026-06-30 14:06:42,2026-06-30T04:06:42.733Z,1582.75,30145.00,0,0.001051,0.001051,0.001043,0.001043,3597685473.05,3599698337.61,3596695940.76,3599181091.4,2396473.92,8953073.82,-9582830.14
2026-06-30 14:07:55,2026-06-30T04:07:55.828Z,1581.18,30145.00,1,0.001043,0.001043,0.001039,0.001039,3599181091.4,3601334378.61,3597101542.5,3597594998.98,9501916.24,24446426.30,-23733187.72
2026-06-30 14:09:04,2026-06-30T04:09:04.145Z,1579.53,30137.00,3,0.001039,0.001039,0.001039,0.001039,3589779520.9,3589779520.9,3589779520.9,3589779520.9,221400.81,331693.24,-32643798.51
2026-06-30 14:10:07,2026-06-30T04:10:07.491Z,1579.54,30131.75,1,0.00101,0.00101,0.000978,0.000978,3587831200.03,3587831200.03,3587831200.03,3587831200.03,800830.83,290806.31,-27213349.65
2026-06-30 14:11:22,2026-06-30T04:11:22.175Z,1577.34,30133.25,3,0.000978,0.000978,0.000901,0.000901,3590847083.03,3590847083.03,3574961387.75,3575505368.73,3555231.01,2604957.70,-39172690.11
2026-06-30 14:12:30,2026-06-30T04:12:30.457Z,1581.28,30131.75,3,0.000901,0.000901,0.000901,0.000901,3575505368.73,3583296503.8,3575505368.73,3583296503.8,13043812.85,2894007.72,-4632226.70
2026-06-30 14:16:27,2026-06-30T04:16:27.612Z,1584.68,30141.25,3,0.000898,0.000898,0.000859,0.000859,3596043316.17,3600188142.29,3595542155.22,3597640586.42,3098465.00,1816729.28,34603530.12
2026-06-30 14:17:30,2026-06-30T04:17:30.816Z,1583.24,30136.50,3,0.000859,0.000859,0.000805,0.000805,3597640586.42,3597640586.42,3590576849.65,3590576849.65,5651721.20,1654191.22,-4620194.22
2026-06-30 14:18:38,2026-06-30T04:18:38.916Z,1583.08,30138.00,1,0.000805,0.000805,0.000805,0.000805,3590576849.65,3593650930.4,3590482025.04,3591772171.38,5421050.14,3380950.93,-2590650.13
2026-06-30 14:19:41,2026-06-30T04:19:41.801Z,1583.31,30135.25,2,0.000805,0.000805,0.000718,0.000718,3591772171.38,3592395873.41,3590592435.01,3590912779.88,1301790.98,3499519.26,-4983863.96
2026-06-30 14:20:44,2026-06-30T04:20:44.717Z,1581.39,30135.25,1,0.000718,0.000723,0.000718,0.000723,3590912779.88,3591162983.18,3589258194.83,3589494093.48,4428418.13,12880531.20,-14613570.22
2026-06-30 14:21:52,2026-06-30T04:21:52.679Z,1581.92,30140.50,1,0.000723,0.000723,0.000699,0.000699,3589494093.48,3589504436.4,3585774370.89,3587081351.94,2771241.73,2527880.41,-2665957.47
2026-06-30 14:22:55,2026-06-30T04:22:55.850Z,1582.19,30151.75,1,0.000699,0.000699,0.000699,0.000699,3587081351.94,3590581280.2,3587081351.94,3590056187.42,2807356.18,1990205.92,-5040440.22
2026-06-30 14:24:03,2026-06-30T04:24:03.999Z,1582.46,30157.25,1,0.000639,0.000699,0.000639,0.000665,3591020651.18,3591020651.18,3591020651.18,3591020651.18,37049.35,1002277.60,-6328785.56
2026-06-30 14:25:07,2026-06-30T04:25:07.141Z,1582.30,30149.00,1,0.000665,0.000665,0.000665,0.000665,3591213888.71,3591213888.71,3591213888.71,3591213888.71,167212.18,53386.55,-1592579.13
2026-06-30 14:26:10,2026-06-30T04:26:10.122Z,1582.70,30154.25,2,0.000665,0.000665,0.000647,0.000647,3587525535.47,3587525535.47,3587525535.47,3587525535.47,475609.27,56788.33,601738.37
2026-06-30 14:27:18,2026-06-30T04:27:18.329Z,1583.64,30165.50,1,0.000647,0.000647,0.000613,0.000613,3591316084.04,3593721029.09,3591316084.04,3593721029.09,672508.04,623546.69,4027685.32
2026-06-30 14:28:31,2026-06-30T04:28:31.336Z,1583.64,30164.75,1,0.000613,0.000687,0.000613,0.000687,3593721029.09,3594402633.35,3593721029.09,3594042952.55,574275.10,490018.37,2939958.69
2026-06-30 14:29:39,2026-06-30T04:29:39.465Z,1584.07,30167.00,1,0.000687,0.000687,0.000687,0.000687,3594042952.55,3595739460.47,3594042952.55,3595689144.31,1527505.61,1105887.08,2134340.25
2026-06-30 14:30:42,2026-06-30T04:30:42.498Z,1585.16,30169.50,3,0.000687,0.00077,0.000687,0.00077,3595689144.31,3595794333.75,3595031817.52,3595135576.22,12885914.75,3273810.51,6177721.04
2026-06-30 14:31:55,2026-06-30T04:31:55.510Z,1583.71,30170.00,3,0.00077,0.000853,0.00077,0.000853,3595135576.22,3600955264.02,3595129851.4,3598027155.66,4545484.20,2764987.79,6283744.58
2026-06-30 14:33:03,2026-06-30T04:33:03.442Z,1587.81,30171.25,3,0.000853,0.000853,0.000853,0.000853,3601289227.4,3601289227.4,3601289227.4,3601289227.4,4399062.74,1629063.98,23540774.10
2026-06-30 14:34:06,2026-06-30T04:34:06.287Z,1587.72,30169.00,2,0.000902,0.000923,0.000902,0.000923,3605915594.59,3605915594.59,3605915594.59,3605915594.59,100296.05,795032.19,25330780.03
2026-06-30 14:35:19,2026-06-30T04:35:19.552Z,1587.65,30177.00,1,0.000923,0.000951,0.000923,0.000951,3608541203.3,3608825649.81,3607884647.02,3608825649.81,1447086.41,1206752.53,13803243.72
2026-06-30 14:36:27,2026-06-30T04:36:27.449Z,1587.65,30186.00,2,0.000951,0.000951,0.000951,0.000951,3608825649.81,3609704738.74,3608050563.45,3609623828.97,2400473.92,2548456.96,9923857.55
2026-06-30 14:37:30,2026-06-30T04:37:30.342Z,1587.65,30188.25,1,0.000951,0.000973,0.000951,0.000973,3609623828.97,3610482293.55,3608691134.03,3608691134.03,504841.72,1288181.91,1672028.52
2026-06-30 14:38:43,2026-06-30T04:38:43.383Z,1587.67,30184.50,1,0.000973,0.000989,0.000973,0.000989,3608691134.03,3609054510.08,3607639429.23,3607639429.23,5415150.87,2960499.04,430151.62
2026-06-30 14:39:56,2026-06-30T04:39:56.495Z,1587.67,30193.25,0,0.000989,0.000989,0.000989,0.000989,3607639429.23,3608321133.97,3607012047.12,3607012047.12,1280481.47,1472692.02,1223668.99
2026-06-30 14:41:04,2026-06-30T04:41:04.683Z,1586.84,30186.25,2,0.000986,0.000986,0.000986,0.000986,3607061516.19,3607061516.19,3607061516.19,3607061516.19,292471.83,69077.27,-1541071.96
2026-06-30 14:42:07,2026-06-30T04:42:07.570Z,1586.84,30190.75,1,0.000995,0.000995,0.000944,0.000944,3605594292.33,3605594292.33,3605594292.33,3605594292.33,65813.75,117132.60,-78681.12
2026-06-30 14:43:15,2026-06-30T04:43:15.505Z,1586.71,30191.00,1,0.000944,0.000944,0.000944,0.000944,3605615841.97,3605846504.25,3605357718.42,3605357718.42,91138.87,877091.37,-3550372.03
2026-06-30 14:44:18,2026-06-30T04:44:18.419Z,1586.04,30194.50,2,0.000944,0.000944,0.000924,0.000924,3605357718.42,3605449134.78,3603454067.97,3603876819.63,574430.25,250805.84,-13609153.32
2026-06-30 14:45:21,2026-06-30T04:45:21.432Z,1586.04,30201.50,2,0.000924,0.000924,0.000856,0.000856,3603876819.63,3605245489.71,3603559148.06,3605068375.31,1691121.38,1762193.74,-10926482.18
2026-06-30 14:46:29,2026-06-30T04:46:29.402Z,1586.19,30202.25,0,0.000856,0.000856,0.000856,0.000856,3605068375.31,3605965474.28,3605068375.31,3605965474.28,3368273.00,250733.82,-7695860.99
2026-06-30 14:47:42,2026-06-30T04:47:42.518Z,1586.19,30194.50,0,0.000856,0.000856,0.000838,0.000838,3605965474.28,3607534029.72,3605965474.28,3607534029.72,516695.54,739470.18,-9168812.28
2026-06-30 14:48:55,2026-06-30T04:48:55.598Z,1586.19,30184.25,0,0.000838,0.000856,0.000838,0.000856,3607534029.72,3607534029.72,3605341536.72,3605341536.72,1162382.70,1776389.25,1010153.57
2026-06-30 14:50:04,2026-06-30T04:50:04.085Z,1586.15,30194.00,0,0.000872,0.000872,0.000856,0.000872,3604721996.85,3604721996.85,3604721996.85,3604721996.85,67932.46,868427.38,-1231891.74
2026-06-30 14:51:07,2026-06-30T04:51:07.356Z,1586.13,30194.00,0,0.000872,0.000872,0.000852,0.000852,3605094715.26,3605094715.26,3605094715.26,3605094715.26,49928.35,213966.23,-2972781.19
2026-06-30 14:52:15,2026-06-30T04:52:15.405Z,1586.10,30194.00,0,0.000852,0.000852,0.000847,0.000847,3604917908.19,3605726019.99,3604913811.77,3605726019.99,115269.91,376222.56,-1127185.16
2026-06-30 14:53:18,2026-06-30T04:53:18.393Z,1586.11,30194.00,0,0.000847,0.000847,0.000847,0.000847,3605726019.99,3605726019.99,3604446500.76,3604469151.98,861889.54,177036.22,153113.58
2026-06-30 14:54:26,2026-06-30T04:54:26.527Z,1585.65,30194.00,1,0.000847,0.000915,0.000847,0.000915,3604469151.98,3606419688,3604469151.98,3605896185.55,785685.62,8492577.69,-8991799.13
2026-06-30 14:55:29,2026-06-30T04:55:29.522Z,1585.23,30194.00,3,0.000915,0.000938,0.000915,0.000938,3605896185.55,3606010153.6,3601851371.4,3601938599.93,891506.44,3778897.44,-12310053.37
2026-06-30 14:56:42,2026-06-30T04:56:42.686Z,1584.98,30194.00,2,0.000938,0.000976,0.000938,0.000976,3601938599.93,3602083950.4,3600302592.15,3600894013.56,2020844.67,826262.53,-13140366.84
2026-06-30 14:57:50,2026-06-30T04:57:50.657Z,1584.98,30194.00,2,0.000976,0.000976,0.000976,0.000976,3600894013.56,3602169392.75,3600894013.56,3602136760.19,3143724.48,1278355.61,-10929659.49
2026-06-30 14:58:53,2026-06-30T04:58:53.484Z,1585.32,30194.00,0,0.000976,0.001,0.000976,0.001,3602136760.19,3604531850.56,3602136760.19,3603329445.16,1275745.74,2361873.39,-11695406.55
2026-06-30 14:59:56,2026-06-30T04:59:56.458Z,1585.32,30194.00,0,0.001,0.001099,0.001,0.001099,3603329445.16,3604446735.23,3603329445.16,3604215703.63,2792015.94,1478043.56,-1342960.35
2026-06-30 15:01:04,2026-06-30T05:01:04.762Z,1585.73,30194.00,0,0.001099,0.001099,0.001099,0.001099,3604219439.99,3604219439.99,3604219439.99,3604219439.99,276324.65,8958.15,6750317.66
2026-06-30 15:02:07,2026-06-30T05:02:07.637Z,1582.25,30194.00,4,0.001151,0.001194,0.001151,0.001194,3607004963.89,3607004963.89,3607004963.89,3607004963.89,122902.97,86758.14,5414980.94
2026-06-30 15:03:15,2026-06-30T05:03:15.733Z,1586.34,30194.00,2,0.001194,0.001271,0.001194,0.001271,3609569901.54,3609974875.65,3609163980.43,3609659811.18,237750.07,499191.31,5839680.74
2026-06-30 15:04:18,2026-06-30T05:04:18.646Z,1586.62,30194.00,2,0.001271,0.001271,0.001271,0.001271,3609659811.18,3611053911.48,3608926684.08,3611053911.48,163143.76,3575995.00,1966568.59
2026-06-30 15:05:31,2026-06-30T05:05:31.937Z,1586.51,30194.00,1,0.001271,0.001292,0.001271,0.001292,3611053911.48,3611053911.48,3608645449.83,3608954742.06,932190.65,997628.69,-1609796.84
2026-06-30 15:06:39,2026-06-30T05:06:39.845Z,1586.66,30194.00,1,0.001292,0.001336,0.001292,0.001336,3608954742.06,3610531728.03,3608954742.06,3610382625.34,660034.38,641839.23,-1150681.31
2026-06-30 15:07:42,2026-06-30T05:07:42.540Z,1586.66,30194.00,0,0.001336,0.001396,0.001336,0.001396,3610382625.34,3610858361.72,3610243297.97,3610250024.42,2151165.70,5256184.01,-4342526.71
2026-06-30 15:08:50,2026-06-30T05:08:50.644Z,1586.63,30194.00,0,0.001396,0.001396,0.001396,0.001396,3610250024.42,3610478856.08,3608060977.88,3608073110.37,8814081.87,4103698.60,-3151.39
2026-06-30 15:09:53,2026-06-30T05:09:53.479Z,1586.94,30194.00,1,0.001396,0.001456,0.001396,0.001456,3608073110.37,3608073110.37,3606281852.24,3607714985.1,2373907.42,2011902.34,3093367.58
2026-06-30 15:10:57,2026-06-30T05:10:57.632Z,1586.94,30194.00,0,0.001456,0.001488,0.001456,0.001488,3607714985.1,3608966141.04,3607714985.1,3608966141.04,3085497.05,3154695.98,1875469.77
2026-06-30 15:12:05,2026-06-30T05:12:05.752Z,1585.12,30194.00,2,0.001488,0.00157,0.001488,0.00157,3608528007.52,3608528007.52,3608528007.52,3608528007.52,36253.34,176684.84,-3351303.83
2026-06-30 15:13:18,2026-06-30T05:13:18.900Z,1585.21,30194.00,2,0.00157,0.001577,0.00157,0.001577,3605973904.49,3606499098.46,3604930204.93,3605107650.52,1687082.83,897162.83,-10530893.47
2026-06-30 15:14:26,2026-06-30T05:14:26.963Z,1585.68,30194.00,0,0.001577,0.001589,0.001577,0.001589,3605107650.52,3606081622.95,3603007700.5,3606081622.95,651070.03,762967.48,-8705544.78
2026-06-30 15:15:30,2026-06-30T05:15:30.274Z,1585.95,30194.00,0,0.001589,0.001589,0.001589,0.001589,3606081622.95,3606543532.91,3605885636.21,3606490555.35,714905.66,935413.43,-6510428.78
2026-06-30 15:16:33,2026-06-30T05:16:33.338Z,1585.95,30194.00,0,0.001589,0.001639,0.001589,0.001639,3606490555.35,3607845410.62,3605875836.78,3605910783.9,367013.00,878419.52,385036.20
2026-06-30 15:17:43,2026-06-30T05:17:43.354Z,1585.75,30194.00,0,0.001639,0.001707,0.001639,0.001707,3605910783.9,3605910783.9,3604565893.59,3604565893.59,263981.88,998580.12,2837048.24
2026-06-30 15:18:51,2026-06-30T05:18:51.331Z,1585.56,30194.00,1,0.001707,0.001707,0.001707,0.001707,3604565893.59,3604579603.32,3603206537.77,3603888353.6,1551698.80,1531827.13,-747513.51
2026-06-30 15:19:54,2026-06-30T05:19:54.297Z,1585.51,30194.00,0,0.001707,0.001707,0.001692,0.001692,3603888353.6,3604557878.5,3603120444.06,3604557878.5,885970.00,2794410.79,-4548425.05
2026-06-30 15:21:02,2026-06-30T05:21:02.745Z,1584.60,30194.00,2,0.001661,0.001692,0.001633,0.001633,3602173677.26,3602173677.26,3602173677.26,3602173677.26,13376.32,14108.60,-4339570.47
2026-06-30 15:22:05,2026-06-30T05:22:05.728Z,1584.96,30194.00,1,0.001633,0.001633,0.001633,0.001633,3603767407.81,3603767407.81,3603767407.81,3603767407.81,19616.27,488083.60,-1573904.62
2026-06-30 15:23:19,2026-06-30T05:23:19.016Z,1584.99,30194.00,0,0.001633,0.001671,0.001633,0.001671,3604575661.21,3604575661.21,3603248499.81,3603849443.59,498442.78,312862.86,-683285.34
2026-06-30 15:24:27,2026-06-30T05:24:27.215Z,1585.27,30194.00,1,0.001671,0.001767,0.001671,0.001767,3603849443.59,3604539374.07,3603279348.4,3603279348.4,1593115.13,284305.78,3468049.72
2026-06-30 15:25:30,2026-06-30T05:25:30.294Z,1585.53,30194.00,1,0.001767,0.00186,0.001767,0.00186,3603279348.4,3604468028.88,3602620649.34,3604468028.88,1005903.62,2257646.04,2827429.02
2026-06-30 15:26:52,2026-06-30T05:26:52.704Z,1585.22,30194.00,1,0.00186,0.00186,0.00186,0.00186,3604468028.88,3605437880.28,3603434334.6,3603594083.37,257246.10,778131.11,94540.49
2026-06-30 15:27:55,2026-06-30T05:27:55.652Z,1583.87,30194.00,2,0.00186,0.001974,0.00186,0.001974,3603594083.37,3603594083.37,3601004623.46,3601067668.78,5665913.48,5469522.85,302430.24
2026-06-30 15:29:03,2026-06-30T05:29:03.808Z,1583.59,30194.00,2,0.001957,0.001957,0.001957,0.001957,3598422575.29,3598422575.29,3598422575.29,3598422575.29,31057.41,60944.05,665799.83
2026-06-30 15:30:06,2026-06-30T05:30:06.855Z,1583.56,30194.00,2,0.001957,0.001957,0.001923,0.001923,3600037405.6,3600037405.6,3600037405.6,3600037405.6,135752.97,242728.85,2708249.33
2026-06-30 15:31:15,2026-06-30T05:31:15.192Z,1583.41,30194.00,1,0.001923,0.001923,0.001899,0.001899,3600622843.9,3600622843.9,3597875974.82,3600024928.54,1036808.06,681381.20,8823099.01
2026-06-30 15:32:17,2026-06-30T05:32:17.996Z,1583.40,30194.00,1,0.001899,0.001915,0.001899,0.001915,3600024928.54,3601855039.13,3599915716.5,3599925425.09,721070.51,239448.53,8697500.06
2026-06-30 15:33:31,2026-06-30T05:33:31.062Z,1583.40,30194.00,0,0.001915,0.001915,0.001915,0.001915,3599925425.09,3601418804.34,3599569115.5,3599909796.67,627528.35,502259.59,6211811.09
2026-06-30 15:34:39,2026-06-30T05:34:39.133Z,1583.40,30194.00,0,0.001915,0.001945,0.001915,0.001945,3599909796.67,3600980886.81,3599050177.71,3600965712.6,315830.04,269222.44,5797834.81
2026-06-30 15:35:42,2026-06-30T05:35:42.072Z,1583.43,30194.00,0,0.001945,0.001955,0.001945,0.001955,3600965712.6,3600965712.6,3599567147.04,3599567147.04,344419.51,447047.26,565996.91
2026-06-30 15:36:55,2026-06-30T05:36:55.078Z,1583.50,30194.00,0,0.001955,0.001955,0.001955,0.001955,3599567147.04,3600562058.32,3599567147.04,3599688461.88,14015962.17,7020729.89,7349299.68
2026-06-30 15:38:02,2026-06-30T05:38:02.983Z,1584.18,30194.00,4,0.00197,0.001974,0.001955,0.001974,3600912118.48,3600912118.48,3600912118.48,3600912118.48,9660486.58,1866308.98,15145026.34
2026-06-30 15:39:06,2026-06-30T05:39:06.027Z,1585.69,30194.00,4,0.001974,0.002022,0.001974,0.002022,3601877087.05,3601877087.05,3601877087.05,3601877087.05,301037.42,205963.59,17658725.26
2026-06-30 15:40:19,2026-06-30T05:40:19.542Z,1585.34,30194.00,1,0.002022,0.002022,0.002022,0.002022,3603388730.31,3604257050.69,3601593503.35,3602735891.57,3109313.09,1887735.64,13825741.05
2026-06-30 15:41:32,2026-06-30T05:41:32.844Z,1587.52,30194.00,3,0.002022,0.002127,0.002022,0.002127,3602735891.57,3604265493.83,3602520885.68,3604132657.45,5357997.42,2298107.68,12153992.89
2026-06-30 15:42:41,2026-06-30T05:42:41.368Z,1587.38,30194.00,2,0.002127,0.002177,0.002127,0.002177,3604132657.45,3606736184.86,3604132657.45,3604370095.44,703701.11,1933235.69,8441347.84
2026-06-30 15:43:44,2026-06-30T05:43:44.206Z,1587.37,30194.00,2,0.002177,0.002177,0.002177,0.002177,3604370095.44,3604958502.53,3604348340.97,3604958502.53,1513440.51,936594.88,1604260.74
2026-06-30 15:44:52,2026-06-30T05:44:52.153Z,1587.15,30194.00,3,0.002177,0.002251,0.002177,0.002251,3604958502.53,3605020282.16,3603818407.9,3603818407.9,1749380.00,2018831.27,6340930.79
2026-06-30 15:45:55,2026-06-30T05:45:55.083Z,1586.82,30194.00,1,0.002251,0.002283,0.002251,0.002283,3603818407.9,3605183825.83,3603780218.53,3604146040.74,2448650.72,5163082.09,-741578.86
2026-06-30 15:47:08,2026-06-30T05:47:08.319Z,1586.82,30194.00,1,0.00229,0.00229,0.00229,0.00229,3603932750.5,3603932750.5,3603932750.5,3603932750.5,133852.06,10402.39,226736.65
2026-06-30 15:48:16,2026-06-30T05:48:16.578Z,1586.03,30194.00,4,0.00229,0.002338,0.00229,0.002338,3605783020.17,3606050882.03,3604508762.65,3604508762.65,326192.36,117781.87,-744680.07
2026-06-30 15:49:19,2026-06-30T05:49:19.540Z,1586.46,30194.00,2,0.002338,0.002398,0.002338,0.002398,3604508762.65,3606463448.78,3604508762.65,3606434700.49,1067815.18,1386615.35,1247807.01
2026-06-30 15:50:28,2026-06-30T05:50:28.012Z,1587.58,30194.00,3,0.002398,0.002493,0.002398,0.002493,3606434700.49,3607866886.61,3606397653.34,3607866886.61,550875.96,946459.10,9003961.07
2026-06-30 15:51:30,2026-06-30T05:51:30.890Z,1587.58,30194.00,2,0.002493,0.002493,0.002493,0.002493,3607866886.61,3609164626.58,3606459700.91,3606459700.91,1022999.89,422392.09,5146373.74
2026-06-30 15:52:44,2026-06-30T05:52:44.112Z,1587.45,30194.00,0,0.002493,0.002613,0.002493,0.002613,3606459700.91,3607127928.58,3606459700.91,3606981809.5,215018.83,438474.05,4226164.67
2026-06-30 15:53:52,2026-06-30T05:53:52.165Z,1587.94,30194.00,2,0.002613,0.002647,0.002613,0.002647,3606981809.5,3607609620.79,3606912242.39,3607609620.79,1426842.42,580255.15,4537342.56
2026-06-30 15:54:56,2026-06-30T05:54:56.899Z,1587.80,30194.00,2,0.002647,0.002647,0.002647,0.002647,3607609620.79,3607840293.85,3607609620.79,3607807205.09,4392480.03,1043509.22,3076531.23
2026-06-30 15:56:04,2026-06-30T05:56:04.989Z,1588.13,30194.00,1,0.002721,0.002782,0.002647,0.002782,3608281310.98,3608281310.98,3608281310.98,3608281310.98,51532.67,1744.39,6947973.34
2026-06-30 15:57:18,2026-06-30T05:57:18.147Z,1588.13,30194.00,1,0.002782,0.002874,0.002782,0.002874,3610212430.41,3611782439.07,3610212430.41,3611782439.07,349679.33,243835.87,7916276.47
2026-06-30 15:58:31,2026-06-30T05:58:31.410Z,1588.51,30194.00,2,0.002874,0.002874,0.002874,0.002874,3611782439.07,3612314403.78,3610870008.76,3612254502.15,4199597.64,767849.55,13717000.98
2026-06-30 15:59:39,2026-06-30T05:59:39.558Z,1588.51,30194.00,1,0.002874,0.002912,0.002874,0.002912,3612254502.15,3613737831.87,3612254502.15,3613737831.87,1192231.09,1126531.93,11470450.29
2026-06-30 16:00:42,2026-06-30T06:00:42.662Z,1588.56,30194.00,0,0.002912,0.002974,0.002912,0.002974,3613737831.87,3613892491.99,3613093568.65,3613093568.65,3159001.12,4626952.84,3872328.85
2026-06-30 16:01:50,2026-06-30T06:01:50.855Z,1588.95,30194.00,1,0.002974,0.002974,0.002974,0.002974,3613093568.65,3613733501.8,3612044342.2,3612044342.2,1964764.04,4304876.26,-1511324.06
2026-06-30 16:02:54,2026-06-30T06:02:54.168Z,1588.37,30194.00,0,0.002974,0.003028,0.002974,0.003028,3612044342.2,3612713207.58,3612044342.2,3612311715.99,1187890.94,1209681.32,-5547557.06
2026-06-30 16:03:57,2026-06-30T06:03:57.005Z,1587.81,30194.00,2,0.003028,0.003028,0.003007,0.003007,3612311715.99,3612311715.99,3610523928.7,3611143489.03,1227735.93,2100793.03,-10587627.24
2026-06-30 16:05:05,2026-06-30T06:05:05.503Z,1587.81,30194.00,0,0.002952,0.002952,0.002952,0.002952,3611297537.44,3611297537.44,3611297537.44,3611297537.44,39518.08,29302.95,-1058948.53
2026-06-30 16:06:18,2026-06-30T06:06:18.898Z,1588.12,30194.00,1,0.002952,0.002952,0.002928,0.002928,3611258465.06,3611581098.03,3610029503.18,3610045004.6,74915.91,197372.81,-1303554.05
2026-06-30 16:07:28,2026-06-30T06:07:28.046Z,1588.04,30194.00,1,0.002928,0.002938,0.002928,0.002938,3610045004.6,3610787680.15,3610045004.6,3610481864.74,210556.45,169423.12,-1544812.12
2026-06-30 16:08:35,2026-06-30T06:08:35.989Z,1587.96,30194.00,1,0.002938,0.002938,0.002938,0.002938,3610481864.74,3610552939.2,3609749902.85,3609749902.85,418982.92,1696622.56,-2577828.11
2026-06-30 16:09:38,2026-06-30T06:09:38.883Z,1587.94,30194.00,0,0.002938,0.00295,0.002938,0.00295,3609749902.85,3609772655.62,3609403516.35,3609403516.35,259269.91,362336.91,-4353319.00
2026-06-30 16:10:42,2026-06-30T06:10:42.021Z,1587.91,30194.00,0,0.00295,0.00295,0.002926,0.002926,3609403516.35,3610195667.77,3609403516.35,3609917031.93,1199691.19,633096.60,-649518.17
2026-06-30 16:11:50,2026-06-30T06:11:50.197Z,1587.91,30194.00,0,0.002926,0.002926,0.002898,0.002898,3609917031.93,3610285683,3609739142.64,3610285683,594249.88,1240431.45,-1926093.70
2026-06-30 16:12:53,2026-06-30T06:12:53.958Z,1587.64,30194.00,0,0.002898,0.002898,0.002898,0.002898,3610285683,3610290740.12,3610097629.5,3610097629.5,663877.61,817867.22,-1464525.33
2026-06-30 16:14:07,2026-06-30T06:14:07.078Z,1587.85,30194.00,1,0.002876,0.002876,0.002839,0.002839,3609906977.76,3609906977.76,3609906977.76,3609906977.76,427450.63,17637.21,-620608.79
2026-06-30 16:15:23,2026-06-30T06:15:23.750Z,1587.89,30194.00,0,0.002839,0.002839,0.002839,0.002839,3611966826.01,3612011017.01,3611557989.61,3611981617.71,2085562.17,697158.39,997494.14
2026-06-30 16:16:31,2026-06-30T06:16:31.813Z,1587.78,30194.00,0,0.002839,0.002844,0.002839,0.002844,3611981617.71,3613726168.41,3611981617.71,3613128346.13,386160.85,884136.43,30376.14
2026-06-30 16:17:40,2026-06-30T06:17:40.039Z,1587.78,30194.00,0,0.002844,0.002844,0.002832,0.002832,3613128346.13,3613128346.13,3611173599.61,3611173599.61,326118.33,1971249.89,-2598679.93
2026-06-30 16:18:42,2026-06-30T06:18:42.916Z,1587.53,30194.00,0,0.002832,0.002832,0.002831,0.002831,3611173599.61,3611719015.06,3611082874.15,3611719015.06,260839.95,1023403.29,-3145162.95
2026-06-30 16:19:55,2026-06-30T06:19:55.933Z,1587.29,30194.00,1,0.002831,0.002831,0.002831,0.002831,3611719015.06,3611731424.47,3610255084.59,3610255084.59,1738934.83,1873265.61,-4321165.39
2026-06-30 16:21:04,2026-06-30T06:21:04.061Z,1587.24,30194.00,0,0.002835,0.002835,0.002835,0.002835,3610326850.41,3610326850.41,3610326850.41,3610326850.41,10195.15,254963.96,-4804908.53
2026-06-30 16:22:06,2026-06-30T06:22:06.935Z,1586.81,30194.00,1,0.002812,0.002812,0.002812,0.002812,3609982674.34,3609982674.34,3609982674.34,3609982674.34,9160.32,9961.27,-5368858.01
2026-06-30 16:23:15,2026-06-30T06:23:15.140Z,1586.82,30194.00,0,0.002812,0.002812,0.002807,0.002807,3610242135.17,3612183353.23,3610242135.17,3611434587.17,949037.99,2899134.06,-4906659.50
2026-06-30 16:24:18,2026-06-30T06:24:18.079Z,1587.48,30194.00,1,0.002807,0.002834,0.002807,0.002834,3611434587.17,3613452210.62,3610698596.99,3613452210.62,1058449.41,525325.45,-2765562.31
2026-06-30 16:25:31,2026-06-30T06:25:31.105Z,1587.48,30194.00,0,0.002834,0.002891,0.002834,0.002891,3613452210.62,3614300507.33,3612253084.38,3612253084.38,443570.79,897918.21,-2197116.28
2026-06-30 16:26:40,2026-06-30T06:26:40.135Z,1587.30,30194.00,0,0.002891,0.002891,0.002891,0.002891,3612253084.38,3613089037.82,3611162473.77,3611162473.77,1072215.57,703846.48,393276.66
2026-06-30 16:27:43,2026-06-30T06:27:43.077Z,1588.52,30194.00,3,0.002891,0.002931,0.002891,0.002931,3611162473.77,3611802732.31,3611162473.77,3611504626.56,6946014.24,1151953.45,5831066.69
2026-06-30 16:28:51,2026-06-30T06:28:51.121Z,1589.02,30194.00,2,0.002931,0.002931,0.00292,0.00292,3611504626.56,3618364292.88,3611504626.56,3618364292.88,2255916.07,3097767.03,6078202.23
2026-06-30 16:29:53,2026-06-30T06:29:53.936Z,1590.08,30194.00,1,0.00292,0.00292,0.00292,0.00292,3618364292.88,3618850842.57,3617291780.75,3618822137.67,35053335.54,5909506.94,31721767.75
2026-06-30 16:31:07,2026-06-30T06:31:07.237Z,1590.53,30194.00,1,0.003007,0.00305,0.003007,0.00305,3624048699.02,3624048699.02,3624048699.02,3624048699.02,102914.21,741238.20,25401697.89
2026-06-30 16:32:15,2026-06-30T06:32:15.373Z,1590.38,30194.00,1,0.00305,0.003079,0.00305,0.003079,3625836587.03,3626103617.2,3624994950.86,3625640220.92,89247.17,271822.23,17172242.70
2026-06-30 16:33:18,2026-06-30T06:33:18.260Z,1590.39,30194.00,1,0.003079,0.003079,0.003079,0.003079,3625640220.92,3627220284.22,3624856546.82,3626993802.4,1614978.10,1955390.34,25427576.27
2026-06-30 16:34:21,2026-06-30T06:34:21.254Z,1590.09,30194.00,3,0.003079,0.003108,0.003079,0.003108,3626993802.4,3626993802.4,3623660719.22,3623660719.22,918944.24,774541.39,-20010222.18
2026-06-30 16:35:29,2026-06-30T06:35:29.334Z,1589.70,30194.00,1,0.003108,0.003135,0.003108,0.003135,3623660719.22,3624101689,3623263147.5,3623551728.79,886750.37,358804.49,-11654026.04
2026-06-30 16:36:42,2026-06-30T06:36:42.432Z,1589.79,30194.00,1,0.003135,0.003135,0.003135,0.003135,3623551728.79,3624210019.2,3623318782.6,3623584317.07,2505271.26,598153.72,-7053305.65
2026-06-30 16:37:50,2026-06-30T06:37:50.916Z,1590.52,30194.00,1,0.003135,0.003135,0.003129,0.003129,3623584317.07,3627083581.43,3623584317.07,3626749709.23,1057275.28,2145870.10,-11584294.72
2026-06-30 16:38:55,2026-06-30T06:38:55.389Z,1590.52,30194.00,1,0.003129,0.003157,0.003129,0.003157,3626749709.23,3628428439.5,3626413743.22,3626413743.22,746630.36,1052141.71,2718415.78
2026-06-30 16:40:03,2026-06-30T06:40:03.715Z,1590.52,30194.00,1,0.00322,0.00322,0.00322,0.00322,3625740761.25,3625740761.25,3625740761.25,3625740761.25,4590.79,7218.24,2342370.83
2026-06-30 16:41:06,2026-06-30T06:41:06.799Z,1590.48,30194.00,0,0.00322,0.003243,0.00322,0.003243,3626524489.17,3626524489.17,3626524489.17,3626524489.17,114431.88,64152.51,-776466.48
2026-06-30 16:42:14,2026-06-30T06:42:14.994Z,1590.24,30194.00,0,0.003243,0.003277,0.003243,0.003277,3626049002.16,3626049002.16,3625316110.43,3625316110.43,53488.41,231444.66,-557355.90
2026-06-30 16:43:17,2026-06-30T06:43:17.788Z,1589.04,30194.00,3,0.003277,0.003277,0.003277,0.003277,3625316110.43,3626273227.96,3625316110.43,3625672005.32,53868.66,69988.23,425489.98
2026-06-30 16:44:20,2026-06-30T06:44:20.624Z,1589.87,30194.00,1,0.003277,0.003281,0.003277,0.003281,3625672005.32,3627357600.36,3625672005.32,3627357600.36,686516.07,617752.45,486234.71
2026-06-30 16:45:28,2026-06-30T06:45:28.766Z,1589.87,30194.00,0,0.003281,0.003302,0.003281,0.003302,3627357600.36,3630903668.02,3627357600.36,3630903668.02,821433.98,1169699.39,3129709.20
2026-06-30 16:46:45,2026-06-30T06:46:45.426Z,1589.86,30194.00,0,0.003302,0.00334,0.003302,0.00334,3630903668.02,3631919838.66,3630333865.05,3631259902.31,350958.32,838083.15,4227666.89
2026-06-30 16:47:55,2026-06-30T06:47:55.244Z,1589.94,30194.00,0,0.00334,0.00334,0.00334,0.00334,3631259902.31,3631297124.09,3630747970.81,3630845471.13,2249569.99,668485.33,4814119.82
2026-06-30 16:48:53,2026-06-30T06:48:53.415Z,1590.44,30194.00,0,0.00334,0.003362,0.00334,0.003362,3630845471.13,3633369284.59,3630775215.12,3632629722.92,1460132.43,881314.02,3928802.42
2026-06-30 16:49:56,2026-06-30T06:49:56.400Z,1590.94,30194.00,2,0.003362,0.003405,0.003362,0.003405,3632629722.92,3633791364.22,3632629722.92,3633791364.22,5584037.30,1368174.10,5775055.34
2026-06-30 16:51:07,2026-06-30T06:51:07.316Z,1590.89,30194.00,1,0.003405,0.003488,0.003405,0.003488,3634542529.4,3634542529.4,3634542529.4,3634542529.4,94180.01,170890.22,6769370.59
2026-06-30 16:52:05,2026-06-30T06:52:05.167Z,1590.90,30194.00,0,0.003488,0.003488,0.003488,0.003488,3634164695.06,3634164695.06,3634164695.06,3634164695.06,117520.91,281440.46,5498219.18
2026-06-30 16:53:18,2026-06-30T06:53:18.516Z,1590.35,30194.00,1,0.003593,0.003686,0.003593,0.003686,3634308491.14,3635680886.53,3634308491.14,3634421097.02,108396.45,580910.24,2819965.53
2026-06-30 16:54:26,2026-06-30T06:54:26.568Z,1590.36,30194.00,1,0.003686,0.003686,0.003686,0.003686,3634421097.02,3634421097.02,3633220909.85,3633220909.85,273397.23,602592.28,-1957643.56
2026-06-30 16:55:29,2026-06-30T06:55:29.579Z,1590.36,30194.00,0,0.003686,0.003769,0.003686,0.003769,3633220909.85,3633281385.69,3632892894.12,3633281385.69,275105.04,547730.46,-2766175.55
2026-06-30 16:56:32,2026-06-30T06:56:32.610Z,1590.36,30194.00,1,0.003769,0.003806,0.003769,0.003806,3633281385.69,3633551986.81,3633171833.97,3633339050.38,1109806.38,1907074.18,-2604070.91
2026-06-30 16:57:40,2026-06-30T06:57:40.506Z,1590.36,30194.00,0,0.003806,0.003806,0.003806,0.003806,3633339050.38,3633881170.58,3632682573.84,3633765665.89,699043.56,560363.74,-504686.58
2026-06-30 16:58:43,2026-06-30T06:58:43.306Z,1590.46,30194.00,1,0.003806,0.003842,0.003806,0.003842,3633765665.89,3633861681.85,3633066705.27,3633861681.85,564614.62,985445.07,276164.36
2026-06-30 16:59:46,2026-06-30T06:59:46.116Z,1590.46,30194.00,0,0.003842,0.003842,0.003835,0.003835,3633861681.85,3635008883.31,3633861681.85,3634461575.64,639446.65,697240.67,347147.06
2026-06-30 17:00:54,2026-06-30T07:00:54.381Z,1590.60,30194.00,0,0.003835,0.003843,0.003835,0.003843,3634461575.64,3634808869.1,3634101139.57,3634808869.1,875887.11,1836584.75,-1182329.12
2026-06-30 17:02:02,2026-06-30T07:02:02.499Z,1591.35,30194.00,2,0.003843,0.003843,0.003836,0.003836,3633642546.35,3633642546.35,3633642546.35,3633642546.35,80888.91,18175.23,63048.25
2026-06-30 17:03:05,2026-06-30T07:03:05.459Z,1592.02,30194.00,1,0.003836,0.003843,0.003809,0.003809,3635757164.54,3635757164.54,3635757164.54,3635757164.54,1783666.95,378536.41,5519731.43
2026-06-30 17:04:08,2026-06-30T07:04:08.411Z,1592.29,30194.00,1,0.003809,0.003809,0.003809,0.003809,3637952957.86,3637952957.86,3637952957.86,3637952957.86,231981.92,485270.53,2383708.58
2026-06-30 17:05:16,2026-06-30T07:05:16.634Z,1592.29,30194.00,1,0.003809,0.003809,0.003807,0.003807,3634991677.89,3634991677.89,3631787404.99,3631787404.99,321383.78,496539.84,1498600.17
2026-06-30 17:06:29,2026-06-30T07:06:29.863Z,1591.79,30194.00,1,0.003807,0.003807,0.003804,0.003804,3631787404.99,3631787404.99,3629033898.69,3629234059.1,437430.18,612122.13,231599.89
2026-06-30 17:07:43,2026-06-30T07:07:43.008Z,1591.31,30194.00,1,0.003804,0.003804,0.003769,0.003769,3629234059.1,3630063333.91,3629041863.79,3629793835.23,709668.25,812038.62,-3221305.54
2026-06-30 17:08:51,2026-06-30T07:08:51.125Z,1590.75,30194.00,2,0.003769,0.003769,0.003769,0.003769,3629793835.23,3629801420.35,3629382827.57,3629603652.82,948202.84,3748703.81,-4425522.76
2026-06-30 17:09:54,2026-06-30T07:09:54.666Z,1586.86,30194.00,3,0.003769,0.003769,0.003752,0.003752,3629603652.82,3630385188.78,3627481178.3,3627481178.3,3282645.47,10356206.97,-10033715.84
2026-06-30 17:11:02,2026-06-30T07:11:02.869Z,1588.35,30194.00,2,0.003725,0.003752,0.003725,0.003725,3624019751.8,3624019751.8,3624019751.8,3624019751.8,37881.76,22652.77,-11177187.84
2026-06-30 17:12:06,2026-06-30T07:12:06.241Z,1588.35,30194.00,2,0.003725,0.003725,0.003667,0.003667,3624135598.12,3624135598.12,3624135598.12,3624135598.12,15681.73,279034.34,-12889855.18
2026-06-30 17:13:19,2026-06-30T07:13:19.321Z,1588.35,30194.00,1,0.003667,0.003667,0.003631,0.003631,3622865676.48,3622865676.48,3621636441.6,3621680362.04,856463.72,733956.20,-8117813.63
2026-06-30 17:14:32,2026-06-30T07:14:32.686Z,1588.35,30194.00,1,0.003631,0.003631,0.003595,0.003595,3621680362.04,3624039172.24,3621660542.95,3624039172.24,746805.00,894944.81,-521253.36
2026-06-30 17:15:40,2026-06-30T07:15:40.772Z,1588.84,30194.00,1,0.003595,0.003595,0.003595,0.003595,3624039172.24,3624068259.08,3623510527.24,3624011524.92,1096486.62,456156.52,2324276.66
2026-06-30 17:16:43,2026-06-30T07:16:43.718Z,1589.37,30194.00,1,0.003595,0.003613,0.003595,0.003613,3624011524.92,3626436795.52,3624011524.92,3626436795.52,1118949.24,604974.40,4376964.53
2026-06-30 17:17:51,2026-06-30T07:17:51.684Z,1589.84,30194.00,2,0.003613,0.00368,0.003613,0.00368,3626436795.52,3626736044.69,3626121111.15,3626647084.39,4516229.88,2181707.55,5590980.18
2026-06-30 17:18:54,2026-06-30T07:18:54.655Z,1589.31,30194.00,1,0.00368,0.003777,0.00368,0.003777,3626647084.39,3628247489.9,3625979310.65,3626069139.36,1441866.23,2578247.20,3565713.87
2026-06-30 17:20:02,2026-06-30T07:20:02.925Z,1589.12,30194.00,0,0.003777,0.003801,0.003777,0.003801,3624252042.45,3624252042.45,3624252042.45,3624252042.45,2147.51,14887.61,1092743.59
2026-06-30 17:21:06,2026-06-30T07:21:06.028Z,1588.62,30194.00,2,0.003801,0.003801,0.003766,0.003766,3624979684.55,3624979684.55,3624979684.55,3624979684.55,733639.23,26640.54,-978775.94
2026-06-30 17:22:19,2026-06-30T07:22:19.380Z,1588.57,30194.00,1,0.003766,0.003766,0.003766,0.003766,3623228795.91,3625088775.1,3623228795.91,3625088775.1,241644.10,811659.83,-3965198.06
2026-06-30 17:23:32,2026-06-30T07:23:32.635Z,1588.57,30194.00,1,0.003766,0.003766,0.003707,0.003707,3625088775.1,3625133277.52,3624214513.47,3624492261.63,275661.72,206313.54,-3285258.48
2026-06-30 17:24:40,2026-06-30T07:24:40.738Z,1588.56,30194.00,1,0.003707,0.003707,0.003687,0.003687,3624492261.63,3625083600.04,3624220356.87,3625054632.87,580686.14,419821.99,-2056432.55
2026-06-30 17:25:43,2026-06-30T07:25:43.920Z,1588.90,30194.00,1,0.003687,0.003687,0.003671,0.003671,3625054632.87,3625967026.34,3625048082.29,3625947689.65,1521227.14,716683.33,1250820.12
2026-06-30 17:26:51,2026-06-30T07:26:51.865Z,1588.83,30194.00,0,0.003671,0.003671,0.003671,0.003671,3625947689.65,3627521712.47,3625947689.65,3626801506.3,665930.10,605263.94,696162.85
2026-06-30 17:27:54,2026-06-30T07:27:54.738Z,1588.92,30194.00,1,0.003671,0.00368,0.003671,0.00368,3626801506.3,3627017938.78,3626534111.72,3626534111.72,3000891.32,5067852.87,-216792.00
2026-06-30 17:29:07,2026-06-30T07:29:07.807Z,1588.86,30194.00,0,0.00372,0.00372,0.00372,0.00372,3624283939.85,3624283939.85,3624283939.85,3624283939.85,14661.46,14117.68,5318164.66
2026-06-30 17:30:16,2026-06-30T07:30:16.185Z,1588.86,30194.00,0,0.00372,0.003729,0.00372,0.003729,3628171692.02,3628550270.8,3627024600.08,3627573057.01,1277223.91,34896.38,5586046.78
2026-06-30 17:31:19,2026-06-30T07:31:19.374Z,1589.63,30194.00,2,0.003729,0.003741,0.003729,0.003741,3627573057.01,3631438536.11,3627573057.01,3631415730.58,1328230.90,255150.76,6369799.36
2026-06-30 17:32:27,2026-06-30T07:32:27.570Z,1590.47,30194.00,2,0.003741,0.003791,0.003741,0.003791,3631415730.58,3634676977.39,3631254159.4,3633718790.41,795268.35,577429.06,4163553.89
2026-06-30 17:33:30,2026-06-30T07:33:30.363Z,1590.47,30194.00,2,0.003791,0.003791,0.003791,0.003791,3633718790.41,3633718790.41,3632327093.79,3632780246.82,432580.08,176351.71,4753834.86
2026-06-30 17:34:43,2026-06-30T07:34:43.545Z,1590.47,30194.00,2,0.003791,0.003828,0.003791,0.003828,3632780246.82,3633414678.6,3632780246.82,3632889313.73,629808.04,2471060.93,3035414.15
2026-06-30 17:35:56,2026-06-30T07:35:56.960Z,1590.66,30194.00,2,0.003828,0.003833,0.003828,0.003833,3632889313.73,3633138805.95,3632220499.37,3632341891.47,3985249.70,470954.11,4891186.00
2026-06-30 17:37:05,2026-06-30T07:37:05.064Z,1590.73,30194.00,1,0.003865,0.003865,0.003833,0.003865,3635646678.97,3635646678.97,3635646678.97,3635646678.97,8788.84,210516.75,-568454.59
2026-06-30 17:38:07,2026-06-30T07:38:07.876Z,1590.73,30194.00,1,0.003865,0.00399,0.003865,0.00399,3633790031.26,3633790031.26,3633790031.26,3633790031.26,218682.38,19406.45,-904518.17
2026-06-30 17:39:15,2026-06-30T07:39:15.974Z,1590.73,30194.00,0,0.00399,0.004032,0.00399,0.004032,3632711938.8,3634459595.18,3632711938.8,3634190147.84,22507.90,607923.46,489592.53
2026-06-30 17:40:19,2026-06-30T07:40:19.038Z,1590.38,30194.00,2,0.004032,0.004032,0.004032,0.004032,3634190147.84,3634190147.84,3632498419.18,3632498419.18,646407.92,245572.93,-2621667.49
2026-06-30 17:41:27,2026-06-30T07:41:27.177Z,1590.12,30194.00,1,0.004032,0.004106,0.004032,0.004106,3632498419.18,3632953801.97,3631175954.23,3631175954.23,256736.64,530865.63,-2669712.03
2026-06-30 17:42:29,2026-06-30T07:42:29.981Z,1590.07,30194.00,1,0.004106,0.004152,0.004106,0.004152,3631175954.23,3631652848.94,3630602919.38,3631652848.94,988203.93,1790584.59,-2347823.32
2026-06-30 17:43:43,2026-06-30T07:43:43.183Z,1590.07,30194.00,0,0.004152,0.004184,0.004152,0.004184,3631652848.94,3633681605.4,3631652848.94,3632689607.86,1242696.76,1300262.71,-2816144.88
2026-06-30 17:44:51,2026-06-30T07:44:51.223Z,1589.83,30194.00,2,0.004184,0.004184,0.004184,0.004184,3632689607.86,3633654176.1,3632338438.43,3632787266,2154632.25,2160777.60,-3490973.71
2026-06-30 17:45:54,2026-06-30T07:45:54.222Z,1589.05,30194.00,1,0.004184,0.004256,0.004184,0.004256,3632787266,3632787266,3630317517.84,3630621029.51,841780.34,1198857.48,-2392825.28
2026-06-30 17:47:07,2026-06-30T07:47:07.696Z,1589.05,30194.00,1,0.004286,0.004286,0.004286,0.004286,3630331899.52,3630331899.52,3630331899.52,3630331899.52,121006.02,33284.02,-299113.78
2026-06-30 17:48:16,2026-06-30T07:48:16.998Z,1589.67,30194.00,1,0.004286,0.004289,0.004286,0.004289,3631422777.45,3633915814.24,3631422777.45,3633875322.74,316470.31,113718.01,1719727.90
2026-06-30 17:49:30,2026-06-30T07:49:30.132Z,1590.01,30194.00,2,0.004289,0.004337,0.004289,0.004337,3633875322.74,3634186553.55,3633040858.83,3633663409.43,681493.31,330438.50,2305389.75
2026-06-30 17:50:43,2026-06-30T07:50:43.332Z,1590.10,30194.00,1,0.004337,0.004368,0.004337,0.004368,3633663409.43,3635618513.31,3633635799.15,3635618513.31,814758.68,1046275.55,2346006.69
2026-06-30 17:51:51,2026-06-30T07:51:51.328Z,1589.93,30194.00,0,0.004368,0.004368,0.004368,0.004368,3635618513.31,3635618513.31,3631588156.69,3631588156.69,1276538.66,914019.35,1345050.42
2026-06-30 17:52:54,2026-06-30T07:52:54.225Z,1589.45,30194.00,0,0.004368,0.004425,0.004368,0.004425,3631588156.69,3632304770.6,3631012519.52,3632304770.6,2518810.45,1384409.65,1938359.55
2026-06-30 17:54:07,2026-06-30T07:54:07.504Z,1589.46,30194.00,0,0.004405,0.004405,0.004405,0.004405,3632361603.78,3632361603.78,3632361603.78,3632361603.78,619350.60,563882.44,1791874.30
2026-06-30 17:55:15,2026-06-30T07:55:15.625Z,1589.82,30194.00,1,0.004405,0.004435,0.004405,0.004435,3632096911.92,3634676655.34,3631940776.12,3632795088.94,1368367.87,755906.04,3567228.13
2026-06-30 17:56:18,2026-06-30T07:56:18.537Z,1589.82,30194.00,0,0.004435,0.004478,0.004435,0.004478,3632795088.94,3633843392.93,3631760475.55,3632792116.84,128832.00,543805.52,3273340.99
2026-06-30 17:57:23,2026-06-30T07:57:23.587Z,1589.82,30194.00,0,0.004478,0.004495,0.004478,0.004495,3632792116.84,3633071942.52,3632244216.21,3632468311.37,496041.43,326650.84,1275053.72
2026-06-30 17:58:31,2026-06-30T07:58:31.618Z,1589.82,30194.00,0,0.004495,0.004495,0.004495,0.004495,3632468311.37,3632468311.37,3631296672.73,3631418039.33,681728.18,448692.18,403438.23
2026-06-30 17:59:39,2026-06-30T07:59:39.738Z,1590.11,30194.00,0,0.004495,0.004519,0.004495,0.004519,3631418039.33,3631933541.41,3631418039.33,3631557687.87,426029.90,856551.05,-176287.92
2026-06-30 18:00:42,2026-06-30T08:00:42.914Z,1590.02,30194.00,0,0.004519,0.004527,0.004519,0.004527,3631557687.87,3631638573.11,3630818237.3,3631126194.84,1571208.35,2949860.04,-1468960.44
2026-06-30 18:01:51,2026-06-30T08:01:51.043Z,1589.92,30194.00,0,0.004527,0.004566,0.004527,0.004566,3631126194.84,3631923841.5,3629837683.98,3631920357.46,2321165.74,926881.40,3039621.78
2026-06-30 18:02:54,2026-06-30T08:02:54.006Z,1589.92,30194.00,0,0.004566,0.004566,0.004566,0.004566,3631920357.46,3631920357.46,3630215849.84,3630215849.84,872319.21,1090698.17,3635630.83
2026-06-30 18:04:07,2026-06-30T08:04:07.207Z,1589.94,30194.00,0,0.004602,0.004617,0.004602,0.004617,3630120156.14,3630120156.14,3630120156.14,3630120156.14,289091.40,233662.52,2178497.11
2026-06-30 18:05:15,2026-06-30T08:05:15.556Z,1590.46,30194.00,0,0.004617,0.004617,0.004617,0.004617,3630046953.49,3633193267.19,3629952915.1,3632933423.9,444530.94,829923.03,2450228.99
2026-06-30 18:06:18,2026-06-30T08:06:18.586Z,1590.74,30194.00,1,0.004617,0.004617,0.004615,0.004615,3632933423.9,3634522841.77,3632933423.9,3633707509.01,73511.69,828301.56,396683.35
2026-06-30 18:07:31,2026-06-30T08:07:31.706Z,1590.70,30194.00,0,0.004615,0.004634,0.004615,0.004634,3633707509.01,3633770215.8,3630468452.28,3630468452.28,2145736.09,2298541.50,-139735.07
2026-06-30 18:08:39,2026-06-30T08:08:39.697Z,1590.70,30194.00,0,0.004634,0.004634,0.004626,0.004626,3630468452.28,3631786162.2,3630307937.12,3631786162.2,593454.81,667912.55,-2251316.81
2026-06-30 18:09:42,2026-06-30T08:09:42.709Z,1589.76,30194.00,2,0.004626,0.004626,0.004626,0.004626,3631786162.2,3632264716.03,3631331998,3631340715.08,1667084.14,16316000.00,-18732043.96
2026-06-30 18:10:50,2026-06-30T08:10:50.808Z,1589.18,30194.00,2,0.004626,0.004662,0.004626,0.004662,3631340715.08,3631340715.08,3627452594.97,3627637893.54,1894800.28,861863.72,-17864276.24
2026-06-30 18:11:53,2026-06-30T08:11:53.891Z,1589.18,30194.00,1,0.004662,0.004662,0.004625,0.004625,3627637893.54,3631280276.03,3627637893.54,3631120752.96,993966.85,625699.17,-16165372.37
2026-06-30 18:13:07,2026-06-30T08:13:07.051Z,1589.18,30194.00,2,0.004625,0.004681,0.004625,0.004681,3630339234.82,3630339234.82,3630339234.82,3630339234.82,164653.89,132234.93,-13011012.91
2026-06-30 18:14:15,2026-06-30T08:14:15.208Z,1588.93,30194.00,1,0.004681,0.004688,0.004681,0.004688,3627768152.8,3628854141.72,3627193461.49,3627193461.49,1991857.01,3415705.67,-3912099.97
2026-06-30 18:15:18,2026-06-30T08:15:18.231Z,1587.50,30194.00,2,0.004688,0.004688,0.004635,0.004635,3627193461.49,3627193461.49,3625448083.94,3625469786.47,702807.90,905741.13,-19129159.59
2026-06-30 18:16:31,2026-06-30T08:16:31.721Z,1585.14,30194.00,3,0.004635,0.004635,0.004635,0.004635,3625469786.47,3625469786.47,3617979495.25,3617979495.25,6231461.62,2815057.31,-27324010.07
2026-06-30 18:17:39,2026-06-30T08:17:39.574Z,1585.61,30194.00,3,0.004635,0.004637,0.004635,0.004637,3617979495.25,3620800291.12,3617154643.69,3619810306.12,839286.87,2062723.69,-25796096.94
2026-06-30 18:18:43,2026-06-30T08:18:43.220Z,1585.60,30194.00,3,0.004637,0.004638,0.004637,0.004638,3619810306.12,3620194618.74,3618352688.14,3618501171.26,3735976.40,1329612.93,-19512300.95
2026-06-30 18:19:51,2026-06-30T08:19:51.285Z,1585.62,30194.00,3,0.004638,0.004638,0.004638,0.004638,3618501171.26,3620111546.81,3618501171.26,3619134171.2,3101586.30,626370.96,-2793833.01
2026-06-30 18:20:54,2026-06-30T08:20:54.353Z,1586.60,30194.00,1,0.004638,0.004654,0.004638,0.004654,3619134171.2,3619910074.4,3618308853.32,3619909825.09,2470345.07,1723515.25,10430995.97
2026-06-30 18:22:07,2026-06-30T08:22:07.520Z,1586.60,30194.00,1,0.004694,0.004778,0.004694,0.004778,3621935726.26,3621935726.26,3621935726.26,3621935726.26,70428.27,328946.84,5598087.87
2026-06-30 18:23:15,2026-06-30T08:23:15.499Z,1586.60,30194.00,0,0.004778,0.004778,0.004778,0.004778,3622066771.4,3623110227.6,3622054601.32,3622823239.4,163282.50,662422.56,3030245.83
2026-06-30 18:24:18,2026-06-30T08:24:18.576Z,1586.60,30194.00,0,0.004778,0.004816,0.004778,0.004816,3622823239.4,3623629431.9,3621659421.09,3623258320.24,846480.09,589840.93,974617.12
2026-06-30 18:25:26,2026-06-30T08:25:26.729Z,1586.93,30194.00,1,0.004816,0.004854,0.004816,0.004854,3623258320.24,3623560220.46,3622740184.5,3623237079.47,555813.66,827514.84,-10323.01
2026-06-30 18:26:31,2026-06-30T08:26:31.642Z,1586.94,30194.00,0,0.004854,0.004854,0.004854,0.004854,3623237079.47,3624535129.36,3623031377.9,3623773206.67,288805.28,505463.09,744238.82
2026-06-30 18:27:39,2026-06-30T08:27:39.776Z,1586.99,30194.00,1,0.004854,0.004908,0.004854,0.004908,3623773206.67,3624157264.1,3623112000.96,3623112000.96,694801.81,1180049.60,1576878.17
2026-06-30 18:28:42,2026-06-30T08:28:42.682Z,1586.99,30194.00,0,0.004908,0.004963,0.004908,0.004963,3623112000.96,3623454016.94,3622463375.07,3623373741.28,563036.17,522946.31,434422.57
2026-06-30 18:29:55,2026-06-30T08:29:55.769Z,1586.92,30194.00,0,0.004963,0.00498,0.004963,0.00498,3623373741.28,3623487897.7,3622985620,3623350826.45,2486301.39,1775074.10,482214.99
2026-06-30 18:31:04,2026-06-30T08:31:04.030Z,1586.92,30194.00,0,0.00498,0.005037,0.00498,0.005037,3623568982.14,3623568982.14,3623568982.14,3623568982.14,12632.19,5202.33,1085102.82
2026-06-30 18:32:07,2026-06-30T08:32:07.016Z,1586.09,30194.00,4,0.005037,0.005077,0.005037,0.005077,3624261393.62,3624261393.62,3624261393.62,3624261393.62,60032.46,238084.23,-232750.03
2026-06-30 18:33:15,2026-06-30T08:33:15.421Z,1585.35,30194.00,3,0.005077,0.005077,0.005077,0.005077,3620120145.61,3620120145.61,3620120145.61,3620120145.61,1896297.14,730360.73,140974.86
2026-06-30 18:34:18,2026-06-30T08:34:18.414Z,1584.51,30194.00,3,0.005077,0.005089,0.005077,0.005089,3618788147.53,3618788147.53,3615862903.61,3617350485.94,893941.23,2073107.45,12571278.19
2026-06-30 18:35:31,2026-06-30T08:35:31.525Z,1584.33,30194.00,3,0.005089,0.005089,0.005085,0.005085,3617350485.94,3617987109.56,3615351807.6,3616098836.27,4562277.76,5602689.89,6520447.73
2026-06-30 18:36:45,2026-06-30T08:36:45.888Z,1581.03,30194.00,3,0.005085,0.005085,0.005078,0.005078,3616098836.27,3616098836.27,3608181489.27,3608181489.27,19869150.35,16614831.00,-13655606.05
2026-06-30 18:38:19,2026-06-30T08:38:19.626Z,1579.77,30194.00,3,0.005078,0.005078,0.005049,0.005049,3598596744.1,3598596744.1,3588938255.19,3591082745.09,8096224.05,8240488.05,-33286549.21
2026-06-30 18:39:27,2026-06-30T08:39:27.833Z,1578.80,30194.00,3,0.005049,0.005049,0.004997,0.004997,3591082745.09,3591846338.28,3588614380.7,3589803675.61,6383093.15,12021670.79,-24133713.29
2026-06-30 18:40:41,2026-06-30T08:40:41.276Z,1578.49,30194.00,4,0.004997,0.004997,0.004997,0.004997,3589803675.61,3594614168.6,3589803675.61,3593165441.56,12624551.36,4595926.48,9416007.62
2026-06-30 18:41:54,2026-06-30T08:41:54.311Z,1579.56,30194.00,2,0.004997,0.004997,0.00499,0.00499,3593165441.56,3594773430.84,3591528494.52,3594773430.84,7582724.96,6559744.66,32652988.51
2026-06-30 18:43:07,2026-06-30T08:43:07.506Z,1579.75,30194.00,2,0.004973,0.005023,0.004973,0.005023,3594127486.76,3594127486.76,3594127486.76,3594127486.76,331682.43,3307870.14,1218671.76
2026-06-30 18:44:20,2026-06-30T08:44:20.732Z,1579.72,30194.00,1,0.005023,0.005023,0.005023,0.005023,3595292760.04,3596052606.68,3593940145.1,3596052606.68,1158920.15,1774653.87,5352555.12
2026-06-30 18:45:29,2026-06-30T08:45:29.075Z,1579.72,30194.00,1,0.005023,0.005023,0.005011,0.005011,3596052606.68,3597052515.53,3594746676.74,3597052515.53,3135925.24,2324210.90,-3027648.95
2026-06-30 18:46:31,2026-06-30T08:46:31.959Z,1578.66,30194.00,1,0.005011,0.005015,0.005011,0.005015,3597052515.53,3599024546.69,3591285941.45,3593888768.76,5813981.84,6499179.33,-19698687.79
2026-06-30 18:47:40,2026-06-30T08:47:40.022Z,1578.38,30194.00,1,0.005015,0.005015,0.005015,0.005015,3593888768.76,3596138209.71,3593127295.79,3593963629.92,7026307.46,3561114.96,-18604250.26
2026-06-30 18:48:42,2026-06-30T08:48:42.911Z,1578.51,30194.00,1,0.005015,0.005042,0.005015,0.005042,3593963629.92,3598211399.32,3593963629.92,3595830731.11,4598451.47,3966063.25,-13372586.01
2026-06-30 18:49:51,2026-06-30T08:49:51.006Z,1577.66,30194.00,3,0.005042,0.005055,0.005042,0.005055,3595830731.11,3597100839.04,3594625348.09,3594625348.09,6675022.54,6259545.43,-14436528.77
2026-06-30 18:50:54,2026-06-30T08:50:54.251Z,1578.70,30194.00,2,0.005055,0.005055,0.005023,0.005023,3594625348.09,3597086425.68,3592808404.72,3597086425.68,7655443.63,7224735.97,4976444.25
2026-06-30 18:52:07,2026-06-30T08:52:07.936Z,1577.90,30194.00,3,0.005023,0.005023,0.005011,0.005011,3596382381.98,3596382381.98,3596382381.98,3596382381.98,1039194.38,523053.80,4996181.07
2026-06-30 18:53:15,2026-06-30T08:53:15.943Z,1578.76,30194.00,1,0.005011,0.005011,0.004948,0.004948,3595216163.46,3599714234.67,3595216163.46,3599329854.06,1150809.78,1369733.02,7086805.28
2026-06-30 18:54:18,2026-06-30T08:54:18.892Z,1579.99,30194.00,2,0.004948,0.005033,0.004948,0.005033,3599329854.06,3600183614.3,3598621662.21,3600029992.49,4394602.17,1276797.36,9584896.65
2026-06-30 18:55:32,2026-06-30T08:55:32.050Z,1581.65,30194.00,2,0.005033,0.005033,0.005033,0.005033,3600029992.49,3604756858.32,3600029992.49,3604756858.32,4086295.68,3951529.29,17033429.54
2026-06-30 18:56:40,2026-06-30T08:56:40.150Z,1580.94,30194.00,3,0.005033,0.005116,0.005033,0.005116,3604756858.32,3608021660.8,3603307546.44,3603307546.44,3667345.22,4406022.13,12812723.58
2026-06-30 18:57:43,2026-06-30T08:57:43.077Z,1580.34,30194.00,2,0.005116,0.005116,0.005078,0.005078,3603307546.44,3605125962.1,3602857834.59,3604531430.08,2013381.84,1068056.02,12262560.77
2026-06-30 18:58:51,2026-06-30T08:58:51.122Z,1581.41,30194.00,2,0.005078,0.005078,0.005078,0.005078,3604531430.08,3605896814.18,3604374764.97,3605860891.77,3512591.39,2387722.51,10443644.64
2026-06-30 18:59:53,2026-06-30T08:59:53.945Z,1581.27,30194.00,1,0.005078,0.005078,0.004961,0.004961,3605860891.77,3607812077.26,3605663690.41,3606657722.78,2308347.30,2076418.38,-388298.64
2026-06-30 19:01:07,2026-06-30T09:01:07.335Z,1581.27,30194.00,1,0.004936,0.004936,0.0049,0.0049,3606412740.88,3606412740.88,3606412740.88,3606412740.88,300152.11,1148506.03,1245736.87
2026-06-30 19:02:15,2026-06-30T09:02:15.478Z,1581.27,30194.00,0,0.0049,0.0049,0.0049,0.0049,3606069089.9,3606069089.9,3606069089.9,3606069089.9,3149267.05,990440.92,5291139.87
2026-06-30 19:03:18,2026-06-30T09:03:18.297Z,1582.14,30194.00,2,0.0049,0.0049,0.00484,0.00484,3605407322.33,3609276077.66,3605407322.33,3607257993.84,3129109.83,448558.37,11487073.22
2026-06-30 19:04:32,2026-06-30T09:04:32.202Z,1583.00,30194.00,2,0.00484,0.00484,0.004808,0.004808,3607257993.84,3613544490.83,3607257993.84,3612621256.22,3053915.55,3237257.39,17323720.53
2026-06-30 19:05:40,2026-06-30T09:05:40.534Z,1583.54,30194.00,2,0.004808,0.004808,0.004808,0.004808,3612621256.22,3615005438.91,3612621256.22,3615005438.91,2566910.18,3621566.19,20146844.92
2026-06-30 19:06:53,2026-06-30T09:06:53.736Z,1583.26,30194.00,2,0.004808,0.004828,0.004808,0.004828,3615005438.91,3615552759.78,3613452003.35,3613461770.92,1173017.94,4201596.78,15125154.02
2026-06-30 19:07:56,2026-06-30T09:07:56.862Z,1582.60,30194.00,0,0.004828,0.004829,0.004828,0.004829,3613461770.92,3613461770.92,3611234526.17,3611234526.17,2455365.98,6688110.66,4111887.50
2026-06-30 19:09:05,2026-06-30T09:09:05.393Z,1580.79,30194.00,2,0.004742,0.004829,0.004742,0.004742,3609733641.89,3609733641.89,3609733641.89,3609733641.89,61745.75,1137246.87,-14315728.36
2026-06-30 19:10:19,2026-06-30T09:10:19.014Z,1580.93,30194.00,2,0.004742,0.004742,0.00467,0.00467,3604790861.24,3606013305.46,3604790861.24,3605697157.51,658461.67,941097.46,-14395588.91
2026-06-30 19:11:27,2026-06-30T09:11:27.290Z,1580.76,30194.00,2,0.00467,0.00467,0.004548,0.004548,3605697157.51,3605697157.51,3604534057.73,3605460214.97,2876980.36,1005716.46,-9415242.62
2026-06-30 19:12:30,2026-06-30T09:12:30.272Z,1581.23,30194.00,0,0.004548,0.004548,0.004548,0.004548,3605460214.97,3609675539.06,3605434057.38,3609675539.06,1055603.50,629381.03,-4002428.20
2026-06-30 19:13:43,2026-06-30T09:13:43.464Z,1581.78,30194.00,1,0.004548,0.004548,0.004451,0.004451,3609675539.06,3610385527.21,3608829675.96,3610385527.21,1529697.65,1584614.71,1754553.11
2026-06-30 19:14:51,2026-06-30T09:14:51.434Z,1581.78,30194.00,0,0.004451,0.004451,0.004445,0.004445,3610385527.21,3610905315.81,3609556265.07,3610501771.1,1573749.97,789982.44,2179393.79
2026-06-30 19:15:54,2026-06-30T09:15:54.347Z,1582.07,30194.00,1,0.004445,0.004453,0.004445,0.004453,3610501771.1,3611680756.65,3610429767.21,3611495455.88,1617154.51,975729.34,2941702.61
2026-06-30 19:17:02,2026-06-30T09:17:02.354Z,1581.31,30194.00,1,0.004453,0.004453,0.004453,0.004453,3611973794.09,3611973794.09,3611973794.09,3611973794.09,132.93,65415.67,-2506426.09
2026-06-30 19:18:05,2026-06-30T09:18:05.253Z,1580.29,30194.00,2,0.00446,0.00447,0.004453,0.00447,3607683882.98,3607683882.98,3607683882.98,3607683882.98,256342.94,12395.85,-4082294.80
2026-06-30 19:19:18,2026-06-30T09:19:18.516Z,1580.09,30194.00,2,0.00447,0.00447,0.00447,0.00447,3604450592.39,3606810275.19,3604157607.64,3606810275.19,121097.37,117827.61,-4341998.03
2026-06-30 19:20:31,2026-06-30T09:20:31.938Z,1581.03,30194.00,0,0.00447,0.00447,0.004415,0.004415,3606810275.19,3608949105.88,3606810275.19,3608700177.12,465952.16,904391.45,-3659634.50
2026-06-30 19:21:40,2026-06-30T09:21:40.077Z,1581.07,30194.00,0,0.004415,0.004465,0.004415,0.004465,3608700177.12,3609241916.08,3607606042.69,3607685571.04,6610808.71,4273332.32,-4864978.59
2026-06-30 19:22:43,2026-06-30T09:22:43.019Z,1581.33,30194.00,0,0.004465,0.004477,0.004465,0.004477,3607685571.04,3609559855.77,3607662884.19,3608901255.31,503776.08,1002383.17,-574118.89
2026-06-30 19:23:51,2026-06-30T09:23:51.180Z,1581.34,30194.00,0,0.004477,0.004477,0.004477,0.004477,3608901255.31,3610456571.43,3608401489.9,3609077703.93,3149209.72,1143757.27,-1272963.73
2026-06-30 19:24:54,2026-06-30T09:24:54.195Z,1581.34,30194.00,1,0.004477,0.004484,0.004477,0.004484,3609077703.93,3609796759.23,3608374260.24,3609796759.23,2070490.05,541930.59,-1115094.74
2026-06-30 19:26:07,2026-06-30T09:26:07.599Z,1581.93,30194.00,3,0.004443,0.004443,0.00443,0.00443,3609506864.39,3609506864.39,3609506864.39,3609506864.39,157335.41,170072.53,4633494.38
2026-06-30 19:27:15,2026-06-30T09:27:15.913Z,1581.88,30194.00,0,0.00443,0.00443,0.00443,0.00443,3613210536.9,3613242433.52,3611364465.43,3612163294.01,919451.93,109905.89,7721604.74
2026-06-30 19:28:18,2026-06-30T09:28:18.855Z,1581.88,30194.00,0,0.00443,0.00443,0.00442,0.00442,3612163294.01,3612627059,3610393289.46,3610735105.91,96759.56,378216.53,6051971.56
2026-06-30 19:29:26,2026-06-30T09:29:26.937Z,1581.88,30194.00,0,0.00442,0.00442,0.00438,0.00438,3610735105.91,3611394485.65,3609838286.94,3609838286.94,170202.43,335286.55,2036955.64
2026-06-30 19:30:30,2026-06-30T09:30:30.183Z,1581.53,30194.00,0,0.00438,0.00438,0.00438,0.00438,3609838286.94,3611149774.27,3609838286.94,3610617244.38,1688875.58,8351103.41,-8278332.02
2026-06-30 19:31:43,2026-06-30T09:31:43.527Z,1580.88,30194.00,2,0.00438,0.00438,0.004367,0.004367,3610617244.38,3610617244.38,3606760521.59,3606814441.33,1410327.87,1734392.83,-9622777.26
2026-06-30 19:32:51,2026-06-30T09:32:51.512Z,1579.85,30194.00,2,0.004367,0.004367,0.004353,0.004353,3606814441.33,3607325188.1,3604161953.17,3604161953.17,3654556.71,4669122.52,-13834786.61
2026-06-30 19:33:54,2026-06-30T09:33:54.444Z,1579.97,30194.00,1,0.004353,0.004353,0.004293,0.004293,3604161953.17,3607699262.85,3604161953.17,3605377538.34,992752.21,1685582.22,-10770796.43
2026-06-30 19:35:02,2026-06-30T09:35:02.810Z,1579.79,30194.00,1,0.004293,0.004293,0.00429,0.00429,3605537809.92,3605537809.92,3605537809.92,3605537809.92,340198.29,11551.19,-253599.32
2026-06-30 19:36:05,2026-06-30T09:36:05.771Z,1580.75,30194.00,1,0.00429,0.00429,0.004266,0.004266,3606173556.8,3606173556.8,3606173556.8,3606173556.8,1343093.42,149157.69,4673324.27
2026-06-30 19:37:08,2026-06-30T09:37:08.632Z,1580.95,30194.00,1,0.004266,0.004266,0.004266,0.004266,3610566310.11,3610566310.11,3610566310.11,3610566310.11,90039.16,218242.95,4014386.43
2026-06-30 19:38:16,2026-06-30T09:38:16.851Z,1580.95,30194.00,1,0.004266,0.004287,0.004266,0.004287,3610305030.31,3611546913.78,3609437305.07,3611142576.55,794227.20,748120.87,4518654.29
2026-06-30 19:39:19,2026-06-30T09:39:19.847Z,1580.45,30194.00,2,0.004287,0.004287,0.004284,0.004284,3611142576.55,3612229552.16,3610667832.92,3611271662.56,1005749.27,696129.64,3749527.22
2026-06-30 19:40:28,2026-06-30T09:40:28.453Z,1581.23,30194.00,0,0.004284,0.004285,0.004284,0.004285,3611271662.56,3612212162.7,3611271662.56,3612180009.63,526329.02,537926.92,1719851.83
2026-06-30 19:41:41,2026-06-30T09:41:41.579Z,1581.71,30194.00,1,0.004285,0.004285,0.004285,0.004285,3612180009.63,3613762307.1,3612180009.63,3613762307.1,1258238.66,903959.74,1901337.93
2026-06-30 19:42:54,2026-06-30T09:42:54.737Z,1582.12,30194.00,1,0.004285,0.004297,0.004285,0.004297,3613762307.1,3613762307.1,3612625626.25,3612625626.25,2391843.01,2361613.17,4806459.44
2026-06-30 19:44:02,2026-06-30T09:44:02.911Z,1582.47,30194.00,2,0.004322,0.004322,0.004297,0.004322,3613846697.3,3613846697.3,3613846697.3,3613846697.3,7669.62,47489.32,3383209.88
2026-06-30 19:45:05,2026-06-30T09:45:05.873Z,1582.47,30194.00,1,0.004322,0.004322,0.004309,0.004309,3612453240.43,3612453240.43,3612453240.43,3612453240.43,11748.28,104065.25,3310805.43
2026-06-30 19:46:08,2026-06-30T09:46:08.831Z,1582.47,30194.00,2,0.004309,0.004309,0.004301,0.004301,3612590009.11,3612590009.11,3612590009.11,3612590009.11,385689.77,581678.24,786828.43
2026-06-30 19:47:16,2026-06-30T09:47:16.957Z,1582.47,30194.00,0,0.004301,0.004301,0.004297,0.004297,3612961470.33,3613382014.16,3612229343.25,3612931485.09,768324.36,385502.50,196453.64
2026-06-30 19:48:30,2026-06-30T09:48:30.205Z,1582.47,30194.00,0,0.004297,0.004297,0.004297,0.004297,3612931485.09,3614744005.1,3612931266.52,3614436259.5,888609.85,1172551.33,977301.13
2026-06-30 19:49:33,2026-06-30T09:49:33.012Z,1582.47,30194.00,0,0.004297,0.004309,0.004297,0.004309,3614436259.5,3615085852.75,3614436259.5,3615085852.75,1050933.04,392054.15,1432130.70
2026-06-30 19:50:41,2026-06-30T09:50:41.024Z,1582.91,30194.00,2,0.004309,0.004346,0.004309,0.004346,3615085852.75,3615849606,3615060921.49,3615606699.02,3422369.64,1892884.99,3872334.37
2026-06-30 19:51:43,2026-06-30T09:51:43.848Z,1583.23,30194.00,2,0.004346,0.004377,0.004346,0.004377,3615606699.02,3618354049.48,3615606699.02,3618253514.83,1921822.68,2175425.60,5062226.84
2026-06-30 19:52:51,2026-06-30T09:52:51.786Z,1583.54,30194.00,2,0.004377,0.004377,0.004377,0.004377,3618253514.83,3619558630.66,3618253514.83,3619558630.66,1214070.38,1883858.52,3751180.44
2026-06-30 19:53:54,2026-06-30T09:53:54.659Z,1583.54,30194.00,1,0.004377,0.00442,0.004377,0.00442,3619558630.66,3619958995.61,3618293822.81,3618366515.79,988638.55,759577.31,3651766.57
2026-06-30 19:55:07,2026-06-30T09:55:07.896Z,1583.54,30194.00,0,0.004468,0.004468,0.004468,0.004468,3618651425.53,3618651425.53,3618651425.53,3618651425.53,217952.31,103321.96,-1086962.70
2026-06-30 19:56:15,2026-06-30T09:56:15.982Z,1583.51,30194.00,1,0.004468,0.004499,0.004468,0.004499,3618112455.1,3618390303.98,3616544195.16,3616544195.16,116569.35,96364.74,-1467572.53
2026-06-30 19:57:18,2026-06-30T09:57:18.871Z,1583.50,30194.00,0,0.004499,0.00451,0.004499,0.00451,3616544195.16,3617018799.76,3616372232.58,3616992621.71,206991.39,295735.73,-522324.50
2026-06-30 19:58:31,2026-06-30T09:58:31.997Z,1583.28,30194.00,0,0.00451,0.00451,0.004507,0.004507,3616992621.71,3617563184.67,3616928086.61,3617563184.67,2074356.26,303242.51,1661825.39
2026-06-30 19:59:48,2026-06-30T09:59:48.364Z,1583.28,30194.00,0,0.004507,0.004507,0.004507,0.004507,3617563184.67,3618411362.21,3617563184.67,3617983370.41,436637.30,1287568.54,732291.92
2026-06-30 20:00:41,2026-06-30T10:00:41.579Z,1583.21,30194.00,0,0.004507,0.004543,0.004507,0.004543,3617983370.41,3618355847.8,3617315805.06,3618110114.81,1572648.67,1298667.53,1730550.77
2026-06-30 20:01:54,2026-06-30T10:01:54.796Z,1583.09,30194.00,0,0.004543,0.004562,0.004543,0.004562,3618110114.81,3618830868.87,3617121079.16,3618536824.07,1319942.94,2568923.25,834840.41
2026-06-30 20:03:07,2026-06-30T10:03:07.848Z,1583.08,30194.00,0,0.004562,0.004593,0.004562,0.004593,3619116126.5,3619116126.5,3619116126.5,3619116126.5,185588.72,51265.67,-4615.22
2026-06-30 20:04:15,2026-06-30T10:04:15.920Z,1582.75,30194.00,0,0.004593,0.004601,0.004593,0.004601,3619090582.64,3619445963.98,3618953985.32,3618953985.32,274276.73,1110834.90,83626.28
2026-06-30 20:05:18,2026-06-30T10:05:18.989Z,1582.75,30194.00,0,0.004601,0.004609,0.004601,0.004609,3618953985.32,3619557210.29,3618684085.16,3618952378.38,72486.26,1072608.52,-2830707.59
2026-06-30 20:06:27,2026-06-30T10:06:27.005Z,1582.76,30194.00,1,0.004609,0.004609,0.004609,0.004609,3618952378.38,3618952378.38,3617349514.3,3617349514.3,430808.69,616220.87,-2297178.59
2026-06-30 20:07:29,2026-06-30T10:07:29.881Z,1582.71,30194.00,0,0.004609,0.004609,0.00459,0.00459,3617349514.3,3619321312.76,3617349514.3,3619321312.76,1040434.55,675925.20,-3533292.60
2026-06-30 20:08:43,2026-06-30T10:08:43.083Z,1583.39,30194.00,1,0.00459,0.004595,0.00459,0.004595,3619321312.76,3622175138.01,3619321312.76,3622175138.01,2226800.63,2534779.70,-1419929.93
2026-06-30 20:09:51,2026-06-30T10:09:51.048Z,1582.66,30194.00,0,0.004595,0.004595,0.004595,0.004595,3622175138.01,3622530162.58,3621720768.32,3622145037.06,1415380.78,2204429.32,-292556.71
2026-06-30 20:10:54,2026-06-30T10:10:54.089Z,1581.17,30194.00,2,0.004595,0.004695,0.004595,0.004695,3622145037.06,3622172071.57,3618631635.48,3618957998.33,4147586.56,4625358.55,-625875.17
2026-06-30 20:11:57,2026-06-30T10:11:57.006Z,1581.17,30194.00,2,0.004695,0.004782,0.004695,0.004782,3618957998.33,3618957998.33,3613068448.84,3613068448.84,2888403.70,2244255.02,1029614.49
2026-06-30 20:13:05,2026-06-30T10:13:05.240Z,1581.41,30194.00,3,0.004736,0.004782,0.004736,0.004736,3614632042.67,3614632042.67,3614632042.67,3614632042.67,5846.45,14165.28,-1279791.00
2026-06-30 20:14:18,2026-06-30T10:14:18.406Z,1581.87,30194.00,0,0.004736,0.004764,0.004736,0.004764,3616354481.17,3617171408.5,3616332300.29,3617171408.5,70145.17,462245.68,1351667.50
2026-06-30 20:15:26,2026-06-30T10:15:26.425Z,1582.47,30194.00,0,0.004764,0.004849,0.004764,0.004849,3617171408.5,3618722489.57,3617171408.5,3618576384.45,789721.80,875875.25,1915423.98
2026-06-30 20:16:29,2026-06-30T10:16:29.282Z,1582.52,30194.00,0,0.004849,0.004849,0.004849,0.004849,3618576384.45,3620057157.96,3618507873.3,3619536799.68,281978.23,649248.37,708918.21
2026-06-30 20:17:42,2026-06-30T10:17:42.418Z,1582.52,30194.00,0,0.004849,0.004958,0.004849,0.004958,3619536799.68,3619536799.68,3618583686.77,3619448627.44,1235917.42,972742.53,222162.59
2026-06-30 20:18:55,2026-06-30T10:18:55.549Z,1582.30,30194.00,1,0.004958,0.005092,0.004958,0.005092,3619448627.44,3620468568.41,3619278433.76,3619313432.49,529568.73,1474968.00,-1321536.27
2026-06-30 20:20:03,2026-06-30T10:20:03.845Z,1582.30,30194.00,0,0.00523,0.00523,0.00523,0.00523,3616901867.1,3616901867.1,3616901867.1,3616901867.1,12236.53,16183.18,-1037620.77
2026-06-30 20:21:06,2026-06-30T10:21:06.952Z,1581.57,30194.00,4,0.00523,0.005311,0.00523,0.005311,3617404803.94,3617404803.94,3617404803.94,3617404803.94,205802.28,31235.54,-2056170.35
2026-06-30 20:22:15,2026-06-30T10:22:15.085Z,1581.37,30194.00,1,0.005311,0.005382,0.005311,0.005382,3614627694.42,3616118492.01,3614075508.68,3614862580.72,282754.82,381958.65,-2876012.66
2026-06-30 20:23:18,2026-06-30T10:23:18.150Z,1581.12,30194.00,2,0.005382,0.005382,0.00535,0.00535,3614862580.72,3614964422.6,3613756078.6,3614964422.6,187172.34,298396.87,-1692539.74
2026-06-30 20:24:36,2026-06-30T10:24:36.307Z,1581.06,30194.00,1,0.00535,0.00535,0.005322,0.005322,3614964422.6,3615129292.59,3613185660.88,3613654066.65,496902.01,336802.42,-1061011.87
2026-06-30 20:25:39,2026-06-30T10:25:39.392Z,1581.13,30194.00,1,0.005322,0.005322,0.00528,0.00528,3613654066.65,3614966731.28,3613654066.65,3614782848.58,2012764.16,834445.51,1389450.46
2026-06-30 20:26:42,2026-06-30T10:26:42.184Z,1581.12,30194.00,1,0.00528,0.00528,0.00528,0.00528,3614782848.58,3617245350.77,3614778353.88,3616451781.53,753579.60,536442.34,1643763.19
2026-06-30 20:27:55,2026-06-30T10:27:55.279Z,1581.07,30194.00,0,0.00528,0.00528,0.00523,0.00523,3616451781.53,3617024220.01,3614523128.57,3615447949.25,761688.85,984979.01,1388840.29
2026-06-30 20:29:03,2026-06-30T10:29:03.294Z,1581.07,30194.00,0,0.005258,0.005258,0.005258,0.005258,3615311829.79,3615311829.79,3615311829.79,3615311829.79,75354.27,3915282.00,-2671540.28
2026-06-30 20:30:06,2026-06-30T10:30:06.521Z,1581.07,30194.00,0,0.005258,0.005263,0.005258,0.005263,3615283760.43,3615283760.43,3615283760.43,3615283760.43,27908.18,71926.43,-2122117.83
2026-06-30 20:31:14,2026-06-30T10:31:14.800Z,1580.97,30194.00,0,0.005263,0.005276,0.005263,0.005276,3616058394.66,3616058394.66,3616058394.66,3616058394.66,408527.62,905494.32,-2091242.04
2026-06-30 20:32:17,2026-06-30T10:32:17.710Z,1580.97,30194.00,0,0.005276,0.005281,0.005276,0.005281,3615308578.07,3615308578.07,3614152192.39,3615046301.19,97329.42,102873.83,-2763274.94
2026-06-30 20:33:30,2026-06-30T10:33:30.745Z,1580.97,30194.00,0,0.005281,0.005281,0.005281,0.005281,3615046301.19,3615409515.11,3614199133.02,3615376406.09,592119.73,235652.06,-1436914.07
2026-06-30 20:34:39,2026-06-30T10:34:39.039Z,1580.97,30194.00,0,0.005281,0.005312,0.005281,0.005312,3615376406.09,3615769087.81,3613814466.05,3614721338.55,764235.26,400203.00,2635560.68
2026-06-30 20:35:41,2026-06-30T10:35:41.928Z,1580.99,30194.00,0,0.005312,0.005331,0.005312,0.005331,3614721338.55,3616614369.34,3614721338.55,3616226473.33,457772.26,396943.00,1879443.85
2026-06-30 20:36:54,2026-06-30T10:36:54.929Z,1580.56,30194.00,0,0.005331,0.005331,0.005331,0.005331,3616226473.33,3616435954.68,3614986578.58,3615039457.66,2385868.31,4209388.66,975683.05
2026-06-30 20:38:03,2026-06-30T10:38:03.025Z,1580.56,30194.00,0,0.00535,0.00535,0.005295,0.005295,3611851560.38,3611851560.38,3611851560.38,3611851560.38,15049.64,38371.77,-1466950.49
2026-06-30 20:39:06,2026-06-30T10:39:06.057Z,1580.54,30194.00,0,0.005295,0.005295,0.005206,0.005206,3612730122.1,3612730122.1,3612730122.1,3612730122.1,243623.47,687493.01,-3015942.24
2026-06-30 20:40:19,2026-06-30T10:40:19.564Z,1580.54,30194.00,0,0.005206,0.005206,0.005206,0.005206,3613813805.36,3615518048.66,3613813805.36,3614857322.96,500090.99,71442.18,-2695940.25
2026-06-30 20:41:27,2026-06-30T10:41:27.695Z,1580.72,30194.00,0,0.005206,0.005206,0.005133,0.005133,3614857322.96,3616155426.58,3614532073.31,3616020996.15,818813.87,686847.71,44918.04
2026-06-30 20:42:30,2026-06-30T10:42:30.690Z,1581.01,30194.00,0,0.005133,0.005133,0.005099,0.005099,3616020996.15,3616536132.71,3616020996.15,3616348608.41,136818.71,253211.09,-706519.61
2026-06-30 20:43:43,2026-06-30T10:43:43.736Z,1581.31,30194.00,0,0.005099,0.005099,0.005099,0.005099,3616348608.41,3617725588.38,3616015675.12,3617725588.38,809993.57,1366498.63,165679.24
2026-06-30 20:44:52,2026-06-30T10:44:52.005Z,1581.04,30194.00,0,0.005099,0.005099,0.005099,0.005099,3617725588.38,3618049956.05,3615996024.84,3616429424.49,935806.62,351189.14,1611695.10
2026-06-30 20:45:55,2026-06-30T10:45:55.013Z,1581.04,30194.00,0,0.005099,0.005111,0.005099,0.005111,3616429424.49,3618020475.59,3616429424.49,3618020475.59,882272.33,971570.20,896802.34
2026-06-30 20:47:13,2026-06-30T10:47:13.194Z,1581.19,30194.00,0,0.005145,0.005145,0.005111,0.005145,3616948618.48,3616948618.48,3616948618.48,3616948618.48,3100.36,6.34,855251.76
2026-06-30 20:48:05,2026-06-30T10:48:05.886Z,1582.47,30194.00,3,0.005145,0.005174,0.005145,0.005174,3617943192.94,3617943192.94,3617943192.94,3617943192.94,386662.09,489466.85,8995047.34
2026-06-30 20:49:19,2026-06-30T10:49:19.187Z,1583.20,30194.00,2,0.005174,0.005243,0.005174,0.005243,3621131415.75,3623662712.81,3621076475.39,3623662712.81,969804.53,1008917.40,2737271.67
2026-06-30 20:50:27,2026-06-30T10:50:27.506Z,1581.37,30194.00,3,0.005243,0.005243,0.005243,0.005243,3623662712.81,3624064844.48,3621466408.5,3621466408.5,6016385.34,5368092.10,629923.45
2026-06-30 20:51:30,2026-06-30T10:51:30.493Z,1581.33,30194.00,1,0.005243,0.005301,0.005243,0.005301,3621466408.5,3621466408.5,3616639198.84,3620261237.47,638097.03,1376589.16,2200545.65
2026-06-30 20:52:38,2026-06-30T10:52:38.717Z,1581.33,30194.00,0,0.005301,0.005301,0.005283,0.005283,3620261237.47,3620379174.52,3619450891.67,3619967604.59,921383.96,458291.19,-4533414.46
2026-06-30 20:53:41,2026-06-30T10:53:41.756Z,1581.62,30194.00,0,0.005283,0.005298,0.005283,0.005298,3619967604.59,3620506121.39,3618956667.37,3618956667.37,1180399.26,609334.77,1471193.57
2026-06-30 20:54:55,2026-06-30T10:54:55.260Z,1581.85,30194.00,0,0.005298,0.005298,0.005298,0.005298,3618956667.37,3621304444.28,3618512573.89,3621298092.06,642394.70,532906.00,4765933.61
2026-06-30 20:56:03,2026-06-30T10:56:03.404Z,1582.52,30194.00,2,0.005303,0.005303,0.005303,0.005303,3621816441.96,3621816441.96,3621816441.96,3621816441.96,28329.26,1627.74,3877728.23
2026-06-30 20:57:06,2026-06-30T10:57:06.145Z,1582.81,30194.00,1,0.005368,0.005368,0.005368,0.005368,3622320789.42,3622320789.42,3622320789.42,3622320789.42,133566.88,534709.77,1684651.25
2026-06-30 20:58:14,2026-06-30T10:58:14.368Z,1582.96,30194.00,1,0.005368,0.005418,0.005368,0.005418,3624311422.14,3624311422.14,3624311422.14,3624311422.14,174081.60,350016.25,-2827741.55
2026-06-30 20:59:17,2026-06-30T10:59:17.219Z,1582.96,30194.00,1,0.005418,0.005431,0.005418,0.005431,3624531160.19,3624689805.82,3622943820.14,3622974992.55,455175.37,211347.57,-3594090.65
2026-06-30 21:00:20,2026-06-30T11:00:20.607Z,1582.61,30194.00,1,0.005431,0.005471,0.005431,0.005471,3622974992.55,3623363394.67,3620780256.93,3621197985.64,1305223.02,2356394.90,-7784348.71
2026-06-30 21:01:28,2026-06-30T11:01:28.917Z,1582.36,30194.00,0,0.005471,0.005471,0.005471,0.005471,3621197985.64,3621197985.64,3619000337.23,3620633454.06,655823.68,87240.09,-2913952.79
2026-06-30 21:02:46,2026-06-30T11:02:46.784Z,1582.19,30194.00,0,0.005471,0.005471,0.005424,0.005424,3620633454.06,3620846088.57,3619531693.17,3620347878.41,1252773.11,941261.03,4574834.36
2026-06-30 21:03:44,2026-06-30T11:03:44.602Z,1582.18,30194.00,1,0.005424,0.005424,0.005362,0.005362,3620347878.41,3622888770.51,3620347878.41,3622888770.51,984982.42,448384.52,6420449.91
2026-06-30 21:04:52,2026-06-30T11:04:52.850Z,1582.37,30194.00,0,0.005362,0.005362,0.005362,0.005362,3622888770.51,3622888770.51,3620946780.25,3620946780.25,1503837.82,523091.13,7400071.22
2026-06-30 21:06:06,2026-06-30T11:06:06.158Z,1582.45,30194.00,0,0.005325,0.005325,0.005297,0.005297,3622672222.6,3622672222.6,3622672222.6,3622672222.6,103793.60,597168.34,2149262.11
2026-06-30 21:07:19,2026-06-30T11:07:19.351Z,1582.58,30194.00,1,0.005297,0.005297,0.005274,0.005274,3622627553.82,3624236850.69,3622627553.82,3622950003.61,525290.26,517368.01,4435435.81
2026-06-30 21:08:27,2026-06-30T11:08:27.601Z,1582.58,30194.00,0,0.005274,0.005274,0.005274,0.005274,3622950003.61,3623307798.9,3621413337.04,3621438694.61,468559.82,231558.66,4386837.86
2026-06-30 21:09:30,2026-06-30T11:09:30.646Z,1582.62,30194.00,1,0.005274,0.005274,0.005263,0.005263,3621438694.61,3622837575.45,3620925442.94,3620925442.94,632533.95,177523.77,3712736.26
2026-06-30 21:10:38,2026-06-30T11:10:38.975Z,1582.52,30194.00,0,0.005263,0.005285,0.005263,0.005285,3620925442.94,3622352571.75,3620925442.94,3621706546.3,370566.07,391381.65,2510037.92
2026-06-30 21:11:42,2026-06-30T11:11:42.120Z,1582.81,30194.00,0,0.005285,0.005285,0.005285,0.005285,3621706546.3,3622956370.4,3621432794.63,3622572223.24,424529.10,1071271.85,-553547.30
2026-06-30 21:12:55,2026-06-30T11:12:55.265Z,1582.68,30194.00,0,0.005285,0.00531,0.005285,0.00531,3622572223.24,3622577572.95,3621732550.29,3622056997.11,1003686.54,1219869.17,-699699.95
2026-06-30 21:14:03,2026-06-30T11:14:03.555Z,1582.59,30194.00,0,0.005355,0.005355,0.00531,0.005345,3621123436.04,3621123436.04,3621123436.04,3621123436.04,838.32,1252.77,-1508920.67
2026-06-30 21:15:06,2026-06-30T11:15:06.858Z,1582.59,30194.00,0,0.005345,0.005345,0.005345,0.005345,3620972975.2,3620972975.2,3620972975.2,3620972975.2,943877.05,90156.87,2320877.00
2026-06-30 21:16:20,2026-06-30T11:16:20.152Z,1582.41,30194.00,0,0.005345,0.005354,0.005345,0.005354,3621460549.37,3623105772.72,3621460549.37,3621960229.26,1364486.88,644823.08,2711157.40
2026-06-30 21:17:28,2026-06-30T11:17:28.456Z,1581.88,30194.00,2,0.005354,0.005354,0.005353,0.005353,3621960229.26,3621960229.26,3619196492.27,3619927448.47,1540363.24,771431.71,694960.94
2026-06-30 21:18:33,2026-06-30T11:18:33.359Z,1581.06,30194.00,2,0.005353,0.005353,0.005353,0.005353,3619927448.47,3619927448.47,3617900275.67,3617900275.67,1067556.61,2902475.02,-2723260.49
2026-06-30 21:19:41,2026-06-30T11:19:41.490Z,1579.71,30194.00,3,0.005353,0.005361,0.005353,0.005361,3617900275.67,3618557386.22,3612875741.52,3612875741.52,3664680.67,3964982.48,-12217325.30
2026-06-30 21:20:55,2026-06-30T11:20:55.166Z,1579.49,30194.00,3,0.005361,0.005361,0.00534,0.00534,3612875741.52,3613123131.13,3609716464.32,3609716464.32,7279672.06,5948953.43,-11281995.44
2026-06-30 21:22:09,2026-06-30T11:22:09.248Z,1579.49,30194.00,3,0.005315,0.005315,0.005315,0.005315,3607728272.09,3607728272.09,3607728272.09,3607728272.09,110813.63,704690.19,-8320086.92
2026-06-30 21:23:17,2026-06-30T11:23:17.337Z,1578.75,30194.00,1,0.005315,0.005315,0.005291,0.005291,3606223233.93,3606223233.93,3602466200.59,3604873940.55,1594859.92,2596329.58,-10598575.35
2026-06-30 21:24:30,2026-06-30T11:24:30.501Z,1578.29,30194.00,3,0.005291,0.005291,0.005226,0.005226,3604873940.55,3604873940.55,3600629041.86,3600785282.24,2114789.94,3257520.80,-12803498.08
2026-06-30 21:25:33,2026-06-30T11:25:33.469Z,1577.76,30194.00,2,0.005226,0.005226,0.005134,0.005134,3600785282.24,3600785282.24,3599461306.71,3599770331.1,2101189.05,7573981.64,-20418429.84
2026-06-30 21:26:41,2026-06-30T11:26:41.518Z,1577.73,30194.00,2,0.005134,0.005134,0.005134,0.005134,3599770331.1,3601648300.9,3598816379.12,3601648300.9,1387699.58,1287442.99,-19815919.35
2026-06-30 21:27:44,2026-06-30T11:27:44.382Z,1577.24,30194.00,1,0.005134,0.005134,0.005057,0.005057,3601648300.9,3601648300.9,3594188111.05,3594188111.05,6179627.92,5829605.02,-31134706.41
2026-06-30 21:28:52,2026-06-30T11:28:52.490Z,1577.10,30194.00,0,0.005057,0.005057,0.004988,0.004988,3594188111.05,3595098080.67,3592505694.57,3594857661.35,13032959.99,19268010.96,-32811188.73
2026-06-30 21:29:55,2026-06-30T11:29:55.250Z,1576.47,30194.00,2,0.004988,0.004988,0.004988,0.004988,3594857661.35,3599464238.78,3594857661.35,3597348499.66,5795725.96,19777714.31,-45053308.79
2026-06-30 21:31:03,2026-06-30T11:31:03.747Z,1576.47,30194.00,1,0.005028,0.005046,0.004988,0.005046,3598225025.68,3598225025.68,3598225025.68,3598225025.68,90610.86,824495.98,-14389778.61
2026-06-30 21:32:07,2026-06-30T11:32:07.035Z,1576.47,30194.00,1,0.005046,0.005063,0.005046,0.005063,3597656830.69,3597656830.69,3597656830.69,3597656830.69,137215.73,204603.67,-11393808.54
2026-06-30 21:33:15,2026-06-30T11:33:15.305Z,1575.25,30194.00,1,0.005063,0.005063,0.005063,0.005063,3600531951.61,3600531951.61,3592918911.82,3593375702.61,1630874.10,1439708.95,-11239843.43
2026-06-30 21:34:18,2026-06-30T11:34:18.181Z,1574.29,30194.00,0,0.005063,0.005063,0.005012,0.005012,3593375702.61,3593375702.61,3588968134.19,3588968134.19,3623994.18,9403880.05,-20311163.13
2026-06-30 21:35:31,2026-06-30T11:35:31.443Z,1575.56,30194.00,3,0.005012,0.005012,0.004921,0.004921,3588968134.19,3592464091.01,3588223898.2,3592464091.01,11788934.85,3941247.53,-7760358.25
2026-06-30 21:36:39,2026-06-30T11:36:39.593Z,1576.34,30194.00,2,0.004921,0.004921,0.004921,0.004921,3592464091.01,3596096381.97,3592095147.53,3596096381.97,6544109.54,4839308.15,-3751617.68
2026-06-30 21:37:42,2026-06-30T11:37:42.567Z,1576.41,30194.00,3,0.004921,0.004953,0.004921,0.004953,3596096381.97,3597670964.58,3596096381.97,3596140045.83,2578550.14,1105566.72,3929294.16
2026-06-30 21:38:58,2026-06-30T11:38:58.194Z,1577.28,30194.00,2,0.004953,0.004953,0.004947,0.004947,3596140045.83,3598276443.18,3595614082.94,3598276443.18,2276789.73,1345287.51,20232298.75
2026-06-30 21:40:06,2026-06-30T11:40:06.474Z,1577.19,30194.00,1,0.004948,0.004948,0.004948,0.004948,3596633854.69,3596633854.69,3596633854.69,3596633854.69,23207.25,85673.44,1755941.17
2026-06-30 21:41:20,2026-06-30T11:41:20.478Z,1576.97,30194.00,1,0.004948,0.004948,0.004938,0.004938,3595721239.25,3596605290.36,3595070553.34,3596309393.4,2069893.58,302887.93,1337901.84
2026-06-30 21:42:28,2026-06-30T11:42:28.564Z,1577.42,30194.00,2,0.004938,0.004938,0.004912,0.004912,3596309393.4,3598499666.91,3596309393.4,3598483175.69,762980.81,979391.36,4996010.30
2026-06-30 21:43:31,2026-06-30T11:43:31.555Z,1577.44,30194.00,2,0.004912,0.004912,0.004912,0.004912,3598483175.69,3599020780.53,3597914127.83,3598141679.96,1755431.55,1608523.78,5708936.70
2026-06-30 21:44:39,2026-06-30T11:44:39.585Z,1577.52,30194.00,1,0.004912,0.00495,0.004912,0.00495,3598141679.96,3600145829.74,3598141679.96,3600145829.74,1705855.18,644656.18,7724771.77
2026-06-30 21:45:42,2026-06-30T11:45:42.499Z,1577.60,30194.00,2,0.00495,0.004983,0.00495,0.004983,3600145829.74,3600773480.6,3599268017.22,3600275706.28,12398838.59,4483852.73,16659013.76
2026-06-30 21:46:50,2026-06-30T11:46:50.617Z,1578.44,30194.00,1,0.004983,0.004993,0.004983,0.004993,3600275706.28,3602232431.06,3599941356.37,3602006931.94,5732265.01,5843591.79,9105110.88
2026-06-30 21:47:53,2026-06-30T11:47:53.554Z,1578.14,30194.00,0,0.004993,0.004993,0.004993,0.004993,3602006931.94,3602832694.42,3599330263.44,3601959429.14,734547.59,1099849.69,7782014.34
2026-06-30 21:49:06,2026-06-30T11:49:06.796Z,1578.27,30194.00,0,0.00499,0.00499,0.004953,0.004953,3601998074.58,3601998074.58,3601998074.58,3601998074.58,226418.92,235610.74,8435138.69
2026-06-30 21:50:20,2026-06-30T11:50:20.366Z,1578.71,30194.00,1,0.004953,0.004953,0.004953,0.004953,3603974947.67,3605115151.76,3603117070.79,3604177786.36,232833.09,277792.53,2837617.83
2026-06-30 21:51:28,2026-06-30T11:51:28.496Z,1579.12,30194.00,2,0.004953,0.004953,0.004939,0.004939,3604177786.36,3605358542.75,3603306196.59,3605358542.75,1734608.21,491828.15,5175444.74
2026-06-30 21:52:31,2026-06-30T11:52:31.423Z,1579.96,30194.00,1,0.004939,0.004939,0.004923,0.004923,3605358542.75,3606949997.34,3605358542.75,3606949997.34,1275677.17,1395894.10,9186174.26
2026-06-30 21:53:39,2026-06-30T11:53:39.513Z,1579.96,30194.00,1,0.004923,0.004931,0.004923,0.004931,3606949997.34,3608116694.55,3606528192.02,3606904300.1,1149539.03,3219883.29,5288232.71
2026-06-30 21:54:42,2026-06-30T11:54:42.349Z,1576.46,30194.00,3,0.004931,0.004931,0.004931,0.004931,3606904300.1,3608235882.44,3604202746.79,3604202746.79,3952784.33,18333803.72,-25885088.29
2026-06-30 21:55:50,2026-06-30T11:55:50.534Z,1576.04,30194.00,2,0.004931,0.004931,0.004921,0.004921,3604202746.79,3604202746.79,3598853380.58,3600324563.56,3530325.73,8399157.31,-38136450.68
2026-06-30 21:56:54,2026-06-30T11:56:54.831Z,1575.24,30194.00,3,0.004921,0.004921,0.004899,0.004899,3600324563.56,3600953528.3,3598086735.42,3598086735.42,4021222.77,10561463.65,-46997149.49
2026-06-30 21:58:03,2026-06-30T11:58:03.030Z,1575.45,30194.00,2,0.004899,0.004908,0.004899,0.004908,3598646019.69,3598646019.69,3598646019.69,3598646019.69,14845.13,3179.30,-27225537.61
2026-06-30 21:59:05,2026-06-30T11:59:05.945Z,1575.45,30194.00,1,0.004908,0.004916,0.004908,0.004916,3598957293.74,3598957293.74,3598957293.74,3598957293.74,97613.48,116266.42,-6064651.71
2026-06-30 22:00:19,2026-06-30T12:00:19.555Z,1575.45,30194.00,2,0.004916,0.004929,0.004916,0.004929,3599227756.3,3600937184.64,3599227756.3,3600792659.93,1401446.31,1096278.45,-3438504.71
2026-06-30 22:01:27,2026-06-30T12:01:27.968Z,1575.46,30194.00,2,0.004929,0.004929,0.004929,0.004929,3600792659.93,3600792659.93,3597867154.66,3597867154.66,2219628.22,3351562.46,211063.95
2026-06-30 22:02:42,2026-06-30T12:02:42.501Z,1575.18,30194.00,1,0.004929,0.004953,0.004929,0.004953,3597867154.66,3599601974.94,3596724107.76,3598948702.55,2676292.52,2874542.26,-949707.76
2026-06-30 22:03:45,2026-06-30T12:03:45.628Z,1573.70,30194.00,2,0.004953,0.004953,0.004943,0.004943,3598948702.55,3598948702.55,3595523398.06,3595523398.06,13396047.03,36373233.42,-32265494.72
2026-06-30 22:04:53,2026-06-30T12:04:53.882Z,1572.75,30194.00,2,0.004943,0.004943,0.004943,0.004943,3595523398.06,3595731416.4,3589522135.41,3590037255.39,8537947.38,7764522.24,-32128817.99
2026-06-30 22:06:07,2026-06-30T12:06:07.333Z,1572.75,30194.00,1,0.004874,0.004874,0.004873,0.004873,3589937735.71,3589937735.71,3589937735.71,3589937735.71,1837345.02,904501.92,-34091085.99
2026-06-30 22:07:15,2026-06-30T12:07:15.408Z,1570.54,30194.00,1,0.004873,0.004873,0.004873,0.004873,3589741270.63,3591315492.48,3580785335.31,3581849045.33,3230243.60,2147692.06,-48387383.42
2026-06-30 22:08:18,2026-06-30T12:08:18.486Z,1570.74,30194.00,1,0.004873,0.004873,0.00486,0.00486,3581849045.33,3584722903.19,3581849045.33,3584722903.19,1420151.19,1386051.48,-21484220.55
2026-06-30 22:09:28,2026-06-30T12:09:28.816Z,1571.62,30194.00,2,0.00486,0.00486,0.004858,0.004858,3584722903.19,3587973797.63,3583798508.02,3587973797.63,3982127.00,6218219.73,-21381746.88
2026-06-30 22:10:27,2026-06-30T12:10:27.090Z,1571.62,30194.00,2,0.004858,0.004904,0.004858,0.004904,3587973797.63,3589408416.08,3587014029.53,3588092673.87,1645457.43,5476146.57,-24067209.82
2026-06-30 22:11:30,2026-06-30T12:11:30.138Z,1571.38,30194.00,0,0.004904,0.004904,0.004904,0.004904,3588092673.87,3589001120.61,3586108925.08,3589001120.61,3153826.35,1669475.88,2946015.01
2026-06-30 22:12:43,2026-06-30T12:12:43.610Z,1571.83,30194.00,2,0.004904,0.004904,0.00489,0.00489,3589001120.61,3590549237.56,3588222120.16,3588336161.45,3518659.04,3067491.81,-597207.63
2026-06-30 22:13:51,2026-06-30T12:13:51.745Z,1571.83,30194.00,0,0.00489,0.00489,0.004889,0.004889,3588336161.45,3589914016.21,3587645632.96,3589158700,5730011.85,7780798.78,-4668758.05
2026-06-30 22:14:54,2026-06-30T12:14:54.585Z,1571.51,30194.00,1,0.004889,0.004889,0.004889,0.004889,3589158700,3589849513.43,3586217505.3,3587922927.07,2015835.60,3354465.03,-562810.87
2026-06-30 22:16:08,2026-06-30T12:16:08.027Z,1570.06,30194.00,3,0.004903,0.004903,0.004902,0.004902,3585508358.66,3585508358.66,3585508358.66,3585508358.66,736808.02,2002239.50,-7114586.25
2026-06-30 22:17:16,2026-06-30T12:17:16.097Z,1570.06,30194.00,2,0.004902,0.004902,0.004902,0.004902,3584131886.67,3585023187.01,3581867965.46,3582688505.16,1866414.76,472329.95,-6093600.52
2026-06-30 22:18:18,2026-06-30T12:18:18.949Z,1571.40,30194.00,4,0.004902,0.004902,0.004869,0.004869,3582688505.16,3585159795.12,3582418735.92,3584111091.95,5549189.10,2011181.72,1182005.05
2026-06-30 22:19:26,2026-06-30T12:19:26.934Z,1569.93,30194.00,4,0.004869,0.004869,0.004845,0.004845,3584111091.95,3586236506.54,3582635035.04,3585839313.54,1774304.24,2338151.43,3755300.45
2026-06-30 22:20:30,2026-06-30T12:20:30.484Z,1569.03,30194.00,4,0.004845,0.004851,0.004845,0.004851,3585839313.54,3586264004.32,3582386196.7,3584331367.82,2987048.52,16350498.69,-6713135.83
2026-06-30 22:21:38,2026-06-30T12:21:38.686Z,1567.87,30194.00,0,0.004851,0.004851,0.004851,0.004851,3584331367.82,3584331367.82,3576695067.6,3576695067.6,5638443.65,15976430.71,-28684422.74
2026-06-30 22:22:41,2026-06-30T12:22:41.770Z,1566.55,30194.00,2,0.004851,0.004851,0.004825,0.004825,3576695067.6,3577001687.57,3574425960.32,3575765433.75,11000646.53,26970804.08,-46001639.52
2026-06-30 22:23:54,2026-06-30T12:23:54.397Z,1564.90,30194.00,1,0.004825,0.004825,0.004753,0.004753,3575765433.75,3576134229.05,3568730075.61,3568730075.61,16318354.58,41483963.77,-75390276.19
2026-06-30 22:25:33,2026-06-30T12:25:33.199Z,1564.33,30194.00,4,0.004753,0.004753,0.004742,0.004742,3563002092.87,3563002092.87,3554628844.48,3558404297.42,8670812.47,5269339.96,-67222910.26
2026-06-30 22:26:41,2026-06-30T12:26:41.948Z,1561.90,30194.00,1,0.004742,0.004742,0.004669,0.004669,3558404297.42,3560524325.58,3556239658.12,3556239658.12,23882627.88,40087612.80,-78779716.95
2026-06-30 22:27:55,2026-06-30T12:27:55.204Z,1564.58,30194.00,3,0.004669,0.004672,0.004669,0.004672,3556239658.12,3558257915.16,3547222972.01,3549375138.79,23283527.10,7465938.02,-45463589.86
2026-06-30 22:29:08,2026-06-30T12:29:08.463Z,1563.81,30194.00,2,0.004672,0.004683,0.004672,0.004683,3557067812.07,3557067812.07,3557067812.07,3557067812.07,4208357.48,8463400.41,-1131541.14
2026-06-30 22:30:16,2026-06-30T12:30:16.773Z,1563.49,30194.00,4,0.004683,0.004683,0.004634,0.004634,3552733780.89,3552918105.85,3547255497.56,3549339877.29,2561011.29,2959067.84,-4169899.07
2026-06-30 22:31:19,2026-06-30T12:31:19.773Z,1561.96,30194.00,4,0.004634,0.004634,0.004634,0.004634,3549339877.29,3552560589.96,3546725301.94,3547330506.76,3273169.43,2073722.24,2609932.40
2026-06-30 22:32:33,2026-06-30T12:32:33.042Z,1561.95,30194.00,2,0.004634,0.004634,0.004564,0.004564,3547330506.76,3548546814.4,3545150517.06,3547027350.52,5044034.81,2883317.10,-8744718.29
2026-06-30 22:33:41,2026-06-30T12:33:41.168Z,1561.95,30194.00,0,0.004564,0.004564,0.004507,0.004507,3547027350.52,3549470965.24,3545248445.4,3547355123.06,7438667.78,27909822.92,-30584625.16
2026-06-30 22:34:54,2026-06-30T12:34:54.523Z,1560.48,30194.00,1,0.004507,0.004507,0.004457,0.004457,3547355123.06,3548030115.24,3539960973.37,3539960973.37,13164087.38,18258078.75,-45677132.19
2026-06-30 22:36:07,2026-06-30T12:36:07.663Z,1560.47,30194.00,1,0.004457,0.004457,0.004405,0.004405,3540032782.67,3540032782.67,3540032782.67,3540032782.67,1817534.00,1067518.90,-40489025.45
2026-06-30 22:37:15,2026-06-30T12:37:15.811Z,1561.59,30194.00,2,0.004405,0.004405,0.004351,0.004351,3540165006.81,3547410936.22,3539316002.12,3545383317.38,2427451.70,747290.19,-38833439.84
2026-06-30 22:38:18,2026-06-30T12:38:18.798Z,1560.97,30194.00,0,0.004351,0.004351,0.004351,0.004351,3545383317.38,3546439579.89,3542331095.46,3542494474.44,1300721.75,1097657.26,-1207306.60
2026-06-30 22:39:27,2026-06-30T12:39:27.011Z,1560.97,30194.00,0,0.004351,0.004351,0.004343,0.004343,3542494474.44,3544409532.55,3542494474.44,3543040650.34,1791346.16,942448.74,8272408.36
2026-06-30 22:40:30,2026-06-30T12:40:30.249Z,1561.89,30194.00,3,0.004343,0.004343,0.004254,0.004254,3543040650.34,3547189760.56,3542556244.75,3547189760.56,3642697.48,4200283.67,10877228.45
2026-06-30 22:41:38,2026-06-30T12:41:38.507Z,1561.34,30194.00,0,0.004254,0.004254,0.004254,0.004254,3547189760.56,3547562161.81,3544825959.61,3544825959.61,3439741.11,2778773.14,6480687.13
2026-06-30 22:42:41,2026-06-30T12:42:41.507Z,1561.31,30194.00,0,0.004254,0.004254,0.004207,0.004207,3544825959.61,3544990547.72,3542673704.88,3543180419.86,2405635.02,4161513.04,3228214.33
2026-06-30 22:43:54,2026-06-30T12:43:54.600Z,1561.32,30194.00,0,0.004207,0.004207,0.004142,0.004142,3543180419.86,3546195539.36,3543180419.86,3544250930.19,4885827.70,2276248.59,5107393.83
2026-06-30 22:45:03,2026-06-30T12:45:03.266Z,1561.36,30194.00,0,0.004099,0.004142,0.004099,0.004099,3547204875.14,3547204875.14,3547204875.14,3547204875.14,16137.64,41794.27,3433259.55
2026-06-30 22:46:06,2026-06-30T12:46:06.639Z,1561.54,30194.00,0,0.004099,0.004099,0.004084,0.004084,3546310392.44,3546310392.44,3546310392.44,3546310392.44,445262.59,191052.99,-760783.59
2026-06-30 22:47:19,2026-06-30T12:47:19.824Z,1560.41,30194.00,3,0.004084,0.004084,0.004059,0.004059,3545224440.98,3545224440.98,3543261114.43,3543293016.92,2950073.83,3868041.50,-6301728.80
2026-06-30 22:48:27,2026-06-30T12:48:27.639Z,1558.43,30194.00,3,0.004059,0.004059,0.004059,0.004059,3543293016.92,3543670930.55,3528041272.84,3528723749.9,8748201.23,3259416.16,-72204391.21
2026-06-30 22:49:32,2026-06-30T12:49:32.331Z,1558.40,30194.00,3,0.004059,0.004059,0.003938,0.003938,3528723749.9,3532201094.26,3528145176.61,3531765008.66,4162139.62,3399354.77,-64761168.21
2026-06-30 22:50:40,2026-06-30T12:50:40.882Z,1558.29,30194.00,2,0.003938,0.003938,0.003875,0.003875,3531765008.66,3532200296.72,3530454229.39,3532054694.99,6193002.94,7964685.85,-60940544.20
2026-06-30 22:51:48,2026-06-30T12:51:48.799Z,1557.69,30194.00,3,0.003875,0.003875,0.003817,0.003817,3532054694.99,3532322749.24,3530493924.33,3530493924.33,7894759.42,11990572.49,-61320068.82
2026-06-30 22:52:51,2026-06-30T12:52:51.844Z,1558.81,30194.00,3,0.003817,0.003817,0.003817,0.003817,3530493924.33,3535407750.94,3530493924.33,3534351993.6,15137997.72,8840643.62,14471386.97
2026-06-30 22:53:55,2026-06-30T12:53:55.081Z,1558.02,30194.00,2,0.003817,0.003817,0.003772,0.003772,3534351993.6,3536994151.85,3533363188.98,3535012121.87,8580466.72,11618839.01,-709434.57
2026-06-30 22:55:03,2026-06-30T12:55:03.587Z,1558.03,30194.00,1,0.003753,0.003753,0.003753,0.003753,3532450860.12,3532450860.12,3532450860.12,3532450860.12,501232.55,30217.19,-2694651.70
2026-06-30 22:56:06,2026-06-30T12:56:06.893Z,1558.20,30194.00,1,0.003753,0.003753,0.00372,0.00372,3532667500.2,3532667500.2,3532667500.2,3532667500.2,320373.92,340581.86,4291020.05
2026-06-30 22:57:15,2026-06-30T12:57:15.050Z,1557.32,30194.00,3,0.00372,0.003746,0.00372,0.003746,3530928552.08,3531781280.76,3521806165.78,3523083691.42,8215875.40,4718204.74,-29280931.73
2026-06-30 22:58:18,2026-06-30T12:58:18.067Z,1557.12,30194.00,3,0.003746,0.003746,0.003714,0.003714,3523083691.42,3527848026.09,3523083691.42,3526515144.81,5748626.92,13083215.20,-32775280.94
2026-06-30 22:59:31,2026-06-30T12:59:31.274Z,1555.23,30194.00,4,0.003714,0.003714,0.003714,0.003714,3526515144.81,3526515144.81,3520492013.18,3520770936.54,22518122.22,88989895.31,-109624250.52
2026-06-30 23:01:14,2026-06-30T13:01:14.844Z,1550.80,30194.00,3,0.003714,0.003714,0.003676,0.003676,3520770936.54,3524007857.38,3514072895.21,3522127526.22,78164341.40,84644715.76,-176836755.02
2026-06-30 23:02:07,2026-06-30T13:02:07.609Z,1555.08,30194.00,4,0.003618,0.003618,0.003618,0.003618,3539484522.05,3539484522.05,3539484522.05,3539484522.05,2021949.04,2522187.87,-139144479.90
2026-06-30 23:03:15,2026-06-30T13:03:15.724Z,1552.20,30194.00,3,0.003618,0.003618,0.003526,0.003526,3538106838.57,3539832511.18,3534508147.79,3534822327.27,4690942.25,3175455.30,-126553357.41
2026-06-30 23:04:29,2026-06-30T13:04:29.115Z,1552.68,30194.00,3,0.003526,0.003526,0.003462,0.003462,3534822327.27,3534822327.27,3530109748.65,3532781339.44,6013841.65,1781318.53,7341002.37
2026-06-30 23:05:32,2026-06-30T13:05:32.482Z,1553.52,30194.00,3,0.003462,0.003462,0.003462,0.003462,3532781339.44,3537731486.73,3532425357.14,3537731486.73,7554300.48,2487823.91,20569321.55
2026-06-30 23:06:40,2026-06-30T13:06:40.592Z,1556.41,30194.00,3,0.003462,0.003462,0.003407,0.003407,3537731486.73,3538872720.89,3536412023.19,3538872720.89,43756926.44,11983879.28,44159670.93
2026-06-30 23:07:54,2026-06-30T13:07:54.648Z,1556.59,30194.00,3,0.003407,0.003501,0.003407,0.003501,3538872720.89,3539507744.11,3535541865.96,3538035932.52,12553870.85,13896498.15,56078812.81
2026-06-30 23:09:18,2026-06-30T13:09:18.310Z,1558.30,30194.00,3,0.00347,0.00347,0.00347,0.00347,3539309073.94,3542174436.91,3536927802.07,3538321886.64,8206675.41,7890499.94,42469158.38
2026-06-30 23:10:32,2026-06-30T13:10:32.117Z,1559.25,30194.00,2,0.00347,0.00347,0.003462,0.003462,3538321886.64,3542667322.59,3537571277.88,3540697188.93,4466073.10,3698223.82,36465900.86
2026-06-30 23:11:40,2026-06-30T13:11:40.300Z,1558.95,30194.00,1,0.003462,0.003462,0.003416,0.003416,3540697188.93,3541369531.68,3539285550.44,3539656635.93,5361641.31,3538879.27,4057652.53
2026-06-30 23:12:43,2026-06-30T13:12:43.469Z,1558.48,30194.00,1,0.003416,0.003416,0.003416,0.003416,3539656635.93,3541995541.64,3539656635.93,3541674337.81,8610333.30,9970765.00,3718580.78
2026-06-30 23:13:56,2026-06-30T13:13:56.956Z,1557.68,30194.00,3,0.003416,0.003416,0.0033,0.0033,3541674337.81,3544149972.2,3538869129.4,3538869129.4,4719484.57,6863333.87,-2012045.14
2026-06-30 23:15:05,2026-06-30T13:15:05.502Z,1556.35,30194.00,4,0.003198,0.0033,0.003198,0.003198,3540712447.27,3540712447.27,3540712447.27,3540712447.27,570462.87,323719.64,-15352318.24
2026-06-30 23:16:18,2026-06-30T13:16:18.893Z,1557.66,30194.00,1,0.003198,0.003198,0.003148,0.003148,3538002414.86,3540867558.39,3538002414.86,3540439416.01,3743801.43,1639291.83,-12997107.82
2026-06-30 23:17:32,2026-06-30T13:17:32.089Z,1557.58,30194.00,0,0.003148,0.003148,0.003082,0.003082,3540439416.01,3543211034.02,3540439416.01,3542802160.05,2100449.71,1129364.59,-4797572.69
2026-06-30 23:18:40,2026-06-30T13:18:40.226Z,1557.13,30194.00,0,0.003082,0.003082,0.003038,0.003038,3542802160.05,3543634346.49,3541432031.25,3542946722.25,3046680.11,1896162.94,-1290533.49
2026-06-30 23:19:43,2026-06-30T13:19:43.277Z,1557.59,30194.00,0,0.003038,0.003038,0.003038,0.003038,3542946722.25,3545404735.27,3542523485.33,3545404735.27,2936678.88,2971450.83,9993316.74
2026-06-30 23:20:52,2026-06-30T13:20:52.427Z,1558.80,30194.00,2,0.003038,0.003038,0.002964,0.002964,3545404735.27,3545404735.27,3544146398.07,3544401751.58,8669105.74,3131442.98,12102675.79
2026-06-30 23:21:55,2026-06-30T13:21:55.526Z,1559.28,30194.00,2,0.002964,0.002964,0.002933,0.002933,3544401751.58,3548930291.03,3544153058.74,3548930291.03,6786936.22,3384096.50,13139842.77
2026-06-30 23:23:08,2026-06-30T13:23:08.765Z,1558.74,30194.00,1,0.002933,0.002933,0.002924,0.002924,3548410916.29,3548410916.29,3548410916.29,3548410916.29,335041.48,4847410.52,7735898.94
2026-06-30 23:24:16,2026-06-30T13:24:16.748Z,1557.47,30194.00,2,0.002924,0.002924,0.00285,0.00285,3546951691.08,3550520204.07,3546951691.08,3549760587.47,2301384.12,1588953.16,9964707.82
2026-06-30 23:25:20,2026-06-30T13:25:20.207Z,1557.49,30194.00,3,0.00285,0.00285,0.00285,0.00285,3549760587.47,3551473584.38,3546771954.34,3546771954.34,1971261.80,2122298.80,-1230527.95
2026-06-30 23:26:28,2026-06-30T13:26:28.338Z,1557.79,30194.00,1,0.00285,0.00285,0.002797,0.002797,3546771954.34,3550640066.67,3546771954.34,3550259836.18,2291931.73,1270906.53,-993564.40
2026-06-30 23:27:31,2026-06-30T13:27:31.189Z,1558.00,30194.00,1,0.002797,0.002797,0.002752,0.002752,3550259836.18,3551920216.25,3547540157.79,3551920216.25,1561855.15,474649.65,-727405.84
2026-06-30 23:28:45,2026-06-30T13:28:45.237Z,1557.94,30194.00,0,0.002752,0.002752,0.002695,0.002695,3551920216.25,3551920216.25,3550955055.94,3550955055.94,2571477.34,6677137.79,-2219464.21
2026-06-30 23:29:53,2026-06-30T13:29:53.378Z,1557.57,30194.00,0,0.002695,0.002695,0.002695,0.002695,3550955055.94,3550957931.15,3547370437.98,3547509155.52,4967196.93,3708113.44,3981503.39
2026-06-30 23:31:06,2026-06-30T13:31:06.581Z,1561.44,30194.00,3,0.002624,0.002624,0.002555,0.002555,3549764757.91,3549764757.91,3549764757.91,3549764757.91,4104901.22,2172248.66,16273690.60
2026-06-30 23:32:20,2026-06-30T13:32:20.067Z,1555.14,30194.00,2,0.002555,0.002555,0.002555,0.002555,3561637811.85,3569153223.21,3559588653.29,3562574276.48,10408110.47,32451737.60,-1318340.41
2026-06-30 23:33:28,2026-06-30T13:33:28.168Z,1554.83,30194.00,3,0.002555,0.002555,0.002538,0.002538,3562574276.48,3562574276.48,3546848131.15,3551354269.37,11756906.52,5621379.27,-5249052.20
2026-06-30 23:34:46,2026-06-30T13:34:46.257Z,1552.24,30194.00,3,0.002538,0.002538,0.002335,0.002335,3551354269.37,3551354269.37,3544889657.75,3545273214.01,12017510.57,23691638.48,-21284861.66
2026-06-30 23:36:14,2026-06-30T13:36:14.954Z,1550.27,30194.00,3,0.002277,0.002277,0.002277,0.002277,3534435084.87,3534435084.87,3534435084.87,3534435084.87,7256801.49,4038063.14,-40759679.40
2026-06-30 23:37:18,2026-06-30T13:37:18.056Z,1549.95,30194.00,4,0.002277,0.002277,0.00213,0.00213,3535572019.12,3542774962.91,3535572019.12,3542774962.91,2774397.46,4693835.27,434785.52
2026-06-30 23:38:31,2026-06-30T13:38:31.224Z,1549.69,30194.00,4,0.00213,0.00213,0.002005,0.002005,3542774962.91,3542774962.91,3538750703.31,3542068899.96,14335927.08,40394593.49,-25351476.05
2026-06-30 23:39:39,2026-06-30T13:39:39.384Z,1551.76,30194.00,4,0.002005,0.002005,0.002005,0.002005,3542068899.96,3542407105.12,3534705935.55,3536323658.9,17735648.26,9778002.35,922.56
2026-06-30 23:40:42,2026-06-30T13:40:42.475Z,1556.85,30194.00,3,0.002005,0.002005,0.001902,0.001902,3536323658.9,3544806415.64,3536323658.9,3541683642.92,41262793.95,23590728.47,13511424.03
2026-06-30 23:44:40,2026-06-30T13:44:40.074Z,1556.09,30194.00,3,0.001913,0.001913,0.001795,0.001795,3551788524.05,3554174372.58,3551788524.05,3553424947.44,5072130.95,3758468.37,23575233.14
2026-06-30 23:45:54,2026-06-30T13:45:54.961Z,1556.70,30194.00,2,0.001795,0.001795,0.001746,0.001746,3553424947.44,3557585758.91,3551697257.54,3557585758.91,9302274.87,8649048.11,7036317.44
2026-06-30 23:46:52,2026-06-30T13:46:52.962Z,1555.53,30194.00,1,0.001746,0.001746,0.001746,0.001746,3557585758.91,3558801014.65,3555539899.31,3558801014.65,6639541.33,8878827.21,3265216.84
2026-06-30 23:47:55,2026-06-30T13:47:55.761Z,1556.60,30194.00,2,0.001746,0.001746,0.001744,0.001744,3558801014.65,3559340106.96,3552105656.06,3555753493.88,6180492.52,8793570.67,2070831.76
2026-06-30 23:49:15,2026-06-30T13:49:15.756Z,1555.21,30194.00,3,0.001709,0.001709,0.001709,0.001709,3554513391.05,3554513391.05,3554513391.05,3554513391.05,95231.06,166653.22,-2932936.35
2026-06-30 23:50:08,2026-06-30T13:50:08.716Z,1554.37,30194.00,3,0.001709,0.001709,0.001709,0.001709,3553417519.88,3553417519.88,3553417519.88,3553417519.88,546590.90,460845.97,-9124093.07
2026-06-30 23:51:17,2026-06-30T13:51:17.037Z,1556.28,30194.00,3,0.001709,0.001709,0.001655,0.001655,3554616150.94,3556107447.62,3552334600.48,3555835897.24,32894992.26,7064069.74,20233645.67
2026-06-30 23:54:54,2026-06-30T13:54:54.999Z,1561.05,30194.00,2,0.00165,0.001684,0.00165,0.001684,3567220179.13,3569371141.85,3565392428.01,3567016442.65,7460325.32,13112614.83,33870235.27
2026-06-30 23:56:10,2026-06-30T13:56:10.551Z,1560.99,30194.00,1,0.001706,0.001706,0.001706,0.001706,3564780272.45,3564780272.45,3564780272.45,3564780272.45,823236.28,1528880.88,-303658.06
2026-06-30 23:57:19,2026-06-30T13:57:19.775Z,1560.65,30194.00,4,0.001706,0.001706,0.001601,0.001601,3566092335.47,3568807056.43,3565197997.39,3566045439.77,869116.53,812488.61,-1837216.30
2026-06-30 23:58:27,2026-06-30T13:58:27.954Z,1561.22,30194.00,1,0.001601,0.001601,0.001486,0.001486,3566045439.77,3568630588.43,3565737822.29,3566818869.67,1059289.83,1142510.10,-5078997.58
2026-06-30 23:59:30,2026-06-30T13:59:30.754Z,1563.81,30194.00,4,0.001486,0.001486,0.001409,0.001409,3566818869.67,3572327875.28,3566218577.48,3572327875.28,6195727.76,3824540.00,12665999.77
2026-07-01 00:00:34,2026-06-30T14:00:34.400Z,1564.16,30194.00,3,0.001409,0.001409,0.001409,0.001409,3572327875.28,3574601136.47,3571715923.41,3574601136.47,15179069.68,13960298.86,18778083.95
2026-07-01 00:01:42,2026-06-30T14:01:42.565Z,1564.51,30194.00,2,0.001409,0.001434,0.001409,0.001434,3574601136.47,3576103852.94,3572043615.58,3574344652.28,13829722.04,12588840.50,19940547.71
2026-07-01 00:05:05,2026-06-30T14:05:05.881Z,1569.16,30194.00,3,0.001496,0.001511,0.001412,0.001511,3585106096.92,3585106096.92,3585106096.92,3585106096.92,561035.73,737177.04,76592593.25
2026-07-01 00:06:19,2026-06-30T14:06:19.270Z,1569.04,30194.00,3,0.001511,0.001511,0.001462,0.001462,3582386669.43,3585603241.79,3581574980.98,3585603241.79,5722454.91,2592508.89,8432812.87
2026-07-01 00:07:27,2026-06-30T14:07:27.793Z,1571.18,30194.00,2,0.001462,0.001462,0.001462,0.001462,3585603241.79,3589529871.06,3584616682.15,3585813279.16,6027328.38,5760710.21,-6531925.28
2026-07-01 00:08:36,2026-06-30T14:08:36.025Z,1570.34,30194.00,1,0.001462,0.001462,0.001451,0.001451,3585813279.16,3591373442.54,3585813279.16,3587522235.14,3560407.90,3584810.42,-1166610.07
2026-07-01 00:09:39,2026-06-30T14:09:39.068Z,1569.64,30194.00,3,0.001451,0.001451,0.00144,0.00144,3587522235.14,3588466233.19,3584587437.46,3584587437.46,4625945.24,4979628.78,-2325374.47
2026-07-01 00:10:42,2026-06-30T14:10:42.041Z,1567.36,30194.00,3,0.00144,0.00144,0.00144,0.00144,3584587437.46,3584863967.9,3582310350.68,3582999336.47,6919319.12,27076966.61,-21082925.28
2026-07-01 00:11:55,2026-06-30T14:11:55.246Z,1568.16,30194.00,2,0.00144,0.00144,0.001349,0.001349,3582999336.47,3584536891.39,3576295481.58,3576295481.58,31122914.17,30818351.53,-27399425.91
2026-07-01 00:13:03,2026-06-30T14:13:03.466Z,1567.81,30194.00,2,0.001257,0.001349,0.001257,0.001257,3584565471.19,3584565471.19,3584565471.19,3584565471.19,78657.12,43609.04,-24284499.71
2026-07-01 00:14:06,2026-06-30T14:14:06.545Z,1569.29,30194.00,2,0.001257,0.001257,0.00121,0.00121,3580647884.15,3580647884.15,3580647884.15,3580647884.15,376748.12,811622.23,-15357458.37
2026-07-01 00:15:16,2026-06-30T14:15:16.803Z,1569.39,30194.00,1,0.00121,0.00121,0.001196,0.001196,3587735120.16,3587735120.16,3587735120.16,3587735120.16,1008395.01,886552.92,9589525.40
2026-07-01 00:16:30,2026-06-30T14:16:30.086Z,1568.61,30194.00,2,0.001196,0.001298,0.001196,0.001298,3585643729.52,3588611786.23,3584043282.86,3584043282.86,4338865.61,4601629.69,5805419.19
2026-07-01 00:17:48,2026-06-30T14:17:48.192Z,1569.46,30194.00,1,0.001298,0.001298,0.001298,0.001298,3584043282.86,3585180258.95,3582300949.87,3583822471.13,2079222.02,1990314.50,11813554.20
2026-07-01 00:18:41,2026-06-30T14:18:41.067Z,1569.01,30194.00,1,0.001298,0.001302,0.001298,0.001302,3583822471.13,3588302419.1,3581425135.98,3581425135.98,2781436.07,3823929.55,1218783.63
2026-07-01 00:19:54,2026-06-30T14:19:54.666Z,1568.67,30194.00,1,0.001302,0.001356,0.001302,0.001356,3581425135.98,3587884042.62,3581425135.98,3584260667.47,4107006.38,3529251.37,-622043.90
2026-07-01 00:21:03,2026-06-30T14:21:03.046Z,1568.37,30194.00,0,0.001356,0.001408,0.001356,0.001408,3585905652.8,3585905652.8,3585905652.8,3585905652.8,42022.59,221729.10,-6156977.08
2026-07-01 00:22:06,2026-06-30T14:22:06.765Z,1569.05,30194.00,1,0.001408,0.001422,0.001408,0.001422,3584607362.04,3584607362.04,3584607362.04,3584607362.04,258478.24,256795.34,-1807559.52
2026-07-01 00:23:25,2026-06-30T14:23:25.713Z,1570.29,30194.00,3,0.001422,0.001422,0.001422,0.001422,3588907900.2,3590702656.7,3587932528.61,3590702656.7,4814157.05,736869.76,8021469.84
2026-07-01 00:24:18,2026-06-30T14:24:18.752Z,1572.11,30194.00,3,0.001422,0.001481,0.001422,0.001481,3590702656.7,3593860176.62,3590337399.63,3591835939.32,2403645.23,2777871.71,6135197.75
2026-07-01 00:25:29,2026-06-30T14:25:29.132Z,1570.81,30194.00,2,0.001481,0.001529,0.001481,0.001529,3591835939.32,3592948650.72,3587138690.68,3587924680.67,1013227.34,2577286.57,6789288.15
2026-07-01 00:26:33,2026-06-30T14:26:33.226Z,1570.43,30194.00,1,0.001529,0.001541,0.001529,0.001541,3587924680.67,3589916535.2,3587529107.46,3588355390.02,1935443.04,2461760.65,1840698.94
2026-07-01 00:27:46,2026-06-30T14:27:46.635Z,1571.73,30194.00,3,0.001541,0.001541,0.001541,0.001541,3588355390.02,3590088071.37,3588221358.48,3590088071.37,11478089.94,7126690.17,3180912.15
2026-07-01 00:28:55,2026-06-30T14:28:55.845Z,1571.73,30194.00,3,0.001541,0.001541,0.001537,0.001537,3590088071.37,3595221285.47,3589065846.13,3594514700.97,4128096.19,3965652.68,576511.83
2026-07-01 00:30:04,2026-06-30T14:30:04.720Z,1570.92,30194.00,0,0.00159,0.00159,0.00159,0.00159,3590481011.71,3590481011.71,3590481011.71,3590481011.71,152682.28,255006.36,5363658.31
2026-07-01 00:31:08,2026-06-30T14:31:08.352Z,1571.96,30194.00,2,0.00159,0.001607,0.00159,0.001607,3592895054.7,3592895054.7,3592895054.7,3592895054.7,1194527.11,2228409.02,7190656.68
2026-07-01 00:32:16,2026-06-30T14:32:16.612Z,1569.12,30194.00,4,0.001607,0.001663,0.001607,0.001663,3592749301.47,3592872422.79,3587305332.11,3587421883.14,2537583.31,1755771.62,-1865191.31
2026-07-01 00:33:29,2026-06-30T14:33:29.801Z,1570.12,30194.00,3,0.001663,0.001663,0.001617,0.001617,3587421883.14,3589391334.8,3583473619.25,3588082803.82,2813525.70,7223748.86,-13747368.19
2026-07-01 00:34:43,2026-06-30T14:34:43.193Z,1570.83,30194.00,2,0.001617,0.001617,0.001617,0.001617,3588082803.82,3589771340.55,3584924450.74,3584924450.74,3681392.86,3650857.70,-15284562.66
2026-07-01 00:35:56,2026-06-30T14:35:56.450Z,1570.79,30194.00,2,0.001617,0.001617,0.001616,0.001616,3584924450.74,3590028664.52,3584924450.74,3590028664.52,2867805.76,8170322.39,-21795895.92
2026-07-01 00:37:04,2026-06-30T14:37:04.556Z,1568.58,30194.00,3,0.001588,0.001616,0.001588,0.001588,3584681893.39,3584681893.39,3584681893.39,3584681893.39,193990.90,1918964.84,-19829262.86
2026-07-01 00:38:15,2026-06-30T14:38:15.222Z,1565.33,30194.00,4,0.001588,0.001588,0.001558,0.001558,3579507721.66,3579507721.66,3579507721.66,3579507721.66,1340141.77,1342578.17,-30075084.80
2026-07-01 00:41:18,2026-06-30T14:41:18.738Z,1565.33,30194.00,3,0.001445,0.001445,0.001376,0.001376,3562054691.01,3566136489.67,3560110670.05,3565940972.39,4181601.58,1712541.14,-20449116.43
2026-07-01 00:42:26,2026-06-30T14:42:26.840Z,1564.64,30194.00,1,0.001376,0.001433,0.001376,0.001433,3565940972.39,3569290929.55,3565326289.87,3566612853.92,2161165.57,1499800.86,-4354522.83
2026-07-01 00:43:29,2026-06-30T14:43:29.767Z,1564.82,30194.00,2,0.001433,0.00153,0.001433,0.00153,3566612853.92,3567923285.58,3565284620.95,3567450130.44,1219266.71,1319678.12,9508554.36
2026-07-01 00:45:18,2026-06-30T14:45:18.972Z,1568.87,30194.00,3,0.00153,0.001644,0.00153,0.001644,3569856211.2,3577155977.58,3569856211.2,3577155977.58,1557400.62,2612941.22,4440380.56
2026-07-01 00:46:32,2026-06-30T14:46:32.337Z,1565.48,30194.00,2,0.001644,0.001695,0.001644,0.001695,3577155977.58,3577155977.58,3567310460.44,3567310460.44,3167606.66,5025390.50,-1329151.58
2026-07-01 00:47:40,2026-06-30T14:47:40.493Z,1564.70,30194.00,2,0.001695,0.001695,0.001695,0.001695,3567310460.44,3568851253.38,3565008414.76,3565903774.55,4499501.07,15487366.76,-2972274.74
2026-07-01 00:48:43,2026-06-30T14:48:43.476Z,1563.31,30194.00,3,0.001695,0.001695,0.001625,0.001625,3565903774.55,3571803317.76,3565903774.55,3570861308.02,8903268.51,4896556.67,-4321232.64
2026-07-01 00:49:56,2026-06-30T14:49:56.517Z,1561.77,30194.00,2,0.001625,0.001625,0.001599,0.001599,3570861308.02,3571868273.4,3564406892.99,3564406892.99,8572819.80,6316062.37,-9269393.27
2026-07-01 00:50:54,2026-06-30T14:50:54.818Z,1562.48,30194.00,1,0.001599,0.001599,0.001599,0.001599,3564406892.99,3567681026.34,3564406892.99,3566558621.77,7989632.55,4758242.04,-3452019.62
2026-07-01 00:52:08,2026-06-30T14:52:08.074Z,1561.67,30194.00,2,0.00156,0.001637,0.00156,0.001637,3565900728.26,3565900728.26,3565900728.26,3565900728.26,216312.26,453170.52,4063912.28
2026-07-01 00:53:29,2026-06-30T14:53:29.830Z,1561.68,30194.00,1,0.001637,0.001637,0.00161,0.00161,3566022681.97,3566912622.67,3565808767.24,3565828287.46,1279162.19,2132672.21,2484980.66
2026-07-01 00:54:27,2026-06-30T14:54:27.878Z,1560.64,30194.00,3,0.00161,0.00161,0.00161,0.00161,3565828287.46,3566826188.59,3565386999.27,3565401158.7,1876420.82,9152065.63,-5553496.41
2026-07-01 00:55:30,2026-06-30T14:55:30.842Z,1560.04,30194.00,2,0.00161,0.001635,0.00161,0.001635,3565401158.7,3565857277.64,3558571373.32,3558757857.56,4470804.52,7512659.84,-15443676.60
2026-07-01 00:56:39,2026-06-30T14:56:39.168Z,1559.41,30194.00,2,0.001635,0.001635,0.00163,0.00163,3558757857.56,3561133349.25,3558757857.56,3559092286.61,4820406.66,7381595.54,-20746513.57
2026-07-01 00:57:42,2026-06-30T14:57:42.128Z,1559.12,30194.00,4,0.00163,0.00163,0.00163,0.00163,3559092286.61,3561658346.75,3558250245.69,3558297063.48,4043728.10,3501336.91,-21503563.50
2026-07-01 00:58:55,2026-06-30T14:58:55.495Z,1559.63,30194.00,1,0.00163,0.001679,0.00163,0.001679,3558297063.48,3561459555.21,3558297063.48,3561095910.92,9719217.19,4074248.34,-15795676.83
2026-07-01 01:00:09,2026-06-30T15:00:09.085Z,1561.24,30194.00,4,0.001738,0.001738,0.001738,0.001738,3563934502.21,3563934502.21,3563934502.21,3563934502.21,1536151.43,1492792.00,7784885.14
2026-07-01 01:01:17,2026-06-30T15:01:17.552Z,1562.75,30194.00,3,0.001738,0.001844,0.001738,0.001844,3566962827.4,3569217374.04,3564743309.47,3569217374.04,4917817.86,1007923.39,11157765.09
2026-07-01 01:02:30,2026-06-30T15:02:30.635Z,1562.56,30194.00,2,0.001844,0.001914,0.001844,0.001914,3569217374.04,3574114723.08,3569217374.04,3573100556.26,3407851.61,2923737.24,11325015.41
2026-07-01 01:03:38,2026-06-30T15:03:38.732Z,1561.28,30194.00,2,0.001914,0.001914,0.001914,0.001914,3573100556.26,3575302336.21,3572619238.5,3573909231.73,8603511.76,10837127.50,2472487.59
2026-07-01 01:04:41,2026-06-30T15:04:41.850Z,1559.26,30194.00,2,0.001914,0.002099,0.001914,0.002099,3573909231.73,3578767486.27,3572217106.68,3575442951.64,4226362.47,9843136.52,-8149484.42
2026-07-01 01:05:51,2026-06-30T15:05:51.164Z,1557.35,30194.00,2,0.002099,0.002336,0.002099,0.002336,3575442951.64,3575442951.64,3568748337.25,3568972145.03,14696353.86,22199242.51,-18482573.14
2026-07-01 01:08:37,2026-06-30T15:08:37.560Z,1559.76,30194.00,3,0.002256,0.002256,0.00215,0.00215,3559944498.55,3573210152.05,3559944498.55,3573210152.05,4424505.79,3718897.78,-11168211.98
2026-07-01 01:09:40,2026-06-30T15:09:40.664Z,1558.06,30194.00,2,0.00215,0.002295,0.00215,0.002295,3573210152.05,3574814613.25,3571903255.31,3571903255.31,3003835.77,5074342.19,661173.64
2026-07-01 01:10:44,2026-06-30T15:10:44.142Z,1559.37,30194.00,2,0.002295,0.002295,0.002295,0.002295,3571903255.31,3573838259.87,3568833404.41,3573325064.07,3737438.74,2548146.41,14596881.56
2026-07-01 01:11:57,2026-06-30T15:11:57.276Z,1559.33,30194.00,2,0.002295,0.002367,0.002295,0.002367,3573325064.07,3575065415.93,3572363992.33,3574579737.65,3457882.68,4640585.89,19494977.02
2026-07-01 01:13:06,2026-06-30T15:13:06.649Z,1560.06,30194.00,2,0.002415,0.002415,0.002367,0.002415,3574398183.69,3574398183.69,3574398183.69,3574398183.69,1906330.05,173807.43,6392490.38
2026-07-01 01:14:21,2026-06-30T15:14:21.912Z,1562.41,30194.00,2,0.002415,0.002447,0.002415,0.002447,3577475676.08,3582336158.88,3577081561.01,3582311038.38,2595480.46,2043473.51,9998765.58
2026-07-01 01:15:29,2026-06-30T15:15:29.972Z,1562.55,30194.00,2,0.002447,0.002621,0.002447,0.002621,3582311038.38,3584023524.89,3580960452.93,3580986739.37,2893559.31,2046844.69,10243612.95
2026-07-01 01:16:43,2026-06-30T15:16:43.124Z,1559.77,30194.00,3,0.002621,0.002703,0.002621,0.002703,3580986739.37,3581887570.56,3577956393.74,3579044644.22,9838501.10,7951353.37,7049329.75
2026-07-01 01:17:51,2026-06-30T15:17:51.810Z,1558.54,30194.00,3,0.002703,0.002703,0.002703,0.002703,3579044644.22,3579044644.22,3570987010.8,3571291841.05,8047644.80,15848702.39,-4506087.47
2026-07-01 01:18:57,2026-06-30T15:18:57.763Z,1558.80,30194.00,2,0.002703,0.002703,0.002681,0.002681,3571291841.05,3576410088.34,3569125576.86,3569746737.85,19864226.68,17351927.43,-17726706.17
2026-07-01 01:19:55,2026-06-30T15:19:55.692Z,1559.04,30194.00,0,0.002681,0.002681,0.002665,0.002665,3569746737.85,3574132525.43,3569058759.47,3573341031.24,6548755.33,4319454.10,-16134647.49
2026-07-01 01:21:03,2026-06-30T15:21:03.993Z,1564.23,30194.00,3,0.002665,0.002696,0.002665,0.002696,3574439308.95,3574439308.95,3574439308.95,3574439308.95,472191.57,516726.90,18347294.97
2026-07-01 01:22:44,2026-06-30T15:22:44.529Z,1562.67,30194.00,0,0.002696,0.002756,0.002696,0.002756,3588090295.01,3590104381.61,3586883152.65,3586902432.68,2710476.05,3197230.55,32602606.30
2026-07-01 01:23:52,2026-06-30T15:23:52.518Z,1562.57,30194.00,1,0.002756,0.002756,0.002756,0.002756,3586902432.68,3586902432.68,3581586337.61,3582712743.08,2101681.09,1689823.71,29811469.29
2026-07-01 01:24:55,2026-06-30T15:24:55.477Z,1564.63,30194.00,3,0.002756,0.002756,0.002754,0.002754,3582712743.08,3584550288.47,3582712743.08,3584550288.47,23559596.57,18499041.70,33384922.92
2026-07-01 01:26:03,2026-06-30T15:26:03.751Z,1564.54,30194.00,3,0.002733,0.002772,0.002733,0.002772,3590384367.63,3590384367.63,3590384367.63,3590384367.63,704279.52,189505.63,9020249.92
2026-07-01 01:27:06,2026-06-30T15:27:06.865Z,1563.78,30194.00,0,0.002772,0.002772,0.002772,0.002772,3585851023.82,3585851023.82,3585851023.82,3585851023.82,50458.13,195834.57,6398094.10
2026-07-01 01:28:20,2026-06-30T15:28:20.033Z,1563.77,30194.00,0,0.002772,0.002802,0.002772,0.002802,3584603932.96,3586962872.92,3584603932.96,3585384668.43,1263969.25,894960.69,7767940.91
2026-07-01 01:29:17,2026-06-30T15:29:17.785Z,1562.53,30194.00,3,0.002802,0.002815,0.002802,0.002815,3585384668.43,3587526995.48,3585185299.19,3587526995.48,1393861.37,1803040.66,4156452.41
2026-07-01 01:30:31,2026-06-30T15:30:31.340Z,1563.19,30194.00,0,0.002815,0.002815,0.002815,0.002815,3587526995.48,3587526995.48,3583587739.42,3585066783.47,1381720.16,1027703.19,2299739.71
2026-07-01 01:31:44,2026-06-30T15:31:44.531Z,1562.48,30194.00,3,0.002815,0.002815,0.002808,0.002808,3585066783.47,3587105485.96,3584702626.32,3584863137.48,1688255.49,2009905.71,4639485.83
2026-07-01 01:32:52,2026-06-30T15:32:52.845Z,1563.41,30194.00,0,0.002808,0.002834,0.002808,0.002834,3584863137.48,3585439591.31,3583927152.99,3585146273.59,5078412.92,6517538.16,286422.57
2026-07-01 01:33:55,2026-06-30T15:33:55.734Z,1563.41,30194.00,0,0.002834,0.002834,0.002834,0.002834,3585146273.59,3586896813.29,3583725799.49,3585131402.44,3894150.95,2737204.99,1232193.58
2026-07-01 01:35:04,2026-06-30T15:35:04.332Z,1563.56,30194.00,0,0.002809,0.002841,0.002809,0.002841,3584758894.68,3584758894.68,3584758894.68,3584758894.68,99008.42,217150.35,-1228606.10
2026-07-01 01:36:07,2026-06-30T15:36:07.558Z,1563.31,30194.00,0,0.002841,0.002847,0.002841,0.002847,3585507849.26,3585507849.26,3585507849.26,3585507849.26,271888.59,352396.48,-1535257.18
2026-07-01 01:37:15,2026-06-30T15:37:15.804Z,1562.40,30194.00,3,0.002847,0.002847,0.002847,0.002847,3583475237.36,3585594831.44,3580540347.96,3585087777.95,5716840.99,651723.34,4900130.95
2026-07-01 01:38:18,2026-06-30T15:38:18.744Z,1562.40,30194.00,2,0.002847,0.002847,0.002841,0.002841,3585087777.95,3588529026.13,3584675485.64,3587498320.91,753574.74,1159023.73,3550962.86
2026-07-01 01:39:31,2026-06-30T15:39:31.846Z,1559.16,30194.00,3,0.002841,0.00286,0.002841,0.00286,3587498320.91,3587953330.32,3579668625.75,3579668625.75,1864137.80,1083993.16,4059239.34
2026-07-01 01:40:40,2026-06-30T15:40:40.041Z,1560.81,30194.00,3,0.00286,0.00286,0.00286,0.00286,3579668625.75,3584175114.22,3579668625.75,3582995777.29,1314722.90,896794.69,5300842.38
2026-07-01 01:41:43,2026-06-30T15:41:43.118Z,1561.08,30194.00,2,0.00286,0.00286,0.002826,0.002826,3582995777.29,3584710676.71,3582506449.9,3582506449.9,1264772.46,1626916.92,2675051.92
2026-07-01 01:42:56,2026-06-30T15:42:56.453Z,1561.54,30194.00,1,0.002826,0.002913,0.002826,0.002913,3582506449.9,3585743669.09,3581509314.6,3585743669.09,2059809.42,1251899.72,-1136511.05
2026-07-01 01:44:10,2026-06-30T15:44:10.128Z,1562.91,30194.00,4,0.002951,0.002951,0.002913,0.002951,3585664541.25,3585664541.25,3585664541.25,3585664541.25,83341.67,98771.66,3896898.78
2026-07-01 01:45:18,2026-06-30T15:45:18.527Z,1562.91,30194.00,3,0.002951,0.003,0.002951,0.003,3589386168.99,3591321547.07,3588684407.92,3589105745.87,469313.39,650443.58,4979777.72
2026-07-01 01:46:31,2026-06-30T15:46:31.774Z,1572.10,30194.00,3,0.003,0.003024,0.003,0.003024,3589105745.87,3596240507.65,3588553871.73,3596167727.28,34696131.86,22004692.28,73719395.19
2026-07-01 01:49:39,2026-06-30T15:49:39.041Z,1569.15,30194.00,3,0.003126,0.003153,0.003126,0.003153,3600662105.81,3601226172.25,3599251475.99,3600534566.67,7090806.52,4910131.19,63110147.21
2026-07-01 01:50:42,2026-06-30T15:50:42.408Z,1568.66,30194.00,2,0.003153,0.003153,0.003153,0.003153,3600534566.67,3604539661.2,3600375803.62,3602225769.57,2078471.20,2589877.64,4248469.82
2026-07-01 01:51:55,2026-06-30T15:51:55.787Z,1567.95,30194.00,3,0.003153,0.003153,0.003116,0.003116,3602225769.57,3602319932.31,3598990809.38,3600412506.09,3544455.62,9353916.67,-10180968.66
2026-07-01 01:53:04,2026-06-30T15:53:04.091Z,1566.37,30194.00,2,0.00311,0.00311,0.00311,0.00311,3596994027.01,3596994027.01,3596994027.01,3596994027.01,38986.78,42652.97,-6135647.20
2026-07-01 01:54:07,2026-06-30T15:54:07.062Z,1566.47,30194.00,1,0.003103,0.003103,0.003103,0.003103,3597321542.5,3597321542.5,3597321542.5,3597321542.5,105633.95,319842.01,-5529102.33
2026-07-01 01:55:15,2026-06-30T15:55:15.287Z,1565.48,30194.00,3,0.003103,0.003103,0.003079,0.003079,3597306279.46,3597306279.46,3594564283.33,3594794365.01,1734318.98,1026813.12,-8886473.80
2026-07-01 01:56:18,2026-06-30T15:56:18.457Z,1566.57,30194.00,1,0.003079,0.003079,0.003057,0.003057,3594794365.01,3596230705.99,3592982303.36,3596140291.43,1275505.75,501630.16,-2436889.23
2026-07-01 01:57:21,2026-06-30T15:57:21.407Z,1565.80,30194.00,2,0.003057,0.003057,0.003057,0.003057,3596140291.43,3597755930.53,3593784002.99,3593784002.99,378228.09,542497.00,-2733361.00
2026-07-01 01:58:29,2026-06-30T15:58:29.491Z,1564.49,30194.00,2,0.003057,0.003078,0.003057,0.003078,3593784002.99,3594494757.59,3593325502.35,3593927765.7,2370175.93,6359863.21,-8681277.31
2026-07-01 01:59:48,2026-06-30T15:59:48.382Z,1562.28,30194.00,2,0.003078,0.003086,0.003078,0.003086,3593927765.7,3593927765.7,3585966436.05,3587060489.9,5920476.19,9234879.76,-9226512.81
2026-07-01 02:00:51,2026-06-30T16:00:51.749Z,1563.23,30194.00,2,0.003086,0.003086,0.003059,0.003059,3587060489.9,3588755722.4,3585818763.4,3588755722.4,10432427.52,6029298.49,-5258346.78
2026-07-01 02:01:54,2026-06-30T16:01:54.734Z,1563.83,30194.00,1,0.003059,0.003059,0.003059,0.003059,3588755722.4,3593713650.25,3588646177.78,3593713650.25,4015650.15,4236929.64,-6038985.46
2026-07-01 02:03:03,2026-06-30T16:03:03.065Z,1563.47,30194.00,1,0.003127,0.0032,0.003059,0.0032,3592544314.58,3592544314.58,3592544314.58,3592544314.58,518973.21,92491.40,1976635.22
2026-07-01 02:04:06,2026-06-30T16:04:06.038Z,1564.42,30194.00,3,0.0032,0.0032,0.0032,0.0032,3591726075.12,3591726075.12,3591726075.12,3591726075.12,25544.47,44848.19,7892779.20
2026-07-01 02:05:19,2026-06-30T16:05:19.502Z,1564.46,30194.00,3,0.0032,0.003258,0.0032,0.003258,3596145101.9,3596255504.57,3595187815.49,3595811945.41,649480.83,655375.05,3926232.96
2026-07-01 02:06:28,2026-06-30T16:06:28.017Z,1565.59,30194.00,3,0.003258,0.003325,0.003258,0.003325,3595811945.41,3598138073.63,3595428815.17,3597368547.9,3830486.68,3507754.50,5026259.03
2026-07-01 02:07:30,2026-06-30T16:07:30.922Z,1567.48,30194.00,2,0.003325,0.003325,0.003325,0.003325,3597368547.9,3603260014.91,3597298716.83,3602396192.75,3447540.97,3716074.01,9396562.15
2026-07-01 02:08:38,2026-06-30T16:08:38.984Z,1567.03,30194.00,3,0.003325,0.003382,0.003325,0.003382,3602396192.75,3603105381.46,3600682176.91,3601928668.66,2185533.96,1940310.23,6295451.75
2026-07-01 02:09:42,2026-06-30T16:09:42.004Z,1567.09,30194.00,3,0.003382,0.003384,0.003382,0.003384,3601928668.66,3603327042.14,3601928668.66,3602484280.72,3140914.33,1993573.89,5247761.92
2026-07-01 02:10:55,2026-06-30T16:10:55.547Z,1568.65,30194.00,2,0.003384,0.003405,0.003384,0.003405,3602484280.72,3603552661.2,3600682719.07,3603552661.2,5349568.85,5060562.25,4546363.25
2026-07-01 02:12:08,2026-06-30T16:12:08.914Z,1568.11,30194.00,2,0.003405,0.003422,0.003405,0.003422,3606758926.36,3606758926.36,3606758926.36,3606758926.36,152491.17,130558.71,-3196826.72
2026-07-01 02:13:17,2026-06-30T16:13:17.149Z,1566.98,30194.00,2,0.003422,0.003452,0.003422,0.003452,3603116500.24,3605288677.96,3601086334.43,3601137499.38,203558.75,425734.88,-655197.75
2026-07-01 02:14:20,2026-06-30T16:14:20.229Z,1564.80,30194.00,2,0.003452,0.003452,0.003452,0.003452,3601137499.38,3601715001.72,3595146212.84,3595146212.84,1857900.61,1484570.46,-3845075.68
2026-07-01 02:15:28,2026-06-30T16:15:28.508Z,1562.06,30194.00,3,0.003452,0.003452,0.003429,0.003429,3595146212.84,3597411294.01,3594188404.38,3595824512.21,3890681.58,8656110.11,-9510076.60
2026-07-01 02:17:39,2026-06-30T16:17:39.758Z,1563.64,30194.00,1,0.003263,0.003263,0.003189,0.003189,3590548325.84,3594326704.09,3590548325.84,3594326704.09,2366369.40,1119260.82,-5497405.96
2026-07-01 02:18:42,2026-06-30T16:18:42.692Z,1563.79,30194.00,0,0.003189,0.003189,0.003189,0.003189,3594326704.09,3596813042.23,3594326704.09,3595577418.04,1839942.52,1298361.41,-2074398.24
2026-07-01 02:19:50,2026-06-30T16:19:50.823Z,1563.79,30194.00,0,0.003189,0.003245,0.003189,0.003245,3595577418.04,3597006199.82,3595577418.04,3596148519.62,4950335.79,1604777.83,2612592.78
2026-07-01 02:20:54,2026-06-30T16:20:54.196Z,1563.79,30194.00,0,0.003245,0.003311,0.003245,0.003311,3596148519.62,3596148519.62,3593848036.02,3595350263.93,3769866.38,2481550.84,7907295.92
2026-07-01 02:22:02,2026-06-30T16:22:02.649Z,1563.52,30194.00,0,0.003311,0.003336,0.003311,0.003336,3596097881.14,3596097881.14,3596097881.14,3596097881.14,17188.23,58542.35,4335296.87
2026-07-01 02:23:05,2026-06-30T16:23:05.798Z,1563.52,30194.00,0,0.003336,0.003336,0.003332,0.003332,3593918812.46,3593918812.46,3593918812.46,3593918812.46,329713.61,70094.85,3854946.30
2026-07-01 02:24:19,2026-06-30T16:24:19.259Z,1562.87,30194.00,1,0.003332,0.003332,0.003332,0.003332,3594432122.29,3594489928.64,3591188820.6,3591686523.99,938489.65,294668.61,-1834329.31
2026-07-01 02:25:27,2026-06-30T16:25:27.714Z,1560.65,30194.00,3,0.003332,0.003332,0.003265,0.003265,3591686523.99,3594292925.24,3591342081.41,3591518005.06,4124914.39,12300406.53,-13961357.17
2026-07-01 02:26:30,2026-06-30T16:26:30.864Z,1560.31,30194.00,4,0.003265,0.003265,0.00317,0.00317,3591518005.06,3591814911.95,3585068318.77,3586350310.32,7824812.16,13461619.40,-21336708.00
2026-07-01 02:27:39,2026-06-30T16:27:39.057Z,1560.26,30194.00,3,0.00317,0.00317,0.003099,0.003099,3586350310.32,3586948267.2,3584573287.91,3585615232.93,4550642.07,1347789.97,-16555195.20
2026-07-01 02:28:42,2026-06-30T16:28:42.215Z,1560.51,30194.00,3,0.003099,0.003099,0.003099,0.003099,3585615232.93,3586488019.31,3585386883.49,3586348770.19,2636344.14,2519194.65,-12899329.05
2026-07-01 02:29:55,2026-06-30T16:29:55.361Z,1560.52,30194.00,1,0.003099,0.003111,0.003099,0.003111,3586348770.19,3587856774.93,3586348770.19,3587820549.67,2115247.60,3335703.34,-12454906.68
2026-07-01 02:31:03,2026-06-30T16:31:03.841Z,1560.67,30194.00,2,0.003212,0.003212,0.003111,0.003212,3587051021.55,3587051021.55,3587051021.55,3587051021.55,43764.05,99737.64,3762443.22
2026-07-01 02:32:06,2026-06-30T16:32:06.954Z,1560.74,30194.00,2,0.003212,0.003299,0.003212,0.003299,3586577524.6,3586577524.6,3586577524.6,3586577524.6,62732.30,19170.16,156361.62
2026-07-01 02:33:15,2026-06-30T16:33:15.448Z,1560.74,30194.00,2,0.003299,0.003311,0.003299,0.003311,3588207740.78,3589180219.88,3587691468.51,3587691468.51,272789.27,356587.54,1318785.12
2026-07-01 02:34:18,2026-06-30T16:34:18.787Z,1560.46,30194.00,0,0.003311,0.003311,0.003311,0.003311,3587691468.51,3588701646.06,3585688764.54,3586833478.53,2213575.67,3327728.59,-1548064.00
2026-07-01 02:35:32,2026-06-30T16:35:32.467Z,1562.25,30194.00,3,0.003311,0.00337,0.003311,0.00337,3586833478.53,3592436352.03,3583542844.29,3591183433.64,2040541.00,1869375.02,8174215.18
2026-07-01 02:36:40,2026-06-30T16:36:40.609Z,1561.60,30194.00,3,0.00337,0.003379,0.00337,0.003379,3591183433.64,3593423390.75,3586006712.13,3587288944.57,1871179.44,1010303.73,7883579.93
2026-07-01 02:37:54,2026-06-30T16:37:54.086Z,1563.09,30194.00,3,0.003379,0.003385,0.003379,0.003385,3587288944.57,3591369880.91,3586749598.09,3590367958.15,3177659.76,2776045.67,7124604.45
2026-07-01 02:39:07,2026-06-30T16:39:07.607Z,1564.51,30194.00,3,0.003385,0.003413,0.003385,0.003413,3592019252.91,3592019252.91,3592019252.91,3592019252.91,1001531.77,618891.51,6040994.40
2026-07-01 02:40:21,2026-06-30T16:40:21.092Z,1566.67,30194.00,4,0.003413,0.00346,0.003413,0.00346,3598132090.94,3601024280.9,3597174458.32,3600915636.88,2317195.72,2204925.63,11706765.84
2026-07-01 02:41:31,2026-06-30T16:41:31.059Z,1566.67,30194.00,3,0.00346,0.00346,0.00346,0.00346,3600915636.88,3600915636.88,3597229500.65,3597229500.65,844808.04,1871441.99,8145233.77
2026-07-01 02:42:39,2026-06-30T16:42:39.338Z,1566.06,30194.00,2,0.00346,0.003569,0.00346,0.003569,3597229500.65,3599108099.29,3596364876.77,3596364876.77,1329958.54,2174857.11,6953558.94
2026-07-01 02:43:42,2026-06-30T16:43:42.345Z,1564.45,30194.00,2,0.003569,0.003569,0.003548,0.003548,3596364876.77,3596978727.31,3596106455.03,3596408631.05,1659409.40,3006368.07,531034.57
2026-07-01 02:44:50,2026-06-30T16:44:50.647Z,1563.83,30194.00,3,0.003548,0.003548,0.003548,0.003548,3596408631.05,3597239994.89,3592414042.29,3592937719.08,2991301.28,3049480.83,-4474383.68
2026-07-01 02:45:53,2026-06-30T16:45:53.846Z,1564.14,30194.00,1,0.003548,0.003548,0.003458,0.003458,3592937719.08,3594952577.53,3592937719.08,3594952577.53,2131684.85,1404935.97,-1568271.77
2026-07-01 02:47:07,2026-06-30T16:47:07.233Z,1564.27,30194.00,1,0.003434,0.003498,0.003434,0.003498,3597019194.45,3597019194.45,3597019194.45,3597019194.45,37370.27,129169.42,1919411.74
2026-07-01 02:48:15,2026-06-30T16:48:15.443Z,1566.46,30194.00,3,0.003498,0.003498,0.003498,0.003498,3597249892.17,3600246225.86,3597207617.64,3600246225.86,1280935.01,1120349.69,3178786.28
2026-07-01 02:49:18,2026-06-30T16:49:18.420Z,1566.19,30194.00,3,0.003498,0.003583,0.003498,0.003583,3600246225.86,3602941324.74,3600246225.86,3601163982.51,1748624.26,401096.48,2520629.35
2026-07-01 02:50:31,2026-06-30T16:50:31.970Z,1568.06,30194.00,3,0.003583,0.003746,0.003583,0.003746,3601163982.51,3607952319.35,3600340050.58,3607490510.47,1579646.74,779819.77,7861550.87
2026-07-01 02:51:44,2026-06-30T16:51:44.017Z,1567.06,30194.00,2,0.003746,0.003746,0.003746,0.003746,3607490510.47,3609386223.33,3606993103.71,3608199734.78,1364451.20,1638282.04,6895334.71
2026-07-01 02:52:41,2026-06-30T16:52:41.973Z,1568.07,30194.00,3,0.003746,0.003825,0.003746,0.003825,3608199734.78,3608199734.78,3605387069.6,3607670099.75,10446121.44,4434372.42,12489576.51
2026-07-01 02:53:55,2026-06-30T16:53:55.094Z,1568.28,30194.00,1,0.003825,0.003859,0.003825,0.003859,3607670099.75,3612502838.28,3607654701.87,3611579373.94,12373097.46,4622020.88,20813789.61
2026-07-01 02:55:02,2026-06-30T16:55:02.059Z,1570.15,30194.00,3,0.003859,0.003859,0.003859,0.003859,3611579373.94,3614309652.41,3610404645.57,3614139577.2,12841856.74,7466366.51,19357578.04
2026-07-01 02:56:05,2026-06-30T16:56:05.231Z,1570.15,30194.00,3,0.003962,0.004007,0.003859,0.004007,3616036559.2,3616036559.2,3616036559.2,3616036559.2,58974.60,241262.79,19201461.61
2026-07-01 02:57:26,2026-06-30T16:57:26.933Z,1571.48,30194.00,2,0.004007,0.004033,0.004007,0.004033,3617433839.86,3622151200.83,3616721674.11,3620888218.7,921200.28,2309538.71,20118852.18
2026-07-01 02:58:30,2026-06-30T16:58:30.065Z,1570.36,30194.00,2,0.004033,0.004033,0.004033,0.004033,3620888218.7,3621177615.22,3617617790.08,3617617790.08,1792745.06,4368712.27,5824981.26
2026-07-01 02:59:43,2026-06-30T16:59:43.054Z,1569.70,30194.00,2,0.004033,0.004098,0.004033,0.004098,3617617790.08,3617617790.08,3613348203.55,3613348203.55,1302387.69,2601695.83,-3168362.63
2026-07-01 03:00:56,2026-06-30T17:00:56.415Z,1569.67,30194.00,1,0.004098,0.004098,0.004079,0.004079,3613348203.55,3615205074.05,3612833369.25,3614248673.6,2763274.81,3461243.76,-5400516.82
2026-07-01 03:02:04,2026-06-30T17:02:04.679Z,1568.18,30194.00,3,0.004079,0.004113,0.004079,0.004113,3614562025.56,3614562025.56,3614562025.56,3614562025.56,79490.07,23691.74,-9810802.61
2026-07-01 03:03:18,2026-06-30T17:03:18.053Z,1570.06,30194.00,1,0.004113,0.004118,0.004113,0.004118,3610849835.6,3615405047.06,3610766854.15,3615405047.06,1912753.88,323821.82,-343934.03
2026-07-01 03:04:31,2026-06-30T17:04:31.036Z,1570.45,30194.00,1,0.004118,0.004118,0.004118,0.004118,3615405047.06,3618654890.69,3615405047.06,3617747866.93,1679198.84,1622432.03,3133747.56
2026-07-01 03:05:39,2026-06-30T17:05:39.285Z,1570.45,30194.00,1,0.004118,0.004118,0.004108,0.004108,3617747866.93,3618911960.95,3616959502.24,3616982623.73,2129292.05,1791452.76,3706153.67
2026-07-01 03:06:46,2026-06-30T17:06:46.891Z,1570.44,30194.00,0,0.004108,0.004186,0.004108,0.004186,3616982623.73,3616982623.73,3615107178.7,3615493092.71,1111551.15,1149188.83,4975043.92
2026-07-01 03:07:44,2026-06-30T17:07:44.830Z,1572.12,30194.00,3,0.004186,0.004218,0.004186,0.004218,3615493092.71,3616470031.32,3614494638.88,3616463124.23,17263034.91,4356263.22,15233190.09
2026-07-01 03:08:52,2026-06-30T17:08:52.902Z,1573.32,30194.00,1,0.004218,0.004218,0.004218,0.004218,3616463124.23,3621423648.52,3616281688.86,3621423648.52,5960356.47,4085931.60,12290794.10
2026-07-01 03:09:56,2026-06-30T17:09:56.003Z,1573.32,30194.00,1,0.004218,0.004262,0.004218,0.004262,3621423648.52,3621423648.52,3618151222.14,3619801226.61,3305191.53,5572617.93,11268253.19
2026-07-01 03:11:04,2026-06-30T17:11:04.304Z,1572.04,30194.00,2,0.004347,0.004347,0.004262,0.004347,3616804249.39,3616804249.39,3616804249.39,3616804249.39,78433.93,33781.11,5212784.73
2026-07-01 03:12:07,2026-06-30T17:12:07.556Z,1570.75,30194.00,3,0.004347,0.004347,0.004342,0.004342,3612117625.44,3612117625.44,3612117625.44,3612117625.44,107074.77,570685.20,-10178063.47
2026-07-01 03:13:15,2026-06-30T17:13:15.875Z,1568.81,30194.00,3,0.004342,0.004355,0.004342,0.004355,3610171381.44,3611294106.45,3606600853.96,3607132776.69,786541.08,1566946.32,-15927569.63
2026-07-01 03:14:18,2026-06-30T17:14:18.806Z,1568.44,30194.00,3,0.004355,0.004355,0.004355,0.004355,3607132776.69,3607679635.44,3603544430.27,3603544430.27,1440639.39,1281685.69,-17325885.48
2026-07-01 03:15:33,2026-06-30T17:15:33.301Z,1568.20,30194.00,3,0.004355,0.004397,0.004355,0.004397,3603544430.27,3603544430.27,3602559292.69,3602762856.91,2842781.50,1126512.34,-10317391.49
2026-07-01 03:16:41,2026-06-30T17:16:41.396Z,1568.88,30194.00,2,0.004397,0.004399,0.004397,0.004399,3602762856.91,3603521954.29,3602713943.86,3603054269.97,4586056.99,2546542.40,-4665965.23
2026-07-01 03:17:44,2026-06-30T17:17:44.397Z,1568.88,30194.00,1,0.004399,0.004445,0.004399,0.004445,3603054269.97,3606897651.4,3602087279.44,3606744800,2141806.11,962861.04,-327868.50
2026-07-01 03:18:52,2026-06-30T17:18:52.599Z,1569.25,30194.00,0,0.004445,0.004445,0.004445,0.004445,3606744800,3606951879.45,3605316769.96,3606355630.84,2521182.67,2118284.99,4668301.81
2026-07-01 03:19:55,2026-06-30T17:19:55.506Z,1569.95,30194.00,2,0.004445,0.00457,0.004445,0.00457,3606355630.84,3606355630.84,3604864067.77,3605929167.89,1028013.20,1349320.88,5157380.68
2026-07-01 03:21:08,2026-06-30T17:21:08.917Z,1569.96,30194.00,1,0.004688,0.004688,0.004688,0.004688,3606694899.65,3606694899.65,3606694899.65,3606694899.65,895595.00,65907.24,1471199.97
2026-07-01 03:22:17,2026-06-30T17:22:17.263Z,1570.33,30194.00,2,0.004688,0.004796,0.004688,0.004796,3608037385.49,3608989112.13,3606651304.8,3606651304.8,1623052.71,649438.43,1210820.62
2026-07-01 03:23:30,2026-06-30T17:23:30.455Z,1570.09,30194.00,0,0.004796,0.004904,0.004796,0.004904,3606651304.8,3608233899.69,3604566797.52,3604566797.52,1317693.37,949071.55,-1410854.12
2026-07-01 03:24:38,2026-06-30T17:24:38.667Z,1569.33,30194.00,2,0.004904,0.004904,0.004904,0.004904,3604566797.52,3605035205.47,3604073454.93,3604497986.04,2065458.18,5251854.51,-4869242.75
2026-07-01 03:25:41,2026-06-30T17:25:41.722Z,1568.99,30194.00,2,0.004904,0.004936,0.004904,0.004936,3604497986.04,3604780040.58,3601232582.38,3602632600.74,773810.87,739851.17,-4475956.89
2026-07-01 03:27:00,2026-06-30T17:27:00.030Z,1569.11,30194.00,0,0.004936,0.004936,0.00493,0.00493,3602632600.74,3604616690.99,3602632600.74,3603858518.64,1053455.17,1373545.60,-5133575.26
2026-07-01 03:28:09,2026-06-30T17:28:09.779Z,1568.79,30194.00,2,0.00493,0.004946,0.00493,0.004946,3601967628.79,3601967628.79,3601967628.79,3601967628.79,18636.27,70354.98,-5160035.77
2026-07-01 03:29:17,2026-06-30T17:29:17.890Z,1568.79,30194.00,0,0.004946,0.004948,0.004946,0.004948,3601899925.48,3603216915.07,3601277737.35,3603216915.07,338984.89,1974603.88,-5237917.41
2026-07-01 03:30:31,2026-06-30T17:30:31.231Z,1568.79,30194.00,0,0.004948,0.004948,0.004926,0.004926,3603216915.07,3603618219.21,3601639102.88,3602185656.09,2056016.12,1466789.26,-8726889.99
2026-07-01 03:31:39,2026-06-30T17:31:39.447Z,1568.79,30194.00,1,0.004926,0.004926,0.004926,0.004926,3602185656.09,3603716008.89,3601924261.39,3602192171.92,2519975.17,4318170.22,-10268865.88
2026-07-01 03:32:42,2026-06-30T17:32:42.370Z,1567.09,30194.00,3,0.004926,0.004932,0.004926,0.004932,3602192171.92,3603897279.94,3601432535.8,3601690262.53,3003275.04,5289783.16,-15899034.49
2026-07-01 03:33:55,2026-06-30T17:33:55.470Z,1568.92,30194.00,1,0.004932,0.004932,0.004928,0.004928,3601690262.53,3601690262.53,3599995734.77,3601034824.05,4975233.17,2053402.07,-12612126.81
2026-07-01 03:35:04,2026-06-30T17:35:04.150Z,1569.45,30194.00,3,0.004928,0.004928,0.004928,0.004928,3606010624,3606010624,3606010624,3606010624,64911.20,5075.38,-6369906.72
2026-07-01 03:36:07,2026-06-30T17:36:07.149Z,1569.35,30194.00,2,0.004943,0.005006,0.004943,0.005006,3604687907.74,3604687907.74,3604687907.74,3604687907.74,103490.28,86656.49,902213.29
2026-07-01 03:37:15,2026-06-30T17:37:15.285Z,1568.97,30194.00,0,0.005006,0.005006,0.005006,0.005006,3604946289.91,3604946289.91,3604946289.91,3604946289.91,186042.79,680586.08,4476501.55
2026-07-01 03:38:18,2026-06-30T17:38:18.125Z,1568.90,30194.00,1,0.005006,0.005029,0.005006,0.005029,3603841137.07,3603841137.07,3601192993.87,3603027362.86,438158.16,480802.66,2460577.54
2026-07-01 03:39:31,2026-06-30T17:39:31.381Z,1568.98,30194.00,1,0.005029,0.005029,0.00502,0.00502,3603027362.86,3604390644.31,3603027362.86,3604390644.31,881029.19,657657.67,672824.69
2026-07-01 03:40:40,2026-06-30T17:40:40.291Z,1568.63,30194.00,2,0.00502,0.00502,0.00502,0.00502,3604390644.31,3605157107.99,3603448323.44,3603829251.64,937051.47,646298.75,-276153.31
2026-07-01 03:41:43,2026-06-30T17:41:43.265Z,1568.62,30194.00,0,0.00502,0.00511,0.00502,0.00511,3603829251.64,3603829251.64,3600648520.09,3601453598.87,955614.12,666416.60,217729.83
2026-07-01 03:42:56,2026-06-30T17:42:56.599Z,1568.54,30194.00,0,0.00511,0.005172,0.00511,0.005172,3601453598.87,3603457150.72,3600829651.87,3603390923.62,543119.97,1175029.58,-2665622.51
2026-07-01 03:44:04,2026-06-30T17:44:04.652Z,1568.54,30194.00,1,0.005218,0.005218,0.005218,0.005218,3603482158.01,3603482158.01,3603482158.01,3603482158.01,28215.18,56248.63,-1991070.19
2026-07-01 03:45:17,2026-06-30T17:45:17.837Z,1568.53,30194.00,1,0.005218,0.005259,0.005218,0.005259,3601027204.85,3601671520.1,3600703105.87,3601671520.1,96275.80,606888.65,-2721671.15
2026-07-01 03:46:31,2026-06-30T17:46:31.080Z,1568.11,30194.00,0,0.005259,0.005285,0.005259,0.005285,3601671520.1,3601671520.1,3599271117.89,3599598447.41,549327.27,1338999.35,-2804541.24
2026-07-01 03:47:39,2026-06-30T17:47:39.374Z,1567.72,30194.00,1,0.005285,0.005285,0.005285,0.005285,3599598447.41,3600353218.47,3598726320.72,3599103711.53,605908.00,1726606.65,-3176832.52
2026-07-01 03:48:42,2026-06-30T17:48:42.970Z,1567.07,30194.00,3,0.005285,0.005285,0.005281,0.005281,3599103711.53,3599103711.53,3597649829.91,3597969360.38,2337160.49,4989622.60,-5246153.82
2026-07-01 03:49:52,2026-06-30T17:49:52.263Z,1567.00,30194.00,3,0.005281,0.005283,0.005281,0.005283,3597969360.38,3598082401.01,3596472468.47,3596991557.16,1468176.24,1585786.79,-5280109.80
2026-07-01 03:51:05,2026-06-30T17:51:05.574Z,1567.00,30194.00,1,0.005283,0.005287,0.005283,0.005287,3598424842.77,3598424842.77,3598424842.77,3598424842.77,71839.24,146983.67,-8469355.32
2026-07-01 03:52:18,2026-06-30T17:52:18.879Z,1567.74,30194.00,1,0.005287,0.005317,0.005287,0.005317,3597454663.72,3600571776,3597454663.72,3599536383.94,992048.89,954627.29,-2652441.74
2026-07-01 03:53:27,2026-06-30T17:53:27.017Z,1567.74,30194.00,0,0.005317,0.005317,0.005317,0.005317,3599536383.94,3602556441.16,3599536383.94,3601459202.52,949764.75,177534.60,1269833.18
2026-07-01 03:54:30,2026-06-30T17:54:30.005Z,1567.98,30194.00,1,0.005317,0.005348,0.005317,0.005348,3601459202.52,3602521460.17,3601459202.52,3601632050.72,967199.89,358522.83,1552306.23
2026-07-01 03:55:43,2026-06-30T17:55:43.204Z,1568.12,30194.00,0,0.005348,0.005425,0.005348,0.005425,3601632050.72,3601632050.72,3600555092.37,3601033356.72,758954.11,1109223.02,4954988.41
2026-07-01 03:56:51,2026-06-30T17:56:51.214Z,1568.81,30194.00,2,0.005425,0.005497,0.005425,0.005497,3601033356.72,3601105097.39,3600240382.9,3600240382.9,3418749.47,10357194.96,-5264593.44
2026-07-01 03:57:54,2026-06-30T17:57:54.184Z,1568.81,30194.00,2,0.005497,0.005497,0.005497,0.005497,3600240382.9,3603871459.95,3600240382.9,3602068440.6,1788172.18,2333355.20,-6687974.77
2026-07-01 03:58:57,2026-06-30T17:58:57.147Z,1568.81,30194.00,2,0.005497,0.005582,0.005497,0.005582,3602068440.6,3603984165.17,3601895970.85,3603332277.25,2821991.34,2557236.26,-6663254.13
2026-07-01 04:00:07,2026-06-30T18:00:07.804Z,1568.63,30194.00,0,0.005633,0.005633,0.005633,0.005633,3601599784.7,3601599784.7,3601599784.7,3601599784.7,723729.83,546397.02,-6565668.29
2026-07-01 04:01:05,2026-06-30T18:01:05.844Z,1568.64,30194.00,0,0.005633,0.005633,0.005629,0.005629,3602680037.47,3602680037.47,3602680037.47,3602680037.47,226993.72,328003.75,1360486.03
2026-07-01 04:02:19,2026-06-30T18:02:19.061Z,1568.68,30194.00,0,0.005629,0.00566,0.005629,0.00566,3604301698.57,3604301698.57,3600937684.86,3602333034.44,511333.10,335478.79,530554.40
2026-07-01 04:03:27,2026-06-30T18:03:27.069Z,1569.04,30194.00,0,0.00566,0.00566,0.00566,0.00566,3602333034.44,3604399975.89,3601551827.3,3603802903.95,456068.65,686452.84,-374976.32
2026-07-01 04:04:29,2026-06-30T18:04:29.985Z,1568.80,30194.00,0,0.00566,0.005693,0.00566,0.005693,3603802903.95,3603802903.95,3600176717.5,3600176717.5,568493.05,623355.80,-482719.71
2026-07-01 04:05:32,2026-06-30T18:05:32.918Z,1568.49,30194.00,0,0.005693,0.005719,0.005693,0.005719,3600176717.5,3600953342.26,3598930402.29,3599184385.27,399869.70,634891.36,-3088693.69
2026-07-01 04:06:41,2026-06-30T18:06:41.066Z,1567.86,30194.00,3,0.005719,0.00574,0.005719,0.00574,3599184385.27,3600151600.45,3598474060.46,3598474060.46,2080316.11,933941.85,-1954825.84
2026-07-01 04:07:54,2026-06-30T18:07:54.134Z,1568.45,30194.00,0,0.00574,0.00574,0.00574,0.00574,3598474060.46,3599845034.44,3597778556.93,3598532281.75,5670524.25,6959934.15,-3152064.69
2026-07-01 04:09:02,2026-06-30T18:09:02.471Z,1569.56,30194.00,2,0.005787,0.005836,0.00574,0.005836,3604203272.82,3604203272.82,3604203272.82,3604203272.82,0.00,7628.18,-1347505.12
2026-07-01 04:10:05,2026-06-30T18:10:05.671Z,1571.46,30194.00,3,0.005836,0.005836,0.005836,0.005836,3605966961.39,3605966961.39,3605966961.39,3605966961.39,179363.03,292875.09,1255727.28
2026-07-01 04:11:19,2026-06-30T18:11:19.216Z,1570.12,30194.00,2,0.005836,0.005887,0.005836,0.005887,3606797916.08,3606797916.08,3605836455.08,3605836455.08,223755.17,949392.33,-36430.74
2026-07-01 04:12:32,2026-06-30T18:12:32.342Z,1570.30,30194.00,2,0.005887,0.0059,0.005887,0.0059,3605836455.08,3605862122.37,3603460825.43,3604675555.05,264468.65,461531.09,3329850.33
2026-07-01 04:13:40,2026-06-30T18:13:40.649Z,1570.16,30194.00,1,0.0059,0.0059,0.0059,0.0059,3604675555.05,3605005766.04,3603512363.98,3603790016.7,4657094.37,1489773.07,5572330.67
2026-07-01 04:14:54,2026-06-30T18:14:54.793Z,1570.28,30194.00,1,0.0059,0.0059,0.00589,0.00589,3603790016.7,3608731035.38,3603790016.7,3607064250.23,735832.11,2238334.25,3115533.41
2026-07-01 04:16:08,2026-06-30T18:16:08.214Z,1570.23,30194.00,2,0.005893,0.005916,0.005893,0.005916,3606851968.04,3606851968.04,3606851968.04,3606851968.04,441930.43,35313.41,2780356.24
2026-07-01 04:17:16,2026-06-30T18:17:16.662Z,1570.23,30194.00,0,0.005916,0.005916,0.005916,0.005916,3604404938.21,3607439832.84,3604404938.21,3606761284.2,95046.43,433506.64,480730.21
2026-07-01 04:18:30,2026-06-30T18:18:30.018Z,1573.45,30194.00,4,0.005916,0.005948,0.005916,0.005948,3606761284.2,3612348775.71,3606139894.4,3612348775.71,9608114.82,6321308.88,7162583.21
2026-07-01 04:19:43,2026-06-30T18:19:43.185Z,1573.95,30194.00,3,0.005948,0.00598,0.005948,0.00598,3612348775.71,3615739665.77,3611053497.19,3615739665.77,6392097.16,3602005.40,12825215.97
2026-07-01 04:20:57,2026-06-30T18:20:57.010Z,1576.60,30194.00,0,0.00598,0.00598,0.00598,0.00598,3615739665.77,3616057848.65,3612498948.91,3615937485.55,8485991.15,10357891.74,54679614.77
2026-07-01 04:22:05,2026-06-30T18:22:05.120Z,1576.56,30194.00,0,0.006061,0.006083,0.00598,0.006083,3608943769.8,3608943769.8,3608943769.8,3608943769.8,220032.04,564850.54,50512129.38
2026-07-01 04:23:18,2026-06-30T18:23:18.477Z,1575.43,30194.00,3,0.006083,0.006083,0.006083,0.006083,3606865775.93,3607889776.98,3605029522.65,3605029522.65,1427893.63,467082.37,39435815.37
2026-07-01 04:24:31,2026-06-30T18:24:31.612Z,1574.89,30194.00,2,0.006083,0.006083,0.00605,0.00605,3605029522.65,3605029522.65,3603051024.23,3603051024.23,2806643.07,2496092.42,-6058467.46
2026-07-01 04:25:39,2026-06-30T18:25:39.743Z,1571.89,30194.00,3,0.00605,0.00605,0.005989,0.005989,3603051024.23,3604383294.89,3600195009.26,3600195009.26,4095801.93,2217896.40,-7322908.10
2026-07-01 04:26:42,2026-06-30T18:26:42.552Z,1572.49,30194.00,1,0.005989,0.005989,0.005953,0.005953,3600195009.26,3600195009.26,3596462443.69,3598618004.43,1175343.82,1657559.55,-8615803.65
2026-07-01 04:27:55,2026-06-30T18:27:55.460Z,1572.61,30194.00,2,0.005953,0.005953,0.005953,0.005953,3598618004.43,3600259759.31,3598236587.89,3599410539.26,1957843.78,2739912.97,-2470490.03
2026-07-01 04:29:03,2026-06-30T18:29:03.564Z,1573.71,30194.00,1,0.005996,0.006059,0.005953,0.006059,3601676785.7,3601676785.7,3601676785.7,3601676785.7,3815.94,9077.37,-636905.16
2026-07-01 04:30:06,2026-06-30T18:30:06.694Z,1573.47,30194.00,0,0.006059,0.006059,0.006059,0.006059,3604198659.31,3604198659.31,3604198659.31,3604198659.31,1126972.61,436798.13,-1400706.92
2026-07-01 04:31:14,2026-06-30T18:31:14.979Z,1573.63,30194.00,0,0.006059,0.00614,0.006059,0.00614,3604412224.26,3604730558.56,3601160746.99,3601305462.96,468772.81,1404891.31,-2656439.36
2026-07-01 04:32:17,2026-06-30T18:32:17.864Z,1573.00,30194.00,1,0.00614,0.006179,0.00614,0.006179,3601305462.96,3601305462.96,3599585335.34,3600033735.18,2452721.29,507603.84,-645055.39
2026-07-01 04:33:30,2026-06-30T18:33:30.983Z,1573.25,30194.00,0,0.006179,0.006179,0.006135,0.006135,3600033735.18,3604032961.32,3600033735.18,3603832359.87,1099412.69,1225354.62,1045286.85
2026-07-01 04:34:44,2026-06-30T18:34:44.219Z,1572.15,30194.00,3,0.006135,0.006135,0.006135,0.006135,3603832359.87,3603832359.87,3600574049.81,3601814939.67,1164218.13,1044919.07,17692.80
2026-07-01 04:35:52,2026-06-30T18:35:52.503Z,1572.12,30194.00,2,0.006135,0.006135,0.006135,0.006135,3601814939.67,3601814939.67,3599217421,3600352834.94,1207534.93,1099120.85,1357351.07
2026-07-01 04:36:55,2026-06-30T18:36:55.536Z,1572.43,30194.00,0,0.006135,0.006135,0.00607,0.00607,3600352834.94,3602208070.39,3600235181.02,3602145669.15,799335.17,1302518.86,3363171.88
2026-07-01 04:38:03,2026-06-30T18:38:03.786Z,1571.33,30194.00,3,0.00607,0.00607,0.006046,0.006046,3598865462.42,3598865462.42,3598865462.42,3598865462.42,2671.64,198343.76,36988.90
2026-07-01 04:39:06,2026-06-30T18:39:06.714Z,1571.25,30194.00,3,0.006046,0.006046,0.005959,0.005959,3598516838.92,3598516838.92,3598516838.92,3598516838.92,307888.44,108616.39,-1711336.50
2026-07-01 04:40:15,2026-06-30T18:40:15.154Z,1571.37,30194.00,3,0.005959,0.005959,0.005959,0.005959,3598128543.06,3599288217.11,3597833060.11,3599288217.11,361128.10,601359.36,-4183377.39
2026-07-01 04:41:18,2026-06-30T18:41:18.174Z,1571.31,30194.00,2,0.005959,0.005959,0.005847,0.005847,3599288217.11,3599288217.11,3598308970.25,3598416557.36,342333.76,752771.33,-1772500.83
2026-07-01 04:42:35,2026-06-30T18:42:35.870Z,1570.65,30194.00,2,0.005847,0.005847,0.005737,0.005737,3598416557.36,3598792327.26,3597711452.43,3598231795.5,1268281.44,2653124.05,-1928852.96
2026-07-01 04:43:44,2026-06-30T18:43:44.067Z,1571.31,30194.00,0,0.005737,0.005742,0.005737,0.005742,3598231795.5,3600593327.21,3598179588.16,3599818967.92,668361.76,1567367.42,-92248.52
2026-07-01 04:44:52,2026-06-30T18:44:52.140Z,1570.94,30194.00,1,0.005742,0.005742,0.005742,0.005742,3599818967.92,3602864183.41,3599818967.92,3602189762.55,645064.99,558924.75,849377.37
2026-07-01 04:45:55,2026-06-30T18:45:55.106Z,1572.39,30194.00,2,0.005742,0.005774,0.005742,0.005774,3602189762.55,3602464306.69,3601971855.95,3602464306.69,2135409.30,1210866.39,180464.17
2026-07-01 04:47:03,2026-06-30T18:47:03.399Z,1572.48,30194.00,2,0.005826,0.005826,0.005774,0.005826,3603521698.67,3603521698.67,3603521698.67,3603521698.67,19898.67,363.71,-135517.04
2026-07-01 04:48:06,2026-06-30T18:48:06.797Z,1573.46,30194.00,3,0.005826,0.005916,0.005826,0.005916,3603247215.03,3603247215.03,3603247215.03,3603247215.03,923183.27,219511.54,1194999.36
2026-07-01 04:49:15,2026-06-30T18:49:15.055Z,1575.07,30194.00,1,0.005916,0.006,0.005916,0.006,3606748053.11,3610654470.35,3606748053.11,3610523398.58,637861.49,438050.39,1301810.86
2026-07-01 04:50:18,2026-06-30T18:50:18.746Z,1575.48,30194.00,1,0.006,0.006,0.006,0.006,3610523398.58,3612828673.45,3610523398.58,3612828673.45,653749.68,2051797.92,-158964.46
2026-07-01 04:51:27,2026-06-30T18:51:27.032Z,1575.48,30194.00,1,0.006,0.006048,0.006,0.006048,3612828673.45,3612828673.45,3610962184.16,3611968985,997475.25,1756859.28,-833402.22
2026-07-01 04:52:29,2026-06-30T18:52:29.866Z,1576.30,30194.00,3,0.006048,0.006174,0.006048,0.006174,3611968985,3612827741.88,3611436402.74,3612811036.09,3561200.14,892040.14,1888240.82
2026-07-01 04:53:42,2026-06-30T18:53:42.964Z,1576.63,30194.00,1,0.006174,0.006208,0.006174,0.006208,3612811036.09,3614280412.89,3610707122.05,3610707122.05,2656328.88,2796841.50,-4181816.02
2026-07-01 04:54:51,2026-06-30T18:54:51.036Z,1576.62,30194.00,1,0.006208,0.006208,0.006208,0.006208,3610707122.05,3612499229.99,3610252927.13,3611766322.99,1052374.18,2172750.07,-6846324.04
2026-07-01 04:55:54,2026-06-30T18:55:54.350Z,1576.62,30194.00,2,0.006208,0.006283,0.006208,0.006283,3611766322.99,3611766322.99,3609173224.93,3609173224.93,1152666.66,1226168.34,-5637870.12
2026-07-01 04:57:07,2026-06-30T18:57:07.596Z,1576.37,30194.00,2,0.006331,0.006331,0.006331,0.006331,3608468663.18,3608468663.18,3608468663.18,3608468663.18,330614.99,361976.65,-4449435.67
2026-07-01 04:58:15,2026-06-30T18:58:15.639Z,1576.36,30194.00,1,0.006331,0.006331,0.006326,0.006326,3607371529.19,3608045716.79,3606872121.92,3607087450.44,631041.39,133761.41,-3869162.02
2026-07-01 04:59:18,2026-06-30T18:59:18.481Z,1576.31,30194.00,1,0.006326,0.006343,0.006326,0.006343,3607087450.44,3609296646.36,3607087450.44,3609296232.83,1496974.98,773049.19,-2669662.50
2026-07-01 05:00:31,2026-06-30T19:00:31.958Z,1576.28,30194.00,1,0.006343,0.006343,0.006343,0.006343,3609296232.83,3610694268.95,3609290080.3,3610141016.26,1347097.98,2547887.08,-6561388.09
2026-07-01 05:01:40,2026-06-30T19:01:40.357Z,1576.10,30194.00,2,0.006343,0.006415,0.006343,0.006415,3610141016.26,3610141016.26,3606950124.47,3608034839.85,7230378.00,1536939.03,1672025.27
2026-07-01 05:02:43,2026-06-30T19:02:43.304Z,1577.34,30194.00,2,0.006415,0.006472,0.006415,0.006472,3608034839.85,3611606314.7,3607177499.1,3610585404.07,10025186.92,4808554.42,7385080.60
2026-07-01 05:03:51,2026-06-30T19:03:51.393Z,1576.62,30194.00,0,0.006472,0.006472,0.006472,0.006472,3610585404.07,3614216410.31,3609209610.48,3610596445.06,2942453.93,3262466.45,6636722.93
2026-07-01 05:04:56,2026-06-30T19:04:56.649Z,1576.77,30194.00,1,0.006472,0.006523,0.006472,0.006523,3610596445.06,3612024357.26,3608711712.31,3612024357.26,1194950.35,1686339.88,5153556.59
2026-07-01 05:05:54,2026-06-30T19:05:54.657Z,1576.30,30194.00,2,0.006523,0.006624,0.006523,0.006624,3612024357.26,3612469079.75,3609904815.12,3611462750.87,1335122.11,2721790.89,4579330.78
2026-07-01 05:07:02,2026-06-30T19:07:02.881Z,1576.47,30194.00,1,0.006679,0.006679,0.006624,0.006679,3608271685.17,3608271685.17,3608271685.17,3608271685.17,13303.67,78.85,-4654111.26
2026-07-01 05:08:05,2026-06-30T19:08:05.858Z,1576.94,30194.00,1,0.006679,0.006679,0.006673,0.006673,3608520180.57,3608520180.57,3608520180.57,3608520180.57,46541.60,688324.95,357777.73
2026-07-01 05:09:19,2026-06-30T19:09:19.089Z,1577.16,30194.00,0,0.006673,0.006717,0.006673,0.006717,3614027412.91,3614926788.27,3613464928.66,3613983220.08,299491.38,447928.98,117720.89
2026-07-01 05:10:32,2026-06-30T19:10:32.464Z,1577.46,30194.00,1,0.006717,0.006717,0.006717,0.006717,3613983220.08,3614745809.78,3613644376.58,3614745809.78,1882829.55,2770039.11,6650969.00
2026-07-01 05:11:40,2026-06-30T19:11:40.749Z,1576.19,30194.00,3,0.006717,0.006804,0.006717,0.006804,3614745809.78,3616164340.83,3612215440.22,3612239032.58,948188.52,1634588.12,4387043.84
2026-07-01 05:12:43,2026-06-30T19:12:43.756Z,1575.88,30194.00,3,0.006804,0.006871,0.006804,0.006871,3612239032.58,3612239032.58,3610224689.77,3611105259.77,2334790.92,1750626.82,2478882.00
2026-07-01 05:13:51,2026-06-30T19:13:51.957Z,1575.88,30194.00,1,0.006871,0.006871,0.006871,0.006871,3611105259.77,3611107065.86,3609675570.58,3609802436.11,1237697.86,982162.91,3252189.54
2026-07-01 05:14:54,2026-06-30T19:14:54.677Z,1575.98,30194.00,1,0.006871,0.006871,0.006854,0.006854,3609802436.11,3611634685.97,3609691722.47,3609691722.47,13856217.24,1190587.45,8391692.11
2026-07-01 05:16:02,2026-06-30T19:16:02.910Z,1575.90,30194.00,0,0.006855,0.006855,0.006854,0.006855,3611331855.75,3611331855.75,3611331855.75,3611331855.75,36074.86,42768.74,11918739.62
2026-07-01 05:17:05,2026-06-30T19:17:05.783Z,1575.34,30194.00,2,0.006855,0.006855,0.00684,0.00684,3611186520.5,3611186520.5,3611186520.5,3611186520.5,589536.81,12521.75,13985590.99
2026-07-01 05:18:18,2026-06-30T19:18:18.970Z,1575.36,30194.00,1,0.00684,0.00684,0.00682,0.00682,3608291983.64,3611323456.04,3608291983.64,3609665369.32,315326.54,389254.31,15139383.41
2026-07-01 05:19:27,2026-06-30T19:19:27.245Z,1574.96,30194.00,3,0.00682,0.00682,0.006799,0.006799,3609665369.32,3609847661.79,3608338161.32,3608342056.16,623394.69,1523446.33,1050553.73
2026-07-01 05:20:30,2026-06-30T19:20:30.500Z,1575.08,30194.00,1,0.006799,0.006799,0.006799,0.006799,3608342056.16,3608651286.41,3606999822.92,3607809072.92,427262.46,859220.27,388015.00
2026-07-01 05:21:43,2026-06-30T19:21:43.932Z,1575.10,30194.00,0,0.006799,0.006799,0.00677,0.00677,3607809072.92,3607809072.92,3606415072.68,3606949230.1,655873.65,1011690.09,-832421.65
2026-07-01 05:22:52,2026-06-30T19:22:52.121Z,1573.83,30194.00,3,0.00677,0.00677,0.006699,0.006699,3606949230.1,3608106133.43,3606516311.55,3606516311.55,3283812.08,2022171.66,-2627936.32
2026-07-01 05:23:54,2026-06-30T19:23:54.971Z,1573.98,30194.00,2,0.006699,0.006699,0.006699,0.006699,3606516311.55,3608404043.85,3603655862.1,3606071814.26,1448602.47,965620.31,-1311548.66
2026-07-01 05:25:03,2026-06-30T19:25:03.308Z,1573.99,30194.00,1,0.006629,0.006699,0.006618,0.006618,3605976441,3605976441,3605976441,3605976441,3944.82,44901.67,-1248123.95
2026-07-01 05:26:06,2026-06-30T19:26:06.294Z,1573.95,30194.00,1,0.006618,0.006618,0.006618,0.006618,3604582103.3,3604582103.3,3604582103.3,3604582103.3,98150.30,26204.46,4438552.84
2026-07-01 05:27:14,2026-06-30T19:27:14.362Z,1573.71,30194.00,2,0.006618,0.006644,0.006618,0.006644,3604163582.24,3604973300.6,3603812081.9,3604134783.72,392472.99,53325.23,2613555.71
2026-07-01 05:28:17,2026-06-30T19:28:17.391Z,1573.58,30194.00,2,0.006644,0.006646,0.006644,0.006646,3604134783.72,3607720087.01,3604134783.72,3607402806.46,28150.97,149260.06,2632948.76
2026-07-01 05:29:30,2026-06-30T19:29:30.490Z,1573.91,30194.00,0,0.006646,0.006716,0.006646,0.006716,3607402806.46,3607513849.54,3606462474.06,3607513849.54,340835.29,246351.56,3786103.19
2026-07-01 05:30:38,2026-06-30T19:30:38.855Z,1574.98,30194.00,3,0.006716,0.006716,0.006716,0.006716,3607513849.54,3608995203.36,3607513849.54,3608995203.36,2433249.43,1325402.16,2935212.93
2026-07-01 05:31:41,2026-06-30T19:31:41.738Z,1576.27,30194.00,2,0.006716,0.006798,0.006716,0.006798,3608995203.36,3610649504.97,3607884535.94,3610053935.3,2608288.02,1285269.26,4514168.60
2026-07-01 05:32:56,2026-06-30T19:32:56.062Z,1576.87,30194.00,1,0.006798,0.006878,0.006798,0.006878,3610053935.3,3613718544.03,3610004036.14,3612336523.95,3514016.46,3311836.55,3625816.94
2026-07-01 05:34:04,2026-06-30T19:34:04.412Z,1577.26,30194.00,2,0.006878,0.006897,0.006878,0.006897,3612680977.11,3612680977.11,3612680977.11,3612680977.11,254453.46,31556.86,3810976.51
2026-07-01 05:35:07,2026-06-30T19:35:07.617Z,1577.87,30194.00,2,0.006897,0.006941,0.006897,0.006941,3614494129.38,3614494129.38,3614494129.38,3614494129.38,2530908.10,1428764.60,1639650.25
2026-07-01 05:36:15,2026-06-30T19:36:15.802Z,1578.23,30194.00,1,0.006941,0.006941,0.006941,0.006941,3615974702.6,3618706152.24,3615974702.6,3616052937.93,479404.49,2264090.91,-999294.02
2026-07-01 05:37:18,2026-06-30T19:37:18.792Z,1578.02,30194.00,1,0.006941,0.00698,0.006941,0.00698,3616052937.93,3617343553.33,3614019060.64,3615520058.44,1077825.85,851168.08,-1613407.88
2026-07-01 05:38:26,2026-06-30T19:38:26.953Z,1577.84,30194.00,0,0.00698,0.00698,0.006953,0.006953,3615520058.44,3615520058.44,3614161068.83,3614429129.51,2180303.29,737622.48,-2495665.85
2026-07-01 05:39:29,2026-06-30T19:39:29.871Z,1577.62,30194.00,0,0.006953,0.006953,0.006912,0.006912,3614429129.51,3615162550.62,3613819189.26,3613923799.26,253020.29,649696.38,-2559426.01
2026-07-01 05:40:43,2026-06-30T19:40:43.217Z,1576.78,30194.00,2,0.006912,0.006912,0.006912,0.006912,3613923799.26,3613923799.26,3611787802.1,3611787802.1,695236.44,2213084.14,-6582151.07
2026-07-01 05:41:51,2026-06-30T19:41:51.145Z,1575.73,30194.00,2,0.006912,0.006912,0.006887,0.006887,3611787802.1,3613795336.88,3611787802.1,3612429517.87,4430391.46,5165186.50,-6195008.74
2026-07-01 05:42:54,2026-06-30T19:42:54.161Z,1575.73,30194.00,2,0.006887,0.006887,0.006861,0.006861,3612429517.87,3612429517.87,3608018599.18,3608733895.41,1542801.03,1772169.04,-4817205.62
2026-07-01 05:44:07,2026-06-30T19:44:07.431Z,1575.71,30194.00,1,0.006861,0.006861,0.006812,0.006812,3611052145.94,3611052145.94,3611052145.94,3611052145.94,73947.94,152182.63,-3513563.50
2026-07-01 05:45:20,2026-06-30T19:45:20.815Z,1576.80,30194.00,1,0.006812,0.006836,0.006812,0.006836,3611128748.78,3613155168.76,3611128748.78,3613155168.76,1139800.05,465810.20,-340083.83
2026-07-01 05:46:29,2026-06-30T19:46:29.099Z,1576.73,30194.00,1,0.006836,0.006836,0.006836,0.006836,3613155168.76,3613871209.3,3611433729.35,3611457825.86,490685.63,734154.44,-1825112.25
2026-07-01 05:47:42,2026-06-30T19:47:42.093Z,1576.57,30194.00,1,0.006836,0.006897,0.006836,0.006897,3611457825.86,3612074457.83,3610794266.19,3612074457.83,545366.33,528964.00,-1628339.69
2026-07-01 05:48:55,2026-06-30T19:48:55.403Z,1576.57,30194.00,2,0.006897,0.006948,0.006897,0.006948,3612074457.83,3613058381.27,3612074457.83,3612741432.78,1310528.35,1687989.63,-1714910.33
2026-07-01 05:50:03,2026-06-30T19:50:03.904Z,1576.73,30194.00,2,0.007012,0.007012,0.006948,0.007012,3610800681.24,3610800681.24,3610800681.24,3610800681.24,3605709.28,5894759.14,180026.24
2026-07-01 05:51:06,2026-06-30T19:51:06.985Z,1575.94,30194.00,4,0.007012,0.007037,0.007012,0.007037,3613887476.9,3613887476.9,3613887476.9,3613887476.9,336944.76,178375.05,2924739.49
2026-07-01 05:52:15,2026-06-30T19:52:15.072Z,1575.57,30194.00,2,0.007037,0.007037,0.007036,0.007036,3608395569.9,3608395569.9,3608395569.9,3608395569.9,1001676.89,298869.37,2059051.06
2026-07-01 05:53:17,2026-06-30T19:53:17.910Z,1576.92,30194.00,3,0.007036,0.007036,0.007036,0.007036,3608374561.36,3610509328.62,3606958510.01,3610509328.62,2748833.62,2288867.12,13162322.85
2026-07-01 05:54:31,2026-06-30T19:54:31.075Z,1576.03,30194.00,0,0.007036,0.007036,0.007017,0.007017,3610509328.62,3613445872.37,3610509328.62,3612978324.1,2763682.87,1319443.56,11397182.88
2026-07-01 05:55:44,2026-06-30T19:55:44.318Z,1576.09,30194.00,0,0.007017,0.007017,0.007015,0.007015,3612978324.1,3612978324.1,3611134291.43,3611672433.58,2084147.90,1054308.62,11750338.60
2026-07-01 05:56:52,2026-06-30T19:56:52.321Z,1576.09,30194.00,0,0.007015,0.007015,0.007015,0.007015,3611672433.58,3612461542.84,3610980444.93,3611668246.81,1875723.35,1320223.20,13712523.84
2026-07-01 05:57:55,2026-06-30T19:57:55.191Z,1576.93,30194.00,2,0.007015,0.007015,0.00698,0.00698,3611668246.81,3611986929.1,3611163997.32,3611860250.94,1736408.69,3328856.73,1205663.58
2026-07-01 05:59:05,2026-06-30T19:59:05.044Z,1577.72,30194.00,2,0.006959,0.00698,0.006959,0.006961,3613498246.44,3613498246.44,3613498246.44,3613498246.44,2665.64,39437.63,1059781.50
2026-07-01 06:00:18,2026-06-30T20:00:18.663Z,1576.76,30194.00,1,0.006961,0.006961,0.006961,0.006961,3614413777.23,3614413777.23,3612289736.29,3613646556.94,5509718.70,9774247.64,-3936541.45
2026-07-01 06:01:27,2026-06-30T20:01:27.035Z,1576.32,30194.00,1,0.006961,0.006961,0.006918,0.006918,3613646556.94,3613646556.94,3607294644.6,3607294644.6,950711.89,1123106.34,-7979868.62
2026-07-01 06:02:29,2026-06-30T20:02:29.814Z,1576.25,30194.00,0,0.006918,0.006918,0.006857,0.006857,3607294644.6,3610232789.64,3607294644.6,3609369660.34,1454535.77,440025.86,-11659703.99
2026-07-01 06:03:44,2026-06-30T20:03:44.438Z,1578.15,30194.00,2,0.006857,0.006857,0.006857,0.006857,3609369660.34,3615602949.27,3609369660.34,3615602949.27,3890555.69,4799957.32,-6671947.08
2026-07-01 06:04:52,2026-06-30T20:04:52.581Z,1577.56,30194.00,0,0.006857,0.006857,0.006834,0.006834,3615602949.27,3616980470.92,3613873054.53,3614632707.26,1278870.90,1696826.36,-10933320.00
2026-07-01 06:06:07,2026-06-30T20:06:07.506Z,1577.70,30194.00,1,0.006835,0.006835,0.006835,0.006835,3616704906.8,3616704906.8,3616704906.8,3616704906.8,19305.92,130347.64,-2370319.46
2026-07-01 06:07:15,2026-06-30T20:07:15.567Z,1577.75,30194.00,0,0.006835,0.006835,0.006825,0.006825,3617838128.12,3617838128.12,3617838128.12,3617838128.12,1160229.21,613579.04,-9070281.13
2026-07-01 06:08:18,2026-06-30T20:08:18.526Z,1577.78,30194.00,0,0.006825,0.006845,0.006825,0.006845,3615405098.53,3617197623.54,3615213015.04,3617197623.54,1226152.26,411097.65,-2372222.37
2026-07-01 06:09:26,2026-06-30T20:09:26.729Z,1578.92,30194.00,3,0.006845,0.006863,0.006845,0.006863,3617197623.54,3617636945.4,3614922410.4,3615268588.25,1964920.65,1224829.27,-1441912.85
2026-07-01 06:10:29,2026-06-30T20:10:29.991Z,1578.92,30194.00,3,0.006863,0.006863,0.006863,0.006863,3615268588.25,3618800479.97,3615268588.25,3618800479.97,975976.29,349552.73,7135133.87
2026-07-01 06:11:43,2026-06-30T20:11:43.183Z,1577.71,30194.00,2,0.006863,0.006863,0.006835,0.006835,3618800479.97,3620624608.31,3618108769.61,3618747372.54,5082494.47,5269166.89,11004699.59
2026-07-01 06:12:51,2026-06-30T20:12:51.372Z,1578.71,30194.00,0,0.006835,0.006847,0.006835,0.006847,3618747372.54,3619187905.67,3613488655.29,3614356211.12,1150887.72,1379350.08,8893630.10
2026-07-01 06:13:54,2026-06-30T20:13:54.378Z,1578.71,30194.00,0,0.006847,0.006847,0.006847,0.006847,3614356211.12,3618121727.07,3614356211.12,3617970570.36,1906889.15,1575144.43,8391695.32
2026-07-01 06:14:57,2026-06-30T20:14:57.671Z,1578.71,30194.00,0,0.006847,0.006847,0.006821,0.006821,3617970570.36,3617983128.66,3615631438.4,3616909720.22,759249.97,477122.30,5244866.40
2026-07-01 06:16:06,2026-06-30T20:16:06.061Z,1578.24,30194.00,0,0.00682,0.00682,0.00682,0.00682,3616318014.86,3616318014.86,3616318014.86,3616318014.86,43569.67,659747.81,-2545777.63
2026-07-01 06:17:19,2026-06-30T20:17:19.234Z,1578.24,30194.00,0,0.00682,0.00682,0.006813,0.006813,3616335906.6,3616335906.6,3613553572.12,3614294455.64,1486221.80,900185.67,-2257251.83
2026-07-01 06:18:28,2026-06-30T20:18:28.311Z,1576.74,30194.00,3,0.006813,0.006813,0.006779,0.006779,3614294455.64,3615115894.14,3613520057.54,3614840636.75,593458.25,1558921.42,-4226575.47
2026-07-01 06:19:31,2026-06-30T20:19:31.354Z,1576.74,30194.00,2,0.006779,0.006779,0.006746,0.006746,3614840636.75,3614840636.75,3611882523.79,3611882523.79,476163.49,872124.67,-5392421.02
2026-07-01 06:20:39,2026-06-30T20:20:39.947Z,1576.64,30194.00,3,0.006746,0.006746,0.006746,0.006746,3611882523.79,3612477903.42,3611205544.28,3611299871.64,884143.72,999379.34,-4852697.29
2026-07-01 06:21:43,2026-06-30T20:21:43.032Z,1575.46,30194.00,2,0.006746,0.006746,0.006675,0.006675,3611299871.64,3611299871.64,3609205793.77,3609205793.77,5038562.52,5089285.47,-5472522.84
2026-07-01 06:22:51,2026-06-30T20:22:51.380Z,1575.16,30194.00,2,0.006675,0.006675,0.006569,0.006569,3609205793.77,3609221698.66,3606428690.79,3607307539.54,1519438.26,2053720.65,-6431518.53
2026-07-01 06:23:54,2026-06-30T20:23:54.356Z,1574.83,30194.00,3,0.006569,0.006569,0.006569,0.006569,3607307539.54,3607998121.19,3605665194.85,3605665194.85,1265899.93,2421361.31,-6309211.84
2026-07-01 06:25:02,2026-06-30T20:25:02.957Z,1574.89,30194.00,2,0.006496,0.006569,0.00645,0.00645,3606796011.16,3606796011.16,3606796011.16,3606796011.16,134358.19,1019385.88,-4870429.32
2026-07-01 06:26:10,2026-06-30T20:26:10.968Z,1574.11,30194.00,2,0.00645,0.00645,0.00645,0.00645,3605582971.8,3605582971.8,3605582971.8,3605582971.8,149629.02,32976.49,-9042783.33
2026-07-01 06:27:19,2026-06-30T20:27:19.027Z,1574.11,30194.00,2,0.00645,0.00645,0.006388,0.006388,3603530703.39,3604266145.45,3602979197.13,3604135062.98,567717.31,375128.96,-7408991.34
2026-07-01 06:28:34,2026-06-30T20:28:34.559Z,1573.82,30194.00,2,0.006388,0.00641,0.006388,0.00641,3604135062.98,3605851410.67,3604135062.98,3605008830.11,180968.79,383861.33,-4562469.75
2026-07-01 06:29:32,2026-06-30T20:29:32.381Z,1573.82,30194.00,2,0.00641,0.00641,0.00641,0.00641,3605008830.11,3605864186.22,3605008830.11,3605660084.5,460683.35,151710.89,-4172207.79
2026-07-01 06:30:40,2026-06-30T20:30:40.793Z,1573.96,30194.00,0,0.00641,0.006469,0.00641,0.006469,3605660084.5,3605980421.88,3605583494.28,3605980421.88,517438.04,697393.03,1679110.81
2026-07-01 06:31:43,2026-06-30T20:31:43.874Z,1573.80,30194.00,1,0.006469,0.006524,0.006469,0.006524,3605980421.88,3606550621.16,3603904420.17,3603904420.17,967064.37,9539753.40,-8557250.29
2026-07-01 06:32:57,2026-06-30T20:32:57.354Z,1572.28,30194.00,2,0.006524,0.006577,0.006524,0.006577,3603904420.17,3603904420.17,3599496893.94,3599965260.16,2570745.64,3681452.45,-13864583.24
2026-07-01 06:34:05,2026-06-30T20:34:05.449Z,1572.13,30194.00,3,0.006577,0.006577,0.00656,0.00656,3599638085.61,3599638085.61,3599638085.61,3599638085.61,28813.56,11733.28,-14577856.98
2026-07-01 06:35:18,2026-06-30T20:35:18.941Z,1572.13,30194.00,2,0.00656,0.006616,0.00656,0.006616,3601038216.8,3602162478.85,3600410838.72,3602162478.85,126040.13,611876.60,-14614759.25
2026-07-01 06:36:27,2026-06-30T20:36:27.216Z,1572.13,30194.00,1,0.006616,0.006616,0.006616,0.006616,3602162478.85,3602162478.85,3600778705.26,3600932522.43,902909.69,448166.88,-1957157.28
2026-07-01 06:37:30,2026-06-30T20:37:30.110Z,1572.13,30194.00,1,0.006616,0.006695,0.006616,0.006695,3600932522.43,3601927846.53,3600738516.82,3600738516.82,681618.30,797909.02,-1231749.57
2026-07-01 06:38:43,2026-06-30T20:38:43.318Z,1572.79,30194.00,1,0.006695,0.006751,0.006695,0.006751,3600738516.82,3601395463.23,3600594452.78,3600621715.6,1110395.71,545826.95,-638745.46
2026-07-01 06:39:56,2026-06-30T20:39:56.432Z,1572.79,30194.00,0,0.006751,0.006751,0.006751,0.006751,3600621715.6,3603587122.68,3600585042.89,3602786660.97,634824.90,471763.44,-322674.28
2026-07-01 06:41:04,2026-06-30T20:41:04.750Z,1572.79,30194.00,1,0.006812,0.006932,0.006751,0.006932,3602766431.54,3602766431.54,3602766431.54,3602766431.54,87954.47,75721.64,863526.13
2026-07-01 06:42:11,2026-06-30T20:42:11.024Z,1572.79,30194.00,0,0.006932,0.007033,0.006932,0.007033,3601122325.82,3601122325.82,3601122325.82,3601122325.82,174339.58,890653.28,380809.36
2026-07-01 06:43:19,2026-06-30T20:43:19.176Z,1572.74,30194.00,0,0.007033,0.007033,0.007033,0.007033,3601993521.25,3602011694.87,3599690077.58,3600973638.12,145181.55,231707.80,-5068553.91
2026-07-01 06:44:32,2026-06-30T20:44:32.703Z,1572.74,30194.00,0,0.007033,0.007124,0.007033,0.007124,3600973638.12,3601449742.02,3600973638.12,3601144750.49,128489.63,1065423.96,-6016908.87
2026-07-01 06:45:40,2026-06-30T20:45:40.917Z,1572.11,30194.00,1,0.007124,0.007159,0.007124,0.007159,3601144750.49,3601529996.58,3599526208.92,3599526208.92,6382820.44,12494194.02,-13877115.66
2026-07-01 06:46:54,2026-06-30T20:46:54.343Z,1572.13,30194.00,0,0.007159,0.007159,0.007159,0.007159,3599526208.92,3599896309.54,3598300230.65,3599532272.97,1314293.28,702250.81,-12750880.55
2026-07-01 06:48:07,2026-06-30T20:48:07.626Z,1575.20,30194.00,2,0.007186,0.007305,0.007186,0.007305,3600349001.24,3600349001.24,3600349001.24,3600349001.24,95663.02,726122.73,6626815.51
2026-07-01 06:49:15,2026-06-30T20:49:15.771Z,1574.97,30194.00,2,0.007305,0.007305,0.007305,0.007305,3609352357.25,3609936912.07,3603910385.56,3604486259.92,1576584.09,796900.08,2252231.08
2026-07-01 06:50:18,2026-06-30T20:50:18.844Z,1574.85,30194.00,2,0.007305,0.007397,0.007305,0.007397,3604486259.92,3607246677.24,3604015359.68,3604022876.68,131173.60,547263.08,7018132.45
2026-07-01 06:51:27,2026-06-30T20:51:27.123Z,1573.28,30194.00,2,0.007397,0.007413,0.007397,0.007413,3604022876.68,3604277581.74,3603765087.95,3604277581.74,310606.28,1545703.80,6791060.37
2026-07-01 06:52:30,2026-06-30T20:52:30.029Z,1573.17,30194.00,2,0.007413,0.007413,0.007413,0.007413,3604277581.74,3604687222.55,3600328786.17,3601041725.37,444497.67,339197.62,-8043462.53
2026-07-01 06:53:43,2026-06-30T20:53:43.205Z,1572.66,30194.00,1,0.007413,0.007413,0.007413,0.007413,3601041725.37,3601574308.09,3601018827.46,3601109605.01,1375952.47,662277.81,301067.12
2026-07-01 06:54:51,2026-06-30T20:54:51.242Z,1572.66,30194.00,1,0.007413,0.007413,0.007341,0.007341,3601109605.01,3601826587.27,3601109605.01,3601587756.5,102363.38,111900.23,263560.68
2026-07-01 06:55:54,2026-06-30T20:55:54.353Z,1572.67,30194.00,0,0.007341,0.007341,0.00728,0.00728,3601587756.5,3601817297.4,3601587756.5,3601675713.83,326264.86,461002.13,-760535.65
2026-07-01 06:57:07,2026-06-30T20:57:07.552Z,1573.40,30194.00,1,0.00728,0.00728,0.007224,0.007224,3602230188.18,3602230188.18,3602230188.18,3602230188.18,249125.11,21591.51,2823800.83
2026-07-01 06:58:10,2026-06-30T20:58:10.473Z,1573.40,30194.00,1,0.007224,0.007224,0.00721,0.00721,3604092389.81,3604092389.81,3604092389.81,3604092389.81,29097.41,12399.72,2249204.36
2026-07-01 06:59:18,2026-06-30T20:59:18.687Z,1573.40,30194.00,0,0.00721,0.00721,0.00721,0.00721,3603347349.41,3603461830.92,3602310427.97,3602934960.15,640996.67,126860.78,2209350.81
2026-07-01 07:00:27,2026-06-30T21:00:27.134Z,1573.40,30194.00,0,0.00721,0.007228,0.00721,0.007228,3602934960.15,3603492319.92,3602335161.49,3602581728.83,427460.59,376576.54,3841917.91
2026-07-01 07:01:30,2026-06-30T21:01:30.154Z,1573.40,30194.00,0,0.007228,0.007237,0.007228,0.007237,3602581728.83,3604394570.12,3602307758.95,3603780333.36,143970.68,91077.81,3132037.64
2026-07-01 07:02:43,2026-06-30T21:02:43.329Z,1573.82,30194.00,2,0.007237,0.007237,0.007237,0.007237,3603780333.36,3603982181.39,3603239112.52,3603239112.52,898103.16,335414.89,1926612.66
2026-07-01 07:03:51,2026-06-30T21:03:51.446Z,1573.82,30194.00,0,0.007237,0.007246,0.007237,0.007246,3603239112.52,3604767611.33,3603115132.52,3604279055.73,452943.78,1644713.93,861068.12
2026-07-01 07:04:54,2026-06-30T21:04:54.572Z,1573.82,30194.00,0,0.007246,0.007272,0.007246,0.007272,3604279055.73,3604279055.73,3601432950.65,3601432950.65,479093.99,1289699.99,-2245895.00
2026-07-01 07:06:02,2026-06-30T21:06:02.995Z,1572.96,30194.00,0,0.007254,0.007272,0.007254,0.007254,3600986283.35,3600986283.35,3600986283.35,3600986283.35,76692.98,11274.46,-4389857.33
2026-07-01 07:07:05,2026-06-30T21:07:05.944Z,1572.97,30194.00,0,0.007254,0.007254,0.007247,0.007247,3600623784.67,3600623784.67,3600623784.67,3600623784.67,32547.51,176874.95,-4781676.97
2026-07-01 07:08:19,2026-06-30T21:08:19.151Z,1572.96,30194.00,0,0.007247,0.007261,0.007247,0.007261,3600863344.8,3600945286.44,3599558821.27,3600662628.02,256231.86,192050.74,-1986068.01
2026-07-01 07:09:27,2026-06-30T21:09:27.115Z,1573.04,30194.00,1,0.007261,0.007261,0.007261,0.007261,3600662628.02,3601209720.89,3599492607.09,3599492607.09,46885.18,729081.34,-1910032.55
2026-07-01 07:10:33,2026-06-30T21:10:33.318Z,1572.20,30194.00,3,0.007261,0.007285,0.007261,0.007285,3599492607.09,3599492607.09,3595466243.42,3595514289.46,2198585.78,1277840.06,351525.63
2026-07-01 07:11:31,2026-06-30T21:11:31.192Z,1569.81,30194.00,3,0.007285,0.007285,0.007272,0.007272,3595514289.46,3595575364.96,3590486114.27,3590486114.27,6491248.62,6310616.89,-9151606.93
2026-07-01 07:12:44,2026-06-30T21:12:44.318Z,1570.29,30194.00,3,0.007272,0.007272,0.007272,0.007272,3590486114.27,3592731977.6,3587594569.23,3592022920.48,1178096.80,1477454.00,-10979998.92
2026-07-01 07:13:52,2026-06-30T21:13:52.478Z,1570.30,30194.00,1,0.007272,0.007272,0.007242,0.007242,3592022920.48,3592022920.48,3590716989.61,3590957035.7,1341550.34,2190062.14,-11094436.56
2026-07-01 07:14:57,2026-06-30T21:14:57.096Z,1570.30,30194.00,0,0.007242,0.007268,0.007242,0.007268,3590957035.7,3591893399.98,3589481238.51,3591824284.99,1431142.61,1151000.66,-8968722.65
2026-07-01 07:16:05,2026-06-30T21:16:05.388Z,1570.84,30194.00,0,0.0073,0.0073,0.0073,0.0073,3592407790.38,3592407790.38,3592407790.38,3592407790.38,3217.36,89541.19,76565.96
2026-07-01 07:17:23,2026-06-30T21:17:23.623Z,1570.86,30194.00,0,0.0073,0.007348,0.0073,0.007348,3593454816.48,3593953310.58,3591770168.72,3592355326.3,296888.27,494510.81,-985585.25
2026-07-01 07:18:26,2026-06-30T21:18:26.701Z,1570.95,30194.00,0,0.007348,0.007394,0.007348,0.007394,3592355326.3,3592596175.52,3591509743.08,3591812432.12,842335.18,208519.43,334139.43
2026-07-01 07:19:29,2026-06-30T21:19:29.688Z,1570.95,30194.00,0,0.007394,0.007394,0.007394,0.007394,3591812432.12,3592576520.63,3591812432.12,3592319877.48,25415.49,83182.26,-233981.29
2026-07-01 07:20:43,2026-06-30T21:20:43.087Z,1571.00,30194.00,0,0.007394,0.007438,0.007394,0.007438,3592319877.48,3592328534.83,3590272603.03,3590272603.03,265100.18,1083127.84,-1925677.32
2026-07-01 07:21:56,2026-06-30T21:21:56.218Z,1570.78,30194.00,0,0.007438,0.007468,0.007438,0.007468,3590272603.03,3590510324.93,3590048135.04,3590488451.65,394582.87,2192200.97,-3052247.89
2026-07-01 07:23:04,2026-06-30T21:23:04.395Z,1569.25,30194.00,3,0.007468,0.007508,0.007468,0.007508,3589765881.95,3589765881.95,3589765881.95,3589765881.95,374523.61,541838.43,-10794458.59
2026-07-01 07:24:07,2026-06-30T21:24:07.454Z,1568.75,30194.00,2,0.007508,0.007554,0.007508,0.007554,3588116635.47,3588116635.47,3588116635.47,3588116635.47,6280288.95,789221.74,-13785895.83
2026-07-01 07:25:20,2026-06-30T21:25:20.855Z,1568.68,30194.00,0,0.007554,0.007591,0.007554,0.007591,3581771642.62,3586407830.92,3581771642.62,3585018082.45,830960.42,556479.60,-11781831.11
2026-07-01 07:26:29,2026-06-30T21:26:29.144Z,1569.04,30194.00,0,0.007591,0.007591,0.007591,0.007591,3585018082.45,3588689469.23,3582481783.25,3588689469.23,267284.47,1887238.76,-7328696.43
2026-07-01 07:27:42,2026-06-30T21:27:42.503Z,1569.52,30194.00,1,0.007591,0.007612,0.007591,0.007612,3588689469.23,3589495085.21,3586520848.17,3587291959.7,656525.20,2238224.30,-1433844.60
2026-07-01 07:28:50,2026-06-30T21:28:50.535Z,1569.52,30194.00,1,0.007612,0.007652,0.007612,0.007652,3587291959.7,3588380785.94,3587248150.98,3587248150.98,535659.34,1010134.68,6260819.73
2026-07-01 07:29:53,2026-06-30T21:29:53.485Z,1569.54,30194.00,0,0.007652,0.007652,0.007652,0.007652,3587248150.98,3587248150.98,3586270398.66,3586915593.19,566447.50,670593.27,51338.60
2026-07-01 07:30:56,2026-06-30T21:30:56.534Z,1569.54,30194.00,0,0.007652,0.007671,0.007652,0.007671,3586915593.19,3588337668.48,3586915593.19,3587300662.56,1624027.03,1218540.70,-4325362.76
2026-07-01 07:32:04,2026-06-30T21:32:04.764Z,1569.91,30194.00,2,0.00769,0.00769,0.007671,0.00769,3586720578.15,3586720578.15,3586720578.15,3586720578.15,988216.24,57267.82,1752684.06
2026-07-01 07:33:18,2026-06-30T21:33:18.090Z,1569.69,30194.00,2,0.00769,0.00769,0.007679,0.007679,3590022341.31,3590022341.31,3585824119.38,3586108226.2,41547.23,179541.06,1243731.94
2026-07-01 07:34:31,2026-06-30T21:34:31.285Z,1569.31,30194.00,0,0.007679,0.007763,0.007679,0.007763,3586108226.2,3586153881.09,3585549578.41,3586148436.89,1083803.19,543554.38,1840957.13
2026-07-01 07:35:39,2026-06-30T21:35:39.541Z,1569.32,30194.00,0,0.007763,0.007776,0.007763,0.007776,3586148436.89,3587801923.31,3585823156.27,3587801923.31,765693.85,766217.73,1600320.60
2026-07-01 07:36:42,2026-06-30T21:36:42.324Z,1569.32,30194.00,0,0.007776,0.007776,0.007776,0.007776,3587801923.31,3588054175.12,3587066963.84,3587647776.81,622487.02,712052.82,808174.32
2026-07-01 07:37:50,2026-06-30T21:37:50.429Z,1569.47,30194.00,0,0.007776,0.007817,0.007776,0.007817,3587647776.81,3588671701.03,3587398871.85,3587616310.22,548681.22,616474.24,332582.47
2026-07-01 07:38:53,2026-06-30T21:38:53.434Z,1569.47,30194.00,0,0.007817,0.007887,0.007817,0.007887,3587616310.22,3588479562.42,3586890879.09,3586890879.09,1330190.16,2117287.80,8656.09
2026-07-01 07:40:02,2026-06-30T21:40:02.116Z,1569.47,30194.00,1,0.007887,0.007887,0.007887,0.007887,3586890879.09,3587144868.55,3585534970.64,3585880454.86,785951.62,616798.96,-809290.99
2026-07-01 07:41:05,2026-06-30T21:41:05.717Z,1569.47,30194.00,0,0.007935,0.007978,0.007935,0.007978,3587181234.31,3587181234.31,3587181234.31,3587181234.31,46033.72,42769.94,-2549042.01
2026-07-01 07:42:18,2026-06-30T21:42:18.916Z,1569.48,30194.00,0,0.007978,0.007995,0.007978,0.007995,3586154741.23,3586201608.2,3586154741.23,3586180482.36,186339.39,690887.57,-3094697.36
2026-07-01 07:43:26,2026-06-30T21:43:26.993Z,1569.48,30194.00,0,0.007995,0.007995,0.007995,0.007995,3586180482.36,3586291390.73,3585797854.06,3586291390.73,671180.76,675587.70,-2165915.54
2026-07-01 07:44:30,2026-06-30T21:44:30.096Z,1569.04,30194.00,0,0.007995,0.008022,0.007995,0.008022,3586291390.73,3586291788.24,3584622113.94,3585805014.46,992404.81,1677331.09,-3309120.79
2026-07-01 07:45:38,2026-06-30T21:45:38.515Z,1568.86,30194.00,0,0.008022,0.008027,0.008022,0.008027,3585805014.46,3585805014.46,3583158851.85,3583158851.85,887052.78,1030856.14,-2089815.98
2026-07-01 07:46:41,2026-06-30T21:46:41.496Z,1568.79,30194.00,0,0.008027,0.008027,0.008027,0.008027,3583158851.85,3584448057.29,3582758171.88,3583055817.04,712972.93,660108.61,-2154964.65
2026-07-01 07:47:54,2026-06-30T21:47:54.720Z,1568.57,30194.00,0,0.008027,0.008027,0.008024,0.008024,3583055817.04,3583435993.25,3582517544.8,3582729118.66,966900.14,535204.98,-1308378.83
2026-07-01 07:49:07,2026-06-30T21:49:07.980Z,1568.70,30194.00,0,0.008016,0.008016,0.008016,0.008016,3583590444.5,3583590444.5,3583590444.5,3583590444.5,68776.63,140191.81,-1508561.26
2026-07-01 07:50:16,2026-06-30T21:50:16.393Z,1568.26,30194.00,1,0.008016,0.008016,0.008012,0.008012,3582619468.99,3582619468.99,3580161296.98,3582446645.28,287182.27,101346.23,-3917284.54
2026-07-01 07:51:19,2026-06-30T21:51:19.506Z,1568.26,30194.00,0,0.008012,0.008012,0.007973,0.007973,3582446645.28,3582697733.61,3580479965.47,3582697733.61,311593.12,106026.57,-4801774.75
2026-07-01 07:52:32,2026-06-30T21:52:32.809Z,1568.26,30194.00,0,0.007973,0.00798,0.007973,0.00798,3582697733.61,3582697733.61,3580951320.81,3581605333.49,489746.03,584739.77,-5645389.79
2026-07-01 07:53:40,2026-06-30T21:53:40.958Z,1568.26,30194.00,0,0.00798,0.00798,0.00798,0.00798,3581605333.49,3581883425.61,3580475131.27,3581883425.61,748340.63,391638.20,-3223510.06
2026-07-01 07:54:44,2026-06-30T21:54:44.070Z,1568.26,30194.00,0,0.00798,0.007996,0.00798,0.007996,3581883425.61,3584250700.52,3581883425.61,3583274367.81,611500.59,355779.53,1201251.33
2026-07-01 07:55:47,2026-06-30T21:55:47.010Z,1568.60,30194.00,0,0.007996,0.008069,0.007996,0.008069,3583274367.81,3584091921.08,3582255372.65,3582575678.56,705747.04,382201.96,2236391.33
2026-07-01 07:56:55,2026-06-30T21:56:55.162Z,1568.60,30194.00,0,0.008069,0.008069,0.008069,0.008069,3582575678.56,3583729412.2,3582291234.05,3583533205.38,866464.83,627327.49,2503567.19
2026-07-01 07:58:03,2026-06-30T21:58:03.299Z,1568.67,30194.00,0,0.008021,0.008021,0.008021,0.008021,3583207441.81,3583207441.81,3583207441.81,3583207441.81,796.81,4350.88,712714.05
2026-07-01 07:59:06,2026-06-30T21:59:06.321Z,1568.67,30194.00,0,0.008039,0.008039,0.008039,0.008039,3583409873.56,3583409873.56,3583409873.56,3583409873.56,12937.38,9382.42,61250.88
2026-07-01 08:00:19,2026-06-30T22:00:19.963Z,1569.30,30194.00,3,0.008039,0.008051,0.008039,0.008051,3584618892.38,3584899308.54,3584584497.17,3584879311.67,2323858.58,1065314.27,1624016.66
2026-07-01 08:01:28,2026-06-30T22:01:28.679Z,1569.96,30194.00,2,0.008051,0.00809,0.008051,0.00809,3584879311.67,3590936801.11,3584879311.67,3587518315.54,2907707.45,1619526.71,3813858.70
2026-07-01 08:02:43,2026-06-30T22:02:43.472Z,1570.76,30194.00,1,0.00809,0.008135,0.00809,0.008135,3587518315.54,3590912583.49,3587518315.54,3590912583.49,763754.16,732705.25,5343431.53
2026-07-01 08:03:51,2026-06-30T22:03:51.549Z,1571.79,30194.00,2,0.008135,0.008135,0.008135,0.008135,3590912583.49,3591512068.03,3589810586.05,3591005586.85,2695384.49,1151193.94,8093279.61
2026-07-01 08:04:54,2026-06-30T22:04:54.550Z,1570.98,30194.00,1,0.008135,0.008164,0.008135,0.008164,3591005586.85,3592782874.78,3590817298.23,3592521546.83,892731.04,496774.64,7290120.25
2026-07-01 08:06:08,2026-06-30T22:06:08.117Z,1571.05,30194.00,1,0.008172,0.008172,0.008172,0.008172,3591584737.54,3591584737.54,3591584737.54,3591584737.54,5422.41,3867.01,2728887.42
2026-07-01 08:07:16,2026-06-30T22:07:16.329Z,1571.05,30194.00,0,0.008172,0.008172,0.008148,0.008148,3591637884.79,3592445699.58,3591485978.27,3592445699.58,143311.71,486862.03,1745102.63
2026-07-01 08:08:19,2026-06-30T22:08:19.394Z,1571.06,30194.00,0,0.008148,0.008148,0.008124,0.008124,3592445699.58,3592445699.58,3591465014.29,3592107805.73,241901.69,636584.36,1059746.42
2026-07-01 08:09:27,2026-06-30T22:09:27.554Z,1571.05,30194.00,0,0.008124,0.008124,0.008124,0.008124,3592107805.73,3592233106.17,3590957397.14,3591187307.43,626456.67,544210.62,945713.03
2026-07-01 08:10:30,2026-06-30T22:10:30.789Z,1570.66,30194.00,0,0.008124,0.008124,0.008109,0.008109,3591187307.43,3591225208.14,3589443412.61,3590129641.67,248487.92,963244.06,-432300.12
2026-07-01 08:11:38,2026-06-30T22:11:38.984Z,1569.77,30194.00,3,0.008109,0.008109,0.00807,0.00807,3590129641.67,3590129641.67,3586247068.39,3586275916.65,1053672.96,516633.79,-885906.97
2026-07-01 08:12:41,2026-06-30T22:12:41.860Z,1569.44,30194.00,1,0.00807,0.00807,0.00807,0.00807,3586275916.65,3587398705.3,3586257473.5,3587398705.3,823304.67,2139333.88,-2521064.92
2026-07-01 08:13:55,2026-06-30T22:13:55.673Z,1569.08,30194.00,1,0.00807,0.00807,0.007941,0.007941,3587398705.3,3587407754.13,3585489138.1,3585489138.1,1274285.07,566371.15,-2063840.11
2026-07-01 08:14:58,2026-06-30T22:14:58.395Z,1569.93,30194.00,1,0.007941,0.007941,0.007767,0.007767,3585489138.1,3586514544.39,3584787488.46,3586514544.39,2726863.99,1142047.50,-151937.86
2026-07-01 08:16:08,2026-06-30T22:16:08.759Z,1570.13,30194.00,1,0.007575,0.007575,0.007575,0.007575,3590217628.66,3590217628.66,3590217628.66,3590217628.66,250809.14,2348.02,1728776.29
2026-07-01 08:17:06,2026-06-30T22:17:06.704Z,1570.14,30194.00,0,0.007575,0.007575,0.007483,0.007483,3590332996.58,3590332996.58,3590332996.58,3590332996.58,94716.72,37659.77,3798149.06
2026-07-01 08:18:19,2026-06-30T22:18:19.880Z,1570.19,30194.00,0,0.007483,0.007483,0.007388,0.007388,3588113977.25,3590674434.35,3588113977.25,3589848036.57,298381.99,832351.40,1251970.24
2026-07-01 08:19:27,2026-06-30T22:19:27.973Z,1570.19,30194.00,1,0.007388,0.007388,0.007388,0.007388,3589848036.57,3589848036.57,3587517379.3,3588112525.87,965093.05,495260.12,587676.97
2026-07-01 08:20:31,2026-06-30T22:20:31.166Z,1571.26,30194.00,2,0.007388,0.007388,0.007263,0.007263,3588112525.87,3595253786.54,3588112525.87,3595253786.54,615570.38,719996.05,2654563.96
2026-07-01 08:21:44,2026-06-30T22:21:44.358Z,1570.22,30194.00,2,0.007263,0.007263,0.007173,0.007173,3595253786.54,3595334322.8,3593206694.73,3593781447.83,496499.50,911496.73,1927758.73
2026-07-01 08:22:52,2026-06-30T22:22:52.482Z,1570.17,30194.00,0,0.007173,0.007173,0.007173,0.007173,3593781447.83,3593781447.83,3589823677.35,3590110925.48,921788.39,639926.91,3122673.36
2026-07-01 08:23:55,2026-06-30T22:23:55.417Z,1570.14,30194.00,0,0.007173,0.007173,0.007125,0.007125,3590110925.48,3590592323.04,3589422833.4,3590422281.81,725321.45,575664.26,3842361.92
2026-07-01 08:25:08,2026-06-30T22:25:08.809Z,1570.15,30194.00,0,0.006996,0.006996,0.006968,0.006968,3590857053.33,3590857053.33,3590857053.33,3590857053.33,8096.08,337128.81,-475120.28
2026-07-01 08:26:16,2026-06-30T22:26:16.975Z,1569.88,30194.00,0,0.006968,0.006968,0.006968,0.006968,3591802986.37,3591829170.58,3590513072.55,3591077931.48,52676.50,709666.26,-1448838.36
2026-07-01 08:27:19,2026-06-30T22:27:19.979Z,1569.49,30194.00,3,0.006968,0.006972,0.006968,0.006972,3591077931.48,3591077931.48,3589482648.5,3589621077.16,60304.89,259350.90,-2171857.88
2026-07-01 08:28:28,2026-06-30T22:28:28.114Z,1569.58,30194.00,0,0.006972,0.006986,0.006972,0.006986,3589621077.16,3589663233.34,3589071942.93,3589103408.45,428594.31,532772.32,-2356042.53
2026-07-01 08:29:41,2026-06-30T22:29:41.127Z,1568.97,30194.00,1,0.006986,0.006986,0.006986,0.006986,3589103408.45,3591958996.02,3589103408.45,3591958996.02,411246.41,780030.13,1020147.73
2026-07-01 08:30:54,2026-06-30T22:30:54.604Z,1566.68,30194.00,3,0.006986,0.006997,0.006986,0.006997,3591958996.02,3592663479.46,3589324244.28,3589479160.73,6171231.13,18541454.85,-11268181.66
2026-07-01 08:32:02,2026-06-30T22:32:02.866Z,1565.72,30194.00,1,0.006986,0.006997,0.006986,0.006986,3585643486.84,3585643486.84,3585643486.84,3585643486.84,89285.92,32129.17,-24297447.88
2026-07-01 08:33:05,2026-06-30T22:33:05.968Z,1564.91,30194.00,1,0.006986,0.006986,0.006917,0.006917,3573855600.59,3573855600.59,3573855600.59,3573855600.59,82354.77,12750.40,-30143024.04
2026-07-01 08:34:08,2026-06-30T22:34:08.953Z,1565.05,30194.00,1,0.006917,0.006917,0.006877,0.006877,3572313149.96,3572313149.96,3572313149.96,3572313149.96,203382.61,224188.11,-29692668.72
2026-07-01 08:35:17,2026-06-30T22:35:17.623Z,1565.23,30194.00,0,0.006877,0.006877,0.006877,0.006877,3572824465.04,3572910529.02,3571553583.37,3571853199.42,192847.26,582816.21,-10767900.51
2026-07-01 08:36:30,2026-06-30T22:36:30.848Z,1565.18,30194.00,0,0.006877,0.006909,0.006877,0.006909,3571853199.42,3571853199.42,3570290915.98,3570919580.42,906434.74,935359.52,-4807476.37
2026-07-01 08:37:44,2026-06-30T22:37:44.155Z,1565.34,30194.00,0,0.006909,0.006917,0.006909,0.006917,3570919580.42,3573035344.27,3570279196.52,3573035344.27,894071.45,1089262.84,-1730852.05
2026-07-01 08:38:52,2026-06-30T22:38:52.226Z,1565.14,30194.00,0,0.006917,0.00692,0.006917,0.00692,3573035344.27,3573035344.27,3571021818.24,3571812384.96,1097248.71,576125.79,-496548.55
2026-07-01 08:39:55,2026-06-30T22:39:55.308Z,1566.13,30194.00,3,0.00692,0.00692,0.00692,0.00692,3571812384.96,3572357116.63,3570887412.15,3572357116.63,2575083.70,678706.36,2607455.35
2026-07-01 08:41:03,2026-06-30T22:41:03.428Z,1566.34,30194.00,2,0.006907,0.00692,0.006904,0.006904,3574342264.05,3574342264.05,3574342264.05,3574342264.05,1256.20,254.07,3240862.57
2026-07-01 08:42:06,2026-06-30T22:42:06.468Z,1566.48,30194.00,2,0.006904,0.006904,0.006904,0.006904,3573672282.86,3573672282.86,3573672282.86,3573672282.86,170947.35,24035.99,3642348.65
2026-07-01 08:43:20,2026-06-30T22:43:20.016Z,1566.48,30194.00,2,0.006904,0.006904,0.006883,0.006883,3573491633.54,3573491633.54,3571882341.59,3572810849.1,229183.42,211050.40,2745521.53
2026-07-01 08:44:28,2026-06-30T22:44:28.080Z,1565.11,30194.00,3,0.006883,0.006883,0.006827,0.006827,3572810849.1,3573205264.3,3572672847.17,3573205264.3,270046.69,222927.26,855830.78
2026-07-01 08:45:31,2026-06-30T22:45:31.133Z,1565.21,30194.00,2,0.006827,0.006827,0.006827,0.006827,3573205264.3,3573243884.33,3572881746.09,3573243884.33,195991.06,531979.50,16101.34
2026-07-01 08:46:39,2026-06-30T22:46:39.392Z,1564.46,30194.00,3,0.006827,0.006834,0.006827,0.006834,3573243884.33,3573243884.33,3572834210.57,3572843398.21,744937.52,394990.77,202436.45
2026-07-01 08:47:42,2026-06-30T22:47:42.329Z,1565.18,30194.00,0,0.006834,0.006838,0.006834,0.006838,3572843398.21,3573044066.14,3572141133.3,3572986810.79,785808.72,362896.52,195034.02
2026-07-01 08:48:50,2026-06-30T22:48:50.509Z,1566.20,30194.00,2,0.006838,0.006838,0.006815,0.006815,3572986810.79,3574370302.47,3572376138.59,3574370302.47,963335.69,2283190.96,516848.34
2026-07-01 08:49:53,2026-06-30T22:49:53.577Z,1566.20,30194.00,0,0.006815,0.006815,0.006815,0.006815,3574370302.47,3575508679.04,3574035047.73,3574035047.73,1360668.98,2150766.73,-765311.87
2026-07-01 08:51:07,2026-06-30T22:51:07.035Z,1566.20,30194.00,0,0.006803,0.006803,0.00678,0.00678,3573230021.97,3573230021.97,3573230021.97,3573230021.97,92393.65,1580591.38,-1708036.85
2026-07-01 08:52:15,2026-06-30T22:52:15.303Z,1565.25,30194.00,2,0.00678,0.00678,0.00678,0.00678,3572792624.43,3572792624.43,3568803545.6,3568896185.42,269453.03,701304.38,-4487029.36
2026-07-01 08:53:18,2026-06-30T22:53:18.365Z,1565.10,30194.00,3,0.00678,0.00678,0.006734,0.006734,3568896185.42,3569508952.65,3568242449.45,3568242449.45,3300216.97,903171.22,-524488.72
2026-07-01 08:54:26,2026-06-30T22:54:26.397Z,1565.10,30194.00,0,0.006734,0.006734,0.006587,0.006587,3568242449.45,3571271140.02,3568242449.45,3571271140.02,1137035.45,472509.77,2284907.91
2026-07-01 08:55:30,2026-06-30T22:55:30.028Z,1565.10,30194.00,0,0.006587,0.006587,0.006587,0.006587,3571271140.02,3572265502.78,3571158572.1,3571158572.1,565050.38,713948.57,1293256.15
2026-07-01 08:56:37,2026-06-30T22:56:37.997Z,1565.10,30194.00,0,0.006587,0.006587,0.006529,0.006529,3571158572.1,3571815599.75,3570852902.39,3571802738.31,306587.45,872650.54,3096339.48
2026-07-01 08:57:40,2026-06-30T22:57:40.809Z,1565.13,30194.00,0,0.006529,0.006529,0.006516,0.006516,3571802738.31,3572121242.77,3571444428.27,3572121242.77,1648076.13,739813.41,4293631.09
2026-07-01 08:58:54,2026-06-30T22:58:54.059Z,1565.20,30194.00,1,0.006516,0.006516,0.006505,0.006505,3572121242.77,3573277558.99,3572121242.77,3573277558.99,2139132.75,2422573.85,-713653.99
2026-07-01 09:00:09,2026-06-30T23:00:09.219Z,1565.12,30194.00,0,0.006505,0.006505,0.00649,0.00649,3570710691.39,3570710691.39,3570710691.39,3570710691.39,941206.33,280448.98,-3217087.25
2026-07-01 09:01:07,2026-06-30T23:01:07.678Z,1564.76,30194.00,0,0.00649,0.00649,0.006423,0.006423,3572120348.58,3572120348.58,3572120348.58,3572120348.58,715292.52,330171.33,-5867172.11
2026-07-01 09:02:15,2026-06-30T23:02:15.742Z,1565.30,30194.00,0,0.006423,0.006423,0.006423,0.006423,3571398371.3,3575059102.34,3569348175.35,3572601826.17,606059.85,739308.34,-5658486.92
2026-07-01 09:03:18,2026-06-30T23:03:18.683Z,1565.27,30194.00,1,0.006423,0.006423,0.006329,0.006329,3572601826.17,3572845691.91,3570361446.64,3572563719.97,1771188.81,491218.81,-4209377.78
2026-07-01 09:04:33,2026-06-30T23:04:33.284Z,1564.47,30194.00,2,0.006329,0.006329,0.006312,0.006312,3572563719.97,3573934095.87,3572343134.29,3573914230.5,1273516.64,467313.88,-5298595.11
2026-07-01 09:05:42,2026-06-30T23:05:42.593Z,1564.28,30194.00,2,0.006312,0.006312,0.006312,0.006312,3573914230.5,3573914230.5,3570989907.71,3572310274.25,4518810.96,2882250.07,-8020901.37
2026-07-01 09:06:55,2026-06-30T23:06:55.797Z,1564.43,30194.00,0,0.006312,0.006312,0.006275,0.006275,3572310274.25,3572310274.25,3569886736.1,3571743072.45,2016467.25,1497095.54,-7222617.88
2026-07-01 09:08:03,2026-06-30T23:08:03.852Z,1565.41,30194.00,2,0.00627,0.006285,0.00627,0.006285,3572229868.34,3572229868.34,3572229868.34,3572229868.34,3441.89,892100.52,-2922804.30
2026-07-01 09:09:06,2026-06-30T23:09:06.936Z,1566.09,30194.00,2,0.006285,0.006285,0.006285,0.006285,3573277960.44,3573277960.44,3573277960.44,3573277960.44,41339.18,57776.29,4658141.89
2026-07-01 09:10:15,2026-06-30T23:10:15.271Z,1565.94,30194.00,2,0.006285,0.006304,0.006285,0.006304,3573748181.42,3575702128.99,3573748181.42,3575702128.99,415462.90,378642.09,2617387.13
2026-07-01 09:11:18,2026-06-30T23:11:18.402Z,1565.94,30194.00,1,0.006304,0.006304,0.006274,0.006274,3575702128.99,3575702128.99,3573864688.96,3574765985.13,224817.67,1040021.08,1433443.08
2026-07-01 09:12:21,2026-06-30T23:12:21.425Z,1565.96,30194.00,0,0.006274,0.006274,0.006274,0.006274,3574765985.13,3574765985.13,3573870936.73,3574658238.48,384204.18,57721.28,4164.03
2026-07-01 09:13:29,2026-06-30T23:13:29.394Z,1565.96,30194.00,0,0.006274,0.006274,0.006262,0.006262,3574658238.48,3575425921.75,3573462481.02,3575246590.66,327157.83,519562.11,670783.31
2026-07-01 09:14:42,2026-06-30T23:14:42.528Z,1565.87,30194.00,0,0.006262,0.006262,0.00624,0.00624,3575246590.66,3575252564.35,3574037607.97,3574037607.97,883918.80,291092.21,10156.68
2026-07-01 09:15:55,2026-06-30T23:15:55.739Z,1566.02,30194.00,0,0.00624,0.00624,0.00624,0.00624,3574037607.97,3575521492.19,3573758039.48,3575367802.62,6674701.34,3362697.95,2895079.92
2026-07-01 09:17:03,2026-06-30T23:17:03.740Z,1567.02,30194.00,3,0.00618,0.00618,0.00618,0.00618,3576417764.51,3576417764.51,3576417764.51,3576417764.51,1621278.76,9567.31,6372595.30
2026-07-01 09:18:06,2026-06-30T23:18:06.792Z,1567.30,30194.00,3,0.00617,0.006182,0.00617,0.006182,3576740304.7,3576740304.7,3576740304.7,3576740304.7,12721.30,80302.84,5440882.70
2026-07-01 09:19:14,2026-06-30T23:19:14.802Z,1566.95,30194.00,1,0.006182,0.006182,0.006182,0.006182,3577673031.51,3577673031.51,3574208576.09,3575504462.33,759853.38,213220.38,6532471.14
2026-07-01 09:20:17,2026-06-30T23:20:17.910Z,1566.74,30194.00,1,0.006182,0.006211,0.006182,0.006211,3575504462.33,3576431950.83,3575331146.74,3575735331.94,228544.10,284596.50,3307331.73
2026-07-01 09:21:31,2026-06-30T23:21:31.003Z,1566.73,30194.00,0,0.006211,0.006224,0.006211,0.006224,3575735331.94,3577205194.95,3575195696.19,3575195696.19,1856023.45,642847.44,1189236.09
2026-07-01 09:22:44,2026-06-30T23:22:44.184Z,1566.73,30194.00,1,0.006224,0.006224,0.006224,0.006224,3575195696.19,3576973828.75,3574842648.22,3575060840.39,911647.67,1388466.16,1496111.23
2026-07-01 09:23:52,2026-06-30T23:23:52.335Z,1566.96,30194.00,2,0.006224,0.006237,0.006224,0.006237,3575060840.39,3575460067.89,3574486171.24,3575143008.08,1928962.97,2313050.82,5499809.16
2026-07-01 09:24:55,2026-06-30T23:24:55.276Z,1566.96,30194.00,0,0.006237,0.006237,0.006217,0.006217,3575143008.08,3578220042.41,3575143008.08,3575733707.15,2949595.35,1026276.71,6862545.52
2026-07-01 09:26:08,2026-06-30T23:26:08.592Z,1567.53,30194.00,2,0.006217,0.00622,0.006217,0.00622,3576525615.45,3576525615.45,3576525615.45,3576525615.45,767619.16,262321.70,7038212.95
2026-07-01 09:27:16,2026-06-30T23:27:16.609Z,1567.74,30194.00,1,0.00622,0.006223,0.00622,0.006223,3579089336.52,3580050368.36,3578394750.97,3578394750.97,715355.10,122215.14,2327233.38
2026-07-01 09:28:19,2026-06-30T23:28:19.368Z,1568.20,30194.00,2,0.006223,0.006223,0.006201,0.006201,3578394750.97,3579421688.02,3578394750.97,3579340018.26,256631.31,1499687.35,1148313.41
2026-07-01 09:29:27,2026-06-30T23:29:27.389Z,1568.02,30194.00,1,0.006201,0.006201,0.006201,0.006201,3579340018.26,3579340018.26,3577434883.22,3577749563.28,99339.18,101729.23,-214303.18
2026-07-01 09:30:30,2026-06-30T23:30:30.567Z,1568.02,30194.00,0,0.006201,0.006201,0.006143,0.006143,3577749563.28,3578302832.62,3577416486.1,3578302832.62,305648.06,220923.31,551118.63
2026-07-01 09:31:43,2026-06-30T23:31:43.716Z,1566.90,30194.00,3,0.006143,0.006143,0.006063,0.006063,3578302832.62,3578302832.62,3577353725.31,3578045834.84,1145019.56,900568.74,947932.33
2026-07-01 09:32:51,2026-06-30T23:32:51.902Z,1567.24,30194.00,1,0.006063,0.006063,0.006063,0.006063,3578045834.84,3578045834.84,3575324614.67,3576584243.19,671627.67,1987948.07,-548384.92
2026-07-01 09:33:54,2026-06-30T23:33:54.817Z,1567.48,30194.00,0,0.006063,0.006063,0.005978,0.005978,3576584243.19,3580144326.85,3576584243.19,3580144326.85,582318.28,702197.52,742437.86
2026-07-01 09:35:08,2026-06-30T23:35:08.261Z,1568.21,30194.00,2,0.005983,0.005983,0.005983,0.005983,3580101123.74,3580101123.74,3580101123.74,3580101123.74,679178.77,212096.34,1221290.20
2026-07-01 09:36:16,2026-06-30T23:36:16.452Z,1568.20,30194.00,2,0.005983,0.006027,0.005983,0.006027,3580841802.49,3583414238.76,3580841802.49,3582549190.73,345658.17,301627.65,843341.97
2026-07-01 09:37:19,2026-06-30T23:37:19.315Z,1568.19,30194.00,1,0.006027,0.00609,0.006027,0.00609,3582549190.73,3582549190.73,3579828045.57,3580220198.58,475775.05,201199.55,1787502.68
2026-07-01 09:38:27,2026-06-30T23:38:27.681Z,1568.19,30194.00,1,0.00609,0.00609,0.00609,0.00609,3580220198.58,3581407985.08,3580220198.58,3581390348.71,225031.03,429361.99,1714406.77
2026-07-01 09:39:30,2026-06-30T23:39:30.616Z,1568.19,30194.00,0,0.00609,0.0061,0.00609,0.0061,3581390348.71,3581894779.15,3580598235.58,3580668087.17,117330.53,189638.15,-365184.78
2026-07-01 09:40:44,2026-06-30T23:40:44.000Z,1567.16,30194.00,3,0.0061,0.006135,0.0061,0.006135,3580668087.17,3580668087.17,3579963776.93,3579963776.93,567245.46,876146.92,-975389.98
2026-07-01 09:41:52,2026-06-30T23:41:52.036Z,1566.24,30194.00,4,0.006135,0.006135,0.006135,0.006135,3579963776.93,3580644278.77,3579678590.39,3580073413.43,559528.64,635967.87,-851399.83
2026-07-01 09:42:54,2026-06-30T23:42:54.866Z,1566.96,30194.00,1,0.006135,0.006135,0.006135,0.006135,3580073413.43,3580095801.87,3578352850.77,3578713544.37,2222414.97,2809464.44,-1552021.41
2026-07-01 09:44:07,2026-06-30T23:44:07.926Z,1567.02,30194.00,1,0.006126,0.006126,0.006106,0.006106,3581446349.36,3581446349.36,3581446349.36,3581446349.36,57406.10,106096.24,-898982.31
2026-07-01 09:45:15,2026-06-30T23:45:15.984Z,1567.40,30194.00,0,0.006106,0.006106,0.006106,0.006106,3579024492.56,3581219517,3579024492.56,3581094130.1,2018628.84,1168056.79,1087483.70
2026-07-01 09:46:18,2026-06-30T23:46:18.925Z,1567.88,30194.00,2,0.006106,0.006106,0.00608,0.00608,3581094130.1,3583025547.78,3581094130.1,3583025547.78,1244691.30,62837.14,1704094.95
2026-07-01 09:47:32,2026-06-30T23:47:32.089Z,1568.29,30194.00,2,0.00608,0.006098,0.00608,0.006098,3583025547.78,3583025547.78,3581401176.23,3582338194.86,4520783.80,894704.31,6510073.28
2026-07-01 09:48:40,2026-06-30T23:48:40.174Z,1568.92,30194.00,2,0.006098,0.006098,0.006098,0.006098,3582338194.86,3584820536.31,3582338194.86,3583663304.96,5909917.56,2284878.43,11666877.26
2026-07-01 09:49:43,2026-06-30T23:49:43.159Z,1568.92,30194.00,2,0.006098,0.006139,0.006098,0.006139,3583663304.96,3583663304.96,3580906352.02,3580906352.02,771852.30,1781496.56,11300341.33
2026-07-01 09:50:56,2026-06-30T23:50:56.661Z,1568.92,30194.00,2,0.006139,0.006166,0.006139,0.006166,3580906352.02,3581503675.23,3580204200.91,3580204200.91,1235788.73,1378078.79,10382676.96
2026-07-01 09:52:04,2026-06-30T23:52:04.715Z,1568.92,30194.00,0,0.006166,0.006166,0.006166,0.006166,3580672626.44,3580672626.44,3580672626.44,3580672626.44,101732.66,456.95,2695883.81
2026-07-01 09:53:07,2026-06-30T23:53:07.473Z,1568.57,30194.00,1,0.006089,0.006089,0.006082,0.006082,3580485183.26,3580485183.26,3580485183.26,3580485183.26,18462.37,10307.10,-2566908.22
2026-07-01 09:54:20,2026-06-30T23:54:20.685Z,1568.56,30194.00,0,0.006082,0.006082,0.006031,0.006031,3578739991.11,3580757945.13,3578739991.11,3580757945.13,2285907.96,700234.15,1907249.49
2026-07-01 09:55:28,2026-06-30T23:55:28.822Z,1568.56,30194.00,0,0.006031,0.006031,0.006031,0.006031,3580757945.13,3580955266.76,3579619014.79,3580955266.76,941990.39,906582.77,3757844.60
2026-07-01 09:56:31,2026-06-30T23:56:31.567Z,1568.47,30194.00,0,0.006031,0.006034,0.006031,0.006034,3580955266.76,3583037649.07,3580955266.76,3582370617.81,348842.91,70641.61,5115932.36
2026-07-01 09:57:39,2026-06-30T23:57:39.498Z,1568.52,30194.00,0,0.006034,0.006048,0.006034,0.006048,3582370617.81,3583458675.47,3582332586.68,3583094634,761547.62,627568.29,5999869.29
2026-07-01 09:58:42,2026-06-30T23:58:42.474Z,1568.99,30194.00,1,0.006048,0.006048,0.006048,0.006048,3583094634,3583513288.6,3583081920.61,3583169856.5,885646.93,311998.31,5184913.57
2026-07-01 09:59:50,2026-06-30T23:59:50.568Z,1569.40,30194.00,3,0.006048,0.006101,0.006048,0.006101,3583169856.5,3584542902.64,3583169856.5,3584357574.13,2513986.10,607477.73,7936616.24
