qld_time,timestamp,spot,net_gex_usd_1pct,zero_gamma,call_wall,put_wall,n_strikes
2026-08-01 10:06:42,2026-08-01T00:06:42.538Z,1861.76,-12450,1861.79,2000,1800,581
2026-08-01 10:21:42,2026-08-01T00:21:42.467Z,1863.14,485700,1861.92,2000,1800,581
2026-08-01 10:36:42,2026-08-01T00:36:42.415Z,1864.36,944940,1861.99,2000,1800,581
2026-08-01 10:51:42,2026-08-01T00:51:42.417Z,1864.58,1296390,1861.28,2000,1800,581
2026-08-01 11:06:42,2026-08-01T01:06:42.458Z,1865.31,1648642,1861.12,2000,1800,582
2026-08-01 11:21:42,2026-08-01T01:21:42.497Z,1864.52,1375204,1861.01,2000,1800,582
2026-08-01 11:36:42,2026-08-01T01:36:42.467Z,1864.17,1284747,1860.89,2000,1800,582
2026-08-01 11:51:42,2026-08-01T01:51:42.454Z,1863.53,1106857,1860.65,2000,1840,583
2026-08-01 12:06:42,2026-08-01T02:06:42.463Z,1865.48,1926303,1860.50,2000,1750,583
2026-08-01 12:21:42,2026-08-01T02:21:42.455Z,1867.64,2819480,1860.32,2000,1750,583
2026-08-01 12:36:42,2026-08-01T02:36:42.463Z,1866.58,2419153,1860.22,2000,1750,583
2026-08-01 12:51:42,2026-08-01T02:51:42.418Z,1866.78,2552599,1860.05,2000,1750,583
2026-08-01 13:06:42,2026-08-01T03:06:42.456Z,1865.26,2022892,1859.91,2000,1750,583
2026-08-01 13:21:42,2026-08-01T03:21:42.461Z,1865.54,2216156,1859.69,2000,1750,583
2026-08-01 13:36:42,2026-08-01T03:36:42.545Z,1865.72,2315762,1859.56,2000,1750,583
2026-08-01 13:51:42,2026-08-01T03:51:42.433Z,1866.70,2712761,1859.47,2000,1750,583
2026-08-01 14:06:42,2026-08-01T04:06:42.458Z,1866.49,2641637,1859.36,2000,1750,583
2026-08-01 14:21:42,2026-08-01T04:21:42.548Z,1868.03,3259492,1859.28,2000,1750,583
2026-08-01 14:36:42,2026-08-01T04:36:42.468Z,1867.59,3085864,1859.21,2000,1750,583
2026-08-01 14:51:42,2026-08-01T04:51:42.461Z,1867.97,3280634,1859.09,2000,1750,583
2026-08-01 15:06:42,2026-08-01T05:06:42.462Z,1868.59,3591780,1858.85,2000,1750,583
2026-08-01 15:21:42,2026-08-01T05:21:42.460Z,1867.08,3017049,1858.27,2000,1750,583
2026-08-01 15:36:42,2026-08-01T05:36:42.426Z,1866.68,2775909,1858.58,2000,1750,583
2026-08-01 15:51:42,2026-08-01T05:51:42.454Z,1863.81,1727910,1858.41,2000,1750,583
2026-08-01 16:06:42,2026-08-01T06:06:42.456Z,1864.72,2116709,1858.01,2000,1750,583
2026-08-01 16:21:42,2026-08-01T06:21:42.552Z,1867.39,3179170,1857.57,2000,1750,583
2026-08-01 16:36:42,2026-08-01T06:36:42.465Z,1867.99,3359509,1857.07,2000,1750,583
2026-08-01 16:51:42,2026-08-01T06:51:42.555Z,1868.84,3678873,1856.21,2000,1750,583
2026-08-01 17:06:42,2026-08-01T07:06:42.462Z,1867.85,3341464,1854.88,2000,1750,585
2026-08-01 17:21:42,2026-08-01T07:21:42.462Z,1866.32,2878887,1852.30,2000,1750,585
2026-08-01 17:36:42,2026-08-01T07:36:42.560Z,1867.81,3546043,1850.84,2000,1750,587
2026-08-01 17:51:42,2026-08-01T07:51:42.477Z,1867.81,3725008,1859.57,2000,1750,589
2026-08-01 18:06:42,2026-08-01T08:06:42.459Z,1867.73,3715522,1833.60,2000,1750,562
2026-08-01 18:21:42,2026-08-01T08:21:42.459Z,1867.48,3638207,1834.36,2000,1750,562
2026-08-01 18:36:42,2026-08-01T08:36:42.469Z,1866.92,3548449,1835.03,2000,1750,565
2026-08-01 18:51:42,2026-08-01T08:51:42.472Z,1866.60,3499436,1835.40,2000,1750,566
2026-08-01 19:06:42,2026-08-01T09:06:42.443Z,1866.59,3407867,1837.64,2000,1750,567
2026-08-01 19:21:42,2026-08-01T09:21:42.466Z,1868.39,3648045,1837.70,2000,1750,567
2026-08-01 19:36:42,2026-08-01T09:36:42.466Z,1868.43,3681478,1837.74,2000,1750,567
2026-08-01 19:51:42,2026-08-01T09:51:42.468Z,1866.71,3451556,1837.66,2000,1750,568
2026-08-01 20:06:42,2026-08-01T10:06:42.462Z,1862.70,2986420,1836.79,2000,1750,569
2026-08-01 20:21:42,2026-08-01T10:21:42.470Z,1864.16,3238246,1836.56,2000,1750,569
2026-08-01 20:36:42,2026-08-01T10:36:42.463Z,1863.01,3090687,1836.30,2000,1750,569
2026-08-01 20:51:42,2026-08-01T10:51:42.440Z,1865.94,3471428,1836.53,2000,1750,569
2026-08-01 21:06:42,2026-08-01T11:06:42.454Z,1864.71,3282997,1836.80,2000,1750,569
2026-08-01 21:21:42,2026-08-01T11:21:42.462Z,1865.83,3426001,1837.06,2000,1750,569
2026-08-01 21:36:42,2026-08-01T11:36:42.476Z,1864.89,3291197,1837.15,2000,1750,569
2026-08-01 21:51:42,2026-08-01T11:51:42.564Z,1864.63,3256016,1837.18,2000,1750,569
2026-08-01 22:06:42,2026-08-01T12:06:42.460Z,1866.31,3477505,1837.34,2000,1750,569
2026-08-01 22:21:42,2026-08-01T12:21:42.471Z,1865.81,3395739,1837.51,2000,1750,570
2026-08-01 22:36:42,2026-08-01T12:36:42.486Z,1865.72,3431622,1836.91,2000,1750,570
2026-08-01 22:51:42,2026-08-01T12:51:42.475Z,1867.63,3706662,1837.02,2000,1750,571
2026-08-01 23:06:42,2026-08-01T13:06:42.470Z,1866.71,3562791,1837.23,2000,1750,571
2026-08-01 23:21:42,2026-08-01T13:21:42.481Z,1866.85,3586724,1837.28,2000,1750,571
2026-08-01 23:36:42,2026-08-01T13:36:42.477Z,1867.15,3634284,1837.28,2000,1750,571
2026-08-01 23:51:42,2026-08-01T13:51:42.477Z,1866.18,3507493,1837.22,2000,1750,571
2026-08-02 00:06:42,2026-08-01T14:06:42.488Z,1869.08,3920499,1837.27,2000,1750,571
2026-08-02 00:21:42,2026-08-01T14:21:42.481Z,1870.28,4089296,1837.39,2000,1750,572
2026-08-02 00:36:42,2026-08-01T14:36:42.470Z,1870.83,4126618,1837.95,2000,1750,572
2026-08-02 00:51:42,2026-08-01T14:51:42.478Z,1870.78,4138316,1837.70,2000,1750,572
2026-08-02 01:06:42,2026-08-01T15:06:42.485Z,1872.45,4377898,1837.80,2000,1750,572
2026-08-02 01:21:42,2026-08-01T15:21:42.484Z,1871.61,4250497,1837.70,2000,1750,572
2026-08-02 01:36:42,2026-08-01T15:36:42.494Z,1869.87,4025856,1837.32,2000,1750,572
2026-08-02 01:51:42,2026-08-01T15:51:42.477Z,1868.95,3912945,1837.16,2000,1750,572
2026-08-02 02:06:42,2026-08-01T16:06:42.482Z,1868.81,3923925,1836.91,2000,1750,573
2026-08-02 02:21:42,2026-08-01T16:21:42.483Z,1867.83,3778529,1837.38,2000,1750,573
2026-08-02 02:36:42,2026-08-01T16:36:42.483Z,1870.31,4162792,1837.26,2000,1750,575
2026-08-02 02:51:42,2026-08-01T16:51:42.479Z,1867.01,3666029,1837.21,2000,1750,575
2026-08-02 03:06:42,2026-08-01T17:06:42.484Z,1867.38,3744730,1837.06,2000,1750,576
2026-08-02 03:21:42,2026-08-01T17:21:42.486Z,1863.38,3167264,1836.91,2000,1750,576
2026-08-02 03:36:42,2026-08-01T17:36:42.495Z,1857.75,2470929,1836.11,2000,1750,576
2026-08-02 03:51:42,2026-08-01T17:51:42.481Z,1857.90,2498583,1836.30,2000,1750,576
2026-08-02 04:06:42,2026-08-01T18:06:42.481Z,1859.66,2730981,1836.44,2000,1750,576
2026-08-02 04:21:42,2026-08-01T18:21:42.452Z,1853.88,2009219,1836.02,2000,1750,577
2026-08-02 04:36:42,2026-08-01T18:36:42.478Z,1840.77,686492,1834.18,2000,1800,583
2026-08-02 04:51:42,2026-08-01T18:51:42.506Z,1824.85,-611633,1831.23,2000,1750,584
2026-08-02 05:06:42,2026-08-01T19:06:42.582Z,1836.31,460357,1831.71,2000,1750,587
2026-08-02 05:21:42,2026-08-01T19:21:42.488Z,1835.68,387659,1831.78,2000,1800,588
2026-08-02 05:36:42,2026-08-01T19:36:42.487Z,1835.86,379970,1832.27,2000,1800,588
2026-08-02 05:51:42,2026-08-01T19:51:42.484Z,1836.69,425123,1832.71,2000,1800,590
2026-08-02 06:06:42,2026-08-01T20:06:42.493Z,1836.23,368591,1832.75,2000,1800,590
2026-08-02 06:21:42,2026-08-01T20:21:42.500Z,1837.56,493883,1832.96,2000,1800,590
2026-08-02 06:36:42,2026-08-01T20:36:42.579Z,1835.53,266610,1832.98,2000,1800,590
2026-08-02 06:51:42,2026-08-01T20:51:42.479Z,1835.84,332558,1832.68,2000,1800,590
2026-08-02 07:06:42,2026-08-01T21:06:42.504Z,1838.18,528844,1833.25,2000,1800,590
2026-08-02 07:21:42,2026-08-01T21:21:42.496Z,1839.65,668941,1833.45,2000,1800,590
2026-08-02 07:36:42,2026-08-01T21:36:42.498Z,1842.26,923875,1833.86,2000,1800,590
2026-08-02 07:51:42,2026-08-01T21:51:42.495Z,1843.17,935424,1834.71,2000,1800,590
2026-08-02 08:06:42,2026-08-01T22:06:42.492Z,1845.04,1100841,1835.26,2000,1800,590
2026-08-02 08:21:42,2026-08-01T22:21:42.502Z,1845.90,1142155,1835.84,2000,1800,590
2026-08-02 08:36:42,2026-08-01T22:36:42.466Z,1844.86,991616,1836.03,2000,1800,590
2026-08-02 08:51:42,2026-08-01T22:51:42.506Z,1846.05,1122151,1836.17,2000,1800,591
2026-08-02 09:06:42,2026-08-01T23:06:42.500Z,1845.20,1000221,1836.31,2000,1800,591
2026-08-02 09:21:42,2026-08-01T23:21:42.499Z,1843.10,743028,1836.32,2000,1800,591
2026-08-02 09:36:42,2026-08-01T23:36:42.591Z,1843.01,755366,1836.09,2000,1800,591
2026-08-02 09:51:42,2026-08-01T23:51:42.499Z,1843.37,768723,1836.32,2000,1800,591
2026-08-02 10:06:42,2026-08-02T00:06:42.502Z,1846.11,1062502,1836.65,2000,1800,591
2026-08-02 10:21:42,2026-08-02T00:21:42.509Z,1845.86,994642,1836.89,2000,1800,591
2026-08-02 10:36:42,2026-08-02T00:36:42.598Z,1842.68,638689,1836.71,2000,1800,591
2026-08-02 10:51:42,2026-08-02T00:51:42.501Z,1842.85,655460,1836.71,2000,1800,591
2026-08-02 11:06:42,2026-08-02T01:06:42.480Z,1849.23,1703541,1834.97,2000,1800,591
2026-08-02 11:21:42,2026-08-02T01:21:42.494Z,1852.95,2121486,1835.37,2000,1800,591
2026-08-02 11:36:42,2026-08-02T01:36:42.502Z,1855.26,2457795,1835.56,2000,1800,591
2026-08-02 11:51:42,2026-08-02T01:51:42.501Z,1854.58,2301204,1835.87,2000,1800,591
2026-08-02 12:06:42,2026-08-02T02:06:42.500Z,1857.70,2766183,1835.99,2000,1800,591
2026-08-02 12:21:42,2026-08-02T02:21:42.504Z,1878.18,6489093,1837.10,2000,1800,591
2026-08-02 12:36:42,2026-08-02T02:36:42.512Z,1871.33,5168337,1837.53,2000,1800,591
2026-08-02 12:51:42,2026-08-02T02:51:42.598Z,1873.38,5588447,1838.33,2000,1800,591
2026-08-02 13:06:42,2026-08-02T03:06:42.502Z,1873.69,5587830,1839.34,2000,1800,591
2026-08-02 13:21:42,2026-08-02T03:21:42.505Z,1875.75,6043193,1839.32,2000,1800,591
2026-08-02 13:36:42,2026-08-02T03:36:42.511Z,1875.96,6116960,1839.39,2000,1800,591
2026-08-02 13:51:42,2026-08-02T03:51:42.502Z,1874.70,5869569,1839.31,2000,1800,591
2026-08-02 14:06:42,2026-08-02T04:06:42.499Z,1877.08,6369875,1839.55,2000,1800,591
2026-08-02 14:21:42,2026-08-02T04:21:42.514Z,1878.31,6656905,1839.67,2000,1800,592
2026-08-02 14:36:42,2026-08-02T04:36:42.475Z,1877.85,6606838,1840.12,2000,1800,592
2026-08-02 14:51:42,2026-08-02T04:51:42.508Z,1876.61,6414360,1840.03,2000,1800,592
2026-08-02 15:06:42,2026-08-02T05:06:42.506Z,1876.05,6363229,1840.46,2000,1800,592
2026-08-02 15:21:42,2026-08-02T05:21:42.508Z,1875.64,6321360,1840.68,2000,1800,592
2026-08-02 15:36:42,2026-08-02T05:36:42.500Z,1873.83,5884914,1841.08,2000,1800,592
2026-08-02 15:51:42,2026-08-02T05:51:42.509Z,1873.05,5706515,1841.19,2000,1800,592
2026-08-02 16:06:42,2026-08-02T06:06:42.505Z,1875.10,6343278,1841.75,2000,1800,592
2026-08-02 16:21:42,2026-08-02T06:21:42.972Z,1874.95,6372713,1842.13,2000,1800,592
2026-08-02 16:36:42,2026-08-02T06:36:42.479Z,1874.99,6415240,1843.08,2000,1800,592
2026-08-02 16:51:42,2026-08-02T06:51:42.615Z,1874.91,6508490,1843.09,2000,1800,592
2026-08-02 17:06:42,2026-08-02T07:06:42.600Z,1875.03,6608784,1843.75,2000,1800,592
2026-08-02 17:21:42,2026-08-02T07:21:42.510Z,1876.12,7190167,1844.48,2000,1800,592
2026-08-02 17:36:42,2026-08-02T07:36:42.507Z,1875.72,6862447,1845.01,2000,1800,593
2026-08-02 17:51:42,2026-08-02T07:51:42.509Z,1875.50,5754609,1845.21,2000,1800,594
2026-08-02 18:06:42,2026-08-02T08:06:42.503Z,1873.79,5132122,1833.87,2000,1800,566
2026-08-02 18:21:42,2026-08-02T08:21:42.510Z,1874.26,5189624,1834.36,2000,1800,566
2026-08-02 18:36:42,2026-08-02T08:36:42.517Z,1870.37,4648473,1834.48,2000,1800,566
2026-08-02 18:51:42,2026-08-02T08:51:42.517Z,1866.80,4173790,1834.65,2000,1800,570
2026-08-02 19:06:42,2026-08-02T09:06:42.513Z,1862.84,3671654,1834.36,2000,1800,571
2026-08-02 19:21:42,2026-08-02T09:21:42.511Z,1868.23,4404654,1834.70,2000,1800,574
2026-08-02 19:36:42,2026-08-02T09:36:42.550Z,1869.58,4591547,1835.02,2000,1800,577
2026-08-02 19:51:42,2026-08-02T09:51:42.482Z,1869.00,4499656,1835.25,2000,1800,577
2026-08-02 20:06:42,2026-08-02T10:06:42.521Z,1868.95,4489786,1835.37,2000,1800,577
2026-08-02 20:21:42,2026-08-02T10:21:42.511Z,1867.28,4284038,1835.20,2000,1800,577
2026-08-02 20:36:42,2026-08-02T10:36:42.608Z,1867.28,4314942,1834.93,2000,1800,577
2026-08-02 20:51:42,2026-08-02T10:51:42.489Z,1867.19,4282402,1835.27,2000,1800,577
2026-08-02 21:06:42,2026-08-02T11:06:42.517Z,1866.55,4184010,1835.44,2000,1800,577
2026-08-02 21:21:42,2026-08-02T11:21:42.531Z,1865.45,4021114,1835.58,2000,1800,578
2026-08-02 21:36:42,2026-08-02T11:36:42.611Z,1861.32,3462078,1835.25,2000,1800,578
2026-08-02 21:51:42,2026-08-02T11:51:42.518Z,1854.68,2621626,1834.27,2000,1800,578
2026-08-02 22:06:42,2026-08-02T12:06:42.498Z,1852.84,2467229,1833.68,2000,1800,578
2026-08-02 22:21:42,2026-08-02T12:21:42.531Z,1856.96,3011390,1834.00,2000,1800,578
2026-08-02 22:36:42,2026-08-02T12:36:42.544Z,1857.01,3050000,1833.68,2000,1800,579
2026-08-02 22:51:42,2026-08-02T12:51:42.520Z,1855.33,2819958,1833.59,2000,1800,579
2026-08-02 23:06:42,2026-08-02T13:06:42.522Z,1854.72,2782958,1833.34,2000,1800,581
2026-08-02 23:21:42,2026-08-02T13:21:42.515Z,1854.17,2987042,1831.89,2000,1800,581
2026-08-02 23:36:42,2026-08-02T13:36:42.520Z,1852.96,2636773,1833.77,2000,1800,581
2026-08-02 23:51:42,2026-08-02T13:51:42.525Z,1854.01,2794357,1833.78,2000,1800,581
2026-08-03 00:06:42,2026-08-02T14:06:42.520Z,1850.81,2344968,1833.69,2000,1800,581
2026-08-03 00:21:42,2026-08-02T14:21:42.536Z,1854.78,2915033,1833.86,2000,1800,581
2026-08-03 00:36:42,2026-08-02T14:36:42.618Z,1856.01,3080640,1834.03,2000,1800,581
2026-08-03 00:51:42,2026-08-02T14:51:42.526Z,1855.14,2928221,1834.24,2000,1800,582
2026-08-03 01:06:42,2026-08-02T15:06:42.536Z,1853.95,2783367,1834.08,2000,1800,584
2026-08-03 01:21:42,2026-08-02T15:21:42.533Z,1856.15,3061934,1834.60,2000,1800,584
2026-08-03 01:36:42,2026-08-02T15:36:42.547Z,1858.08,3323987,1835.12,2000,1800,584
2026-08-03 01:51:42,2026-08-02T15:51:42.529Z,1857.26,3152478,1835.56,2000,1800,584
2026-08-03 02:06:42,2026-08-02T16:06:42.533Z,1855.23,2852847,1835.51,2000,1800,584
2026-08-03 02:21:42,2026-08-02T16:21:42.559Z,1856.95,3115373,1835.62,2000,1800,584
2026-08-03 02:36:42,2026-08-02T16:36:42.538Z,1859.44,3428815,1836.32,2000,1800,584
2026-08-03 02:51:42,2026-08-02T16:51:42.534Z,1862.08,3784271,1836.79,2000,1800,584
2026-08-03 03:06:42,2026-08-02T17:06:42.535Z,1861.22,3649367,1836.80,2000,1800,584
2026-08-03 03:21:42,2026-08-02T17:21:42.530Z,1863.44,3989788,1837.05,2000,1800,584
2026-08-03 03:36:42,2026-08-02T17:36:42.533Z,1866.42,4475963,1837.20,2000,1800,584
2026-08-03 03:51:42,2026-08-02T17:51:42.535Z,1866.98,4543940,1837.48,2000,1800,584
2026-08-03 04:06:42,2026-08-02T18:06:42.546Z,1867.95,4685628,1837.71,2000,1800,584
2026-08-03 04:21:42,2026-08-02T18:21:42.540Z,1868.09,4710234,1837.83,2000,1800,584
2026-08-03 04:36:42,2026-08-02T18:36:42.548Z,1871.53,5293868,1838.00,2000,1800,584
2026-08-03 04:51:42,2026-08-02T18:51:42.543Z,1873.81,5692904,1838.33,2000,1800,584
2026-08-03 05:06:42,2026-08-02T19:06:42.538Z,1875.62,6040907,1838.44,2000,1800,584
2026-08-03 05:21:42,2026-08-02T19:21:42.530Z,1874.52,5862201,1838.48,2000,1800,584
2026-08-03 05:36:42,2026-08-02T19:36:42.537Z,1875.62,6066341,1838.53,2000,1800,584
2026-08-03 05:51:42,2026-08-02T19:51:42.539Z,1881.82,7108433,1838.72,2000,1800,584
2026-08-03 06:06:42,2026-08-02T20:06:42.544Z,1878.49,6514347,1838.91,2000,1800,584
2026-08-03 06:21:42,2026-08-02T20:21:42.535Z,1878.95,6577616,1838.90,2000,1800,584
2026-08-03 06:36:42,2026-08-02T20:36:42.532Z,1879.78,6721653,1839.04,2000,1800,584
2026-08-03 06:51:42,2026-08-02T20:51:42.547Z,1881.37,6975502,1839.09,2000,1800,584
2026-08-03 07:06:42,2026-08-02T21:06:42.538Z,1881.37,6971435,1839.17,2000,1800,584
2026-08-03 07:21:42,2026-08-02T21:21:42.540Z,1883.85,7393202,1839.32,2000,1800,584
2026-08-03 07:36:42,2026-08-02T21:36:42.533Z,1885.47,7654309,1839.44,2000,1800,584
2026-08-03 07:51:42,2026-08-02T21:51:42.537Z,1891.47,8621100,1839.62,2000,1800,586
2026-08-03 08:06:42,2026-08-02T22:06:42.544Z,1894.87,9235414,1839.51,2000,1800,586
2026-08-03 08:21:42,2026-08-02T22:21:42.613Z,1890.75,8563388,1839.71,2000,1800,587
2026-08-03 08:36:42,2026-08-02T22:36:42.601Z,1883.35,7364046,1839.39,2000,1800,587
2026-08-03 08:51:42,2026-08-02T22:51:42.687Z,1880.39,6863144,1839.49,2000,1800,587
2026-08-03 09:06:42,2026-08-02T23:06:42.541Z,1876.68,6216268,1839.43,2000,1800,587
2026-08-03 09:21:42,2026-08-02T23:21:42.536Z,1879.25,6743186,1839.52,2000,1800,587
2026-08-03 09:36:42,2026-08-02T23:36:42.555Z,1881.96,7237825,1839.84,2000,1800,587
2026-08-03 09:51:42,2026-08-02T23:51:42.544Z,1883.29,7504021,1840.17,2000,1800,587
2026-08-03 10:06:42,2026-08-03T00:06:42.516Z,1877.47,6400770,1840.51,2000,1800,589
2026-08-03 10:21:42,2026-08-03T00:21:42.554Z,1876.32,6228809,1840.30,2000,1800,590
2026-08-03 10:36:42,2026-08-03T00:36:42.531Z,1874.60,5938753,1839.89,2000,1800,590
2026-08-03 10:51:42,2026-08-03T00:51:42.559Z,1871.36,5336129,1839.97,2000,1800,590
2026-08-03 11:06:42,2026-08-03T01:06:42.548Z,1872.30,5531436,1840.05,2000,1800,590
2026-08-03 11:21:42,2026-08-03T01:21:42.552Z,1867.87,4586200,1841.09,2000,1800,590
2026-08-03 11:36:42,2026-08-03T01:36:42.549Z,1867.62,4530448,1841.33,2000,1800,590
2026-08-03 11:51:42,2026-08-03T01:51:42.613Z,1864.91,3921743,1842.30,2000,1800,590
2026-08-03 12:06:42,2026-08-03T02:06:42.636Z,1864.76,3946354,1842.10,2000,1800,590
2026-08-03 12:21:42,2026-08-03T02:21:42.594Z,1869.00,4738105,1842.65,2000,1800,590
2026-08-03 12:36:42,2026-08-03T02:36:42.557Z,1864.55,3848998,1842.83,2000,1800,592
2026-08-03 12:51:42,2026-08-03T02:51:42.722Z,1864.43,3755622,1843.44,2000,1800,592
2026-08-03 13:06:42,2026-08-03T03:06:42.631Z,1861.93,3287346,1843.46,2000,1800,592
2026-08-03 13:21:42,2026-08-03T03:21:42.566Z,1861.88,3241923,1843.83,2000,1800,592
2026-08-03 13:36:42,2026-08-03T03:36:42.747Z,1859.10,2672210,1844.17,2000,1800,592
2026-08-03 13:51:42,2026-08-03T03:51:42.647Z,1857.66,2390714,1844.65,2000,1800,593
2026-08-03 14:06:42,2026-08-03T04:06:42.548Z,1857.75,2321999,1845.24,2000,1800,593
2026-08-03 14:21:42,2026-08-03T04:21:42.561Z,1858.38,2333000,1846.10,2000,1800,593
2026-08-03 14:36:42,2026-08-03T04:36:42.574Z,1859.57,2475206,1846.76,2000,1800,593
2026-08-03 14:51:42,2026-08-03T04:51:42.573Z,1856.58,1866181,1846.84,2000,1800,593
2026-08-03 15:06:42,2026-08-03T05:06:42.553Z,1853.36,1228008,1846.85,2000,1800,593
2026-08-03 15:21:42,2026-08-03T05:21:42.554Z,1854.48,1411457,1847.11,2000,1800,593
2026-08-03 15:36:42,2026-08-03T05:36:42.654Z,1854.42,1425654,1847.07,2000,1800,593
2026-08-03 15:51:42,2026-08-03T05:51:42.582Z,1857.85,2156206,1847.76,2000,1800,593
2026-08-03 16:06:42,2026-08-03T06:06:42.529Z,1858.12,2178397,1848.03,2000,1800,594
2026-08-03 16:21:42,2026-08-03T06:21:42.560Z,1854.54,1388084,1847.92,2000,1800,594
2026-08-03 16:36:42,2026-08-03T06:36:42.560Z,1853.75,1301452,1847.78,2000,1800,594
2026-08-03 16:51:42,2026-08-03T06:51:42.650Z,1849.32,418304,1847.65,2000,1800,594
2026-08-03 17:06:42,2026-08-03T07:06:42.644Z,1845.46,-1025435,1848.72,2000,1840,594
2026-08-03 17:21:42,2026-08-03T07:21:42.562Z,1839.97,-2605915,1848.10,2000,1840,595
2026-08-03 17:36:42,2026-08-03T07:36:42.563Z,1843.58,-2378383,1847.73,2000,1840,595
2026-08-03 17:51:42,2026-08-03T07:51:42.679Z,1842.15,-4789176,1846.13,2000,1840,595
2026-08-03 18:06:42,2026-08-03T08:06:42.560Z,1841.30,598735,1836.56,2000,1800,564
2026-08-03 18:21:42,2026-08-03T08:21:42.559Z,1830.87,-783429,1837.20,2000,1800,565
2026-08-03 18:36:42,2026-08-03T08:36:42.556Z,1831.15,-746364,1837.15,2000,1800,566
2026-08-03 18:51:42,2026-08-03T08:51:42.556Z,1834.65,-331024,1837.24,2000,1800,566
2026-08-03 19:06:42,2026-08-03T09:06:42.557Z,1837.24,-92030,1837.93,2000,1800,567
2026-08-03 19:21:42,2026-08-03T09:21:42.675Z,1839.64,213521,1838.01,2000,1800,567
2026-08-03 19:36:42,2026-08-03T09:36:42.560Z,1840.71,356057,1838.03,2000,1800,567
2026-08-03 19:51:42,2026-08-03T09:51:42.560Z,1845.48,1019420,1838.01,2000,1800,567
2026-08-03 20:06:42,2026-08-03T10:06:42.563Z,1847.81,1282947,1838.51,2000,1800,567
2026-08-03 20:21:42,2026-08-03T10:21:42.553Z,1848.57,1400907,1838.47,2000,1800,567
2026-08-03 20:36:42,2026-08-03T10:36:42.570Z,1844.32,825860,1838.32,2000,1800,567
2026-08-03 20:51:42,2026-08-03T10:51:42.575Z,1841.16,417510,1838.11,2000,1800,567
2026-08-03 21:06:42,2026-08-03T11:06:42.557Z,1839.49,108250,1838.69,2000,1800,567
2026-08-03 21:21:42,2026-08-03T11:21:42.583Z,1844.45,832484,1838.51,2000,1800,568
2026-08-03 21:36:42,2026-08-03T11:36:42.546Z,1844.68,844657,1838.67,2000,1800,568
2026-08-03 21:51:42,2026-08-03T11:51:42.555Z,1839.99,203926,1838.51,2000,1800,568
2026-08-03 22:06:42,2026-08-03T12:06:42.658Z,1834.99,-362819,1837.64,2000,1800,568
2026-08-03 22:21:42,2026-08-03T12:21:42.638Z,1839.82,310335,1837.57,2000,1800,568
2026-08-03 22:36:42,2026-08-03T12:36:42.635Z,1839.00,192234,1837.60,2000,1800,568
2026-08-03 22:51:42,2026-08-03T12:51:42.573Z,1840.63,397126,1837.78,2000,1800,568
2026-08-03 23:06:42,2026-08-03T13:06:42.674Z,1841.13,422620,1838.12,2000,1800,568
2026-08-03 23:21:42,2026-08-03T13:21:42.567Z,1848.21,1377770,1838.71,2000,1800,568
2026-08-03 23:36:42,2026-08-03T13:36:42.686Z,1844.89,1011006,1837.78,2000,1800,568
2026-08-03 23:51:42,2026-08-03T13:51:42.591Z,1848.35,1494513,1837.98,2000,1800,568
2026-08-04 00:06:42,2026-08-03T14:06:42.831Z,1852.68,2029578,1839.01,2000,1800,568
2026-08-04 00:21:42,2026-08-03T14:21:42.575Z,1850.24,1632746,1839.22,2000,1800,570
2026-08-04 00:36:42,2026-08-03T14:36:42.692Z,1860.88,3248425,1839.81,2000,1800,570
2026-08-04 00:51:42,2026-08-03T14:51:42.768Z,1865.46,3956611,1840.13,2000,1800,570
2026-08-04 01:06:42,2026-08-03T15:06:42.706Z,1863.64,3621150,1840.49,2000,1800,571
2026-08-04 01:21:42,2026-08-03T15:21:42.676Z,1864.45,3728391,1840.80,2000,1800,571
2026-08-04 01:36:42,2026-08-03T15:36:42.678Z,1861.43,3219377,1841.00,2000,1800,571
2026-08-04 01:51:42,2026-08-03T15:51:42.688Z,1862.69,3403297,1841.26,2000,1800,571
2026-08-04 02:06:42,2026-08-03T16:06:42.667Z,1864.49,3669800,1841.67,2000,1800,571
2026-08-04 02:21:42,2026-08-03T16:21:42.585Z,1866.01,3890719,1842.03,2000,1800,571
2026-08-04 02:36:42,2026-08-03T16:36:42.588Z,1866.28,3933427,1842.18,2000,1800,572
2026-08-04 02:51:42,2026-08-03T16:51:42.587Z,1865.59,3848771,1842.10,2000,1800,572
2026-08-04 03:06:42,2026-08-03T17:06:42.706Z,1866.15,3999302,1841.97,2000,1800,572
2026-08-04 03:21:42,2026-08-03T17:21:42.578Z,1867.38,4169394,1842.34,2000,1800,572
2026-08-04 03:36:42,2026-08-03T17:36:42.594Z,1868.59,4384039,1842.43,2000,1800,572
2026-08-04 03:51:42,2026-08-03T17:51:42.689Z,1867.07,4106672,1842.57,2000,1800,572
2026-08-04 04:06:42,2026-08-03T18:06:42.607Z,1868.79,4412672,1842.67,2000,1800,572
2026-08-04 04:21:42,2026-08-03T18:21:42.697Z,1870.50,4700549,1842.94,2000,1800,572
2026-08-04 04:36:42,2026-08-03T18:36:42.724Z,1867.53,4175246,1842.94,2000,1800,572
2026-08-04 04:51:42,2026-08-03T18:51:42.711Z,1866.74,4059663,1842.92,2000,1800,572
2026-08-04 05:06:42,2026-08-03T19:06:42.683Z,1868.43,4364701,1842.99,2000,1800,572
2026-08-04 05:21:42,2026-08-03T19:21:42.709Z,1868.30,4318168,1843.24,2000,1800,572
2026-08-04 05:36:42,2026-08-03T19:36:42.590Z,1870.24,4582657,1843.89,2000,1800,572
2026-08-04 05:51:42,2026-08-03T19:51:42.626Z,1871.06,4703011,1844.26,2000,1800,572
2026-08-04 06:06:42,2026-08-03T20:06:42.634Z,1869.44,4386521,1844.47,2000,1800,572
2026-08-04 06:21:42,2026-08-03T20:21:42.684Z,1872.95,4927011,1845.31,2000,1800,572
2026-08-04 06:36:42,2026-08-03T20:36:42.700Z,1871.45,4654364,1845.26,2000,1800,572
2026-08-04 06:51:42,2026-08-03T20:51:42.598Z,1864.88,3450436,1845.12,2000,1800,572
2026-08-04 07:06:42,2026-08-03T21:06:42.779Z,1865.68,3615452,1845.10,2000,1800,572
2026-08-04 07:21:42,2026-08-03T21:21:42.686Z,1864.01,3351787,1844.87,2000,1800,572
2026-08-04 07:36:42,2026-08-03T21:36:42.594Z,1865.49,3629575,1844.93,2000,1800,572
2026-08-04 07:51:42,2026-08-03T21:51:42.690Z,1866.01,3684141,1845.23,2000,1800,572
2026-08-04 08:06:42,2026-08-03T22:06:42.722Z,1852.41,1162589,1845.48,2000,1800,572
2026-08-04 08:21:42,2026-08-03T22:21:42.716Z,1859.39,2268754,1846.41,2000,1800,572
2026-08-04 08:36:42,2026-08-03T22:36:42.601Z,1855.88,1649497,1846.32,2000,1800,572
2026-08-04 08:51:42,2026-08-03T22:51:42.714Z,1856.85,1852984,1846.18,2000,1800,572
2026-08-04 09:06:42,2026-08-03T23:06:42.599Z,1856.28,1715242,1846.41,2000,1800,572
2026-08-04 09:21:42,2026-08-03T23:21:42.606Z,1855.82,1651146,1846.33,2000,1800,572
2026-08-04 09:36:42,2026-08-03T23:36:42.684Z,1855.95,1663780,1846.41,2000,1800,572
2026-08-04 09:51:42,2026-08-03T23:51:42.598Z,1856.13,1693453,1846.45,2000,1800,573
2026-08-04 10:06:42,2026-08-04T00:06:42.635Z,1858.69,2121997,1846.75,2000,1800,573
2026-08-04 10:21:42,2026-08-04T00:21:42.691Z,1856.59,1745555,1846.81,2000,1800,573
2026-08-04 10:36:42,2026-08-04T00:36:42.608Z,1851.10,736321,1846.92,2000,1800,573
2026-08-04 10:51:42,2026-08-04T00:51:42.656Z,1851.97,760089,1847.72,2000,1800,573
2026-08-04 11:06:42,2026-08-04T01:06:42.611Z,1849.36,249228,1847.93,2000,1800,573
2026-08-04 11:21:42,2026-08-04T01:21:42.612Z,1853.19,892646,1848.24,2000,1800,573
2026-08-04 11:36:42,2026-08-04T01:36:42.702Z,1858.56,1702939,1849.42,2000,1800,573
2026-08-04 11:51:42,2026-08-04T01:51:42.676Z,1863.55,2606761,1849.87,2000,1800,574
2026-08-04 12:06:42,2026-08-04T02:06:42.608Z,1862.79,2150881,1851.72,2000,1800,574
2026-08-04 12:21:42,2026-08-04T02:21:42.705Z,1861.78,2028034,1851.35,2000,1800,574
2026-08-04 12:36:42,2026-08-04T02:36:42.695Z,1867.34,3234402,1851.25,2000,1800,574
2026-08-04 12:51:42,2026-08-04T02:51:42.706Z,1865.61,2739449,1851.81,2000,1800,574
2026-08-04 13:06:42,2026-08-04T03:06:42.703Z,1862.95,2161223,1851.83,2000,1800,574
2026-08-04 13:21:42,2026-08-04T03:21:42.610Z,1858.16,1234772,1851.57,2000,1800,574
2026-08-04 13:36:42,2026-08-04T03:36:42.613Z,1862.72,2141235,1851.60,2000,1800,574
2026-08-04 13:51:42,2026-08-04T03:51:42.731Z,1863.88,2331811,1851.84,2000,1800,574
2026-08-04 14:06:42,2026-08-04T04:06:42.642Z,1860.85,1713443,1851.79,2000,1800,574
2026-08-04 14:21:42,2026-08-04T04:21:42.613Z,1864.60,2388092,1852.27,2000,1800,574
2026-08-04 14:36:42,2026-08-04T04:36:42.619Z,1866.34,2659247,1852.85,2000,1800,574
2026-08-04 14:51:42,2026-08-04T04:51:42.696Z,1869.78,3334309,1853.19,2000,1800,574
2026-08-04 15:06:42,2026-08-04T05:06:42.739Z,1864.66,2246423,1852.88,2000,1800,574
2026-08-04 15:21:42,2026-08-04T05:21:42.703Z,1863.65,2142248,1852.24,2000,1800,574
2026-08-04 15:36:42,2026-08-04T05:36:42.707Z,1863.15,2052999,1852.03,2000,1800,574
2026-08-04 15:51:42,2026-08-04T05:51:42.611Z,1862.84,1986219,1851.94,2000,1800,574
2026-08-04 16:06:42,2026-08-04T06:06:42.620Z,1862.68,1953563,1851.83,2000,1800,574
2026-08-04 16:21:42,2026-08-04T06:21:42.615Z,1864.77,2494017,1851.33,2000,1800,574
2026-08-04 16:36:42,2026-08-04T06:36:42.697Z,1861.28,1886063,1851.17,2000,1800,575
2026-08-04 16:51:42,2026-08-04T06:51:42.754Z,1853.80,620905,1850.79,2000,1800,576
2026-08-04 17:06:42,2026-08-04T07:06:42.612Z,1856.47,1239154,1850.75,2000,1800,576
2026-08-04 17:21:42,2026-08-04T07:21:42.632Z,1852.94,524041,1850.53,2000,1800,576
2026-08-04 17:36:42,2026-08-04T07:36:42.629Z,1858.95,2305620,1850.98,2000,1800,576
2026-08-04 17:51:42,2026-08-04T07:51:42.630Z,1860.17,3807162,1850.91,1860,1800,576
2026-08-04 18:06:42,2026-08-04T08:06:42.713Z,1861.84,1874643,1849.53,2000,1800,543
2026-08-04 18:21:42,2026-08-04T08:21:42.755Z,1858.45,1356773,1849.55,2000,1800,543
2026-08-04 18:36:42,2026-08-04T08:36:42.592Z,1855.97,976885,1849.57,2000,1800,545
2026-08-04 18:51:42,2026-08-04T08:51:42.618Z,1856.67,1102174,1849.60,2000,1800,547
2026-08-04 19:06:42,2026-08-04T09:06:42.703Z,1855.61,862511,1850.13,2000,1800,548
2026-08-04 19:21:42,2026-08-04T09:21:42.621Z,1853.46,551696,1849.97,2000,1800,549
2026-08-04 19:36:42,2026-08-04T09:36:42.641Z,1854.28,667185,1850.08,2000,1800,549
2026-08-04 19:51:42,2026-08-04T09:51:42.616Z,1854.94,773573,1850.08,2000,1800,550
2026-08-04 20:06:42,2026-08-04T10:06:42.627Z,1855.26,945613,1849.32,2000,1800,553
2026-08-04 20:21:42,2026-08-04T10:21:42.627Z,1855.34,982104,1849.19,2000,1800,553
2026-08-04 20:36:42,2026-08-04T10:36:42.647Z,1854.04,776519,1849.16,2000,1800,553
2026-08-04 20:51:42,2026-08-04T10:51:42.628Z,1866.14,2782640,1849.18,2000,1800,555
2026-08-04 21:06:42,2026-08-04T11:06:42.743Z,1865.60,2760287,1848.92,2000,1800,555
2026-08-04 21:21:42,2026-08-04T11:21:42.699Z,1867.27,3057874,1848.98,2000,1800,555
2026-08-04 21:36:42,2026-08-04T11:36:42.625Z,1865.85,2806313,1849.03,2000,1800,556
2026-08-04 21:51:42,2026-08-04T11:51:42.625Z,1871.93,3865493,1849.01,2000,1800,556
2026-08-04 22:06:42,2026-08-04T12:06:42.635Z,1868.43,3249577,1848.97,2000,1800,556
2026-08-04 22:21:42,2026-08-04T12:21:42.708Z,1869.18,3462641,1848.56,2000,1800,556
2026-08-04 22:36:42,2026-08-04T12:36:42.721Z,1875.90,4569683,1848.95,2000,1800,557
2026-08-04 22:51:42,2026-08-04T12:51:42.628Z,1875.67,4067986,1852.47,2000,1800,557
2026-08-04 23:06:42,2026-08-04T13:06:42.626Z,1875.51,4071693,1852.38,2000,1800,557
2026-08-04 23:21:42,2026-08-04T13:21:42.760Z,1871.83,3474939,1852.10,2000,1800,560
2026-08-04 23:36:42,2026-08-04T13:36:42.726Z,1872.90,3850465,1851.40,2000,1800,561
2026-08-04 23:51:42,2026-08-04T13:51:42.631Z,1864.77,2504885,1850.73,2000,1800,563
2026-08-05 00:06:42,2026-08-04T14:06:42.742Z,1863.47,2146593,1851.67,2000,1800,563
2026-08-05 00:21:42,2026-08-04T14:21:42.781Z,1859.37,1415035,1851.58,2000,1800,567
2026-08-05 00:36:42,2026-08-04T14:36:42.633Z,1868.22,2980136,1852.15,2000,1800,567
2026-08-05 00:51:42,2026-08-04T14:51:42.633Z,1871.33,3514470,1852.74,2000,1800,569
2026-08-05 01:06:42,2026-08-04T15:06:42.644Z,1871.18,3648065,1852.05,2000,1800,569
2026-08-05 01:21:42,2026-08-04T15:21:42.639Z,1866.75,2855923,1851.82,2000,1800,570
2026-08-05 01:36:42,2026-08-04T15:36:42.634Z,1860.40,1723263,1851.39,2000,1800,570
2026-08-05 01:51:42,2026-08-04T15:51:42.635Z,1873.91,4249367,1851.94,2000,1800,570
2026-08-05 02:06:42,2026-08-04T16:06:42.774Z,1870.28,3527266,1852.14,2000,1800,571
2026-08-05 02:21:42,2026-08-04T16:21:42.654Z,1870.91,3824994,1851.48,2000,1800,571
2026-08-05 02:36:42,2026-08-04T16:36:42.641Z,1868.81,3454420,1851.35,2000,1800,571
2026-08-05 02:51:42,2026-08-04T16:51:42.735Z,1867.17,3163322,1851.30,2000,1800,571
2026-08-05 03:06:42,2026-08-04T17:06:42.734Z,1873.32,4340866,1851.65,2000,1800,571
2026-08-05 03:21:42,2026-08-04T17:21:42.646Z,1871.41,3955269,1851.85,2000,1800,571
2026-08-05 03:36:42,2026-08-04T17:36:42.627Z,1874.65,4593815,1852.10,2000,1800,571
2026-08-05 03:51:42,2026-08-04T17:51:42.779Z,1868.26,3317823,1852.05,2000,1800,572
2026-08-05 04:06:42,2026-08-04T18:06:42.708Z,1873.15,4353501,1852.00,2000,1800,573
2026-08-05 04:21:42,2026-08-04T18:21:42.644Z,1877.16,5027650,1852.81,2000,1800,573
2026-08-05 04:36:42,2026-08-04T18:36:42.676Z,1876.21,4751679,1853.25,2000,1800,573
2026-08-05 04:51:42,2026-08-04T18:51:42.780Z,1873.50,4192702,1853.36,2000,1800,573
2026-08-05 05:06:42,2026-08-04T19:06:42.756Z,1874.77,4483823,1853.36,2000,1800,573
2026-08-05 05:21:42,2026-08-04T19:21:42.648Z,1875.09,4670912,1853.32,2000,1800,573
2026-08-05 05:36:42,2026-08-04T19:36:42.621Z,1874.95,4718860,1853.17,2000,1800,573
2026-08-05 05:51:42,2026-08-04T19:51:42.659Z,1875.23,4750782,1853.38,2000,1800,573
2026-08-05 06:06:42,2026-08-04T20:06:42.734Z,1872.15,4148794,1853.18,2000,1800,573
2026-08-05 06:21:42,2026-08-04T20:21:42.646Z,1867.56,3334503,1852.49,2000,1800,573
2026-08-05 06:36:42,2026-08-04T20:36:42.747Z,1873.22,4586100,1852.63,2000,1800,573
2026-08-05 06:51:42,2026-08-04T20:51:42.652Z,1874.71,4846505,1853.30,2000,1800,573
2026-08-05 07:06:42,2026-08-04T21:06:42.841Z,1873.69,4642223,1853.26,2000,1800,573
2026-08-05 07:21:42,2026-08-04T21:21:42.651Z,1872.56,4434751,1853.14,2000,1800,573
2026-08-05 07:36:42,2026-08-04T21:36:42.648Z,1871.18,4139944,1853.10,2000,1800,573
2026-08-05 07:51:42,2026-08-04T21:51:42.645Z,1871.64,4290453,1852.98,2000,1800,573
2026-08-05 08:06:42,2026-08-04T22:06:42.650Z,1868.98,3735519,1852.77,2000,1800,573
2026-08-05 08:21:42,2026-08-04T22:21:42.642Z,1872.56,4564242,1852.91,2000,1800,573
2026-08-05 08:36:42,2026-08-04T22:36:42.709Z,1874.65,4996284,1853.22,2000,1800,573
2026-08-05 08:51:42,2026-08-04T22:51:42.648Z,1871.52,4254361,1853.33,2000,1800,573
2026-08-05 09:06:42,2026-08-04T23:06:42.618Z,1873.72,4779873,1853.32,2000,1800,573
2026-08-05 09:21:42,2026-08-04T23:21:42.760Z,1875.40,5101589,1853.61,2000,1800,573
2026-08-05 09:36:42,2026-08-04T23:36:42.628Z,1868.08,3505229,1853.18,2000,1800,573
2026-08-05 09:51:42,2026-08-04T23:51:42.625Z,1869.00,3766081,1853.07,2000,1800,573
2026-08-05 10:06:42,2026-08-05T00:06:42.676Z,1867.62,3451019,1853.07,2000,1800,573
2026-08-05 10:21:42,2026-08-05T00:21:42.670Z,1865.34,2939933,1852.91,2000,1800,573
2026-08-05 10:36:42,2026-08-05T00:36:42.660Z,1869.98,4054813,1852.98,2000,1800,573
2026-08-05 10:51:42,2026-08-05T00:51:42.651Z,1863.15,2444825,1852.77,2000,1800,573
2026-08-05 11:06:42,2026-08-05T01:06:42.770Z,1862.86,2406614,1852.59,2000,1800,573
2026-08-05 11:21:42,2026-08-05T01:21:42.748Z,1865.52,2979667,1852.92,2000,1800,573
2026-08-05 11:36:42,2026-08-05T01:36:42.763Z,1868.03,3537853,1853.17,2000,1800,573
2026-08-05 11:51:42,2026-08-05T01:51:42.630Z,1870.90,4189981,1853.36,2000,1800,573
2026-08-05 12:06:42,2026-08-05T02:06:42.655Z,1872.60,4562802,1853.47,2000,1800,573
2026-08-05 12:21:42,2026-08-05T02:21:42.653Z,1872.79,4583961,1853.56,2000,1800,573
2026-08-05 12:36:42,2026-08-05T02:36:42.654Z,1873.54,4757434,1853.70,2000,1800,573
2026-08-05 12:51:42,2026-08-05T02:51:42.653Z,1872.78,4570107,1853.78,2000,1800,573
2026-08-05 13:06:42,2026-08-05T03:06:42.811Z,1872.34,4474177,1853.80,2000,1800,573
2026-08-05 13:21:42,2026-08-05T03:21:42.757Z,1863.81,2476868,1853.20,2000,1800,573
2026-08-05 13:36:42,2026-08-05T03:36:42.714Z,1865.26,2893764,1852.86,2000,1800,573
2026-08-05 13:51:42,2026-08-05T03:51:42.746Z,1866.26,3183456,1852.70,2000,1800,573
2026-08-05 14:06:42,2026-08-05T04:06:42.739Z,1864.51,2755779,1852.62,2000,1800,573
2026-08-05 14:21:42,2026-08-05T04:21:42.738Z,1865.48,2999267,1852.50,2000,1800,573
2026-08-05 14:36:42,2026-08-05T04:36:42.746Z,1867.09,3373219,1852.62,2000,1800,573
2026-08-05 14:51:42,2026-08-05T04:51:42.743Z,1864.77,2794402,1852.45,2000,1800,573
2026-08-05 15:06:42,2026-08-05T05:06:42.722Z,1870.73,4347950,1852.45,2000,1800,573
2026-08-05 15:21:42,2026-08-05T05:21:42.691Z,1870.22,4169973,1852.54,2000,1800,573
2026-08-05 15:36:42,2026-08-05T05:36:42.664Z,1870.37,4196100,1852.46,2000,1800,573
2026-08-05 15:51:42,2026-08-05T05:51:42.666Z,1870.53,4233483,1852.39,2000,1800,573
2026-08-05 16:06:42,2026-08-05T06:06:42.650Z,1869.94,4066090,1852.15,2000,1800,573
2026-08-05 16:21:42,2026-08-05T06:21:42.664Z,1868.80,3692610,1851.93,2000,1800,574
2026-08-05 16:36:42,2026-08-05T06:36:42.738Z,1870.35,4224538,1851.40,2000,1800,574
2026-08-05 16:51:42,2026-08-05T06:51:42.649Z,1866.40,2939047,1851.15,2000,1800,574
2026-08-05 17:06:42,2026-08-05T07:06:42.796Z,1867.03,3004265,1851.23,2000,1800,574
2026-08-05 17:21:42,2026-08-05T07:21:42.749Z,1862.01,1731889,1851.90,2000,1800,574
2026-08-05 17:36:42,2026-08-05T07:36:42.754Z,1862.87,1892033,1851.59,2000,1800,574
2026-08-05 17:51:42,2026-08-05T07:51:42.708Z,1863.86,2091347,1851.46,2000,1800,575
2026-08-05 18:06:42,2026-08-05T08:06:42.673Z,1869.26,3053505,1851.87,2000,1800,546
2026-08-05 18:21:42,2026-08-05T08:21:42.684Z,1867.95,2809241,1852.16,2000,1800,553
2026-08-05 18:36:42,2026-08-05T08:36:42.641Z,1869.77,3131244,1852.37,2000,1800,554
2026-08-05 18:51:42,2026-08-05T08:51:42.815Z,1868.59,2974291,1852.19,2000,1800,554
2026-08-05 19:06:42,2026-08-05T09:06:42.776Z,1869.53,3149894,1852.26,2000,1800,556
2026-08-05 19:21:42,2026-08-05T09:21:42.883Z,1872.11,3545991,1853.02,2000,1800,557
2026-08-05 19:36:42,2026-08-05T09:36:42.837Z,1871.86,3472814,1853.33,2000,1800,557
2026-08-05 19:51:42,2026-08-05T09:51:42.706Z,1871.80,3444069,1853.54,2000,1800,557
2026-08-05 20:06:42,2026-08-05T10:06:42.672Z,1870.53,3166529,1853.94,2000,1800,558
2026-08-05 20:21:42,2026-08-05T10:21:42.694Z,1868.93,2915841,1853.71,2000,1800,558
2026-08-05 20:36:42,2026-08-05T10:36:42.661Z,1871.32,3347952,1853.97,2000,1800,560
2026-08-05 20:51:42,2026-08-05T10:51:42.784Z,1867.65,2661465,1853.88,2000,1800,560
2026-08-05 21:06:42,2026-08-05T11:06:42.879Z,1867.80,2743191,1853.81,2000,1800,560
2026-08-05 21:21:42,2026-08-05T11:21:42.679Z,1867.52,2632044,1854.11,2000,1800,560
2026-08-05 21:36:42,2026-08-05T11:36:42.826Z,1868.14,2752402,1854.19,2000,1800,560
2026-08-05 21:51:42,2026-08-05T11:51:42.767Z,1867.63,2627839,1854.41,2000,1800,561
2026-08-05 22:06:42,2026-08-05T12:06:42.677Z,1866.54,2394201,1854.49,2000,1800,561
2026-08-05 22:21:42,2026-08-05T12:21:42.754Z,1881.46,5137950,1855.45,2000,1800,562
2026-08-05 22:36:42,2026-08-05T12:36:42.689Z,1878.53,4487629,1855.82,2000,1800,563
2026-08-05 22:51:42,2026-08-05T12:51:42.728Z,1876.61,4128764,1855.75,2000,1800,563
2026-08-05 23:06:42,2026-08-05T13:06:42.811Z,1874.39,3785938,1855.40,2000,1800,563
2026-08-05 23:21:42,2026-08-05T13:21:42.761Z,1869.57,3046747,1854.34,2000,1800,563
2026-08-05 23:36:42,2026-08-05T13:36:42.766Z,1854.41,226887,1853.23,2000,1800,565
2026-08-05 23:51:42,2026-08-05T13:51:42.774Z,1871.49,3440849,1854.43,2000,1800,565
2026-08-06 00:06:42,2026-08-05T14:06:42.801Z,1877.11,4403134,1855.41,2000,1800,565
2026-08-06 00:21:42,2026-08-05T14:21:42.795Z,1875.66,4066985,1855.66,2000,1800,568
2026-08-06 00:36:42,2026-08-05T14:36:42.789Z,1870.89,3227524,1855.10,2000,1800,568
2026-08-06 00:51:42,2026-08-05T14:51:42.691Z,1872.75,3568515,1855.43,2000,1800,568
2026-08-06 01:06:42,2026-08-05T15:06:42.701Z,1876.62,4226448,1856.28,2000,1800,568
2026-08-06 01:21:42,2026-08-05T15:21:42.695Z,1873.86,3616557,1856.52,2000,1800,568
2026-08-06 01:36:42,2026-08-05T15:36:42.711Z,1876.58,4190740,1856.62,2000,1800,568
2026-08-06 01:51:42,2026-08-05T15:51:42.801Z,1873.78,3590891,1856.70,2000,1800,568
2026-08-06 02:06:42,2026-08-05T16:06:42.800Z,1876.08,4092259,1856.88,2000,1800,568
2026-08-06 02:21:42,2026-08-05T16:21:42.704Z,1882.39,5443560,1857.09,2000,1800,568
2026-08-06 02:36:42,2026-08-05T16:36:42.774Z,1889.24,7212492,1857.28,2000,1800,568
2026-08-06 02:51:42,2026-08-05T16:51:42.794Z,1887.87,6961291,1857.11,2000,1800,569
2026-08-06 03:06:42,2026-08-05T17:06:42.708Z,1894.15,8286488,1857.68,2000,1800,569
2026-08-06 03:21:42,2026-08-05T17:21:42.716Z,1889.95,7330233,1857.68,2000,1800,570
2026-08-06 03:36:42,2026-08-05T17:36:42.699Z,1892.33,7900102,1857.79,2000,1800,570
2026-08-06 03:51:42,2026-08-05T17:51:42.845Z,1911.33,12014056,1859.85,2000,1750,570
2026-08-06 04:06:42,2026-08-05T18:06:42.679Z,1915.68,12898499,1859.91,2000,1750,570
2026-08-06 04:21:42,2026-08-05T18:21:42.696Z,1924.29,14673491,1861.77,2000,1750,572
2026-08-06 04:36:42,2026-08-05T18:36:42.908Z,1917.21,14730842,1857.86,2000,1750,575
2026-08-06 04:51:42,2026-08-05T18:51:42.840Z,1916.65,14612073,1857.50,2000,1750,575
2026-08-06 05:06:42,2026-08-05T19:06:42.820Z,1916.10,14503616,1857.74,2000,1750,575
2026-08-06 05:21:42,2026-08-05T19:21:42.670Z,1916.49,14640711,1857.76,2000,1750,575
2026-08-06 05:36:42,2026-08-05T19:36:42.703Z,1916.65,14682925,1857.87,2000,1750,575
2026-08-06 05:51:42,2026-08-05T19:51:42.709Z,1918.78,15194207,1858.09,2000,1750,575
2026-08-06 06:06:42,2026-08-05T20:06:42.860Z,1915.59,14408627,1858.16,2000,1750,575
2026-08-06 06:21:42,2026-08-05T20:21:42.815Z,1919.67,15478384,1858.26,2000,1750,575
2026-08-06 06:36:42,2026-08-05T20:36:42.759Z,1918.78,15277400,1858.38,2000,1750,575
2026-08-06 06:51:42,2026-08-05T20:51:42.757Z,1918.87,15289215,1858.46,2000,1750,575
2026-08-06 07:06:42,2026-08-05T21:06:42.722Z,1908.82,12740351,1858.67,2000,1750,575
2026-08-06 07:21:42,2026-08-05T21:21:42.702Z,1909.57,12879343,1858.81,2000,1750,575
2026-08-06 07:36:42,2026-08-05T21:36:42.698Z,1906.92,12455879,1858.26,2000,1800,575
2026-08-06 07:51:42,2026-08-05T21:51:42.787Z,1908.57,12973768,1858.19,2000,1750,575
2026-08-06 08:06:42,2026-08-05T22:06:42.759Z,1907.58,12734419,1858.21,2000,1750,575
2026-08-06 08:21:42,2026-08-05T22:21:42.711Z,1909.89,13276151,1859.02,2000,1750,575
2026-08-06 08:36:42,2026-08-05T22:36:42.802Z,1908.70,12950777,1859.05,2000,1750,575
2026-08-06 08:51:42,2026-08-05T22:51:42.907Z,1908.17,12829050,1859.16,2000,1750,575
2026-08-06 09:06:42,2026-08-05T23:06:42.711Z,1905.49,12163184,1859.08,2000,1750,575
2026-08-06 09:21:42,2026-08-05T23:21:42.810Z,1908.95,13072254,1859.34,2000,1750,575
2026-08-06 09:36:42,2026-08-05T23:36:42.819Z,1908.37,12865104,1859.55,2000,1750,575
2026-08-06 09:51:42,2026-08-05T23:51:42.769Z,1907.93,12734438,1859.72,2000,1750,575
2026-08-06 10:06:42,2026-08-06T00:06:42.795Z,1907.67,12708303,1859.80,2000,1750,575
2026-08-06 10:21:42,2026-08-06T00:21:42.810Z,1910.78,13534677,1860.10,2000,1750,576
2026-08-06 10:36:42,2026-08-06T00:36:42.794Z,1909.41,13078379,1860.32,2000,1750,576
2026-08-06 10:51:42,2026-08-06T00:51:42.783Z,1908.39,12823652,1860.36,2000,1750,576
2026-08-06 11:06:42,2026-08-06T01:06:42.818Z,1907.00,12388059,1860.50,2000,1750,578
2026-08-06 11:21:42,2026-08-06T01:21:42.835Z,1906.09,12168202,1860.49,2000,1750,578
2026-08-06 11:36:42,2026-08-06T01:36:42.823Z,1906.83,12517761,1860.35,2000,1750,578
2026-08-06 11:51:42,2026-08-06T01:51:42.716Z,1907.67,12739215,1860.48,2000,1750,578
2026-08-06 12:06:42,2026-08-06T02:06:42.691Z,1905.25,12072016,1860.52,2000,1750,578
2026-08-06 12:21:42,2026-08-06T02:21:42.741Z,1897.34,10078705,1860.23,2000,1800,578
2026-08-06 12:36:42,2026-08-06T02:36:42.714Z,1895.64,9686177,1860.02,2000,1800,578
2026-08-06 12:51:42,2026-08-06T02:51:42.747Z,1896.98,10095976,1859.75,2000,1800,578
2026-08-06 13:06:42,2026-08-06T03:06:42.860Z,1896.70,10028169,1859.63,2000,1800,578
2026-08-06 13:21:42,2026-08-06T03:21:42.856Z,1894.97,9603476,1859.55,2000,1800,578
2026-08-06 13:36:42,2026-08-06T03:36:42.806Z,1895.39,9767396,1859.57,2000,1800,578
2026-08-06 13:51:42,2026-08-06T03:51:42.802Z,1896.89,10168280,1859.70,2000,1750,579
2026-08-06 14:06:42,2026-08-06T04:06:42.756Z,1895.89,10602706,1859.53,2000,1750,579
2026-08-06 14:21:42,2026-08-06T04:21:42.721Z,1902.57,12710714,1859.79,2000,1750,580
2026-08-06 14:36:42,2026-08-06T04:36:42.707Z,1905.19,13481784,1860.04,2000,1750,580
2026-08-06 14:51:42,2026-08-06T04:51:42.832Z,1903.63,12932708,1860.08,2000,1750,580
2026-08-06 15:06:42,2026-08-06T05:06:42.782Z,1909.02,14711738,1860.38,2000,1750,580
2026-08-06 15:21:42,2026-08-06T05:21:42.819Z,1910.85,15167299,1861.00,2000,1750,581
2026-08-06 15:36:42,2026-08-06T05:36:42.869Z,1910.49,14621845,1863.31,2000,1750,581
2026-08-06 15:51:42,2026-08-06T05:51:42.801Z,1910.05,14308405,1863.31,2000,1750,581
2026-08-06 16:06:42,2026-08-06T06:06:42.707Z,1910.66,14401096,1863.46,2000,1750,581
2026-08-06 16:21:42,2026-08-06T06:21:42.732Z,1908.62,13318552,1863.49,2000,1750,581
2026-08-06 16:36:42,2026-08-06T06:36:42.731Z,1911.20,14250131,1863.84,2000,1750,581
2026-08-06 16:51:42,2026-08-06T06:51:42.877Z,1910.92,13800554,1864.17,2000,1750,581
2026-08-06 17:06:42,2026-08-06T07:06:42.743Z,1910.89,13517776,1864.17,2000,1750,581
2026-08-06 17:21:42,2026-08-06T07:21:42.802Z,1912.12,13751233,1864.69,2000,1750,581
2026-08-06 17:36:42,2026-08-06T07:36:42.838Z,1909.33,11356336,1865.01,2000,1750,581
2026-08-06 17:51:42,2026-08-06T07:51:42.845Z,1907.78,10485923,1864.87,2000,1750,581
2026-08-06 18:06:42,2026-08-06T08:06:42.724Z,1909.03,10713310,1862.10,2000,1750,548
2026-08-06 18:21:42,2026-08-06T08:21:42.837Z,1909.93,10979362,1862.17,2000,1750,550
2026-08-06 18:36:42,2026-08-06T08:36:42.915Z,1911.24,11225374,1862.43,2000,1750,551
2026-08-06 18:51:42,2026-08-06T08:51:42.828Z,1912.31,11379588,1863.20,2000,1750,552
2026-08-06 19:06:42,2026-08-06T09:06:42.724Z,1912.13,11134170,1864.51,2000,1750,556
2026-08-06 19:21:42,2026-08-06T09:21:42.725Z,1908.87,10308929,1865.16,2000,1750,556
2026-08-06 19:36:42,2026-08-06T09:36:42.720Z,1906.97,9835576,1865.45,2000,1750,556
2026-08-06 19:51:42,2026-08-06T09:51:42.740Z,1905.66,9524155,1865.49,2000,1750,558
2026-08-06 20:06:42,2026-08-06T10:06:42.732Z,1902.22,8663443,1865.49,2000,1750,558
2026-08-06 20:21:42,2026-08-06T10:21:42.738Z,1903.85,9111191,1865.38,2000,1750,558
2026-08-06 20:36:42,2026-08-06T10:36:42.758Z,1902.41,8940337,1864.87,2000,1750,559
2026-08-06 20:51:42,2026-08-06T10:51:42.797Z,1902.06,8837628,1864.89,2000,1750,559
2026-08-06 21:06:42,2026-08-06T11:06:42.767Z,1895.73,7575604,1864.12,2000,1750,559
2026-08-06 21:21:42,2026-08-06T11:21:42.834Z,1905.11,9741687,1864.60,2000,1750,560
2026-08-06 21:36:42,2026-08-06T11:36:42.799Z,1906.17,9935351,1864.91,2000,1750,560
2026-08-06 21:51:42,2026-08-06T11:51:42.796Z,1905.72,9819157,1865.01,2000,1750,560
2026-08-06 22:06:42,2026-08-06T12:06:42.768Z,1901.46,8820899,1864.83,2000,1750,560
2026-08-06 22:21:42,2026-08-06T12:21:42.767Z,1902.50,9182427,1864.50,2000,1750,560
2026-08-06 22:36:42,2026-08-06T12:36:42.824Z,1903.92,9550713,1864.37,2000,1750,561
2026-08-06 22:51:42,2026-08-06T12:51:42.827Z,1901.33,8891253,1864.44,2000,1750,563
2026-08-06 23:06:42,2026-08-06T13:06:42.826Z,1892.81,6965291,1863.96,2000,1750,564
2026-08-06 23:21:42,2026-08-06T13:21:42.868Z,1894.84,7514473,1864.30,2000,1750,566
2026-08-06 23:36:42,2026-08-06T13:36:42.814Z,1897.58,8168322,1864.35,2000,1750,566
2026-08-06 23:51:42,2026-08-06T13:51:42.746Z,1905.45,9794231,1865.45,2000,1750,567
2026-08-07 00:06:42,2026-08-06T14:06:42.774Z,1907.35,10191457,1865.77,2000,1750,567
2026-08-07 00:21:42,2026-08-06T14:21:42.768Z,1906.37,9794468,1866.12,2000,1750,567
2026-08-07 00:36:42,2026-08-06T14:36:42.902Z,1910.23,10725220,1866.57,2000,1750,569
2026-08-07 00:51:42,2026-08-06T14:51:42.901Z,1908.96,10116836,1867.26,2000,1750,570
2026-08-07 01:06:42,2026-08-06T15:06:42.847Z,1914.03,11381807,1867.57,2000,1750,571
2026-08-07 01:21:42,2026-08-06T15:21:42.750Z,1912.00,10782394,1867.95,2000,1750,571
2026-08-07 01:36:42,2026-08-06T15:36:42.820Z,1912.59,10935494,1868.27,2000,1750,571
2026-08-07 01:51:42,2026-08-06T15:51:42.813Z,1914.68,11449873,1868.26,2000,1750,572
2026-08-07 02:06:42,2026-08-06T16:06:42.801Z,1907.74,9970821,1867.58,2000,1750,572
2026-08-07 02:21:42,2026-08-06T16:21:42.886Z,1909.48,10391503,1867.73,2000,1750,572
2026-08-07 02:36:42,2026-08-06T16:36:42.750Z,1910.81,10652538,1867.85,2000,1750,572
2026-08-07 02:51:42,2026-08-06T16:51:42.719Z,1913.62,11279031,1867.99,2000,1750,572
2026-08-07 03:06:42,2026-08-06T17:06:42.755Z,1914.16,11279109,1868.23,2000,1750,572
2026-08-07 03:21:42,2026-08-06T17:21:42.760Z,1914.11,11107787,1868.60,2000,1750,572
2026-08-07 03:36:42,2026-08-06T17:36:42.837Z,1913.12,10788801,1868.78,2000,1750,572
2026-08-07 03:51:42,2026-08-06T17:51:42.797Z,1910.48,10190030,1869.11,2000,1750,572
2026-08-07 04:06:42,2026-08-06T18:06:42.752Z,1909.17,9887347,1869.17,2000,1750,572
2026-08-07 04:21:42,2026-08-06T18:21:42.735Z,1912.26,10674153,1869.21,2000,1750,572
2026-08-07 04:36:42,2026-08-06T18:36:42.789Z,1905.60,9028789,1869.11,2000,1750,572
2026-08-07 04:51:42,2026-08-06T18:51:42.751Z,1903.46,8656106,1869.02,2000,1750,572
2026-08-07 05:06:42,2026-08-06T19:06:42.756Z,1905.27,9274095,1868.67,2000,1750,572
2026-08-07 05:21:42,2026-08-06T19:21:42.961Z,1907.31,9804383,1868.40,2000,1750,572
2026-08-07 05:36:42,2026-08-06T19:36:42.750Z,1905.81,9475400,1868.28,2000,1750,572
2026-08-07 05:51:42,2026-08-06T19:51:42.763Z,1905.67,9376520,1869.10,2000,1750,572
2026-08-07 06:06:42,2026-08-06T20:06:42.892Z,1908.18,9906916,1869.19,2000,1750,572
2026-08-07 06:21:42,2026-08-06T20:21:42.834Z,1906.66,9557051,1869.17,2000,1750,572
2026-08-07 06:36:42,2026-08-06T20:36:42.756Z,1905.42,9367627,1869.07,2000,1750,572
2026-08-07 06:51:42,2026-08-06T20:51:42.753Z,1905.50,9441550,1869.11,2000,1750,572
2026-08-07 07:06:42,2026-08-06T21:06:42.759Z,1905.93,9575777,1869.07,2000,1750,572
2026-08-07 07:21:42,2026-08-06T21:21:42.751Z,1905.55,9462383,1868.99,2000,1750,572
2026-08-07 07:36:42,2026-08-06T21:36:42.753Z,1904.87,9307934,1869.53,2000,1750,572
2026-08-07 07:51:42,2026-08-06T21:51:42.724Z,1905.04,9355601,1869.49,2000,1750,572
2026-08-07 08:06:42,2026-08-06T22:06:42.798Z,1905.48,9443859,1869.50,2000,1750,572
2026-08-07 08:21:42,2026-08-06T22:21:42.867Z,1902.02,8594067,1869.50,2000,1750,572
2026-08-07 08:36:42,2026-08-06T22:36:42.742Z,1902.20,8739500,1868.78,2000,1750,572
2026-08-07 08:51:42,2026-08-06T22:51:42.772Z,1903.35,9004989,1868.84,2000,1750,572
2026-08-07 09:06:42,2026-08-06T23:06:42.840Z,1903.19,8933107,1868.76,2000,1750,572
2026-08-07 09:21:42,2026-08-06T23:21:42.755Z,1900.50,8320109,1868.69,2000,1750,572
2026-08-07 09:36:42,2026-08-06T23:36:42.754Z,1899.75,8173333,1868.66,2000,1750,572
2026-08-07 09:51:42,2026-08-06T23:51:42.837Z,1899.42,8207368,1868.92,2000,1750,573
2026-08-07 10:06:42,2026-08-07T00:06:42.750Z,1902.69,8777977,1869.12,2000,1750,573
2026-08-07 10:21:42,2026-08-07T00:21:42.751Z,1899.93,8243453,1868.91,2000,1750,573
2026-08-07 10:36:42,2026-08-07T00:36:42.877Z,1901.26,8517057,1869.06,2000,1750,573
2026-08-07 10:51:42,2026-08-07T00:51:42.781Z,1900.75,8390185,1869.02,2000,1750,573
2026-08-07 11:06:42,2026-08-07T01:06:42.762Z,1903.24,8765102,1869.16,2000,1750,573
2026-08-07 11:21:42,2026-08-07T01:21:42.805Z,1902.41,8652062,1869.06,2000,1750,573
2026-08-07 11:36:42,2026-08-07T01:36:42.763Z,1903.27,8785672,1869.01,2000,1750,573
2026-08-07 11:51:42,2026-08-07T01:51:42.839Z,1901.46,8339795,1870.07,2000,1750,573
2026-08-07 12:06:42,2026-08-07T02:06:42.847Z,1901.16,8302434,1869.96,2000,1750,573
2026-08-07 12:21:42,2026-08-07T02:21:42.769Z,1901.20,8285701,1870.17,2000,1750,573
2026-08-07 12:36:42,2026-08-07T02:36:42.790Z,1900.15,8178506,1869.86,2000,1750,573
2026-08-07 12:51:42,2026-08-07T02:51:42.842Z,1903.02,8649580,1869.75,2000,1750,573
2026-08-07 13:06:42,2026-08-07T03:06:42.762Z,1900.03,8192149,1869.57,1900,1750,573
2026-08-07 13:21:42,2026-08-07T03:21:42.763Z,1899.58,8231344,1869.13,1900,1750,573
2026-08-07 13:36:42,2026-08-07T03:36:42.835Z,1898.20,8069671,1868.94,1900,1750,573
2026-08-07 13:51:42,2026-08-07T03:51:42.845Z,1898.54,8191662,1868.77,1900,1750,573
2026-08-07 14:06:42,2026-08-07T04:06:42.767Z,1897.28,8042025,1868.62,1900,1750,573
2026-08-07 14:21:42,2026-08-07T04:21:42.764Z,1898.31,8226239,1868.61,1900,1750,573
2026-08-07 14:36:42,2026-08-07T04:36:42.768Z,1898.47,8350113,1868.48,1900,1750,573
2026-08-07 14:51:42,2026-08-07T04:51:42.923Z,1894.70,7293176,1868.74,1900,1750,573
2026-08-07 15:06:42,2026-08-07T05:06:42.765Z,1894.74,7323915,1868.77,1900,1750,573
2026-08-07 15:21:42,2026-08-07T05:21:42.872Z,1895.16,7533455,1868.51,1900,1750,573
2026-08-07 15:36:42,2026-08-07T05:36:42.867Z,1894.68,7379823,1868.53,1900,1750,573
2026-08-07 15:51:42,2026-08-07T05:51:42.881Z,1900.52,8012919,1868.26,1900,1750,573
2026-08-07 16:06:42,2026-08-07T06:06:42.788Z,1900.38,8102313,1867.78,1900,1750,573
2026-08-07 16:21:42,2026-08-07T06:21:42.856Z,1902.68,8040139,1868.60,1900,1750,573
2026-08-07 16:36:42,2026-08-07T06:36:42.884Z,1903.97,7929673,1867.88,2000,1750,573
2026-08-07 16:51:42,2026-08-07T06:51:42.860Z,1901.91,8266568,1867.30,1900,1750,573
2026-08-07 17:06:42,2026-08-07T07:06:42.885Z,1902.81,7675496,1866.53,2000,1750,573
2026-08-07 17:21:42,2026-08-07T07:21:42.884Z,1903.59,7690186,1865.44,2000,1750,573
2026-08-07 17:36:42,2026-08-07T07:36:42.870Z,1902.64,8291063,1864.24,1900,1750,573
2026-08-07 17:51:42,2026-08-07T07:51:42.777Z,1902.04,8670643,1863.03,1900,1750,573
2026-08-07 18:06:42,2026-08-07T08:06:42.779Z,1901.85,5671397,1843.51,2000,1750,539
2026-08-07 18:21:42,2026-08-07T08:21:42.795Z,1904.17,5847490,1845.40,2000,1750,546
2026-08-07 18:36:42,2026-08-07T08:36:42.772Z,1904.92,5953681,1845.64,2000,1750,550
2026-08-07 18:51:42,2026-08-07T08:51:42.788Z,1909.15,6811138,1845.45,2000,1750,551
2026-08-07 19:06:42,2026-08-07T09:06:42.871Z,1910.00,6968155,1846.30,2000,1750,553
2026-08-07 19:21:42,2026-08-07T09:21:42.780Z,1910.24,7105511,1846.50,2000,1750,554
2026-08-07 19:36:42,2026-08-07T09:36:42.905Z,1913.55,7468519,1847.69,2000,1750,556
2026-08-07 19:51:42,2026-08-07T09:51:42.830Z,1913.52,7390578,1848.86,2000,1750,558
2026-08-07 20:06:42,2026-08-07T10:06:42.828Z,1913.05,7731856,1847.91,2000,1750,559
2026-08-07 20:21:42,2026-08-07T10:21:42.883Z,1913.31,7754292,1847.88,2000,1750,559
2026-08-07 20:36:42,2026-08-07T10:36:42.781Z,1912.65,7666447,1848.08,2000,1750,559
2026-08-07 20:51:42,2026-08-07T10:51:42.777Z,1912.80,7700969,1848.12,2000,1750,562
2026-08-07 21:06:42,2026-08-07T11:06:42.779Z,1914.74,8000182,1848.20,2000,1750,562
2026-08-07 21:21:42,2026-08-07T11:21:42.782Z,1916.12,8517686,1848.14,2000,1750,563
2026-08-07 21:36:42,2026-08-07T11:36:42.859Z,1914.94,8539595,1847.91,2000,1750,564
2026-08-07 21:51:42,2026-08-07T11:51:42.778Z,1914.27,8544807,1847.64,2000,1750,564
2026-08-07 22:06:42,2026-08-07T12:06:42.778Z,1918.68,9194721,1847.74,2000,1750,564
2026-08-07 22:21:42,2026-08-07T12:21:42.790Z,1928.64,11065320,1841.92,2000,1750,567
2026-08-07 22:36:43,2026-08-07T12:36:43.023Z,1923.71,10576676,1842.67,2000,1750,567
2026-08-07 22:51:42,2026-08-07T12:51:42.928Z,1931.86,12243926,1843.09,2000,1750,567
2026-08-07 23:06:42,2026-08-07T13:06:42.913Z,1930.19,12012549,1843.21,2000,1750,569
2026-08-07 23:21:42,2026-08-07T13:21:42.898Z,1930.19,11990286,1843.74,2000,1750,569
2026-08-07 23:36:42,2026-08-07T13:36:42.917Z,1928.49,11739451,1843.25,2000,1750,569
2026-08-07 23:51:42,2026-08-07T13:51:42.871Z,1927.77,11616088,1844.02,2000,1750,569
2026-08-08 00:06:42,2026-08-07T14:06:42.793Z,1910.20,8602058,1845.07,2000,1750,569
2026-08-08 00:21:42,2026-08-07T14:21:42.893Z,1918.90,10118972,1846.33,2000,1750,569
2026-08-08 00:36:42,2026-08-07T14:36:42.821Z,1923.73,11695676,1844.45,2000,1750,569
2026-08-08 00:51:42,2026-08-07T14:51:42.791Z,1915.94,10247791,1844.61,2000,1750,570
2026-08-08 01:06:42,2026-08-07T15:06:42.802Z,1914.77,10098622,1844.48,2000,1750,571
2026-08-08 01:21:42,2026-08-07T15:21:42.878Z,1913.73,9973785,1844.48,2000,1750,571
2026-08-08 01:36:42,2026-08-07T15:36:42.897Z,1917.39,10716753,1844.89,2000,1750,571
2026-08-08 01:51:42,2026-08-07T15:51:42.941Z,1918.83,11017213,1845.29,2000,1750,571
2026-08-08 02:06:42,2026-08-07T16:06:42.835Z,1920.16,11269667,1845.56,2000,1750,571
2026-08-08 02:21:42,2026-08-07T16:21:42.826Z,1919.13,10982161,1845.72,2000,1750,571
2026-08-08 02:36:42,2026-08-07T16:36:42.874Z,1914.20,9966335,1845.89,2000,1750,572
2026-08-08 02:51:42,2026-08-07T16:51:42.894Z,1915.08,10163887,1846.08,2000,1750,572
2026-08-08 03:06:42,2026-08-07T17:06:42.800Z,1908.21,8774790,1846.30,2000,1750,572
2026-08-08 03:21:42,2026-08-07T17:21:42.934Z,1908.15,8743579,1846.60,2000,1750,572
2026-08-08 03:36:42,2026-08-07T17:36:42.892Z,1905.30,8112035,1846.75,2000,1750,572
2026-08-08 03:51:42,2026-08-07T17:51:42.870Z,1909.36,8959602,1846.97,2000,1750,572
2026-08-08 04:06:42,2026-08-07T18:06:42.795Z,1912.21,9492264,1847.36,2000,1750,572
2026-08-08 04:21:42,2026-08-07T18:21:42.765Z,1912.58,9569673,1849.81,2000,1750,572
2026-08-08 04:36:42,2026-08-07T18:36:42.883Z,1910.30,8900591,1850.11,2000,1750,572
2026-08-08 04:51:42,2026-08-07T18:51:42.907Z,1906.95,8048363,1850.31,2000,1900,572
2026-08-08 05:06:42,2026-08-07T19:06:42.888Z,1910.93,9120481,1850.41,2000,1900,572
2026-08-08 05:21:42,2026-08-07T19:21:42.909Z,1914.91,10206299,1850.55,2000,1750,572
2026-08-08 05:36:42,2026-08-07T19:36:42.894Z,1916.93,10718271,1850.50,2000,1750,572
2026-08-08 05:51:42,2026-08-07T19:51:42.905Z,1917.54,10831468,1850.61,2000,1750,572
2026-08-08 06:06:42,2026-08-07T20:06:42.772Z,1916.90,12486929,1850.71,1940,1900,572
2026-08-08 06:21:42,2026-08-07T20:21:42.816Z,1915.51,11885417,1850.58,1940,1900,572
2026-08-08 06:36:42,2026-08-07T20:36:42.941Z,1914.73,11619366,1850.70,1940,1900,572
2026-08-08 06:51:42,2026-08-07T20:51:42.850Z,1913.76,11247188,1850.95,2000,1900,572
2026-08-08 07:06:42,2026-08-07T21:06:42.930Z,1913.21,11069745,1850.98,2000,1900,572
2026-08-08 07:21:42,2026-08-07T21:21:42.798Z,1912.72,11565483,1851.07,1940,1900,572
2026-08-08 07:36:42,2026-08-07T21:36:42.880Z,1912.89,11702509,1851.12,1940,1900,572
2026-08-08 07:51:42,2026-08-07T21:51:42.842Z,1916.30,13110651,1851.46,1940,1900,572
2026-08-08 08:06:42,2026-08-07T22:06:42.798Z,1914.02,11826704,1851.62,1940,1900,572
2026-08-08 08:21:42,2026-08-07T22:21:42.771Z,1914.00,11780835,1851.68,1940,1900,572
2026-08-08 08:36:42,2026-08-07T22:36:42.893Z,1912.98,11219583,1852.10,1940,1900,572
2026-08-08 08:51:42,2026-08-07T22:51:42.771Z,1913.00,11264009,1852.18,1940,1900,572
2026-08-08 09:06:42,2026-08-07T23:06:42.771Z,1914.04,11779972,1852.26,1940,1900,572
2026-08-08 09:21:42,2026-08-07T23:21:42.802Z,1914.01,11597345,1852.37,1940,1900,572
2026-08-08 09:36:42,2026-08-07T23:36:42.814Z,1913.76,11362405,1852.42,1940,1900,572
2026-08-08 09:51:42,2026-08-07T23:51:42.889Z,1913.61,11053757,1852.49,1940,1900,572
2026-08-08 10:06:42,2026-08-08T00:06:42.781Z,1913.57,11081200,1852.53,1920,1900,572
2026-08-08 10:21:42,2026-08-08T00:21:42.821Z,1912.24,10209983,1852.63,1920,1900,572
2026-08-08 10:22:18,2026-08-08T00:22:18.843Z,1912.30,10246259,1852.64,1920,1900,572
2026-08-08 10:37:18,2026-08-08T00:37:18.726Z,1913.36,10934946,1852.71,1920,1900,572
2026-08-08 10:52:18,2026-08-08T00:52:18.826Z,1912.99,10548094,1852.78,1920,1900,572
2026-08-08 11:07:18,2026-08-08T01:07:18.821Z,1913.62,10877163,1852.80,1920,1900,572
2026-08-08 11:22:18,2026-08-08T01:22:18.783Z,1914.04,11072537,1852.82,1920,1900,572
2026-08-08 11:37:18,2026-08-08T01:37:18.746Z,1914.41,11217682,1853.00,1920,1900,572
2026-08-08 11:52:18,2026-08-08T01:52:18.829Z,1913.61,10602538,1853.12,1920,1900,572
2026-08-08 12:07:18,2026-08-08T02:07:18.741Z,1913.24,10314054,1853.11,1920,1900,572
2026-08-08 12:22:18,2026-08-08T02:22:18.746Z,1912.19,9567041,1853.15,1920,1900,572
2026-08-08 12:37:18,2026-08-08T02:37:18.827Z,1912.75,9884546,1853.17,1920,1900,572
2026-08-08 12:52:18,2026-08-08T02:52:18.739Z,1911.79,9175691,1853.14,1920,1900,572
2026-08-08 13:07:18,2026-08-08T03:07:18.735Z,1913.25,9444185,1853.15,1920,1900,572
2026-08-08 13:22:18,2026-08-08T03:22:18.710Z,1914.27,10173185,1853.10,1920,1900,572
2026-08-08 13:37:18,2026-08-08T03:37:18.738Z,1917.46,12604487,1853.06,1920,1900,572
2026-08-08 13:52:18,2026-08-08T03:52:18.754Z,1916.71,11888740,1853.08,1920,1900,573
2026-08-08 14:07:18,2026-08-08T04:07:18.824Z,1915.70,11073752,1853.09,1920,1900,573
2026-08-08 14:22:18,2026-08-08T04:22:18.738Z,1915.56,10867776,1853.04,1920,1900,573
2026-08-08 14:37:18,2026-08-08T04:37:18.737Z,1916.45,11539561,1853.00,1920,1900,573
2026-08-08 14:52:18,2026-08-08T04:52:18.772Z,1915.84,11111033,1852.97,1920,1900,573
2026-08-08 15:07:18,2026-08-08T05:07:18.741Z,1915.84,11154745,1853.00,1920,1900,573
2026-08-08 15:22:18,2026-08-08T05:22:18.706Z,1915.54,10973176,1852.97,1920,1900,573
2026-08-08 15:37:18,2026-08-08T05:37:18.740Z,1917.11,12175195,1899.98,1920,1750,573
2026-08-08 15:52:18,2026-08-08T05:52:18.739Z,1915.06,10767829,1901.73,1920,1900,573
2026-08-08 16:07:18,2026-08-08T06:07:18.733Z,1915.94,11583664,1902.55,1920,1750,573
2026-08-08 16:22:18,2026-08-08T06:22:18.743Z,1915.48,11348615,1903.00,1920,1750,573
2026-08-08 16:37:18,2026-08-08T06:37:18.748Z,1915.76,11747210,1903.47,1920,1750,573
2026-08-08 16:52:18,2026-08-08T06:52:18.745Z,1916.45,12860038,1904.02,1920,1750,573
2026-08-08 17:07:18,2026-08-08T07:07:18.827Z,1914.98,10557607,1904.04,1920,1750,573
2026-08-08 17:22:18,2026-08-08T07:22:18.738Z,1914.88,9765853,1904.07,1920,1750,573
2026-08-08 17:37:18,2026-08-08T07:37:18.720Z,1914.13,7970332,1903.77,2000,1750,573
2026-08-08 17:52:18,2026-08-08T07:52:18.747Z,1913.75,7476607,1903.18,2000,1750,575
2026-08-08 18:07:18,2026-08-08T08:07:18.822Z,1913.75,7499752,1838.28,2000,1750,548
2026-08-08 18:22:18,2026-08-08T08:22:18.742Z,1914.11,7614102,1838.11,2000,1750,549
2026-08-08 18:37:18,2026-08-08T08:37:18.737Z,1915.89,7928144,1837.90,2000,1750,554
2026-08-08 18:52:18,2026-08-08T08:52:18.755Z,1916.63,8031361,1838.32,2000,1750,554
2026-08-08 19:07:18,2026-08-08T09:07:18.744Z,1915.87,8219004,1839.24,2000,1750,554
2026-08-08 19:22:18,2026-08-08T09:22:18.744Z,1915.48,8171357,1839.34,2000,1750,554
2026-08-08 19:37:18,2026-08-08T09:37:18.794Z,1919.06,8720486,1839.47,2000,1750,555
2026-08-08 19:52:18,2026-08-08T09:52:18.759Z,1917.65,8451340,1840.75,2000,1750,555
2026-08-08 20:07:18,2026-08-08T10:07:18.745Z,1918.26,8563739,1840.79,2000,1750,555
2026-08-08 20:22:18,2026-08-08T10:22:18.834Z,1919.27,8712342,1840.62,2000,1750,555
2026-08-08 20:37:18,2026-08-08T10:37:18.755Z,1920.03,8804100,1840.56,2000,1750,555
2026-08-08 20:52:18,2026-08-08T10:52:18.744Z,1919.50,8708600,1840.69,2000,1750,555
2026-08-08 21:07:18,2026-08-08T11:07:18.749Z,1920.24,8824015,1840.79,2000,1750,555
2026-08-08 21:22:18,2026-08-08T11:22:18.744Z,1919.02,8614441,1840.94,2000,1750,555
2026-08-08 21:37:18,2026-08-08T11:37:18.743Z,1918.37,8539155,1841.00,2000,1750,555
2026-08-08 21:52:18,2026-08-08T11:52:18.747Z,1918.97,8639764,1841.01,2000,1750,555
2026-08-08 22:07:18,2026-08-08T12:07:18.835Z,1919.36,8708611,1840.93,2000,1750,555
2026-08-08 22:22:18,2026-08-08T12:22:18.743Z,1919.41,8736115,1841.21,2000,1750,555
2026-08-08 22:37:18,2026-08-08T12:37:18.738Z,1918.77,8624520,1841.08,2000,1750,556
2026-08-08 22:52:18,2026-08-08T12:52:18.831Z,1919.70,8787991,1841.04,2000,1750,555
2026-08-08 23:07:18,2026-08-08T13:07:18.740Z,1919.21,8716731,1841.09,2000,1750,555
2026-08-08 23:22:18,2026-08-08T13:22:18.752Z,1918.18,8561442,1841.14,2000,1750,555
2026-08-08 23:37:18,2026-08-08T13:37:18.751Z,1917.75,8498562,1841.03,2000,1750,555
2026-08-08 23:52:18,2026-08-08T13:52:18.750Z,1918.44,8617718,1841.03,2000,1750,557
2026-08-09 00:07:18,2026-08-08T14:07:18.749Z,1919.90,8793722,1841.15,2000,1750,558
2026-08-09 00:22:18,2026-08-08T14:22:18.836Z,1920.37,8856591,1841.20,2000,1750,558
2026-08-09 00:37:18,2026-08-08T14:37:18.758Z,1923.41,9241760,1841.50,2000,1750,558
2026-08-09 00:52:18,2026-08-08T14:52:18.777Z,1923.23,9197971,1841.40,2000,1750,558
2026-08-09 01:07:18,2026-08-08T15:07:18.768Z,1920.91,8792542,1841.31,2000,1750,558
2026-08-09 01:22:18,2026-08-08T15:22:18.754Z,1921.46,8892689,1841.50,2000,1750,559
2026-08-09 01:37:18,2026-08-08T15:37:18.718Z,1920.50,8728003,1841.87,2000,1750,559
2026-08-09 01:52:18,2026-08-08T15:52:18.745Z,1921.74,8967691,1841.77,2000,1750,559
2026-08-09 02:07:18,2026-08-08T16:07:18.752Z,1921.77,8981755,1841.87,2000,1750,559
2026-08-09 02:22:18,2026-08-08T16:22:18.752Z,1921.87,9067732,1841.14,2000,1750,559
2026-08-09 02:37:18,2026-08-08T16:37:18.751Z,1920.36,8683783,1840.94,2000,1900,559
2026-08-09 02:52:18,2026-08-08T16:52:18.756Z,1920.73,8783856,1840.91,2000,1900,559
2026-08-09 03:07:18,2026-08-08T17:07:18.752Z,1921.00,8856900,1840.88,2000,1900,559
2026-08-09 03:22:18,2026-08-08T17:22:18.849Z,1921.51,8933343,1841.25,2000,1900,559
2026-08-09 03:37:18,2026-08-08T17:37:18.763Z,1924.46,9461335,1841.47,2000,1750,559
2026-08-09 03:52:18,2026-08-08T17:52:18.762Z,1923.95,9355423,1841.66,2000,1750,559
2026-08-09 04:07:18,2026-08-08T18:07:18.758Z,1922.20,9067879,1841.56,2000,1750,559
2026-08-09 04:22:18,2026-08-08T18:22:18.730Z,1920.35,8763074,1841.31,2000,1900,559
2026-08-09 04:37:18,2026-08-08T18:37:18.734Z,1920.04,8763158,1840.88,2000,1900,559
2026-08-09 04:52:18,2026-08-08T18:52:18.776Z,1919.72,8719728,1840.85,2000,1900,559
2026-08-09 05:07:18,2026-08-08T19:07:18.774Z,1919.86,8768375,1840.89,2000,1900,560
2026-08-09 05:22:18,2026-08-08T19:22:18.766Z,1919.76,8759727,1840.91,2000,1900,560
2026-08-09 05:37:18,2026-08-08T19:37:18.759Z,1918.60,8530203,1840.89,2000,1900,560
2026-08-09 05:52:18,2026-08-08T19:52:18.764Z,1919.50,8699044,1840.86,2000,1900,561
2026-08-09 06:07:18,2026-08-08T20:07:18.759Z,1919.01,8604512,1840.84,2000,1900,561
2026-08-09 06:22:18,2026-08-08T20:22:18.756Z,1918.60,8527264,1840.81,2000,1900,561
2026-08-09 06:37:18,2026-08-08T20:37:18.762Z,1919.74,8752132,1840.52,2000,1900,561
2026-08-09 06:52:18,2026-08-08T20:52:18.759Z,1918.94,8594866,1840.50,2000,1900,561
2026-08-09 07:07:18,2026-08-08T21:07:18.756Z,1919.01,8624140,1840.42,2000,1900,561
2026-08-09 07:22:18,2026-08-08T21:22:18.758Z,1919.75,8781061,1840.44,2000,1900,561
2026-08-09 07:37:18,2026-08-08T21:37:18.758Z,1920.42,8925478,1840.50,2000,1900,561
2026-08-09 07:52:18,2026-08-08T21:52:18.778Z,1920.14,8866426,1840.75,2000,1900,561
2026-08-09 08:07:18,2026-08-08T22:07:18.762Z,1918.82,8618013,1840.60,2000,1900,561
2026-08-09 08:22:18,2026-08-08T22:22:18.762Z,1918.85,8648367,1840.52,2000,1900,561
2026-08-09 08:37:18,2026-08-08T22:37:18.853Z,1918.25,8530444,1840.47,2000,1900,561
2026-08-09 08:52:18,2026-08-08T22:52:18.777Z,1917.32,8338380,1840.51,2000,1900,561
2026-08-09 09:07:18,2026-08-08T23:07:18.758Z,1914.41,7712452,1840.26,2000,1900,562
2026-08-09 09:22:18,2026-08-08T23:22:18.761Z,1915.80,8073847,1840.00,2000,1900,563
2026-08-09 09:37:18,2026-08-08T23:37:18.738Z,1917.28,8414192,1840.26,2000,1900,563
2026-08-09 09:52:18,2026-08-08T23:52:18.768Z,1916.99,8348923,1840.28,2000,1900,563
2026-08-09 10:07:18,2026-08-09T00:07:18.764Z,1915.09,7888706,1840.28,2000,1900,563
2026-08-09 10:22:18,2026-08-09T00:22:18.771Z,1916.75,8275599,1840.25,2000,1900,563
2026-08-09 10:37:18,2026-08-09T00:37:18.784Z,1916.84,8308073,1840.22,2000,1900,563
2026-08-09 10:52:18,2026-08-09T00:52:18.769Z,1915.17,7910426,1840.20,2000,1900,563
2026-08-09 11:07:18,2026-08-09T01:07:18.778Z,1917.66,8544909,1840.29,2000,1900,563
2026-08-09 11:22:18,2026-08-09T01:22:18.760Z,1916.61,8310728,1840.26,2000,1900,564
2026-08-09 11:37:18,2026-08-09T01:37:18.797Z,1914.22,7706255,1839.91,2000,1900,565
2026-08-09 11:52:18,2026-08-09T01:52:18.767Z,1913.16,7419958,1839.95,2000,1900,565
2026-08-09 12:07:18,2026-08-09T02:07:18.782Z,1914.06,7670150,1839.82,2000,1900,565
2026-08-09 12:22:18,2026-08-09T02:22:18.777Z,1914.52,7801791,1839.78,2000,1900,565
2026-08-09 12:37:18,2026-08-09T02:37:18.769Z,1914.25,7697940,1840.33,2000,1900,565
2026-08-09 12:52:18,2026-08-09T02:52:18.772Z,1913.00,7371397,1840.12,2000,1900,565
2026-08-09 13:07:18,2026-08-09T03:07:18.765Z,1913.15,7452622,1840.05,2000,1900,566
2026-08-09 13:22:18,2026-08-09T03:22:18.813Z,1911.98,7102092,1839.81,2000,1900,566
2026-08-09 13:37:18,2026-08-09T03:37:18.773Z,1912.50,7276607,1839.74,2000,1900,566
2026-08-09 13:52:18,2026-08-09T03:52:18.784Z,1912.76,7369456,1839.61,2000,1900,566
2026-08-09 14:07:18,2026-08-09T04:07:18.860Z,1912.77,7398050,1839.44,2000,1900,566
2026-08-09 14:22:18,2026-08-09T04:22:18.775Z,1912.99,7448911,1839.41,2000,1900,566
2026-08-09 14:37:18,2026-08-09T04:37:18.782Z,1912.21,7159210,1839.41,2000,1900,566
2026-08-09 14:52:18,2026-08-09T04:52:18.872Z,1911.88,7062801,1839.09,2000,1900,566
2026-08-09 15:07:18,2026-08-09T05:07:18.820Z,1912.31,7236348,1838.86,2000,1900,566
2026-08-09 15:22:18,2026-08-09T05:22:18.750Z,1912.90,7436552,1838.71,2000,1900,566
2026-08-09 15:37:18,2026-08-09T05:37:18.864Z,1912.68,7330201,1838.46,2000,1900,566
2026-08-09 15:52:18,2026-08-09T05:52:18.779Z,1912.62,7346075,1838.12,2000,1900,567
2026-08-09 16:07:18,2026-08-09T06:07:18.791Z,1913.80,7862368,1837.64,2000,1900,567
2026-08-09 16:22:18,2026-08-09T06:22:18.775Z,1915.44,8602921,1838.14,2000,1750,567
2026-08-09 16:37:18,2026-08-09T06:37:18.776Z,1916.00,8955871,1837.93,2000,1750,567
2026-08-09 16:52:18,2026-08-09T06:52:18.844Z,1917.03,9540158,1837.86,1920,1750,568
2026-08-09 17:07:18,2026-08-09T07:07:18.863Z,1917.79,10099427,1837.82,1920,1750,568
2026-08-09 17:22:18,2026-08-09T07:22:18.777Z,1916.02,9243943,1858.82,1920,1750,568
2026-08-09 17:37:18,2026-08-09T07:37:18.774Z,1916.06,9060050,1861.74,2000,1750,568
2026-08-09 17:52:18,2026-08-09T07:52:18.781Z,1916.24,7977276,1902.05,2000,1750,568
2026-08-09 18:07:18,2026-08-09T08:07:18.781Z,1922.01,8049270,1833.89,2000,1750,538
2026-08-09 18:22:18,2026-08-09T08:22:18.802Z,1920.00,8048716,1833.60,2000,1750,542
2026-08-09 18:37:18,2026-08-09T08:37:18.788Z,1919.74,8045378,1833.91,2000,1750,542
2026-08-09 18:52:18,2026-08-09T08:52:18.807Z,1914.22,7334886,1834.79,2000,1750,543
2026-08-09 19:07:18,2026-08-09T09:07:18.764Z,1914.57,7391053,1834.98,2000,1750,543
2026-08-09 19:22:18,2026-08-09T09:22:18.784Z,1913.38,7200510,1835.67,2000,1750,543
2026-08-09 19:37:18,2026-08-09T09:37:18.782Z,1914.58,7346672,1835.71,2000,1750,543
2026-08-09 19:52:18,2026-08-09T09:52:18.781Z,1916.57,7531807,1836.06,2000,1750,543
2026-08-09 20:07:18,2026-08-09T10:07:18.789Z,1920.47,7948825,1837.22,2000,1750,544
2026-08-09 20:22:18,2026-08-09T10:22:18.786Z,1920.32,7911656,1838.05,2000,1750,544
2026-08-09 20:37:18,2026-08-09T10:37:18.782Z,1918.99,7753895,1837.96,2000,1750,544
2026-08-09 20:52:18,2026-08-09T10:52:18.791Z,1919.71,7852782,1837.87,2000,1750,544
2026-08-09 21:07:18,2026-08-09T11:07:18.793Z,1919.41,7816825,1837.87,2000,1750,545
2026-08-09 21:22:18,2026-08-09T11:22:18.792Z,1920.31,7893481,1838.89,2000,1750,545
2026-08-09 21:37:18,2026-08-09T11:37:18.782Z,1920.07,7864315,1838.89,2000,1750,545
2026-08-09 21:52:18,2026-08-09T11:52:18.781Z,1918.75,7707758,1838.86,2000,1750,545
2026-08-09 22:07:18,2026-08-09T12:07:18.821Z,1915.87,7340734,1839.58,2000,1750,545
2026-08-09 22:22:18,2026-08-09T12:22:18.797Z,1916.76,7462485,1839.51,2000,1750,545
2026-08-09 22:37:18,2026-08-09T12:37:18.788Z,1916.56,7446684,1839.44,2000,1750,545
2026-08-09 22:52:18,2026-08-09T12:52:18.778Z,1916.25,7409261,1839.27,2000,1750,545
2026-08-09 23:07:18,2026-08-09T13:07:18.872Z,1918.41,7724454,1839.34,2000,1750,546
2026-08-09 23:22:18,2026-08-09T13:22:18.781Z,1922.31,8189091,1839.78,2000,1750,546
2026-08-09 23:37:18,2026-08-09T13:37:18.767Z,1922.87,8234341,1840.07,2000,1750,546
2026-08-09 23:52:18,2026-08-09T13:52:18.797Z,1921.76,8114879,1840.93,2000,1750,546
2026-08-10 00:07:18,2026-08-09T14:07:18.789Z,1923.57,8341422,1840.92,2000,1750,547
2026-08-10 00:22:18,2026-08-09T14:22:18.799Z,1923.20,8297318,1840.96,2000,1750,547
2026-08-10 00:37:18,2026-08-09T14:37:18.793Z,1922.40,8373693,1839.43,2000,1750,547
2026-08-10 00:52:18,2026-08-09T14:52:18.789Z,1922.75,8423493,1839.23,2000,1750,547
2026-08-10 01:07:19,2026-08-09T15:07:19.161Z,1924.28,8613688,1839.05,2000,1750,547
2026-08-10 01:22:18,2026-08-09T15:22:18.791Z,1925.37,8777037,1838.28,2000,1750,547
2026-08-10 01:37:18,2026-08-09T15:37:18.800Z,1924.82,8711476,1838.11,2000,1750,548
2026-08-10 01:52:18,2026-08-09T15:52:18.807Z,1925.25,8777679,1837.80,2000,1750,548
2026-08-10 02:07:18,2026-08-09T16:07:18.803Z,1925.00,8753293,1837.64,2000,1750,548
2026-08-10 02:22:18,2026-08-09T16:22:18.790Z,1923.04,8548922,1837.33,2000,1750,548
2026-08-10 02:37:18,2026-08-09T16:37:18.794Z,1922.60,8621039,1836.56,2000,1750,548
2026-08-10 02:52:18,2026-08-09T16:52:18.789Z,1923.49,8737994,1836.51,2000,1750,548
2026-08-10 03:07:18,2026-08-09T17:07:18.792Z,1923.26,8735319,1836.35,2000,1750,548
2026-08-10 03:22:18,2026-08-09T17:22:18.792Z,1923.21,8761003,1836.27,2000,1750,548
2026-08-10 03:37:18,2026-08-09T17:37:18.877Z,1922.89,8736391,1836.17,2000,1750,548
2026-08-10 03:52:18,2026-08-09T17:52:18.796Z,1922.06,8625013,1836.38,2000,1750,549
2026-08-10 04:07:18,2026-08-09T18:07:18.847Z,1922.30,8698783,1836.22,2000,1750,549
2026-08-10 04:22:18,2026-08-09T18:22:18.811Z,1920.24,8442931,1835.83,2000,1750,549
2026-08-10 04:37:18,2026-08-09T18:37:18.814Z,1920.08,8427048,1835.49,2000,1750,549
2026-08-10 04:52:18,2026-08-09T18:52:18.768Z,1920.10,8392891,1835.43,2000,1750,549
2026-08-10 05:07:18,2026-08-09T19:07:18.788Z,1920.73,8503495,1835.46,2000,1750,549
2026-08-10 05:22:18,2026-08-09T19:22:18.801Z,1920.51,8487063,1835.41,2000,1750,549
2026-08-10 05:37:18,2026-08-09T19:37:18.808Z,1921.10,8594150,1835.40,2000,1750,549
2026-08-10 05:52:18,2026-08-09T19:52:18.813Z,1920.43,8537224,1835.34,2000,1750,549
2026-08-10 06:07:18,2026-08-09T20:07:18.821Z,1920.25,8532576,1835.25,2000,1750,549
2026-08-10 06:22:18,2026-08-09T20:22:18.815Z,1918.97,8370203,1834.87,2000,1750,549
2026-08-10 06:37:18,2026-08-09T20:37:18.811Z,1918.89,8376622,1834.63,2000,1750,549
2026-08-10 06:52:18,2026-08-09T20:52:18.809Z,1918.93,8384793,1834.50,2000,1750,549
2026-08-10 07:07:18,2026-08-09T21:07:18.797Z,1919.13,8424750,1834.39,2000,1750,549
2026-08-10 07:22:18,2026-08-09T21:22:18.775Z,1920.14,8571025,1834.41,2000,1750,549
2026-08-10 07:37:18,2026-08-09T21:37:18.800Z,1923.88,9123487,1834.69,2000,1750,550
2026-08-10 07:52:18,2026-08-09T21:52:18.815Z,1923.74,9086212,1834.87,2000,1750,550
2026-08-10 08:07:18,2026-08-09T22:07:18.824Z,1925.27,9379070,1835.20,2000,1750,550
2026-08-10 08:22:18,2026-08-09T22:22:18.804Z,1930.83,9618740,1838.17,2000,1750,551
2026-08-10 08:37:18,2026-08-09T22:37:18.869Z,1918.07,8016768,1837.02,2000,1750,552
2026-08-10 08:52:18,2026-08-09T22:52:18.802Z,1915.56,7720962,1835.88,2000,1900,552
2026-08-10 09:07:18,2026-08-09T23:07:18.817Z,1917.16,7994213,1836.06,2000,1750,552
2026-08-10 09:22:18,2026-08-09T23:22:18.812Z,1913.78,7459859,1835.91,2000,1900,554
2026-08-10 09:37:18,2026-08-09T23:37:18.811Z,1911.70,6903594,1838.76,2000,1900,556
2026-08-10 09:52:18,2026-08-09T23:52:18.820Z,1909.79,6526730,1839.59,2000,1900,557
2026-08-10 10:07:18,2026-08-10T00:07:18.816Z,1911.27,6774489,1840.07,2000,1900,558
2026-08-10 10:22:18,2026-08-10T00:22:18.900Z,1917.12,7587289,1842.73,2000,1900,559
2026-08-10 10:37:18,2026-08-10T00:37:18.918Z,1909.76,6294450,1841.22,2000,1900,559
2026-08-10 10:52:18,2026-08-10T00:52:18.825Z,1913.75,7216241,1841.01,2000,1900,560
2026-08-10 11:07:18,2026-08-10T01:07:18.899Z,1909.19,6292303,1841.19,2000,1900,560
2026-08-10 11:22:18,2026-08-10T01:22:18.910Z,1914.70,7786850,1838.41,2000,1900,560
2026-08-10 11:37:18,2026-08-10T01:37:18.808Z,1912.20,7287758,1838.57,2000,1900,561
2026-08-10 11:52:18,2026-08-10T01:52:18.819Z,1928.01,10059747,1839.05,2000,1750,561
2026-08-10 12:07:18,2026-08-10T02:07:18.829Z,1920.90,9051746,1838.92,2000,1900,561
2026-08-10 12:22:18,2026-08-10T02:22:18.821Z,1914.09,7779606,1838.29,2000,1900,561
2026-08-10 12:37:18,2026-08-10T02:37:18.813Z,1915.75,8218083,1838.51,2000,1900,561
2026-08-10 12:52:18,2026-08-10T02:52:18.832Z,1923.55,9719867,1839.21,2000,1750,561
2026-08-10 13:07:18,2026-08-10T03:07:18.827Z,1920.25,9202393,1839.23,2000,1900,561
2026-08-10 13:22:18,2026-08-10T03:22:18.817Z,1919.17,9080258,1839.09,2000,1900,561
2026-08-10 13:37:18,2026-08-10T03:37:18.818Z,1918.15,8921102,1838.96,2000,1900,561
2026-08-10 13:52:18,2026-08-10T03:52:18.825Z,1917.53,8836374,1838.91,2000,1900,561
2026-08-10 14:07:18,2026-08-10T04:07:18.826Z,1916.93,8763552,1838.81,2000,1900,561
2026-08-10 14:22:18,2026-08-10T04:22:18.824Z,1918.72,9255865,1838.68,2000,1900,561
2026-08-10 14:37:18,2026-08-10T04:37:18.816Z,1918.05,9191414,1838.59,2000,1900,561
2026-08-10 14:52:18,2026-08-10T04:52:18.824Z,1916.11,8827780,1838.49,2000,1900,561
2026-08-10 15:07:18,2026-08-10T05:07:18.832Z,1916.22,8765531,1843.36,2000,1900,561
2026-08-10 15:22:18,2026-08-10T05:22:18.818Z,1915.60,8640245,1843.92,2000,1900,561
2026-08-10 15:37:18,2026-08-10T05:37:18.819Z,1919.60,9772849,1844.05,2000,1750,561
2026-08-10 15:52:18,2026-08-10T05:52:18.842Z,1920.05,9886447,1844.06,2000,1750,561
2026-08-10 16:07:18,2026-08-10T06:07:18.827Z,1925.09,10778587,1844.22,2000,1750,562
2026-08-10 16:22:18,2026-08-10T06:22:18.884Z,1925.80,10852826,1844.90,2000,1750,562
2026-08-10 16:37:18,2026-08-10T06:37:18.820Z,1924.41,10996609,1844.89,2000,1750,562
2026-08-10 16:52:18,2026-08-10T06:52:18.817Z,1925.32,11022306,1845.03,2000,1750,562
2026-08-10 17:07:18,2026-08-10T07:07:18.827Z,1924.83,11143837,1845.07,2000,1750,563
2026-08-10 17:22:18,2026-08-10T07:22:18.819Z,1926.54,10443324,1844.86,2000,1750,564
2026-08-10 17:37:18,2026-08-10T07:37:18.819Z,1927.94,9151450,1900.91,2000,1750,565
2026-08-10 17:52:18,2026-08-10T07:52:18.806Z,1925.92,8514963,1903.52,2000,1750,565
2026-08-10 18:07:18,2026-08-10T08:07:18.825Z,1925.53,8126160,1840.71,2000,1750,533
2026-08-10 18:22:18,2026-08-10T08:22:18.843Z,1926.16,8197707,1841.12,2000,1750,533
2026-08-10 18:37:18,2026-08-10T08:37:18.831Z,1925.80,8102661,1842.26,2000,1750,533
2026-08-10 18:52:18,2026-08-10T08:52:18.885Z,1925.46,8226124,1842.90,2000,1750,534
2026-08-10 19:07:18,2026-08-10T09:07:18.823Z,1925.05,8152370,1843.12,2000,1750,535
2026-08-10 19:22:18,2026-08-10T09:22:18.916Z,1923.29,7954431,1843.29,2000,1750,535
2026-08-10 19:37:18,2026-08-10T09:37:18.827Z,1917.39,7321347,1843.17,2000,1750,535
2026-08-10 19:52:18,2026-08-10T09:52:18.840Z,1916.26,7027510,1844.24,2000,1750,535
2026-08-10 20:07:18,2026-08-10T10:07:18.808Z,1917.79,7215811,1844.30,2000,1750,535
2026-08-10 20:22:18,2026-08-10T10:22:18.841Z,1919.48,7409466,1844.51,2000,1750,535
2026-08-10 20:37:18,2026-08-10T10:37:18.828Z,1916.64,7037913,1843.95,2000,1750,535
2026-08-10 20:52:18,2026-08-10T10:52:18.820Z,1916.70,7050250,1844.01,2000,1750,535
2026-08-10 21:07:18,2026-08-10T11:07:18.826Z,1915.82,6963043,1844.01,2000,1750,535
2026-08-10 21:22:18,2026-08-10T11:22:18.836Z,1918.40,7296108,1844.05,2000,1750,535
2026-08-10 21:37:18,2026-08-10T11:37:18.827Z,1917.84,7204892,1844.19,2000,1750,535
2026-08-10 21:52:18,2026-08-10T11:52:18.844Z,1916.78,7035621,1844.32,2000,1750,535
2026-08-10 22:07:18,2026-08-10T12:07:18.803Z,1920.75,7518346,1846.33,2000,1750,535
2026-08-10 22:22:18,2026-08-10T12:22:18.863Z,1916.76,7020780,1845.73,2000,1750,535
2026-08-10 22:37:18,2026-08-10T12:37:18.847Z,1913.41,6636994,1849.04,2000,1750,535
2026-08-10 22:52:18,2026-08-10T12:52:18.838Z,1908.44,5962613,1848.95,2000,1750,535
2026-08-10 23:07:18,2026-08-10T13:07:18.842Z,1906.91,5807458,1849.95,2000,1750,536
2026-08-10 23:22:18,2026-08-10T13:22:18.827Z,1906.49,5769215,1849.61,2000,1750,536
2026-08-10 23:37:18,2026-08-10T13:37:18.828Z,1904.78,5633952,1849.92,2000,1750,538
2026-08-10 23:52:18,2026-08-10T13:52:18.925Z,1894.66,4384539,1848.66,2000,1750,539
2026-08-11 00:07:18,2026-08-10T14:07:18.845Z,1897.94,4824791,1848.58,2000,1750,539
2026-08-11 00:22:18,2026-08-10T14:22:18.847Z,1897.33,4693199,1848.92,2000,1750,539
2026-08-11 00:37:18,2026-08-10T14:37:18.836Z,1897.89,4728801,1848.93,2000,1750,540
2026-08-11 00:52:18,2026-08-10T14:52:18.842Z,1893.06,4115048,1849.55,2000,1750,540
2026-08-11 01:07:18,2026-08-10T15:07:18.845Z,1890.48,3793146,1851.62,2000,1750,540
2026-08-11 01:22:18,2026-08-10T15:22:18.853Z,1874.53,1797905,1855.58,2000,1750,547
2026-08-11 01:37:18,2026-08-10T15:37:18.839Z,1873.71,1746094,1855.32,2000,1750,547
2026-08-11 01:52:18,2026-08-10T15:52:18.901Z,1878.13,2150972,1855.51,2000,1750,547
2026-08-11 02:07:18,2026-08-10T16:07:18.893Z,1875.82,1897886,1855.61,2000,1750,547
2026-08-11 02:22:18,2026-08-10T16:22:18.837Z,1870.64,1278032,1857.55,2000,1750,549
2026-08-11 02:37:18,2026-08-10T16:37:18.841Z,1873.26,1580688,1857.18,2000,1750,549
2026-08-11 02:52:18,2026-08-10T16:52:18.848Z,1870.75,1299297,1857.45,2000,1750,549
2026-08-11 03:07:18,2026-08-10T17:07:18.916Z,1867.41,977317,1857.20,2000,1750,549
2026-08-11 03:22:18,2026-08-10T17:22:18.845Z,1871.04,1320341,1857.55,2000,1750,549
2026-08-11 03:37:18,2026-08-10T17:37:18.903Z,1873.21,1523472,1857.83,2000,1750,549
2026-08-11 03:52:18,2026-08-10T17:52:18.815Z,1872.31,1409299,1858.00,2000,1750,549
2026-08-11 04:07:18,2026-08-10T18:07:18.846Z,1871.74,1319831,1858.30,2000,1750,549
2026-08-11 04:22:18,2026-08-10T18:22:18.858Z,1870.84,1218338,1858.34,2000,1750,549
2026-08-11 04:37:18,2026-08-10T18:37:18.873Z,1867.72,896630,1858.26,2000,1750,549
2026-08-11 04:52:18,2026-08-10T18:52:18.932Z,1870.28,1057484,1860.04,2000,1750,549
2026-08-11 05:07:18,2026-08-10T19:07:18.843Z,1871.93,1214957,1860.21,2000,1750,549
2026-08-11 05:22:18,2026-08-10T19:22:18.866Z,1875.01,1519543,1860.62,2000,1750,549
2026-08-11 05:37:18,2026-08-10T19:37:18.883Z,1876.74,1662072,1861.26,2000,1750,549
2026-08-11 05:52:18,2026-08-10T19:52:18.845Z,1875.66,1506583,1861.46,2000,1750,549
2026-08-11 06:07:18,2026-08-10T20:07:18.883Z,1876.48,1594603,1861.57,2000,1750,549
2026-08-11 06:22:18,2026-08-10T20:22:18.898Z,1876.37,1579931,1861.66,2000,1750,549
2026-08-11 06:37:19,2026-08-10T20:37:19.237Z,1878.55,1934047,1861.05,2000,1750,549
2026-08-11 06:52:18,2026-08-10T20:52:18.870Z,1878.18,1841068,1861.56,2000,1750,550
2026-08-11 07:07:18,2026-08-10T21:07:18.845Z,1875.62,1529471,1861.67,2000,1750,550
2026-08-11 07:22:18,2026-08-10T21:22:18.886Z,1873.56,1308392,1861.53,2000,1750,550
2026-08-11 07:37:18,2026-08-10T21:37:18.847Z,1875.71,1671656,1861.36,2000,1750,550
2026-08-11 07:52:18,2026-08-10T21:52:18.946Z,1872.81,1304573,1861.34,2000,1750,550
2026-08-11 08:07:18,2026-08-10T22:07:18.945Z,1871.90,1187889,1861.40,2000,1750,550
2026-08-11 08:22:18,2026-08-10T22:22:18.908Z,1874.02,1431765,1861.61,2000,1750,550
2026-08-11 08:37:18,2026-08-10T22:37:18.868Z,1871.77,1153701,1861.66,2000,1750,550
2026-08-11 08:52:18,2026-08-10T22:52:18.849Z,1874.02,1431754,1861.85,2000,1750,550
2026-08-11 09:07:18,2026-08-10T23:07:18.861Z,1873.66,1372574,1862.00,2000,1750,550
2026-08-11 09:22:18,2026-08-10T23:22:18.879Z,1872.26,1199044,1861.96,2000,1750,550
2026-08-11 09:37:18,2026-08-10T23:37:18.870Z,1870.23,941214,1862.01,2000,1750,550
2026-08-11 09:52:18,2026-08-10T23:52:18.829Z,1871.09,1037596,1862.19,2000,1750,550
2026-08-11 10:07:18,2026-08-11T00:07:18.875Z,1869.60,853549,1862.14,2000,1750,550
2026-08-11 10:22:18,2026-08-11T00:22:18.862Z,1871.88,1123915,1862.33,2000,1750,550
2026-08-11 10:37:18,2026-08-11T00:37:18.915Z,1871.33,1003372,1862.69,2000,1750,550
2026-08-11 10:52:18,2026-08-11T00:52:18.867Z,1872.23,1086377,1862.93,2000,1750,550
2026-08-11 11:07:18,2026-08-11T01:07:18.888Z,1872.57,1071120,1863.68,2000,1750,550
2026-08-11 11:22:18,2026-08-11T01:22:18.867Z,1873.67,1191815,1863.63,2000,1750,550
2026-08-11 11:37:18,2026-08-11T01:37:18.950Z,1874.50,1270322,1863.65,2000,1750,550
2026-08-11 11:52:18,2026-08-11T01:52:18.873Z,1876.10,1460733,1863.87,2000,1750,550
2026-08-11 12:07:18,2026-08-11T02:07:18.973Z,1875.71,1470049,1864.69,2000,1750,550
2026-08-11 12:22:18,2026-08-11T02:22:18.840Z,1875.35,1419709,1864.57,2000,1750,550
2026-08-11 12:37:18,2026-08-11T02:37:18.879Z,1875.51,1431745,1864.76,2000,1750,550
2026-08-11 12:52:18,2026-08-11T02:52:18.870Z,1875.76,1427718,1865.01,2000,1750,550
2026-08-11 13:07:18,2026-08-11T03:07:18.869Z,1877.29,1612504,1865.04,2000,1750,550
2026-08-11 13:22:18,2026-08-11T03:22:18.894Z,1877.87,1632327,1864.89,2000,1750,550
2026-08-11 13:37:18,2026-08-11T03:37:18.873Z,1878.58,1688219,1865.02,2000,1750,550
2026-08-11 13:52:18,2026-08-11T03:52:18.963Z,1878.32,1647314,1865.01,2000,1750,550
2026-08-11 14:07:18,2026-08-11T04:07:18.880Z,1878.26,1630118,1865.15,2000,1750,550
2026-08-11 14:22:18,2026-08-11T04:22:18.898Z,1878.27,1765221,1865.22,2000,1750,550
2026-08-11 14:37:18,2026-08-11T04:37:18.886Z,1876.41,1474738,1865.11,2000,1750,550
2026-08-11 14:52:18,2026-08-11T04:52:18.868Z,1874.65,1269814,1865.29,2000,1750,550
2026-08-11 15:07:18,2026-08-11T05:07:18.869Z,1874.67,1308704,1864.90,2000,1750,550
2026-08-11 15:22:18,2026-08-11T05:22:18.874Z,1871.15,907801,1864.97,2000,1750,550
2026-08-11 15:37:18,2026-08-11T05:37:18.868Z,1874.76,1306656,1864.51,2000,1750,550
2026-08-11 15:52:18,2026-08-11T05:52:18.896Z,1874.47,1266038,1864.48,2000,1750,550
2026-08-11 16:07:18,2026-08-11T06:07:18.888Z,1872.09,1246544,1864.22,2000,1750,550
2026-08-11 16:22:18,2026-08-11T06:22:18.927Z,1872.01,1854145,1869.17,2000,1860,550
2026-08-11 16:37:18,2026-08-11T06:37:18.948Z,1870.64,1390385,1869.21,2000,1860,551
2026-08-11 16:52:18,2026-08-11T06:52:18.866Z,1871.64,2555913,1869.24,2000,1860,551
2026-08-11 17:07:18,2026-08-11T07:07:18.877Z,1872.89,4069953,1869.14,2000,1750,551
2026-08-11 17:22:18,2026-08-11T07:22:18.846Z,1870.10,1542320,1868.86,2000,1860,551
2026-08-11 17:37:18,2026-08-11T07:37:18.890Z,1875.11,5933395,1868.26,2000,1750,551
2026-08-11 17:52:18,2026-08-11T07:52:18.872Z,1876.05,4784477,1866.14,2000,1750,552
2026-08-11 18:07:18,2026-08-11T08:07:18.876Z,1876.02,3478114,1843.54,2000,1750,522
2026-08-11 18:22:18,2026-08-11T08:22:18.882Z,1874.41,3332985,1843.46,2000,1750,524
2026-08-11 18:37:18,2026-08-11T08:37:18.915Z,1874.71,3464360,1843.27,2000,1750,525
2026-08-11 18:52:18,2026-08-11T08:52:18.886Z,1875.22,3494563,1843.77,2000,1750,528
2026-08-11 19:37:18,2026-08-11T09:37:18.913Z,1876.87,3637157,1844.31,2000,1750,528
2026-08-11 19:52:18,2026-08-11T09:52:18.901Z,1880.03,4015091,1844.36,2000,1750,528
2026-08-11 20:07:18,2026-08-11T10:07:18.877Z,1885.36,4586470,1845.13,2000,1750,530
2026-08-11 20:22:18,2026-08-11T10:22:18.924Z,1881.19,4090188,1845.27,2000,1750,531
2026-08-11 20:37:18,2026-08-11T10:37:18.916Z,1884.83,4519012,1845.63,2000,1750,531
2026-08-11 20:52:18,2026-08-11T10:52:18.909Z,1885.78,4728287,1845.17,2000,1750,531
2026-08-11 21:07:18,2026-08-11T11:07:18.878Z,1890.65,5448667,1844.99,2000,1750,533
2026-08-11 21:22:18,2026-08-11T11:22:18.887Z,1890.65,5513101,1845.22,2000,1750,535
2026-08-11 21:37:18,2026-08-11T11:37:18.884Z,1890.88,5553672,1845.25,2000,1750,535
2026-08-11 21:52:18,2026-08-11T11:52:18.897Z,1891.45,6099780,1844.79,2000,1750,535
2026-08-11 22:07:18,2026-08-11T12:07:18.856Z,1892.58,6353535,1844.84,2000,1750,536
2026-08-11 22:22:18,2026-08-11T12:22:18.892Z,1891.32,5950209,1847.73,2000,1750,537
2026-08-11 22:37:18,2026-08-11T12:37:18.939Z,1889.20,5587401,1848.61,2000,1750,537
2026-08-11 22:52:18,2026-08-11T12:52:18.884Z,1885.89,4990539,1848.91,2000,1750,538
2026-08-11 23:07:18,2026-08-11T13:07:18.894Z,1886.86,5134607,1849.07,2000,1750,538
2026-08-11 23:22:18,2026-08-11T13:22:18.882Z,1885.70,4978058,1849.05,2000,1750,538
2026-08-11 23:37:18,2026-08-11T13:37:18.885Z,1883.44,4711141,1848.50,2000,1750,538
2026-08-11 23:52:18,2026-08-11T13:52:18.909Z,1886.68,5251086,1848.61,2000,1750,539
2026-08-12 00:07:18,2026-08-11T14:07:18.887Z,1885.37,5044824,1848.86,2000,1750,539
2026-08-12 00:22:18,2026-08-11T14:22:18.921Z,1883.24,4812255,1849.03,2000,1750,539
2026-08-12 00:37:18,2026-08-11T14:37:18.978Z,1877.12,4014149,1848.42,2000,1750,541
2026-08-12 00:52:18,2026-08-11T14:52:18.893Z,1870.52,2995525,1848.39,2000,1750,541
2026-08-12 01:07:18,2026-08-11T15:07:18.951Z,1873.77,3496514,1848.65,2000,1750,541
2026-08-12 01:22:18,2026-08-11T15:22:18.982Z,1875.05,3695320,1849.45,2000,1750,541
2026-08-12 01:37:18,2026-08-11T15:37:18.887Z,1860.60,1064723,1852.86,2000,1750,541
2026-08-12 01:52:18,2026-08-11T15:52:18.904Z,1856.83,652387,1852.10,2000,1750,542
2026-08-12 02:07:18,2026-08-11T16:07:18.878Z,1860.79,1107110,1853.03,2000,1750,542
2026-08-12 02:22:18,2026-08-11T16:22:18.919Z,1864.62,1641178,1853.59,2000,1750,543
2026-08-12 02:37:18,2026-08-11T16:37:18.888Z,1863.54,1449909,1853.79,2000,1750,543
2026-08-12 02:52:18,2026-08-11T16:52:18.899Z,1863.16,1370310,1853.97,2000,1750,544
2026-08-12 03:07:18,2026-08-11T17:07:18.900Z,1862.40,1227780,1854.12,2000,1750,544
2026-08-12 03:22:18,2026-08-11T17:22:18.907Z,1862.76,1266082,1854.31,2000,1750,544
2026-08-12 03:37:18,2026-08-11T17:37:18.923Z,1861.97,1113886,1854.48,2000,1750,545
2026-08-12 03:52:18,2026-08-11T17:52:18.900Z,1862.91,1318274,1854.17,2000,1750,545
2026-08-12 04:07:18,2026-08-11T18:07:18.932Z,1862.41,1183255,1854.52,2000,1750,545
2026-08-12 04:22:18,2026-08-11T18:22:18.902Z,1864.10,1463612,1854.65,2000,1750,545
2026-08-12 04:37:18,2026-08-11T18:37:18.898Z,1864.04,1692788,1853.47,2000,1750,545
2026-08-12 04:52:18,2026-08-11T18:52:18.914Z,1863.43,1641120,1852.98,2000,1750,545
2026-08-12 05:07:18,2026-08-11T19:07:18.924Z,1862.71,1453034,1853.51,2000,1750,545
2026-08-12 05:22:18,2026-08-11T19:22:18.913Z,1865.99,2037312,1853.68,2000,1750,545
2026-08-12 05:37:18,2026-08-11T19:37:18.947Z,1867.98,2320369,1854.38,2000,1750,545
2026-08-12 05:52:18,2026-08-11T19:52:18.901Z,1874.98,3703343,1854.63,2000,1750,545
2026-08-12 06:07:18,2026-08-11T20:07:18.993Z,1882.00,5085645,1854.44,2000,1750,545
2026-08-12 06:22:18,2026-08-11T20:22:18.899Z,1878.85,4423309,1854.42,2000,1750,545
2026-08-12 06:37:18,2026-08-11T20:37:18.941Z,1878.39,4328269,1854.48,2000,1750,544
2026-08-12 06:52:18,2026-08-11T20:52:18.932Z,1878.29,4314922,1854.66,2000,1750,544
2026-08-12 07:07:18,2026-08-11T21:07:18.953Z,1879.90,4648748,1854.84,2000,1750,544
2026-08-12 07:22:18,2026-08-11T21:22:18.905Z,1879.17,4460762,1855.45,2000,1750,544
2026-08-12 07:37:19,2026-08-11T21:37:19.016Z,1879.49,4543466,1855.64,2000,1750,544
2026-08-12 07:52:18,2026-08-11T21:52:18.905Z,1880.22,4690715,1855.80,2000,1750,545
2026-08-12 08:07:18,2026-08-11T22:07:18.906Z,1882.54,5169361,1856.16,2000,1750,545
2026-08-12 08:22:18,2026-08-11T22:22:18.877Z,1881.71,4981186,1856.37,2000,1750,545
2026-08-12 08:37:18,2026-08-11T22:37:18.972Z,1881.49,4942950,1856.49,2000,1750,545
2026-08-12 08:52:18,2026-08-11T22:52:18.931Z,1878.90,4394894,1856.48,2000,1750,545
2026-08-12 09:07:18,2026-08-11T23:07:18.992Z,1878.01,4194778,1856.64,2000,1750,545
2026-08-12 09:22:18,2026-08-11T23:22:18.914Z,1878.08,4217118,1856.71,2000,1750,545
2026-08-12 09:37:18,2026-08-11T23:37:18.916Z,1881.74,5035017,1857.14,2000,1750,545
2026-08-12 09:52:18,2026-08-11T23:52:18.918Z,1882.14,5095026,1857.43,2000,1750,545
2026-08-12 10:07:18,2026-08-12T00:07:18.911Z,1879.40,4437637,1857.72,2000,1750,545
2026-08-12 10:22:18,2026-08-12T00:22:18.953Z,1879.29,4215286,1859.65,2000,1750,545
2026-08-12 10:37:18,2026-08-12T00:37:18.915Z,1880.52,4470542,1860.29,2000,1750,545
2026-08-12 10:52:18,2026-08-12T00:52:18.931Z,1881.03,4601310,1860.53,2000,1750,545
2026-08-12 11:07:18,2026-08-12T01:07:18.944Z,1881.81,4803186,1860.63,2000,1750,545
2026-08-12 11:22:18,2026-08-12T01:22:18.939Z,1880.21,4369673,1860.74,2000,1750,545
2026-08-12 11:37:19,2026-08-12T01:37:19.284Z,1880.48,4430070,1861.06,2000,1750,545
2026-08-12 11:52:18,2026-08-12T01:52:18.947Z,1884.09,5384227,1861.18,2000,1750,545
2026-08-12 12:07:18,2026-08-12T02:07:18.968Z,1884.00,5359585,1861.18,2000,1750,546
2026-08-12 12:22:19,2026-08-12T02:22:19.035Z,1882.56,4964878,1861.07,2000,1750,546
2026-08-12 12:37:18,2026-08-12T02:37:18.974Z,1882.45,4955665,1861.11,2000,1750,546
2026-08-12 12:52:18,2026-08-12T02:52:18.926Z,1882.97,5120750,1861.08,2000,1750,546
2026-08-12 13:07:18,2026-08-12T03:07:18.934Z,1882.78,5081544,1861.28,2000,1750,546
2026-08-12 13:22:18,2026-08-12T03:22:18.914Z,1882.04,4936140,1861.72,2000,1750,546
2026-08-12 13:37:18,2026-08-12T03:37:18.958Z,1884.33,5573380,1861.80,2000,1750,546
2026-08-12 13:52:18,2026-08-12T03:52:18.906Z,1884.00,5379434,1862.30,2000,1750,546
2026-08-12 14:07:18,2026-08-12T04:07:18.918Z,1885.52,5839619,1862.47,2000,1750,546
2026-08-12 14:22:18,2026-08-12T04:22:18.935Z,1889.42,6969401,1862.75,2000,1750,546
2026-08-12 14:37:18,2026-08-12T04:37:18.933Z,1886.13,5978677,1863.03,2000,1750,546
2026-08-12 14:52:18,2026-08-12T04:52:18.925Z,1887.82,6480705,1863.20,2000,1750,546
2026-08-12 15:07:18,2026-08-12T05:07:18.936Z,1885.02,5673813,1863.34,2000,1750,546
2026-08-12 15:22:18,2026-08-12T05:22:18.929Z,1888.75,6793787,1863.45,2000,1750,548
2026-08-12 15:37:18,2026-08-12T05:37:18.924Z,1889.50,6987885,1863.86,2000,1750,548
2026-08-12 15:52:18,2026-08-12T05:52:18.896Z,1890.01,7128869,1864.12,2000,1750,548
2026-08-12 16:07:18,2026-08-12T06:07:18.946Z,1888.05,6423304,1864.60,2000,1750,548
2026-08-12 16:22:18,2026-08-12T06:22:18.950Z,1886.73,5931768,1864.72,2000,1750,548
2026-08-12 16:37:18,2026-08-12T06:37:18.990Z,1884.30,5148755,1864.97,2000,1750,548
2026-08-12 16:52:19,2026-08-12T06:52:19.115Z,1885.20,5307683,1865.08,2000,1750,548
2026-08-12 17:07:18,2026-08-12T07:07:18.927Z,1889.01,6129262,1865.57,2000,1750,548
2026-08-12 17:22:18,2026-08-12T07:22:18.913Z,1888.61,5682074,1865.76,2000,1750,549
2026-08-12 17:37:18,2026-08-12T07:37:18.927Z,1887.52,5319833,1865.71,2000,1750,549
2026-08-12 17:52:18,2026-08-12T07:52:18.937Z,1887.35,5299103,1864.68,2000,1750,549
2026-08-12 18:07:18,2026-08-12T08:07:18.926Z,1893.74,6252760,1847.88,2000,1750,522
2026-08-12 18:22:18,2026-08-12T08:22:18.939Z,1891.23,6341839,1846.59,2000,1750,523
2026-08-12 18:37:18,2026-08-12T08:37:18.929Z,1890.36,6194346,1846.93,2000,1750,526
2026-08-12 18:52:18,2026-08-12T08:52:18.948Z,1889.28,6138911,1846.93,2000,1750,527
2026-08-12 19:07:18,2026-08-12T09:07:18.942Z,1890.65,6372303,1847.17,2000,1750,531
2026-08-12 19:22:18,2026-08-12T09:22:18.983Z,1892.95,6643529,1847.89,2000,1750,533
2026-08-12 19:37:18,2026-08-12T09:37:18.992Z,1905.00,8418634,1847.23,2000,1750,535
2026-08-12 19:52:18,2026-08-12T09:52:18.932Z,1901.37,7892625,1847.35,2000,1750,536
2026-08-12 20:07:18,2026-08-12T10:07:18.941Z,1908.29,8763754,1847.40,2000,1750,537
2026-08-12 20:22:19,2026-08-12T10:22:19.059Z,1911.05,9166607,1847.09,2000,1750,539
2026-08-12 20:37:19,2026-08-12T10:37:19.076Z,1908.43,8795032,1847.04,2000,1750,539
2026-08-12 20:52:18,2026-08-12T10:52:18.960Z,1908.36,8884813,1846.87,2000,1750,539
2026-08-12 21:07:18,2026-08-12T11:07:18.930Z,1906.21,8587386,1846.72,2000,1750,540
2026-08-12 21:22:18,2026-08-12T11:22:18.971Z,1909.46,9066735,1846.78,2000,1750,541
2026-08-12 21:37:18,2026-08-12T11:37:18.944Z,1910.07,9113116,1846.75,2000,1750,542
2026-08-12 21:52:19,2026-08-12T11:52:19.026Z,1913.45,9595476,1846.81,2000,1750,543
2026-08-12 22:07:18,2026-08-12T12:07:18.940Z,1913.93,9510461,1846.72,2000,1750,543
2026-08-12 22:22:18,2026-08-12T12:22:18.937Z,1914.26,9527477,1846.47,2000,1750,545
2026-08-12 22:37:19,2026-08-12T12:37:19.004Z,1911.33,9101587,1846.96,2000,1750,546
2026-08-12 22:52:18,2026-08-12T12:52:18.971Z,1908.25,8598491,1848.61,2000,1750,546
2026-08-12 23:07:18,2026-08-12T13:07:18.989Z,1908.12,8736596,1847.90,2000,1750,546
2026-08-12 23:22:18,2026-08-12T13:22:18.934Z,1907.17,8796799,1847.24,2000,1750,547
2026-08-12 23:37:18,2026-08-12T13:37:18.949Z,1903.68,8404547,1847.13,2000,1750,548
2026-08-12 23:52:18,2026-08-12T13:52:18.948Z,1901.58,8156660,1847.26,2000,1750,548
2026-08-13 00:07:18,2026-08-12T14:07:18.965Z,1890.30,6457771,1848.87,2000,1750,548
2026-08-13 00:22:18,2026-08-12T14:22:18.999Z,1893.70,7094224,1849.35,2000,1750,548
2026-08-13 00:37:18,2026-08-12T14:37:18.961Z,1889.57,6300140,1851.86,2000,1750,549
2026-08-13 00:52:18,2026-08-12T14:52:18.953Z,1890.11,6258751,1852.92,2000,1750,549
2026-08-13 01:07:18,2026-08-12T15:07:18.926Z,1890.02,6277223,1853.17,2000,1750,549
2026-08-13 01:22:19,2026-08-12T15:22:19.005Z,1890.82,6375525,1853.86,2000,1750,549
2026-08-13 01:37:19,2026-08-12T15:37:19.041Z,1893.79,6949995,1854.14,2000,1750,549
2026-08-13 01:52:18,2026-08-12T15:52:18.950Z,1891.09,6380706,1854.90,2000,1750,550
2026-08-13 02:07:18,2026-08-12T16:07:18.984Z,1889.70,6098069,1855.22,2000,1750,550
2026-08-13 02:22:19,2026-08-12T16:22:19.039Z,1891.37,6354670,1856.13,2000,1750,550
2026-08-13 02:37:18,2026-08-12T16:37:18.984Z,1890.99,6278980,1856.36,2000,1750,550
2026-08-13 02:52:19,2026-08-12T16:52:19.063Z,1888.77,5830960,1856.61,2000,1750,550
2026-08-13 03:07:19,2026-08-12T17:07:19.017Z,1889.04,5898818,1856.84,2000,1750,550
2026-08-13 03:22:19,2026-08-12T17:22:19.028Z,1884.82,5027794,1857.01,2000,1750,550
2026-08-13 03:37:19,2026-08-12T17:37:19.039Z,1888.06,5672636,1857.51,2000,1750,550
2026-08-13 03:52:19,2026-08-12T17:52:19.223Z,1888.15,5738074,1857.49,2000,1750,550
2026-08-13 04:07:19,2026-08-12T18:07:19.277Z,1886.68,5415933,1857.77,2000,1750,550
2026-08-13 04:22:19,2026-08-12T18:22:19.157Z,1885.19,5055114,1858.47,2000,1750,550
2026-08-13 04:37:19,2026-08-12T18:37:19.177Z,1886.69,5370709,1858.80,2000,1750,550
2026-08-13 04:52:19,2026-08-12T18:52:19.211Z,1884.56,4844905,1859.32,2000,1750,550
2026-08-13 05:07:19,2026-08-12T19:07:19.109Z,1884.23,4744393,1859.62,2000,1750,550
2026-08-13 05:22:19,2026-08-12T19:22:19.206Z,1882.68,4381917,1859.80,2000,1750,550
2026-08-13 05:37:19,2026-08-12T19:37:19.241Z,1882.33,4357426,1859.70,2000,1750,550
2026-08-13 05:52:19,2026-08-12T19:52:19.321Z,1876.49,3209460,1859.59,2000,1750,550
2026-08-13 06:07:19,2026-08-12T20:07:19.210Z,1877.98,3367306,1860.92,2000,1750,550
2026-08-13 06:22:19,2026-08-12T20:22:19.189Z,1880.00,3829221,1861.17,2000,1750,550
2026-08-13 06:37:19,2026-08-12T20:37:19.167Z,1885.09,4957443,1861.63,2000,1750,550
2026-08-13 06:52:19,2026-08-12T20:52:19.298Z,1884.90,4854693,1861.92,2000,1750,550
2026-08-13 07:07:19,2026-08-12T21:07:19.171Z,1884.31,4693210,1862.01,2000,1750,550
2026-08-13 07:22:19,2026-08-12T21:22:19.198Z,1883.27,4430485,1862.17,2000,1750,550
2026-08-13 07:37:19,2026-08-12T21:37:19.277Z,1876.29,2761904,1863.24,2000,1750,550
2026-08-13 07:52:19,2026-08-12T21:52:19.159Z,1881.03,3892310,1863.55,2000,1750,551
2026-08-13 08:07:19,2026-08-12T22:07:19.143Z,1878.99,3451911,1863.44,2000,1750,551
2026-08-13 08:22:19,2026-08-12T22:22:19.261Z,1877.33,3001815,1863.92,2000,1750,551
2026-08-13 08:37:19,2026-08-12T22:37:19.255Z,1877.60,3009737,1864.23,2000,1750,551
2026-08-13 08:52:19,2026-08-12T22:52:19.223Z,1875.91,2593259,1864.28,2000,1750,551
2026-08-13 09:07:19,2026-08-12T23:07:19.266Z,1874.01,2111677,1864.46,2000,1750,551
2026-08-13 09:22:19,2026-08-12T23:22:19.200Z,1874.79,2302655,1864.51,2000,1750,551
2026-08-13 09:37:19,2026-08-12T23:37:19.210Z,1876.87,2834327,1864.53,2000,1750,551
2026-08-13 09:52:19,2026-08-12T23:52:19.266Z,1876.76,2790595,1864.65,2000,1750,551
2026-08-13 10:07:19,2026-08-13T00:07:19.322Z,1879.55,3474383,1864.89,2000,1750,551
2026-08-13 10:22:19,2026-08-13T00:22:19.227Z,1881.47,3827499,1865.48,2000,1750,551
2026-08-13 10:37:19,2026-08-13T00:37:19.178Z,1879.75,3340820,1865.78,2000,1750,551
2026-08-13 10:52:19,2026-08-13T00:52:19.303Z,1880.70,3587237,1865.93,2000,1750,551
2026-08-13 11:07:19,2026-08-13T01:07:19.561Z,1878.29,2892788,1866.22,2000,1750,551
2026-08-13 11:22:19,2026-08-13T01:22:19.308Z,1877.16,2537267,1866.65,2000,1750,551
2026-08-13 11:37:19,2026-08-13T01:37:19.192Z,1877.78,2783615,1866.54,2000,1750,551
2026-08-13 11:52:19,2026-08-13T01:52:19.243Z,1876.20,2455828,1866.28,2000,1750,551
2026-08-13 12:07:19,2026-08-13T02:07:19.267Z,1875.10,2148530,1866.32,2000,1750,551
2026-08-13 12:22:19,2026-08-13T02:22:19.173Z,1874.75,2052159,1866.36,2000,1750,551
2026-08-13 12:37:19,2026-08-13T02:37:19.189Z,1873.09,1601126,1866.57,2000,1750,551
2026-08-13 12:52:19,2026-08-13T02:52:19.375Z,1876.93,2645250,1866.74,2000,1750,551
2026-08-13 13:07:19,2026-08-13T03:07:19.283Z,1880.86,3663886,1866.99,2000,1750,551
2026-08-13 13:22:19,2026-08-13T03:22:19.243Z,1880.93,3554813,1867.28,2000,1750,551
2026-08-13 13:37:19,2026-08-13T03:37:19.669Z,1882.44,4022260,1867.57,2000,1750,551
2026-08-13 13:52:19,2026-08-13T03:52:19.321Z,1886.67,5338034,1867.73,2000,1750,551
2026-08-13 14:07:19,2026-08-13T04:07:19.222Z,1885.27,4772526,1867.70,2000,1750,551
2026-08-13 14:22:19,2026-08-13T04:22:19.372Z,1883.36,4101158,1867.76,2000,1750,551
2026-08-13 14:37:19,2026-08-13T04:37:19.231Z,1888.10,5756831,1868.10,2000,1750,551
2026-08-13 14:52:19,2026-08-13T04:52:19.245Z,1891.37,6888864,1868.58,2000,1750,551
2026-08-13 15:07:19,2026-08-13T05:07:19.095Z,1895.18,8203299,1868.81,2000,1750,551
2026-08-13 15:22:19,2026-08-13T05:22:19.107Z,1894.60,7980264,1869.01,2000,1750,551
2026-08-13 15:37:19,2026-08-13T05:37:19.116Z,1895.63,8355762,1869.02,2000,1750,551
2026-08-13 15:52:19,2026-08-13T05:52:19.164Z,1894.74,8120181,1868.96,2000,1750,551
2026-08-13 16:07:19,2026-08-13T06:07:19.128Z,1891.07,6793617,1868.77,2000,1750,551
2026-08-13 16:22:19,2026-08-13T06:22:19.125Z,1893.43,7930829,1868.45,2000,1750,552
2026-08-13 16:37:19,2026-08-13T06:37:19.135Z,1890.71,6681747,1868.36,2000,1750,552
2026-08-13 16:52:19,2026-08-13T06:52:19.145Z,1894.98,8785998,1868.25,2000,1750,552
2026-08-13 17:07:19,2026-08-13T07:07:19.176Z,1895.35,9235623,1867.58,2000,1750,552
2026-08-13 17:22:19,2026-08-13T07:22:19.160Z,1895.04,9044608,1867.25,2000,1750,552
2026-08-13 17:37:19,2026-08-13T07:37:19.226Z,1895.99,9684435,1866.57,2000,1750,552
2026-08-13 17:52:19,2026-08-13T07:52:19.139Z,1894.99,7519456,1865.59,2000,1750,553
2026-08-13 18:07:19,2026-08-13T08:07:19.138Z,1894.42,7204085,1853.76,2000,1750,523
2026-08-13 18:22:19,2026-08-13T08:22:19.155Z,1890.72,6594108,1854.81,2000,1750,527
2026-08-13 18:37:19,2026-08-13T08:37:19.159Z,1889.97,6578299,1854.98,2000,1750,528
2026-08-13 18:52:19,2026-08-13T08:52:19.167Z,1887.15,6030473,1854.86,2000,1750,534
2026-08-13 19:07:19,2026-08-13T09:07:19.236Z,1883.62,5327394,1854.61,2000,1750,536
2026-08-13 19:22:19,2026-08-13T09:22:19.248Z,1884.42,5516397,1854.43,2000,1750,538
2026-08-13 19:37:19,2026-08-13T09:37:19.148Z,1884.63,5514081,1854.81,2000,1750,539
2026-08-13 19:52:19,2026-08-13T09:52:19.129Z,1886.70,5752326,1856.39,2000,1750,540
2026-08-13 20:07:19,2026-08-13T10:07:19.130Z,1883.19,5032729,1857.19,2000,1750,542
2026-08-13 20:22:19,2026-08-13T10:22:19.138Z,1883.85,5215660,1857.28,2000,1750,542
2026-08-13 20:37:19,2026-08-13T10:37:19.135Z,1881.35,4694782,1857.30,2000,1750,542
2026-08-13 20:52:19,2026-08-13T10:52:19.234Z,1881.32,4753003,1857.05,2000,1750,542
2026-08-13 21:07:19,2026-08-13T11:07:19.143Z,1880.56,4406247,1858.45,2000,1750,543
2026-08-13 21:22:19,2026-08-13T11:22:19.147Z,1877.25,3677583,1858.67,2000,1750,543
2026-08-13 21:37:19,2026-08-13T11:37:19.187Z,1876.34,3573045,1858.24,2000,1750,547
2026-08-13 21:52:19,2026-08-13T11:52:19.151Z,1876.92,3674513,1858.48,2000,1750,549
2026-08-13 22:07:19,2026-08-13T12:07:19.180Z,1880.16,4334038,1859.03,2000,1750,549
2026-08-13 22:22:19,2026-08-13T12:22:19.259Z,1881.34,4534257,1859.36,2000,1750,550
2026-08-13 22:37:19,2026-08-13T12:37:19.159Z,1885.33,5353302,1859.60,2000,1750,554
2026-08-13 22:52:19,2026-08-13T12:52:19.198Z,1886.40,5584375,1859.51,2000,1750,554
2026-08-13 23:07:19,2026-08-13T13:07:19.188Z,1893.24,7077691,1860.16,2000,1750,554
2026-08-13 23:22:19,2026-08-13T13:22:19.172Z,1888.18,5846421,1860.39,2000,1750,556
2026-08-13 23:37:19,2026-08-13T13:37:19.159Z,1889.69,6248425,1860.54,2000,1750,557
2026-08-13 23:52:19,2026-08-13T13:52:19.142Z,1889.37,6192748,1860.77,2000,1750,557
2026-08-14 00:07:19,2026-08-13T14:07:19.152Z,1887.18,5747611,1861.16,2000,1750,557
2026-08-14 00:22:19,2026-08-13T14:22:19.153Z,1891.06,6699338,1862.08,2000,1750,558
2026-08-14 00:37:19,2026-08-13T14:37:19.224Z,1894.35,7732010,1862.07,2000,1750,558
2026-08-14 00:52:19,2026-08-13T14:52:19.556Z,1892.91,7736070,1861.43,2000,1750,560
2026-08-14 01:07:19,2026-08-13T15:07:19.170Z,1889.66,6973797,1861.92,2000,1750,560
2026-08-14 01:22:19,2026-08-13T15:22:19.175Z,1891.47,7751831,1861.41,2000,1750,560
2026-08-14 01:37:19,2026-08-13T15:37:19.271Z,1887.28,6666503,1861.67,2000,1750,560
2026-08-14 01:52:19,2026-08-13T15:52:19.218Z,1886.16,6270801,1862.78,2000,1750,561
2026-08-14 02:07:19,2026-08-13T16:07:19.192Z,1878.97,4266634,1862.30,2000,1750,561
2026-08-14 02:22:19,2026-08-13T16:22:19.188Z,1882.47,5300783,1862.19,2000,1750,561
2026-08-14 02:37:19,2026-08-13T16:37:19.269Z,1876.73,3628093,1862.25,2000,1750,561
2026-08-14 02:52:19,2026-08-13T16:52:19.190Z,1873.11,2124077,1865.09,2000,1860,562
2026-08-14 03:07:19,2026-08-13T17:07:19.175Z,1874.37,2494181,1865.34,2000,1860,563
2026-08-14 03:22:19,2026-08-13T17:22:19.161Z,1875.26,2707293,1865.74,2000,1860,563
2026-08-14 03:37:19,2026-08-13T17:37:19.163Z,1874.55,2431189,1866.05,2000,1860,563
2026-08-14 03:52:19,2026-08-13T17:52:19.188Z,1876.72,3059540,1866.30,2000,1860,563
2026-08-14 04:07:19,2026-08-13T18:07:19.175Z,1878.59,3700003,1866.27,2000,1860,563
2026-08-14 04:22:19,2026-08-13T18:22:19.180Z,1878.61,3691665,1866.51,2000,1860,563
2026-08-14 04:37:19,2026-08-13T18:37:19.244Z,1875.21,2653472,1866.55,2000,1860,563
2026-08-14 04:52:19,2026-08-13T18:52:19.212Z,1881.30,4586467,1867.07,2000,1750,563
2026-08-14 05:07:19,2026-08-13T19:07:19.191Z,1886.28,6194871,1867.40,2000,1750,563
2026-08-14 05:22:19,2026-08-13T19:22:19.177Z,1886.88,6203503,1868.14,2000,1750,563
2026-08-14 05:37:19,2026-08-13T19:37:19.205Z,1885.92,5889227,1868.26,2000,1750,563
2026-08-14 05:52:19,2026-08-13T19:52:19.299Z,1886.06,6089789,1868.29,2000,1750,563
2026-08-14 06:07:19,2026-08-13T20:07:19.192Z,1886.05,6118688,1868.33,2000,1750,563
2026-08-14 06:22:19,2026-08-13T20:22:19.194Z,1885.77,6028115,1868.44,2000,1750,563
2026-08-14 06:37:19,2026-08-13T20:37:19.280Z,1886.56,6266904,1870.55,2000,1860,563
2026-08-14 06:52:19,2026-08-13T20:52:19.184Z,1883.85,5156034,1870.69,2000,1860,563
2026-08-14 07:07:19,2026-08-13T21:07:19.191Z,1886.86,6407125,1870.84,2000,1860,563
2026-08-14 07:22:19,2026-08-13T21:22:19.095Z,1885.78,5927640,1870.88,2000,1860,564
2026-08-14 07:37:19,2026-08-13T21:37:19.167Z,1887.04,6431342,1871.14,2000,1750,564
2026-08-14 07:52:19,2026-08-13T21:52:19.120Z,1886.49,6169249,1871.39,2000,1860,564
2026-08-14 08:07:19,2026-08-13T22:07:19.174Z,1889.22,7252706,1871.79,2000,1750,564
2026-08-14 08:22:19,2026-08-13T22:22:19.177Z,1889.27,7523097,1871.86,1900,1750,564
2026-08-14 08:37:19,2026-08-13T22:37:19.183Z,1888.60,7172342,1871.86,2000,1750,564
2026-08-14 08:52:19,2026-08-13T22:52:19.207Z,1888.88,7298000,1871.92,1900,1750,564
2026-08-14 09:07:19,2026-08-13T23:07:19.149Z,1885.51,5906067,1871.92,2000,1860,564
2026-08-14 09:22:19,2026-08-13T23:22:19.185Z,1885.42,5938234,1872.05,2000,1860,564
2026-08-14 09:37:19,2026-08-13T23:37:19.198Z,1885.21,5856469,1872.06,2000,1860,564
2026-08-14 09:52:19,2026-08-13T23:52:19.196Z,1884.10,5322893,1872.11,2000,1860,564
2026-08-14 10:07:19,2026-08-14T00:07:19.198Z,1884.92,5656828,1872.66,2000,1860,564
2026-08-14 10:22:19,2026-08-14T00:22:19.201Z,1886.25,6298077,1872.88,2000,1750,564
2026-08-14 10:37:19,2026-08-14T00:37:19.204Z,1884.31,5324170,1872.96,2000,1860,564
2026-08-14 10:52:19,2026-08-14T00:52:19.293Z,1886.12,6240602,1873.08,2000,1750,564
2026-08-14 11:07:19,2026-08-14T01:07:19.197Z,1886.69,6520108,1873.26,1900,1750,564
2026-08-14 11:22:19,2026-08-14T01:22:19.160Z,1885.17,5745515,1873.25,2000,1750,564
2026-08-14 11:37:19,2026-08-14T01:37:19.169Z,1885.24,5804368,1873.31,2000,1750,564
2026-08-14 11:52:19,2026-08-14T01:52:19.273Z,1887.00,6726611,1873.52,1900,1750,564
2026-08-14 12:07:19,2026-08-14T02:07:19.158Z,1888.63,7637307,1873.58,1900,1750,564
2026-08-14 12:22:19,2026-08-14T02:22:19.183Z,1885.77,5978766,1873.63,2000,1750,564
2026-08-14 12:37:19,2026-08-14T02:37:19.179Z,1885.93,6075968,1873.61,2000,1750,564
2026-08-14 12:52:19,2026-08-14T02:52:19.205Z,1887.06,6680815,1873.71,1900,1750,564
2026-08-14 13:07:19,2026-08-14T03:07:19.203Z,1882.37,4125702,1873.54,2000,1750,564
2026-08-14 13:22:19,2026-08-14T03:22:19.211Z,1887.34,6924666,1873.42,1900,1750,564
2026-08-14 13:37:19,2026-08-14T03:37:19.238Z,1883.01,4446174,1873.40,2000,1750,564
2026-08-14 13:52:19,2026-08-14T03:52:19.231Z,1881.38,4145951,1872.27,2000,1700,565
2026-08-14 14:07:19,2026-08-14T04:07:19.209Z,1882.43,4536868,1872.46,2000,1750,566
2026-08-14 14:22:19,2026-08-14T04:22:19.216Z,1884.74,5555906,1872.48,2000,1750,566
2026-08-14 14:37:19,2026-08-14T04:37:19.216Z,1884.07,5251546,1872.23,2000,1750,566
2026-08-14 14:52:19,2026-08-14T04:52:19.219Z,1883.04,4736481,1871.95,2000,1750,566
2026-08-14 15:07:19,2026-08-14T05:07:19.198Z,1882.29,4357599,1871.69,2000,1750,566
2026-08-14 15:22:19,2026-08-14T05:22:19.195Z,1880.77,3738008,1871.21,2000,1750,566
2026-08-14 15:37:19,2026-08-14T05:37:19.212Z,1881.74,4087408,1870.99,2000,1750,566
2026-08-14 15:52:19,2026-08-14T05:52:19.184Z,1882.28,4196468,1870.71,2000,1750,566
2026-08-14 16:07:19,2026-08-14T06:07:19.176Z,1880.02,3419297,1870.11,2000,1750,566
2026-08-14 16:22:19,2026-08-14T06:22:19.184Z,1877.14,2734779,1869.80,2000,1750,566
2026-08-14 16:37:19,2026-08-14T06:37:19.197Z,1875.92,2262892,1869.89,2000,1750,566
2026-08-14 16:52:19,2026-08-14T06:52:19.191Z,1873.58,1679028,1869.23,2000,1860,566
2026-08-14 17:07:19,2026-08-14T07:07:19.231Z,1874.23,2169709,1868.58,2000,1750,566
2026-08-14 17:22:19,2026-08-14T07:22:19.222Z,1875.72,2455027,1868.07,2000,1880,566
2026-08-14 17:37:19,2026-08-14T07:37:19.218Z,1874.24,3100563,1867.30,2000,1750,567
2026-08-14 17:52:19,2026-08-14T07:52:19.213Z,1873.24,3570039,1866.03,2000,1750,568
2026-08-14 18:07:19,2026-08-14T08:07:19.224Z,1872.42,3454823,1846.28,2000,1750,535
2026-08-14 18:22:19,2026-08-14T08:22:19.225Z,1872.02,3514275,1846.11,2000,1750,538
2026-08-14 18:37:19,2026-08-14T08:37:19.204Z,1872.73,3578280,1847.30,2000,1750,542
2026-08-14 18:52:19,2026-08-14T08:52:19.186Z,1874.20,3752767,1848.20,2000,1750,544
2026-08-14 19:07:19,2026-08-14T09:07:19.212Z,1874.22,3806641,1849.13,2000,1750,544
2026-08-14 19:22:19,2026-08-14T09:22:19.123Z,1874.66,3862204,1849.62,2000,1750,544
2026-08-14 19:37:19,2026-08-14T09:37:19.270Z,1871.43,3344765,1849.63,2000,1750,544
2026-08-14 19:52:19,2026-08-14T09:52:19.211Z,1872.22,3496441,1849.82,2000,1750,544
2026-08-14 20:07:19,2026-08-14T10:07:19.212Z,1873.07,3661683,1849.92,2000,1750,544
2026-08-14 20:22:19,2026-08-14T10:22:19.205Z,1874.90,3925751,1850.26,2000,1750,544
2026-08-14 20:37:19,2026-08-14T10:37:19.202Z,1875.34,3967936,1850.57,2000,1750,546
2026-08-14 20:52:19,2026-08-14T10:52:19.307Z,1875.46,4007235,1850.54,2000,1750,546
2026-08-14 21:07:19,2026-08-14T11:07:19.207Z,1874.23,3717453,1851.20,2000,1750,546
2026-08-14 21:22:19,2026-08-14T11:22:19.233Z,1875.76,3999456,1851.27,2000,1750,546
2026-08-14 21:37:19,2026-08-14T11:37:19.225Z,1876.37,4067239,1851.52,2000,1750,547
2026-08-14 21:52:19,2026-08-14T11:52:19.223Z,1878.41,4378939,1851.77,2000,1750,547
2026-08-14 22:07:19,2026-08-14T12:07:19.231Z,1875.63,3901967,1851.75,2000,1750,547
2026-08-14 22:22:19,2026-08-14T12:22:19.214Z,1873.73,3600846,1851.75,2000,1750,547
2026-08-14 22:37:19,2026-08-14T12:37:19.233Z,1874.87,3723841,1852.27,2000,1750,548
2026-08-14 22:52:19,2026-08-14T12:52:19.268Z,1872.84,3422114,1852.04,2000,1750,548
2026-08-14 23:07:19,2026-08-14T13:07:19.264Z,1869.44,2524277,1854.19,2000,1750,549
2026-08-14 23:22:19,2026-08-14T13:22:19.230Z,1866.62,2152749,1853.71,2000,1750,549
2026-08-14 23:37:19,2026-08-14T13:37:19.262Z,1866.35,2028117,1854.21,2000,1750,551
2026-08-14 23:52:19,2026-08-14T13:52:19.250Z,1864.76,1635533,1855.20,2000,1750,551
2026-08-15 00:07:19,2026-08-14T14:07:19.239Z,1866.87,2011015,1855.30,2000,1750,551
2026-08-15 00:22:19,2026-08-14T14:22:19.248Z,1863.76,1431212,1855.58,2000,1750,552
2026-08-15 00:37:19,2026-08-14T14:37:19.208Z,1869.77,2501754,1856.15,2000,1750,552
2026-08-15 00:52:19,2026-08-14T14:52:19.270Z,1866.40,1786607,1856.54,2000,1750,552
2026-08-15 01:07:19,2026-08-14T15:07:19.267Z,1864.92,1599087,1856.28,2000,1750,552
2026-08-15 01:22:19,2026-08-14T15:22:19.287Z,1870.10,2597670,1856.69,2000,1750,552
2026-08-15 01:37:19,2026-08-14T15:37:19.274Z,1876.01,3749297,1857.35,2000,1750,552
2026-08-15 01:52:19,2026-08-14T15:52:19.249Z,1880.28,4722614,1857.05,2000,1750,552
2026-08-15 02:07:19,2026-08-14T16:07:19.409Z,1878.25,4336753,1857.07,2000,1750,552
2026-08-15 02:22:19,2026-08-14T16:22:19.295Z,1880.38,4875699,1857.10,2000,1750,552
2026-08-15 02:37:19,2026-08-14T16:37:19.360Z,1884.82,5835876,1857.59,2000,1750,552
2026-08-15 02:52:19,2026-08-14T16:52:19.292Z,1883.69,5552070,1857.88,2000,1750,552
2026-08-15 03:07:19,2026-08-14T17:07:19.326Z,1882.30,5236140,1858.32,2000,1750,552
2026-08-15 03:22:19,2026-08-14T17:22:19.303Z,1884.33,5744969,1858.44,2000,1750,552
2026-08-15 03:37:19,2026-08-14T17:37:19.312Z,1882.40,5217611,1859.12,2000,1750,552
2026-08-15 03:52:19,2026-08-14T17:52:19.179Z,1878.57,4295853,1859.25,2000,1750,554
2026-08-15 04:07:19,2026-08-14T18:07:19.269Z,1876.04,3818330,1859.82,2000,1750,554
2026-08-15 04:22:19,2026-08-14T18:22:19.236Z,1875.21,3595321,1860.52,2000,1750,554
2026-08-15 04:37:19,2026-08-14T18:37:19.260Z,1873.90,3251791,1860.72,2000,1750,554
2026-08-15 04:52:19,2026-08-14T18:52:19.257Z,1873.26,3235131,1859.82,2000,1750,554
2026-08-15 05:07:19,2026-08-14T19:07:19.227Z,1871.60,2801145,1860.04,2000,1750,554
2026-08-15 05:22:19,2026-08-14T19:22:19.242Z,1874.52,3270415,1863.38,2000,1750,554
2026-08-15 05:37:19,2026-08-14T19:37:19.290Z,1876.10,3676372,1863.63,2000,1750,554
2026-08-15 05:52:19,2026-08-14T19:52:19.262Z,1877.69,4067055,1863.86,2000,1750,554
2026-08-15 06:07:19,2026-08-14T20:07:19.296Z,1878.80,4263993,1864.82,2000,1750,554
2026-08-15 06:22:19,2026-08-14T20:22:19.364Z,1877.96,3831952,1866.25,2000,1750,554
2026-08-15 06:37:19,2026-08-14T20:37:19.260Z,1876.86,3522745,1866.08,2000,1750,554
2026-08-15 06:52:19,2026-08-14T20:52:19.295Z,1878.07,3965804,1865.99,2000,1750,554
2026-08-15 07:07:19,2026-08-14T21:07:19.292Z,1878.84,4224119,1865.99,2000,1750,554
2026-08-15 07:22:19,2026-08-14T21:22:19.279Z,1876.72,3575436,1865.97,2000,1750,554
2026-08-15 07:37:19,2026-08-14T21:37:19.267Z,1876.72,3577651,1865.98,2000,1750,554
2026-08-15 07:52:19,2026-08-14T21:52:19.164Z,1876.21,3467405,1865.93,2000,1750,554
2026-08-15 08:07:19,2026-08-14T22:07:19.262Z,1878.07,4185631,1865.82,2000,1750,554
2026-08-15 08:22:19,2026-08-14T22:22:19.241Z,1875.65,3396563,1865.93,2000,1750,554
2026-08-15 08:37:19,2026-08-14T22:37:19.241Z,1877.19,3975863,1865.90,2000,1750,554
2026-08-15 08:52:19,2026-08-14T22:52:19.264Z,1877.51,4030368,1865.99,2000,1750,554
2026-08-15 09:07:19,2026-08-14T23:07:19.256Z,1877.72,4119270,1866.04,2000,1750,554
2026-08-15 09:22:19,2026-08-14T23:22:19.281Z,1878.22,4304102,1866.12,2000,1750,554
2026-08-15 09:37:19,2026-08-14T23:37:19.284Z,1878.23,4345736,1866.19,2000,1750,554
2026-08-15 09:52:19,2026-08-14T23:52:19.292Z,1878.91,4589700,1866.25,2000,1750,554
2026-08-15 10:07:19,2026-08-15T00:07:19.204Z,1879.77,4934894,1866.61,2000,1750,554
2026-08-15 10:22:19,2026-08-15T00:22:19.309Z,1880.65,5208910,1866.88,2000,1750,554
2026-08-15 10:37:19,2026-08-15T00:37:19.253Z,1880.81,5127333,1866.84,2000,1750,554
2026-08-15 10:52:19,2026-08-15T00:52:19.283Z,1880.01,4700261,1866.94,2000,1750,554
2026-08-15 11:07:19,2026-08-15T01:07:19.253Z,1878.95,4370574,1866.95,2000,1750,554
2026-08-15 11:22:19,2026-08-15T01:22:19.373Z,1880.30,4877772,1867.04,2000,1750,554
2026-08-15 11:37:19,2026-08-15T01:37:19.239Z,1881.78,5362323,1867.40,2000,1750,554
2026-08-15 11:52:19,2026-08-15T01:52:19.267Z,1882.01,5471680,1867.43,2000,1750,554
2026-08-15 12:07:19,2026-08-15T02:07:19.350Z,1882.19,5510062,1867.47,2000,1750,554
2026-08-15 12:22:19,2026-08-15T02:22:19.243Z,1883.20,5837176,1867.41,2000,1750,554
2026-08-15 12:37:19,2026-08-15T02:37:19.204Z,1882.42,5559770,1867.47,2000,1750,554
2026-08-15 12:52:19,2026-08-15T02:52:19.278Z,1882.24,5494296,1867.39,2000,1750,554
2026-08-15 13:07:19,2026-08-15T03:07:19.367Z,1883.53,5889504,1867.32,2000,1750,554
2026-08-15 13:22:19,2026-08-15T03:22:19.274Z,1882.80,5630122,1867.30,2000,1750,554
2026-08-15 13:37:19,2026-08-15T03:37:19.290Z,1881.67,5307783,1867.21,2000,1750,554
2026-08-15 13:52:19,2026-08-15T03:52:19.311Z,1880.98,5154587,1867.14,2000,1750,554
2026-08-15 14:07:19,2026-08-15T04:07:19.253Z,1881.11,5522564,1866.95,2000,1750,555
2026-08-15 14:22:19,2026-08-15T04:22:19.288Z,1881.82,5756051,1866.90,2000,1750,555
2026-08-15 14:37:19,2026-08-15T04:37:19.287Z,1882.27,5875615,1866.91,2000,1750,555
2026-08-15 14:52:19,2026-08-15T04:52:19.292Z,1882.51,5837664,1866.73,2000,1750,555
2026-08-15 15:07:19,2026-08-15T05:07:19.296Z,1882.23,5792499,1866.70,2000,1750,555
2026-08-15 15:22:19,2026-08-15T05:22:19.256Z,1881.58,5612121,1866.68,2000,1750,555
2026-08-15 15:37:19,2026-08-15T05:37:19.322Z,1879.95,5241339,1866.66,2000,1750,555
2026-08-15 15:52:19,2026-08-15T05:52:19.260Z,1878.06,4798204,1866.49,2000,1750,555
2026-08-15 16:07:19,2026-08-15T06:07:19.253Z,1879.26,5164135,1866.42,2000,1750,555
2026-08-15 16:22:19,2026-08-15T06:22:19.307Z,1879.32,5218279,1866.36,2000,1750,555
2026-08-15 16:37:19,2026-08-15T06:37:19.275Z,1878.89,5137833,1866.28,2000,1750,555
2026-08-15 16:52:19,2026-08-15T06:52:19.299Z,1880.68,5605643,1866.10,2000,1750,555
2026-08-15 17:07:19,2026-08-15T07:07:19.274Z,1880.16,5610860,1865.89,2000,1750,555
2026-08-15 17:22:19,2026-08-15T07:22:19.269Z,1879.43,5685595,1865.60,2000,1750,555
2026-08-15 17:37:19,2026-08-15T07:37:19.354Z,1878.89,5749343,1864.94,2000,1750,555
2026-08-15 17:52:19,2026-08-15T07:52:19.298Z,1879.02,6441420,1864.30,1880,1750,556
2026-08-15 18:07:19,2026-08-15T08:07:19.333Z,1878.17,4335486,1851.40,2000,1750,524
2026-08-15 18:22:19,2026-08-15T08:22:19.332Z,1878.59,4423141,1851.66,2000,1750,526
2026-08-15 18:37:19,2026-08-15T08:37:19.245Z,1877.42,4168228,1852.58,2000,1750,528
2026-08-15 18:52:19,2026-08-15T08:52:19.295Z,1875.75,3898995,1852.57,2000,1750,529
2026-08-15 19:07:19,2026-08-15T09:07:19.308Z,1874.19,3651126,1852.47,2000,1750,529
2026-08-15 19:22:19,2026-08-15T09:22:19.277Z,1875.54,3914969,1852.36,2000,1750,530
2026-08-15 19:37:19,2026-08-15T09:37:19.308Z,1877.28,4224488,1852.28,2000,1750,530
2026-08-15 19:52:19,2026-08-15T09:52:19.254Z,1878.25,4370831,1852.50,2000,1750,530
2026-08-15 20:07:19,2026-08-15T10:07:19.296Z,1876.93,4193617,1852.34,2000,1750,530
2026-08-15 20:22:19,2026-08-15T10:22:19.270Z,1877.26,4267299,1852.57,2000,1750,531
2026-08-15 20:37:19,2026-08-15T10:37:19.261Z,1878.05,4428297,1852.64,2000,1750,531
2026-08-15 20:52:19,2026-08-15T10:52:19.311Z,1878.58,4515581,1852.65,2000,1750,531
2026-08-15 21:07:19,2026-08-15T11:07:19.299Z,1878.59,4502445,1852.82,2000,1750,531
2026-08-15 21:22:19,2026-08-15T11:22:19.295Z,1877.80,4339675,1852.85,2000,1750,531
2026-08-15 21:37:19,2026-08-15T11:37:19.321Z,1877.27,4244099,1853.00,2000,1750,531
2026-08-15 21:52:19,2026-08-15T11:52:19.288Z,1876.95,4176060,1852.95,2000,1750,531
2026-08-15 22:07:19,2026-08-15T12:07:19.315Z,1877.35,4241561,1852.92,2000,1750,533
2026-08-15 22:22:19,2026-08-15T12:22:19.297Z,1876.73,4123905,1852.95,2000,1750,533
2026-08-15 22:37:19,2026-08-15T12:37:19.409Z,1876.72,4104296,1853.26,2000,1750,535
2026-08-15 22:52:19,2026-08-15T12:52:19.287Z,1876.31,4029363,1853.21,2000,1750,537
2026-08-15 23:07:19,2026-08-15T13:07:19.300Z,1882.02,5051875,1853.34,2000,1750,537
2026-08-15 23:22:19,2026-08-15T13:22:19.341Z,1880.93,4859247,1853.31,2000,1750,537
2026-08-15 23:37:19,2026-08-15T13:37:19.309Z,1881.24,4924264,1853.38,2000,1750,537
2026-08-15 23:52:19,2026-08-15T13:52:19.354Z,1881.14,4887743,1853.56,2000,1750,537
2026-08-16 00:07:19,2026-08-15T14:07:19.303Z,1880.99,5045138,1853.78,2000,1750,537
2026-08-16 00:22:19,2026-08-15T14:22:19.296Z,1879.85,4829749,1853.80,2000,1750,537
2026-08-16 00:37:19,2026-08-15T14:37:19.352Z,1880.77,5038016,1853.81,2000,1750,537
2026-08-16 00:52:19,2026-08-15T14:52:19.387Z,1881.41,5164330,1853.85,2000,1750,537
2026-08-16 01:07:19,2026-08-15T15:07:19.304Z,1881.18,5091297,1853.78,2000,1750,537
2026-08-16 01:22:19,2026-08-15T15:22:19.284Z,1881.73,5180585,1853.79,2000,1750,537
2026-08-16 01:37:19,2026-08-15T15:37:19.298Z,1883.26,5485802,1853.77,2000,1750,537
2026-08-16 01:52:19,2026-08-15T15:52:19.427Z,1882.79,5382827,1853.92,2000,1750,537
2026-08-16 02:07:19,2026-08-15T16:07:19.323Z,1882.17,5268536,1853.98,2000,1750,537
2026-08-16 02:22:19,2026-08-15T16:22:19.318Z,1882.40,5332573,1854.05,2000,1750,537
2026-08-16 02:37:19,2026-08-15T16:37:19.336Z,1882.37,5323604,1854.19,2000,1750,537
2026-08-16 02:52:19,2026-08-15T16:52:19.354Z,1882.50,5380416,1854.33,2000,1750,537
2026-08-16 03:07:19,2026-08-15T17:07:19.332Z,1883.26,5542510,1854.37,2000,1750,537
2026-08-16 03:22:19,2026-08-15T17:22:19.339Z,1881.73,5235450,1854.48,2000,1750,537
2026-08-16 03:37:19,2026-08-15T17:37:19.324Z,1881.50,5218480,1854.48,2000,1750,537
2026-08-16 03:52:19,2026-08-15T17:52:19.319Z,1882.15,5361473,1854.47,2000,1750,537
2026-08-16 04:07:19,2026-08-15T18:07:19.307Z,1882.88,5506512,1854.48,2000,1750,537
2026-08-16 04:22:19,2026-08-15T18:22:19.300Z,1880.89,5097661,1854.47,2000,1750,537
2026-08-16 04:37:19,2026-08-15T18:37:19.429Z,1880.74,5108147,1854.54,2000,1750,537
2026-08-16 04:52:19,2026-08-15T18:52:19.303Z,1880.70,5099418,1854.60,2000,1750,537
2026-08-16 05:07:19,2026-08-15T19:07:19.310Z,1880.97,5171202,1854.74,2000,1750,537
2026-08-16 05:22:19,2026-08-15T19:22:19.307Z,1881.23,5229772,1854.78,2000,1750,537
2026-08-16 05:37:19,2026-08-15T19:37:19.379Z,1882.49,5568703,1854.87,2000,1750,537
2026-08-16 05:52:19,2026-08-15T19:52:19.329Z,1882.42,5547663,1854.92,2000,1750,537
2026-08-16 06:07:19,2026-08-15T20:07:19.335Z,1881.75,5403584,1854.93,2000,1750,537
2026-08-16 06:22:19,2026-08-15T20:22:19.343Z,1881.25,5323715,1854.98,2000,1750,537
2026-08-16 06:37:19,2026-08-15T20:37:19.343Z,1880.49,5194074,1855.01,2000,1750,537
2026-08-16 06:52:19,2026-08-15T20:52:19.319Z,1881.02,5328890,1854.94,2000,1750,537
2026-08-16 07:07:19,2026-08-15T21:07:19.317Z,1881.35,5356707,1855.24,2000,1750,537
2026-08-16 07:22:19,2026-08-15T21:22:19.333Z,1882.05,5519557,1855.26,2000,1750,537
2026-08-16 07:37:19,2026-08-15T21:37:19.324Z,1882.25,5546229,1855.24,2000,1750,537
2026-08-16 07:52:19,2026-08-15T21:52:19.342Z,1882.82,5664797,1855.39,2000,1750,537
2026-08-16 08:07:19,2026-08-15T22:07:19.387Z,1882.14,5497218,1855.41,2000,1750,537
2026-08-16 08:22:19,2026-08-15T22:22:19.309Z,1882.43,5570282,1855.46,2000,1750,537
2026-08-16 08:37:19,2026-08-15T22:37:19.325Z,1882.85,5646935,1855.47,2000,1750,537
2026-08-16 08:52:19,2026-08-15T22:52:19.312Z,1882.22,5508536,1855.48,2000,1750,537
2026-08-16 09:07:19,2026-08-15T23:07:19.311Z,1881.73,5424447,1855.57,2000,1750,537
2026-08-16 09:22:19,2026-08-15T23:22:19.339Z,1881.15,5337172,1855.56,2000,1750,538
2026-08-16 09:37:19,2026-08-15T23:37:19.341Z,1880.77,5276548,1855.50,2000,1750,538
2026-08-16 09:52:19,2026-08-15T23:52:19.343Z,1880.63,5387513,1855.49,2000,1750,538
2026-08-16 10:07:19,2026-08-16T00:07:19.357Z,1880.56,5381663,1855.49,2000,1750,538
2026-08-16 10:22:19,2026-08-16T00:22:19.335Z,1880.29,5342229,1855.54,2000,1750,538
2026-08-16 10:37:19,2026-08-16T00:37:19.318Z,1880.55,5360212,1855.84,2000,1750,538
2026-08-16 10:52:19,2026-08-16T00:52:19.435Z,1880.00,5174552,1855.95,2000,1750,538
2026-08-16 11:07:19,2026-08-16T01:07:19.354Z,1879.62,4895292,1859.64,2000,1750,538
2026-08-16 11:22:19,2026-08-16T01:22:19.327Z,1879.15,4812479,1860.24,2000,1750,539
2026-08-16 11:37:19,2026-08-16T01:37:19.388Z,1878.24,4601266,1860.38,2000,1750,539
2026-08-16 11:52:19,2026-08-16T01:52:19.302Z,1878.04,4563237,1860.68,2000,1750,539
2026-08-16 12:07:19,2026-08-16T02:07:19.314Z,1877.83,4524437,1860.85,2000,1750,539
2026-08-16 12:22:19,2026-08-16T02:22:19.285Z,1882.55,5750441,1860.67,2000,1750,539
2026-08-16 12:37:19,2026-08-16T02:37:19.310Z,1882.17,5635340,1861.04,2000,1750,539
2026-08-16 12:52:19,2026-08-16T02:52:19.291Z,1881.14,5410011,1861.41,2000,1750,539
2026-08-16 13:07:19,2026-08-16T03:07:19.339Z,1881.71,5590818,1861.58,2000,1750,539
2026-08-16 13:22:19,2026-08-16T03:22:19.340Z,1881.83,5670094,1861.70,2000,1750,539
2026-08-16 13:37:19,2026-08-16T03:37:19.332Z,1881.50,5637109,1861.86,2000,1750,539
2026-08-16 13:52:19,2026-08-16T03:52:19.345Z,1880.99,5531717,1862.18,2000,1750,539
2026-08-16 14:07:19,2026-08-16T04:07:19.375Z,1881.24,5655487,1862.40,2000,1750,539
2026-08-16 14:22:19,2026-08-16T04:22:19.435Z,1881.51,5806466,1862.37,2000,1750,539
2026-08-16 14:37:19,2026-08-16T04:37:19.446Z,1880.24,5567308,1862.50,2000,1750,539
2026-08-16 14:52:19,2026-08-16T04:52:19.354Z,1880.22,5615751,1862.70,2000,1750,539
2026-08-16 15:07:19,2026-08-16T05:07:19.360Z,1879.39,5516230,1862.81,2000,1750,539
2026-08-16 15:22:19,2026-08-16T05:22:19.353Z,1878.31,5333317,1863.06,2000,1750,540
2026-08-16 15:37:19,2026-08-16T05:37:19.434Z,1879.25,5641817,1863.17,2000,1750,540
2026-08-16 15:52:19,2026-08-16T05:52:19.313Z,1878.51,5567431,1863.60,2000,1750,541
2026-08-16 16:07:19,2026-08-16T06:07:19.329Z,1878.50,5683888,1864.15,2000,1750,541
2026-08-16 16:22:19,2026-08-16T06:22:19.310Z,1876.83,5329711,1864.27,2000,1750,542
2026-08-16 16:37:19,2026-08-16T06:37:19.417Z,1878.25,6023933,1864.63,2000,1750,542
2026-08-16 16:52:19,2026-08-16T06:52:19.325Z,1878.53,6286627,1864.85,2000,1750,541
2026-08-16 17:07:19,2026-08-16T07:07:19.332Z,1878.24,6388580,1865.00,2000,1750,541
2026-08-16 17:22:19,2026-08-16T07:22:19.350Z,1879.09,7091751,1864.83,1880,1750,541
2026-08-16 17:37:19,2026-08-16T07:37:19.356Z,1879.23,8647457,1864.39,1880,1750,541
2026-08-16 17:52:19,2026-08-16T07:52:19.391Z,1879.25,10607083,1864.11,1880,1750,542
2026-08-16 18:07:19,2026-08-16T08:07:19.377Z,1878.42,4536390,1839.09,2000,1750,517
2026-08-16 18:22:19,2026-08-16T08:22:19.336Z,1878.58,4601396,1838.96,2000,1750,519
2026-08-16 18:37:19,2026-08-16T08:37:19.345Z,1878.90,4685657,1838.79,2000,1750,523
2026-08-16 18:52:19,2026-08-16T08:52:19.341Z,1878.27,4801260,1838.78,2000,1750,524
2026-08-16 19:07:19,2026-08-16T09:07:19.348Z,1878.50,4809310,1839.08,2000,1750,525
2026-08-16 19:22:19,2026-08-16T09:22:19.348Z,1879.72,4962659,1839.25,2000,1750,525
2026-08-16 19:37:19,2026-08-16T09:37:19.359Z,1879.26,4895389,1839.29,2000,1750,525
2026-08-16 19:52:19,2026-08-16T09:52:19.362Z,1879.02,4908036,1839.33,2000,1750,525
2026-08-16 20:07:19,2026-08-16T10:07:19.362Z,1877.58,4707745,1839.56,2000,1750,525
2026-08-16 20:22:19,2026-08-16T10:22:19.327Z,1877.46,4701254,1839.52,2000,1750,525
2026-08-16 20:37:19,2026-08-16T10:37:19.358Z,1877.92,4760160,1839.62,2000,1750,525
2026-08-16 20:52:19,2026-08-16T10:52:19.307Z,1878.77,4953702,1839.74,2000,1750,525
2026-08-16 21:07:19,2026-08-16T11:07:19.316Z,1878.39,4889424,1839.81,2000,1750,525
2026-08-16 21:22:19,2026-08-16T11:22:19.351Z,1878.02,4894068,1839.85,2000,1750,525
2026-08-16 21:37:19,2026-08-16T11:37:19.373Z,1878.27,4894984,1841.28,2000,1750,527
2026-08-16 21:52:19,2026-08-16T11:52:19.345Z,1877.76,4806780,1841.52,2000,1750,528
2026-08-16 22:07:19,2026-08-16T12:07:19.393Z,1878.09,4800666,1841.81,2000,1750,529
2026-08-16 22:22:19,2026-08-16T12:22:19.353Z,1878.01,4793726,1841.82,2000,1750,529
2026-08-16 22:37:19,2026-08-16T12:37:19.380Z,1877.92,4993464,1841.83,2000,1750,529
2026-08-16 22:52:19,2026-08-16T12:52:19.362Z,1878.00,5077494,1840.77,2000,1750,529
2026-08-16 23:07:19,2026-08-16T13:07:19.377Z,1878.21,5117961,1840.72,2000,1750,529
2026-08-16 23:22:19,2026-08-16T13:22:19.373Z,1878.64,5170609,1840.85,2000,1750,529
2026-08-16 23:37:19,2026-08-16T13:37:19.378Z,1878.53,5142897,1840.92,2000,1750,529
2026-08-16 23:52:19,2026-08-16T13:52:19.372Z,1879.75,5368785,1840.97,2000,1750,529
2026-08-17 00:07:19,2026-08-16T14:07:19.345Z,1880.36,5419465,1841.14,2000,1750,530
2026-08-17 00:22:19,2026-08-16T14:22:19.345Z,1881.42,5595373,1841.18,2000,1750,530
2026-08-17 00:37:19,2026-08-16T14:37:19.321Z,1881.30,5591520,1840.93,2000,1750,530
2026-08-17 00:52:19,2026-08-16T14:52:19.361Z,1880.52,5472333,1840.83,2000,1750,530
2026-08-17 01:07:19,2026-08-16T15:07:19.379Z,1881.21,5587706,1840.72,2000,1750,530
2026-08-17 01:22:19,2026-08-16T15:22:19.364Z,1881.32,5638202,1840.62,2000,1750,530
2026-08-17 01:37:19,2026-08-16T15:37:19.364Z,1882.24,5799522,1840.71,2000,1750,530
2026-08-17 01:52:19,2026-08-16T15:52:19.375Z,1881.76,5736957,1840.70,2000,1750,530
2026-08-17 02:07:19,2026-08-16T16:07:19.386Z,1881.79,5735147,1840.81,2000,1750,530
2026-08-17 02:22:19,2026-08-16T16:22:19.377Z,1885.25,6489023,1840.43,2000,1750,532
2026-08-17 02:37:19,2026-08-16T16:37:19.405Z,1888.63,7052876,1840.55,2000,1750,533
2026-08-17 02:52:19,2026-08-16T16:52:19.375Z,1886.38,6676226,1840.15,2000,1750,533
2026-08-17 03:07:19,2026-08-16T17:07:19.398Z,1887.58,6901380,1840.54,2000,1750,533
2026-08-17 03:22:19,2026-08-16T17:22:19.359Z,1885.17,6502863,1840.96,2000,1750,534
2026-08-17 03:37:19,2026-08-16T17:37:19.396Z,1884.47,6424423,1840.85,2000,1750,534
2026-08-17 03:52:19,2026-08-16T17:52:19.365Z,1884.24,6396766,1840.79,2000,1750,534
2026-08-17 04:07:19,2026-08-16T18:07:19.349Z,1882.74,6150416,1840.64,2000,1750,534
2026-08-17 04:22:19,2026-08-16T18:22:19.350Z,1883.98,6376426,1840.56,2000,1750,535
2026-08-17 04:37:19,2026-08-16T18:37:19.339Z,1883.29,6233703,1840.77,2000,1750,535
2026-08-17 04:52:19,2026-08-16T18:52:19.367Z,1883.76,6300241,1840.82,2000,1750,535
2026-08-17 05:07:19,2026-08-16T19:07:19.386Z,1885.12,6548642,1840.88,2000,1750,535
2026-08-17 05:22:19,2026-08-16T19:22:19.406Z,1885.01,6518054,1840.96,2000,1750,536
2026-08-17 05:37:19,2026-08-16T19:37:19.392Z,1885.47,6587532,1841.00,2000,1750,536
2026-08-17 05:52:19,2026-08-16T19:52:19.410Z,1883.71,6268706,1841.01,2000,1750,537
2026-08-17 06:07:19,2026-08-16T20:07:19.376Z,1884.44,6418593,1840.87,2000,1750,537
2026-08-17 06:22:19,2026-08-16T20:22:19.391Z,1884.85,6482157,1840.91,2000,1750,537
2026-08-17 06:37:19,2026-08-16T20:37:19.395Z,1883.28,6200487,1840.88,2000,1750,538
2026-08-17 06:52:19,2026-08-16T20:52:19.406Z,1879.84,5645415,1840.53,2000,1750,539
2026-08-17 07:07:19,2026-08-16T21:07:19.412Z,1879.99,5816963,1839.93,2000,1750,539
2026-08-17 07:22:19,2026-08-16T21:22:19.382Z,1879.15,5653832,1839.87,2000,1750,539
2026-08-17 07:37:19,2026-08-16T21:37:19.393Z,1879.01,5653855,1839.71,2000,1750,540
2026-08-17 07:52:19,2026-08-16T21:52:19.416Z,1874.54,4813363,1840.50,2000,1750,541
2026-08-17 08:07:19,2026-08-16T22:07:19.397Z,1871.59,4289524,1841.08,2000,1750,541
2026-08-17 08:22:19,2026-08-16T22:22:19.354Z,1875.07,4872567,1841.47,2000,1750,541
2026-08-17 08:37:19,2026-08-16T22:37:19.350Z,1869.25,3859980,1841.34,2000,1750,541
2026-08-17 08:52:19,2026-08-16T22:52:19.395Z,1872.08,4403891,1841.07,2000,1750,541
2026-08-17 09:07:19,2026-08-16T23:07:19.379Z,1874.45,4786993,1841.71,2000,1750,541
2026-08-17 09:22:19,2026-08-16T23:22:19.377Z,1874.18,4725548,1841.87,2000,1750,541
2026-08-17 09:37:19,2026-08-16T23:37:19.388Z,1872.24,4384684,1841.96,2000,1750,541
2026-08-17 09:52:19,2026-08-16T23:52:19.401Z,1874.68,4820988,1842.36,2000,1750,541
2026-08-17 10:07:19,2026-08-17T00:07:19.379Z,1873.32,4513007,1842.95,2000,1750,541
2026-08-17 10:22:19,2026-08-17T00:22:19.374Z,1871.88,4237808,1843.00,2000,1750,541
2026-08-17 10:37:19,2026-08-17T00:37:19.411Z,1871.27,4110970,1843.24,2000,1750,541
2026-08-17 10:52:19,2026-08-17T00:52:19.389Z,1872.92,4389590,1843.40,2000,1750,541
2026-08-17 11:07:19,2026-08-17T01:07:19.409Z,1891.64,8069959,1843.96,2000,1750,543
2026-08-17 11:22:19,2026-08-17T01:22:19.376Z,1891.13,7972283,1844.32,2000,1750,543
2026-08-17 11:37:19,2026-08-17T01:37:19.392Z,1890.76,7815209,1845.35,2000,1750,544
2026-08-17 11:52:19,2026-08-17T01:52:19.388Z,1890.11,7745914,1845.50,2000,1750,544
2026-08-17 12:07:19,2026-08-17T02:07:19.380Z,1886.48,6999703,1845.42,2000,1750,544
2026-08-17 12:22:19,2026-08-17T02:22:19.390Z,1888.37,7029451,1845.75,2000,1750,544
2026-08-17 12:37:19,2026-08-17T02:37:19.400Z,1891.84,7877968,1846.08,2000,1750,544
2026-08-17 12:52:19,2026-08-17T02:52:19.372Z,1900.61,9914904,1846.49,2000,1750,545
2026-08-17 13:07:19,2026-08-17T03:07:19.378Z,1901.75,9908660,1848.35,2000,1750,545
2026-08-17 13:22:19,2026-08-17T03:22:19.396Z,1897.19,9228494,1848.57,2000,1750,545
2026-08-17 13:37:19,2026-08-17T03:37:19.406Z,1897.92,9490827,1848.49,1900,1750,545
2026-08-17 13:52:19,2026-08-17T03:52:19.443Z,1898.43,9623225,1848.55,1900,1750,545
2026-08-17 14:07:19,2026-08-17T04:07:19.410Z,1901.31,10205577,1849.08,1900,1750,546
2026-08-17 14:22:19,2026-08-17T04:22:19.406Z,1902.75,10285245,1849.59,2000,1750,548
2026-08-17 14:37:19,2026-08-17T04:37:19.428Z,1900.28,9956721,1849.82,1900,1750,548
2026-08-17 14:52:19,2026-08-17T04:52:19.416Z,1901.77,10258706,1850.17,1900,1750,548
2026-08-17 15:07:19,2026-08-17T05:07:19.413Z,1899.73,9994259,1850.33,1900,1750,548
2026-08-17 15:22:19,2026-08-17T05:22:19.420Z,1901.74,10490476,1850.38,1900,1750,548
2026-08-17 15:37:19,2026-08-17T05:37:19.402Z,1897.18,9727915,1850.53,1900,1750,548
2026-08-17 15:52:19,2026-08-17T05:52:19.385Z,1898.13,10192223,1850.55,1900,1750,548
2026-08-17 16:07:19,2026-08-17T06:07:19.390Z,1898.07,10371693,1850.62,1900,1750,548
2026-08-17 16:22:19,2026-08-17T06:22:19.388Z,1899.03,10837723,1850.82,1900,1750,548
2026-08-17 16:37:19,2026-08-17T06:37:19.372Z,1900.42,11408132,1850.84,1900,1750,549
2026-08-17 16:52:19,2026-08-17T06:52:19.390Z,1906.83,10671583,1852.84,2000,1750,549
2026-08-17 17:07:19,2026-08-17T07:07:19.407Z,1903.42,11506332,1852.73,1900,1750,549
2026-08-17 17:22:19,2026-08-17T07:22:19.391Z,1902.66,12113909,1853.58,1900,1750,549
2026-08-17 17:37:19,2026-08-17T07:37:19.409Z,1901.45,13890986,1859.52,1900,1750,549
2026-08-17 17:52:19,2026-08-17T07:52:19.396Z,1900.76,19423198,1862.69,1900,1750,549
2026-08-17 18:07:19,2026-08-17T08:07:19.427Z,1894.80,6664026,1840.07,2000,1750,522
2026-08-17 18:22:19,2026-08-17T08:22:19.401Z,1890.59,6178355,1840.13,2000,1750,524
2026-08-17 18:37:19,2026-08-17T08:37:19.406Z,1892.31,6460005,1841.31,2000,1750,525
2026-08-17 18:52:19,2026-08-17T08:52:19.420Z,1890.84,6271884,1841.39,2000,1750,525
2026-08-17 19:07:19,2026-08-17T09:07:19.419Z,1894.32,6748788,1842.00,2000,1750,525
2026-08-17 19:22:19,2026-08-17T09:22:19.406Z,1892.94,6531776,1842.19,2000,1750,525
2026-08-17 19:37:19,2026-08-17T09:37:19.406Z,1892.54,6480750,1842.69,2000,1750,525
2026-08-17 19:52:19,2026-08-17T09:52:19.405Z,1891.82,6435603,1842.52,2000,1750,525
2026-08-17 20:07:19,2026-08-17T10:07:19.423Z,1891.21,6321263,1842.81,2000,1750,525
2026-08-17 20:22:19,2026-08-17T10:22:19.384Z,1891.00,6287859,1843.03,2000,1750,525
2026-08-17 20:37:19,2026-08-17T10:37:19.399Z,1900.38,7666083,1843.19,2000,1750,525
2026-08-17 20:52:19,2026-08-17T10:52:19.467Z,1903.91,7984144,1844.33,2000,1750,525
2026-08-17 21:07:19,2026-08-17T11:07:19.401Z,1904.65,8062388,1844.48,2000,1750,525
2026-08-17 21:22:19,2026-08-17T11:22:19.396Z,1904.57,8037381,1844.54,2000,1750,526
2026-08-17 21:37:19,2026-08-17T11:37:19.395Z,1903.92,7889519,1844.50,2000,1750,526
2026-08-17 21:52:19,2026-08-17T11:52:19.410Z,1903.10,7796864,1844.23,2000,1750,528
2026-08-17 22:07:19,2026-08-17T12:07:19.449Z,1900.68,7432296,1844.36,2000,1750,529
2026-08-17 22:22:19,2026-08-17T12:22:19.413Z,1900.71,7463775,1844.19,2000,1750,529
2026-08-17 22:37:19,2026-08-17T12:37:19.435Z,1897.85,7101170,1843.85,2000,1750,529
2026-08-17 22:52:19,2026-08-17T12:52:19.439Z,1896.36,6824292,1844.39,2000,1750,529
2026-08-17 23:07:19,2026-08-17T13:07:19.468Z,1898.48,7155789,1844.12,2000,1750,529
2026-08-17 23:22:19,2026-08-17T13:22:19.435Z,1896.11,6897829,1843.95,2000,1750,529
2026-08-17 23:37:19,2026-08-17T13:37:19.428Z,1906.08,8341795,1843.33,2000,1750,530
2026-08-17 23:52:19,2026-08-17T13:52:19.445Z,1904.06,8121798,1842.69,2000,1750,530
2026-08-18 00:07:19,2026-08-17T14:07:19.418Z,1898.45,7452501,1842.60,2000,1750,530
2026-08-18 00:22:19,2026-08-17T14:22:19.476Z,1897.83,7311824,1843.39,2000,1750,530
2026-08-18 00:37:19,2026-08-17T14:37:19.430Z,1899.61,7694260,1843.63,2000,1750,530
2026-08-18 00:52:19,2026-08-17T14:52:19.412Z,1907.22,8925341,1846.34,2000,1750,530
2026-08-18 01:07:19,2026-08-17T15:07:19.417Z,1905.78,8823865,1845.27,2000,1750,530
2026-08-18 01:22:19,2026-08-17T15:22:19.403Z,1903.37,8560224,1845.07,2000,1750,530
2026-08-18 01:37:19,2026-08-17T15:37:19.425Z,1907.25,9213918,1845.10,2000,1750,530
2026-08-18 01:52:19,2026-08-17T15:52:19.475Z,1912.57,10333908,1845.74,2000,1750,530
2026-08-18 02:07:19,2026-08-17T16:07:19.461Z,1909.62,9797782,1845.68,2000,1750,530
2026-08-18 02:22:19,2026-08-17T16:22:19.545Z,1908.79,9697757,1845.74,2000,1750,530
2026-08-18 02:37:19,2026-08-17T16:37:19.444Z,1907.55,9514743,1845.82,2000,1750,530
2026-08-18 02:52:19,2026-08-17T16:52:19.458Z,1906.08,9259857,1845.89,2000,1750,531
2026-08-18 03:07:19,2026-08-17T17:07:19.451Z,1904.93,9082514,1845.86,2000,1750,531
2026-08-18 03:22:19,2026-08-17T17:22:19.460Z,1911.97,10427195,1846.14,2000,1750,531
2026-08-18 03:37:19,2026-08-17T17:37:19.480Z,1905.93,9971560,1843.38,2000,1750,533
2026-08-18 03:52:19,2026-08-17T17:52:19.428Z,1907.34,10389493,1842.77,2000,1750,533
2026-08-18 04:07:19,2026-08-17T18:07:19.427Z,1906.53,10231743,1842.83,2000,1750,533
2026-08-18 04:22:19,2026-08-17T18:22:19.397Z,1908.11,10571286,1842.88,2000,1750,533
2026-08-18 04:37:19,2026-08-17T18:37:19.445Z,1908.64,10648011,1842.76,2000,1750,533
2026-08-18 04:52:19,2026-08-17T18:52:19.413Z,1909.78,10861645,1842.64,2000,1750,533
2026-08-18 05:07:19,2026-08-17T19:07:19.452Z,1906.76,10290726,1842.44,2000,1750,533
2026-08-18 05:22:19,2026-08-17T19:22:19.448Z,1905.66,10102563,1842.28,2000,1750,533
2026-08-18 05:37:19,2026-08-17T19:37:19.477Z,1907.71,10513287,1842.42,2000,1750,533
2026-08-18 05:52:19,2026-08-17T19:52:19.456Z,1906.55,10276530,1842.52,2000,1750,533
2026-08-18 06:07:19,2026-08-17T20:07:19.466Z,1904.13,9832227,1842.40,2000,1750,533
2026-08-18 06:22:19,2026-08-17T20:22:19.442Z,1904.86,10007708,1842.38,2000,1750,533
2026-08-18 06:37:19,2026-08-17T20:37:19.456Z,1905.75,10184809,1842.57,2000,1750,533
2026-08-18 06:52:19,2026-08-17T20:52:19.451Z,1904.06,9822411,1842.75,2000,1750,533
2026-08-18 07:07:19,2026-08-17T21:07:19.450Z,1906.26,10304584,1842.77,2000,1750,533
2026-08-18 07:22:19,2026-08-17T21:22:19.441Z,1905.79,10217571,1842.94,2000,1750,533
2026-08-18 07:37:19,2026-08-17T21:37:19.445Z,1904.90,10036933,1843.16,2000,1750,533
2026-08-18 07:52:19,2026-08-17T21:52:19.452Z,1905.46,10167969,1843.24,2000,1750,533
2026-08-18 08:07:19,2026-08-17T22:07:19.457Z,1904.78,10042889,1843.31,2000,1750,533
2026-08-18 08:22:19,2026-08-17T22:22:19.408Z,1902.35,9605269,1842.92,2000,1750,533
2026-08-18 08:37:19,2026-08-17T22:37:19.394Z,1903.56,9889581,1843.04,2000,1750,533
2026-08-18 08:52:19,2026-08-17T22:52:19.424Z,1902.84,9738206,1843.24,2000,1750,533
2026-08-18 09:07:19,2026-08-17T23:07:19.422Z,1904.14,10027417,1843.40,2000,1750,533
2026-08-18 09:22:19,2026-08-17T23:22:19.447Z,1908.84,10947830,1843.88,2000,1750,533
2026-08-18 09:37:19,2026-08-17T23:37:19.455Z,1913.18,11738698,1844.49,2000,1750,533
2026-08-18 09:52:19,2026-08-17T23:52:19.487Z,1912.22,11580887,1844.44,2000,1750,533
2026-08-18 10:07:19,2026-08-18T00:07:19.465Z,1908.76,10893179,1844.32,2000,1750,533
2026-08-18 10:22:19,2026-08-18T00:22:19.457Z,1910.42,11283924,1844.27,2000,1750,533
2026-08-18 10:37:19,2026-08-18T00:37:19.484Z,1908.80,10510057,1844.34,2000,1750,533
2026-08-18 10:52:19,2026-08-18T00:52:19.442Z,1908.35,10453913,1844.24,2000,1750,533
2026-08-18 11:07:19,2026-08-18T01:07:19.427Z,1906.09,9952281,1844.10,2000,1750,533
2026-08-18 11:22:19,2026-08-18T01:22:19.456Z,1905.77,9945854,1843.77,2000,1750,533
2026-08-18 11:37:19,2026-08-18T01:37:19.456Z,1905.16,9809027,1843.88,2000,1750,533
2026-08-18 11:52:19,2026-08-18T01:52:19.488Z,1899.80,8654887,1843.50,2000,1750,533
2026-08-18 12:07:19,2026-08-18T02:07:19.447Z,1901.85,9213060,1843.15,2000,1750,534
2026-08-18 12:22:19,2026-08-18T02:22:19.458Z,1898.70,8517253,1843.09,2000,1750,534
2026-08-18 12:37:19,2026-08-18T02:37:19.405Z,1894.80,7677898,1842.92,2000,1750,534
2026-08-18 12:52:19,2026-08-18T02:52:19.392Z,1893.10,7744197,1840.85,2000,1750,535
2026-08-18 13:07:19,2026-08-18T03:07:19.448Z,1892.33,7637670,1840.43,2000,1750,535
2026-08-18 13:22:19,2026-08-18T03:22:19.415Z,1888.12,6754911,1840.17,2000,1750,535
2026-08-18 13:37:19,2026-08-18T03:37:19.441Z,1888.50,6776929,1839.83,2000,1750,535
2026-08-18 13:52:19,2026-08-18T03:52:19.468Z,1892.79,7656565,1840.20,2000,1750,535
2026-08-18 14:07:19,2026-08-18T04:07:19.477Z,1891.43,7347855,1840.31,2000,1750,535
2026-08-18 14:22:19,2026-08-18T04:22:19.457Z,1892.24,7487768,1840.50,2000,1750,535
2026-08-18 14:37:19,2026-08-18T04:37:19.483Z,1894.63,7964064,1840.66,2000,1750,535
2026-08-18 14:52:19,2026-08-18T04:52:19.460Z,1893.95,7849606,1840.28,2000,1750,535
2026-08-18 15:07:19,2026-08-18T05:07:19.449Z,1894.50,7945265,1840.29,2000,1750,535
2026-08-18 15:22:19,2026-08-18T05:22:19.430Z,1894.53,7965132,1840.13,2000,1750,535
2026-08-18 15:37:19,2026-08-18T05:37:19.457Z,1891.67,7502747,1839.63,2000,1750,535
2026-08-18 15:52:19,2026-08-18T05:52:19.466Z,1892.88,7818425,1839.57,2000,1750,535
2026-08-18 16:07:19,2026-08-18T06:07:19.504Z,1892.16,7747761,1839.41,2000,1750,535
2026-08-18 16:22:19,2026-08-18T06:22:19.432Z,1896.84,8420250,1839.87,2000,1750,535
2026-08-18 16:37:19,2026-08-18T06:37:19.432Z,1899.23,9467479,1840.04,2000,1750,535
2026-08-18 16:52:19,2026-08-18T06:52:19.410Z,1900.34,9551402,1840.25,2000,1750,535
2026-08-18 17:07:19,2026-08-18T07:07:19.454Z,1900.32,9518258,1840.70,2000,1750,535
2026-08-18 17:22:19,2026-08-18T07:22:19.453Z,1899.17,9333111,1841.67,2000,1750,536
2026-08-18 17:37:19,2026-08-18T07:37:19.446Z,1897.97,9170467,1842.68,2000,1750,536
2026-08-18 17:52:19,2026-08-18T07:52:19.452Z,1897.81,9395403,1860.49,2000,1750,537
2026-08-18 18:07:19,2026-08-18T08:07:19.497Z,1891.79,8524599,1830.98,2000,1750,511
2026-08-18 18:22:19,2026-08-18T08:22:19.450Z,1895.77,9083089,1832.15,2000,1750,514
2026-08-18 18:37:19,2026-08-18T08:37:19.514Z,1898.94,9652713,1832.55,2000,1750,514
2026-08-18 18:52:19,2026-08-18T08:52:19.489Z,1897.93,9360475,1833.65,2000,1750,515
2026-08-18 20:37:19,2026-08-18T10:37:19.449Z,1895.53,9027122,1834.31,2000,1750,515
2026-08-18 20:52:19,2026-08-18T10:52:19.453Z,1895.71,9021724,1834.86,2000,1750,518
2026-08-18 21:07:19,2026-08-18T11:07:19.570Z,1897.21,9375394,1834.64,2000,1750,518
2026-08-18 21:22:19,2026-08-18T11:22:19.470Z,1902.25,10265839,1834.56,2000,1750,518
2026-08-18 21:37:19,2026-08-18T11:37:19.477Z,1901.95,10242188,1834.25,2000,1750,518
2026-08-18 21:52:19,2026-08-18T11:52:19.435Z,1901.75,10279778,1834.22,2000,1750,520
2026-08-18 22:07:19,2026-08-18T12:07:19.422Z,1900.99,10164409,1834.21,2000,1750,521
2026-08-18 22:22:19,2026-08-18T12:22:19.543Z,1900.33,10075222,1834.18,2000,1750,522
2026-08-18 22:37:19,2026-08-18T12:37:19.564Z,1898.59,9770727,1834.25,2000,1750,522
2026-08-18 22:52:19,2026-08-18T12:52:19.469Z,1898.69,9872329,1833.61,2000,1750,523
2026-08-18 23:07:19,2026-08-18T13:07:19.459Z,1895.52,9319758,1833.58,2000,1750,523
2026-08-18 23:22:19,2026-08-18T13:22:19.902Z,1895.00,9247057,1833.54,2000,1750,525
2026-08-18 23:37:19,2026-08-18T13:37:19.473Z,1894.22,9216705,1833.32,2000,1750,526
2026-08-18 23:52:19,2026-08-18T13:52:19.649Z,1894.56,9272701,1833.82,2000,1750,528
2026-08-19 00:07:19,2026-08-18T14:07:19.494Z,1899.22,10145328,1834.01,2000,1750,528
2026-08-19 00:22:19,2026-08-18T14:22:19.553Z,1900.95,10596259,1834.12,2000,1750,529
2026-08-19 00:37:19,2026-08-18T14:37:19.515Z,1911.16,12262506,1834.16,2000,1750,530
2026-08-19 00:52:19,2026-08-18T14:52:19.509Z,1911.80,12403128,1836.14,2000,1750,530
2026-08-19 01:07:19,2026-08-18T15:07:19.479Z,1913.29,12758349,1837.50,2000,1750,531
2026-08-19 01:22:19,2026-08-18T15:22:19.493Z,1912.66,12981636,1836.52,2000,1750,532
2026-08-19 01:37:19,2026-08-18T15:37:19.431Z,1916.69,13880203,1836.24,2000,1750,532
2026-08-19 01:52:19,2026-08-18T15:52:19.449Z,1916.93,13913330,1836.39,2000,1750,532
2026-08-19 02:07:19,2026-08-18T16:07:19.467Z,1916.48,13837294,1836.15,2000,1750,532
2026-08-19 02:22:19,2026-08-18T16:22:19.487Z,1913.92,13266421,1836.62,2000,1750,533
2026-08-19 02:37:19,2026-08-18T16:37:19.492Z,1914.41,13379393,1836.42,2000,1750,533
2026-08-19 02:52:19,2026-08-18T16:52:19.498Z,1916.95,13636834,1836.96,2000,1750,534
2026-08-19 03:07:19,2026-08-18T17:07:19.513Z,1913.86,13074553,1837.10,2000,1750,534
2026-08-19 03:22:19,2026-08-18T17:22:19.485Z,1915.63,13493781,1837.15,2000,1750,534
2026-08-19 03:37:19,2026-08-18T17:37:19.507Z,1913.03,13004341,1837.18,2000,1750,534
2026-08-19 03:52:19,2026-08-18T17:52:19.502Z,1911.15,12629681,1837.07,2000,1750,534
2026-08-19 04:07:19,2026-08-18T18:07:19.522Z,1911.32,12688712,1837.09,2000,1750,534
2026-08-19 04:22:19,2026-08-18T18:22:19.477Z,1914.42,13315697,1837.43,2000,1750,534
2026-08-19 04:37:19,2026-08-18T18:37:19.502Z,1915.97,13578707,1837.71,2000,1750,534
2026-08-19 04:52:19,2026-08-18T18:52:19.506Z,1915.11,13586915,1837.34,2000,1750,534
2026-08-19 05:07:19,2026-08-18T19:07:19.560Z,1915.02,13652152,1837.37,2000,1750,534
2026-08-19 05:22:19,2026-08-18T19:22:19.511Z,1913.07,13245946,1837.53,2000,1750,534
2026-08-19 05:37:19,2026-08-18T19:37:19.491Z,1914.35,13507103,1838.16,2000,1750,534
2026-08-19 05:52:19,2026-08-18T19:52:19.479Z,1913.50,13347465,1838.30,2000,1750,534
2026-08-19 06:07:19,2026-08-18T20:07:19.483Z,1911.34,12904043,1838.30,2000,1750,534
2026-08-19 06:22:19,2026-08-18T20:22:19.442Z,1910.76,12752660,1838.56,2000,1750,534
2026-08-19 06:37:19,2026-08-18T20:37:19.482Z,1913.52,13369694,1838.65,2000,1750,534
2026-08-19 06:52:19,2026-08-18T20:52:19.480Z,1912.23,13090191,1838.66,2000,1750,534
2026-08-19 07:07:19,2026-08-18T21:07:19.473Z,1912.64,13205214,1838.73,2000,1750,534
2026-08-19 07:22:19,2026-08-18T21:22:19.593Z,1912.27,13132334,1838.89,2000,1750,534
2026-08-19 07:37:19,2026-08-18T21:37:19.473Z,1911.75,13021235,1838.92,2000,1750,534
2026-08-19 07:52:19,2026-08-18T21:52:19.598Z,1910.97,12894557,1838.93,2000,1750,534
2026-08-19 08:07:19,2026-08-18T22:07:19.528Z,1911.60,13064174,1838.99,2000,1750,534
2026-08-19 08:22:19,2026-08-18T22:22:19.513Z,1913.60,13513412,1839.18,2000,1750,534
2026-08-19 08:37:19,2026-08-18T22:37:19.495Z,1912.96,13375294,1839.38,2000,1750,534
2026-08-19 08:52:19,2026-08-18T22:52:19.488Z,1912.24,13232460,1839.43,2000,1750,534
2026-08-19 09:07:19,2026-08-18T23:07:19.513Z,1913.85,13614684,1839.56,2000,1750,534
2026-08-19 09:22:19,2026-08-18T23:22:19.500Z,1917.00,14289372,1839.91,2000,1750,534
2026-08-19 09:37:19,2026-08-18T23:37:19.516Z,1918.53,14596413,1840.28,2000,1750,534
2026-08-19 09:52:19,2026-08-18T23:52:19.561Z,1918.28,14511776,1840.70,2000,1750,534
2026-08-19 10:07:19,2026-08-19T00:07:19.482Z,1912.76,13268032,1840.76,2000,1750,535
2026-08-19 10:22:19,2026-08-19T00:22:19.483Z,1916.23,13976787,1842.84,2000,1750,535
2026-08-19 10:37:19,2026-08-19T00:37:19.491Z,1916.23,13914411,1843.38,2000,1750,535
2026-08-19 10:52:19,2026-08-19T00:52:19.501Z,1913.18,13212178,1843.39,1950,1750,535
2026-08-19 11:07:19,2026-08-19T01:07:19.514Z,1916.10,13914701,1844.30,2000,1750,535
2026-08-19 11:22:19,2026-08-19T01:22:19.598Z,1914.26,13467075,1844.57,1950,1750,535
2026-08-19 11:37:19,2026-08-19T01:37:19.510Z,1913.06,13196028,1844.67,1950,1750,535
2026-08-19 11:52:19,2026-08-19T01:52:19.561Z,1913.39,13331314,1844.86,1950,1750,535
2026-08-19 12:07:19,2026-08-19T02:07:19.551Z,1910.65,12636834,1845.02,1950,1750,535
2026-08-19 12:22:19,2026-08-19T02:22:19.547Z,1909.09,12281844,1844.93,1950,1750,535
2026-08-19 12:37:19,2026-08-19T02:37:19.524Z,1908.26,12073113,1845.07,1950,1750,535
2026-08-19 12:52:19,2026-08-19T02:52:19.551Z,1906.70,11599564,1845.88,1950,1750,536
2026-08-19 13:07:19,2026-08-19T03:07:19.648Z,1906.47,11578679,1846.04,2000,1750,536
2026-08-19 13:22:19,2026-08-19T03:22:19.615Z,1912.56,13266427,1846.78,1950,1750,536
2026-08-19 13:37:19,2026-08-19T03:37:19.550Z,1909.44,12244540,1847.72,1950,1750,536
2026-08-19 13:52:19,2026-08-19T03:52:19.564Z,1911.82,12989423,1847.96,1950,1750,536
2026-08-19 14:07:19,2026-08-19T04:07:19.474Z,1908.70,12015982,1848.12,1950,1750,536
2026-08-19 14:22:19,2026-08-19T04:22:19.501Z,1911.79,13009469,1848.32,1950,1750,536
2026-08-19 14:37:19,2026-08-19T04:37:19.507Z,1911.83,12651010,1848.57,1950,1750,536
2026-08-19 14:52:19,2026-08-19T04:52:19.503Z,1909.08,11601186,1848.82,1950,1750,536
2026-08-19 15:07:19,2026-08-19T05:07:19.608Z,1910.42,12109039,1849.12,1950,1750,536
2026-08-19 15:22:19,2026-08-19T05:22:19.579Z,1910.43,12048246,1849.46,1950,1750,536
2026-08-19 15:37:19,2026-08-19T05:37:19.536Z,1910.94,12226426,1849.68,1950,1750,536
2026-08-19 15:52:19,2026-08-19T05:52:19.565Z,1910.78,12474922,1849.85,1950,1750,536
2026-08-19 16:07:19,2026-08-19T06:07:19.554Z,1907.45,10854247,1849.93,1950,1750,536
2026-08-19 16:22:19,2026-08-19T06:22:19.538Z,1910.02,12008157,1850.04,1950,1750,537
2026-08-19 16:37:19,2026-08-19T06:37:19.533Z,1910.19,11982237,1850.21,1950,1750,537
2026-08-19 16:52:19,2026-08-19T06:52:19.563Z,1912.38,13076371,1850.48,1950,1750,537
2026-08-19 17:07:19,2026-08-19T07:07:19.547Z,1913.99,14186706,1850.66,1950,1750,537
2026-08-19 17:22:19,2026-08-19T07:22:19.554Z,1916.81,16695401,1850.40,1920,1750,537
2026-08-19 17:37:19,2026-08-19T07:37:19.528Z,1918.00,18992567,1849.46,1920,1750,537
2026-08-19 17:52:19,2026-08-19T07:52:19.527Z,1917.72,18061828,1847.43,1920,1750,537
2026-08-19 18:07:19,2026-08-19T08:07:19.635Z,1916.21,12385223,1842.79,1950,1750,513
2026-08-19 18:22:19,2026-08-19T08:22:19.499Z,1915.27,12079340,1844.73,1950,1750,517
2026-08-19 18:37:19,2026-08-19T08:37:19.524Z,1918.83,12774763,1846.38,1950,1750,519
2026-08-19 18:52:19,2026-08-19T08:52:19.505Z,1922.20,13704352,1847.72,1950,1750,521
2026-08-19 19:07:19,2026-08-19T09:07:19.538Z,1921.01,13445944,1847.99,1950,1750,522
2026-08-19 19:22:19,2026-08-19T09:22:19.501Z,1921.66,13663065,1848.09,1950,1750,522
2026-08-19 19:37:19,2026-08-19T09:37:19.514Z,1919.09,13148662,1848.14,1950,1750,523
2026-08-19 19:52:19,2026-08-19T09:52:19.553Z,1917.27,12750312,1848.21,1950,1750,523
2026-08-19 20:07:19,2026-08-19T10:07:19.531Z,1917.23,12792732,1847.58,1950,1750,525
2026-08-19 20:22:19,2026-08-19T10:22:19.546Z,1918.16,13057677,1847.85,1950,1750,526
2026-08-19 20:37:19,2026-08-19T10:37:19.582Z,1917.58,12906304,1848.13,1950,1750,526
2026-08-19 20:52:19,2026-08-19T10:52:19.562Z,1918.33,13072464,1848.48,1950,1750,526
2026-08-19 21:07:19,2026-08-19T11:07:19.560Z,1923.42,14281449,1848.88,1950,1750,528
2026-08-19 21:22:19,2026-08-19T11:22:19.575Z,1921.20,13742363,1849.32,1950,1750,528
2026-08-19 21:37:19,2026-08-19T11:37:19.552Z,1922.07,13934655,1849.63,1950,1750,528
2026-08-19 21:52:19,2026-08-19T11:52:19.545Z,1921.76,13876325,1849.58,1950,1750,528
2026-08-19 22:07:19,2026-08-19T12:07:19.562Z,1922.50,14073776,1849.51,1950,1750,528
2026-08-19 22:22:19,2026-08-19T12:22:19.573Z,1922.36,14040395,1849.48,1950,1750,528
2026-08-19 22:37:19,2026-08-19T12:37:19.543Z,1926.58,14632607,1849.97,1950,1750,528
2026-08-19 22:52:19,2026-08-19T12:52:19.525Z,1935.85,15759974,1851.67,2000,1750,531
2026-08-19 23:07:19,2026-08-19T13:07:19.544Z,1934.05,16634322,1850.96,2000,1750,532
2026-08-19 23:22:19,2026-08-19T13:22:19.533Z,1937.33,17330870,1851.22,2000,1700,532
2026-08-19 23:37:19,2026-08-19T13:37:19.531Z,1929.51,14719714,1852.54,2000,1750,535
2026-08-19 23:52:19,2026-08-19T13:52:19.541Z,1928.60,14475033,1852.12,2000,1750,538
2026-08-20 00:07:19,2026-08-19T14:07:19.595Z,1935.35,16403176,1852.73,2000,1750,539
2026-08-20 00:22:19,2026-08-19T14:22:19.553Z,1935.28,16338496,1854.12,2000,1750,540
2026-08-20 00:37:19,2026-08-19T14:37:19.569Z,1936.54,16199363,1855.78,2000,1920,541
2026-08-20 00:52:19,2026-08-19T14:52:19.568Z,1945.98,18638825,1856.37,2000,1920,541
2026-08-20 01:07:19,2026-08-19T15:07:19.586Z,2012.54,24909207,1858.71,2000,1700,553
2026-08-20 01:22:19,2026-08-19T15:22:19.564Z,2012.64,24047426,1852.74,2000,1700,555
2026-08-20 01:37:19,2026-08-19T15:37:19.592Z,2080.33,22287517,1841.42,2000,1700,564
2026-08-20 01:52:19,2026-08-19T15:52:19.538Z,2079.82,21687100,1836.31,2000,1700,579
2026-08-20 02:07:19,2026-08-19T16:07:19.583Z,2094.38,22068658,1836.11,2000,1700,590
2026-08-20 02:22:19,2026-08-19T16:22:19.610Z,2094.48,22215434,1839.14,2000,1700,595
2026-08-20 02:37:19,2026-08-19T16:37:19.550Z,2096.84,22352391,1839.89,2000,1700,596
2026-08-20 02:52:19,2026-08-19T16:52:19.553Z,2085.36,22569131,1842.00,2000,1700,602
2026-08-20 03:07:19,2026-08-19T17:07:19.605Z,2081.18,22444035,1843.99,2000,1700,603
2026-08-20 03:22:19,2026-08-19T17:22:19.574Z,2069.65,22274751,1847.45,2000,1700,603
2026-08-20 03:37:19,2026-08-19T17:37:19.585Z,2077.61,22521255,1848.32,2000,1700,604
2026-08-20 03:52:19,2026-08-19T17:52:19.581Z,2089.84,22587506,1848.98,2000,1700,605
2026-08-20 04:07:19,2026-08-19T18:07:19.570Z,2084.73,22337084,1850.04,2000,1700,606
2026-08-20 04:22:19,2026-08-19T18:22:19.623Z,2086.25,22239930,1850.75,2000,1700,608
2026-08-20 04:37:19,2026-08-19T18:37:19.625Z,2086.25,22206937,1851.14,2000,1700,608
2026-08-20 04:52:19,2026-08-19T18:52:19.587Z,2088.32,21840732,1851.69,2000,1700,609
2026-08-20 05:07:19,2026-08-19T19:07:19.572Z,2094.13,21767957,1852.70,2000,1700,613
2026-08-20 05:22:19,2026-08-19T19:22:19.550Z,2096.82,21802417,1853.84,2100,1700,617
2026-08-20 05:37:19,2026-08-19T19:37:19.563Z,2097.21,21802380,1853.58,2100,1700,618
2026-08-20 05:52:19,2026-08-19T19:52:19.677Z,2098.41,21763625,1853.81,2100,1700,618
2026-08-20 06:07:19,2026-08-19T20:07:19.588Z,2112.70,22249281,1852.57,2100,1700,623
2026-08-20 06:22:19,2026-08-19T20:22:19.580Z,2113.65,22371811,1852.03,2100,1700,626
2026-08-20 06:37:19,2026-08-19T20:37:19.607Z,2122.48,22517923,1850.82,2200,1700,629
2026-08-20 06:52:19,2026-08-19T20:52:19.591Z,2198.09,22190533,1848.45,2200,1700,649
2026-08-20 07:07:19,2026-08-19T21:07:19.603Z,2299.15,22421011,,2500,1900,669
2026-08-20 07:22:19,2026-08-19T21:22:19.613Z,2268.01,20936355,1819.85,2500,1900,696
2026-08-20 07:37:19,2026-08-19T21:37:19.545Z,2277.06,21052071,,2500,1900,707
2026-08-20 07:52:19,2026-08-19T21:52:19.605Z,2289.34,21104306,,2500,1900,713
2026-08-20 08:07:19,2026-08-19T22:07:19.559Z,2271.08,20870806,,2500,1900,719
2026-08-20 08:22:19,2026-08-19T22:22:19.988Z,2265.73,20802462,1820.81,2500,1700,722
2026-08-20 08:37:19,2026-08-19T22:37:19.593Z,2253.34,20593280,1827.07,2500,1700,722
2026-08-20 08:52:19,2026-08-19T22:52:19.594Z,2246.86,20467958,1829.31,2500,1700,723
2026-08-20 09:07:19,2026-08-19T23:07:19.663Z,2247.96,20490959,1832.50,2500,1700,724
2026-08-20 09:22:19,2026-08-19T23:22:19.718Z,2245.76,20445555,1834.52,2500,1700,725
2026-08-20 09:37:19,2026-08-19T23:37:19.588Z,2247.18,20464630,1835.19,2500,1700,727
2026-08-20 09:52:19,2026-08-19T23:52:19.583Z,2248.70,20486432,1836.53,2500,1700,727
2026-08-20 10:07:19,2026-08-20T00:07:19.570Z,2254.33,20459164,1838.05,2500,1700,727
2026-08-20 10:22:19,2026-08-20T00:22:19.564Z,2264.34,20568536,1838.18,2500,1700,727
2026-08-20 10:37:19,2026-08-20T00:37:19.540Z,2264.07,20964802,1840.78,2500,1700,728
2026-08-20 10:52:19,2026-08-20T00:52:19.520Z,2261.35,20854001,1841.50,2500,1700,729
2026-08-20 11:07:19,2026-08-20T01:07:19.564Z,2257.75,20766019,1842.08,2500,1700,729
2026-08-20 11:22:19,2026-08-20T01:22:19.565Z,2254.20,20704422,1846.70,2500,1700,730
2026-08-20 11:37:19,2026-08-20T01:37:19.570Z,2258.43,20810040,1846.70,2500,1700,731
2026-08-20 11:52:19,2026-08-20T01:52:19.587Z,2263.41,20948849,1845.85,2500,1700,731
2026-08-20 12:07:19,2026-08-20T02:07:19.597Z,2264.67,21093127,1846.53,2500,1700,731
2026-08-20 12:22:19,2026-08-20T02:22:19.605Z,2258.77,20980324,1847.03,2500,1700,731
2026-08-20 12:37:19,2026-08-20T02:37:19.481Z,2255.41,20912918,1848.01,2500,1700,731
2026-08-20 12:52:19,2026-08-20T02:52:19.558Z,2250.62,20900083,1848.75,2500,1700,733
2026-08-20 13:07:19,2026-08-20T03:07:19.534Z,2241.79,20554122,1849.57,2500,1700,734
2026-08-20 13:22:19,2026-08-20T03:22:19.573Z,2237.82,20416554,1849.47,2500,2220,737
2026-08-20 13:37:19,2026-08-20T03:37:19.574Z,2242.93,20521145,1850.03,2500,2220,737
2026-08-20 13:52:19,2026-08-20T03:52:19.562Z,2250.57,20790376,1850.31,2500,1700,736
2026-08-20 14:07:19,2026-08-20T04:07:19.714Z,2252.90,20802535,1851.57,2500,1700,736
2026-08-20 14:22:19,2026-08-20T04:22:19.568Z,2250.88,20661318,1852.60,2500,1700,736
2026-08-20 14:37:19,2026-08-20T04:37:19.738Z,2248.09,20449578,1853.55,2500,1700,736
2026-08-20 14:52:19,2026-08-20T04:52:19.593Z,2251.56,20595802,1854.58,2500,1700,736
2026-08-20 15:07:19,2026-08-20T05:07:19.671Z,2250.32,20524520,1855.89,2500,1700,737
2026-08-20 15:22:19,2026-08-20T05:22:19.580Z,2251.76,20595886,1856.65,2500,1700,737
2026-08-20 15:37:19,2026-08-20T05:37:19.634Z,2250.13,20497518,1857.60,2500,1700,737
2026-08-20 15:52:19,2026-08-20T05:52:19.700Z,2240.65,20008027,1859.31,2500,2220,737
2026-08-20 16:07:19,2026-08-20T06:07:19.535Z,2238.02,19882703,1861.22,2500,2220,738
2026-08-20 16:22:19,2026-08-20T06:22:19.584Z,2248.95,20523896,1861.90,2500,1700,738
2026-08-20 16:37:19,2026-08-20T06:37:19.615Z,2258.32,21098301,1865.50,2500,1700,738
2026-08-20 16:52:19,2026-08-20T06:52:19.610Z,2260.83,21296461,1866.59,2500,1700,738
2026-08-20 17:07:19,2026-08-20T07:07:19.611Z,2258.35,21016516,1868.63,2500,1700,738
2026-08-20 17:22:19,2026-08-20T07:22:19.613Z,2251.67,20539652,1869.67,2500,1700,738
2026-08-20 17:37:19,2026-08-20T07:37:19.624Z,2245.20,19772052,1864.30,2500,2240,738
2026-08-20 17:52:19,2026-08-20T07:52:19.579Z,2246.79,20279208,1910.50,2500,1700,738
2026-08-20 18:07:19,2026-08-20T08:07:19.542Z,2255.44,20978970,1837.73,2500,1700,670
2026-08-20 18:22:19,2026-08-20T08:22:19.582Z,2273.53,21313633,1834.54,2500,1900,671
2026-08-20 18:37:19,2026-08-20T08:37:19.657Z,2268.96,21575231,1834.59,2500,1900,677
2026-08-20 18:52:19,2026-08-20T08:52:19.558Z,2276.65,22035662,1834.17,2500,1900,683
2026-08-20 19:07:19,2026-08-20T09:07:19.602Z,2285.47,23026243,1833.04,2500,1900,689
2026-08-20 19:22:19,2026-08-20T09:22:19.635Z,2290.07,23405286,1832.66,2500,1900,692
2026-08-20 19:37:19,2026-08-20T09:37:19.622Z,2288.05,23321692,1832.52,2500,1900,696
2026-08-20 19:52:19,2026-08-20T09:52:19.578Z,2277.06,22926395,1832.50,2500,1900,696
2026-08-20 20:07:19,2026-08-20T10:07:19.601Z,2280.98,22636789,1832.60,2500,1900,697
2026-08-20 20:22:19,2026-08-20T10:22:19.500Z,2286.15,22907337,1832.12,2500,1900,699
2026-08-20 20:37:19,2026-08-20T10:37:19.548Z,2284.22,22969696,1832.67,2500,1900,700
2026-08-20 20:52:19,2026-08-20T10:52:19.576Z,2279.92,22885559,1833.11,2500,1900,701
2026-08-20 21:07:19,2026-08-20T11:07:19.726Z,2289.69,23675985,1833.33,2500,1900,701
2026-08-20 21:22:19,2026-08-20T11:22:19.568Z,2292.56,23747001,,2500,1900,701
2026-08-20 21:37:19,2026-08-20T11:37:19.610Z,2304.80,23983531,,2500,1900,702
2026-08-20 21:52:19,2026-08-20T11:52:19.621Z,2308.11,24073059,,2500,1900,702
2026-08-20 22:07:19,2026-08-20T12:07:19.646Z,2273.44,22673293,1832.59,2500,1900,704
2026-08-20 22:22:19,2026-08-20T12:22:19.643Z,2273.45,22482419,1833.23,2500,1900,704
2026-08-20 22:37:19,2026-08-20T12:37:19.619Z,2275.86,22589373,1833.38,2500,1900,706
2026-08-20 22:52:19,2026-08-20T12:52:19.698Z,2279.39,23163673,1832.35,2500,1900,706
2026-08-20 23:07:19,2026-08-20T13:07:19.592Z,2294.64,23803503,,2500,1900,708
2026-08-20 23:22:19,2026-08-20T13:22:19.559Z,2291.39,23716166,,2500,1900,708
2026-08-20 23:37:19,2026-08-20T13:37:19.601Z,2257.93,22153976,1834.27,2500,1700,709
2026-08-20 23:52:19,2026-08-20T13:52:19.630Z,2276.45,23251100,1833.07,2500,1900,711
2026-08-21 00:07:19,2026-08-20T14:07:19.715Z,2282.83,23549855,1832.61,2500,1900,711
2026-08-21 00:22:19,2026-08-20T14:22:19.620Z,2276.93,23385456,1832.25,2500,1900,712
2026-08-21 00:37:19,2026-08-20T14:37:19.623Z,2281.38,23595149,1832.64,2500,1900,713
2026-08-21 00:52:19,2026-08-20T14:52:19.663Z,2276.04,23421130,1834.78,2500,1900,713
2026-08-21 01:07:19,2026-08-20T15:07:19.602Z,2292.71,24304015,,2500,1900,715
2026-08-21 01:22:19,2026-08-20T15:22:19.580Z,2301.80,24711944,,2500,1900,715
2026-08-21 01:37:19,2026-08-20T15:37:19.630Z,2299.13,24773366,,2500,1900,716
2026-08-21 01:52:19,2026-08-20T15:52:19.623Z,2331.14,25491572,,2500,1900,717
2026-08-21 02:07:19,2026-08-20T16:07:19.637Z,2324.48,25361273,,2500,1900,717
2026-08-21 02:22:19,2026-08-20T16:22:19.639Z,2320.90,25228318,,2500,1900,719
2026-08-21 02:37:19,2026-08-20T16:37:19.636Z,2326.41,25440143,,2500,1900,720
2026-08-21 02:52:19,2026-08-20T16:52:19.640Z,2338.22,26330488,,2500,1900,727
2026-08-21 03:07:19,2026-08-20T17:07:19.680Z,2335.06,26238196,,2500,1900,730
2026-08-21 03:22:19,2026-08-20T17:22:19.608Z,2340.53,27569932,,2500,1900,733
2026-08-21 03:37:19,2026-08-20T17:37:19.574Z,2339.04,27560391,,2500,1900,733
2026-08-21 03:52:19,2026-08-20T17:52:19.588Z,2345.18,27742117,,2500,1900,733
2026-08-21 04:07:19,2026-08-20T18:07:19.628Z,2331.93,27505916,,2500,1900,733
2026-08-21 04:22:19,2026-08-20T18:22:19.621Z,2331.73,27606102,,2500,1900,734
2026-08-21 04:37:19,2026-08-20T18:37:19.659Z,2314.94,27026810,,2500,1900,734
2026-08-21 04:52:19,2026-08-20T18:52:19.632Z,2319.87,27327352,,2500,1900,734
2026-08-21 05:07:19,2026-08-20T19:07:19.669Z,2321.14,27374697,,2500,1900,734
2026-08-21 05:22:19,2026-08-20T19:22:19.636Z,2324.66,27618666,,2500,1900,734
2026-08-21 05:37:19,2026-08-20T19:37:19.649Z,2325.14,27669474,,2500,1900,734
2026-08-21 05:52:19,2026-08-20T19:52:19.517Z,2324.33,27775636,,2500,1900,734
2026-08-21 06:07:19,2026-08-20T20:07:19.586Z,2322.50,27761815,,2500,1900,734
2026-08-21 06:22:19,2026-08-20T20:22:19.593Z,2319.66,27723953,,2500,1900,735
2026-08-21 06:37:19,2026-08-20T20:37:19.618Z,2326.21,27950047,,2500,1900,736
2026-08-21 06:52:19,2026-08-20T20:52:19.625Z,2313.38,27545464,,2500,1900,738
2026-08-21 07:07:19,2026-08-20T21:07:19.625Z,2312.48,27535337,,2500,1900,738
2026-08-21 07:22:19,2026-08-20T21:22:19.646Z,2317.45,27732832,,2500,1900,739
2026-08-21 07:37:19,2026-08-20T21:37:19.649Z,2319.35,27869793,,2500,1900,739
2026-08-21 07:52:19,2026-08-20T21:52:19.634Z,2318.76,27893596,,2500,1900,739
2026-08-21 08:07:19,2026-08-20T22:07:19.649Z,2314.36,27801810,,2500,1900,740
2026-08-21 08:22:19,2026-08-20T22:22:19.677Z,2309.83,27645076,,2500,1900,740
2026-08-21 08:37:19,2026-08-20T22:37:19.556Z,2312.27,27702574,,2500,1900,740
2026-08-21 08:52:19,2026-08-20T22:52:19.598Z,2315.08,27856461,,2500,1900,740
2026-08-21 09:07:19,2026-08-20T23:07:19.651Z,2315.48,27866111,,2500,1900,740
2026-08-21 09:22:19,2026-08-20T23:22:19.627Z,2326.03,28198070,,2500,1900,740
2026-08-21 09:37:19,2026-08-20T23:37:19.632Z,2325.07,28069459,,2500,1900,740
2026-08-21 09:52:19,2026-08-20T23:52:19.634Z,2323.52,28102125,,2500,1900,740
2026-08-21 10:07:19,2026-08-21T00:07:19.627Z,2331.73,28405645,,2500,1900,740
2026-08-21 10:22:19,2026-08-21T00:22:19.623Z,2340.28,28786484,,2500,1900,740
2026-08-21 10:37:19,2026-08-21T00:37:19.612Z,2336.13,28635600,,2500,1900,741
2026-08-21 10:52:19,2026-08-21T00:52:19.669Z,2346.90,28972588,,2500,1900,741
2026-08-21 11:07:19,2026-08-21T01:07:19.541Z,2341.94,28805285,,2500,1900,741
2026-08-21 11:22:19,2026-08-21T01:22:19.618Z,2342.41,28820624,,2500,1900,742
2026-08-21 11:37:19,2026-08-21T01:37:19.709Z,2355.54,29297381,,2500,1900,742
2026-08-21 11:52:19,2026-08-21T01:52:19.615Z,2365.95,29406738,,2500,1900,746
2026-08-21 12:07:19,2026-08-21T02:07:19.637Z,2360.33,29263327,,2500,1900,747
2026-08-21 12:22:19,2026-08-21T02:22:19.647Z,2348.09,28943293,,2500,1900,748
2026-08-21 12:37:19,2026-08-21T02:37:19.717Z,2357.01,29437146,,2500,1900,749
2026-08-21 12:52:19,2026-08-21T02:52:19.706Z,2346.65,28931459,,2500,1900,750
2026-08-21 13:07:19,2026-08-21T03:07:19.655Z,2337.94,28187792,,2500,1900,750
2026-08-21 13:22:19,2026-08-21T03:22:19.643Z,2344.74,28533823,,2500,1900,750
2026-08-21 13:37:19,2026-08-21T03:37:19.616Z,2345.66,28422746,,2500,1900,751
2026-08-21 13:52:19,2026-08-21T03:52:19.610Z,2349.53,28648626,,2500,1900,751
2026-08-21 14:07:19,2026-08-21T04:07:19.642Z,2341.51,28163300,,2500,1900,751
2026-08-21 14:22:19,2026-08-21T04:22:19.614Z,2347.03,28511635,,2500,1900,751
2026-08-21 14:37:19,2026-08-21T04:37:19.641Z,2345.87,28438680,,2500,1900,751
2026-08-21 14:52:19,2026-08-21T04:52:19.642Z,2351.84,28768655,,2500,1900,751
2026-08-21 15:07:19,2026-08-21T05:07:19.649Z,2352.46,28845222,,2500,1900,751
2026-08-21 15:22:19,2026-08-21T05:22:19.668Z,2355.59,29172478,,2500,1900,751
2026-08-21 15:37:19,2026-08-21T05:37:19.673Z,2353.13,29036145,,2500,1900,751
2026-08-21 15:52:19,2026-08-21T05:52:19.614Z,2357.03,29429048,,2500,1900,751
2026-08-21 16:07:19,2026-08-21T06:07:19.614Z,2374.39,31624264,,2400,1900,752
2026-08-21 16:22:19,2026-08-21T06:22:19.617Z,2358.35,29467213,,2500,1900,754
2026-08-21 16:37:19,2026-08-21T06:37:19.625Z,2366.24,30603222,,2500,1900,754
2026-08-21 16:52:19,2026-08-21T06:52:19.625Z,2370.16,31781413,,2380,1900,754
2026-08-21 17:07:19,2026-08-21T07:07:19.755Z,2373.49,32852033,,2380,1900,754
2026-08-21 17:22:19,2026-08-21T07:22:19.813Z,2379.60,36254247,,2380,1900,755
2026-08-21 17:37:19,2026-08-21T07:37:19.641Z,2374.85,35734443,,2380,1900,756
2026-08-21 17:52:19,2026-08-21T07:52:19.786Z,2375.88,40895357,,2380,1900,757
2026-08-21 18:07:19,2026-08-21T08:07:19.617Z,2381.35,24430468,,2500,1900,686
2026-08-21 18:22:19,2026-08-21T08:22:19.639Z,2385.92,24409223,,2500,1900,688
2026-08-21 18:37:19,2026-08-21T08:37:19.632Z,2397.56,24977786,,2500,1900,692
2026-08-21 18:52:19,2026-08-21T08:52:19.612Z,2433.13,25808148,,2500,1900,698
2026-08-21 19:07:19,2026-08-21T09:07:19.608Z,2393.64,24687711,,2500,1900,707
2026-08-21 19:22:19,2026-08-21T09:22:19.621Z,2389.98,24629122,,2500,1900,710
2026-08-21 19:37:19,2026-08-21T09:37:19.646Z,2397.81,25081088,,2500,1900,712
2026-08-21 19:52:19,2026-08-21T09:52:19.651Z,2412.46,25531253,,2500,1900,715
2026-08-21 20:07:19,2026-08-21T10:07:19.641Z,2397.70,24859989,,2500,1900,716
2026-08-21 20:22:19,2026-08-21T10:22:19.634Z,2405.26,25072961,,2500,1900,717
2026-08-21 20:37:19,2026-08-21T10:37:19.670Z,2396.96,24743398,,2500,1900,717
2026-08-21 20:52:19,2026-08-21T10:52:19.705Z,2396.70,24762318,,2500,1900,717
2026-08-21 21:07:19,2026-08-21T11:07:19.645Z,2395.27,24713973,,2500,1900,717
2026-08-21 21:22:19,2026-08-21T11:22:19.617Z,2384.32,24218808,,2500,1900,717
2026-08-21 21:37:19,2026-08-21T11:37:19.689Z,2380.49,24018470,,2500,2340,717
2026-08-21 21:52:19,2026-08-21T11:52:19.623Z,2372.98,24493213,,2500,2340,720
2026-08-21 22:07:19,2026-08-21T12:07:19.648Z,2376.01,24786842,,2500,2340,721
2026-08-21 22:22:19,2026-08-21T12:22:19.673Z,2374.30,24820484,,2500,2340,721
2026-08-21 22:37:19,2026-08-21T12:37:19.685Z,2383.66,25363772,,2500,2340,724
2026-08-21 22:52:19,2026-08-21T12:52:19.588Z,2391.71,25756381,,2500,2340,725
2026-08-21 23:07:19,2026-08-21T13:07:19.626Z,2392.55,25766395,,2500,2340,725
2026-08-21 23:22:19,2026-08-21T13:22:19.634Z,2382.57,25222286,,2500,2340,726
2026-08-21 23:37:19,2026-08-21T13:37:19.645Z,2370.12,24486289,,2500,2340,726
2026-08-21 23:52:19,2026-08-21T13:52:19.632Z,2399.88,25765815,,2500,1900,726
2026-08-22 00:07:19,2026-08-21T14:07:19.680Z,2382.99,24958870,,2500,2340,726
2026-08-22 00:22:19,2026-08-21T14:22:19.691Z,2370.69,24459125,,2500,2340,726
2026-08-22 00:37:19,2026-08-21T14:37:19.693Z,2390.50,25661891,,2500,2340,727
2026-08-22 00:52:19,2026-08-21T14:52:19.672Z,2390.27,25782830,,2500,2340,728
2026-08-22 01:07:19,2026-08-21T15:07:19.695Z,2395.31,26170311,,2500,2340,729
2026-08-22 01:22:19,2026-08-21T15:22:19.679Z,2398.61,26376289,,2500,2340,729
2026-08-22 01:37:19,2026-08-21T15:37:19.618Z,2397.24,26433507,,2500,2340,729
2026-08-22 01:52:19,2026-08-21T15:52:19.648Z,2400.72,26622059,,2500,2340,729
2026-08-22 02:07:19,2026-08-21T16:07:19.675Z,2387.87,26019959,,2500,2340,730
2026-08-22 02:22:19,2026-08-21T16:22:19.699Z,2395.43,26546854,,2500,2340,730
2026-08-22 02:37:19,2026-08-21T16:37:19.694Z,2400.31,28235116,,2500,2340,730
2026-08-22 02:52:19,2026-08-21T16:52:19.679Z,2409.63,28777972,,2500,2340,730
2026-08-22 03:07:19,2026-08-21T17:07:19.688Z,2410.14,28742070,,2500,2340,730
2026-08-22 03:22:19,2026-08-21T17:22:19.720Z,2406.09,28630284,,2500,2340,731
2026-08-22 03:37:19,2026-08-21T17:37:19.697Z,2416.91,29326629,,2500,1900,731
2026-08-22 03:52:19,2026-08-21T17:52:19.683Z,2424.07,29823657,,2500,1900,731
2026-08-22 04:07:19,2026-08-21T18:07:19.641Z,2424.65,29791792,,2500,2340,731
2026-08-22 04:22:19,2026-08-21T18:22:19.683Z,2426.75,30022955,,2500,2340,731
2026-08-22 04:37:19,2026-08-21T18:37:19.671Z,2418.69,29661985,,2500,2340,731
2026-08-22 04:52:19,2026-08-21T18:52:19.808Z,2404.46,28978389,,2500,2340,731
2026-08-22 05:07:19,2026-08-21T19:07:19.696Z,2407.90,29336811,,2500,2340,731
2026-08-22 05:22:19,2026-08-21T19:22:19.768Z,2410.80,29664697,,2500,2340,731
2026-08-22 05:37:19,2026-08-21T19:37:19.706Z,2414.79,29448896,,2500,2340,731
2026-08-22 05:52:19,2026-08-21T19:52:19.850Z,2415.33,29628004,,2500,2340,731
2026-08-22 06:07:19,2026-08-21T20:07:19.726Z,2419.61,30017062,,2500,1900,731
2026-08-22 06:22:19,2026-08-21T20:22:19.638Z,2437.75,30642993,,2500,1900,732
2026-08-22 06:37:19,2026-08-21T20:37:19.811Z,2437.82,30530798,,2500,1900,735
2026-08-22 06:52:19,2026-08-21T20:52:19.664Z,2438.90,30641575,,2500,1900,735
2026-08-22 07:07:19,2026-08-21T21:07:19.680Z,2433.35,30493066,,2500,1900,735
2026-08-22 07:22:19,2026-08-21T21:22:19.666Z,2454.85,30713129,,2500,1900,738
2026-08-22 07:37:19,2026-08-21T21:37:19.721Z,2479.00,30364332,,2500,1900,741
2026-08-22 07:52:19,2026-08-21T21:52:19.701Z,2503.15,30109649,,2500,1900,752
2026-08-22 08:07:19,2026-08-21T22:07:19.742Z,2533.73,28250690,,2500,2100,762
2026-08-22 08:22:19,2026-08-21T22:22:19.675Z,2533.75,27905828,,2500,2100,765
2026-08-22 08:37:19,2026-08-21T22:37:19.645Z,2531.59,27964186,,2500,2100,768
2026-08-22 08:52:19,2026-08-21T22:52:19.673Z,2523.54,27928396,,2500,2100,769
2026-08-22 09:07:19,2026-08-21T23:07:19.722Z,2519.02,27973757,,2500,2100,772
2026-08-22 09:22:19,2026-08-21T23:22:19.688Z,2544.00,27884175,,2500,2100,772
2026-08-22 09:37:19,2026-08-21T23:37:19.668Z,2518.92,27988780,,2500,2100,774
2026-08-22 09:52:19,2026-08-21T23:52:19.684Z,2514.62,28182824,,2500,2100,776
2026-08-22 10:07:19,2026-08-22T00:07:19.701Z,2509.14,28389104,,2500,2100,776
2026-08-22 10:22:19,2026-08-22T00:22:19.889Z,2506.02,28507937,,2500,2100,776
2026-08-22 10:37:19,2026-08-22T00:37:19.923Z,2509.44,28423375,,2500,2100,777
2026-08-22 10:52:19,2026-08-22T00:52:19.935Z,2513.69,28288358,,2500,2100,777
2026-08-22 11:07:19,2026-08-22T01:07:19.676Z,2521.81,28287571,,2500,2100,778
2026-08-22 11:22:23,2026-08-22T01:22:23.940Z,2517.42,28349596,,2500,2100,779
2026-08-22 11:37:21,2026-08-22T01:37:21.376Z,2518.22,28335920,,2500,2100,780
2026-08-22 11:52:19,2026-08-22T01:52:19.716Z,2513.02,28404702,,2500,2100,780
2026-08-22 12:07:19,2026-08-22T02:07:19.906Z,2507.93,28431610,,2500,2100,781
2026-08-22 12:22:19,2026-08-22T02:22:19.718Z,2511.93,28423735,,2500,2100,781
2026-08-22 12:37:19,2026-08-22T02:37:19.815Z,2503.21,28462660,,2500,2100,781
2026-08-22 12:52:19,2026-08-22T02:52:19.681Z,2510.33,28383964,,2500,2100,781
2026-08-22 13:07:19,2026-08-22T03:07:19.674Z,2518.17,28332832,,2500,2100,781
2026-08-22 13:22:19,2026-08-22T03:22:19.712Z,2522.82,28295900,,2500,2100,783
2026-08-22 13:37:19,2026-08-22T03:37:19.725Z,2517.01,28290287,,2500,2100,783
2026-08-22 13:52:19,2026-08-22T03:52:19.823Z,2521.69,28220856,,2500,2100,783
2026-08-22 14:07:19,2026-08-22T04:07:19.761Z,2515.24,28234437,,2500,2100,783
2026-08-22 14:22:19,2026-08-22T04:22:19.760Z,2510.36,28209540,,2500,2100,783
2026-08-22 14:37:19,2026-08-22T04:37:19.727Z,2521.78,28085133,,2500,2100,783
2026-08-22 14:52:19,2026-08-22T04:52:19.963Z,2516.95,28092201,,2500,2100,784
2026-08-22 15:07:19,2026-08-22T05:07:19.671Z,2513.56,28097204,,2500,2100,785
2026-08-22 15:22:19,2026-08-22T05:22:19.722Z,2428.11,26583892,,2500,2100,787
2026-08-22 15:37:19,2026-08-22T05:37:19.677Z,2439.53,27150022,,2500,2100,790
2026-08-22 15:52:19,2026-08-22T05:52:19.678Z,2443.65,27535098,,2500,2100,791
2026-08-22 16:07:19,2026-08-22T06:07:19.695Z,2431.24,27388294,,2500,2100,791
2026-08-22 16:22:19,2026-08-22T06:22:19.704Z,2428.64,27508825,,2500,2100,791
2026-08-22 16:37:19,2026-08-22T06:37:19.750Z,2423.84,27452014,,2500,2100,791
2026-08-22 16:52:19,2026-08-22T06:52:19.695Z,2435.04,28329749,,2500,2100,792
2026-08-22 17:07:19,2026-08-22T07:07:19.700Z,2445.02,28830660,,2500,2100,793
2026-08-22 17:22:19,2026-08-22T07:22:19.661Z,2436.14,28992396,,2500,2100,793
2026-08-22 17:37:19,2026-08-22T07:37:19.702Z,2438.45,29627565,,2500,2100,793
2026-08-22 17:52:19,2026-08-22T07:52:19.824Z,2436.24,29586709,,2500,2100,793
2026-08-22 18:07:19,2026-08-22T08:07:19.732Z,2430.41,24472748,,2500,2100,701
2026-08-22 18:22:19,2026-08-22T08:22:19.687Z,2435.61,24799218,,2500,2100,703
2026-08-22 18:37:19,2026-08-22T08:37:19.712Z,2417.40,24048054,,2500,2100,703
2026-08-22 18:52:19,2026-08-22T08:52:19.741Z,2423.96,24356092,,2500,2100,707
2026-08-22 19:07:19,2026-08-22T09:07:19.692Z,2419.68,24161647,,2500,2100,710
2026-08-22 19:22:19,2026-08-22T09:22:19.678Z,2429.73,24705276,,2500,2100,711
2026-08-22 19:37:19,2026-08-22T09:37:19.699Z,2423.54,24411341,,2500,2100,712
2026-08-22 19:52:19,2026-08-22T09:52:19.698Z,2418.34,24281090,,2500,2100,712
2026-08-22 20:07:19,2026-08-22T10:07:19.672Z,2412.13,24427747,,2500,2100,714
2026-08-22 20:22:19,2026-08-22T10:22:19.729Z,2397.06,23704232,,2500,2100,715
2026-08-22 20:37:19,2026-08-22T10:37:19.839Z,2410.55,24648952,,2500,2100,717
2026-08-22 20:52:19,2026-08-22T10:52:19.725Z,2411.98,24774194,,2500,2100,717
2026-08-22 21:07:19,2026-08-22T11:07:19.616Z,2413.37,24748369,,2500,2100,717
2026-08-22 21:22:19,2026-08-22T11:22:19.708Z,2410.20,24538612,,2500,2100,717
2026-08-22 21:37:19,2026-08-22T11:37:19.676Z,2420.40,25130231,,2500,2100,717
2026-08-22 21:52:19,2026-08-22T11:52:19.722Z,2421.87,25232370,,2500,2100,718
2026-08-22 22:07:19,2026-08-22T12:07:19.688Z,2427.74,25518788,,2500,2100,718
2026-08-22 22:22:19,2026-08-22T12:22:19.722Z,2434.32,25780120,,2500,2100,718
2026-08-22 22:37:19,2026-08-22T12:37:19.703Z,2431.00,25733971,,2500,2100,719
2026-08-22 22:52:19,2026-08-22T12:52:19.724Z,2428.28,25511115,,2500,2100,719
2026-08-22 23:07:19,2026-08-22T13:07:19.711Z,2426.79,25488234,,2500,2100,720
2026-08-22 23:22:19,2026-08-22T13:22:19.700Z,2427.11,25502391,,2500,2100,720
2026-08-22 23:37:19,2026-08-22T13:37:19.683Z,2424.11,25384465,,2500,2100,720
2026-08-22 23:52:19,2026-08-22T13:52:19.721Z,2431.20,25747883,,2500,2100,720
2026-08-23 00:07:19,2026-08-22T14:07:19.686Z,2421.12,25293833,,2500,2100,720
2026-08-23 00:22:19,2026-08-22T14:22:19.676Z,2414.99,24928505,,2500,2100,720
2026-08-23 00:37:19,2026-08-22T14:37:19.736Z,2422.07,25340634,,2500,2100,720
2026-08-23 00:52:19,2026-08-22T14:52:19.751Z,2413.97,24935894,,2500,2100,720
2026-08-23 01:07:19,2026-08-22T15:07:19.825Z,2411.80,24864877,,2500,2100,720
2026-08-23 01:22:19,2026-08-22T15:22:19.727Z,2409.50,24900286,,2500,2100,720
2026-08-23 01:37:19,2026-08-22T15:37:19.866Z,2413.12,25171995,,2500,2100,721
2026-08-23 01:52:19,2026-08-22T15:52:19.725Z,2411.24,25090779,,2500,2100,721
2026-08-23 02:07:19,2026-08-22T16:07:19.820Z,2414.61,25489857,,2500,2100,721
2026-08-23 02:22:19,2026-08-22T16:22:19.707Z,2420.74,25989053,,2500,2100,721
2026-08-23 02:37:19,2026-08-22T16:37:19.706Z,2422.85,26343203,,2500,2100,721
2026-08-23 02:52:19,2026-08-22T16:52:19.705Z,2425.21,26572075,,2500,2100,721
2026-08-23 03:07:19,2026-08-22T17:07:19.717Z,2424.28,26646850,,2500,2100,721
2026-08-23 03:22:19,2026-08-22T17:22:19.726Z,2427.31,26922485,,2500,2100,723
2026-08-23 03:37:19,2026-08-22T17:37:19.745Z,2424.59,26858969,,2500,2100,723
2026-08-23 03:52:19,2026-08-22T17:52:19.781Z,2430.33,27166093,,2500,2100,723
2026-08-23 04:07:19,2026-08-22T18:07:19.753Z,2430.21,27191499,,2500,2100,723
2026-08-23 04:22:19,2026-08-22T18:22:19.758Z,2430.88,27231854,,2500,2100,723
2026-08-23 04:37:19,2026-08-22T18:37:19.752Z,2430.15,27226584,,2500,2100,723
2026-08-23 04:52:19,2026-08-22T18:52:19.701Z,2424.42,27070858,,2500,2100,723
2026-08-23 05:07:19,2026-08-22T19:07:19.739Z,2426.02,27227524,,2500,2100,723
2026-08-23 05:22:19,2026-08-22T19:22:19.733Z,2428.22,27370201,,2500,2100,723
2026-08-23 05:37:19,2026-08-22T19:37:19.710Z,2430.87,27523816,,2500,2100,723
2026-08-23 05:52:19,2026-08-22T19:52:19.757Z,2442.36,27825266,,2500,2100,723
2026-08-23 06:07:19,2026-08-22T20:07:19.753Z,2440.11,27790399,,2500,2100,723
2026-08-23 06:22:19,2026-08-22T20:22:19.864Z,2437.91,27785253,,2500,2100,723
2026-08-23 06:37:19,2026-08-22T20:37:19.754Z,2437.66,27869261,,2500,2100,724
2026-08-23 06:52:19,2026-08-22T20:52:19.748Z,2435.96,27912304,,2500,2100,724
2026-08-23 07:07:19,2026-08-22T21:07:19.726Z,2420.09,27278660,,2500,2100,724
2026-08-23 07:22:19,2026-08-22T21:22:19.823Z,2419.76,27049332,,2500,2100,724
2026-08-23 07:37:19,2026-08-22T21:37:19.745Z,2415.69,26866535,,2500,2100,724
2026-08-23 07:52:19,2026-08-22T21:52:19.716Z,2409.54,26386123,,2500,2100,724
2026-08-23 08:07:20,2026-08-22T22:07:20.151Z,2417.74,26996412,,2500,2100,724
2026-08-23 08:22:19,2026-08-22T22:22:19.748Z,2421.51,27331913,,2500,2100,724
2026-08-23 08:37:19,2026-08-22T22:37:19.752Z,2416.04,27177716,,2500,2100,724
2026-08-23 08:52:19,2026-08-22T22:52:19.886Z,2417.20,27379025,,2500,2100,724
2026-08-23 09:07:19,2026-08-22T23:07:19.762Z,2415.83,27385927,,2500,2100,724
2026-08-23 09:22:19,2026-08-22T23:22:19.731Z,2417.64,27642660,,2500,2100,724
2026-08-23 09:37:19,2026-08-22T23:37:19.697Z,2418.41,27752129,,2500,2100,724
2026-08-23 09:52:19,2026-08-22T23:52:19.749Z,2426.50,28230533,,2500,2100,724
2026-08-23 10:07:19,2026-08-23T00:07:19.752Z,2424.21,28216567,,2500,2100,724
2026-08-23 10:22:19,2026-08-23T00:22:19.753Z,2422.89,28358373,,2500,2100,724
2026-08-23 10:37:19,2026-08-23T00:37:19.777Z,2428.89,28546089,,2500,2100,724
2026-08-23 10:52:19,2026-08-23T00:52:19.740Z,2433.95,28681061,,2500,2100,724
2026-08-23 11:07:19,2026-08-23T01:07:19.760Z,2427.09,28710480,,2500,2100,724
2026-08-23 11:22:19,2026-08-23T01:22:19.767Z,2431.38,28877314,,2500,2100,724
2026-08-23 11:37:19,2026-08-23T01:37:19.768Z,2426.01,28870958,,2500,2100,724
2026-08-23 11:52:19,2026-08-23T01:52:19.806Z,2429.03,29048568,,2500,2100,724
2026-08-23 12:07:19,2026-08-23T02:07:19.762Z,2420.53,28922240,,2500,2100,724
2026-08-23 12:22:19,2026-08-23T02:22:19.739Z,2414.80,28579315,,2500,2100,725
2026-08-23 12:37:19,2026-08-23T02:37:19.857Z,2418.43,28822872,,2500,2100,727
2026-08-23 12:52:19,2026-08-23T02:52:19.748Z,2423.18,29357249,,2500,2100,727
2026-08-23 13:07:19,2026-08-23T03:07:19.780Z,2415.53,28686413,,2500,2100,727
2026-08-23 13:22:19,2026-08-23T03:22:19.757Z,2413.22,28502188,,2500,2100,727
2026-08-23 13:37:19,2026-08-23T03:37:19.787Z,2411.47,28381011,,2500,2100,727
2026-08-23 13:52:19,2026-08-23T03:52:19.916Z,2413.12,28741693,,2500,2100,727
2026-08-23 14:07:19,2026-08-23T04:07:19.760Z,2409.35,28329400,,2500,2100,727
2026-08-23 14:22:19,2026-08-23T04:22:19.740Z,2406.76,28119089,,2500,2100,729
2026-08-23 14:37:19,2026-08-23T04:37:19.725Z,2403.73,27638905,,2500,2100,729
2026-08-23 14:52:19,2026-08-23T04:52:19.749Z,2384.39,23224649,,2500,2100,733
2026-08-23 15:07:19,2026-08-23T05:07:19.747Z,2379.14,22251251,,2500,2100,734
2026-08-23 15:22:19,2026-08-23T05:22:19.750Z,2380.51,22641770,,2500,2100,735
2026-08-23 15:37:19,2026-08-23T05:37:19.776Z,2377.90,22105402,,2500,2100,736
2026-08-23 15:52:19,2026-08-23T05:52:19.735Z,2374.75,21708018,1902.38,2500,2100,737
2026-08-23 16:07:19,2026-08-23T06:07:19.802Z,2374.86,21531835,1902.56,2500,2100,738
2026-08-23 16:22:19,2026-08-23T06:22:19.778Z,2389.26,24343568,,2500,2100,738
2026-08-23 16:37:19,2026-08-23T06:37:19.797Z,2391.19,24688293,,2500,2100,738
2026-08-23 16:52:19,2026-08-23T06:52:19.757Z,2390.09,24072868,,2500,2100,738
2026-08-23 17:07:19,2026-08-23T07:07:19.740Z,2393.81,24869581,,2500,2100,738
2026-08-23 17:22:19,2026-08-23T07:22:19.786Z,2393.62,24393725,,2500,2100,738
2026-08-23 17:37:19,2026-08-23T07:37:19.870Z,2388.86,22786254,,2500,2100,738
2026-08-23 17:52:19,2026-08-23T07:52:19.736Z,2390.51,22033211,,2500,2100,739
2026-08-23 18:07:19,2026-08-23T08:07:19.784Z,2393.74,21116090,,2500,2100,645
2026-08-23 18:22:19,2026-08-23T08:22:19.765Z,2407.33,21901585,,2500,2100,646
2026-08-23 18:37:19,2026-08-23T08:37:19.802Z,2415.16,22440393,,2500,2100,647
2026-08-23 18:52:19,2026-08-23T08:52:19.768Z,2417.38,22601989,,2500,2100,650
2026-08-23 19:07:19,2026-08-23T09:07:19.781Z,2415.09,22608899,,2500,2100,651
2026-08-23 19:22:19,2026-08-23T09:22:19.806Z,2410.06,22356366,,2500,2100,651
2026-08-23 19:37:19,2026-08-23T09:37:19.726Z,2409.12,22330133,,2500,2100,651
2026-08-23 19:52:19,2026-08-23T09:52:19.766Z,2415.21,22718790,,2500,2100,651
2026-08-23 20:07:19,2026-08-23T10:07:19.771Z,2417.07,22825151,,2500,2100,652
2026-08-23 20:22:19,2026-08-23T10:22:19.764Z,2419.64,22978984,,2500,2100,652
2026-08-23 20:37:19,2026-08-23T10:37:19.751Z,2417.29,22868329,,2500,2100,652
2026-08-23 20:52:19,2026-08-23T10:52:19.788Z,2416.95,22855574,,2500,2100,653
2026-08-23 21:07:19,2026-08-23T11:07:19.901Z,2417.61,22863549,,2500,2100,653
2026-08-23 21:22:19,2026-08-23T11:22:19.763Z,2430.44,23759842,,2500,2100,654
2026-08-23 21:37:19,2026-08-23T11:37:19.676Z,2435.08,24031770,,2500,2100,655
2026-08-23 21:52:19,2026-08-23T11:52:19.800Z,2430.22,23723841,,2500,2100,655
2026-08-23 22:07:19,2026-08-23T12:07:19.793Z,2422.80,23316253,,2500,2100,655
2026-08-23 22:22:19,2026-08-23T12:22:19.738Z,2424.97,23387640,,2500,2100,656
2026-08-23 22:37:19,2026-08-23T12:37:19.876Z,2423.76,23291174,,2500,2100,656
2026-08-23 22:52:19,2026-08-23T12:52:19.775Z,2426.78,23473933,,2500,2100,656
2026-08-23 23:07:19,2026-08-23T13:07:19.770Z,2428.78,23585125,,2500,2100,656
2026-08-23 23:22:19,2026-08-23T13:22:19.796Z,2460.04,25109825,,2500,2100,658
2026-08-23 23:37:19,2026-08-23T13:37:19.786Z,2454.73,24839868,,2500,2100,658
2026-08-23 23:52:19,2026-08-23T13:52:19.888Z,2454.29,24836633,,2500,2100,658
2026-08-24 00:07:19,2026-08-23T14:07:19.772Z,2458.47,25066341,,2500,2100,659
2026-08-24 00:22:19,2026-08-23T14:22:19.886Z,2461.83,25370232,,2500,2100,660
2026-08-24 00:37:19,2026-08-23T14:37:19.729Z,2452.42,24898823,,2500,2100,660
2026-08-24 00:52:19,2026-08-23T14:52:19.817Z,2435.11,23781570,,2500,2100,664
2026-08-24 01:07:19,2026-08-23T15:07:19.880Z,2439.15,24026731,,2500,2100,664
2026-08-24 01:22:19,2026-08-23T15:22:19.794Z,2431.21,23586481,,2500,2100,666
2026-08-24 01:37:19,2026-08-23T15:37:19.799Z,2438.88,24083970,,2500,2100,666
2026-08-24 01:52:19,2026-08-23T15:52:19.770Z,2443.69,24368029,,2500,2100,666
2026-08-24 02:07:19,2026-08-23T16:07:19.933Z,2442.82,24345608,,2500,2100,666
2026-08-24 02:22:19,2026-08-23T16:22:19.807Z,2444.40,24504957,,2500,2100,666
2026-08-24 02:37:19,2026-08-23T16:37:19.803Z,2448.15,24714078,,2500,2100,666
2026-08-24 02:52:19,2026-08-23T16:52:19.773Z,2454.58,24896692,,2500,2100,667
2026-08-24 03:07:19,2026-08-23T17:07:19.759Z,2449.02,24588646,,2500,2100,668
2026-08-24 03:22:19,2026-08-23T17:22:19.779Z,2449.12,24600537,,2500,2100,668
2026-08-24 03:37:19,2026-08-23T17:37:19.762Z,2442.13,24206313,,2500,2100,669
2026-08-24 03:52:19,2026-08-23T17:52:19.786Z,2440.83,24096124,,2500,2100,669
2026-08-24 04:07:19,2026-08-23T18:07:19.818Z,2436.44,23828473,,2500,2100,670
2026-08-24 04:22:19,2026-08-23T18:22:19.913Z,2445.94,24313890,,2500,2100,670
2026-08-24 04:37:19,2026-08-23T18:37:19.798Z,2447.00,24323500,,2500,2100,670
2026-08-24 04:52:19,2026-08-23T18:52:19.765Z,2445.33,24235387,,2500,2100,670
2026-08-24 05:07:19,2026-08-23T19:07:19.803Z,2446.62,24319453,,2500,2100,670
2026-08-24 05:22:19,2026-08-23T19:22:19.769Z,2443.85,24195466,,2500,2100,670
2026-08-24 05:37:19,2026-08-23T19:37:19.782Z,2443.37,24163309,,2500,2100,670
2026-08-24 05:52:19,2026-08-23T19:52:19.768Z,2448.48,24379723,,2500,2100,672
2026-08-24 06:07:19,2026-08-23T20:07:19.775Z,2437.69,23776039,,2500,2100,672
2026-08-24 06:22:19,2026-08-23T20:22:19.746Z,2445.53,24223717,,2500,2100,672
2026-08-24 06:37:19,2026-08-23T20:37:19.768Z,2446.93,24336626,,2500,2100,672
2026-08-24 06:52:19,2026-08-23T20:52:19.771Z,2448.33,24423127,,2500,2100,672
2026-08-24 07:07:19,2026-08-23T21:07:19.798Z,2462.27,25138861,,2500,2100,672
2026-08-24 07:22:19,2026-08-23T21:22:19.811Z,2472.96,25571375,,2500,2100,673
2026-08-24 07:37:19,2026-08-23T21:37:19.771Z,2473.55,26070858,,2500,2100,674
2026-08-24 07:52:19,2026-08-23T21:52:19.809Z,2473.11,26118938,,2500,2100,676
2026-08-24 08:07:19,2026-08-23T22:07:19.727Z,2458.65,25447207,,2500,2100,676
2026-08-24 08:22:19,2026-08-23T22:22:19.771Z,2463.50,25802316,,2500,2100,677
2026-08-24 08:37:19,2026-08-23T22:37:19.869Z,2457.95,25557018,,2500,2100,677
2026-08-24 08:52:19,2026-08-23T22:52:19.745Z,2460.83,25631751,,2500,2100,678
2026-08-24 09:07:19,2026-08-23T23:07:19.776Z,2449.83,25135524,,2500,2100,678
2026-08-24 09:22:19,2026-08-23T23:22:19.757Z,2452.66,25297191,,2500,2100,678
2026-08-24 09:37:19,2026-08-23T23:37:19.782Z,2460.74,25651037,,2500,2100,684
2026-08-24 09:52:19,2026-08-23T23:52:19.771Z,2460.69,25708901,,2500,2100,684
2026-08-24 10:07:19,2026-08-24T00:07:19.787Z,2455.45,25459691,,2500,2100,685
2026-08-24 10:22:19,2026-08-24T00:22:19.734Z,2450.69,25195447,,2500,2100,685
2026-08-24 10:37:19,2026-08-24T00:37:19.774Z,2455.33,25508498,,2500,2100,685
2026-08-24 10:52:19,2026-08-24T00:52:19.879Z,2455.74,25524952,,2500,2100,685
2026-08-24 11:07:20,2026-08-24T01:07:20.183Z,2458.99,25732374,,2500,2100,685
2026-08-24 11:22:19,2026-08-24T01:22:19.897Z,2450.53,25301332,,2500,2100,685
2026-08-24 11:37:19,2026-08-24T01:37:19.925Z,2438.70,24558825,,2500,2100,685
2026-08-24 11:52:19,2026-08-24T01:52:19.775Z,2434.70,24272873,,2500,2100,685
2026-08-24 12:07:19,2026-08-24T02:07:19.797Z,2432.88,24194355,,2500,2100,685
2026-08-24 12:22:19,2026-08-24T02:22:19.776Z,2448.81,25293744,,2500,2100,686
2026-08-24 12:37:19,2026-08-24T02:37:19.807Z,2449.17,25429101,,2500,2100,686
2026-08-24 12:52:19,2026-08-24T02:52:19.780Z,2436.86,24625750,,2500,2100,686
2026-08-24 13:07:19,2026-08-24T03:07:19.805Z,2436.60,24649714,,2500,2100,688
2026-08-24 13:22:19,2026-08-24T03:22:19.775Z,2435.80,24654266,,2500,2100,688
2026-08-24 13:37:19,2026-08-24T03:37:19.777Z,2431.11,24292260,,2500,2100,688
2026-08-24 13:52:19,2026-08-24T03:52:19.787Z,2435.72,24691866,,2500,2100,688
2026-08-24 14:07:19,2026-08-24T04:07:19.804Z,2437.77,24888502,,2500,2100,688
2026-08-24 14:22:19,2026-08-24T04:22:19.847Z,2444.59,25397778,,2500,2100,689
2026-08-24 14:37:19,2026-08-24T04:37:19.820Z,2442.18,25356564,,2500,2100,689
2026-08-24 14:52:19,2026-08-24T04:52:19.844Z,2431.70,24558134,,2500,2100,689
2026-08-24 15:07:19,2026-08-24T05:07:19.770Z,2435.71,24930460,,2500,2100,690
2026-08-24 15:22:19,2026-08-24T05:22:19.817Z,2450.40,25922472,,2500,2100,690
2026-08-24 15:37:19,2026-08-24T05:37:19.824Z,2439.69,25297799,,2500,2100,690
2026-08-24 15:52:19,2026-08-24T05:52:19.793Z,2445.66,25747006,,2500,2100,690
2026-08-24 16:07:19,2026-08-24T06:07:19.847Z,2445.14,25810947,,2500,2100,690
2026-08-24 16:22:19,2026-08-24T06:22:19.825Z,2453.68,26371205,,2500,2100,690
2026-08-24 16:37:19,2026-08-24T06:37:19.793Z,2448.96,26138382,,2500,2100,690
2026-08-24 16:52:20,2026-08-24T06:52:20.234Z,2457.59,26644263,,2500,2100,690
2026-08-24 17:07:19,2026-08-24T07:07:19.829Z,2459.36,26816584,,2500,2100,691
2026-08-24 17:22:19,2026-08-24T07:22:19.766Z,2461.34,26937979,,2500,2100,691
2026-08-24 17:37:19,2026-08-24T07:37:19.793Z,2456.80,27232574,,2500,2100,692
2026-08-24 17:52:19,2026-08-24T07:52:19.766Z,2456.58,27854139,2005.44,2500,2100,692
2026-08-24 18:07:19,2026-08-24T08:07:19.815Z,2456.37,25959137,,2500,2100,633
2026-08-24 18:22:19,2026-08-24T08:22:19.787Z,2446.06,25586595,,2500,2100,634
2026-08-24 18:37:19,2026-08-24T08:37:19.869Z,2444.77,25438373,,2500,2100,634
2026-08-24 18:52:19,2026-08-24T08:52:19.870Z,2454.46,26013808,,2500,2100,634
2026-08-24 19:07:19,2026-08-24T09:07:19.845Z,2459.70,26297811,,2500,2100,635
2026-08-24 19:22:19,2026-08-24T09:22:19.829Z,2459.60,26364334,,2500,2100,638
2026-08-24 19:37:19,2026-08-24T09:37:19.832Z,2461.30,26500362,,2500,2100,643
2026-08-24 19:52:19,2026-08-24T09:52:19.832Z,2461.83,26578351,,2500,2100,643
2026-08-24 20:07:19,2026-08-24T10:07:19.764Z,2473.28,27093904,,2500,2100,645
2026-08-24 20:22:19,2026-08-24T10:22:19.778Z,2472.99,27400118,,2500,2100,649
2026-08-24 20:37:19,2026-08-24T10:37:19.806Z,2473.78,27399017,,2500,2100,649
2026-08-24 20:52:19,2026-08-24T10:52:19.776Z,2463.31,26895810,,2500,2100,650
2026-08-24 21:07:19,2026-08-24T11:07:19.796Z,2464.32,26917992,,2500,2100,650
2026-08-24 21:22:19,2026-08-24T11:22:19.827Z,2469.09,27193849,,2500,2100,650
2026-08-24 21:37:19,2026-08-24T11:37:19.804Z,2494.00,28181348,,2500,2100,650
2026-08-24 21:52:19,2026-08-24T11:52:19.846Z,2491.83,27871706,,2500,2100,650
2026-08-24 22:07:19,2026-08-24T12:07:19.856Z,2485.30,27716224,,2500,2100,650
2026-08-24 22:22:19,2026-08-24T12:22:19.803Z,2490.09,27950206,,2500,2100,650
2026-08-24 22:37:19,2026-08-24T12:37:19.788Z,2493.50,27944396,,2500,2100,652
2026-08-24 22:52:19,2026-08-24T12:52:19.794Z,2513.28,28385922,,2500,2100,654
2026-08-24 23:07:19,2026-08-24T13:07:19.825Z,2508.60,28133518,,2500,2100,655
2026-08-24 23:22:19,2026-08-24T13:22:19.820Z,2512.96,27853490,,2500,2100,655
2026-08-24 23:37:19,2026-08-24T13:37:19.843Z,2499.82,27277626,,2500,2100,656
2026-08-24 23:52:19,2026-08-24T13:52:19.876Z,2490.92,27075057,,2500,2100,656
2026-08-25 00:07:19,2026-08-24T14:07:19.837Z,2499.44,27658236,,2500,2100,656
2026-08-25 00:22:19,2026-08-24T14:22:19.796Z,2513.90,28298986,,2500,2100,658
2026-08-25 00:37:19,2026-08-24T14:37:19.829Z,2527.47,28492299,,2500,2100,660
2026-08-25 00:52:19,2026-08-24T14:52:19.875Z,2511.65,27970289,,2500,2100,660
2026-08-25 01:07:19,2026-08-24T15:07:19.848Z,2519.93,28368902,,2500,2100,661
2026-08-25 01:22:19,2026-08-24T15:22:19.921Z,2521.89,28595264,,2500,2100,661
2026-08-25 01:37:19,2026-08-24T15:37:19.775Z,2512.32,28549588,,2500,2100,662
2026-08-25 01:52:19,2026-08-24T15:52:19.820Z,2490.06,27479000,,2500,2100,664
2026-08-25 02:07:19,2026-08-24T16:07:19.790Z,2499.65,27881467,,2500,2100,667
2026-08-25 02:22:19,2026-08-24T16:22:19.802Z,2503.77,28020099,,2500,2100,667
2026-08-25 02:37:19,2026-08-24T16:37:19.840Z,2496.79,27759953,,2500,2100,667
2026-08-25 02:52:19,2026-08-24T16:52:19.853Z,2483.00,27088841,,2500,2100,667
2026-08-25 03:07:19,2026-08-24T17:07:19.874Z,2478.08,27011837,,2500,2100,670
2026-08-25 03:22:19,2026-08-24T17:22:19.833Z,2465.29,26188980,,2500,2100,672
2026-08-25 03:37:19,2026-08-24T17:37:19.844Z,2464.63,26131122,,2500,2100,673
2026-08-25 03:52:19,2026-08-24T17:52:19.785Z,2466.25,26329205,,2500,2100,673
2026-08-25 04:07:19,2026-08-24T18:07:19.816Z,2476.41,27066233,,2500,2100,673
2026-08-25 04:22:19,2026-08-24T18:22:19.784Z,2479.81,27333373,,2500,2100,673
2026-08-25 04:37:19,2026-08-24T18:37:19.824Z,2474.67,26987587,,2500,2100,673
2026-08-25 04:52:19,2026-08-24T18:52:19.807Z,2476.68,27269819,,2500,2100,673
2026-08-25 05:07:19,2026-08-24T19:07:19.836Z,2465.55,26467625,,2500,2100,673
2026-08-25 05:22:19,2026-08-24T19:22:19.850Z,2464.36,26371347,,2500,2100,673
2026-08-25 05:37:19,2026-08-24T19:37:19.844Z,2472.94,27000419,,2500,2100,673
2026-08-25 05:52:19,2026-08-24T19:52:19.863Z,2466.64,26656067,,2500,2100,673
2026-08-25 06:07:19,2026-08-24T20:07:19.850Z,2471.27,26933770,,2500,2100,673
2026-08-25 06:22:19,2026-08-24T20:22:19.898Z,2469.60,26813589,,2500,2100,673
2026-08-25 06:37:19,2026-08-24T20:37:19.833Z,2474.40,27174641,,2500,2100,673
2026-08-25 06:52:19,2026-08-24T20:52:19.821Z,2472.57,27090281,,2500,2100,673
2026-08-25 07:07:19,2026-08-24T21:07:19.826Z,2480.28,27655586,,2500,2100,673
2026-08-25 07:22:19,2026-08-24T21:22:19.799Z,2480.28,27670616,,2500,2100,673
2026-08-25 07:37:19,2026-08-24T21:37:19.843Z,2481.29,27765775,,2500,2100,673
2026-08-25 07:52:19,2026-08-24T21:52:19.819Z,2485.20,28031866,,2500,2100,673
2026-08-25 08:07:19,2026-08-24T22:07:19.839Z,2482.91,27941551,,2500,2100,673
2026-08-25 08:22:19,2026-08-24T22:22:19.857Z,2478.97,27595049,,2500,2100,673
2026-08-25 08:37:19,2026-08-24T22:37:19.850Z,2484.48,28022344,,2500,2100,674
2026-08-25 08:52:19,2026-08-24T22:52:19.852Z,2477.05,27501257,,2500,2100,674
2026-08-25 09:07:19,2026-08-24T23:07:19.860Z,2475.49,27417858,,2500,2100,674
2026-08-25 09:22:19,2026-08-24T23:22:19.844Z,2480.16,27826846,,2500,2100,674
2026-08-25 09:37:19,2026-08-24T23:37:19.829Z,2483.83,28147168,,2500,2100,674
2026-08-25 09:52:19,2026-08-24T23:52:19.842Z,2477.70,27685317,,2500,2100,675
2026-08-25 10:07:19,2026-08-25T00:07:19.870Z,2481.63,28029129,,2500,2100,675
2026-08-25 10:22:19,2026-08-25T00:22:19.848Z,2477.32,27681555,,2500,2100,676
2026-08-25 10:37:19,2026-08-25T00:37:19.853Z,2481.69,28048744,,2500,2100,676
2026-08-25 10:52:19,2026-08-25T00:52:19.848Z,2497.25,29045835,,2500,2100,676
2026-08-25 11:07:19,2026-08-25T01:07:19.875Z,2495.82,28891231,,2500,2100,676
2026-08-25 11:22:19,2026-08-25T01:22:19.861Z,2495.81,28897243,,2500,2100,676
2026-08-25 11:37:19,2026-08-25T01:37:19.885Z,2495.07,28852837,,2500,2100,676
2026-08-25 11:52:19,2026-08-25T01:52:19.879Z,2491.24,28607891,,2500,2100,676
2026-08-25 12:07:19,2026-08-25T02:07:19.822Z,2494.77,28900580,,2500,2100,676
2026-08-25 12:22:19,2026-08-25T02:22:19.860Z,2514.89,29832883,,2500,2100,677
2026-08-25 12:37:19,2026-08-25T02:37:19.868Z,2516.22,29759018,,2500,2100,677
2026-08-25 12:52:19,2026-08-25T02:52:19.838Z,2505.65,29301667,,2500,2100,678
2026-08-25 13:07:19,2026-08-25T03:07:19.834Z,2513.60,29828084,,2500,2100,678
2026-08-25 13:22:19,2026-08-25T03:22:19.898Z,2509.59,29667839,,2500,2100,678
2026-08-25 13:37:19,2026-08-25T03:37:19.893Z,2505.46,29509566,,2500,2100,678
2026-08-25 13:52:20,2026-08-25T03:52:20.004Z,2498.44,29075710,,2500,2100,679
2026-08-25 14:07:19,2026-08-25T04:07:19.911Z,2494.71,28888199,,2500,2100,679
2026-08-25 14:22:19,2026-08-25T04:22:19.899Z,2495.06,29007252,,2500,2100,679
2026-08-25 14:37:19,2026-08-25T04:37:19.769Z,2494.87,29067448,,2500,2100,679
2026-08-25 14:52:19,2026-08-25T04:52:19.827Z,2493.89,29057614,,2500,2100,679
2026-08-25 15:07:19,2026-08-25T05:07:19.839Z,2500.89,29595479,,2500,2100,679
2026-08-25 15:22:19,2026-08-25T05:22:19.860Z,2503.66,29776115,,2500,2100,679
2026-08-25 15:37:19,2026-08-25T05:37:19.840Z,2508.79,30083531,,2500,2100,680
2026-08-25 15:52:19,2026-08-25T05:52:19.884Z,2507.93,30043495,,2500,2100,680
2026-08-25 16:07:19,2026-08-25T06:07:19.872Z,2508.73,30018226,,2500,2100,680
2026-08-25 16:22:19,2026-08-25T06:22:19.998Z,2509.80,30027288,,2500,2100,680
2026-08-25 16:37:19,2026-08-25T06:37:19.996Z,2498.84,29954655,,2500,2100,682
2026-08-25 16:52:19,2026-08-25T06:52:19.995Z,2498.55,29524962,,2500,2100,682
2026-08-25 17:07:19,2026-08-25T07:07:19.901Z,2508.09,29492158,,2500,2100,682
2026-08-25 17:22:19,2026-08-25T07:22:19.998Z,2505.37,29283447,,2500,2100,682
2026-08-25 17:37:19,2026-08-25T07:37:19.867Z,2501.48,29476870,,2500,2100,682
2026-08-25 17:52:19,2026-08-25T07:52:19.846Z,2488.88,27969952,,2500,2100,683
2026-08-25 18:07:19,2026-08-25T08:07:19.859Z,2481.21,26641121,,2500,2100,632
2026-08-25 18:22:19,2026-08-25T08:22:19.830Z,2490.09,27229326,,2500,2100,641
2026-08-25 18:37:19,2026-08-25T08:37:19.864Z,2491.75,27389699,,2500,2100,643
2026-08-25 18:52:19,2026-08-25T08:52:19.891Z,2481.65,26995804,,2500,2100,647
2026-08-25 19:22:20,2026-08-25T09:22:20.000Z,2487.71,27473307,,2500,2100,647
2026-08-25 19:37:19,2026-08-25T09:37:19.911Z,2487.54,27775898,,2500,2100,647
2026-08-25 19:52:19,2026-08-25T09:52:19.885Z,2469.51,26741435,,2500,2100,647
2026-08-25 20:07:19,2026-08-25T10:07:19.854Z,2473.90,26876733,,2500,2100,647
2026-08-25 20:22:19,2026-08-25T10:22:19.850Z,2476.61,27084568,,2500,2100,649
2026-08-25 20:37:19,2026-08-25T10:37:19.943Z,2477.56,27200734,,2500,2100,650
2026-08-25 20:52:19,2026-08-25T10:52:19.866Z,2484.53,27634838,,2500,2100,651
2026-08-25 21:07:19,2026-08-25T11:07:19.891Z,2482.60,27544963,,2500,2100,651
2026-08-25 21:22:19,2026-08-25T11:22:19.856Z,2477.99,27429529,,2500,2100,652
2026-08-25 21:37:19,2026-08-25T11:37:19.889Z,2483.96,27641478,,2500,2100,655
2026-08-25 21:52:19,2026-08-25T11:52:19.917Z,2480.86,27496916,,2500,2100,655
2026-08-25 22:07:19,2026-08-25T12:07:19.903Z,2469.55,26925255,,2500,2100,657
2026-08-25 22:22:19,2026-08-25T12:22:19.928Z,2468.73,27063864,,2500,2100,657
2026-08-25 22:37:19,2026-08-25T12:37:19.867Z,2470.10,27005348,,2500,2100,659
2026-08-25 22:52:19,2026-08-25T12:52:19.852Z,2476.22,27243425,,2500,2100,660
2026-08-25 23:07:19,2026-08-25T13:07:19.852Z,2476.20,27562136,,2500,2100,660
2026-08-25 23:22:19,2026-08-25T13:22:19.869Z,2461.63,26541252,,2500,2100,660
2026-08-25 23:37:19,2026-08-25T13:37:19.974Z,2473.32,27486728,,2500,2100,660
2026-08-25 23:52:19,2026-08-25T13:52:19.880Z,2449.11,25784872,,2500,2460,660
2026-08-26 00:07:20,2026-08-25T14:07:20.003Z,2463.63,26818908,,2500,2460,660
2026-08-26 00:22:19,2026-08-25T14:22:19.898Z,2467.89,27091400,,2500,2460,660
2026-08-26 00:37:19,2026-08-25T14:37:19.900Z,2479.97,27912640,,2500,2460,660
2026-08-26 00:52:19,2026-08-25T14:52:19.781Z,2479.22,27933295,,2500,2460,660
2026-08-26 01:07:19,2026-08-25T15:07:19.873Z,2476.43,27834578,,2500,2460,660
2026-08-26 01:22:19,2026-08-25T15:22:19.837Z,2477.32,27953981,,2500,2460,660
2026-08-26 01:37:19,2026-08-25T15:37:19.901Z,2478.66,28074387,,2500,2460,660
2026-08-26 01:52:19,2026-08-25T15:52:19.896Z,2476.59,28036601,,2500,2460,660
2026-08-26 02:07:19,2026-08-25T16:07:19.952Z,2480.15,28174463,,2500,2460,660
2026-08-26 02:22:19,2026-08-25T16:22:19.917Z,2472.92,27621437,,2500,2460,660
2026-08-26 02:37:19,2026-08-25T16:37:19.902Z,2474.47,27826576,,2500,2460,660
2026-08-26 02:52:19,2026-08-25T16:52:19.920Z,2474.80,27936760,,2500,2460,660
2026-08-26 03:07:19,2026-08-25T17:07:19.935Z,2466.10,27875122,,2500,2460,660
2026-08-26 03:22:19,2026-08-25T17:22:19.921Z,2464.90,27666762,,2500,2460,661
2026-08-26 03:37:19,2026-08-25T17:37:19.883Z,2464.52,27652835,,2500,2460,661
2026-08-26 03:52:19,2026-08-25T17:52:19.860Z,2469.49,28097007,,2500,2460,661
2026-08-26 04:07:19,2026-08-25T18:07:19.903Z,2473.49,28479423,,2500,2460,661
2026-08-26 04:22:19,2026-08-25T18:22:19.892Z,2472.92,28479191,,2500,2460,661
2026-08-26 04:37:19,2026-08-25T18:37:19.896Z,2467.86,27967943,,2500,2460,661
2026-08-26 04:52:19,2026-08-25T18:52:19.889Z,2467.86,27970143,,2500,2460,661
2026-08-26 05:07:19,2026-08-25T19:07:19.943Z,2464.07,27680529,,2500,2460,661
2026-08-26 05:22:19,2026-08-25T19:22:19.929Z,2467.44,28012488,,2500,2460,661
2026-08-26 05:37:19,2026-08-25T19:37:19.911Z,2460.28,27326445,,2500,2460,661
2026-08-26 05:52:19,2026-08-25T19:52:19.943Z,2461.62,27339922,,2500,2460,663
2026-08-26 06:07:19,2026-08-25T20:07:19.934Z,2458.92,27357435,,2500,2460,663
2026-08-26 06:22:19,2026-08-25T20:22:19.891Z,2459.57,27484988,,2500,2460,663
2026-08-26 06:37:19,2026-08-25T20:37:19.885Z,2454.77,26998737,,2500,2460,663
2026-08-26 06:52:19,2026-08-25T20:52:19.885Z,2440.18,25246735,,2500,2460,663
2026-08-26 07:07:19,2026-08-25T21:07:19.903Z,2436.76,24880872,,2500,2460,663
2026-08-26 07:22:19,2026-08-25T21:22:19.889Z,2428.58,23743935,,2500,2100,663
2026-08-26 07:37:19,2026-08-25T21:37:19.940Z,2440.90,25045373,,2500,2460,663
2026-08-26 07:52:19,2026-08-25T21:52:19.904Z,2440.47,24991976,,2500,2460,663
2026-08-26 08:07:19,2026-08-25T22:07:19.899Z,2449.62,25819038,,2500,2460,664
2026-08-26 08:22:19,2026-08-25T22:22:19.919Z,2447.49,25606595,,2500,2460,664
2026-08-26 08:37:19,2026-08-25T22:37:19.919Z,2449.41,25820082,,2500,2460,664
2026-08-26 08:52:19,2026-08-25T22:52:19.996Z,2453.70,26286621,,2500,2460,664
2026-08-26 09:07:19,2026-08-25T23:07:19.851Z,2454.54,26381112,,2500,2460,664
2026-08-26 09:22:19,2026-08-25T23:22:19.888Z,2450.32,25920225,,2500,2460,664
2026-08-26 09:37:19,2026-08-25T23:37:19.922Z,2449.72,25857879,,2500,2460,664
2026-08-26 09:52:19,2026-08-25T23:52:19.887Z,2438.06,24592701,,2500,2460,664
2026-08-26 10:07:19,2026-08-26T00:07:19.941Z,2438.25,24578969,,2500,2460,664
2026-08-26 10:22:19,2026-08-26T00:22:19.904Z,2440.11,24784106,,2500,2460,664
2026-08-26 10:37:19,2026-08-26T00:37:19.914Z,2442.38,25106571,,2500,2460,664
2026-08-26 10:52:19,2026-08-26T00:52:19.913Z,2447.26,25641254,,2500,2460,664
2026-08-26 11:07:19,2026-08-26T01:07:19.897Z,2458.35,26993155,,2500,2460,664
2026-08-26 11:22:19,2026-08-26T01:22:19.929Z,2456.44,26829336,,2500,2460,664
2026-08-26 11:37:19,2026-08-26T01:37:19.879Z,2461.76,27505312,,2500,2460,665
2026-08-26 11:52:19,2026-08-26T01:52:19.896Z,2455.84,26788704,,2500,2460,666
2026-08-26 12:07:19,2026-08-26T02:07:19.896Z,2454.70,26672393,,2500,2460,666
2026-08-26 12:22:19,2026-08-26T02:22:19.875Z,2461.06,27516073,,2500,2460,666
2026-08-26 12:37:19,2026-08-26T02:37:19.881Z,2467.63,28347821,,2500,2460,666
2026-08-26 12:52:19,2026-08-26T02:52:19.892Z,2466.17,27923589,,2500,2460,666
2026-08-26 13:07:19,2026-08-26T03:07:19.922Z,2464.47,27689153,,2500,2460,666
2026-08-26 13:22:19,2026-08-26T03:22:19.915Z,2465.73,28381725,,2500,2460,666
2026-08-26 13:37:19,2026-08-26T03:37:19.915Z,2465.34,27957799,,2500,2460,666
2026-08-26 13:52:19,2026-08-26T03:52:19.923Z,2464.69,27920439,,2500,2460,666
2026-08-26 14:07:19,2026-08-26T04:07:19.976Z,2467.11,28326123,,2500,2460,666
2026-08-26 14:22:19,2026-08-26T04:22:19.984Z,2468.32,28429939,,2500,2460,666
2026-08-26 14:37:19,2026-08-26T04:37:19.877Z,2465.02,27849201,,2500,2460,666
2026-08-26 14:52:19,2026-08-26T04:52:19.921Z,2460.52,26995600,,2500,2460,666
2026-08-26 15:07:19,2026-08-26T05:07:19.897Z,2453.04,25595267,,2500,2460,666
2026-08-26 15:22:19,2026-08-26T05:22:19.899Z,2457.03,26152140,,2500,2460,666
2026-08-26 15:37:19,2026-08-26T05:37:19.912Z,2463.98,27573333,,2500,2460,666
2026-08-26 15:52:19,2026-08-26T05:52:19.886Z,2463.73,27464073,,2500,2460,666
2026-08-26 16:07:19,2026-08-26T06:07:19.919Z,2466.79,28211067,,2500,2460,666
2026-08-26 16:22:19,2026-08-26T06:22:19.940Z,2458.17,25740248,,2500,2460,666
2026-08-26 16:37:19,2026-08-26T06:37:19.930Z,2454.54,24755802,,2500,2460,666
2026-08-26 16:52:19,2026-08-26T06:52:19.986Z,2459.16,25160041,,2500,2460,666
2026-08-26 17:07:19,2026-08-26T07:07:19.896Z,2466.94,27588041,,2500,2460,667
2026-08-26 17:22:19,2026-08-26T07:22:19.894Z,2464.44,26064556,,2500,2460,667
2026-08-26 17:37:19,2026-08-26T07:37:19.897Z,2463.68,24760662,,2500,2460,667
2026-08-26 17:52:19,2026-08-26T07:52:19.933Z,2464.58,25205388,,2500,2460,667
2026-08-26 18:07:19,2026-08-26T08:07:19.925Z,2461.46,28122787,,2500,2100,624
2026-08-26 18:22:19,2026-08-26T08:22:19.918Z,2460.74,28098333,,2500,2100,625
2026-08-26 18:37:19,2026-08-26T08:37:19.931Z,2462.13,28311744,,2500,2100,629
2026-08-26 18:52:19,2026-08-26T08:52:19.925Z,2458.38,27960243,,2500,2100,630
2026-08-26 19:07:19,2026-08-26T09:07:19.946Z,2461.07,28101808,,2500,2100,632
2026-08-26 19:22:19,2026-08-26T09:22:19.916Z,2447.91,26914470,,2500,2100,635
2026-08-26 19:37:19,2026-08-26T09:37:19.885Z,2448.35,26922407,,2500,2100,636
2026-08-26 19:52:19,2026-08-26T09:52:19.995Z,2449.19,27029846,,2500,2100,636
2026-08-26 20:07:19,2026-08-26T10:07:19.898Z,2446.74,26897349,,2500,2100,636
2026-08-26 20:22:19,2026-08-26T10:22:19.912Z,2450.62,27312944,,2500,2100,637
2026-08-26 20:37:20,2026-08-26T10:37:20.027Z,2461.08,28288420,,2500,2100,637
2026-08-26 20:52:19,2026-08-26T10:52:19.897Z,2469.89,29139907,,2500,2100,639
2026-08-26 21:07:19,2026-08-26T11:07:19.976Z,2469.45,29097009,,2500,2100,639
2026-08-26 21:22:19,2026-08-26T11:22:19.947Z,2466.53,28898223,,2500,2100,642
2026-08-26 21:37:19,2026-08-26T11:37:19.946Z,2463.43,28710331,,2500,2100,643
2026-08-26 21:52:19,2026-08-26T11:52:19.845Z,2463.03,28686290,,2500,2100,643
2026-08-26 22:07:19,2026-08-26T12:07:19.929Z,2460.06,28437374,,2500,2100,644
2026-08-26 22:22:19,2026-08-26T12:22:19.908Z,2463.91,28764437,,2500,2100,644
2026-08-26 22:37:19,2026-08-26T12:37:19.902Z,2459.54,28569326,,2500,2100,644
2026-08-26 22:52:19,2026-08-26T12:52:19.914Z,2455.77,28149618,,2500,2100,644
2026-08-26 23:07:19,2026-08-26T13:07:19.926Z,2454.61,27948426,,2500,2100,645
2026-08-26 23:22:19,2026-08-26T13:22:19.942Z,2439.91,26357361,,2500,2100,646
2026-08-26 23:37:19,2026-08-26T13:37:19.933Z,2453.30,27835470,,2500,2100,647
2026-08-26 23:52:19,2026-08-26T13:52:19.916Z,2452.94,27819230,,2500,2100,647
2026-08-27 00:07:19,2026-08-26T14:07:19.945Z,2461.16,28641575,,2500,2100,648
2026-08-27 00:22:19,2026-08-26T14:22:19.947Z,2457.72,28347945,,2500,2100,648
2026-08-27 00:37:19,2026-08-26T14:37:19.934Z,2452.36,27768430,,2500,2440,648
2026-08-27 00:52:19,2026-08-26T14:52:19.890Z,2445.05,27049386,,2500,2440,650
2026-08-27 01:07:19,2026-08-26T15:07:19.947Z,2439.18,26328080,,2500,2440,650
2026-08-27 01:22:19,2026-08-26T15:22:19.939Z,2442.79,26715180,,2500,2440,651
2026-08-27 01:37:20,2026-08-26T15:37:20.054Z,2444.61,26792039,,2500,2440,652
2026-08-27 01:52:19,2026-08-26T15:52:19.943Z,2450.22,27481001,,2500,2440,652
2026-08-27 02:07:19,2026-08-26T16:07:19.982Z,2452.56,27866179,,2500,2440,652
2026-08-27 02:22:20,2026-08-26T16:22:20.388Z,2452.58,27901216,,2500,2440,652
2026-08-27 02:37:19,2026-08-26T16:37:19.934Z,2448.45,27365812,,2500,2440,652
2026-08-27 02:52:19,2026-08-26T16:52:19.944Z,2447.99,27254449,,2500,2440,654
2026-08-27 03:07:19,2026-08-26T17:07:19.918Z,2446.83,27100848,,2500,2440,654
2026-08-27 03:22:19,2026-08-26T17:22:19.922Z,2453.27,27964494,,2500,2440,654
2026-08-27 03:37:19,2026-08-26T17:37:19.982Z,2461.69,29000342,,2500,2100,654
2026-08-27 03:52:19,2026-08-26T17:52:19.950Z,2459.41,28820900,,2500,2440,654
2026-08-27 04:07:19,2026-08-26T18:07:19.986Z,2462.44,29213219,,2500,2100,654
2026-08-27 04:22:19,2026-08-26T18:22:19.978Z,2468.04,29967932,,2500,2100,654
2026-08-27 04:37:19,2026-08-26T18:37:19.952Z,2466.09,29922859,,2500,2100,654
2026-08-27 04:52:19,2026-08-26T18:52:19.994Z,2469.20,30290873,,2500,2100,654
2026-08-27 05:07:19,2026-08-26T19:07:19.981Z,2471.18,30330147,,2500,2100,654
2026-08-27 05:22:19,2026-08-26T19:22:19.989Z,2471.78,30400191,,2500,2100,654
2026-08-27 05:37:19,2026-08-26T19:37:19.933Z,2474.14,29802269,,2500,2100,654
2026-08-27 05:52:19,2026-08-26T19:52:19.948Z,2473.58,29868401,,2500,2100,654
2026-08-27 06:07:19,2026-08-26T20:07:19.997Z,2473.69,29967106,,2500,2100,654
2026-08-27 06:22:19,2026-08-26T20:22:19.957Z,2462.38,28298577,,2500,2440,654
2026-08-27 06:37:19,2026-08-26T20:37:19.973Z,2464.45,28581042,,2500,2440,654
2026-08-27 06:52:19,2026-08-26T20:52:19.953Z,2468.66,29232286,,2500,2440,654
2026-08-27 07:07:19,2026-08-26T21:07:19.966Z,2479.60,30787219,,2500,2100,654
2026-08-27 07:22:19,2026-08-26T21:22:19.961Z,2494.84,32530314,,2500,2100,654
2026-08-27 07:37:19,2026-08-26T21:37:19.971Z,2499.44,33037571,,2500,2100,655
2026-08-27 07:52:19,2026-08-26T21:52:19.972Z,2495.46,32674854,,2500,2100,655
2026-08-27 08:07:19,2026-08-26T22:07:19.999Z,2504.45,33595014,,2500,2100,655
2026-08-27 08:22:19,2026-08-26T22:22:19.917Z,2511.27,34101048,,2500,2100,655
2026-08-27 08:37:19,2026-08-26T22:37:19.939Z,2497.91,32932265,,2500,2100,655
2026-08-27 08:52:19,2026-08-26T22:52:19.933Z,2491.74,32319604,,2500,2100,655
2026-08-27 09:07:19,2026-08-26T23:07:19.956Z,2490.10,32165639,,2500,2100,655
2026-08-27 09:22:19,2026-08-26T23:22:19.968Z,2495.36,32935755,,2500,2100,656
2026-08-27 09:37:19,2026-08-26T23:37:19.940Z,2503.19,33812702,,2500,2100,656
2026-08-27 09:52:19,2026-08-26T23:52:19.978Z,2505.30,33953302,,2500,2100,657
2026-08-27 10:07:19,2026-08-27T00:07:19.984Z,2502.32,33747772,,2500,2100,658
2026-08-27 10:22:19,2026-08-27T00:22:19.985Z,2505.31,34110969,,2500,2100,658
2026-08-27 10:37:20,2026-08-27T00:37:20.022Z,2496.58,33174090,,2500,2100,658
2026-08-27 10:52:19,2026-08-27T00:52:19.966Z,2493.99,32968422,,2500,2100,658
2026-08-27 11:07:19,2026-08-27T01:07:19.967Z,2495.09,33165666,,2500,2100,658
2026-08-27 11:22:19,2026-08-27T01:22:19.968Z,2494.95,33194127,,2500,2100,658
2026-08-27 11:37:19,2026-08-27T01:37:19.955Z,2499.36,33878849,,2500,2100,658
2026-08-27 11:52:19,2026-08-27T01:52:19.924Z,2504.66,34485335,,2500,2100,658
2026-08-27 12:07:19,2026-08-27T02:07:19.951Z,2502.46,34300016,,2500,2100,658
2026-08-27 12:22:19,2026-08-27T02:22:19.964Z,2500.73,33405896,,2500,2100,658
2026-08-27 12:37:20,2026-08-27T02:37:20.018Z,2496.79,32979962,,2500,2100,658
2026-08-27 12:52:19,2026-08-27T02:52:19.970Z,2495.81,32930929,,2500,2100,658
2026-08-27 13:07:20,2026-08-27T03:07:20.006Z,2496.68,33080229,,2500,2100,658
2026-08-27 13:22:20,2026-08-27T03:22:20.012Z,2492.63,32539887,,2500,2100,659
2026-08-27 13:37:19,2026-08-27T03:37:19.972Z,2494.63,32994719,,2500,2100,659
2026-08-27 13:52:19,2026-08-27T03:52:19.930Z,2490.16,32341300,,2500,2100,659
2026-08-27 14:07:19,2026-08-27T04:07:19.945Z,2492.05,32675097,,2500,2100,659
2026-08-27 14:22:19,2026-08-27T04:22:19.958Z,2492.60,32887591,,2500,2100,659
2026-08-27 14:37:19,2026-08-27T04:37:19.945Z,2484.28,31504368,,2500,2460,659
2026-08-27 14:52:19,2026-08-27T04:52:19.941Z,2484.52,31606481,,2500,2460,659
2026-08-27 15:07:19,2026-08-27T05:07:19.967Z,2484.37,31631027,,2500,2460,659
2026-08-27 15:22:19,2026-08-27T05:22:19.967Z,2485.77,31874066,,2500,2460,660
2026-08-27 15:37:19,2026-08-27T05:37:19.972Z,2484.88,31669854,,2500,2460,661
2026-08-27 15:52:19,2026-08-27T05:52:19.971Z,2495.85,33954261,,2500,2100,661
2026-08-27 16:07:20,2026-08-27T06:07:20.031Z,2492.37,33398600,,2500,2100,661
2026-08-27 16:22:19,2026-08-27T06:22:19.970Z,2486.86,32264518,,2500,2100,662
2026-08-27 16:37:19,2026-08-27T06:37:19.950Z,2487.60,32437324,,2500,2100,663
2026-08-27 16:52:19,2026-08-27T06:52:19.895Z,2490.74,33306538,,2500,2100,663
2026-08-27 17:07:19,2026-08-27T07:07:19.949Z,2490.40,33281535,,2500,2100,663
2026-08-27 17:22:19,2026-08-27T07:22:19.948Z,2492.68,34084768,,2500,2100,663
2026-08-27 17:37:19,2026-08-27T07:37:19.957Z,2491.52,33452007,,2500,2100,663
2026-08-27 17:52:19,2026-08-27T07:52:19.997Z,2493.39,33447221,,2500,2100,663
2026-08-27 18:07:20,2026-08-27T08:07:20.023Z,2510.37,33365864,,2500,2100,616
2026-08-27 18:22:19,2026-08-27T08:22:19.961Z,2517.04,33973524,,2500,2100,618
2026-08-27 18:37:20,2026-08-27T08:37:20.078Z,2531.40,34270281,,2500,2100,621
2026-08-27 18:52:19,2026-08-27T08:52:19.986Z,2537.54,34627928,,2500,2100,623
2026-08-27 19:07:19,2026-08-27T09:07:19.958Z,2531.26,34511301,,2500,2100,625
2026-08-27 19:22:19,2026-08-27T09:22:19.968Z,2540.01,34550421,,2500,2100,632
2026-08-27 19:37:19,2026-08-27T09:37:19.963Z,2544.33,34263359,,2500,2100,642
2026-08-27 19:52:19,2026-08-27T09:52:19.960Z,2537.41,33913924,,2500,2100,649
2026-08-27 20:07:19,2026-08-27T10:07:19.942Z,2538.95,33841001,,2500,2100,651
2026-08-27 20:22:19,2026-08-27T10:22:19.970Z,2531.04,32994144,,2500,2100,652
2026-08-27 20:37:20,2026-08-27T10:37:20.074Z,2499.29,30644665,,2500,2100,663
2026-08-27 20:52:19,2026-08-27T10:52:19.996Z,2504.93,31202623,,2500,2100,666
2026-08-27 21:07:20,2026-08-27T11:07:20.051Z,2507.84,31655528,,2500,2100,666
2026-08-27 21:22:19,2026-08-27T11:22:19.980Z,2507.12,31867998,,2500,2100,666
2026-08-27 21:37:19,2026-08-27T11:37:19.985Z,2501.85,31382442,,2500,2100,667
2026-08-27 21:52:19,2026-08-27T11:52:19.979Z,2500.88,31297185,,2500,2100,667
2026-08-27 22:07:19,2026-08-27T12:07:19.915Z,2501.43,31618062,,2500,2100,667
2026-08-27 22:22:19,2026-08-27T12:22:19.972Z,2504.10,32153512,,2500,2100,667
2026-08-27 22:37:19,2026-08-27T12:37:19.967Z,2497.25,31426744,,2500,2100,667
2026-08-27 22:52:19,2026-08-27T12:52:19.993Z,2498.23,31431818,,2500,2100,667
2026-08-27 23:07:19,2026-08-27T13:07:19.991Z,2497.62,31380828,,2500,2100,667
2026-08-27 23:22:19,2026-08-27T13:22:19.994Z,2501.22,31963231,,2500,2100,667
2026-08-27 23:37:20,2026-08-27T13:37:20.012Z,2492.03,30963389,,2500,2100,673
2026-08-27 23:52:19,2026-08-27T13:52:19.988Z,2493.15,31662662,,2500,2460,674
2026-08-28 00:07:20,2026-08-27T14:07:20.002Z,2496.34,32418952,,2500,2460,674
2026-08-28 00:22:20,2026-08-27T14:22:20.023Z,2504.69,33750164,,2500,2100,675
2026-08-28 00:37:19,2026-08-27T14:37:19.972Z,2516.49,34745152,,2500,2100,677
2026-08-28 00:52:19,2026-08-27T14:52:19.956Z,2515.40,34694847,,2500,2100,677
2026-08-28 01:07:19,2026-08-27T15:07:19.985Z,2521.48,35276769,,2500,2100,678
2026-08-28 01:22:19,2026-08-27T15:22:19.999Z,2521.49,35347747,,2500,2100,679
2026-08-28 01:37:20,2026-08-27T15:37:20.037Z,2523.56,35703768,,2500,2100,680
2026-08-28 01:52:19,2026-08-27T15:52:19.986Z,2523.52,35984351,,2500,2100,682
2026-08-28 02:07:20,2026-08-27T16:07:20.025Z,2521.62,35726669,,2500,2100,682
2026-08-28 02:22:20,2026-08-27T16:22:20.167Z,2528.28,36070635,,2500,2100,683
2026-08-28 02:37:20,2026-08-27T16:37:20.050Z,2523.43,36015031,,2500,2100,684
2026-08-28 02:52:20,2026-08-27T16:52:20.005Z,2527.09,36327914,,2500,2100,684
2026-08-28 03:07:19,2026-08-27T17:07:19.977Z,2521.52,36287537,,2500,2100,684
2026-08-28 03:22:19,2026-08-27T17:22:19.978Z,2529.93,36618661,,2500,2100,685
2026-08-28 03:37:19,2026-08-27T17:37:19.988Z,2525.35,36773830,,2500,2100,686
2026-08-28 03:52:19,2026-08-27T17:52:19.998Z,2521.72,36936204,,2500,2100,686
2026-08-28 04:07:20,2026-08-27T18:07:20.039Z,2516.03,36732397,,2500,2100,686
2026-08-28 04:22:19,2026-08-27T18:22:19.996Z,2493.30,33132394,,2500,2100,686
2026-08-28 04:37:20,2026-08-27T18:37:20.012Z,2496.57,33897551,,2500,2100,689
2026-08-28 04:52:20,2026-08-27T18:52:20.020Z,2499.18,34708067,,2500,2100,692
2026-08-28 05:07:20,2026-08-27T19:07:20.001Z,2509.60,36299134,,2500,2100,694
2026-08-28 05:22:19,2026-08-27T19:22:19.973Z,2511.98,36730799,,2500,2100,694
2026-08-28 05:37:19,2026-08-27T19:37:19.969Z,2508.90,36760661,,2500,2100,694
2026-08-28 05:52:19,2026-08-27T19:52:19.994Z,2505.41,36809105,,2500,2100,694
2026-08-28 06:07:20,2026-08-27T20:07:20.108Z,2498.68,35519464,,2500,2100,694
2026-08-28 06:22:20,2026-08-27T20:22:20.150Z,2504.56,36350954,,2500,2100,694
2026-08-28 06:37:20,2026-08-27T20:37:20.190Z,2505.08,36608580,,2500,2100,694
2026-08-28 06:52:20,2026-08-27T20:52:20.099Z,2504.78,37067731,,2500,2100,694
2026-08-28 07:07:20,2026-08-27T21:07:20.342Z,2507.47,37694450,,2500,2100,694
2026-08-28 07:22:20,2026-08-27T21:22:20.096Z,2504.95,37725082,,2500,2100,694
2026-08-28 07:37:20,2026-08-27T21:37:20.058Z,2501.42,37295262,,2500,2100,694
2026-08-28 07:52:19,2026-08-27T21:52:19.981Z,2501.20,37235417,,2500,2100,694
2026-08-28 08:07:20,2026-08-27T22:07:20.155Z,2511.73,38693766,,2500,2100,694
2026-08-28 08:22:20,2026-08-27T22:22:20.125Z,2514.24,38817965,,2500,2100,694
2026-08-28 08:37:20,2026-08-27T22:37:20.100Z,2511.15,38781811,,2500,2100,694
2026-08-28 08:52:20,2026-08-27T22:52:20.178Z,2513.36,38948141,,2500,2100,694
2026-08-28 09:07:20,2026-08-27T23:07:20.104Z,2515.54,39118430,,2500,2100,694
2026-08-28 09:22:20,2026-08-27T23:22:20.165Z,2514.12,39435787,,2500,2100,694
2026-08-28 09:37:20,2026-08-27T23:37:20.085Z,2512.98,39545960,,2500,2100,694
2026-08-28 09:52:20,2026-08-27T23:52:20.256Z,2511.22,39789860,,2500,2100,694
2026-08-28 10:07:20,2026-08-28T00:07:20.163Z,2507.70,39924962,,2500,2100,694
2026-08-28 10:22:20,2026-08-28T00:22:20.074Z,2512.77,40441688,,2500,2100,694
2026-08-28 10:37:20,2026-08-28T00:37:20.164Z,2515.25,40440478,,2500,2100,694
2026-08-28 10:52:20,2026-08-28T00:52:20.215Z,2514.00,40447655,,2500,2100,694
2026-08-28 11:07:20,2026-08-28T01:07:20.162Z,2519.54,39988050,,2500,2100,694
2026-08-28 11:22:20,2026-08-28T01:22:20.185Z,2528.07,38564597,,2500,2100,694
2026-08-28 11:37:20,2026-08-28T01:37:20.185Z,2525.80,38823536,,2500,2100,694
2026-08-28 11:52:20,2026-08-28T01:52:20.417Z,2513.04,40324514,,2500,2100,694
2026-08-28 12:07:20,2026-08-28T02:07:20.230Z,2507.85,41375367,,2500,2460,694
2026-08-28 12:22:20,2026-08-28T02:22:20.183Z,2497.50,40333761,,2500,2460,695
2026-08-28 12:37:20,2026-08-28T02:37:20.116Z,2499.27,40610305,,2500,2460,696
2026-08-28 12:52:20,2026-08-28T02:52:20.262Z,2488.98,36694990,,2500,2460,697
2026-08-28 13:07:20,2026-08-28T03:07:20.152Z,2489.68,37565052,,2500,2460,697
2026-08-28 13:22:20,2026-08-28T03:22:20.091Z,2495.26,41550549,,2500,2460,697
2026-08-28 13:37:20,2026-08-28T03:37:20.119Z,2492.13,41087877,,2500,2460,697
2026-08-28 13:52:20,2026-08-28T03:52:20.202Z,2492.66,41979959,,2500,2460,697
2026-08-28 14:07:20,2026-08-28T04:07:20.232Z,2489.08,39339670,,2500,2460,698
2026-08-28 14:22:20,2026-08-28T04:22:20.180Z,2491.68,41233854,,2500,2460,699
2026-08-28 14:37:20,2026-08-28T04:37:20.354Z,2485.19,35717629,,2500,2460,699
2026-08-28 14:52:20,2026-08-28T04:52:20.195Z,2488.29,39161353,,2500,2460,699
2026-08-28 15:07:20,2026-08-28T05:07:20.114Z,2485.70,36846039,,2500,2460,699
2026-08-28 15:22:20,2026-08-28T05:22:20.094Z,2484.05,35014617,,2500,2460,699
2026-08-28 15:37:20,2026-08-28T05:37:20.142Z,2494.05,48559138,,2500,2460,700
2026-08-28 15:52:20,2026-08-28T05:52:20.224Z,2497.08,53827097,,2500,2100,700
2026-08-28 16:07:20,2026-08-28T06:07:20.325Z,2498.63,58089105,,2500,2100,702
2026-08-28 16:22:20,2026-08-28T06:22:20.244Z,2502.45,54897987,,2500,2100,702
2026-08-28 16:37:20,2026-08-28T06:37:20.142Z,2502.45,58208149,,2500,2100,702
2026-08-28 16:52:20,2026-08-28T06:52:20.163Z,2505.62,59258300,,2500,2100,705
2026-08-28 17:07:20,2026-08-28T07:07:20.106Z,2497.17,64231541,,2500,2100,705
2026-08-28 17:22:20,2026-08-28T07:22:20.133Z,2496.32,70587947,,2500,2100,705
2026-08-28 17:37:20,2026-08-28T07:37:20.214Z,2497.57,109804048,,2500,2100,706
2026-08-28 17:52:20,2026-08-28T07:52:20.238Z,2496.83,113271113,2130.84,2500,2100,706
2026-08-28 18:07:20,2026-08-28T08:07:20.243Z,2500.43,18539244,2066.80,2500,2100,617
2026-08-28 18:22:20,2026-08-28T08:22:20.177Z,2500.69,18500018,2071.74,2500,2100,617
2026-08-28 18:37:20,2026-08-28T08:37:20.291Z,2497.27,18125651,2077.54,2500,2100,618
2026-08-28 18:52:20,2026-08-28T08:52:20.346Z,2490.86,17268852,2089.98,2500,2100,623
2026-08-28 19:07:20,2026-08-28T09:07:20.124Z,2492.83,17494081,2091.31,2500,2100,625
2026-08-28 19:22:20,2026-08-28T09:22:20.083Z,2492.45,17480206,2097.61,2500,2100,627
2026-08-28 19:37:19,2026-08-28T09:37:19.959Z,2492.91,17577000,2106.58,2500,2100,635
2026-08-28 19:52:19,2026-08-28T09:52:19.967Z,2492.30,17510424,2131.63,2500,2100,637
2026-08-28 20:07:19,2026-08-28T10:07:19.968Z,2484.54,16479182,2140.94,2500,2100,637
2026-08-28 20:22:19,2026-08-28T10:22:19.961Z,2487.50,17218700,2147.49,2500,2460,638
2026-08-28 20:37:19,2026-08-28T10:37:19.960Z,2495.70,18441578,2150.96,2500,2460,638
2026-08-28 20:52:19,2026-08-28T10:52:19.975Z,2497.92,18801276,2147.21,2500,2460,639
2026-08-28 21:07:19,2026-08-28T11:07:19.964Z,2509.87,20422056,2145.70,2500,2100,639
2026-08-28 21:22:19,2026-08-28T11:22:19.932Z,2508.12,20147528,2145.38,2500,2100,639
2026-08-28 21:37:20,2026-08-28T11:37:20.075Z,2506.05,19979940,2147.07,2500,2100,641
2026-08-28 21:52:19,2026-08-28T11:52:19.958Z,2504.92,19810132,2147.70,2500,2100,641
2026-08-28 22:07:19,2026-08-28T12:07:19.965Z,2504.82,19794662,2155.38,2500,2100,641
2026-08-28 22:22:19,2026-08-28T12:22:19.933Z,2504.13,19730955,2157.56,2500,2100,642
2026-08-28 22:37:19,2026-08-28T12:37:19.971Z,2498.12,18917139,2146.57,2500,2460,642
2026-08-28 22:52:19,2026-08-28T12:52:19.956Z,2498.41,19008001,2145.29,2500,2460,643
2026-08-28 23:07:19,2026-08-28T13:07:19.982Z,2500.58,19242340,2152.05,2500,2100,643
2026-08-28 23:22:19,2026-08-28T13:22:19.971Z,2499.74,19126761,2152.16,2500,2460,645
2026-08-28 23:37:19,2026-08-28T13:37:19.963Z,2501.04,19331449,2152.51,2500,2100,648
2026-08-28 23:52:19,2026-08-28T13:52:19.973Z,2506.09,20092785,2153.04,2500,2100,649
2026-08-29 00:07:19,2026-08-28T14:07:19.934Z,2483.96,16761124,2157.85,2500,2460,653
2026-08-29 00:22:20,2026-08-28T14:22:20.080Z,2489.96,17608980,2178.31,2500,2460,659
2026-08-29 00:37:19,2026-08-28T14:37:19.947Z,2511.54,21413456,2187.36,2500,2100,661
2026-08-29 00:52:19,2026-08-28T14:52:19.970Z,2505.57,20280551,2192.84,2500,2460,662
2026-08-29 01:07:19,2026-08-28T15:07:19.982Z,2506.50,20370789,2196.30,2500,2460,662
2026-08-29 01:22:19,2026-08-28T15:22:19.988Z,2507.05,20372457,2204.45,2500,2460,664
2026-08-29 01:37:19,2026-08-28T15:37:19.974Z,2505.77,20132127,2210.55,2500,2460,666
2026-08-29 01:52:19,2026-08-28T15:52:19.972Z,2480.35,15198814,2218.51,2500,2460,667
2026-08-29 02:07:19,2026-08-28T16:07:19.978Z,2462.95,11592490,2227.73,2500,2460,671
2026-08-29 02:22:19,2026-08-28T16:22:19.970Z,2442.52,8680536,2236.34,2500,2460,671
2026-08-29 02:37:20,2026-08-28T16:37:20.095Z,2433.76,7570257,2259.18,2500,2460,672
2026-08-29 02:52:19,2026-08-28T16:52:19.985Z,2441.56,8213422,2264.54,2500,2460,673
2026-08-29 03:07:19,2026-08-28T17:07:19.970Z,2438.64,7712585,2268.04,2500,2460,673
2026-08-29 03:22:19,2026-08-28T17:22:19.935Z,2444.15,8209417,2282.26,2500,2460,675
2026-08-29 03:37:19,2026-08-28T17:37:19.972Z,2438.79,7286092,2283.26,2500,2460,676
2026-08-29 03:52:19,2026-08-28T17:52:19.991Z,2444.16,7739820,2284.88,2500,2460,676
2026-08-29 04:07:19,2026-08-28T18:07:19.934Z,2439.89,6863734,2286.77,2500,2460,677
2026-08-29 04:22:19,2026-08-28T18:22:19.984Z,2431.47,5923000,2295.33,2500,2460,677
2026-08-29 04:37:19,2026-08-28T18:37:19.952Z,2428.36,5333110,2296.89,2500,2460,678
2026-08-29 04:52:20,2026-08-28T18:52:20.010Z,2425.64,5242077,2307.04,2500,2440,680
2026-08-29 05:07:19,2026-08-28T19:07:19.988Z,2431.15,5489689,2309.50,2500,2440,680
2026-08-29 05:22:20,2026-08-28T19:22:20.001Z,2440.16,6212712,2308.32,2500,2460,681
2026-08-29 05:37:20,2026-08-28T19:37:20.132Z,2438.46,5893895,2310.13,2500,2460,681
2026-08-29 05:52:20,2026-08-28T19:52:20.102Z,2433.69,5275903,2312.28,2500,2440,682
2026-08-29 06:07:19,2026-08-28T20:07:19.982Z,2432.63,4980998,2309.01,2500,2440,683
2026-08-29 06:22:20,2026-08-28T20:22:20.016Z,2433.95,4999043,2306.44,2500,2440,683
2026-08-29 06:37:20,2026-08-28T20:37:20.004Z,2428.05,4637791,2307.55,2500,2440,684
2026-08-29 06:52:19,2026-08-28T20:52:19.991Z,2428.17,4654130,2307.71,2500,2440,684
2026-08-29 07:07:19,2026-08-28T21:07:19.951Z,2429.87,4760916,2309.44,2500,2440,684
2026-08-29 07:22:19,2026-08-28T21:22:19.990Z,2427.72,4519129,2312.78,2500,2440,684
2026-08-29 07:37:19,2026-08-28T21:37:19.998Z,2432.42,4736139,2313.76,2500,2440,684
2026-08-29 07:52:20,2026-08-28T21:52:20.006Z,2425.40,4376336,2315.02,2500,2440,684
2026-08-29 08:07:20,2026-08-28T22:07:20.010Z,2426.98,4821608,2313.08,2500,2440,684
2026-08-29 08:22:19,2026-08-28T22:22:19.988Z,2430.23,4987526,2314.20,2500,2440,684
2026-08-29 08:37:19,2026-08-28T22:37:19.987Z,2438.06,5469177,2315.51,2500,2440,684
2026-08-29 08:52:19,2026-08-28T22:52:19.980Z,2441.35,5763464,2316.57,2500,2440,684
2026-08-29 09:07:20,2026-08-28T23:07:20.035Z,2440.34,5623993,2317.14,2500,2440,684
2026-08-29 09:22:19,2026-08-28T23:22:19.990Z,2437.99,5365570,2317.47,2500,2440,684
2026-08-29 09:37:19,2026-08-28T23:37:19.995Z,2439.62,5435866,2317.93,2500,2440,684
2026-08-29 09:52:20,2026-08-28T23:52:20.037Z,2440.43,5448103,2318.00,2500,2440,684
2026-08-29 10:07:19,2026-08-29T00:07:19.969Z,2445.85,5841558,2319.03,2500,2440,684
2026-08-29 10:22:20,2026-08-29T00:22:20.002Z,2447.73,5855155,2319.73,2500,2460,684
2026-08-29 10:37:19,2026-08-29T00:37:19.984Z,2445.34,5504398,2319.78,2500,2440,684
2026-08-29 10:52:20,2026-08-29T00:52:20.014Z,2442.05,5194587,2319.62,2500,2440,684
2026-08-29 11:07:20,2026-08-29T01:07:20.047Z,2442.10,5165196,2320.44,2500,2440,684
2026-08-29 11:22:20,2026-08-29T01:22:20.006Z,2442.52,5363594,2321.08,2500,2440,684
2026-08-29 11:37:20,2026-08-29T01:37:20.013Z,2444.27,5478329,2321.46,2500,2440,684
2026-08-29 11:52:19,2026-08-29T01:52:19.990Z,2446.28,5658535,2322.22,2500,2440,685
2026-08-29 12:07:20,2026-08-29T02:07:20.056Z,2444.32,5409127,2322.95,2500,2440,685
2026-08-29 12:22:19,2026-08-29T02:22:19.973Z,2438.99,4973880,2323.46,2500,2440,685
2026-08-29 12:37:20,2026-08-29T02:37:20.013Z,2438.29,4257500,2324.35,2500,2440,685
2026-08-29 12:52:20,2026-08-29T02:52:20.077Z,2439.09,4462474,2325.11,2500,2440,685
2026-08-29 13:07:19,2026-08-29T03:07:19.994Z,2439.53,4618865,2325.83,2500,2440,685
2026-08-29 13:22:20,2026-08-29T03:22:20.026Z,2441.73,4812552,2326.27,2500,2440,685
2026-08-29 13:37:20,2026-08-29T03:37:20.008Z,2438.24,4483403,2326.89,2500,2440,685
2026-08-29 13:52:19,2026-08-29T03:52:19.985Z,2435.90,4462091,2327.12,2500,2440,685
2026-08-29 14:07:20,2026-08-29T04:07:20.031Z,2437.78,4528374,2327.02,2500,2440,685
2026-08-29 14:22:20,2026-08-29T04:22:20.023Z,2437.87,4505176,2327.15,2500,2440,685
2026-08-29 14:37:20,2026-08-29T04:37:20.009Z,2439.53,4335866,2331.34,2500,2440,687
2026-08-29 14:52:20,2026-08-29T04:52:20.000Z,2440.76,4315676,2331.86,2500,2440,687
2026-08-29 15:07:19,2026-08-29T05:07:19.996Z,2440.76,4213562,2332.18,2500,2440,687
2026-08-29 15:22:20,2026-08-29T05:22:20.009Z,2440.70,4183558,2333.30,2500,2440,688
2026-08-29 15:37:19,2026-08-29T05:37:19.968Z,2441.32,4137926,2333.73,2500,2440,688
2026-08-29 15:52:20,2026-08-29T05:52:20.016Z,2439.86,3921532,2333.24,2500,2440,688
2026-08-29 16:07:19,2026-08-29T06:07:19.962Z,2438.57,3807231,2332.58,2500,2440,688
2026-08-29 16:22:20,2026-08-29T06:22:20.114Z,2431.48,6095683,2330.96,2500,2440,688
2026-08-29 16:37:20,2026-08-29T06:37:20.001Z,2433.98,5414728,2329.01,2500,2440,688
2026-08-29 16:52:20,2026-08-29T06:52:20.018Z,2436.31,4005024,2327.13,2500,2440,688
2026-08-29 17:07:19,2026-08-29T07:07:19.995Z,2438.24,2048781,2326.39,2500,2440,688
2026-08-29 17:22:20,2026-08-29T07:22:20.023Z,2437.13,2277669,2400.66,2500,2440,688
2026-08-29 17:37:19,2026-08-29T07:37:19.986Z,2436.88,2411823,2403.13,2500,2440,688
2026-08-29 17:52:19,2026-08-29T07:52:19.996Z,2436.72,5833253,2418.58,2500,2440,688
2026-08-29 18:07:19,2026-08-29T08:07:19.964Z,2433.02,10526764,2242.17,2500,2100,648
2026-08-29 18:22:19,2026-08-29T08:22:19.996Z,2433.79,10646456,2240.47,2500,2100,649
2026-08-29 18:37:20,2026-08-29T08:37:20.006Z,2433.54,10629274,2242.01,2500,2100,650
2026-08-29 18:52:19,2026-08-29T08:52:19.997Z,2432.14,10472680,2243.63,2500,2100,651
2026-08-29 19:07:20,2026-08-29T09:07:20.026Z,2435.25,10818977,2244.08,2500,2100,651
2026-08-29 19:22:19,2026-08-29T09:22:19.967Z,2435.36,10806162,2245.39,2500,2100,654
2026-08-29 19:37:20,2026-08-29T09:37:20.007Z,2436.16,10969417,2246.64,2500,2100,654
2026-08-29 19:52:19,2026-08-29T09:52:19.997Z,2436.73,11023799,2247.07,2500,2100,656
2026-08-29 20:07:20,2026-08-29T10:07:20.048Z,2432.26,10528280,2247.51,2500,2100,657
2026-08-29 20:22:19,2026-08-29T10:22:19.989Z,2437.03,11074298,2247.23,2500,2100,660
2026-08-29 20:37:19,2026-08-29T10:37:19.997Z,2436.99,11039564,2246.51,2500,2100,662
2026-08-29 20:52:20,2026-08-29T10:52:20.013Z,2435.84,10876768,2246.49,2500,2100,662
2026-08-29 21:07:20,2026-08-29T11:07:20.113Z,2434.64,10755818,2246.10,2500,2100,662
2026-08-29 21:22:20,2026-08-29T11:22:20.007Z,2438.00,11202329,2245.35,2500,2100,662
2026-08-29 21:37:20,2026-08-29T11:37:20.014Z,2437.30,11077319,2247.48,2500,2100,664
2026-08-29 21:52:20,2026-08-29T11:52:20.110Z,2436.82,10544338,2247.93,2500,2100,664
2026-08-29 22:07:20,2026-08-29T12:07:20.110Z,2436.60,10606144,2248.56,2500,2100,664
2026-08-29 22:22:20,2026-08-29T12:22:20.041Z,2438.51,10908881,2247.14,2500,2100,664
2026-08-29 22:37:20,2026-08-29T12:37:20.000Z,2435.18,10473429,2245.21,2500,2100,664
2026-08-29 22:52:20,2026-08-29T12:52:20.005Z,2434.68,10377659,2244.47,2500,2100,664
2026-08-29 23:07:20,2026-08-29T13:07:20.120Z,2434.38,10343896,2244.45,2500,2100,664
2026-08-29 23:22:20,2026-08-29T13:22:20.117Z,2434.64,10384742,2244.81,2500,2100,664
2026-08-29 23:37:20,2026-08-29T13:37:20.038Z,2435.97,10660153,2243.95,2500,2100,664
2026-08-29 23:52:20,2026-08-29T13:52:20.111Z,2436.29,10714741,2243.23,2500,2100,664
2026-08-30 00:07:20,2026-08-29T14:07:20.025Z,2436.64,10750825,2243.29,2500,2100,664
2026-08-30 00:22:20,2026-08-29T14:22:20.015Z,2436.95,10777076,2243.49,2500,2100,664
2026-08-30 00:37:19,2026-08-29T14:37:19.983Z,2437.35,10811125,2245.32,2500,2100,664
2026-08-30 00:52:20,2026-08-29T14:52:20.011Z,2448.59,12609778,2246.82,2500,2100,666
2026-08-30 01:07:20,2026-08-29T15:07:20.035Z,2444.25,11933366,2245.71,2500,2100,666
2026-08-30 01:22:19,2026-08-29T15:22:19.983Z,2445.54,12154464,2245.22,2500,2100,669
2026-08-30 01:37:20,2026-08-29T15:37:20.067Z,2444.57,12005528,2245.14,2500,2100,669
2026-08-30 01:52:20,2026-08-29T15:52:20.049Z,2445.78,12195498,2245.15,2500,2100,669
2026-08-30 02:07:20,2026-08-29T16:07:20.027Z,2446.21,12283769,2245.89,2500,2100,670
2026-08-30 02:22:19,2026-08-29T16:22:19.992Z,2450.11,12986545,2244.76,2500,2100,670
2026-08-30 02:37:20,2026-08-29T16:37:20.123Z,2449.08,12815290,2245.94,2500,2100,670
2026-08-30 02:52:20,2026-08-29T16:52:20.118Z,2454.42,13780141,2245.32,2500,2100,670
2026-08-30 03:07:20,2026-08-29T17:07:20.017Z,2452.90,13519593,2245.37,2500,2100,670
2026-08-30 03:22:20,2026-08-29T17:22:20.023Z,2450.21,13044283,2245.10,2500,2100,670
2026-08-30 03:37:20,2026-08-29T17:37:20.018Z,2449.23,12939286,2245.04,2500,2100,670
2026-08-30 03:52:20,2026-08-29T17:52:20.002Z,2449.66,13015117,2246.07,2500,2100,670
2026-08-30 04:07:20,2026-08-29T18:07:20.077Z,2449.46,12991627,2246.79,2500,2100,670
2026-08-30 04:22:20,2026-08-29T18:22:20.040Z,2447.60,12678499,2247.04,2500,2100,670
2026-08-30 04:37:20,2026-08-29T18:37:20.019Z,2449.85,13089255,2247.28,2500,2100,670
2026-08-30 04:52:20,2026-08-29T18:52:20.040Z,2455.29,14047007,2247.32,2500,2100,669
2026-08-30 05:07:20,2026-08-29T19:07:20.024Z,2454.88,13964365,2247.38,2500,2100,669
2026-08-30 05:22:20,2026-08-29T19:22:20.073Z,2457.72,14455018,2247.67,2500,2100,669
2026-08-30 05:37:20,2026-08-29T19:37:20.098Z,2458.19,14496179,2242.65,2500,2100,669
2026-08-30 05:52:20,2026-08-29T19:52:20.014Z,2453.85,13646814,2242.92,2500,2100,671
2026-08-30 06:07:20,2026-08-29T20:07:20.023Z,2454.86,14047440,2243.61,2500,2100,671
2026-08-30 06:22:20,2026-08-29T20:22:20.033Z,2455.69,14214385,2243.86,2500,2100,671
2026-08-30 06:37:20,2026-08-29T20:37:20.028Z,2452.33,13581243,2245.69,2500,2100,671
2026-08-30 06:52:20,2026-08-29T20:52:20.022Z,2453.51,13839451,2246.04,2500,2100,671
2026-08-30 07:07:19,2026-08-29T21:07:19.992Z,2452.09,13591756,2247.10,2500,2100,671
2026-08-30 07:22:20,2026-08-29T21:22:20.129Z,2451.88,13532585,2247.33,2500,2100,671
2026-08-30 07:37:20,2026-08-29T21:37:20.035Z,2450.05,13182335,2248.37,2500,2100,671
2026-08-30 07:52:20,2026-08-29T21:52:20.030Z,2451.80,13550847,2248.79,2500,2100,671
2026-08-30 08:07:20,2026-08-29T22:07:20.031Z,2451.78,13552169,2248.84,2500,2100,671
2026-08-30 08:22:20,2026-08-29T22:22:20.038Z,2449.74,13109399,2248.85,2500,2100,671
2026-08-30 08:37:20,2026-08-29T22:37:20.025Z,2451.18,13415846,2248.91,2500,2100,671
2026-08-30 08:52:20,2026-08-29T22:52:20.138Z,2451.88,13533810,2249.44,2500,2100,671
2026-08-30 09:07:20,2026-08-29T23:07:20.050Z,2455.85,14406283,2247.97,2500,2100,671
2026-08-30 09:22:20,2026-08-29T23:22:20.136Z,2454.89,14171104,2247.17,2500,2100,671
2026-08-30 09:37:20,2026-08-29T23:37:20.037Z,2455.84,14395515,2246.47,2500,2100,671
2026-08-30 09:52:20,2026-08-29T23:52:20.056Z,2459.26,15134647,2246.95,2500,2100,671
2026-08-30 10:07:20,2026-08-30T00:07:20.035Z,2456.32,14446693,2246.88,2500,2100,671
2026-08-30 10:22:20,2026-08-30T00:22:20.134Z,2462.10,15618513,2247.62,2500,2100,671
2026-08-30 10:37:20,2026-08-30T00:37:20.059Z,2464.53,16191032,2251.72,2500,2100,671
2026-08-30 10:52:20,2026-08-30T00:52:20.038Z,2461.23,15296421,2253.21,2500,2100,671
2026-08-30 11:07:20,2026-08-30T01:07:20.039Z,2458.66,14804990,2254.90,2500,2100,671
2026-08-30 11:22:20,2026-08-30T01:22:20.043Z,2456.26,14407806,2256.38,2500,2100,672
2026-08-30 11:37:20,2026-08-30T01:37:20.046Z,2457.00,14659367,2258.04,2500,2100,672
2026-08-30 11:52:20,2026-08-30T01:52:20.049Z,2457.10,14663269,2258.53,2500,2100,672
2026-08-30 12:07:20,2026-08-30T02:07:20.040Z,2456.05,14426510,2258.46,2500,2100,672
2026-08-30 12:22:20,2026-08-30T02:22:20.044Z,2458.00,14919288,2258.35,2500,2100,672
2026-08-30 12:37:20,2026-08-30T02:37:20.049Z,2455.02,14187136,2259.03,2500,2100,672
2026-08-30 12:52:20,2026-08-30T02:52:20.147Z,2457.88,14935249,2259.92,2500,2100,672
2026-08-30 13:07:20,2026-08-30T03:07:20.051Z,2454.21,13981633,2259.94,2500,2100,672
2026-08-30 13:22:20,2026-08-30T03:22:20.045Z,2456.12,14507828,2260.31,2500,2100,672
2026-08-30 13:37:20,2026-08-30T03:37:20.063Z,2458.76,15180378,2264.25,2500,2100,672
2026-08-30 13:52:20,2026-08-30T03:52:20.054Z,2457.07,14780156,2265.66,2500,2100,672
2026-08-30 14:07:20,2026-08-30T04:07:20.081Z,2457.51,14934548,2267.27,2500,2100,672
2026-08-30 14:22:20,2026-08-30T04:22:20.071Z,2455.75,14473447,2268.40,2500,2100,672
2026-08-30 14:37:20,2026-08-30T04:37:20.054Z,2455.83,14686729,2269.85,2500,2100,672
2026-08-30 14:52:20,2026-08-30T04:52:20.059Z,2453.43,15166177,2253.26,2500,2100,673
2026-08-30 15:07:20,2026-08-30T05:07:20.055Z,2457.88,16732781,2242.63,2500,2100,676
2026-08-30 15:22:20,2026-08-30T05:22:20.044Z,2455.95,16139775,2233.40,2500,2100,676
2026-08-30 15:37:20,2026-08-30T05:37:20.059Z,2455.18,15713586,2234.19,2500,2440,676
2026-08-30 15:52:20,2026-08-30T05:52:20.040Z,2455.50,15990904,2271.22,2500,2100,676
2026-08-30 16:07:20,2026-08-30T06:07:20.061Z,2455.69,16196278,2273.86,2500,2100,677
2026-08-30 16:22:20,2026-08-30T06:22:20.152Z,2456.76,16832915,2274.91,2500,2100,677
2026-08-30 16:37:20,2026-08-30T06:37:20.050Z,2458.74,17630141,2280.70,2500,2100,677
2026-08-30 16:52:20,2026-08-30T06:52:20.069Z,2460.70,18340414,2282.40,2500,2100,677
2026-08-30 17:07:20,2026-08-30T07:07:20.052Z,2459.39,17656783,2288.63,2500,2100,677
2026-08-30 17:22:20,2026-08-30T07:22:20.018Z,2457.85,16961978,2294.03,2500,2100,677
2026-08-30 17:37:20,2026-08-30T07:37:20.028Z,2457.18,16759940,2300.07,2500,2100,677
2026-08-30 17:52:20,2026-08-30T07:52:20.058Z,2456.68,16357873,2354.64,2500,2100,677
2026-08-30 18:07:20,2026-08-30T08:07:20.064Z,2457.50,14730930,2221.78,2500,2100,636
2026-08-30 18:22:20,2026-08-30T08:22:20.038Z,2458.18,14761576,2221.99,2500,2100,636
2026-08-30 18:37:20,2026-08-30T08:37:20.056Z,2455.69,14442764,2222.56,2500,2100,637
2026-08-30 18:52:20,2026-08-30T08:52:20.014Z,2455.25,14394174,2222.90,2500,2100,639
2026-08-30 19:07:20,2026-08-30T09:07:20.045Z,2457.31,14624251,2222.98,2500,2100,639
2026-08-30 19:22:20,2026-08-30T09:22:20.045Z,2458.41,14742296,2222.92,2500,2100,639
2026-08-30 19:37:20,2026-08-30T09:37:20.054Z,2453.19,14122245,2224.14,2500,2100,641
2026-08-30 19:52:20,2026-08-30T09:52:20.048Z,2453.78,14166872,2236.13,2500,2100,641
2026-08-30 20:07:20,2026-08-30T10:07:20.054Z,2455.17,14333121,2236.73,2500,2100,641
2026-08-30 20:22:20,2026-08-30T10:22:20.043Z,2454.92,14270009,2237.63,2500,2100,641
2026-08-30 20:37:20,2026-08-30T10:37:20.046Z,2456.75,14458983,2239.39,2500,2100,642
2026-08-30 20:52:20,2026-08-30T10:52:20.042Z,2459.06,14737242,2240.01,2500,2100,642
2026-08-30 21:07:20,2026-08-30T11:07:20.055Z,2459.77,14795525,2239.90,2500,2100,642
2026-08-30 21:22:20,2026-08-30T11:22:20.051Z,2459.38,14714895,2239.75,2500,2100,643
2026-08-30 21:37:20,2026-08-30T11:37:20.050Z,2458.43,14558689,2240.06,2500,2100,644
2026-08-30 21:52:20,2026-08-30T11:52:20.094Z,2457.25,14408898,2240.23,2500,2100,644
2026-08-30 22:07:20,2026-08-30T12:07:20.104Z,2469.68,15962044,2240.53,2500,2100,644
2026-08-30 22:22:20,2026-08-30T12:22:20.067Z,2466.02,15465346,2239.70,2500,2100,644
2026-08-30 22:37:20,2026-08-30T12:37:20.061Z,2461.80,14977151,2239.81,2500,2100,644
2026-08-30 22:52:20,2026-08-30T12:52:20.063Z,2464.09,15287771,2240.08,2500,2100,644
2026-08-30 23:07:20,2026-08-30T13:07:20.059Z,2466.44,15522895,2241.78,2500,2100,644
2026-08-30 23:22:20,2026-08-30T13:22:20.061Z,2466.20,15480769,2242.76,2500,2100,644
2026-08-30 23:37:20,2026-08-30T13:37:20.060Z,2467.57,15623693,2243.01,2500,2100,644
2026-08-30 23:52:20,2026-08-30T13:52:20.067Z,2473.49,16326904,2244.28,2500,2100,645
2026-08-31 00:07:20,2026-08-30T14:07:20.090Z,2473.65,16335927,2244.69,2500,2100,645
2026-08-31 00:22:20,2026-08-30T14:22:20.093Z,2475.54,16576058,2245.04,2500,2100,647
2026-08-31 00:37:20,2026-08-30T14:37:20.071Z,2475.68,16523995,2245.61,2500,2100,647
2026-08-31 00:52:20,2026-08-30T14:52:20.064Z,2477.81,16815257,2246.14,2500,2100,647
2026-08-31 01:07:20,2026-08-30T15:07:20.090Z,2477.57,16792059,2246.62,2500,2100,647
2026-08-31 01:22:20,2026-08-30T15:22:20.067Z,2477.36,16752952,2247.41,2500,2100,648
2026-08-31 01:37:20,2026-08-30T15:37:20.083Z,2477.82,16778072,2247.78,2500,2100,649
2026-08-31 01:52:20,2026-08-30T15:52:20.076Z,2479.60,16995712,2248.50,2500,2100,651
2026-08-31 02:07:20,2026-08-30T16:07:20.073Z,2484.31,17577494,2248.82,2500,2100,651
2026-08-31 02:22:20,2026-08-30T16:22:20.167Z,2513.47,21473251,2249.07,2500,2100,658
2026-08-31 02:37:20,2026-08-30T16:37:20.087Z,2522.05,22456455,2249.43,2500,2100,658
2026-08-31 02:52:20,2026-08-30T16:52:20.076Z,2521.24,22666927,2250.02,2500,2100,659
2026-08-31 03:07:20,2026-08-30T17:07:20.094Z,2521.42,22693794,2250.34,2500,2100,660
2026-08-31 03:22:20,2026-08-30T17:22:20.190Z,2506.68,20866197,2247.14,2500,2100,662
2026-08-31 03:37:20,2026-08-30T17:37:20.128Z,2505.19,20746953,2245.75,2500,2100,664
2026-08-31 03:52:20,2026-08-30T17:52:20.090Z,2505.60,20598047,2246.96,2500,2100,665
2026-08-31 04:07:20,2026-08-30T18:07:20.089Z,2500.25,19890868,2248.01,2500,2100,665
2026-08-31 04:22:20,2026-08-30T18:22:20.044Z,2502.47,20165821,2249.17,2500,2100,665
2026-08-31 04:37:20,2026-08-30T18:37:20.086Z,2513.87,21374738,2250.63,2500,2100,665
2026-08-31 04:52:20,2026-08-30T18:52:20.094Z,2511.42,20986683,2251.39,2500,2100,665
2026-08-31 05:07:20,2026-08-30T19:07:20.081Z,2506.09,20410046,2252.24,2500,2100,665
2026-08-31 05:22:20,2026-08-30T19:22:20.076Z,2507.04,20541706,2252.78,2500,2100,665
2026-08-31 05:37:20,2026-08-30T19:37:20.080Z,2502.85,20070972,2253.25,2500,2100,665
2026-08-31 05:52:20,2026-08-30T19:52:20.197Z,2499.89,19706850,2254.25,2500,2100,665
2026-08-31 06:07:20,2026-08-30T20:07:20.066Z,2504.25,20229064,2254.71,2500,2100,665
2026-08-31 06:22:20,2026-08-30T20:22:20.069Z,2504.65,20289431,2255.15,2500,2100,665
2026-08-31 06:37:20,2026-08-30T20:37:20.185Z,2503.37,20176468,2255.72,2500,2100,665
2026-08-31 06:52:20,2026-08-30T20:52:20.078Z,2496.53,19289580,2256.52,2500,2100,667
2026-08-31 07:07:20,2026-08-30T21:07:20.193Z,2471.37,16004899,2255.27,2500,2100,670
2026-08-31 07:22:20,2026-08-30T21:22:20.073Z,2475.88,16636512,2256.00,2500,2100,670
2026-08-31 07:37:20,2026-08-30T21:37:20.093Z,2478.91,17066514,2257.47,2500,2100,670
2026-08-31 07:52:20,2026-08-30T21:52:20.046Z,2477.11,16830934,2258.03,2500,2100,670
2026-08-31 08:07:20,2026-08-30T22:07:20.098Z,2481.66,17418484,2258.50,2500,2100,670
2026-08-31 08:22:20,2026-08-30T22:22:20.131Z,2472.28,16071719,2259.85,2500,2100,671
2026-08-31 08:37:20,2026-08-30T22:37:20.049Z,2466.23,15259726,2260.86,2500,2100,671
2026-08-31 08:52:20,2026-08-30T22:52:20.068Z,2466.14,15200185,2262.24,2500,2100,671
2026-08-31 09:07:20,2026-08-30T23:07:20.093Z,2465.98,15184257,2262.83,2500,2100,671
2026-08-31 09:22:20,2026-08-30T23:22:20.084Z,2459.69,14324071,2261.93,2500,2100,671
2026-08-31 09:37:20,2026-08-30T23:37:20.052Z,2420.83,9853358,2262.11,2500,2100,675
2026-08-31 09:52:20,2026-08-30T23:52:20.096Z,2411.13,8958532,2262.48,2500,2100,677
2026-08-31 10:07:20,2026-08-31T00:07:20.145Z,2414.56,8638195,2265.21,2500,2100,678
2026-08-31 10:22:20,2026-08-31T00:22:20.100Z,2429.61,10131422,2266.53,2500,2100,678
2026-08-31 10:37:20,2026-08-31T00:37:20.098Z,2438.09,11137186,2268.79,2500,2100,678
2026-08-31 10:52:20,2026-08-31T00:52:20.087Z,2430.11,10014809,2268.71,2500,2100,678
2026-08-31 11:07:20,2026-08-31T01:07:20.108Z,2418.85,8632254,2268.65,2500,2100,678
2026-08-31 11:22:20,2026-08-31T01:22:20.145Z,2417.54,8449216,2271.31,2500,2100,679
2026-08-31 11:37:20,2026-08-31T01:37:20.088Z,2419.90,8704439,2272.93,2500,2100,679
2026-08-31 11:52:20,2026-08-31T01:52:20.094Z,2417.89,8432281,2274.18,2500,2100,679
2026-08-31 12:07:20,2026-08-31T02:07:20.094Z,2417.67,8456154,2275.23,2500,2100,680
2026-08-31 12:22:20,2026-08-31T02:22:20.094Z,2418.07,8411674,2278.40,2500,2100,680
2026-08-31 12:37:20,2026-08-31T02:37:20.099Z,2416.07,8194807,2284.12,2500,2100,680
2026-08-31 12:52:20,2026-08-31T02:52:20.101Z,2404.10,6955158,2284.05,2500,2100,680
2026-08-31 13:07:20,2026-08-31T03:07:20.080Z,2411.02,7724119,2285.24,2500,2100,682
2026-08-31 13:22:20,2026-08-31T03:22:20.095Z,2418.15,8468113,2286.56,2500,2100,682
2026-08-31 13:37:20,2026-08-31T03:37:20.119Z,2421.59,8727543,2287.59,2500,2100,682
2026-08-31 13:52:20,2026-08-31T03:52:20.098Z,2422.13,8699635,2288.68,2500,2100,682
2026-08-31 14:07:20,2026-08-31T04:07:20.100Z,2417.93,8308659,2287.11,2500,2100,682
2026-08-31 14:22:20,2026-08-31T04:22:20.098Z,2413.39,7877181,2286.74,2500,2100,682
2026-08-31 14:37:20,2026-08-31T04:37:20.086Z,2414.95,8043058,2287.08,2500,2100,682
2026-08-31 14:52:20,2026-08-31T04:52:20.110Z,2413.71,7950322,2287.79,2500,2100,682
2026-08-31 15:07:20,2026-08-31T05:07:20.069Z,2419.61,8383344,2290.48,2500,2420,683
2026-08-31 15:22:20,2026-08-31T05:22:20.130Z,2428.92,9101362,2296.54,2500,2420,683
2026-08-31 15:37:20,2026-08-31T05:37:20.095Z,2432.67,9437440,2303.71,2500,2440,683
2026-08-31 15:52:20,2026-08-31T05:52:20.098Z,2438.18,9967724,2306.56,2500,2440,683
2026-08-31 16:07:20,2026-08-31T06:07:20.109Z,2433.60,9188781,2308.73,2500,2440,684
2026-08-31 16:22:20,2026-08-31T06:22:20.106Z,2437.46,9555799,2310.80,2500,2440,684
2026-08-31 16:37:20,2026-08-31T06:37:20.094Z,2439.06,9712306,2312.34,2500,2440,684
2026-08-31 16:52:20,2026-08-31T06:52:20.097Z,2440.47,9808964,2313.68,2500,2440,684
2026-08-31 17:07:20,2026-08-31T07:07:20.108Z,2436.38,9208330,2314.37,2500,2440,684
2026-08-31 17:22:20,2026-08-31T07:22:20.115Z,2441.32,9383705,2314.84,2500,2440,684
2026-08-31 17:37:20,2026-08-31T07:37:20.114Z,2440.83,8365965,2314.66,2500,2440,684
2026-08-31 17:52:20,2026-08-31T07:52:20.096Z,2440.20,-19470655,2443.78,2500,2440,684
2026-08-31 18:07:20,2026-08-31T08:07:20.114Z,2434.86,12621912,2209.31,2500,2100,643
2026-08-31 18:22:20,2026-08-31T08:22:20.092Z,2435.60,12620901,2211.31,2500,2100,643
2026-08-31 18:37:20,2026-08-31T08:37:20.101Z,2437.73,12829169,2212.10,2500,2100,644
2026-08-31 18:52:20,2026-08-31T08:52:20.219Z,2444.50,13386176,2213.59,2500,2100,644
2026-08-31 19:07:20,2026-08-31T09:07:20.076Z,2445.72,13559405,2214.32,2500,2100,645
2026-08-31 19:22:20,2026-08-31T09:22:20.098Z,2450.57,14132731,2214.04,2500,2100,645
2026-08-31 19:37:20,2026-08-31T09:37:20.189Z,2447.94,13891983,2213.10,2500,2100,645
2026-08-31 19:52:20,2026-08-31T09:52:20.101Z,2448.10,13946056,2213.60,2500,2100,645
2026-08-31 20:07:20,2026-08-31T10:07:20.150Z,2441.48,13319609,2213.22,2500,2100,645
2026-08-31 20:22:20,2026-08-31T10:22:20.218Z,2447.24,13904616,2211.79,2500,2100,645
2026-08-31 20:37:20,2026-08-31T10:37:20.098Z,2449.17,14047930,2211.42,2500,2100,646
2026-08-31 20:52:20,2026-08-31T10:52:20.108Z,2455.25,14698200,2210.88,2500,2100,647
2026-08-31 21:07:20,2026-08-31T11:07:20.119Z,2455.65,14752162,2210.23,2500,2100,647
2026-08-31 21:22:20,2026-08-31T11:22:20.138Z,2454.53,14600817,2211.41,2500,2100,648
2026-08-31 21:37:20,2026-08-31T11:37:20.107Z,2448.61,14021164,2210.59,2500,2100,648
2026-08-31 21:52:20,2026-08-31T11:52:20.105Z,2446.10,13745206,2210.35,2500,2100,648
2026-08-31 22:07:20,2026-08-31T12:07:20.127Z,2451.85,14331469,2210.63,2500,2100,648
2026-08-31 22:22:20,2026-08-31T12:22:20.128Z,2455.76,14851764,2210.64,2500,2100,649
2026-08-31 22:37:20,2026-08-31T12:37:20.118Z,2455.45,14893367,2208.61,2500,2100,649
2026-08-31 22:52:20,2026-08-31T12:52:20.103Z,2449.16,14201955,2209.91,2500,2100,648
2026-08-31 23:07:20,2026-08-31T13:07:20.123Z,2453.04,14567661,2209.15,2500,2100,648
2026-08-31 23:22:20,2026-08-31T13:22:20.112Z,2452.77,14546080,2209.15,2500,2100,648
2026-08-31 23:37:20,2026-08-31T13:37:20.082Z,2446.31,13879779,2208.91,2500,2100,648
2026-08-31 23:52:20,2026-08-31T13:52:20.139Z,2438.09,13006093,2208.93,2500,2100,648
2026-09-01 00:07:20,2026-08-31T14:07:20.079Z,2441.69,13390428,2209.27,2500,2100,648
2026-09-01 00:22:20,2026-08-31T14:22:20.116Z,2445.47,13774052,2212.04,2500,2100,648
2026-09-01 00:37:20,2026-08-31T14:37:20.128Z,2453.08,14528411,2215.04,2500,2100,651
2026-09-01 00:52:20,2026-08-31T14:52:20.109Z,2463.59,15634820,2213.99,2500,2100,651
2026-09-01 01:07:20,2026-08-31T15:07:20.120Z,2466.75,15962282,2216.07,2500,2100,653
2026-09-01 01:22:20,2026-08-31T15:22:20.119Z,2465.82,15954290,2217.07,2500,2100,653
2026-09-01 01:37:20,2026-08-31T15:37:20.118Z,2469.70,16415300,2217.44,2500,2100,653
2026-09-01 01:52:20,2026-08-31T15:52:20.125Z,2472.58,16674821,2218.38,2500,2100,653
2026-09-01 02:07:20,2026-08-31T16:07:20.116Z,2469.46,16316784,2219.12,2500,2100,653
2026-09-01 02:22:20,2026-08-31T16:22:20.120Z,2464.67,15768699,2219.98,2500,2100,654
2026-09-01 02:37:20,2026-08-31T16:37:20.152Z,2466.42,15973528,2220.61,2500,2100,654
2026-09-01 02:52:20,2026-08-31T16:52:20.126Z,2469.46,16303062,2221.02,2500,2100,655
2026-09-01 03:07:20,2026-08-31T17:07:20.134Z,2469.31,16325539,2222.05,2500,2100,655
2026-09-01 03:22:20,2026-08-31T17:22:20.119Z,2468.64,16269093,2222.89,2500,2100,655
2026-09-01 03:37:20,2026-08-31T17:37:20.124Z,2464.25,15778686,2224.13,2500,2100,655
2026-09-01 03:52:20,2026-08-31T17:52:20.124Z,2475.12,17062818,2224.19,2500,2100,655
2026-09-01 04:07:20,2026-08-31T18:07:20.123Z,2471.61,16634521,2224.30,2500,2100,655
2026-09-01 04:22:20,2026-08-31T18:22:20.120Z,2475.89,17204829,2224.93,2500,2100,655
2026-09-01 04:37:20,2026-08-31T18:37:20.141Z,2474.07,17013813,2225.13,2500,2100,655
2026-09-01 04:52:20,2026-08-31T18:52:20.122Z,2478.96,17995022,2225.12,2500,2100,655
2026-09-01 05:07:20,2026-08-31T19:07:20.122Z,2482.82,18244134,2225.16,2500,2100,655
2026-09-01 05:22:20,2026-08-31T19:22:20.136Z,2482.26,18131689,2224.65,2500,2100,656
2026-09-01 05:37:20,2026-08-31T19:37:20.125Z,2483.98,18335034,2224.58,2500,2100,656
2026-09-01 05:52:20,2026-08-31T19:52:20.134Z,2481.07,17904221,2224.70,2500,2100,656
2026-09-01 06:07:20,2026-08-31T20:07:20.150Z,2479.53,17730004,2224.67,2500,2100,656
2026-09-01 06:22:20,2026-08-31T20:22:20.138Z,2481.98,18043223,2224.54,2500,2100,656
2026-09-01 06:37:20,2026-08-31T20:37:20.136Z,2470.55,16565945,2224.58,2500,2100,656
2026-09-01 06:52:20,2026-08-31T20:52:20.131Z,2471.86,16777266,2224.99,2500,2100,656
2026-09-01 07:07:20,2026-08-31T21:07:20.242Z,2470.19,16572078,2224.84,2500,2100,657
2026-09-01 07:22:20,2026-08-31T21:22:20.129Z,2472.11,16837277,2225.61,2500,2100,657
2026-09-01 07:37:20,2026-08-31T21:37:20.135Z,2481.88,18145788,2226.28,2500,2100,657
2026-09-01 07:52:20,2026-08-31T21:52:20.129Z,2479.55,17827272,2226.70,2500,2100,657
2026-09-01 08:07:20,2026-08-31T22:07:20.242Z,2477.14,17475004,2226.68,2500,2100,657
2026-09-01 08:22:20,2026-08-31T22:22:20.139Z,2470.58,16572672,2226.58,2500,2100,657
2026-09-01 08:37:20,2026-08-31T22:37:20.158Z,2469.15,16396152,2226.79,2500,2100,658
2026-09-01 08:52:20,2026-08-31T22:52:20.134Z,2468.23,16283672,2227.06,2500,2100,659
2026-09-01 09:07:20,2026-08-31T23:07:20.148Z,2465.09,15816880,2227.10,2500,2100,659
2026-09-01 09:22:20,2026-08-31T23:22:20.147Z,2464.92,15788323,2227.15,2500,2100,659
2026-09-01 09:37:20,2026-08-31T23:37:20.137Z,2463.91,15623456,2227.26,2500,2100,659
2026-09-01 09:52:20,2026-08-31T23:52:20.139Z,2466.81,16038948,2227.74,2500,2100,659
