20260909 140100;29855.5;29860;29851.75;29851.75;45
20260909 140200;29849.5;29849.75;29827.75;29827.75;46
20260909 140300;29831;29842;29829;29842;28
20260909 140400;29837.5;29864.25;29837.5;29864.25;66
20260909 140500;29866.75;29882;29860.25;29875.25;75
20260909 140600;29872;29888;29872;29882.5;50
20260909 140700;29881.75;29885;29872.25;29873.75;36
20260909 140800;29879.25;29879.25;29866;29872;26
20260909 140900;29872.5;29873;29863;29866.5;17
20260909 141000;29861.25;29866.5;29857.75;29866.5;16
20260909 141100;29868.5;29875;29865;29866;20
20260909 141200;29860;29860;29842.5;29845;28
20260909 141300;29847;29851.25;29840;29845.25;37
20260909 141400;29847;29857;29844.75;29857;15
20260909 141500;29854.75;29862;29852.5;29856.5;27
20260909 141600;29852.5;29856;29829.25;29830.25;43
20260909 141700;29830.25;29830.25;29801;29808.75;65
20260909 141800;29809;29816.75;29804.75;29810.75;28
20260909 141900;29807.75;29807.75;29793.5;29800.75;57
20260909 142000;29799;29802;29783.25;29796.5;45
20260909 142100;29798;29801.75;29787;29787.25;32
20260909 142200;29785;29788.25;29775;29780.5;36
20260909 142300;29774.5;29776.5;29763;29770;66
20260909 142400;29772.75;29772.75;29760.75;29767.5;35
20260909 142500;29767.25;29782.5;29755;29755;54
20260909 142600;29756;29785.75;29754;29785.75;39
20260909 142700;29783;29790;29778.25;29781;30
20260909 142800;29777.25;29797.5;29772.25;29797.5;29
20260909 142900;29789.5;29820.5;29789.5;29820.5;35
20260909 143000;29822;29832;29821.75;29826;35
20260909 143100;29826.75;29830;29814.5;29816.25;22
20260909 143200;29812.25;29812.5;29804.5;29810.25;16
20260909 143300;29813.25;29815.75;29797;29806.25;24
20260909 143400;29810;29812;29801;29805;10
20260909 143500;29797.75;29807.5;29797.75;29807.5;4
20260909 143600;29812;29820;29810;29811.25;6
20260909 143700;29815.5;29825.25;29810;29810.75;8
20260909 143800;29805.5;29805.5;29788;29793;28
20260909 143900;29791.75;29800;29791;29792;20
20260909 144000;29795;29817.25;29795;29817.25;12
20260909 144100;29817;29828;29810.25;29812.25;19
20260909 144200;29812;29820.5;29809.5;29820.5;12
20260909 144300;29817;29821;29810;29815.75;9
20260909 144400;29810.75;29824.75;29810.25;29824;20
20260909 144500;29821.25;29839;29821.25;29827;26
20260909 144600;29822;29832;29817.75;29831.5;9
20260909 144700;29831.75;29831.75;29823;29830.5;9
20260909 144800;29827.75;29830.75;29824.75;29829;4
20260909 144900;29825.75;29828.75;29820;29825.25;4
20260909 145000;29827.5;29835;29827.5;29835;4
20260909 145100;29834.5;29834.5;29831.5;29832;5
20260909 145200;29816;29816;29816;29816;2
20260909 145300;29813.25;29820.75;29800;29813;42
20260909 145400;29808;29809;29804.5;29809;4
20260909 145500;29806.25;29806.5;29799;29802.75;7
20260909 145600;29810.25;29816.5;29801.25;29805.75;21
20260909 145700;29801;29812.5;29801;29811.25;7
20260909 145800;29799.5;29808.75;29798.75;29808.75;6
20260909 145900;29810.25;29831.25;29810.25;29831.25;12
20260909 150000;29829.25;29829.25;29822;29823.5;5
20260909 150100;29824.75;29858;29811.75;29836.25;76
20260909 150200;29838;29853.25;29791.5;29800.5;41
20260909 150300;29807.25;29812.75;29787;29787;22
20260909 150400;29787.5;29793.5;29779.5;29787.75;28
20260909 150500;29787.25;29788;29777.5;29787;27
20260909 150600;29786;29798.75;29774.25;29777.25;43
20260909 150700;29770;29775.75;29765;29765;44
20260909 150800;29764;29775.25;29759.25;29770.5;57
20260909 150900;29768.25;29772.75;29760;29764.25;9
20260909 151000;29761.75;29761.75;29726.75;29733.5;129
20260909 151100;29734.5;29736.75;29722.25;29722.25;31
20260909 151200;29723.25;29723.25;29688;29688;103
20260909 151300;29687;29698;29682.75;29686.5;60
20260909 151400;29689;29701;29685;29689.75;37
20260909 151500;29691.75;29700.75;29687.75;29695.25;113
20260909 151600;29692.25;29708.25;29685;29700;113
20260909 151700;29696.5;29720;29694.5;29720;29
20260909 151800;29725;29728.75;29715.25;29720.75;27
20260909 151900;29721;29737.75;29721;29736.5;29
20260909 152000;29738;29744.75;29732.75;29739;30
20260909 152100;29734;29745;29730;29733.5;14
20260909 152200;29730;29730;29708.25;29708.25;33
20260909 152300;29714.75;29715;29689;29689;36
20260909 152400;29689;29691.75;29664;29667;64
20260909 152500;29664;29664;29652;29656.75;45
20260909 152600;29658.5;29670.5;29656.5;29667.5;77
20260909 152700;29668.25;29675;29665.5;29674.25;58
20260909 152800;29670;29677.25;29660;29677.25;43
20260909 152900;29671;29685;29671;29679.75;18
20260909 153000;29677.75;29685.25;29674.75;29683.75;17
20260909 153100;29685.75;29707.75;29684.25;29702;50
20260909 153200;29701;29701;29689.25;29696;15
20260909 153300;29692.75;29712.5;29692.75;29712.5;35
20260909 153400;29708.5;29720;29702.5;29720;22
20260909 153500;29721.75;29727.75;29716.75;29727.75;38
20260909 153600;29727.5;29735;29719.25;29725;24
20260909 153700;29730;29735.5;29730;29735.5;7
20260909 153800;29730;29730;29717.5;29717.5;21
20260909 153900;29715;29715;29700;29705;24
20260909 154000;29700;29766;29699.75;29766;79
20260909 154100;29767;29770;29730.75;29737.75;40
20260909 154200;29737.5;29737.5;29721.5;29722.75;28
20260909 154300;29721.75;29730;29721.75;29730;6
20260909 154400;29727.25;29733.5;29727.25;29732;9
20260909 154500;29729.75;29732.25;29725.75;29731;10
20260909 154600;29731.25;29732.25;29724.25;29724.25;12
20260909 154700;29723.5;29723.5;29720;29720;5
20260909 154800;29722.75;29730.5;29719.25;29727.25;14
20260909 154900;29727;29732;29723.25;29723.25;9
20260909 155000;29721.75;29736;29721.75;29733.75;17
20260909 155100;29731.25;29756.75;29730.75;29756.75;25
20260909 155200;29753.25;29754.5;29750;29750;7
20260909 155300;29747.5;29752;29744.25;29752;11
20260909 155400;29750;29755;29750;29755;10
20260909 155500;29751.75;29759.5;29750;29759.5;77
20260909 155600;29756.25;29756.25;29748;29748;14
20260909 155700;29736.25;29736.25;29728.5;29731;8
20260909 155800;29731.5;29734;29724.25;29724.25;6
20260909 155900;29724;29731.5;29724;29731.5;4
20260909 160000;29736;29743;29736;29740.25;9
20260909 160100;29739.75;29743.25;29736.5;29739;23
20260909 160200;29741.5;29748;29741.5;29748;5
20260909 160300;29740.25;29751.75;29740.25;29751.75;4
20260909 160400;29748.25;29748.25;29742.75;29742.75;2
20260909 160500;29746.25;29750;29746.25;29750;20
20260909 160600;29750;29753.75;29750;29753.75;5
20260909 160700;29745.5;29745.5;29741;29741;2
20260909 160800;29739;29739;29730;29730;3
20260909 160900;29728;29728;29716.25;29721;13
20260909 161000;29723.75;29724.5;29710;29710;18
20260909 161100;29707;29715.5;29705;29713.5;11
20260909 161200;29714.5;29714.5;29714.5;29714.5;1
20260909 161300;29720;29720;29717.75;29720;4
20260909 161400;29725;29725.5;29725;29725.5;2
20260909 161500;29716.5;29716.5;29710;29710;5
20260909 161600;29706.5;29706.75;29698;29698;18
20260909 161700;29701.25;29702;29696.75;29696.75;10
20260909 161800;29701.25;29701.25;29692.75;29692.75;22
20260909 161900;29697.75;29697.75;29694.75;29694.75;10
20260909 162000;29692.75;29693;29692.75;29693;2
20260909 162100;29693.25;29693.25;29690;29692.75;9
20260909 162200;29691.75;29700;29691.75;29700;9
20260909 162300;29695;29695.75;29689.25;29691.25;17
20260909 162400;29693;29693.75;29691.25;29693.75;4
20260909 162500;29697;29707.25;29695.5;29707.25;12
20260909 162600;29707.5;29713.25;29695.75;29697.5;35
20260909 162700;29695;29695;29686.25;29687;9
20260909 162800;29695;29695;29687.75;29690.25;10
20260909 162900;29687.5;29687.5;29685;29685;4
20260909 163000;29682;29686.5;29682;29685.25;15
20260909 163100;29695;29707.25;29695;29706.75;11
20260909 163200;29700;29709.75;29700;29709.75;3
20260909 163300;29713;29715;29705.75;29714;8
20260909 163400;29715.25;29720;29709.25;29720;17
20260909 163500;29724.5;29731.25;29722.75;29725;14
20260909 163600;29726.75;29728;29722.75;29722.75;17
20260909 163700;29721.5;29723.75;29720;29723.75;6
20260909 163800;29718.5;29724;29718.5;29724;3
20260909 163900;29723.5;29732;29723.5;29732;8
20260909 164000;29730.75;29737.75;29730.25;29737.75;7
20260909 164100;29736;29737;29735.5;29735.5;3
20260909 164200;29732.5;29739.75;29732.5;29739.75;2
20260909 164300;29733.5;29736.25;29733.5;29733.75;4
20260909 164400;29734;29742.5;29734;29742.5;10
20260909 164500;29739.75;29749.25;29738.25;29749.25;13
20260909 164600;29749.75;29749.75;29741;29741;5
20260909 164700;29737.75;29743.25;29736.75;29739.25;17
20260909 164800;29744.75;29752;29744.75;29752;4
20260909 164900;29753.75;29757.75;29750;29753.75;12
20260909 165000;29750.5;29750.5;29749;29749;16
20260909 165100;29754;29770.75;29754;29765.25;29
20260909 165200;29765.25;29769.25;29764;29766;11
20260909 165300;29766.5;29766.5;29760.75;29764.75;7
20260909 165400;29766.5;29766.5;29760.5;29760.5;2
20260909 165500;29761.5;29765.25;29758.25;29758.25;8
20260909 165600;29756;29765.25;29753.5;29753.5;7
20260909 165700;29758.25;29762;29758.25;29762;4
20260909 165800;29758.75;29758.75;29758;29758;3
20260909 165900;29759;29759;29759;29759;3
20260909 170000;29755;29755;29750;29750;9
20260909 170100;29753;29753;29741.5;29741.5;6
20260909 170200;29748;29748;29747.5;29747.5;3
20260909 170300;29747.25;29768.75;29747.25;29762.5;28
20260909 170400;29765;29767;29755.5;29755.5;9
20260909 170500;29755.5;29755.5;29739.75;29739.75;25
20260909 170600;29745.75;29749.5;29743.25;29749.5;6
20260909 170700;29757.5;29760.25;29757.5;29759.25;6
20260909 170800;29756.5;29756.75;29754;29756.75;5
20260909 170900;29754.75;29754.75;29754;29754;4
20260909 171000;29756;29756;29753.5;29753.5;2
20260909 171100;29749.5;29749.5;29749.5;29749.5;5
20260909 171200;29755;29759.25;29755;29759.25;3
20260909 171300;29757.25;29757.25;29757.25;29757.25;1
20260909 171400;29759;29763.5;29759;29760.75;6
20260909 171500;29766;29775;29766;29768.5;23
20260909 171600;29771.25;29777.5;29769.75;29777.5;12
20260909 171700;29773.25;29773.25;29765;29765;8
20260909 171800;29764.25;29768.25;29761.75;29768.25;10
20260909 171900;29768.25;29768.25;29767.5;29767.5;3
20260909 172000;29760;29760;29756.5;29756.5;3
20260909 172100;29750;29750.5;29749;29749;7
20260909 172200;29756;29756;29756;29756;1
20260909 172300;29755;29757.25;29752.25;29757.25;9
20260909 172400;29755.5;29761.5;29755.25;29761.25;8
20260909 172600;29760;29760.25;29760;29760.25;2
20260909 172700;29763;29763;29754;29757;5
20260909 172800;29758;29758;29758;29758;1
20260909 172900;29751.5;29751.5;29751.5;29751.5;1
20260909 173000;29751;29751;29745;29745;13
20260909 173100;29744;29749;29744;29749;3
20260909 173200;29750.5;29750.5;29738;29738;14
20260909 173300;29736.5;29739;29736.5;29736.75;5
20260909 173400;29747;29747;29746;29746;3
20260909 173500;29750.25;29750.25;29750.25;29750.25;1
20260909 173600;29750.25;29750.25;29750.25;29750.25;1
20260909 173800;29741;29743.75;29734.5;29734.5;9
20260909 173900;29732.75;29734;29723.25;29726.5;19
20260909 174100;29730;29735;29730;29734.25;7
20260909 174200;29735;29735;29735;29735;1
20260909 174300;29740;29740.25;29740;29740.25;2
20260909 174400;29742.5;29747.75;29742.5;29747.75;3
20260909 174500;29748.75;29751.25;29748.75;29751;9
20260909 174600;29751.5;29754;29749.25;29754;13
20260909 174700;29753.25;29763.5;29753.25;29762;6
20260909 174800;29763.75;29767.5;29763.5;29767.5;19
20260909 174900;29760.5;29760.5;29754.75;29755.75;7
20260909 175000;29757.5;29757.5;29757.5;29757.5;8
20260909 175100;29761.75;29763.75;29759.75;29759.75;7
20260909 175200;29760.75;29760.75;29760.75;29760.75;1
20260909 175300;29762;29762;29762;29762;1
20260909 175400;29772;29772;29772;29772;10
20260909 175500;29775;29776;29773.5;29775.5;7
20260909 175600;29772.75;29775.75;29772.75;29773.25;5
20260909 175700;29773;29773;29769;29769;3
20260909 175800;29767.25;29767.25;29767.25;29767.25;1
20260909 175900;29765;29765;29765;29765;1
20260909 180000;29765;29765;29765;29765;2
20260909 180200;29761;29764.25;29761;29764.25;10
20260909 180300;29760.5;29760.5;29760.5;29760.5;1
20260909 180400;29764;29764;29764;29764;8
20260909 180500;29763.25;29763.25;29763.25;29763.25;1
20260909 180600;29760;29760;29758.5;29758.5;3
20260909 180700;29755.75;29755.75;29752;29753.5;4
20260909 180800;29752.25;29755.75;29750.25;29750.25;7
20260909 180900;29745.25;29745.25;29745;29745;2
20260909 181000;29747.5;29747.75;29745.25;29745.75;6
20260909 181100;29748.25;29748.5;29742.75;29742.75;11
20260909 181200;29740;29740;29740;29740;2
20260909 181300;29740.75;29740.75;29740;29740;2
20260909 181400;29742.75;29745.25;29739.75;29740.5;10
20260909 181500;29742.25;29742.25;29742.25;29742.25;1
20260909 181600;29734;29734.75;29733;29734.25;6
20260909 181700;29731;29735.25;29729.5;29735.25;9
20260909 181800;29741;29741;29740.25;29740.25;2
20260909 181900;29737.75;29746.25;29737.75;29746.25;7
20260909 182000;29744;29745;29734;29734;3
20260909 182100;29743;29743;29743;29743;1
20260909 182200;29746.5;29746.75;29742.5;29742.5;6
20260909 182400;29748.5;29750.25;29748.5;29750.25;3
20260909 182500;29752;29752;29752;29752;2
20260909 182800;29755.25;29755.5;29755.25;29755.5;4
20260909 182900;29744.5;29744.5;29744;29744;3
20260909 183100;29747.25;29747.25;29746.75;29746.75;2
20260909 183300;29740;29742.75;29740;29742.75;2
20260909 183400;29750;29753.75;29750;29753.75;3
20260909 183500;29750.25;29750.25;29750.25;29750.25;2
20260909 183700;29748.5;29750.75;29748.25;29750.75;3
20260909 183800;29750.25;29750.25;29750.25;29750.25;1
20260909 184000;29755.25;29755.25;29755.25;29755.25;1
20260909 184100;29760;29760;29758.75;29758.75;7
20260909 184200;29758.5;29759.5;29758.5;29759.5;3
20260909 184300;29758.5;29759.25;29758.5;29759.25;3
20260909 184400;29762.5;29762.5;29762.5;29762.5;1
20260909 184600;29760.25;29760.25;29760.25;29760.25;1
20260909 184900;29757;29757.75;29755;29755;5
20260909 185400;29765;29765;29765;29765;1
20260909 185500;29761.75;29761.75;29761.75;29761.75;1
20260909 185600;29761.75;29766;29761.25;29761.5;10
20260909 185800;29751.25;29751.25;29750;29750;3
20260909 185900;29745;29745;29745;29745;1
20260909 190000;29748;29748;29748;29748;2
20260909 190100;29739;29740;29735;29737.75;8
20260909 190200;29741.5;29741.5;29734;29734.5;7
20260909 190300;29732.25;29732.25;29727;29727.25;13
20260909 190500;29728.25;29728.25;29726;29726.75;13
20260909 190600;29731.5;29731.5;29731.5;29731.5;2
20260909 190700;29727;29733;29725.75;29733;9
20260909 190800;29740;29744;29739.75;29744;10
20260909 190900;29746;29748;29746;29748;5
20260909 191000;29742.5;29747.75;29741.25;29747.75;4
20260909 191100;29744.25;29744.25;29744.25;29744.25;1
20260909 191200;29748;29748;29748;29748;1
20260909 191500;29743.75;29743.75;29743.75;29743.75;1
20260909 191600;29747.75;29757;29747.75;29757;9
20260909 191700;29754.75;29756.75;29753.5;29753.75;5
20260909 191800;29750.75;29750.75;29750.75;29750.75;1
20260909 191900;29758.25;29763;29758.25;29763;7
20260909 192000;29760.25;29760.25;29760.25;29760.25;1
20260909 192200;29756.75;29760.75;29756.75;29760.75;6
20260909 192300;29760.25;29760.25;29757.5;29757.5;6
20260909 192400;29760;29760;29760;29760;1
20260909 192700;29757.75;29757.75;29757.75;29757.75;1
20260909 193100;29747;29751.25;29747;29750.5;19
20260909 193200;29747.5;29747.5;29747.5;29747.5;1
20260909 193300;29740;29740;29740;29740;1
20260909 193400;29742;29743.75;29742;29743.75;4
20260909 193700;29740;29741;29737;29737;7
20260909 193800;29734.5;29734.5;29734;29734;7
20260909 193900;29734.5;29737.5;29734.5;29737.5;4
20260909 194000;29735.25;29735.25;29735.25;29735.25;1
20260909 194100;29736;29738.75;29736;29738.75;20
20260909 194400;29732.75;29735;29732.75;29735;3
20260909 194500;29739.75;29739.75;29739.75;29739.75;2
20260909 194600;29740.75;29743;29740.75;29743;8
20260909 194700;29735;29735;29735;29735;1
20260909 194800;29738.75;29738.75;29735;29735;2
20260909 194900;29738.75;29741.5;29738.75;29741.5;5
20260909 195000;29743.5;29744.5;29739.75;29739.75;4
20260909 195100;29741.25;29742.75;29740;29740;11
20260909 195200;29730;29731;29727;29727;7
20260909 195300;29735;29735;29732.75;29732.75;4
20260909 195400;29731;29734.25;29731;29732.75;14
20260909 195500;29739.25;29740;29736.5;29736.5;13
20260909 195600;29734.25;29734.25;29719;29724.25;48
20260909 195700;29729;29729;29729;29729;4
20260909 195800;29724.5;29724.5;29724.5;29724.5;1
20260909 195900;29729;29730.25;29729;29730.25;6
20260909 200000;29737.25;29749.75;29729.75;29748.75;70
20260909 200100;29749;29752;29745.25;29745.25;24
20260909 200300;29737.75;29739.25;29737.25;29739.25;16
20260909 200400;29736.25;29737;29733.75;29736;52
20260909 200500;29730.25;29730.5;29730.25;29730.5;3
20260909 200700;29737;29737;29737;29737;1
20260909 200800;29736.5;29736.5;29736.5;29736.5;1
20260909 200900;29743.25;29743.25;29743.25;29743.25;1
20260909 201000;29745;29745;29742;29743.75;3
20260909 201100;29744.25;29744.25;29741.5;29741.5;4
20260909 201200;29743;29746.25;29743;29746.25;5
20260909 201300;29743;29743;29743;29743;1
20260909 201400;29747;29750;29747;29750;3
20260909 201500;29747.25;29747.25;29747.25;29747.25;1
20260909 201600;29741;29745.5;29741;29745.5;2
20260909 201700;29739;29739;29739;29739;1
20260909 202300;29744;29746;29743.5;29746;5
20260909 202700;29746;29746;29746;29746;1
20260909 202900;29744;29744;29744;29744;1
20260909 203100;29742;29742;29741;29741;3
20260909 203200;29745;29745.25;29745;29745.25;2
20260909 203300;29743.5;29743.5;29743.5;29743.5;1
20260909 203400;29743.5;29743.75;29743.5;29743.75;3
20260909 203500;29746.25;29746.25;29746.25;29746.25;4
20260909 203600;29747;29747;29747;29747;1
20260909 203700;29750;29752.75;29750;29752.75;6
20260909 203900;29748.75;29750;29748.75;29750;2
20260909 204000;29748.75;29748.75;29748.75;29748.75;1
20260909 204100;29749.25;29749.25;29749.25;29749.25;1
20260909 204200;29750;29750;29750;29750;1
20260909 204400;29749.5;29749.5;29749.5;29749.5;1
20260909 204500;29747.25;29747.25;29747.25;29747.25;2
20260909 204600;29747;29747;29747;29747;1
20260909 204700;29747.25;29747.25;29747.25;29747.25;2
20260909 204800;29749;29749;29749;29749;4
20260909 204900;29746;29746;29746;29746;2
20260909 205000;29745.5;29745.5;29744.5;29744.5;6
20260909 205300;29747.75;29747.75;29747.75;29747.75;1
20260909 205500;29742.5;29742.5;29742.5;29742.5;1
20260909 205600;29742.75;29749.75;29742.75;29749.75;3
20260909 205700;29749.75;29749.75;29745;29745;2
20260909 210000;29745.5;29750;29745.5;29749;8
20260909 220100;29757.75;29757.75;29757.75;29757.75;9
20260909 220200;29757.75;29768;29755;29755;7
20260909 220300;29753.75;29753.75;29729.75;29729.75;12
20260909 220400;29730;29741;29730;29733;4
20260909 220500;29743;29743;29730;29730;11
20260909 220600;29730;29730;29729;29729;2
20260909 220700;29728;29730.5;29723.75;29723.75;4
20260909 220800;29726;29726;29722.25;29722.25;3
20260909 221000;29720;29721.25;29720;29721.25;4
20260909 221100;29732.25;29734.75;29730.5;29730.5;3
20260909 221200;29725.25;29725.25;29723.75;29723.75;4
20260909 221300;29728.25;29731;29728.25;29728.5;4
20260909 221400;29726.5;29726.5;29721.75;29721.75;4
20260909 221500;29723;29723;29723;29723;1
20260909 221600;29722.5;29723.75;29720.25;29723.75;6
20260909 221800;29721.25;29721.25;29721.25;29721.25;1
20260909 222100;29719;29719;29719;29719;1
20260909 222200;29723.25;29723.25;29723.25;29723.25;1
20260909 222300;29723.25;29723.25;29723.25;29723.25;2
20260909 222400;29720.5;29723.5;29720.5;29723.5;2
20260909 222500;29722;29722;29722;29722;1
20260909 222800;29726;29726;29726;29726;1
20260909 222900;29727.5;29727.5;29722.5;29724.5;11
20260909 223000;29722.75;29724;29721.5;29724;7
20260909 223200;29731;29731;29726;29726;8
20260909 223500;29726;29726;29726;29726;1
20260909 223600;29729;29729;29729;29729;1
20260909 223800;29729.5;29729.5;29727;29727.25;4
20260909 224000;29727.75;29727.75;29727.75;29727.75;1
20260909 224200;29727.75;29728.5;29727.75;29728.5;4
20260909 224400;29728.5;29730.75;29728.5;29730.75;2
20260909 224500;29730;29730;29728.75;29728.75;5
20260909 224700;29728;29728;29728;29728;1
20260909 225200;29725;29725;29722.25;29722.25;3
20260909 225300;29723.75;29725;29723.75;29725;3
20260909 225500;29722;29723;29721.75;29723;6
20260909 225600;29724;29724;29724;29724;1
20260909 225700;29720;29720;29720;29720;1
20260909 225800;29721;29721.5;29720.5;29720.5;4
20260909 225900;29721.5;29723.5;29721.5;29723.5;2
20260909 230400;29724;29725.5;29724;29725.5;2
20260909 230600;29723.5;29723.5;29723.5;29723.5;2
20260909 230700;29722.25;29722.5;29722.25;29722.5;3
20260909 230800;29720.5;29720.5;29720.5;29720.5;1
20260909 230900;29720.5;29720.5;29720.5;29720.5;1
20260909 231000;29714;29714;29714;29714;1
20260909 231200;29716.75;29716.75;29716.75;29716.75;1
20260909 231300;29715;29715;29715;29715;2
20260909 231400;29714.5;29714.5;29714.5;29714.5;1
20260909 231500;29716.25;29716.25;29716.25;29716.25;1
20260909 231600;29714;29714;29711.75;29711.75;8
20260909 231700;29716.25;29718.75;29716.25;29718.75;2
20260909 231800;29719.25;29719.25;29719.25;29719.25;1
20260909 232100;29720.75;29720.75;29718;29718;2
20260909 232800;29718;29718;29717.75;29717.75;2
20260909 233000;29718.5;29718.5;29718.5;29718.5;1
20260909 233600;29722;29722;29722;29722;1
20260909 233900;29721;29721;29721;29721;3
20260909 234000;29720.5;29720.5;29720.5;29720.5;1
20260909 234200;29722;29722;29720;29720;6
20260909 234400;29720.25;29722;29720.25;29722;2
20260909 234500;29723.75;29725.25;29723.75;29725.25;10
20260909 234600;29723.75;29729.25;29723.75;29728.25;6
20260909 234800;29727.75;29727.75;29727.75;29727.75;1
20260909 234900;29723.5;29728.25;29723.5;29728.25;2
20260909 235000;29728;29728;29728;29728;1
20260909 235200;29731;29734;29731;29734;4
20260909 235300;29737.25;29744.5;29737.25;29742.5;10
20260909 235400;29741.5;29744;29739.75;29742.75;12
20260909 235500;29749.75;29764;29749.75;29760.75;13
20260909 235600;29762.75;29762.75;29749;29749;5
20260909 235700;29752.75;29752.75;29752.75;29752.75;2
20260909 235800;29749;29749;29749;29749;1
20260909 235900;29748.25;29751.75;29748.25;29749.75;5
20260910 000100;29760;29760;29749.25;29757.25;7
20260910 000200;29760.5;29761.75;29760;29760.75;10
20260910 000300;29755.25;29761.25;29755;29755;7
20260910 000400;29753.75;29756;29753.75;29756;7
20260910 000500;29760;29765;29760;29763.5;8
20260910 000600;29770;29770.25;29770;29770.25;3
20260910 000700;29770.75;29775;29770.75;29775;5
20260910 000800;29773.5;29774;29770;29774;11
20260910 000900;29774;29774;29765;29765;7
20260910 001000;29768;29768.75;29767;29767.5;5
20260910 001100;29767;29767;29764.5;29764.5;5
20260910 001200;29769.25;29770.25;29760;29760;5
20260910 001300;29760.5;29760.5;29753.75;29753.75;11
20260910 001400;29753;29753.5;29745;29745.25;22
20260910 001500;29743;29743;29737;29738;7
20260910 001600;29742;29760.25;29742;29760.25;5
20260910 001700;29761.75;29761.75;29760.75;29760.75;7
20260910 001800;29763;29763;29763;29763;1
20260910 001900;29767.5;29768;29765;29768;6
20260910 002000;29767.75;29767.75;29760;29760;4
20260910 002200;29755.5;29764.5;29755;29764.5;7
20260910 002300;29765;29765.25;29765;29765.25;5
20260910 002400;29765.25;29765.25;29760.5;29760.5;5
20260910 002500;29762.5;29762.5;29759.75;29759.75;5
20260910 002600;29760;29760;29760;29760;1
20260910 002700;29750;29751.75;29750;29751.75;2
20260910 002800;29764.75;29764.75;29764.75;29764.75;1
20260910 002900;29766;29770;29766;29769.75;6
20260910 003000;29769.75;29769.75;29768.25;29769.25;13
20260910 003100;29769.75;29769.75;29766.75;29767.25;10
20260910 003200;29762.5;29765.25;29762.25;29765.25;7
20260910 003300;29764.75;29764.75;29758.25;29758.25;13
20260910 003400;29754.75;29754.75;29750;29750;4
20260910 003500;29752;29753.75;29752;29752.25;3
20260910 003600;29748.5;29751.5;29748;29750;8
20260910 003700;29756.25;29756.25;29756.25;29756.25;1
20260910 003900;29749;29749;29749;29749;1
20260910 004000;29749.5;29749.5;29749;29749;5
20260910 004100;29746.75;29746.75;29746.75;29746.75;3
20260910 004200;29740;29741;29739;29741;14
20260910 004300;29741;29741;29736.75;29736.75;14
20260910 004500;29744.25;29751.5;29744.25;29751.5;11
20260910 004600;29748;29748;29740;29740;3
20260910 004700;29739.75;29739.75;29729;29730.75;29
20260910 004800;29734.75;29740.5;29734.75;29740.5;11
20260910 004900;29740;29740;29734.5;29734.5;6
20260910 005100;29728.25;29728.25;29717.75;29718.5;10
20260910 005200;29718.5;29723;29718.5;29723;8
20260910 005300;29725;29730;29725;29730;2
20260910 005500;29726;29726;29720;29720;5
20260910 005600;29719.25;29719.25;29719.25;29719.25;1
20260910 005700;29717.25;29723;29711.5;29711.5;16
20260910 005800;29712;29712;29703.75;29710.25;47
20260910 005900;29710;29716.25;29710;29716.25;3
20260910 010000;29705.25;29712.75;29705;29707;8
20260910 010100;29709.75;29718.75;29707;29718.75;7
20260910 010200;29720;29721;29703.75;29705;28
20260910 010300;29701.5;29705;29699;29700;25
20260910 010400;29701.25;29705;29701;29705;7
20260910 010500;29708;29710;29703.25;29703.25;3
20260910 010600;29708.75;29716;29708.75;29710.75;17
20260910 010700;29700;29706.75;29696.75;29701.5;13
20260910 010800;29700.75;29710.25;29700;29710.25;7
20260910 010900;29710;29712.5;29710;29712.5;7
20260910 011000;29707;29707;29707;29707;1
20260910 011100;29702.25;29708;29702.25;29702.25;5
20260910 011200;29700;29703.75;29698.75;29703.75;5
20260910 011300;29705;29705;29689;29689;20
20260910 011400;29690.5;29693;29683.25;29693;11
20260910 011500;29694.25;29702.5;29694.25;29702.5;15
20260910 011600;29690.25;29695;29690;29690;12
20260910 011700;29692;29692;29685;29687.5;5
20260910 011800;29688.5;29690.5;29688;29690.5;3
20260910 011900;29690.5;29699.25;29690;29699.25;18
20260910 012100;29709;29709;29678.5;29682;36
20260910 012200;29682.25;29684;29682.25;29683.25;6
20260910 012300;29683.5;29683.5;29675.75;29680.25;15
20260910 012400;29686.5;29689.25;29683.75;29685;19
20260910 012500;29684;29684;29678.25;29680.5;15
20260910 012600;29680.75;29687;29680.25;29687;8
20260910 012700;29683;29683;29676.75;29676.75;5
20260910 012800;29676;29679.25;29675.25;29679.25;19
20260910 012900;29674;29674.75;29667.5;29670;9
20260910 013000;29669;29671;29666;29671;23
20260910 013100;29671;29676.5;29671;29674.75;10
20260910 013200;29675;29676;29669;29669;8
20260910 013300;29676;29676;29670;29670;4
20260910 013400;29669.5;29669.75;29667.75;29669.75;6
20260910 013500;29665;29665;29658.5;29660.75;18
20260910 013600;29659.5;29662.5;29659.5;29660.5;17
20260910 013700;29660.75;29661.25;29658;29658;7
20260910 013800;29661.75;29663.25;29659.75;29663.25;8
20260910 013900;29665.75;29666;29664.25;29664.25;4
20260910 014000;29666;29675.5;29666;29675.5;9
20260910 014100;29677;29686.5;29675.75;29686.5;11
20260910 014200;29684.25;29687.5;29678.75;29687.5;6
20260910 014300;29689.75;29689.75;29680;29680;14
20260910 014400;29684.25;29685.75;29682;29685.75;4
20260910 014500;29685.5;29694.25;29685.5;29694.25;4
20260910 014600;29693.25;29696;29687.25;29696;8
20260910 014700;29698;29700.5;29697;29697;6
20260910 014800;29702.5;29708.5;29701.5;29708.5;13
20260910 014900;29710;29710;29702.75;29705;10
20260910 015000;29704.25;29704.25;29704.25;29704.25;1
20260910 015100;29708.75;29710;29708.75;29710;2
20260910 015200;29707.5;29707.5;29699.75;29700.25;6
20260910 015300;29701.5;29701.5;29701.5;29701.5;1
20260910 015400;29696;29696;29683.5;29683.5;12
20260910 015500;29682;29682;29680;29680.25;3
20260910 015600;29691;29691.5;29689.25;29689.25;5
20260910 015700;29695;29695;29690.5;29690.5;4
20260910 015900;29703.5;29703.5;29703.5;29703.5;1
20260910 020000;29705.75;29705.75;29705.75;29705.75;1
20260910 020100;29703.75;29703.75;29695.25;29695.25;3
20260910 020200;29700.5;29700.5;29696;29696;2
20260910 020300;29693.25;29693.25;29693.25;29693.25;2
20260910 020400;29693.5;29693.5;29693.5;29693.5;4
20260910 020500;29694.5;29694.5;29694.5;29694.5;1
20260910 020700;29702.25;29702.25;29700;29700;2
20260910 020800;29700;29700.75;29700;29700.5;4
20260910 020900;29691;29691;29688.75;29690;5
20260910 021000;29690;29690.5;29688.25;29689.5;8
20260910 021100;29681.75;29681.75;29681.75;29681.75;1
20260910 021200;29672;29680.25;29669;29679.5;16
20260910 021300;29677.5;29677.5;29672;29673;9
20260910 021400;29674.75;29680;29673.75;29680;8
20260910 021500;29681.5;29686.75;29681.5;29686.75;9
20260910 021600;29684;29688;29684;29686;12
20260910 021700;29682;29682;29670;29670;5
20260910 021800;29672;29672;29668;29671;6
20260910 021900;29672.5;29672.5;29669.75;29669.75;2
20260910 022000;29670.75;29670.75;29670.75;29670.75;1
20260910 022100;29677.25;29677.25;29677.25;29677.25;1
20260910 022200;29675.75;29676.75;29672.25;29672.25;3
20260910 022300;29676.25;29682.75;29676.25;29682.75;4
20260910 022400;29683;29683;29683;29683;1
20260910 022500;29684.75;29684.75;29684.75;29684.75;1
20260910 022600;29680.25;29680.25;29676.5;29676.5;14
20260910 022700;29672.5;29672.5;29668.75;29669.75;9
20260910 022800;29668.5;29672.75;29668;29672.75;4
20260910 022900;29675;29675;29675;29675;1
20260910 023000;29670;29670;29670;29670;1
20260910 023100;29673.75;29678.25;29670.5;29677;9
20260910 023200;29678.25;29678.25;29678.25;29678.25;1
20260910 023300;29679.5;29681.25;29679.5;29681.25;2
20260910 023400;29680;29680;29678.25;29679.75;3
20260910 023500;29680.75;29689.25;29680.75;29689.25;4
20260910 023600;29689.75;29693.5;29687.25;29693.5;18
20260910 023700;29689.25;29689.25;29689.25;29689.25;1
20260910 023800;29689.5;29689.5;29689.25;29689.25;3
20260910 023900;29691;29701;29691;29701;14
20260910 024000;29699.5;29707.5;29699.25;29705;15
20260910 024100;29706.25;29709;29706.25;29708.75;5
20260910 024200;29708;29708;29705.25;29707.5;7
20260910 024400;29713;29714;29713;29713;14
20260910 024600;29710.25;29714;29709;29710.75;11
20260910 024700;29710.5;29710.5;29707.25;29708.75;3
20260910 024800;29708.25;29710;29708.25;29710;7
20260910 024900;29700;29708;29700;29707;6
20260910 025000;29705.25;29705.25;29703.5;29704;5
20260910 025100;29707;29708.25;29706.75;29707;8
20260910 025200;29709.75;29711;29709.5;29709.5;5
20260910 025300;29710;29710.25;29710;29710.25;3
20260910 025400;29715;29715.75;29715;29715.75;2
20260910 025500;29715.75;29715.75;29715.75;29715.75;3
20260910 025600;29712;29712;29705;29705;4
20260910 025900;29707.25;29707.25;29707.25;29707.25;1
20260910 030000;29707.75;29707.75;29707.75;29707.75;1
20260910 030100;29715;29718;29713.25;29713.25;8
20260910 030200;29717;29720;29716.75;29720;10
20260910 030300;29720.25;29722;29720.25;29720.25;4
20260910 030400;29716;29726;29716;29726;9
20260910 030500;29726.75;29728;29726.75;29728;7
20260910 030600;29722.5;29722.75;29722.5;29722.75;3
20260910 030700;29722;29722;29721.25;29721.25;7
20260910 030900;29722;29723.25;29722;29723.25;3
20260910 031100;29723;29727;29723;29725.5;9
20260910 031200;29727.5;29727.5;29727.5;29727.5;1
20260910 031300;29720.5;29722;29720.5;29722;6
20260910 031500;29716.5;29716.5;29713.25;29713.25;3
20260910 031600;29714.25;29714.25;29714;29714;4
20260910 031700;29712.75;29717;29712.75;29714.75;4
20260910 032000;29709.75;29713.75;29709.75;29712.75;4
20260910 032100;29721;29722;29721;29722;5
20260910 032200;29711;29711;29706;29706;4
20260910 032300;29704.25;29704.25;29699.75;29699.75;5
20260910 032400;29697;29698.25;29694;29695.75;12
20260910 032500;29696.75;29698;29695;29695;13
20260910 032600;29698;29698;29695.75;29695.75;2
20260910 032700;29694;29694;29684;29684;11
20260910 032800;29687;29688.25;29687;29688.25;3
20260910 032900;29686.25;29688.5;29686.25;29688.5;4
20260910 033000;29697.5;29698;29697.5;29698;3
20260910 033100;29694.5;29700.75;29694.5;29700.75;5
20260910 033200;29704.75;29704.75;29702;29702;3
20260910 033300;29703.5;29703.5;29700.75;29701;3
20260910 033400;29702.25;29702.25;29702.25;29702.25;1
20260910 033500;29700;29704;29700;29702.25;4
20260910 033600;29693;29693;29693;29693;2
20260910 033800;29696.25;29696.25;29696.25;29696.25;1
20260910 034100;29701.5;29701.5;29701.5;29701.5;1
20260910 034200;29702.25;29702.75;29702.25;29702.25;5
20260910 034300;29706.75;29706.75;29706.5;29706.5;2
20260910 034400;29706;29706;29706;29706;1
20260910 034500;29706;29706;29706;29706;1
20260910 034600;29708.25;29708.5;29708.25;29708.5;2
20260910 034700;29714;29718.5;29714;29718.5;2
20260910 034900;29720.25;29720.25;29718;29718;9
20260910 035000;29721.25;29721.5;29721.25;29721.5;2
20260910 035100;29720.75;29720.75;29710.5;29710.5;27
20260910 035200;29713.75;29714;29713.75;29714;2
20260910 035300;29714;29714;29710;29712;8
20260910 035400;29711.75;29711.75;29709.75;29710;6
20260910 035500;29711.5;29717.5;29710.5;29716;21
20260910 035600;29716;29716;29716;29716;3
20260910 035700;29716;29717.25;29714.5;29714.5;16
20260910 035900;29714.75;29716.75;29714.5;29716.75;5
20260910 040000;29718;29720.25;29718;29720.25;4
20260910 040100;29722;29722;29719.75;29719.75;2
20260910 040200;29719.5;29719.5;29718.5;29718.5;2
20260910 040300;29718.5;29722.75;29718.5;29720.75;6
20260910 040400;29719.5;29726.25;29719;29725.75;23
20260910 040500;29724.25;29726.25;29723;29726.25;11
20260910 040600;29725.5;29727.25;29725.5;29727.25;8
20260910 040700;29723;29723;29721.5;29722;4
20260910 040800;29725.5;29725.5;29724.75;29724.75;2
20260910 040900;29724;29724;29721.25;29721.25;3
20260910 041000;29720.25;29720.25;29718.75;29718.75;3
20260910 041200;29720.75;29720.75;29720;29720;3
20260910 041300;29721.5;29721.5;29721.5;29721.5;1
20260910 041400;29720.5;29722;29719;29719.25;7
20260910 041500;29719.25;29723;29719.25;29721.75;3
20260910 041600;29722.75;29725;29722.5;29725;5
20260910 041800;29723.75;29723.75;29720.75;29721.5;11
20260910 041900;29722.25;29722.25;29721.25;29722;15
20260910 042100;29720.75;29720.75;29717;29717;4
20260910 042300;29721;29724.5;29721;29724.25;4
20260910 042400;29726.5;29726.75;29726.5;29726.75;3
20260910 042500;29724.25;29727;29724.25;29727;8
20260910 043000;29729.25;29729.25;29728;29728;3
20260910 043300;29730.25;29730.25;29727.75;29727.75;2
20260910 043500;29728;29730;29728;29730;2
20260910 043800;29729.75;29734;29729.75;29734;13
20260910 043900;29733.25;29733.25;29731;29732.5;5
20260910 044000;29735.75;29736.25;29735.75;29736.25;13
20260910 044200;29738;29738.25;29735.5;29738.25;7
20260910 044300;29736.25;29736.25;29732.25;29732.25;22
20260910 044400;29732.5;29734;29727.75;29729.25;23
20260910 044500;29727.25;29728;29727;29727.75;6
20260910 044600;29728.25;29731;29726.5;29728.25;29
20260910 044700;29729.5;29737;29729.5;29737;5
20260910 044800;29736.25;29738;29736.25;29738;3
20260910 044900;29740;29740.75;29736.5;29736.75;7
20260910 045000;29737.75;29737.75;29736.5;29736.5;2
20260910 045100;29741;29749.75;29741;29746.5;13
20260910 045200;29750;29751.25;29748.25;29748.25;19
20260910 045300;29748.5;29748.5;29745.5;29745.5;3
20260910 045400;29747;29747;29745.75;29746.75;3
20260910 045500;29752.25;29755;29752.25;29754.5;12
20260910 045600;29746.5;29746.5;29746.5;29746.5;3
20260910 045700;29743;29743;29743;29743;1
20260910 045800;29748.5;29750;29748.5;29750;4
20260910 045900;29753;29754.25;29752.5;29752.5;5
20260910 050100;29753.25;29762;29752.5;29762;22
20260910 050300;29757.75;29757.75;29757.75;29757.75;1
20260910 050400;29755;29755.25;29754;29755.25;3
20260910 050500;29750.5;29750.5;29750;29750;2
20260910 050600;29747.5;29747.5;29745;29745;3
20260910 050700;29750;29750;29743.75;29744.5;3
20260910 050800;29745;29745;29745;29745;4
20260910 050900;29746.5;29750;29746.5;29747;5
20260910 051000;29745.5;29745.5;29744.75;29744.75;10
20260910 051100;29745.75;29746.5;29745.75;29746.5;5
20260910 051200;29743.75;29744;29743.5;29743.5;13
20260910 051300;29745.75;29745.75;29745.75;29745.75;2
20260910 051400;29743.25;29747.5;29743.25;29747;4
20260910 051500;29745.75;29745.75;29745.75;29745.75;1
20260910 051600;29752.25;29752.25;29752;29752;2
20260910 051700;29749.75;29752.75;29749.75;29752.75;9
20260910 051800;29751.5;29752;29751.25;29752;4
20260910 051900;29749.75;29749.75;29749.25;29749.25;8
20260910 052100;29752.25;29752.25;29752.25;29752.25;1
20260910 052200;29754.25;29757.5;29754.25;29757;3
20260910 052300;29758.75;29758.75;29757.25;29757.25;4
20260910 052400;29758;29759.75;29758;29759.5;10
20260910 052500;29758.25;29759.25;29757;29757;7
20260910 052600;29759.75;29762.25;29759.75;29762.25;3
20260910 052700;29757.25;29758;29756.5;29757.25;19
20260910 052800;29759.75;29759.75;29759.75;29759.75;1
20260910 052900;29762.75;29786;29761.75;29783.25;141
20260910 053000;29782.5;29785.75;29779.5;29783.5;137
20260910 053100;29787;29788.25;29776.75;29778;25
20260910 053200;29780.5;29785.25;29780;29785.25;7
20260910 053300;29783.5;29783.5;29778.75;29782.75;12
20260910 053400;29787;29787;29780;29780;7
20260910 053600;29786;29792;29785;29792;23
20260910 053700;29791.25;29792;29788;29789.25;13
20260910 053800;29790.5;29791;29789;29791;7
20260910 053900;29785.75;29785.75;29783.25;29783.5;3
20260910 054000;29778.5;29778.5;29775.25;29775.5;4
20260910 054100;29779.25;29780;29779;29779;3
20260910 054200;29779.75;29785;29778.75;29785;12
20260910 054300;29782.5;29783;29782.5;29783;5
20260910 054500;29783.5;29783.5;29781.5;29781.5;3
20260910 054600;29781.75;29792;29781.75;29792;6
20260910 054700;29789.5;29802;29789.5;29800;21
20260910 054800;29799.25;29800;29792;29792;9
20260910 055000;29786.75;29786.75;29786.75;29786.75;1
20260910 055100;29785;29785;29777.5;29778.75;8
20260910 055200;29777.25;29777.25;29771.5;29771.5;10
20260910 055300;29770.25;29770.25;29770.25;29770.25;2
20260910 055600;29765.5;29765.5;29765;29765;8
20260910 055700;29764;29764;29764;29764;1
20260910 055800;29759.5;29762.75;29759.5;29761.5;6
20260910 055900;29762.5;29772.5;29762.5;29772.5;5
20260910 060000;29774;29779;29774;29779;7
20260910 060100;29775.5;29782.25;29775.5;29779.25;6
20260910 060200;29782.5;29785.75;29782.5;29783.5;5
20260910 060300;29777.75;29777.75;29776.25;29776.5;3
20260910 060400;29775.25;29776.25;29772.75;29773;5
20260910 060500;29771.5;29772.25;29769;29771.25;25
20260910 060700;29759;29759;29754.75;29754.75;6
20260910 060800;29753.5;29756;29753.5;29755.25;14
20260910 060900;29755.75;29762.25;29755.75;29757.5;27
20260910 061000;29758;29758;29755.75;29755.75;2
20260910 061100;29754;29754;29753.25;29753.25;6
20260910 061300;29755;29757.75;29750;29753.25;7
20260910 061500;29750;29750.5;29750;29750;6
20260910 061600;29752.5;29752.5;29752.5;29752.5;1
20260910 061700;29750.75;29750.75;29750.75;29750.75;1
20260910 061800;29750;29750.25;29746;29746;5
20260910 061900;29741.25;29741.25;29741.25;29741.25;1
20260910 062000;29741.25;29741.25;29736.25;29738.5;7
20260910 062100;29736;29739.25;29726.25;29739.25;113
20260910 062200;29733.75;29733.75;29733.5;29733.5;2
20260910 062300;29736.75;29743.5;29736.75;29743.5;3
20260910 062400;29736;29739;29734;29739;8
20260910 062500;29740.75;29741.75;29740.75;29741.75;5
20260910 062600;29740.75;29745;29737.5;29744;97
20260910 062700;29738.25;29760;29738.25;29754.5;25
20260910 062800;29755.25;29756.25;29751.75;29756.25;4
20260910 062900;29758;29758;29756;29756.25;6
20260910 063000;29757.25;29769.25;29757.25;29768.25;222
20260910 063100;29766.5;29771.75;29766;29771.75;16
20260910 063200;29765.5;29765.5;29765.5;29765.5;4
20260910 063300;29764.75;29770;29764.75;29770;5
20260910 063400;29775;29775.25;29773.5;29773.5;9
20260910 063500;29764.75;29764.75;29763.5;29763.5;2
20260910 063600;29766;29766;29764.5;29764.5;4
20260910 063700;29765.25;29765.25;29763.25;29763.75;7
20260910 063800;29768.5;29768.5;29768.5;29768.5;1
20260910 064000;29775;29783.25;29775;29783.25;7
20260910 064100;29783.25;29783.25;29776.25;29778;9
20260910 064200;29778;29778;29778;29778;2
20260910 064300;29771;29771;29771;29771;1
20260910 064400;29778;29778;29778;29778;1
20260910 064800;29774.25;29780;29774.25;29780;5
20260910 064900;29780;29780;29777.5;29777.5;4
20260910 065100;29781.5;29781.5;29781.5;29781.5;1
20260910 065200;29782.5;29782.5;29781.5;29781.5;4
20260910 065300;29781.5;29781.5;29772;29772;14
20260910 065400;29766.75;29766.75;29766.75;29766.75;1
20260910 065500;29766.25;29766.25;29765.25;29765.25;8
20260910 065600;29767;29767;29761.25;29763.75;3
20260910 065700;29767.75;29768.25;29767.75;29768.25;6
20260910 065800;29766;29766;29766;29766;1
20260910 065900;29765.75;29767.75;29765.75;29767.75;3
20260910 070100;29768.5;29768.5;29766;29766;5
20260910 070200;29766;29766;29766;29766;1
20260910 070300;29760;29760;29755;29755;4
20260910 070400;29758;29758;29752.75;29752.75;4
20260910 070500;29751.25;29751.25;29749;29749;6
20260910 070600;29747.25;29752.5;29741;29752;250
20260910 070700;29757;29757;29757;29757;1
20260910 070800;29748.25;29748.25;29747;29747;3
20260910 070900;29752;29752.75;29751.5;29752;4
20260910 071000;29752;29768.75;29752;29760.25;303
20260910 071100;29756.5;29765.75;29756.5;29765;5
20260910 071200;29765;29765.5;29764;29764;6
20260910 071300;29765.75;29765.75;29765.75;29765.75;1
20260910 071400;29755.5;29755.5;29755.25;29755.25;2
20260910 071500;29757;29760;29756.25;29760;9
20260910 071600;29762.25;29765;29762;29765;4
20260910 071700;29764.75;29764.75;29757.75;29757.75;3
20260910 071800;29755;29755;29755;29755;1
20260910 072100;29764.5;29764.5;29762;29762;5
20260910 072200;29759.75;29762;29759.75;29762;2
20260910 072300;29762;29762;29761.25;29761.5;11
20260910 072400;29761.5;29761.5;29761.5;29761.5;1
20260910 072500;29754;29755.25;29754;29755.25;3
20260910 072600;29755;29755;29750;29750;3
20260910 072800;29743;29752.25;29737.25;29744.75;683
20260910 072900;29745;29745;29740.5;29741.5;5
20260910 073000;29735.25;29735.75;29729.75;29729.75;14
20260910 073100;29730.5;29731;29725;29725;10
20260910 073200;29723;29724.25;29720.75;29720.75;6
20260910 073300;29720.75;29720.75;29714.5;29715.25;11
20260910 073400;29724.75;29724.75;29712.25;29712.25;10
20260910 073500;29713.25;29720.75;29713.25;29718.25;4
20260910 073600;29719.25;29721.75;29718.25;29721.75;3
20260910 073700;29718.25;29721.25;29718.25;29721.25;2
20260910 073800;29723;29731;29723;29728.75;11
20260910 073900;29730;29730;29730;29730;1
20260910 074000;29727;29727;29715;29715;3
20260910 074100;29716.25;29716.5;29716;29716.5;5
20260910 074200;29715;29720;29715;29720;2
20260910 074300;29725.75;29725.75;29724.75;29724.75;3
20260910 074400;29730.5;29730.5;29730.5;29730.5;2
20260910 074500;29729.75;29738;29729.25;29738;9
20260910 074600;29736;29740.5;29734;29740.5;5
20260910 074800;29738.25;29739;29736.25;29736.25;4
20260910 074900;29738.75;29739.25;29738.75;29739.25;3
20260910 075000;29739;29739;29730;29730;10
20260910 075200;29746.75;29746.75;29746.75;29746.75;2
20260910 075300;29747.25;29747.25;29739.5;29739.5;6
20260910 075400;29743.5;29744.75;29737.5;29737.5;7
20260910 075500;29740.25;29740.25;29739.5;29739.5;2
20260910 075600;29745.5;29747;29745.5;29747;7
20260910 075700;29745;29745.5;29745;29745.5;2
20260910 080000;29741;29741;29739;29740;6
20260910 080100;29733.75;29750;29731.25;29745.75;14
20260910 080200;29747.5;29750.75;29738;29738;3
20260910 080300;29742.75;29752.75;29742.25;29742.25;8
20260910 080400;29741.25;29741.25;29737;29737.25;7
20260910 080500;29742.75;29743.25;29742.5;29743;8
20260910 080600;29741.75;29742;29739.75;29742;3
20260910 080700;29741.25;29741.25;29733.25;29733.25;5
20260910 080800;29737;29737;29737;29737;1
20260910 080900;29751;29751;29748.75;29748.75;2
20260910 081000;29743.25;29743.25;29739.5;29739.5;6
20260910 081100;29738.75;29738.75;29738.75;29738.75;1
20260910 081200;29740;29740;29736.5;29736.5;3
20260910 081300;29740.75;29740.75;29737;29737;4
20260910 081400;29732;29732;29732;29732;1
20260910 081500;29727.75;29727.75;29726;29726;3
20260910 081600;29725.75;29725.75;29725;29725;4
20260910 081800;29722.75;29722.75;29722.75;29722.75;2
20260910 081900;29721;29721;29717.5;29718.5;14
20260910 082000;29725.75;29728.25;29725.75;29728.25;4
20260910 082100;29732;29740.25;29730.75;29740.25;10
20260910 082200;29728.5;29740.5;29727.75;29740.5;7
20260910 082300;29741.25;29741.25;29739.75;29739.75;4
20260910 082400;29741.5;29741.5;29740;29740;3
20260910 082500;29737;29739;29737;29738.75;6
20260910 082600;29739.25;29742;29739.25;29742;3
20260910 082800;29740;29741;29735;29735;4
20260910 082900;29740;29742.75;29739.75;29741.5;10
20260910 083000;29732.5;29745;29732;29745;4
20260910 083100;29747;29750;29744.75;29745;6
20260910 083200;29747.5;29747.5;29746.5;29747.5;5
20260910 083300;29743;29743;29732;29734.25;11
20260910 083400;29730;29730;29721.25;29721.25;8
20260910 083500;29721;29721;29721;29721;1
20260910 083600;29724;29728.75;29724;29728.75;5
20260910 083700;29729.75;29729.75;29729.75;29729.75;1
20260910 083800;29736.75;29739.75;29730.75;29732.5;15
20260910 083900;29727.75;29727.75;29727.75;29727.75;1
20260910 084200;29725.5;29725.5;29725;29725;4
20260910 084300;29721.25;29721.25;29715;29715;7
20260910 084400;29710;29710.75;29709;29710.5;10
20260910 084500;29710;29711.25;29708.75;29710.25;8
20260910 084600;29716.25;29716.5;29713.75;29716;9
20260910 084700;29716.25;29716.75;29716.25;29716.75;2
20260910 084900;29714.25;29714.25;29708.25;29709;8
20260910 085000;29705.75;29707.5;29705.5;29705.5;5
20260910 085100;29705.5;29705.5;29698.75;29701.5;29
20260910 085200;29704.75;29705.5;29704.75;29705.5;4
20260910 085400;29708.75;29710.75;29704.5;29704.5;4
20260910 085600;29703.5;29703.5;29703.5;29703.5;1
20260910 085700;29702;29702;29700;29701.75;5
20260910 085800;29702.75;29702.75;29702.75;29702.75;1
20260910 085900;29701.5;29701.5;29700.5;29700.5;3
20260910 090100;29704.5;29704.5;29702.75;29703.5;7
20260910 090200;29704.5;29706;29704;29704;6
20260910 090300;29706.25;29706.25;29706.25;29706.25;2
20260910 090400;29710.75;29714;29710.75;29714;2
20260910 090500;29720;29721.5;29716.75;29721.5;4
20260910 090600;29717.25;29717.25;29717.25;29717.25;1
20260910 090700;29715.5;29715.5;29715.5;29715.5;1
20260910 090800;29719;29719;29719;29719;1
20260910 090900;29720;29720.5;29720;29720.5;2
20260910 091000;29711.75;29711.75;29711.75;29711.75;5
20260910 091100;29707.25;29709.25;29706.75;29708.5;8
20260910 091200;29706.25;29707.25;29706;29707.25;3
20260910 091300;29710.25;29710.5;29710.25;29710.5;3
20260910 091400;29711.75;29713.25;29704.75;29704.75;7
20260910 091600;29710.75;29710.75;29705;29705.25;12
20260910 091700;29703.75;29704.75;29703.5;29703.5;22
20260910 091800;29708;29708;29704.25;29704.25;2
20260910 091900;29712;29712;29707;29707;3
20260910 092000;29707.5;29707.5;29707.5;29707.5;1
20260910 092100;29710.5;29711.75;29707;29707;5
20260910 092200;29711.75;29711.75;29710.5;29710.5;5
20260910 092300;29707.75;29711;29707;29707;7
20260910 092400;29709.5;29709.5;29709.5;29709.5;2
20260910 092500;29708;29708;29701;29701;2
20260910 092600;29700.5;29700.5;29696.75;29696.75;5
20260910 092700;29697;29697;29688.75;29692;16
20260910 092800;29692.5;29692.5;29692.5;29692.5;1
20260910 092900;29694.5;29694.5;29687;29687;17
20260910 093000;29690.5;29691.25;29690.5;29690.75;3
20260910 093100;29687;29687;29679.5;29679.75;51
20260910 093200;29681.5;29682.5;29672;29672;28
20260910 093300;29672.75;29672.75;29667;29667;12
20260910 093400;29666.75;29667.25;29666.5;29667.25;3
20260910 093600;29676.75;29679;29672.5;29672.5;6
20260910 093700;29672.5;29672.5;29670;29670;13
20260910 093800;29677;29677;29670;29670;3
20260910 093900;29674.75;29674.75;29669.75;29669.75;9
20260910 094000;29670.5;29670.5;29665;29665.5;20
20260910 094100;29665.5;29665.5;29655.5;29658.25;35
20260910 094200;29659.75;29659.75;29655;29655.75;7
20260910 094300;29655;29656.5;29653.25;29654.75;18
20260910 094400;29669;29677;29669;29677;12
20260910 094500;29680.75;29685.75;29679.5;29685.75;25
20260910 094600;29683.25;29696.25;29683.25;29689.75;10
20260910 094700;29690;29694.5;29690;29694.5;6
20260910 094800;29695;29699.25;29693.75;29696.75;24
20260910 094900;29696.75;29696.75;29696.75;29696.75;1
20260910 095000;29695;29698.5;29695;29695.5;11
20260910 095100;29696.5;29696.75;29692;29692;5
20260910 095200;29694;29700;29694;29700;9
20260910 095300;29698.5;29700.5;29698.5;29700.5;6
20260910 095400;29703;29706;29700.75;29702.75;9
20260910 095500;29705.25;29710.5;29705.25;29705.25;19
20260910 095600;29704.5;29706;29703;29706;5
20260910 095700;29703.25;29703.25;29703.25;29703.25;3
20260910 095800;29703;29703;29700.5;29700.5;2
20260910 100200;29689.5;29692.5;29688.75;29692.5;8
20260910 100300;29692.75;29695.75;29692.75;29694.5;3
20260910 100400;29699.75;29710.75;29699.75;29710.75;8
20260910 100600;29703.25;29705;29703.25;29704.5;4
20260910 100700;29702.25;29707;29702.25;29703.75;3
20260910 100900;29691.25;29691.25;29691.25;29691.25;1
20260910 101000;29691.25;29691.25;29683.75;29689.5;6
20260910 101100;29687;29687;29686.75;29686.75;3
20260910 101200;29694.75;29694.75;29693;29693;4
20260910 101400;29693.25;29693.25;29693.25;29693.25;1
20260910 101500;29692.75;29692.75;29691;29691;5
20260910 101600;29690.5;29693;29690.5;29691.5;4
20260910 101800;29689.5;29690.5;29689.5;29690.5;2
20260910 101900;29693;29694;29691.75;29691.75;9
20260910 102000;29691;29691;29691;29691;1
20260910 102100;29693;29693;29686.75;29686.75;4
20260910 102200;29692;29692;29691.5;29691.5;3
20260910 102300;29694.75;29695;29694;29694;4
20260910 102400;29690;29690;29690;29690;2
20260910 102500;29689.5;29689.5;29689;29689;2
20260910 102600;29687.5;29700.25;29687.5;29700.25;8
20260910 102700;29702.75;29702.75;29698;29698;6
20260910 102900;29683.25;29686;29681.75;29686;5
20260910 103000;29687.5;29687.5;29687.5;29687.5;2
20260910 103100;29679;29679;29677.75;29677.75;7
20260910 103200;29671.25;29671.25;29668.5;29668.5;15
20260910 103300;29666;29668;29665;29668;4
20260910 103400;29670.5;29672.5;29665;29665;8
20260910 103500;29660;29660;29658;29658;4
20260910 103600;29669.25;29669.25;29664.75;29664.75;7
20260910 103700;29666.75;29676.5;29666.75;29676.5;22
20260910 103800;29675.75;29689;29674.25;29689;7
20260910 103900;29686.25;29688.75;29684;29684;6
20260910 104000;29689.5;29689.5;29689.5;29689.5;1
20260910 104100;29689.5;29693.5;29689.5;29693.5;12
20260910 104200;29692.5;29693.5;29691.5;29691.75;5
20260910 104300;29693.25;29693.25;29691;29691.25;5
20260910 104400;29693.5;29694;29693.5;29694;5
20260910 104500;29686;29686;29686;29686;1
20260910 104600;29681.5;29681.5;29681;29681;3
20260910 104700;29683.25;29683.25;29681.5;29681.5;2
20260910 104800;29677.5;29677.5;29673.5;29673.5;11
20260910 104900;29685;29685;29684;29684.75;5
20260910 105000;29684.75;29684.75;29684.75;29684.75;1
20260910 105100;29685.5;29685.5;29684.5;29684.5;3
20260910 105200;29680;29680;29680;29680;2
20260910 105300;29676.75;29676.75;29670;29670;4
20260910 105500;29671.25;29672.75;29662;29663.75;19
20260910 105600;29660.25;29666.25;29658;29664.75;9
20260910 105700;29672;29716.5;29671.75;29710.5;88
20260910 105800;29706.5;29714.25;29693;29693;45
20260910 105900;29689.25;29689.25;29677.25;29677.25;14
20260910 110000;29673.5;29673.5;29669.25;29669.25;20
20260910 110100;29667;29667;29660;29662.75;10
20260910 110200;29663.5;29663.5;29651.5;29652.5;36
20260910 110300;29651;29653.25;29626.5;29635;154
20260910 110400;29642.5;29646.25;29642.5;29643.75;9
20260910 110500;29643.75;29644.25;29638;29638;7
20260910 110600;29641.25;29645;29635.5;29635.5;9
20260910 110700;29632.75;29635.25;29627.25;29627.25;23
20260910 110800;29626.25;29636.5;29623.25;29634.5;28
20260910 110900;29636.75;29639.75;29633.75;29639.75;34
20260910 111000;29637.25;29638;29628;29628;58
20260910 111100;29633;29639.75;29626.75;29626.75;31
20260910 111200;29626.25;29628;29621.25;29627.25;14
20260910 111300;29625.5;29625.75;29622;29622;9
20260910 111400;29624.25;29637;29624.25;29637;8
20260910 111500;29638.5;29638.5;29638;29638;2
20260910 111600;29636.5;29641;29635;29641;22
20260910 111700;29635.5;29636;29635;29635;3
20260910 111800;29634.75;29641.25;29634.75;29640.5;23
20260910 111900;29633.5;29633.5;29630;29630;3
20260910 112100;29630;29630;29630;29630;2
20260910 112200;29633.5;29633.5;29627.5;29627.5;7
20260910 112300;29626.5;29627.75;29626.5;29627.75;11
20260910 112400;29639;29639;29639;29639;1
20260910 112500;29634.25;29637.25;29634;29637.25;5
20260910 112600;29635;29637;29635;29637;3
20260910 112700;29636.25;29636.25;29635.5;29635.5;3
20260910 112800;29635.5;29635.5;29635.5;29635.5;2
20260910 112900;29635.25;29635.25;29634;29634;2
20260910 113000;29633.25;29633.25;29629;29629;3
20260910 113100;29631.25;29632.5;29630.5;29630.5;8
20260910 113200;29630.5;29637.25;29630;29637.25;9
20260910 113300;29638;29641;29634.5;29641;4
20260910 113400;29637.25;29647.25;29636.75;29647.25;8
20260910 113500;29649.75;29654.75;29649.75;29654.75;13
20260910 113600;29653.5;29656;29653.5;29653.75;14
20260910 113700;29653.75;29653.75;29649.25;29649.25;7
20260910 113800;29649.75;29649.75;29648.25;29648.25;9
20260910 114100;29649.75;29651.25;29649.75;29650.25;15
20260910 114200;29648.75;29649.5;29644;29644;5
20260910 114300;29647.25;29647.25;29642;29642;2
20260910 114400;29642.75;29642.75;29634;29638.25;11
20260910 114600;29641;29644;29641;29641.75;5
20260910 114700;29641.75;29641.75;29634.25;29634.25;2
20260910 114800;29630;29630;29616.75;29620;55
20260910 114900;29617.5;29618.5;29614.75;29614.75;14
20260910 115000;29613.25;29615.25;29610;29610;35
20260910 115100;29609.75;29611;29587.75;29594.75;187
20260910 115200;29593.25;29599.75;29589.25;29591.5;18
20260910 115300;29590.5;29594.75;29589.75;29590;31
20260910 115400;29591;29591;29587.75;29587.75;12
20260910 115500;29588.75;29594.5;29588.75;29593.5;13
20260910 115600;29592;29592;29565;29565;76
20260910 115700;29569.5;29573;29561.25;29564;14
20260910 115800;29562.25;29572.5;29558.5;29570.75;27
20260910 115900;29572.5;29578.5;29565.5;29565.5;19
20260910 120000;29570.5;29572.75;29559;29559;27
20260910 120100;29562;29570.75;29556.25;29556.25;37
20260910 120200;29558;29558;29542;29547.75;121
20260910 120300;29546.5;29563;29542.75;29560.75;28
20260910 120400;29558.75;29561.5;29541.25;29543;29
20260910 120500;29542;29542;29535.75;29540.25;30
20260910 120600;29539;29545;29536.75;29545;25
20260910 120700;29541;29546.25;29534;29538.75;32
20260910 120800;29541.5;29545;29537.75;29543.5;17
20260910 120900;29545.75;29546;29532.5;29535.5;18
20260910 121000;29532;29537;29528.5;29529.25;23
20260910 121100;29528.25;29533.75;29528;29529.5;13
20260910 121200;29526.25;29529;29525;29529;25
20260910 121300;29530;29535;29526.75;29526.75;20
20260910 121400;29533;29549;29533;29547.5;28
20260910 121500;29548.75;29557.5;29548.75;29552.75;15
20260910 121600;29551.25;29557.75;29533;29542.25;66
20260910 121700;29540;29540.75;29521.5;29529.75;65
20260910 121800;29527;29540;29527;29530.25;19
20260910 121900;29530;29545.75;29528.5;29538.25;19
20260910 122000;29535;29536;29525.75;29527;38
20260910 122100;29528;29528;29511;29519;48
20260910 122200;29520.5;29526.75;29519.75;29520.25;11
20260910 122300;29523.75;29528;29519.5;29519.5;18
20260910 122400;29518;29521;29512.25;29513.75;13
20260910 122500;29520;29520;29510;29514.75;8
20260910 122600;29513.5;29517;29504.25;29509;20
20260910 122700;29510;29511.5;29506;29507;68
20260910 122800;29512;29512.75;29507;29507.75;8
20260910 122900;29508.75;29514.25;29508.75;29514.25;17
20260910 123000;29514.25;29542;29514.25;29516.25;14
20260910 123100;29510;29539;29490;29503.25;93
20260910 123200;29495;29499.25;29466;29470.75;130
20260910 123300;29470;29470;29448.25;29452.75;117
20260910 123400;29450;29450;29427;29432.5;127
20260910 123500;29429.75;29432.75;29402.25;29403.25;202
20260910 123600;29405.5;29425.25;29405.5;29422.25;147
20260910 123700;29421;29433.25;29415.25;29422;108
20260910 123800;29423.5;29423.5;29404;29411.5;78
20260910 123900;29408.75;29420.75;29402.5;29402.5;52
20260910 124000;29403;29408;29393;29405;88
20260910 124100;29404.75;29404.75;29385.75;29392.25;50
20260910 124200;29395.25;29396.75;29384.5;29387.5;56
20260910 124300;29388.75;29395.75;29377;29381.25;52
20260910 124400;29380.75;29392.25;29376.25;29384.25;48
20260910 124500;29381.5;29398;29375;29394.5;57
20260910 124600;29397.75;29397.75;29382.75;29384;48
20260910 124700;29384;29385;29375;29385;37
20260910 124800;29386;29395;29377.75;29380.5;56
20260910 124900;29378;29384.75;29368;29384.75;42
20260910 125000;29383.25;29394;29383.25;29391.75;15
20260910 125100;29390.5;29397.75;29389.5;29397.75;27
20260910 125200;29395.5;29396.75;29381.5;29385.75;22
20260910 125300;29385.5;29385.5;29365.75;29375;39
20260910 125400;29373.25;29373.5;29358.75;29366;39
20260910 125500;29366.75;29375.75;29361.25;29373.75;15
20260910 125600;29373.5;29373.5;29353;29358.75;47
20260910 125700;29358.75;29358.75;29346;29348.25;38
20260910 125800;29348.25;29348.75;29336.25;29348;60
20260910 125900;29348.25;29354.5;29345;29345.5;44
20260910 130000;29348.75;29350.25;29344.25;29350.25;36
20260910 130100;29350.5;29366;29349.5;29362.5;68
20260910 130200;29361.25;29368.75;29348;29361.5;53
20260910 130300;29369.5;29383.5;29368.5;29383.5;41
20260910 130400;29382.5;29388;29378.25;29379;66
20260910 130500;29384;29390;29383.5;29385;31
20260910 130600;29386.5;29386.75;29375.75;29375.75;40
20260910 130700;29375;29375.75;29366.25;29375;17
20260910 130800;29377.25;29377.25;29353.5;29353.5;23
20260910 130900;29353.5;29363.5;29351.75;29362.75;23
20260910 131000;29360.25;29366.25;29360.25;29363;22
20260910 131100;29362.25;29372.5;29362.25;29372.5;30
20260910 131200;29371.5;29382.5;29371.5;29380;24
20260910 131300;29377;29377;29361.5;29362.5;10
20260910 131400;29367.75;29370;29365;29370;9
20260910 131500;29368.5;29368.5;29361.25;29362.75;6
20260910 131600;29361.75;29371.5;29358.5;29363.25;34
20260910 131700;29360.75;29360.75;29348.75;29357.25;43
20260910 131800;29355.25;29355.25;29344.5;29346.5;48
20260910 131900;29350;29360;29350;29358.25;14
20260910 132000;29357.25;29365;29357.25;29357.75;14
20260910 132100;29361;29361;29350;29350;11
20260910 132200;29352;29356.25;29346.25;29356.25;34
20260910 132300;29360;29365;29358.5;29358.75;19
20260910 132400;29362.5;29363.75;29358;29363.25;15
20260910 132500;29363.5;29363.5;29346.25;29346.25;20
20260910 132600;29348.5;29349.25;29335;29344;140
20260910 132700;29346.25;29355.75;29341.5;29355;26
20260910 132800;29355.5;29375.25;29354.75;29375.25;28
20260910 132900;29367.75;29374;29356.25;29367.75;28
20260910 133000;29370;29380;29363.5;29376.75;28
20260910 133100;29381;29413.5;29368;29408.25;257
20260910 133200;29408.75;29415;29391.5;29399.5;127
20260910 133300;29394;29396.5;29360.75;29366.75;165
20260910 133400;29362.75;29393.25;29349.5;29393.25;118
20260910 133500;29394;29412.25;29380;29385.25;160
20260910 133600;29384;29423.25;29380;29401;254
20260910 133700;29401.5;29427.5;29401.5;29415.25;133
20260910 133800;29422.75;29428.25;29397.25;29414;137
20260910 133900;29412.75;29435.25;29407;29432.5;93
20260910 134000;29433.25;29477.5;29432;29470;159
20260910 134100;29468;29490;29464.5;29477.75;191
20260910 134200;29476.5;29484.25;29442.75;29447.25;158
20260910 134300;29449.75;29464.25;29441.5;29452.75;113
20260910 134400;29452;29468.75;29446.5;29457.25;75
20260910 134500;29452.75;29461.75;29424;29428.75;66
20260910 134600;29431.5;29457.25;29426.5;29456.25;59
20260910 134700;29457.75;29473.75;29447.75;29473.75;88
20260910 134800;29471.75;29474.25;29460;29470;22
20260910 134900;29464.5;29465.25;29435.25;29437.25;41
20260910 135000;29442;29493.75;29441;29479.5;190
20260910 135100;29473.5;29477.25;29428;29439.5;86
20260910 135200;29435.25;29436.5;29405.75;29409.5;87
20260910 135300;29407.25;29418.5;29400;29418.5;65
20260910 135400;29413;29418.25;29399;29410;54
20260910 135500;29412.25;29426.25;29398.25;29398.25;87
20260910 135600;29398.25;29405;29390;29398.75;65
20260910 135700;29395.5;29408;29380.25;29406.5;75
20260910 135800;29407.75;29414.75;29395;29408.75;43
20260910 135900;29402.5;29406.5;29388.5;29391;78
20260910 140000;29386.5;29400;29384;29390.5;59
20260910 140100;29387.25;29425.25;29387.25;29410.25;65
20260910 140200;29410;29443.5;29410;29439.25;118
20260910 140300;29441;29461;29439;29456.5;103
20260910 140400;29458.25;29469.75;29448.5;29462;128
20260910 140500;29461.5;29461.5;29438;29441;54
20260910 140600;29437.5;29444.75;29425;29430.25;41
20260910 140700;29429.5;29434.5;29426;29430.25;34
20260910 140800;29423;29444;29412.75;29412.75;34
20260910 140900;29405.5;29415.5;29397.25;29415.5;95
20260910 141000;29410;29425.75;29407;29425.75;26
20260910 141100;29432.5;29442.5;29421.5;29426.75;39
20260910 141200;29426.25;29437.75;29411;29435.75;46
20260910 141300;29437.5;29445.75;29436.75;29441.25;27
20260910 141400;29449.25;29460.5;29449.25;29454.75;70
20260910 141500;29457;29457;29427.5;29430.75;32
20260910 141600;29431;29437;29412.75;29424.5;77
20260910 141700;29423;29423;29409;29419.25;68
20260910 141800;29412.25;29413.5;29402;29407.5;24
20260910 141900;29408.5;29428.5;29408.5;29428.5;18
20260910 142000;29423.75;29451.75;29423.75;29450.25;135
20260910 142100;29445.75;29469.25;29443.75;29460.25;49
20260910 142200;29458.5;29470;29451.5;29470;32
20260910 142300;29472.75;29485;29460;29483;50
20260910 142400;29482.75;29482.75;29468.25;29477.5;37
20260910 142500;29475.25;29555.25;29470;29518.5;544
20260910 142600;29521.25;29546.5;29521.25;29530;137
20260910 142700;29530.5;29537.25;29494.75;29494.75;155
20260910 142800;29496.75;29504.5;29488.25;29495.25;147
20260910 142900;29491.25;29512.5;29491.25;29504.5;127
20260910 143000;29505.75;29505.75;29486;29496.75;35
20260910 143100;29496.75;29515.75;29496.75;29515.5;42
20260910 143200;29514.75;29531.5;29509.75;29525.75;36
20260910 143300;29523.75;29524.5;29511.5;29518.25;26
20260910 143400;29517.5;29521;29501.25;29508.5;16
20260910 143500;29511;29525;29508.75;29508.75;32
20260910 143600;29512.25;29546.25;29512.25;29541.75;50
20260910 143700;29540.25;29556.5;29534.75;29556.5;78
20260910 143800;29553;29564;29548.5;29561.5;69
20260910 143900;29562.5;29566.25;29556.75;29564.25;65
20260910 144000;29564.5;29565;29550;29554.25;28
20260910 144100;29549.5;29558.5;29539.25;29548.75;57
20260910 144200;29551.5;29552.25;29545.5;29545.5;25
20260910 144300;29545.25;29548.5;29534.75;29534.75;17
20260910 144400;29529.5;29535.5;29521.25;29522;49
20260910 144500;29524.25;29527.5;29513.25;29527.5;39
20260910 144600;29524;29530;29516;29516;30
20260910 144700;29521.75;29536.25;29521.75;29536.25;17
20260910 144800;29530.5;29530.5;29504.75;29504.75;57
20260910 144900;29504.75;29522.5;29497.5;29521.25;198
20260910 145000;29520;29521;29513.25;29518;38
20260910 145100;29518;29518;29499.75;29502.75;88
20260910 145200;29501.75;29522;29501;29522;90
20260910 145300;29527;29532.75;29518;29519.75;208
20260910 145400;29524;29535.75;29517.75;29528;35
20260910 145500;29528.25;29534;29528.25;29533.75;18
20260910 145600;29536.25;29539.5;29521.75;29524.25;29
20260910 145700;29522.75;29539.5;29522.75;29537;36
20260910 145800;29536.5;29552.5;29533;29550.25;67
20260910 145900;29552.75;29553.5;29544;29545.5;22
20260910 150000;29547;29555;29546.25;29553;29
20260910 150100;29555;29555;29535.25;29542.5;55
20260910 150200;29538.5;29538.5;29519.5;29522.5;25
20260910 150300;29521;29521;29505.25;29508.25;22
20260910 150400;29509.5;29520;29509.5;29518.75;21
20260910 150500;29521;29531.5;29518;29519.25;15
20260910 150600;29518;29545;29518;29543.25;30
20260910 150700;29539.5;29539.75;29531.25;29539.75;16
20260910 150800;29539.25;29543.75;29532.5;29543.75;7
20260910 150900;29537;29541.5;29537;29540.25;8
20260910 151000;29528.5;29531;29515.25;29515.25;13
20260910 151100;29517.5;29549.5;29517.5;29548;149
20260910 151200;29546.5;29546.75;29533.25;29535.75;67
20260910 151300;29542.5;29550;29539;29541;133
20260910 151400;29539.25;29539.25;29528.75;29532;31
20260910 151500;29535.75;29536.75;29529;29536.75;17
20260910 151600;29534;29539.75;29520;29522.75;67
20260910 151700;29520;29524.5;29517.75;29520;19
20260910 151800;29520.25;29528;29514.25;29524.25;34
20260910 151900;29523.5;29524;29500.25;29501.25;34
20260910 152000;29501.5;29515;29501.5;29514.25;23
20260910 152100;29513.75;29521;29499.75;29501;25
20260910 152200;29499;29499;29488;29496.75;55
20260910 152300;29496.5;29511.5;29496.25;29511.5;17
20260910 152400;29511;29518.5;29509.25;29510.25;25
20260910 152500;29510.5;29524;29510.5;29520.75;17
20260910 152600;29524.75;29527;29516;29525.25;15
20260910 152700;29524.75;29524.75;29516.5;29520.5;9
20260910 152800;29524.5;29537.5;29524.5;29537;76
20260910 152900;29539.75;29545;29535;29535;58
20260910 153000;29530;29532;29525.25;29529.5;9
20260910 153100;29528.5;29532.25;29519.25;29522.5;45
20260910 153200;29521;29525.5;29517.5;29518.75;34
20260910 153300;29521;29521;29506.75;29520;11
20260910 153400;29525;29535.5;29525;29535.5;69
20260910 153500;29531.5;29539;29531.5;29532.25;13
20260910 153600;29528.5;29536.75;29528.5;29534.75;18
20260910 153700;29539;29550.75;29538;29545.75;122
20260910 153800;29546.5;29561.5;29544.5;29557.5;165
20260910 153900;29559.25;29559.25;29539.75;29539.75;15
20260910 154000;29532.75;29532.75;29517.75;29531.75;33
20260910 154100;29530;29530;29522.75;29523.75;22
20260910 154200;29524.25;29540;29521.75;29540;22
20260910 154300;29534;29537;29530.25;29534.5;11
20260910 154400;29532.5;29540.75;29523;29540.75;20
20260910 154500;29542;29543;29539.25;29542.75;13
20260910 154600;29545;29547;29531.75;29531.75;29
20260910 154700;29525.5;29525.5;29514.25;29519.5;20
20260910 154800;29517;29519.5;29503.5;29509.5;133
20260910 154900;29509.75;29520;29509.75;29510.25;22
20260910 155000;29519.25;29526;29517.25;29525.25;15
20260910 155100;29520;29520;29505.25;29510.75;18
20260910 155200;29505;29510.75;29504.75;29506.5;9
20260910 155300;29511.5;29527.5;29511.5;29526.5;11
20260910 155400;29514.5;29514.5;29498.25;29498.25;118
20260910 155500;29502;29502;29493.5;29493.5;39
20260910 155600;29494;29494.25;29483.25;29492;46
20260910 155700;29482.5;29486.25;29478;29478;52
20260910 155800;29481.75;29484;29477.75;29479.5;15
20260910 155900;29482.75;29495.25;29479.5;29494.5;22
20260910 160000;29496.5;29503;29493.75;29496.5;21
20260910 160100;29494.5;29517.25;29491;29517.25;30
20260910 160200;29518;29520.25;29508.25;29509.5;36
20260910 160300;29504.25;29510.25;29504.25;29506.25;10
20260910 160400;29495.75;29495.75;29489;29491.75;13
20260910 160500;29493;29498.5;29492.75;29498.5;9
20260910 160600;29493.75;29499.75;29490.5;29497.25;7
20260910 160700;29497.25;29501;29495.5;29496.5;20
20260910 160800;29490;29492.5;29472.5;29472.5;75
20260910 160900;29474.5;29480;29469.25;29478.5;41
20260910 161000;29472.75;29475.75;29472.75;29475.5;9
20260910 161100;29469;29474.75;29468;29470;21
20260910 161200;29464.75;29464.75;29455.5;29463.25;51
20260910 161300;29463.25;29471.25;29459.75;29465.25;37
20260910 161400;29469.75;29482.5;29465.75;29478.5;35
20260910 161500;29477;29481;29470.25;29470.25;31
20260910 161600;29470.5;29487.25;29467.75;29487.25;18
20260910 161700;29487;29489.75;29469.75;29470.5;20
20260910 161800;29472.25;29472.25;29461.5;29464.5;35
20260910 161900;29465;29465.5;29459.75;29461;36
20260910 162000;29469.25;29472.75;29469.25;29472.75;7
20260910 162100;29468.75;29479.75;29468.5;29469;289
20260910 162200;29474.25;29474.25;29464.5;29464.5;51
20260910 162300;29467.25;29472;29467.25;29472;16
20260910 162400;29472;29472.25;29467.5;29471.25;22
20260910 162500;29472.25;29474;29471.25;29471.25;6
20260910 162600;29470.5;29470.5;29459.75;29460.75;23
20260910 162700;29460;29462.25;29456.25;29457.25;25
20260910 162800;29457.5;29458.75;29452.75;29455.75;21
20260910 162900;29455;29460;29455;29455.25;40
20260910 163000;29460.75;29467;29460.75;29464;7
20260910 163100;29465.75;29478.75;29465.75;29474.25;8
20260910 163200;29471.75;29478;29469.25;29471.5;64
20260910 163300;29466.75;29478.25;29466.25;29478.25;62
20260910 163400;29477.75;29481.25;29476.75;29481.25;59
20260910 163500;29474.5;29475.25;29439;29440.5;318
20260910 163600;29440.25;29444.5;29414.75;29436;611
20260910 163700;29435.5;29453.5;29435.5;29452;141
20260910 163800;29455;29462.25;29450.75;29457.5;61
20260910 163900;29453;29463.5;29452.25;29454;19
20260910 164000;29457;29461.75;29454.25;29460.5;32
20260910 164100;29461.75;29472.5;29457.75;29472.5;40
20260910 164200;29472.25;29483.5;29468.75;29481.25;119
20260910 164300;29482;29482;29477.5;29479.25;30
20260910 164400;29478.5;29488.75;29476;29485.25;58
20260910 164500;29486.25;29504;29486;29502.75;23
20260910 164600;29503.5;29514.75;29501.75;29507.25;54
20260910 164700;29508.25;29530.25;29508.25;29522.5;148
20260910 164800;29522.75;29527.75;29515;29515;35
20260910 164900;29513.75;29517.25;29509;29511.5;24
20260910 165000;29510.5;29511.5;29496;29498.5;71
20260910 165100;29502.75;29507.75;29499.25;29502;41
20260910 165200;29500.75;29504.75;29500.75;29502.75;9
20260910 165300;29502.75;29512;29502.75;29512;9
20260910 165400;29511.75;29519.25;29511.75;29519.25;79
20260910 165500;29520;29522.75;29519.25;29522.75;21
20260910 165600;29521.5;29533.75;29517.75;29529;97
20260910 165700;29526.5;29528.75;29526;29528.75;11
20260910 165800;29525;29525;29521.25;29521.25;12
20260910 165900;29521.25;29527.25;29521.25;29527.25;9
20260910 170000;29525.75;29525.75;29516;29522;28
20260910 170100;29516.75;29523.75;29512.25;29523.5;36
20260910 170200;29522.75;29523;29520.5;29523;5
20260910 170300;29521.75;29557;29521.75;29527.5;222
20260910 170400;29522.25;29522.25;29504.25;29505.5;67
20260910 170500;29508.5;29514;29504.75;29511.5;19
20260910 170600;29516.75;29524.5;29516.25;29519.5;19
20260910 170700;29517.5;29518.25;29510;29512.5;27
20260910 170800;29522.25;29523.75;29520.25;29523.25;39
20260910 170900;29522.75;29529;29518.25;29518.25;21
20260910 171000;29518;29523.5;29518;29523.5;6
20260910 171100;29519.75;29537.5;29519.5;29537.25;36
20260910 171200;29533.75;29534.25;29528.25;29531.5;22
20260910 171300;29531;29533.5;29531;29533.5;2
20260910 171400;29528.5;29528.5;29521.25;29521.25;21
20260910 171500;29521.25;29521.5;29515.5;29515.5;40
20260910 171600;29514.25;29518.25;29514.25;29518.25;8
20260910 171700;29517.5;29519.25;29517.5;29519.25;4
20260910 171800;29519.25;29519.5;29516.5;29517.75;4
20260910 171900;29519;29519;29508.75;29508.75;8
20260910 172000;29511;29513;29507;29513;11
20260910 172100;29512.5;29514;29505;29510.75;11
20260910 172200;29505.5;29506.5;29505.5;29505.75;6
20260910 172300;29505.5;29510.75;29505.5;29506.5;10
20260910 172400;29504;29504;29499.25;29499.25;18
20260910 172500;29501.25;29502.25;29500.5;29502.25;10
20260910 172600;29496;29497.75;29489.75;29489.75;5
20260910 172700;29494.75;29496.25;29493.25;29493.25;6
20260910 172800;29497.25;29497.25;29493;29493;7
20260910 172900;29494.25;29494.25;29494.25;29494.25;2
20260910 173000;29496.75;29497.75;29496.75;29497.75;5
20260910 173100;29495;29495;29487.25;29488.5;24
20260910 173200;29490.75;29500.75;29490.75;29500.75;3
20260910 173300;29499.5;29504.5;29491.75;29491.75;10
20260910 173400;29491;29494;29487.25;29489.75;14
20260910 173500;29500;29502;29492;29492;9
20260910 173600;29492.75;29501;29492.75;29501;8
20260910 173700;29501.5;29501.5;29492.5;29492.5;3
20260910 173800;29490.25;29490.25;29481.75;29481.75;28
20260910 173900;29479;29480.75;29477.75;29477.75;6
20260910 174000;29476.5;29478;29469.5;29469.5;18
20260910 174100;29466.75;29470.25;29465;29467.75;19
20260910 174200;29470.25;29481;29469;29481;14
20260910 174300;29479;29480;29479;29479;4
20260910 174400;29482;29491;29482;29490.5;20
20260910 174500;29490;29491.75;29487.75;29491.75;7
20260910 174600;29493.25;29494.75;29483;29483;4
20260910 174700;29482.75;29482.75;29478.75;29479.5;11
20260910 174800;29483.75;29485.25;29480;29480;6
20260910 174900;29480.75;29483.75;29477.5;29477.5;9
20260910 175000;29478.5;29480.75;29478.5;29480.75;2
20260910 175100;29479.5;29483.25;29479.5;29483.25;4
20260910 175300;29489;29493.25;29487.25;29488.75;7
20260910 175400;29481.75;29482;29475;29479;13
20260910 175500;29483;29484.25;29482.25;29484.25;6
20260910 175600;29485;29485;29474.5;29474.5;4
20260910 175700;29474.75;29477.75;29474.75;29477.75;4
20260910 175800;29481.5;29487.25;29481.5;29484;6
20260910 175900;29479.75;29479.75;29478.5;29479.75;4
20260910 180000;29478.75;29478.75;29478.5;29478.5;4
20260910 180100;29478.25;29485.25;29478.25;29485.25;5
20260910 180200;29482;29482;29467.5;29467.5;38
20260910 180300;29468.25;29468.25;29459.75;29460.25;16
20260910 180400;29459.5;29459.5;29454;29458.25;26
20260910 180500;29460.5;29465.25;29458.5;29460;8
20260910 180600;29457.75;29457.75;29449;29457.75;30
20260910 180700;29455.75;29458.5;29454.5;29458.5;8
20260910 180800;29466.5;29466.5;29465;29465;4
20260910 180900;29462.25;29462.25;29462;29462;3
20260910 181000;29456.5;29456.5;29444.75;29447.25;26
20260910 181100;29445.5;29446.5;29436.75;29442.5;52
20260910 181200;29445.75;29450;29445.75;29446.25;9
20260910 181300;29447.5;29450;29442.75;29450;25
20260910 181400;29449.5;29452.75;29448.5;29452;16
20260910 181500;29453;29458;29451;29451;5
20260910 181600;29449.5;29449.5;29438.5;29444.75;22
20260910 181700;29448.5;29451;29438.5;29438.5;6
20260910 181800;29439.75;29443;29438;29443;19
20260910 181900;29442.75;29442.75;29442;29442;2
20260910 182000;29444.75;29450;29443.25;29448.75;8
20260910 182100;29460;29463.75;29460;29463.5;11
20260910 182200;29461.5;29465;29461.5;29462.5;10
20260910 182300;29468;29468;29468;29468;1
20260910 182400;29463.25;29464.5;29459.75;29464.5;17
20260910 182500;29461.25;29461.25;29456.5;29457.25;6
20260910 182600;29458.5;29462.25;29451;29451.25;10
20260910 182700;29449.75;29450;29444.5;29444.75;9
20260910 182800;29444;29446;29444;29444.25;5
20260910 182900;29447;29455.75;29447;29455.75;13
20260910 183000;29450.75;29450.75;29450.25;29450.25;2
20260910 183100;29443;29445.25;29440.25;29445.25;26
20260910 183200;29443.5;29446.5;29443.5;29446;12
20260910 183300;29445.75;29447.5;29441.5;29443.5;11
20260910 183400;29442.25;29442.25;29438;29438;5
20260910 183500;29436.75;29454.75;29436.75;29453.5;23
20260910 183600;29453.75;29454.75;29448.5;29453.25;12
20260910 183700;29456.25;29457;29452.75;29453.75;16
20260910 183800;29454.5;29457;29451.25;29451.25;18
20260910 183900;29453.25;29458;29453.25;29458;10
20260910 184000;29458;29464.5;29458;29464.5;15
20260910 184100;29465.5;29465.5;29461;29462;6
20260910 184200;29462.5;29462.5;29460.25;29460.25;4
20260910 184300;29461.25;29461.25;29458.5;29458.5;3
20260910 184400;29457;29461.5;29457;29461.5;9
20260910 184500;29464.25;29464.25;29463;29463;2
20260910 184600;29463;29463.5;29455.75;29461.5;18
20260910 184700;29457;29458.5;29453.75;29453.75;6
20260910 184800;29454.5;29454.5;29454.5;29454.5;1
20260910 184900;29451.5;29451.5;29442;29448;25
20260910 185000;29446.75;29473.25;29446.75;29455.25;49
20260910 185100;29455.25;29455.25;29446.25;29455;16
20260910 185200;29459;29490.5;29459;29476;92
20260910 185300;29477;29488.25;29473.75;29486.75;21
20260910 185400;29484.5;29484.5;29474.5;29479.25;19
20260910 185500;29483.5;29483.5;29468.5;29471.25;9
20260910 185600;29472.5;29473.5;29470.5;29473.5;4
20260910 185700;29474;29474;29474;29474;1
20260910 185800;29470.25;29471;29466;29466;14
20260910 185900;29461.25;29462.5;29457.75;29458.75;15
20260910 190000;29461;29465;29461;29464.25;12
20260910 190100;29457.75;29464.25;29455;29457.5;13
20260910 190200;29457.5;29460.75;29451.75;29451.75;10
20260910 190300;29450.5;29452.25;29446.25;29447.25;34
20260910 190400;29445.75;29450.5;29445.75;29450.25;8
20260910 190500;29450.5;29450.5;29446.5;29446.5;9
20260910 190600;29442.25;29443.5;29442.25;29442.5;6
20260910 190700;29440;29447.25;29438;29447.25;8
20260910 190800;29448.25;29448.25;29435.5;29435.5;19
20260910 190900;29434.25;29440;29434;29434;12
20260910 191000;29433;29453.5;29433;29450.25;52
20260910 191100;29455.25;29458.5;29445;29446.75;35
20260910 191200;29446.5;29446.5;29433;29436.5;11
20260910 191300;29434.5;29444.25;29434.5;29443.75;22
20260910 191400;29443.75;29450;29443.75;29445.25;12
20260910 191500;29444.25;29446.75;29441.5;29446.75;10
20260910 191600;29448.5;29453.5;29445;29445;17
20260910 191700;29443.25;29443.25;29443.25;29443.25;1
20260910 191800;29441.5;29441.5;29433.25;29434;11
20260910 191900;29430;29435;29428.5;29433.75;19
20260910 192000;29432;29432;29428.75;29429.75;7
20260910 192100;29432.5;29436.75;29432.25;29435.5;9
20260910 192200;29431.5;29434.5;29431.5;29434.5;7
20260910 192300;29437.5;29438.5;29436;29438.5;3
20260910 192400;29439;29439;29429.75;29429.75;16
20260910 192500;29433;29444.5;29433;29443.5;10
20260910 192600;29447.75;29450;29444.25;29444.25;20
20260910 192700;29444.75;29444.75;29444.75;29444.75;1
20260910 192800;29450;29450;29447;29447;8
20260910 192900;29446.75;29451.5;29446.75;29451.5;12
20260910 193000;29450.25;29450.25;29447.25;29447.25;5
20260910 193100;29447.25;29448.25;29443.25;29443.25;24
20260910 193200;29436.75;29444.25;29435.5;29442.5;7
20260910 193300;29445.25;29445.25;29441.75;29445;7
20260910 193400;29442;29449;29442;29447.75;12
20260910 193500;29449;29449;29448.75;29448.75;2
20260910 193600;29450.75;29450.75;29448.75;29449.75;4
20260910 193700;29445.25;29447.25;29445;29446.25;9
20260910 193800;29447.5;29447.5;29436.75;29439;7
20260910 193900;29439;29449.5;29439;29447.75;29
20260910 194000;29449;29450;29448.5;29449;14
20260910 194100;29453;29453;29448;29448.25;9
20260910 194200;29452;29452;29447.5;29447.5;4
20260910 194300;29452.5;29453.75;29452.5;29453.5;8
20260910 194400;29455.75;29459.5;29453.75;29459.25;8
20260910 194500;29456;29456;29445.75;29446.5;10
20260910 194600;29447;29449.5;29447;29449.5;4
20260910 194700;29455;29455;29442.5;29442.5;9
20260910 194800;29439;29447;29436.75;29445.5;16
20260910 194900;29443.25;29443.25;29440;29440;4
20260910 195000;29440;29450.5;29440;29450;23
20260910 195100;29448.5;29462.5;29435;29436.25;52
20260910 195200;29436.5;29436.5;29426.75;29429.25;34
20260910 195300;29427.5;29429.75;29419;29419;30
20260910 195400;29418.75;29426.75;29413;29426.75;40
20260910 195500;29428.5;29429.75;29417.75;29427.75;37
20260910 195600;29424;29434.5;29422.25;29430;30
20260910 195700;29429;29429;29421;29424.25;5
20260910 195800;29423.5;29429.75;29420;29429.75;10
20260910 195900;29426.75;29430.25;29426.75;29427.5;14
20260910 200000;29430;29435.75;29417;29423.75;99
20260910 200100;29433.75;29441.75;29425;29426.75;27
20260910 200200;29428;29432;29426.25;29428;55
20260910 200300;29424;29427.75;29421.75;29423.25;14
20260910 200400;29426.5;29426.5;29421.75;29421.75;8
20260910 200500;29423.25;29425.75;29421;29425.75;17
20260910 200600;29420.75;29427.75;29419.25;29425.5;20
20260910 200700;29428;29430;29428;29430;2
20260910 200800;29433.25;29433.25;29426.25;29426.25;4
20260910 200900;29426.5;29433;29426.5;29433;2
20260910 201000;29432;29432;29428;29428;4
20260910 201100;29433.75;29444.25;29427.75;29432.25;58
20260910 201200;29440.75;29441.5;29439.25;29439.25;24
20260910 201300;29438.5;29440.25;29438.5;29438.75;26
20260910 201400;29440;29440;29440;29440;1
20260910 201500;29445.5;29445.5;29443.25;29445;6
20260910 201600;29445.25;29445.25;29436;29443;6
20260910 201800;29438.75;29444.25;29438.75;29444.25;8
20260910 201900;29439.5;29445.25;29439.5;29445.25;3
20260910 202000;29438.75;29438.75;29438.75;29438.75;2
20260910 202100;29444;29444;29444;29444;2
20260910 202200;29444.75;29444.75;29444.75;29444.75;1
20260910 202300;29440;29440;29440;29440;1
20260910 202400;29440;29440;29440;29440;3
20260910 202500;29443.75;29445.5;29441;29445.5;14
20260910 203000;29438.25;29438.25;29432.25;29432.25;5
20260910 203100;29434.75;29440.25;29434.75;29440.25;3
20260910 203300;29438.75;29438.75;29434.5;29434.5;2
20260910 203400;29436.75;29436.75;29436.75;29436.75;3
20260910 203500;29440.25;29440.25;29440.25;29440.25;1
20260910 203600;29440.25;29440.25;29440.25;29440.25;1
20260910 203700;29437.25;29437.25;29435.25;29435.25;3
20260910 203900;29441;29442.5;29441;29442.5;4
20260910 204000;29439.5;29439.5;29439.5;29439.5;1
20260910 204100;29440;29440;29440;29440;5
20260910 204200;29443.75;29444.5;29443.75;29444;8
20260910 204400;29438.75;29438.75;29438.75;29438.75;5
20260910 204500;29441;29441;29441;29441;3
20260910 204600;29444.5;29445;29439.5;29445;15
20260910 204800;29438.75;29438.75;29438.75;29438.75;1
20260910 204900;29441.25;29441.25;29441.25;29441.25;1
20260910 205200;29440.5;29443.25;29440.5;29443.25;2
20260910 205400;29442.75;29442.75;29442.75;29442.75;2
20260910 205500;29443;29443;29443;29443;1
20260910 205600;29443;29443;29443;29443;1
20260910 205700;29444.5;29446.5;29444;29444;23
20260910 205900;29438;29438;29425;29425;5
20260910 210000;29422.25;29431;29422;29422;18
20260910 220100;29435;29445;29433.5;29441.75;21
20260910 220200;29440;29446.5;29434;29441;25
20260910 220300;29442.75;29444;29436.5;29436.5;20
20260910 220400;29441;29441;29438.25;29440;6
20260910 220500;29444.75;29445;29441;29442.25;20
20260910 220600;29439.75;29440;29438.75;29438.75;23
20260910 220700;29440;29440;29440;29440;1
20260910 220800;29426.25;29426.25;29426;29426;2
20260910 220900;29430;29432.5;29428;29432.5;19
20260910 221000;29436.75;29437.25;29433.25;29435.5;36
20260910 221100;29436.5;29440.25;29436.5;29440.25;8
20260910 221200;29439;29439;29437.5;29437.5;8
20260910 221300;29439;29439.25;29439;29439.25;26
20260910 221400;29435.75;29435.75;29434.75;29434.75;2
20260910 221500;29436.5;29436.5;29434;29435.5;7
20260910 221600;29436;29438.25;29434.25;29435;12
20260910 221700;29433;29437.25;29432.5;29437.25;5
20260910 221800;29433.75;29435.25;29433.75;29435.25;6
20260910 221900;29438.75;29438.75;29438.75;29438.75;1
20260910 222000;29438.5;29440.75;29437.75;29440.75;4
20260910 222200;29446.5;29448.5;29445;29447.25;7
20260910 222300;29444.25;29444.25;29440.5;29442.5;4
20260910 222400;29442;29442;29442;29442;1
20260910 222500;29436.25;29436.25;29430;29433.75;14
20260910 222700;29427;29427;29419.75;29419.75;23
20260910 222800;29418.25;29418.25;29416;29416;13
20260910 222900;29415;29419;29414.25;29417.25;14
20260910 223000;29415;29415;29408;29408;16
20260910 223100;29411;29411;29410.25;29410.25;3
20260910 223200;29410.75;29411.25;29410.75;29411.25;2
20260910 223300;29406.25;29409;29404;29409;15
20260910 223500;29411.5;29411.5;29406.5;29406.5;21
20260910 223600;29406.25;29409.25;29406.25;29406.25;5
20260910 223700;29409;29409;29403.75;29403.75;7
20260910 223800;29406.75;29406.75;29406.5;29406.5;5
20260910 223900;29406.5;29406.5;29404;29404;7
20260910 224000;29404;29404;29399;29399;13
20260910 224100;29401.25;29401.75;29398.5;29398.5;4
20260910 224200;29398.25;29399;29397.5;29399;4
20260910 224300;29400.75;29400.75;29397.75;29399.75;4
20260910 224400;29396.75;29397;29396.25;29396.75;10
20260910 224500;29397;29397.5;29396.25;29397.5;5
20260910 224600;29394.75;29396.75;29393.5;29396.75;16
20260910 224700;29395;29395;29393;29393;5
20260910 224800;29392.5;29399.5;29390.5;29396.25;12
20260910 224900;29396;29404;29396;29404;7
20260910 225000;29403.5;29407;29402.5;29407;6
20260910 225100;29404.5;29405.5;29403.75;29405.5;6
20260910 225200;29404.75;29404.75;29404.75;29404.75;1
20260910 225300;29403;29403;29399.5;29399.5;3
20260910 225400;29399.25;29399.25;29399;29399;2
20260910 225500;29395.5;29395.5;29395.25;29395.25;2
20260910 225600;29396.25;29398.5;29396.25;29398.5;2
20260910 225700;29398.25;29398.25;29398;29398;5
20260910 225800;29396.5;29396.5;29394.5;29394.5;2
20260910 225900;29397;29398.25;29397;29398.25;4
20260910 230100;29401;29401;29400;29400;5
20260910 230200;29402;29403;29402;29403;10
20260910 230300;29404.5;29405;29401.25;29401.25;11
20260910 230400;29398;29398;29391;29391;10
20260910 230500;29391.25;29395.75;29391.25;29395.75;6
20260910 230600;29395.5;29401;29395.5;29401;8
20260910 230700;29398.25;29399.5;29398.25;29399.5;3
20260910 230800;29400;29400;29400;29400;1
20260910 231000;29400;29400;29400;29400;1
20260910 231100;29398.5;29398.5;29397.5;29397.5;5
20260910 231200;29396.25;29397.5;29396;29397.5;3
20260910 231300;29396.75;29399;29395.25;29397.25;6
20260910 231400;29396.75;29396.75;29396.75;29396.75;1
20260910 231500;29398.25;29400.75;29398.25;29399.25;8
20260910 231600;29397.5;29399.5;29397.5;29398;4
20260910 231700;29396.5;29396.5;29396.5;29396.5;1
20260910 231800;29399.5;29401.75;29399.5;29400;6
20260910 231900;29401.5;29401.5;29401.5;29401.5;1
20260910 232000;29399;29399.25;29398.75;29399.25;3
20260910 232100;29399.25;29399.25;29398;29398.25;4
20260910 232200;29400.75;29400.75;29394.75;29394.75;5
20260910 232300;29394.5;29396;29392.5;29392.5;4
20260910 232500;29392.5;29392.5;29389.25;29389.25;10
20260910 232600;29389.75;29389.75;29389.75;29389.75;1
20260910 232700;29394.75;29400.75;29394.75;29399;4
20260910 232800;29397;29397;29393.75;29393.75;6
20260910 232900;29394;29394;29392.25;29392.25;4
20260910 233100;29395.25;29397;29395;29396.5;9
20260910 233200;29395.75;29395.75;29395;29395;2
20260910 233300;29396.5;29399;29396.5;29399;4
20260910 233400;29402;29402;29402;29402;3
20260910 233500;29398.75;29398.75;29394.5;29394.5;5
20260910 233600;29390.5;29390.5;29390;29390;3
20260910 233700;29394.75;29397;29394.75;29397;3
20260910 233800;29396;29396;29393.5;29393.5;4
20260910 233900;29393;29395.75;29393;29395.75;3
20260910 234000;29396;29396.5;29396;29396.5;2
20260910 234100;29395.25;29395.25;29394;29394;4
20260910 234200;29393.5;29394.75;29389.25;29390;9
20260910 234300;29389.75;29396;29389.75;29394.5;28
20260910 234400;29395;29395;29390.75;29390.75;17
20260910 234500;29392.25;29395.75;29392.25;29395.75;16
20260910 234600;29394.25;29395.25;29394.25;29395;3
20260910 234700;29394.75;29395;29394.75;29395;2
20260910 234800;29392;29393;29387.75;29390.75;15
20260910 234900;29388.75;29392.5;29387.25;29391.5;14
20260910 235000;29391.5;29391.5;29388.25;29388.25;5
20260910 235100;29390.75;29391;29381.25;29385.5;41
20260910 235200;29383.75;29384;29382.5;29383;12
20260910 235300;29382;29383.25;29382;29382;6
20260910 235400;29385;29385;29377.5;29377.5;7
20260910 235500;29377.25;29377.25;29369.75;29371;38
20260910 235600;29369.25;29369.25;29359.5;29360;64
20260910 235700;29359.75;29360.5;29357.25;29359;20
20260910 235800;29358.5;29360;29355;29356.5;11
20260910 235900;29354;29354;29354;29354;1
20260911 000000;29356;29356;29352.75;29355.75;11
20260911 000100;29356.5;29377.25;29355.75;29377.25;36
20260911 000200;29374.25;29380;29371.5;29377.25;13
20260911 000300;29370;29387.75;29370;29385;36
20260911 000400;29383.75;29390;29383.75;29387;24
20260911 000500;29388;29390.25;29384.5;29384.5;4
20260911 000600;29382.25;29390;29382.25;29388.75;26
20260911 000700;29383.75;29405;29383.75;29405;32
20260911 000800;29408.5;29413;29406.25;29411.75;21
20260911 000900;29411.75;29415;29407.5;29407.5;45
20260911 001000;29408.25;29408.25;29396.75;29401.5;27
20260911 001100;29402.25;29403.25;29398.75;29398.75;16
20260911 001200;29399.25;29399.25;29398.5;29398.5;5
20260911 001300;29398.5;29411.25;29398.5;29406.75;13
20260911 001400;29408;29408;29401.25;29401.25;28
20260911 001500;29400;29400.25;29398.75;29399.75;8
20260911 001600;29402.75;29405.25;29401;29401;20
20260911 001700;29400.75;29408.5;29400.75;29401.25;12
20260911 001800;29405.5;29407.5;29405.5;29407.5;7
20260911 001900;29406.25;29406.25;29393.5;29393.5;9
20260911 002000;29398;29398;29397.25;29397.25;4
20260911 002100;29397.5;29397.5;29387.5;29388.5;27
20260911 002200;29387.75;29393;29387.5;29392;11
20260911 002300;29389.75;29394.5;29389.75;29394.5;7
20260911 002400;29396.5;29416;29396.5;29415.5;34
20260911 002500;29418.25;29418.25;29411;29411;45
20260911 002600;29411.5;29411.5;29408.25;29410.25;10
20260911 002700;29416.5;29423.75;29415;29423.75;12
20260911 002800;29425;29434.25;29423.5;29431.75;29
20260911 002900;29430;29430.75;29428;29428;6
20260911 003000;29428.75;29435;29427;29429.25;20
20260911 003100;29430;29431.25;29423;29423;22
20260911 003200;29419.5;29419.5;29412.5;29412.5;4
20260911 003300;29415.75;29415.75;29413.75;29414;5
20260911 003400;29414.75;29415;29412.25;29412.25;4
20260911 003500;29413.75;29418.5;29412.25;29417.75;6
20260911 003600;29417.5;29427.75;29417;29427.75;15
20260911 003700;29429.5;29437.25;29429.5;29437.25;30
20260911 003800;29436;29443.25;29436;29443.25;23
20260911 003900;29443.25;29455.75;29443;29455.75;26
20260911 004000;29453.75;29453.75;29440;29440;43
20260911 004100;29441.25;29441.25;29437.75;29437.75;9
20260911 004200;29435.5;29435.5;29419.25;29420.5;28
20260911 004300;29422.5;29424;29406.5;29409.75;224
20260911 004400;29410.5;29413.5;29410;29413.25;9
20260911 004500;29413.5;29417.5;29413;29413;6
20260911 004600;29415.5;29425;29415.5;29425;20
20260911 004700;29423.5;29425.5;29422.25;29423.75;8
20260911 004800;29423.75;29423.75;29417;29418.75;5
20260911 004900;29425.25;29427.75;29423;29424.75;13
20260911 005000;29422.75;29427.75;29422.75;29425;8
20260911 005100;29434.25;29440;29434.25;29437.75;9
20260911 005200;29435.75;29438;29432;29433.25;14
20260911 005300;29432.75;29436.75;29432.75;29436.25;10
20260911 005400;29437.25;29441.75;29437.25;29441.75;13
20260911 005500;29442.5;29445;29440;29442.5;22
20260911 005600;29441.5;29443.75;29438.5;29438.5;11
20260911 005700;29442.75;29444.25;29441;29444.25;8
20260911 005800;29443.75;29445.25;29442.75;29444;10
20260911 005900;29445.75;29450;29445.75;29450;7
20260911 010000;29451;29453.75;29451;29451;18
20260911 010100;29450.25;29452.75;29447.25;29447.75;13
20260911 010200;29446.5;29450;29444.5;29444.5;7
20260911 010300;29452.25;29453.25;29452;29453.25;9
20260911 010400;29455;29461.5;29455;29460;14
20260911 010500;29458.25;29458.25;29452.25;29455;14
20260911 010600;29454;29454;29448.5;29449;10
20260911 010700;29448.5;29450;29446;29446;18
20260911 010800;29445.75;29449;29440.75;29446.25;34
20260911 010900;29441.5;29443.75;29441.5;29441.75;13
20260911 011000;29443.5;29451.25;29443.5;29449.25;19
20260911 011100;29447.75;29447.75;29447.75;29447.75;2
20260911 011200;29450.25;29450.25;29449.75;29450.25;3
20260911 011300;29450.25;29451.25;29447.5;29451.25;14
20260911 011400;29454.5;29456.25;29452.5;29452.5;4
20260911 011500;29446.5;29446.75;29437.75;29438.75;16
20260911 011600;29441.25;29441.25;29434.5;29437;13
20260911 011700;29435.75;29435.75;29429;29433;11
20260911 011800;29434.5;29437.5;29432.75;29433;9
20260911 011900;29434.75;29434.75;29434.75;29434.75;1
20260911 012000;29432;29433.75;29432;29433.75;7
20260911 012100;29431.75;29431.75;29430.25;29430.25;2
20260911 012200;29427.5;29427.5;29418.75;29420.75;17
20260911 012300;29420.25;29420.25;29419;29419;5
20260911 012400;29415.5;29417.25;29415.5;29416;7
20260911 012500;29420.5;29423.25;29416.75;29422;23
20260911 012600;29422;29427.25;29421.75;29422.5;18
20260911 012700;29423.25;29424.75;29423.25;29424.75;2
20260911 012800;29424.25;29424.25;29422.75;29422.75;4
20260911 012900;29427.25;29429;29425;29428.5;10
20260911 013000;29428.5;29428.5;29416.75;29416.75;7
20260911 013100;29419.5;29420.25;29414.5;29420;6
20260911 013200;29422.5;29422.5;29422.5;29422.5;2
20260911 013300;29421.25;29423.5;29421.25;29422;9
20260911 013400;29424.5;29424.5;29424.25;29424.25;2
20260911 013500;29418.25;29418.25;29414.5;29415;7
20260911 013600;29419;29423.5;29419;29423.5;2
20260911 013700;29426.25;29426.25;29415.5;29415.5;4
20260911 013800;29417.5;29417.5;29414;29414;5
20260911 013900;29417.25;29421;29411.75;29411.75;19
20260911 014000;29410.5;29410.5;29410.5;29410.5;1
20260911 014100;29410.5;29410.5;29403.75;29405;28
20260911 014200;29402;29403.75;29399;29403.75;19
20260911 014300;29403.75;29403.75;29402.5;29402.5;4
20260911 014400;29402.25;29405.75;29402.25;29405.5;23
20260911 014500;29405;29408.5;29404.25;29408.5;7
20260911 014600;29401.75;29403.25;29398;29398;9
20260911 014700;29398;29400.25;29397.5;29400.25;15
20260911 014800;29397.5;29397.5;29394;29395.75;7
20260911 014900;29401.5;29401.5;29401.5;29401.5;1
20260911 015000;29403.25;29403.25;29398.5;29401.25;4
20260911 015100;29396.75;29399.75;29396.75;29399.75;7
20260911 015200;29400;29400.25;29395;29396.5;7
20260911 015300;29400;29405;29400;29405;3
20260911 015400;29400;29400;29400;29400;1
20260911 015600;29403.5;29403.5;29401.75;29401.75;4
20260911 015700;29402;29404.75;29401.5;29404.75;9
20260911 015800;29404.75;29412.5;29401.25;29411.25;23
20260911 015900;29410.25;29411.75;29409;29409;8
20260911 020000;29416.75;29420.25;29416.75;29420.25;20
20260911 020100;29420.5;29429.25;29419.75;29424.25;30
20260911 020200;29424.25;29424.25;29420.75;29422;21
20260911 020300;29422.5;29422.5;29412.75;29414.25;5
20260911 020400;29415.25;29416.25;29415;29416.25;5
20260911 020500;29419;29419;29419;29419;1
20260911 020600;29418.75;29425;29418.75;29421.25;8
20260911 020700;29417.25;29417.25;29417.25;29417.25;1
20260911 020800;29416.5;29416.75;29412;29412;4
20260911 020900;29418.75;29422.25;29418.25;29418.25;10
20260911 021000;29417.5;29417.75;29417.5;29417.5;5
20260911 021200;29417.5;29417.5;29417.5;29417.5;1
20260911 021400;29421.25;29424.25;29421.25;29424.25;8
20260911 021600;29418.25;29418.25;29416;29416;4
20260911 021700;29417.5;29421.25;29417.5;29421.25;2
20260911 021800;29418.25;29418.25;29405.25;29405.25;4
20260911 021900;29406.5;29406.5;29406.5;29406.5;1
20260911 022100;29408.5;29415;29408.5;29412.75;7
20260911 022200;29415.25;29415.25;29415.25;29415.25;1
20260911 022300;29410.5;29410.5;29410.5;29410.5;1
20260911 022600;29402;29405.25;29398.75;29404.25;19
20260911 022700;29404.25;29404.25;29392;29392;17
20260911 022800;29395;29395;29389;29394.75;23
20260911 022900;29397.25;29397.25;29393.75;29393.75;21
20260911 023000;29392.75;29395;29392.75;29395;5
20260911 023100;29397.25;29399.5;29391.75;29393.75;13
20260911 023200;29392;29392;29384;29384.25;12
20260911 023300;29383.5;29383.5;29375;29375;24
20260911 023400;29377.25;29377.5;29375.25;29375.25;7
20260911 023500;29373.5;29378.5;29373.5;29378.5;4
20260911 023600;29377.5;29380.25;29377;29380.25;5
20260911 023800;29387;29388.75;29382.5;29388.75;6
20260911 023900;29383.5;29386.5;29383;29383;4
20260911 024000;29388;29397.5;29386.5;29397.5;6
20260911 024100;29393;29394.75;29393;29394.75;2
20260911 024200;29395.5;29395.5;29387.75;29387.75;7
20260911 024300;29390.5;29390.5;29385.5;29385.5;5
20260911 024400;29382.25;29382.25;29372.5;29373.25;6
20260911 024500;29374.75;29374.75;29374.75;29374.75;1
20260911 024600;29377;29385.25;29374;29374;21
20260911 024700;29376;29380.5;29376;29378.75;5
20260911 024800;29378.5;29386;29377.5;29384;12
20260911 024900;29383;29390.75;29381.25;29390.75;9
20260911 025000;29397.25;29399.25;29396.25;29397.75;14
20260911 025100;29396.5;29396.5;29395.75;29395.75;10
20260911 025200;29399.5;29399.5;29397.25;29398.25;5
20260911 025300;29396.5;29396.5;29389.5;29389.5;8
20260911 025500;29382;29383.75;29379.5;29379.75;11
20260911 025600;29374.25;29375.75;29373.25;29373.25;5
20260911 025700;29381;29381;29379.75;29381;6
20260911 025800;29382.5;29383.25;29379;29383.25;4
20260911 025900;29381.25;29381.25;29381.25;29381.25;1
20260911 030000;29383;29384.5;29381.75;29381.75;5
20260911 030100;29376.25;29380.25;29376.25;29378.25;5
20260911 030200;29380.25;29384;29377.5;29384;8
20260911 030300;29384;29386;29383;29384.25;12
20260911 030400;29386.5;29386.5;29386.5;29386.5;1
20260911 030500;29382.75;29382.75;29381.75;29382.5;5
20260911 030600;29375;29376.25;29369;29370;23
20260911 030700;29367.75;29371.5;29367.5;29369.75;10
20260911 030800;29370.25;29370.25;29363.75;29363.75;25
20260911 030900;29367.25;29368.5;29367.25;29368.5;4
20260911 031000;29368.5;29372;29367.25;29367.25;8
20260911 031100;29367.75;29367.75;29367.75;29367.75;1
20260911 031200;29364.25;29364.25;29356;29356.5;18
20260911 031300;29355.75;29358.75;29351;29356.25;38
20260911 031400;29356.25;29356.5;29352.5;29355.25;10
20260911 031500;29358;29364;29357;29364;5
20260911 031600;29365.75;29367.75;29365.75;29366.75;9
20260911 031700;29369.75;29372.5;29369.75;29369.75;5
20260911 031800;29363.75;29367.5;29363;29367.5;4
20260911 031900;29368;29370;29368;29370;6
20260911 032000;29370;29370.75;29370;29370.75;4
20260911 032100;29372;29372;29370.25;29370.25;2
20260911 032200;29371.25;29371.25;29353.75;29355;19
20260911 032300;29356.25;29356.5;29355.25;29355.25;5
20260911 032400;29353.75;29355.5;29353;29355;8
20260911 032600;29357.25;29360;29357.25;29360;5
20260911 032700;29363.25;29363.25;29362.75;29362.75;2
20260911 032800;29361.75;29365;29361.75;29365;4
20260911 032900;29366.75;29369.5;29366.5;29368;11
20260911 033000;29365.25;29365.25;29364.75;29364.75;2
20260911 033100;29360;29360;29352.5;29354.5;15
20260911 033200;29354.25;29354.25;29348.5;29348.5;36
20260911 033300;29350.25;29350.75;29342;29344.25;34
20260911 033400;29343;29343.5;29339.75;29341.25;22
20260911 033500;29341.25;29348.25;29341.25;29348.25;12
20260911 033600;29350;29350;29348;29348;2
20260911 033700;29347.75;29355.75;29347.75;29355.75;21
20260911 033800;29360;29362.5;29358.25;29358.25;5
20260911 033900;29358.5;29360.75;29355.75;29360.75;13
20260911 034000;29354.75;29355.25;29354.5;29355.25;7
20260911 034100;29350;29361.25;29350;29358.75;16
20260911 034200;29358.75;29368.5;29358.75;29364.75;15
20260911 034300;29368.5;29379.25;29368.5;29374.25;18
20260911 034400;29376.5;29377;29374.5;29375.75;10
20260911 034500;29374.75;29375;29374.75;29375;3
20260911 034600;29371;29371;29367.75;29368;3
20260911 034700;29362.25;29362.25;29362.25;29362.25;1
20260911 034800;29362.25;29362.25;29352;29352.25;10
20260911 034900;29355.5;29355.5;29348.75;29350.75;11
20260911 035000;29348.25;29348.25;29344.75;29347.25;9
20260911 035100;29343.5;29344.25;29343.25;29344;5
20260911 035200;29343;29343;29340.75;29340.75;2
20260911 035400;29346.5;29354;29346.5;29354;11
20260911 035500;29352.25;29352.25;29351;29352;4
20260911 035600;29352.5;29353;29352.5;29353;5
20260911 035700;29357;29360.75;29357;29360.75;3
20260911 035800;29353;29353.5;29353;29353.5;3
20260911 035900;29358;29361;29358;29361;2
20260911 040000;29359.25;29359.25;29348.75;29351;7
20260911 040100;29351.25;29351.25;29335;29335;28
20260911 040200;29340.5;29356.75;29340;29340;32
20260911 040300;29342.5;29342.5;29331;29332.75;31
20260911 040400;29332.75;29341.5;29332.75;29341.5;18
20260911 040500;29350.5;29365.25;29350.5;29361.25;38
20260911 040600;29362.75;29367;29359.75;29364.5;25
20260911 040700;29367;29367;29361;29367;8
20260911 040800;29364.5;29365;29359;29359;8
20260911 040900;29359;29376.5;29359;29374.75;14
20260911 041000;29374.75;29374.75;29370;29370;3
20260911 041100;29367.75;29377;29366;29366;11
20260911 041200;29361.25;29361.25;29345.25;29345.25;28
20260911 041300;29355.25;29356.75;29351.25;29351.25;4
20260911 041400;29357;29373.5;29357;29373.5;23
20260911 041500;29375;29384.75;29374.5;29384.75;39
20260911 041600;29382.25;29383;29378.25;29378.25;17
20260911 041700;29379.5;29379.5;29374.5;29374.5;7
20260911 041800;29369.75;29371;29369.75;29370;5
20260911 041900;29374;29374;29369;29369;3
20260911 042000;29371.75;29371.75;29371;29371;2
20260911 042100;29371.75;29383;29371.75;29383;11
20260911 042200;29386.25;29390;29383.75;29384.5;18
20260911 042300;29384.75;29386.75;29384;29384.5;19
20260911 042400;29378.25;29380.75;29376.25;29380.75;4
20260911 042500;29389.25;29398;29389.25;29398;13
20260911 042600;29399;29410.5;29399;29409.25;73
20260911 042700;29406;29410.75;29406;29410.75;24
20260911 042800;29413;29416.25;29410;29411.75;21
20260911 042900;29414;29414;29411.75;29411.75;3
20260911 043000;29415.75;29415.75;29413.5;29413.5;6
20260911 043100;29415;29417.75;29414;29416.5;9
20260911 043200;29418.75;29422;29417;29421;33
20260911 043300;29418.75;29421;29417.25;29418.25;17
20260911 043400;29412.75;29415.5;29412.25;29412.25;11
20260911 043500;29414;29414;29411.25;29411.25;4
20260911 043600;29409;29417;29409;29413;13
20260911 043700;29416.75;29417.25;29416.75;29417.25;3
20260911 043800;29418.5;29420;29417.5;29420;11
20260911 043900;29420.25;29420.25;29420;29420;2
20260911 044000;29420;29420;29417.5;29417.5;2
20260911 044100;29420.75;29427.75;29418;29418;18
20260911 044200;29417.75;29420.5;29417.75;29420;5
20260911 044300;29426;29426;29426;29426;3
20260911 044400;29426;29428;29423.5;29428;14
20260911 044500;29429.75;29430;29425.25;29425.25;16
20260911 044600;29429.5;29429.5;29425.25;29425.25;4
20260911 044700;29427;29430.25;29425.5;29430.25;18
20260911 044800;29425;29425;29425;29425;1
20260911 044900;29426.25;29426.25;29426.25;29426.25;1
20260911 045000;29425.75;29432;29423.75;29432;40
20260911 045100;29429.5;29434.25;29429.5;29434.25;4
20260911 045200;29435;29440;29434.25;29438.75;26
20260911 045300;29436.5;29436.75;29434.5;29434.5;6
20260911 045400;29430;29430.25;29425;29427.75;13
20260911 045500;29424.75;29426;29424.75;29425.75;7
20260911 045600;29428.5;29431.25;29426.75;29430.75;16
20260911 045700;29431.25;29431.25;29428;29428;4
20260911 045800;29429;29430.5;29429;29430.25;4
20260911 045900;29423;29423;29422;29422.25;3
20260911 050000;29423.5;29423.5;29415.25;29415.25;13
20260911 050100;29415;29420;29415;29417;11
20260911 050200;29416.5;29417.5;29416.5;29417.5;4
20260911 050300;29419.25;29419.25;29417.5;29417.5;4
20260911 050400;29420;29420;29420;29420;1
20260911 050500;29412.25;29416.25;29412.25;29416;6
20260911 050600;29415.25;29432;29413.5;29430;14
20260911 050700;29430.75;29431.5;29430.75;29431.5;3
20260911 050800;29431.5;29437;29431.5;29437;10
20260911 050900;29430;29433.75;29426;29426;16
20260911 051100;29435;29437.5;29431.5;29431.5;8
20260911 051200;29432.25;29445;29432.25;29443;13
20260911 051300;29442;29442.5;29436.75;29438.75;14
20260911 051400;29434.25;29436.25;29432;29436.25;8
20260911 051500;29438;29451.5;29438;29450;23
20260911 051600;29453;29456.25;29445.75;29445.75;10
20260911 051700;29445.25;29446.25;29440.75;29441;9
20260911 051800;29440.5;29440.5;29440.25;29440.25;3
20260911 051900;29439.5;29446;29438;29446;16
20260911 052000;29445;29446;29442;29442;13
20260911 052100;29441.25;29442.25;29435.75;29435.75;6
20260911 052200;29430.5;29432.75;29428.75;29432.5;16
20260911 052300;29435;29435;29435;29435;1
20260911 052400;29439.25;29445;29438.75;29438.75;13
20260911 052500;29438.75;29438.75;29438.75;29438.75;2
20260911 052600;29436.5;29436.5;29432.25;29432.25;4
20260911 052700;29430.75;29432;29429;29431.75;6
20260911 052800;29431;29431;29430.5;29430.5;2
20260911 052900;29430.75;29432;29430.75;29432;2
20260911 053000;29429.5;29430;29422.75;29423;24
20260911 053100;29428.5;29441.5;29428.5;29441.5;18
20260911 053200;29437;29443.5;29437;29440.5;14
20260911 053300;29440;29442.25;29439.5;29442.25;4
20260911 053400;29444.25;29448.5;29442;29448.5;8
20260911 053500;29450;29452;29450;29452;3
20260911 053600;29450.25;29454.25;29449.5;29453;6
20260911 053700;29455.5;29456.75;29453.75;29454;12
20260911 053800;29456.75;29459.25;29455.5;29458;13
20260911 053900;29457.75;29457.75;29457.75;29457.75;1
20260911 054000;29457.75;29463.75;29457.75;29463.5;14
20260911 054100;29463.5;29466.75;29461.5;29466.75;28
20260911 054200;29463.5;29465.5;29461;29463;31
20260911 054300;29463;29468.25;29463;29468.25;16
20260911 054400;29468;29479;29466.5;29477.25;62
20260911 054500;29477;29486.75;29477;29482;17
20260911 054600;29483;29483;29469.5;29471.5;12
20260911 054700;29472.25;29488;29472.25;29488;22
20260911 054800;29486.25;29491.25;29484.5;29487;20
20260911 054900;29488.5;29488.5;29485.75;29488.25;19
20260911 055000;29487.25;29488.75;29487.25;29488.75;4
20260911 055100;29491.75;29491.75;29483;29484;17
20260911 055200;29486.25;29491.5;29486.25;29489.25;7
20260911 055300;29494;29499;29494;29498;21
20260911 055400;29498.5;29511;29495.25;29510;54
20260911 055500;29513;29518.25;29513;29514.5;31
20260911 055600;29514;29520.25;29514;29520;21
20260911 055700;29522.5;29529.25;29522.5;29523.75;101
20260911 055800;29522.5;29524.75;29518;29524;22
20260911 055900;29526.5;29535.75;29524.25;29524.25;89
20260911 060000;29525.5;29526.5;29521.75;29526.25;14
20260911 060100;29522.25;29522.75;29514.25;29519.5;25
20260911 060200;29521;29525;29518;29523.75;18
20260911 060300;29520.75;29528.75;29520.75;29527.75;28
20260911 060400;29526.5;29526.5;29519.5;29522.25;24
20260911 060500;29520.75;29520.75;29514.25;29516.75;13
20260911 060600;29510;29511.75;29509.25;29510;18
20260911 060700;29512;29523.5;29512;29518.5;21
20260911 060800;29520.75;29535;29520.75;29535;19
20260911 060900;29536.75;29537.75;29528;29528.25;29
20260911 061000;29526.75;29527;29525;29526.5;7
20260911 061100;29524.25;29526.5;29524.25;29525.25;12
20260911 061200;29528;29530;29528;29529.25;9
20260911 061300;29525;29525;29518.75;29518.75;5
20260911 061400;29525.75;29530;29525.75;29527;9
20260911 061500;29525.25;29540;29525.25;29538.5;28
20260911 061600;29537;29540.25;29536;29540;30
20260911 061700;29539;29541;29535.75;29540.25;8
20260911 061800;29541.25;29543.25;29532.5;29534.75;28
20260911 061900;29534;29535.25;29528.25;29529.75;18
20260911 062000;29525;29527;29518;29527;13
20260911 062100;29525.25;29527.25;29525.25;29527.25;10
20260911 062200;29524;29527.25;29521.5;29521.5;5
20260911 062300;29521;29522;29516.5;29516.5;11
20260911 062400;29517.25;29519;29516;29517;19
20260911 062500;29517.75;29519.5;29515.75;29519.25;18
20260911 062600;29522.75;29523.75;29513.5;29519.5;24
20260911 062700;29521;29521;29518.5;29518.5;4
20260911 062800;29522.75;29523;29518.5;29519;9
20260911 062900;29516.5;29517;29514;29517;21
20260911 063000;29516.25;29518.25;29512.25;29516;85
20260911 063100;29518.25;29519.25;29513.25;29519.25;28
20260911 063200;29519.25;29520.75;29519.25;29520.25;3
20260911 063300;29524;29527.5;29517.25;29517.25;18
20260911 063400;29515.5;29516;29508.75;29512.25;28
20260911 063500;29511.25;29511.25;29507;29509.5;26
20260911 063600;29511.25;29518.75;29511.25;29518.75;5
20260911 063700;29515.75;29524.75;29515.75;29524.75;5
20260911 063800;29521.5;29526;29521.25;29526;15
20260911 063900;29525.75;29526.25;29525.75;29526.25;4
20260911 064000;29529.25;29529.25;29525.5;29525.5;4
20260911 064100;29522.5;29525;29520.25;29521.25;14
20260911 064200;29521.25;29522;29517.75;29521;7
20260911 064300;29517;29518;29516.25;29516.5;15
20260911 064400;29512.5;29512.5;29511;29511.25;5
20260911 064500;29511.25;29518.5;29511.25;29518.5;9
20260911 064600;29522.25;29527.25;29522.25;29527.25;18
20260911 064700;29531.25;29531.25;29530.75;29531;5
20260911 064800;29532;29548.25;29532;29547;23
20260911 064900;29546.5;29551.75;29546.5;29551;38
20260911 065000;29550.75;29550.75;29544.75;29544.75;12
20260911 065100;29541.75;29547.5;29540;29545.5;9
20260911 065200;29542;29546.25;29539.25;29542;40
20260911 065300;29542;29547.25;29541.25;29546.5;107
20260911 065400;29545.5;29545.5;29539.75;29542;9
20260911 065500;29539.5;29540.75;29538.75;29540.5;7
20260911 065600;29540.5;29542.25;29538.5;29540;7
20260911 065700;29542;29542;29539;29539.75;7
20260911 065800;29541.5;29545.25;29541.5;29545.25;5
20260911 070000;29547.5;29550;29547.25;29548.25;10
20260911 070100;29545.75;29552;29541.5;29552;19
20260911 070200;29552.25;29554.5;29551;29554.25;33
20260911 070400;29548.75;29549.75;29544.25;29549.75;13
20260911 070500;29551.25;29557.75;29551.25;29557.75;11
20260911 070600;29559.75;29559.75;29551.75;29551.75;3
20260911 070700;29553.25;29554.25;29550.75;29550.75;17
20260911 070800;29552.75;29560;29552.75;29559;18
20260911 070900;29553.25;29553.25;29553.25;29553.25;2
20260911 071000;29550;29551.5;29545;29547.25;11
20260911 071100;29555;29556.5;29552;29554.5;12
20260911 071200;29555;29556;29550.5;29551.5;6
20260911 071300;29551.5;29553;29550;29550;6
20260911 071400;29556;29557;29545.25;29545.25;17
20260911 071500;29545;29549;29544.75;29546.75;10
20260911 071600;29547.5;29547.5;29547.5;29547.5;1
20260911 071700;29544.5;29549.5;29544.5;29549.5;5
20260911 071800;29549.5;29555.25;29549.5;29555.25;9
20260911 071900;29554.75;29554.75;29549.75;29550.25;7
20260911 072000;29549.25;29550;29548;29550;5
20260911 072100;29548;29553.75;29548;29551;5
20260911 072200;29552.75;29553.25;29552.75;29553;3
20260911 072300;29544.5;29544.75;29538.75;29540;8
20260911 072400;29540.75;29544;29540.5;29544;6
20260911 072500;29549.25;29550.25;29547;29547;28
20260911 072600;29537.5;29537.5;29537;29537;2
20260911 072700;29541;29541;29532.25;29533.75;8
20260911 072800;29534.25;29540.75;29534.25;29540.75;3
20260911 073000;29536;29536;29527.5;29527.5;31
20260911 073100;29528;29535;29527.5;29535;8
20260911 073200;29532.5;29535;29532.5;29535;2
20260911 073400;29526;29526;29526;29526;1
20260911 073500;29528.5;29528.5;29519;29521.25;18
20260911 073600;29523.5;29526;29522.25;29524;15
20260911 073700;29523.75;29525.25;29523.75;29525.25;9
20260911 073800;29527.25;29530.25;29527.25;29530.25;4
20260911 073900;29527.5;29527.5;29527;29527.5;6
20260911 074000;29527;29527;29525;29525;2
20260911 074100;29527.75;29530;29527.75;29530;7
20260911 074200;29525.25;29533.5;29521;29533.5;5
20260911 074300;29531.75;29531.75;29531.75;29531.75;1
20260911 074400;29530.75;29531;29530.75;29531;2
20260911 074500;29530;29532;29530;29532;3
20260911 074600;29528.25;29528.25;29528.25;29528.25;1
20260911 074700;29526;29527.75;29522.25;29527.75;3
20260911 074800;29527.5;29530.5;29527.5;29530.5;4
20260911 074900;29528.5;29528.5;29526.75;29527.25;4
20260911 075000;29527.5;29527.5;29519.25;29520.75;18
20260911 075100;29523.5;29525;29523.5;29525;6
20260911 075200;29521.75;29526;29521;29525.25;6
20260911 075400;29528.75;29530.5;29528.75;29530.5;5
20260911 075500;29530.25;29530.25;29530.25;29530.25;2
20260911 075700;29532.75;29536;29532.75;29536;5
20260911 075800;29530.5;29530.5;29530.25;29530.25;2
20260911 075900;29532.5;29533.25;29532.5;29533.25;2
20260911 080000;29533.25;29533.25;29532.75;29532.75;2
20260911 080100;29535.75;29549;29535;29547.75;40
20260911 080200;29547.75;29558.5;29542.5;29558.5;13
20260911 080300;29554.25;29563.75;29541.75;29541.75;29
20260911 080400;29542.25;29548.25;29539;29539;14
20260911 080500;29538.75;29538.75;29538.75;29538.75;2
20260911 080600;29532;29535.25;29532;29534.5;11
20260911 080700;29533;29537.5;29532.5;29537.5;9
20260911 080800;29536.25;29536.25;29533.5;29535.5;11
20260911 080900;29532;29532;29530;29530;3
20260911 081000;29526.5;29527.75;29519.5;29519.5;10
20260911 081100;29523.5;29535;29523.5;29535;14
20260911 081200;29534;29540;29516.25;29519.5;193
20260911 081300;29521.5;29526;29521.5;29522.25;15
20260911 081400;29526;29540.5;29525.25;29540.5;32
20260911 081500;29540.25;29540.25;29536;29536.5;7
20260911 081600;29537;29537.5;29533.5;29533.5;4
20260911 081700;29533.25;29545;29531.5;29545;7
20260911 081800;29549.75;29555;29549.75;29551.75;7
20260911 081900;29552;29556;29552;29554.5;8
20260911 082000;29547.25;29547.25;29545.5;29546;6
20260911 082100;29546.5;29549;29544.5;29544.5;4
20260911 082200;29548;29549.25;29547;29547;6
20260911 082300;29548.5;29548.5;29548.5;29548.5;3
20260911 082400;29547.75;29555;29547.75;29555;12
20260911 082500;29554.75;29606.75;29554.5;29580.75;269
20260911 082600;29581.75;29581.75;29572;29576.75;20
20260911 082700;29574.75;29574.75;29565.5;29570;7
20260911 082800;29566.5;29566.5;29560;29563.25;28
20260911 082900;29564;29564.25;29557;29557.5;18
20260911 083000;29558.25;29562.75;29556.25;29560.25;16
20260911 083100;29566;29584.25;29564.5;29582;36
20260911 083200;29592.25;29601.5;29592.25;29598.25;40
20260911 083300;29599.25;29603.75;29598.25;29601.75;15
20260911 083400;29599;29599.75;29597;29598;17
20260911 083500;29597;29599.5;29595;29595;20
20260911 083600;29598.5;29598.5;29590.75;29590.75;6
20260911 083700;29590;29593.5;29588.75;29593.5;6
20260911 083800;29594.5;29594.5;29592;29593.75;13
20260911 083900;29592;29592;29592;29592;6
20260911 084000;29593;29595.5;29582.25;29582.25;29
20260911 084100;29588;29589.75;29584.5;29589.75;9
20260911 084200;29588.75;29588.75;29588.75;29588.75;2
20260911 084300;29587.25;29587.25;29587.25;29587.25;2
20260911 084500;29588.5;29588.5;29580;29580;9
20260911 084600;29581.25;29590;29578.25;29589;8
20260911 084700;29586.25;29595.75;29586.25;29595.75;13
20260911 084800;29595;29595.75;29590.5;29590.5;21
20260911 084900;29596;29599;29594.5;29594.5;11
20260911 085000;29594;29596.75;29592.25;29592.25;9
20260911 085100;29596;29597;29594;29596.25;8
20260911 085200;29598.25;29607;29597.75;29604.5;33
20260911 085300;29602.25;29604.5;29600.25;29601.5;8
20260911 085400;29601;29615;29601;29612.75;35
20260911 085500;29607;29607.25;29600.75;29601.75;22
20260911 085600;29600.25;29602;29599.5;29601.5;10
20260911 085700;29605.25;29610.75;29604.75;29610.25;9
20260911 085800;29607.75;29610;29607.75;29610;3
20260911 085900;29610.5;29613.75;29609;29613.75;17
20260911 090000;29612.5;29615;29607.75;29615;9
20260911 090100;29617.25;29625;29607.5;29622.75;119
20260911 090200;29615.75;29622.75;29613.75;29621.5;10
20260911 090300;29618;29618;29610.5;29615.25;16
20260911 090400;29611.75;29611.75;29606.5;29606.75;11
20260911 090500;29605.5;29609;29605.5;29609;6
20260911 090600;29605.75;29607;29602;29604.25;16
20260911 090700;29603;29606;29600.5;29606;17
20260911 090800;29604.25;29611.25;29603;29610.75;16
20260911 090900;29607;29607;29597;29601;24
20260911 091000;29600.75;29600.75;29594.25;29594.25;34
20260911 091100;29590.75;29593.25;29583;29583;54
20260911 091200;29586.5;29590.25;29582.75;29586.75;48
20260911 091300;29591.75;29592;29591.75;29592;2
20260911 091400;29592.75;29595.25;29591.25;29591.25;6
20260911 091500;29588.75;29588.75;29588.5;29588.5;2
20260911 091600;29583.5;29585.75;29582;29585.75;8
20260911 091700;29586.25;29588.5;29586;29586;7
20260911 091800;29586.75;29588.25;29586.75;29588.25;2
20260911 091900;29589.75;29591.5;29589.75;29591.5;7
20260911 092000;29597.5;29598.25;29596.5;29598.25;4
20260911 092100;29595.75;29600;29592.25;29600;18
20260911 092200;29600;29600;29598.5;29599.75;9
20260911 092300;29598.25;29598.5;29595;29595.5;8
20260911 092400;29598;29598.25;29598;29598.25;2
20260911 092500;29595.25;29595.75;29593.5;29593.5;3
20260911 092600;29591.25;29591.5;29590.5;29590.5;4
20260911 092700;29591.5;29591.5;29590.5;29590.5;3
20260911 092800;29595;29595;29594.25;29594.25;5
20260911 092900;29593.75;29596.5;29593.5;29596.5;4
20260911 093000;29595.25;29595.25;29595;29595.25;5
20260911 093100;29594.5;29599.25;29589.75;29596.25;71
20260911 093200;29593.5;29593.5;29593.5;29593.5;2
20260911 093300;29598;29598;29598;29598;1
20260911 093400;29600.25;29600.25;29598.75;29598.75;2
20260911 093500;29596.25;29598.5;29595.5;29598.5;3
20260911 093700;29600;29603.5;29600;29602;6
20260911 093800;29598.75;29601;29598.75;29599.75;12
20260911 093900;29599.75;29599.75;29597.75;29597.75;3
20260911 094000;29597.75;29603;29597.75;29603;2
20260911 094100;29602;29602;29600.25;29600.5;4
20260911 094200;29603.25;29606;29600.75;29600.75;7
20260911 094300;29599.5;29603.75;29599.5;29601.75;7
20260911 094600;29598;29598.5;29596.5;29596.5;6
20260911 094700;29596.25;29604.5;29596.25;29604.25;8
20260911 094800;29603.75;29603.75;29600.25;29601;7
20260911 094900;29599;29602.75;29599;29601.5;5
20260911 095000;29600.25;29600.25;29600.25;29600.25;1
20260911 095100;29598.5;29603.25;29597.25;29602;11
20260911 095200;29601.75;29601.75;29601;29601;3
20260911 095300;29599.25;29600;29598.75;29600;7
20260911 095400;29600;29600.5;29598.75;29600.5;5
20260911 095500;29600.5;29601;29600.5;29601;4
20260911 095600;29601;29601;29600;29600.25;3
20260911 095700;29602.5;29608;29602.5;29608;7
20260911 095800;29609;29609;29609;29609;1
20260911 095900;29613;29615.75;29613;29614;8
20260911 100000;29613.25;29613.25;29613.25;29613.25;1
20260911 100100;29607.25;29614.5;29607.25;29612.25;17
20260911 100200;29614.75;29616;29614.75;29616;3
20260911 100300;29612.5;29625;29578.5;29623.75;182
20260911 100400;29626.5;29629;29623;29628;16
20260911 100500;29629.25;29630;29626.25;29626.25;23
20260911 100600;29621.5;29621.5;29619.75;29621.5;7
20260911 100700;29620.5;29620.75;29618;29618;6
20260911 100800;29619.25;29620;29617.5;29620;6
20260911 100900;29620.5;29625.25;29620.5;29625.25;18
20260911 101000;29623.25;29623.75;29623.25;29623.5;4
20260911 101100;29621.5;29623.75;29620.75;29623.25;15
20260911 101200;29621.25;29621.5;29613.75;29617.5;15
20260911 101400;29612.5;29614;29612.5;29613.25;5
20260911 101500;29612.75;29617.25;29612.75;29614.5;8
20260911 101600;29612.75;29613.75;29611;29611;4
20260911 101700;29613;29616;29613;29616;5
20260911 101800;29617.75;29618;29615.75;29615.75;10
20260911 102000;29617.75;29617.75;29615;29615;3
20260911 102100;29615.25;29617.5;29611.25;29611.25;8
20260911 102200;29613.5;29613.5;29607.25;29608;14
20260911 102300;29610;29619.75;29606.75;29614.5;26
20260911 102400;29612.5;29613.75;29606.5;29608.75;27
20260911 102500;29611;29612.25;29608;29608;8
20260911 102600;29610.25;29611.5;29610;29611;8
20260911 102700;29610;29610.5;29606;29606;5
20260911 102800;29605.25;29605.25;29600;29600;16
20260911 102900;29601;29604.75;29601;29602.75;30
20260911 103000;29600.5;29605.5;29600.5;29605.5;9
20260911 103100;29601.25;29607.5;29600.5;29607;19
20260911 103200;29607;29608.75;29607;29607.25;4
20260911 103300;29606;29608.5;29603.25;29608.5;30
20260911 103400;29609.75;29609.75;29607;29607;4
20260911 103500;29613.25;29614.25;29613.25;29614.25;3
20260911 103600;29613.25;29617.5;29613.25;29616;10
20260911 103700;29615.5;29615.5;29608.25;29612.75;8
20260911 103800;29614.25;29614.25;29609.25;29609.25;3
20260911 103900;29606.25;29608.75;29605.75;29608.75;5
20260911 104000;29611.75;29611.75;29608;29608;4
20260911 104100;29611;29611;29606.25;29607.5;11
20260911 104200;29606.5;29606.5;29606.5;29606.5;2
20260911 104400;29612;29612.25;29609;29609;6
20260911 104500;29609;29609;29609;29609;1
20260911 104600;29604.25;29604.75;29604.25;29604.75;3
20260911 104700;29607;29607;29607;29607;1
20260911 104800;29601.25;29601.25;29598.75;29598.75;9
20260911 104900;29598.75;29599.75;29598.75;29599.5;29
20260911 105000;29601;29601;29600.75;29600.75;2
20260911 105100;29601.75;29601.75;29601.25;29601.25;2
20260911 105200;29604.25;29607;29603.5;29603.5;7
20260911 105300;29606.25;29609;29606.25;29609;6
20260911 105400;29603.5;29604.75;29603;29604.75;6
20260911 105600;29600.75;29600.75;29600;29600;7
20260911 105700;29604.25;29605;29604.25;29605;2
20260911 105800;29605;29605;29601.75;29601.75;2
20260911 105900;29603.75;29604.75;29603.75;29604.75;3
20260911 110000;29600.5;29600.5;29598.25;29598.25;2
20260911 110100;29602.25;29602.75;29600;29602;6
20260911 110200;29597.5;29597.5;29597.5;29597.5;2
20260911 110300;29597.75;29599;29597.75;29599;2
20260911 110400;29600.25;29604.25;29600.25;29603;9
20260911 110500;29600.75;29601.5;29596;29596;7
20260911 110600;29595.25;29596;29591;29592.75;21
20260911 110700;29591;29591.75;29588.75;29591;10
20260911 110800;29588;29588;29582.5;29582.5;8
20260911 110900;29581.25;29581.25;29581.25;29581.25;1
20260911 111000;29581.75;29585.5;29581;29585.5;16
20260911 111100;29583;29586;29583;29586;3
20260911 111200;29583;29584.25;29583;29584.25;2
20260911 111300;29583.75;29586.25;29583.75;29586.25;2
20260911 111400;29589.75;29592.75;29589.5;29591.5;7
20260911 111500;29587.75;29587.75;29584;29584;7
20260911 111600;29581.25;29583;29581.25;29583;2
20260911 111700;29584.5;29586.5;29583.25;29584;7
20260911 111800;29588;29589;29588;29589;3
20260911 111900;29591.5;29595.75;29591.5;29595.75;11
20260911 112000;29595.75;29598.25;29595.75;29598.25;6
20260911 112100;29597.5;29597.5;29591.5;29592;10
20260911 112200;29591.25;29601;29591.25;29601;5
20260911 112300;29594.25;29595.5;29594.25;29595.5;2
20260911 112400;29589.25;29590.5;29589.25;29590.5;3
20260911 112500;29593.25;29596.5;29593;29596.5;3
20260911 112600;29599;29614.75;29599;29608.75;31
20260911 112700;29610.25;29612;29609.25;29612;7
20260911 112800;29609.75;29610.5;29609.5;29609.75;8
20260911 112900;29607.25;29608.75;29601;29601;5
20260911 113000;29600.25;29603.25;29600.25;29602;8
20260911 113100;29607;29608.5;29604;29608.5;7
20260911 113200;29606;29606;29605.25;29605.25;5
20260911 113300;29610;29610;29610;29610;1
20260911 113400;29608.5;29609.25;29607.5;29607.75;4
20260911 113500;29602.75;29602.75;29593.25;29594.25;26
20260911 113600;29590.5;29590.5;29588;29590.5;7
20260911 113700;29592;29594.75;29589.75;29592.75;10
20260911 113800;29591.5;29603;29591.5;29603;13
20260911 113900;29601;29603.25;29600.75;29602.75;19
20260911 114000;29601.75;29606.5;29600.5;29601.75;9
20260911 114100;29606;29610.25;29606;29610.25;4
20260911 114200;29611;29611.25;29608.5;29608.5;4
20260911 114300;29610.25;29615;29610.25;29615;8
20260911 114400;29615.25;29616.75;29612.75;29616.5;24
20260911 114500;29618;29624.25;29618;29621.5;15
20260911 114600;29621;29626.75;29619.75;29626.75;20
20260911 114700;29623;29623.75;29618.5;29620.25;5
20260911 114800;29620.25;29620.25;29611.5;29611.5;21
20260911 114900;29612.75;29620;29612.75;29620;8
20260911 115000;29624.5;29629;29624.5;29627;17
20260911 115100;29627.75;29627.75;29624;29624.75;4
20260911 115200;29625.25;29625.25;29623.75;29623.75;7
20260911 115300;29623;29624;29620.75;29622;18
20260911 115400;29621.25;29623;29619.5;29623;7
20260911 115500;29620.5;29620.75;29618.5;29619.25;10
20260911 115600;29619.25;29619.25;29619.25;29619.25;1
20260911 115700;29618;29620.75;29618;29620.75;5
20260911 115800;29620.5;29624.5;29620.5;29624.5;6
20260911 115900;29623;29623;29618.75;29619.25;21
20260911 120000;29620;29620;29613.5;29614.5;13
20260911 120100;29616.25;29617.75;29613.25;29617;13
20260911 120200;29612;29613;29612;29613;6
20260911 120300;29613;29613;29599.25;29599.25;27
20260911 120400;29605.5;29607.25;29601.75;29604.5;12
20260911 120500;29601.5;29603.75;29601.5;29603.25;11
20260911 120600;29605.5;29606.5;29601.75;29606;9
20260911 120700;29605;29606.25;29597;29604.25;19
20260911 120800;29603.5;29603.5;29599.5;29600.5;13
20260911 120900;29599;29599;29599;29599;7
20260911 121000;29599.25;29607.25;29598.25;29606.25;12
20260911 121100;29609;29611.25;29599.75;29611.25;23
20260911 121200;29614.25;29616.75;29613;29616.75;12
20260911 121300;29615.25;29626.75;29615.25;29618;28
20260911 121400;29618;29618;29607;29607;11
20260911 121500;29614.75;29617.25;29614.75;29615;9
20260911 121600;29620.5;29620.5;29620.5;29620.5;1
20260911 121700;29620.5;29629.75;29620.5;29622;11
20260911 121800;29621.75;29633.75;29621.75;29633.75;17
20260911 121900;29631.5;29637;29630.75;29633.5;44
20260911 122000;29634.5;29639;29629;29629;29
20260911 122100;29630.5;29633;29628.75;29631.75;16
20260911 122200;29631.25;29634.5;29631.25;29632;8
20260911 122300;29632.25;29636.75;29630.25;29631.25;20
20260911 122400;29629.25;29632.75;29624.5;29629.25;45
20260911 122500;29629;29629;29618.5;29618.75;44
20260911 122600;29619;29629.75;29619;29629.75;32
20260911 122700;29628.25;29656.5;29627.5;29650.75;110
20260911 122800;29650;29657.5;29644.25;29654.5;48
20260911 122900;29657.5;29662.25;29647.75;29648.25;70
20260911 123000;29647.75;29686;29640.75;29663;68
20260911 123100;29585;29589;29500;29545;215
20260911 123200;29544.5;29602.25;29532.75;29589.25;204
20260911 123300;29590.75;29615.25;29561.75;29598.25;331
20260911 123400;29597.5;29645.75;29597.5;29645.25;147
20260911 123500;29642.5;29646.25;29631.75;29636.5;124
20260911 123600;29634.5;29640.5;29617.75;29636.25;112
20260911 123700;29635.25;29662.25;29631.25;29641;169
20260911 123800;29646.25;29661.75;29646.25;29648.25;119
20260911 123900;29650.25;29666;29649.25;29666;85
20260911 124000;29667.5;29670.25;29656.5;29658.5;96
20260911 124100;29659.75;29672;29656;29663.25;141
20260911 124200;29665;29665;29644;29655.75;94
20260911 124300;29653.75;29657;29648.25;29657;35
20260911 124400;29657.5;29660;29640;29647.75;20
20260911 124500;29646.75;29650.75;29636.25;29650.75;36
20260911 124600;29651;29651;29638;29643.25;37
20260911 124700;29646.75;29669;29646;29665.25;63
20260911 124800;29665.5;29675;29660;29669.75;108
20260911 124900;29671.5;29683;29668.25;29682.5;82
20260911 125000;29681.5;29697;29681.5;29687;117
20260911 125100;29688.75;29707.25;29688.5;29703.25;135
20260911 125200;29705.5;29710.5;29702;29710.5;73
20260911 125300;29709.75;29727;29708.75;29724;174
20260911 125400;29723.5;29731.5;29718.25;29731.25;119
20260911 125500;29733;29740;29731.25;29731.75;115
20260911 125600;29731.75;29743.5;29727.25;29742.75;72
20260911 125700;29741.75;29744.25;29735.25;29741;96
20260911 125800;29738.75;29755;29738.75;29754.75;131
20260911 125900;29755;29767.75;29747.5;29763;163
20260911 130000;29764.75;29770;29760.75;29763.5;201
20260911 130100;29765.25;29794;29762.75;29782.25;246
20260911 130200;29781.5;29786.75;29775.25;29780.75;125
20260911 130300;29779.5;29779.5;29769;29772;154
20260911 130400;29771.25;29776.5;29767.75;29768.25;85
20260911 130500;29771;29774;29762;29764.25;88
20260911 130600;29764.25;29771.5;29755.75;29770;47
20260911 130700;29772.75;29777;29765.75;29770.25;34
20260911 130800;29767.75;29767.75;29757.25;29759.25;31
20260911 130900;29756;29757.75;29748.25;29752.5;94
20260911 131000;29753.25;29754.75;29740.5;29745.25;62
20260911 131100;29743.25;29751.25;29743.25;29743.75;35
20260911 131200;29743.5;29745.25;29739;29739.5;25
20260911 131300;29742.5;29742.75;29736.25;29736.75;32
20260911 131400;29737.5;29737.5;29730;29731;54
20260911 131500;29731.25;29733.5;29728.75;29730.25;30
20260911 131600;29736.5;29742;29730.5;29730.5;46
20260911 131700;29729.5;29734.25;29728;29729.25;25
20260911 131800;29727.5;29730.75;29721.75;29723.75;48
20260911 131900;29723.25;29736;29723.25;29734.5;25
20260911 132000;29735;29735;29722;29724.25;16
20260911 132100;29724.5;29732.25;29724.5;29727;35
20260911 132200;29725.75;29728.5;29722.5;29724;15
20260911 132300;29723.75;29725.25;29718.75;29725.25;65
20260911 132400;29720;29724.75;29717.5;29723;62
20260911 132500;29722.75;29725.75;29722.5;29724.75;54
20260911 132600;29723.75;29724;29715;29722;69
20260911 132700;29722;29727.25;29720;29720;56
20260911 132800;29720.5;29721.25;29709;29709;74
20260911 132900;29712.5;29745.75;29711.5;29737.5;200
20260911 133000;29734;29734.5;29711.5;29711.5;53
20260911 133100;29709.75;29710;29651.5;29669.75;245
20260911 133200;29670;29670;29642.25;29650.25;222
20260911 133300;29654.75;29680.75;29646.75;29658.5;129
20260911 133400;29662;29708.25;29660.75;29708.25;162
20260911 133500;29697;29719.5;29690.75;29716.5;129
20260911 133600;29712.75;29725.75;29695.75;29695.75;181
20260911 133700;29701;29702.5;29665;29668.25;135
20260911 133800;29667.75;29710;29667.5;29700.75;222
20260911 133900;29700.5;29703.25;29684.25;29703.25;101
20260911 134000;29703.25;29705.5;29685.25;29693.5;84
20260911 134100;29693.5;29709;29646;29685;354
20260911 134200;29687;29733;29686;29716.25;225
20260911 134300;29712.5;29712.5;29697.75;29703.5;105
20260911 134400;29703.25;29711.75;29690.5;29703.25;82
20260911 134500;29701.5;29725.5;29696.5;29725.5;86
20260911 134600;29728.25;29734.5;29692;29732.75;139
20260911 134700;29733.25;29765.5;29718.5;29733.5;399
20260911 134800;29732.25;29733.75;29718;29727;136
20260911 134900;29727.25;29735.5;29701.5;29702.75;88
20260911 135000;29711;29735.5;29711;29728.5;127
20260911 135100;29727.25;29738.75;29716;29720.75;167
20260911 135200;29721;29721;29700;29712.5;134
20260911 135300;29713.5;29713.75;29680;29688.25;161
20260911 135400;29686;29704;29683.5;29704;112
20260911 135500;29704.5;29720.5;29698.75;29719.5;155
20260911 135600;29724;29725.5;29711;29722.5;86
20260911 135700;29727.5;29734.25;29723;29733;60
20260911 135800;29728.5;29734.5;29720.75;29733.5;26
20260911 135900;29731.5;29748.5;29731.5;29746.25;93
20260911 140000;29749;29772.75;29745.25;29767;204
20260911 140100;29766;29766;29735.75;29745;172
20260911 140200;29745.25;29762.25;29724;29724;92
20260911 140300;29724.75;29730.5;29714.25;29730.5;74
20260911 140400;29726.25;29731.25;29701.25;29705;285
20260911 140500;29705;29706.5;29679;29684.75;99
20260911 140600;29683.75;29701.25;29681.75;29682.5;93
20260911 140700;29685.25;29687.75;29661.5;29666.75;120
20260911 140800;29668.25;29675.5;29659.75;29670.25;101
20260911 140900;29673.5;29685;29665.5;29668.75;96
20260911 141000;29666.25;29685.75;29660;29685.75;68
20260911 141100;29687.75;29716.5;29683.75;29702.75;172
20260911 141200;29703.75;29704;29677.5;29699;92
20260911 141300;29699.25;29699.5;29672.25;29686.5;106
20260911 141400;29687;29700.5;29679.5;29692;111
20260911 141500;29691.25;29697.75;29680.5;29688.5;107
20260911 141600;29688;29701;29688;29689.25;60
20260911 141700;29681.25;29700.25;29675;29675;68
20260911 141800;29677;29680.5;29667;29674.25;54
20260911 141900;29675;29712.75;29668;29711.25;100
20260911 142000;29709;29734;29707;29731.75;65
20260911 142100;29733.25;29748.25;29726.25;29745.5;98
20260911 142200;29744.75;29751;29736;29745.25;197
20260911 142300;29748;29754.25;29739;29752;36
20260911 142400;29752.25;29752.5;29738;29740.75;38
20260911 142500;29739.75;29746;29732.25;29737.5;55
20260911 142600;29737;29746;29734;29739.5;38
20260911 142700;29738.5;29752.5;29733;29747.5;67
20260911 142800;29748;29759.25;29746.25;29751;69
20260911 142900;29749;29755.5;29749;29755;31
20260911 143000;29755;29760;29744;29745;60
20260911 143100;29745;29747.75;29729.25;29734.25;116
20260911 143200;29735.75;29745;29707;29708.5;100
20260911 143300;29710;29718.75;29705;29717.25;35
20260911 143400;29716.5;29720.25;29699.5;29713.75;81
20260911 143500;29716.25;29716.5;29700;29705.5;56
20260911 143600;29702.75;29704.75;29691.5;29691.5;48
20260911 143700;29694.75;29695.5;29684.25;29690.25;90
20260911 143800;29687;29698.5;29686.5;29694.75;67
20260911 143900;29688.25;29690;29661.75;29667.75;140
20260911 144000;29669.25;29679.25;29668;29677.5;51
20260911 144100;29678;29701.5;29678;29689.25;115
20260911 144200;29686.25;29692.75;29677.5;29683;29
20260911 144300;29682.5;29688.75;29674.75;29676;42
20260911 144400;29677.75;29679.75;29646.75;29646.75;122
20260911 144500;29647.25;29665.5;29646;29664.5;89
20260911 144600;29666;29672.75;29659.75;29672.75;65
20260911 144700;29673;29673;29644;29645.25;77
20260911 144800;29645;29651.75;29630;29635.25;133
20260911 144900;29637.5;29686.25;29626.75;29660.5;302
20260911 145000;29658.75;29691.25;29655;29689.75;137
20260911 145100;29689.5;29690.75;29670.75;29678.5;136
20260911 145200;29678.5;29687.5;29668.75;29677.75;54
20260911 145300;29681.5;29683;29667.5;29667.5;25
20260911 145400;29668.25;29670.75;29661;29661;33
20260911 145500;29665.75;29666.25;29661;29665;26
20260911 145600;29660;29660;29643;29645.75;41
20260911 145700;29649.75;29651.75;29642;29644.5;26
20260911 145800;29647.75;29666.25;29644.75;29663;37
20260911 145900;29664.5;29671;29656;29656;35
20260911 150000;29653.25;29668.5;29650;29663.5;13
20260911 150100;29663;29679.75;29654.5;29678.25;65
20260911 150200;29678;29678.5;29665.5;29674.75;53
20260911 150300;29674;29678;29666.5;29678;20
20260911 150400;29678;29686.25;29668.25;29686.25;36
20260911 150500;29686.5;29696.75;29674.5;29696.75;42
20260911 150600;29695.25;29713.25;29694.5;29711;89
20260911 150700;29712;29726.75;29710.75;29721;72
20260911 150800;29722.75;29724;29711.75;29715.75;57
20260911 150900;29718.75;29718.75;29709.75;29710.5;27
20260911 151000;29709.75;29714.25;29706.75;29714.25;64
20260911 151100;29714.5;29716.5;29710;29712.75;21
20260911 151200;29705.5;29706.5;29699.75;29704.5;53
20260911 151300;29703.75;29704.25;29694;29694;15
20260911 151400;29693;29693;29668.5;29678.75;65
20260911 151500;29682.75;29687.5;29680;29685;63
20260911 151600;29690;29719.75;29687.75;29719.75;40
20260911 151700;29720.5;29738;29719;29738;56
20260911 151800;29734;29736;29728;29731.5;33
20260911 151900;29732.75;29737.75;29728;29734;41
20260911 152000;29736;29737.75;29728.5;29729.5;30
20260911 152100;29731.25;29736.25;29731.25;29732;20
20260911 152200;29733.25;29741;29729;29739.75;26
20260911 152300;29739.5;29745;29732.5;29743.75;34
20260911 152400;29738.5;29743.5;29733;29735.75;18
20260911 152500;29736.75;29756;29736.75;29755.25;121
20260911 152600;29754.75;29757.5;29752;29753.25;43
20260911 152700;29753.5;29772.25;29753.5;29772.25;94
20260911 152800;29771.75;29786.5;29771.75;29786.5;144
20260911 152900;29784.25;29784.25;29775.75;29778;57
20260911 153000;29779.75;29781.5;29777.75;29781;29
20260911 153100;29778.25;29783;29770;29782;59
20260911 153200;29781.5;29785;29776;29780.5;61
20260911 153300;29781.75;29792.75;29781.75;29786.75;56
20260911 153400;29783.5;29786.75;29780;29780;14
20260911 153500;29779.75;29781.75;29776.5;29781.75;53
20260911 153600;29778.75;29778.75;29763.25;29765.25;60
20260911 153700;29769;29772.25;29766.5;29770;47
20260911 153800;29770.5;29773;29757;29759;51
20260911 153900;29760.25;29760.25;29755.5;29758.75;27
20260911 154000;29759.25;29776;29759;29767.5;29
20260911 154100;29772;29772;29760;29762;18
20260911 154200;29765.25;29770;29763;29765.75;13
20260911 154300;29765.75;29767.5;29763.25;29765.5;19
20260911 154400;29769.5;29776;29767.5;29774.25;26
20260911 154500;29773.5;29774.75;29772;29772.5;14
20260911 154600;29771;29771.25;29764.75;29764.75;26
20260911 154700;29763.5;29765;29757;29765;12
20260911 154800;29765.75;29765.75;29760;29760;12
20260911 154900;29760.5;29760.5;29755;29760;35
20260911 155000;29759.75;29770;29759.25;29764;29
20260911 155100;29764;29765.5;29761.75;29764.25;13
20260911 155200;29767;29767;29759.25;29759.25;18
20260911 155300;29759.75;29761.25;29755;29756;43
20260911 155400;29754.75;29754.75;29741.75;29742.5;59
20260911 155500;29742;29743.75;29736;29742.5;47
20260911 155600;29741.5;29745.25;29734.5;29735.75;31
20260911 155700;29736.5;29743.75;29735.75;29741.75;24
20260911 155800;29744.75;29754.25;29744.5;29750.75;27
20260911 155900;29744.5;29751.75;29741;29750.25;81
20260911 160000;29751.25;29751.25;29744.25;29744.25;18
20260911 160100;29745;29755.5;29744.75;29751;47
20260911 160200;29750.75;29764.25;29750.75;29764;49
20260911 160300;29761.5;29773;29761.5;29773;43
20260911 160400;29774;29775;29760.25;29760.25;42
20260911 160500;29763.5;29775;29763;29775;20
20260911 160600;29777;29778.5;29774.25;29778.5;26
20260911 160700;29777.75;29777.75;29768.75;29768.75;15
20260911 160800;29766.75;29768.5;29759.5;29759.5;18
20260911 160900;29758.25;29762.5;29755.5;29759;31
20260911 161000;29758;29764.25;29757.5;29764.25;16
20260911 161100;29763.75;29764.5;29755.75;29755.75;15
20260911 161200;29756;29760;29756;29760;3
20260911 161300;29755.75;29759;29750.25;29751.25;18
20260911 161400;29748.25;29748.25;29740;29740.75;37
20260911 161500;29741.5;29743.25;29739.25;29742;10
20260911 161600;29740;29741.75;29738;29738;10
20260911 161700;29738;29738;29730;29732.25;39
20260911 161800;29732.5;29738.5;29732.5;29732.75;27
20260911 161900;29730.5;29731.75;29728.25;29728.75;17
20260911 162000;29732.25;29738;29730;29732.75;19
20260911 162100;29732.5;29733.5;29725;29725;14
20260911 162200;29729;29730.75;29729;29729;3
20260911 162300;29725.25;29726;29717;29719.25;29
20260911 162400;29718.75;29723.5;29715.5;29716.75;15
20260911 162500;29720;29722;29718.5;29720.25;6
20260911 162600;29721.75;29726.25;29720;29720;26
20260911 162700;29716.5;29724.5;29714;29715;19
20260911 162800;29717.5;29728.75;29717.5;29723.25;30
20260911 162900;29725.5;29730;29725.25;29725.5;14
20260911 163000;29728;29728;29692.5;29694.5;255
20260911 163100;29695.5;29711;29689.25;29711;79
20260911 163200;29707.25;29707.25;29701.25;29701.75;57
20260911 163300;29703;29714;29693.25;29711.75;62
20260911 163400;29715;29733;29714;29733;35
20260911 163500;29733.25;29736;29725.75;29725.75;36
20260911 163600;29723;29723;29714.5;29714.5;32
20260911 163700;29713;29714.75;29704.75;29705.5;23
20260911 163800;29705.5;29710.25;29705.5;29710.25;2
20260911 163900;29708.75;29709.75;29697.25;29697.25;12
20260911 164000;29699.25;29704.75;29691.25;29691.25;22
20260911 164100;29691.25;29706.25;29685.75;29706;48
20260911 164200;29707.75;29710;29704.75;29710;22
20260911 164300;29712.25;29712.75;29703.25;29709.75;32
20260911 164400;29708.5;29720.5;29708.5;29720.5;23
20260911 164500;29720;29727.25;29719;29727.25;40
20260911 164600;29726;29726.25;29722;29724.5;7
20260911 164700;29724.75;29730;29722.5;29725.75;15
20260911 164800;29722.5;29725.25;29719.25;29723.25;12
20260911 164900;29724;29725;29713;29713;8
20260911 165000;29713;29713.5;29707.75;29710;14
20260911 165100;29711.75;29720;29711.75;29716.5;9
20260911 165200;29715;29715.25;29713.5;29713.5;6
20260911 165300;29716.5;29719;29716.5;29717.5;5
20260911 165400;29717.5;29721.75;29717.25;29719;14
20260911 165500;29722.25;29722.25;29722;29722;3
20260911 165600;29724;29731.75;29724;29725;20
20260911 165700;29726;29728.75;29726;29728.75;3
20260911 165800;29720.75;29727.25;29720.75;29723.5;10
20260911 165900;29724.25;29732;29723.75;29731.5;7
20260911 170000;29729.25;29732;29729.25;29729.75;8
20260911 170100;29733;29741.5;29733;29737.25;36
20260911 170200;29733.25;29736.75;29733.25;29734.25;16
20260911 170300;29732.25;29738.25;29732.25;29736.75;18
20260911 170400;29736.5;29739.5;29736.5;29739.5;5
20260911 170500;29744;29744;29737.25;29737.25;8
20260911 170600;29737.5;29741;29737.5;29740.25;7
20260911 170700;29740;29744;29738.5;29742.75;13
20260911 170800;29740.25;29759.75;29740.25;29744.75;129
20260911 170900;29744.5;29745.5;29743.75;29743.75;6
20260911 171000;29742.5;29742.5;29740.75;29742.5;6
20260911 171100;29746.5;29753;29737.75;29747.5;26
20260911 171200;29740.25;29743;29738;29739;20
20260911 171300;29740.25;29744.75;29739;29744.75;10
20260911 171400;29741.5;29742.75;29734.75;29734.75;5
20260911 171500;29736;29736;29730.75;29731.75;11
20260911 171600;29733.25;29742;29732.5;29742;55
20260911 171700;29737.75;29747.25;29737.5;29747.25;10
20260911 171800;29749;29752.5;29746.75;29752.5;14
20260911 171900;29753;29753.75;29750;29750.5;16
20260911 172000;29750.75;29753.5;29749;29750;7
20260911 172100;29751.75;29758.75;29751.75;29754;24
20260911 172200;29757.75;29760.5;29753;29753;12
20260911 172300;29753;29755;29753;29755;6
20260911 172400;29759;29765.75;29759;29763.25;20
20260911 172500;29764.5;29770.75;29762.75;29768.25;20
20260911 172600;29767.5;29773.25;29766;29769;17
20260911 172700;29766.5;29770;29765.5;29769.5;13
20260911 172800;29768.5;29770;29767.75;29769.5;6
20260911 172900;29763.75;29764;29757.25;29760;14
20260911 173000;29759;29760;29757.25;29758;6
20260911 173100;29758;29764.75;29757.25;29762.75;16
20260911 173200;29764.5;29766.75;29764.5;29766.5;4
20260911 173300;29769.5;29772.5;29761;29761;14
20260911 173400;29760.75;29761.75;29758;29761.5;5
20260911 173500;29762;29765;29757.25;29757.25;5
20260911 173600;29759.25;29762.25;29758.25;29760;9
20260911 173700;29758.75;29761.5;29758.75;29761.5;7
20260911 173800;29761.25;29763;29761.25;29762.75;6
20260911 173900;29760.75;29760.75;29753.5;29753.5;10
20260911 174000;29758.25;29758.75;29752.5;29753.75;13
20260911 174100;29753.5;29763.25;29753.5;29763.25;39
20260911 174200;29756;29756;29752.25;29754;6
20260911 174300;29753.5;29759.25;29753.5;29756.5;5
20260911 174400;29757.5;29766;29756.5;29766;8
20260911 174500;29761;29761;29756.5;29756.5;7
20260911 174600;29757;29759;29756.5;29757.5;6
20260911 174700;29757.25;29757.75;29755;29756;9
20260911 174800;29757;29757;29754.5;29755.75;11
20260911 174900;29756;29756;29750;29752;14
20260911 175000;29753.75;29762.25;29753.75;29762;11
20260911 175100;29758.5;29758.5;29758.5;29758.5;1
20260911 175200;29760;29761.75;29760;29761.75;6
20260911 175300;29759.75;29762.25;29759;29762.25;23
20260911 175400;29760.25;29760.25;29760.25;29760.25;1
20260911 175500;29759.5;29759.5;29757.5;29758;7
20260911 175600;29757;29759;29757;29758;4
20260911 175700;29756.5;29756.5;29752.75;29752.75;3
20260911 175800;29753.25;29753.25;29749.75;29749.75;6
20260911 175900;29748.25;29748.75;29746.5;29746.5;9
20260911 180000;29745.75;29746.75;29745.75;29746.75;4
20260911 180100;29747;29750.75;29746.5;29747.75;13
20260911 180200;29747.5;29749;29747.5;29749;2
20260911 180300;29750;29754.75;29750;29750;5
20260911 180400;29750.75;29754.5;29750;29753.25;12
20260911 180500;29752.25;29753.75;29751.5;29751.5;10
20260911 180600;29748;29748;29743.25;29743.5;8
20260911 180700;29743.5;29745;29742;29744.75;18
20260911 180800;29743.25;29743.5;29741.75;29743.5;5
20260911 180900;29744.25;29744.25;29739;29739.75;14
20260911 181000;29740.25;29742;29740.25;29742;2
20260911 181100;29740;29740;29736.5;29739.5;4
20260911 181200;29739.5;29739.75;29734.75;29736.5;23
20260911 181300;29735.25;29738.25;29735;29737.5;8
20260911 181400;29734.5;29736.5;29734.25;29736.5;5
20260911 181500;29734.25;29734.25;29734.25;29734.25;3
20260911 181600;29736.75;29738;29730;29732.5;33
20260911 181700;29732.5;29733.25;29732.5;29733.25;2
20260911 181800;29734.25;29736;29734.25;29735.75;6
20260911 181900;29735.25;29740;29735.25;29739.25;13
20260911 182000;29739;29739.5;29733.75;29735.5;75
20260911 182100;29737;29737.5;29712;29720.25;291
20260911 182200;29720.75;29722.25;29713.5;29719.75;33
20260911 182300;29720.25;29725.75;29719.75;29722.75;26
20260911 182400;29723.75;29723.75;29720.25;29720.25;5
20260911 182500;29721.75;29724;29721.75;29724;13
20260911 182600;29727.75;29731.5;29724.75;29727;21
20260911 182700;29726.5;29731;29725;29725;36
20260911 182800;29725.25;29728;29722.5;29727.75;33
20260911 182900;29728.5;29741.25;29728.5;29741.25;26
20260911 183000;29740.75;29742.25;29738;29738.25;14
20260911 183100;29741.25;29746;29735;29736.25;29
20260911 183200;29735.5;29737.25;29734.5;29734.5;4
20260911 183300;29732.75;29734.5;29731.25;29734;11
20260911 183400;29740.5;29740.5;29740.5;29740.5;2
20260911 183500;29744.5;29750.25;29744.5;29750.25;11
20260911 183600;29751;29751;29747.5;29747.75;5
20260911 183700;29748;29754.75;29747.75;29753.75;19
20260911 183800;29751.5;29751.5;29743;29743;5
20260911 183900;29741.5;29742.5;29739.75;29740;8
20260911 184100;29741.25;29744;29741.25;29744;13
20260911 184200;29742.25;29744.5;29742;29744.5;4
20260911 184300;29740.5;29740.5;29735.75;29735.75;22
20260911 184400;29735;29735;29731.75;29731.75;8
20260911 184500;29732.75;29733.5;29730;29731.5;18
20260911 184600;29733.5;29733.75;29729;29729;14
20260911 184700;29727;29731;29726.25;29728.25;15
20260911 184800;29729.5;29739.5;29729.5;29737;20
20260911 184900;29736.5;29738.25;29726.75;29726.75;28
20260911 185000;29727.5;29728.25;29726;29727;12
20260911 185100;29726.75;29729;29724.75;29725.25;16
20260911 185200;29728.5;29729.25;29728.5;29729.25;2
20260911 185300;29725.75;29729;29725.75;29729;5
20260911 185400;29724.75;29726.25;29724.75;29725.5;8
20260911 185500;29724.75;29726.25;29724;29725.5;8
20260911 185600;29723.25;29731;29723.25;29728.75;7
20260911 185700;29731;29733.5;29731;29733.5;3
20260911 185800;29730.25;29730.25;29726.25;29726.5;7
20260911 185900;29722.5;29728.75;29722.5;29728.5;11
20260911 190000;29728;29728;29721.75;29723.75;13
20260911 190100;29726;29727.5;29724.5;29727.5;11
20260911 190200;29725.5;29726.75;29724.25;29724.5;7
20260911 190300;29721.5;29721.75;29719;29719;11
20260911 190400;29721.25;29722;29721.25;29722;2
20260911 190500;29718;29724;29718;29723.75;10
20260911 190600;29720.75;29723.5;29720;29722.25;16
20260911 190700;29725;29725;29718.75;29719.5;10
20260911 190800;29715;29716.75;29711.5;29713.5;14
20260911 190900;29713.5;29714.5;29710;29712;17
20260911 191000;29714.75;29714.75;29707.25;29707.25;14
20260911 191100;29708;29710.5;29704.75;29704.75;26
20260911 191200;29702.75;29706.25;29701;29706.25;23
20260911 191300;29706.75;29709.75;29704.5;29709;15
20260911 191400;29710.5;29712.75;29707;29707.5;10
20260911 191500;29708.75;29712.75;29708.25;29708.25;6
20260911 191600;29714.25;29714.25;29710.25;29710.25;6
20260911 191700;29710.75;29711.5;29708.75;29711;23
20260911 191800;29714.75;29715.25;29714.5;29714.5;11
20260911 191900;29715;29719.25;29714.75;29719.25;12
20260911 192000;29719.25;29720;29714.75;29715;16
20260911 192100;29714;29714.75;29713.25;29714;10
20260911 192200;29716;29716;29712;29714.25;18
20260911 192300;29714.75;29714.75;29711;29711;6
20260911 192400;29711.75;29714;29708.5;29714;28
20260911 192500;29715;29719.75;29715;29718.5;40
20260911 192600;29717;29717.5;29716;29716.5;4
20260911 192700;29720.25;29721;29718.75;29719.5;12
20260911 192800;29717.5;29718.75;29715;29715;9
20260911 192900;29712.5;29712.5;29709.75;29709.75;3
20260911 193000;29709.75;29710.75;29708.5;29710;15
20260911 193100;29710;29712.25;29708;29712.25;14
20260911 193200;29710.25;29712.5;29708.25;29712.5;18
20260911 193300;29709;29712;29709;29712;6
20260911 193400;29708;29710;29708;29709.75;3
20260911 193500;29712.75;29713.5;29712.25;29712.5;4
20260911 193600;29714.75;29715.75;29709.25;29710;9
20260911 193700;29710.75;29713;29708.5;29713;10
20260911 193800;29713.25;29716.5;29713.25;29716.5;33
20260911 193900;29713.25;29713.5;29712.5;29713.5;4
20260911 194000;29711.5;29713;29711.5;29712;8
20260911 194100;29713.25;29718.25;29713.25;29716;16
20260911 194200;29716.5;29718.5;29715.75;29716.5;22
20260911 194300;29717.5;29722;29715.25;29722;48
20260911 194400;29720.5;29720.5;29716.75;29717;23
20260911 194500;29717;29719.75;29715.75;29718;146
20260911 194600;29718;29724.25;29718;29722.25;14
20260911 194700;29722.25;29723.75;29711.75;29711.75;23
20260911 194800;29711.5;29713.75;29708.5;29713.75;12
20260911 194900;29713.75;29715;29709.25;29709.25;13
20260911 195000;29708.75;29711.25;29708.5;29711.25;8
20260911 195100;29710.25;29710.25;29692.25;29697.75;88
20260911 195200;29700.25;29700.25;29692.25;29692.75;32
20260911 195300;29694.75;29700.5;29693.25;29693.25;28
20260911 195400;29694.25;29709.5;29694.25;29699;57
20260911 195500;29700;29714.25;29700;29710.75;54
20260911 195600;29703.75;29703.75;29693.25;29701.25;63
20260911 195700;29699.5;29700.75;29696.75;29700.75;26
20260911 195800;29700.25;29703.5;29699.75;29701.25;51
20260911 195900;29699.5;29699.5;29691;29691.75;68
20260911 200000;29692;29697.25;29678;29683.5;268
20260911 200100;29684.25;29686.75;29678.5;29678.5;116
20260911 200200;29679.25;29685.25;29677.5;29684.25;36
20260911 200300;29683;29685;29681.5;29681.5;10
20260911 200400;29682.5;29685;29680.25;29683.25;19
20260911 200500;29684.5;29684.5;29677.75;29681.5;28
20260911 200600;29682.75;29685;29682.75;29685;14
20260911 200700;29682.25;29685;29680.75;29684;24
20260911 200800;29685.5;29687;29685.25;29687;8
20260911 200900;29687.5;29688.75;29687.5;29688.75;7
20260911 201000;29688.25;29688.75;29687;29687.5;19
20260911 201100;29690.25;29690.25;29680.75;29680.75;11
20260911 201200;29681.5;29681.5;29676.5;29677.25;28
20260911 201300;29677.25;29677.5;29675.5;29677;21
20260911 201400;29676.75;29678;29673.75;29674.5;30
20260911 201500;29673;29680;29673;29678.5;21
20260911 201600;29676.25;29678.5;29675.5;29678.5;7
20260911 201800;29675;29675;29672.25;29672.25;4
20260911 201900;29675.25;29675.25;29675;29675;2
20260911 202000;29673.5;29674.25;29673.5;29674.25;4
20260911 202100;29674.75;29675;29674.75;29675;2
20260911 202200;29679;29681.5;29677.75;29681.5;8
20260911 202300;29679.5;29682;29678.5;29682;7
20260911 202400;29682;29682;29681.25;29681.25;2
20260911 202600;29682;29682;29679.75;29680;9
20260911 202700;29678.75;29679.5;29678.5;29679.5;3
20260911 202800;29677.25;29678.25;29677.25;29678.25;5
20260911 202900;29678.5;29683;29678;29683;18
20260911 203000;29681.75;29684.25;29679.75;29680;22
20260911 203100;29680.25;29682;29680.25;29682;5
20260911 203200;29682.75;29684.75;29682.5;29684.75;10
20260911 203300;29684.75;29689.5;29684.75;29689.5;7
20260911 203400;29687.75;29690.5;29687.75;29690.25;6
20260911 203500;29689;29689;29686.25;29687.75;6
20260911 203600;29688.25;29688.25;29687;29688;8
20260911 203700;29687.75;29687.75;29684.5;29685.5;7
20260911 203800;29687.25;29691.25;29686.5;29690.25;14
20260911 203900;29689.75;29693.25;29689.75;29692.5;7
20260911 204000;29693.5;29694.75;29692;29692.75;16
20260911 204100;29690;29692.5;29690;29692;4
20260911 204200;29688.25;29688.25;29685;29685.5;12
20260911 204300;29688.75;29688.75;29688.75;29688.75;1
20260911 204400;29683;29684;29682;29682;4
20260911 204500;29685.25;29685.25;29685.25;29685.25;2
20260911 204600;29684.25;29685;29678.75;29682.5;17
20260911 204700;29680.5;29683.75;29680.5;29683.75;4
20260911 204800;29681.5;29682.75;29681.5;29682.75;2
20260911 204900;29683.75;29683.75;29681.75;29682.75;3
20260911 205000;29686;29687.25;29683;29683;7
20260911 205100;29683.75;29683.75;29683.75;29683.75;1
20260911 205200;29686;29690.25;29686;29687.5;9
20260911 205300;29686.25;29687;29683.5;29683.5;5
20260911 205400;29686.5;29688.25;29683.5;29685.25;8
20260911 205500;29685;29685;29685;29685;1
20260911 205600;29690.5;29693.25;29686;29686.75;8
20260911 205700;29687.5;29687.75;29686.75;29686.75;3
20260911 205800;29688.5;29689.75;29684.5;29684.5;9
20260911 205900;29689.75;29691.5;29687.5;29689.25;14
20260911 210000;29688.25;29692.5;29686;29692.5;12
20260913 220100;29489.5;29489.5;29297.25;29392;1794
20260913 220200;29391.25;29396;29361.25;29373.75;1043
20260913 220300;29372.25;29394.5;29365;29373.5;1239
20260913 220400;29373.25;29375.5;29330.5;29334;1997
20260913 220500;29336.25;29350.75;29328;29332.5;1227
20260913 220600;29331.25;29346;29308;29308;1370
20260913 220700;29307.75;29312;29274.5;29310;2012
20260913 220800;29309.25;29328.25;29309;29317;877
20260913 220900;29317.75;29320.25;29293.5;29299;835
20260913 221000;29297.25;29297.5;29279.5;29294.5;1298
20260913 221100;29293.25;29300;29282.5;29289.75;731
20260913 221200;29289.5;29292;29282.5;29286.75;645
20260913 221300;29286.25;29296.75;29284;29289.25;826
20260913 221400;29288.5;29310.5;29288.5;29298.75;1090
20260913 221500;29297.5;29317.75;29294;29313.25;1005
20260913 221600;29312.5;29321.25;29309.5;29311;852
20260913 221700;29311;29317.25;29305;29315.25;485
20260913 221800;29315.25;29318.25;29302.25;29315.75;555
20260913 221900;29315.5;29315.5;29308.75;29312.5;340
20260913 222000;29314;29331;29312;29329;1005
20260913 222100;29329.75;29335.5;29327.25;29329.5;895
20260913 222200;29329.5;29333.25;29326.25;29331.25;632
20260913 222300;29332.25;29334.25;29323.75;29325.75;709
20260913 222400;29326;29333.25;29321.5;29327.75;615
20260913 222500;29327.75;29332.75;29322;29330.25;440
20260913 222600;29331.5;29338;29331;29338;549
20260913 222700;29338.25;29351.5;29336.75;29349;878
20260913 222800;29349.25;29353.75;29346;29351.25;953
20260913 222900;29351.25;29360.5;29351;29358.25;672
20260913 223000;29358;29369.5;29357.25;29367.75;841
20260913 223100;29367.5;29381;29365.5;29370.75;1146
20260913 223200;29370;29372.75;29366.5;29369;404
20260913 223300;29367.75;29377.5;29365.75;29368.25;671
20260913 223400;29369.25;29382.75;29369.25;29378.75;558
20260913 223500;29379;29389.75;29379;29385.75;576
20260913 223600;29385.75;29387;29377;29379;485
20260913 223700;29378.5;29381;29377.75;29380.25;190
20260913 223800;29380;29391.25;29380;29388;481
20260913 223900;29388;29388.25;29379.5;29382.75;349
20260913 224000;29381.75;29388.75;29379.75;29387;427
20260913 224100;29387;29387.25;29378.25;29379;299
20260913 224200;29378.75;29383.75;29377;29382.25;298
20260913 224300;29382;29386.25;29380;29382.75;333
20260913 224400;29383;29383.75;29365.75;29374.25;581
20260913 224500;29374.25;29375;29360.75;29363.75;603
20260913 224600;29363.75;29374.5;29354;29374;906
20260913 224700;29373.5;29374.5;29362.25;29366.25;265
20260913 224800;29366.25;29366.75;29361.5;29366.25;206
20260913 224900;29365.5;29366.25;29359.5;29361.5;193
20260913 225000;29361.25;29365.25;29358.25;29363;232
20260913 225100;29362.75;29371.25;29361.75;29367.75;327
20260913 225200;29367;29371.75;29366.5;29367;246
20260913 225300;29366.75;29371.5;29365.25;29369.25;187
20260913 225400;29369;29370;29366.75;29368.75;70
20260913 225500;29369.25;29371.25;29366.75;29368;118
20260913 225600;29368.25;29369.25;29361.25;29367.5;354
20260913 225700;29366.75;29367;29355.25;29361;315
20260913 225800;29361.25;29372;29360.5;29369;373
20260913 225900;29369.25;29370.75;29359.25;29359.75;297
20260913 230000;29359.75;29361;29354.25;29357.75;396
20260913 230100;29357.25;29360.75;29348.5;29360.25;537
20260913 230200;29360.25;29364.5;29349.5;29355;414
20260913 230300;29353.75;29356;29350.5;29354.5;196
20260913 230400;29354.75;29357.25;29349;29352.25;253
20260913 230500;29352.75;29353;29345.25;29350;175
20260913 230600;29350.5;29352.25;29347.75;29347.75;220
20260913 230700;29347.25;29350.75;29346.5;29350.25;177
20260913 230800;29348.75;29349;29344.75;29347.25;124
20260913 230900;29345.75;29353.25;29345.75;29349.25;276
20260913 231000;29349.75;29353;29348.25;29352.25;192
20260913 231100;29352.25;29355.5;29351.25;29354.5;167
20260913 231200;29355;29355.5;29352.25;29354;138
20260913 231300;29353.5;29354.25;29352;29352.5;53
20260913 231400;29352.5;29353.25;29348.25;29352;187
20260913 231500;29352.25;29357.25;29352;29352.5;197
20260913 231600;29351.75;29353.5;29350.5;29351.25;114
20260913 231700;29351.5;29352.75;29349.75;29350.5;96
20260913 231800;29350.5;29352;29349.25;29351.75;36
20260913 231900;29351.75;29352.5;29350;29351.75;132
20260913 232000;29351;29351.75;29349.5;29349.75;65
20260913 232100;29349.25;29349.75;29347.5;29349;107
20260913 232200;29348.75;29350.25;29347.75;29350;125
20260913 232300;29348.75;29354.25;29348.5;29352.75;105
20260913 232400;29353;29366.5;29353;29365;562
20260913 232500;29364;29380.75;29364;29380.75;561
20260913 232600;29379.5;29386.25;29376.75;29383.25;436
20260913 232700;29384;29384.25;29368;29371.25;594
20260913 232800;29371.5;29377;29370.25;29373;210
20260913 232900;29372.5;29375.25;29368.75;29374.5;305
20260913 233000;29375.5;29385.25;29375.25;29383.75;435
20260913 233100;29384.25;29390.25;29383.5;29387;344
20260913 233200;29387.25;29390;29385.5;29387.25;272
20260913 233300;29386.75;29386.75;29380.5;29383;201
20260913 233400;29383.25;29387;29382.5;29386.75;160
20260913 233500;29386.5;29386.5;29380.5;29380.5;209
20260913 233600;29381;29381;29348.25;29355.5;1295
20260913 233700;29355.75;29357.5;29352;29352.5;328
20260913 233800;29353.5;29353.75;29330.75;29336.75;1190
20260913 233900;29337.5;29347;29334.25;29337.75;513
20260913 234000;29337.5;29351;29334.5;29337.75;402
20260913 234100;29336.5;29341.25;29334.75;29340.5;237
20260913 234200;29341.5;29343.5;29335;29336.5;214
20260913 234300;29336.5;29339.5;29331.5;29332.5;243
20260913 234400;29333;29333;29320.25;29330.5;555
20260913 234500;29331.25;29331.25;29323.5;29328.25;280
20260913 234600;29327.75;29327.75;29318.25;29321.5;735
20260913 234700;29323;29326.25;29313.5;29315;586
20260913 234800;29314.75;29319.75;29312.75;29318.5;375
20260913 234900;29318.75;29324.5;29316.5;29318;494
20260913 235000;29318.25;29319.75;29305;29311.75;451
20260913 235100;29311.5;29316.75;29302;29304.75;537
20260913 235200;29304.75;29312.75;29300.5;29306;477
20260913 235300;29306.5;29325.75;29306.5;29324;665
20260913 235400;29323;29327;29312.75;29325.25;615
20260913 235500;29325.75;29327.75;29310;29311.75;268
20260913 235600;29312.25;29315;29308;29312.75;265
20260913 235700;29311.25;29312.25;29299.75;29303;532
20260913 235800;29303.75;29307.5;29300.5;29305.5;307
20260913 235900;29305.25;29306.25;29300.25;29304.25;201
20260914 000000;29304.25;29311;29302.25;29305.75;374
20260914 000100;29304.75;29318.25;29303.5;29313.75;1680
20260914 000200;29313.5;29338;29313.5;29333.5;1759
20260914 000300;29334;29337;29326.5;29330.5;600
20260914 000400;29330.5;29342.5;29329.5;29338.25;877
20260914 000500;29338.25;29341.25;29329;29336.25;450
20260914 000600;29335.5;29345.75;29333.25;29342.5;854
20260914 000700;29343.25;29354;29342.5;29353.25;643
20260914 000800;29354.25;29361.5;29353;29358.75;679
20260914 000900;29359;29365.5;29357.75;29363;576
20260914 001000;29362;29365;29355.5;29358.75;564
20260914 001100;29359.25;29360;29338.75;29355.75;1305
20260914 001200;29356.25;29356.25;29340;29347.75;681
20260914 001300;29347.25;29359.25;29340.5;29358;619
20260914 001400;29357.5;29358;29346.5;29351;479
20260914 001500;29350.5;29350.75;29337.5;29346.5;666
20260914 001600;29346.25;29352.75;29334;29347.25;698
20260914 001700;29346.75;29346.75;29328;29340.25;768
20260914 001800;29340;29341.75;29333.75;29341;450
20260914 001900;29341.25;29348.5;29336;29340;518
20260914 002000;29340;29344;29333.75;29334;531
20260914 002100;29334.25;29334.25;29315.5;29325.25;1187
20260914 002200;29325.25;29325.5;29311;29313.5;1160
20260914 002300;29313;29325.75;29311;29325.5;804
20260914 002400;29325.25;29330.5;29315;29324.25;640
20260914 002500;29323.5;29325.5;29316.25;29324.25;385
20260914 002600;29323.75;29327.25;29308.25;29310.25;634
20260914 002700;29309.25;29311.25;29295.5;29296;1482
20260914 002800;29297;29304.5;29293.5;29299.25;773
20260914 002900;29298.5;29304.5;29293.25;29300.25;798
20260914 003000;29300.25;29306.25;29294.75;29304.5;540
20260914 003100;29304.5;29315.5;29303.25;29313;669
20260914 003200;29313;29321;29310;29319.75;507
20260914 003300;29320.25;29321.5;29311.5;29317.5;394
20260914 003400;29317.5;29318.5;29308;29315.25;417
20260914 003500;29314.75;29319.25;29312.5;29314;332
20260914 003600;29313.75;29322.5;29310.75;29313.5;439
20260914 003700;29313.5;29320.75;29311.25;29314.75;403
20260914 003800;29315.25;29315.25;29309.25;29311.25;237
20260914 003900;29310.25;29311.25;29305;29306;337
20260914 004000;29305.5;29308.5;29301.75;29307;266
20260914 004100;29306.75;29307.5;29302.25;29307.25;276
20260914 004200;29307;29308.75;29297.75;29306;662
20260914 004300;29306.25;29312;29306;29308;326
20260914 004400;29308.25;29319.75;29308.25;29318.5;325
20260914 004500;29318;29328.5;29317;29326.75;679
20260914 004600;29326.75;29335.5;29314.5;29314.5;887
20260914 004700;29316;29325.25;29316;29319.75;477
20260914 004800;29320.75;29327.25;29320.75;29326.5;310
20260914 004900;29325.5;29332;29323.5;29324.75;390
20260914 005000;29324.75;29328.25;29322.75;29323.75;199
20260914 005100;29324;29329;29315.5;29318.75;422
20260914 005200;29319.75;29326.5;29318.5;29325.5;245
20260914 005300;29325.25;29325.25;29318.75;29318.75;109
20260914 005400;29319.5;29325.5;29310.5;29325.25;282
20260914 005500;29325.5;29328.75;29324;29327.25;232
20260914 005600;29327.5;29333.25;29327.5;29331.5;314
20260914 005700;29332.25;29334.75;29323.75;29325;412
20260914 005800;29324.75;29325.75;29318.25;29321.5;184
20260914 005900;29321;29322;29303.25;29306;615
20260914 010000;29306.5;29307.5;29301.5;29302.75;364
20260914 010100;29302.25;29306.5;29289.5;29301;1344
20260914 010200;29301;29302.5;29286.75;29298.75;880
20260914 010300;29298.5;29314.75;29295.75;29307;930
20260914 010400;29306.75;29321.75;29305;29314;770
20260914 010500;29313.25;29317;29307.5;29308.25;505
20260914 010600;29307.75;29314;29307.25;29312;414
20260914 010700;29312;29313.75;29304.25;29306;323
20260914 010800;29305.75;29316.5;29304.25;29314.5;356
20260914 010900;29314.25;29315;29310.25;29311.5;154
20260914 011000;29311.5;29321.25;29310.25;29320.75;321
20260914 011100;29319.75;29328.25;29318.75;29325.75;488
20260914 011200;29325.25;29329.25;29319;29323;312
20260914 011300;29322.5;29323;29305.25;29307;472
20260914 011400;29307.5;29309;29298;29300.5;395
20260914 011500;29301.25;29308.5;29299.5;29302;331
20260914 011600;29302;29307.5;29300;29304.25;291
20260914 011700;29305;29309.75;29295.25;29296.75;372
20260914 011800;29297.25;29304.5;29295.75;29301;314
20260914 011900;29301.75;29307;29301;29305;316
20260914 012000;29305.75;29306;29296.5;29297;277
20260914 012100;29297.75;29301.25;29290.5;29294.25;424
20260914 012200;29294;29295;29291;29293.25;325
20260914 012300;29292.5;29298;29291.75;29291.75;260
20260914 012400;29292;29297;29289;29290.5;367
20260914 012500;29291;29303.25;29290.75;29299.25;548
20260914 012600;29299;29299.25;29292.75;29297.75;239
20260914 012700;29297.75;29306;29294.25;29303.5;466
20260914 012800;29303.25;29308.75;29299;29307;358
20260914 012900;29307;29309.5;29302.5;29308;216
20260914 013000;29308.25;29313;29305.25;29310;282
20260914 013100;29309.75;29314;29304.75;29306.25;363
20260914 013200;29307.5;29310.5;29304;29304.5;295
20260914 013300;29305.5;29308.5;29301.5;29303;278
20260914 013400;29302.25;29302.75;29295.25;29299.75;297
20260914 013500;29299.5;29301;29296.25;29297.75;224
20260914 013600;29297.25;29307;29296.5;29306.25;338
20260914 013700;29306;29317.25;29306;29310.25;556
20260914 013800;29310;29313.25;29308;29309.25;204
20260914 013900;29310;29319;29310;29318.25;388
20260914 014000;29319;29325.75;29317.75;29325.5;397
20260914 014100;29324.75;29328.25;29322.25;29323.5;329
20260914 014200;29323;29330.5;29316.25;29328.75;548
20260914 014300;29329.25;29329.25;29318.75;29318.75;396
20260914 014400;29319.25;29319.75;29313.5;29319.25;337
20260914 014500;29319;29320.25;29316.5;29319.75;173
20260914 014600;29319.75;29329.25;29319.75;29329.25;350
20260914 014700;29328.75;29334.75;29326.5;29332.75;416
20260914 014800;29333;29339.5;29330;29337.75;525
20260914 014900;29338;29338.25;29334.5;29334.5;320
20260914 015000;29334.5;29337.25;29334;29335.75;216
20260914 015100;29336;29338;29330.5;29334.75;311
20260914 015200;29334.5;29339.5;29331.5;29338;265
20260914 015300;29338.25;29338.75;29332.75;29338.5;195
20260914 015400;29338.25;29344;29337.25;29342;370
20260914 015500;29342;29343.5;29341;29341.75;322
20260914 015600;29341.25;29344.75;29341.25;29342.5;297
20260914 015700;29342.75;29352;29342.5;29351.75;608
20260914 015800;29351.25;29363.5;29350.25;29362.25;1106
20260914 015900;29362.25;29368.5;29362.25;29364;1020
20260914 020000;29364;29368.75;29361.75;29365.25;343
20260914 020100;29364.75;29370;29361.5;29367;622
20260914 020200;29366.5;29373.5;29365.75;29369.75;455
20260914 020300;29369.5;29369.75;29349;29353.25;1052
20260914 020400;29354;29357.25;29350.5;29354.5;397
20260914 020500;29352.75;29355;29349.25;29353;247
20260914 020600;29352.75;29361.5;29352.25;29358;357
20260914 020700;29358.25;29369;29353.75;29366.75;338
20260914 020800;29366.5;29374.5;29362.75;29372.75;326
20260914 020900;29372.25;29377;29369;29374.5;304
20260914 021000;29374.25;29374.75;29365.5;29367;328
20260914 021100;29366.5;29375.25;29362;29362;384
20260914 021200;29362.25;29370;29361.25;29370;217
20260914 021300;29370;29371.5;29363.75;29364.5;181
20260914 021400;29365;29368.25;29364.5;29366.25;100
20260914 021500;29367;29368.5;29363.75;29365.75;201
20260914 021600;29366.5;29366.5;29356.25;29357.75;351
20260914 021700;29356.75;29360.25;29355.75;29356.25;208
20260914 021800;29356.5;29357.25;29354.5;29357.25;216
20260914 021900;29358;29359.25;29354.75;29359.25;188
20260914 022000;29359.75;29367;29359.75;29364.75;310
20260914 022100;29364.5;29368.25;29361;29367.5;155
20260914 022200;29367.75;29367.75;29363.75;29365.75;76
20260914 022300;29366;29370.5;29365.75;29370.5;117
20260914 022400;29370;29371.25;29365.25;29365.25;139
20260914 022500;29365;29366.25;29360;29363.75;141
20260914 022600;29364;29364.25;29357;29362.5;154
20260914 022700;29363;29364.25;29360.75;29360.75;102
20260914 022800;29361.25;29362;29358.75;29359.25;143
20260914 022900;29360;29361.5;29359.25;29359.5;70
20260914 023000;29360;29362;29358.25;29358.75;74
20260914 023100;29359.5;29368;29355;29365.5;330
20260914 023200;29365.75;29369.75;29364.25;29366;229
20260914 023300;29366;29366.5;29360.75;29362.75;112
20260914 023400;29362.5;29363.75;29359.75;29360.75;126
20260914 023500;29360.75;29362.75;29359;29359.5;116
20260914 023600;29359.5;29360.5;29350;29352.5;544
20260914 023700;29353;29353.5;29347.25;29351;495
20260914 023800;29350.75;29356.75;29350.25;29352.25;376
20260914 023900;29352.5;29357.25;29350;29357.25;233
20260914 024000;29357.5;29358.25;29348.75;29349.5;300
20260914 024100;29349.75;29356.25;29345.75;29348.25;384
20260914 024200;29347.25;29347.5;29339.75;29343;386
20260914 024300;29342.25;29343;29334.25;29341;422
20260914 024400;29340.25;29347.25;29338.75;29344;297
20260914 024500;29346.5;29347.5;29338.75;29340.5;520
20260914 024600;29340.5;29352.5;29339;29351.5;289
20260914 024700;29351;29356.5;29349.5;29351.75;309
20260914 024800;29352.5;29358.5;29349.25;29356;357
20260914 024900;29355.25;29355.25;29352;29354.75;106
20260914 025000;29355;29355.75;29352.5;29355.5;76
20260914 025100;29354.25;29360.5;29353.5;29359.5;155
20260914 025200;29358.25;29364.5;29357;29360.25;277
20260914 025300;29360.25;29364.5;29359;29364.25;162
20260914 025400;29363.75;29364.5;29358.25;29362.25;162
20260914 025500;29361.75;29363;29359.5;29360;73
20260914 025600;29360.25;29360.25;29350.25;29353.75;307
20260914 025700;29353.5;29355.5;29349;29350.75;249
20260914 025800;29350.5;29354.75;29349.5;29353.75;157
20260914 025900;29354;29354;29349.75;29350.75;88
20260914 030000;29350.25;29352.5;29347;29349;134
20260914 030100;29348.25;29351;29342;29347.75;256
20260914 030200;29348;29350.75;29342.75;29346;333
20260914 030300;29346.5;29352;29346.5;29350;136
20260914 030400;29348.25;29350;29346;29350;90
20260914 030500;29349;29349;29343.5;29345.75;134
20260914 030600;29345.75;29351.5;29345.25;29346.75;270
20260914 030700;29346.75;29355;29346.75;29353.5;145
20260914 030800;29353.75;29354.25;29347;29351.5;231
20260914 030900;29352.25;29353.75;29349.75;29352.5;128
20260914 031000;29351.25;29351.25;29346.75;29349.25;193
20260914 031100;29348.5;29348.5;29338.75;29341.75;415
20260914 031200;29341.25;29341.75;29333.25;29334;453
20260914 031300;29334;29336;29324.5;29327.25;586
20260914 031400;29327.5;29332;29327;29329.5;206
20260914 031500;29329.75;29330;29323.25;29325.5;302
20260914 031600;29325.75;29333.25;29323.5;29327.75;352
20260914 031700;29327.25;29327.5;29312.5;29318.25;751
20260914 031800;29318.5;29318.5;29303.5;29309;749
20260914 031900;29309;29312.75;29307.5;29310.5;295
20260914 032000;29310;29312.25;29308.5;29310;138
20260914 032100;29309.75;29314.5;29309.75;29313;234
20260914 032200;29312.75;29317.5;29312.75;29315.25;207
20260914 032300;29315;29322.25;29315;29319.25;313
20260914 032400;29319.5;29321.25;29311.75;29317.5;277
20260914 032500;29317.25;29319;29314.5;29316.75;244
20260914 032600;29317;29320.5;29312.5;29315.75;224
20260914 032700;29315.5;29319.5;29311.75;29315.75;229
20260914 032800;29317.5;29318.75;29317;29318;111
20260914 032900;29318.5;29320;29316.5;29319.25;150
20260914 033000;29319.5;29326.25;29318.5;29323.25;177
20260914 033100;29322.25;29322.75;29311.75;29311.75;302
20260914 033200;29312.25;29312.25;29305.75;29311;334
20260914 033300;29311.25;29318.25;29311.25;29313;170
20260914 033400;29312.25;29319;29311.5;29315.75;150
20260914 033500;29315.75;29318.25;29315.75;29316.75;85
20260914 033600;29317.25;29320;29314.5;29318;146
20260914 033700;29316.5;29318.25;29313.75;29318.25;68
20260914 033800;29319;29320;29313;29315.75;135
20260914 033900;29315.25;29317;29309.5;29310.75;123
20260914 034000;29312;29316.5;29311.5;29316;110
20260914 034100;29316.5;29317.75;29312.5;29312.5;103
20260914 034200;29312;29313;29308.5;29309;138
20260914 034300;29309;29310.25;29307.25;29309.5;175
20260914 034400;29309.5;29313;29307.25;29313;171
20260914 034500;29312.75;29314;29309.5;29310.75;105
20260914 034600;29311.25;29315.5;29311.25;29314;116
20260914 034700;29313.5;29315.5;29307.25;29307.25;152
20260914 034800;29307;29311.75;29305;29310.5;153
20260914 034900;29310.25;29319.5;29308.5;29315.75;132
20260914 035000;29315.25;29317.75;29311.5;29312.5;202
20260914 035100;29311.25;29311.25;29307.25;29310.25;57
20260914 035200;29311.5;29314.25;29310.5;29313.5;120
20260914 035300;29313.5;29314;29311.25;29312.25;71
20260914 035400;29313.25;29320;29312.75;29314.5;324
20260914 035500;29314.25;29317.5;29312.25;29317.25;72
20260914 035600;29316.75;29317;29312.25;29314.25;94
20260914 035700;29313.75;29314.5;29311.5;29311.5;49
20260914 035800;29313.75;29314;29310.25;29312.5;84
20260914 035900;29311.75;29313.25;29309.75;29311.75;80
20260914 040000;29312;29312.75;29310.5;29311.25;44
20260914 040100;29311.75;29317.5;29310.5;29313;189
20260914 040200;29313.25;29322.75;29312.25;29317;369
20260914 040300;29318;29321;29317;29318;134
20260914 040400;29318.75;29325;29318.25;29323.25;137
20260914 040500;29323.75;29326.5;29322;29325.25;114
20260914 040600;29325.75;29328.75;29323.5;29325.75;206
20260914 040700;29326.75;29330.5;29325;29330;256
20260914 040800;29329.75;29330.75;29325;29327;171
20260914 040900;29326.75;29327;29319.75;29319.75;140
20260914 041000;29320.25;29322.5;29317.5;29321.25;173
20260914 041100;29321;29321;29309;29309.25;422
20260914 041200;29309.25;29314.25;29304.75;29314.25;306
20260914 041300;29314.25;29314.25;29307.75;29307.75;142
20260914 041400;29308.25;29313;29307.75;29311.5;158
20260914 041500;29311;29311.5;29305.25;29305.75;113
20260914 041600;29305.75;29309.25;29305.25;29308;180
20260914 041700;29308.25;29309;29297.25;29300.75;615
20260914 041800;29301.25;29302.75;29299.75;29302.25;164
20260914 041900;29301.75;29306.5;29300.25;29306.25;143
20260914 042000;29306.5;29310;29306.5;29307.5;153
20260914 042100;29308.5;29309.25;29305;29305.5;125
20260914 042200;29306;29310.5;29306;29308;131
20260914 042300;29308.5;29309.5;29305.5;29308.5;99
20260914 042400;29309;29310.5;29307;29310.5;56
20260914 042500;29310.5;29314.5;29309.75;29314.5;139
20260914 042600;29314.25;29318;29313.25;29313.25;219
20260914 042700;29314.25;29318;29314.25;29317.75;63
20260914 042800;29318;29318.5;29314.75;29316.75;92
20260914 042900;29316.75;29317.5;29313;29315;87
20260914 043000;29314.75;29315.75;29313;29314;42
20260914 043100;29314;29314.5;29309.75;29310.5;111
20260914 043200;29310.25;29311;29299.5;29301.5;323
20260914 043300;29299.5;29306.75;29299.5;29304.75;148
20260914 043400;29305;29305.25;29296.25;29301.5;263
20260914 043500;29302;29308.25;29301.25;29305;180
20260914 043600;29305;29310.25;29304;29310;176
20260914 043700;29309.5;29310.25;29306.5;29306.5;125
20260914 043800;29306.25;29307;29299.5;29304.25;139
20260914 043900;29304.25;29312.25;29302.75;29309.75;192
20260914 044000;29310;29319.75;29310;29318.75;254
20260914 044100;29318;29320.5;29317.5;29318.25;187
20260914 044200;29318.25;29319;29314.75;29315;124
20260914 044300;29316.25;29317.75;29314;29315.5;134
20260914 044400;29316;29317;29305.75;29306.25;266
20260914 044500;29306.5;29307.5;29300.75;29305;188
20260914 044600;29305.5;29309.25;29304.75;29307.75;119
20260914 044700;29307.5;29313;29307.5;29312.5;87
20260914 044800;29311.75;29313.75;29309.5;29309.5;133
20260914 044900;29309.75;29318.5;29309.75;29318.25;161
20260914 045000;29318.5;29321.75;29318;29320.5;196
20260914 045100;29320.25;29330.25;29319.75;29328.5;435
20260914 045200;29328.25;29328.25;29316.25;29320;256
20260914 045300;29319.5;29323.25;29315.25;29317.75;168
20260914 045400;29316.5;29317.5;29308.75;29309.75;260
20260914 045500;29309.75;29313.75;29308.5;29309.75;165
20260914 045600;29309;29312.75;29309;29312.25;124
20260914 045700;29311.5;29318.5;29310.5;29313;249
20260914 045800;29313;29313;29306.75;29308.75;112
20260914 045900;29309;29311.25;29307.75;29310.25;81
20260914 050000;29309.5;29312.75;29308.75;29310.75;83
20260914 050100;29311.5;29314;29309;29313.25;121
20260914 050200;29313.25;29315.25;29307.5;29308.5;184
20260914 050300;29308.5;29310.75;29306.25;29307;142
20260914 050400;29306.75;29312.25;29304.5;29312.25;121
20260914 050500;29314.25;29317.75;29313.5;29317;175
20260914 050600;29316;29318.75;29313;29316.25;186
20260914 050700;29316.5;29320.5;29313.75;29317.25;171
20260914 050800;29317.25;29321.25;29315.5;29320.5;118
20260914 050900;29320.5;29321.25;29316.5;29318.5;146
20260914 051000;29318;29318.5;29314.25;29315.75;55
20260914 051100;29314.5;29316;29308.75;29309;229
20260914 051200;29308.5;29313.25;29304.75;29308.5;162
20260914 051300;29309.5;29313.5;29307.75;29310.75;90
20260914 051400;29310.25;29311;29303.25;29310.5;172
20260914 051500;29310.25;29315.25;29310;29311.75;148
20260914 051600;29313.25;29315.75;29309.75;29311.5;142
20260914 051700;29311.75;29311.75;29301;29301.25;250
20260914 051800;29301;29307;29300.5;29305.25;173
20260914 051900;29304.25;29306.25;29303;29305;103
20260914 052000;29304.5;29305.25;29301.5;29303;50
20260914 052100;29304.25;29306;29301.75;29303;106
20260914 052200;29301.5;29305.25;29297.25;29300;268
20260914 052300;29300.25;29303.25;29299.5;29299.5;146
20260914 052400;29300.25;29304.5;29296.25;29296.25;181
20260914 052500;29296;29299.25;29295.5;29298.25;156
20260914 052600;29298;29303.75;29296.25;29303.5;134
20260914 052700;29303.5;29305.5;29302.25;29305;95
20260914 052800;29305.25;29311.75;29304.25;29311.75;164
20260914 052900;29311.5;29311.75;29307.75;29308.5;99
20260914 053000;29307.5;29308.25;29304;29306.25;122
20260914 053100;29306;29310.5;29301.25;29304.25;214
20260914 053200;29304;29304;29297.5;29300.25;193
20260914 053300;29300;29308;29300;29308;150
20260914 053400;29307.75;29310;29302;29304.25;147
20260914 053500;29304;29307;29301.25;29304.5;129
20260914 053600;29304.5;29309.75;29302;29307.75;142
20260914 053700;29308.25;29312;29298.75;29303;207
20260914 053800;29303.5;29307.5;29302.25;29307.5;96
20260914 053900;29307.5;29314.5;29304.25;29314.5;209
20260914 054000;29313;29316.25;29308.25;29308.75;161
20260914 054100;29307.75;29309.5;29302.75;29306.75;184
20260914 054200;29307;29307.25;29296;29297;256
20260914 054300;29297.25;29298;29282.75;29284;813
20260914 054400;29283.5;29291.25;29280.75;29288;383
20260914 054500;29286.75;29293.5;29286.25;29293.25;246
20260914 054600;29292.75;29298;29290.5;29291;248
20260914 054700;29290.5;29297.75;29290.25;29293.5;251
20260914 054800;29292.5;29296.75;29291.75;29293;206
20260914 054900;29293.5;29294.75;29288.25;29291.75;287
20260914 055000;29292;29292;29287;29289.5;130
20260914 055100;29289.25;29289.75;29283.75;29286.25;201
20260914 055200;29286.5;29291.75;29284.25;29289.75;166
20260914 055300;29289;29291.25;29287.25;29287.25;108
20260914 055400;29289.25;29294.25;29289;29294;177
20260914 055500;29294.5;29302;29293.75;29302;239
20260914 055600;29302.5;29304;29295;29296.5;304
20260914 055700;29295.25;29299;29294;29294.5;144
20260914 055800;29294.75;29300;29292.25;29299;211
20260914 055900;29299.5;29302.25;29297.25;29302.25;122
20260914 060000;29301.75;29308.75;29301.25;29307.5;207
20260914 060100;29308.5;29316.5;29304.5;29305.75;565
20260914 060200;29306;29323.25;29304.75;29322.5;606
20260914 060300;29323;29325;29314.75;29319.75;467
20260914 060400;29319.5;29323.25;29318;29318.25;296
20260914 060500;29318.25;29324;29318;29322;257
20260914 060600;29322;29325;29316.75;29317;281
20260914 060700;29317;29318.5;29314.5;29315;239
20260914 060800;29315.25;29326;29313.5;29325;221
20260914 060900;29325;29325;29318.75;29319.5;457
20260914 061000;29319;29320.5;29316;29320.25;207
20260914 061100;29319.25;29321;29316.25;29320.5;133
20260914 061200;29320;29330;29319.5;29324.25;447
20260914 061300;29324.25;29326;29318;29318.5;181
20260914 061400;29319;29323.25;29316.75;29320.75;174
20260914 061500;29321;29323.75;29319;29323.25;136
20260914 061600;29322.25;29323.25;29319.25;29320.5;141
20260914 061700;29320.75;29324.5;29320.75;29322.75;159
20260914 061800;29323.25;29325.5;29320.75;29320.75;122
20260914 061900;29320.75;29321;29316.75;29317.5;165
20260914 062000;29317.5;29322.5;29316.75;29321.5;155
20260914 062100;29320.5;29325.5;29319.75;29324.75;204
20260914 062200;29325;29326.25;29311.75;29315.5;436
20260914 062300;29315.75;29316.5;29307;29308.25;249
20260914 062400;29308.5;29313.75;29307.75;29313.75;253
20260914 062500;29314;29322;29314;29321.25;226
20260914 062600;29321;29326.5;29320.75;29324.75;154
20260914 062700;29324.5;29326.75;29323;29326.25;144
20260914 062800;29325.25;29331;29322.75;29323.75;394
20260914 062900;29324;29327;29321.75;29326.75;233
20260914 063000;29326.75;29329.5;29325.5;29326.25;240
20260914 063100;29326;29328;29322;29325.5;437
20260914 063200;29324.75;29328.75;29315.75;29315.75;287
20260914 063300;29315.75;29317.5;29306.75;29310.5;448
20260914 063400;29309.75;29311.25;29303;29303.5;434
20260914 063500;29304;29306;29300.5;29304;269
20260914 063600;29304.25;29304.25;29297;29297.5;340
20260914 063700;29298.5;29307;29298.25;29306;209
20260914 063800;29306.75;29306.75;29297.5;29297.5;157
20260914 063900;29298.25;29308;29297.5;29304.25;163
20260914 064000;29304.5;29307.5;29304.5;29304.75;175
20260914 064100;29306.25;29310.25;29300.75;29309.75;273
20260914 064200;29309.75;29311.75;29303.25;29310.25;305
20260914 064300;29310.25;29310.5;29297.25;29300;373
20260914 064400;29300;29303;29292;29296.5;469
20260914 064500;29296;29306.5;29294.5;29306.5;271
20260914 064600;29306.75;29310;29305.5;29306.25;198
20260914 064700;29306.5;29312.5;29304.5;29310.75;179
20260914 064800;29311;29313;29307;29307;183
20260914 064900;29307;29309;29298.75;29299.25;240
20260914 065000;29299.5;29301;29291.5;29293;259
20260914 065100;29292.75;29296.25;29287.75;29289.5;288
20260914 065200;29289.75;29292.75;29289.5;29291.75;149
20260914 065300;29291.5;29298.25;29289.75;29297;279
20260914 065400;29296.75;29298.5;29295;29296.25;168
20260914 065500;29296;29298;29291.75;29295.75;256
20260914 065600;29295.25;29298;29291.75;29292.75;191
20260914 065700;29293.5;29293.75;29289.5;29290.5;104
20260914 065800;29290.25;29291.75;29271;29275.25;1076
20260914 065900;29275.5;29278.75;29273.25;29276.5;374
20260914 070000;29276;29276;29267.5;29272;434
20260914 070100;29271.25;29278.25;29233;29243.25;2204
20260914 070200;29243.75;29251.75;29242;29245.5;627
20260914 070300;29245.75;29254;29238.5;29250.25;807
20260914 070400;29250.5;29250.5;29234.25;29234.25;884
20260914 070500;29234.75;29253.75;29234.75;29252.75;584
20260914 070600;29252.5;29261.5;29250;29258.25;533
20260914 070700;29258.5;29260.75;29244.75;29246.75;437
20260914 070800;29248;29255.25;29247.75;29250;471
20260914 070900;29250;29253.25;29245.75;29252.25;335
20260914 071000;29251.25;29252.25;29242.75;29248.75;429
20260914 071100;29246.75;29249.5;29237.75;29244.5;397
20260914 071200;29244.5;29256;29243;29255.75;345
20260914 071300;29255.25;29257;29246.75;29252;291
20260914 071400;29252.75;29258.5;29250;29257.25;308
20260914 071500;29257;29271.75;29256.5;29268.75;589
20260914 071600;29268.75;29270.5;29263.5;29266;390
20260914 071700;29266.5;29273;29262.75;29269.5;350
20260914 071800;29268.25;29274.75;29267.75;29271;296
20260914 071900;29271;29272.25;29262;29271.75;401
20260914 072000;29271.25;29271.25;29262.5;29265;228
20260914 072100;29264.5;29265;29253.75;29263.25;480
20260914 072200;29262.5;29268.25;29258.5;29267.75;325
20260914 072300;29267.25;29268.75;29264.5;29268;257
20260914 072400;29267.75;29275;29264;29273.75;338
20260914 072500;29273.5;29281.25;29273;29273.5;545
20260914 072600;29273.25;29278;29261.5;29264;361
20260914 072700;29263.75;29269.75;29262.25;29263.25;292
20260914 072800;29263;29268;29249.25;29255.25;475
20260914 072900;29255;29256.5;29251.25;29251.25;326
20260914 073000;29250;29251.25;29242.75;29244.5;512
20260914 073100;29244;29253;29240.5;29250;271
20260914 073200;29249.75;29253;29245.75;29250.75;287
20260914 073300;29250.75;29253.25;29244.25;29250;331
20260914 073400;29249.75;29250;29244.75;29247.5;210
20260914 073500;29248.75;29251.75;29244.5;29251.5;166
20260914 073600;29249.5;29253.75;29249.5;29251.75;157
20260914 073700;29250;29251.75;29246.25;29247.75;203
20260914 073800;29247.75;29250.75;29246.5;29247.5;138
20260914 073900;29247.5;29252.75;29245.25;29249.5;125
20260914 074000;29250;29250;29241.25;29244.25;492
20260914 074100;29244.75;29253;29244.25;29246.5;189
20260914 074200;29247.75;29251;29238.75;29241.25;277
20260914 074300;29242.75;29244.5;29233.5;29238;537
20260914 074400;29238;29239.5;29228.5;29232;502
20260914 074500;29231.75;29232.75;29216.5;29223.75;731
20260914 074600;29224.75;29232;29217.75;29218;610
20260914 074700;29218.25;29222.25;29213.25;29215.75;632
20260914 074800;29216.25;29222.5;29208.5;29221.75;467
20260914 074900;29222;29233.5;29221;29226.25;585
20260914 075000;29226;29233;29223.5;29231;260
20260914 075100;29231.75;29232.5;29223.75;29224.5;291
20260914 075200;29224.75;29227.75;29209.25;29209.25;551
20260914 075300;29209.5;29210.25;29197.75;29204;1007
20260914 075400;29204.75;29208.5;29197.75;29201.5;401
20260914 075500;29201.75;29209.25;29201.75;29206.75;208
20260914 075600;29206.75;29211.75;29205;29210.75;298
20260914 075700;29210.25;29216.25;29207.5;29211.25;470
20260914 075800;29210;29212.75;29207.75;29209.75;286
20260914 075900;29209.5;29216;29203.5;29214.25;309
20260914 080000;29213.75;29214.5;29205.75;29211.25;237
20260914 080100;29212.25;29218.5;29205.25;29206.25;1012
20260914 080200;29207.5;29218.75;29205.5;29208.75;515
20260914 080300;29208.75;29216;29200.25;29209;581
20260914 080400;29209.25;29218.5;29204.5;29216.75;627
20260914 080500;29217.25;29229;29210.75;29211.5;1001
20260914 080600;29212.25;29225.75;29205;29221.5;823
20260914 080700;29220.25;29236.75;29215;29229;594
20260914 080800;29229;29235;29217.25;29219.25;532
20260914 080900;29218.25;29229.75;29218.25;29224.25;337
20260914 081000;29223.75;29234.75;29223.5;29234.75;422
20260914 081100;29234.75;29236;29223;29226.75;291
20260914 081200;29227.25;29229.25;29221.25;29229.25;318
20260914 081300;29229.75;29229.75;29218;29220.5;308
20260914 081400;29220.75;29226;29213.25;29213.25;361
20260914 081500;29212.5;29229;29212.5;29226.75;312
20260914 081600;29227.25;29228;29215.75;29216;281
20260914 081700;29216.75;29220.5;29211.5;29214.75;204
20260914 081800;29214.5;29219.5;29209.5;29215.75;197
20260914 081900;29215.75;29216;29199.5;29206.25;435
20260914 082000;29205;29208;29196.5;29202.5;402
20260914 082100;29203.25;29212.5;29201.75;29209.25;274
20260914 082200;29209.75;29216.25;29207.5;29208.75;298
20260914 082300;29207.25;29210;29195.5;29197.75;414
20260914 082400;29198.5;29203;29196.5;29199;402
20260914 082500;29198.5;29199.5;29193;29196.5;309
20260914 082600;29196;29201.75;29196;29198.5;215
20260914 082700;29197.25;29197.75;29192;29196.25;322
20260914 082800;29197.25;29198.5;29194.5;29197.25;270
20260914 082900;29197.25;29197.5;29192;29193;349
20260914 083000;29192.5;29193;29167;29167.75;1175
20260914 083100;29167.75;29178.5;29164.25;29178.5;604
20260914 083200;29179;29183.5;29173.75;29176.5;574
20260914 083300;29176.5;29187;29175.75;29184;479
20260914 083400;29183.75;29187;29179;29181;327
20260914 083500;29181;29184;29175.75;29180.75;298
20260914 083600;29181;29194;29181;29194;371
20260914 083700;29194;29197.5;29191;29193.5;319
20260914 083800;29193.5;29202.25;29192.25;29201;340
20260914 083900;29200.25;29202.25;29194.75;29196.25;248
20260914 084000;29195.75;29204.25;29195;29202.75;298
20260914 084100;29203.5;29207;29191.25;29199.5;356
20260914 084200;29199.5;29205;29197.5;29204.75;319
20260914 084300;29204;29208.75;29200;29202.5;241
20260914 084400;29202.5;29203;29191.25;29193.5;248
20260914 084500;29193.5;29193.5;29185.5;29189.25;387
20260914 084600;29188.5;29196.25;29178.25;29182;450
20260914 084700;29182;29182;29171;29171.75;376
20260914 084800;29170.75;29177;29161;29162.75;460
20260914 084900;29162.75;29165.75;29159.75;29160.75;481
20260914 085000;29160;29162;29148.5;29158.75;848
20260914 085100;29160.25;29163;29156.75;29159;243
20260914 085200;29159.5;29166;29158.75;29165.5;290
20260914 085300;29165.5;29175;29161.75;29175;242
20260914 085400;29174.5;29174.5;29162.5;29164;359
20260914 085500;29163.75;29165;29153;29155;271
20260914 085600;29154.5;29161.5;29150.75;29156;409
20260914 085700;29155.75;29157.75;29142.5;29144;530
20260914 085800;29144;29147.5;29141.75;29146.5;281
20260914 085900;29145.5;29159;29145.25;29157.5;524
20260914 090000;29157.75;29170;29155;29167.5;467
20260914 090100;29168.25;29176.25;29164;29172;525
20260914 090200;29171.5;29179.25;29164.5;29176.75;388
20260914 090300;29176.5;29179.5;29167.75;29170.5;315
20260914 090400;29170.75;29179;29170;29178.25;142
20260914 090500;29178;29178;29169.25;29173.25;265
20260914 090600;29173.75;29177.75;29172;29172.25;175
20260914 090700;29172;29178.5;29172;29174.5;246
20260914 090800;29173.75;29176.75;29172;29173.5;108
20260914 090900;29173.75;29181.5;29172;29179.25;181
20260914 091000;29179.25;29184;29170.5;29175.25;477
20260914 091100;29174.75;29178;29167.75;29173.25;295
20260914 091200;29173.25;29173.5;29146.5;29148;645
20260914 091300;29147.25;29149.5;29134.75;29135;569
20260914 091400;29134.5;29140;29129;29137;892
20260914 091500;29136.5;29138.5;29133;29138.25;254
20260914 091600;29136.75;29140.5;29124.25;29125.75;575
20260914 091700;29127.25;29134.25;29126.75;29128.75;512
20260914 091800;29128.75;29135;29125.5;29134.75;247
20260914 091900;29134.25;29139.5;29133.75;29135.25;400
20260914 092000;29135.5;29138.5;29133.75;29137.5;324
20260914 092100;29137;29144;29136;29141.25;251
20260914 092200;29141.5;29141.75;29125;29129.75;394
20260914 092300;29129.75;29132;29118.5;29125.25;534
20260914 092400;29124.25;29128;29122.5;29123.75;341
20260914 092500;29124;29124;29106.5;29112.5;684
20260914 092600;29112.75;29116;29106.75;29109.5;487
20260914 092700;29110;29118.75;29109.75;29115.25;345
20260914 092800;29114.75;29123.75;29114.25;29123.5;321
20260914 092900;29124;29132;29121.25;29131.25;352
20260914 093000;29132;29150.5;29131.5;29143.75;697
20260914 093100;29143;29155.5;29139.75;29146.5;632
20260914 093200;29146.25;29151.5;29142;29144.25;386
20260914 093300;29144.5;29154.75;29139;29140.75;278
20260914 093400;29140.5;29157.5;29140.5;29155;396
20260914 093500;29155.5;29156.75;29147.75;29150.5;418
20260914 093600;29150.75;29150.75;29142.5;29147;269
20260914 093700;29147;29149.25;29141.25;29144.25;207
20260914 093800;29143.5;29150.5;29142;29149.75;228
20260914 093900;29150.25;29153.5;29144.5;29145.75;165
20260914 094000;29144.5;29145;29132.75;29139.5;407
20260914 094100;29139.25;29158.75;29136.5;29140.25;1162
20260914 094200;29141;29148.5;29139.5;29147.5;169
20260914 094300;29148;29155.25;29144.25;29147.25;526
20260914 094400;29148.25;29149.75;29144.75;29145.25;192
20260914 094500;29145.25;29146.25;29135.5;29138.5;230
20260914 094600;29138.25;29144.5;29135.75;29141;229
20260914 094700;29140;29143.5;29137.5;29140.75;152
20260914 094800;29140.5;29143.75;29137.5;29139;197
20260914 094900;29139.25;29148.5;29139.25;29140.5;167
20260914 095000;29141.5;29141.5;29135;29137;263
20260914 095100;29136.5;29137.25;29128;29130.5;294
20260914 095200;29130.75;29141.75;29129;29136.5;215
20260914 095300;29137;29147.5;29136.5;29146.5;177
20260914 095400;29146.75;29151.5;29146.5;29150.75;233
20260914 095500;29151;29152.5;29144.5;29148.5;158
20260914 095600;29148.25;29151;29144;29144;290
20260914 095700;29144;29146.25;29138;29145.25;226
20260914 095800;29144.75;29149.25;29142.75;29144.75;114
20260914 095900;29144.25;29146;29139.5;29139.5;161
20260914 100000;29139.25;29145.5;29138.25;29145.5;124
20260914 100100;29145.5;29151;29144.25;29147;162
20260914 100200;29146;29150.5;29143.5;29145.25;175
20260914 100300;29146;29153.75;29143.5;29150.75;187
20260914 100400;29150.75;29151.25;29146.5;29149.25;186
20260914 100500;29149.25;29152.25;29146.25;29146.5;152
20260914 100600;29147.75;29152.25;29145.5;29151.75;163
20260914 100700;29152.25;29156.75;29145.5;29146.25;295
20260914 100800;29146;29149.75;29145.75;29147.5;97
20260914 100900;29148;29148.5;29143.75;29146.25;143
20260914 101000;29146.25;29151.5;29146.25;29151.5;147
20260914 101100;29151.5;29158;29149.75;29156.75;236
20260914 101200;29156.5;29165.5;29154;29165;238
20260914 101300;29164.75;29172.75;29164;29168.75;295
20260914 101400;29168.5;29171.75;29168;29168.75;148
20260914 101500;29168.75;29168.75;29161.5;29166;243
20260914 101600;29166;29166.75;29161.25;29161.75;174
20260914 101700;29161.75;29162.25;29150.5;29160;381
20260914 101800;29159.75;29160.75;29151;29154.75;355
20260914 101900;29155;29159.75;29151.75;29154.25;273
20260914 102000;29154.75;29160.5;29153;29159.75;207
20260914 102100;29160;29167;29157.5;29166.5;262
20260914 102200;29165.75;29179;29165.25;29175.5;369
20260914 102300;29175;29179.75;29174.75;29178.75;193
20260914 102400;29178.75;29179.25;29176;29178.5;181
20260914 102500;29178.75;29185.75;29178;29181.25;350
20260914 102600;29180.75;29187.75;29180.75;29186;222
20260914 102700;29186;29187.25;29184.5;29186;191
20260914 102800;29185.75;29189.5;29184.25;29187.75;180
20260914 102900;29187.5;29199;29187.5;29196;357
20260914 103000;29196;29199.5;29195.75;29198.5;185
20260914 103100;29199;29199.75;29195;29198;246
20260914 103200;29198;29200.5;29194.75;29197.5;257
20260914 103300;29197.75;29198.75;29193;29196.25;192
20260914 103400;29196.75;29206.25;29196.75;29203.5;258
20260914 103500;29203;29206.75;29202.75;29206;314
20260914 103600;29205.5;29209.75;29205.5;29208.75;254
20260914 103700;29209.25;29217;29209;29215.5;288
20260914 103800;29216;29216.75;29210.5;29213.75;325
20260914 103900;29214;29216.5;29208.75;29212;192
20260914 104000;29212;29213.75;29206.25;29209;188
20260914 104100;29209;29209.25;29205.75;29206.75;186
20260914 104200;29206.75;29223;29206.5;29220.75;313
20260914 104300;29220.75;29227.5;29220.5;29226.75;402
20260914 104400;29226.5;29228.25;29222;29222.5;271
20260914 104500;29223;29226.75;29220.5;29225.5;294
20260914 104600;29224.5;29225.75;29219.5;29222;226
20260914 104700;29222.5;29222.5;29216.5;29219;299
20260914 104800;29219;29225.5;29216.25;29224;280
20260914 104900;29224.5;29230.25;29223;29226.5;257
20260914 105000;29228;29228.75;29223.5;29225.25;137
20260914 105100;29226.5;29227.25;29221.25;29223.5;221
20260914 105200;29222.75;29223.25;29217;29222.25;203
20260914 105300;29221.75;29223.5;29216;29217.5;219
20260914 105400;29217.75;29221;29215;29216;190
20260914 105500;29215.75;29215.75;29206.75;29209.25;331
20260914 105600;29208.75;29214.25;29207.5;29213.25;181
20260914 105700;29212.75;29222.25;29210.5;29219.25;236
20260914 105800;29220.75;29223.25;29211.5;29218.25;168
20260914 105900;29218.25;29221.25;29217.75;29218.75;166
20260914 110000;29219;29224.75;29215.25;29216.5;191
20260914 110100;29216.75;29221;29204;29215.75;784
20260914 110200;29216.25;29221.5;29212.75;29219;334
20260914 110300;29220;29230.25;29218.5;29220.75;440
20260914 110400;29221;29224.25;29211.25;29220;728
20260914 110500;29222;29232.75;29219;29231.5;421
20260914 110600;29230.75;29233.5;29225;29226;529
20260914 110700;29225.75;29236;29224.75;29234;525
20260914 110800;29234.25;29234.25;29224.25;29231.5;310
20260914 110900;29231.75;29234;29225;29232;256
20260914 111000;29232.75;29235.75;29229.5;29231.5;209
20260914 111100;29230.5;29231;29214.5;29216.75;333
20260914 111200;29217.75;29234.5;29217;29231.5;266
20260914 111300;29231.25;29237.5;29230.5;29237.5;232
20260914 111400;29236.75;29237.75;29230.75;29231.5;320
20260914 111500;29232.25;29234;29226.75;29227.75;275
20260914 111600;29227.5;29236;29226.5;29232.25;246
20260914 111700;29232;29236.75;29229.5;29233;211
20260914 111800;29232;29239.25;29232;29238.5;292
20260914 111900;29238.25;29241.5;29235;29239.5;339
20260914 112000;29240;29240;29233.25;29234;364
20260914 112100;29233.75;29243.5;29233.5;29242.25;368
20260914 112200;29242.5;29242.5;29230.5;29232;264
20260914 112300;29232.75;29239.75;29232.5;29236.25;265
20260914 112400;29236.75;29243.5;29235;29240;221
20260914 112500;29240.5;29246.5;29240;29246;372
20260914 112600;29246;29248.75;29243.25;29247.5;331
20260914 112700;29248;29260;29247.75;29255.25;699
20260914 112800;29255;29259.75;29250.5;29258;333
20260914 112900;29257;29264.25;29256;29263;359
20260914 113000;29262.25;29266.75;29259.75;29262.75;328
20260914 113100;29263;29263;29255.75;29258;339
20260914 113200;29258.5;29262.75;29255;29256.5;359
20260914 113300;29255.5;29258.75;29252.25;29253.5;199
20260914 113400;29253;29255;29245.5;29250;370
20260914 113500;29249.5;29249.5;29241.75;29244.25;338
20260914 113600;29244.25;29245;29236.75;29237.5;271
20260914 113700;29237.5;29237.75;29230;29232.25;369
20260914 113800;29232.5;29233.25;29222;29232.5;559
20260914 113900;29233;29242.5;29230.5;29242.5;411
20260914 114000;29241;29242.5;29234;29239.5;236
20260914 114100;29240;29242;29233;29237.25;247
20260914 114200;29237.75;29240;29229;29230.25;252
20260914 114300;29230.5;29238.75;29229.25;29238.25;201
20260914 114400;29238.25;29248.25;29237;29245.25;603
20260914 114500;29246;29247;29235.25;29237;558
20260914 114600;29238;29245.25;29231.25;29245.25;1040
20260914 114700;29245;29246.25;29240;29242;177
20260914 114800;29241.75;29248.75;29238.75;29245.5;225
20260914 114900;29246;29246;29236.5;29242.75;316
20260914 115000;29242.25;29252.25;29241.5;29247.75;259
20260914 115100;29247;29247;29227.25;29228;400
20260914 115200;29228;29232.75;29223.25;29231.5;306
20260914 115300;29231.25;29231.25;29213.25;29218;585
20260914 115400;29218;29221.5;29214.5;29216;273
20260914 115500;29215.75;29222;29214.5;29218.75;331
20260914 115600;29220.25;29229.5;29220.25;29224.75;476
20260914 115700;29224.75;29226.5;29216.75;29219;387
20260914 115800;29219;29225.25;29218.75;29223;237
20260914 115900;29221.5;29222.25;29215.5;29219;223
20260914 120000;29219.75;29222.5;29216.75;29218.5;243
20260914 120100;29219;29219.25;29202.75;29203.25;646
20260914 120200;29203.5;29207.25;29199.25;29199.75;842
20260914 120300;29199.75;29204;29195.5;29196.75;534
20260914 120400;29196.5;29201;29193.25;29193.5;340
20260914 120500;29194.25;29194.75;29183.75;29191;754
20260914 120600;29190.5;29191;29182.25;29187;595
20260914 120700;29187.5;29189.25;29180.75;29186.5;691
20260914 120800;29186;29199.25;29185.75;29197.25;1014
20260914 120900;29197.25;29200.5;29188.25;29191.75;523
20260914 121000;29192.5;29201.5;29192;29196.75;392
20260914 121100;29197.75;29211;29196.25;29208.75;501
20260914 121200;29208.25;29213.25;29207.75;29209;290
20260914 121300;29210.25;29212;29204.25;29204.25;241
20260914 121400;29204;29208.75;29190.75;29191.25;559
20260914 121500;29191.25;29205;29190.75;29201.75;488
20260914 121600;29202;29214.75;29199.5;29213.25;425
20260914 121700;29213;29232.5;29204;29219;2827
20260914 121800;29220.25;29236;29218.75;29233.25;1470
20260914 121900;29232.5;29233.75;29213.25;29214.25;1119
20260914 122000;29215.25;29226.25;29208.75;29212.5;1390
20260914 122100;29214;29220.75;29207.75;29212.5;637
20260914 122200;29211.75;29214.25;29206.25;29209.75;367
20260914 122300;29209.75;29213.25;29205.75;29208.5;296
20260914 122400;29208.25;29215.75;29202.75;29214.5;984
20260914 122500;29214.75;29214.75;29205.75;29211;284
20260914 122600;29211.25;29212.25;29200.25;29202.25;403
20260914 122700;29204;29204;29196.25;29201.25;516
20260914 122800;29200.5;29201.75;29197;29197;178
20260914 122900;29198;29202.75;29197;29200;224
20260914 123000;29199.25;29210;29199.25;29207.5;273
20260914 123100;29208;29212;29197.5;29202.5;578
20260914 123200;29202.75;29221.25;29201.75;29220.25;569
20260914 123300;29220.25;29220.75;29201;29206.25;481
20260914 123400;29206.5;29209.25;29197;29198.5;402
20260914 123500;29198.75;29200.5;29192.75;29198.75;504
20260914 123600;29198;29198.25;29156;29159.5;4068
20260914 123700;29161;29172.25;29147.75;29161;2055
20260914 123800;29161.25;29162.75;29147.25;29150.5;1038
20260914 123900;29150.75;29155.75;29141.5;29145.5;1269
20260914 124000;29146.75;29166.25;29146.5;29161;1423
20260914 124100;29160.25;29174;29150.5;29172.5;1331
20260914 124200;29171.5;29173;29147;29163.75;1925
20260914 124300;29163.25;29172;29160;29166.75;1188
20260914 124400;29167.25;29187;29167.25;29184.25;1317
20260914 124500;29185.25;29193;29184.25;29191.25;831
20260914 124600;29190.25;29195;29184.25;29184.25;985
20260914 124700;29184;29185;29167;29171;1105
20260914 124800;29170.25;29182;29169;29180;634
20260914 124900;29179.5;29180.75;29169.25;29172;560
20260914 125000;29171.75;29177.75;29168.5;29177.5;325
20260914 125100;29177.25;29180.25;29172.25;29177.5;634
20260914 125200;29177.75;29182;29172;29173.75;518
20260914 125300;29174;29174.5;29166.5;29171;460
20260914 125400;29170.5;29171.75;29164;29165.5;446
20260914 125500;29165.25;29166.75;29151;29153.75;835
20260914 125600;29153;29157.5;29150.75;29151.25;571
20260914 125700;29151;29154;29147;29151.75;578
20260914 125800;29151;29159.5;29150;29159;431
20260914 125900;29159.25;29169;29154.75;29166.5;710
20260914 130000;29166;29174.5;29164;29169.25;585
20260914 130100;29170.25;29171.25;29152;29154.75;1322
20260914 130200;29155;29155;29142;29144.75;1130
20260914 130300;29144.5;29152.5;29142.75;29144.75;1082
20260914 130400;29145;29146.25;29127.75;29131.5;1814
20260914 130500;29131;29134.25;29126.5;29132;1193
20260914 130600;29132;29137.25;29129.25;29135;1433
20260914 130700;29135.25;29135.25;29124.5;29127;1079
20260914 130800;29127;29128;29118.5;29122.75;1250
20260914 130900;29122.5;29126.75;29119;29125;960
20260914 131000;29125.5;29129.5;29123.75;29127.5;1117
20260914 131100;29128.5;29138;29125.5;29137.75;1114
20260914 131200;29137.25;29155.25;29137.25;29154.25;1593
20260914 131300;29153.75;29154.25;29145.25;29146;802
20260914 131400;29146;29157.75;29145.5;29157;601
20260914 131500;29157.5;29168.75;29157;29167.25;848
20260914 131600;29167.25;29174.75;29167.25;29172.5;953
20260914 131700;29173;29185.5;29170;29180.25;1297
20260914 131800;29180.5;29192.75;29180.5;29192.25;1068
20260914 131900;29192.5;29194.5;29188;29193.5;830
20260914 132000;29193.25;29195.5;29183.25;29189.75;1078
20260914 132100;29190.5;29193;29185.25;29190;825
20260914 132200;29190.25;29201.25;29187;29197.5;874
20260914 132300;29197.5;29202.75;29194.75;29200.75;620
20260914 132400;29200.5;29202;29197.5;29201;464
20260914 132500;29200.25;29202;29193.75;29194.75;536
20260914 132600;29195;29195;29185.75;29189;1156
20260914 132700;29189.25;29200.75;29188.75;29198.75;885
20260914 132800;29199;29201.5;29187.5;29195.25;1149
20260914 132900;29194.5;29200.75;29185;29200.25;1217
20260914 133000;29200;29212.25;29192.5;29194.25;2063
20260914 133100;29194.5;29210.5;29172.5;29174.5;6276
20260914 133200;29174.25;29207;29169;29185.75;5627
20260914 133300;29186;29216.75;29182.25;29205.25;4684
20260914 133400;29205.75;29221.5;29190;29190.75;3831
20260914 133500;29191.25;29207.5;29183.25;29193.5;3272
20260914 133600;29193;29207.5;29178.75;29185.25;3607
20260914 133700;29185;29191.25;29170.5;29173;3536
20260914 133800;29173.25;29185.5;29167.5;29176.5;3094
20260914 133900;29176.5;29193.5;29170.75;29180.5;2739
20260914 134000;29180.75;29184.5;29171.5;29176.25;2136
20260914 134100;29175.75;29201.25;29170.5;29185.75;3296
20260914 134200;29187;29201.25;29178;29198.5;2104
20260914 134300;29198.25;29219;29196.25;29212.25;2766
20260914 134400;29213;29233.25;29206.75;29228.75;2838
20260914 134500;29229;29242;29227.75;29240.25;2640
20260914 134600;29240;29260.5;29238.25;29256;3814
20260914 134700;29256;29277.5;29255.5;29271.25;3753
20260914 134800;29271.25;29291.5;29269.75;29290.75;3576
20260914 134900;29291;29312;29288.5;29310.25;4327
20260914 135000;29310.5;29335.5;29309.5;29323.25;5830
20260914 135100;29323.5;29331.75;29314.75;29319.5;4074
20260914 135200;29319.75;29320.75;29291;29295.25;4313
20260914 135300;29294.75;29316;29287.5;29300.75;4666
20260914 135400;29300.5;29310;29286.5;29308.25;2471
20260914 135500;29308;29310.5;29295.75;29295.75;2095
20260914 135600;29295.25;29307.75;29286;29291.5;2509
20260914 135700;29291.75;29296;29280.5;29294.25;2392
20260914 135800;29294.25;29296;29279.5;29289.75;2056
20260914 135900;29290;29308.5;29279.25;29297.75;4625
20260914 140000;29297.25;29300.75;29289.25;29293.25;2693
20260914 140100;29292.75;29309.5;29290;29307;2709
20260914 140200;29307;29329.25;29302.75;29327.25;3101
20260914 140300;29326.75;29328.5;29296.5;29296.75;3476
20260914 140400;29297.25;29311.5;29294.5;29303.75;2322
20260914 140500;29302.75;29316.25;29302.25;29312.75;1707
20260914 140600;29313.25;29323;29308;29318.25;1896
20260914 140700;29318.5;29354;29317.75;29346.75;3826
20260914 140800;29346.75;29359;29344;29354.75;2751
20260914 140900;29354.5;29366;29353.5;29360.75;2693
20260914 141000;29360.5;29361.5;29353;29355;2051
20260914 141100;29355;29379;29354.75;29364;4173
20260914 141200;29362.25;29378.75;29362;29367.5;3093
20260914 141300;29367.5;29376.5;29364.5;29368.25;2193
20260914 141400;29368.25;29370.25;29359.5;29366.75;2372
20260914 141500;29367.5;29375.25;29365.5;29367;2199
20260914 141600;29367.25;29374.75;29362;29362.5;1993
20260914 141700;29362.25;29364;29341.75;29347.5;3258
20260914 141800;29347.25;29351.5;29333.25;29334.25;2092
20260914 141900;29334.75;29342;29324.75;29326.75;2063
20260914 142000;29326.75;29337.25;29322.25;29335.75;1934
20260914 142100;29335.75;29338.5;29322.25;29327.75;2399
20260914 142200;29327.25;29327.25;29306;29310.25;3110
20260914 142300;29310.75;29313.75;29300;29308.75;2245
20260914 142400;29309.25;29313.75;29303.25;29312.75;1727
20260914 142500;29313;29314.75;29296.5;29296.5;2610
20260914 142600;29296.5;29300.25;29283.5;29284.75;2783
20260914 142700;29285;29288.25;29268.5;29276.75;4466
20260914 142800;29275.5;29288;29274;29286.5;2430
20260914 142900;29286;29302.5;29283.25;29293.5;2736
20260914 143000;29293;29297.75;29279.5;29296.75;2114
20260914 143100;29296.75;29305.75;29285;29285.5;2751
20260914 143200;29285.25;29299.75;29278.75;29293.5;2468
20260914 143300;29293.5;29296.5;29284.75;29295.5;1412
20260914 143400;29295.25;29295.75;29285.5;29291.75;1433
20260914 143500;29292.25;29310.5;29291.25;29307.25;2075
20260914 143600;29307.25;29307.75;29273.25;29275.5;2408
20260914 143700;29275;29282;29258;29258.75;2754
20260914 143800;29259.75;29266.75;29255.25;29264.25;2072
20260914 143900;29264.25;29267.5;29249.25;29256;2436
20260914 144000;29256.25;29264.25;29249.75;29261.25;1935
20260914 144100;29260.75;29265;29253.5;29257.75;1594
20260914 144200;29257.75;29260.25;29246.5;29254.5;1410
20260914 144300;29254.5;29276.25;29254;29268.75;2361
20260914 144400;29269.5;29270.25;29252.5;29257;1725
20260914 144500;29256.75;29286;29253.5;29284.75;2169
20260914 144600;29284.75;29307.5;29280.5;29306.25;2982
20260914 144700;29306.25;29314;29298.75;29302.25;2152
20260914 144800;29302.25;29303.25;29282.75;29295;2499
20260914 144900;29295.25;29307.25;29293.75;29299.5;1581
20260914 145000;29299;29301.75;29291;29301.25;1034
20260914 145100;29300.75;29301.25;29271.25;29281;2393
20260914 145200;29280.75;29300.5;29279;29292.75;2068
20260914 145300;29293;29294;29270;29273.75;1794
20260914 145400;29274.5;29279.5;29269.25;29270.25;976
20260914 145500;29270.25;29278;29267.5;29276;1238
20260914 145600;29276;29276.75;29263.25;29273.25;1411
20260914 145700;29273.25;29277;29264.75;29275.5;986
20260914 145800;29275.75;29291.5;29269.75;29288.75;1718
20260914 145900;29288.75;29300;29282.25;29300;1291
20260914 150000;29299.75;29306.5;29292.5;29305.25;1816
20260914 150100;29304.5;29311;29298.25;29309.5;2122
20260914 150200;29309.25;29309.5;29291.75;29303.25;1765
20260914 150300;29303.5;29310.25;29293.5;29294;2085
20260914 150400;29293.75;29301.75;29288.5;29298.75;1390
20260914 150500;29298;29298;29279.25;29282.5;1504
20260914 150600;29281.25;29351.5;29280;29328.25;8479
20260914 150700;29327.75;29376.25;29326.25;29349;8344
20260914 150800;29349;29350.5;29327;29334.75;3284
20260914 150900;29334.25;29335.75;29318;29334.5;2301
20260914 151000;29334.75;29345;29327;29334;1741
20260914 151100;29334.25;29341;29328.5;29337.75;1558
20260914 151200;29338.25;29341;29321.5;29323.5;1390
20260914 151300;29324.25;29327.25;29315.75;29324.25;1250
20260914 151400;29323.5;29333.75;29322.25;29330.75;1085
20260914 151500;29331;29336.25;29315.75;29317.25;1387
20260914 151600;29316.25;29331.5;29312;29328.75;1620
20260914 151700;29329;29338.75;29320.5;29338.5;1271
20260914 151800;29338.75;29353;29338.75;29345.75;1854
20260914 151900;29346.25;29351.5;29343.75;29347.25;872
20260914 152000;29347.25;29357;29346.75;29351.25;1051
20260914 152100;29351.25;29357.5;29345.5;29349;1004
20260914 152200;29348.5;29356;29344;29349.5;1352
20260914 152300;29350;29356.75;29339.75;29341.25;1356
20260914 152400;29341;29356.5;29340.5;29354.75;1193
20260914 152500;29354.5;29370;29354.5;29366;1734
20260914 152600;29366.5;29370;29357.25;29361.25;1483
20260914 152700;29362;29373.5;29356.75;29373.25;1119
20260914 152800;29373.75;29383.75;29370.25;29370.75;2473
20260914 152900;29371.75;29380.75;29370.25;29377.5;1261
20260914 153000;29378.75;29380.5;29371.75;29373.5;839
20260914 153100;29373.25;29384;29371;29381.25;1767
20260914 153200;29381.5;29381.75;29366.25;29371.75;1345
20260914 153300;29372.25;29425.75;29368;29417.5;7914
20260914 153400;29418;29442.5;29401;29440;5435
20260914 153500;29439.5;29460.5;29438;29454.75;4772
20260914 153600;29455.75;29461;29443.75;29444.5;3268
20260914 153700;29445.25;29453.25;29438;29443.25;2123
20260914 153800;29444.25;29476;29444;29474.75;3263
20260914 153900;29474.75;29476;29464.5;29473;2343
20260914 154000;29473;29474.25;29464.5;29471;1533
20260914 154100;29471.75;29488.25;29462.5;29473.25;3892
20260914 154200;29472.75;29494.25;29463;29487;2605
20260914 154300;29487;29493.5;29472.25;29475.5;2439
20260914 154400;29475.25;29494.75;29475;29493.25;2144
20260914 154500;29493.5;29505.5;29492.5;29497.5;2757
20260914 154600;29497.75;29499.75;29489.5;29490.25;1567
20260914 154700;29490.5;29491;29477.25;29482.25;1911
20260914 154800;29482;29484;29470.5;29476.25;1720
20260914 154900;29476.5;29484.25;29468.75;29481.25;1394
20260914 155000;29481;29483;29469.25;29470.5;1009
20260914 155100;29470.25;29476;29461;29469;1537
20260914 155200;29468;29473.75;29464;29472.75;1132
20260914 155300;29472.75;29485;29471.75;29474.75;1290
20260914 155400;29474.25;29483.25;29469.75;29480.25;963
20260914 155500;29480.5;29482.75;29471.75;29480.25;860
20260914 155600;29480.5;29481;29473.75;29476.25;573
20260914 155700;29475.25;29476.25;29470;29474;542
20260914 155800;29474.75;29480.5;29472.5;29477;695
20260914 155900;29477;29485;29473.5;29474;798
20260914 160000;29473.75;29475.75;29467.75;29472.25;682
20260914 160100;29472.25;29475.75;29458;29458.5;1419
20260914 160200;29459;29463.75;29453.5;29455.75;1267
20260914 160300;29456;29458.5;29448;29451.75;1026
20260914 160400;29451.25;29456.75;29446.25;29454.25;743
20260914 160500;29454;29455.75;29439;29439;1117
20260914 160600;29439;29442.5;29433.5;29441.25;1416
20260914 160700;29440.75;29451.25;29438.5;29439;1150
20260914 160800;29439.25;29447.25;29434.75;29437.75;1333
20260914 160900;29437.75;29441;29428.5;29436.5;1349
20260914 161000;29436.75;29440.75;29433;29437.25;597
20260914 161100;29437.75;29452.25;29435;29445.5;1245
20260914 161200;29446;29457.5;29443;29456.25;1041
20260914 161300;29455.5;29462.25;29452;29458;1081
20260914 161400;29457.5;29458.5;29450.75;29453.25;783
20260914 161500;29453;29458.75;29450.25;29457.75;704
20260914 161600;29457.25;29502.5;29457.25;29496.5;3696
20260914 161700;29496.25;29508;29495;29503.75;2259
20260914 161800;29503.25;29517.5;29499.25;29516;1465
20260914 161900;29515.75;29523;29510.5;29515;2228
20260914 162000;29515.5;29519.25;29511.75;29514.25;966
20260914 162100;29514.25;29516;29502.25;29508;1440
20260914 162200;29508;29508.75;29498.75;29501.75;1337
20260914 162300;29501.75;29508.5;29498;29502.5;878
20260914 162400;29502;29519.75;29500.75;29519.5;1245
20260914 162500;29519.25;29527.5;29515;29516.75;1605
20260914 162600;29516.5;29519.5;29499;29501;1952
20260914 162700;29500.75;29501.5;29488.75;29491.25;1385
20260914 162800;29490.75;29497.5;29487.75;29497.25;1025
20260914 162900;29497.5;29497.5;29485.75;29487;797
20260914 163000;29486.25;29495;29485.75;29489.75;830
20260914 163100;29489.5;29492.5;29485.25;29486;814
20260914 163200;29485.5;29505.5;29485.5;29489.75;2346
20260914 163300;29490.25;29501.5;29485;29492.75;1344
20260914 163400;29493;29499.75;29491;29495.5;589
20260914 163500;29495.5;29500.75;29488.75;29489.5;642
20260914 163600;29490;29491.25;29481.5;29486.25;719
20260914 163700;29486.5;29492;29486.5;29490;480
20260914 163800;29489.25;29502.5;29488;29494;778
20260914 163900;29494.25;29502;29491;29497.5;769
20260914 164000;29497.5;29501.5;29493.25;29499.75;337
20260914 164100;29500;29501;29493;29500.5;445
20260914 164200;29499;29504;29494.5;29503.5;586
20260914 164300;29504;29506.75;29498.5;29505.75;713
20260914 164400;29505.75;29514.75;29502;29509.25;1251
20260914 164500;29509;29518.75;29505.5;29518.5;709
20260914 164600;29518.5;29519;29506;29510.25;987
20260914 164700;29509.75;29512.75;29503.75;29509.5;623
20260914 164800;29509;29544.75;29507.25;29537;6450
20260914 164900;29536.5;29576.25;29535;29571;5189
20260914 165000;29570.75;29574;29558;29562.5;2593
20260914 165100;29562.5;29565.5;29552.25;29558.75;1373
20260914 165200;29558.75;29568.75;29556.5;29567.5;1180
20260914 165300;29566.5;29574.25;29560;29570.5;1301
20260914 165400;29570.25;29572.5;29563.25;29563.25;1279
20260914 165500;29564;29565;29552.25;29554.5;1363
20260914 165600;29554.25;29561.75;29552.25;29558;959
20260914 165700;29558.5;29560.75;29550.75;29552.5;734
20260914 165800;29552.5;29556;29545.5;29546.25;980
20260914 165900;29546;29547.5;29538;29541.5;1047
20260914 170000;29541.5;29558.5;29541;29558.25;1089
20260914 170100;29558.5;29565;29551.75;29560.5;1158
20260914 170200;29561.25;29561.75;29549.5;29552.25;821
20260914 170300;29550.5;29559.75;29547.75;29552.5;626
20260914 170400;29553.25;29555.25;29541.5;29546.75;861
20260914 170500;29547;29552;29545.75;29549;404
20260914 170600;29549.75;29551.5;29546.75;29548.75;362
20260914 170700;29549.75;29555.75;29548.5;29549;488
20260914 170800;29549.75;29550;29543.5;29546;388
20260914 170900;29546.5;29547.25;29538.5;29546.25;716
20260914 171000;29545.75;29553.25;29541.5;29550;584
20260914 171100;29550.5;29554;29548;29549.5;613
20260914 171200;29549.5;29565;29549;29560.5;988
20260914 171300;29560.5;29579;29560.5;29565.75;2064
20260914 171400;29566.25;29568.75;29555.25;29555.75;734
20260914 171500;29556.25;29560.5;29553;29554;693
20260914 171600;29554;29558.5;29551.25;29557;603
20260914 171700;29556.25;29559.75;29553.25;29556.75;483
20260914 171800;29556.75;29562.25;29548.75;29550.75;688
20260914 171900;29550.75;29552;29537;29544.25;1383
20260914 172000;29544;29548.25;29541.75;29547.5;490
20260914 172100;29547.75;29563.25;29545;29559.25;1250
20260914 172200;29559.25;29559.5;29550;29553;709
20260914 172300;29552.75;29559.75;29551.75;29559.25;473
20260914 172400;29559.5;29564;29556.25;29561.25;609
20260914 172500;29561;29567.5;29560;29563;755
20260914 172600;29563.25;29572;29558.75;29560.75;1047
20260914 172700;29560.5;29566.5;29556.5;29566.5;630
20260914 172800;29566;29566.75;29558.5;29566.25;466
20260914 172900;29566.75;29574;29563.5;29571.75;864
20260914 173000;29570.75;29580.25;29567.5;29580;1283
20260914 173100;29580;29584.5;29570.25;29584;1446
20260914 173200;29584.25;29585.25;29574.25;29575.5;951
20260914 173300;29575.25;29585.5;29575.25;29580.75;655
20260914 173400;29580;29581.25;29567.75;29573.5;1473
20260914 173500;29573.75;29577;29570.25;29577;621
20260914 173600;29577;29579;29567.75;29570;761
20260914 173700;29570.25;29574;29567.75;29568;610
20260914 173800;29569;29577.25;29569;29576.75;462
20260914 173900;29576.75;29582;29574.5;29578.25;832
20260914 174000;29578.5;29584.5;29577.25;29583.75;610
20260914 174100;29583.25;29583.75;29578;29581.5;554
20260914 174200;29581.75;29583.25;29574.5;29574.75;555
20260914 174300;29574;29580.5;29573.5;29576.25;613
20260914 174400;29576.25;29584;29574.75;29583.75;470
20260914 174500;29583.75;29585;29578.5;29580.5;520
20260914 174600;29580.25;29590;29579.5;29583.75;849
20260914 174700;29583.5;29588.75;29583;29585.5;591
20260914 174800;29585;29590;29584.5;29589.25;462
20260914 174900;29589.25;29594.5;29588.25;29591.5;1060
20260914 175000;29592;29593.25;29587.75;29590.25;498
20260914 175100;29590.5;29593.25;29587;29587.75;702
20260914 175200;29588.25;29592.75;29587.75;29590.5;644
20260914 175300;29591;29598.25;29590.75;29596.25;919
20260914 175400;29596;29600;29590.75;29593.25;1169
20260914 175500;29592.75;29599.5;29591;29595.5;629
20260914 175600;29595.25;29601.25;29593;29600;727
20260914 175700;29600.5;29604.25;29598.75;29600.75;884
20260914 175800;29600.5;29601;29591.5;29593.5;801
20260914 175900;29594;29595.75;29586.75;29588.75;884
20260914 180000;29588.75;29589;29580.5;29581.5;1093
20260914 180100;29582.25;29602.25;29581.25;29585.25;2787
20260914 180200;29585.25;29587;29580.5;29583;731
20260914 180300;29583;29589;29580.75;29582.25;702
20260914 180400;29581.75;29582.75;29571.5;29572.5;1282
20260914 180500;29572.25;29577.75;29572.25;29575.75;538
20260914 180600;29576;29576;29567.25;29575;899
20260914 180700;29575.5;29582;29574.25;29575.5;886
20260914 180800;29576;29582;29571.75;29579.5;614
20260914 180900;29580;29588.75;29579.5;29585;886
20260914 181000;29585.25;29586.75;29582.5;29585.25;467
20260914 181100;29585.5;29586.5;29579;29583.75;594
20260914 181200;29583.75;29585.25;29578.5;29579;432
20260914 181300;29578.75;29584.5;29576.25;29578.75;475
20260914 181400;29579;29579.25;29573.5;29577.25;729
20260914 181500;29577.75;29583.75;29577.5;29583.5;550
20260914 181600;29583.75;29590.75;29581;29586.5;1004
20260914 181700;29585;29585;29577.25;29580.5;647
20260914 181800;29580.5;29580.5;29572.75;29575.75;720
20260914 181900;29576.25;29577.5;29571.75;29575.5;628
20260914 182000;29575.75;29578.75;29574.25;29575.5;320
20260914 182100;29575.5;29578.5;29573;29573.5;342
20260914 182200;29573.25;29575.5;29565.25;29566.5;895
20260914 182300;29567;29567.75;29561.75;29563.5;885
20260914 182400;29563.75;29565.75;29561.25;29563.5;494
20260914 182500;29563.75;29568.75;29560.5;29561.5;609
20260914 182600;29561.75;29565.25;29560.5;29563.5;535
20260914 182700;29563.5;29567.5;29560.5;29564.75;505
20260914 182800;29565.25;29566.75;29558.5;29560;778
20260914 182900;29560.25;29561.25;29556.5;29559.75;708
20260914 183000;29560.25;29563;29559;29562;406
20260914 183100;29562.5;29566.75;29559.75;29565.5;669
20260914 183200;29565.75;29566;29558.25;29561;560
20260914 183300;29560.75;29566.75;29560.75;29563.5;381
20260914 183400;29564.5;29573.5;29564.25;29571.75;1020
20260914 183500;29572;29576;29569;29569.75;743
20260914 183600;29569.5;29571.25;29566;29571;458
20260914 183700;29570.75;29577.5;29570;29574;678
20260914 183800;29573.25;29582.25;29572.25;29579;773
20260914 183900;29579;29580.25;29576;29577.5;446
20260914 184000;29577.25;29577.75;29574;29575.5;318
20260914 184100;29574.5;29578.5;29570.25;29577.75;693
20260914 184200;29578;29581;29576;29578.5;565
20260914 184300;29578.5;29580.5;29572.5;29579.5;498
20260914 184400;29578.75;29582.75;29575;29576;713
20260914 184500;29575.5;29576.75;29570;29570.25;489
20260914 184600;29570.25;29572.75;29568.75;29569.75;362
20260914 184700;29570.25;29572.5;29557;29558.5;2007
20260914 184800;29559;29567;29557.25;29566.5;1444
20260914 184900;29566.5;29569;29562;29568;506
20260914 185000;29568;29574;29564.25;29570.75;695
20260914 185100;29571;29575;29566.75;29567.75;439
20260914 185200;29568.5;29569.25;29562.75;29565.5;387
20260914 185300;29565.5;29572;29565.25;29570.5;279
20260914 185400;29571;29571.25;29566.5;29568.25;368
20260914 185500;29568.75;29569.25;29563;29565.25;356
20260914 185600;29564.5;29564.75;29559.25;29563.75;434
20260914 185700;29564;29567.5;29562.5;29566.25;328
20260914 185800;29566.5;29568.25;29561;29561;402
20260914 185900;29561.5;29561.75;29553.75;29557.5;895
20260914 190000;29557;29559.5;29556.25;29557;557
20260914 190100;29557;29559;29545.5;29550.25;1342
20260914 190200;29549.75;29551.25;29545.25;29548.75;852
20260914 190300;29549.25;29551.5;29545;29545.5;803
20260914 190400;29546;29551;29544.25;29547.5;615
20260914 190500;29548.25;29553;29541.75;29547.75;2134
20260914 190600;29547.5;29550;29539.75;29540.75;654
20260914 190700;29541.25;29544.25;29534.5;29535.5;1355
20260914 190800;29535.75;29540.25;29531.75;29532;544
20260914 190900;29531.75;29535.25;29526.25;29534.25;1330
20260914 191000;29534.25;29544;29533;29535.25;878
20260914 191100;29535.25;29537.25;29532;29534.5;397
20260914 191200;29534.75;29537;29531.25;29534.5;285
20260914 191300;29535;29541.25;29532.75;29533.75;621
20260914 191400;29533.5;29535.25;29527.75;29528.5;576
20260914 191500;29528;29536.5;29526.75;29533.25;689
20260914 191600;29533;29533.25;29522.25;29524;1116
20260914 191700;29524;29528.75;29523.75;29527.75;397
20260914 191800;29528;29528.5;29524.5;29527.5;332
20260914 191900;29527;29529.75;29523.5;29524.5;455
20260914 192000;29524.75;29530.25;29520.5;29529.25;749
20260914 192100;29528.75;29531.75;29524.75;29526;628
20260914 192200;29525.75;29526.75;29520.5;29522.5;779
20260914 192300;29522.5;29523.25;29516.25;29519.75;931
20260914 192400;29519.25;29521;29516.75;29519.25;522
20260914 192500;29519;29525.75;29518.5;29524.75;590
20260914 192600;29524.75;29529;29521.25;29521.75;580
20260914 192700;29522;29528;29522;29526;402
20260914 192800;29525.75;29529.75;29524.75;29526.25;345
20260914 192900;29525.25;29530.25;29524.5;29529;349
20260914 193000;29528.5;29529.5;29523.5;29523.5;589
20260914 193100;29523.25;29529.75;29521.5;29522.5;763
20260914 193200;29523.25;29529;29522.75;29524.25;446
20260914 193300;29524.5;29528.75;29523.5;29524.75;300
20260914 193400;29525;29527.25;29521.75;29522.5;458
20260914 193500;29522.25;29525.75;29521.75;29523;312
20260914 193600;29523.5;29523.75;29512.25;29512.25;1189
20260914 193700;29512.25;29517.25;29510.5;29512.75;921
20260914 193800;29512.5;29517.5;29511.75;29516.5;565
20260914 193900;29516;29516.5;29512.25;29512.75;294
20260914 194000;29512.25;29513.75;29508.75;29510.25;649
20260914 194100;29510;29520.5;29508.75;29519.75;899
20260914 194200;29519.75;29520.25;29515;29518.5;506
20260914 194300;29517.75;29519.25;29513.75;29514;405
20260914 194400;29514.5;29516.5;29511.75;29512.25;369
20260914 194500;29512.5;29515.75;29511;29514.5;505
20260914 194600;29513.75;29520.5;29512;29520;641
20260914 194700;29519.5;29523.25;29516.5;29517;927
20260914 194800;29517.25;29522;29514.25;29519.75;518
20260914 194900;29519.5;29520.5;29516;29517.75;360
20260914 195000;29518;29522.5;29514.75;29522;540
20260914 195100;29521.5;29526;29500.25;29501.5;3414
20260914 195200;29502;29502.75;29493.75;29498.25;1475
20260914 195300;29498.75;29505;29489.75;29494.75;1670
20260914 195400;29494.25;29495.25;29483.75;29489;1495
20260914 195500;29489.25;29496.5;29487.25;29490.25;1663
20260914 195600;29490.5;29491;29458.75;29462.75;4533
20260914 195700;29462.5;29473;29459.5;29465.5;1451
20260914 195800;29465.25;29469.5;29456.5;29467.75;1295
20260914 195900;29467.25;29471.75;29462;29466;1311
20260914 200000;29466.25;29470.25;29444.25;29447.75;5004
20260914 200100;29447.5;29464.75;29447.5;29456.5;2513
20260914 200200;29456;29460.25;29453.75;29456.5;760
20260914 200300;29456.25;29457.75;29450.75;29451.5;485
20260914 200400;29451.25;29455.75;29449.25;29453.5;484
20260914 200500;29453.75;29458.75;29453;29457.25;420
20260914 200600;29456.5;29456.5;29449;29455.25;408
20260914 200700;29455;29455.5;29449.75;29453.25;219
20260914 200800;29453;29458.75;29453;29457.25;267
20260914 200900;29456.5;29458;29454;29454.25;247
20260914 201000;29454;29456.5;29451;29451.75;336
20260914 201100;29453;29455;29450.25;29452.75;271
20260914 201200;29452.75;29458;29451;29457.5;330
20260914 201300;29457.25;29460;29455.5;29459.25;258
20260914 201400;29458.25;29463;29457.75;29459.75;451
20260914 201500;29459.75;29461.25;29458.25;29458.75;214
20260914 201600;29459.25;29460;29452.25;29453.75;296
20260914 201700;29453.25;29453.75;29445;29450;620
20260914 201800;29449.75;29455;29449.25;29452.75;255
20260914 201900;29452.25;29456.5;29451.75;29453.75;268
20260914 202000;29453.25;29459.25;29452.25;29459;183
20260914 202100;29458.75;29467.25;29458.75;29466;487
20260914 202200;29465.5;29473;29465.5;29467.5;517
20260914 202300;29467.5;29472;29467;29471.25;150
20260914 202400;29470.75;29473.25;29469;29471;178
20260914 202500;29471.25;29475.75;29471;29474.75;165
20260914 202600;29475;29478.75;29472.5;29476.25;358
20260914 202700;29476.25;29476.25;29471;29473.75;372
20260914 202800;29474.75;29475.5;29473;29474.5;113
20260914 202900;29474.75;29476.75;29474.25;29476;177
20260914 203000;29475.5;29477;29474.75;29475.25;193
20260914 203100;29475.25;29478.75;29473.5;29474.5;209
20260914 203200;29473.5;29474.5;29470;29470;167
20260914 203300;29470;29472.25;29470;29470.75;104
20260914 203400;29472;29475;29470.75;29475;158
20260914 203500;29474.75;29477.75;29474;29476.75;97
20260914 203600;29477.5;29479;29474.75;29478.5;245
20260914 203700;29478.25;29479;29473.5;29474;126
20260914 203800;29474.75;29477.25;29474.25;29476.25;119
20260914 203900;29476.75;29477.25;29475;29475.75;92
20260914 204000;29477;29478.75;29476.25;29478;102
20260914 204100;29478.25;29481.75;29477.25;29480.25;439
20260914 204200;29479.75;29480.75;29475.5;29479;177
20260914 204300;29479.25;29480.25;29477.75;29478.75;109
20260914 204400;29479;29480;29476;29479;108
20260914 204500;29479.25;29479.5;29475.5;29477.25;173
20260914 204600;29477.75;29485;29477;29481.25;267
20260914 204700;29481.75;29481.75;29477.5;29477.75;165
20260914 204800;29477.75;29481.5;29477.75;29480.5;133
20260914 204900;29480.25;29488;29479.75;29485;137
20260914 205000;29484.5;29487;29483.25;29486.25;122
20260914 205100;29486;29487.75;29484.25;29486.25;154
20260914 205200;29486.25;29490.5;29485.25;29486.75;145
20260914 205300;29486.25;29488.5;29485.25;29488.5;91
20260914 205400;29488.25;29493;29488.25;29491.5;160
20260914 205500;29491.25;29493.5;29490.25;29493;121
20260914 205600;29493.25;29494.5;29490.5;29492.25;136
20260914 205700;29492.5;29492.5;29481.5;29483;326
20260914 205800;29482.75;29491.75;29482.75;29489.75;132
20260914 205900;29490;29491.25;29488.5;29490.25;104
20260914 210000;29489.75;29492.25;29487.5;29489.25;173
20260914 220100;29495.75;29495.75;29465.25;29469.5;826
20260914 220200;29470.25;29474;29467;29471.25;417
20260914 220300;29471;29477.25;29470.25;29471.5;434
20260914 220400;29471;29477.75;29470;29474.25;392
20260914 220500;29474;29477.5;29472.75;29476.25;193
20260914 220600;29477;29477.5;29462.25;29463;570
20260914 220700;29463.75;29473.75;29463;29469.25;534
20260914 220800;29469.5;29470;29459.5;29459.75;428
20260914 220900;29460.75;29465;29459.25;29460.75;363
20260914 221000;29461.75;29463.25;29457.5;29460.75;205
20260914 221100;29461;29464.25;29460;29463.5;201
20260914 221200;29463;29464.25;29458.25;29459.75;325
20260914 221300;29459.75;29465.25;29459.25;29462.75;195
20260914 221400;29461.75;29464.25;29461.5;29462;100
20260914 221500;29461.5;29462.25;29460.5;29462;77
20260914 221600;29462;29468.5;29461.25;29463.25;367
20260914 221700;29463.25;29463.25;29456;29458;293
20260914 221800;29457.5;29459;29452;29456;677
20260914 221900;29456;29459.5;29452.25;29459.5;428
20260914 222000;29458.75;29460;29456.5;29457.75;180
20260914 222100;29457.75;29459.75;29457;29457;211
20260914 222200;29457.5;29461.75;29456.5;29461.75;210
20260914 222300;29461.5;29461.5;29458.25;29460.25;116
20260914 222400;29459.5;29460.5;29457.75;29460;67
20260914 222500;29459.75;29459.75;29456.75;29458.75;99
20260914 222600;29458;29458.5;29456;29457.5;100
20260914 222700;29457.25;29458.25;29452.75;29452.75;150
20260914 222800;29453.5;29454.25;29450;29452.75;302
20260914 222900;29452;29453.25;29449;29453.25;236
20260914 223000;29452.5;29459;29452.5;29457.5;260
20260914 223100;29457.5;29460;29456.75;29459.5;205
20260914 223200;29459.5;29461.5;29459;29460.5;225
20260914 223300;29460.5;29463;29459;29463;245
20260914 223400;29463;29463;29460;29461.5;211
20260914 223500;29461.75;29462.25;29460.5;29460.5;90
20260914 223600;29460.25;29464;29459.25;29462.75;260
20260914 223700;29463;29463.75;29461.5;29462.25;163
20260914 223800;29462.75;29465;29460.5;29461.5;300
20260914 223900;29461.75;29461.75;29456.25;29459.5;279
20260914 224000;29459.5;29460.75;29458.75;29458.75;60
20260914 224100;29459.5;29460.75;29455.5;29458;196
20260914 224200;29458.75;29461.75;29457;29457;162
20260914 224300;29456.75;29458.25;29454.75;29457.5;283
20260914 224400;29457.5;29458.25;29456.5;29457;79
20260914 224500;29456.25;29457;29453.75;29456.75;180
20260914 224600;29456.75;29460.75;29456;29460.5;205
20260914 224700;29461;29465;29460.75;29461.5;260
20260914 224800;29461.75;29464.5;29461.25;29463.5;147
20260914 224900;29463.75;29464.75;29463;29463.5;101
20260914 225000;29463.25;29467.5;29463.25;29465.75;232
20260914 225100;29466.25;29469.5;29465.75;29467.5;316
20260914 225200;29467.25;29473.5;29467.25;29471;400
20260914 225300;29470.25;29472.5;29469;29471;225
20260914 225400;29471;29471.5;29465;29466.5;347
20260914 225500;29467.5;29469.5;29465;29466.5;178
20260914 225600;29466.5;29467.75;29465.5;29466.5;109
20260914 225700;29466.5;29468.25;29465;29465;166
20260914 225800;29464.25;29466;29461.5;29464.5;269
20260914 225900;29465.25;29465.5;29459.25;29460.5;189
20260914 230000;29461;29461.75;29458.5;29458.75;238
20260914 230100;29458.75;29460.25;29452.75;29458;622
20260914 230200;29458;29460;29453.5;29455.75;292
20260914 230300;29455.75;29462;29450.25;29455.75;680
20260914 230400;29455.5;29459;29454.75;29458.25;143
20260914 230500;29457.75;29458.75;29455;29458.5;178
20260914 230600;29458.5;29459.25;29455.5;29456.5;169
20260914 230700;29456.75;29457.25;29452.75;29454.25;149
20260914 230800;29454.75;29457;29454.25;29455.75;93
20260914 230900;29456;29460.75;29456;29458.25;205
20260914 231000;29458.75;29462.25;29458.5;29460.75;215
20260914 231100;29461;29461;29456.75;29457.75;278
20260914 231200;29458;29461.75;29457.5;29459.75;176
20260914 231300;29459.5;29465;29459.5;29465;315
20260914 231400;29464.75;29467.25;29464;29465.5;306
20260914 231500;29465.5;29466.75;29461;29462;353
20260914 231600;29462;29463.5;29460;29461.5;201
20260914 231700;29461.25;29462;29455.5;29458;361
20260914 231800;29457.5;29459.25;29455.5;29455.5;173
20260914 231900;29456;29458.75;29455;29455;186
20260914 232000;29455.5;29455.5;29450;29453.5;516
20260914 232100;29453.5;29454;29450.25;29452.75;291
20260914 232200;29452.25;29456;29452.25;29454.5;175
20260914 232300;29454.25;29457.75;29453.75;29456.75;199
20260914 232400;29457.25;29461.75;29456;29461.5;279
20260914 232500;29461;29461;29458.5;29459.5;129
20260914 232600;29460;29460;29458.25;29458.25;101
20260914 232700;29458.5;29463.75;29458.5;29461;234
20260914 232800;29461.5;29461.75;29457.75;29458.25;109
20260914 232900;29459;29459.25;29456.5;29458;147
20260914 233000;29457.5;29457.75;29452.75;29455.75;512
20260914 233100;29455.25;29457.25;29453.25;29454.75;285
20260914 233200;29455;29459;29455;29458.5;199
20260914 233300;29457.5;29459.75;29456.5;29458.75;77
20260914 233400;29458.5;29458.5;29455.5;29455.5;86
20260914 233500;29455.5;29457.75;29454;29457.75;161
20260914 233600;29457.75;29459.75;29457.25;29458.5;112
20260914 233700;29458.75;29458.75;29457.5;29457.75;67
20260914 233800;29458;29458.75;29456.5;29457.5;98
20260914 233900;29456.75;29462.25;29456.75;29460.75;186
20260914 234000;29460.5;29462.5;29459;29460.75;111
20260914 234100;29461.5;29463.5;29459.5;29463.25;180
20260914 234200;29463;29463.25;29458.5;29459.75;239
20260914 234300;29459.5;29462.25;29459;29461;138
20260914 234400;29460.75;29460.75;29455.25;29457.25;257
20260914 234500;29457;29458.75;29457;29457.75;66
20260914 234600;29458.5;29458.5;29444.5;29453.75;1147
20260914 234700;29453.75;29461;29453.25;29458.75;670
20260914 234800;29458.75;29459;29450;29453.25;613
20260914 234900;29453.25;29455.25;29451.25;29453.75;155
20260914 235000;29453.75;29455.75;29452.75;29454;141
20260914 235100;29454.5;29456;29452.25;29453;164
20260914 235200;29452.75;29454.25;29451.25;29453.75;152
20260914 235300;29453.25;29453.25;29444.5;29447.75;531
20260914 235400;29447.25;29447.75;29442.75;29447.25;572
20260914 235500;29447.25;29451.5;29446.75;29450;257
20260914 235600;29450.25;29452.25;29449;29449.75;404
20260914 235700;29449.75;29459.5;29449.75;29455.5;733
20260914 235800;29455.25;29455.75;29449.75;29451.25;381
20260914 235900;29452;29459.75;29451.5;29458.5;364
20260915 000000;29458.25;29460;29454.25;29457.25;215
20260915 000100;29457;29469.5;29450.25;29460.5;2036
20260915 000200;29461.5;29462;29449.5;29453;1380
20260915 000300;29453.5;29458.25;29449;29449.5;659
20260915 000400;29449.5;29453.75;29445.5;29450.25;739
20260915 000500;29449.5;29456.25;29446.5;29449.75;648
20260915 000600;29450.5;29451.25;29433.5;29439.5;1891
20260915 000700;29439.75;29443;29427;29431.75;1775
20260915 000800;29431.5;29448.25;29430;29447.25;1337
20260915 000900;29447.5;29462;29446.75;29458;1923
20260915 001000;29458.5;29466;29456.75;29461.25;844
20260915 001100;29461;29461.25;29450;29453.75;1037
20260915 001200;29453.5;29454;29443.5;29450;1338
20260915 001300;29449.75;29456.75;29447.25;29447.75;676
20260915 001400;29448.5;29459.75;29448.5;29455.75;553
20260915 001500;29456.5;29459.25;29454.25;29457.25;385
20260915 001600;29457.5;29458;29448.5;29451.5;677
20260915 001700;29451.75;29454.25;29440;29443.75;1136
20260915 001800;29443.5;29444.5;29437;29438;874
20260915 001900;29438.5;29439.25;29433;29436.75;782
20260915 002000;29437;29447.75;29436.25;29443.25;814
20260915 002100;29442.5;29448.5;29434.75;29446.25;760
20260915 002200;29447;29454;29445.5;29450.25;812
20260915 002300;29450.25;29455;29448.5;29452.5;375
20260915 002400;29452;29454.25;29450;29452.25;316
20260915 002500;29452.25;29462.25;29449.5;29459.75;741
20260915 002600;29459.5;29467;29458.75;29461.75;960
20260915 002700;29462.5;29464;29459.25;29459.5;493
20260915 002800;29460;29461.75;29449;29449.25;850
20260915 002900;29449.5;29455;29449.25;29452.75;334
20260915 003000;29452.5;29459.75;29451.25;29453;487
20260915 003100;29453.25;29457.75;29452.5;29455.25;357
20260915 003200;29455.5;29458.75;29453.75;29457.25;350
20260915 003300;29457.25;29461.25;29452;29458.25;482
20260915 003400;29458;29461.5;29456;29459.75;295
20260915 003500;29460.25;29462.75;29456.5;29459.25;521
20260915 003600;29458;29463.75;29457.5;29463;407
20260915 003700;29463.5;29472.75;29462.75;29470;1175
20260915 003800;29470;29471;29464.5;29466.5;410
20260915 003900;29466;29471;29465.5;29468.25;245
20260915 004000;29468.25;29480.75;29467.75;29477.25;1389
20260915 004100;29476.75;29482.75;29476.25;29481.25;980
20260915 004200;29481.5;29484.25;29480.5;29482.25;554
20260915 004300;29481.75;29487;29481.5;29486.5;471
20260915 004400;29486.5;29490;29482.75;29485;954
20260915 004500;29484.75;29486;29479.75;29484.75;583
20260915 004600;29484.75;29487.5;29482;29483;627
20260915 004700;29482.25;29483.25;29474;29476;796
20260915 004800;29476.5;29478.75;29474;29474.5;341
20260915 004900;29474.5;29476;29470.25;29470.5;534
20260915 005000;29470.25;29480;29470;29477;573
20260915 005100;29476.75;29488.75;29476.5;29485.5;1133
20260915 005200;29485.5;29486.75;29480.25;29482.75;462
20260915 005300;29482.75;29489.5;29482.25;29485.5;476
20260915 005400;29485;29487.5;29484.25;29486.5;271
20260915 005500;29486.5;29486.75;29479;29481.5;618
20260915 005600;29481.25;29484.25;29477.75;29483;486
20260915 005700;29482;29482.5;29472;29475.25;544
20260915 005800;29475.5;29476;29471.25;29474.75;489
20260915 005900;29474.5;29475;29459;29464.75;1209
20260915 010000;29465.25;29470;29465.25;29467.75;459
20260915 010100;29467.25;29468.75;29458.25;29462.5;1014
20260915 010200;29462.5;29472.25;29461.75;29468;968
20260915 010300;29467.75;29470.25;29462.25;29467.75;501
20260915 010400;29468.25;29481.25;29467.75;29479.5;838
20260915 010500;29480.25;29489.75;29479.5;29485;1143
20260915 010600;29484.75;29485.5;29476.75;29479;757
20260915 010700;29478.75;29482.25;29471.75;29474.75;764
20260915 010800;29474.25;29480;29473.25;29475.25;408
20260915 010900;29474.75;29484.75;29474.5;29484;490
20260915 011000;29484.5;29485.75;29476.25;29476.75;436
20260915 011100;29477.25;29483.25;29477.25;29481;268
20260915 011200;29480.75;29486.25;29480.75;29486.25;358
20260915 011300;29485.25;29493;29484;29486;812
20260915 011400;29486.75;29487.25;29482.25;29484.25;325
20260915 011500;29484.75;29489;29482.5;29487.25;366
20260915 011600;29487.5;29490.5;29486.5;29489.75;307
20260915 011700;29489.5;29495;29488.75;29493;534
20260915 011800;29493.5;29494.25;29488.75;29491.25;425
20260915 011900;29490.5;29491;29485.25;29488;415
20260915 012000;29488;29489.75;29486.25;29487.25;237
20260915 012100;29487.25;29490.25;29485.25;29488.25;250
20260915 012200;29487.75;29490.25;29486.5;29489.75;163
20260915 012300;29489.75;29490;29485.75;29488;202
20260915 012400;29487.5;29488.75;29483.5;29485.5;277
20260915 012500;29486;29489;29484;29487.25;309
20260915 012600;29487.25;29490.75;29486.5;29489;275
20260915 012700;29489;29489.75;29483;29484.75;246
20260915 012800;29484.75;29485;29478.25;29479.75;635
20260915 012900;29480.5;29482;29474.25;29476;618
20260915 013000;29476.5;29477;29472;29474.25;454
20260915 013100;29474.25;29475.75;29469;29473.75;649
20260915 013200;29473.25;29479;29467.75;29476.75;755
20260915 013300;29476.75;29476.75;29468.75;29473.5;601
20260915 013400;29473.25;29477.5;29469.25;29470;470
20260915 013500;29469.75;29470.25;29455.5;29457.5;1244
20260915 013600;29456.75;29459;29448;29450.25;1540
20260915 013700;29450.5;29454.75;29448;29448;768
20260915 013800;29448.25;29452.25;29444;29447.25;862
20260915 013900;29447;29456.75;29447;29453.5;787
20260915 014000;29453.75;29457.75;29447.25;29453.5;634
20260915 014100;29453.25;29454;29432;29435.25;2077
20260915 014200;29435.75;29436.75;29430;29432.5;896
20260915 014300;29433;29437.5;29427.75;29436.5;869
20260915 014400;29436.75;29441.25;29434.75;29439;626
20260915 014500;29439.25;29441.75;29436.5;29438.75;475
20260915 014600;29438.5;29442;29430.5;29438;781
20260915 014700;29438;29442.75;29435;29437;494
20260915 014800;29438.75;29443.25;29437.25;29439.25;616
20260915 014900;29439.75;29443.5;29437.75;29442.5;340
20260915 015000;29443;29455.5;29441.5;29454;1226
20260915 015100;29454.5;29454.5;29441.25;29446;1036
20260915 015200;29445.75;29446.75;29440;29442.75;460
20260915 015300;29442.75;29453;29439;29452.5;521
20260915 015400;29452.75;29468.25;29452.25;29467.5;1288
20260915 015500;29468;29469.5;29459.75;29460.25;756
20260915 015600;29460.75;29470.5;29460.5;29469;663
20260915 015700;29468.75;29470.5;29459.25;29465;573
20260915 015800;29464;29466.25;29458;29460;320
20260915 015900;29459.75;29463;29457.5;29460.75;439
20260915 020000;29460.75;29465.5;29458.5;29463.75;344
20260915 020100;29464.25;29466.25;29459.75;29463;369
20260915 020200;29462.75;29474;29460;29472.25;666
20260915 020300;29472.25;29476;29469.75;29472.5;950
20260915 020400;29473;29474.25;29461.5;29465.25;678
20260915 020500;29465.5;29471.25;29463.75;29471;406
20260915 020600;29471;29471.5;29462;29463;407
20260915 020700;29463;29464.5;29454.5;29459.5;962
20260915 020800;29459.75;29465;29457.5;29460;391
20260915 020900;29459.5;29462.75;29454.75;29460.5;419
20260915 021000;29461;29463.5;29456.75;29461;267
20260915 021100;29461;29462.25;29455;29456.75;243
20260915 021200;29457;29463;29452.75;29458;540
20260915 021300;29458.25;29466.5;29457.5;29461;463
20260915 021400;29461.5;29463.75;29458;29460.25;274
20260915 021500;29460.5;29462.5;29459.75;29461;136
20260915 021600;29461;29461.75;29451.5;29461;576
20260915 021700;29461;29465.25;29459.25;29462.5;380
20260915 021800;29462.75;29462.75;29457.5;29459.75;190
20260915 021900;29460;29460.5;29453.75;29457.5;307
20260915 022000;29457.75;29461;29454;29454.5;277
20260915 022100;29455.25;29463;29455.25;29462.25;347
20260915 022200;29462.5;29462.5;29454.25;29454.25;303
20260915 022300;29453.5;29458.25;29453.5;29458.25;179
20260915 022400;29458;29458.75;29455;29456.75;143
20260915 022500;29456.75;29463.75;29456.75;29462.5;320
20260915 022600;29462.75;29468.25;29461.25;29465;564
20260915 022700;29465.5;29466.5;29458.25;29461.75;332
20260915 022800;29463;29465.25;29461.5;29461.5;131
20260915 022900;29461.5;29465;29460.75;29462.25;195
20260915 023000;29462.5;29464.5;29461.5;29463.5;138
20260915 023100;29464;29464.25;29458.5;29461.75;239
20260915 023200;29462.25;29470;29459.5;29462;431
20260915 023300;29461.75;29463.25;29456.5;29457.25;352
20260915 023400;29457.5;29459.5;29454.75;29459;373
20260915 023500;29459;29466.25;29458.25;29463.75;417
20260915 023600;29463.5;29472.5;29461.5;29464.5;581
20260915 023700;29464.75;29469.5;29459.75;29468;357
20260915 023800;29468.5;29469.5;29456.5;29459;561
20260915 023900;29458.75;29461.75;29457.75;29459;287
20260915 024000;29459.5;29462.75;29457;29461.5;311
20260915 024100;29461.75;29466;29461;29464.5;251
20260915 024200;29464.5;29465;29460.5;29461.5;143
20260915 024300;29461.5;29462.25;29452.25;29459.75;519
20260915 024400;29460.75;29465.25;29458;29464.25;380
20260915 024500;29465;29466.5;29459;29459;377
20260915 024600;29459;29463;29457.25;29460.75;197
20260915 024700;29460.5;29461.5;29457;29460;244
20260915 024800;29459.25;29459.75;29455;29458.5;261
20260915 024900;29459;29463;29458;29461.75;197
20260915 025000;29462.25;29469.5;29461.5;29468;567
20260915 025100;29467.25;29468;29461.75;29463.25;254
20260915 025200;29463.25;29466;29456.75;29458;353
20260915 025300;29458;29466;29457.5;29463;229
20260915 025400;29463.25;29466;29461;29465.5;162
20260915 025500;29466;29466;29459.25;29463.5;329
20260915 025600;29462.75;29468.5;29461.75;29466.75;250
20260915 025700;29466.75;29469.75;29465.75;29468.75;260
20260915 025800;29468.75;29468.75;29460.5;29463.25;431
20260915 025900;29464;29466.5;29458.5;29462.75;310
20260915 030000;29462.25;29463.5;29458.75;29460.75;385
20260915 030100;29460.5;29468;29457.25;29467.5;498
20260915 030200;29467.75;29468;29465.25;29466.25;227
20260915 030300;29466.25;29466.5;29460.5;29461.25;226
20260915 030400;29462.25;29463.25;29457;29458;280
20260915 030500;29458.5;29459.75;29455.25;29458.5;414
20260915 030600;29458.5;29458.5;29454;29457;247
20260915 030700;29457.5;29458;29449.5;29452;420
20260915 030800;29451.75;29455.25;29448;29453.75;492
20260915 030900;29453.25;29455.25;29450.75;29454;303
20260915 031000;29453.5;29455;29451.5;29451.5;118
20260915 031100;29451;29452.25;29449.25;29450.25;243
20260915 031200;29450.5;29451.5;29444.75;29448;428
20260915 031300;29448.25;29452.25;29446.75;29450.5;304
20260915 031400;29450.75;29453.5;29450;29452.25;232
20260915 031500;29451;29455.25;29450.75;29451.75;236
20260915 031600;29451;29455;29449;29450.75;213
20260915 031700;29450.5;29452;29445.25;29445.5;307
20260915 031800;29445;29448.25;29444.5;29447;194
20260915 031900;29447.25;29451;29446;29450.25;127
20260915 032000;29450.25;29451;29446.75;29446.75;159
20260915 032100;29447.25;29449.25;29446.5;29446.75;89
20260915 032200;29447.25;29449.75;29447;29447.75;139
20260915 032300;29447.75;29449;29447;29449;111
20260915 032400;29448.25;29448.5;29443.25;29444;261
20260915 032500;29444;29445.5;29443.75;29445.25;96
20260915 032600;29445.5;29446.25;29442.75;29442.75;169
20260915 032700;29443.25;29444.75;29440;29443.5;384
20260915 032800;29441.75;29446.25;29441.75;29446.25;315
20260915 032900;29444;29446.5;29443.5;29444.25;228
20260915 033000;29444.75;29449.25;29444.75;29448.25;278
20260915 033100;29448;29448;29440;29446;355
20260915 033200;29446.25;29447.75;29443.5;29443.5;192
20260915 033300;29443.75;29448;29443.5;29445.75;196
20260915 033400;29446;29451.75;29446;29447.5;254
20260915 033500;29447.5;29447.75;29444;29446.75;130
20260915 033600;29447.5;29452.25;29447.5;29451;175
20260915 033700;29450.75;29451.25;29442.75;29445;205
20260915 033800;29443.75;29447;29441.5;29442;152
20260915 033900;29442.25;29444.25;29441;29444;152
20260915 034000;29444;29445;29441.25;29442.75;185
20260915 034100;29442.5;29445.5;29441.5;29443.25;95
20260915 034200;29443;29445;29441.75;29443.5;120
20260915 034300;29444.25;29447.5;29442.25;29445.5;160
20260915 034400;29445.25;29447;29443.25;29444.25;87
20260915 034500;29444;29450;29443.75;29450;163
20260915 034600;29449.25;29454;29444.5;29446.75;481
20260915 034700;29447;29449;29441.5;29441.75;243
20260915 034800;29441.75;29446.5;29441.75;29442;276
20260915 034900;29442;29443;29436.75;29438;450
20260915 035000;29438;29441.75;29437;29441;256
20260915 035100;29440.75;29441.5;29438.5;29439.25;277
20260915 035200;29440;29442;29438.5;29440;238
20260915 035300;29440.5;29440.5;29435.5;29437.5;258
20260915 035400;29438;29441.25;29436;29439.25;220
20260915 035500;29438.5;29439;29422.5;29423.5;1275
20260915 035600;29424;29426.5;29420;29422;856
20260915 035700;29422;29424.5;29415.75;29417.25;540
20260915 035800;29417.25;29418;29415;29417.25;319
20260915 035900;29417.5;29418.5;29415.5;29416.25;251
20260915 040000;29417.25;29419;29415.25;29415.75;306
20260915 040100;29416;29420.25;29410.5;29416.25;1011
20260915 040200;29416.75;29417.5;29413.25;29416;253
20260915 040300;29416.5;29416.75;29408.5;29410.25;489
20260915 040400;29410.25;29416.25;29409.75;29415.5;276
20260915 040500;29415.75;29426.5;29414.75;29424.75;680
20260915 040600;29424.5;29427;29423;29425.5;406
20260915 040700;29425.75;29433.5;29424;29428;582
20260915 040800;29428.25;29429.25;29419;29420.75;439
20260915 040900;29421;29422.25;29416.75;29417;457
20260915 041000;29417.75;29421.75;29417;29419.75;208
20260915 041100;29420;29426;29418.75;29421;299
20260915 041200;29420.5;29420.5;29413.75;29414.75;412
20260915 041300;29414.75;29418;29411.5;29416;378
20260915 041400;29416.5;29419;29413.5;29414;200
20260915 041500;29413.25;29418.25;29412.5;29414.5;170
20260915 041600;29415;29417.75;29412;29416.75;295
20260915 041700;29416.5;29416.5;29411.25;29412.75;237
20260915 041800;29412.25;29415.5;29410.5;29413.25;434
20260915 041900;29412.75;29413.25;29408.75;29410.5;327
20260915 042000;29410.5;29413;29405.75;29410.5;438
20260915 042100;29410.25;29411.25;29406.75;29408;360
20260915 042200;29407.5;29408.5;29400;29400.5;768
20260915 042300;29401;29402.25;29393.75;29397.25;903
20260915 042400;29397.25;29398.5;29393.25;29394.5;466
20260915 042500;29394.25;29394.75;29389.25;29390.75;440
20260915 042600;29390.25;29392.25;29387.25;29387.25;602
20260915 042700;29387.75;29389;29384.75;29386.5;723
20260915 042800;29386.75;29388.75;29384.75;29385.25;339
20260915 042900;29385.75;29386.75;29379;29381.75;806
20260915 043000;29381.5;29386.75;29376.5;29384.75;1128
20260915 043100;29384.75;29388.75;29384.5;29386.5;582
20260915 043200;29386.75;29393;29385.5;29390;464
20260915 043300;29389.75;29391;29383;29384.75;346
20260915 043400;29384.75;29385;29379.5;29380;278
20260915 043500;29380.75;29384.5;29379;29383.25;292
20260915 043600;29383.75;29384.5;29378.5;29379.5;351
20260915 043700;29379.25;29381.75;29371.75;29376;737
20260915 043800;29376.25;29377;29361.75;29365;1205
20260915 043900;29364.75;29372.75;29364.75;29371;570
20260915 044000;29371.75;29375.75;29369.25;29372.25;475
20260915 044100;29372.5;29376;29371;29375;302
20260915 044200;29374.75;29389.5;29374.75;29386.75;1149
20260915 044300;29386.5;29392.5;29386.5;29390.75;701
20260915 044400;29391.25;29394;29388.75;29389.5;390
20260915 044500;29389.5;29389.75;29383.25;29387.75;549
20260915 044600;29387.5;29389.5;29380.75;29385.25;469
20260915 044700;29385.25;29385.75;29382.25;29384.75;193
20260915 044800;29385.25;29390.5;29383;29390;350
20260915 044900;29389.75;29399;29389;29399;899
20260915 045000;29398.75;29398.75;29387.75;29389;735
20260915 045100;29388.5;29391.75;29376;29378.25;877
20260915 045200;29377.75;29379.75;29372.75;29373.75;714
20260915 045300;29374.5;29374.5;29367.25;29369;868
20260915 045400;29368.5;29373.25;29365.25;29373;515
20260915 045500;29372;29379;29372;29376;603
20260915 045600;29376.5;29377;29371.5;29374.25;323
20260915 045700;29374.75;29374.75;29363.25;29365.75;730
20260915 045800;29365.5;29370;29364.25;29364.25;391
20260915 045900;29364.25;29365.5;29360.25;29364.5;566
20260915 050000;29365.25;29366.5;29351.25;29352;1094
20260915 050100;29352.25;29362.75;29349;29359.25;997
20260915 050200;29360;29361.5;29355.5;29358.5;545
20260915 050300;29358;29362;29348.5;29352;687
20260915 050400;29352;29354;29347.5;29352;342
20260915 050500;29351.5;29354.5;29348.25;29351.5;316
20260915 050600;29351;29356;29349.25;29351.75;317
20260915 050700;29352;29354.25;29347;29348.25;387
20260915 050800;29348.75;29352.75;29345.75;29347.25;621
20260915 050900;29346;29347.75;29337.5;29339;755
20260915 051000;29339;29342.75;29333.25;29335;998
20260915 051100;29334.25;29336;29328.75;29329.75;873
20260915 051200;29330.5;29333.75;29325;29325.5;694
20260915 051300;29326;29327;29317.75;29320.75;1082
20260915 051400;29320.5;29328.5;29320;29324.25;792
20260915 051500;29324;29326.75;29322;29325.75;356
20260915 051600;29325.25;29325.75;29315.25;29316;783
20260915 051700;29316.25;29318.75;29311.25;29317.75;808
20260915 051800;29317.25;29320.5;29310;29310.75;786
20260915 051900;29310.75;29323;29310.5;29319.5;720
20260915 052000;29319.25;29320.75;29308.5;29314.25;673
20260915 052100;29314.25;29326.5;29313.75;29321.5;880
20260915 052200;29321.5;29322.75;29313.75;29316.5;464
20260915 052300;29316.25;29320.25;29311.75;29317.5;542
20260915 052400;29317;29318;29314;29317.75;305
20260915 052500;29317.75;29323.5;29313.5;29317.75;636
20260915 052600;29317;29320.5;29316;29316.25;312
20260915 052700;29317.5;29324.25;29317.25;29322;295
20260915 052800;29321.25;29337;29321.25;29334.75;1114
20260915 052900;29334.5;29341.5;29332.5;29341.25;795
20260915 053000;29341.5;29344.75;29337;29341.25;793
20260915 053100;29340;29343;29334;29337.75;806
20260915 053200;29337.5;29341.25;29331.25;29339.25;629
20260915 053300;29340;29346;29338.75;29345.75;551
20260915 053400;29346;29355.25;29344;29350;1284
20260915 053500;29350.25;29352.25;29342.25;29351.75;583
20260915 053600;29351.5;29354.25;29339.25;29344;812
20260915 053700;29343.5;29344.75;29336.25;29343.5;608
20260915 053800;29344;29347.5;29335.5;29335.75;557
20260915 053900;29336;29338.75;29328.5;29331.5;631
20260915 054000;29331.25;29346.5;29330.5;29344.25;828
20260915 054100;29344.25;29360.5;29343.75;29359.5;1189
20260915 054200;29359.25;29371;29359.25;29368.25;1291
20260915 054300;29368.75;29375.25;29368;29371;853
20260915 054400;29371;29371.5;29366;29371.25;418
20260915 054500;29370.75;29379;29370.25;29377.5;873
20260915 054600;29377.25;29384;29376.75;29381.5;979
20260915 054700;29381.25;29381.75;29369.5;29374.5;801
20260915 054800;29375;29377.75;29372.5;29374.75;271
20260915 054900;29375.5;29383.25;29375.25;29383.25;403
20260915 055000;29383.5;29388.25;29374;29374.5;758
20260915 055100;29374.25;29384;29369.5;29384;715
20260915 055200;29383.25;29391.75;29381.5;29388;845
20260915 055300;29388;29402;29387;29401.75;1071
20260915 055400;29401.75;29402.25;29395;29395.75;575
20260915 055500;29396.25;29404.25;29396.25;29403.25;807
20260915 055600;29403;29404;29393.25;29395;661
20260915 055700;29394.75;29395.75;29378.5;29382.5;993
20260915 055800;29382.25;29385.75;29380.75;29384;342
20260915 055900;29383;29383.5;29378.25;29378.25;349
20260915 060000;29378.75;29381.75;29376.5;29378.75;467
20260915 060100;29379;29390;29376.25;29383;1008
20260915 060200;29382.5;29390.75;29380.75;29389.25;645
20260915 060300;29388.75;29393.75;29386;29390.75;730
20260915 060400;29391;29394;29382;29392.75;665
20260915 060500;29392.75;29395.25;29387.5;29389;848
20260915 060600;29389;29392.75;29377.75;29377.75;728
20260915 060700;29378;29380.75;29365.5;29368.5;1424
20260915 060800;29368.75;29383.5;29368;29381.5;981
20260915 060900;29381.75;29387.5;29378;29380.5;561
20260915 061000;29380.75;29385.5;29374.5;29378.25;622
20260915 061100;29378.25;29381;29371.5;29375;480
20260915 061200;29374.5;29375.5;29369.25;29373;494
20260915 061300;29373;29381.5;29372.75;29377.5;659
20260915 061400;29377;29389;29377;29388.25;594
20260915 061500;29387.75;29391;29383;29384.25;527
20260915 061600;29384;29388.25;29378.75;29384;679
20260915 061700;29383.75;29387;29379.5;29382.25;323
20260915 061800;29382.25;29392.75;29382.25;29392;438
20260915 061900;29391.75;29392.75;29386.5;29391.5;521
20260915 062000;29391.25;29392.25;29386.5;29391.25;442
20260915 062100;29390.25;29390.5;29384.75;29387.25;475
20260915 062200;29387.5;29392.75;29384;29387.5;520
20260915 062300;29387.5;29391;29381.75;29384.25;304
20260915 062400;29384.75;29396;29384.75;29391;567
20260915 062500;29390.75;29393.25;29379.25;29380.75;550
20260915 062600;29381.75;29384.5;29376.25;29381;364
20260915 062700;29381.5;29382.5;29375.75;29376.75;371
20260915 062800;29377.25;29378.75;29372.5;29373.75;473
20260915 062900;29374.25;29379.75;29374;29376.75;289
20260915 063000;29376.25;29378.25;29370;29372.25;453
20260915 063100;29372.5;29373.75;29363.5;29365.75;1328
20260915 063200;29365.5;29366.5;29358;29362.75;1251
20260915 063300;29362.5;29368.5;29361.75;29362.5;442
20260915 063400;29363.25;29367;29358.25;29358.25;499
20260915 063500;29358.5;29360.5;29356.5;29358.5;440
20260915 063600;29358.5;29371;29355.25;29356.25;980
20260915 063700;29356.25;29357.5;29348.75;29353.25;824
20260915 063800;29353.5;29355.75;29350.25;29351.75;358
20260915 063900;29351.75;29356.25;29349.75;29355;365
20260915 064000;29354.75;29358;29350.25;29357.25;407
20260915 064100;29356.75;29362.25;29356;29358.5;547
20260915 064200;29358.75;29363.5;29358;29361.5;460
20260915 064300;29361.5;29368.25;29356;29362.75;619
20260915 064400;29362.75;29362.75;29348;29348.75;706
20260915 064500;29349;29351.5;29345.5;29347.75;564
20260915 064600;29348.5;29359.5;29344.75;29355.5;651
20260915 064700;29356.25;29358.25;29354.75;29357;213
20260915 064800;29356.5;29360.75;29354.5;29354.75;437
20260915 064900;29354.5;29359.5;29353.25;29356.75;330
20260915 065000;29358;29359.75;29351.75;29354;302
20260915 065100;29354.5;29356.25;29350.75;29354.25;325
20260915 065200;29353.75;29356;29350.5;29356;297
20260915 065300;29355.25;29356.5;29347.25;29348.25;469
20260915 065400;29348;29351.5;29345.75;29347.75;347
20260915 065500;29347.25;29352.25;29345.25;29347.25;330
20260915 065600;29347.5;29349.5;29342.25;29346.25;439
20260915 065700;29347;29353.5;29339.25;29353.5;576
20260915 065800;29353.25;29358.75;29352;29356.5;508
20260915 065900;29356;29359.25;29353.75;29356.75;280
20260915 070000;29356.5;29358.5;29351.25;29353.5;451
20260915 070100;29354;29359.75;29340;29358.5;1501
20260915 070200;29357.25;29357.25;29343;29343.75;674
20260915 070300;29344.25;29351.75;29342.75;29347.75;513
20260915 070400;29348.5;29364;29346.75;29361.75;693
20260915 070500;29361.75;29376.5;29359.75;29368;1223
20260915 070600;29367.75;29374.5;29356.5;29358.25;785
20260915 070700;29358;29363.5;29350.5;29357.75;832
20260915 070800;29358.5;29361.75;29345;29351.5;677
20260915 070900;29351.75;29359;29351;29353.25;460
20260915 071000;29352.75;29362.75;29346.25;29361.25;478
20260915 071100;29361.75;29367.25;29353;29353.25;841
20260915 071200;29352.5;29356.75;29342.75;29344;788
20260915 071300;29344.75;29345.5;29331.5;29335.25;1433
20260915 071400;29335.75;29347;29330.75;29331.25;765
20260915 071500;29332.25;29332.5;29324.25;29326.5;815
20260915 071600;29326.25;29334;29326;29332.25;502
20260915 071700;29331.75;29342;29330.25;29335.5;813
20260915 071800;29336.25;29338.75;29328;29332.25;465
20260915 071900;29332.25;29339.5;29329.25;29338.5;388
20260915 072000;29338.5;29353;29336;29352.5;640
20260915 072100;29352.5;29363;29350.5;29359.75;914
20260915 072200;29359;29360;29352.5;29354.5;649
20260915 072300;29354.75;29360.25;29350.75;29356.75;487
20260915 072400;29356.5;29373.75;29353;29373.25;812
20260915 072500;29372.5;29378.5;29365.25;29376.75;759
20260915 072600;29378.25;29382.75;29365;29365.75;857
20260915 072700;29366.5;29369.5;29356.25;29357.75;738
20260915 072800;29357.25;29359.75;29345.75;29348.5;898
20260915 072900;29349.25;29350.75;29343;29346.75;515
20260915 073000;29347.5;29355;29343.25;29354.25;438
20260915 073100;29354.5;29359.25;29349.25;29351.25;556
20260915 073200;29351;29364.25;29348.75;29363;486
20260915 073300;29363;29365;29355;29359.75;439
20260915 073400;29359.5;29360;29354;29356.25;272
20260915 073500;29356.25;29357.25;29350;29354;321
20260915 073600;29353;29355.75;29342;29349.75;732
20260915 073700;29348.75;29349.5;29335.75;29337.25;675
20260915 073800;29338;29342.5;29335.75;29339.75;336
20260915 073900;29340.25;29345;29333.75;29335.5;424
20260915 074000;29335.75;29341;29333.75;29337;254
20260915 074100;29337;29340;29330.25;29333.5;305
20260915 074200;29333.5;29335.25;29319;29320.75;1183
20260915 074300;29320.5;29325;29316.5;29323.5;864
20260915 074400;29324;29333.25;29321;29321.25;693
20260915 074500;29322;29323.25;29312.75;29315.25;654
20260915 074600;29315.25;29323.25;29311.75;29318.75;588
20260915 074700;29319.75;29325.75;29317.25;29323.75;534
20260915 074800;29323.25;29337.5;29318.25;29321.5;1879
20260915 074900;29321.5;29329.75;29317.75;29328;501
20260915 075000;29327.5;29327.5;29315.75;29326.5;821
20260915 075100;29326;29330.75;29324.75;29328.5;696
20260915 075200;29328.5;29328.75;29316;29316;425
20260915 075300;29316.5;29318.5;29302;29308.25;1432
20260915 075400;29308.75;29316.5;29302;29315.25;715
20260915 075500;29315.25;29319;29310.75;29313.5;716
20260915 075600;29312.5;29312.5;29297.75;29303.5;1283
20260915 075700;29303.25;29309.25;29302.75;29308.25;431
20260915 075800;29309.25;29321.5;29305.5;29314;796
20260915 075900;29314.75;29316.5;29303;29308.5;818
20260915 080000;29308;29317.25;29306.75;29316.75;472
20260915 080100;29317;29318;29288.75;29289.25;1742
20260915 080200;29289.25;29293.25;29278.25;29289.5;1545
20260915 080300;29289.25;29294;29277.5;29280;1093
20260915 080400;29279.25;29290.25;29277.75;29281;786
20260915 080500;29280.75;29287;29279.75;29282.75;821
20260915 080600;29283.5;29285.5;29273.75;29281.5;775
20260915 080700;29281.25;29284;29274.75;29282.5;601
20260915 080800;29281.75;29282.75;29266.75;29268;1053
20260915 080900;29268;29270.75;29245.75;29247;1799
20260915 081000;29247.25;29254;29242.5;29242.5;948
20260915 081100;29242.75;29242.75;29231.25;29233.25;1186
20260915 081200;29233.75;29255.25;29232;29254;1420
20260915 081300;29253.25;29258.5;29250.5;29256.25;833
20260915 081400;29256;29269;29252.75;29267.25;682
20260915 081500;29266.75;29278.5;29262.5;29276.5;1137
20260915 081600;29276.75;29289.75;29276.75;29288.5;1088
20260915 081700;29288.75;29291.25;29276;29284;883
20260915 081800;29284.5;29290.25;29280.5;29282.75;408
20260915 081900;29283.75;29297.5;29283;29296.5;534
20260915 082000;29296.5;29301.5;29292.5;29300;562
20260915 082100;29300.75;29310;29299.75;29305.25;910
20260915 082200;29305.25;29306.5;29296.25;29302.5;711
20260915 082300;29302.75;29308.25;29299.25;29305.75;566
20260915 082400;29307.25;29309.5;29300.75;29302.75;674
20260915 082500;29303;29305.75;29294.75;29295.5;719
20260915 082600;29296.25;29300;29293;29295.5;437
20260915 082700;29295.5;29300.5;29293.5;29294;529
20260915 082800;29294.5;29304;29288.5;29290.25;978
20260915 082900;29289.5;29301.75;29278;29289;1831
20260915 083000;29289.5;29296.25;29274.75;29290.5;1251
20260915 083100;29290.25;29296;29280.75;29290;758
20260915 083200;29290.25;29294.25;29285.5;29286.75;422
20260915 083300;29286.75;29288;29282;29285;429
20260915 083400;29285;29285.5;29272;29275.5;891
20260915 083500;29275;29278.25;29269.75;29273.5;743
20260915 083600;29273.25;29283.25;29269;29279.5;663
20260915 083700;29279;29285;29272.75;29276;544
20260915 083800;29277;29280;29272.5;29278.5;392
20260915 083900;29277.75;29292;29270.5;29272.75;1071
20260915 084000;29273.25;29281.75;29271;29281.75;367
20260915 084100;29282;29282;29273.25;29276.75;386
20260915 084200;29276.25;29280.5;29272.25;29277.5;247
20260915 084300;29277.75;29282.5;29272;29281.25;434
20260915 084400;29281.75;29286;29272.25;29283.25;424
20260915 084500;29283.75;29284.25;29269;29272.25;569
20260915 084600;29272;29273.5;29263.75;29265.75;415
20260915 084700;29266.25;29274.75;29264.75;29269.5;460
20260915 084800;29269;29272.75;29266.25;29271.75;230
20260915 084900;29271.5;29273.75;29267;29271.75;208
20260915 085000;29273;29274.5;29268.25;29272.25;217
20260915 085100;29272;29279.5;29270.5;29274;465
20260915 085200;29275;29276;29272;29273.5;229
20260915 085300;29273.75;29281.5;29271.25;29272.75;428
20260915 085400;29272;29280.5;29272;29273.25;246
20260915 085500;29272.5;29275.75;29270.25;29274.75;185
20260915 085600;29275;29276.75;29262.75;29269.5;506
20260915 085700;29269.5;29272.5;29268;29271;171
20260915 085800;29270.25;29286.75;29270.25;29275.25;846
20260915 085900;29275.25;29278;29266.75;29271.25;401
20260915 090000;29271.25;29280.5;29267.5;29272;675
20260915 090100;29272;29276.5;29260;29262.5;595
20260915 090200;29262.5;29270.5;29261.75;29266.5;299
20260915 090300;29266.5;29267.75;29251.75;29252.75;658
20260915 090400;29251.75;29267.75;29250;29260.75;587
20260915 090500;29260.75;29270;29255;29268.5;803
20260915 090600;29268.25;29282.25;29264.5;29282.25;693
20260915 090700;29281.5;29285;29273.25;29274;594
20260915 090800;29274;29279.75;29264.5;29265.5;657
20260915 090900;29266.5;29272;29263.75;29267.25;473
20260915 091000;29267.25;29268;29259.75;29259.75;474
20260915 091100;29260.75;29262.5;29254;29254.75;503
20260915 091200;29255.75;29271.5;29255.25;29270;462
20260915 091300;29269.5;29270;29258;29260;455
20260915 091400;29258.5;29261.75;29250.25;29251.75;582
20260915 091500;29252;29263.75;29251;29261;623
20260915 091600;29261.5;29262.5;29249;29262.5;513
20260915 091700;29261.5;29267;29252.75;29255.5;384
20260915 091800;29256;29256.25;29241;29242.75;907
20260915 091900;29243.25;29245.5;29236.5;29242.5;666
20260915 092000;29243.5;29246.25;29238.75;29242.75;498
20260915 092100;29243.25;29251;29242.75;29247.25;474
20260915 092200;29248.75;29249;29244.25;29245.5;301
20260915 092300;29245.5;29259.5;29242;29255.5;467
20260915 092400;29255.25;29274;29246.75;29255.5;1417
20260915 092500;29255.25;29258.75;29246;29251;544
20260915 092600;29250.5;29259.25;29247.5;29251;360
20260915 092700;29251.75;29262.25;29251.5;29255.75;357
20260915 092800;29255.5;29265.75;29252;29262.75;402
20260915 092900;29262.25;29272;29262;29268.5;436
20260915 093000;29268.75;29271.5;29267.25;29270;258
20260915 093100;29269.5;29273.75;29265.5;29268;719
20260915 093200;29268.25;29276;29268.25;29271.75;429
20260915 093300;29272;29277;29263.5;29270;640
20260915 093400;29269;29269.25;29258.75;29263;549
20260915 093500;29263.5;29275;29261.5;29273.5;466
20260915 093600;29273.25;29280.75;29271.25;29280.5;562
20260915 093700;29279.75;29284.75;29278.5;29284.75;579
20260915 093800;29285;29293.25;29283.75;29289;657
20260915 093900;29290.5;29294.5;29286;29290;597
20260915 094000;29290.25;29296;29288.5;29293.5;362
20260915 094100;29294;29297;29292;29293;309
20260915 094200;29293.5;29296.25;29289.75;29295;294
20260915 094300;29296.5;29301;29292.25;29298.75;467
20260915 094400;29298.5;29299.5;29296.25;29298;281
20260915 094500;29297.5;29297.5;29291.75;29294.75;323
20260915 094600;29295.5;29300.75;29295.25;29300.25;249
20260915 094700;29299.5;29309.25;29299.5;29306;732
20260915 094800;29306.25;29314.25;29306;29314.25;623
20260915 094900;29313.75;29327.25;29313.25;29326.75;839
20260915 095000;29327;29328;29322.5;29326.5;491
20260915 095100;29326.5;29333.5;29323.5;29333;590
20260915 095200;29333.25;29338.75;29332.25;29337.5;496
20260915 095300;29337.5;29346.25;29330.5;29336.75;1099
20260915 095400;29336.75;29339;29334.25;29338.5;403
20260915 095500;29339;29346.25;29336.75;29344.5;405
20260915 095600;29344.5;29346;29340;29344.5;373
20260915 095700;29344.5;29344.5;29338.5;29338.5;325
20260915 095800;29338.5;29340.25;29335;29336.5;324
20260915 095900;29335.5;29337;29330.75;29331.75;396
20260915 100000;29332.25;29340.5;29330.75;29339.5;473
20260915 100100;29340;29349.5;29337;29349.5;963
20260915 100200;29348.75;29349.25;29340.25;29341;549
20260915 100300;29342.75;29348.5;29342.75;29344;367
20260915 100400;29344.5;29345;29341.25;29345;263
20260915 100500;29345;29345;29331.5;29335;505
20260915 100600;29335.75;29340.75;29333.5;29337;401
20260915 100700;29336.25;29339.5;29334.5;29339.5;200
20260915 100800;29339;29341.25;29335.25;29338;259
20260915 100900;29337.5;29344;29337;29341.25;299
20260915 101000;29341.5;29344.5;29340;29342;265
20260915 101100;29342.5;29349;29340.75;29347.25;395
20260915 101200;29346.75;29367.5;29346.75;29352;1782
20260915 101300;29351.5;29353.75;29342.25;29345.25;575
20260915 101400;29344;29348.25;29343.25;29346;214
20260915 101500;29345.75;29349.5;29343.25;29347.75;325
20260915 101600;29347.5;29348;29338.25;29342.75;471
20260915 101700;29343;29344.5;29335.75;29337;421
20260915 101800;29337.25;29340.5;29334.25;29339.5;380
20260915 101900;29339.75;29342.25;29334.5;29340.5;237
20260915 102000;29340.5;29344.25;29339;29343.75;227
20260915 102100;29344.25;29354.25;29344.25;29351.75;506
20260915 102200;29352;29352;29344.25;29346;489
20260915 102300;29347;29347;29340.75;29345.75;219
20260915 102400;29345.75;29355.5;29345.75;29353;298
20260915 102500;29354.25;29358;29352;29356;366
20260915 102600;29355.75;29362;29353.25;29354.5;574
20260915 102700;29355;29357;29352.5;29353.25;142
20260915 102800;29354.5;29356.5;29351.75;29353.75;210
20260915 102900;29353;29358.25;29352.5;29357.25;200
20260915 103000;29357.25;29363;29357;29362;278
20260915 103100;29362.25;29362.75;29356.5;29360.75;422
20260915 103200;29360.75;29361.75;29354;29359.5;184
20260915 103300;29360.25;29369.5;29359.75;29366.75;608
20260915 103400;29367;29370.5;29365;29370;412
20260915 103500;29369.5;29370.25;29365.25;29367.25;256
20260915 103600;29367.5;29371.25;29364.75;29370;297
20260915 103700;29370.75;29375.75;29370.5;29371.75;430
20260915 103800;29371.75;29373;29364.5;29372;450
20260915 103900;29372.5;29374.5;29371;29371.25;196
20260915 104000;29371.5;29374.75;29366.5;29373.75;215
20260915 104100;29373;29374;29370.5;29371;208
20260915 104200;29371.5;29372.25;29365.5;29367.5;337
20260915 104300;29367.75;29376.75;29367.5;29370.75;752
20260915 104400;29370.25;29370.5;29362.25;29364.75;451
20260915 104500;29365;29370.25;29363.75;29368.5;247
20260915 104600;29368;29369.25;29366;29367.5;158
20260915 104700;29367.5;29368.5;29365.5;29366.75;188
20260915 104800;29367.25;29367.75;29361.75;29363.75;295
20260915 104900;29362.75;29366.5;29361.25;29364.25;236
20260915 105000;29364.25;29378.25;29362;29374;557
20260915 105100;29374.75;29377.25;29372.25;29376.5;317
20260915 105200;29376.75;29384.75;29376.75;29382.25;557
20260915 105300;29382.5;29385.5;29380;29383.25;315
20260915 105400;29383.75;29385.5;29381;29385.25;180
20260915 105500;29385;29386.75;29382;29385.25;451
20260915 105600;29385;29395.75;29383.5;29393;994
20260915 105700;29393;29393.75;29385;29388;613
20260915 105800;29387.75;29391.25;29386.75;29387.5;279
20260915 105900;29388.25;29392.25;29387.75;29391.25;294
20260915 110000;29391;29396.5;29388.25;29393.25;382
20260915 110100;29393;29411;29391.5;29407.75;1456
20260915 110200;29407.25;29411.5;29405;29410.75;477
20260915 110300;29410.75;29418.75;29409;29411.25;819
20260915 110400;29410.75;29410.75;29402.75;29405;779
20260915 110500;29405.5;29408.25;29400.75;29405.25;555
20260915 110600;29406;29406;29393;29398.25;822
20260915 110700;29398.25;29403;29396;29397;585
20260915 110800;29397.25;29407.5;29396.75;29406.75;412
20260915 110900;29406.5;29408.25;29402.25;29406.75;494
20260915 111000;29407;29417.75;29404;29415.25;564
20260915 111100;29415.75;29424.75;29414.75;29424;1141
20260915 111200;29423.75;29425;29418.25;29419;802
20260915 111300;29419.5;29419.75;29412.75;29414.25;472
20260915 111400;29413.75;29418.25;29413.75;29418.25;216
20260915 111500;29417.5;29418;29412.75;29416;334
20260915 111600;29416;29417.25;29410.25;29412.5;489
20260915 111700;29412;29416.5;29410.25;29411.75;334
20260915 111800;29412;29414.75;29409;29411.75;378
20260915 111900;29411.5;29424.25;29411.25;29423.75;602
20260915 112000;29423.75;29427.5;29417.5;29418.5;746
20260915 112100;29418.75;29419.25;29414;29418;329
20260915 112200;29418.25;29422.5;29414.75;29414.75;432
20260915 112300;29415;29425.5;29413.5;29421.25;494
20260915 112400;29421.25;29421.75;29411;29412.5;377
20260915 112500;29413;29413.5;29404.25;29409.5;656
20260915 112600;29409.75;29414.25;29407.25;29407.25;334
20260915 112700;29407;29410;29402;29404;684
20260915 112800;29404.75;29405;29401;29404.25;461
20260915 112900;29404.5;29413.25;29402.75;29410.25;448
20260915 113000;29410.75;29410.75;29402;29404.75;372
20260915 113100;29405.25;29406.25;29398;29398.75;531
20260915 113200;29398.75;29402.25;29395;29395.25;594
20260915 113300;29395.75;29396;29388.5;29393;983
20260915 113400;29393.25;29394.25;29389.75;29391.5;585
20260915 113500;29391.25;29400;29389.75;29400;579
20260915 113600;29399.75;29410;29398.75;29404.75;895
20260915 113700;29405.5;29408.5;29401.25;29406.25;448
20260915 113800;29406.5;29407.25;29397.25;29405.25;595
20260915 113900;29405.5;29406.5;29399;29399.75;371
20260915 114000;29400.5;29401.5;29392.5;29395.25;548
20260915 114100;29395.5;29402;29390.75;29395.75;753
20260915 114200;29395.75;29399.25;29392.5;29394.5;350
20260915 114300;29394.75;29399.75;29394.5;29399;188
20260915 114400;29399;29407.5;29398.25;29406;529
20260915 114500;29405.5;29409.25;29404;29406;449
20260915 114600;29405.5;29411.75;29402.75;29411;463
20260915 114700;29411;29411.25;29407.5;29407.5;308
20260915 114800;29408;29417.25;29403.5;29408.75;934
20260915 114900;29408;29411.75;29402.5;29410.75;510
20260915 115000;29410;29410.5;29404.5;29406.25;316
20260915 115100;29407;29418.75;29406.75;29416.5;718
20260915 115200;29417.25;29421.5;29417;29420.25;480
20260915 115300;29420;29420;29410.75;29412.25;699
20260915 115400;29412.5;29417.25;29407.25;29407.75;452
20260915 115500;29407.25;29409.75;29402.25;29407;433
20260915 115600;29407;29410;29403;29406.5;350
20260915 115700;29406.5;29417.25;29406.5;29412.75;607
20260915 115800;29412.75;29419.75;29412.75;29417.5;723
20260915 115900;29418;29419.5;29412;29413;428
20260915 120000;29413.5;29420.25;29411.25;29416.75;391
20260915 120100;29416.25;29426.25;29412.5;29425.5;1230
20260915 120200;29425.25;29432.5;29414.75;29420.25;1365
20260915 120300;29420.25;29420.25;29407.5;29407.75;857
20260915 120400;29408;29410.5;29404.25;29408;760
20260915 120500;29409.25;29421.5;29407.75;29420.5;630
20260915 120600;29420.75;29421.75;29413.25;29414;586
20260915 120700;29413.75;29421.5;29413;29419;430
20260915 120800;29419.5;29424;29416.75;29420.75;516
20260915 120900;29421.25;29424.5;29417.5;29419;425
20260915 121000;29418.25;29421.5;29413.25;29420.75;417
20260915 121100;29420.25;29428;29418;29428;698
20260915 121200;29428.5;29440.25;29428;29439.25;1782
20260915 121300;29438.75;29439.25;29434.5;29435.25;453
20260915 121400;29434.75;29435.75;29425.5;29429.25;748
20260915 121500;29428.5;29437;29427.75;29434.25;497
20260915 121600;29433.75;29435.25;29426;29427;552
20260915 121700;29426.75;29433.25;29424.5;29431.5;413
20260915 121800;29432;29439;29428.25;29438.25;538
20260915 121900;29437.75;29441.5;29427;29429.25;1067
20260915 122000;29428.75;29435.75;29425.75;29432;661
20260915 122100;29432.25;29432.75;29420.75;29422.5;942
20260915 122200;29422;29425.75;29419.5;29422.75;503
20260915 122300;29422.5;29425.25;29418.25;29419.25;496
20260915 122400;29420;29420.25;29405;29405.75;1402
20260915 122500;29406.25;29408.75;29398.5;29407;1348
20260915 122600;29406.5;29417.25;29406;29415;854
20260915 122700;29415;29418.75;29411;29417.75;554
20260915 122800;29417.5;29430;29416.25;29428.75;1195
20260915 122900;29429.25;29430.25;29420;29421;539
20260915 123000;29420.75;29425.25;29414.75;29423;576
20260915 123100;29422.25;29423.75;29413.75;29415.5;946
20260915 123200;29416;29419;29409.75;29410.5;665
20260915 123300;29411;29412.25;29403;29406.5;785
20260915 123400;29406.5;29409;29401.25;29404.75;508
20260915 123500;29405.5;29429.25;29405.25;29429.25;1505
20260915 123600;29428.75;29430;29422;29426.25;736
20260915 123700;29425.5;29431.5;29417;29420.5;1229
20260915 123800;29420.25;29425.5;29418;29418;598
20260915 123900;29418;29429;29418;29423;653
20260915 124000;29422.75;29429.75;29422.75;29425.25;685
20260915 124100;29425.25;29432.25;29419.75;29430.75;768
20260915 124200;29431.25;29431.25;29415;29415;944
20260915 124300;29415.25;29415.25;29407;29407.25;1197
20260915 124400;29407.5;29417;29407.5;29414.75;1074
20260915 124500;29415;29424.25;29411;29420.5;1112
20260915 124600;29420.75;29433;29414.75;29426.75;2358
20260915 124700;29426.75;29438.5;29422.75;29437;1756
20260915 124800;29436.75;29439.5;29426;29433.75;2335
20260915 124900;29434;29468;29429.5;29465.5;4848
20260915 125000;29465.5;29466;29453.25;29459;3192
20260915 125100;29458.5;29463.75;29452.75;29457.5;1953
20260915 125200;29457.25;29462.75;29447.75;29454.5;2315
20260915 125300;29454.25;29457.25;29448.75;29455.5;1144
20260915 125400;29455;29471.5;29454.5;29470.5;2375
20260915 125500;29470.25;29474.75;29465;29471.25;1653
20260915 125600;29471.75;29484.25;29442;29455;5629
20260915 125700;29455.25;29458;29445.5;29446.25;1933
20260915 125800;29446;29446.5;29436;29439;1717
20260915 125900;29438.75;29439.5;29430.75;29432.75;1667
20260915 130000;29432.25;29437.25;29429.25;29434.25;1248
20260915 130100;29433.5;29438.75;29429.25;29433;2155
20260915 130200;29433.25;29435.75;29425.5;29426.5;1707
20260915 130300;29426.5;29431.25;29424.75;29428.75;1182
20260915 130400;29429.25;29438.25;29426;29436.25;1427
20260915 130500;29436.5;29444.5;29435.5;29443.75;1790
20260915 130600;29443.25;29445.25;29434.75;29436.5;1268
20260915 130700;29436.5;29440;29432.75;29436.5;1469
20260915 130800;29436.5;29441.75;29432.5;29439.5;1609
20260915 130900;29439.75;29447;29437.75;29445;1321
20260915 131000;29445.25;29446;29435.75;29439;1064
20260915 131100;29439.5;29444.25;29435.5;29444.25;986
20260915 131200;29444.25;29445.75;29434.25;29435.5;921
20260915 131300;29435.75;29436.75;29429.25;29434;1173
20260915 131400;29434;29437.75;29431;29432.75;835
20260915 131500;29432.5;29432.5;29426.5;29430;911
20260915 131600;29429.25;29432.75;29425.25;29425.25;1071
20260915 131700;29425.25;29436.5;29421.75;29425.25;1957
20260915 131800;29426;29432;29423.75;29429.25;810
20260915 131900;29428.75;29429.25;29414.75;29414.75;1350
20260915 132000;29415;29421.5;29412;29421;1167
20260915 132100;29420.75;29424.5;29418.75;29419.25;961
20260915 132200;29419.25;29425.5;29412.5;29425.25;1495
20260915 132300;29425.25;29425.25;29409.5;29413.5;1838
20260915 132400;29413.25;29424.75;29413;29419.75;1490
20260915 132500;29419.5;29424;29415.5;29417.75;970
20260915 132600;29418;29439;29418;29433.75;2613
20260915 132700;29433;29434;29422.75;29424;2154
20260915 132800;29424.25;29428;29418.75;29426.25;1490
20260915 132900;29426.75;29427.5;29414.75;29424;1641
20260915 133000;29423;29424.5;29417;29420.75;1707
20260915 133100;29421;29425.75;29395;29414;13286
20260915 133200;29413.75;29415.25;29373.5;29379.25;12096
20260915 133300;29378.75;29397.25;29374.5;29396.75;7156
20260915 133400;29395.75;29416;29386.75;29387.75;9679
20260915 133500;29387.75;29399.5;29371.75;29385.75;8986
20260915 133600;29386.5;29415.75;29385.75;29410;7740
20260915 133700;29410.25;29422.5;29402;29412.5;7827
20260915 133800;29412.75;29421.5;29405;29411.75;5045
20260915 133900;29411.75;29434.75;29402.75;29431.75;7012
20260915 134000;29432;29441.75;29420;29429.75;8401
20260915 134100;29430;29434.75;29409.5;29431.25;6704
20260915 134200;29431.5;29438;29413;29422;5046
20260915 134300;29423;29429.5;29407;29409;4946
20260915 134400;29408.75;29424.25;29405;29421;4176
20260915 134500;29421.5;29441;29418.5;29435.75;5780
20260915 134600;29435.75;29452.75;29429.25;29430;8776
20260915 134700;29429.75;29443.75;29428.75;29440.75;4369
20260915 134800;29440.5;29441.5;29421.75;29428.75;4456
20260915 134900;29428.75;29438.5;29425;29434.5;3388
20260915 135000;29434.75;29434.75;29422.75;29429;3302
20260915 135100;29429.5;29435;29413.5;29416.5;5691
20260915 135200;29416.75;29423;29406.75;29418.5;5040
20260915 135300;29418.75;29429.25;29405.75;29425;4886
20260915 135400;29424.5;29436;29414.5;29434.75;4183
20260915 135500;29435.25;29437;29421.25;29429.25;3483
20260915 135600;29429.5;29432.75;29417.5;29429;3237
20260915 135700;29428.5;29431.5;29415.25;29422;2947
20260915 135800;29421.75;29435.25;29419.75;29432.5;2767
20260915 135900;29433;29438.5;29430.75;29436.75;2856
20260915 140000;29436.5;29438.5;29422.25;29430;2815
20260915 140100;29429.75;29432.25;29418;29423;4410
20260915 140200;29422.75;29424.25;29411.75;29421;3656
20260915 140300;29421.25;29425.75;29415.75;29417.25;2694
20260915 140400;29417.25;29421.25;29400.75;29401.5;4303
20260915 140500;29401.75;29411.25;29396.25;29396.75;5176
20260915 140600;29396.75;29403.25;29388.25;29390;6421
20260915 140700;29390.5;29404;29383;29384.5;4674
20260915 140800;29384.25;29386.25;29368.5;29384.5;7879
20260915 140900;29384.75;29388;29377.75;29382.5;3111
20260915 141000;29382.5;29385.25;29373.75;29381.5;2819
20260915 141100;29381.25;29381.25;29362.5;29364;5423
20260915 141200;29364;29365;29349;29358.25;7973
20260915 141300;29358.75;29359.75;29348.5;29356;4330
20260915 141400;29356;29363.25;29340.25;29340.75;5416
20260915 141500;29340.75;29351.25;29338.25;29342.75;5530
20260915 141600;29343.5;29353.75;29339.75;29350.75;4748
20260915 141700;29350.75;29362.75;29343.25;29351.5;6117
20260915 141800;29351.25;29358;29342.5;29357.25;4353
20260915 141900;29356.75;29365.25;29348.25;29356;5181
20260915 142000;29355.5;29362;29349.5;29355.25;2919
20260915 142100;29355.5;29363;29351.25;29357.5;2725
20260915 142200;29357.25;29357.75;29326;29327;7187
20260915 142300;29327.5;29328.5;29310;29314.25;9838
20260915 142400;29314;29314.75;29302.25;29304.25;5929
20260915 142500;29304.75;29333;29304.25;29327.25;7550
20260915 142600;29327.75;29331.25;29316.5;29321.25;4280
20260915 142700;29320.75;29324.5;29315.5;29322.25;3571
20260915 142800;29321.75;29328.5;29316;29321;2515
20260915 142900;29321.5;29337.25;29320;29334.25;3198
20260915 143000;29334.25;29336;29323.25;29326.25;3876
20260915 143100;29326.5;29333;29308.25;29310.25;6978
20260915 143200;29310;29334.5;29306.25;29332;6179
20260915 143300;29332.75;29332.75;29314.5;29318.5;3243
20260915 143400;29319;29334.5;29312;29316.25;3730
20260915 143500;29316;29318;29299;29310;6810
20260915 143600;29310;29319;29307;29312.5;3349
20260915 143700;29311.5;29318.25;29306;29315.75;2471
20260915 143800;29316;29318;29298;29302.25;4590
20260915 143900;29302.25;29302.25;29285.75;29290.25;6945
20260915 144000;29290.75;29297.75;29285.5;29291.25;3837
20260915 144100;29291;29291.75;29274;29277.5;5992
20260915 144200;29277.25;29284.5;29277;29278.75;2996
20260915 144300;29279.5;29291.5;29276.25;29285;3845
20260915 144400;29285.25;29291;29277.75;29279.75;2807
20260915 144500;29280;29288.5;29280;29288.25;1921
20260915 144600;29287.75;29293.5;29284.75;29291;3395
20260915 144700;29290.75;29301;29286.5;29293.75;3797
20260915 144800;29294.5;29295.75;29285.5;29293.25;2857
20260915 144900;29293;29293;29276.75;29277.25;2958
20260915 145000;29277.75;29280;29267.75;29268.25;6543
20260915 145100;29267.75;29267.75;29252.5;29258.25;7125
20260915 145200;29258;29273.75;29226.75;29229;14464
20260915 145300;29228.75;29240.5;29225;29237.5;6952
20260915 145400;29238;29238.5;29215.75;29226.5;6145
20260915 145500;29226;29243.75;29226;29239.5;5927
20260915 145600;29239;29241.75;29228.5;29236;3762
20260915 145700;29235.25;29242.5;29227.75;29241.75;2934
20260915 145800;29241.5;29254.75;29238.75;29254;5118
20260915 145900;29253.75;29258.5;29237.75;29253.5;7096
20260915 150000;29253.75;29255.75;29239;29240;2952
20260915 150100;29240;29261.75;29239;29256.5;5181
20260915 150200;29257;29269;29245;29268.75;5000
20260915 150300;29268.5;29268.75;29252;29255.75;4063
20260915 150400;29256;29278.25;29253;29276.75;4450
20260915 150500;29276.5;29284.75;29274.25;29283.75;3860
20260915 150600;29284;29290;29278.5;29281.75;4198
20260915 150700;29281.5;29284;29276.75;29280.25;2332
20260915 150800;29279.75;29287.25;29276.5;29284.25;2739
20260915 150900;29284;29284;29274.5;29277.25;2502
20260915 151000;29277.5;29282.5;29268.5;29274;3314
20260915 151100;29273.75;29281.75;29265.75;29267;3199
20260915 151200;29267.5;29272.25;29260;29269.75;3594
20260915 151300;29269.5;29275.25;29261.5;29270;4509
20260915 151400;29270;29273.5;29260.5;29262.5;2309
20260915 151500;29262.5;29278;29262.5;29273.75;2377
20260915 151600;29273.75;29279.5;29269;29274;2518
20260915 151700;29273.75;29283;29266.5;29280.75;2533
20260915 151800;29280.75;29288;29278.25;29286.75;2298
20260915 151900;29286.75;29295.75;29284.75;29292.75;4060
20260915 152000;29292.25;29295.25;29285;29287.75;2225
20260915 152100;29287.75;29288;29276;29278;2765
20260915 152200;29277.75;29279.5;29267.5;29272.75;3320
20260915 152300;29272.75;29286.25;29270;29274.25;3759
20260915 152400;29274.5;29296.5;29274;29293.25;3445
20260915 152500;29293;29293;29285.75;29287.5;1778
20260915 152600;29288;29292;29285.75;29289.75;1658
20260915 152700;29290.25;29293;29277.75;29289.25;2341
20260915 152800;29289.25;29296.5;29285;29296.5;1677
20260915 152900;29296.75;29297.75;29286.25;29289.75;2047
20260915 153000;29289.75;29291.75;29282.75;29291.25;1527
20260915 153100;29291.5;29294;29283;29283.75;1942
20260915 153200;29283.75;29286.5;29272.75;29275;2986
20260915 153300;29275.5;29275.5;29261.25;29268.75;4063
20260915 153400;29268.5;29278;29265.25;29268.5;3422
20260915 153500;29268.5;29283.5;29264.5;29282;3751
20260915 153600;29282.5;29285.25;29273;29275.75;2328
20260915 153700;29275.5;29290.25;29275.25;29287;2725
20260915 153800;29286.75;29287.75;29271;29275.75;2341
20260915 153900;29275.75;29283.5;29274.5;29282.5;1454
20260915 154000;29282.25;29283;29272;29272.5;1220
20260915 154100;29272.5;29287;29271.25;29286;1998
20260915 154200;29286;29296.75;29279.5;29289.25;4410
20260915 154300;29288.75;29291.75;29285;29289.75;1492
20260915 154400;29290.25;29297;29285.5;29295;1659
20260915 154500;29295.5;29296.5;29287;29287.5;1830
20260915 154600;29287.5;29290.25;29281;29285.75;2093
20260915 154700;29286;29287.25;29275.5;29283.25;1924
20260915 154800;29283;29284.5;29272.5;29273;1605
20260915 154900;29274.5;29279.25;29272.25;29274.25;1268
20260915 155000;29274.75;29275;29261.75;29267.25;3072
20260915 155100;29267;29298.75;29265;29284.5;11433
20260915 155200;29283.75;29284.75;29273.75;29275;2077
20260915 155300;29274.5;29284.5;29274;29278;1379
20260915 155400;29278.5;29284.25;29276.25;29279.75;1291
20260915 155500;29280.5;29281;29272.75;29278.75;1452
20260915 155600;29278.75;29306.25;29273.75;29302.75;6464
20260915 155700;29303;29303.75;29281;29287.25;3798
20260915 155800;29287.25;29290.5;29285.25;29286.75;1456
20260915 155900;29287.5;29288.75;29277;29277.25;1831
20260915 160000;29277.5;29286;29276.5;29277.75;1441
20260915 160100;29277.5;29284;29272.25;29281.25;2173
20260915 160200;29280.75;29289.75;29280.5;29284.25;1993
20260915 160300;29284.25;29289.25;29280.75;29288;1534
20260915 160400;29288.25;29288.25;29279;29280.5;763
20260915 160500;29280.75;29286.25;29278.25;29285;912
20260915 160600;29285;29285;29274;29278;1291
20260915 160700;29278;29282.5;29271.25;29272;1322
20260915 160800;29272;29272.25;29261;29266.25;3098
20260915 160900;29266.5;29267;29250.25;29256.5;3411
20260915 161000;29256.75;29259.75;29245.75;29249.5;4001
20260915 161100;29249.5;29254.75;29248;29248.75;1987
20260915 161200;29249;29252.75;29241.75;29249.5;2861
20260915 161300;29249.25;29250.5;29245;29246.25;1355
20260915 161400;29246.5;29249;29240.25;29247.5;2012
20260915 161500;29247.25;29249.5;29242;29244;1417
20260915 161600;29243.5;29251.75;29240;29249.25;2125
20260915 161700;29249;29252;29247.75;29250.5;1101
20260915 161800;29251.5;29260;29251.5;29260;2722
20260915 161900;29260.25;29263.25;29256;29263.25;1706
20260915 162000;29263;29268.5;29259.75;29267.25;2167
20260915 162100;29266.75;29274.25;29266.5;29269.25;2669
20260915 162200;29269.5;29281;29269.5;29278;2666
20260915 162300;29278.25;29287.75;29278.25;29285.75;2129
20260915 162400;29286.25;29301.5;29285.5;29297.5;4650
20260915 162500;29298;29301;29293.75;29296;2590
20260915 162600;29296.75;29298.75;29289;29291;2403
20260915 162700;29290.5;29294.75;29284.25;29287.5;2409
20260915 162800;29287;29296.75;29286.75;29296.5;1899
20260915 162900;29296.25;29300.75;29293;29295.25;1811
20260915 163000;29295;29295.75;29281.75;29285;2277
20260915 163100;29284.5;29285.25;29266.25;29269.25;4332
20260915 163200;29269.25;29280.75;29266.75;29280;3465
20260915 163300;29280;29290.75;29277;29290.5;3484
20260915 163400;29290.25;29293.75;29286.25;29289.25;1740
20260915 163500;29289;29291.25;29280.5;29286.25;2044
20260915 163600;29286;29287.5;29277.75;29281.75;1358
20260915 163700;29281.25;29288.5;29279.25;29285.75;1239
20260915 163800;29285.75;29286.5;29282.25;29282.75;696
20260915 163900;29282.5;29284.5;29277.75;29278.75;833
20260915 164000;29278.25;29282.75;29274.5;29280.75;1716
20260915 164100;29280.5;29283.25;29275.75;29276.25;1168
20260915 164200;29276.5;29284;29273.25;29282;1505
20260915 164300;29282.5;29284.25;29280;29281.25;706
20260915 164400;29281.25;29282.75;29274.75;29277.5;1197
20260915 164500;29278;29280;29271;29277;1672
20260915 164600;29277;29284.25;29274.5;29279.25;1598
20260915 164700;29279.25;29282.5;29277.25;29279;930
20260915 164800;29279.25;29280.5;29273;29274.5;1069
20260915 164900;29274.75;29276;29264.75;29266;2057
20260915 165000;29266;29274.75;29265.5;29273.75;1244
20260915 165100;29274;29278;29272.5;29274.75;1267
20260915 165200;29274.75;29282.75;29274.75;29277;1449
20260915 165300;29277;29296;29276.75;29293.75;3171
20260915 165400;29294.5;29297.75;29292.75;29297;1406
20260915 165500;29296.75;29301;29296.5;29297.75;1707
20260915 165600;29298.25;29302.75;29295;29297.75;2042
20260915 165700;29297.25;29299;29284;29285;3120
20260915 165800;29285;29287.25;29279.75;29280.75;1857
20260915 165900;29281;29282;29271.5;29276.75;2351
20260915 170000;29276.75;29280.5;29271.5;29280.25;1177
20260915 170100;29280;29281.5;29274.75;29275.5;1514
20260915 170200;29276;29284;29275.25;29282;1266
20260915 170300;29282.5;29284;29259;29262.75;4732
20260915 170400;29263.25;29264;29254;29261.25;2543
20260915 170500;29261.5;29264.5;29250;29250;2447
20260915 170600;29250;29252.5;29244.5;29247.5;2768
20260915 170700;29247.75;29257;29244.5;29254.5;2364
20260915 170800;29255.25;29268.25;29254.75;29261.5;3003
20260915 170900;29261.75;29264;29256;29261.25;1376
20260915 171000;29261.25;29264.25;29255.5;29255.5;1339
20260915 171100;29256;29271;29256;29267.75;1857
20260915 171200;29268.25;29272.25;29266.5;29267.5;1362
20260915 171300;29267.25;29268.25;29257;29258;1532
20260915 171400;29257.75;29266;29257;29261.5;915
20260915 171500;29262;29265;29252.5;29253.5;1069
20260915 171600;29253.75;29256.75;29252.5;29254.25;917
20260915 171700;29254;29259;29251.25;29258.5;894
20260915 171800;29258.5;29259.25;29254;29255;1108
20260915 171900;29254.75;29258.25;29253.5;29254;807
20260915 172000;29254.25;29262.5;29252.75;29261.75;1188
20260915 172100;29261.5;29268.5;29259.5;29264.5;1416
20260915 172200;29264.5;29265;29256.5;29257.25;1520
20260915 172300;29257.25;29257.75;29248.75;29253.75;1541
20260915 172400;29253.5;29255.75;29248.75;29253.25;1002
20260915 172500;29253.25;29253.75;29242.5;29243.75;1205
20260915 172600;29244.25;29252;29241;29247.75;2415
20260915 172700;29248.25;29257.25;29247.25;29253;1381
20260915 172800;29253.5;29255.5;29250.75;29253;635
20260915 172900;29252.75;29255.25;29246.25;29248.5;1184
20260915 173000;29248.25;29253.75;29246;29253.75;1070
20260915 173100;29253.75;29259;29249.25;29251;2071
20260915 173200;29251;29261;29250;29257.75;2452
20260915 173300;29257.75;29267;29257.5;29264.25;1471
20260915 173400;29264;29268;29259.25;29265.5;1752
20260915 173500;29265.25;29267.25;29257.75;29257.75;1349
20260915 173600;29258;29264.75;29254.75;29261;1493
20260915 173700;29261.25;29261.5;29252.25;29255.5;1287
20260915 173800;29255.25;29259.75;29249.25;29259;1363
20260915 173900;29259.5;29259.5;29251.75;29255.25;759
20260915 174000;29255;29255;29250.75;29254;778
20260915 174100;29254;29260.25;29250.5;29258.25;1217
20260915 174200;29258.25;29258.75;29251.5;29251.75;909
20260915 174300;29251.25;29253.25;29243.75;29246.75;1612
20260915 174400;29247.25;29254.5;29242.25;29253.25;1952
20260915 174500;29253;29258.5;29252.75;29255.5;1198
20260915 174600;29255;29260;29254.75;29258;859
20260915 174700;29258.5;29262.25;29249;29249.75;1654
20260915 174800;29250;29253.5;29248.25;29250.25;820
20260915 174900;29250.75;29251.75;29245.75;29249;917
20260915 175000;29249;29251.5;29247;29249.5;520
20260915 175100;29249.25;29252;29247.5;29250.75;613
20260915 175200;29250.5;29255.75;29247.5;29251;953
20260915 175300;29251.25;29257;29249.5;29256.25;678
20260915 175400;29255.5;29262.5;29252.25;29260.75;1207
20260915 175500;29261.25;29264.75;29255.75;29263.75;1472
20260915 175600;29263.75;29266.25;29258.25;29265.25;1645
20260915 175700;29265;29271.5;29264;29271;1850
20260915 175800;29271;29271.25;29266.75;29268.75;824
20260915 175900;29268.75;29268.75;29262.75;29265.5;1160
20260915 180000;29265.5;29267.5;29261.25;29263.75;974
20260915 180100;29263.5;29270;29255;29258.25;2325
20260915 180200;29258;29267.25;29257.5;29266.75;1088
20260915 180300;29266;29273.5;29264.25;29272.25;1461
20260915 180400;29272.5;29274.25;29268.25;29271.75;1286
20260915 180500;29271.5;29274;29269.5;29273.5;914
20260915 180600;29273.5;29273.75;29268;29271.25;869
20260915 180700;29270.5;29279.25;29270.5;29276.5;1843
20260915 180800;29276.5;29279.5;29274.5;29278.75;869
20260915 180900;29278.75;29279;29274.5;29275.5;697
20260915 181000;29275.75;29280.75;29275.25;29280.25;968
20260915 181100;29280.5;29281.75;29274.25;29274.5;1461
20260915 181200;29274.5;29285.75;29274.25;29283.75;1468
20260915 181300;29283.25;29286.5;29282;29284.25;1285
20260915 181400;29284.75;29287.5;29281.5;29283.75;1246
20260915 181500;29284.25;29286.5;29278;29280.5;1332
20260915 181600;29281.25;29283;29271.75;29273;1985
20260915 181700;29273;29273.5;29264.25;29266;2781
20260915 181800;29265.75;29270.75;29262.25;29268.5;1855
20260915 181900;29268.25;29270.25;29266;29266.25;924
20260915 182000;29266;29269;29265.25;29267.25;610
20260915 182100;29267;29271;29265.75;29268.25;901
20260915 182200;29268.25;29272.5;29267.75;29271.5;782
20260915 182300;29271.75;29273;29269.5;29272.25;657
20260915 182400;29272.25;29272.25;29266.5;29268.75;911
20260915 182500;29268.5;29271.25;29267.25;29271.25;602
20260915 182600;29271.5;29273.75;29268.25;29273.25;935
20260915 182700;29273.25;29273.5;29267;29271.5;737
20260915 182800;29271.5;29271.5;29266;29268;617
20260915 182900;29268;29280.75;29268;29280.75;2218
20260915 183000;29280.75;29281;29277.5;29280.75;1118
20260915 183100;29280.75;29280.75;29268.75;29270.25;2054
20260915 183200;29270;29270.75;29263;29268.25;1970
20260915 183300;29268.25;29269.75;29259.75;29259.75;1431
20260915 183400;29259.5;29262.5;29257;29258.75;1620
20260915 183500;29259;29260.25;29255.25;29258.5;908
20260915 183600;29258.5;29262.5;29258.5;29261.25;838
20260915 183700;29260.75;29261.5;29253.25;29258.5;1330
20260915 183800;29258;29258.25;29250.5;29256.5;1448
20260915 183900;29256.25;29260.25;29255;29259;678
20260915 184000;29259;29260.75;29255.5;29258.25;608
20260915 184100;29258.75;29259;29248.5;29249.75;1247
20260915 184200;29249.5;29269.75;29249.25;29264.5;4390
20260915 184300;29265;29265.75;29252.5;29253.75;2117
20260915 184400;29254;29255.75;29250;29251;891
20260915 184500;29250.75;29254;29250;29251;599
20260915 184600;29251;29253;29246.5;29248.5;1615
20260915 184700;29248.5;29250.25;29243.75;29244.5;1150
20260915 184800;29244;29247.25;29241.5;29243.25;1500
20260915 184900;29243;29244.25;29236.75;29238.75;1664
20260915 185000;29238.75;29239;29229.5;29236;3867
20260915 185100;29236;29242.75;29236;29239;1960
20260915 185200;29238.5;29238.75;29233;29233.75;1308
20260915 185300;29234.5;29238.75;29234.25;29237;789
20260915 185400;29237.25;29243.25;29236.25;29239.75;1204
20260915 185500;29239.75;29244.5;29239.25;29242.75;1013
20260915 185600;29242.5;29246.25;29240.25;29243.5;945
20260915 185700;29243.5;29246;29240.25;29244;1123
20260915 185800;29243.5;29248;29242;29242;1189
20260915 185900;29242;29247.5;29240.75;29247.5;957
20260915 190000;29247.25;29254;29246.25;29252.5;1907
20260915 190100;29252.25;29258.25;29248.5;29256.75;2157
20260915 190200;29256.75;29258.75;29247;29247.75;1955
20260915 190300;29248;29253.5;29242.75;29250.25;2225
20260915 190400;29250;29252.25;29249;29250.75;724
20260915 190500;29251.5;29257.75;29249.5;29250.75;1123
20260915 190600;29250.5;29253;29248;29249;787
20260915 190700;29248.75;29250.25;29247;29248.25;621
20260915 190800;29248;29251.75;29244.75;29251.25;918
20260915 190900;29251.5;29255.5;29249;29252.75;1232
20260915 191000;29252.75;29255;29249;29252.75;522
20260915 191100;29252.5;29254.75;29249.5;29252.75;582
20260915 191200;29252.75;29253.75;29249;29249.75;893
20260915 191300;29249.75;29250.25;29240.5;29243.5;1814
20260915 191400;29243.5;29243.75;29238.5;29240.25;1638
20260915 191500;29240.25;29245;29239;29240.75;1082
20260915 191600;29241;29242.25;29235;29236.25;1507
20260915 191700;29236.5;29239.75;29233.5;29237;1690
20260915 191800;29236.75;29237.5;29233;29236;959
20260915 191900;29236.25;29239.75;29235;29239.25;839
20260915 192000;29239.25;29244;29238.75;29240.75;1508
20260915 192100;29241.25;29241.75;29235.75;29236;933
20260915 192200;29236;29238;29234.25;29235.75;809
20260915 192300;29235.75;29240;29234;29238;746
20260915 192400;29238.25;29240.75;29236;29237.5;718
20260915 192500;29237.5;29239.75;29234.5;29236.25;491
20260915 192600;29236.25;29236.25;29231;29234;1341
20260915 192700;29234.5;29239.25;29232.75;29239;1158
20260915 192800;29239;29244;29238.25;29243.25;1230
20260915 192900;29243.5;29244;29239;29240.25;1029
20260915 193000;29239;29240.5;29237.25;29238.5;785
20260915 193100;29238.5;29239.5;29233.75;29233.75;1240
20260915 193200;29234;29236.5;29233.25;29234.25;810
20260915 193300;29234.5;29241.5;29232.5;29239.25;1250
20260915 193400;29239.25;29241.25;29236;29237.5;749
20260915 193500;29237.25;29238.25;29232.75;29233.5;946
20260915 193600;29233.25;29233.25;29222.5;29224.75;3429
20260915 193700;29225;29229.75;29224.5;29228;1388
20260915 193800;29227.75;29228;29218.75;29222.5;2278
20260915 193900;29222.5;29225.75;29220.25;29221.5;1216
20260915 194000;29221.25;29221.5;29212;29219;3259
20260915 194100;29219.25;29223;29215.25;29222;1645
20260915 194200;29222;29227;29221.25;29224;1329
20260915 194300;29224.25;29226.25;29221;29221.25;780
20260915 194400;29221.75;29230;29216.25;29226.25;2038
20260915 194500;29226.75;29230.75;29226.25;29227.5;1104
20260915 194600;29227.25;29230.75;29223.25;29225.75;1500
20260915 194700;29226;29230.5;29223.25;29227.25;1191
20260915 194800;29227;29233.5;29226;29226.5;1914
20260915 194900;29226;29228.25;29220.75;29223.5;1364
20260915 195000;29223.25;29234.5;29222.75;29233;1241
20260915 195100;29232.75;29232.75;29218.25;29218.75;3158
20260915 195200;29218.5;29223.25;29218;29219;1487
20260915 195300;29219.25;29220;29208.75;29214.75;4107
20260915 195400;29214.75;29223.75;29211.25;29222.25;2683
20260915 195500;29222.25;29239.25;29221.5;29237.75;4185
20260915 195600;29238;29240.75;29228.25;29231.25;4273
20260915 195700;29230.75;29234.5;29228.75;29232;1477
20260915 195800;29232.25;29237;29230;29235.75;1279
20260915 195900;29235.75;29240.75;29231.25;29240.75;3563
20260915 200000;29240.75;29254.25;29237.75;29250.5;9302
20260915 200100;29250.5;29276.75;29250;29269.5;6798
20260915 200200;29269.75;29281.5;29269;29279;2360
20260915 200300;29279.5;29279.75;29274.75;29277.5;1269
20260915 200400;29277.5;29280.75;29272.75;29279.25;1568
20260915 200500;29278.75;29281;29276;29277.75;729
20260915 200600;29278;29278.75;29274.25;29274.25;753
20260915 200700;29274.75;29276;29272.75;29274.75;682
20260915 200800;29275;29279.25;29273.25;29279;641
20260915 200900;29279;29279.75;29275.5;29275.75;567
20260915 201000;29276.25;29276.75;29272;29276.25;632
20260915 201100;29277;29289.25;29275.25;29287.75;2651
20260915 201200;29287.5;29291;29285.75;29288.25;1069
20260915 201300;29288.25;29290.5;29286.25;29287.75;552
20260915 201400;29287.5;29290;29286;29288.75;372
20260915 201500;29288.75;29288.75;29284.75;29286.25;602
20260915 201600;29286.75;29287.75;29284;29286.5;483
20260915 201700;29286.75;29287;29282;29284.25;688
20260915 201800;29284;29286.5;29283.25;29285;364
20260915 201900;29284.25;29286;29283.5;29285;267
20260915 202000;29285.25;29285.5;29280;29280.75;497
20260915 202100;29281.5;29282.25;29279.5;29280.5;383
20260915 202200;29280.5;29281;29278.75;29278.75;304
20260915 202300;29279.25;29281.75;29278.25;29279.5;384
20260915 202400;29279;29280.25;29276;29279;584
20260915 202500;29278.5;29278.5;29273.5;29276.25;738
20260915 202600;29276.5;29277;29274.5;29274.75;218
20260915 202700;29274.75;29275.75;29269.5;29269.75;850
20260915 202800;29270;29272;29269;29270.75;411
20260915 202900;29270.75;29273;29270.25;29270.75;226
20260915 203000;29270.25;29273.25;29269.25;29270.5;337
20260915 203100;29270.75;29272.75;29267.25;29270.5;888
20260915 203200;29270;29271.5;29269.5;29270.25;170
20260915 203300;29270.25;29276.75;29270.25;29271;728
20260915 203400;29271.5;29272.25;29270.75;29271;210
20260915 203500;29271.75;29272.75;29271.25;29271.75;146
20260915 203600;29272;29277;29272;29274.5;461
20260915 203700;29273.75;29274.25;29271.5;29272.75;193
20260915 203800;29273;29275.5;29272.5;29275;249
20260915 203900;29274.75;29280.25;29274.5;29278.75;340
20260915 204000;29278.5;29278.75;29276;29276.5;213
20260915 204100;29277.25;29277.5;29273.25;29274.25;301
20260915 204200;29274;29281.75;29273.75;29281.25;358
20260915 204300;29281.25;29283;29279;29280.25;472
20260915 204400;29280;29280.75;29276.5;29278;168
20260915 204500;29277.25;29279.25;29277;29278.75;354
20260915 204600;29278.75;29280.5;29277.5;29280.5;658
20260915 204700;29280;29280.5;29277.25;29277.75;265
20260915 204800;29277.5;29281.75;29276.75;29280.25;128
20260915 204900;29280.25;29281.5;29279;29280;188
20260915 205000;29279.25;29285.25;29279.25;29284.5;176
20260915 205100;29284.5;29285;29282.5;29282.5;267
20260915 205200;29282.25;29282.5;29280;29280.25;89
20260915 205300;29280.5;29283.25;29280.5;29281.75;136
20260915 205400;29281.75;29282.75;29281.5;29282;68
20260915 205500;29282.5;29283.25;29281.75;29283.25;99
20260915 205600;29282.25;29286.75;29280.5;29286;334
20260915 205700;29286;29286.75;29280.75;29281.5;144
20260915 205800;29281.5;29283.25;29281;29282.5;79
20260915 205900;29282;29285.25;29280;29283;96
20260915 210000;29283;29283;29275.25;29276.75;293
20260915 220100;29268.5;29278;29260.75;29263.25;1230
20260915 220200;29265.25;29272;29262.5;29269.25;774
20260915 220300;29269.5;29273;29263.5;29270.5;513
20260915 220400;29270.75;29272.5;29265;29271;512
20260915 220500;29271;29273.25;29267.75;29273;369
20260915 220600;29272.5;29273.25;29266.75;29269.25;436
20260915 220700;29269.75;29271.75;29265.75;29267;334
20260915 220800;29266.5;29268.25;29263;29266.5;312
20260915 220900;29267;29267.25;29256.75;29260.75;636
20260915 221000;29261.5;29264.5;29257.75;29263;454
20260915 221100;29262.75;29264;29260.75;29262.25;223
20260915 221200;29262.75;29263.25;29260;29261.25;220
20260915 221300;29261.75;29261.75;29257.75;29260.75;342
20260915 221400;29260.25;29261;29258.5;29260.25;127
20260915 221500;29258.75;29263.5;29258.25;29261.5;238
20260915 221600;29261.25;29264.75;29260.25;29263.25;329
20260915 221700;29263.75;29271;29263.75;29266.5;573
20260915 221800;29266.5;29267.5;29262.75;29265.5;230
20260915 221900;29264.5;29267.5;29263.5;29267.25;203
20260915 222000;29267.25;29267.25;29263.75;29263.75;126
20260915 222100;29264.5;29266;29262;29264.5;118
20260915 222200;29265;29275;29264.5;29273;715
20260915 222300;29272.5;29273;29270.5;29272.25;247
20260915 222400;29273;29275.25;29271.25;29273.75;188
20260915 222500;29273.75;29275;29270.5;29271.25;211
20260915 222600;29271.75;29272.25;29267.25;29267.75;279
20260915 222700;29267.75;29270;29266.25;29267.5;262
20260915 222800;29267.5;29271.25;29262;29269;604
20260915 222900;29269.25;29270.25;29267.5;29268.75;134
20260915 223000;29269.5;29269.5;29266.25;29268.75;190
20260915 223100;29268.5;29277;29267.25;29276.75;466
20260915 223200;29276.75;29278.5;29273.25;29274.25;395
20260915 223300;29274.25;29274.25;29271.75;29272.75;174
20260915 223400;29273.25;29277.5;29272.25;29276.5;221
20260915 223500;29277;29280;29274.75;29278;280
20260915 223600;29278;29281;29278;29280.5;276
20260915 223700;29280.5;29283.75;29279.75;29282.25;521
20260915 223800;29282.25;29284.5;29281.75;29284.25;303
20260915 223900;29284.25;29286;29283.5;29285;353
20260915 224000;29285.25;29286.75;29283.25;29286;323
20260915 224100;29285.5;29285.75;29281;29281.25;276
20260915 224200;29281.25;29285.25;29281.25;29285;218
20260915 224300;29285;29285.25;29283;29283.25;172
20260915 224400;29283;29284;29280;29282.25;269
20260915 224500;29282.75;29283.75;29281.25;29283.5;82
20260915 224600;29283.75;29284;29281;29282.75;215
20260915 224700;29283;29283;29280.25;29280.75;119
20260915 224800;29280.75;29282.5;29280.25;29280.5;101
20260915 224900;29281.25;29286;29281;29285;349
20260915 225000;29284.5;29284.75;29283.5;29284.25;148
20260915 225100;29284.5;29285.25;29284;29284.5;111
20260915 225200;29285;29285.25;29284;29285;74
20260915 225300;29284.75;29289;29284.75;29286;358
20260915 225400;29286;29288.75;29285.5;29286.75;270
20260915 225500;29286.75;29287.25;29285.25;29285.5;153
20260915 225600;29286;29287;29283;29284.25;201
20260915 225700;29284.25;29285.25;29282.75;29284;184
20260915 225800;29284.75;29285.5;29284.25;29285;87
20260915 225900;29285.25;29287;29283.25;29284;192
20260915 230000;29284;29284.75;29282.25;29283;187
20260915 230100;29282.5;29284.25;29278;29283.5;596
20260915 230200;29284;29284.75;29279.25;29281;364
20260915 230300;29281;29282.25;29280;29281.75;190
20260915 230400;29282.25;29283;29279.25;29279.5;279
20260915 230500;29279.25;29281;29278;29279.75;230
20260915 230600;29280;29282.5;29279.5;29281;190
20260915 230700;29281.25;29282.5;29281;29281.75;107
20260915 230800;29281.75;29281.75;29278.5;29279.25;143
20260915 230900;29279;29280.75;29278.5;29279.5;158
20260915 231000;29279.25;29279.75;29278.5;29279;91
20260915 231100;29279.75;29281.5;29277.75;29280.25;234
20260915 231200;29280.25;29281.5;29279.25;29281;81
20260915 231300;29280.75;29282.75;29278;29278.5;323
20260915 231400;29279;29279.25;29275.75;29277.75;344
20260915 231500;29278.25;29280;29277.75;29278.25;103
20260915 231600;29278.25;29279.75;29277.75;29278.5;125
20260915 231700;29279;29279.25;29277.25;29277.25;78
20260915 231800;29277.25;29278;29276.5;29277.25;199
20260915 231900;29277.5;29277.5;29272.75;29275.5;471
20260915 232000;29276.25;29277.5;29274.75;29275.75;168
20260915 232100;29276.25;29276.75;29275;29275.75;178
20260915 232200;29275;29276.25;29273.75;29276;133
20260915 232300;29276;29276.5;29273.5;29274;103
20260915 232400;29273.5;29276;29273.5;29275;88
20260915 232500;29275.25;29275.75;29273.25;29275.75;152
20260915 232600;29275;29275.75;29272.75;29273.75;134
20260915 232700;29274;29274.25;29267;29267.5;577
20260915 232800;29268;29270.25;29267.75;29268.75;299
20260915 232900;29268.5;29268.5;29265;29267;345
20260915 233000;29266.25;29267.75;29265.5;29267;89
20260915 233100;29267.5;29271;29265.75;29270.75;350
20260915 233200;29270.5;29270.75;29266.75;29268.25;305
20260915 233300;29268.5;29270;29268;29269.5;80
20260915 233400;29269.5;29270;29268.5;29269.5;111
20260915 233500;29269.75;29272.25;29267;29267.5;314
20260915 233600;29268;29268;29265.75;29268;169
20260915 233700;29267.75;29268.5;29265.75;29265.75;154
20260915 233800;29266;29268.5;29264;29268.5;281
20260915 233900;29268;29270.75;29266.25;29270;300
20260915 234000;29269.5;29273.75;29269.5;29272.75;403
20260915 234100;29273.25;29284;29270;29281.5;883
20260915 234200;29282.25;29283.75;29279.25;29283;472
20260915 234300;29282.5;29283.5;29279.25;29281;217
20260915 234400;29281;29287.75;29280.75;29282.5;654
20260915 234500;29283;29283.5;29280.5;29282.25;179
20260915 234600;29282.25;29284.25;29280.25;29283;318
20260915 234700;29282.5;29287;29279.75;29284.5;320
20260915 234800;29284;29284.5;29277.25;29277.5;380
20260915 234900;29278.5;29282.5;29276.75;29277;325
20260915 235000;29276.75;29279.5;29276.25;29278.25;266
20260915 235100;29278.25;29283.5;29277.75;29282.5;345
20260915 235200;29282.5;29284;29278.75;29280;356
20260915 235300;29280;29280.5;29278.25;29279.75;171
20260915 235400;29279.5;29287.25;29278.75;29284.5;565
20260915 235500;29284.75;29286;29282.75;29286;190
20260915 235600;29285.75;29286.75;29280;29281.25;317
20260915 235700;29280.5;29281;29274.75;29277.5;852
20260915 235800;29277.75;29279.25;29275.75;29276.5;238
20260915 235900;29276.5;29278.25;29275.5;29277.5;222
20260916 000000;29277;29279.5;29273.75;29279.5;358
20260916 000100;29278.5;29286.5;29276.75;29281.75;1068
20260916 000200;29281.75;29282;29269.75;29270.75;1150
20260916 000300;29270.25;29271.75;29257.5;29270.75;1947
20260916 000400;29271;29278.75;29267.25;29273.75;1428
20260916 000500;29273.25;29277.5;29265;29269.25;850
20260916 000600;29268.75;29277;29267.25;29272.75;751
20260916 000700;29273;29278.5;29266.5;29269;874
20260916 000800;29269.25;29272.25;29265.25;29268;580
20260916 000900;29268.5;29272.5;29265;29269.25;398
20260916 001000;29269.25;29270.5;29263.25;29264.25;412
20260916 001100;29264.5;29267.75;29260.75;29263.25;826
20260916 001200;29263.25;29280.25;29262.25;29278;1262
20260916 001300;29278.5;29284.25;29276;29280.25;892
20260916 001400;29280.75;29281;29276;29277.75;616
20260916 001500;29277.75;29282;29277;29278.25;319
20260916 001600;29278.5;29279.5;29270.75;29272.75;704
20260916 001700;29273.25;29283.75;29273.25;29277;628
20260916 001800;29277.5;29283.25;29277.25;29281;554
20260916 001900;29281.5;29282.75;29277.5;29279.5;391
20260916 002000;29278.75;29283.25;29276.5;29278.75;403
20260916 002100;29278.25;29279.5;29275.5;29276.5;279
20260916 002200;29276.75;29279;29276;29277.75;210
20260916 002300;29278;29278;29274.5;29276;230
20260916 002400;29276.25;29276.75;29272;29273.5;242
20260916 002500;29272.5;29275.5;29270.75;29271.25;234
20260916 002600;29270.75;29273.5;29266.75;29267.25;601
20260916 002700;29267.25;29272.25;29267;29270.75;285
20260916 002800;29272;29273;29268;29270.5;210
20260916 002900;29270.5;29278.25;29269.75;29277;310
20260916 003000;29276.5;29277.25;29274;29275.25;216
20260916 003100;29275.5;29285;29275.25;29281.25;539
20260916 003200;29281;29281;29273.5;29279.75;441
20260916 003300;29279.5;29281.75;29276.75;29277;226
20260916 003400;29277.25;29279;29272.75;29273.75;366
20260916 003500;29273.5;29274.5;29271;29272;262
20260916 003600;29271.75;29271.75;29264.75;29270.5;763
20260916 003700;29270.75;29278.75;29270;29275.75;549
20260916 003800;29276.25;29280.75;29275;29276.75;389
20260916 003900;29276.25;29279.5;29274.25;29278;257
20260916 004000;29278.5;29280.5;29277;29277.5;260
20260916 004100;29276.75;29277.25;29273;29274.75;263
20260916 004200;29275.25;29278.25;29274;29276.5;214
20260916 004300;29277;29277.5;29273;29275;320
20260916 004400;29274.5;29277;29271.25;29271.5;251
20260916 004500;29271.75;29273.75;29271.5;29272.75;155
20260916 004600;29272.25;29277;29269.25;29274;552
20260916 004700;29273.5;29273.5;29268.5;29270;314
20260916 004800;29270;29273;29267;29271.75;372
20260916 004900;29271.5;29286;29270.5;29283.25;863
20260916 005000;29283.25;29284.75;29278.25;29279;594
20260916 005100;29279.5;29281;29276.25;29276.5;346
20260916 005200;29276.5;29277.5;29274.5;29276.5;295
20260916 005300;29277.5;29281.75;29277.5;29281.75;323
20260916 005400;29282.25;29282.5;29276.5;29277;230
20260916 005500;29276.25;29279;29274.75;29278;270
20260916 005600;29276.75;29276.75;29269.5;29269.5;407
20260916 005700;29269.75;29275.25;29268.5;29273.75;501
20260916 005800;29274.25;29276.25;29272;29274.25;192
20260916 005900;29274;29279.75;29273.25;29276.5;278
20260916 010000;29276;29278;29271.25;29272.25;264
20260916 010100;29272;29277.5;29271.75;29274;498
20260916 010200;29274.75;29277.75;29265.5;29268.5;700
20260916 010300;29268.25;29270.25;29263.5;29265;673
20260916 010400;29265;29272.75;29264.5;29264.5;566
20260916 010500;29264.75;29266.25;29258.5;29260;925
20260916 010600;29259.75;29259.75;29252.5;29256.5;1639
20260916 010700;29256.75;29258.5;29252.5;29253.5;564
20260916 010800;29253.75;29253.75;29246;29249.25;1549
20260916 010900;29249.75;29254.5;29247.75;29252.25;814
20260916 011000;29252.25;29253;29243;29246;1057
20260916 011100;29245.75;29255.5;29241.25;29253.75;1652
20260916 011200;29253.75;29261.75;29252.25;29258;1322
20260916 011300;29258;29262.5;29254.25;29256.75;847
20260916 011400;29256.75;29275;29256.25;29273.5;1921
20260916 011500;29274.25;29283.5;29271;29282;2230
20260916 011600;29283;29287.5;29277.5;29284.25;1536
20260916 011700;29284;29284;29277;29282.25;879
20260916 011800;29282;29282;29271.25;29275.25;918
20260916 011900;29275.25;29278.25;29270.5;29273.25;599
20260916 012000;29273.75;29276.5;29272.5;29274.75;333
20260916 012100;29274.75;29277.5;29273.5;29274.25;335
20260916 012200;29274.75;29277.75;29273.5;29275.75;302
20260916 012300;29277;29282.5;29275.75;29279.5;793
20260916 012400;29279.75;29282.75;29279;29282.5;380
20260916 012500;29283;29290;29282.75;29285.75;975
20260916 012600;29285.75;29288.5;29283.5;29288.5;722
20260916 012700;29288.5;29289;29277.25;29277.25;741
20260916 012800;29277.75;29283;29276.75;29281.25;449
20260916 012900;29281.5;29283.5;29280.5;29283.5;170
20260916 013000;29282.75;29282.75;29276.5;29276.5;263
20260916 013100;29276.75;29278.75;29265.75;29265.75;1460
20260916 013200;29265.75;29270.25;29260.75;29263.75;1159
20260916 013300;29263.25;29273.25;29263.25;29270.25;822
20260916 013400;29269.75;29271;29266.75;29268.5;642
20260916 013500;29269;29272.25;29267.5;29270.75;333
20260916 013600;29271;29274;29263.75;29265.25;652
20260916 013700;29265.25;29266.5;29252;29254;1736
20260916 013800;29254;29256.75;29248.75;29248.75;963
20260916 013900;29248.75;29251.25;29244.5;29250.5;1118
20260916 014000;29250;29252.25;29245.25;29250.75;739
20260916 014100;29250.75;29254.5;29248.5;29254.25;650
20260916 014200;29253.75;29262;29253;29256;1413
20260916 014300;29256.5;29257.5;29251.25;29255.5;634
20260916 014400;29255.75;29257;29251.75;29251.75;361
20260916 014500;29252;29258.5;29251.5;29257;407
20260916 014600;29257;29267;29255.75;29261.25;1139
20260916 014700;29261;29263.75;29255.5;29256.5;579
20260916 014800;29256;29261.5;29253.25;29257.5;982
20260916 014900;29257;29258.5;29253;29255.25;324
20260916 015000;29254.5;29257;29248.75;29249.25;564
20260916 015100;29249.75;29252.75;29237.25;29238.75;1797
20260916 015200;29239.25;29244.25;29235.75;29243.5;1290
20260916 015300;29243.5;29245;29240.25;29243.25;410
20260916 015400;29243;29243;29236.5;29239.25;529
20260916 015500;29239.25;29239.25;29232;29235;938
20260916 015600;29234.25;29240.25;29233;29236.25;742
20260916 015700;29235.5;29238.5;29232;29233.5;518
20260916 015800;29234;29234.75;29230;29231.5;567
20260916 015900;29231.5;29235;29229.25;29230.25;690
20260916 020000;29230;29231.25;29225.75;29229.75;1014
20260916 020100;29230;29239.5;29227;29239;1118
20260916 020200;29239;29249;29238.25;29246.25;1536
20260916 020300;29246.25;29260.75;29243.75;29259.5;1601
20260916 020400;29259.5;29259.5;29251.5;29251.5;956
20260916 020500;29251.25;29255;29248;29253.25;749
20260916 020600;29253.5;29255;29242.5;29245.5;753
20260916 020700;29245.25;29247;29238;29240.25;902
20260916 020800;29240.25;29241.75;29233.75;29238.75;913
20260916 020900;29238.5;29245;29237.75;29243.5;576
20260916 021000;29242.75;29247.25;29238.5;29243.75;724
20260916 021100;29244;29253.5;29243.25;29246.25;810
20260916 021200;29246.25;29247.25;29235.75;29236.25;778
20260916 021300;29236.5;29239;29227.75;29236;1407
20260916 021400;29235.5;29236.25;29233;29235;348
20260916 021500;29235.25;29235.25;29230.75;29233.75;254
20260916 021600;29234;29243.5;29233.5;29241.25;646
20260916 021700;29241.5;29246;29236.25;29244;597
20260916 021800;29243.75;29248.5;29242.75;29245;517
20260916 021900;29245.5;29247;29243;29244.5;383
20260916 022000;29245;29249.25;29243.5;29247.5;565
20260916 022100;29247.25;29247.25;29241;29244.25;451
20260916 022200;29244.25;29248.5;29243.75;29248;240
20260916 022300;29247.5;29252.5;29245.25;29246.25;630
20260916 022400;29245.75;29249.5;29245.75;29248.5;180
20260916 022500;29248.5;29260.5;29248;29258.75;938
20260916 022600;29258.5;29264.75;29257.75;29263.25;1062
20260916 022700;29263.25;29265.75;29258.5;29263.25;659
20260916 022800;29263.75;29271.75;29263.5;29268;965
20260916 022900;29268;29269.75;29264.5;29266.5;434
20260916 023000;29266.5;29278.5;29266.5;29275.25;1431
20260916 023100;29275;29284;29272.5;29277.5;1281
20260916 023200;29278;29281.5;29275.5;29281.25;718
20260916 023300;29281.25;29283.5;29274;29274.25;639
20260916 023400;29274.25;29275;29267.75;29268.75;808
20260916 023500;29268.75;29278.25;29268.75;29275.25;603
20260916 023600;29275.25;29282.5;29275;29281.75;521
20260916 023700;29281.5;29282.75;29277.25;29280.5;573
20260916 023800;29280.5;29281;29275.25;29276.75;339
20260916 023900;29276.75;29277.75;29271.5;29272.5;436
20260916 024000;29273.75;29274.75;29267.5;29271;517
20260916 024100;29271;29274.25;29268.5;29268.75;427
20260916 024200;29269;29271.25;29265;29267.5;437
20260916 024300;29267.75;29267.75;29257.75;29258.5;806
20260916 024400;29258.25;29266.75;29257.75;29260.5;647
20260916 024500;29260.25;29262;29254.5;29261.25;761
20260916 024600;29261;29263.75;29259.5;29263;435
20260916 024700;29263.75;29267.5;29262.25;29265.5;548
20260916 024800;29265;29265.25;29260.75;29262.75;289
20260916 024900;29262.75;29268.25;29261.75;29267;329
20260916 025000;29267;29270.5;29264.75;29267.5;506
20260916 025100;29268.25;29271;29264.5;29270.25;287
20260916 025200;29270.5;29276.75;29268.75;29275.75;663
20260916 025300;29275.5;29275.75;29273;29273;250
20260916 025400;29273;29280;29271;29279.25;460
20260916 025500;29279.25;29279.5;29273.25;29274.5;299
20260916 025600;29274;29276;29273.5;29275.75;170
20260916 025700;29275.75;29281.75;29275.75;29276.5;419
20260916 025800;29276.5;29278.75;29274.75;29278.5;259
20260916 025900;29277.75;29277.75;29275;29276.5;167
20260916 030000;29276.5;29283.5;29276.25;29283.25;498
20260916 030100;29282.75;29288.75;29280.75;29287;988
20260916 030200;29287;29291;29286.25;29290.5;722
20260916 030300;29289.75;29297.75;29287.75;29294.75;1280
20260916 030400;29294.75;29303.25;29294.5;29302.75;835
20260916 030500;29302.75;29305;29298.75;29299.75;963
20260916 030600;29299.5;29302.5;29298;29301.75;607
20260916 030700;29302;29306.5;29300.75;29304.5;553
20260916 030800;29304.5;29305;29297;29298.75;727
20260916 030900;29298;29301.75;29296.75;29300.75;406
20260916 031000;29300.75;29301.5;29291.75;29295.5;697
20260916 031100;29295.5;29299.75;29295.5;29297.5;628
20260916 031200;29297.25;29297.75;29293.25;29295;519
20260916 031300;29294.75;29303.5;29294.75;29302;618
20260916 031400;29302.5;29307.75;29299.25;29305.75;622
20260916 031500;29306.5;29321.25;29306;29320.5;2279
20260916 031600;29320.75;29324;29318;29324;966
20260916 031700;29324;29329.75;29321.25;29328.5;1013
20260916 031800;29328.25;29335.5;29326.5;29333.75;1090
20260916 031900;29333;29333;29328.75;29331.5;731
20260916 032000;29331.25;29333;29328.5;29332.75;410
20260916 032100;29333.5;29335;29326.75;29331.75;598
20260916 032200;29332.25;29355;29331.5;29354.25;2657
20260916 032300;29354;29357.25;29344.5;29346;1515
20260916 032400;29346;29352.75;29346;29348.75;778
20260916 032500;29348.75;29349.25;29341;29343.25;692
20260916 032600;29343.25;29346.25;29343;29344.25;390
20260916 032700;29344.25;29348.25;29344;29346.75;453
20260916 032800;29346.25;29346.75;29329;29330.75;1307
20260916 032900;29330.75;29333.25;29325.75;29326.5;898
20260916 033000;29326.75;29328.75;29320;29320.25;1074
20260916 033100;29320;29324.5;29315;29316.5;1226
20260916 033200;29316.5;29324.25;29315.5;29316.25;836
20260916 033300;29315.75;29317.5;29310;29312.5;1024
20260916 033400;29312;29314.75;29309.25;29313.5;503
20260916 033500;29313;29313.75;29307.25;29309.75;508
20260916 033600;29309.5;29310.25;29305;29306.75;666
20260916 033700;29306.5;29308.25;29301.75;29302.25;569
20260916 033800;29302.75;29307.75;29300;29302.5;934
20260916 033900;29302.25;29309;29300.5;29309;526
20260916 034000;29308.75;29313;29307.75;29312;1110
20260916 034100;29311.5;29316;29309.25;29314.25;690
20260916 034200;29314;29314.75;29309.75;29311;315
20260916 034300;29310.75;29312.5;29308;29309.75;385
20260916 034400;29310.25;29318.75;29310;29317;531
20260916 034500;29317.5;29325.75;29316;29322.25;1465
20260916 034600;29322;29331;29321;29327.75;1092
20260916 034700;29327.5;29332;29325.75;29331.75;425
20260916 034800;29332;29336.75;29327.75;29333.25;730
20260916 034900;29334;29339;29330;29331.5;880
20260916 035000;29331.75;29333;29327;29328.5;698
20260916 035100;29329;29331;29326.5;29328;367
20260916 035200;29327.75;29330.25;29326.5;29330.25;377
20260916 035300;29329.75;29335.25;29329;29333.25;413
20260916 035400;29333.25;29335.5;29330.75;29332.5;408
20260916 035500;29332;29332.25;29325.25;29326.75;560
20260916 035600;29326.75;29332.5;29323.75;29331;510
20260916 035700;29330.25;29333.25;29326.25;29332.75;353
20260916 035800;29332.75;29336.75;29330.25;29331.5;394
20260916 035900;29331;29332.75;29330.5;29331.5;127
20260916 040000;29331.75;29331.75;29329.25;29329.25;130
20260916 040100;29330.25;29337.25;29330;29337;463
20260916 040200;29336.25;29336.75;29334;29335.25;230
20260916 040300;29336;29338.5;29334;29337.75;291
20260916 040400;29338;29338.75;29334.75;29338;219
20260916 040500;29338.25;29342.25;29337.25;29339.75;526
20260916 040600;29339;29339.75;29330.5;29332;507
20260916 040700;29332.75;29336.5;29331.5;29332.75;348
20260916 040800;29332.75;29335.75;29328;29332.5;573
20260916 040900;29333;29335.25;29331;29332.5;256
20260916 041000;29332;29334.25;29330.25;29332.5;238
20260916 041100;29332.75;29336.25;29332;29334.25;197
20260916 041200;29334.75;29335.5;29329.75;29333;282
20260916 041300;29333.5;29333.5;29328.5;29331;309
20260916 041400;29331.25;29335.75;29329.75;29333.75;159
20260916 041500;29333.25;29333.75;29331.75;29331.75;114
20260916 041600;29332;29334;29327;29329.75;359
20260916 041700;29330;29333;29325;29327.75;448
20260916 041800;29328.25;29329.5;29327;29327.25;241
20260916 041900;29327;29328.5;29325;29326;157
20260916 042000;29326.5;29327.25;29322.5;29325.25;345
20260916 042100;29326;29339.5;29326;29338.5;700
20260916 042200;29338.25;29338.25;29332.75;29335.25;393
20260916 042300;29335.75;29340;29334.25;29335.75;386
20260916 042400;29335.5;29340;29333.75;29339.75;238
20260916 042500;29339.5;29341.5;29334;29334;298
20260916 042600;29334;29336;29331.5;29332.5;282
20260916 042700;29332.5;29332.75;29328.5;29329.5;178
20260916 042800;29330;29330.25;29326.75;29328;240
20260916 042900;29328;29328;29320;29321.25;799
20260916 043000;29321.75;29323.75;29318;29321.75;380
20260916 043100;29321.75;29323;29317;29321.5;336
20260916 043200;29321.5;29322.5;29314.25;29317.25;457
20260916 043300;29317.25;29317.75;29308.5;29311;735
20260916 043400;29310.75;29312;29302;29303;651
20260916 043500;29303.25;29306.5;29302.5;29304;496
20260916 043600;29303.25;29305.25;29298;29302;780
20260916 043700;29301.5;29304;29299.25;29303.25;329
20260916 043800;29303.5;29311.5;29301.5;29311.25;617
20260916 043900;29311.25;29313;29304.25;29305.75;600
20260916 044000;29306;29308.5;29306;29308.5;213
20260916 044100;29308.75;29311.25;29306.75;29309;275
20260916 044200;29308;29316.75;29306.75;29312.75;594
20260916 044300;29312.75;29315.25;29311;29314.75;536
20260916 044400;29314.25;29314.25;29302.25;29304;741
20260916 044500;29304;29306.75;29302;29305.25;470
20260916 044600;29305.5;29311;29304.25;29310.5;203
20260916 044700;29310.5;29314.5;29309.5;29312.25;383
20260916 044800;29312.25;29317.25;29310.75;29317;354
20260916 044900;29317.25;29319.25;29314.5;29314.5;323
20260916 045000;29315;29317.25;29313;29317.25;193
20260916 045100;29317;29319.25;29315;29316;235
20260916 045200;29315.75;29316.25;29309.5;29312.5;390
20260916 045300;29312.25;29320;29309.5;29318.5;311
20260916 045400;29319;29319.5;29314;29314;245
20260916 045500;29314.75;29315.25;29310.75;29311.25;235
20260916 045600;29311.25;29311.75;29304.5;29309.25;464
20260916 045700;29309.5;29310.75;29304.75;29305.25;167
20260916 045800;29305.5;29313.75;29305;29313.5;351
20260916 045900;29313.5;29316;29310.75;29310.75;400
20260916 050000;29311;29313.75;29303;29303.25;502
20260916 050100;29303.5;29307.5;29302.5;29306.25;407
20260916 050200;29305;29305;29290.5;29291.25;1213
20260916 050300;29290.75;29291.75;29286;29288.25;1238
20260916 050400;29288.25;29296.75;29285.5;29293.25;737
20260916 050500;29294;29304;29292;29304;721
20260916 050600;29304;29305.5;29300.25;29301.5;449
20260916 050700;29301.75;29303;29292.5;29298.5;769
20260916 050800;29299.25;29308.5;29296.75;29307.5;738
20260916 050900;29307.75;29311.5;29302.75;29304.5;719
20260916 051000;29305.5;29314;29305.25;29313;539
20260916 051100;29313.5;29316.75;29305;29309.25;633
20260916 051200;29308.5;29315.25;29308;29312;303
20260916 051300;29310.5;29311.5;29308.25;29310.25;167
20260916 051400;29310.5;29316.5;29308.25;29315.75;255
20260916 051500;29315.75;29316.75;29311;29312.5;266
20260916 051600;29312.5;29321.25;29312;29320.5;519
20260916 051700;29320.75;29324.75;29317;29322.5;559
20260916 051800;29323.25;29326;29321.75;29322;526
20260916 051900;29321.5;29324.75;29317.5;29321;505
20260916 052000;29320.25;29322.75;29319;29320.5;218
20260916 052100;29320.75;29324.25;29316.25;29319;460
20260916 052200;29319.25;29322.75;29318.25;29320.75;241
20260916 052300;29320.75;29321.5;29310.5;29313.75;576
20260916 052400;29313;29319.5;29312.5;29318;282
20260916 052500;29317.5;29319.25;29315;29317.25;179
20260916 052600;29317.5;29323.5;29313.25;29318.75;493
20260916 052700;29319.5;29321;29314.25;29316.75;236
20260916 052800;29315.75;29319;29314.5;29317.5;261
20260916 052900;29318;29318.75;29309;29310.75;447
20260916 053000;29311.25;29323.75;29311.25;29322.25;614
20260916 053100;29321.75;29323.5;29315;29319.5;614
20260916 053200;29319;29325;29316.75;29321.75;332
20260916 053300;29321.75;29323;29319;29320.5;220
20260916 053400;29320.75;29328;29320;29323;537
20260916 053500;29323.5;29326;29322.25;29322.5;295
20260916 053600;29322.5;29327.75;29319;29326.75;837
20260916 053700;29326.75;29333;29326.25;29329.75;912
20260916 053800;29329.5;29331.25;29322.75;29324;361
20260916 053900;29324.5;29328.75;29324.25;29328;233
20260916 054000;29328.5;29331;29327.25;29329.5;235
20260916 054100;29329.5;29340.75;29329;29339.25;901
20260916 054200;29339.5;29339.75;29334.75;29335.5;469
20260916 054300;29335.5;29339;29333;29337.75;321
20260916 054400;29337.5;29337.5;29334.5;29335;207
20260916 054500;29335.75;29345.75;29335.75;29342.75;833
20260916 054600;29343.5;29347;29342.75;29345.25;438
20260916 054700;29345;29348.5;29343.75;29344.75;333
20260916 054800;29345.5;29346.75;29335.75;29337;470
20260916 054900;29337.5;29339.25;29335;29336.75;340
20260916 055000;29336.75;29337;29324.25;29325.75;817
20260916 055100;29325.5;29329;29324.25;29325.25;449
20260916 055200;29325.25;29328.75;29321.75;29326.5;588
20260916 055300;29325.75;29327.5;29320.5;29321;394
20260916 055400;29321.5;29327;29321.5;29324.5;386
20260916 055500;29324;29334.5;29323;29333;531
20260916 055600;29332.75;29338.25;29332.25;29334.5;489
20260916 055700;29334.75;29337.75;29330.75;29337.5;290
20260916 055800;29337.75;29339.75;29336;29338.25;215
20260916 055900;29338.25;29341.25;29334.25;29337.25;449
20260916 060000;29336;29336.75;29332.75;29334.5;250
20260916 060100;29334.25;29355.75;29333.25;29355.5;1691
20260916 060200;29355;29357.75;29351.25;29355.75;1099
20260916 060300;29355.75;29357.5;29347;29350;901
20260916 060400;29350.5;29350.5;29328.25;29332.25;1239
20260916 060500;29332;29334.75;29329.75;29333.5;557
20260916 060600;29333.5;29344;29333.5;29342.5;598
20260916 060700;29342.75;29355;29339.5;29353.25;942
20260916 060800;29353.25;29358.75;29348;29356.25;864
20260916 060900;29356.5;29365.5;29352.75;29354.5;1649
20260916 061000;29355;29358.5;29349.25;29356.5;753
20260916 061100;29357.75;29366.25;29355.25;29363;761
20260916 061200;29363;29368;29360.25;29367.75;534
20260916 061300;29367.75;29370.25;29364.75;29369.25;728
20260916 061400;29369;29372.5;29364;29365.5;653
20260916 061500;29366;29367.75;29360;29360.25;615
20260916 061600;29360.25;29361.5;29348;29349;1301
20260916 061700;29349.25;29361.25;29348.5;29353.5;1329
20260916 061800;29353.5;29356.25;29351;29351;347
20260916 061900;29350.5;29359.75;29349;29355.25;752
20260916 062000;29355.25;29364.5;29350.75;29363.5;588
20260916 062100;29363.25;29366.5;29360;29360.5;862
20260916 062200;29360.5;29362;29353;29359;579
20260916 062300;29357.75;29360;29350.25;29351.75;471
20260916 062400;29351.25;29352;29341;29344.75;1023
20260916 062500;29344.75;29345.25;29340.25;29343.5;507
20260916 062600;29343.25;29346.75;29341;29346;501
20260916 062700;29345.75;29348;29340.5;29341;510
20260916 062800;29340.5;29341.5;29328.75;29331.25;903
20260916 062900;29331.75;29335;29329.75;29332.75;488
20260916 063000;29332.75;29343.25;29330.5;29340.75;670
20260916 063100;29341.25;29343.5;29333;29343;920
20260916 063200;29343.5;29346.25;29334.75;29334.75;664
20260916 063300;29334.75;29338;29330.5;29337.25;528
20260916 063400;29337.75;29337.75;29331;29336.5;435
20260916 063500;29336.5;29343;29331.5;29340.75;407
20260916 063600;29340.25;29341.25;29333.75;29337;453
20260916 063700;29337.25;29342.75;29337.25;29338.5;380
20260916 063800;29338;29342.5;29336;29338.5;246
20260916 063900;29338.5;29349.5;29336.25;29344.75;604
20260916 064000;29344;29345.75;29342;29343;372
20260916 064100;29342.75;29343.25;29336;29339;296
20260916 064200;29339;29340.75;29335.75;29335.75;198
20260916 064300;29336;29340.5;29335;29338.25;287
20260916 064400;29338.5;29342.75;29336;29339.5;298
20260916 064500;29340;29346.75;29339.5;29345;409
20260916 064600;29344.5;29347.25;29342;29346.5;266
20260916 064700;29346.25;29346.25;29340;29341.75;331
20260916 064800;29341.75;29344.5;29339.25;29341.75;340
20260916 064900;29340;29345.75;29332.75;29343.5;488
20260916 065000;29343;29347.75;29342.5;29344.25;361
20260916 065100;29343.75;29351;29340.25;29346.75;554
20260916 065200;29347.5;29359;29347;29356.5;773
20260916 065300;29356.5;29362.25;29354.25;29355.5;839
20260916 065400;29355.75;29356.25;29352;29353.75;388
20260916 065500;29354;29355.25;29351.75;29354;169
20260916 065600;29354.75;29356.5;29353;29356;228
20260916 065700;29356.5;29356.5;29348.75;29352;391
20260916 065800;29352.25;29356;29352.25;29355;223
20260916 065900;29355.25;29357;29353.25;29356;202
20260916 070000;29356.5;29369.25;29355;29364.75;994
20260916 070100;29365.25;29376;29358.75;29371.75;2170
20260916 070200;29372.75;29383.25;29369.25;29377.75;1188
20260916 070300;29378.25;29383.5;29370.5;29379;1101
20260916 070400;29379.25;29388.75;29377.5;29388.5;980
20260916 070500;29388;29393.5;29384.5;29391.25;998
20260916 070600;29391.25;29395.5;29388.5;29395;772
20260916 070700;29394.5;29395;29377;29387.25;1631
20260916 070800;29388.25;29392.75;29384.5;29392;644
20260916 070900;29392.5;29393;29384;29392.25;375
20260916 071000;29391.75;29394;29390.25;29392.5;353
20260916 071100;29392.75;29394.5;29386.75;29388.75;485
20260916 071200;29389.25;29390;29378;29382;566
20260916 071300;29382;29391;29380;29390.25;713
20260916 071400;29391.25;29393.75;29387.5;29390.75;407
20260916 071500;29390.5;29392.5;29383.75;29385.25;436
20260916 071600;29384.75;29388.25;29382.25;29383;305
20260916 071700;29382.5;29383.75;29375.5;29380.5;708
20260916 071800;29380.5;29388;29380.5;29386.25;341
20260916 071900;29385.25;29385.75;29367.5;29369.5;1190
20260916 072000;29369.5;29377.5;29366.5;29367.25;553
20260916 072100;29367.25;29373.75;29367;29373.75;494
20260916 072200;29373;29378;29372.75;29377.5;306
20260916 072300;29377.5;29380.75;29376.5;29379.5;334
20260916 072400;29379;29392;29379;29386.25;602
20260916 072500;29385.5;29391.5;29383.5;29384.75;312
20260916 072600;29384.75;29390;29381;29387.25;462
20260916 072700;29388;29390.75;29384.25;29385.75;268
20260916 072800;29385.5;29388.25;29383.25;29384.5;198
20260916 072900;29384.75;29390.5;29384.5;29389;194
20260916 073000;29388.25;29388.25;29384;29387;144
20260916 073100;29386.5;29398.25;29386;29393;970
20260916 073200;29393.25;29397.25;29388;29389.75;610
20260916 073300;29390;29394.75;29388.75;29388.75;235
20260916 073400;29388.5;29390.25;29384;29384.25;422
20260916 073500;29384.5;29388.5;29384;29387.75;269
20260916 073600;29387.75;29389.25;29382.75;29385;258
20260916 073700;29384.75;29388.5;29381.25;29385;344
20260916 073800;29385.5;29385.5;29380.25;29384.25;307
20260916 073900;29383.75;29384.75;29377;29379;352
20260916 074000;29379;29379;29373;29373.5;296
20260916 074100;29373;29377;29372.75;29374.75;236
20260916 074200;29374.5;29374.75;29367;29368.75;441
20260916 074300;29368.75;29370.75;29366.75;29369.75;252
20260916 074400;29369;29371.75;29367.25;29370.75;338
20260916 074500;29371;29373.25;29368.5;29370.75;225
20260916 074600;29371.5;29372.75;29366;29367.5;345
20260916 074700;29367;29372;29366.5;29370.25;236
20260916 074800;29370.75;29377.25;29370.25;29373.25;396
20260916 074900;29372.75;29373.5;29369.25;29372.75;162
20260916 075000;29372.5;29373.75;29367.75;29371.5;214
20260916 075100;29371.75;29371.75;29368.25;29369.25;113
20260916 075200;29368.25;29368.5;29363.25;29365.75;666
20260916 075300;29366;29369.25;29364.75;29364.75;279
20260916 075400;29365.25;29372;29364.5;29365.75;452
20260916 075500;29366;29366.25;29360;29360.5;593
20260916 075600;29360.25;29373.5;29359.5;29372;446
20260916 075700;29372.75;29376.25;29371.5;29373.5;321
20260916 075800;29374.5;29376.75;29373;29375.75;257
20260916 075900;29374.5;29374.5;29366.5;29367;266
20260916 080000;29367.75;29369.25;29366.5;29368;229
20260916 080100;29368;29370;29362.25;29369.5;1160
20260916 080200;29369.5;29375;29364.75;29371;827
20260916 080300;29371.25;29376.75;29366;29369.25;544
20260916 080400;29368.75;29368.75;29361.75;29364.75;597
20260916 080500;29365;29366.5;29345;29346.25;1235
20260916 080600;29346.5;29356.5;29345.25;29349;725
20260916 080700;29349.25;29352.75;29340;29347.75;1005
20260916 080800;29347.75;29347.75;29337;29338.25;714
20260916 080900;29337.75;29345.5;29336.5;29341.75;653
20260916 081000;29340.75;29346;29336;29343.25;476
20260916 081100;29343.75;29343.75;29337.5;29339.5;389
20260916 081200;29339.25;29339.75;29327.25;29336.75;1125
20260916 081300;29336.75;29344.25;29333.5;29343.25;611
20260916 081400;29343.25;29348;29340.75;29346.25;683
20260916 081500;29346.5;29349.5;29341.5;29346.25;655
20260916 081600;29345;29357.75;29343.25;29353;766
20260916 081700;29352.75;29359.75;29350;29357.75;578
20260916 081800;29358;29366;29354.25;29363.75;879
20260916 081900;29364;29364.25;29354.75;29357.75;456
20260916 082000;29357.25;29374.25;29342.75;29355.25;2505
20260916 082100;29354.75;29363.5;29345;29345.75;1669
20260916 082200;29345;29368.75;29339;29360.5;2500
20260916 082300;29360.75;29364.5;29353;29358.75;1210
20260916 082400;29358.5;29359;29341.25;29344;861
20260916 082500;29344;29345.5;29337;29339.25;590
20260916 082600;29338.5;29339.25;29333;29337.25;506
20260916 082700;29338.5;29338.5;29331;29335.5;500
20260916 082800;29335.5;29343.5;29334.5;29341.5;529
20260916 082900;29341.5;29342.75;29335.5;29337.5;448
20260916 083000;29337;29350.5;29335;29348;828
20260916 083100;29347.75;29361.5;29343.25;29360;853
20260916 083200;29360.25;29365.75;29353.25;29363.25;691
20260916 083300;29363.75;29363.75;29351.5;29352.75;737
20260916 083400;29353.75;29357;29345;29346.25;464
20260916 083500;29346.75;29350.5;29341.5;29348.5;555
20260916 083600;29349;29353.25;29346.25;29346.5;317
20260916 083700;29347.25;29348.5;29341.25;29342;367
20260916 083800;29342;29345.75;29341.25;29342;253
20260916 083900;29342;29342.5;29335.25;29335.5;311
20260916 084000;29335.75;29335.75;29328.5;29330;483
20260916 084100;29329.5;29332.75;29325.5;29332.5;659
20260916 084200;29332;29338.25;29331;29337.75;484
20260916 084300;29337.25;29338.5;29329;29335;460
20260916 084400;29334.75;29349;29334.5;29344.25;678
20260916 084500;29344.5;29347.75;29342;29347.25;296
20260916 084600;29346.75;29351.25;29345.25;29348;399
20260916 084700;29348.5;29351.75;29343;29347.25;385
20260916 084800;29347.25;29349.25;29342;29343.75;217
20260916 084900;29343.75;29353.75;29343;29348;424
20260916 085000;29347.25;29350.25;29340.5;29342;243
20260916 085100;29341.5;29344.25;29341;29343.25;228
20260916 085200;29342.75;29345.75;29341.75;29344;245
20260916 085300;29343.25;29348.5;29343;29348.5;153
20260916 085400;29348.25;29358;29348.25;29358;489
20260916 085500;29357.5;29366;29357;29363.75;490
20260916 085600;29363.5;29366.75;29361.25;29363.25;447
20260916 085700;29362.75;29368.25;29362.75;29365.5;368
20260916 085800;29365;29375;29364.75;29373;522
20260916 085900;29373.5;29373.5;29364.25;29368;566
20260916 090000;29367.75;29373.75;29366.5;29372.75;285
20260916 090100;29373;29376;29366;29371.75;553
20260916 090200;29371.75;29373.25;29367;29371.75;341
20260916 090300;29372.25;29376.25;29363;29376.25;533
20260916 090400;29376.5;29378.75;29371.5;29373.75;465
20260916 090500;29374;29377.75;29370.25;29377.25;334
20260916 090600;29377;29382;29374;29374.25;516
20260916 090700;29374.75;29374.75;29369.5;29370.25;360
20260916 090800;29370.25;29372.75;29366;29369.5;499
20260916 090900;29368.5;29368.75;29365;29367.25;283
20260916 091000;29368.25;29376.25;29366.5;29371.75;662
20260916 091100;29371.75;29374.5;29367;29373.25;285
20260916 091200;29372.75;29372.75;29365.75;29367;216
20260916 091300;29367.25;29368.5;29364;29365.5;184
20260916 091400;29366;29366;29357;29358.75;475
20260916 091500;29357.75;29358.75;29355.25;29357;222
20260916 091600;29357.5;29359.5;29355;29357;223
20260916 091700;29357.25;29359;29351.5;29356.25;360
20260916 091800;29355.75;29356.5;29351.75;29352.5;203
20260916 091900;29353;29354.5;29341.75;29343.75;641
20260916 092000;29343.75;29344.25;29336.75;29338.25;462
20260916 092100;29337.75;29346.5;29336.5;29346;473
20260916 092200;29346;29351.75;29345.5;29350.25;445
20260916 092300;29351;29352.25;29346.25;29347.75;160
20260916 092400;29346.25;29352.25;29344;29345.25;279
20260916 092500;29345.25;29347.75;29341;29343.75;286
20260916 092600;29343.25;29362.25;29342;29356.75;1732
20260916 092700;29357.25;29368.25;29356.25;29359.75;1307
20260916 092800;29360.5;29372.5;29357.5;29365;948
20260916 092900;29365.5;29366;29351.25;29356.5;688
20260916 093000;29355.5;29357;29354;29356.75;168
20260916 093100;29356.25;29360.75;29355.5;29356.25;331
20260916 093200;29356;29361.25;29351.5;29357.75;319
20260916 093300;29356.75;29366.25;29356.5;29364.75;406
20260916 093400;29365.25;29366.5;29359.25;29365.25;203
20260916 093500;29365.25;29367.5;29361.75;29363.75;184
20260916 093600;29364.5;29365.75;29362;29362;210
20260916 093700;29361.75;29365;29360;29363.5;306
20260916 093800;29362.75;29371.25;29362.25;29366;387
20260916 093900;29366;29368.5;29363.25;29363.25;209
20260916 094000;29363.75;29373.25;29363.25;29371.5;332
20260916 094100;29371.75;29385;29369.5;29379.75;1210
20260916 094200;29379.5;29382.75;29377.25;29379.5;495
20260916 094300;29380;29384;29377.75;29383.75;382
20260916 094400;29384.25;29389.75;29380.75;29388.5;650
20260916 094500;29388.75;29390;29382;29382.25;467
20260916 094600;29382.75;29383;29369.5;29371.25;646
20260916 094700;29371;29371.75;29367.25;29369;396
20260916 094800;29369.5;29373.25;29369;29373;368
20260916 094900;29373.25;29376.25;29371.25;29374.5;261
20260916 095000;29374.25;29377;29373.25;29375.75;148
20260916 095100;29376.25;29378.5;29374.25;29378;143
20260916 095200;29376.75;29383.75;29376.5;29381.25;336
20260916 095300;29381.25;29385;29380.25;29384;212
20260916 095400;29383.75;29388.75;29382.25;29383.75;339
20260916 095500;29384.25;29386.5;29382.75;29386.5;221
20260916 095600;29386.5;29388.5;29384.25;29386;162
20260916 095700;29385.75;29388.25;29385.25;29387.75;207
20260916 095800;29388;29389.75;29387.5;29388.5;160
20260916 095900;29389.25;29391.75;29388.75;29390.25;289
20260916 100000;29390.25;29390.5;29379.25;29379.5;498
20260916 100100;29380;29382;29376.25;29380.5;462
20260916 100200;29380.25;29386.25;29376.75;29377.75;490
20260916 100300;29378;29379.25;29373;29374.75;446
20260916 100400;29374;29376.5;29373.25;29374.5;261
20260916 100500;29374.75;29375.75;29362.75;29362.75;638
20260916 100600;29363;29367.75;29358;29359;932
20260916 100700;29359;29367.5;29357.25;29367;501
20260916 100800;29366.25;29368;29362;29366.5;466
20260916 100900;29366.75;29368.75;29363;29367.75;346
20260916 101000;29367.25;29377.25;29367.25;29377.25;651
20260916 101100;29377.5;29378.75;29367.75;29367.75;491
20260916 101200;29368;29376.25;29368;29375.75;549
20260916 101300;29376.25;29378.5;29367;29367.25;314
20260916 101400;29368;29368.5;29355.5;29365.25;648
20260916 101500;29365.25;29371.25;29362.75;29369.75;362
20260916 101600;29369.25;29375;29368.5;29369.25;356
20260916 101700;29369;29369;29364.5;29365.5;360
20260916 101800;29365.25;29365.5;29361.75;29365;245
20260916 101900;29365;29365.75;29363.25;29364.5;121
20260916 102000;29365.25;29372;29364.25;29371;287
20260916 102100;29371;29377;29367.5;29372.25;471
20260916 102200;29372;29373.75;29370.25;29373;172
20260916 102300;29372.75;29373.25;29366.5;29367;262
20260916 102400;29366.75;29369;29364.75;29368;277
20260916 102500;29368;29370.75;29366.25;29367;162
20260916 102600;29367.75;29368;29365;29365.25;101
20260916 102700;29366.25;29372.5;29365.5;29372.25;192
20260916 102800;29372.75;29376;29366.5;29368.75;277
20260916 102900;29369;29374.5;29368.5;29373.75;179
20260916 103000;29373.75;29376;29372.5;29374;245
20260916 103100;29374;29376.5;29371.5;29372.5;207
20260916 103200;29372.75;29375.5;29372.25;29375.25;114
20260916 103300;29374.25;29375;29370.75;29374;214
20260916 103400;29373.75;29378.25;29371.5;29372.25;256
20260916 103500;29372.5;29373.5;29369.5;29371.5;171
20260916 103600;29371.25;29375.75;29371;29374;332
20260916 103700;29374;29378;29373.75;29377.75;230
20260916 103800;29376.75;29380;29375.75;29378;216
20260916 103900;29378.5;29380;29376.25;29376.25;174
20260916 104000;29376.75;29381.75;29373;29380.75;365
20260916 104100;29380.75;29385.25;29378.5;29384;461
20260916 104200;29383.5;29383.75;29381;29383.75;172
20260916 104300;29383.75;29383.75;29380;29381.5;222
20260916 104400;29381.5;29382;29378;29380;141
20260916 104500;29380;29383.75;29379.5;29382.25;150
20260916 104600;29381.75;29382;29378.5;29379.25;124
20260916 104700;29379.5;29380.75;29371.75;29373.25;350
20260916 104800;29372.75;29378;29372.5;29375.75;192
20260916 104900;29375.25;29376.75;29374.75;29376.25;83
20260916 105000;29376.5;29378;29374.25;29375;139
20260916 105100;29375.75;29377.25;29373.75;29374.25;93
20260916 105200;29374.25;29375.5;29370.5;29374.5;313
20260916 105300;29374;29374;29370;29371;203
20260916 105400;29371;29372.5;29369.25;29370.5;208
20260916 105500;29370.75;29372.5;29368.5;29370.25;162
20260916 105600;29370;29373.75;29369.75;29372.75;156
20260916 105700;29373.75;29375;29373.5;29375;98
20260916 105800;29375;29376.75;29373;29374.25;155
20260916 105900;29374;29376.25;29373.5;29373.75;141
20260916 110000;29372.75;29399.75;29368.75;29397.5;1383
20260916 110100;29397.5;29419;29393.25;29412.75;6963
20260916 110200;29412.25;29412.5;29387.5;29388;1993
20260916 110300;29388;29395;29386.5;29388.75;803
20260916 110400;29389;29391;29383.5;29389.25;495
20260916 110500;29390;29394.75;29385;29393.25;497
20260916 110600;29392.25;29396;29388.5;29389;429
20260916 110700;29388.75;29389.5;29383.5;29383.5;457
20260916 110800;29383.75;29385.25;29378.5;29381;656
20260916 110900;29381.75;29395.75;29376.75;29383.25;1100
20260916 111000;29383.25;29399;29382.75;29392.5;908
20260916 111100;29391;29395.75;29390.25;29393.25;479
20260916 111200;29393.25;29393.5;29379;29383.25;578
20260916 111300;29382.5;29386.75;29382.5;29385.75;334
20260916 111400;29386;29386;29377;29378;381
20260916 111500;29378.25;29379;29372.5;29372.5;409
20260916 111600;29372.5;29373.25;29363.25;29366;852
20260916 111700;29366;29370.5;29366;29370.25;420
20260916 111800;29370.25;29377.25;29368.75;29372.5;543
20260916 111900;29373;29375.5;29369;29371.5;447
20260916 112000;29372;29378;29371;29377.25;317
20260916 112100;29376.75;29378.5;29370.75;29373;496
20260916 112200;29373.5;29374;29365.75;29370.25;602
20260916 112300;29370.75;29371;29366.5;29368.25;300
20260916 112400;29368.75;29374.75;29368;29373.5;304
20260916 112500;29373.75;29379;29373.25;29375.75;395
20260916 112600;29376;29385.25;29373.75;29383.5;575
20260916 112700;29382.75;29386.5;29380.75;29384.25;595
20260916 112800;29384.25;29388.5;29382.25;29385.5;413
20260916 112900;29385.5;29386.75;29378.75;29385.25;659
20260916 113000;29386.25;29387;29380;29380;261
20260916 113100;29379.5;29383.25;29377.75;29379;311
20260916 113200;29379.75;29385.25;29378.25;29384.5;551
20260916 113300;29384.75;29387.25;29379.25;29384.25;463
20260916 113400;29384;29396;29383.25;29392.75;865
20260916 113500;29392.5;29394;29389.75;29390.25;464
20260916 113600;29390;29392.25;29388;29389.5;468
20260916 113700;29389.5;29394;29388.75;29392.75;226
20260916 113800;29393.75;29400.75;29388.25;29389;660
20260916 113900;29390;29393;29385;29393;484
20260916 114000;29392.5;29398.75;29391;29398.5;388
20260916 114100;29398;29400;29380.75;29395.5;1942
20260916 114200;29397;29409.5;29394.5;29398.5;1302
20260916 114300;29398.5;29405.75;29391.25;29404.75;646
20260916 114400;29405.25;29418.25;29403.5;29415;881
20260916 114500;29415;29415.75;29406.5;29409;486
20260916 114600;29409.75;29411.75;29407;29411.25;297
20260916 114700;29411.75;29413.5;29407;29410;324
20260916 114800;29409.25;29415.25;29407.5;29412.5;283
20260916 114900;29412.25;29413.25;29405.5;29406.25;358
20260916 115000;29406.25;29410;29404.75;29408.5;256
20260916 115100;29409.25;29411.5;29406.25;29410.25;250
20260916 115200;29410.75;29413.75;29408.5;29412.5;283
20260916 115300;29411.75;29414;29408.5;29411.75;335
20260916 115400;29411;29412;29407.25;29408.25;206
20260916 115500;29407.75;29412.5;29407.75;29412.5;241
20260916 115600;29412;29412.5;29409.25;29409.25;189
20260916 115700;29409;29413.25;29408.75;29411;199
20260916 115800;29410.75;29414;29405;29407.25;335
20260916 115900;29407;29409.75;29402.75;29408.5;519
20260916 120000;29408.5;29417;29407.75;29417;459
20260916 120100;29415.5;29421.5;29412.5;29417.5;1041
20260916 120200;29417.5;29430;29417;29427;1987
20260916 120300;29427.75;29427.75;29411.5;29415.25;1174
20260916 120400;29415.75;29418;29414.5;29417.5;480
20260916 120500;29417;29424.5;29416.25;29423.75;586
20260916 120600;29424;29425;29417;29420.25;599
20260916 120700;29420.5;29429;29420;29428;636
20260916 120800;29428.25;29436.25;29428;29433.75;1340
20260916 120900;29433.5;29439;29433.5;29434.75;773
20260916 121000;29434.5;29435.5;29431.75;29434.25;372
20260916 121100;29433.5;29434;29427;29429.5;727
20260916 121200;29430;29434.5;29426.5;29429.5;407
20260916 121300;29429;29431.75;29428;29429.75;311
20260916 121400;29430.25;29430.5;29422.5;29424.5;504
20260916 121500;29424;29425.5;29421.25;29422.5;396
20260916 121600;29422.5;29427;29420.25;29425.25;453
20260916 121700;29425.25;29428.25;29422.75;29426.75;453
20260916 121800;29427;29430.75;29421.75;29424.25;531
20260916 121900;29424;29430.75;29421.25;29423;950
20260916 122000;29423;29432;29422.5;29431.75;505
20260916 122100;29432;29433.25;29424.75;29429.5;662
20260916 122200;29426.5;29434.25;29426.5;29432;544
20260916 122300;29431.75;29433;29425.25;29433;375
20260916 122400;29432.75;29436;29427.75;29428;622
20260916 122500;29428.75;29430.75;29422.25;29424;601
20260916 122600;29424.5;29432;29423.75;29429.5;596
20260916 122700;29430;29434.5;29429.5;29431;308
20260916 122800;29430.75;29436.5;29425.5;29427.75;752
20260916 122900;29427.5;29427.5;29422;29425.5;396
20260916 123000;29425;29433.75;29423.25;29432.75;446
20260916 123100;29432;29433.25;29421.25;29423.75;1063
20260916 123200;29424;29426.25;29415;29417.25;1254
20260916 123300;29417.5;29419;29407;29408;1525
20260916 123400;29408.5;29413.25;29403.25;29412;1040
20260916 123500;29412.25;29415;29409;29411.5;494
20260916 123600;29410.75;29414;29405.25;29405.5;906
20260916 123700;29405.75;29408.25;29393;29394.5;1587
20260916 123800;29393.5;29396.75;29388.5;29390.75;1179
20260916 123900;29390.75;29392.75;29376.25;29376.5;2096
20260916 124000;29377;29384.25;29374.75;29383.25;1565
20260916 124100;29384;29385;29377.5;29380.25;931
20260916 124200;29380;29384.5;29378.25;29378.5;687
20260916 124300;29378.75;29383;29375.25;29375.25;671
20260916 124400;29375;29376.5;29369;29373;1374
20260916 124500;29373.25;29377;29367.5;29368.75;875
20260916 124600;29368.5;29372.25;29364;29372.25;1344
20260916 124700;29372;29375.75;29371.75;29374;896
20260916 124800;29373.75;29376.25;29369.75;29374.5;618
20260916 124900;29373.5;29380.25;29373.5;29377.75;981
20260916 125000;29377.5;29398.25;29377.25;29397.5;2305
20260916 125100;29397.25;29402;29394.25;29400.25;1877
20260916 125200;29400;29405.25;29392.5;29396;1459
20260916 125300;29396;29396.25;29388;29388.5;1049
20260916 125400;29388.25;29390.25;29376.25;29386.25;1423
20260916 125500;29386;29388.75;29378.25;29378.75;737
20260916 125600;29378.75;29385.25;29375.5;29384.75;1076
20260916 125700;29384.5;29387;29379.25;29386.25;666
20260916 125800;29386.5;29394.5;29385;29392.75;1154
20260916 125900;29392.75;29394;29390.25;29391.5;486
20260916 130000;29392;29408;29390.5;29401.5;1565
20260916 130100;29401.5;29412;29383.5;29384.25;4297
20260916 130200;29384;29384.5;29377.75;29381.75;1397
20260916 130300;29381.5;29384.5;29374.25;29376.25;1248
20260916 130400;29376.25;29378.25;29368;29368.5;1113
20260916 130500;29368.5;29369.25;29364.25;29367.25;1224
20260916 130600;29367.25;29375.25;29366.5;29369.5;1294
20260916 130700;29369.75;29374;29366.25;29374;898
20260916 130800;29373.75;29379.75;29371.75;29378.25;982
20260916 130900;29378;29385.75;29376.25;29385;838
20260916 131000;29385;29392.25;29384.75;29391.5;1066
20260916 131100;29391.75;29392;29384.25;29387.75;1162
20260916 131200;29388.75;29396.5;29385.25;29393.5;1049
20260916 131300;29393.25;29405.25;29393;29404.25;1560
20260916 131400;29404.25;29404.5;29400;29402.75;953
20260916 131500;29402.75;29403.75;29400.25;29403;670
20260916 131600;29403;29403.25;29395.5;29395.5;1238
20260916 131700;29396;29402.25;29394;29396.75;1310
20260916 131800;29397;29399;29392.25;29394;867
20260916 131900;29393.5;29399.75;29391.5;29393.75;967
20260916 132000;29393.75;29394.75;29385.75;29388.25;1385
20260916 132100;29387.75;29395.5;29383.75;29393.25;1509
20260916 132200;29392.75;29408.25;29392.5;29403;2239
20260916 132300;29403.5;29414.75;29403.25;29404.75;2271
20260916 132400;29404.5;29406.5;29396;29398.25;1234
20260916 132500;29398.75;29403.25;29396.25;29396.5;779
20260916 132600;29397.25;29403.25;29392;29398;1878
20260916 132700;29397.25;29401.25;29393.5;29394.75;720
20260916 132800;29394.75;29401;29391.75;29401;1004
20260916 132900;29400.75;29400.75;29391.5;29396.25;997
20260916 133000;29395.5;29395.5;29386;29386.25;1729
20260916 133100;29386.75;29421.75;29381;29415;14232
20260916 133200;29415.5;29416.5;29388.5;29400.5;8813
20260916 133300;29400.25;29401.75;29384.75;29386.25;6748
20260916 133400;29386.25;29399;29382.75;29390;5740
20260916 133500;29389.75;29408.5;29385.5;29406;5396
20260916 133600;29405.75;29411.75;29397;29398.75;5841
20260916 133700;29398.75;29398.75;29373;29389.5;7668
20260916 133800;29390.25;29400.75;29384.75;29395;3706
20260916 133900;29395.25;29404;29394.25;29397;3901
20260916 134000;29397;29397.25;29379.75;29391;5405
20260916 134100;29391.25;29404;29387.5;29401.75;4183
20260916 134200;29401.25;29420;29398.5;29408.75;7048
20260916 134300;29409;29419.5;29406.25;29416.5;3697
20260916 134400;29416.5;29423.25;29409.25;29413;4288
20260916 134500;29412.75;29415.25;29403.75;29404.5;3779
20260916 134600;29404.5;29434.75;29401;29434.5;9896
20260916 134700;29434;29455.5;29429.75;29444.25;11843
20260916 134800;29444.75;29447.5;29435.75;29446.5;5175
20260916 134900;29446.5;29447.75;29436.75;29440;3376
20260916 135000;29440.5;29465;29438;29462;7031
20260916 135100;29462.25;29477.75;29458;29467.5;8634
20260916 135200;29467;29475;29455.75;29469.5;6508
20260916 135300;29469.25;29471.5;29461.25;29466.75;3176
20260916 135400;29466.75;29475;29453.25;29473.5;5347
20260916 135500;29473.5;29473.5;29456;29463;3679
20260916 135600;29463;29479.75;29458.25;29469.5;4895
20260916 135700;29469.5;29469.75;29462.5;29467.75;2684
20260916 135800;29467.25;29471.75;29463;29465;1991
20260916 135900;29465.25;29469.25;29456.25;29465;2856
20260916 140000;29465.25;29481.5;29462.75;29479;3445
20260916 140100;29479.25;29482.75;29471.75;29475.75;4530
20260916 140200;29475.5;29476.5;29457.25;29461;5744
20260916 140300;29460.75;29461;29438.25;29439;7762
20260916 140400;29438.75;29442;29431.25;29437.5;7045
20260916 140500;29437.25;29439.75;29430;29435.25;4084
20260916 140600;29434.75;29444.5;29432.75;29434.75;5180
20260916 140700;29435;29442.25;29424.5;29439.75;7185
20260916 140800;29440;29453.75;29436;29452;7108
20260916 140900;29452.25;29464.75;29447;29462.75;6656
20260916 141000;29462.75;29468;29452.25;29454.5;6115
20260916 141100;29454.5;29462;29454;29460.75;3029
20260916 141200;29461;29461.5;29439;29444;6302
20260916 141300;29444.5;29444.75;29427;29429.5;5311
20260916 141400;29429.5;29434.25;29418;29433.25;7068
20260916 141500;29433.25;29457;29430;29450;6319
20260916 141600;29449.75;29458.25;29444.75;29454.75;5595
20260916 141700;29454.5;29462.25;29450.5;29459.5;4030
20260916 141800;29459;29465;29451.75;29463;4359
20260916 141900;29463.25;29472.5;29460.75;29472.25;4430
20260916 142000;29472.25;29477;29464.5;29469.25;5056
20260916 142100;29469.25;29474.5;29464;29465.5;3084
20260916 142200;29465.5;29472.75;29464.25;29467.5;2598
20260916 142300;29467.75;29469;29454.5;29460.5;4531
20260916 142400;29460.25;29472.5;29454.5;29468.25;3599
20260916 142500;29468;29471;29461;29463.5;2721
20260916 142600;29464;29465;29452.75;29458.5;3433
20260916 142700;29458.25;29461.25;29455;29456.5;1658
20260916 142800;29456.25;29459.75;29444.5;29448;3779
20260916 142900;29448;29454.75;29444.75;29446;2947
20260916 143000;29446.25;29462.5;29446;29451.75;3525
20260916 143100;29452;29457;29446;29455;3193
20260916 143200;29455.25;29456.75;29442.25;29449.25;3728
20260916 143300;29449;29450;29436.75;29442.5;3907
20260916 143400;29442.75;29459.25;29441;29452;4178
20260916 143500;29451.75;29454.5;29440.25;29444.75;2529
20260916 143600;29444.75;29449;29439.75;29440.75;2554
20260916 143700;29441.5;29445.25;29428.75;29431.75;3859
20260916 143800;29431.75;29443.5;29425.75;29443.5;4663
20260916 143900;29443.75;29449.75;29439.25;29449.25;3451
20260916 144000;29449.5;29449.5;29436.5;29438.5;2560
20260916 144100;29438.25;29453;29436.75;29451.75;2872
20260916 144200;29451.75;29456.25;29443.5;29446.75;3762
20260916 144300;29446.5;29453.75;29440.25;29448.75;2645
20260916 144400;29448.75;29462;29445.25;29460.5;3576
20260916 144500;29460;29466.75;29455.5;29466.5;3250
20260916 144600;29466.25;29475.25;29465;29467.5;4640
20260916 144700;29468;29474.25;29465.75;29470;2521
20260916 144800;29469.5;29470.25;29458.5;29463;3184
20260916 144900;29463;29464.25;29457.25;29459.5;2383
20260916 145000;29459.5;29461;29451;29457.5;3010
20260916 145100;29457.5;29464.25;29452.25;29454.25;2423
20260916 145200;29454.25;29458.25;29450;29452.75;2256
20260916 145300;29452;29467;29452;29466.5;2676
20260916 145400;29466.25;29473;29464.5;29468.75;2795
20260916 145500;29468.5;29469.25;29462.75;29463.5;1875
20260916 145600;29464.25;29468.5;29460;29462;1669
20260916 145700;29462;29469.75;29461;29468.25;1595
20260916 145800;29468.25;29474.75;29463.75;29474.25;2059
20260916 145900;29474;29480;29471;29477.5;3754
20260916 150000;29477.75;29500.5;29477.5;29499;9881
20260916 150100;29499;29514.25;29499;29511;8282
20260916 150200;29511;29514.5;29505.25;29507;3632
20260916 150300;29507.5;29508.75;29485;29485;5690
20260916 150400;29485.5;29502.5;29484.75;29500;4107
20260916 150500;29499.5;29504.5;29497.25;29501;2517
20260916 150600;29501;29503.75;29494;29501.25;2599
20260916 150700;29501.25;29505.5;29491.75;29504;2971
20260916 150800;29504;29528;29499.5;29516.25;8230
20260916 150900;29515.5;29529.5;29508.75;29529.5;5733
20260916 151000;29529;29536.25;29524;29528.5;6066
20260916 151100;29529.25;29534;29523.25;29525.25;4242
20260916 151200;29524.75;29532.75;29514.25;29517;6503
20260916 151300;29516.75;29519;29508.75;29518.75;3067
20260916 151400;29518.5;29521.5;29513;29520.75;2481
20260916 151500;29520.5;29524.5;29516.75;29524;2131
20260916 151600;29523.75;29526;29507;29510.5;3343
20260916 151700;29510.5;29510.5;29499;29499.75;3376
20260916 151800;29499.25;29503;29495.25;29498.5;3544
20260916 151900;29499.25;29501.25;29495.25;29499;1650
20260916 152000;29499.25;29509.5;29498.25;29508;2492
20260916 152100;29508.25;29508.5;29502.25;29505.5;1431
20260916 152200;29505.5;29506.5;29499.5;29504.25;1583
20260916 152300;29504;29508.25;29503.75;29507.5;1160
20260916 152400;29507.25;29510.5;29505.5;29507.25;1648
20260916 152500;29506.5;29517.25;29505.5;29516.25;2470
20260916 152600;29516.5;29524.75;29508;29524.5;3061
20260916 152700;29524.5;29524.75;29515.25;29516.25;2033
20260916 152800;29516.25;29518.25;29513;29518;1374
20260916 152900;29517.75;29519.5;29503.25;29505.25;2135
20260916 153000;29505;29508.5;29501.25;29506.75;2039
20260916 153100;29506.75;29511.25;29494;29497.5;3824
20260916 153200;29497.25;29499;29491.5;29494.5;2894
20260916 153300;29494;29494.25;29485.75;29487.5;2775
20260916 153400;29487.75;29489.5;29485;29486;1970
20260916 153500;29486.25;29493.25;29482;29489.75;3739
20260916 153600;29490.25;29494.75;29485.25;29492.25;3020
20260916 153700;29491.75;29496.25;29487.75;29493;1777
20260916 153800;29492.75;29496;29483.25;29487.75;2176
20260916 153900;29487.75;29497.75;29486;29497.25;2004
20260916 154000;29497.25;29505.5;29491.5;29493.25;3995
20260916 154100;29493.75;29502.5;29493;29499.25;1651
20260916 154200;29499.5;29499.5;29490;29490.25;1715
20260916 154300;29490.5;29496;29484;29495;2099
20260916 154400;29495;29497.75;29490.5;29494.25;1437
20260916 154500;29494;29499.5;29492.5;29496.25;1008
20260916 154600;29495.5;29497.5;29490.75;29494;1159
20260916 154700;29493.5;29496.75;29488.75;29491.25;1158
20260916 154800;29491.25;29552.5;29490;29530;21617
20260916 154900;29529.5;29537;29523;29536;4914
20260916 155000;29535.25;29535.5;29520.75;29527.5;3152
20260916 155100;29527.75;29532;29518.75;29524.25;3004
20260916 155200;29524;29524;29514.25;29516.5;2616
20260916 155300;29516.5;29522;29511.5;29520.25;2263
20260916 155400;29520;29524.75;29511.25;29514.5;1723
20260916 155500;29514.75;29517.75;29509.75;29511.25;1332
20260916 155600;29511.5;29516.25;29505;29515;2338
20260916 155700;29515.5;29515.5;29507;29512.75;1356
20260916 155800;29512.5;29514.75;29505;29510.75;1295
20260916 155900;29510.75;29514.25;29507.75;29511.5;1063
20260916 160000;29511.5;29514.25;29497.75;29500;2731
20260916 160100;29499.75;29502.5;29494;29497.75;3353
20260916 160200;29497.5;29497.75;29487.25;29488.5;2454
20260916 160300;29488.5;29491;29483.75;29487.5;2274
20260916 160400;29487.25;29488.75;29478;29480.75;2751
20260916 160500;29480.75;29481.5;29475.25;29475.5;2418
20260916 160600;29476;29483.75;29475.25;29481;1996
20260916 160700;29481;29486;29479.5;29481.5;1451
20260916 160800;29481.5;29483.75;29478;29478.25;1233
20260916 160900;29478;29482.75;29476.25;29481.25;1182
20260916 161000;29481.75;29489;29480.75;29485.25;1751
20260916 161100;29485.75;29487.25;29482;29482.75;913
20260916 161200;29483.75;29483.75;29477;29478;1500
20260916 161300;29478.75;29479.5;29469.5;29472.5;2728
20260916 161400;29472.25;29485.25;29472;29483.5;1779
20260916 161500;29483.25;29485;29479.75;29484.75;894
20260916 161600;29484.5;29491;29481.75;29489.75;2244
20260916 161700;29490;29491;29483.5;29485.25;1607
20260916 161800;29484.75;29494;29484.5;29493.75;1697
20260916 161900;29494;29495.5;29488.75;29489.75;1468
20260916 162000;29490;29491.75;29487.5;29490.5;891
20260916 162100;29490.25;29490.5;29481.75;29485.5;2017
20260916 162200;29485.5;29486;29475.25;29476.25;1576
20260916 162300;29476.25;29476.75;29467.5;29473.75;2705
20260916 162400;29473.5;29476.75;29471.25;29473.5;1245
20260916 162500;29473.25;29474.75;29468.75;29469.75;1006
20260916 162600;29469.75;29475;29468;29473;1440
20260916 162700;29473;29478.5;29472.5;29477.5;1285
20260916 162800;29477.5;29478;29472.25;29473.5;801
20260916 162900;29474;29478.25;29470;29476.75;1107
20260916 163000;29477;29486;29476.25;29485;1935
20260916 163100;29484.75;29487.5;29481.25;29483;1674
20260916 163200;29483;29486.5;29475.5;29476.5;1226
20260916 163300;29476.25;29478.25;29469;29470.75;1660
20260916 163400;29470.75;29473.25;29464.5;29465.25;2009
20260916 163500;29465.5;29469.5;29463.75;29465.75;1326
20260916 163600;29466;29473.5;29465;29469.5;1797
20260916 163700;29469.5;29473.5;29469;29471.5;678
20260916 163800;29471;29475;29467;29470;1124
20260916 163900;29470;29472;29468.25;29471.5;715
20260916 164000;29471.5;29473;29466.25;29470.5;797
20260916 164100;29470;29473.5;29467.5;29473;762
20260916 164200;29472.5;29472.5;29467;29469.75;668
20260916 164300;29469.5;29471.25;29466.75;29469.25;667
20260916 164400;29469.5;29471;29466.5;29471;522
20260916 164500;29470.5;29477.25;29469.25;29470;1605
20260916 164600;29470.25;29481;29470.25;29480;1448
20260916 164700;29479.75;29488.25;29477.75;29487.5;1746
20260916 164800;29487;29490.5;29485.25;29490;1411
20260916 164900;29489.5;29492.25;29487.5;29489.75;1464
20260916 165000;29489.5;29491.5;29485.5;29485.75;927
20260916 165100;29485.5;29488;29473.25;29473.75;2335
20260916 165200;29474;29478.25;29471;29471.25;1649
20260916 165300;29471.5;29473.25;29466;29472.5;1870
20260916 165400;29472;29473;29468.25;29470.75;879
20260916 165500;29471;29474.75;29470;29474.25;730
20260916 165600;29474.75;29479.25;29473.75;29476.75;1133
20260916 165700;29476.75;29479.5;29473;29474.5;864
20260916 165800;29474.5;29477;29471.25;29474.75;667
20260916 165900;29474.25;29476;29472.5;29475.5;422
20260916 170000;29474.75;29474.75;29468;29468.5;927
20260916 170100;29469;29469.75;29451.25;29453.25;4438
20260916 170200;29453;29454.5;29448.75;29450.25;2420
20260916 170300;29450;29452;29446.75;29449.75;2088
20260916 170400;29449.75;29451.5;29439.5;29442.5;2372
20260916 170500;29443;29449;29442;29448;1334
20260916 170600;29448.25;29451;29444.75;29445.25;1353
20260916 170700;29445;29450.5;29445;29446.25;859
20260916 170800;29446.25;29450.75;29445.5;29448.75;914
20260916 170900;29448.5;29451.75;29447;29450.25;1084
20260916 171000;29450.25;29452.75;29448.5;29452.25;753
20260916 171100;29452.25;29456.5;29450;29451.75;1458
20260916 171200;29451.75;29453.5;29445.5;29445.75;959
20260916 171300;29445.75;29449.25;29444.75;29447.75;820
20260916 171400;29447.75;29452.75;29447.75;29451.25;929
20260916 171500;29451;29463.5;29451;29460;2236
20260916 171600;29460;29462;29457;29458.75;1281
20260916 171700;29458.25;29464.5;29457;29463.5;1014
20260916 171800;29463.75;29464.25;29457.5;29457.5;833
20260916 171900;29457.5;29462.5;29457;29458.25;754
20260916 172000;29457.75;29459.25;29452.25;29454;903
20260916 172100;29454;29460;29453.25;29458.25;753
20260916 172200;29458.25;29462.75;29457;29460;849
20260916 172300;29459.75;29461;29451.25;29452.5;1011
20260916 172400;29452.25;29452.5;29445.5;29446.5;1406
20260916 172500;29446.5;29448.75;29443.5;29448.25;895
20260916 172600;29447.75;29456.5;29447.75;29454;1392
20260916 172700;29453.75;29455;29448.75;29453.75;777
20260916 172800;29453.25;29456.25;29451.5;29455;575
20260916 172900;29454.5;29455.5;29450.5;29450.5;557
20260916 173000;29450.5;29457.75;29450.5;29456.25;605
20260916 173100;29456.75;29463;29455.25;29456.25;1370
20260916 173200;29456;29456.75;29447.75;29451.5;1209
20260916 173300;29451;29453.25;29447;29449.25;1098
20260916 173400;29449.5;29452.5;29447.25;29448.5;671
20260916 173500;29448.25;29453.25;29447.25;29451.75;440
20260916 173600;29452;29453;29448.5;29452.25;462
20260916 173700;29451.75;29455;29450.75;29453.75;484
20260916 173800;29453;29454.5;29450.75;29451;620
20260916 173900;29451.25;29452.25;29445.75;29447.75;877
20260916 174000;29447.75;29448.75;29440.5;29441;920
20260916 174100;29440.5;29441.25;29430.5;29431.25;2601
20260916 174200;29431.75;29433.75;29427.5;29432;1646
20260916 174300;29431.75;29432.5;29426;29429.75;1054
20260916 174400;29429.75;29432.5;29420.5;29420.75;1523
20260916 174500;29420.5;29424.75;29418.75;29423;1580
20260916 174600;29422.75;29432.75;29422.75;29432.25;1880
20260916 174700;29432.25;29440.75;29430.75;29440;1582
20260916 174800;29439.75;29444.25;29439;29441.5;1409
20260916 174900;29441.25;29442.75;29432.75;29433.75;1257
20260916 175000;29433.5;29436.25;29431;29433.25;969
20260916 175100;29433.5;29434;29426;29431.25;1371
20260916 175200;29430.75;29435;29428.5;29434.25;1057
20260916 175300;29434.25;29439.5;29430.75;29438.25;977
20260916 175400;29438.75;29448.25;29438;29448.25;1511
20260916 175500;29448.25;29450.5;29442.5;29445.5;1232
20260916 175600;29445;29449;29443.75;29447;749
20260916 175700;29447.75;29462.75;29445.5;29462.5;2032
20260916 175800;29461.5;29462.75;29456.25;29461.25;1001
20260916 175900;29459.5;29484;29459.25;29473.75;3005
20260916 180000;29474.75;29483.75;29460.25;29478;2139
20260916 180100;29479;29530;29419.25;29455.25;11888
20260916 180200;29455;29461.75;29415;29422.25;9022
20260916 180300;29423.25;29469.5;29412.75;29466.25;6428
20260916 180400;29466.25;29488;29461.5;29467.25;5501
20260916 180500;29466.5;29517.5;29458.25;29508;6146
20260916 180600;29508.75;29533;29504.5;29521.5;7602
20260916 180700;29521;29528;29494;29502;7497
20260916 180800;29502;29518;29494.5;29513;5255
20260916 180900;29512.75;29538.75;29510;29511.75;7012
20260916 181000;29511.75;29515.75;29499;29500.5;4161
20260916 181100;29501;29509.75;29476.25;29485.25;6016
20260916 181200;29484.25;29490.75;29472.25;29477.5;4280
20260916 181300;29477.75;29480.75;29464;29468;4716
20260916 181400;29468.75;29483.25;29456.75;29476.25;5977
20260916 181500;29477;29489;29457.5;29465.25;3924
20260916 181600;29464.75;29472.5;29453.75;29456.5;3466
20260916 181700;29456;29466.75;29451.75;29460;3595
20260916 181800;29460.25;29470;29458;29465;2690
20260916 181900;29465.75;29477;29454.25;29455.25;3775
20260916 182000;29455.75;29483.25;29451;29464.75;5233
20260916 182100;29464.5;29468.25;29447.5;29457.5;3983
20260916 182200;29458;29476;29457;29463.25;2764
20260916 182300;29463;29479.5;29461;29464;2394
20260916 182400;29464.75;29471.25;29454.75;29468.25;2092
20260916 182500;29469;29471.75;29453.5;29455;1919
20260916 182600;29455;29460;29440;29444;3471
20260916 182700;29443.75;29451.5;29436.75;29442;3128
20260916 182800;29441.75;29445;29411.75;29416;5103
20260916 182900;29415.75;29429.5;29406.5;29426.75;4997
20260916 183000;29427.25;29461;29425.5;29454.75;4527
20260916 183100;29454.75;29467.25;29436.25;29441.5;5444
20260916 183200;29441.5;29441.75;29406;29419.25;6098
20260916 183300;29418.5;29423.75;29372;29385.75;10520
20260916 183400;29386;29408.75;29371.75;29383.5;9697
20260916 183500;29383.5;29397;29366.5;29371.75;6198
20260916 183600;29370.25;29374;29332.5;29342.5;10296
20260916 183700;29343;29349.75;29300.5;29303.75;9872
20260916 183800;29304;29329.75;29303.25;29324.25;8185
20260916 183900;29324.5;29380;29324.25;29364.75;10501
20260916 184000;29365;29401.25;29362.5;29391.25;8772
20260916 184100;29391;29420.25;29384.5;29416.5;7457
20260916 184200;29416.5;29448.25;29402.75;29444.5;9010
20260916 184300;29444;29487.5;29442.5;29486;10042
20260916 184400;29486;29495;29469.25;29482.25;8328
20260916 184500;29482.25;29485.75;29436;29439;7640
20260916 184600;29439.5;29473.75;29428.25;29448.25;8520
20260916 184700;29448.75;29451.75;29422;29422;6163
20260916 184800;29422.25;29437.75;29400;29404.5;8172
20260916 184900;29404.25;29407;29387;29388;6748
20260916 185000;29388.75;29396.75;29376;29381.25;6095
20260916 185100;29381;29397.75;29357.5;29359.5;8418
20260916 185200;29359.5;29375.5;29340.75;29374.5;8381
20260916 185300;29374.5;29375;29321.25;29338.25;10038
20260916 185400;29338.5;29355.75;29303.5;29306.25;8492
20260916 185500;29306.5;29315.25;29292;29295.75;8612
20260916 185600;29296.5;29324.5;29286.75;29294.25;10911
20260916 185700;29294.5;29296;29259;29259.5;11399
20260916 185800;29260;29260.25;29220.75;29240.75;11095
20260916 185900;29240.75;29263.5;29234;29256;8178
20260916 190000;29254.75;29275;29225.5;29231.75;9407
20260916 190100;29231.25;29287.5;29221;29282.75;12980
20260916 190200;29283;29292.5;29255.5;29258.5;8138
20260916 190300;29258.5;29273;29246.5;29262.25;6517
20260916 190400;29261;29296.75;29251.5;29289.5;6997
20260916 190500;29290.25;29303.5;29265.75;29273.75;7370
20260916 190600;29273.25;29275.5;29228.75;29262;9476
20260916 190700;29261.75;29277.75;29253.75;29256.75;5613
20260916 190800;29257;29257.25;29223.25;29240.25;7242
20260916 190900;29240;29248.5;29199;29208.75;10558
20260916 191000;29209;29214;29186.5;29204.75;7355
20260916 191100;29203.5;29212;29168.25;29169.75;8584
20260916 191200;29170;29177;29140.25;29147;9690
20260916 191300;29146.75;29157.5;29130.5;29138.5;7905
20260916 191400;29138.75;29148.75;29114.5;29120.75;8292
20260916 191500;29120.75;29153.25;29107.75;29130;10842
20260916 191600;29129.75;29164.5;29127;29135.5;8771
20260916 191700;29135.75;29135.75;29109.5;29132.5;6662
20260916 191800;29132;29141.75;29118.75;29124;7199
20260916 191900;29123.25;29135;29113.5;29116;5543
20260916 192000;29116;29122.25;29085.25;29109.5;8369
20260916 192100;29110;29131.5;29096;29096.5;7850
20260916 192200;29096.25;29106;29088;29103.5;5792
20260916 192300;29103.5;29119.5;29082.75;29087.5;7362
20260916 192400;29088;29111;29085;29096.25;6412
20260916 192500;29095.75;29115.25;29089;29111.25;5133
20260916 192600;29112.75;29125;29065.5;29066;9285
20260916 192700;29065.75;29071.5;29055.75;29064;6386
20260916 192800;29064.25;29091.25;29052.75;29086.5;6820
20260916 192900;29085.75;29099.5;29067;29076.5;5952
20260916 193000;29076.5;29136.75;29076.5;29132.75;8249
20260916 193100;29132;29146.5;29122.75;29143.5;7827
20260916 193200;29143;29157.25;29137.75;29148.5;6985
20260916 193300;29148.25;29177.5;29143.5;29168.25;6642
20260916 193400;29167.5;29180.25;29149.5;29172.25;6673
20260916 193500;29172.25;29197.5;29165.75;29195.25;5524
20260916 193600;29195.25;29199.5;29172.75;29185.5;6002
20260916 193700;29184.75;29187.75;29142.5;29149.5;7511
20260916 193800;29150;29180.5;29141.75;29179.75;5958
20260916 193900;29179.25;29184;29164.75;29168.5;4539
20260916 194000;29168.75;29196.5;29168.75;29190.75;4145
20260916 194100;29190.5;29193;29178;29183.25;4237
20260916 194200;29183;29208.5;29162.5;29162.75;7789
20260916 194300;29162.75;29175;29151;29167.25;5271
20260916 194400;29167;29184.5;29165.5;29179.25;3752
20260916 194500;29179;29189.75;29166.25;29174;3673
20260916 194600;29174;29215;29173;29214.25;5507
20260916 194700;29213.75;29226;29205.25;29210.75;6012
20260916 194800;29211;29226.75;29206.75;29224.75;3387
20260916 194900;29225.25;29236.75;29216.5;29230;3835
20260916 195000;29229.75;29235.25;29221;29225;3035
20260916 195100;29224.25;29249;29222.5;29243.25;6490
20260916 195200;29243.25;29254.75;29225;29225.25;5233
20260916 195300;29225.75;29237.5;29216.75;29236.75;4871
20260916 195400;29236.75;29241.5;29221;29226.75;3535
20260916 195500;29227;29248.5;29217;29239.75;5327
20260916 195600;29240.5;29241.5;29219;29237.75;5528
20260916 195700;29237.5;29247;29229;29247;2486
20260916 195800;29246.5;29249.75;29229;29235.25;2628
20260916 195900;29235.75;29237.75;29227;29237.75;1980
20260916 200000;29238;29268;29229.75;29253.75;9481
20260916 200100;29253.75;29269.5;29246.75;29260;4670
20260916 200200;29260.5;29265;29253;29259.5;1737
20260916 200300;29259.75;29277.75;29259;29272;2653
20260916 200400;29272;29282.75;29271.25;29278;2157
20260916 200500;29277.75;29277.75;29260;29269.5;2073
20260916 200600;29269;29273.5;29266.5;29270.75;1089
20260916 200700;29271;29279.5;29270;29273.25;1698
20260916 200800;29273;29275.25;29259.5;29262.75;1638
20260916 200900;29263.25;29268.5;29260.75;29262;708
20260916 201000;29262.75;29271;29258.5;29267.5;1078
20260916 201100;29267.75;29270.25;29263.75;29264;707
20260916 201200;29265;29265.5;29259;29261.75;749
20260916 201300;29261.5;29265;29259.75;29264.75;530
20260916 201400;29264.75;29266.25;29260.25;29262;431
20260916 201500;29262.25;29268.75;29260.75;29265.75;552
20260916 201600;29265.75;29267.75;29259.5;29266.5;685
20260916 201700;29266.5;29267.75;29256.5;29260.75;1143
20260916 201800;29261;29271;29260.75;29269.75;698
20260916 201900;29270.5;29270.5;29260.75;29265.25;622
20260916 202000;29265.25;29265.25;29260.75;29261;398
20260916 202100;29261.75;29266.25;29258;29263.5;621
20260916 202200;29264.25;29266;29260.75;29262.25;355
20260916 202300;29263;29263.75;29259.25;29260.75;391
20260916 202400;29260.75;29261;29252;29253.75;1160
20260916 202500;29253.75;29255;29249.5;29250;783
20260916 202600;29250.75;29250.75;29241.25;29244.5;1494
20260916 202700;29245;29245;29231;29235.25;1602
20260916 202800;29235;29236.75;29231.5;29232.75;894
20260916 202900;29232.25;29240.5;29232.25;29237.25;785
20260916 203000;29237;29246.5;29236.5;29244.75;883
20260916 203100;29244.25;29249;29238;29248.25;669
20260916 203200;29248;29249.5;29242.25;29247.25;459
20260916 203300;29247.25;29249;29243.5;29244.25;242
20260916 203400;29244.25;29246.75;29239.75;29245.75;459
20260916 203500;29245.75;29257;29245.25;29253.25;851
20260916 203600;29253;29255;29250;29250.5;435
20260916 203700;29250.75;29254.75;29244.5;29244.5;293
20260916 203800;29246;29252.5;29243;29252.25;317
20260916 203900;29251.75;29253.5;29248.5;29249.75;444
20260916 204000;29249.75;29261.75;29249;29261;628
20260916 204100;29261.25;29264.5;29259.75;29262.5;862
20260916 204200;29262;29267.25;29261.75;29262.75;366
20260916 204300;29263;29263;29256.5;29257.75;377
20260916 204400;29257.75;29259.25;29251.75;29257;471
20260916 204500;29256.75;29263.75;29256;29260.25;488
20260916 204600;29260;29263;29257.75;29258.5;285
20260916 204700;29258;29263.5;29257;29262.5;349
20260916 204800;29263;29264.75;29261.75;29264.25;252
20260916 204900;29264.5;29265.75;29262.75;29264.5;299
20260916 205000;29265;29268.5;29264;29268.5;291
20260916 205100;29268.25;29273;29267;29272.25;414
20260916 205200;29272;29272;29266.5;29266.75;323
20260916 205300;29266;29267.5;29262;29262.75;267
20260916 205400;29263.25;29265.75;29261.25;29264.75;164
20260916 205500;29266.25;29267.25;29264;29266.25;186
20260916 205600;29266;29269.25;29262;29265.25;350
20260916 205700;29265;29265.75;29252;29264.75;397
20260916 205800;29263.75;29269;29260.75;29264;297
20260916 205900;29264.5;29267.75;29262.75;29267.75;190
20260916 210000;29267.75;29268.5;29262.75;29264.75;318
20260916 220100;29270.25;29285.5;29268.25;29271.5;1237
20260916 220200;29271.75;29279.25;29265;29266.5;1087
20260916 220300;29266.5;29267.25;29257.25;29259.25;959
20260916 220400;29259.25;29262;29252.5;29258;636
20260916 220500;29257.25;29258.5;29247.5;29252.25;754
20260916 220600;29252.25;29282.25;29252.25;29281.75;1625
20260916 220700;29280.75;29284.75;29273.75;29280.25;1304
20260916 220800;29280;29281;29274.75;29279.5;706
20260916 220900;29278.75;29288;29275;29284.75;787
20260916 221000;29284.25;29287.75;29277;29282.75;703
20260916 221100;29282.5;29284;29279.25;29280.25;429
20260916 221200;29280.5;29282.25;29277;29277.75;488
20260916 221300;29277.25;29283.5;29277.25;29282.75;427
20260916 221400;29282.75;29286.25;29280.5;29282.25;583
20260916 221500;29282.25;29284.25;29281.75;29282.25;234
20260916 221600;29282;29285.5;29280.5;29281.5;349
20260916 221700;29281.75;29283.75;29280;29283.75;243
20260916 221800;29283.25;29286.5;29280.25;29286.5;542
20260916 221900;29286;29288.25;29285.5;29286.75;353
20260916 222000;29286.25;29287.25;29285.5;29286.5;232
20260916 222100;29287;29297.75;29287;29296;1004
20260916 222200;29295.5;29299.5;29292.5;29299.25;726
20260916 222300;29299;29300;29296.25;29297;554
20260916 222400;29296.25;29297;29290.75;29295.5;633
20260916 222500;29295.5;29300;29295.25;29298.75;531
20260916 222600;29298.25;29322.75;29296;29321.75;1806
20260916 222700;29321.25;29329.5;29320;29323.25;1432
20260916 222800;29322.5;29323.5;29318.75;29321.5;676
20260916 222900;29321;29321.5;29318;29320.75;474
20260916 223000;29320.75;29323.75;29318.75;29323;428
20260916 223100;29322.5;29334.75;29321.75;29334.75;972
20260916 223200;29334.5;29334.5;29326.25;29328.25;645
20260916 223300;29328;29332.5;29326;29332;624
20260916 223400;29332.25;29337.5;29330.25;29333;806
20260916 223500;29332.75;29335;29331.25;29332.5;420
20260916 223600;29332.5;29336.25;29332.25;29334;458
20260916 223700;29334;29341.25;29333;29338.25;560
20260916 223800;29338.25;29344;29335.5;29342.5;839
20260916 223900;29342.25;29348.5;29341.25;29344.25;664
20260916 224000;29344.75;29353.25;29344;29349;1197
20260916 224100;29348.75;29357.75;29348.5;29352.25;1263
20260916 224200;29352.25;29369.25;29351.75;29364.75;1589
20260916 224300;29365;29368.75;29352.75;29355.75;1514
20260916 224400;29356;29362.5;29353.25;29361.75;666
20260916 224500;29361;29361.25;29356.25;29357.25;488
20260916 224600;29357.25;29360.5;29353;29356.25;824
20260916 224700;29356.5;29362.5;29356.5;29358;505
20260916 224800;29358;29361;29357.5;29358.5;337
20260916 224900;29358;29359.25;29352.25;29354.5;531
20260916 225000;29354.25;29354.25;29342.5;29346.5;1365
20260916 225100;29346;29351.75;29345.5;29351;615
20260916 225200;29350.5;29350.75;29346.25;29348;438
20260916 225300;29347.25;29350;29345.25;29346.5;316
20260916 225400;29346.5;29347.25;29344.25;29345.25;296
20260916 225500;29344.75;29346.75;29344;29345.75;384
20260916 225600;29345.75;29347.25;29343;29344.5;279
20260916 225700;29344.75;29346;29340.75;29344.5;417
20260916 225800;29344.5;29347.5;29343.25;29344;291
20260916 225900;29344;29353.25;29344;29350.5;415
20260916 230000;29350.5;29353.25;29349.5;29350.75;519
20260916 230100;29350.5;29360.25;29348.25;29353;1098
20260916 230200;29352.5;29364.75;29352.5;29364;729
20260916 230300;29363.25;29363.25;29350.25;29352.75;728
20260916 230400;29352.5;29356;29351.75;29353.5;473
20260916 230500;29354.25;29357.5;29354.25;29354.5;307
20260916 230600;29354.25;29358.5;29354;29356.25;292
20260916 230700;29355.75;29360.25;29354.5;29359;313
20260916 230800;29358.25;29358.5;29352.25;29354.5;433
20260916 230900;29354.5;29361;29354.5;29359.75;291
20260916 231000;29359.5;29374;29359.5;29372.25;1558
20260916 231100;29372.75;29374.75;29369.75;29372.5;798
20260916 231200;29372.25;29374;29371.25;29372.25;359
20260916 231300;29372;29372.75;29369.25;29370.5;277
20260916 231400;29370.25;29372;29369;29370.25;286
20260916 231500;29370.5;29370.5;29364;29368.75;521
20260916 231600;29368.25;29376;29368.25;29373;553
20260916 231700;29373;29376;29372;29375.75;440
20260916 231800;29376;29392.25;29375.5;29390.25;2060
20260916 231900;29390.25;29392.25;29382;29384;772
20260916 232000;29384;29385;29381;29383;500
20260916 232100;29382.5;29394;29382.5;29389.25;889
20260916 232200;29389.25;29393.5;29389;29391.5;361
20260916 232300;29391.5;29394;29390;29393.5;379
20260916 232400;29393.5;29399.75;29392.75;29397.75;851
20260916 232500;29397;29397.5;29393.75;29397.5;456
20260916 232600;29397.5;29398.5;29394.25;29395.75;389
20260916 232700;29395.75;29397.5;29390;29396.5;963
20260916 232800;29396.5;29412;29396.5;29408.5;2132
20260916 232900;29408.5;29417;29408.25;29413.5;1309
20260916 233000;29413.25;29413.25;29395.25;29395.75;1496
20260916 233100;29395.25;29404.75;29395.25;29401.75;1476
20260916 233200;29401.25;29407.25;29399.75;29407;601
20260916 233300;29406;29410.5;29401;29410.5;718
20260916 233400;29410.5;29411.75;29407;29409;591
20260916 233500;29409.5;29412.75;29408.75;29410;432
20260916 233600;29410;29410;29405.5;29407;400
20260916 233700;29406.75;29407;29403.25;29406.25;495
20260916 233800;29406;29406;29401;29402.75;373
20260916 233900;29402.75;29405;29395.75;29399;1242
20260916 234000;29399;29403.25;29399;29402.25;392
20260916 234100;29402.5;29444;29401.25;29436.5;6643
20260916 234200;29436.5;29436.5;29413.25;29415;2521
20260916 234300;29415.5;29420.75;29415;29416.5;780
20260916 234400;29417.5;29431.5;29417;29427.25;1596
20260916 234500;29427.25;29438.5;29427.25;29436;1350
20260916 234600;29436;29443.25;29433.25;29438;1977
20260916 234700;29438.5;29451.75;29436.5;29451;2323
20260916 234800;29450.5;29457;29444.5;29450.75;3137
20260916 234900;29450.75;29453.75;29447.5;29453.25;1234
20260916 235000;29453.75;29454.25;29446.75;29450;1075
20260916 235100;29450.75;29450.75;29440;29442.5;1441
20260916 235200;29442.5;29447.25;29442.25;29446;672
20260916 235300;29446.25;29453;29445.25;29447;1026
20260916 235400;29446.75;29447.75;29443.25;29444;494
20260916 235500;29444.5;29449.5;29440;29442.75;1022
20260916 235600;29442.75;29445.5;29437.25;29439.5;921
20260916 235700;29439.75;29449.5;29435.25;29449;1441
20260916 235800;29449.25;29449.25;29444.25;29446.5;626
20260916 235900;29446.25;29449;29444.25;29447.25;598
20260917 000000;29447.25;29451.75;29441.25;29451;840
20260917 000100;29451.25;29464.5;29443.75;29460.75;3325
20260917 000200;29460.75;29461.75;29448.75;29451.5;1623
20260917 000300;29451.75;29452.75;29440.25;29448.25;1344
20260917 000400;29449;29457;29446.25;29453.5;1086
20260917 000500;29454;29458;29448;29450.5;946
20260917 000600;29450.5;29455.75;29440.75;29450.5;1250
20260917 000700;29450;29456.5;29447;29453;1039
20260917 000800;29452.75;29462;29451.5;29456;998
20260917 000900;29456;29459;29447.75;29458.75;929
20260917 001000;29458.75;29459;29450.25;29453.75;580
20260917 001100;29454;29457;29444.25;29448.75;1096
20260917 001200;29449;29456.5;29447.75;29455.5;697
20260917 001300;29456;29458;29434.5;29438.75;1571
20260917 001400;29439.25;29440;29416.25;29419;3431
20260917 001500;29419;29421.5;29412.75;29413.25;2063
20260917 001600;29413.75;29436.5;29409;29431.75;3447
20260917 001700;29432;29435.25;29423.75;29427.25;1461
20260917 001800;29427.25;29440.5;29423.5;29439.25;1739
20260917 001900;29439.25;29449.25;29437.25;29440.75;1311
20260917 002000;29440.25;29448;29437.5;29442.25;1275
20260917 002100;29442.25;29447.5;29435.5;29438.5;1302
20260917 002200;29439;29440.75;29431;29436;1024
20260917 002300;29434.25;29436.5;29426;29428.5;937
20260917 002400;29429;29433.5;29427.25;29429.25;664
20260917 002500;29429.5;29435.75;29428;29432.75;616
20260917 002600;29433;29434.5;29426.25;29434.5;596
20260917 002700;29434.75;29443.25;29434;29434;1116
20260917 002800;29434.5;29444.25;29431.75;29439;920
20260917 002900;29438.5;29441.5;29431.5;29434.75;548
20260917 003000;29435;29439.25;29433.25;29433.75;349
20260917 003100;29433.5;29439.5;29432.25;29437.5;582
20260917 003200;29436.25;29455;29433;29451.75;2134
20260917 003300;29451.75;29463.75;29446;29457.25;2291
20260917 003400;29457;29472.25;29453.75;29464.25;2431
20260917 003500;29464;29466.5;29454.75;29457.5;1125
20260917 003600;29457.5;29467.5;29455.5;29465.25;939
20260917 003700;29465.25;29466.25;29458.25;29459.25;624
20260917 003800;29459.25;29460.75;29453;29459.5;796
20260917 003900;29459.5;29465;29459.25;29460.75;537
20260917 004000;29460.25;29465.75;29460;29464.5;572
20260917 004100;29464.5;29467.75;29460.5;29463;753
20260917 004200;29463.75;29465.5;29461;29462.25;377
20260917 004300;29463;29465.75;29459.5;29463;729
20260917 004400;29463;29479.5;29461.75;29475.75;1389
20260917 004500;29475.75;29475.75;29456.25;29458.75;1994
20260917 004600;29459.5;29459.5;29446.5;29450.75;1841
20260917 004700;29451.75;29451.75;29438.25;29444.75;1449
20260917 004800;29444.75;29454;29444.75;29451.75;889
20260917 004900;29452.75;29455.5;29447;29449.25;753
20260917 005000;29448.75;29453.5;29444.75;29450.5;674
20260917 005100;29451.25;29453;29446.5;29451.25;473
20260917 005200;29451.5;29452.25;29447.25;29447.75;355
20260917 005300;29447;29449.75;29440.25;29440.75;785
20260917 005400;29440.5;29440.5;29429;29434.25;1923
20260917 005500;29434.25;29437.25;29430.5;29436.5;697
20260917 005600;29436;29444.5;29433.5;29442.75;1103
20260917 005700;29443;29458.25;29441;29456.75;1421
20260917 005800;29457;29460.5;29451.75;29457.75;1070
20260917 005900;29457.25;29466.5;29457;29460.25;1151
20260917 010000;29459.5;29462.5;29449;29450.25;1160
20260917 010100;29450.5;29453.25;29439;29441.75;1497
20260917 010200;29441.5;29444;29438.5;29440;866
20260917 010300;29439.5;29442.5;29436.25;29440.5;631
20260917 010400;29440.25;29444.25;29437.5;29443.75;587
20260917 010500;29444;29452.25;29440.5;29450.75;875
20260917 010600;29450.5;29464;29447.75;29463.25;1265
20260917 010700;29463.25;29471.25;29458.5;29470.75;1249
20260917 010800;29471.25;29474.75;29468.5;29470.75;918
20260917 010900;29470.5;29471.5;29462;29466.75;991
20260917 011000;29467.25;29469.5;29450.75;29452.5;1499
20260917 011100;29452.25;29452.75;29441.25;29445.75;1505
20260917 011200;29445.5;29447.75;29441;29442.75;632
20260917 011300;29442.25;29444.25;29437.75;29439;865
20260917 011400;29438.75;29445;29434;29442.25;1170
20260917 011500;29442.5;29453;29440.25;29451;951
20260917 011600;29450.75;29455.25;29442.25;29449.75;1316
20260917 011700;29449.5;29450.25;29443;29443;618
20260917 011800;29443.5;29446.75;29440.75;29442.25;546
20260917 011900;29442.75;29444.25;29438.5;29440.25;512
20260917 012000;29440.25;29446.5;29439.75;29445;643
20260917 012100;29444.5;29451;29442.5;29447;851
20260917 012200;29446;29453;29445.75;29450;621
20260917 012300;29449.5;29451;29446;29449.25;410
20260917 012400;29449.75;29454;29447.5;29448;448
20260917 012500;29448.25;29452;29446.25;29449.5;497
20260917 012600;29450;29454;29446;29450.75;460
20260917 012700;29450.5;29452;29445;29445.75;384
20260917 012800;29446.25;29447.75;29443;29447.5;416
20260917 012900;29448;29449.75;29444;29449.5;517
20260917 013000;29449.25;29450.75;29445.75;29446.25;284
20260917 013100;29447;29453.25;29446.25;29451;335
20260917 013200;29450;29456.75;29449;29455.25;545
20260917 013300;29455.25;29470;29455;29459.5;1808
20260917 013400;29459.5;29460.5;29455.75;29457.5;568
20260917 013500;29457.5;29459;29453;29456.25;880
20260917 013600;29457.25;29464.25;29456.25;29462;607
20260917 013700;29461.5;29469.75;29459.25;29466.75;1173
20260917 013800;29467;29467.75;29449;29449.5;1512
20260917 013900;29449.75;29455.25;29447.75;29449.75;805
20260917 014000;29449.75;29452;29440.75;29442.75;877
20260917 014100;29442.75;29444;29437.75;29439.25;1007
20260917 014200;29438.75;29441;29427.25;29428.75;1641
20260917 014300;29429;29443.5;29429;29440;1340
20260917 014400;29440.25;29447;29432.75;29441.5;1771
20260917 014500;29441.5;29445;29439.75;29443.25;575
20260917 014600;29442.75;29446.5;29440.5;29442.5;530
20260917 014700;29443;29444.25;29440.25;29442.5;401
20260917 014800;29442.75;29442.75;29436.5;29436.75;587
20260917 014900;29437.25;29440;29434.5;29438.5;675
20260917 015000;29439;29445.75;29438.5;29440.5;555
20260917 015100;29440.25;29440.5;29429;29433.5;1135
20260917 015200;29433.5;29438;29427.75;29428.75;897
20260917 015300;29429;29429.5;29417.25;29418.25;2151
20260917 015400;29418.25;29423;29413.25;29420;1491
20260917 015500;29419.75;29426.5;29417.5;29423.75;744
20260917 015600;29424;29426;29412;29412.25;1173
20260917 015700;29413;29415;29406.25;29407;2331
20260917 015800;29406.5;29425;29406.5;29417;1613
20260917 015900;29417.25;29420.5;29412.5;29418.5;626
20260917 020000;29417.75;29421;29416;29418.75;346
20260917 020100;29419;29425.5;29417;29424.5;772
20260917 020200;29422.75;29430.25;29418.5;29422;999
20260917 020300;29422;29424.5;29417;29422;622
20260917 020400;29421.25;29436;29421;29434.5;1075
20260917 020500;29434;29439;29428.75;29438.5;1031
20260917 020600;29438.5;29439.25;29424.25;29424.5;1101
20260917 020700;29424.5;29425.25;29413.75;29414.25;1843
20260917 020800;29415;29418.5;29412;29416.25;1127
20260917 020900;29416;29419.75;29411;29411.25;863
20260917 021000;29411;29414.75;29410.5;29413;562
20260917 021100;29412.75;29420;29410.75;29416.75;784
20260917 021200;29416.5;29417.25;29410.25;29415;589
20260917 021300;29415.5;29418.5;29405.25;29407.5;869
20260917 021400;29407;29413.25;29405.5;29411;968
20260917 021500;29412.25;29414;29409.25;29412.75;492
20260917 021600;29412.25;29415.75;29408;29414.5;732
20260917 021700;29414.75;29424.75;29413;29418.75;864
20260917 021800;29419.75;29420.5;29416;29418.5;444
20260917 021900;29418.5;29424.25;29412;29422;977
20260917 022000;29422;29426;29420.5;29421.75;741
20260917 022100;29421.75;29427.5;29417.5;29422;568
20260917 022200;29422;29427;29419.5;29421.5;362
20260917 022300;29421;29421.5;29414;29417.25;713
20260917 022400;29417.75;29425.25;29416.5;29422.25;836
20260917 022500;29423;29424;29416.25;29422.5;409
20260917 022600;29422.75;29425;29420.5;29423.25;337
20260917 022700;29423;29429.5;29423;29427.75;781
20260917 022800;29428.25;29428.5;29419;29419.5;570
20260917 022900;29419.5;29421;29412.25;29413;544
20260917 023000;29412.5;29419.5;29412;29417.75;942
20260917 023100;29418.25;29425;29416.25;29424.25;811
20260917 023200;29425;29432.25;29421.5;29430.25;861
20260917 023300;29429;29435.75;29426;29430;1064
20260917 023400;29430.25;29432.5;29427;29432;484
20260917 023500;29432.25;29433;29426.25;29428.25;365
20260917 023600;29428.75;29436;29425.75;29435;741
20260917 023700;29435.5;29437.25;29434;29435.5;488
20260917 023800;29435.5;29438.5;29434;29436.75;474
20260917 023900;29436.5;29449;29435;29446;1276
20260917 024000;29446.25;29450;29443;29444;1049
20260917 024100;29444;29446;29442.25;29445.25;441
20260917 024200;29445.25;29448.25;29441.75;29447.25;449
20260917 024300;29447.5;29454.25;29447.25;29452;875
20260917 024400;29451.5;29454.25;29447.5;29448.25;516
20260917 024500;29448.25;29450.25;29446.5;29447.5;451
20260917 024600;29448;29448.75;29441;29443;798
20260917 024700;29443.75;29445.75;29438;29442;681
20260917 024800;29442.5;29448.75;29441;29447.25;390
20260917 024900;29447.75;29448.5;29442.5;29444;434
20260917 025000;29443.75;29445.25;29440;29443.75;380
20260917 025100;29443.25;29449.75;29442;29449;498
20260917 025200;29448.75;29449.5;29446.25;29449;247
20260917 025300;29449;29449.75;29436.75;29439.25;726
20260917 025400;29439.5;29442;29429.5;29429.75;903
20260917 025500;29429.25;29431;29422.75;29423.75;1390
20260917 025600;29423.75;29426.5;29421.25;29425.5;772
20260917 025700;29425.25;29431.75;29424;29427.75;952
20260917 025800;29428.5;29430;29426;29430;280
20260917 025900;29429.75;29430.75;29418;29418;792
20260917 030000;29418;29425;29418;29422.5;507
20260917 030100;29422.5;29425;29419.5;29425;407
20260917 030200;29425.25;29426.25;29421.25;29422.25;289
20260917 030300;29422;29423;29419;29422.25;381
20260917 030400;29422.5;29427.75;29422.25;29425.75;397
20260917 030500;29426.25;29433.75;29425.5;29433.5;619
20260917 030600;29433.5;29437;29432.75;29435.75;580
20260917 030700;29436.25;29436.5;29433.25;29434.75;242
20260917 030800;29435.25;29438.25;29434;29434.5;268
20260917 030900;29434.75;29444.25;29434.75;29442.75;550
20260917 031000;29443.25;29443.25;29438.25;29439.5;269
20260917 031100;29439.75;29441;29431;29431.75;490
20260917 031200;29431.5;29435.75;29428;29433.75;451
20260917 031300;29434;29441;29432.75;29441;424
20260917 031400;29440.25;29440.5;29436;29439;155
20260917 031500;29439.5;29443.5;29438;29442.5;304
20260917 031600;29443.25;29446.75;29440;29440.25;570
20260917 031700;29440.5;29443.5;29438;29439.25;475
20260917 031800;29440;29440.75;29438;29438.5;192
20260917 031900;29438.25;29438.25;29431.25;29432.25;589
20260917 032000;29433;29436;29432;29433.5;292
20260917 032100;29433.25;29434.75;29427.75;29431;384
20260917 032200;29430.75;29437.75;29430.5;29437.25;378
20260917 032300;29437.25;29443;29435.5;29438.75;383
20260917 032400;29438.75;29441.75;29437.75;29441.75;174
20260917 032500;29441.25;29446.25;29440.75;29445.5;335
20260917 032600;29446.25;29446.75;29444;29444.25;282
20260917 032700;29444;29446.5;29442.75;29442.75;208
20260917 032800;29443.25;29449;29442.75;29447;309
20260917 032900;29446.75;29447.5;29444;29444.5;210
20260917 033000;29443.75;29446.5;29443;29446.5;156
20260917 033100;29446.25;29446.25;29439;29443.25;510
20260917 033200;29443.5;29446;29441.25;29443;232
20260917 033300;29442.75;29444.5;29441.5;29442;141
20260917 033400;29442.25;29445.25;29441.25;29442;170
20260917 033500;29441.5;29451.25;29441;29446.75;548
20260917 033600;29446.5;29448.75;29444.75;29446;203
20260917 033700;29446.75;29447.5;29442;29444.5;248
20260917 033800;29444.25;29447.5;29442.75;29445.75;131
20260917 033900;29445.5;29449.75;29445.5;29449.75;206
20260917 034000;29449.25;29454;29447.25;29453;475
20260917 034100;29453.25;29455;29450.75;29454.5;496
20260917 034200;29454.5;29463.5;29454.25;29461.25;1337
20260917 034300;29461.25;29462;29458.25;29459.5;423
20260917 034400;29459.75;29462.25;29459.25;29461;160
20260917 034500;29461;29461.5;29458.75;29460.5;181
20260917 034600;29460.25;29461.5;29454.5;29456;530
20260917 034700;29456.25;29457.5;29446.75;29447;795
20260917 034800;29447.5;29448.5;29441.25;29447;574
20260917 034900;29447.25;29457;29447.25;29455.25;578
20260917 035000;29455.5;29459;29454;29458;286
20260917 035100;29458.25;29458.25;29454;29455.25;261
20260917 035200;29455.75;29458.75;29450.75;29452.75;362
20260917 035300;29452.75;29453.25;29449.5;29453;204
20260917 035400;29453;29454.75;29451.5;29454.75;198
20260917 035500;29454;29457;29452.5;29454.75;227
20260917 035600;29454.75;29461;29454.75;29457.25;587
20260917 035700;29457.5;29463.75;29456.25;29463.75;558
20260917 035800;29464;29466.75;29462.25;29466;538
20260917 035900;29466;29466.25;29464;29465.25;278
20260917 040000;29464.75;29464.75;29460;29460;627
20260917 040100;29460.5;29463.5;29460;29460.75;310
20260917 040200;29460.5;29468.75;29459;29467.25;652
20260917 040300;29467.25;29469.5;29464;29464;309
20260917 040400;29463.75;29467;29462.25;29466;302
20260917 040500;29466.25;29468.25;29463.5;29466.5;349
20260917 040600;29466.25;29468;29464.5;29465.5;217
20260917 040700;29464.75;29468;29462.75;29464.25;229
20260917 040800;29463.25;29468.75;29461.25;29466.75;374
20260917 040900;29466.75;29468.5;29465;29465.5;122
20260917 041000;29465.25;29466.75;29462;29463;181
20260917 041100;29462.25;29464.25;29460.75;29462.75;203
20260917 041200;29462.25;29462.75;29459.75;29460.75;483
20260917 041300;29460.5;29461.5;29453.25;29454.25;575
20260917 041400;29454.25;29459.75;29453.75;29457.75;371
20260917 041500;29457.25;29459.75;29456;29459;159
20260917 041600;29458.5;29461.25;29454;29455.75;397
20260917 041700;29456.25;29459.25;29455.5;29456.25;171
20260917 041800;29455.5;29456.25;29453;29455.25;238
20260917 041900;29455.75;29456.25;29453.5;29454.25;133
20260917 042000;29454.5;29455.75;29447.75;29449.75;490
20260917 042100;29449.25;29451.5;29446;29450.75;432
20260917 042200;29451;29452.25;29447;29451;314
20260917 042300;29450.5;29450.75;29444.5;29446.25;466
20260917 042400;29446.5;29449;29446;29448.5;213
20260917 042500;29448.25;29448.25;29444.75;29446.25;241
20260917 042600;29446.75;29447.5;29443.75;29445.75;378
20260917 042700;29445.75;29446;29442.5;29443.75;260
20260917 042800;29443.5;29451.25;29440.5;29450.5;605
20260917 042900;29450;29455.25;29450;29453.5;532
20260917 043000;29453.25;29453.75;29450;29451.25;298
20260917 043100;29451;29452.5;29439.25;29440.5;776
20260917 043200;29440.5;29448.25;29440;29447;481
20260917 043300;29446.75;29449.25;29441.5;29444;387
20260917 043400;29444.5;29445;29440;29440.75;253
20260917 043500;29440.75;29445.5;29439.75;29442.25;277
20260917 043600;29443;29448;29443;29446;273
20260917 043700;29446;29447.25;29442.25;29446.75;426
20260917 043800;29447;29454.25;29445.75;29451.75;572
20260917 043900;29451.25;29461.5;29451.25;29460.5;749
20260917 044000;29460.5;29463.5;29458.25;29461;334
20260917 044100;29461;29465;29461;29463.25;352
20260917 044200;29463;29464.75;29460.25;29464.25;318
20260917 044300;29464;29464.25;29457.5;29458;309
20260917 044400;29458;29468;29458;29463.5;805
20260917 044500;29463.75;29464.75;29460.25;29460.25;254
20260917 044600;29460.5;29466;29460.5;29462.75;291
20260917 044700;29462.75;29465.75;29461.25;29464.5;194
20260917 044800;29464.75;29466.5;29464;29465.25;175
20260917 044900;29465.5;29471.75;29465.5;29470;796
20260917 045000;29469.5;29469.75;29459.75;29459.75;511
20260917 045100;29459.75;29460.25;29453.5;29454;530
20260917 045200;29453.75;29456.75;29452.75;29453.25;350
20260917 045300;29453.25;29457.75;29451;29456.25;365
20260917 045400;29456;29456;29450;29450.75;301
20260917 045500;29451;29451.5;29443;29445.75;582
20260917 045600;29445.5;29450.5;29445;29450.5;283
20260917 045700;29451;29452.25;29449;29450.75;244
20260917 045800;29451.25;29454;29447.75;29448;289
20260917 045900;29448;29451.25;29447.75;29450.25;106
20260917 050000;29450.5;29452.5;29448.75;29450.5;198
20260917 050100;29450.25;29454;29449.75;29450.5;302
20260917 050200;29451.25;29452.75;29446.25;29449.25;302
20260917 050300;29449.5;29449.5;29446.75;29448.25;157
20260917 050400;29449.25;29451.75;29446;29446.25;300
20260917 050500;29446;29452;29445.75;29451;274
20260917 050600;29451;29451.5;29446.25;29448.25;267
20260917 050700;29448.25;29450.75;29447.75;29448.5;146
20260917 050800;29448.25;29449.25;29445.25;29448;189
20260917 050900;29447.75;29448.25;29444.5;29448;192
20260917 051000;29447.75;29450;29443.5;29443.5;214
20260917 051100;29443.75;29447;29440;29440.5;356
20260917 051200;29440;29442;29434.75;29437.25;873
20260917 051300;29437.25;29439;29434.5;29435.5;356
20260917 051400;29435.5;29442.25;29434.75;29435.5;499
20260917 051500;29436;29436.75;29433.5;29436;260
20260917 051600;29435.75;29435.75;29430.25;29433.75;687
20260917 051700;29433;29434;29430.25;29431.75;254
20260917 051800;29432;29434.5;29429.75;29432.75;389
20260917 051900;29432.5;29432.5;29427;29428;481
20260917 052000;29427.5;29431.5;29426.5;29428.5;556
20260917 052100;29428.5;29428.5;29425.25;29426.25;363
20260917 052200;29426.25;29427.5;29420.75;29425.5;884
20260917 052300;29425.25;29427.75;29422.75;29425.75;490
20260917 052400;29425.75;29430.75;29423.75;29424.75;579
20260917 052500;29424;29430;29421.75;29427.5;717
20260917 052600;29428;29441.75;29426.25;29440;1226
20260917 052700;29440;29440.5;29433.5;29434;475
20260917 052800;29434;29437.75;29430.75;29431.75;242
20260917 052900;29431.25;29435.25;29431.25;29433.25;200
20260917 053000;29433.25;29433.25;29429;29429;327
20260917 053100;29429.5;29432.5;29420.25;29420.5;892
20260917 053200;29420;29422.75;29415;29421.25;1529
20260917 053300;29421.75;29424.25;29417.75;29419.75;860
20260917 053400;29420;29421;29418.25;29419.5;345
20260917 053500;29419.75;29423.75;29419.25;29422.25;389
20260917 053600;29422.5;29423;29415;29415.75;538
20260917 053700;29416.75;29418.75;29406.5;29407.75;1062
20260917 053800;29407.5;29409.5;29403.75;29406.75;831
20260917 053900;29406.75;29411;29406;29407;456
20260917 054000;29406.5;29411.75;29404.5;29409.25;499
20260917 054100;29410.75;29413;29404.5;29406.25;502
20260917 054200;29407.25;29409;29392;29392;1772
20260917 054300;29392.5;29399.5;29392;29395;730
20260917 054400;29394.25;29396;29391;29393.75;735
20260917 054500;29393.75;29396;29390.75;29391.75;393
20260917 054600;29392;29403.5;29391.75;29398;954
20260917 054700;29397.75;29399.5;29395.75;29397.25;379
20260917 054800;29397.25;29400;29396;29396.75;248
20260917 054900;29396.5;29399.5;29396.5;29397.75;296
20260917 055000;29397.5;29398.5;29394.5;29397.5;304
20260917 055100;29397.75;29405.5;29393;29397.5;887
20260917 055200;29397.5;29398.75;29388.25;29390.75;874
20260917 055300;29391;29392.5;29388.75;29390.25;445
20260917 055400;29391.75;29393.75;29385.75;29386.5;636
20260917 055500;29386.25;29387;29382.25;29384.25;788
20260917 055600;29383.75;29384.75;29381.5;29383.25;467
20260917 055700;29384;29384.5;29378.25;29379.5;760
20260917 055800;29379;29379.5;29373;29374;724
20260917 055900;29373.75;29376.75;29371;29375;683
20260917 060000;29374.75;29376.75;29372.75;29373.25;509
20260917 060100;29372.5;29378;29368.75;29374.25;1270
20260917 060200;29374.75;29384.25;29373;29380.5;1056
20260917 060300;29380.75;29397.25;29378;29394.25;1561
20260917 060400;29394.5;29407.25;29393.75;29404.75;1282
20260917 060500;29405.25;29407;29399.5;29400.75;849
20260917 060600;29400.5;29408.5;29389.75;29404.25;1369
20260917 060700;29404.25;29413.75;29402.25;29402.25;1121
20260917 060800;29402.25;29403.5;29396;29399.5;904
20260917 060900;29399.5;29401;29395;29395.75;605
20260917 061000;29396;29397.75;29390;29392.75;685
20260917 061100;29393;29393;29384.25;29384.5;812
20260917 061200;29385;29389.75;29381.75;29388.75;584
20260917 061300;29388.5;29398.5;29387.75;29393.25;1073
20260917 061400;29393;29398.75;29390.5;29391.75;451
20260917 061500;29392;29398;29389.75;29392.75;341
20260917 061600;29393.5;29393.75;29379;29379.75;1033
20260917 061700;29380;29382;29376;29379.25;894
20260917 061800;29378.75;29394.5;29377.5;29394;942
20260917 061900;29394;29397.5;29386.75;29387.75;744
20260917 062000;29387.75;29392.75;29386.75;29392;404
20260917 062100;29392.5;29393.5;29388.25;29389.25;313
20260917 062200;29389;29396.5;29388.25;29394.25;387
20260917 062300;29395;29399.75;29395;29395.75;555
20260917 062400;29396;29401.25;29395;29397.75;454
20260917 062500;29398.25;29411.5;29398.25;29411.5;891
20260917 062600;29411.5;29415.75;29408;29413.25;917
20260917 062700;29413;29428.5;29413;29426.5;1461
20260917 062800;29427;29429.75;29424.25;29427;962
20260917 062900;29426.75;29435.25;29424.25;29432;1044
20260917 063000;29432;29444.75;29431.25;29443.75;1368
20260917 063100;29443.75;29449.75;29440.75;29445.5;1571
20260917 063200;29445.5;29456.5;29445.5;29451;1494
20260917 063300;29451.5;29452.75;29444.75;29450.5;744
20260917 063400;29450.25;29459;29448.5;29450.25;1179
20260917 063500;29451.25;29455.5;29444;29448.25;1014
20260917 063600;29448.5;29452.25;29446;29450;622
20260917 063700;29450.5;29458.25;29448.25;29455.75;829
20260917 063800;29456.5;29463;29454.75;29455.5;920
20260917 063900;29456.25;29456.25;29449.25;29454;558
20260917 064000;29454;29454.5;29443.5;29446;869
20260917 064100;29445.75;29456.25;29445.75;29452.5;545
20260917 064200;29452.25;29458;29452.25;29455;632
20260917 064300;29455.5;29458.25;29452.75;29457.75;651
20260917 064400;29458.25;29470;29456.5;29467.75;1289
20260917 064500;29467.75;29468;29461.5;29463;483
20260917 064600;29462.75;29466.5;29459;29463.75;616
20260917 064700;29464.25;29470;29464.25;29466.5;724
20260917 064800;29467.25;29467.5;29458.75;29460.75;677
20260917 064900;29461;29464.75;29458;29461.5;574
20260917 065000;29461.5;29465.75;29460.75;29461.75;371
20260917 065100;29462.5;29463;29456.75;29458.5;521
20260917 065200;29458.5;29462.5;29456.25;29461.75;380
20260917 065300;29461.75;29464;29458.75;29461.5;331
20260917 065400;29461.5;29469;29461.25;29468.25;468
20260917 065500;29468.25;29471;29463.5;29464;468
20260917 065600;29463.75;29466;29461.5;29462.5;366
20260917 065700;29461.75;29470.25;29460.75;29468;585
20260917 065800;29468.25;29469.75;29465;29467.75;395
20260917 065900;29468;29469.25;29463;29467;374
20260917 070000;29466.5;29473.75;29465.5;29468.75;870
20260917 070100;29469;29477;29463.5;29464.5;1816
20260917 070200;29464.75;29475.25;29462;29473;795
20260917 070300;29474;29478.5;29466;29466.25;917
20260917 070400;29466.5;29474;29464;29472.25;567
20260917 070500;29473;29496.5;29472;29491;2667
20260917 070600;29491;29503.75;29490.75;29500.25;2121
20260917 070700;29500.25;29512;29499.75;29510.5;1504
20260917 070800;29510.25;29518.5;29505.25;29517;1179
20260917 070900;29517.25;29522;29514.75;29516.5;1312
20260917 071000;29516.5;29520.5;29514;29518;510
20260917 071100;29518.5;29524;29517.25;29522.75;731
20260917 071200;29522.75;29524;29514.5;29517.5;733
20260917 071300;29517.25;29523.75;29510.25;29512.75;1011
20260917 071400;29512.75;29515;29507.25;29509.25;937
20260917 071500;29510.25;29511.75;29506;29510.5;632
20260917 071600;29510.5;29512.75;29506.5;29507.75;677
20260917 071700;29508.5;29521;29508.5;29520;651
20260917 071800;29520.25;29533;29519;29532.25;1565
20260917 071900;29532;29536.75;29526.75;29527;842
20260917 072000;29527.25;29528.25;29521.75;29522;457
20260917 072100;29523;29525;29518.5;29524.5;515
20260917 072200;29523.75;29525;29509.25;29513.75;747
20260917 072300;29514.5;29522.75;29508.75;29521;703
20260917 072400;29520.75;29529.5;29520.25;29528.5;494
20260917 072500;29528.75;29536.5;29527.5;29532.25;727
20260917 072600;29532.25;29535.75;29530;29533.5;492
20260917 072700;29532.75;29538;29532.25;29535.5;360
20260917 072800;29535.75;29543.25;29533.25;29542.5;606
20260917 072900;29543;29551.5;29538.5;29546.25;2099
20260917 073000;29546.25;29549.5;29543.25;29548.75;513
20260917 073100;29549.25;29566.75;29549.25;29558.75;2446
20260917 073200;29558;29559.25;29551;29552.75;488
20260917 073300;29552.75;29557.25;29547.25;29556.75;1029
20260917 073400;29557.5;29557.75;29546;29549;551
20260917 073500;29549.25;29554;29548.75;29550.25;451
20260917 073600;29550.5;29550.5;29536.75;29540;917
20260917 073700;29540;29549;29537.75;29546.25;676
20260917 073800;29546.25;29547;29538.25;29542;422
20260917 073900;29542.75;29545.75;29539;29541.25;327
20260917 074000;29541.25;29546.75;29539.5;29545.75;318
20260917 074100;29545;29546;29540;29542.25;251
20260917 074200;29542.25;29550;29540.5;29542.5;477
20260917 074300;29542.5;29544.25;29538.5;29544.25;372
20260917 074400;29544.5;29548.5;29543;29547.25;309
20260917 074500;29547.25;29550.25;29545.5;29546.25;341
20260917 074600;29546.5;29546.5;29532.5;29539.75;935
20260917 074700;29539.75;29546.25;29536.5;29542.25;465
20260917 074800;29543;29545.5;29540.75;29545;217
20260917 074900;29544.5;29547.75;29539;29541.5;352
20260917 075000;29541.75;29541.75;29533;29533.5;447
20260917 075100;29533.5;29534.75;29523.25;29525.5;1176
20260917 075200;29526.25;29533;29524.75;29531.5;429
20260917 075300;29531.25;29532;29523.25;29523.75;318
20260917 075400;29523.75;29527.5;29522.25;29527.5;488
20260917 075500;29527.5;29528.5;29518.5;29519.75;673
20260917 075600;29520;29520.5;29514.25;29515.75;661
20260917 075700;29515;29516.75;29509.25;29511;634
20260917 075800;29511.5;29516.75;29511.5;29516;340
20260917 075900;29515.25;29519.75;29513.75;29514.5;567
20260917 080000;29514;29519;29513.25;29517.5;316
20260917 080100;29518.5;29522.75;29512;29519.75;1109
20260917 080200;29521.25;29525.75;29516.25;29521;760
20260917 080300;29521.5;29531;29517;29529;639
20260917 080400;29528.25;29529.75;29514.5;29516;928
20260917 080500;29516;29530.5;29515.75;29528.75;421
20260917 080600;29528.25;29532.5;29520.75;29528.25;648
20260917 080700;29529.75;29533.75;29522;29523.5;477
20260917 080800;29522.75;29531.5;29521.25;29531.5;510
20260917 080900;29530.75;29533;29527.5;29531.25;409
20260917 081000;29531;29532.25;29525;29526.5;431
20260917 081100;29525.5;29531.25;29514.75;29519;714
20260917 081200;29518.25;29519.75;29513.75;29515.75;631
20260917 081300;29515.25;29516.5;29498;29503.75;1433
20260917 081400;29502.75;29503.5;29491;29497;1056
20260917 081500;29498;29501.75;29495;29497.25;452
20260917 081600;29496.5;29502.5;29493.5;29502;557
20260917 081700;29501.25;29502;29491.25;29495.25;637
20260917 081800;29494.5;29504.75;29488.75;29489.75;904
20260917 081900;29489.25;29494.5;29485;29486.5;668
20260917 082000;29485.5;29492.5;29485.25;29490.25;439
20260917 082100;29490;29496.25;29488;29492.5;562
20260917 082200;29492;29495;29490;29491.5;324
20260917 082300;29491;29502.5;29490.25;29494.25;752
20260917 082400;29494.25;29496;29491.25;29491.75;394
20260917 082500;29491.5;29503;29488.5;29501.75;590
20260917 082600;29501.25;29509.75;29499.75;29508.75;930
20260917 082700;29509.25;29514.25;29508.75;29512.75;594
20260917 082800;29513.5;29515.75;29506.5;29515.25;717
20260917 082900;29515.5;29515.75;29509.5;29511;287
20260917 083000;29510.75;29520.25;29510;29515.75;584
20260917 083100;29516;29522.75;29507;29513;1112
20260917 083200;29512.75;29519.25;29511.75;29511.75;366
20260917 083300;29511.75;29515.75;29504.75;29508.25;823
20260917 083400;29508.25;29515.75;29506;29512.75;623
20260917 083500;29512.75;29525.75;29511.75;29523.75;617
20260917 083600;29523.75;29531.25;29523.75;29526.25;849
20260917 083700;29526.25;29527;29522.25;29525.75;237
20260917 083800;29524.75;29532;29522.5;29530;459
20260917 083900;29530;29530.25;29525;29526.75;283
20260917 084000;29526.25;29537.25;29525.25;29535.75;477
20260917 084100;29535.75;29537.75;29528.75;29532.5;412
20260917 084200;29532;29532.25;29525.5;29527.75;305
20260917 084300;29526.5;29530.75;29524.25;29525.5;330
20260917 084400;29525.5;29527.75;29524;29527.25;137
20260917 084500;29527.75;29530.5;29527.75;29530.5;167
20260917 084600;29530;29532.25;29527.75;29531.75;282
20260917 084700;29531.5;29533.75;29528;29531;275
20260917 084800;29531;29541.5;29530.25;29536.75;714
20260917 084900;29537.25;29544;29536.75;29540.5;586
20260917 085000;29541;29542.75;29539.75;29542.25;226
20260917 085100;29541.25;29546.25;29539.5;29544;471
20260917 085200;29544.5;29547.25;29542.75;29545.75;322
20260917 085300;29545.25;29548;29534.5;29538.25;736
20260917 085400;29538.75;29554.25;29538.25;29554;821
20260917 085500;29554.25;29559;29552.75;29554;1141
20260917 085600;29554;29558.25;29551.75;29552.75;466
20260917 085700;29553.25;29561.75;29549.75;29556.5;805
20260917 085800;29556;29559;29555.25;29558;277
20260917 085900;29558.75;29561.25;29557.75;29559.5;366
20260917 090000;29560;29560;29555.25;29555.5;432
20260917 090100;29555.75;29571;29555.25;29568;1231
20260917 090200;29568.25;29575.5;29566.25;29573.25;847
20260917 090300;29572.5;29579.75;29565.5;29566.75;1072
20260917 090400;29566;29573.25;29560;29571.25;702
20260917 090500;29571.5;29572.75;29567;29570.5;527
20260917 090600;29571.25;29572.25;29567.75;29571;411
20260917 090700;29569.75;29574.5;29569.75;29572.5;376
20260917 090800;29573;29584;29572.75;29580.25;868
20260917 090900;29580.25;29582.5;29575.75;29579;439
20260917 091000;29579.5;29579.5;29574;29577.5;443
20260917 091100;29577.75;29592.25;29576.75;29591.25;1031
20260917 091200;29591.5;29592.5;29588;29590;530
20260917 091300;29589.75;29591.75;29583.75;29587;460
20260917 091400;29586.5;29588.25;29575;29575.5;805
20260917 091500;29574.75;29575.25;29569.5;29571.5;588
20260917 091600;29571.5;29576.25;29566.5;29568.5;579
20260917 091700;29567.75;29568.75;29563.25;29566;563
20260917 091800;29566;29570.5;29564.75;29565.5;399
20260917 091900;29565.25;29569.25;29564.25;29566.5;321
20260917 092000;29565.75;29565.75;29556.25;29557.5;618
20260917 092100;29558.25;29566;29556.25;29560.5;731
20260917 092200;29561;29563.25;29556.75;29562.25;424
20260917 092300;29562.25;29562.75;29558.25;29560;160
20260917 092400;29560.5;29562;29559.5;29560.75;190
20260917 092500;29561;29561.25;29558;29560;248
20260917 092600;29559.75;29560.25;29554.25;29558;524
20260917 092700;29557.5;29558.5;29553;29556.5;485
20260917 092800;29557.25;29559.75;29554.5;29557.75;289
20260917 092900;29558.75;29563.75;29557.25;29557.75;371
20260917 093000;29558.25;29560.5;29553.5;29555.75;337
20260917 093100;29556;29557.25;29553.5;29553.75;355
20260917 093200;29554;29570.5;29554;29565.5;905
20260917 093300;29565.75;29567.5;29563;29566.75;350
20260917 093400;29566.25;29569.75;29564.5;29568.5;387
20260917 093500;29569.25;29572.75;29567.75;29570;468
20260917 093600;29570.5;29573.75;29568;29571.25;351
20260917 093700;29571;29571;29564.5;29565.75;534
20260917 093800;29566;29570.75;29565.25;29569.25;225
20260917 093900;29568.5;29571.25;29562.25;29564.5;390
20260917 094000;29565;29569.25;29563.5;29563.5;265
20260917 094100;29563.75;29571;29561;29567.5;631
20260917 094200;29567;29568.75;29564;29566.25;187
20260917 094300;29565.25;29568;29563;29565.25;134
20260917 094400;29565.25;29569.25;29564;29568.5;180
20260917 094500;29569.25;29572.75;29566.25;29567;405
20260917 094600;29566.75;29569.5;29562.5;29563.75;192
20260917 094700;29563.5;29565.25;29557;29559.25;558
20260917 094800;29558.75;29559.25;29554.5;29556.5;327
20260917 094900;29556;29556.25;29546.75;29548.25;877
20260917 095000;29548.5;29550.75;29545.5;29550.75;348
20260917 095100;29551;29558;29550.5;29554;536
20260917 095200;29554.25;29557.75;29551;29555.75;443
20260917 095300;29556;29561.75;29555.25;29560.75;527
20260917 095400;29560.75;29566;29560.25;29563.5;639
20260917 095500;29563.75;29570.25;29563.25;29567.25;446
20260917 095600;29567.25;29580;29566;29571;1258
20260917 095700;29570.5;29571.75;29565.25;29568;495
20260917 095800;29568;29570.25;29563;29564.25;441
20260917 095900;29563.25;29563.25;29557.5;29561;442
20260917 100000;29560.5;29562.75;29558;29558.25;182
20260917 100100;29558.5;29562;29557.75;29560.5;333
20260917 100200;29560;29564.5;29557.75;29562.5;314
20260917 100300;29562.5;29564.25;29559;29563;279
20260917 100400;29563.25;29569.25;29563.25;29565.75;539
20260917 100500;29565.5;29569.75;29564;29566.75;264
20260917 100600;29567.25;29571.5;29565.75;29567.75;367
20260917 100700;29567.75;29572.25;29564.5;29568.5;494
20260917 100800;29569.25;29577.75;29568;29573.75;536
20260917 100900;29573.5;29578;29572.75;29575;325
20260917 101000;29575.75;29576;29570.75;29572;291
20260917 101100;29572.25;29574.75;29569.75;29573.5;236
20260917 101200;29574;29581.5;29573;29580.25;465
20260917 101300;29579.5;29582.75;29576.25;29576.75;393
20260917 101400;29577.25;29580.75;29575;29575.25;313
20260917 101500;29575.5;29577.25;29569.75;29570.5;405
20260917 101600;29571.25;29574;29567.5;29570.5;419
20260917 101700;29570.75;29574.25;29568.5;29569.25;300
20260917 101800;29570.5;29574;29569.5;29571;189
20260917 101900;29571.75;29576.5;29568.75;29568.75;284
20260917 102000;29568.75;29569;29561.75;29562.75;618
20260917 102100;29562.25;29567.25;29562.25;29565.25;202
20260917 102200;29566;29569.75;29565;29565.5;217
20260917 102300;29565.5;29570.5;29565;29569;284
20260917 102400;29568.5;29580;29567.25;29578.5;704
20260917 102500;29578.5;29584.75;29575.75;29584.75;561
20260917 102600;29584.25;29585;29579.5;29581.75;524
20260917 102700;29582;29586.5;29581;29584.5;289
20260917 102800;29584.25;29585.75;29582.5;29585.25;251
20260917 102900;29584.75;29589;29583.75;29589;329
20260917 103000;29588;29589.5;29576.25;29578.25;656
20260917 103100;29579;29590.5;29577.5;29581.25;1296
20260917 103200;29581.25;29583.5;29577.25;29578.25;366
20260917 103300;29578.75;29579.75;29575.25;29578.5;377
20260917 103400;29579.25;29579.25;29576;29576.25;233
20260917 103500;29576;29576.25;29570.75;29573.25;461
20260917 103600;29572.5;29582.75;29572.25;29577.75;834
20260917 103700;29578;29580.75;29573.75;29578.5;321
20260917 103800;29579;29583;29575.5;29579.25;447
20260917 103900;29579.25;29582.25;29579.25;29579.25;195
20260917 104000;29579.75;29583.5;29578;29579;345
20260917 104100;29577.75;29580.5;29572.25;29572.75;346
20260917 104200;29573;29573.25;29564;29566;706
20260917 104300;29566;29566.25;29562.25;29563;403
20260917 104400;29563.25;29565;29561.5;29563.25;366
20260917 104500;29563.25;29570;29563.25;29565;403
20260917 104600;29564.5;29569;29562.5;29566.75;335
20260917 104700;29567;29571.25;29565.25;29568;405
20260917 104800;29568;29570.75;29566.75;29568.25;192
20260917 104900;29569;29569;29565;29565.25;220
20260917 105000;29564.5;29568;29563;29567;306
20260917 105100;29567.25;29573.5;29565;29572.25;338
20260917 105200;29572.75;29579.75;29572.25;29573.75;568
20260917 105300;29572.75;29576;29570.5;29572.75;282
20260917 105400;29571.75;29576;29569.5;29573;326
20260917 105500;29573;29573.75;29568.75;29572.25;173
20260917 105600;29572.25;29576.25;29570.75;29574.25;205
20260917 105700;29574.5;29581.75;29574.25;29578;332
20260917 105800;29577.25;29581;29576;29580.25;159
20260917 105900;29580;29584;29578;29583;240
20260917 110000;29582.5;29589.5;29582.5;29585.5;509
20260917 110100;29586.25;29598.75;29583;29596.5;2101
20260917 110200;29595.75;29613;29595;29596.75;2483
20260917 110300;29596.5;29601;29593.5;29597.75;1003
20260917 110400;29598.25;29601.25;29590;29593;758
20260917 110500;29593.25;29593.5;29589.25;29592.5;605
20260917 110600;29593;29595.75;29589.75;29595;577
20260917 110700;29594.5;29595.75;29584.5;29586.75;822
20260917 110800;29587.25;29590.25;29584;29589;745
20260917 110900;29589.75;29589.75;29583.75;29584.5;421
20260917 111000;29584.5;29588.25;29582.5;29583.75;552
20260917 111100;29583.75;29586.25;29580.25;29580.75;493
20260917 111200;29581.75;29582.5;29575.25;29575.75;566
20260917 111300;29576;29582.75;29575.75;29579.25;508
20260917 111400;29579.5;29589.5;29576.75;29588;795
20260917 111500;29588.5;29591.5;29583.25;29588.5;517
20260917 111600;29589.5;29592;29580;29582.5;564
20260917 111700;29582.75;29586.5;29573.25;29575.75;817
20260917 111800;29576.25;29576.25;29567.5;29567.75;751
20260917 111900;29568;29569.75;29566;29569;328
20260917 112000;29569.25;29577.25;29568.75;29576;691
20260917 112100;29575;29585.75;29575;29580.5;873
20260917 112200;29581;29582.75;29576.75;29578.25;405
20260917 112300;29578.25;29579;29570.5;29571.75;656
20260917 112400;29571.75;29577.5;29570.25;29574.5;306
20260917 112500;29574.5;29576.5;29568.75;29569;281
20260917 112600;29569.5;29572.5;29565;29566.75;442
20260917 112700;29567.5;29575;29565;29572.75;536
20260917 112800;29573;29579;29571.5;29575.75;557
20260917 112900;29576.25;29576.75;29572.75;29573.75;266
20260917 113000;29574;29580.75;29574;29577.75;434
20260917 113100;29577.5;29578.25;29573;29574.5;400
20260917 113200;29575;29580;29573;29578.25;479
20260917 113300;29578;29582;29577.5;29581;386
20260917 113400;29580.5;29580.75;29571.5;29575;396
20260917 113500;29575;29576.5;29572;29572.5;296
20260917 113600;29572.75;29578.25;29571.25;29576.25;307
20260917 113700;29575.25;29579;29573.5;29573.5;231
20260917 113800;29574;29575;29566;29571;477
20260917 113900;29570.5;29577.5;29570.5;29575.5;297
20260917 114000;29575.75;29577.75;29574.75;29575.25;164
20260917 114100;29575.75;29576;29565.5;29566.25;397
20260917 114200;29566.5;29568.75;29565.75;29567.5;439
20260917 114300;29567.75;29573;29565.75;29570.25;312
20260917 114400;29570;29571.25;29568.25;29569.25;234
20260917 114500;29570;29570.25;29558.75;29560.5;771
20260917 114600;29560.5;29561.75;29558.5;29561;648
20260917 114700;29560.5;29567;29558.25;29564;536
20260917 114800;29564.25;29565.25;29559;29563.75;293
20260917 114900;29563.5;29569.5;29561.75;29565;436
20260917 115000;29565.25;29569;29563;29565;363
20260917 115100;29565.25;29565.25;29555;29561.5;834
20260917 115200;29561.5;29567;29559.5;29565.75;328
20260917 115300;29566;29567.25;29560;29564.25;457
20260917 115400;29564;29571.75;29563.75;29571;649
20260917 115500;29570.5;29583.5;29570.5;29577.25;1145
20260917 115600;29578.25;29586.5;29578;29581.25;631
20260917 115700;29581.75;29582.25;29574;29576.75;721
20260917 115800;29577.25;29584;29577.25;29583.25;385
20260917 115900;29583.25;29618.25;29581.75;29612.75;6459
20260917 120000;29612.75;29623;29606.25;29620.75;2882
20260917 120100;29621;29624;29610.5;29614;2076
20260917 120200;29614;29621.5;29607.25;29608;1283
20260917 120300;29608.25;29610.25;29600.5;29608.25;1255
20260917 120400;29608.5;29609.5;29596;29601.25;1003
20260917 120500;29601.75;29626.75;29601.25;29619;4686
20260917 120600;29620.25;29643;29615.5;29637.25;2918
20260917 120700;29637;29638.5;29631.75;29635;1330
20260917 120800;29635;29635.5;29625.25;29631.5;1341
20260917 120900;29631.75;29643.75;29631.5;29641.75;1380
20260917 121000;29641.5;29668;29641.5;29667.25;3894
20260917 121100;29667;29681.25;29662.5;29666.25;3167
20260917 121200;29666;29673.25;29665.25;29668.5;1217
20260917 121300;29668.25;29671.25;29664.25;29668.75;1118
20260917 121400;29669.5;29671;29662.5;29669;1034
20260917 121500;29669;29669;29663;29666.75;654
20260917 121600;29667;29670.5;29663;29668;767
20260917 121700;29667.25;29671.25;29662.5;29668.5;871
20260917 121800;29668.25;29679.75;29667.25;29678;1456
20260917 121900;29677.75;29680;29670.5;29677.5;1062
20260917 122000;29677;29687.5;29673;29687.5;1632
20260917 122100;29687.25;29690;29681.5;29687.5;1484
20260917 122200;29687.5;29697.25;29687;29691.75;1899
20260917 122300;29692;29693.5;29685.5;29687.75;1052
20260917 122400;29687.75;29695.75;29686.5;29695.25;866
20260917 122500;29695.25;29697;29690.75;29695.75;871
20260917 122600;29695.75;29706.25;29689.5;29704.5;2441
20260917 122700;29705;29708.25;29699.5;29708;1218
20260917 122800;29707;29712.25;29701.25;29711.25;1338
20260917 122900;29711.5;29718.75;29708;29712.25;1210
20260917 123000;29712.5;29726.25;29712;29725.25;1303
20260917 123100;29724.5;29729;29712;29726.75;2712
20260917 123200;29726.25;29728.5;29718.25;29726;1491
20260917 123300;29725.75;29749.25;29725.5;29740.5;3815
20260917 123400;29740;29743.75;29724;29743.5;2420
20260917 123500;29743.5;29753.25;29741;29748.5;2557
20260917 123600;29748.25;29749.75;29736.25;29742.5;2189
20260917 123700;29742.25;29742.75;29732;29733.25;2045
20260917 123800;29733.25;29733.5;29722.25;29726.5;2342
20260917 123900;29727.25;29739;29722.5;29734.75;2045
20260917 124000;29735.25;29746;29728.25;29743;2035
20260917 124100;29743.25;29744.75;29734.25;29735.25;1128
20260917 124200;29735.75;29736.75;29724.5;29724.75;1103
20260917 124300;29724.75;29731.25;29723.75;29730.75;1395
20260917 124400;29731;29734.5;29729.75;29733.75;1083
20260917 124500;29733.25;29734.5;29720.25;29721;1557
20260917 124600;29721.5;29723.5;29716;29720;1499
20260917 124700;29719.25;29722.5;29716;29719.5;1269
20260917 124800;29719.25;29720.25;29712;29713;1328
20260917 124900;29712.75;29715.75;29708.25;29712.75;1492
20260917 125000;29713.25;29721.25;29712.75;29714;1499
20260917 125100;29714.5;29720.5;29711;29717.25;1035
20260917 125200;29717;29727.25;29715.5;29723.25;1703
20260917 125300;29723.25;29724;29717.5;29719.25;790
20260917 125400;29719.5;29719.5;29713.75;29715.25;973
20260917 125500;29715;29724.75;29714.75;29723.5;810
20260917 125600;29723.25;29723.75;29713.75;29716;1126
20260917 125700;29716.5;29724.5;29714.75;29724;1040
20260917 125800;29724.5;29732.25;29723.25;29729;1472
20260917 125900;29728.25;29728.25;29720;29723.25;865
20260917 130000;29723.25;29725.25;29717.75;29724;951
20260917 130100;29724.25;29749.75;29715;29748.5;4337
20260917 130200;29748.5;29750;29736.5;29739;2008
20260917 130300;29739;29742.75;29734;29737.75;1214
20260917 130400;29737.5;29739;29733.5;29733.75;893
20260917 130500;29734.5;29738.5;29728;29730;1377
20260917 130600;29730;29733.25;29726;29730.25;1230
20260917 130700;29729.75;29730.25;29723;29726.25;978
20260917 130800;29727.25;29730;29723.75;29727;640
20260917 130900;29727.25;29739;29726.25;29731.25;1555
20260917 131000;29732;29732;29724.75;29725.5;1041
20260917 131100;29725.5;29728.25;29719.75;29719.75;1397
20260917 131200;29720.75;29726.25;29714.5;29726;1614
20260917 131300;29726;29732.25;29721.5;29725.5;1416
20260917 131400;29725.25;29736.5;29724.75;29731.25;1398
20260917 131500;29730.75;29735.5;29729;29730.75;893
20260917 131600;29730.25;29735.75;29725.75;29733.75;1142
20260917 131700;29734.25;29739.5;29729.5;29731.5;1797
20260917 131800;29731.75;29734.75;29729.25;29734.75;798
20260917 131900;29735;29742.25;29732.25;29733.75;1370
20260917 132000;29734.25;29734.25;29727.75;29727.75;747
20260917 132100;29728.25;29733;29725.25;29726;1069
20260917 132200;29726.25;29727.5;29717.5;29720.75;1349
20260917 132300;29720.75;29722.75;29718.5;29721.75;607
20260917 132400;29721.25;29721.25;29713;29715.25;1192
20260917 132500;29715;29717.75;29712.75;29715.5;1144
20260917 132600;29715.5;29719.75;29714;29718.25;1383
20260917 132700;29718.75;29729;29718.75;29726.25;1506
20260917 132800;29726.5;29730.5;29720.5;29722.25;1840
20260917 132900;29722;29728.5;29720;29723.25;1516
20260917 133000;29723.75;29724.25;29709.5;29717.75;3095
20260917 133100;29717.75;29737.75;29698.25;29717.5;16049
20260917 133200;29717.5;29724.5;29673;29674.75;12636
20260917 133300;29674.75;29685.25;29664;29675.25;10585
20260917 133400;29675.75;29678.75;29650.25;29659;9845
20260917 133500;29658.75;29664.25;29641;29641.5;7713
20260917 133600;29641.5;29658.75;29641.25;29654.5;7216
20260917 133700;29654.75;29667.5;29634;29648.25;11647
20260917 133800;29648;29649.5;29625.75;29626.25;8196
20260917 133900;29626.25;29630;29605.75;29614.75;9939
20260917 134000;29614.5;29623;29609.5;29620.5;6963
20260917 134100;29620.5;29634;29613.25;29631.5;8253
20260917 134200;29630.75;29641.5;29615.5;29618.75;8086
20260917 134300;29618.75;29644.5;29613;29644.25;7588
20260917 134400;29644.5;29649.25;29621.5;29633;8565
20260917 134500;29632.25;29646.25;29627.75;29641.25;5499
20260917 134600;29641.75;29652;29629.5;29630;7429
20260917 134700;29629.5;29654.75;29623.75;29653.75;7328
20260917 134800;29653.75;29669.5;29645.75;29661.25;8871
20260917 134900;29660.25;29662;29641.75;29649.75;6332
20260917 135000;29649.75;29664.5;29634.25;29664.25;7223
20260917 135100;29664.75;29674.5;29657.5;29671.5;8183
20260917 135200;29671.75;29673.25;29644;29667.5;7151
20260917 135300;29667;29673.75;29661.75;29671;4428
20260917 135400;29670.75;29674.25;29662.25;29672.25;3744
20260917 135500;29672.25;29694.75;29670.25;29674.5;9607
20260917 135600;29674.25;29683.75;29664;29671;6813
20260917 135700;29671;29676;29661.75;29671.5;4394
20260917 135800;29670.75;29675;29662.75;29672.25;3267
20260917 135900;29671.75;29679.25;29667;29671.25;2400
20260917 140000;29671.25;29690.25;29669.5;29689.25;3233
20260917 140100;29689;29691;29663.75;29665.75;6645
20260917 140200;29665.25;29673;29648.75;29670.75;9844
20260917 140300;29670.5;29674.5;29653.25;29664.25;5440
20260917 140400;29664.25;29672;29650;29671.75;5089
20260917 140500;29671.5;29677.5;29660.25;29675;4504
20260917 140600;29675.25;29678.25;29664.5;29674.25;3060
20260917 140700;29674.25;29683.5;29668;29671;4574
20260917 140800;29670.5;29670.5;29638.75;29642.25;7933
20260917 140900;29642.75;29667.5;29642.75;29664.75;5074
20260917 141000;29665;29670.5;29654.75;29658.75;4043
20260917 141100;29658;29676.75;29656.25;29665.25;4878
20260917 141200;29665.75;29665.75;29646.5;29661.5;4403
20260917 141300;29661;29682;29656;29676.75;5029
20260917 141400;29677.25;29700.25;29672.5;29700;7759
20260917 141500;29700.5;29717.75;29699;29710.75;10136
20260917 141600;29710.25;29714.75;29701.75;29703.75;4780
20260917 141700;29703.5;29715.5;29703.5;29711;3630
20260917 141800;29711.25;29719.5;29707.25;29709.25;4185
20260917 141900;29708.5;29717.5;29703.75;29708;3631
20260917 142000;29708.5;29711.25;29696.25;29709.5;4916
20260917 142100;29709.25;29710.5;29692.25;29698.5;4375
20260917 142200;29698.25;29706.75;29696;29704.75;2550
20260917 142300;29704.75;29711;29701.5;29702.75;3048
20260917 142400;29703;29721.5;29703;29718.25;4458
20260917 142500;29718.25;29725.5;29711;29721;4593
20260917 142600;29721;29723.75;29712;29718;3030
20260917 142700;29718;29728;29715.25;29726.25;2922
20260917 142800;29726.25;29737.25;29721;29736.25;5051
20260917 142900;29736.25;29741.25;29720.75;29722.5;6125
20260917 143000;29722.75;29724.25;29710.5;29712;5251
20260917 143100;29712.25;29724.25;29708.5;29720.75;4568
20260917 143200;29720.75;29726.75;29711.25;29714.5;3469
20260917 143300;29715;29723.25;29711;29723.25;2219
20260917 143400;29723.25;29731.25;29721;29723.25;3600
20260917 143500;29723.5;29738;29721;29734;3416
20260917 143600;29734.5;29737.5;29722.25;29732;3495
20260917 143700;29732;29736.25;29725;29731.25;2167
20260917 143800;29731.75;29741.25;29729.75;29740.25;2847
20260917 143900;29740;29744.75;29732.5;29738.25;3770
20260917 144000;29737.75;29743.5;29722.5;29724.75;3750
20260917 144100;29725.25;29741;29721.25;29738.25;3603
20260917 144200;29738.25;29746.25;29730;29743.75;3692
20260917 144300;29743.5;29748.25;29738;29739.5;3529
20260917 144400;29739.5;29741.25;29727;29729.25;4392
20260917 144500;29729;29730.75;29713;29716;5891
20260917 144600;29715.25;29718.5;29706;29708.75;5511
20260917 144700;29709;29713.25;29694;29699.25;6157
20260917 144800;29699.75;29702.5;29680.75;29686.25;6095
20260917 144900;29686.25;29698;29684.25;29691;4527
20260917 145000;29691;29698;29684.5;29693.5;4026
20260917 145100;29693.25;29698;29684.25;29686.25;3612
20260917 145200;29686.5;29697.25;29686.5;29696.25;2761
20260917 145300;29695;29696.75;29688.25;29690.75;2233
20260917 145400;29690.75;29694.25;29682.25;29684;3222
20260917 145500;29684;29684;29668.75;29674.5;7959
20260917 145600;29674.5;29684;29669.5;29674.75;4446
20260917 145700;29674;29686.25;29667.25;29684.75;4589
20260917 145800;29684.25;29695.75;29683.75;29687.25;5109
20260917 145900;29686.75;29695.75;29678.5;29681.75;3757
20260917 150000;29681.75;29684.25;29673.75;29680;3031
20260917 150100;29680.25;29685.75;29664;29677.75;5355
20260917 150200;29677.25;29683.5;29669.75;29673.5;3592
20260917 150300;29673;29680.75;29668.75;29679.25;2453
20260917 150400;29679.5;29688;29676.5;29679;3325
20260917 150500;29679;29680.25;29671.75;29673.5;1864
20260917 150600;29673.5;29676;29659.75;29659.75;4282
20260917 150700;29659.75;29667.5;29652;29667;5136
20260917 150800;29667;29676;29656.5;29675;4013
20260917 150900;29674.75;29686.75;29671.25;29686;4199
20260917 151000;29686;29693.5;29678.5;29681.75;4014
20260917 151100;29681.5;29682.75;29670.25;29677;3046
20260917 151200;29677;29686.5;29673.5;29684.75;2610
20260917 151300;29684.75;29686.25;29671.5;29674;2821
20260917 151400;29674.5;29685.5;29670;29683.75;2639
20260917 151500;29683.75;29686;29677.5;29682.75;1996
20260917 151600;29681.75;29681.75;29670.75;29675.5;2224
20260917 151700;29676.25;29695;29673.75;29692;3077
20260917 151800;29692;29692.75;29682.75;29690.75;2439
20260917 151900;29690.25;29698;29687.5;29695.75;3394
20260917 152000;29695.75;29696.25;29687.25;29693.5;2382
20260917 152100;29694;29695.25;29683.75;29686.75;2259
20260917 152200;29686.75;29690.25;29678.5;29684;2793
20260917 152300;29684.25;29690.25;29678.75;29689;1965
20260917 152400;29689.25;29690.5;29684.25;29685.75;1317
20260917 152500;29685.5;29692.25;29680;29691.5;1757
20260917 152600;29691.5;29712.25;29690.75;29712.25;5983
20260917 152700;29712;29714;29702.25;29703.75;3299
20260917 152800;29703.5;29711.75;29701;29704.75;2611
20260917 152900;29705.5;29709.75;29698.75;29709;1906
20260917 153000;29709;29714;29705;29706.5;2363
20260917 153100;29706.5;29711.25;29702.5;29706;2666
20260917 153200;29706.5;29709.25;29703.75;29709;1100
20260917 153300;29709;29709.5;29700.75;29702;1139
20260917 153400;29702.25;29706.5;29699.75;29703.5;1597
20260917 153500;29703.25;29708.5;29698.75;29706;1939
20260917 153600;29706.25;29714.25;29703.75;29706.5;3003
20260917 153700;29706.75;29717;29706;29716;2309
20260917 153800;29715.75;29720.75;29712.25;29715;2637
20260917 153900;29714.75;29717;29710.75;29715.75;1344
20260917 154000;29716;29720.5;29715.25;29719.5;1525
20260917 154100;29719.5;29729.5;29718;29729.25;3565
20260917 154200;29729.25;29737.25;29725;29734.25;3877
20260917 154300;29734;29737.5;29729;29737.5;2365
20260917 154400;29737.25;29740.75;29734.25;29734.5;2909
20260917 154500;29734.75;29740;29731.5;29735.25;2254
20260917 154600;29734.75;29739;29732.75;29734.25;1738
20260917 154700;29734.5;29744;29731;29742.75;2492
20260917 154800;29742.75;29743;29735.25;29737.25;1822
20260917 154900;29737;29743.25;29736.75;29739.5;1624
20260917 155000;29738.75;29744.75;29731.5;29740.5;2226
20260917 155100;29740.75;29746.5;29731.5;29737.75;3146
20260917 155200;29737.5;29740;29734.25;29737.75;1415
20260917 155300;29737.5;29744.75;29735.5;29743.75;1636
20260917 155400;29743.75;29744.25;29732.5;29735.75;2338
20260917 155500;29735.75;29740.75;29734.5;29737.5;1256
20260917 155600;29738;29741;29736;29736;950
20260917 155700;29736;29736.5;29726.5;29731.25;3184
20260917 155800;29731.5;29733.75;29727;29730;1631
20260917 155900;29730;29739;29727.75;29738.25;1862
20260917 160000;29737.75;29743.75;29733.5;29743.25;2356
20260917 160100;29743.5;29746;29735.25;29745.75;3059
20260917 160200;29745.75;29746.5;29736;29738;1647
20260917 160300;29738.5;29741.25;29734.25;29737.75;1430
20260917 160400;29737.75;29739.75;29733.75;29736.75;1406
20260917 160500;29736.75;29740.5;29728.25;29728.5;1689
20260917 160600;29729.25;29732;29718.5;29720.5;3966
20260917 160700;29720.5;29723;29717;29718.75;2500
20260917 160800;29719.25;29726;29718.5;29725.5;1921
20260917 160900;29725.5;29728;29720;29723;1460
20260917 161000;29723;29742;29722.75;29740.5;3675
20260917 161100;29740.5;29744.5;29738;29739.5;2263
20260917 161200;29739.75;29740.5;29734.75;29737.75;1718
20260917 161300;29738;29740.25;29734.5;29738.25;1037
20260917 161400;29737.75;29738;29732.25;29734.25;1063
20260917 161500;29734.75;29741;29732.5;29740.25;1061
20260917 161600;29739.75;29742;29733;29737.5;1335
20260917 161700;29737.25;29740.75;29734.5;29737;934
20260917 161800;29736.75;29742.25;29736.75;29740.25;996
20260917 161900;29740;29741.25;29736.75;29740.25;1067
20260917 162000;29740;29740;29735.25;29738;821
20260917 162100;29738;29738.75;29729.25;29732.25;1687
20260917 162200;29732.75;29738.75;29732.5;29737.75;1102
20260917 162300;29738;29743.5;29737.25;29740.25;1433
20260917 162400;29739.75;29745.25;29737.25;29744;1161
20260917 162500;29743.75;29753;29743.75;29747.75;5083
20260917 162600;29747;29751.25;29745;29746.75;1664
20260917 162700;29747;29749.5;29743;29748.5;1484
20260917 162800;29748;29750;29746;29749.25;974
20260917 162900;29749.5;29752.25;29744.5;29744.5;1464
20260917 163000;29745;29748.5;29742.25;29746.75;1846
20260917 163100;29747.25;29750.5;29743.25;29747;1688
20260917 163200;29747;29747.25;29734.75;29734.75;2892
20260917 163300;29735;29739;29723.5;29724.5;3983
20260917 163400;29724.25;29726;29717;29718.75;3401
20260917 163500;29718.75;29725.5;29717;29725.25;2428
20260917 163600;29725.25;29727;29721.75;29726;1881
20260917 163700;29726;29732.5;29721.5;29731.25;1826
20260917 163800;29731.5;29733.75;29726;29732;1725
20260917 163900;29731.75;29734.5;29727;29733.75;1135
20260917 164000;29734.25;29734.25;29726.75;29729.75;1325
20260917 164100;29729.25;29736.25;29724.5;29734.5;1994
20260917 164200;29734.25;29737.75;29732.25;29734.75;1477
20260917 164300;29734.75;29741;29734.25;29739;1560
20260917 164400;29739.5;29744;29736;29743;1726
20260917 164500;29743.5;29746.75;29740.5;29746.75;1813
20260917 164600;29746.5;29749.75;29742.75;29745.25;2355
20260917 164700;29744.25;29744.75;29740.75;29743.75;1367
20260917 164800;29743.5;29749.5;29743;29746.5;2003
20260917 164900;29746.75;29749.25;29742.25;29742.75;1239
20260917 165000;29742.75;29747.25;29739.75;29743;1103
20260917 165100;29743;29744.25;29739.75;29740.5;870
20260917 165200;29740.5;29745.25;29739.75;29740.75;1071
20260917 165300;29741.25;29747;29741.25;29745.5;790
20260917 165400;29745;29747.25;29742.5;29745.25;711
20260917 165500;29745.25;29747;29741.25;29741.75;832
20260917 165600;29742;29743.5;29712;29721.75;13363
20260917 165700;29721.25;29726;29715.5;29721;4885
20260917 165800;29721.25;29722.5;29703.75;29719.25;5938
20260917 165900;29719.5;29733;29718;29731;3874
20260917 170000;29731.25;29742.5;29730.75;29740.75;3118
20260917 170100;29741.25;29767;29738;29755.5;7374
20260917 170200;29755.25;29758.75;29750.75;29758.75;3146
20260917 170300;29758.5;29758.5;29746.5;29747.75;2335
20260917 170400;29747.5;29748;29739.75;29747.5;2986
20260917 170500;29747;29754.75;29745.5;29754.25;1807
20260917 170600;29754.5;29756.75;29750;29753.25;1647
20260917 170700;29753.5;29763;29752;29758.5;3182
20260917 170800;29758.5;29762.5;29756.25;29761;1442
20260917 170900;29761;29761.5;29748.25;29749.25;1830
20260917 171000;29748.75;29750.5;29744.5;29747.75;1678
20260917 171100;29747.75;29748.5;29737.25;29741.75;2448
20260917 171200;29741.5;29747;29740.75;29741.5;1235
20260917 171300;29741.25;29743.25;29734;29735.5;1954
20260917 171400;29735.25;29742.5;29735.25;29736.5;1423
20260917 171500;29736.25;29741.75;29730.5;29732.25;1822
20260917 171600;29732.25;29737.75;29731;29735;1680
20260917 171700;29734.75;29737.5;29732.75;29736.25;1072
20260917 171800;29736;29739.75;29733.5;29738.75;1583
20260917 171900;29738.75;29739;29734.5;29736.5;847
20260917 172000;29736.25;29744;29735.75;29739;1555
20260917 172100;29738.75;29743.25;29731.5;29732.75;1904
20260917 172200;29732.75;29733;29722;29723.75;3050
20260917 172300;29723.75;29733;29723.25;29729.25;1921
20260917 172400;29729.25;29735;29727.25;29728;1470
20260917 172500;29727.75;29734.5;29722.5;29725.75;1810
20260917 172600;29725.25;29730.75;29724.25;29729;1412
20260917 172700;29728.75;29728.75;29721.25;29726;1193
20260917 172800;29725.75;29734.5;29725.5;29731.5;1628
20260917 172900;29731.75;29732.5;29724;29724.75;898
20260917 173000;29725.25;29727.25;29723;29726.75;845
20260917 173100;29726.5;29730.25;29717.25;29719;2710
20260917 173200;29718.75;29723.25;29717.25;29720.5;1523
20260917 173300;29720.5;29727.5;29719.5;29727;1370
20260917 173400;29726.5;29729.75;29725.5;29727.5;1003
20260917 173500;29727.5;29733;29727.5;29732;1654
20260917 173600;29732;29736.25;29729.75;29733.5;1801
20260917 173700;29733.5;29734;29725.75;29730.75;1438
20260917 173800;29730.5;29734;29723.75;29724;1090
20260917 173900;29724.5;29729;29723;29725.5;1047
20260917 174000;29726;29728.25;29723.25;29724;816
20260917 174100;29723.75;29731;29723.5;29727;1256
20260917 174200;29727.25;29736.25;29727;29733.25;1440
20260917 174300;29733.5;29739.5;29731.25;29737.5;1807
20260917 174400;29737.75;29738;29735;29735.5;771
20260917 174500;29735.25;29738.25;29734;29737.75;772
20260917 174600;29737.25;29739.75;29735.5;29737;907
20260917 174700;29737;29745;29736.75;29743.75;2034
20260917 174800;29743.75;29746.5;29740.5;29741;1510
20260917 174900;29741.25;29742;29738.75;29739.25;901
20260917 175000;29739.25;29741.75;29737.75;29738;724
20260917 175100;29738.25;29738.75;29728.75;29729.75;2009
20260917 175200;29729.5;29734.75;29728.25;29734;1303
20260917 175300;29733.75;29734.75;29728.25;29728.75;973
20260917 175400;29729;29732.25;29727.5;29731;1035
20260917 175500;29731;29732.75;29729;29731.5;555
20260917 175600;29731;29733.75;29730;29730.25;640
20260917 175700;29731;29733;29730;29732.25;503
20260917 175800;29732.25;29738.75;29732.25;29734.25;1979
20260917 175900;29734.75;29741.5;29734.25;29739.25;1149
20260917 180000;29739.25;29743.25;29737;29742.25;886
20260917 180100;29742.5;29743;29736.75;29737.5;1000
20260917 180200;29737.75;29739;29734.25;29738.75;911
20260917 180300;29738.5;29740.75;29733.75;29734.25;936
20260917 180400;29734.75;29744;29732.75;29743;1286
20260917 180500;29743;29744;29740;29741.25;1189
20260917 180600;29741.25;29747.5;29740.5;29743;1357
20260917 180700;29743.5;29745.5;29735.75;29738;1451
20260917 180800;29737.75;29739.25;29730.25;29731.25;1343
20260917 180900;29731;29732.5;29727;29729.75;1377
20260917 181000;29729.75;29730.75;29724;29728.25;1625
20260917 181100;29728;29729;29724.5;29729;1393
20260917 181200;29728.5;29732.25;29725;29725;1797
20260917 181300;29725.5;29732.25;29725.5;29731;903
20260917 181400;29731;29733.25;29726.75;29730.25;916
20260917 181500;29730.25;29734;29729.75;29730.25;863
20260917 181600;29729.75;29737;29729.5;29736.5;1134
20260917 181700;29736.5;29740;29730;29730;1881
20260917 181800;29730;29731.25;29725.25;29725.5;1496
20260917 181900;29725.5;29727;29720.75;29726.25;1913
20260917 182000;29726.25;29736.25;29726;29735.75;1503
20260917 182100;29736;29738.5;29733;29733.75;1094
20260917 182200;29734;29734.75;29728.5;29729.75;1114
20260917 182300;29729.5;29731.5;29726;29730.75;1085
20260917 182400;29730.5;29731.5;29727.75;29729.75;520
20260917 182500;29729.25;29730.5;29723;29724.25;1215
20260917 182600;29724.5;29729.5;29723.5;29725.5;1238
20260917 182700;29726;29729.5;29725.5;29728.5;935
20260917 182800;29728.75;29730.75;29727.75;29728.75;689
20260917 182900;29729;29730.25;29725.25;29729.75;754
20260917 183000;29729.75;29730.5;29726.25;29726.75;642
20260917 183100;29726.5;29734.25;29726.5;29729.75;1272
20260917 183200;29730;29731.75;29725.5;29726.25;807
20260917 183300;29726;29730.25;29724.25;29724.75;662
20260917 183400;29725.25;29728;29724;29724.5;766
20260917 183500;29724.5;29725;29720.5;29722;983
20260917 183600;29721.75;29724.5;29718.5;29719.75;1453
20260917 183700;29719.75;29720.75;29709.25;29709.75;3524
20260917 183800;29709.5;29715.75;29709;29713.75;2175
20260917 183900;29714.25;29714.25;29710;29710.75;1164
20260917 184000;29710.75;29713.25;29708.25;29709.5;1033
20260917 184100;29709.5;29713.25;29705.25;29713;1854
20260917 184200;29713;29716.25;29711.25;29712;1521
20260917 184300;29711.75;29713.75;29708.25;29711.75;1298
20260917 184400;29712;29714.75;29711;29712;706
20260917 184500;29712;29717.75;29711.5;29717;1308
20260917 184600;29716.25;29722;29714.75;29718.5;1705
20260917 184700;29718.5;29720.5;29716.5;29718.5;986
20260917 184800;29718;29719.5;29715.5;29719;806
20260917 184900;29718.75;29725.25;29718.5;29725;1618
20260917 185000;29724.5;29728.5;29721;29721.25;1622
20260917 185100;29721.25;29724.25;29720.5;29724.25;843
20260917 185200;29724;29726.25;29722.25;29725.25;824
20260917 185300;29725;29726;29717.25;29718;1365
20260917 185400;29718.5;29720.25;29715.75;29718.75;1390
20260917 185500;29719;29721.25;29716.5;29720;753
20260917 185600;29720.5;29725;29718;29718;1225
20260917 185700;29718.25;29719.25;29715;29717.5;917
20260917 185800;29718.25;29723.25;29717.5;29722.5;1067
20260917 185900;29722.25;29724;29719.25;29721.5;886
20260917 190000;29721.75;29722.75;29719.25;29722;541
20260917 190100;29722;29733.5;29719.75;29732.75;2843
20260917 190200;29732.5;29732.75;29727.75;29729.75;1294
20260917 190300;29729.75;29730.5;29725.25;29729.75;1067
20260917 190400;29730.25;29733;29728.5;29731.25;1052
20260917 190500;29731;29737;29731;29735;2086
20260917 190600;29735.25;29745.5;29735;29745.5;2981
20260917 190700;29745.5;29751.25;29741.75;29749.25;3182
20260917 190800;29749.5;29749.75;29743.5;29747.25;1831
20260917 190900;29747;29747.75;29743.25;29744;1357
20260917 191000;29743.75;29744.5;29735.25;29739.75;2982
20260917 191100;29739.5;29741.25;29736.5;29739.25;1288
20260917 191200;29739.25;29740.25;29734.5;29737.75;1235
20260917 191300;29737.5;29740;29735;29739.25;953
20260917 191400;29739.25;29745;29737.5;29744.25;1439
20260917 191500;29744.75;29745.75;29739.25;29739.75;1296
20260917 191600;29739.75;29742.5;29739.25;29740.5;670
20260917 191700;29740.25;29742;29736.5;29739.5;1074
20260917 191800;29739.5;29740.75;29737.75;29740.25;577
20260917 191900;29740.5;29746.25;29739.75;29744.75;1030
20260917 192000;29744.75;29746.5;29742.5;29744;976
20260917 192100;29744;29746;29742.75;29744.75;813
20260917 192200;29745.25;29746.25;29740.75;29742.75;1152
20260917 192300;29743;29743.25;29739.75;29740.75;934
20260917 192400;29740.75;29741.75;29738.5;29740.25;1107
20260917 192500;29740.5;29740.75;29734;29735.25;1629
20260917 192600;29735.25;29739;29733;29738.5;1245
20260917 192700;29738.75;29739;29731.5;29732.25;1175
20260917 192800;29732.5;29733.5;29727.75;29731.25;1819
20260917 192900;29732;29734.75;29730.5;29734;954
20260917 193000;29733.75;29734.5;29730.75;29731.75;791
20260917 193100;29732;29746.75;29730.25;29746.75;2920
20260917 193200;29746.25;29754.25;29745;29751.75;3298
20260917 193300;29751.75;29753;29747.5;29752;1436
20260917 193400;29752;29752.5;29748.75;29750.75;1011
20260917 193500;29750.5;29753;29747.25;29752.5;1065
20260917 193600;29752.25;29757.25;29751.75;29755.25;2038
20260917 193700;29755;29760.75;29754.25;29756;2243
20260917 193800;29756.25;29760;29755.5;29758.25;1080
20260917 193900;29758.25;29760.75;29756;29757.75;1210
20260917 194000;29757.75;29758.75;29755.25;29758;1018
20260917 194100;29758.25;29759;29753.5;29754.75;1488
20260917 194200;29754.5;29757.75;29750.5;29751.75;1413
20260917 194300;29752;29753.25;29746.5;29752.25;1961
20260917 194400;29752.75;29758.25;29752.5;29756.75;1433
20260917 194500;29756.75;29766;29756.75;29763;2747
20260917 194600;29763;29766;29756.75;29759.25;2490
20260917 194700;29759;29761.25;29750.75;29751.25;1648
20260917 194800;29751.75;29754.25;29749.5;29753.25;1423
20260917 194900;29753.25;29756;29751.25;29754.75;945
20260917 195000;29755;29757;29751.75;29753.5;1197
20260917 195100;29753.5;29769.75;29753.5;29767.5;5557
20260917 195200;29767.25;29781.75;29766.25;29781.25;5079
20260917 195300;29781.25;29781.75;29773.75;29779.75;3270
20260917 195400;29779.75;29791.75;29777.25;29788;4327
20260917 195500;29788.5;29793.25;29768.25;29769.75;6043
20260917 195600;29769.75;29775.5;29763;29768.5;3545
20260917 195700;29768.5;29774;29767.25;29774;1602
20260917 195800;29773.25;29775;29766;29767.25;1671
20260917 195900;29767.25;29768.25;29756.75;29759.25;3388
20260917 200000;29759.25;29759.5;29731.5;29742.5;12306
20260917 200100;29743.5;29748;29736.5;29739.25;4659
20260917 200200;29739;29745;29734.75;29742.25;2043
20260917 200300;29741.25;29744;29739;29743;1067
20260917 200400;29742.5;29744.75;29739.5;29740.5;923
20260917 200500;29740;29741.75;29737;29737;1177
20260917 200600;29737.5;29744.5;29736.75;29744.5;1337
20260917 200700;29744.5;29745;29735.25;29738.75;897
20260917 200800;29739;29744.5;29738.5;29743.5;812
20260917 200900;29743;29744.75;29739.75;29740.5;330
20260917 201000;29740.25;29743.75;29737;29743.5;933
20260917 201100;29743.25;29744.75;29739.75;29741;899
20260917 201200;29741.25;29742.75;29738;29739;580
20260917 201300;29738.75;29740;29733.75;29733.75;792
20260917 201400;29734;29736.25;29730.75;29731.75;769
20260917 201500;29731.5;29732.25;29723.5;29725;2151
20260917 201600;29724;29728.5;29722.5;29724.5;1012
20260917 201700;29724.25;29726.5;29716.75;29717.75;1863
20260917 201800;29717.75;29722;29715.75;29721;658
20260917 201900;29720.5;29723.5;29720.25;29721.5;613
20260917 202000;29721.25;29723.25;29716.25;29716.25;536
20260917 202100;29716.5;29719.25;29715.5;29716.5;707
20260917 202200;29715.75;29719.5;29714.75;29716.75;383
20260917 202300;29716.5;29719.5;29715.25;29718.25;624
20260917 202400;29718.25;29719.25;29716.5;29716.75;273
20260917 202500;29716.75;29719.25;29715.5;29718;420
20260917 202600;29718;29718.25;29715.5;29717.5;286
20260917 202700;29718;29718.75;29715;29715.75;277
20260917 202800;29716.25;29718.5;29715;29717.5;443
20260917 202900;29717;29719;29715.5;29716.5;329
20260917 203000;29716.5;29717.75;29715;29715.25;300
20260917 203100;29715;29717;29713.5;29714.75;394
20260917 203200;29714;29717.5;29714;29716.5;264
20260917 203300;29716.25;29718;29715.5;29717;236
20260917 203400;29716.75;29720.5;29716;29717.75;370
20260917 203500;29718;29720.25;29715.5;29717.5;421
20260917 203600;29717.5;29720.5;29716.25;29717;508
20260917 203700;29716.75;29721.25;29716.75;29720;446
20260917 203800;29720.25;29722.25;29719.5;29720.5;419
20260917 203900;29721;29722.75;29719;29719.5;445
20260917 204000;29719;29721.5;29718.75;29721;268
20260917 204100;29720.25;29722.75;29719.75;29720.5;399
20260917 204200;29720.25;29721.25;29719.25;29720.25;200
20260917 204300;29719.75;29720.5;29717;29717;253
20260917 204400;29716.75;29717.25;29714.5;29716;352
20260917 204500;29716;29717.5;29713.25;29715.75;893
20260917 204600;29715.25;29716.5;29714.25;29714.5;523
20260917 204700;29714.75;29717.5;29714.5;29717;218
20260917 204800;29717.25;29718.5;29716.75;29717;292
20260917 204900;29717.5;29720.5;29717.25;29719.75;331
20260917 205000;29720;29720.25;29715.5;29716.5;239
20260917 205100;29716.25;29716.75;29712.25;29713;648
20260917 205200;29713;29718.25;29712.25;29718.25;302
20260917 205300;29718.5;29720.25;29717.75;29719;315
20260917 205400;29719;29721.5;29718.75;29721.25;160
20260917 205500;29721.25;29723;29719.5;29721.25;159
20260917 205600;29720.5;29722.5;29719.75;29722.5;356
20260917 205700;29722;29723.25;29720.25;29723;133
20260917 205800;29722.5;29725.75;29722.5;29723.25;330
20260917 205900;29722.75;29725.5;29722.5;29723.25;157
20260917 210000;29722.5;29723.25;29717;29719.75;264
20260917 220100;29723.5;29729.75;29712.75;29717.25;1623
20260917 220200;29717.75;29719;29711;29717.5;763
20260917 220300;29717.25;29717.5;29705.75;29707.75;772
20260917 220400;29708.75;29709.75;29706.75;29708.75;399
20260917 220500;29708.75;29710.75;29706.5;29706.5;373
20260917 220600;29707.25;29712;29704.25;29708.5;706
20260917 220700;29710;29710.5;29705.75;29707.75;429
20260917 220800;29707;29708;29701.5;29703;553
20260917 220900;29703;29704;29695.5;29698;1082
20260917 221000;29698;29700;29696.25;29699.25;382
20260917 221100;29699.25;29702.5;29698.5;29699.25;411
20260917 221200;29699.5;29701.75;29699;29701.25;292
20260917 221300;29701.25;29705.75;29699.25;29702.25;505
20260917 221400;29702.25;29704;29700.25;29703;224
20260917 221500;29703.5;29707.5;29703.25;29704.25;326
20260917 221600;29703.75;29704.75;29700.5;29700.5;170
20260917 221700;29700.5;29702.5;29695.75;29697.5;474
20260917 221800;29697.5;29698.5;29690.75;29694.75;753
20260917 221900;29695.25;29699.5;29694.5;29699;398
20260917 222000;29699;29701;29697;29697.5;378
20260917 222100;29698.25;29701.5;29691.5;29695;748
20260917 222200;29695;29695.75;29692.5;29694.5;260
20260917 222300;29694.75;29695;29692;29692.5;224
20260917 222400;29692.75;29693.75;29688.75;29691.75;520
20260917 222500;29691.25;29693.5;29690.5;29692.75;280
20260917 222600;29694;29697.25;29690.25;29691.75;513
20260917 222700;29691.75;29694;29688;29689.5;473
20260917 222800;29689.5;29691.5;29688.5;29689.75;347
20260917 222900;29690.5;29691;29686;29686;435
20260917 223000;29686.5;29687.25;29680;29683;1045
20260917 223100;29682.5;29684.25;29676.5;29681.25;949
20260917 223200;29681.25;29684.75;29680.25;29683;593
20260917 223300;29683.25;29684.5;29679;29679.5;360
20260917 223400;29680.25;29680.25;29672.5;29675.5;820
20260917 223500;29675.75;29678.5;29675;29678.25;350
20260917 223600;29678.25;29678.5;29676.5;29676.5;223
20260917 223700;29676.75;29687.25;29676.5;29683;988
20260917 223800;29682.5;29684.75;29680.25;29683.75;473
20260917 223900;29683.75;29684.25;29680.5;29682.75;285
20260917 224000;29682.25;29686;29679.75;29681.25;608
20260917 224100;29681.75;29683.5;29677.5;29677.5;479
20260917 224200;29677.5;29682.5;29677;29681.25;313
20260917 224300;29681.25;29681.5;29673;29678.5;636
20260917 224400;29679.25;29680;29677.5;29679;290
20260917 224500;29679;29681.75;29678.5;29681.25;217
20260917 224600;29681.5;29684.25;29680.5;29684;317
20260917 224700;29684;29684;29679.25;29682.75;307
20260917 224800;29682.5;29684.5;29679.75;29680.75;302
20260917 224900;29681;29684;29681;29682.25;252
20260917 225000;29682.25;29683.5;29681.75;29683.5;126
20260917 225100;29683.25;29683.5;29679;29680;230
20260917 225200;29680.25;29680.75;29676.5;29680;346
20260917 225300;29680;29681.5;29679.5;29680.25;128
20260917 225400;29679.75;29680.25;29675.75;29678;317
20260917 225500;29678;29678.75;29676.5;29677;114
